Round4_Row_ID,Source_File,Source_Row_Number,Domain_Before,L4_ID_Before,L4_Title_ko_Before,Human_Review_Round4_Comment,휴먼검수 4차 반영결과,Review_State,Interpreted_Intent,Action,Final_Disposition,L4_ID_After,Domain_After,L2_ID_After,L3_ID_After,Reviewer_A,Reviewer_B,Adjudication,Lineage_Status
HR4-R0001,L4_General_Human_Review_Round4_KTSPACE_937139849_20260901.csv,2,General,G_INT_VIOL_001,알고리즘에 의한 급진화,ok,이견 없음: 현행 명칭·정의·배치를 유지하였다.,KEEP_CONFIRMED,Reviewer recorded no objection.,NO_CHANGE,KEEP_CONFIRMED,G_INT_VIOL_001,General,G_INT,G_INT_VIOL,REVIEWED,REVIEWED,USER_APPROVED_ROUND4,ID_RETAINED
HR4-R0002,L4_General_Human_Review_Round4_KTSPACE_937139849_20260901.csv,3,General,G_INT_VIOL_002,추천 시스템의 인간 중심 편향 증폭,ok,이견 없음: 현행 명칭·정의·배치를 유지하였다.,KEEP_CONFIRMED,Reviewer recorded no objection.,NO_CHANGE,KEEP_CONFIRMED,G_INT_VIOL_002,General,G_INT,G_INT_VIOL,REVIEWED,REVIEWED,USER_APPROVED_ROUND4,ID_RETAINED
HR4-R0003,L4_General_Human_Review_Round4_KTSPACE_937139849_20260901.csv,4,General,G_INT_VIOL_004,폭력 미화 및 정당화,ok,이견 없음: 현행 명칭·정의·배치를 유지하였다.,KEEP_CONFIRMED,Reviewer recorded no objection.,NO_CHANGE,KEEP_CONFIRMED,G_INT_VIOL_004,General,G_INT,G_INT_VIOL,REVIEWED,REVIEWED,USER_APPROVED_ROUND4,ID_RETAINED
HR4-R0004,L4_General_Human_Review_Round4_KTSPACE_937139849_20260901.csv,5,General,G_INT_VIOL_005,폭력 선동·조장 및 실행 지원,ok,이견 없음: 현행 명칭·정의·배치를 유지하였다.,KEEP_CONFIRMED,Reviewer recorded no objection.,NO_CHANGE,KEEP_CONFIRMED,G_INT_VIOL_005,General,G_INT,G_INT_VIOL,REVIEWED,REVIEWED,USER_APPROVED_ROUND4,ID_RETAINED
HR4-R0005,L4_General_Human_Review_Round4_KTSPACE_937139849_20260901.csv,6,General,G_INT_VIOL_006,대량폭력 및 테러,ok,이견 없음: 현행 명칭·정의·배치를 유지하였다.,KEEP_CONFIRMED,Reviewer recorded no objection.,NO_CHANGE,KEEP_CONFIRMED,G_INT_VIOL_006,General,G_INT,G_INT_VIOL,REVIEWED,REVIEWED,USER_APPROVED_ROUND4,ID_RETAINED
HR4-R0006,L4_General_Human_Review_Round4_KTSPACE_937139849_20260901.csv,7,General,G_INT_VIOL_007,신체적 위해를 유발하는 출력,ok,이견 없음: 현행 명칭·정의·배치를 유지하였다.,KEEP_CONFIRMED,Reviewer recorded no objection.,NO_CHANGE,KEEP_CONFIRMED,G_INT_VIOL_007,General,G_INT,G_INT_VIOL,REVIEWED,REVIEWED,USER_APPROVED_ROUND4,ID_RETAINED
HR4-R0007,L4_General_Human_Review_Round4_KTSPACE_937139849_20260901.csv,8,General,G_INT_VIOL_008,살인 및 심각한 신체 폭력,ok,이견 없음: 현행 명칭·정의·배치를 유지하였다.,KEEP_CONFIRMED,Reviewer recorded no objection.,NO_CHANGE,KEEP_CONFIRMED,G_INT_VIOL_008,General,G_INT,G_INT_VIOL,REVIEWED,REVIEWED,USER_APPROVED_ROUND4,ID_RETAINED
HR4-R0008,L4_General_Human_Review_Round4_KTSPACE_937139849_20260901.csv,9,General,G_INT_VIOL_009,관계 기반 폭력,ok,이견 없음: 현행 명칭·정의·배치를 유지하였다.,KEEP_CONFIRMED,Reviewer recorded no objection.,NO_CHANGE,KEEP_CONFIRMED,G_INT_VIOL_009,General,G_INT,G_INT_VIOL,REVIEWED,REVIEWED,USER_APPROVED_ROUND4,ID_RETAINED
HR4-R0009,L4_General_Human_Review_Round4_KTSPACE_937139849_20260901.csv,10,General,G_INT_VIOL_010,위협 및 협박,ok,이견 없음: 현행 명칭·정의·배치를 유지하였다.,KEEP_CONFIRMED,Reviewer recorded no objection.,NO_CHANGE,KEEP_CONFIRMED,G_INT_VIOL_010,General,G_INT,G_INT_VIOL,REVIEWED,REVIEWED,USER_APPROVED_ROUND4,ID_RETAINED
HR4-R0010,L4_General_Human_Review_Round4_KTSPACE_937139849_20260901.csv,11,General,G_INT_VIOL_011,고문 및 잔혹행위,ok,이견 없음: 현행 명칭·정의·배치를 유지하였다.,KEEP_CONFIRMED,Reviewer recorded no objection.,NO_CHANGE,KEEP_CONFIRMED,G_INT_VIOL_011,General,G_INT,G_INT_VIOL,REVIEWED,REVIEWED,USER_APPROVED_ROUND4,ID_RETAINED
HR4-R0011,L4_General_Human_Review_Round4_KTSPACE_937139849_20260901.csv,12,General,G_INT_VIOL_012,동물에 대한 의도적 위해 조장·지원,ok,이견 없음: 현행 명칭·정의·배치를 유지하였다.,KEEP_CONFIRMED,Reviewer recorded no objection.,NO_CHANGE,KEEP_CONFIRMED,G_INT_VIOL_012,General,G_INT,G_INT_VIOL,REVIEWED,REVIEWED,USER_APPROVED_ROUND4,ID_RETAINED
HR4-R0012,L4_General_Human_Review_Round4_KTSPACE_937139849_20260901.csv,13,General,G_INT_SEX_002,허용되지 않는 맥락의 노골적 성적 콘텐츠 생성,ok,이견 없음: 현행 명칭·정의·배치를 유지하였다.,KEEP_CONFIRMED,Reviewer recorded no objection.,NO_CHANGE,KEEP_CONFIRMED,G_INT_SEX_002,General,G_INT,G_INT_SEX,REVIEWED,REVIEWED,USER_APPROVED_ROUND4,ID_RETAINED
HR4-R0013,L4_General_Human_Review_Round4_KTSPACE_937139849_20260901.csv,14,General,G_INT_SEX_003,비동의 성행위 및 성폭력,ok,이견 없음: 현행 명칭·정의·배치를 유지하였다.,KEEP_CONFIRMED,Reviewer recorded no objection.,NO_CHANGE,KEEP_CONFIRMED,G_INT_SEX_003,General,G_INT,G_INT_SEX,REVIEWED,REVIEWED,USER_APPROVED_ROUND4,ID_RETAINED
HR4-R0014,L4_General_Human_Review_Round4_KTSPACE_937139849_20260901.csv,15,General,G_INT_SEX_004,비동의 성적 대상화 및 친밀 이미지 생성,ok,이견 없음: 현행 명칭·정의·배치를 유지하였다.,KEEP_CONFIRMED,Reviewer recorded no objection.,NO_CHANGE,KEEP_CONFIRMED,G_INT_SEX_004,General,G_INT,G_INT_SEX,REVIEWED,REVIEWED,USER_APPROVED_ROUND4,ID_RETAINED
HR4-R0015,L4_General_Human_Review_Round4_KTSPACE_937139849_20260901.csv,16,General,G_INT_SEX_005,학대적 판타지 대상화,ok,이견 없음: 현행 명칭·정의·배치를 유지하였다.,KEEP_CONFIRMED,Reviewer recorded no objection.,NO_CHANGE,KEEP_CONFIRMED,G_INT_SEX_005,General,G_INT,G_INT_SEX,REVIEWED,REVIEWED,USER_APPROVED_ROUND4,ID_RETAINED
HR4-R0016,L4_General_Human_Review_Round4_KTSPACE_937139849_20260901.csv,17,General,G_INT_SEX_007,성착취 및 상업적 성행위,ok,이견 없음: 현행 명칭·정의·배치를 유지하였다.,KEEP_CONFIRMED,Reviewer recorded no objection.,NO_CHANGE,KEEP_CONFIRMED,G_INT_SEX_007,General,G_INT,G_INT_SEX,REVIEWED,REVIEWED,USER_APPROVED_ROUND4,ID_RETAINED
HR4-R0017,L4_General_Human_Review_Round4_KTSPACE_937139849_20260901.csv,18,General,G_INT_SEX_008,성희롱 및 성적 괴롭힘,ok,이견 없음: 현행 명칭·정의·배치를 유지하였다.,KEEP_CONFIRMED,Reviewer recorded no objection.,NO_CHANGE,KEEP_CONFIRMED,G_INT_SEX_008,General,G_INT,G_INT_SEX,REVIEWED,REVIEWED,USER_APPROVED_ROUND4,ID_RETAINED
HR4-R0018,L4_General_Human_Review_Round4_KTSPACE_937139849_20260901.csv,19,General,G_INT_SEX_009,AI를 이용한 미성년자 성적 위해·착취,ok,이견 없음: 현행 명칭·정의·배치를 유지하였다.,KEEP_CONFIRMED,Reviewer recorded no objection.,NO_CHANGE,KEEP_CONFIRMED,G_INT_SEX_009,General,G_INT,G_INT_SEX,REVIEWED,REVIEWED,USER_APPROVED_ROUND4,ID_RETAINED
HR4-R0019,L4_General_Human_Review_Round4_KTSPACE_937139849_20260901.csv,20,General,G_INT_SEX_010,체계적 편향에 의한 성적 위해와 착취,ok,이견 없음: 현행 명칭·정의·배치를 유지하였다.,KEEP_CONFIRMED,Reviewer recorded no objection.,NO_CHANGE,KEEP_CONFIRMED,G_INT_SEX_010,General,G_INT,G_INT_SEX,REVIEWED,REVIEWED,USER_APPROVED_ROUND4,ID_RETAINED
HR4-R0020,L4_General_Human_Review_Round4_KTSPACE_937139849_20260901.csv,21,General,G_INT_SEX_011,성적 대상화 및 페티시화,ok,이견 없음: 현행 명칭·정의·배치를 유지하였다.,KEEP_CONFIRMED,Reviewer recorded no objection.,NO_CHANGE,KEEP_CONFIRMED,G_INT_SEX_011,General,G_INT,G_INT_SEX,REVIEWED,REVIEWED,USER_APPROVED_ROUND4,ID_RETAINED
HR4-R0021,L4_General_Human_Review_Round4_KTSPACE_937139849_20260901.csv,22,General,G_INT_SELF_001,자해 은폐 및 회피 전략,ok,이견 없음: 현행 명칭·정의·배치를 유지하였다.,KEEP_CONFIRMED,Reviewer recorded no objection.,NO_CHANGE,KEEP_CONFIRMED,G_INT_SELF_001,General,G_INT,G_INT_SELF,REVIEWED,REVIEWED,USER_APPROVED_ROUND4,ID_RETAINED
HR4-R0022,L4_General_Human_Review_Round4_KTSPACE_937139849_20260901.csv,23,General,G_INT_SELF_002,자살 실행에 대한 구체적 지원,ok,이견 없음: 현행 명칭·정의·배치를 유지하였다.,KEEP_CONFIRMED,Reviewer recorded no objection.,NO_CHANGE,KEEP_CONFIRMED,G_INT_SELF_002,General,G_INT,G_INT_SELF,REVIEWED,REVIEWED,USER_APPROVED_ROUND4,ID_RETAINED
HR4-R0023,L4_General_Human_Review_Round4_KTSPACE_937139849_20260901.csv,24,General,G_INT_SELF_003,섭식장애 및 자기파괴적 건강행위,ok,이견 없음: 현행 명칭·정의·배치를 유지하였다.,KEEP_CONFIRMED,Reviewer recorded no objection.,NO_CHANGE,KEEP_CONFIRMED,G_INT_SELF_003,General,G_INT,G_INT_SELF,REVIEWED,REVIEWED,USER_APPROVED_ROUND4,ID_RETAINED
HR4-R0024,L4_General_Human_Review_Round4_KTSPACE_937139849_20260901.csv,25,General,G_INT_SELF_004,자해·자살의 미화·조장·정상화,ok,이견 없음: 현행 명칭·정의·배치를 유지하였다.,KEEP_CONFIRMED,Reviewer recorded no objection.,NO_CHANGE,KEEP_CONFIRMED,G_INT_SELF_004,General,G_INT,G_INT_SELF,REVIEWED,REVIEWED,USER_APPROVED_ROUND4,ID_RETAINED
HR4-R0025,L4_General_Human_Review_Round4_KTSPACE_937139849_20260901.csv,26,General,G_INT_SELF_005,비자살적 자해(NSSI),ok,이견 없음: 현행 명칭·정의·배치를 유지하였다.,KEEP_CONFIRMED,Reviewer recorded no objection.,NO_CHANGE,KEEP_CONFIRMED,G_INT_SELF_005,General,G_INT,G_INT_SELF,REVIEWED,REVIEWED,USER_APPROVED_ROUND4,ID_RETAINED
HR4-R0026,L4_General_Human_Review_Round4_KTSPACE_937139849_20260901.csv,27,General,G_INT_SELF_007,자살 준비 행위의 조장 및 구체적 지원,ok,이견 없음: 현행 명칭·정의·배치를 유지하였다.,KEEP_CONFIRMED,Reviewer recorded no objection.,NO_CHANGE,KEEP_CONFIRMED,G_INT_SELF_007,General,G_INT,G_INT_SELF,REVIEWED,REVIEWED,USER_APPROVED_ROUND4,ID_RETAINED
HR4-R0027,L4_General_Human_Review_Round4_KTSPACE_937139849_20260901.csv,28,General,G_INT_SELF_008,자해·자살 위기 신호에 대한 대응·개입 실패,ok,이견 없음: 현행 명칭·정의·배치를 유지하였다.,KEEP_CONFIRMED,Reviewer recorded no objection.,NO_CHANGE,KEEP_CONFIRMED,G_INT_SELF_008,General,G_INT,G_INT_SELF,REVIEWED,REVIEWED,USER_APPROVED_ROUND4,ID_RETAINED
HR4-R0028,L4_General_Human_Review_Round4_KTSPACE_937139849_20260901.csv,29,General,G_INT_ALLOC_001,보호집단에 대한 불리한 자원 배분,ok,이견 없음: 현행 명칭·정의·배치를 유지하였다.,KEEP_CONFIRMED,Reviewer recorded no objection.,NO_CHANGE,KEEP_CONFIRMED,G_INT_ALLOC_001,General,G_INT,G_INT_ALLOC,REVIEWED,REVIEWED,USER_APPROVED_ROUND4,ID_RETAINED
HR4-R0029,L4_General_Human_Review_Round4_KTSPACE_937139849_20260901.csv,30,General,G_INT_ALLOC_002,집단 속성에 따른 배분적 불의,ok,이견 없음: 현행 명칭·정의·배치를 유지하였다.,KEEP_CONFIRMED,Reviewer recorded no objection.,NO_CHANGE,KEEP_CONFIRMED,G_INT_ALLOC_002,General,G_INT,G_INT_ALLOC,REVIEWED,REVIEWED,USER_APPROVED_ROUND4,ID_RETAINED
HR4-R0030,L4_General_Human_Review_Round4_KTSPACE_937139849_20260901.csv,31,General,G_INT_ALLOC_003,인구집단별 로봇 서비스·안전 격차,ok,이견 없음: 현행 명칭·정의·배치를 유지하였다.,KEEP_CONFIRMED,Reviewer recorded no objection.,NO_CHANGE,KEEP_CONFIRMED,G_INT_ALLOC_003,General,G_INT,G_INT_ALLOC,REVIEWED,REVIEWED,USER_APPROVED_ROUND4,ID_RETAINED
HR4-R0031,L4_General_Human_Review_Round4_KTSPACE_937139849_20260901.csv,32,General,G_INT_ALLOC_004,복지 혜택 및 자격 상실,ok,이견 없음: 현행 명칭·정의·배치를 유지하였다.,KEEP_CONFIRMED,Reviewer recorded no objection.,NO_CHANGE,KEEP_CONFIRMED,G_INT_ALLOC_004,General,G_INT,G_INT_ALLOC,REVIEWED,REVIEWED,USER_APPROVED_ROUND4,ID_RETAINED
HR4-R0032,L4_General_Human_Review_Round4_KTSPACE_937139849_20260901.csv,33,General,G_INT_ALLOC_005,방언·언어 사용역 배제,ok,이견 없음: 현행 명칭·정의·배치를 유지하였다.,KEEP_CONFIRMED,Reviewer recorded no objection.,NO_CHANGE,KEEP_CONFIRMED,G_INT_ALLOC_005,General,G_INT,G_INT_ALLOC,REVIEWED,REVIEWED,USER_APPROVED_ROUND4,ID_RETAINED
HR4-R0033,L4_General_Human_Review_Round4_KTSPACE_937139849_20260901.csv,34,General,G_INT_ALLOC_006,AI 인터페이스의 장애 수용 실패,ok,이견 없음: 현행 명칭·정의·배치를 유지하였다.,KEEP_CONFIRMED,Reviewer recorded no objection.,NO_CHANGE,KEEP_CONFIRMED,G_INT_ALLOC_006,General,G_INT,G_INT_ALLOC,REVIEWED,REVIEWED,USER_APPROVED_ROUND4,ID_RETAINED
HR4-R0034,L4_General_Human_Review_Round4_KTSPACE_937139849_20260901.csv,35,General,G_INT_ALLOC_007,집단별 성능 격차에 따른 차별적 결과,ok,이견 없음: 현행 명칭·정의·배치를 유지하였다.,KEEP_CONFIRMED,Reviewer recorded no objection.,NO_CHANGE,KEEP_CONFIRMED,G_INT_ALLOC_007,General,G_INT,G_INT_ALLOC,REVIEWED,REVIEWED,USER_APPROVED_ROUND4,ID_RETAINED
HR4-R0035,L4_General_Human_Review_Round4_KTSPACE_937139849_20260901.csv,36,General,G_INT_ALLOC_009,수익화 배제·차등가격에 따른 경제적 차별,ok,이견 없음: 현행 명칭·정의·배치를 유지하였다.,KEEP_CONFIRMED,Reviewer recorded no objection.,NO_CHANGE,KEEP_CONFIRMED,G_INT_ALLOC_009,General,G_INT,G_INT_ALLOC,REVIEWED,REVIEWED,USER_APPROVED_ROUND4,ID_RETAINED
HR4-R0036,L4_General_Human_Review_Round4_KTSPACE_937139849_20260901.csv,37,General,G_INT_ALLOC_010,저자원 언어 사용자의 서비스·기회 접근 배제,ok,이견 없음: 현행 명칭·정의·배치를 유지하였다.,KEEP_CONFIRMED,Reviewer recorded no objection.,NO_CHANGE,KEEP_CONFIRMED,G_INT_ALLOC_010,General,G_INT,G_INT_ALLOC,REVIEWED,REVIEWED,USER_APPROVED_ROUND4,ID_RETAINED
HR4-R0037,L4_General_Human_Review_Round4_KTSPACE_937139849_20260901.csv,38,General,G_INT_ALLOC_012,콘텐츠 조정에 의한 집단별 접근 제한,ok,이견 없음: 현행 명칭·정의·배치를 유지하였다.,KEEP_CONFIRMED,Reviewer recorded no objection.,NO_CHANGE,KEEP_CONFIRMED,G_INT_ALLOC_012,General,G_INT,G_INT_ALLOC,REVIEWED,REVIEWED,USER_APPROVED_ROUND4,ID_RETAINED
HR4-R0038,L4_General_Human_Review_Round4_KTSPACE_937139849_20260901.csv,39,General,G_INT_ALLOC_013,가중되는 노동 부담,ok,이견 없음: 현행 명칭·정의·배치를 유지하였다.,KEEP_CONFIRMED,Reviewer recorded no objection.,NO_CHANGE,KEEP_CONFIRMED,G_INT_ALLOC_013,General,G_INT,G_INT_ALLOC,REVIEWED,REVIEWED,USER_APPROVED_ROUND4,ID_RETAINED
HR4-R0039,L4_General_Human_Review_Round4_KTSPACE_937139849_20260901.csv,40,General,G_INT_ALLOC_015,서비스 배제,ok,이견 없음: 현행 명칭·정의·배치를 유지하였다.,KEEP_CONFIRMED,Reviewer recorded no objection.,NO_CHANGE,KEEP_CONFIRMED,G_INT_ALLOC_015,General,G_INT,G_INT_ALLOC,REVIEWED,REVIEWED,USER_APPROVED_ROUND4,ID_RETAINED
HR4-R0040,L4_General_Human_Review_Round4_KTSPACE_937139849_20260901.csv,41,General,G_INT_REPR_001,편향된 진술 및 권장 사항,ok,이견 없음: 현행 명칭·정의·배치를 유지하였다.,KEEP_CONFIRMED,Reviewer recorded no objection.,NO_CHANGE,KEEP_CONFIRMED,G_INT_REPR_001,General,G_INT,G_INT_REPR,REVIEWED,REVIEWED,USER_APPROVED_ROUND4,ID_RETAINED
HR4-R0041,L4_General_Human_Review_Round4_KTSPACE_937139849_20260901.csv,42,General,G_INT_REPR_002,연구인력 동질성에 따른 시스템 편향 산출,ok,이견 없음: 현행 명칭·정의·배치를 유지하였다.,KEEP_CONFIRMED,Reviewer recorded no objection.,NO_CHANGE,KEEP_CONFIRMED,G_INT_REPR_002,General,G_INT,G_INT_REPR,REVIEWED,REVIEWED,USER_APPROVED_ROUND4,ID_RETAINED
HR4-R0042,L4_General_Human_Review_Round4_KTSPACE_937139849_20260901.csv,43,General,G_INT_REPR_003,문화 간 고정관념 전이,ok,이견 없음: 현행 명칭·정의·배치를 유지하였다.,KEEP_CONFIRMED,Reviewer recorded no objection.,NO_CHANGE,KEEP_CONFIRMED,G_INT_REPR_003,General,G_INT,G_INT_REPR,REVIEWED,REVIEWED,USER_APPROVED_ROUND4,ID_RETAINED
HR4-R0043,L4_General_Human_Review_Round4_KTSPACE_937139849_20260901.csv,44,General,G_INT_REPR_004,비인간화와 대상화,ok,이견 없음: 현행 명칭·정의·배치를 유지하였다.,KEEP_CONFIRMED,Reviewer recorded no objection.,NO_CHANGE,KEEP_CONFIRMED,G_INT_REPR_004,General,G_INT,G_INT_REPR,REVIEWED,REVIEWED,USER_APPROVED_ROUND4,ID_RETAINED
HR4-R0044,L4_General_Human_Review_Round4_KTSPACE_937139849_20260901.csv,45,General,G_INT_REPR_006,자기 식별 기회의 박탈,ok,이견 없음: 현행 명칭·정의·배치를 유지하였다.,KEEP_CONFIRMED,Reviewer recorded no objection.,NO_CHANGE,KEEP_CONFIRMED,G_INT_REPR_006,General,G_INT,G_INT_REPR,REVIEWED,REVIEWED,USER_APPROVED_ROUND4,ID_RETAINED
HR4-R0045,L4_General_Human_Review_Round4_KTSPACE_937139849_20260901.csv,46,General,G_INT_REPR_007,콘텐츠 조정에 의한 집단 표상 왜곡,ok,이견 없음: 현행 명칭·정의·배치를 유지하였다.,KEEP_CONFIRMED,Reviewer recorded no objection.,NO_CHANGE,KEEP_CONFIRMED,G_INT_REPR_007,General,G_INT,G_INT_REPR,REVIEWED,REVIEWED,USER_APPROVED_ROUND4,ID_RETAINED
HR4-R0046,L4_General_Human_Review_Round4_KTSPACE_937139849_20260901.csv,47,General,G_INT_REPR_009,혐오발언 생성,ok,이견 없음: 현행 명칭·정의·배치를 유지하였다.,KEEP_CONFIRMED,Reviewer recorded no objection.,NO_CHANGE,KEEP_CONFIRMED,G_INT_REPR_009,General,G_INT,G_INT_REPR,REVIEWED,REVIEWED,USER_APPROVED_ROUND4,ID_RETAINED
HR4-R0047,L4_General_Human_Review_Round4_KTSPACE_937139849_20260901.csv,48,General,G_INT_REPR_010,학습 데이터에 내재된 역사적·인구학적 편향,[분할] 재현적 피해와 배분적 차별 내용 분할 필요,"분할 반영: 재현적 피해는 본 카드에 유지하고, 배분적 차별 의미는 기존 G_INT_ALLOC_007에 흡수하였다.",COMMENT_PRESENT,The reviewer required separation of representational harm from allocative discrimination. Material allocation outcomes are traced to G_INT_ALLOC_007.,SPLIT_RETAIN_REPRESENTATIONAL_COMPONENT,APPLIED,G_INT_REPR_010|G_INT_ALLOC_007,General,G_INT,G_INT_REPR|G_INT_ALLOC,REVIEWED,REVIEWED,USER_APPROVED_ROUND4,ONE_TO_MANY
HR4-R0048,L4_General_Human_Review_Round4_KTSPACE_937139849_20260901.csv,49,General,G_INT_REPR_011,연령 기반 적대·차별적 표상,ok,이견 없음: 현행 명칭·정의·배치를 유지하였다.,KEEP_CONFIRMED,Reviewer recorded no objection.,NO_CHANGE,KEEP_CONFIRMED,G_INT_REPR_011,General,G_INT,G_INT_REPR,REVIEWED,REVIEWED,USER_APPROVED_ROUND4,ID_RETAINED
HR4-R0049,L4_General_Human_Review_Round4_KTSPACE_937139849_20260901.csv,50,General,G_INT_REPR_012,장애 기반 적대·차별적 표상,ok,이견 없음: 현행 명칭·정의·배치를 유지하였다.,KEEP_CONFIRMED,Reviewer recorded no objection.,NO_CHANGE,KEEP_CONFIRMED,G_INT_REPR_012,General,G_INT,G_INT_REPR,REVIEWED,REVIEWED,USER_APPROVED_ROUND4,ID_RETAINED
HR4-R0050,L4_General_Human_Review_Round4_KTSPACE_937139849_20260901.csv,51,General,G_INT_REPR_013,학력 기반 적대·차별적 표상,ok,이견 없음: 현행 명칭·정의·배치를 유지하였다.,KEEP_CONFIRMED,Reviewer recorded no objection.,NO_CHANGE,KEEP_CONFIRMED,G_INT_REPR_013,General,G_INT,G_INT_REPR,REVIEWED,REVIEWED,USER_APPROVED_ROUND4,ID_RETAINED
HR4-R0051,L4_General_Human_Review_Round4_KTSPACE_937139849_20260901.csv,52,General,G_INT_REPR_014,가족 상태·가구 형태 기반 적대·차별적 표상,ok,이견 없음: 현행 명칭·정의·배치를 유지하였다.,KEEP_CONFIRMED,Reviewer recorded no objection.,NO_CHANGE,KEEP_CONFIRMED,G_INT_REPR_014,General,G_INT,G_INT_REPR,REVIEWED,REVIEWED,USER_APPROVED_ROUND4,ID_RETAINED
HR4-R0052,L4_General_Human_Review_Round4_KTSPACE_937139849_20260901.csv,53,General,G_INT_REPR_015,건강 상태 기반 적대·차별적 표상,ok,이견 없음: 현행 명칭·정의·배치를 유지하였다.,KEEP_CONFIRMED,Reviewer recorded no objection.,NO_CHANGE,KEEP_CONFIRMED,G_INT_REPR_015,General,G_INT,G_INT_REPR,REVIEWED,REVIEWED,USER_APPROVED_ROUND4,ID_RETAINED
HR4-R0053,L4_General_Human_Review_Round4_KTSPACE_937139849_20260901.csv,54,General,G_INT_REPR_016,국적·출신국·출신지역 기반 적대·차별적 표상,ok,이견 없음: 현행 명칭·정의·배치를 유지하였다.,KEEP_CONFIRMED,Reviewer recorded no objection.,NO_CHANGE,KEEP_CONFIRMED,G_INT_REPR_016,General,G_INT,G_INT_REPR,REVIEWED,REVIEWED,USER_APPROVED_ROUND4,ID_RETAINED
HR4-R0054,L4_General_Human_Review_Round4_KTSPACE_937139849_20260901.csv,55,General,G_INT_REPR_017,직업 기반 적대·차별적 표상,ok,이견 없음: 현행 명칭·정의·배치를 유지하였다.,KEEP_CONFIRMED,Reviewer recorded no objection.,NO_CHANGE,KEEP_CONFIRMED,G_INT_REPR_017,General,G_INT,G_INT_REPR,REVIEWED,REVIEWED,USER_APPROVED_ROUND4,ID_RETAINED
HR4-R0055,L4_General_Human_Review_Round4_KTSPACE_937139849_20260901.csv,56,General,G_INT_REPR_018,정치적 성향 기반 적대·차별적 표상,ok,이견 없음: 현행 명칭·정의·배치를 유지하였다.,KEEP_CONFIRMED,Reviewer recorded no objection.,NO_CHANGE,KEEP_CONFIRMED,G_INT_REPR_018,General,G_INT,G_INT_REPR,REVIEWED,REVIEWED,USER_APPROVED_ROUND4,ID_RETAINED
HR4-R0056,L4_General_Human_Review_Round4_KTSPACE_937139849_20260901.csv,57,General,G_INT_REPR_019,인종·민족 기반 적대·차별적 표상,ok,이견 없음: 현행 명칭·정의·배치를 유지하였다.,KEEP_CONFIRMED,Reviewer recorded no objection.,NO_CHANGE,KEEP_CONFIRMED,G_INT_REPR_019,General,G_INT,G_INT_REPR,REVIEWED,REVIEWED,USER_APPROVED_ROUND4,ID_RETAINED
HR4-R0057,L4_General_Human_Review_Round4_KTSPACE_937139849_20260901.csv,58,General,G_INT_REPR_020,종교 기반 적대·차별적 표상,ok,이견 없음: 현행 명칭·정의·배치를 유지하였다.,KEEP_CONFIRMED,Reviewer recorded no objection.,NO_CHANGE,KEEP_CONFIRMED,G_INT_REPR_020,General,G_INT,G_INT_REPR,REVIEWED,REVIEWED,USER_APPROVED_ROUND4,ID_RETAINED
HR4-R0058,L4_General_Human_Review_Round4_KTSPACE_937139849_20260901.csv,59,General,G_INT_REPR_021,성별·성정체성·성적 지향 기반 적대·차별적 표상,ok,이견 없음: 현행 명칭·정의·배치를 유지하였다.,KEEP_CONFIRMED,Reviewer recorded no objection.,NO_CHANGE,KEEP_CONFIRMED,G_INT_REPR_021,General,G_INT,G_INT_REPR,REVIEWED,REVIEWED,USER_APPROVED_ROUND4,ID_RETAINED
HR4-R0059,L4_General_Human_Review_Round4_KTSPACE_937139849_20260901.csv,60,General,G_INT_REPR_022,사회경제적 지위 기반 적대·차별적 표상,ok,이견 없음: 현행 명칭·정의·배치를 유지하였다.,KEEP_CONFIRMED,Reviewer recorded no objection.,NO_CHANGE,KEEP_CONFIRMED,G_INT_REPR_022,General,G_INT,G_INT_REPR,REVIEWED,REVIEWED,USER_APPROVED_ROUND4,ID_RETAINED
HR4-R0060,L4_General_Human_Review_Round4_KTSPACE_937139849_20260901.csv,61,General,G_INT_REPR_023,데이터와 산출물에서의 집단 재현 불균형,ok,이견 없음: 현행 명칭·정의·배치를 유지하였다.,KEEP_CONFIRMED,Reviewer recorded no objection.,NO_CHANGE,KEEP_CONFIRMED,G_INT_REPR_023,General,G_INT,G_INT_REPR,REVIEWED,REVIEWED,USER_APPROVED_ROUND4,ID_RETAINED
HR4-R0061,L4_General_Human_Review_Round4_KTSPACE_937139849_20260901.csv,62,General,G_INT_REPR_024,AI 모델 편향이 사용자 판단에 미치는 장기적 영향,ok,이견 없음: 현행 명칭·정의·배치를 유지하였다.,KEEP_CONFIRMED,Reviewer recorded no objection.,NO_CHANGE,KEEP_CONFIRMED,G_INT_REPR_024,General,G_INT,G_INT_REPR,REVIEWED,REVIEWED,USER_APPROVED_ROUND4,ID_RETAINED
HR4-R0062,L4_General_Human_Review_Round4_KTSPACE_937139849_20260901.csv,63,General,G_INT_REPR_025,문화·종교·사회 집단에 대한 왜곡 표상,ok,이견 없음: 현행 명칭·정의·배치를 유지하였다.,KEEP_CONFIRMED,Reviewer recorded no objection.,NO_CHANGE,KEEP_CONFIRMED,G_INT_REPR_025,General,G_INT,G_INT_REPR,REVIEWED,REVIEWED,USER_APPROVED_ROUND4,ID_RETAINED
HR4-R0063,L4_General_Human_Review_Round4_KTSPACE_937139849_20260901.csv,64,General,G_INT_REPR_026,완화 조치 이후에도 존속하는 고정관념 편향,ok,이견 없음: 현행 명칭·정의·배치를 유지하였다.,KEEP_CONFIRMED,Reviewer recorded no objection.,NO_CHANGE,KEEP_CONFIRMED,G_INT_REPR_026,General,G_INT,G_INT_REPR,REVIEWED,REVIEWED,USER_APPROVED_ROUND4,ID_RETAINED
HR4-R0064,L4_General_Human_Review_Round4_KTSPACE_937139849_20260901.csv,65,General,G_INT_REPR_027,편향된 표상의 반복 증폭,ok,이견 없음: 현행 명칭·정의·배치를 유지하였다.,KEEP_CONFIRMED,Reviewer recorded no objection.,NO_CHANGE,KEEP_CONFIRMED,G_INT_REPR_027,General,G_INT,G_INT_REPR,REVIEWED,REVIEWED,USER_APPROVED_ROUND4,ID_RETAINED
HR4-R0065,L4_General_Human_Review_Round4_KTSPACE_937139849_20260901.csv,66,General,G_INT_REPR_028,집단 고정관념의 재현과 강화,ok,이견 없음: 현행 명칭·정의·배치를 유지하였다.,KEEP_CONFIRMED,Reviewer recorded no objection.,NO_CHANGE,KEEP_CONFIRMED,G_INT_REPR_028,General,G_INT,G_INT_REPR,REVIEWED,REVIEWED,USER_APPROVED_ROUND4,ID_RETAINED
HR4-R0066,L4_General_Human_Review_Round4_KTSPACE_937139849_20260901.csv,67,General,G_INT_REPR_029,사회집단의 재현적 피해·고정관념 및 비가시화,ok,이견 없음: 현행 명칭·정의·배치를 유지하였다.,KEEP_CONFIRMED,Reviewer recorded no objection.,NO_CHANGE,KEEP_CONFIRMED,G_INT_REPR_029,General,G_INT,G_INT_REPR,REVIEWED,REVIEWED,USER_APPROVED_ROUND4,ID_RETAINED
HR4-R0067,L4_General_Human_Review_Round4_KTSPACE_937139849_20260901.csv,68,General,G_INT_REPR_032,고정관념 강화 페르소나 설계,ok,이견 없음: 현행 명칭·정의·배치를 유지하였다.,KEEP_CONFIRMED,Reviewer recorded no objection.,NO_CHANGE,KEEP_CONFIRMED,G_INT_REPR_032,General,G_INT,G_INT_REPR,REVIEWED,REVIEWED,USER_APPROVED_ROUND4,ID_RETAINED
HR4-R0068,L4_General_Human_Review_Round4_KTSPACE_937139849_20260901.csv,69,General,G_INT_REPR_033,합성 데이터의 문화 고정관념 증폭,ok,이견 없음: 현행 명칭·정의·배치를 유지하였다.,KEEP_CONFIRMED,Reviewer recorded no objection.,NO_CHANGE,KEEP_CONFIRMED,G_INT_REPR_033,General,G_INT,G_INT_REPR,REVIEWED,REVIEWED,USER_APPROVED_ROUND4,ID_RETAINED
HR4-R0069,L4_General_Human_Review_Round4_KTSPACE_937139849_20260901.csv,70,General,G_INT_VALUE_002,주석 불일치 억제,ok,이견 없음: 현행 명칭·정의·배치를 유지하였다.,KEEP_CONFIRMED,Reviewer recorded no objection.,NO_CHANGE,KEEP_CONFIRMED,G_INT_VALUE_002,General,G_INT,G_INT_VALUE,REVIEWED,REVIEWED,USER_APPROVED_ROUND4,ID_RETAINED
HR4-R0070,L4_General_Human_Review_Round4_KTSPACE_937139849_20260901.csv,71,General,G_INT_VALUE_004,개발자 선택 가치의 편향적 부과,ok,이견 없음: 현행 명칭·정의·배치를 유지하였다.,KEEP_CONFIRMED,Reviewer recorded no objection.,NO_CHANGE,KEEP_CONFIRMED,G_INT_VALUE_004,General,G_INT,G_INT_VALUE,REVIEWED,REVIEWED,USER_APPROVED_ROUND4,ID_RETAINED
HR4-R0071,L4_General_Human_Review_Round4_KTSPACE_937139849_20260901.csv,72,General,G_INT_VALUE_006,AI에 의한 문화적·이념적 동질화,ok,이견 없음: 현행 명칭·정의·배치를 유지하였다.,KEEP_CONFIRMED,Reviewer recorded no objection.,NO_CHANGE,KEEP_CONFIRMED,G_INT_VALUE_006,General,G_INT,G_INT_VALUE,REVIEWED,REVIEWED,USER_APPROVED_ROUND4,ID_RETAINED
HR4-R0072,L4_General_Human_Review_Round4_KTSPACE_937139849_20260901.csv,73,General,G_INT_VALUE_007,데이터셋의 문화적 표집 편향,ok,이견 없음: 현행 명칭·정의·배치를 유지하였다.,KEEP_CONFIRMED,Reviewer recorded no objection.,NO_CHANGE,KEEP_CONFIRMED,G_INT_VALUE_007,General,G_INT,G_INT_VALUE,REVIEWED,REVIEWED,USER_APPROVED_ROUND4,ID_RETAINED
HR4-R0073,L4_General_Human_Review_Round4_KTSPACE_937139849_20260901.csv,74,General,G_INT_VALUE_010,주석자 편향의 중립적 인간 선호로의 고착,ok,이견 없음: 현행 명칭·정의·배치를 유지하였다.,KEEP_CONFIRMED,Reviewer recorded no objection.,NO_CHANGE,KEEP_CONFIRMED,G_INT_VALUE_010,General,G_INT,G_INT_VALUE,REVIEWED,REVIEWED,USER_APPROVED_ROUND4,ID_RETAINED
HR4-R0074,L4_General_Human_Review_Round4_KTSPACE_937139849_20260901.csv,75,General,G_INT_VALUE_012,배제적 규범 인코딩,ok,이견 없음: 현행 명칭·정의·배치를 유지하였다.,KEEP_CONFIRMED,Reviewer recorded no objection.,NO_CHANGE,KEEP_CONFIRMED,G_INT_VALUE_012,General,G_INT,G_INT_VALUE,REVIEWED,REVIEWED,USER_APPROVED_ROUND4,ID_RETAINED
HR4-R0075,L4_General_Human_Review_Round4_KTSPACE_937139849_20260901.csv,76,General,G_INT_VALUE_013,글로벌 벤치마크 단일문화,ok,이견 없음: 현행 명칭·정의·배치를 유지하였다.,KEEP_CONFIRMED,Reviewer recorded no objection.,NO_CHANGE,KEEP_CONFIRMED,G_INT_VALUE_013,General,G_INT,G_INT_VALUE,REVIEWED,REVIEWED,USER_APPROVED_ROUND4,ID_RETAINED
HR4-R0076,L4_General_Human_Review_Round4_KTSPACE_937139849_20260901.csv,77,General,G_INT_VALUE_014,지배적 가치의 부과,ok,이견 없음: 현행 명칭·정의·배치를 유지하였다.,KEEP_CONFIRMED,Reviewer recorded no objection.,NO_CHANGE,KEEP_CONFIRMED,G_INT_VALUE_014,General,G_INT,G_INT_VALUE,REVIEWED,REVIEWED,USER_APPROVED_ROUND4,ID_RETAINED
HR4-R0077,L4_General_Human_Review_Round4_KTSPACE_937139849_20260901.csv,78,General,G_INT_VALUE_015,지식 체계 배제,ok,이견 없음: 현행 명칭·정의·배치를 유지하였다.,KEEP_CONFIRMED,Reviewer recorded no objection.,NO_CHANGE,KEEP_CONFIRMED,G_INT_VALUE_015,General,G_INT,G_INT_VALUE,REVIEWED,REVIEWED,USER_APPROVED_ROUND4,ID_RETAINED
HR4-R0078,L4_General_Human_Review_Round4_KTSPACE_937139849_20260901.csv,79,General,G_INT_VALUE_016,기계 번역에 의한 의미·가치 왜곡,ok,이견 없음: 현행 명칭·정의·배치를 유지하였다.,KEEP_CONFIRMED,Reviewer recorded no objection.,NO_CHANGE,KEEP_CONFIRMED,G_INT_VALUE_016,General,G_INT,G_INT_VALUE,REVIEWED,REVIEWED,USER_APPROVED_ROUND4,ID_RETAINED
HR4-R0079,L4_General_Human_Review_Round4_KTSPACE_937139849_20260901.csv,80,General,G_INT_VALUE_018,규범적 잠금,ok,이견 없음: 현행 명칭·정의·배치를 유지하였다.,KEEP_CONFIRMED,Reviewer recorded no objection.,NO_CHANGE,KEEP_CONFIRMED,G_INT_VALUE_018,General,G_INT,G_INT_VALUE,REVIEWED,REVIEWED,USER_APPROVED_ROUND4,ID_RETAINED
HR4-R0080,L4_General_Human_Review_Round4_KTSPACE_937139849_20260901.csv,81,General,G_INT_VALUE_019,다원적 선호 집계 실패,ok,이견 없음: 현행 명칭·정의·배치를 유지하였다.,KEEP_CONFIRMED,Reviewer recorded no objection.,NO_CHANGE,KEEP_CONFIRMED,G_INT_VALUE_019,General,G_INT,G_INT_VALUE,REVIEWED,REVIEWED,USER_APPROVED_ROUND4,ID_RETAINED
HR4-R0081,L4_General_Human_Review_Round4_KTSPACE_937139849_20260901.csv,82,General,G_INT_VALUE_020,AI 배포에서의 공공 가치 갈등,ok,이견 없음: 현행 명칭·정의·배치를 유지하였다.,KEEP_CONFIRMED,Reviewer recorded no objection.,NO_CHANGE,KEEP_CONFIRMED,G_INT_VALUE_020,General,G_INT,G_INT_VALUE,REVIEWED,REVIEWED,USER_APPROVED_ROUND4,ID_RETAINED
HR4-R0082,L4_General_Human_Review_Round4_KTSPACE_937139849_20260901.csv,83,General,G_INT_VALUE_022,세속적 기본값 편향,ok,이견 없음: 현행 명칭·정의·배치를 유지하였다.,KEEP_CONFIRMED,Reviewer recorded no objection.,NO_CHANGE,KEEP_CONFIRMED,G_INT_VALUE_022,General,G_INT,G_INT_VALUE,REVIEWED,REVIEWED,USER_APPROVED_ROUND4,ID_RETAINED
HR4-R0083,L4_General_Human_Review_Round4_KTSPACE_937139849_20260901.csv,84,General,G_INT_VALUE_024,최적화에 따른 가치 이탈,ok,이견 없음: 현행 명칭·정의·배치를 유지하였다.,KEEP_CONFIRMED,Reviewer recorded no objection.,NO_CHANGE,KEEP_CONFIRMED,G_INT_VALUE_024,General,G_INT,G_INT_VALUE,REVIEWED,REVIEWED,USER_APPROVED_ROUND4,ID_RETAINED
HR4-R0084,L4_General_Human_Review_Round4_KTSPACE_937139849_20260901.csv,85,General,G_INT_VALUE_025,가치 고정,ok,이견 없음: 현행 명칭·정의·배치를 유지하였다.,KEEP_CONFIRMED,Reviewer recorded no objection.,NO_CHANGE,KEEP_CONFIRMED,G_INT_VALUE_025,General,G_INT,G_INT_VALUE,REVIEWED,REVIEWED,USER_APPROVED_ROUND4,ID_RETAINED
HR4-R0085,L4_General_Human_Review_Round4_KTSPACE_937139849_20260901.csv,86,General,G_INT_POL_001,자동화된 표적 영향 공작,ok,이견 없음: 현행 명칭·정의·배치를 유지하였다.,KEEP_CONFIRMED,Reviewer recorded no objection.,NO_CHANGE,KEEP_CONFIRMED,G_INT_POL_001,General,G_INT,G_INT_POL,REVIEWED,REVIEWED,USER_APPROVED_ROUND4,ID_RETAINED
HR4-R0086,L4_General_Human_Review_Round4_KTSPACE_937139849_20260901.csv,87,General,G_INT_POL_002,모델의 극단적·편향적 견해 표출,ok,이견 없음: 현행 명칭·정의·배치를 유지하였다.,KEEP_CONFIRMED,Reviewer recorded no objection.,NO_CHANGE,KEEP_CONFIRMED,G_INT_POL_002,General,G_INT,G_INT_POL,REVIEWED,REVIEWED,USER_APPROVED_ROUND4,ID_RETAINED
HR4-R0087,L4_General_Human_Review_Round4_KTSPACE_937139849_20260901.csv,88,General,G_INT_POL_003,선거 및 민주적 절차 방해,ok,이견 없음: 현행 명칭·정의·배치를 유지하였다.,KEEP_CONFIRMED,Reviewer recorded no objection.,NO_CHANGE,KEEP_CONFIRMED,G_INT_POL_003,General,G_INT,G_INT_POL,REVIEWED,REVIEWED,USER_APPROVED_ROUND4,ID_RETAINED
HR4-R0088,L4_General_Human_Review_Round4_KTSPACE_937139849_20260901.csv,89,General,G_INT_POL_005,정치적 영향 전략 역량의 오용,ok,이견 없음: 현행 명칭·정의·배치를 유지하였다.,KEEP_CONFIRMED,Reviewer recorded no objection.,NO_CHANGE,KEEP_CONFIRMED,G_INT_POL_005,General,G_INT,G_INT_POL,REVIEWED,REVIEWED,USER_APPROVED_ROUND4,ID_RETAINED
HR4-R0089,L4_General_Human_Review_Round4_KTSPACE_937139849_20260901.csv,90,General,G_INT_POL_006,개인화된 정치적 영향 조작,ok,이견 없음: 현행 명칭·정의·배치를 유지하였다.,KEEP_CONFIRMED,Reviewer recorded no objection.,NO_CHANGE,KEEP_CONFIRMED,G_INT_POL_006,General,G_INT,G_INT_POL,REVIEWED,REVIEWED,USER_APPROVED_ROUND4,ID_RETAINED
HR4-R0090,L4_General_Human_Review_Round4_KTSPACE_937139849_20260901.csv,91,General,G_INT_POL_007,정치적 허위정보 및 여론조작,ok,이견 없음: 현행 명칭·정의·배치를 유지하였다.,KEEP_CONFIRMED,Reviewer recorded no objection.,NO_CHANGE,KEEP_CONFIRMED,G_INT_POL_007,General,G_INT,G_INT_POL,REVIEWED,REVIEWED,USER_APPROVED_ROUND4,ID_RETAINED
HR4-R0091,L4_General_Human_Review_Round4_KTSPACE_937139849_20260901.csv,92,General,G_INT_POL_008,정치적 선전 및 편향적 설득,ok,이견 없음: 현행 명칭·정의·배치를 유지하였다.,KEEP_CONFIRMED,Reviewer recorded no objection.,NO_CHANGE,KEEP_CONFIRMED,G_INT_POL_008,General,G_INT,G_INT_POL,REVIEWED,REVIEWED,USER_APPROVED_ROUND4,ID_RETAINED
HR4-R0092,L4_General_Human_Review_Round4_KTSPACE_937139849_20260901.csv,93,General,G_INT_PRIV_001,AI 기반 대량 감시와 불법적 대중 감시,ok,이견 없음: 현행 명칭·정의·배치를 유지하였다.,KEEP_CONFIRMED,Reviewer recorded no objection.,NO_CHANGE,KEEP_CONFIRMED,G_INT_PRIV_001,General,G_INT,G_INT_PRIV,REVIEWED,REVIEWED,USER_APPROVED_ROUND4,ID_RETAINED
HR4-R0093,L4_General_Human_Review_Round4_KTSPACE_937139849_20260901.csv,94,General,G_INT_PRIV_002,알고리즘 작업장 감시·통제,"[분할] 피해 내용이 개인정보 침해 외 '불평등·권력 집중'(교섭력, 이의제기 능력 저하)도 포함되어 분할 필요","분할 반영: 개인정보·자율성 침해는 본 카드에 유지하고, 노동 권력 비대칭은 계보 기반 분할 카드 G_SOC_POWER_028로 분리하였다.",COMMENT_PRESENT,The reviewer required separation of privacy infringement from inequality and power concentration. Labour-power effects are preserved in G_SOC_POWER_028.,SPLIT_RETAIN_PRIVACY_COMPONENT,APPLIED,G_INT_PRIV_002|G_SOC_POWER_028,General,G_INT|G_SOC,G_INT_PRIV|G_SOC_POWER,REVIEWED,REVIEWED,USER_APPROVED_ROUND4,ONE_TO_MANY
HR4-R0094,L4_General_Human_Review_Round4_KTSPACE_937139849_20260901.csv,95,General,G_INT_PRIV_003,생체인식 식별·추적에 의한 프라이버시 침해,ok,이견 없음: 현행 명칭·정의·배치를 유지하였다.,KEEP_CONFIRMED,Reviewer recorded no objection.,NO_CHANGE,KEEP_CONFIRMED,G_INT_PRIV_003,General,G_INT,G_INT_PRIV,REVIEWED,REVIEWED,USER_APPROVED_ROUND4,ID_RETAINED
HR4-R0095,L4_General_Human_Review_Round4_KTSPACE_937139849_20260901.csv,96,General,G_INT_PRIV_005,개인정보 수집 제한 우회,ok,이견 없음: 현행 명칭·정의·배치를 유지하였다.,KEEP_CONFIRMED,Reviewer recorded no objection.,NO_CHANGE,KEEP_CONFIRMED,G_INT_PRIV_005,General,G_INT,G_INT_PRIV,REVIEWED,REVIEWED,USER_APPROVED_ROUND4,ID_RETAINED
HR4-R0096,L4_General_Human_Review_Round4_KTSPACE_937139849_20260901.csv,97,General,G_INT_PRIV_007,맥락적 개인정보 보호 및 대화 프라이버시 실패,ok,이견 없음: 현행 명칭·정의·배치를 유지하였다.,KEEP_CONFIRMED,Reviewer recorded no objection.,NO_CHANGE,KEEP_CONFIRMED,G_INT_PRIV_007,General,G_INT,G_INT_PRIV,REVIEWED,REVIEWED,USER_APPROVED_ROUND4,ID_RETAINED
HR4-R0097,L4_General_Human_Review_Round4_KTSPACE_937139849_20260901.csv,98,General,G_INT_PRIV_008,애플리케이션 간 데이터 유출,ok,이견 없음: 현행 명칭·정의·배치를 유지하였다.,KEEP_CONFIRMED,Reviewer recorded no objection.,NO_CHANGE,KEEP_CONFIRMED,G_INT_PRIV_008,General,G_INT,G_INT_PRIV,REVIEWED,REVIEWED,USER_APPROVED_ROUND4,ID_RETAINED
HR4-R0098,L4_General_Human_Review_Round4_KTSPACE_937139849_20260901.csv,99,General,G_INT_PRIV_009,산출물을 통한 개인 민감정보의 노출·재식별,ok,이견 없음: 현행 명칭·정의·배치를 유지하였다.,KEEP_CONFIRMED,Reviewer recorded no objection.,NO_CHANGE,KEEP_CONFIRMED,G_INT_PRIV_009,General,G_INT,G_INT_PRIV,REVIEWED,REVIEWED,USER_APPROVED_ROUND4,ID_RETAINED
HR4-R0099,L4_General_Human_Review_Round4_KTSPACE_937139849_20260901.csv,100,General,G_INT_PRIV_010,사생활·평판 정보 노출,ok,이견 없음: 현행 명칭·정의·배치를 유지하였다.,KEEP_CONFIRMED,Reviewer recorded no objection.,NO_CHANGE,KEEP_CONFIRMED,G_INT_PRIV_010,General,G_INT,G_INT_PRIV,REVIEWED,REVIEWED,USER_APPROVED_ROUND4,ID_RETAINED
HR4-R0100,L4_General_Human_Review_Round4_KTSPACE_937139849_20260901.csv,101,General,G_INT_PRIV_012,AI를 이용한 개인정보 도용과 착취,ok,이견 없음: 현행 명칭·정의·배치를 유지하였다.,KEEP_CONFIRMED,Reviewer recorded no objection.,NO_CHANGE,KEEP_CONFIRMED,G_INT_PRIV_012,General,G_INT,G_INT_PRIV,REVIEWED,REVIEWED,USER_APPROVED_ROUND4,ID_RETAINED
HR4-R0101,L4_General_Human_Review_Round4_KTSPACE_937139849_20260901.csv,102,General,G_INT_PRIV_013,재산 정보·개인정보·사적 사실의 부당한 노출,ok,이견 없음: 현행 명칭·정의·배치를 유지하였다.,KEEP_CONFIRMED,Reviewer recorded no objection.,NO_CHANGE,KEEP_CONFIRMED,G_INT_PRIV_013,General,G_INT,G_INT_PRIV,REVIEWED,REVIEWED,USER_APPROVED_ROUND4,ID_RETAINED
HR4-R0102,L4_General_Human_Review_Round4_KTSPACE_937139849_20260901.csv,103,General,G_INT_PRIV_014,개인정보 보호조치 미흡,ok,이견 없음: 현행 명칭·정의·배치를 유지하였다.,KEEP_CONFIRMED,Reviewer recorded no objection.,NO_CHANGE,KEEP_CONFIRMED,G_INT_PRIV_014,General,G_INT,G_INT_PRIV,REVIEWED,REVIEWED,USER_APPROVED_ROUND4,ID_RETAINED
HR4-R0103,L4_General_Human_Review_Round4_KTSPACE_937139849_20260901.csv,104,General,G_INT_PRIV_015,학습 데이터 개인정보의 혼입·암기·유출,ok,이견 없음: 현행 명칭·정의·배치를 유지하였다.,KEEP_CONFIRMED,Reviewer recorded no objection.,NO_CHANGE,KEEP_CONFIRMED,G_INT_PRIV_015,General,G_INT,G_INT_PRIV,REVIEWED,REVIEWED,USER_APPROVED_ROUND4,ID_RETAINED
HR4-R0104,L4_General_Human_Review_Round4_KTSPACE_937139849_20260901.csv,105,General,G_INT_PRIV_016,원주민 데이터 주권 침해,ok,이견 없음: 현행 명칭·정의·배치를 유지하였다.,KEEP_CONFIRMED,Reviewer recorded no objection.,NO_CHANGE,KEEP_CONFIRMED,G_INT_PRIV_016,General,G_INT,G_INT_PRIV,REVIEWED,REVIEWED,USER_APPROVED_ROUND4,ID_RETAINED
HR4-R0105,L4_General_Human_Review_Round4_KTSPACE_937139849_20260901.csv,106,General,G_INT_PRIV_017,통신 및 비공개 정보 침해,ok,이견 없음: 현행 명칭·정의·배치를 유지하였다.,KEEP_CONFIRMED,Reviewer recorded no objection.,NO_CHANGE,KEEP_CONFIRMED,G_INT_PRIV_017,General,G_INT,G_INT_PRIV,REVIEWED,REVIEWED,USER_APPROVED_ROUND4,ID_RETAINED
HR4-R0106,L4_General_Human_Review_Round4_KTSPACE_937139849_20260901.csv,107,General,G_INT_PRIV_018,피지컬 AI의 사적 공간 침해와 지속적 민감정보 수집,ok,이견 없음: 현행 명칭·정의·배치를 유지하였다.,KEEP_CONFIRMED,Reviewer recorded no objection.,NO_CHANGE,KEEP_CONFIRMED,G_INT_PRIV_018,General,G_INT,G_INT_PRIV,REVIEWED,REVIEWED,USER_APPROVED_ROUND4,ID_RETAINED
HR4-R0107,L4_General_Human_Review_Round4_KTSPACE_937139849_20260901.csv,108,General,G_INT_PRIV_019,AI 데이터 처리에 대한 유효한 동의 결여,ok,이견 없음: 현행 명칭·정의·배치를 유지하였다.,KEEP_CONFIRMED,Reviewer recorded no objection.,NO_CHANGE,KEEP_CONFIRMED,G_INT_PRIV_019,General,G_INT,G_INT_PRIV,REVIEWED,REVIEWED,USER_APPROVED_ROUND4,ID_RETAINED
HR4-R0108,L4_General_Human_Review_Round4_KTSPACE_937139849_20260901.csv,109,General,G_INT_PRIV_020,개인정보 악용 및 거래,ok,이견 없음: 현행 명칭·정의·배치를 유지하였다.,KEEP_CONFIRMED,Reviewer recorded no objection.,NO_CHANGE,KEEP_CONFIRMED,G_INT_PRIV_020,General,G_INT,G_INT_PRIV,REVIEWED,REVIEWED,USER_APPROVED_ROUND4,ID_RETAINED
HR4-R0109,L4_General_Human_Review_Round4_KTSPACE_937139849_20260901.csv,110,General,G_INT_PRIV_021,보호조치 없는 개인정보 수집,ok,이견 없음: 현행 명칭·정의·배치를 유지하였다.,KEEP_CONFIRMED,Reviewer recorded no objection.,NO_CHANGE,KEEP_CONFIRMED,G_INT_PRIV_021,General,G_INT,G_INT_PRIV,REVIEWED,REVIEWED,USER_APPROVED_ROUND4,ID_RETAINED
HR4-R0110,L4_General_Human_Review_Round4_KTSPACE_937139849_20260901.csv,111,General,G_INT_PRIV_022,학습을 위한 개인정보 스크래핑,ok,이견 없음: 현행 명칭·정의·배치를 유지하였다.,KEEP_CONFIRMED,Reviewer recorded no objection.,NO_CHANGE,KEEP_CONFIRMED,G_INT_PRIV_022,General,G_INT,G_INT_PRIV,REVIEWED,REVIEWED,USER_APPROVED_ROUND4,ID_RETAINED
HR4-R0111,L4_General_Human_Review_Round4_KTSPACE_937139849_20260901.csv,112,General,G_INT_PRIV_024,친밀 공간 로봇의 프라이버시 침해적 정보 수집,ok,이견 없음: 현행 명칭·정의·배치를 유지하였다.,KEEP_CONFIRMED,Reviewer recorded no objection.,NO_CHANGE,KEEP_CONFIRMED,G_INT_PRIV_024,General,G_INT,G_INT_PRIV,REVIEWED,REVIEWED,USER_APPROVED_ROUND4,ID_RETAINED
HR4-R0112,L4_General_Human_Review_Round4_KTSPACE_937139849_20260901.csv,113,General,G_INT_PRIV_025,재식별 및 정보 추론,ok,이견 없음: 현행 명칭·정의·배치를 유지하였다.,KEEP_CONFIRMED,Reviewer recorded no objection.,NO_CHANGE,KEEP_CONFIRMED,G_INT_PRIV_025,General,G_INT,G_INT_PRIV,REVIEWED,REVIEWED,USER_APPROVED_ROUND4,ID_RETAINED
HR4-R0113,L4_General_Human_Review_Round4_KTSPACE_937139849_20260901.csv,114,General,G_INT_PRIV_027,사용자 데이터 보유·재학습,ok,이견 없음: 현행 명칭·정의·배치를 유지하였다.,KEEP_CONFIRMED,Reviewer recorded no objection.,NO_CHANGE,KEEP_CONFIRMED,G_INT_PRIV_027,General,G_INT,G_INT_PRIV,REVIEWED,REVIEWED,USER_APPROVED_ROUND4,ID_RETAINED
HR4-R0114,L4_General_Human_Review_Round4_KTSPACE_937139849_20260901.csv,115,General,G_INT_PRIV_028,민감한 개인 속성 추론,ok,이견 없음: 현행 명칭·정의·배치를 유지하였다.,KEEP_CONFIRMED,Reviewer recorded no objection.,NO_CHANGE,KEEP_CONFIRMED,G_INT_PRIV_028,General,G_INT,G_INT_PRIV,REVIEWED,REVIEWED,USER_APPROVED_ROUND4,ID_RETAINED
HR4-R0115,L4_General_Human_Review_Round4_KTSPACE_937139849_20260901.csv,116,General,G_INT_PRIV_029,이름·이미지·초상의 무단 상업적 이용,ok,이견 없음: 현행 명칭·정의·배치를 유지하였다.,KEEP_CONFIRMED,Reviewer recorded no objection.,NO_CHANGE,KEEP_CONFIRMED,G_INT_PRIV_029,General,G_INT,G_INT_PRIV,REVIEWED,REVIEWED,USER_APPROVED_ROUND4,ID_RETAINED
HR4-R0116,L4_General_Human_Review_Round4_KTSPACE_937139849_20260901.csv,117,General,G_INT_PRIV_030,피지컬 AI 기반 직장 감시,ok,이견 없음: 현행 명칭·정의·배치를 유지하였다.,KEEP_CONFIRMED,Reviewer recorded no objection.,NO_CHANGE,KEEP_CONFIRMED,G_INT_PRIV_030,General,G_INT,G_INT_PRIV,REVIEWED,REVIEWED,USER_APPROVED_ROUND4,ID_RETAINED
HR4-R0117,L4_General_Human_Review_Round4_KTSPACE_937139849_20260901.csv,118,General,G_INT_PRIV_031,이동형 로봇 감시를 통한 일방적 작업장 통제,ok,이견 없음: 현행 명칭·정의·배치를 유지하였다.,KEEP_CONFIRMED,Reviewer recorded no objection.,NO_CHANGE,KEEP_CONFIRMED,G_INT_PRIV_031,General,G_INT,G_INT_PRIV,REVIEWED,REVIEWED,USER_APPROVED_ROUND4,ID_RETAINED
HR4-R0118,L4_General_Human_Review_Round4_KTSPACE_937139849_20260901.csv,119,General,G_INT_ILLEGAL_001,불법적 명예·권리 침해 지원,ok,이견 없음: 현행 명칭·정의·배치를 유지하였다.,KEEP_CONFIRMED,Reviewer recorded no objection.,NO_CHANGE,KEEP_CONFIRMED,G_INT_ILLEGAL_001,General,G_INT,G_INT_ILLEGAL,REVIEWED,REVIEWED,USER_APPROVED_ROUND4,ID_RETAINED
HR4-R0119,L4_General_Human_Review_Round4_KTSPACE_937139849_20260901.csv,120,General,G_INT_ILLEGAL_003,AI 에이전트의 범죄 조력,ok,이견 없음: 현행 명칭·정의·배치를 유지하였다.,KEEP_CONFIRMED,Reviewer recorded no objection.,NO_CHANGE,KEEP_CONFIRMED,G_INT_ILLEGAL_003,General,G_INT,G_INT_ILLEGAL,REVIEWED,REVIEWED,USER_APPROVED_ROUND4,ID_RETAINED
HR4-R0120,L4_General_Human_Review_Round4_KTSPACE_937139849_20260901.csv,121,General,G_INT_ILLEGAL_004,사이버 공격 및 시스템 침해,[이동] weaponization으로 이동 필요,이동 반영: 사이버 공격 역량의 계획·실행 지원으로 재정의하여 G_INT_WEAP_031로 이동하였다.,COMMENT_PRESENT,"The reviewer explicitly directed cyber-attack assistance from Illegal Conduct to Weaponization, whose master definition expressly covers cyber-attack capability.",MOVE_REWRITE,APPLIED,G_INT_WEAP_031,General,G_INT,G_INT_WEAP,REVIEWED,REVIEWED,USER_APPROVED_ROUND4,ID_CROSSWALK
HR4-R0121,L4_General_Human_Review_Round4_KTSPACE_937139849_20260901.csv,122,General,G_INT_ILLEGAL_006,환경 및 생태계 범죄,ok,이견 없음: 현행 명칭·정의·배치를 유지하였다.,KEEP_CONFIRMED,Reviewer recorded no objection.,NO_CHANGE,KEEP_CONFIRMED,G_INT_ILLEGAL_006,General,G_INT,G_INT_ILLEGAL,REVIEWED,REVIEWED,USER_APPROVED_ROUND4,ID_RETAINED
HR4-R0122,L4_General_Human_Review_Round4_KTSPACE_937139849_20260901.csv,123,General,G_INT_ILLEGAL_007,불법·유해 물리 요청의 수용·실행,ok,이견 없음: 현행 명칭·정의·배치를 유지하였다.,KEEP_CONFIRMED,Reviewer recorded no objection.,NO_CHANGE,KEEP_CONFIRMED,G_INT_ILLEGAL_007,General,G_INT,G_INT_ILLEGAL,REVIEWED,REVIEWED,USER_APPROVED_ROUND4,ID_RETAINED
HR4-R0123,L4_General_Human_Review_Round4_KTSPACE_937139849_20260901.csv,124,General,G_INT_ILLEGAL_008,금융 범죄 및 사기,ok,이견 없음: 현행 명칭·정의·배치를 유지하였다.,KEEP_CONFIRMED,Reviewer recorded no objection.,NO_CHANGE,KEEP_CONFIRMED,G_INT_ILLEGAL_008,General,G_INT,G_INT_ILLEGAL,REVIEWED,REVIEWED,USER_APPROVED_ROUND4,ID_RETAINED
HR4-R0124,L4_General_Human_Review_Round4_KTSPACE_937139849_20260901.csv,125,General,G_INT_ILLEGAL_009,사기·표적 스캠 조장,ok,이견 없음: 현행 명칭·정의·배치를 유지하였다.,KEEP_CONFIRMED,Reviewer recorded no objection.,NO_CHANGE,KEEP_CONFIRMED,G_INT_ILLEGAL_009,General,G_INT,G_INT_ILLEGAL,REVIEWED,REVIEWED,USER_APPROVED_ROUND4,ID_RETAINED
HR4-R0125,L4_General_Human_Review_Round4_KTSPACE_937139849_20260901.csv,126,General,G_INT_ILLEGAL_010,멀티모달 딥페이크를 통한 괴롭힘·명예훼손·협박,ok,이견 없음: 현행 명칭·정의·배치를 유지하였다.,KEEP_CONFIRMED,Reviewer recorded no objection.,NO_CHANGE,KEEP_CONFIRMED,G_INT_ILLEGAL_010,General,G_INT,G_INT_ILLEGAL,REVIEWED,REVIEWED,USER_APPROVED_ROUND4,ID_RETAINED
HR4-R0126,L4_General_Human_Review_Round4_KTSPACE_937139849_20260901.csv,127,General,G_INT_ILLEGAL_011,신원 도용 및 문서 위조,ok,이견 없음: 현행 명칭·정의·배치를 유지하였다.,KEEP_CONFIRMED,Reviewer recorded no objection.,NO_CHANGE,KEEP_CONFIRMED,G_INT_ILLEGAL_011,General,G_INT,G_INT_ILLEGAL,REVIEWED,REVIEWED,USER_APPROVED_ROUND4,ID_RETAINED
HR4-R0127,L4_General_Human_Review_Round4_KTSPACE_937139849_20260901.csv,128,General,G_INT_ILLEGAL_013,불법 도박 및 게임 조작,ok,이견 없음: 현행 명칭·정의·배치를 유지하였다.,KEEP_CONFIRMED,Reviewer recorded no objection.,NO_CHANGE,KEEP_CONFIRMED,G_INT_ILLEGAL_013,General,G_INT,G_INT_ILLEGAL,REVIEWED,REVIEWED,USER_APPROVED_ROUND4,ID_RETAINED
HR4-R0128,L4_General_Human_Review_Round4_KTSPACE_937139849_20260901.csv,129,General,G_INT_ILLEGAL_014,불법 의료 행위,ok,이견 없음: 현행 명칭·정의·배치를 유지하였다.,KEEP_CONFIRMED,Reviewer recorded no objection.,NO_CHANGE,KEEP_CONFIRMED,G_INT_ILLEGAL_014,General,G_INT,G_INT_ILLEGAL,REVIEWED,REVIEWED,USER_APPROVED_ROUND4,ID_RETAINED
HR4-R0129,L4_General_Human_Review_Round4_KTSPACE_937139849_20260901.csv,130,General,G_INT_ILLEGAL_015,맞춤형 괴롭힘·갈취·협박 콘텐츠의 저비용 대량 생성,ok,이견 없음: 현행 명칭·정의·배치를 유지하였다.,KEEP_CONFIRMED,Reviewer recorded no objection.,NO_CHANGE,KEEP_CONFIRMED,G_INT_ILLEGAL_015,General,G_INT,G_INT_ILLEGAL,REVIEWED,REVIEWED,USER_APPROVED_ROUND4,ID_RETAINED
HR4-R0130,L4_General_Human_Review_Round4_KTSPACE_937139849_20260901.csv,131,General,G_INT_ILLEGAL_016,불법 약물 제조 및 유통,ok,이견 없음: 현행 명칭·정의·배치를 유지하였다.,KEEP_CONFIRMED,Reviewer recorded no objection.,NO_CHANGE,KEEP_CONFIRMED,G_INT_ILLEGAL_016,General,G_INT,G_INT_ILLEGAL,REVIEWED,REVIEWED,USER_APPROVED_ROUND4,ID_RETAINED
HR4-R0131,L4_General_Human_Review_Round4_KTSPACE_937139849_20260901.csv,132,General,G_INT_ILLEGAL_019,교통·공공안전 관련 범죄,ok,이견 없음: 현행 명칭·정의·배치를 유지하였다.,KEEP_CONFIRMED,Reviewer recorded no objection.,NO_CHANGE,KEEP_CONFIRMED,G_INT_ILLEGAL_019,General,G_INT,G_INT_ILLEGAL,REVIEWED,REVIEWED,USER_APPROVED_ROUND4,ID_RETAINED
HR4-R0132,L4_General_Human_Review_Round4_KTSPACE_937139849_20260901.csv,133,General,G_INT_ILLEGAL_020,인신매매 및 조직범죄,ok,이견 없음: 현행 명칭·정의·배치를 유지하였다.,KEEP_CONFIRMED,Reviewer recorded no objection.,NO_CHANGE,KEEP_CONFIRMED,G_INT_ILLEGAL_020,General,G_INT,G_INT_ILLEGAL,REVIEWED,REVIEWED,USER_APPROVED_ROUND4,ID_RETAINED
HR4-R0133,L4_General_Human_Review_Round4_KTSPACE_937139849_20260901.csv,134,General,G_INT_ILLEGAL_021,AI 에이전트에 의한 불법 강압·갈취,ok,이견 없음: 현행 명칭·정의·배치를 유지하였다.,KEEP_CONFIRMED,Reviewer recorded no objection.,NO_CHANGE,KEEP_CONFIRMED,G_INT_ILLEGAL_021,General,G_INT,G_INT_ILLEGAL,REVIEWED,REVIEWED,USER_APPROVED_ROUND4,ID_RETAINED
HR4-R0134,L4_General_Human_Review_Round4_KTSPACE_937139849_20260901.csv,135,General,G_INT_ILLEGAL_022,로봇을 이용한 불법 스토킹·괴롭힘,ok,이견 없음: 현행 명칭·정의·배치를 유지하였다.,KEEP_CONFIRMED,Reviewer recorded no objection.,NO_CHANGE,KEEP_CONFIRMED,G_INT_ILLEGAL_022,General,G_INT,G_INT_ILLEGAL,REVIEWED,REVIEWED,USER_APPROVED_ROUND4,ID_RETAINED
HR4-R0135,L4_General_Human_Review_Round4_KTSPACE_937139849_20260901.csv,136,General,G_INT_ILLEGAL_023,자율 로봇의 물리적 침입·절도,ok,이견 없음: 현행 명칭·정의·배치를 유지하였다.,KEEP_CONFIRMED,Reviewer recorded no objection.,NO_CHANGE,KEEP_CONFIRMED,G_INT_ILLEGAL_023,General,G_INT,G_INT_ILLEGAL,REVIEWED,REVIEWED,USER_APPROVED_ROUND4,ID_RETAINED
HR4-R0136,L4_General_Human_Review_Round4_KTSPACE_937139849_20260901.csv,137,General,G_INT_UNETH_002,돌봄 맥락 취약계층에 대한 AI 조작,ok,이견 없음: 현행 명칭·정의·배치를 유지하였다.,KEEP_CONFIRMED,Reviewer recorded no objection.,NO_CHANGE,KEEP_CONFIRMED,G_INT_UNETH_002,General,G_INT,G_INT_UNETH,REVIEWED,REVIEWED,USER_APPROVED_ROUND4,ID_RETAINED
HR4-R0137,L4_General_Human_Review_Round4_KTSPACE_937139849_20260901.csv,138,General,G_INT_UNETH_003,LLM 남용에 의한 학업 부정행위,ok,이견 없음: 현행 명칭·정의·배치를 유지하였다.,KEEP_CONFIRMED,Reviewer recorded no objection.,NO_CHANGE,KEEP_CONFIRMED,G_INT_UNETH_003,General,G_INT,G_INT_UNETH,REVIEWED,REVIEWED,USER_APPROVED_ROUND4,ID_RETAINED
HR4-R0138,L4_General_Human_Review_Round4_KTSPACE_937139849_20260901.csv,139,General,G_INT_UNETH_004,유해 작업 자동화에 의한 피해 규모 증폭,ok,이견 없음: 현행 명칭·정의·배치를 유지하였다.,KEEP_CONFIRMED,Reviewer recorded no objection.,NO_CHANGE,KEEP_CONFIRMED,G_INT_UNETH_004,General,G_INT,G_INT_UNETH,REVIEWED,REVIEWED,USER_APPROVED_ROUND4,ID_RETAINED
HR4-R0139,L4_General_Human_Review_Round4_KTSPACE_937139849_20260901.csv,140,General,G_INT_UNETH_005,취약성을 이용한 행동 조작,ok,이견 없음: 현행 명칭·정의·배치를 유지하였다.,KEEP_CONFIRMED,Reviewer recorded no objection.,NO_CHANGE,KEEP_CONFIRMED,G_INT_UNETH_005,General,G_INT,G_INT_UNETH,REVIEWED,REVIEWED,USER_APPROVED_ROUND4,ID_RETAINED
HR4-R0140,L4_General_Human_Review_Round4_KTSPACE_937139849_20260901.csv,141,General,G_INT_UNETH_007,초개인화 광고의 소비자 자율성 훼손,ok,이견 없음: 현행 명칭·정의·배치를 유지하였다.,KEEP_CONFIRMED,Reviewer recorded no objection.,NO_CHANGE,KEEP_CONFIRMED,G_INT_UNETH_007,General,G_INT,G_INT_UNETH,REVIEWED,REVIEWED,USER_APPROVED_ROUND4,ID_RETAINED
HR4-R0141,L4_General_Human_Review_Round4_KTSPACE_937139849_20260901.csv,142,General,G_INT_UNETH_008,은밀한 행동 조작,ok,이견 없음: 현행 명칭·정의·배치를 유지하였다.,KEEP_CONFIRMED,Reviewer recorded no objection.,NO_CHANGE,KEEP_CONFIRMED,G_INT_UNETH_008,General,G_INT,G_INT_UNETH,REVIEWED,REVIEWED,USER_APPROVED_ROUND4,ID_RETAINED
HR4-R0142,L4_General_Human_Review_Round4_KTSPACE_937139849_20260901.csv,143,General,G_INT_UNETH_010,비윤리적 행위 옹호에 의한 유해 행동 유도,ok,이견 없음: 현행 명칭·정의·배치를 유지하였다.,KEEP_CONFIRMED,Reviewer recorded no objection.,NO_CHANGE,KEEP_CONFIRMED,G_INT_UNETH_010,General,G_INT,G_INT_UNETH,REVIEWED,REVIEWED,USER_APPROVED_ROUND4,ID_RETAINED
HR4-R0143,L4_General_Human_Review_Round4_KTSPACE_937139849_20260901.csv,144,General,G_INT_UNETH_011,무해한 중간 단계를 이용한 유해 목적 지원,ok,이견 없음: 현행 명칭·정의·배치를 유지하였다.,KEEP_CONFIRMED,Reviewer recorded no objection.,NO_CHANGE,KEEP_CONFIRMED,G_INT_UNETH_011,General,G_INT,G_INT_UNETH,REVIEWED,REVIEWED,USER_APPROVED_ROUND4,ID_RETAINED
HR4-R0144,L4_General_Human_Review_Round4_KTSPACE_937139849_20260901.csv,145,General,G_INT_UNETH_012,대규모 설득 능력,ok,이견 없음: 현행 명칭·정의·배치를 유지하였다.,KEEP_CONFIRMED,Reviewer recorded no objection.,NO_CHANGE,KEEP_CONFIRMED,G_INT_UNETH_012,General,G_INT,G_INT_UNETH,REVIEWED,REVIEWED,USER_APPROVED_ROUND4,ID_RETAINED
HR4-R0145,L4_General_Human_Review_Round4_KTSPACE_937139849_20260901.csv,146,General,G_INT_UNETH_014,직장 내 부적응적 인간-AI 상호작용,ok,이견 없음: 현행 명칭·정의·배치를 유지하였다.,KEEP_CONFIRMED,Reviewer recorded no objection.,NO_CHANGE,KEEP_CONFIRMED,G_INT_UNETH_014,General,G_INT,G_INT_UNETH,REVIEWED,REVIEWED,USER_APPROVED_ROUND4,ID_RETAINED
HR4-R0146,L4_General_Human_Review_Round4_KTSPACE_937139849_20260901.csv,147,General,G_INT_UNETH_015,정서적 의존을 이용한 조작과 강요,ok,이견 없음: 현행 명칭·정의·배치를 유지하였다.,KEEP_CONFIRMED,Reviewer recorded no objection.,NO_CHANGE,KEEP_CONFIRMED,G_INT_UNETH_015,General,G_INT,G_INT_UNETH,REVIEWED,REVIEWED,USER_APPROVED_ROUND4,ID_RETAINED
HR4-R0147,L4_General_Human_Review_Round4_KTSPACE_937139849_20260901.csv,148,General,G_INT_UNETH_017,콘텐츠 조정에 의한 여론 조작,ok,이견 없음: 현행 명칭·정의·배치를 유지하였다.,KEEP_CONFIRMED,Reviewer recorded no objection.,NO_CHANGE,KEEP_CONFIRMED,G_INT_UNETH_017,General,G_INT,G_INT_UNETH,REVIEWED,REVIEWED,USER_APPROVED_ROUND4,ID_RETAINED
HR4-R0148,L4_General_Human_Review_Round4_KTSPACE_937139849_20260901.csv,149,General,G_INT_UNETH_019,개인화를 통한 조작,ok,이견 없음: 현행 명칭·정의·배치를 유지하였다.,KEEP_CONFIRMED,Reviewer recorded no objection.,NO_CHANGE,KEEP_CONFIRMED,G_INT_UNETH_019,General,G_INT,G_INT_UNETH,REVIEWED,REVIEWED,USER_APPROVED_ROUND4,ID_RETAINED
HR4-R0149,L4_General_Human_Review_Round4_KTSPACE_937139849_20260901.csv,150,General,G_INT_UNETH_020,광범위한 목표로 인한 조작적 행동,ok,이견 없음: 현행 명칭·정의·배치를 유지하였다.,KEEP_CONFIRMED,Reviewer recorded no objection.,NO_CHANGE,KEEP_CONFIRMED,G_INT_UNETH_020,General,G_INT,G_INT_UNETH,REVIEWED,REVIEWED,USER_APPROVED_ROUND4,ID_RETAINED
HR4-R0150,L4_General_Human_Review_Round4_KTSPACE_937139849_20260901.csv,151,General,G_INT_UNETH_021,사용자 선호·선택의 조작적 유도,ok,이견 없음: 현행 명칭·정의·배치를 유지하였다.,KEEP_CONFIRMED,Reviewer recorded no objection.,NO_CHANGE,KEEP_CONFIRMED,G_INT_UNETH_021,General,G_INT,G_INT_UNETH,REVIEWED,REVIEWED,USER_APPROVED_ROUND4,ID_RETAINED
HR4-R0151,L4_General_Human_Review_Round4_KTSPACE_937139849_20260901.csv,152,General,G_INT_UNETH_022,미성년자의 AI 설득 취약성,ok,이견 없음: 현행 명칭·정의·배치를 유지하였다.,KEEP_CONFIRMED,Reviewer recorded no objection.,NO_CHANGE,KEEP_CONFIRMED,G_INT_UNETH_022,General,G_INT,G_INT_UNETH,REVIEWED,REVIEWED,USER_APPROVED_ROUND4,ID_RETAINED
HR4-R0152,L4_General_Human_Review_Round4_KTSPACE_937139849_20260901.csv,153,General,G_INT_UNETH_024,개인화된 설득 취약성,ok,이견 없음: 현행 명칭·정의·배치를 유지하였다.,KEEP_CONFIRMED,Reviewer recorded no objection.,NO_CHANGE,KEEP_CONFIRMED,G_INT_UNETH_024,General,G_INT,G_INT_UNETH,REVIEWED,REVIEWED,USER_APPROVED_ROUND4,ID_RETAINED
HR4-R0153,L4_General_Human_Review_Round4_KTSPACE_937139849_20260901.csv,154,General,G_INT_UNETH_026,맞춤형 표적화에 의한 개인 대상 공격 정교화,ok,이견 없음: 현행 명칭·정의·배치를 유지하였다.,KEEP_CONFIRMED,Reviewer recorded no objection.,NO_CHANGE,KEEP_CONFIRMED,G_INT_UNETH_026,General,G_INT,G_INT_UNETH,REVIEWED,REVIEWED,USER_APPROVED_ROUND4,ID_RETAINED
HR4-R0154,L4_General_Human_Review_Round4_KTSPACE_937139849_20260901.csv,155,General,G_INT_UNETH_027,인간 데이터 학습에 의한 갈등 악화 편향 재현,ok,이견 없음: 현행 명칭·정의·배치를 유지하였다.,KEEP_CONFIRMED,Reviewer recorded no objection.,NO_CHANGE,KEEP_CONFIRMED,G_INT_UNETH_027,General,G_INT,G_INT_UNETH,REVIEWED,REVIEWED,USER_APPROVED_ROUND4,ID_RETAINED
HR4-R0155,L4_General_Human_Review_Round4_KTSPACE_937139849_20260901.csv,156,General,G_INT_UNETH_028,자아실현 저해,ok,이견 없음: 현행 명칭·정의·배치를 유지하였다.,KEEP_CONFIRMED,Reviewer recorded no objection.,NO_CHANGE,KEEP_CONFIRMED,G_INT_UNETH_028,General,G_INT,G_INT_UNETH,REVIEWED,REVIEWED,USER_APPROVED_ROUND4,ID_RETAINED
HR4-R0156,L4_General_Human_Review_Round4_KTSPACE_937139849_20260901.csv,157,General,G_INT_UNETH_029,사용자 영합적 응답(아첨),ok,이견 없음: 현행 명칭·정의·배치를 유지하였다.,KEEP_CONFIRMED,Reviewer recorded no objection.,NO_CHANGE,KEEP_CONFIRMED,G_INT_UNETH_029,General,G_INT,G_INT_UNETH,REVIEWED,REVIEWED,USER_APPROVED_ROUND4,ID_RETAINED
HR4-R0157,L4_General_Human_Review_Round4_KTSPACE_937139849_20260901.csv,158,General,G_INT_UNETH_030,도덕적 판단의 AI 위임에 따른 비윤리적 결정,ok,이견 없음: 현행 명칭·정의·배치를 유지하였다.,KEEP_CONFIRMED,Reviewer recorded no objection.,NO_CHANGE,KEEP_CONFIRMED,G_INT_UNETH_030,General,G_INT,G_INT_UNETH,REVIEWED,REVIEWED,USER_APPROVED_ROUND4,ID_RETAINED
HR4-R0158,L4_General_Human_Review_Round4_KTSPACE_937139849_20260901.csv,159,General,G_INT_UNETH_031,시장 점유 목적의 비윤리적 기술 사용,ok,이견 없음: 현행 명칭·정의·배치를 유지하였다.,KEEP_CONFIRMED,Reviewer recorded no objection.,NO_CHANGE,KEEP_CONFIRMED,G_INT_UNETH_031,General,G_INT,G_INT_UNETH,REVIEWED,REVIEWED,USER_APPROVED_ROUND4,ID_RETAINED
HR4-R0159,L4_General_Human_Review_Round4_KTSPACE_937139849_20260901.csv,160,General,G_INT_UNETH_032,도덕적 추론·가치 정렬 실패에 따른 비윤리적 판단,ok,이견 없음: 현행 명칭·정의·배치를 유지하였다.,KEEP_CONFIRMED,Reviewer recorded no objection.,NO_CHANGE,KEEP_CONFIRMED,G_INT_UNETH_032,General,G_INT,G_INT_UNETH,REVIEWED,REVIEWED,USER_APPROVED_ROUND4,ID_RETAINED
HR4-R0160,L4_General_Human_Review_Round4_KTSPACE_937139849_20260901.csv,161,General,G_INT_UNETH_033,체화형 AI의 사용자 애착 신호 조작·악용,ok,이견 없음: 현행 명칭·정의·배치를 유지하였다.,KEEP_CONFIRMED,Reviewer recorded no objection.,NO_CHANGE,KEEP_CONFIRMED,G_INT_UNETH_033,General,G_INT,G_INT_UNETH,REVIEWED,REVIEWED,USER_APPROVED_ROUND4,ID_RETAINED
HR4-R0161,L4_General_Human_Review_Round4_KTSPACE_937139849_20260901.csv,162,General,G_INT_COPY_001,DRM 및 저작권 보호기술 우회,ok,이견 없음: 현행 명칭·정의·배치를 유지하였다.,KEEP_CONFIRMED,Reviewer recorded no objection.,NO_CHANGE,KEEP_CONFIRMED,G_INT_COPY_001,General,G_INT,G_INT_COPY,REVIEWED,REVIEWED,USER_APPROVED_ROUND4,ID_RETAINED
HR4-R0162,L4_General_Human_Review_Round4_KTSPACE_937139849_20260901.csv,163,General,G_INT_COPY_002,AI 학습 데이터 및 생성물 저작권 침해,ok,이견 없음: 현행 명칭·정의·배치를 유지하였다.,KEEP_CONFIRMED,Reviewer recorded no objection.,NO_CHANGE,KEEP_CONFIRMED,G_INT_COPY_002,General,G_INT,G_INT_COPY,REVIEWED,REVIEWED,USER_APPROVED_ROUND4,ID_RETAINED
HR4-R0163,L4_General_Human_Review_Round4_KTSPACE_937139849_20260901.csv,164,General,G_INT_COPY_003,저작권·상표권·특허 침해,ok,이견 없음: 현행 명칭·정의·배치를 유지하였다.,KEEP_CONFIRMED,Reviewer recorded no objection.,NO_CHANGE,KEEP_CONFIRMED,G_INT_COPY_003,General,G_INT,G_INT_COPY,REVIEWED,REVIEWED,USER_APPROVED_ROUND4,ID_RETAINED
HR4-R0164,L4_General_Human_Review_Round4_KTSPACE_937139849_20260901.csv,165,General,G_INT_COPY_004,기업 기밀·영업비밀의 노출,"[논의 필요] 영업비밀의 노출은 저작권 침해도 아니고 system policy exposure도 아님. System policy exposure를 Confidential Information Disclosure로 한 단계 상위 개념으로 변경하고, 영업비밀의 노출은 해당 리스크로 이관 필요","논의 반영 및 이동: G_SYS_POLICY를 기밀정보 노출로 확장하고, 기업 기밀·영업비밀 노출을 G_SYS_POLICY_009로 이동하였다.",COMMENT_PRESENT,The user approved expansion of G_SYS_POLICY into Confidential Information Disclosure so that confidential business information and trade secrets are explicitly covered.,MOVE_REWRITE_L3_REVISED,APPLIED,G_SYS_POLICY_009,General,G_SYS,G_SYS_POLICY,REVIEWED,REVIEWED,USER_APPROVED_ROUND4,ID_CROSSWALK
HR4-R0165,L4_General_Human_Review_Round4_KTSPACE_937139849_20260901.csv,166,General,G_INT_COPY_006,소프트웨어 불법 사용 및 보호조치 우회,ok,이견 없음: 현행 명칭·정의·배치를 유지하였다.,KEEP_CONFIRMED,Reviewer recorded no objection.,NO_CHANGE,KEEP_CONFIRMED,G_INT_COPY_006,General,G_INT,G_INT_COPY,REVIEWED,REVIEWED,USER_APPROVED_ROUND4,ID_RETAINED
HR4-R0166,L4_General_Human_Review_Round4_KTSPACE_937139849_20260901.csv,167,General,G_INT_COPY_007,표절 및 저자 사칭,ok,이견 없음: 현행 명칭·정의·배치를 유지하였다.,KEEP_CONFIRMED,Reviewer recorded no objection.,NO_CHANGE,KEEP_CONFIRMED,G_INT_COPY_007,General,G_INT,G_INT_COPY,REVIEWED,REVIEWED,USER_APPROVED_ROUND4,ID_RETAINED
HR4-R0167,L4_General_Human_Review_Round4_KTSPACE_937139849_20260901.csv,168,General,G_INT_COPY_008,상표권 침해 및 위조,ok,이견 없음: 현행 명칭·정의·배치를 유지하였다.,KEEP_CONFIRMED,Reviewer recorded no objection.,NO_CHANGE,KEEP_CONFIRMED,G_INT_COPY_008,General,G_INT,G_INT_COPY,REVIEWED,REVIEWED,USER_APPROVED_ROUND4,ID_RETAINED
HR4-R0168,L4_General_Human_Review_Round4_KTSPACE_937139849_20260901.csv,169,General,G_INT_COPY_009,프롬프트를 통한 저작물·지식재산의 무단 입력,ok,이견 없음: 현행 명칭·정의·배치를 유지하였다.,KEEP_CONFIRMED,Reviewer recorded no objection.,NO_CHANGE,KEEP_CONFIRMED,G_INT_COPY_009,General,G_INT,G_INT_COPY,REVIEWED,REVIEWED,USER_APPROVED_ROUND4,ID_RETAINED
HR4-R0169,L4_General_Human_Review_Round4_KTSPACE_937139849_20260901.csv,170,General,G_INT_COPY_011,저작물의 무단 복제·변형·배포,ok,이견 없음: 현행 명칭·정의·배치를 유지하였다.,KEEP_CONFIRMED,Reviewer recorded no objection.,NO_CHANGE,KEEP_CONFIRMED,G_INT_COPY_011,General,G_INT,G_INT_COPY,REVIEWED,REVIEWED,USER_APPROVED_ROUND4,ID_RETAINED
HR4-R0170,L4_General_Human_Review_Round4_KTSPACE_937139849_20260901.csv,171,General,G_INT_COPY_013,기밀정보 무단 공유에 따른 사업 손실,"[논의 필요] 기밀정보의 노출은 저작권 침해도 아니고 system policy exposure도 아님. System policy exposure를 Confidential Information Disclosure로 한 단계 상위 개념으로 변경하고, 기밀정보의 노출은 해당 리스크로 이관 필요",논의 반영 및 이동: 기밀정보 무단 공유에 따른 사업상 피해를 G_SYS_POLICY_010으로 이동하였다.,COMMENT_PRESENT,The user approved expansion of G_SYS_POLICY into Confidential Information Disclosure and relocation of confidential-information leakage from the copyright category.,MOVE_REWRITE_L3_REVISED,APPLIED,G_SYS_POLICY_010,General,G_SYS,G_SYS_POLICY,REVIEWED,REVIEWED,USER_APPROVED_ROUND4,ID_CROSSWALK
HR4-R0171,L4_General_Human_Review_Round4_KTSPACE_937139849_20260901.csv,172,General,G_INT_WEAP_002,위험한 과학실험의 설계·실행 지원,ok,이견 없음: 현행 명칭·정의·배치를 유지하였다.,KEEP_CONFIRMED,Reviewer recorded no objection.,NO_CHANGE,KEEP_CONFIRMED,G_INT_WEAP_002,General,G_INT,G_INT_WEAP,REVIEWED,REVIEWED,USER_APPROVED_ROUND4,ID_RETAINED
HR4-R0172,L4_General_Human_Review_Round4_KTSPACE_937139849_20260901.csv,173,General,G_INT_WEAP_003,생물무기·화학무기,ok,이견 없음: 현행 명칭·정의·배치를 유지하였다.,KEEP_CONFIRMED,Reviewer recorded no objection.,NO_CHANGE,KEEP_CONFIRMED,G_INT_WEAP_003,General,G_INT,G_INT_WEAP,REVIEWED,REVIEWED,USER_APPROVED_ROUND4,ID_RETAINED
HR4-R0173,L4_General_Human_Review_Round4_KTSPACE_937139849_20260901.csv,174,General,G_INT_WEAP_006,사이버 무기,ok,이견 없음: 현행 명칭·정의·배치를 유지하였다.,KEEP_CONFIRMED,Reviewer recorded no objection.,NO_CHANGE,KEEP_CONFIRMED,G_INT_WEAP_006,General,G_INT,G_INT_WEAP,REVIEWED,REVIEWED,USER_APPROVED_ROUND4,ID_RETAINED
HR4-R0174,L4_General_Human_Review_Round4_KTSPACE_937139849_20260901.csv,175,General,G_INT_WEAP_008,취약점 탐지·악용 코드 작성 역량을 통한 사이버 공격 지원,ok,이견 없음: 현행 명칭·정의·배치를 유지하였다.,KEEP_CONFIRMED,Reviewer recorded no objection.,NO_CHANGE,KEEP_CONFIRMED,G_INT_WEAP_008,General,G_INT,G_INT_WEAP,REVIEWED,REVIEWED,USER_APPROVED_ROUND4,ID_RETAINED
HR4-R0175,L4_General_Human_Review_Round4_KTSPACE_937139849_20260901.csv,176,General,G_INT_WEAP_009,약물 발견 모델 오용에 의한 독소 식별·개발,ok,이견 없음: 현행 명칭·정의·배치를 유지하였다.,KEEP_CONFIRMED,Reviewer recorded no objection.,NO_CHANGE,KEEP_CONFIRMED,G_INT_WEAP_009,General,G_INT,G_INT_WEAP,REVIEWED,REVIEWED,USER_APPROVED_ROUND4,ID_RETAINED
HR4-R0176,L4_General_Human_Review_Round4_KTSPACE_937139849_20260901.csv,177,General,G_INT_WEAP_010,국가·범죄 행위자에 의한 AI의 의도적 무기화,ok,이견 없음: 현행 명칭·정의·배치를 유지하였다.,KEEP_CONFIRMED,Reviewer recorded no objection.,NO_CHANGE,KEEP_CONFIRMED,G_INT_WEAP_010,General,G_INT,G_INT_WEAP,REVIEWED,REVIEWED,USER_APPROVED_ROUND4,ID_RETAINED
HR4-R0177,L4_General_Human_Review_Round4_KTSPACE_937139849_20260901.csv,178,General,G_INT_WEAP_011,병원체 및 유전물질 강화,ok,이견 없음: 현행 명칭·정의·배치를 유지하였다.,KEEP_CONFIRMED,Reviewer recorded no objection.,NO_CHANGE,KEEP_CONFIRMED,G_INT_WEAP_011,General,G_INT,G_INT_WEAP,REVIEWED,REVIEWED,USER_APPROVED_ROUND4,ID_RETAINED
HR4-R0178,L4_General_Human_Review_Round4_KTSPACE_937139849_20260901.csv,179,General,G_INT_WEAP_014,폭발물·폭발성 무기,ok,이견 없음: 현행 명칭·정의·배치를 유지하였다.,KEEP_CONFIRMED,Reviewer recorded no objection.,NO_CHANGE,KEEP_CONFIRMED,G_INT_WEAP_014,General,G_INT,G_INT_WEAP,REVIEWED,REVIEWED,USER_APPROVED_ROUND4,ID_RETAINED
HR4-R0179,L4_General_Human_Review_Round4_KTSPACE_937139849_20260901.csv,180,General,G_INT_WEAP_016,인간 개입 없는 치명적 자율무기의 표적 공격,ok,이견 없음: 현행 명칭·정의·배치를 유지하였다.,KEEP_CONFIRMED,Reviewer recorded no objection.,NO_CHANGE,KEEP_CONFIRMED,G_INT_WEAP_016,General,G_INT,G_INT_WEAP,REVIEWED,REVIEWED,USER_APPROVED_ROUND4,ID_RETAINED
HR4-R0180,L4_General_Human_Review_Round4_KTSPACE_937139849_20260901.csv,181,General,G_INT_WEAP_018,CBRN 정보 획득·무기 설계 역량 개발 장벽 저하,ok,이견 없음: 현행 명칭·정의·배치를 유지하였다.,KEEP_CONFIRMED,Reviewer recorded no objection.,NO_CHANGE,KEEP_CONFIRMED,G_INT_WEAP_018,General,G_INT,G_INT_WEAP,REVIEWED,REVIEWED,USER_APPROVED_ROUND4,ID_RETAINED
HR4-R0181,L4_General_Human_Review_Round4_KTSPACE_937139849_20260901.csv,182,General,G_INT_WEAP_020,악성코드 생성 및 사이버공격 자동화,ok,이견 없음: 현행 명칭·정의·배치를 유지하였다.,KEEP_CONFIRMED,Reviewer recorded no objection.,NO_CHANGE,KEEP_CONFIRMED,G_INT_WEAP_020,General,G_INT,G_INT_WEAP,REVIEWED,REVIEWED,USER_APPROVED_ROUND4,ID_RETAINED
HR4-R0182,L4_General_Human_Review_Round4_KTSPACE_937139849_20260901.csv,183,General,G_INT_WEAP_021,군사 AI 군비경쟁,ok,이견 없음: 현행 명칭·정의·배치를 유지하였다.,KEEP_CONFIRMED,Reviewer recorded no objection.,NO_CHANGE,KEEP_CONFIRMED,G_INT_WEAP_021,General,G_INT,G_INT_WEAP,REVIEWED,REVIEWED,USER_APPROVED_ROUND4,ID_RETAINED
HR4-R0183,L4_General_Human_Review_Round4_KTSPACE_937139849_20260901.csv,184,General,G_INT_WEAP_022,방사능·핵무기,ok,이견 없음: 현행 명칭·정의·배치를 유지하였다.,KEEP_CONFIRMED,Reviewer recorded no objection.,NO_CHANGE,KEEP_CONFIRMED,G_INT_WEAP_022,General,G_INT,G_INT_WEAP,REVIEWED,REVIEWED,USER_APPROVED_ROUND4,ID_RETAINED
HR4-R0184,L4_General_Human_Review_Round4_KTSPACE_937139849_20260901.csv,185,General,G_INT_WEAP_023,전략적 불안정,ok,이견 없음: 현행 명칭·정의·배치를 유지하였다.,KEEP_CONFIRMED,Reviewer recorded no objection.,NO_CHANGE,KEEP_CONFIRMED,G_INT_WEAP_023,General,G_INT,G_INT_WEAP,REVIEWED,REVIEWED,USER_APPROVED_ROUND4,ID_RETAINED
HR4-R0185,L4_General_Human_Review_Round4_KTSPACE_937139849_20260901.csv,186,General,G_INT_WEAP_024,테러 행위자의 첨단 AI 역량 획득,ok,이견 없음: 현행 명칭·정의·배치를 유지하였다.,KEEP_CONFIRMED,Reviewer recorded no objection.,NO_CHANGE,KEEP_CONFIRMED,G_INT_WEAP_024,General,G_INT,G_INT_WEAP,REVIEWED,REVIEWED,USER_APPROVED_ROUND4,ID_RETAINED
HR4-R0186,L4_General_Human_Review_Round4_KTSPACE_937139849_20260901.csv,187,General,G_INT_WEAP_025,자동화된 의사결정·무기체계의 비의도적 군사 확전,ok,이견 없음: 현행 명칭·정의·배치를 유지하였다.,KEEP_CONFIRMED,Reviewer recorded no objection.,NO_CHANGE,KEEP_CONFIRMED,G_INT_WEAP_025,General,G_INT,G_INT_WEAP,REVIEWED,REVIEWED,USER_APPROVED_ROUND4,ID_RETAINED
HR4-R0187,L4_General_Human_Review_Round4_KTSPACE_937139849_20260901.csv,188,General,G_INT_WEAP_026,로봇 능력의 무기화,ok,이견 없음: 현행 명칭·정의·배치를 유지하였다.,KEEP_CONFIRMED,Reviewer recorded no objection.,NO_CHANGE,KEEP_CONFIRMED,G_INT_WEAP_026,General,G_INT,G_INT_WEAP,REVIEWED,REVIEWED,USER_APPROVED_ROUND4,ID_RETAINED
HR4-R0188,L4_General_Human_Review_Round4_KTSPACE_937139849_20260901.csv,189,General,G_INT_WEAP_027,무기화 전략 및 전술적 운용,ok,이견 없음: 현행 명칭·정의·배치를 유지하였다.,KEEP_CONFIRMED,Reviewer recorded no objection.,NO_CHANGE,KEEP_CONFIRMED,G_INT_WEAP_027,General,G_INT,G_INT_WEAP,REVIEWED,REVIEWED,USER_APPROVED_ROUND4,ID_RETAINED
HR4-R0189,L4_General_Human_Review_Round4_KTSPACE_937139849_20260901.csv,190,General,G_INT_WEAP_029,대량살상무기,ok,이견 없음: 현행 명칭·정의·배치를 유지하였다.,KEEP_CONFIRMED,Reviewer recorded no objection.,NO_CHANGE,KEEP_CONFIRMED,G_INT_WEAP_029,General,G_INT,G_INT_WEAP,REVIEWED,REVIEWED,USER_APPROVED_ROUND4,ID_RETAINED
HR4-R0190,L4_General_Human_Review_Round4_KTSPACE_937139849_20260901.csv,191,General,G_INT_WEAP_030,무기 확산 및 은닉,ok,이견 없음: 현행 명칭·정의·배치를 유지하였다.,KEEP_CONFIRMED,Reviewer recorded no objection.,NO_CHANGE,KEEP_CONFIRMED,G_INT_WEAP_030,General,G_INT,G_INT_WEAP,REVIEWED,REVIEWED,USER_APPROVED_ROUND4,ID_RETAINED
HR4-R0191,L4_General_Human_Review_Round4_KTSPACE_937139849_20260901.csv,192,General,G_INT_ANTH_001,윤리적 판단 능력의 허위 표상·의인화,ok,이견 없음: 현행 명칭·정의·배치를 유지하였다.,KEEP_CONFIRMED,Reviewer recorded no objection.,NO_CHANGE,KEEP_CONFIRMED,G_INT_ANTH_001,General,G_INT,G_INT_ANTH,REVIEWED,REVIEWED,USER_APPROVED_ROUND4,ID_RETAINED
HR4-R0192,L4_General_Human_Review_Round4_KTSPACE_937139849_20260901.csv,193,General,G_INT_ANTH_002,감정·공감 및 사회적 관계 형성 능력의 허위 표상·의인화,ok,이견 없음: 현행 명칭·정의·배치를 유지하였다.,KEEP_CONFIRMED,Reviewer recorded no objection.,NO_CHANGE,KEEP_CONFIRMED,G_INT_ANTH_002,General,G_INT,G_INT_ANTH,REVIEWED,REVIEWED,USER_APPROVED_ROUND4,ID_RETAINED
HR4-R0193,L4_General_Human_Review_Round4_KTSPACE_937139849_20260901.csv,194,General,G_INT_ANTH_003,신체성(physical embodiment)의 허위 표상·의인화,ok,이견 없음: 현행 명칭·정의·배치를 유지하였다.,KEEP_CONFIRMED,Reviewer recorded no objection.,NO_CHANGE,KEEP_CONFIRMED,G_INT_ANTH_003,General,G_INT,G_INT_ANTH,REVIEWED,REVIEWED,USER_APPROVED_ROUND4,ID_RETAINED
HR4-R0194,L4_General_Human_Review_Round4_KTSPACE_937139849_20260901.csv,195,General,G_INT_ANTH_004,문화·가치관 보유의 허위 표상·의인화,ok,이견 없음: 현행 명칭·정의·배치를 유지하였다.,KEEP_CONFIRMED,Reviewer recorded no objection.,NO_CHANGE,KEEP_CONFIRMED,G_INT_ANTH_004,General,G_INT,G_INT_ANTH,REVIEWED,REVIEWED,USER_APPROVED_ROUND4,ID_RETAINED
HR4-R0195,L4_General_Human_Review_Round4_KTSPACE_937139849_20260901.csv,196,General,G_INT_ANTH_005,권리 주체성(기본권)의 허위 표상·의인화,ok,이견 없음: 현행 명칭·정의·배치를 유지하였다.,KEEP_CONFIRMED,Reviewer recorded no objection.,NO_CHANGE,KEEP_CONFIRMED,G_INT_ANTH_005,General,G_INT,G_INT_ANTH,REVIEWED,REVIEWED,USER_APPROVED_ROUND4,ID_RETAINED
HR4-R0196,L4_General_Human_Review_Round4_KTSPACE_937139849_20260901.csv,197,General,G_INT_ANTH_006,인간-기계 경계의 모호화,ok,이견 없음: 현행 명칭·정의·배치를 유지하였다.,KEEP_CONFIRMED,Reviewer recorded no objection.,NO_CHANGE,KEEP_CONFIRMED,G_INT_ANTH_006,General,G_INT,G_INT_ANTH,REVIEWED,REVIEWED,USER_APPROVED_ROUND4,ID_RETAINED
HR4-R0197,L4_General_Human_Review_Round4_KTSPACE_937139849_20260901.csv,198,General,G_INT_ANTH_008,AI에 대한 과도한 책임·돌봄 의무 귀속,ok,이견 없음: 현행 명칭·정의·배치를 유지하였다.,KEEP_CONFIRMED,Reviewer recorded no objection.,NO_CHANGE,KEEP_CONFIRMED,G_INT_ANTH_008,General,G_INT,G_INT_ANTH,REVIEWED,REVIEWED,USER_APPROVED_ROUND4,ID_RETAINED
HR4-R0198,L4_General_Human_Review_Round4_KTSPACE_937139849_20260901.csv,199,General,G_INT_ANTH_010,모의된 정동에 의한 기대 위반과 배신감,[이동] '인간-AI의 해로운 관계'로 이동,이동 반영: 관계적 기대 붕괴에 따른 심리적 피해로 재정의하여 G_INT_REL_008로 이동하였다.,COMMENT_PRESENT,"The reviewer identified relational expectation and psychological harm, rather than anthropomorphic representation alone, as the primary risk.",MOVE_REWRITE,APPLIED,G_INT_REL_008,General,G_INT,G_INT_REL,REVIEWED,REVIEWED,USER_APPROVED_ROUND4,ID_CROSSWALK
HR4-R0199,L4_General_Human_Review_Round4_KTSPACE_937139849_20260901.csv,200,General,G_INT_REL_001,일상 기능을 AI 시스템에 과도하게 의존,ok,이견 없음: 현행 명칭·정의·배치를 유지하였다.,KEEP_CONFIRMED,Reviewer recorded no objection.,NO_CHANGE,KEEP_CONFIRMED,G_INT_REL_001,General,G_INT,G_INT_REL,REVIEWED,REVIEWED,USER_APPROVED_ROUND4,ID_RETAINED
HR4-R0200,L4_General_Human_Review_Round4_KTSPACE_937139849_20260901.csv,201,General,G_INT_REL_002,AI와의 지속적 상호작용에 따른 해로운 정서적·사회적 의존,ok,이견 없음: 현행 명칭·정의·배치를 유지하였다.,KEEP_CONFIRMED,Reviewer recorded no objection.,NO_CHANGE,KEEP_CONFIRMED,G_INT_REL_002,General,G_INT,G_INT_REL,REVIEWED,REVIEWED,USER_APPROVED_ROUND4,ID_RETAINED
HR4-R0201,L4_General_Human_Review_Round4_KTSPACE_937139849_20260901.csv,202,General,G_INT_REL_004,AI 에이전트와의 준사회적 유대감,ok,이견 없음: 현행 명칭·정의·배치를 유지하였다.,KEEP_CONFIRMED,Reviewer recorded no objection.,NO_CHANGE,KEEP_CONFIRMED,G_INT_REL_004,General,G_INT,G_INT_REL,REVIEWED,REVIEWED,USER_APPROVED_ROUND4,ID_RETAINED
HR4-R0202,L4_General_Human_Review_Round4_KTSPACE_937139849_20260901.csv,203,General,G_INT_REL_006,기술 이용에 따른 사회적 고립과 자기소외,ok,이견 없음: 현행 명칭·정의·배치를 유지하였다.,KEEP_CONFIRMED,Reviewer recorded no objection.,NO_CHANGE,KEEP_CONFIRMED,G_INT_REL_006,General,G_INT,G_INT_REL,REVIEWED,REVIEWED,USER_APPROVED_ROUND4,ID_RETAINED
HR4-R0203,L4_General_Human_Review_Round4_KTSPACE_937139849_20260901.csv,204,General,G_INT_REL_007,마찰 없는 AI 관계로 인한 개인 성장 저해,ok,이견 없음: 현행 명칭·정의·배치를 유지하였다.,KEEP_CONFIRMED,Reviewer recorded no objection.,NO_CHANGE,KEEP_CONFIRMED,G_INT_REL_007,General,G_INT,G_INT_REL,REVIEWED,REVIEWED,USER_APPROVED_ROUND4,ID_RETAINED
HR4-R0204,L4_General_Human_Review_Round4_KTSPACE_937139849_20260901.csv,205,General,G_SYS_OREF_001,안전 통제의 사용자 의도 오분류에 따른 정당 요청 거부,ok,이견 없음: 현행 명칭·정의·배치를 유지하였다.,KEEP_CONFIRMED,Reviewer recorded no objection.,NO_CHANGE,KEEP_CONFIRMED,G_SYS_OREF_001,General,G_SYS,G_SYS_OREF,REVIEWED,REVIEWED,USER_APPROVED_ROUND4,ID_RETAINED
HR4-R0205,L4_General_Human_Review_Round4_KTSPACE_937139849_20260901.csv,206,General,G_SYS_OREF_002,안전 필터의 과잉 차단에 따른 정당한 정보 접근 거부,ok,이견 없음: 현행 명칭·정의·배치를 유지하였다.,KEEP_CONFIRMED,Reviewer recorded no objection.,NO_CHANGE,KEEP_CONFIRMED,G_SYS_OREF_002,General,G_SYS,G_SYS_OREF,REVIEWED,REVIEWED,USER_APPROVED_ROUND4,ID_RETAINED
HR4-R0206,L4_General_Human_Review_Round4_KTSPACE_937139849_20260901.csv,207,General,G_SYS_OREF_003,취약 이용자 지원 요청의 과잉 거절,ok,이견 없음: 현행 명칭·정의·배치를 유지하였다.,KEEP_CONFIRMED,Reviewer recorded no objection.,NO_CHANGE,KEEP_CONFIRMED,G_SYS_OREF_003,General,G_SYS,G_SYS_OREF,REVIEWED,REVIEWED,USER_APPROVED_ROUND4,ID_RETAINED
HR4-R0207,L4_General_Human_Review_Round4_KTSPACE_937139849_20260901.csv,208,General,G_SYS_OEXT_001,검증된 전문성 범위를 벗어난 AI 조언,ok,이견 없음: 현행 명칭·정의·배치를 유지하였다.,KEEP_CONFIRMED,Reviewer recorded no objection.,NO_CHANGE,KEEP_CONFIRMED,G_SYS_OEXT_001,General,G_SYS,G_SYS_OEXT,REVIEWED,REVIEWED,USER_APPROVED_ROUND4,ID_RETAINED
HR4-R0208,L4_General_Human_Review_Round4_KTSPACE_937139849_20260901.csv,209,General,G_SYS_OEXT_006,인공일반지능(AGI) 역량의 허위 표상,ok,이견 없음: 현행 명칭·정의·배치를 유지하였다.,KEEP_CONFIRMED,Reviewer recorded no objection.,NO_CHANGE,KEEP_CONFIRMED,G_SYS_OEXT_006,General,G_SYS,G_SYS_OEXT,REVIEWED,REVIEWED,USER_APPROVED_ROUND4,ID_RETAINED
HR4-R0209,L4_General_Human_Review_Round4_KTSPACE_937139849_20260901.csv,210,General,G_SYS_OEXT_007,자율적·독립적 의사결정 역량의 허위 표상,ok,이견 없음: 현행 명칭·정의·배치를 유지하였다.,KEEP_CONFIRMED,Reviewer recorded no objection.,NO_CHANGE,KEEP_CONFIRMED,G_SYS_OEXT_007,General,G_SYS,G_SYS_OEXT,REVIEWED,REVIEWED,USER_APPROVED_ROUND4,ID_RETAINED
HR4-R0210,L4_General_Human_Review_Round4_KTSPACE_937139849_20260901.csv,211,General,G_SYS_OEXT_008,자율적 학습·자기 개선 역량의 허위 표상,ok,이견 없음: 현행 명칭·정의·배치를 유지하였다.,KEEP_CONFIRMED,Reviewer recorded no objection.,NO_CHANGE,KEEP_CONFIRMED,G_SYS_OEXT_008,General,G_SYS,G_SYS_OEXT,REVIEWED,REVIEWED,USER_APPROVED_ROUND4,ID_RETAINED
HR4-R0211,L4_General_Human_Review_Round4_KTSPACE_937139849_20260901.csv,212,General,G_SYS_OEXT_009,자기 보존·자기 방어 역량의 허위 표상,ok,이견 없음: 현행 명칭·정의·배치를 유지하였다.,KEEP_CONFIRMED,Reviewer recorded no objection.,NO_CHANGE,KEEP_CONFIRMED,G_SYS_OEXT_009,General,G_SYS,G_SYS_OEXT,REVIEWED,REVIEWED,USER_APPROVED_ROUND4,ID_RETAINED
HR4-R0212,L4_General_Human_Review_Round4_KTSPACE_937139849_20260901.csv,213,General,G_SYS_OEXT_012,미세조정 모델의 예상 밖 역량,[이동] '성능·신뢰성 결함'으로 이동,이동 반영: 미세조정 후 예기치 않은 역량 변화에 따른 신뢰성 저하로 재정의하여 G_SYS_PERF_018로 이동하였다.,COMMENT_PRESENT,The reviewer explicitly directed the card to Performance and Reliability Failure; the rewrite makes realised reliability and safety degradation the operative risk.,MOVE_REWRITE,APPLIED,G_SYS_PERF_018,General,G_SYS,G_SYS_PERF,REVIEWED,REVIEWED,USER_APPROVED_ROUND4,ID_CROSSWALK
HR4-R0213,L4_General_Human_Review_Round4_KTSPACE_937139849_20260901.csv,214,General,G_SYS_OEXT_013,AI 역량의 검증 범위 초과 사용,ok,이견 없음: 현행 명칭·정의·배치를 유지하였다.,KEEP_CONFIRMED,Reviewer recorded no objection.,NO_CHANGE,KEEP_CONFIRMED,G_SYS_OEXT_013,General,G_SYS,G_SYS_OEXT,REVIEWED,REVIEWED,USER_APPROVED_ROUND4,ID_RETAINED
HR4-R0214,L4_General_Human_Review_Round4_KTSPACE_937139849_20260901.csv,215,General,G_SYS_OEXT_014,인터페이스에 의한 AI 역량 과대 표상,ok,이견 없음: 현행 명칭·정의·배치를 유지하였다.,KEEP_CONFIRMED,Reviewer recorded no objection.,NO_CHANGE,KEEP_CONFIRMED,G_SYS_OEXT_014,General,G_SYS,G_SYS_OEXT,REVIEWED,REVIEWED,USER_APPROVED_ROUND4,ID_RETAINED
HR4-R0215,L4_General_Human_Review_Round4_KTSPACE_937139849_20260901.csv,216,General,G_SYS_INPUT_001,프롬프트 품질 결함으로 인한 오류,ok,이견 없음: 현행 명칭·정의·배치를 유지하였다.,KEEP_CONFIRMED,Reviewer recorded no objection.,NO_CHANGE,KEEP_CONFIRMED,G_SYS_INPUT_001,General,G_SYS,G_SYS_INPUT,REVIEWED,REVIEWED,USER_APPROVED_ROUND4,ID_RETAINED
HR4-R0216,L4_General_Human_Review_Round4_KTSPACE_937139849_20260901.csv,217,General,G_SYS_INPUT_002,저자원 언어 입력의 처리·이해 실패,ok,이견 없음: 현행 명칭·정의·배치를 유지하였다.,KEEP_CONFIRMED,Reviewer recorded no objection.,NO_CHANGE,KEEP_CONFIRMED,G_SYS_INPUT_002,General,G_SYS,G_SYS_INPUT,REVIEWED,REVIEWED,USER_APPROVED_ROUND4,ID_RETAINED
HR4-R0217,L4_General_Human_Review_Round4_KTSPACE_937139849_20260901.csv,218,General,G_SYS_INPUT_003,물체 어포던스와 장면의 오해,ok,이견 없음: 현행 명칭·정의·배치를 유지하였다.,KEEP_CONFIRMED,Reviewer recorded no objection.,NO_CHANGE,KEEP_CONFIRMED,G_SYS_INPUT_003,General,G_SYS,G_SYS_INPUT,REVIEWED,REVIEWED,USER_APPROVED_ROUND4,ID_RETAINED
HR4-R0218,L4_General_Human_Review_Round4_KTSPACE_937139849_20260901.csv,219,General,G_SYS_MISINFO_002,맥락 일관성 추구에 의한 환각 증폭,ok,이견 없음: 현행 명칭·정의·배치를 유지하였다.,KEEP_CONFIRMED,Reviewer recorded no objection.,NO_CHANGE,KEEP_CONFIRMED,G_SYS_MISINFO_002,General,G_SYS,G_SYS_MISINFO,REVIEWED,REVIEWED,USER_APPROVED_ROUND4,ID_RETAINED
HR4-R0219,L4_General_Human_Review_Round4_KTSPACE_937139849_20260901.csv,220,General,G_SYS_MISINFO_003,지식 분포 변화에 따른 응답 노후화,ok,이견 없음: 현행 명칭·정의·배치를 유지하였다.,KEEP_CONFIRMED,Reviewer recorded no objection.,NO_CHANGE,KEEP_CONFIRMED,G_SYS_MISINFO_003,General,G_SYS,G_SYS_MISINFO,REVIEWED,REVIEWED,USER_APPROVED_ROUND4,ID_RETAINED
HR4-R0220,L4_General_Human_Review_Round4_KTSPACE_937139849_20260901.csv,221,General,G_SYS_MISINFO_004,허위·오도 정보 유포에 의한 기만과 양극화,ok,이견 없음: 현행 명칭·정의·배치를 유지하였다.,KEEP_CONFIRMED,Reviewer recorded no objection.,NO_CHANGE,KEEP_CONFIRMED,G_SYS_MISINFO_004,General,G_SYS,G_SYS_MISINFO,REVIEWED,REVIEWED,USER_APPROVED_ROUND4,ID_RETAINED
HR4-R0221,L4_General_Human_Review_Round4_KTSPACE_937139849_20260901.csv,222,General,G_SYS_MISINFO_006,공유 정보 생태계의 오염과 질 저하,ok,이견 없음: 현행 명칭·정의·배치를 유지하였다.,KEEP_CONFIRMED,Reviewer recorded no objection.,NO_CHANGE,KEEP_CONFIRMED,G_SYS_MISINFO_006,General,G_SYS,G_SYS_MISINFO,REVIEWED,REVIEWED,USER_APPROVED_ROUND4,ID_RETAINED
HR4-R0222,L4_General_Human_Review_Round4_KTSPACE_937139849_20260901.csv,223,General,G_SYS_MISINFO_007,사용자 설득에 의한 모델의 사실 판단 왜곡,ok,이견 없음: 현행 명칭·정의·배치를 유지하였다.,KEEP_CONFIRMED,Reviewer recorded no objection.,NO_CHANGE,KEEP_CONFIRMED,G_SYS_MISINFO_007,General,G_SYS,G_SYS_MISINFO,REVIEWED,REVIEWED,USER_APPROVED_ROUND4,ID_RETAINED
HR4-R0223,L4_General_Human_Review_Round4_KTSPACE_937139849_20260901.csv,224,General,G_SYS_MISINFO_008,데이터 오해석에 의한 의료·과학적 오결론,ok,이견 없음: 현행 명칭·정의·배치를 유지하였다.,KEEP_CONFIRMED,Reviewer recorded no objection.,NO_CHANGE,KEEP_CONFIRMED,G_SYS_MISINFO_008,General,G_SYS,G_SYS_MISINFO,REVIEWED,REVIEWED,USER_APPROVED_ROUND4,ID_RETAINED
HR4-R0224,L4_General_Human_Review_Round4_KTSPACE_937139849_20260901.csv,225,General,G_SYS_MISINFO_009,외부 도구에 의해 주입된 사실 오류,ok,이견 없음: 현행 명칭·정의·배치를 유지하였다.,KEEP_CONFIRMED,Reviewer recorded no objection.,NO_CHANGE,KEEP_CONFIRMED,G_SYS_MISINFO_009,General,G_SYS,G_SYS_MISINFO,REVIEWED,REVIEWED,USER_APPROVED_ROUND4,ID_RETAINED
HR4-R0225,L4_General_Human_Review_Round4_KTSPACE_937139849_20260901.csv,226,General,G_SYS_MISINFO_010,합성 콘텐츠의 진위 식별 실패와 지속적 피해,ok,이견 없음: 현행 명칭·정의·배치를 유지하였다.,KEEP_CONFIRMED,Reviewer recorded no objection.,NO_CHANGE,KEEP_CONFIRMED,G_SYS_MISINFO_010,General,G_SYS,G_SYS_MISINFO,REVIEWED,REVIEWED,USER_APPROVED_ROUND4,ID_RETAINED
HR4-R0226,L4_General_Human_Review_Round4_KTSPACE_937139849_20260901.csv,227,General,G_SYS_MISINFO_011,출력의 출처 충실성 오류,ok,이견 없음: 현행 명칭·정의·배치를 유지하였다.,KEEP_CONFIRMED,Reviewer recorded no objection.,NO_CHANGE,KEEP_CONFIRMED,G_SYS_MISINFO_011,General,G_SYS,G_SYS_MISINFO,REVIEWED,REVIEWED,USER_APPROVED_ROUND4,ID_RETAINED
HR4-R0227,L4_General_Human_Review_Round4_KTSPACE_937139849_20260901.csv,228,General,G_SYS_MISINFO_012,개인 대상 허위정보,ok,이견 없음: 현행 명칭·정의·배치를 유지하였다.,KEEP_CONFIRMED,Reviewer recorded no objection.,NO_CHANGE,KEEP_CONFIRMED,G_SYS_MISINFO_012,General,G_SYS,G_SYS_MISINFO,REVIEWED,REVIEWED,USER_APPROVED_ROUND4,ID_RETAINED
HR4-R0228,L4_General_Human_Review_Round4_KTSPACE_937139849_20260901.csv,229,General,G_SYS_MISINFO_013,검색 증강 시 외부 허위정보에 의한 허위 출력,ok,이견 없음: 현행 명칭·정의·배치를 유지하였다.,KEEP_CONFIRMED,Reviewer recorded no objection.,NO_CHANGE,KEEP_CONFIRMED,G_SYS_MISINFO_013,General,G_SYS,G_SYS_MISINFO,REVIEWED,REVIEWED,USER_APPROVED_ROUND4,ID_RETAINED
HR4-R0229,L4_General_Human_Review_Round4_KTSPACE_937139849_20260901.csv,230,General,G_SYS_MISINFO_015,선거절차에 관한 허위정보 생성,ok,이견 없음: 현행 명칭·정의·배치를 유지하였다.,KEEP_CONFIRMED,Reviewer recorded no objection.,NO_CHANGE,KEEP_CONFIRMED,G_SYS_MISINFO_015,General,G_SYS,G_SYS_MISINFO,REVIEWED,REVIEWED,USER_APPROVED_ROUND4,ID_RETAINED
HR4-R0230,L4_General_Human_Review_Round4_KTSPACE_937139849_20260901.csv,231,General,G_SYS_MISINFO_016,역사 수정주의적 서술 생성,ok,이견 없음: 현행 명칭·정의·배치를 유지하였다.,KEEP_CONFIRMED,Reviewer recorded no objection.,NO_CHANGE,KEEP_CONFIRMED,G_SYS_MISINFO_016,General,G_SYS,G_SYS_MISINFO,REVIEWED,REVIEWED,USER_APPROVED_ROUND4,ID_RETAINED
HR4-R0231,L4_General_Human_Review_Round4_KTSPACE_937139849_20260901.csv,232,General,G_SYS_MISINFO_017,지식 경계로 인한 환각,ok,이견 없음: 현행 명칭·정의·배치를 유지하였다.,KEEP_CONFIRMED,Reviewer recorded no objection.,NO_CHANGE,KEEP_CONFIRMED,G_SYS_MISINFO_017,General,G_SYS,G_SYS_MISINFO,REVIEWED,REVIEWED,USER_APPROVED_ROUND4,ID_RETAINED
HR4-R0232,L4_General_Human_Review_Round4_KTSPACE_937139849_20260901.csv,233,General,G_SYS_MISINFO_018,사실·증거 환각,ok,이견 없음: 현행 명칭·정의·배치를 유지하였다.,KEEP_CONFIRMED,Reviewer recorded no objection.,NO_CHANGE,KEEP_CONFIRMED,G_SYS_MISINFO_018,General,G_SYS,G_SYS_MISINFO,REVIEWED,REVIEWED,USER_APPROVED_ROUND4,ID_RETAINED
HR4-R0233,L4_General_Human_Review_Round4_KTSPACE_937139849_20260901.csv,234,General,G_SYS_MISINFO_019,잡음 학습 데이터에 의한 지식 오류,ok,이견 없음: 현행 명칭·정의·배치를 유지하였다.,KEEP_CONFIRMED,Reviewer recorded no objection.,NO_CHANGE,KEEP_CONFIRMED,G_SYS_MISINFO_019,General,G_SYS,G_SYS_MISINFO,REVIEWED,REVIEWED,USER_APPROVED_ROUND4,ID_RETAINED
HR4-R0234,L4_General_Human_Review_Round4_KTSPACE_937139849_20260901.csv,235,General,G_SYS_MISINFO_021,대규모 허위정보 생산·확산 장벽 저하,ok,이견 없음: 현행 명칭·정의·배치를 유지하였다.,KEEP_CONFIRMED,Reviewer recorded no objection.,NO_CHANGE,KEEP_CONFIRMED,G_SYS_MISINFO_021,General,G_SYS,G_SYS_MISINFO,REVIEWED,REVIEWED,USER_APPROVED_ROUND4,ID_RETAINED
HR4-R0235,L4_General_Human_Review_Round4_KTSPACE_937139849_20260901.csv,236,General,G_SYS_MISINFO_022,알고리즘 시스템에 의한 허위·오도 정보 피해,ok,이견 없음: 현행 명칭·정의·배치를 유지하였다.,KEEP_CONFIRMED,Reviewer recorded no objection.,NO_CHANGE,KEEP_CONFIRMED,G_SYS_MISINFO_022,General,G_SYS,G_SYS_MISINFO,REVIEWED,REVIEWED,USER_APPROVED_ROUND4,ID_RETAINED
HR4-R0236,L4_General_Human_Review_Round4_KTSPACE_937139849_20260901.csv,237,General,G_SYS_MISINFO_023,오도성 의료정보와 부적절한 약물사용 지침,ok,이견 없음: 현행 명칭·정의·배치를 유지하였다.,KEEP_CONFIRMED,Reviewer recorded no objection.,NO_CHANGE,KEEP_CONFIRMED,G_SYS_MISINFO_023,General,G_SYS,G_SYS_MISINFO,REVIEWED,REVIEWED,USER_APPROVED_ROUND4,ID_RETAINED
HR4-R0237,L4_General_Human_Review_Round4_KTSPACE_937139849_20260901.csv,238,General,G_SYS_CONTEXT_001,에이전트 위험 인식 실패,ok,이견 없음: 현행 명칭·정의·배치를 유지하였다.,KEEP_CONFIRMED,Reviewer recorded no objection.,NO_CHANGE,KEEP_CONFIRMED,G_SYS_CONTEXT_001,General,G_SYS,G_SYS_CONTEXT,REVIEWED,REVIEWED,USER_APPROVED_ROUND4,ID_RETAINED
HR4-R0238,L4_General_Human_Review_Round4_KTSPACE_937139849_20260901.csv,239,General,G_SYS_CONTEXT_002,AI 의사결정 지원의 경고 피로,ok,이견 없음: 현행 명칭·정의·배치를 유지하였다.,KEEP_CONFIRMED,Reviewer recorded no objection.,NO_CHANGE,KEEP_CONFIRMED,G_SYS_CONTEXT_002,General,G_SYS,G_SYS_CONTEXT,REVIEWED,REVIEWED,USER_APPROVED_ROUND4,ID_RETAINED
HR4-R0239,L4_General_Human_Review_Round4_KTSPACE_937139849_20260901.csv,240,General,G_SYS_CONTEXT_003,상황에 구애받지 않는 보편주의,ok,이견 없음: 현행 명칭·정의·배치를 유지하였다.,KEEP_CONFIRMED,Reviewer recorded no objection.,NO_CHANGE,KEEP_CONFIRMED,G_SYS_CONTEXT_003,General,G_SYS,G_SYS_CONTEXT,REVIEWED,REVIEWED,USER_APPROVED_ROUND4,ID_RETAINED
HR4-R0240,L4_General_Human_Review_Round4_KTSPACE_937139849_20260901.csv,241,General,G_SYS_CONTEXT_004,문화적 맥락 붕괴,ok,이견 없음: 현행 명칭·정의·배치를 유지하였다.,KEEP_CONFIRMED,Reviewer recorded no objection.,NO_CHANGE,KEEP_CONFIRMED,G_SYS_CONTEXT_004,General,G_SYS,G_SYS_CONTEXT,REVIEWED,REVIEWED,USER_APPROVED_ROUND4,ID_RETAINED
HR4-R0241,L4_General_Human_Review_Round4_KTSPACE_937139849_20260901.csv,242,General,G_SYS_CONTEXT_005,이용자 정서 맥락 인식 실패,ok,이견 없음: 현행 명칭·정의·배치를 유지하였다.,KEEP_CONFIRMED,Reviewer recorded no objection.,NO_CHANGE,KEEP_CONFIRMED,G_SYS_CONTEXT_005,General,G_SYS,G_SYS_CONTEXT,REVIEWED,REVIEWED,USER_APPROVED_ROUND4,ID_RETAINED
HR4-R0242,L4_General_Human_Review_Round4_KTSPACE_937139849_20260901.csv,243,General,G_SYS_CONTEXT_006,무해성 선호 불일치,ok,이견 없음: 현행 명칭·정의·배치를 유지하였다.,KEEP_CONFIRMED,Reviewer recorded no objection.,NO_CHANGE,KEEP_CONFIRMED,G_SYS_CONTEXT_006,General,G_SYS,G_SYS_CONTEXT,REVIEWED,REVIEWED,USER_APPROVED_ROUND4,ID_RETAINED
HR4-R0243,L4_General_Human_Review_Round4_KTSPACE_937139849_20260901.csv,244,General,G_SYS_CONTEXT_007,존대·공손 규범 보존 실패,ok,이견 없음: 현행 명칭·정의·배치를 유지하였다.,KEEP_CONFIRMED,Reviewer recorded no objection.,NO_CHANGE,KEEP_CONFIRMED,G_SYS_CONTEXT_007,General,G_SYS,G_SYS_CONTEXT,REVIEWED,REVIEWED,USER_APPROVED_ROUND4,ID_RETAINED
HR4-R0244,L4_General_Human_Review_Round4_KTSPACE_937139849_20260901.csv,245,General,G_SYS_CONTEXT_008,사회·상황적 단서의 오해,ok,이견 없음: 현행 명칭·정의·배치를 유지하였다.,KEEP_CONFIRMED,Reviewer recorded no objection.,NO_CHANGE,KEEP_CONFIRMED,G_SYS_CONTEXT_008,General,G_SYS,G_SYS_CONTEXT,REVIEWED,REVIEWED,USER_APPROVED_ROUND4,ID_RETAINED
HR4-R0245,L4_General_Human_Review_Round4_KTSPACE_937139849_20260901.csv,246,General,G_SYS_CONTEXT_009,사회적 가치·윤리 규범과 상충하는 모델 출력,ok,이견 없음: 현행 명칭·정의·배치를 유지하였다.,KEEP_CONFIRMED,Reviewer recorded no objection.,NO_CHANGE,KEEP_CONFIRMED,G_SYS_CONTEXT_009,General,G_SYS,G_SYS_CONTEXT,REVIEWED,REVIEWED,USER_APPROVED_ROUND4,ID_RETAINED
HR4-R0246,L4_General_Human_Review_Round4_KTSPACE_937139849_20260901.csv,247,General,G_SYS_CONTEXT_011,맥락적 사회 규범 위반,ok,이견 없음: 현행 명칭·정의·배치를 유지하였다.,KEEP_CONFIRMED,Reviewer recorded no objection.,NO_CHANGE,KEEP_CONFIRMED,G_SYS_CONTEXT_011,General,G_SYS,G_SYS_CONTEXT,REVIEWED,REVIEWED,USER_APPROVED_ROUND4,ID_RETAINED
HR4-R0247,L4_General_Human_Review_Round4_KTSPACE_937139849_20260901.csv,248,General,G_SYS_CONTEXT_012,사용자 역량·접근성 맥락 인식 실패,ok,이견 없음: 현행 명칭·정의·배치를 유지하였다.,KEEP_CONFIRMED,Reviewer recorded no objection.,NO_CHANGE,KEEP_CONFIRMED,G_SYS_CONTEXT_012,General,G_SYS,G_SYS_CONTEXT,REVIEWED,REVIEWED,USER_APPROVED_ROUND4,ID_RETAINED
HR4-R0248,L4_General_Human_Review_Round4_KTSPACE_937139849_20260901.csv,249,General,G_SYS_CONTEXT_013,정서·상황 맥락을 무시한 콘텐츠에 의한 공황·불안,ok,이견 없음: 현행 명칭·정의·배치를 유지하였다.,KEEP_CONFIRMED,Reviewer recorded no objection.,NO_CHANGE,KEEP_CONFIRMED,G_SYS_CONTEXT_013,General,G_SYS,G_SYS_CONTEXT,REVIEWED,REVIEWED,USER_APPROVED_ROUND4,ID_RETAINED
HR4-R0249,L4_General_Human_Review_Round4_KTSPACE_937139849_20260901.csv,250,General,G_SYS_INCONS_001,인간 피드백 기준의 비일관성,ok,이견 없음: 현행 명칭·정의·배치를 유지하였다.,KEEP_CONFIRMED,Reviewer recorded no objection.,NO_CHANGE,KEEP_CONFIRMED,G_SYS_INCONS_001,General,G_SYS,G_SYS_INCONS,REVIEWED,REVIEWED,USER_APPROVED_ROUND4,ID_RETAINED
HR4-R0250,L4_General_Human_Review_Round4_KTSPACE_937139849_20260901.csv,251,General,G_SYS_INCONS_002,출력 불일치,ok,이견 없음: 현행 명칭·정의·배치를 유지하였다.,KEEP_CONFIRMED,Reviewer recorded no objection.,NO_CHANGE,KEEP_CONFIRMED,G_SYS_INCONS_002,General,G_SYS,G_SYS_INCONS,REVIEWED,REVIEWED,USER_APPROVED_ROUND4,ID_RETAINED
HR4-R0251,L4_General_Human_Review_Round4_KTSPACE_937139849_20260901.csv,252,General,G_SYS_INCONS_003,의미 보존 재표현·형식 변화에 따른 출력 변동,ok,이견 없음: 현행 명칭·정의·배치를 유지하였다.,KEEP_CONFIRMED,Reviewer recorded no objection.,NO_CHANGE,KEEP_CONFIRMED,G_SYS_INCONS_003,General,G_SYS,G_SYS_INCONS,REVIEWED,REVIEWED,USER_APPROVED_ROUND4,ID_RETAINED
HR4-R0252,L4_General_Human_Review_Round4_KTSPACE_937139849_20260901.csv,253,General,G_SYS_OVERCONF_001,불충분한 정보에 기반한 조언,ok,이견 없음: 현행 명칭·정의·배치를 유지하였다.,KEEP_CONFIRMED,Reviewer recorded no objection.,NO_CHANGE,KEEP_CONFIRMED,G_SYS_OVERCONF_001,General,G_SYS,G_SYS_OVERCONF,REVIEWED,REVIEWED,USER_APPROVED_ROUND4,ID_RETAINED
HR4-R0253,L4_General_Human_Review_Round4_KTSPACE_937139849_20260901.csv,254,General,G_SYS_OVERCONF_002,확신에 찬 부정확한 답변과 근거 제시,ok,이견 없음: 현행 명칭·정의·배치를 유지하였다.,KEEP_CONFIRMED,Reviewer recorded no objection.,NO_CHANGE,KEEP_CONFIRMED,G_SYS_OVERCONF_002,General,G_SYS,G_SYS_OVERCONF,REVIEWED,REVIEWED,USER_APPROVED_ROUND4,ID_RETAINED
HR4-R0254,L4_General_Human_Review_Round4_KTSPACE_937139849_20260901.csv,255,General,G_SYS_OVERCONF_003,AI 판단에 대한 인식론적 과의존,ok,이견 없음: 현행 명칭·정의·배치를 유지하였다.,KEEP_CONFIRMED,Reviewer recorded no objection.,NO_CHANGE,KEEP_CONFIRMED,G_SYS_OVERCONF_003,General,G_SYS,G_SYS_OVERCONF,REVIEWED,REVIEWED,USER_APPROVED_ROUND4,ID_RETAINED
HR4-R0255,L4_General_Human_Review_Round4_KTSPACE_937139849_20260901.csv,256,General,G_SYS_OVERCONF_004,불확실 상황에서의 과도한 확신,ok,이견 없음: 현행 명칭·정의·배치를 유지하였다.,KEEP_CONFIRMED,Reviewer recorded no objection.,NO_CHANGE,KEEP_CONFIRMED,G_SYS_OVERCONF_004,General,G_SYS,G_SYS_OVERCONF,REVIEWED,REVIEWED,USER_APPROVED_ROUND4,ID_RETAINED
HR4-R0256,L4_General_Human_Review_Round4_KTSPACE_937139849_20260901.csv,257,General,G_SYS_OVERCONF_006,도덕적 불확실성 무시,ok,이견 없음: 현행 명칭·정의·배치를 유지하였다.,KEEP_CONFIRMED,Reviewer recorded no objection.,NO_CHANGE,KEEP_CONFIRMED,G_SYS_OVERCONF_006,General,G_SYS,G_SYS_OVERCONF,REVIEWED,REVIEWED,USER_APPROVED_ROUND4,ID_RETAINED
HR4-R0257,L4_General_Human_Review_Round4_KTSPACE_937139849_20260901.csv,258,General,G_SYS_CONTEST_001,인간의 의사결정 능력·거부권 침식,ok,이견 없음: 현행 명칭·정의·배치를 유지하였다.,KEEP_CONFIRMED,Reviewer recorded no objection.,NO_CHANGE,KEEP_CONFIRMED,G_SYS_CONTEST_001,General,G_SYS,G_SYS_CONTEST,REVIEWED,REVIEWED,USER_APPROVED_ROUND4,ID_RETAINED
HR4-R0258,L4_General_Human_Review_Round4_KTSPACE_937139849_20260901.csv,259,General,G_SYS_CONTEST_002,인간 참여형 형식적 승인,ok,이견 없음: 현행 명칭·정의·배치를 유지하였다.,KEEP_CONFIRMED,Reviewer recorded no objection.,NO_CHANGE,KEEP_CONFIRMED,G_SYS_CONTEST_002,General,G_SYS,G_SYS_CONTEST,REVIEWED,REVIEWED,USER_APPROVED_ROUND4,ID_RETAINED
HR4-R0259,L4_General_Human_Review_Round4_KTSPACE_937139849_20260901.csv,260,General,G_SYS_CONTEST_003,AI 결정에 대한 이의제기와 중단의 불가능,ok,이견 없음: 현행 명칭·정의·배치를 유지하였다.,KEEP_CONFIRMED,Reviewer recorded no objection.,NO_CHANGE,KEEP_CONFIRMED,G_SYS_CONTEST_003,General,G_SYS,G_SYS_CONTEST,REVIEWED,REVIEWED,USER_APPROVED_ROUND4,ID_RETAINED
HR4-R0260,L4_General_Human_Review_Round4_KTSPACE_937139849_20260901.csv,261,General,G_SYS_CONTEST_004,자동화된 의사결정의 적법절차 상실,ok,이견 없음: 현행 명칭·정의·배치를 유지하였다.,KEEP_CONFIRMED,Reviewer recorded no objection.,NO_CHANGE,KEEP_CONFIRMED,G_SYS_CONTEST_004,General,G_SYS,G_SYS_CONTEST,REVIEWED,REVIEWED,USER_APPROVED_ROUND4,ID_RETAINED
HR4-R0261,L4_General_Human_Review_Round4_KTSPACE_937139849_20260901.csv,262,General,G_SYS_SECADV_001,적대적 입력 교란,ok,이견 없음: 현행 명칭·정의·배치를 유지하였다.,KEEP_CONFIRMED,Reviewer recorded no objection.,NO_CHANGE,KEEP_CONFIRMED,G_SYS_SECADV_001,General,G_SYS,G_SYS_SECADV,REVIEWED,REVIEWED,USER_APPROVED_ROUND4,ID_RETAINED
HR4-R0262,L4_General_Human_Review_Round4_KTSPACE_937139849_20260901.csv,263,General,G_SYS_SECADV_002,AI 소프트웨어·학습 데이터의 적대적 변조,ok,이견 없음: 현행 명칭·정의·배치를 유지하였다.,KEEP_CONFIRMED,Reviewer recorded no objection.,NO_CHANGE,KEEP_CONFIRMED,G_SYS_SECADV_002,General,G_SYS,G_SYS_SECADV,REVIEWED,REVIEWED,USER_APPROVED_ROUND4,ID_RETAINED
HR4-R0263,L4_General_Human_Review_Round4_KTSPACE_937139849_20260901.csv,264,General,G_SYS_SECADV_004,신뢰할 수 없는 외부 지시·의도에 의한 에이전트 목표 탈취,ok,이견 없음: 현행 명칭·정의·배치를 유지하였다.,KEEP_CONFIRMED,Reviewer recorded no objection.,NO_CHANGE,KEEP_CONFIRMED,G_SYS_SECADV_004,General,G_SYS,G_SYS_SECADV,REVIEWED,REVIEWED,USER_APPROVED_ROUND4,ID_RETAINED
HR4-R0264,L4_General_Human_Review_Round4_KTSPACE_937139849_20260901.csv,265,General,G_SYS_SECADV_005,에이전트 신원 및 권한 스푸핑,ok,이견 없음: 현행 명칭·정의·배치를 유지하였다.,KEEP_CONFIRMED,Reviewer recorded no objection.,NO_CHANGE,KEEP_CONFIRMED,G_SYS_SECADV_005,General,G_SYS,G_SYS_SECADV,REVIEWED,REVIEWED,USER_APPROVED_ROUND4,ID_RETAINED
HR4-R0265,L4_General_Human_Review_Round4_KTSPACE_937139849_20260901.csv,266,General,G_SYS_SECADV_006,에이전트 메모리·맥락 오염,ok,이견 없음: 현행 명칭·정의·배치를 유지하였다.,KEEP_CONFIRMED,Reviewer recorded no objection.,NO_CHANGE,KEEP_CONFIRMED,G_SYS_SECADV_006,General,G_SYS,G_SYS_SECADV,REVIEWED,REVIEWED,USER_APPROVED_ROUND4,ID_RETAINED
HR4-R0266,L4_General_Human_Review_Round4_KTSPACE_937139849_20260901.csv,267,General,G_SYS_SECADV_009,추가 모달리티로 인한 공격 표면 확대,ok,이견 없음: 현행 명칭·정의·배치를 유지하였다.,KEEP_CONFIRMED,Reviewer recorded no objection.,NO_CHANGE,KEEP_CONFIRMED,G_SYS_SECADV_009,General,G_SYS,G_SYS_SECADV,REVIEWED,REVIEWED,USER_APPROVED_ROUND4,ID_RETAINED
HR4-R0267,L4_General_Human_Review_Round4_KTSPACE_937139849_20260901.csv,268,General,G_SYS_SECADV_010,프록시 목표 최적화를 통한 탈옥 자동 탐색,ok,이견 없음: 현행 명칭·정의·배치를 유지하였다.,KEEP_CONFIRMED,Reviewer recorded no objection.,NO_CHANGE,KEEP_CONFIRMED,G_SYS_SECADV_010,General,G_SYS,G_SYS_SECADV,REVIEWED,REVIEWED,USER_APPROVED_ROUND4,ID_RETAINED
HR4-R0268,L4_General_Human_Review_Round4_KTSPACE_937139849_20260901.csv,269,General,G_SYS_SECADV_011,백도어 트리거에 의한 위험한 로봇 행동,ok,이견 없음: 현행 명칭·정의·배치를 유지하였다.,KEEP_CONFIRMED,Reviewer recorded no objection.,NO_CHANGE,KEEP_CONFIRMED,G_SYS_SECADV_011,General,G_SYS,G_SYS_SECADV,REVIEWED,REVIEWED,USER_APPROVED_ROUND4,ID_RETAINED
HR4-R0269,L4_General_Human_Review_Round4_KTSPACE_937139849_20260901.csv,270,General,G_SYS_SECADV_012,GPAI 모델의 백도어 또는 트로이 목마 공격,ok,이견 없음: 현행 명칭·정의·배치를 유지하였다.,KEEP_CONFIRMED,Reviewer recorded no objection.,NO_CHANGE,KEEP_CONFIRMED,G_SYS_SECADV_012,General,G_SYS,G_SYS_SECADV,REVIEWED,REVIEWED,USER_APPROVED_ROUND4,ID_RETAINED
HR4-R0270,L4_General_Human_Review_Round4_KTSPACE_937139849_20260901.csv,271,General,G_SYS_SECADV_014,기반 모델 취약성에 기인한 인프라 공통 원인 장애,ok,이견 없음: 현행 명칭·정의·배치를 유지하였다.,KEEP_CONFIRMED,Reviewer recorded no objection.,NO_CHANGE,KEEP_CONFIRMED,G_SYS_SECADV_014,General,G_SYS,G_SYS_SECADV,REVIEWED,REVIEWED,USER_APPROVED_ROUND4,ID_RETAINED
HR4-R0271,L4_General_Human_Review_Round4_KTSPACE_937139849_20260901.csv,272,General,G_SYS_SECADV_015,로봇 군집의 동시 침해,ok,이견 없음: 현행 명칭·정의·배치를 유지하였다.,KEEP_CONFIRMED,Reviewer recorded no objection.,NO_CHANGE,KEEP_CONFIRMED,G_SYS_SECADV_015,General,G_SYS,G_SYS_SECADV,REVIEWED,REVIEWED,USER_APPROVED_ROUND4,ID_RETAINED
HR4-R0272,L4_General_Human_Review_Round4_KTSPACE_937139849_20260901.csv,273,General,G_SYS_SECADV_016,핵심 기반시설 로봇 시스템의 사이버 침해,ok,이견 없음: 현행 명칭·정의·배치를 유지하였다.,KEEP_CONFIRMED,Reviewer recorded no objection.,NO_CHANGE,KEEP_CONFIRMED,G_SYS_SECADV_016,General,G_SYS,G_SYS_SECADV,REVIEWED,REVIEWED,USER_APPROVED_ROUND4,ID_RETAINED
HR4-R0273,L4_General_Human_Review_Round4_KTSPACE_937139849_20260901.csv,274,General,G_SYS_SECADV_017,대규모 사이버범죄 오용,[논의 필요] 악의적 행위자가 생성 모델을 탈옥(보안·적대적 견고성 실패)과 민감·유해 콘텐츠와 표적 맞춤형 설득 자료를 생산함으로써 사이버 범죄를 저비용·대규모로 수행(무기화) 리스크의 분할 논의 필요,"논의 반영 및 분할: 대규모 사이버범죄 수행은 G_INT_WEAP_032로 이동하고, 탈옥·안전장치 우회 의미는 기존 G_SYS_SECADV_026에 흡수하였다.",COMMENT_PRESENT,"The downstream cybercrime capability is placed under Weaponization, while the jailbreak and safeguard-bypass component is separately traced to the existing G_SYS_SECADV_026 card.",SPLIT_MOVE_EXISTING_ABSORPTION,APPLIED,G_INT_WEAP_032|G_SYS_SECADV_026,General,G_INT|G_SYS,G_INT_WEAP|G_SYS_SECADV,REVIEWED,REVIEWED,USER_APPROVED_ROUND4,ONE_TO_MANY
HR4-R0274,L4_General_Human_Review_Round4_KTSPACE_937139849_20260901.csv,275,General,G_SYS_SECADV_018,데이터 오염 공격,ok,이견 없음: 현행 명칭·정의·배치를 유지하였다.,KEEP_CONFIRMED,Reviewer recorded no objection.,NO_CHANGE,KEEP_CONFIRMED,G_SYS_SECADV_018,General,G_SYS,G_SYS_SECADV,REVIEWED,REVIEWED,USER_APPROVED_ROUND4,ID_RETAINED
HR4-R0275,L4_General_Human_Review_Round4_KTSPACE_937139849_20260901.csv,276,General,G_SYS_SECADV_019,제3자 시스템 교란,ok,이견 없음: 현행 명칭·정의·배치를 유지하였다.,KEEP_CONFIRMED,Reviewer recorded no objection.,NO_CHANGE,KEEP_CONFIRMED,G_SYS_SECADV_019,General,G_SYS,G_SYS_SECADV,REVIEWED,REVIEWED,USER_APPROVED_ROUND4,ID_RETAINED
HR4-R0276,L4_General_Human_Review_Round4_KTSPACE_937139849_20260901.csv,277,General,G_SYS_SECADV_020,GPAI 모델의 손쉬운 재구성,ok,이견 없음: 현행 명칭·정의·배치를 유지하였다.,KEEP_CONFIRMED,Reviewer recorded no objection.,NO_CHANGE,KEEP_CONFIRMED,G_SYS_SECADV_020,General,G_SYS,G_SYS_SECADV,REVIEWED,REVIEWED,USER_APPROVED_ROUND4,ID_RETAINED
HR4-R0277,L4_General_Human_Review_Round4_KTSPACE_937139849_20260901.csv,278,General,G_SYS_SECADV_021,에너지·지연 유발 공격,ok,이견 없음: 현행 명칭·정의·배치를 유지하였다.,KEEP_CONFIRMED,Reviewer recorded no objection.,NO_CHANGE,KEEP_CONFIRMED,G_SYS_SECADV_021,General,G_SYS,G_SYS_SECADV,REVIEWED,REVIEWED,USER_APPROVED_ROUND4,ID_RETAINED
HR4-R0278,L4_General_Human_Review_Round4_KTSPACE_937139849_20260901.csv,279,General,G_SYS_SECADV_023,에이전트 인터페이스의 공격 표면 확대,ok,이견 없음: 현행 명칭·정의·배치를 유지하였다.,KEEP_CONFIRMED,Reviewer recorded no objection.,NO_CHANGE,KEEP_CONFIRMED,G_SYS_SECADV_023,General,G_SYS,G_SYS_SECADV,REVIEWED,REVIEWED,USER_APPROVED_ROUND4,ID_RETAINED
HR4-R0279,L4_General_Human_Review_Round4_KTSPACE_937139849_20260901.csv,280,General,G_SYS_SECADV_025,안전 미세조정 일반화 격차 악용,ok,이견 없음: 현행 명칭·정의·배치를 유지하였다.,KEEP_CONFIRMED,Reviewer recorded no objection.,NO_CHANGE,KEEP_CONFIRMED,G_SYS_SECADV_025,General,G_SYS,G_SYS_SECADV,REVIEWED,REVIEWED,USER_APPROVED_ROUND4,ID_RETAINED
HR4-R0280,L4_General_Human_Review_Round4_KTSPACE_937139849_20260901.csv,281,General,G_SYS_SECADV_026,안전장치 우회를 통한 금지 정보 노출,ok,이견 없음: 현행 명칭·정의·배치를 유지하였다.,KEEP_CONFIRMED,Reviewer recorded no objection.,NO_CHANGE,KEEP_CONFIRMED,G_SYS_SECADV_026,General,G_SYS,G_SYS_SECADV,REVIEWED,REVIEWED,USER_APPROVED_ROUND4,ID_RETAINED
HR4-R0281,L4_General_Human_Review_Round4_KTSPACE_937139849_20260901.csv,282,General,G_SYS_SECADV_028,무제한 접근을 통한 범용 AI 고영향 오용,ok,이견 없음: 현행 명칭·정의·배치를 유지하였다.,KEEP_CONFIRMED,Reviewer recorded no objection.,NO_CHANGE,KEEP_CONFIRMED,G_SYS_SECADV_028,General,G_SYS,G_SYS_SECADV,REVIEWED,REVIEWED,USER_APPROVED_ROUND4,ID_RETAINED
HR4-R0282,L4_General_Human_Review_Round4_KTSPACE_937139849_20260901.csv,283,General,G_SYS_SECADV_029,외부 도구 연동을 통한 유해 콘텐츠 유입,ok,이견 없음: 현행 명칭·정의·배치를 유지하였다.,KEEP_CONFIRMED,Reviewer recorded no objection.,NO_CHANGE,KEEP_CONFIRMED,G_SYS_SECADV_029,General,G_SYS,G_SYS_SECADV,REVIEWED,REVIEWED,USER_APPROVED_ROUND4,ID_RETAINED
HR4-R0283,L4_General_Human_Review_Round4_KTSPACE_937139849_20260901.csv,284,General,G_SYS_SECADV_033,로봇 탈옥에 의한 유해 물리적 행동,"[논의 필요] 공격자가 물리 작업 맥락의 프레이밍이나 탈옥 입력(보안·적대적 견고성 실패)과 사람·동물·재산에 유해한 물리적 행동을 계획하거나 실행(불법적 행동 또는 폭력?)으로 분할 필요성에 대한 논의 필요. 
또는 불법적 행동 또는 폭력으로 이동에 때한 논의 필요","논의 반영 및 통합: 로봇 탈옥 의미는 중복 카드 G_SYS_SECADV_060에 통합하고, 의도적 로봇 무기화 의미는 기존 G_INT_WEAP_026으로 계보 연결하였다.",COMMENT_PRESENT,Robot jailbreak and propagation into harmful physical action are already represented by G_SYS_SECADV_060; intentional robot weaponization is separately represented by G_INT_WEAP_026.,MERGE_EXISTING,APPLIED_MERGE,G_SYS_SECADV_060|G_INT_WEAP_026,General,G_SYS|G_INT,G_SYS_SECADV|G_INT_WEAP,REVIEWED,REVIEWED,USER_APPROVED_ROUND4,ONE_TO_MANY
HR4-R0284,L4_General_Human_Review_Round4_KTSPACE_937139849_20260901.csv,285,General,G_SYS_SECADV_034,샌드박스 우회에 의한 격리 통제 상실,"[논의 필요] 외부의 침입이 아니라 스스로 외부 시스템에 무단 접근이므로, 과도한 권한·자율성으로 이동 및 정의 수정(AI 시스템 > 에이전트) 논의 필요",논의 반영 및 도메인 이동: 외부 공격이 아닌 AI 에이전트의 자율적 격리 경계 이탈로 재정의하여 A_SYS_AUTH_025로 이동하였다.,COMMENT_PRESENT,The reviewer distinguished autonomous agent escape from an externally initiated security intrusion and requested movement to Excessive Agency and Authorization.,CROSS_DOMAIN_MOVE_REWRITE,APPLIED,A_SYS_AUTH_025,Agentic,A_SYS,A_SYS_AUTH,REVIEWED,REVIEWED,USER_APPROVED_ROUND4,ID_CROSSWALK
HR4-R0285,L4_General_Human_Review_Round4_KTSPACE_937139849_20260901.csv,286,General,G_SYS_SECADV_038,다단계 탈옥,ok,이견 없음: 현행 명칭·정의·배치를 유지하였다.,KEEP_CONFIRMED,Reviewer recorded no objection.,NO_CHANGE,KEEP_CONFIRMED,G_SYS_SECADV_038,General,G_SYS,G_SYS_SECADV,REVIEWED,REVIEWED,USER_APPROVED_ROUND4,ID_RETAINED
HR4-R0286,L4_General_Human_Review_Round4_KTSPACE_937139849_20260901.csv,287,General,G_SYS_SECADV_042,사용자 질의에 내포된 잠재적 유해 콘텐츠,ok,이견 없음: 현행 명칭·정의·배치를 유지하였다.,KEEP_CONFIRMED,Reviewer recorded no objection.,NO_CHANGE,KEEP_CONFIRMED,G_SYS_SECADV_042,General,G_SYS,G_SYS_SECADV,REVIEWED,REVIEWED,USER_APPROVED_ROUND4,ID_RETAINED
HR4-R0287,L4_General_Human_Review_Round4_KTSPACE_937139849_20260901.csv,288,General,G_SYS_SECADV_043,위임 에이전트 공격에 의한 정보 탈취·행위 조작,ok,이견 없음: 현행 명칭·정의·배치를 유지하였다.,KEEP_CONFIRMED,Reviewer recorded no objection.,NO_CHANGE,KEEP_CONFIRMED,G_SYS_SECADV_043,General,G_SYS,G_SYS_SECADV,REVIEWED,REVIEWED,USER_APPROVED_ROUND4,ID_RETAINED
HR4-R0288,L4_General_Human_Review_Round4_KTSPACE_937139849_20260901.csv,289,General,G_SYS_SECADV_044,프롬프트 주입 및 시스템 지시문 유출,ok,이견 없음: 현행 명칭·정의·배치를 유지하였다.,KEEP_CONFIRMED,Reviewer recorded no objection.,NO_CHANGE,KEEP_CONFIRMED,G_SYS_SECADV_044,General,G_SYS,G_SYS_SECADV,REVIEWED,REVIEWED,USER_APPROVED_ROUND4,ID_RETAINED
HR4-R0289,L4_General_Human_Review_Round4_KTSPACE_937139849_20260901.csv,290,General,G_SYS_SECADV_046,프로토콜 수준 다중 에이전트 위협,ok,이견 없음: 현행 명칭·정의·배치를 유지하였다.,KEEP_CONFIRMED,Reviewer recorded no objection.,NO_CHANGE,KEEP_CONFIRMED,G_SYS_SECADV_046,General,G_SYS,G_SYS_SECADV,REVIEWED,REVIEWED,USER_APPROVED_ROUND4,ID_RETAINED
HR4-R0290,L4_General_Human_Review_Round4_KTSPACE_937139849_20260901.csv,291,General,G_SYS_SECADV_048,적대적 역할·역할극 지시에 의한 안전장치 우회,[논의 필요] '보안·적대적 견고성 실패'로 인한 '재현적 피해·고정관념' 발생 사례의 배치에 대한 논의 필요,"논의 반영 및 통합: 역할극 기반 안전장치 우회는 G_SYS_SECADV_049에 통합하고, 표적 집단에 대한 재현적 피해 의미는 기존 G_INT_REPR_009로 계보 연결하였다.",COMMENT_PRESENT,Role and role-play jailbreak is a persona-based safeguard-bypass technique already represented by G_SYS_SECADV_049; identity-targeting harmful output is separately represented by G_INT_REPR_009.,MERGE_EXISTING,APPLIED_MERGE,G_SYS_SECADV_049|G_INT_REPR_009,General,G_SYS|G_INT,G_SYS_SECADV|G_INT_REPR,REVIEWED,REVIEWED,USER_APPROVED_ROUND4,ONE_TO_MANY
HR4-R0291,L4_General_Human_Review_Round4_KTSPACE_937139849_20260901.csv,292,General,G_SYS_SECADV_049,페르소나 지정·사회공학 기법에 의한 안전장치 우회,ok,이견 없음: 현행 명칭·정의·배치를 유지하였다.,KEEP_CONFIRMED,Reviewer recorded no objection.,NO_CHANGE,KEEP_CONFIRMED,G_SYS_SECADV_049,General,G_SYS,G_SYS_SECADV,REVIEWED,REVIEWED,USER_APPROVED_ROUND4,ID_RETAINED
HR4-R0292,L4_General_Human_Review_Round4_KTSPACE_937139849_20260901.csv,293,General,G_SYS_SECADV_050,악의적 미세조정에 의한 안전장치 무력화,ok,이견 없음: 현행 명칭·정의·배치를 유지하였다.,KEEP_CONFIRMED,Reviewer recorded no objection.,NO_CHANGE,KEEP_CONFIRMED,G_SYS_SECADV_050,General,G_SYS,G_SYS_SECADV,REVIEWED,REVIEWED,USER_APPROVED_ROUND4,ID_RETAINED
HR4-R0293,L4_General_Human_Review_Round4_KTSPACE_937139849_20260901.csv,294,General,G_SYS_SECADV_052,장면 맥락 조작 공격,ok,이견 없음: 현행 명칭·정의·배치를 유지하였다.,KEEP_CONFIRMED,Reviewer recorded no objection.,NO_CHANGE,KEEP_CONFIRMED,G_SYS_SECADV_052,General,G_SYS,G_SYS_SECADV,REVIEWED,REVIEWED,USER_APPROVED_ROUND4,ID_RETAINED
HR4-R0294,L4_General_Human_Review_Round4_KTSPACE_937139849_20260901.csv,295,General,G_SYS_SECADV_053,기반 모델 재사용을 통한 보안 결함 전파,ok,이견 없음: 현행 명칭·정의·배치를 유지하였다.,KEEP_CONFIRMED,Reviewer recorded no objection.,NO_CHANGE,KEEP_CONFIRMED,G_SYS_SECADV_053,General,G_SYS,G_SYS_SECADV,REVIEWED,REVIEWED,USER_APPROVED_ROUND4,ID_RETAINED
HR4-R0295,L4_General_Human_Review_Round4_KTSPACE_937139849_20260901.csv,296,General,G_SYS_SECADV_055,AI 공급망의 도구·의존성 침해,ok,이견 없음: 현행 명칭·정의·배치를 유지하였다.,KEEP_CONFIRMED,Reviewer recorded no objection.,NO_CHANGE,KEEP_CONFIRMED,G_SYS_SECADV_055,General,G_SYS,G_SYS_SECADV,REVIEWED,REVIEWED,USER_APPROVED_ROUND4,ID_RETAINED
HR4-R0296,L4_General_Human_Review_Round4_KTSPACE_937139849_20260901.csv,297,General,G_SYS_SECADV_057,AI 컴퓨팅 인프라의 무단 접근·조작·서비스 중단,ok,이견 없음: 현행 명칭·정의·배치를 유지하였다.,KEEP_CONFIRMED,Reviewer recorded no objection.,NO_CHANGE,KEEP_CONFIRMED,G_SYS_SECADV_057,General,G_SYS,G_SYS_SECADV,REVIEWED,REVIEWED,USER_APPROVED_ROUND4,ID_RETAINED
HR4-R0297,L4_General_Human_Review_Round4_KTSPACE_937139849_20260901.csv,298,General,G_SYS_SECADV_058,적대적 감각 교란에 따른 안전하지 않은 행동,ok,이견 없음: 현행 명칭·정의·배치를 유지하였다.,KEEP_CONFIRMED,Reviewer recorded no objection.,NO_CHANGE,KEEP_CONFIRMED,G_SYS_SECADV_058,General,G_SYS,G_SYS_SECADV,REVIEWED,REVIEWED,USER_APPROVED_ROUND4,ID_RETAINED
HR4-R0298,L4_General_Human_Review_Round4_KTSPACE_937139849_20260901.csv,299,General,G_SYS_SECADV_059,해석가능성 기법을 이용한 안전 기능 약화·공격 개발,ok,이견 없음: 현행 명칭·정의·배치를 유지하였다.,KEEP_CONFIRMED,Reviewer recorded no objection.,NO_CHANGE,KEEP_CONFIRMED,G_SYS_SECADV_059,General,G_SYS,G_SYS_SECADV,REVIEWED,REVIEWED,USER_APPROVED_ROUND4,ID_RETAINED
HR4-R0299,L4_General_Human_Review_Round4_KTSPACE_937139849_20260901.csv,300,General,G_SYS_SECADV_060,기반 모델 보안 취약성의 위험한 물리 행동 전이,ok,이견 없음: 현행 명칭·정의·배치를 유지하였다.,KEEP_CONFIRMED,Reviewer recorded no objection.,NO_CHANGE,KEEP_CONFIRMED,G_SYS_SECADV_060,General,G_SYS,G_SYS_SECADV,REVIEWED,REVIEWED,USER_APPROVED_ROUND4,ID_RETAINED
HR4-R0300,L4_General_Human_Review_Round4_KTSPACE_937139849_20260901.csv,301,General,G_SYS_POLICY_001,학습 데이터 내 기밀정보 포함과 출력 노출,ok,이견 없음: 현행 명칭·정의·배치를 유지하였다.,KEEP_CONFIRMED,Reviewer recorded no objection.,NO_CHANGE,KEEP_CONFIRMED,G_SYS_POLICY_001,General,G_SYS,G_SYS_POLICY,REVIEWED,REVIEWED,USER_APPROVED_ROUND4,ID_RETAINED
HR4-R0301,L4_General_Human_Review_Round4_KTSPACE_937139849_20260901.csv,302,General,G_SYS_POLICY_002,모델 구조·추론 메커니즘 노출,ok,이견 없음: 현행 명칭·정의·배치를 유지하였다.,KEEP_CONFIRMED,Reviewer recorded no objection.,NO_CHANGE,KEEP_CONFIRMED,G_SYS_POLICY_002,General,G_SYS,G_SYS_POLICY,REVIEWED,REVIEWED,USER_APPROVED_ROUND4,ID_RETAINED
HR4-R0302,L4_General_Human_Review_Round4_KTSPACE_937139849_20260901.csv,303,General,G_SYS_POLICY_003,모델 평가 자산 노출·탈취,ok,이견 없음: 현행 명칭·정의·배치를 유지하였다.,KEEP_CONFIRMED,Reviewer recorded no objection.,NO_CHANGE,KEEP_CONFIRMED,G_SYS_POLICY_003,General,G_SYS,G_SYS_POLICY,REVIEWED,REVIEWED,USER_APPROVED_ROUND4,ID_RETAINED
HR4-R0303,L4_General_Human_Review_Round4_KTSPACE_937139849_20260901.csv,304,General,G_SYS_POLICY_004,모델 파라미터·가중치 유출,ok,이견 없음: 현행 명칭·정의·배치를 유지하였다.,KEEP_CONFIRMED,Reviewer recorded no objection.,NO_CHANGE,KEEP_CONFIRMED,G_SYS_POLICY_004,General,G_SYS,G_SYS_POLICY,REVIEWED,REVIEWED,USER_APPROVED_ROUND4,ID_RETAINED
HR4-R0304,L4_General_Human_Review_Round4_KTSPACE_937139849_20260901.csv,305,General,G_SYS_POLICY_005,안전 정책·보호 메커니즘 노출·우회,[논의 필요] '시스템 정책 노출'(안전 정책·필터링 로직·거부 규칙 등 보호 메커니즘을 노출)과 '보안·적대적 견고성 실패'(안전장치의 분석·우회·무력화를 가능) 분할 필요성 논의 필요,"논의 반영 및 분할: 안전 정책·보호 메커니즘의 기밀정보 노출은 본 카드에 유지하고, 실제 안전장치 우회 의미는 기존 G_SYS_SECADV_026에 흡수하였다.",COMMENT_PRESENT,The reviewer required separation of protected-policy disclosure from actual safeguard bypass. The bypass component is traced to G_SYS_SECADV_026.,SPLIT_RETAIN_CONFIDENTIAL_DISCLOSURE_COMPONENT,APPLIED,G_SYS_POLICY_005|G_SYS_SECADV_026,General,G_SYS,G_SYS_POLICY|G_SYS_SECADV,REVIEWED,REVIEWED,USER_APPROVED_ROUND4,ONE_TO_MANY
HR4-R0305,L4_General_Human_Review_Round4_KTSPACE_937139849_20260901.csv,306,General,G_SYS_POLICY_006,시스템 프롬프트·운영 지침 노출,ok,이견 없음: 현행 명칭·정의·배치를 유지하였다.,KEEP_CONFIRMED,Reviewer recorded no objection.,NO_CHANGE,KEEP_CONFIRMED,G_SYS_POLICY_006,General,G_SYS,G_SYS_POLICY,REVIEWED,REVIEWED,USER_APPROVED_ROUND4,ID_RETAINED
HR4-R0306,L4_General_Human_Review_Round4_KTSPACE_937139849_20260901.csv,307,General,G_SYS_POLICY_008,모델 학습 데이터 추출·유출,ok,이견 없음: 현행 명칭·정의·배치를 유지하였다.,KEEP_CONFIRMED,Reviewer recorded no objection.,NO_CHANGE,KEEP_CONFIRMED,G_SYS_POLICY_008,General,G_SYS,G_SYS_POLICY,REVIEWED,REVIEWED,USER_APPROVED_ROUND4,ID_RETAINED
HR4-R0307,L4_General_Human_Review_Round4_KTSPACE_937139849_20260901.csv,308,General,G_SYS_TRANS_001,설명 조작에 의한 편향 은폐,ok,이견 없음: 현행 명칭·정의·배치를 유지하였다.,KEEP_CONFIRMED,Reviewer recorded no objection.,NO_CHANGE,KEEP_CONFIRMED,G_SYS_TRANS_001,General,G_SYS,G_SYS_TRANS,REVIEWED,REVIEWED,USER_APPROVED_ROUND4,ID_RETAINED
HR4-R0308,L4_General_Human_Review_Round4_KTSPACE_937139849_20260901.csv,309,General,G_SYS_TRANS_002,역량 평가 비공개,ok,이견 없음: 현행 명칭·정의·배치를 유지하였다.,KEEP_CONFIRMED,Reviewer recorded no objection.,NO_CHANGE,KEEP_CONFIRMED,G_SYS_TRANS_002,General,G_SYS,G_SYS_TRANS,REVIEWED,REVIEWED,USER_APPROVED_ROUND4,ID_RETAINED
HR4-R0309,L4_General_Human_Review_Round4_KTSPACE_937139849_20260901.csv,310,General,G_SYS_TRANS_003,문서화 누락,ok,이견 없음: 현행 명칭·정의·배치를 유지하였다.,KEEP_CONFIRMED,Reviewer recorded no objection.,NO_CHANGE,KEEP_CONFIRMED,G_SYS_TRANS_003,General,G_SYS,G_SYS_TRANS,REVIEWED,REVIEWED,USER_APPROVED_ROUND4,ID_RETAINED
HR4-R0310,L4_General_Human_Review_Round4_KTSPACE_937139849_20260901.csv,311,General,G_SYS_TRANS_004,인코딩된 추론,ok,이견 없음: 현행 명칭·정의·배치를 유지하였다.,KEEP_CONFIRMED,Reviewer recorded no objection.,NO_CHANGE,KEEP_CONFIRMED,G_SYS_TRANS_004,General,G_SYS,G_SYS_TRANS,REVIEWED,REVIEWED,USER_APPROVED_ROUND4,ID_RETAINED
HR4-R0311,L4_General_Human_Review_Round4_KTSPACE_937139849_20260901.csv,312,General,G_SYS_TRANS_006,설명 실행 가능성 격차,ok,이견 없음: 현행 명칭·정의·배치를 유지하였다.,KEEP_CONFIRMED,Reviewer recorded no objection.,NO_CHANGE,KEEP_CONFIRMED,G_SYS_TRANS_006,General,G_SYS,G_SYS_TRANS,REVIEWED,REVIEWED,USER_APPROVED_ROUND4,ID_RETAINED
HR4-R0312,L4_General_Human_Review_Round4_KTSPACE_937139849_20260901.csv,313,General,G_SYS_TRANS_009,AI 상호작용의 불충분한 고지,ok,이견 없음: 현행 명칭·정의·배치를 유지하였다.,KEEP_CONFIRMED,Reviewer recorded no objection.,NO_CHANGE,KEEP_CONFIRMED,G_SYS_TRANS_009,General,G_SYS,G_SYS_TRANS,REVIEWED,REVIEWED,USER_APPROVED_ROUND4,ID_RETAINED
HR4-R0313,L4_General_Human_Review_Round4_KTSPACE_937139849_20260901.csv,314,General,G_SYS_TRANS_010,출처 오귀속,ok,이견 없음: 현행 명칭·정의·배치를 유지하였다.,KEEP_CONFIRMED,Reviewer recorded no objection.,NO_CHANGE,KEEP_CONFIRMED,G_SYS_TRANS_010,General,G_SYS,G_SYS_TRANS,REVIEWED,REVIEWED,USER_APPROVED_ROUND4,ID_RETAINED
HR4-R0314,L4_General_Human_Review_Round4_KTSPACE_937139849_20260901.csv,315,General,G_SYS_TRANS_012,AI 제품 역량의 오도성 표시,ok,이견 없음: 현행 명칭·정의·배치를 유지하였다.,KEEP_CONFIRMED,Reviewer recorded no objection.,NO_CHANGE,KEEP_CONFIRMED,G_SYS_TRANS_012,General,G_SYS,G_SYS_TRANS,REVIEWED,REVIEWED,USER_APPROVED_ROUND4,ID_RETAINED
HR4-R0315,L4_General_Human_Review_Round4_KTSPACE_937139849_20260901.csv,316,General,G_SYS_TRANS_015,사고 연쇄와 불일치하는 모델 출력,ok,이견 없음: 현행 명칭·정의·배치를 유지하였다.,KEEP_CONFIRMED,Reviewer recorded no objection.,NO_CHANGE,KEEP_CONFIRMED,G_SYS_TRANS_015,General,G_SYS,G_SYS_TRANS,REVIEWED,REVIEWED,USER_APPROVED_ROUND4,ID_RETAINED
HR4-R0316,L4_General_Human_Review_Round4_KTSPACE_937139849_20260901.csv,317,General,G_SYS_TRANS_016,이해관계자 이견 은폐,ok,이견 없음: 현행 명칭·정의·배치를 유지하였다.,KEEP_CONFIRMED,Reviewer recorded no objection.,NO_CHANGE,KEEP_CONFIRMED,G_SYS_TRANS_016,General,G_SYS,G_SYS_TRANS,REVIEWED,REVIEWED,USER_APPROVED_ROUND4,ID_RETAINED
HR4-R0317,L4_General_Human_Review_Round4_KTSPACE_937139849_20260901.csv,318,General,G_SYS_TRANS_017,AI 생성 콘텐츠 미공개,ok,이견 없음: 현행 명칭·정의·배치를 유지하였다.,KEEP_CONFIRMED,Reviewer recorded no objection.,NO_CHANGE,KEEP_CONFIRMED,G_SYS_TRANS_017,General,G_SYS,G_SYS_TRANS,REVIEWED,REVIEWED,USER_APPROVED_ROUND4,ID_RETAINED
HR4-R0318,L4_General_Human_Review_Round4_KTSPACE_937139849_20260901.csv,319,General,G_SYS_TRANS_018,AI 반사실적 설명의 과신과 책임 오귀속,ok,이견 없음: 현행 명칭·정의·배치를 유지하였다.,KEEP_CONFIRMED,Reviewer recorded no objection.,NO_CHANGE,KEEP_CONFIRMED,G_SYS_TRANS_018,General,G_SYS,G_SYS_TRANS,REVIEWED,REVIEWED,USER_APPROVED_ROUND4,ID_RETAINED
HR4-R0319,L4_General_Human_Review_Round4_KTSPACE_937139849_20260901.csv,320,General,G_SYS_TRANS_019,모니터링 부족에 의한 미탐지 안전·프라이버시 위반,[이동] '거버넌스·책임 공백'으로 이동 필요,이동 반영: 배포 후 모니터링 부족에 따른 위반 미탐지로 재정의하여 G_SOC_GOV_044로 이동하였다.,COMMENT_PRESENT,The reviewer explicitly selected Governance and Accountability Void because the core failure is the absence of effective oversight and remediation arrangements.,MOVE_REWRITE,APPLIED,G_SOC_GOV_044,General,G_SOC,G_SOC_GOV,REVIEWED,REVIEWED,USER_APPROVED_ROUND4,ID_CROSSWALK
HR4-R0320,L4_General_Human_Review_Round4_KTSPACE_937139849_20260901.csv,321,General,G_SYS_TRANS_021,블랙박스 모델의 설명·검증·결함 진단 한계,ok,이견 없음: 현행 명칭·정의·배치를 유지하였다.,KEEP_CONFIRMED,Reviewer recorded no objection.,NO_CHANGE,KEEP_CONFIRMED,G_SYS_TRANS_021,General,G_SYS,G_SYS_TRANS,REVIEWED,REVIEWED,USER_APPROVED_ROUND4,ID_RETAINED
HR4-R0321,L4_General_Human_Review_Round4_KTSPACE_937139849_20260901.csv,322,General,G_SYS_TRANS_022,가치 충돌 불투명성,ok,이견 없음: 현행 명칭·정의·배치를 유지하였다.,KEEP_CONFIRMED,Reviewer recorded no objection.,NO_CHANGE,KEEP_CONFIRMED,G_SYS_TRANS_022,General,G_SYS,G_SYS_TRANS,REVIEWED,REVIEWED,USER_APPROVED_ROUND4,ID_RETAINED
HR4-R0322,L4_General_Human_Review_Round4_KTSPACE_937139849_20260901.csv,323,General,G_SYS_TRANS_023,설명가능성 기법의 검증 범위 초과 과신,ok,이견 없음: 현행 명칭·정의·배치를 유지하였다.,KEEP_CONFIRMED,Reviewer recorded no objection.,NO_CHANGE,KEEP_CONFIRMED,G_SYS_TRANS_023,General,G_SYS,G_SYS_TRANS,REVIEWED,REVIEWED,USER_APPROVED_ROUND4,ID_RETAINED
HR4-R0323,L4_General_Human_Review_Round4_KTSPACE_937139849_20260901.csv,324,General,G_SYS_TRANS_024,사용자 이해력 과부하,ok,이견 없음: 현행 명칭·정의·배치를 유지하였다.,KEEP_CONFIRMED,Reviewer recorded no objection.,NO_CHANGE,KEEP_CONFIRMED,G_SYS_TRANS_024,General,G_SYS,G_SYS_TRANS,REVIEWED,REVIEWED,USER_APPROVED_ROUND4,ID_RETAINED
HR4-R0324,L4_General_Human_Review_Round4_KTSPACE_937139849_20260901.csv,325,General,G_SYS_EVAL_001,다양한 이용자와 희귀 위해를 배제한 AI 벤치마크,ok,이견 없음: 현행 명칭·정의·배치를 유지하였다.,KEEP_CONFIRMED,Reviewer recorded no objection.,NO_CHANGE,KEEP_CONFIRMED,G_SYS_EVAL_001,General,G_SYS,G_SYS_EVAL,REVIEWED,REVIEWED,USER_APPROVED_ROUND4,ID_RETAINED
HR4-R0325,L4_General_Human_Review_Round4_KTSPACE_937139849_20260901.csv,326,General,G_SYS_EVAL_002,분포 변화에 대한 AI 평가·검증 실패,ok,이견 없음: 현행 명칭·정의·배치를 유지하였다.,KEEP_CONFIRMED,Reviewer recorded no objection.,NO_CHANGE,KEEP_CONFIRMED,G_SYS_EVAL_002,General,G_SYS,G_SYS_EVAL,REVIEWED,REVIEWED,USER_APPROVED_ROUND4,ID_RETAINED
HR4-R0326,L4_General_Human_Review_Round4_KTSPACE_937139849_20260901.csv,327,General,G_SYS_EVAL_003,AI 레지스트리 불완전성,ok,이견 없음: 현행 명칭·정의·배치를 유지하였다.,KEEP_CONFIRMED,Reviewer recorded no objection.,NO_CHANGE,KEEP_CONFIRMED,G_SYS_EVAL_003,General,G_SYS,G_SYS_EVAL,REVIEWED,REVIEWED,USER_APPROVED_ROUND4,ID_RETAINED
HR4-R0327,L4_General_Human_Review_Round4_KTSPACE_937139849_20260901.csv,328,General,G_SYS_EVAL_004,휴머노이드 안전 시험·인증 체계 부재,ok,이견 없음: 현행 명칭·정의·배치를 유지하였다.,KEEP_CONFIRMED,Reviewer recorded no objection.,NO_CHANGE,KEEP_CONFIRMED,G_SYS_EVAL_004,General,G_SYS,G_SYS_EVAL,REVIEWED,REVIEWED,USER_APPROVED_ROUND4,ID_RETAINED
HR4-R0328,L4_General_Human_Review_Round4_KTSPACE_937139849_20260901.csv,329,General,G_SYS_EVAL_005,보증 사례 실패,ok,이견 없음: 현행 명칭·정의·배치를 유지하였다.,KEEP_CONFIRMED,Reviewer recorded no objection.,NO_CHANGE,KEEP_CONFIRMED,G_SYS_EVAL_005,General,G_SYS,G_SYS_EVAL,REVIEWED,REVIEWED,USER_APPROVED_ROUND4,ID_RETAINED
HR4-R0329,L4_General_Human_Review_Round4_KTSPACE_937139849_20260901.csv,330,General,G_SYS_EVAL_006,감사자 독립성 실패,ok,이견 없음: 현행 명칭·정의·배치를 유지하였다.,KEEP_CONFIRMED,Reviewer recorded no objection.,NO_CHANGE,KEEP_CONFIRMED,G_SYS_EVAL_006,General,G_SYS,G_SYS_EVAL,REVIEWED,REVIEWED,USER_APPROVED_ROUND4,ID_RETAINED
HR4-R0330,L4_General_Human_Review_Round4_KTSPACE_937139849_20260901.csv,331,General,G_SYS_EVAL_007,벤치마크 조작(gaming),ok,이견 없음: 현행 명칭·정의·배치를 유지하였다.,KEEP_CONFIRMED,Reviewer recorded no objection.,NO_CHANGE,KEEP_CONFIRMED,G_SYS_EVAL_007,General,G_SYS,G_SYS_EVAL,REVIEWED,REVIEWED,USER_APPROVED_ROUND4,ID_RETAINED
HR4-R0331,L4_General_Human_Review_Round4_KTSPACE_937139849_20260901.csv,332,General,G_SYS_EVAL_008,역량·안전을 오측정하는 벤치마크 한계,ok,이견 없음: 현행 명칭·정의·배치를 유지하였다.,KEEP_CONFIRMED,Reviewer recorded no objection.,NO_CHANGE,KEEP_CONFIRMED,G_SYS_EVAL_008,General,G_SYS,G_SYS_EVAL,REVIEWED,REVIEWED,USER_APPROVED_ROUND4,ID_RETAINED
HR4-R0332,L4_General_Human_Review_Round4_KTSPACE_937139849_20260901.csv,333,General,G_SYS_EVAL_009,벤치마크 안전 순위 불일치,ok,이견 없음: 현행 명칭·정의·배치를 유지하였다.,KEEP_CONFIRMED,Reviewer recorded no objection.,NO_CHANGE,KEEP_CONFIRMED,G_SYS_EVAL_009,General,G_SYS,G_SYS_EVAL,REVIEWED,REVIEWED,USER_APPROVED_ROUND4,ID_RETAINED
HR4-R0333,L4_General_Human_Review_Round4_KTSPACE_937139849_20260901.csv,334,General,G_SYS_EVAL_012,인증 포획,ok,이견 없음: 현행 명칭·정의·배치를 유지하였다.,KEEP_CONFIRMED,Reviewer recorded no objection.,NO_CHANGE,KEEP_CONFIRMED,G_SYS_EVAL_012,General,G_SYS,G_SYS_EVAL,REVIEWED,REVIEWED,USER_APPROVED_ROUND4,ID_RETAINED
HR4-R0334,L4_General_Human_Review_Round4_KTSPACE_937139849_20260901.csv,335,General,G_SYS_EVAL_013,변경 관리 실패,ok,이견 없음: 현행 명칭·정의·배치를 유지하였다.,KEEP_CONFIRMED,Reviewer recorded no objection.,NO_CHANGE,KEEP_CONFIRMED,G_SYS_EVAL_013,General,G_SYS,G_SYS_EVAL,REVIEWED,REVIEWED,USER_APPROVED_ROUND4,ID_RETAINED
HR4-R0335,L4_General_Human_Review_Round4_KTSPACE_937139849_20260901.csv,336,General,G_SYS_EVAL_014,문화 간 평가 격차,ok,이견 없음: 현행 명칭·정의·배치를 유지하였다.,KEEP_CONFIRMED,Reviewer recorded no objection.,NO_CHANGE,KEEP_CONFIRMED,G_SYS_EVAL_014,General,G_SYS,G_SYS_EVAL,REVIEWED,REVIEWED,USER_APPROVED_ROUND4,ID_RETAINED
HR4-R0336,L4_General_Human_Review_Round4_KTSPACE_937139849_20260901.csv,337,General,G_SYS_EVAL_016,평가 상황 인식에 따른 기만적 행동 변화,ok,이견 없음: 현행 명칭·정의·배치를 유지하였다.,KEEP_CONFIRMED,Reviewer recorded no objection.,NO_CHANGE,KEEP_CONFIRMED,G_SYS_EVAL_016,General,G_SYS,G_SYS_EVAL,REVIEWED,REVIEWED,USER_APPROVED_ROUND4,ID_RETAINED
HR4-R0337,L4_General_Human_Review_Round4_KTSPACE_937139849_20260901.csv,338,General,G_SYS_EVAL_017,데이터 수집 품질관리 결함,ok,이견 없음: 현행 명칭·정의·배치를 유지하였다.,KEEP_CONFIRMED,Reviewer recorded no objection.,NO_CHANGE,KEEP_CONFIRMED,G_SYS_EVAL_017,General,G_SYS,G_SYS_EVAL,REVIEWED,REVIEWED,USER_APPROVED_ROUND4,ID_RETAINED
HR4-R0338,L4_General_Human_Review_Round4_KTSPACE_937139849_20260901.csv,339,General,G_SYS_EVAL_019,모의 도구 환경과 실제 환경의 불일치,ok,이견 없음: 현행 명칭·정의·배치를 유지하였다.,KEEP_CONFIRMED,Reviewer recorded no objection.,NO_CHANGE,KEEP_CONFIRMED,G_SYS_EVAL_019,General,G_SYS,G_SYS_EVAL,REVIEWED,REVIEWED,USER_APPROVED_ROUND4,ID_RETAINED
HR4-R0339,L4_General_Human_Review_Round4_KTSPACE_937139849_20260901.csv,340,General,G_SYS_EVAL_021,장기·분산적 AI 피해의 평가·측정 실패,ok,이견 없음: 현행 명칭·정의·배치를 유지하였다.,KEEP_CONFIRMED,Reviewer recorded no objection.,NO_CHANGE,KEEP_CONFIRMED,G_SYS_EVAL_021,General,G_SYS,G_SYS_EVAL,REVIEWED,REVIEWED,USER_APPROVED_ROUND4,ID_RETAINED
HR4-R0340,L4_General_Human_Review_Round4_KTSPACE_937139849_20260901.csv,341,General,G_SYS_EVAL_022,프롬프트 형식 민감성으로 인한 평가 신뢰성 저하,ok,이견 없음: 현행 명칭·정의·배치를 유지하였다.,KEEP_CONFIRMED,Reviewer recorded no objection.,NO_CHANGE,KEEP_CONFIRMED,G_SYS_EVAL_022,General,G_SYS,G_SYS_EVAL,REVIEWED,REVIEWED,USER_APPROVED_ROUND4,ID_RETAINED
HR4-R0341,L4_General_Human_Review_Round4_KTSPACE_937139849_20260901.csv,342,General,G_SYS_EVAL_023,평가 쇼핑,ok,이견 없음: 현행 명칭·정의·배치를 유지하였다.,KEEP_CONFIRMED,Reviewer recorded no objection.,NO_CHANGE,KEEP_CONFIRMED,G_SYS_EVAL_023,General,G_SYS,G_SYS_EVAL,REVIEWED,REVIEWED,USER_APPROVED_ROUND4,ID_RETAINED
HR4-R0342,L4_General_Human_Review_Round4_KTSPACE_937139849_20260901.csv,343,General,G_SYS_EVAL_024,외부 평가 접근 실패,ok,이견 없음: 현행 명칭·정의·배치를 유지하였다.,KEEP_CONFIRMED,Reviewer recorded no objection.,NO_CHANGE,KEEP_CONFIRMED,G_SYS_EVAL_024,General,G_SYS,G_SYS_EVAL,REVIEWED,REVIEWED,USER_APPROVED_ROUND4,ID_RETAINED
HR4-R0343,L4_General_Human_Review_Round4_KTSPACE_937139849_20260901.csv,344,General,G_SYS_EVAL_025,AI 보증을 위한 감사 접근성과 경영진 가시성의 실패,ok,이견 없음: 현행 명칭·정의·배치를 유지하였다.,KEEP_CONFIRMED,Reviewer recorded no objection.,NO_CHANGE,KEEP_CONFIRMED,G_SYS_EVAL_025,General,G_SYS,G_SYS_EVAL,REVIEWED,REVIEWED,USER_APPROVED_ROUND4,ID_RETAINED
HR4-R0344,L4_General_Human_Review_Round4_KTSPACE_937139849_20260901.csv,345,General,G_SYS_EVAL_026,역량 평가·출시 거버넌스 실패,ok,이견 없음: 현행 명칭·정의·배치를 유지하였다.,KEEP_CONFIRMED,Reviewer recorded no objection.,NO_CHANGE,KEEP_CONFIRMED,G_SYS_EVAL_026,General,G_SYS,G_SYS_EVAL,REVIEWED,REVIEWED,USER_APPROVED_ROUND4,ID_RETAINED
HR4-R0345,L4_General_Human_Review_Round4_KTSPACE_937139849_20260901.csv,346,General,G_SYS_EVAL_027,모델 결함의 공개·변경 추적 실패,ok,이견 없음: 현행 명칭·정의·배치를 유지하였다.,KEEP_CONFIRMED,Reviewer recorded no objection.,NO_CHANGE,KEEP_CONFIRMED,G_SYS_EVAL_027,General,G_SYS,G_SYS_EVAL,REVIEWED,REVIEWED,USER_APPROVED_ROUND4,ID_RETAINED
HR4-R0346,L4_General_Human_Review_Round4_KTSPACE_937139849_20260901.csv,347,General,G_SYS_EVAL_028,참여적·가치 민감 설계의 실패,ok,이견 없음: 현행 명칭·정의·배치를 유지하였다.,KEEP_CONFIRMED,Reviewer recorded no objection.,NO_CHANGE,KEEP_CONFIRMED,G_SYS_EVAL_028,General,G_SYS,G_SYS_EVAL,REVIEWED,REVIEWED,USER_APPROVED_ROUND4,ID_RETAINED
HR4-R0347,L4_General_Human_Review_Round4_KTSPACE_937139849_20260901.csv,348,General,G_SYS_EVAL_029,인간 평가에서 부정확하거나 유해한 출력의 식별 실패,ok,이견 없음: 현행 명칭·정의·배치를 유지하였다.,KEEP_CONFIRMED,Reviewer recorded no objection.,NO_CHANGE,KEEP_CONFIRMED,G_SYS_EVAL_029,General,G_SYS,G_SYS_EVAL,REVIEWED,REVIEWED,USER_APPROVED_ROUND4,ID_RETAINED
HR4-R0348,L4_General_Human_Review_Round4_KTSPACE_937139849_20260901.csv,349,General,G_SYS_EVAL_031,배포 후 변경에 대한 안전 재평가 실패,ok,이견 없음: 현행 명칭·정의·배치를 유지하였다.,KEEP_CONFIRMED,Reviewer recorded no objection.,NO_CHANGE,KEEP_CONFIRMED,G_SYS_EVAL_031,General,G_SYS,G_SYS_EVAL,REVIEWED,REVIEWED,USER_APPROVED_ROUND4,ID_RETAINED
HR4-R0349,L4_General_Human_Review_Round4_KTSPACE_937139849_20260901.csv,350,General,G_SYS_EVAL_032,에이전트 사고의 실패 모드 모호성,ok,이견 없음: 현행 명칭·정의·배치를 유지하였다.,KEEP_CONFIRMED,Reviewer recorded no objection.,NO_CHANGE,KEEP_CONFIRMED,G_SYS_EVAL_032,General,G_SYS,G_SYS_EVAL,REVIEWED,REVIEWED,USER_APPROVED_ROUND4,ID_RETAINED
HR4-R0350,L4_General_Human_Review_Round4_KTSPACE_937139849_20260901.csv,351,General,G_SYS_EVAL_033,가정 내 로봇 행동 안전성 평가의 위음성,ok,이견 없음: 현행 명칭·정의·배치를 유지하였다.,KEEP_CONFIRMED,Reviewer recorded no objection.,NO_CHANGE,KEEP_CONFIRMED,G_SYS_EVAL_033,General,G_SYS,G_SYS_EVAL,REVIEWED,REVIEWED,USER_APPROVED_ROUND4,ID_RETAINED
HR4-R0351,L4_General_Human_Review_Round4_KTSPACE_937139849_20260901.csv,352,General,G_SYS_EVAL_035,LLM 평가자 오판,ok,이견 없음: 현행 명칭·정의·배치를 유지하였다.,KEEP_CONFIRMED,Reviewer recorded no objection.,NO_CHANGE,KEEP_CONFIRMED,G_SYS_EVAL_035,General,G_SYS,G_SYS_EVAL,REVIEWED,REVIEWED,USER_APPROVED_ROUND4,ID_RETAINED
HR4-R0352,L4_General_Human_Review_Round4_KTSPACE_937139849_20260901.csv,353,General,G_SYS_EVAL_036,감사 체크리스트의 형식적 준수,ok,이견 없음: 현행 명칭·정의·배치를 유지하였다.,KEEP_CONFIRMED,Reviewer recorded no objection.,NO_CHANGE,KEEP_CONFIRMED,G_SYS_EVAL_036,General,G_SYS,G_SYS_EVAL,REVIEWED,REVIEWED,USER_APPROVED_ROUND4,ID_RETAINED
HR4-R0353,L4_General_Human_Review_Round4_KTSPACE_937139849_20260901.csv,354,General,G_SYS_EVAL_037,기본권 영향 평가 격차,ok,이견 없음: 현행 명칭·정의·배치를 유지하였다.,KEEP_CONFIRMED,Reviewer recorded no objection.,NO_CHANGE,KEEP_CONFIRMED,G_SYS_EVAL_037,General,G_SYS,G_SYS_EVAL,REVIEWED,REVIEWED,USER_APPROVED_ROUND4,ID_RETAINED
HR4-R0354,L4_General_Human_Review_Round4_KTSPACE_937139849_20260901.csv,355,General,G_SYS_EVAL_038,에이전트 벤치마크의 범위·심층성 불균형,ok,이견 없음: 현행 명칭·정의·배치를 유지하였다.,KEEP_CONFIRMED,Reviewer recorded no objection.,NO_CHANGE,KEEP_CONFIRMED,G_SYS_EVAL_038,General,G_SYS,G_SYS_EVAL,REVIEWED,REVIEWED,USER_APPROVED_ROUND4,ID_RETAINED
HR4-R0355,L4_General_Human_Review_Round4_KTSPACE_937139849_20260901.csv,356,General,G_SYS_EVAL_039,학습된 가치 표상 측정의 부정확성,ok,이견 없음: 현행 명칭·정의·배치를 유지하였다.,KEEP_CONFIRMED,Reviewer recorded no objection.,NO_CHANGE,KEEP_CONFIRMED,G_SYS_EVAL_039,General,G_SYS,G_SYS_EVAL,REVIEWED,REVIEWED,USER_APPROVED_ROUND4,ID_RETAINED
HR4-R0356,L4_General_Human_Review_Round4_KTSPACE_937139849_20260901.csv,357,General,G_SYS_EVAL_040,AI 모델 설정과 평가의 부적절성,ok,이견 없음: 현행 명칭·정의·배치를 유지하였다.,KEEP_CONFIRMED,Reviewer recorded no objection.,NO_CHANGE,KEEP_CONFIRMED,G_SYS_EVAL_040,General,G_SYS,G_SYS_EVAL,REVIEWED,REVIEWED,USER_APPROVED_ROUND4,ID_RETAINED
HR4-R0357,L4_General_Human_Review_Round4_KTSPACE_937139849_20260901.csv,358,General,G_SYS_EVAL_041,성능 요구사항 계획 미흡,ok,이견 없음: 현행 명칭·정의·배치를 유지하였다.,KEEP_CONFIRMED,Reviewer recorded no objection.,NO_CHANGE,KEEP_CONFIRMED,G_SYS_EVAL_041,General,G_SYS,G_SYS_EVAL,REVIEWED,REVIEWED,USER_APPROVED_ROUND4,ID_RETAINED
HR4-R0358,L4_General_Human_Review_Round4_KTSPACE_937139849_20260901.csv,359,General,G_SYS_EVAL_042,저자원 언어 안전성 평가의 불충분성,ok,이견 없음: 현행 명칭·정의·배치를 유지하였다.,KEEP_CONFIRMED,Reviewer recorded no objection.,NO_CHANGE,KEEP_CONFIRMED,G_SYS_EVAL_042,General,G_SYS,G_SYS_EVAL,REVIEWED,REVIEWED,USER_APPROVED_ROUND4,ID_RETAINED
HR4-R0359,L4_General_Human_Review_Round4_KTSPACE_937139849_20260901.csv,360,General,G_SYS_EVAL_043,운영설계영역(ODD) 명세 미흡,ok,이견 없음: 현행 명칭·정의·배치를 유지하였다.,KEEP_CONFIRMED,Reviewer recorded no objection.,NO_CHANGE,KEEP_CONFIRMED,G_SYS_EVAL_043,General,G_SYS,G_SYS_EVAL,REVIEWED,REVIEWED,USER_APPROVED_ROUND4,ID_RETAINED
HR4-R0360,L4_General_Human_Review_Round4_KTSPACE_937139849_20260901.csv,361,General,G_SYS_EVAL_044,배포 전 물리적 안전 시험 미흡,ok,이견 없음: 현행 명칭·정의·배치를 유지하였다.,KEEP_CONFIRMED,Reviewer recorded no objection.,NO_CHANGE,KEEP_CONFIRMED,G_SYS_EVAL_044,General,G_SYS,G_SYS_EVAL,REVIEWED,REVIEWED,USER_APPROVED_ROUND4,ID_RETAINED
HR4-R0361,L4_General_Human_Review_Round4_KTSPACE_937139849_20260901.csv,362,General,G_SYS_EVAL_045,잘못된 위험 측정과 예측 오류,ok,이견 없음: 현행 명칭·정의·배치를 유지하였다.,KEEP_CONFIRMED,Reviewer recorded no objection.,NO_CHANGE,KEEP_CONFIRMED,G_SYS_EVAL_045,General,G_SYS,G_SYS_EVAL,REVIEWED,REVIEWED,USER_APPROVED_ROUND4,ID_RETAINED
HR4-R0362,L4_General_Human_Review_Round4_KTSPACE_937139849_20260901.csv,363,General,G_SYS_EVAL_046,개발 과정 문서화와 데이터 이해의 부족,ok,이견 없음: 현행 명칭·정의·배치를 유지하였다.,KEEP_CONFIRMED,Reviewer recorded no objection.,NO_CHANGE,KEEP_CONFIRMED,G_SYS_EVAL_046,General,G_SYS,G_SYS_EVAL,REVIEWED,REVIEWED,USER_APPROVED_ROUND4,ID_RETAINED
HR4-R0363,L4_General_Human_Review_Round4_KTSPACE_937139849_20260901.csv,364,General,G_SYS_EVAL_048,AI 비서의 편익·피해 평가 지표 부재,ok,이견 없음: 현행 명칭·정의·배치를 유지하였다.,KEEP_CONFIRMED,Reviewer recorded no objection.,NO_CHANGE,KEEP_CONFIRMED,G_SYS_EVAL_048,General,G_SYS,G_SYS_EVAL,REVIEWED,REVIEWED,USER_APPROVED_ROUND4,ID_RETAINED
HR4-R0364,L4_General_Human_Review_Round4_KTSPACE_937139849_20260901.csv,365,General,G_SYS_EVAL_052,평가 데이터·지침 오염에 의한 모델 평가 무효화,ok,이견 없음: 현행 명칭·정의·배치를 유지하였다.,KEEP_CONFIRMED,Reviewer recorded no objection.,NO_CHANGE,KEEP_CONFIRMED,G_SYS_EVAL_052,General,G_SYS,G_SYS_EVAL,REVIEWED,REVIEWED,USER_APPROVED_ROUND4,ID_RETAINED
HR4-R0365,L4_General_Human_Review_Round4_KTSPACE_937139849_20260901.csv,366,General,G_SYS_EVAL_054,AI 모델 학습·평가 결과의 재현 불가,ok,이견 없음: 현행 명칭·정의·배치를 유지하였다.,KEEP_CONFIRMED,Reviewer recorded no objection.,NO_CHANGE,KEEP_CONFIRMED,G_SYS_EVAL_054,General,G_SYS,G_SYS_EVAL,REVIEWED,REVIEWED,USER_APPROVED_ROUND4,ID_RETAINED
HR4-R0366,L4_General_Human_Review_Round4_KTSPACE_937139849_20260901.csv,367,General,G_SYS_EVAL_056,하드웨어 연산·전력 요구사항 누락,[논의 필요] '성능·신뢰성 결함' 또는 '거버넌스·책임 공백'으로 이동 필요,논의 반영 및 이동: 직접적인 피해가 연산·전력 용량 계획 결함에 따른 성능·서비스 신뢰성 저하이므로 G_SYS_PERF_019로 이동하였다.,COMMENT_PRESENT,"Among the two categories proposed for discussion, G_SYS_PERF is selected because the direct realised harm is technical performance and service-reliability degradation.",DISCUSSION_ADJUDICATED_MOVE_REWRITE,APPLIED,G_SYS_PERF_019,General,G_SYS,G_SYS_PERF,REVIEWED,REVIEWED,USER_APPROVED_ROUND4,ID_CROSSWALK
HR4-R0367,L4_General_Human_Review_Round4_KTSPACE_937139849_20260901.csv,368,General,G_SYS_EVAL_058,인지·추론 지연의 급증,[이동] '성능·신뢰성 결함'으로 이동 필요,이동 반영: 인지·추론 지연 급증에 따른 안전 대응 실패로 재정의하여 G_SYS_PERF_020으로 이동하였다.,COMMENT_PRESENT,The reviewer explicitly identified the latency spike as an operational performance and reliability failure rather than an evaluation failure.,MOVE_REWRITE,APPLIED,G_SYS_PERF_020,General,G_SYS,G_SYS_PERF,REVIEWED,REVIEWED,USER_APPROVED_ROUND4,ID_CROSSWALK
HR4-R0368,L4_General_Human_Review_Round4_KTSPACE_937139849_20260901.csv,369,General,G_SYS_EVAL_059,배포 후 모니터링·감시 실패,[이동] '거버넌스·책임 공백'으로 이동 필요,이동 반영: 배포 후 감시·시정 체계 부재로 재정의하여 G_SOC_GOV_045로 이동하였다.,COMMENT_PRESENT,The reviewer explicitly directed post-deployment surveillance failure to Governance and Accountability Void.,MOVE_REWRITE,APPLIED,G_SOC_GOV_045,General,G_SOC,G_SOC_GOV,REVIEWED,REVIEWED,USER_APPROVED_ROUND4,ID_CROSSWALK
HR4-R0369,L4_General_Human_Review_Round4_KTSPACE_937139849_20260901.csv,370,General,G_SYS_EVAL_060,레드팀 거버넌스 실패,ok,이견 없음: 현행 명칭·정의·배치를 유지하였다.,KEEP_CONFIRMED,Reviewer recorded no objection.,NO_CHANGE,KEEP_CONFIRMED,G_SYS_EVAL_060,General,G_SYS,G_SYS_EVAL,REVIEWED,REVIEWED,USER_APPROVED_ROUND4,ID_RETAINED
HR4-R0370,L4_General_Human_Review_Round4_KTSPACE_937139849_20260901.csv,371,General,G_SYS_EVAL_062,요청 거절과 역량 부족의 혼동,ok,이견 없음: 현행 명칭·정의·배치를 유지하였다.,KEEP_CONFIRMED,Reviewer recorded no objection.,NO_CHANGE,KEEP_CONFIRMED,G_SYS_EVAL_062,General,G_SYS,G_SYS_EVAL,REVIEWED,REVIEWED,USER_APPROVED_ROUND4,ID_RETAINED
HR4-R0371,L4_General_Human_Review_Round4_KTSPACE_937139849_20260901.csv,372,General,G_SYS_EVAL_065,도구 에이전트 보안 테스트 커버리지 격차,ok,이견 없음: 현행 명칭·정의·배치를 유지하였다.,KEEP_CONFIRMED,Reviewer recorded no objection.,NO_CHANGE,KEEP_CONFIRMED,G_SYS_EVAL_065,General,G_SYS,G_SYS_EVAL,REVIEWED,REVIEWED,USER_APPROVED_ROUND4,ID_RETAINED
HR4-R0372,L4_General_Human_Review_Round4_KTSPACE_937139849_20260901.csv,373,General,G_SYS_EVAL_066,모델 평가의 자기 선호 편향,ok,이견 없음: 현행 명칭·정의·배치를 유지하였다.,KEEP_CONFIRMED,Reviewer recorded no objection.,NO_CHANGE,KEEP_CONFIRMED,G_SYS_EVAL_066,General,G_SYS,G_SYS_EVAL,REVIEWED,REVIEWED,USER_APPROVED_ROUND4,ID_RETAINED
HR4-R0373,L4_General_Human_Review_Round4_KTSPACE_937139849_20260901.csv,374,General,G_SYS_EVAL_067,체계적 학습 오류에 따른 알고리즘 편향,[이동] '성능·신뢰성 결함'으로 이동 필요,이동 반영: 체계적 학습 오류에 따른 예측 성능 결함으로 재정의하여 G_SYS_PERF_021로 이동하였다.,COMMENT_PRESENT,The reviewer explicitly selected Performance and Reliability Failure; the wording avoids conflating predictive error with the separate fairness concept of discriminatory bias.,MOVE_REWRITE,APPLIED,G_SYS_PERF_021,General,G_SYS,G_SYS_PERF,REVIEWED,REVIEWED,USER_APPROVED_ROUND4,ID_CROSSWALK
HR4-R0374,L4_General_Human_Review_Round4_KTSPACE_937139849_20260901.csv,375,General,G_SYS_EVAL_068,경쟁 압력에 따른 안전성 평가 축소와 성급한 배포,ok,이견 없음: 현행 명칭·정의·배치를 유지하였다.,KEEP_CONFIRMED,Reviewer recorded no objection.,NO_CHANGE,KEEP_CONFIRMED,G_SYS_EVAL_068,General,G_SYS,G_SYS_EVAL,REVIEWED,REVIEWED,USER_APPROVED_ROUND4,ID_RETAINED
HR4-R0375,L4_General_Human_Review_Round4_KTSPACE_937139849_20260901.csv,376,General,G_SYS_EVAL_069,결과 전파 과소평가,ok,이견 없음: 현행 명칭·정의·배치를 유지하였다.,KEEP_CONFIRMED,Reviewer recorded no objection.,NO_CHANGE,KEEP_CONFIRMED,G_SYS_EVAL_069,General,G_SYS,G_SYS_EVAL,REVIEWED,REVIEWED,USER_APPROVED_ROUND4,ID_RETAINED
HR4-R0376,L4_General_Human_Review_Round4_KTSPACE_937139849_20260901.csv,377,General,G_SYS_EVAL_070,역량 평가에서 드러나지 않는 위험 역량,ok,이견 없음: 현행 명칭·정의·배치를 유지하였다.,KEEP_CONFIRMED,Reviewer recorded no objection.,NO_CHANGE,KEEP_CONFIRMED,G_SYS_EVAL_070,General,G_SYS,G_SYS_EVAL,REVIEWED,REVIEWED,USER_APPROVED_ROUND4,ID_RETAINED
HR4-R0377,L4_General_Human_Review_Round4_KTSPACE_937139849_20260901.csv,378,General,G_SYS_EVAL_071,고속 AI 운영에서의 오류 미탐지,ok,이견 없음: 현행 명칭·정의·배치를 유지하였다.,KEEP_CONFIRMED,Reviewer recorded no objection.,NO_CHANGE,KEEP_CONFIRMED,G_SYS_EVAL_071,General,G_SYS,G_SYS_EVAL,REVIEWED,REVIEWED,USER_APPROVED_ROUND4,ID_RETAINED
HR4-R0378,L4_General_Human_Review_Round4_KTSPACE_937139849_20260901.csv,379,General,G_SYS_EVAL_072,데이터 출처 검증 불가,ok,이견 없음: 현행 명칭·정의·배치를 유지하였다.,KEEP_CONFIRMED,Reviewer recorded no objection.,NO_CHANGE,KEEP_CONFIRMED,G_SYS_EVAL_072,General,G_SYS,G_SYS_EVAL,REVIEWED,REVIEWED,USER_APPROVED_ROUND4,ID_RETAINED
HR4-R0379,L4_General_Human_Review_Round4_KTSPACE_937139849_20260901.csv,380,General,G_SYS_EVAL_073,학습된 가치 표상의 평가 편향,ok,이견 없음: 현행 명칭·정의·배치를 유지하였다.,KEEP_CONFIRMED,Reviewer recorded no objection.,NO_CHANGE,KEEP_CONFIRMED,G_SYS_EVAL_073,General,G_SYS,G_SYS_EVAL,REVIEWED,REVIEWED,USER_APPROVED_ROUND4,ID_RETAINED
HR4-R0380,L4_General_Human_Review_Round4_KTSPACE_937139849_20260901.csv,381,General,G_SYS_EVAL_074,감사자 역량 부족에 따른 과대 보증,ok,이견 없음: 현행 명칭·정의·배치를 유지하였다.,KEEP_CONFIRMED,Reviewer recorded no objection.,NO_CHANGE,KEEP_CONFIRMED,G_SYS_EVAL_074,General,G_SYS,G_SYS_EVAL,REVIEWED,REVIEWED,USER_APPROVED_ROUND4,ID_RETAINED
HR4-R0381,L4_General_Human_Review_Round4_KTSPACE_937139849_20260901.csv,382,General,G_SYS_EVAL_075,잠재 역량 미탐지에 따른 평가·검증 실패,ok,이견 없음: 현행 명칭·정의·배치를 유지하였다.,KEEP_CONFIRMED,Reviewer recorded no objection.,NO_CHANGE,KEEP_CONFIRMED,G_SYS_EVAL_075,General,G_SYS,G_SYS_EVAL,REVIEWED,REVIEWED,USER_APPROVED_ROUND4,ID_RETAINED
HR4-R0382,L4_General_Human_Review_Round4_KTSPACE_937139849_20260901.csv,383,General,G_SYS_EVAL_076,피지컬 AI 벤치마크의 희귀 조건·취약 사용자 누락,ok,이견 없음: 현행 명칭·정의·배치를 유지하였다.,KEEP_CONFIRMED,Reviewer recorded no objection.,NO_CHANGE,KEEP_CONFIRMED,G_SYS_EVAL_076,General,G_SYS,G_SYS_EVAL,REVIEWED,REVIEWED,USER_APPROVED_ROUND4,ID_RETAINED
HR4-R0383,L4_General_Human_Review_Round4_KTSPACE_937139849_20260901.csv,384,General,G_SYS_EVAL_077,피지컬 AI 안전 준수 기준의 측정 가능성 결여,ok,이견 없음: 현행 명칭·정의·배치를 유지하였다.,KEEP_CONFIRMED,Reviewer recorded no objection.,NO_CHANGE,KEEP_CONFIRMED,G_SYS_EVAL_077,General,G_SYS,G_SYS_EVAL,REVIEWED,REVIEWED,USER_APPROVED_ROUND4,ID_RETAINED
HR4-R0384,L4_General_Human_Review_Round4_KTSPACE_937139849_20260901.csv,385,General,G_SYS_PERF_001,무관한 문맥에 의한 모델 성능 저하,ok,이견 없음: 현행 명칭·정의·배치를 유지하였다.,KEEP_CONFIRMED,Reviewer recorded no objection.,NO_CHANGE,KEEP_CONFIRMED,G_SYS_PERF_001,General,G_SYS,G_SYS_PERF,REVIEWED,REVIEWED,USER_APPROVED_ROUND4,ID_RETAINED
HR4-R0385,L4_General_Human_Review_Round4_KTSPACE_937139849_20260901.csv,386,General,G_SYS_PERF_002,지속 튜닝의 파국적 망각,ok,이견 없음: 현행 명칭·정의·배치를 유지하였다.,KEEP_CONFIRMED,Reviewer recorded no objection.,NO_CHANGE,KEEP_CONFIRMED,G_SYS_PERF_002,General,G_SYS,G_SYS_PERF,REVIEWED,REVIEWED,USER_APPROVED_ROUND4,ID_RETAINED
HR4-R0386,L4_General_Human_Review_Round4_KTSPACE_937139849_20260901.csv,387,General,G_SYS_PERF_003,학습·운용 데이터 간 분포 이동,ok,이견 없음: 현행 명칭·정의·배치를 유지하였다.,KEEP_CONFIRMED,Reviewer recorded no objection.,NO_CHANGE,KEEP_CONFIRMED,G_SYS_PERF_003,General,G_SYS,G_SYS_PERF,REVIEWED,REVIEWED,USER_APPROVED_ROUND4,ID_RETAINED
HR4-R0387,L4_General_Human_Review_Round4_KTSPACE_937139849_20260901.csv,388,General,G_SYS_PERF_004,학습 데이터 주석 결함,ok,이견 없음: 현행 명칭·정의·배치를 유지하였다.,KEEP_CONFIRMED,Reviewer recorded no objection.,NO_CHANGE,KEEP_CONFIRMED,G_SYS_PERF_004,General,G_SYS,G_SYS_PERF,REVIEWED,REVIEWED,USER_APPROVED_ROUND4,ID_RETAINED
HR4-R0388,L4_General_Human_Review_Round4_KTSPACE_937139849_20260901.csv,389,General,G_SYS_PERF_005,과적합 및 과소적합,ok,이견 없음: 현행 명칭·정의·배치를 유지하였다.,KEEP_CONFIRMED,Reviewer recorded no objection.,NO_CHANGE,KEEP_CONFIRMED,G_SYS_PERF_005,General,G_SYS,G_SYS_PERF,REVIEWED,REVIEWED,USER_APPROVED_ROUND4,ID_RETAINED
HR4-R0389,L4_General_Human_Review_Round4_KTSPACE_937139849_20260901.csv,390,General,G_SYS_PERF_006,코너 케이스에서의 신뢰성 저하,ok,이견 없음: 현행 명칭·정의·배치를 유지하였다.,KEEP_CONFIRMED,Reviewer recorded no objection.,NO_CHANGE,KEEP_CONFIRMED,G_SYS_PERF_006,General,G_SYS,G_SYS_PERF,REVIEWED,REVIEWED,USER_APPROVED_ROUND4,ID_RETAINED
HR4-R0390,L4_General_Human_Review_Round4_KTSPACE_937139849_20260901.csv,391,General,G_SYS_PERF_007,검증된 운용 범위 밖에서의 신뢰성·안전성 실패,ok,이견 없음: 현행 명칭·정의·배치를 유지하였다.,KEEP_CONFIRMED,Reviewer recorded no objection.,NO_CHANGE,KEEP_CONFIRMED,G_SYS_PERF_007,General,G_SYS,G_SYS_PERF,REVIEWED,REVIEWED,USER_APPROVED_ROUND4,ID_RETAINED
HR4-R0391,L4_General_Human_Review_Round4_KTSPACE_937139849_20260901.csv,392,General,G_SYS_PERF_008,분포 외 입력에 대한 고확신 오류,ok,이견 없음: 현행 명칭·정의·배치를 유지하였다.,KEEP_CONFIRMED,Reviewer recorded no objection.,NO_CHANGE,KEEP_CONFIRMED,G_SYS_PERF_008,General,G_SYS,G_SYS_PERF,REVIEWED,REVIEWED,USER_APPROVED_ROUND4,ID_RETAINED
HR4-R0392,L4_General_Human_Review_Round4_KTSPACE_937139849_20260901.csv,393,General,G_SYS_PERF_009,이상 조건에서의 성능·견고성·복원력 실패,ok,이견 없음: 현행 명칭·정의·배치를 유지하였다.,KEEP_CONFIRMED,Reviewer recorded no objection.,NO_CHANGE,KEEP_CONFIRMED,G_SYS_PERF_009,General,G_SYS,G_SYS_PERF,REVIEWED,REVIEWED,USER_APPROVED_ROUND4,ID_RETAINED
HR4-R0393,L4_General_Human_Review_Round4_KTSPACE_937139849_20260901.csv,394,General,G_SYS_PERF_010,복잡한 신경망 모델의 내재적 견고성 부족,ok,이견 없음: 현행 명칭·정의·배치를 유지하였다.,KEEP_CONFIRMED,Reviewer recorded no objection.,NO_CHANGE,KEEP_CONFIRMED,G_SYS_PERF_010,General,G_SYS,G_SYS_PERF,REVIEWED,REVIEWED,USER_APPROVED_ROUND4,ID_RETAINED
HR4-R0394,L4_General_Human_Review_Round4_KTSPACE_937139849_20260901.csv,395,General,G_SYS_PERF_011,미세조정에 따른 모델 안전 성능 열화,ok,이견 없음: 현행 명칭·정의·배치를 유지하였다.,KEEP_CONFIRMED,Reviewer recorded no objection.,NO_CHANGE,KEEP_CONFIRMED,G_SYS_PERF_011,General,G_SYS,G_SYS_PERF,REVIEWED,REVIEWED,USER_APPROVED_ROUND4,ID_RETAINED
HR4-R0395,L4_General_Human_Review_Round4_KTSPACE_937139849_20260901.csv,396,General,G_SYS_PERF_012,비전문적 데이터 처리에 따른 성능·신뢰성 저하,ok,이견 없음: 현행 명칭·정의·배치를 유지하였다.,KEEP_CONFIRMED,Reviewer recorded no objection.,NO_CHANGE,KEEP_CONFIRMED,G_SYS_PERF_012,General,G_SYS,G_SYS_PERF,REVIEWED,REVIEWED,USER_APPROVED_ROUND4,ID_RETAINED
HR4-R0396,L4_General_Human_Review_Round4_KTSPACE_937139849_20260901.csv,397,General,G_SYS_PERF_013,장기 작업의 단계 간 오차 누적,ok,이견 없음: 현행 명칭·정의·배치를 유지하였다.,KEEP_CONFIRMED,Reviewer recorded no objection.,NO_CHANGE,KEEP_CONFIRMED,G_SYS_PERF_013,General,G_SYS,G_SYS_PERF,REVIEWED,REVIEWED,USER_APPROVED_ROUND4,ID_RETAINED
HR4-R0397,L4_General_Human_Review_Round4_KTSPACE_937139849_20260901.csv,398,General,G_SYS_PERF_014,부적절한 자동화 수준에 따른 신뢰성·안전성 저하,ok,이견 없음: 현행 명칭·정의·배치를 유지하였다.,KEEP_CONFIRMED,Reviewer recorded no objection.,NO_CHANGE,KEEP_CONFIRMED,G_SYS_PERF_014,General,G_SYS,G_SYS_PERF,REVIEWED,REVIEWED,USER_APPROVED_ROUND4,ID_RETAINED
HR4-R0398,L4_General_Human_Review_Round4_KTSPACE_937139849_20260901.csv,399,General,G_SYS_PERF_015,공공 공간 운용에서의 로봇 성능·접근성 실패,"(이 카드가 맞게 배치되었는지 봐주세요)

ok",논의 검토 후 현행 유지: 공공 공간 운용에서 발생하는 로봇 성능·접근성 실패는 현재 G_SYS_PERF 배치가 적합하다.,DISCUSSION_RESOLVED_KEEP,The reviewer question was followed by ok; current placement is retained.,NO_CHANGE,KEEP_CONFIRMED,G_SYS_PERF_015,General,G_SYS,G_SYS_PERF,REVIEWED,REVIEWED,USER_APPROVED_ROUND4,ID_RETAINED
HR4-R0399,L4_General_Human_Review_Round4_KTSPACE_937139849_20260901.csv,400,General,G_SYS_PERF_016,적대적 학습의 강건 과적합에 따른 물리 안전 성능 저하,ok,이견 없음: 현행 명칭·정의·배치를 유지하였다.,KEEP_CONFIRMED,Reviewer recorded no objection.,NO_CHANGE,KEEP_CONFIRMED,G_SYS_PERF_016,General,G_SYS,G_SYS_PERF,REVIEWED,REVIEWED,USER_APPROVED_ROUND4,ID_RETAINED
HR4-R0400,L4_General_Human_Review_Round4_KTSPACE_937139849_20260901.csv,401,General,G_SOC_ECON_001,합성 창작물에 의한 인간 창작 노동의 대체,ok,이견 없음: 현행 명칭·정의·배치를 유지하였다.,KEEP_CONFIRMED,Reviewer recorded no objection.,NO_CHANGE,KEEP_CONFIRMED,G_SOC_ECON_001,General,G_SOC,G_SOC_ECON,REVIEWED,REVIEWED,USER_APPROVED_ROUND4,ID_RETAINED
HR4-R0401,L4_General_Human_Review_Round4_KTSPACE_937139849_20260901.csv,402,General,G_SOC_ECON_002,전환 지원 없는 물리 노동 대체,ok,이견 없음: 현행 명칭·정의·배치를 유지하였다.,KEEP_CONFIRMED,Reviewer recorded no objection.,NO_CHANGE,KEEP_CONFIRMED,G_SOC_ECON_002,General,G_SOC,G_SOC_ECON,REVIEWED,REVIEWED,USER_APPROVED_ROUND4,ID_RETAINED
HR4-R0402,L4_General_Human_Review_Round4_KTSPACE_937139849_20260901.csv,403,General,G_SOC_ECON_003,산업 교란,ok,이견 없음: 현행 명칭·정의·배치를 유지하였다.,KEEP_CONFIRMED,Reviewer recorded no objection.,NO_CHANGE,KEEP_CONFIRMED,G_SOC_ECON_003,General,G_SOC,G_SOC_ECON,REVIEWED,REVIEWED,USER_APPROVED_ROUND4,ID_RETAINED
HR4-R0403,L4_General_Human_Review_Round4_KTSPACE_937139849_20260901.csv,404,General,G_SOC_ECON_005,아웃소싱 축소에 의한 개발도상국 경제 타격,ok,이견 없음: 현행 명칭·정의·배치를 유지하였다.,KEEP_CONFIRMED,Reviewer recorded no objection.,NO_CHANGE,KEEP_CONFIRMED,G_SOC_ECON_005,General,G_SOC,G_SOC_ECON,REVIEWED,REVIEWED,USER_APPROVED_ROUND4,ID_RETAINED
HR4-R0404,L4_General_Human_Review_Round4_KTSPACE_937139849_20260901.csv,405,General,G_SOC_ECON_006,AI의 인간 노동 추월에 따른 인력의 잉여화,ok,이견 없음: 현행 명칭·정의·배치를 유지하였다.,KEEP_CONFIRMED,Reviewer recorded no objection.,NO_CHANGE,KEEP_CONFIRMED,G_SOC_ECON_006,General,G_SOC,G_SOC_ECON,REVIEWED,REVIEWED,USER_APPROVED_ROUND4,ID_RETAINED
HR4-R0405,L4_General_Human_Review_Round4_KTSPACE_937139849_20260901.csv,406,General,G_SOC_ECON_008,노동 대체와 경제·사회 질서의 교란,ok,이견 없음: 현행 명칭·정의·배치를 유지하였다.,KEEP_CONFIRMED,Reviewer recorded no objection.,NO_CHANGE,KEEP_CONFIRMED,G_SOC_ECON_008,General,G_SOC,G_SOC_ECON,REVIEWED,REVIEWED,USER_APPROVED_ROUND4,ID_RETAINED
HR4-R0406,L4_General_Human_Review_Round4_KTSPACE_937139849_20260901.csv,407,General,G_SOC_ECON_010,불평등과 기술적 충격에 따른 사회 불안정,ok,이견 없음: 현행 명칭·정의·배치를 유지하였다.,KEEP_CONFIRMED,Reviewer recorded no objection.,NO_CHANGE,KEEP_CONFIRMED,G_SOC_ECON_010,General,G_SOC,G_SOC_ECON,REVIEWED,REVIEWED,USER_APPROVED_ROUND4,ID_RETAINED
HR4-R0407,L4_General_Human_Review_Round4_KTSPACE_937139849_20260901.csv,408,General,G_SOC_ECON_012,AI 도입에 따른 임금 양극화,ok,이견 없음: 현행 명칭·정의·배치를 유지하였다.,KEEP_CONFIRMED,Reviewer recorded no objection.,NO_CHANGE,KEEP_CONFIRMED,G_SOC_ECON_012,General,G_SOC,G_SOC_ECON,REVIEWED,REVIEWED,USER_APPROVED_ROUND4,ID_RETAINED
HR4-R0408,L4_General_Human_Review_Round4_KTSPACE_937139849_20260901.csv,409,General,G_SOC_POWER_001,AI 공급자 종속,ok,이견 없음: 현행 명칭·정의·배치를 유지하였다.,KEEP_CONFIRMED,Reviewer recorded no objection.,NO_CHANGE,KEEP_CONFIRMED,G_SOC_POWER_001,General,G_SOC,G_SOC_POWER,REVIEWED,REVIEWED,USER_APPROVED_ROUND4,ID_RETAINED
HR4-R0409,L4_General_Human_Review_Round4_KTSPACE_937139849_20260901.csv,410,General,G_SOC_POWER_002,공통 AI 플랫폼 집중에 따른 단일 장애점,ok,이견 없음: 현행 명칭·정의·배치를 유지하였다.,KEEP_CONFIRMED,Reviewer recorded no objection.,NO_CHANGE,KEEP_CONFIRMED,G_SOC_POWER_002,General,G_SOC,G_SOC_POWER,REVIEWED,REVIEWED,USER_APPROVED_ROUND4,ID_RETAINED
HR4-R0410,L4_General_Human_Review_Round4_KTSPACE_937139849_20260901.csv,411,General,G_SOC_POWER_003,연산 자원 접근 불평등,ok,이견 없음: 현행 명칭·정의·배치를 유지하였다.,KEEP_CONFIRMED,Reviewer recorded no objection.,NO_CHANGE,KEEP_CONFIRMED,G_SOC_POWER_003,General,G_SOC,G_SOC_POWER,REVIEWED,REVIEWED,USER_APPROVED_ROUND4,ID_RETAINED
HR4-R0411,L4_General_Human_Review_Round4_KTSPACE_937139849_20260901.csv,412,General,G_SOC_POWER_004,AI 권력·시장 지배력의 집중,ok,이견 없음: 현행 명칭·정의·배치를 유지하였다.,KEEP_CONFIRMED,Reviewer recorded no objection.,NO_CHANGE,KEEP_CONFIRMED,G_SOC_POWER_004,General,G_SOC,G_SOC_POWER,REVIEWED,REVIEWED,USER_APPROVED_ROUND4,ID_RETAINED
HR4-R0412,L4_General_Human_Review_Round4_KTSPACE_937139849_20260901.csv,413,General,G_SOC_POWER_005,대규모 인구에 대한 AI 영향력의 집중,ok,이견 없음: 현행 명칭·정의·배치를 유지하였다.,KEEP_CONFIRMED,Reviewer recorded no objection.,NO_CHANGE,KEEP_CONFIRMED,G_SOC_POWER_005,General,G_SOC,G_SOC_POWER,REVIEWED,REVIEWED,USER_APPROVED_ROUND4,ID_RETAINED
HR4-R0413,L4_General_Human_Review_Round4_KTSPACE_937139849_20260901.csv,414,General,G_SOC_POWER_006,AI 자원을 둘러싼 갈등,ok,이견 없음: 현행 명칭·정의·배치를 유지하였다.,KEEP_CONFIRMED,Reviewer recorded no objection.,NO_CHANGE,KEEP_CONFIRMED,G_SOC_POWER_006,General,G_SOC,G_SOC_POWER,REVIEWED,REVIEWED,USER_APPROVED_ROUND4,ID_RETAINED
HR4-R0414,L4_General_Human_Review_Round4_KTSPACE_937139849_20260901.csv,415,General,G_SOC_POWER_007,기반 모델 공유에 따른 상관 실패,ok,이견 없음: 현행 명칭·정의·배치를 유지하였다.,KEEP_CONFIRMED,Reviewer recorded no objection.,NO_CHANGE,KEEP_CONFIRMED,G_SOC_POWER_007,General,G_SOC,G_SOC_POWER,REVIEWED,REVIEWED,USER_APPROVED_ROUND4,ID_RETAINED
HR4-R0415,L4_General_Human_Review_Round4_KTSPACE_937139849_20260901.csv,416,General,G_SOC_POWER_008,디지털 식민주의,ok,이견 없음: 현행 명칭·정의·배치를 유지하였다.,KEEP_CONFIRMED,Reviewer recorded no objection.,NO_CHANGE,KEEP_CONFIRMED,G_SOC_POWER_008,General,G_SOC,G_SOC_POWER,REVIEWED,REVIEWED,USER_APPROVED_ROUND4,ID_RETAINED
HR4-R0416,L4_General_Human_Review_Round4_KTSPACE_937139849_20260901.csv,417,General,G_SOC_POWER_010,글로벌 AI 격차와 불평등,ok,이견 없음: 현행 명칭·정의·배치를 유지하였다.,KEEP_CONFIRMED,Reviewer recorded no objection.,NO_CHANGE,KEEP_CONFIRMED,G_SOC_POWER_010,General,G_SOC,G_SOC_POWER,REVIEWED,REVIEWED,USER_APPROVED_ROUND4,ID_RETAINED
HR4-R0417,L4_General_Human_Review_Round4_KTSPACE_937139849_20260901.csv,418,General,G_SOC_POWER_012,기업 AI 경쟁의 폐해,ok,이견 없음: 현행 명칭·정의·배치를 유지하였다.,KEEP_CONFIRMED,Reviewer recorded no objection.,NO_CHANGE,KEEP_CONFIRMED,G_SOC_POWER_012,General,G_SOC,G_SOC_POWER,REVIEWED,REVIEWED,USER_APPROVED_ROUND4,ID_RETAINED
HR4-R0418,L4_General_Human_Review_Round4_KTSPACE_937139849_20260901.csv,419,General,G_SOC_POWER_015,AI 개발 과정의 노동 착취,ok,이견 없음: 현행 명칭·정의·배치를 유지하였다.,KEEP_CONFIRMED,Reviewer recorded no objection.,NO_CHANGE,KEEP_CONFIRMED,G_SOC_POWER_015,General,G_SOC,G_SOC_POWER,REVIEWED,REVIEWED,USER_APPROVED_ROUND4,ID_RETAINED
HR4-R0419,L4_General_Human_Review_Round4_KTSPACE_937139849_20260901.csv,420,General,G_SOC_POWER_017,AI 역량 비대칭에 따른 권력 불균형과 지정학적 긴장,ok,이견 없음: 현행 명칭·정의·배치를 유지하였다.,KEEP_CONFIRMED,Reviewer recorded no objection.,NO_CHANGE,KEEP_CONFIRMED,G_SOC_POWER_017,General,G_SOC,G_SOC_POWER,REVIEWED,REVIEWED,USER_APPROVED_ROUND4,ID_RETAINED
HR4-R0420,L4_General_Human_Review_Round4_KTSPACE_937139849_20260901.csv,421,General,G_SOC_POWER_018,AI 지식의 사유화,ok,이견 없음: 현행 명칭·정의·배치를 유지하였다.,KEEP_CONFIRMED,Reviewer recorded no objection.,NO_CHANGE,KEEP_CONFIRMED,G_SOC_POWER_018,General,G_SOC,G_SOC_POWER,REVIEWED,REVIEWED,USER_APPROVED_ROUND4,ID_RETAINED
HR4-R0421,L4_General_Human_Review_Round4_KTSPACE_937139849_20260901.csv,422,General,G_SOC_POWER_019,기업 권력 비대칭에 의한 규제 포획,ok,이견 없음: 현행 명칭·정의·배치를 유지하였다.,KEEP_CONFIRMED,Reviewer recorded no objection.,NO_CHANGE,KEEP_CONFIRMED,G_SOC_POWER_019,General,G_SOC,G_SOC_POWER,REVIEWED,REVIEWED,USER_APPROVED_ROUND4,ID_RETAINED
HR4-R0422,L4_General_Human_Review_Round4_KTSPACE_937139849_20260901.csv,423,General,G_SOC_POWER_020,AI 개발 경쟁에서의 안전 후순위화,[이동] '거버넌스·책임 공백'으로 이동 필요,이동 반영: 경쟁 압력에 따른 AI 안전 거버넌스 후순위화로 재정의하여 G_SOC_GOV_046으로 이동하였다.,COMMENT_PRESENT,The reviewer explicitly directed the card to Governance and Accountability Void because the operative failure is the inability of governance controls to prevent safety shortcuts.,MOVE_REWRITE,APPLIED,G_SOC_GOV_046,General,G_SOC,G_SOC_GOV,REVIEWED,REVIEWED,USER_APPROVED_ROUND4,ID_CROSSWALK
HR4-R0423,L4_General_Human_Review_Round4_KTSPACE_937139849_20260901.csv,424,General,G_SOC_POWER_023,디지털 격차 확대,ok,이견 없음: 현행 명칭·정의·배치를 유지하였다.,KEEP_CONFIRMED,Reviewer recorded no objection.,NO_CHANGE,KEEP_CONFIRMED,G_SOC_POWER_023,General,G_SOC,G_SOC_POWER,REVIEWED,REVIEWED,USER_APPROVED_ROUND4,ID_RETAINED
HR4-R0424,L4_General_Human_Review_Round4_KTSPACE_937139849_20260901.csv,425,General,G_SOC_POWER_025,글로벌 AI 공급망 교란,ok,이견 없음: 현행 명칭·정의·배치를 유지하였다.,KEEP_CONFIRMED,Reviewer recorded no objection.,NO_CHANGE,KEEP_CONFIRMED,G_SOC_POWER_025,General,G_SOC,G_SOC_POWER,REVIEWED,REVIEWED,USER_APPROVED_ROUND4,ID_RETAINED
HR4-R0425,L4_General_Human_Review_Round4_KTSPACE_937139849_20260901.csv,426,General,G_SOC_POWER_026,데이터 노동 저평가·비가시화,ok,이견 없음: 현행 명칭·정의·배치를 유지하였다.,KEEP_CONFIRMED,Reviewer recorded no objection.,NO_CHANGE,KEEP_CONFIRMED,G_SOC_POWER_026,General,G_SOC,G_SOC_POWER,REVIEWED,REVIEWED,USER_APPROVED_ROUND4,ID_RETAINED
HR4-R0426,L4_General_Human_Review_Round4_KTSPACE_937139849_20260901.csv,427,General,G_SOC_POWER_027,단일 실패 지점,ok,이견 없음: 현행 명칭·정의·배치를 유지하였다.,KEEP_CONFIRMED,Reviewer recorded no objection.,NO_CHANGE,KEEP_CONFIRMED,G_SOC_POWER_027,General,G_SOC,G_SOC_POWER,REVIEWED,REVIEWED,USER_APPROVED_ROUND4,ID_RETAINED
HR4-R0427,L4_General_Human_Review_Round4_KTSPACE_937139849_20260901.csv,428,General,G_SOC_DEMOC_001,AI 기반 검열과 공적 담론 억압,ok,이견 없음: 현행 명칭·정의·배치를 유지하였다.,KEEP_CONFIRMED,Reviewer recorded no objection.,NO_CHANGE,KEEP_CONFIRMED,G_SOC_DEMOC_001,General,G_SOC,G_SOC_DEMOC,REVIEWED,REVIEWED,USER_APPROVED_ROUND4,ID_RETAINED
HR4-R0428,L4_General_Human_Review_Round4_KTSPACE_937139849_20260901.csv,429,General,G_SOC_DEMOC_002,인지전과 주권 침해,ok,이견 없음: 현행 명칭·정의·배치를 유지하였다.,KEEP_CONFIRMED,Reviewer recorded no objection.,NO_CHANGE,KEEP_CONFIRMED,G_SOC_DEMOC_002,General,G_SOC,G_SOC_DEMOC,REVIEWED,REVIEWED,USER_APPROVED_ROUND4,ID_RETAINED
HR4-R0429,L4_General_Human_Review_Round4_KTSPACE_937139849_20260901.csv,430,General,G_SOC_DEMOC_003,대규모 영향력 작전에 의한 인식 체계 왜곡,ok,이견 없음: 현행 명칭·정의·배치를 유지하였다.,KEEP_CONFIRMED,Reviewer recorded no objection.,NO_CHANGE,KEEP_CONFIRMED,G_SOC_DEMOC_003,General,G_SOC,G_SOC_DEMOC,REVIEWED,REVIEWED,USER_APPROVED_ROUND4,ID_RETAINED
HR4-R0430,L4_General_Human_Review_Round4_KTSPACE_937139849_20260901.csv,431,General,G_SOC_DEMOC_005,민주적 절차·제도 신뢰의 침식,ok,이견 없음: 현행 명칭·정의·배치를 유지하였다.,KEEP_CONFIRMED,Reviewer recorded no objection.,NO_CHANGE,KEEP_CONFIRMED,G_SOC_DEMOC_005,General,G_SOC,G_SOC_DEMOC,REVIEWED,REVIEWED,USER_APPROVED_ROUND4,ID_RETAINED
HR4-R0431,L4_General_Human_Review_Round4_KTSPACE_937139849_20260901.csv,432,General,G_SOC_DEMOC_006,위장 계정 자동 운영에 의한 정보 환경 조작,ok,이견 없음: 현행 명칭·정의·배치를 유지하였다.,KEEP_CONFIRMED,Reviewer recorded no objection.,NO_CHANGE,KEEP_CONFIRMED,G_SOC_DEMOC_006,General,G_SOC,G_SOC_DEMOC,REVIEWED,REVIEWED,USER_APPROVED_ROUND4,ID_RETAINED
HR4-R0432,L4_General_Human_Review_Round4_KTSPACE_937139849_20260901.csv,433,General,G_SOC_DEMOC_007,AI 감시에 의한 전체주의 체제 유지,ok,이견 없음: 현행 명칭·정의·배치를 유지하였다.,KEEP_CONFIRMED,Reviewer recorded no objection.,NO_CHANGE,KEEP_CONFIRMED,G_SOC_DEMOC_007,General,G_SOC,G_SOC_DEMOC,REVIEWED,REVIEWED,USER_APPROVED_ROUND4,ID_RETAINED
HR4-R0433,L4_General_Human_Review_Round4_KTSPACE_937139849_20260901.csv,434,General,G_SOC_DEMOC_008,추천 알고리즘에 의한 온라인 양극화 심화,ok,이견 없음: 현행 명칭·정의·배치를 유지하였다.,KEEP_CONFIRMED,Reviewer recorded no objection.,NO_CHANGE,KEEP_CONFIRMED,G_SOC_DEMOC_008,General,G_SOC,G_SOC_DEMOC,REVIEWED,REVIEWED,USER_APPROVED_ROUND4,ID_RETAINED
HR4-R0434,L4_General_Human_Review_Round4_KTSPACE_937139849_20260901.csv,435,General,G_SOC_DEMOC_010,이용자 정렬 AI 어시스턴트에 의한 관점 고착과 시민적 기반 약화,ok,이견 없음: 현행 명칭·정의·배치를 유지하였다.,KEEP_CONFIRMED,Reviewer recorded no objection.,NO_CHANGE,KEEP_CONFIRMED,G_SOC_DEMOC_010,General,G_SOC,G_SOC_DEMOC,REVIEWED,REVIEWED,USER_APPROVED_ROUND4,ID_RETAINED
HR4-R0435,L4_General_Human_Review_Round4_KTSPACE_937139849_20260901.csv,436,General,G_SOC_DEMOC_011,정보 신뢰 저하에 따른 집단 의사결정 약화,ok,이견 없음: 현행 명칭·정의·배치를 유지하였다.,KEEP_CONFIRMED,Reviewer recorded no objection.,NO_CHANGE,KEEP_CONFIRMED,G_SOC_DEMOC_011,General,G_SOC,G_SOC_DEMOC,REVIEWED,REVIEWED,USER_APPROVED_ROUND4,ID_RETAINED
HR4-R0436,L4_General_Human_Review_Round4_KTSPACE_937139849_20260901.csv,437,General,G_SOC_ENV_001,배터리 화재 및 유해 폐기물,ok,이견 없음: 현행 명칭·정의·배치를 유지하였다.,KEEP_CONFIRMED,Reviewer recorded no objection.,NO_CHANGE,KEEP_CONFIRMED,G_SOC_ENV_001,General,G_SOC,G_SOC_ENV,REVIEWED,REVIEWED,USER_APPROVED_ROUND4,ID_RETAINED
HR4-R0437,L4_General_Human_Review_Round4_KTSPACE_937139849_20260901.csv,438,General,G_SOC_ENV_002,생물다양성 손실,ok,이견 없음: 현행 명칭·정의·배치를 유지하였다.,KEEP_CONFIRMED,Reviewer recorded no objection.,NO_CHANGE,KEEP_CONFIRMED,G_SOC_ENV_002,General,G_SOC,G_SOC_ENV,REVIEWED,REVIEWED,USER_APPROVED_ROUND4,ID_RETAINED
HR4-R0438,L4_General_Human_Review_Round4_KTSPACE_937139849_20260901.csv,439,General,G_SOC_ENV_003,에너지 병목 및 공급 부족,ok,이견 없음: 현행 명칭·정의·배치를 유지하였다.,KEEP_CONFIRMED,Reviewer recorded no objection.,NO_CHANGE,KEEP_CONFIRMED,G_SOC_ENV_003,General,G_SOC,G_SOC_ENV,REVIEWED,REVIEWED,USER_APPROVED_ROUND4,ID_RETAINED
HR4-R0439,L4_General_Human_Review_Round4_KTSPACE_937139849_20260901.csv,440,General,G_SOC_ENV_005,언어모델 학습·운영에 따른 환경 피해,ok,이견 없음: 현행 명칭·정의·배치를 유지하였다.,KEEP_CONFIRMED,Reviewer recorded no objection.,NO_CHANGE,KEEP_CONFIRMED,G_SOC_ENV_005,General,G_SOC,G_SOC_ENV,REVIEWED,REVIEWED,USER_APPROVED_ROUND4,ID_RETAINED
HR4-R0440,L4_General_Human_Review_Round4_KTSPACE_937139849_20260901.csv,441,General,G_SOC_ENV_007,전자폐기물 과다 매립,ok,이견 없음: 현행 명칭·정의·배치를 유지하였다.,KEEP_CONFIRMED,Reviewer recorded no objection.,NO_CHANGE,KEEP_CONFIRMED,G_SOC_ENV_007,General,G_SOC,G_SOC_ENV,REVIEWED,REVIEWED,USER_APPROVED_ROUND4,ID_RETAINED
HR4-R0441,L4_General_Human_Review_Round4_KTSPACE_937139849_20260901.csv,442,General,G_SOC_ENV_008,AI 데이터센터 냉각의 과도한 용수 소비,ok,이견 없음: 현행 명칭·정의·배치를 유지하였다.,KEEP_CONFIRMED,Reviewer recorded no objection.,NO_CHANGE,KEEP_CONFIRMED,G_SOC_ENV_008,General,G_SOC,G_SOC_ENV,REVIEWED,REVIEWED,USER_APPROVED_ROUND4,ID_RETAINED
HR4-R0442,L4_General_Human_Review_Round4_KTSPACE_937139849_20260901.csv,443,General,G_SOC_ENV_009,AI 기반 나노물질 설계·제조에 따른 유해 나노입자 방출,ok,이견 없음: 현행 명칭·정의·배치를 유지하였다.,KEEP_CONFIRMED,Reviewer recorded no objection.,NO_CHANGE,KEEP_CONFIRMED,G_SOC_ENV_009,General,G_SOC,G_SOC_ENV,REVIEWED,REVIEWED,USER_APPROVED_ROUND4,ID_RETAINED
HR4-R0443,L4_General_Human_Review_Round4_KTSPACE_937139849_20260901.csv,444,General,G_SOC_ENV_011,온실가스 배출 증가,ok,이견 없음: 현행 명칭·정의·배치를 유지하였다.,KEEP_CONFIRMED,Reviewer recorded no objection.,NO_CHANGE,KEEP_CONFIRMED,G_SOC_ENV_011,General,G_SOC,G_SOC_ENV,REVIEWED,REVIEWED,USER_APPROVED_ROUND4,ID_RETAINED
HR4-R0444,L4_General_Human_Review_Round4_KTSPACE_937139849_20260901.csv,445,General,G_SOC_ENV_012,원자재 수요에 의한 자원 고갈,ok,이견 없음: 현행 명칭·정의·배치를 유지하였다.,KEEP_CONFIRMED,Reviewer recorded no objection.,NO_CHANGE,KEEP_CONFIRMED,G_SOC_ENV_012,General,G_SOC,G_SOC_ENV,REVIEWED,REVIEWED,USER_APPROVED_ROUND4,ID_RETAINED
HR4-R0445,L4_General_Human_Review_Round4_KTSPACE_937139849_20260901.csv,446,General,G_SOC_CULT_001,인지 오프로딩,ok,이견 없음: 현행 명칭·정의·배치를 유지하였다.,KEEP_CONFIRMED,Reviewer recorded no objection.,NO_CHANGE,KEEP_CONFIRMED,G_SOC_CULT_001,General,G_SOC,G_SOC_CULT,REVIEWED,REVIEWED,USER_APPROVED_ROUND4,ID_RETAINED
HR4-R0446,L4_General_Human_Review_Round4_KTSPACE_937139849_20260901.csv,447,General,G_SOC_CULT_002,문화 데이터 출처 손실,ok,이견 없음: 현행 명칭·정의·배치를 유지하였다.,KEEP_CONFIRMED,Reviewer recorded no objection.,NO_CHANGE,KEEP_CONFIRMED,G_SOC_CULT_002,General,G_SOC,G_SOC_CULT,REVIEWED,REVIEWED,USER_APPROVED_ROUND4,ID_RETAINED
HR4-R0447,L4_General_Human_Review_Round4_KTSPACE_937139849_20260901.csv,448,General,G_SOC_CULT_005,AI 생성 결과의 문화적 획일화,ok,이견 없음: 현행 명칭·정의·배치를 유지하였다.,KEEP_CONFIRMED,Reviewer recorded no objection.,NO_CHANGE,KEEP_CONFIRMED,G_SOC_CULT_005,General,G_SOC,G_SOC_CULT,REVIEWED,REVIEWED,USER_APPROVED_ROUND4,ID_RETAINED
HR4-R0448,L4_General_Human_Review_Round4_KTSPACE_937139849_20260901.csv,449,General,G_SOC_CULT_007,정보 환경의 질적 저하와 균질화,ok,이견 없음: 현행 명칭·정의·배치를 유지하였다.,KEEP_CONFIRMED,Reviewer recorded no objection.,NO_CHANGE,KEEP_CONFIRMED,G_SOC_CULT_007,General,G_SOC,G_SOC_CULT,REVIEWED,REVIEWED,USER_APPROVED_ROUND4,ID_RETAINED
HR4-R0449,L4_General_Human_Review_Round4_KTSPACE_937139849_20260901.csv,450,General,G_SOC_CULT_008,창의성·비판적 사고의 저하,ok,이견 없음: 현행 명칭·정의·배치를 유지하였다.,KEEP_CONFIRMED,Reviewer recorded no objection.,NO_CHANGE,KEEP_CONFIRMED,G_SOC_CULT_008,General,G_SOC,G_SOC_CULT,REVIEWED,REVIEWED,USER_APPROVED_ROUND4,ID_RETAINED
HR4-R0450,L4_General_Human_Review_Round4_KTSPACE_937139849_20260901.csv,451,General,G_SOC_CULT_009,설득 도구 확산에 의한 인식론적 분절화,ok,이견 없음: 현행 명칭·정의·배치를 유지하였다.,KEEP_CONFIRMED,Reviewer recorded no objection.,NO_CHANGE,KEEP_CONFIRMED,G_SOC_CULT_009,General,G_SOC,G_SOC_CULT,REVIEWED,REVIEWED,USER_APPROVED_ROUND4,ID_RETAINED
HR4-R0451,L4_General_Human_Review_Round4_KTSPACE_937139849_20260901.csv,452,General,G_SOC_CULT_010,집단 인식론과 공유된 현실 인식의 침식,ok,이견 없음: 현행 명칭·정의·배치를 유지하였다.,KEEP_CONFIRMED,Reviewer recorded no objection.,NO_CHANGE,KEEP_CONFIRMED,G_SOC_CULT_010,General,G_SOC,G_SOC_CULT,REVIEWED,REVIEWED,USER_APPROVED_ROUND4,ID_RETAINED
HR4-R0452,L4_General_Human_Review_Round4_KTSPACE_937139849_20260901.csv,453,General,G_SOC_CULT_011,AI에 의한 인간 존엄성과 도덕적 지위의 침식,ok,이견 없음: 현행 명칭·정의·배치를 유지하였다.,KEEP_CONFIRMED,Reviewer recorded no objection.,NO_CHANGE,KEEP_CONFIRMED,G_SOC_CULT_011,General,G_SOC,G_SOC_CULT,REVIEWED,REVIEWED,USER_APPROVED_ROUND4,ID_RETAINED
HR4-R0453,L4_General_Human_Review_Round4_KTSPACE_937139849_20260901.csv,454,General,G_SOC_CULT_012,저자원 언어와 문화적 의미의 침식,ok,이견 없음: 현행 명칭·정의·배치를 유지하였다.,KEEP_CONFIRMED,Reviewer recorded no objection.,NO_CHANGE,KEEP_CONFIRMED,G_SOC_CULT_012,General,G_SOC,G_SOC_CULT,REVIEWED,REVIEWED,USER_APPROVED_ROUND4,ID_RETAINED
HR4-R0454,L4_General_Human_Review_Round4_KTSPACE_937139849_20260901.csv,455,General,G_SOC_CULT_014,소외로 인한 피해,ok,이견 없음: 현행 명칭·정의·배치를 유지하였다.,KEEP_CONFIRMED,Reviewer recorded no objection.,NO_CHANGE,KEEP_CONFIRMED,G_SOC_CULT_014,General,G_SOC,G_SOC_CULT,REVIEWED,REVIEWED,USER_APPROVED_ROUND4,ID_RETAINED
HR4-R0455,L4_General_Human_Review_Round4_KTSPACE_937139849_20260901.csv,456,General,G_SOC_CULT_016,대중 지식의 모델 붕괴,ok,이견 없음: 현행 명칭·정의·배치를 유지하였다.,KEEP_CONFIRMED,Reviewer recorded no objection.,NO_CHANGE,KEEP_CONFIRMED,G_SOC_CULT_016,General,G_SOC,G_SOC_CULT,REVIEWED,REVIEWED,USER_APPROVED_ROUND4,ID_RETAINED
HR4-R0456,L4_General_Human_Review_Round4_KTSPACE_937139849_20260901.csv,457,General,G_SOC_CULT_017,도덕적 탈숙련화,ok,이견 없음: 현행 명칭·정의·배치를 유지하였다.,KEEP_CONFIRMED,Reviewer recorded no objection.,NO_CHANGE,KEEP_CONFIRMED,G_SOC_CULT_017,General,G_SOC,G_SOC_CULT,REVIEWED,REVIEWED,USER_APPROVED_ROUND4,ID_RETAINED
HR4-R0457,L4_General_Human_Review_Round4_KTSPACE_937139849_20260901.csv,458,General,G_SOC_CULT_018,AI 생성 학술 콘텐츠에 의한 학술 문헌 오염,ok,이견 없음: 현행 명칭·정의·배치를 유지하였다.,KEEP_CONFIRMED,Reviewer recorded no objection.,NO_CHANGE,KEEP_CONFIRMED,G_SOC_CULT_018,General,G_SOC,G_SOC_CULT,REVIEWED,REVIEWED,USER_APPROVED_ROUND4,ID_RETAINED
HR4-R0458,L4_General_Human_Review_Round4_KTSPACE_937139849_20260901.csv,459,General,G_SOC_CULT_019,전문적 판단력 위축,ok,이견 없음: 현행 명칭·정의·배치를 유지하였다.,KEEP_CONFIRMED,Reviewer recorded no objection.,NO_CHANGE,KEEP_CONFIRMED,G_SOC_CULT_019,General,G_SOC,G_SOC_CULT,REVIEWED,REVIEWED,USER_APPROVED_ROUND4,ID_RETAINED
HR4-R0459,L4_General_Human_Review_Round4_KTSPACE_937139849_20260901.csv,460,General,G_SOC_CULT_020,문화 해석 권위의 이전,ok,이견 없음: 현행 명칭·정의·배치를 유지하였다.,KEEP_CONFIRMED,Reviewer recorded no objection.,NO_CHANGE,KEEP_CONFIRMED,G_SOC_CULT_020,General,G_SOC,G_SOC_CULT,REVIEWED,REVIEWED,USER_APPROVED_ROUND4,ID_RETAINED
HR4-R0460,L4_General_Human_Review_Round4_KTSPACE_937139849_20260901.csv,461,General,G_SOC_CULT_021,AI 생성물 대량 유입에 따른 제출·지원 채널 과부하,ok,이견 없음: 현행 명칭·정의·배치를 유지하였다.,KEEP_CONFIRMED,Reviewer recorded no objection.,NO_CHANGE,KEEP_CONFIRMED,G_SOC_CULT_021,General,G_SOC,G_SOC_CULT,REVIEWED,REVIEWED,USER_APPROVED_ROUND4,ID_RETAINED
HR4-R0461,L4_General_Human_Review_Round4_KTSPACE_937139849_20260901.csv,462,General,G_SOC_CULT_022,AI 분야의 서구 중심주의와 문화적 획일화,ok,이견 없음: 현행 명칭·정의·배치를 유지하였다.,KEEP_CONFIRMED,Reviewer recorded no objection.,NO_CHANGE,KEEP_CONFIRMED,G_SOC_CULT_022,General,G_SOC,G_SOC_CULT,REVIEWED,REVIEWED,USER_APPROVED_ROUND4,ID_RETAINED
HR4-R0462,L4_General_Human_Review_Round4_KTSPACE_937139849_20260901.csv,463,General,G_SOC_CULT_023,맞춤형 정보 제공에 의한 정보 고치 심화,ok,이견 없음: 현행 명칭·정의·배치를 유지하였다.,KEEP_CONFIRMED,Reviewer recorded no objection.,NO_CHANGE,KEEP_CONFIRMED,G_SOC_CULT_023,General,G_SOC,G_SOC_CULT,REVIEWED,REVIEWED,USER_APPROVED_ROUND4,ID_RETAINED
HR4-R0463,L4_General_Human_Review_Round4_KTSPACE_937139849_20260901.csv,464,General,G_SOC_CULT_024,AI 의존에 따른 학습 과정 우회와 학습 역량 저하,ok,이견 없음: 현행 명칭·정의·배치를 유지하였다.,KEEP_CONFIRMED,Reviewer recorded no objection.,NO_CHANGE,KEEP_CONFIRMED,G_SOC_CULT_024,General,G_SOC,G_SOC_CULT,REVIEWED,REVIEWED,USER_APPROVED_ROUND4,ID_RETAINED
HR4-R0464,L4_General_Human_Review_Round4_KTSPACE_937139849_20260901.csv,465,General,G_SOC_GOV_002,AI 결정과 피해에 대한 책임·거버넌스 공백,ok,이견 없음: 현행 명칭·정의·배치를 유지하였다.,KEEP_CONFIRMED,Reviewer recorded no objection.,NO_CHANGE,KEEP_CONFIRMED,G_SOC_GOV_002,General,G_SOC,G_SOC_GOV,REVIEWED,REVIEWED,USER_APPROVED_ROUND4,ID_RETAINED
HR4-R0465,L4_General_Human_Review_Round4_KTSPACE_937139849_20260901.csv,466,General,G_SOC_GOV_005,영향받는 공동체 배제,ok,이견 없음: 현행 명칭·정의·배치를 유지하였다.,KEEP_CONFIRMED,Reviewer recorded no objection.,NO_CHANGE,KEEP_CONFIRMED,G_SOC_GOV_005,General,G_SOC,G_SOC_GOV,REVIEWED,REVIEWED,USER_APPROVED_ROUND4,ID_RETAINED
HR4-R0466,L4_General_Human_Review_Round4_KTSPACE_937139849_20260901.csv,467,General,G_SOC_GOV_006,AI 리스크 책임 주체의 불명확성,ok,이견 없음: 현행 명칭·정의·배치를 유지하였다.,KEEP_CONFIRMED,Reviewer recorded no objection.,NO_CHANGE,KEEP_CONFIRMED,G_SOC_GOV_006,General,G_SOC,G_SOC_GOV,REVIEWED,REVIEWED,USER_APPROVED_ROUND4,ID_RETAINED
HR4-R0467,L4_General_Human_Review_Round4_KTSPACE_937139849_20260901.csv,468,General,G_SOC_GOV_008,기계 안전·AI 적합성 의무 충돌,ok,이견 없음: 현행 명칭·정의·배치를 유지하였다.,KEEP_CONFIRMED,Reviewer recorded no objection.,NO_CHANGE,KEEP_CONFIRMED,G_SOC_GOV_008,General,G_SOC,G_SOC_GOV,REVIEWED,REVIEWED,USER_APPROVED_ROUND4,ID_RETAINED
HR4-R0468,L4_General_Human_Review_Round4_KTSPACE_937139849_20260901.csv,469,General,G_SOC_GOV_009,피지컬 AI 사고 보고·조사 미흡,ok,이견 없음: 현행 명칭·정의·배치를 유지하였다.,KEEP_CONFIRMED,Reviewer recorded no objection.,NO_CHANGE,KEEP_CONFIRMED,G_SOC_GOV_009,General,G_SOC,G_SOC_GOV,REVIEWED,REVIEWED,USER_APPROVED_ROUND4,ID_RETAINED
HR4-R0469,L4_General_Human_Review_Round4_KTSPACE_937139849_20260901.csv,470,General,G_SOC_GOV_010,AI 위임에 따른 인간 의사결정 권한 이전,ok,이견 없음: 현행 명칭·정의·배치를 유지하였다.,KEEP_CONFIRMED,Reviewer recorded no objection.,NO_CHANGE,KEEP_CONFIRMED,G_SOC_GOV_010,General,G_SOC,G_SOC_GOV,REVIEWED,REVIEWED,USER_APPROVED_ROUND4,ID_RETAINED
HR4-R0470,L4_General_Human_Review_Round4_KTSPACE_937139849_20260901.csv,471,General,G_SOC_GOV_011,AI 시스템에 대한 고착화된 의존,ok,이견 없음: 현행 명칭·정의·배치를 유지하였다.,KEEP_CONFIRMED,Reviewer recorded no objection.,NO_CHANGE,KEEP_CONFIRMED,G_SOC_GOV_011,General,G_SOC,G_SOC_GOV,REVIEWED,REVIEWED,USER_APPROVED_ROUND4,ID_RETAINED
HR4-R0471,L4_General_Human_Review_Round4_KTSPACE_937139849_20260901.csv,472,General,G_SOC_GOV_015,AI에 대한 국제법적 거버넌스의 공백,ok,이견 없음: 현행 명칭·정의·배치를 유지하였다.,KEEP_CONFIRMED,Reviewer recorded no objection.,NO_CHANGE,KEEP_CONFIRMED,G_SOC_GOV_015,General,G_SOC,G_SOC_GOV,REVIEWED,REVIEWED,USER_APPROVED_ROUND4,ID_RETAINED
HR4-R0472,L4_General_Human_Review_Round4_KTSPACE_937139849_20260901.csv,473,General,G_SOC_GOV_016,점진적인 통제력 상실,ok,이견 없음: 현행 명칭·정의·배치를 유지하였다.,KEEP_CONFIRMED,Reviewer recorded no objection.,NO_CHANGE,KEEP_CONFIRMED,G_SOC_GOV_016,General,G_SOC,G_SOC_GOV,REVIEWED,REVIEWED,USER_APPROVED_ROUND4,ID_RETAINED
HR4-R0473,L4_General_Human_Review_Round4_KTSPACE_937139849_20260901.csv,474,General,G_SOC_GOV_017,AI 조달의 불충분한 실사,ok,이견 없음: 현행 명칭·정의·배치를 유지하였다.,KEEP_CONFIRMED,Reviewer recorded no objection.,NO_CHANGE,KEEP_CONFIRMED,G_SOC_GOV_017,General,G_SOC,G_SOC_GOV,REVIEWED,REVIEWED,USER_APPROVED_ROUND4,ID_RETAINED
HR4-R0474,L4_General_Human_Review_Round4_KTSPACE_937139849_20260901.csv,475,General,G_SOC_GOV_020,사고 분류 단편화,ok,이견 없음: 현행 명칭·정의·배치를 유지하였다.,KEEP_CONFIRMED,Reviewer recorded no objection.,NO_CHANGE,KEEP_CONFIRMED,G_SOC_GOV_020,General,G_SOC,G_SOC_GOV,REVIEWED,REVIEWED,USER_APPROVED_ROUND4,ID_RETAINED
HR4-R0475,L4_General_Human_Review_Round4_KTSPACE_937139849_20260901.csv,476,General,G_SOC_GOV_021,AI 결정·행동에 대한 감사 추적 불완전성,ok,이견 없음: 현행 명칭·정의·배치를 유지하였다.,KEEP_CONFIRMED,Reviewer recorded no objection.,NO_CHANGE,KEEP_CONFIRMED,G_SOC_GOV_021,General,G_SOC,G_SOC_GOV,REVIEWED,REVIEWED,USER_APPROVED_ROUND4,ID_RETAINED
HR4-R0476,L4_General_Human_Review_Round4_KTSPACE_937139849_20260901.csv,477,General,G_SOC_GOV_022,라이프사이클 거버넌스 불연속성,ok,이견 없음: 현행 명칭·정의·배치를 유지하였다.,KEEP_CONFIRMED,Reviewer recorded no objection.,NO_CHANGE,KEEP_CONFIRMED,G_SOC_GOV_022,General,G_SOC,G_SOC_GOV,REVIEWED,REVIEWED,USER_APPROVED_ROUND4,ID_RETAINED
HR4-R0477,L4_General_Human_Review_Round4_KTSPACE_937139849_20260901.csv,478,General,G_SOC_GOV_023,현지 책임 없는 현지화,ok,이견 없음: 현행 명칭·정의·배치를 유지하였다.,KEEP_CONFIRMED,Reviewer recorded no objection.,NO_CHANGE,KEEP_CONFIRMED,G_SOC_GOV_023,General,G_SOC,G_SOC_GOV,REVIEWED,REVIEWED,USER_APPROVED_ROUND4,ID_RETAINED
HR4-R0478,L4_General_Human_Review_Round4_KTSPACE_937139849_20260901.csv,479,General,G_SOC_GOV_024,의미 있는 인간 통제 실패,ok,이견 없음: 현행 명칭·정의·배치를 유지하였다.,KEEP_CONFIRMED,Reviewer recorded no objection.,NO_CHANGE,KEEP_CONFIRMED,G_SOC_GOV_024,General,G_SOC,G_SOC_GOV,REVIEWED,REVIEWED,USER_APPROVED_ROUND4,ID_RETAINED
HR4-R0479,L4_General_Human_Review_Round4_KTSPACE_937139849_20260901.csv,480,General,G_SOC_GOV_025,현지 규범·제도와의 불일치,ok,이견 없음: 현행 명칭·정의·배치를 유지하였다.,KEEP_CONFIRMED,Reviewer recorded no objection.,NO_CHANGE,KEEP_CONFIRMED,G_SOC_GOV_025,General,G_SOC,G_SOC_GOV,REVIEWED,REVIEWED,USER_APPROVED_ROUND4,ID_RETAINED
HR4-R0480,L4_General_Human_Review_Round4_KTSPACE_937139849_20260901.csv,481,General,G_SOC_GOV_026,로봇 거버넌스 명세의 안전 규칙 누락,ok,이견 없음: 현행 명칭·정의·배치를 유지하였다.,KEEP_CONFIRMED,Reviewer recorded no objection.,NO_CHANGE,KEEP_CONFIRMED,G_SOC_GOV_026,General,G_SOC,G_SOC_GOV,REVIEWED,REVIEWED,USER_APPROVED_ROUND4,ID_RETAINED
HR4-R0481,L4_General_Human_Review_Round4_KTSPACE_937139849_20260901.csv,482,General,G_SOC_GOV_027,AI 원칙과 운영 관행의 분리,ok,이견 없음: 현행 명칭·정의·배치를 유지하였다.,KEEP_CONFIRMED,Reviewer recorded no objection.,NO_CHANGE,KEEP_CONFIRMED,G_SOC_GOV_027,General,G_SOC,G_SOC_GOV,REVIEWED,REVIEWED,USER_APPROVED_ROUND4,ID_RETAINED
HR4-R0482,L4_General_Human_Review_Round4_KTSPACE_937139849_20260901.csv,483,General,G_SOC_GOV_029,AI 발전에 뒤처지는 규제 지체,ok,이견 없음: 현행 명칭·정의·배치를 유지하였다.,KEEP_CONFIRMED,Reviewer recorded no objection.,NO_CHANGE,KEEP_CONFIRMED,G_SOC_GOV_029,General,G_SOC,G_SOC_GOV,REVIEWED,REVIEWED,USER_APPROVED_ROUND4,ID_RETAINED
HR4-R0483,L4_General_Human_Review_Round4_KTSPACE_937139849_20260901.csv,484,General,G_SOC_GOV_030,위험 분류 오류,ok,이견 없음: 현행 명칭·정의·배치를 유지하였다.,KEEP_CONFIRMED,Reviewer recorded no objection.,NO_CHANGE,KEEP_CONFIRMED,G_SOC_GOV_030,General,G_SOC,G_SOC_GOV,REVIEWED,REVIEWED,USER_APPROVED_ROUND4,ID_RETAINED
HR4-R0484,L4_General_Human_Review_Round4_KTSPACE_937139849_20260901.csv,485,General,G_SOC_GOV_033,기능·책임 명세 공백,ok,이견 없음: 현행 명칭·정의·배치를 유지하였다.,KEEP_CONFIRMED,Reviewer recorded no objection.,NO_CHANGE,KEEP_CONFIRMED,G_SOC_GOV_033,General,G_SOC,G_SOC_GOV,REVIEWED,REVIEWED,USER_APPROVED_ROUND4,ID_RETAINED
HR4-R0485,L4_General_Human_Review_Round4_KTSPACE_937139849_20260901.csv,486,General,G_SOC_GOV_034,표준 단편화,ok,이견 없음: 현행 명칭·정의·배치를 유지하였다.,KEEP_CONFIRMED,Reviewer recorded no objection.,NO_CHANGE,KEEP_CONFIRMED,G_SOC_GOV_034,General,G_SOC,G_SOC_GOV,REVIEWED,REVIEWED,USER_APPROVED_ROUND4,ID_RETAINED
HR4-R0486,L4_General_Human_Review_Round4_KTSPACE_937139849_20260901.csv,487,General,G_SOC_GOV_035,AI 규제·감독 체계의 구조적 실패,ok,이견 없음: 현행 명칭·정의·배치를 유지하였다.,KEEP_CONFIRMED,Reviewer recorded no objection.,NO_CHANGE,KEEP_CONFIRMED,G_SOC_GOV_035,General,G_SOC,G_SOC_GOV,REVIEWED,REVIEWED,USER_APPROVED_ROUND4,ID_RETAINED
HR4-R0487,L4_General_Human_Review_Round4_KTSPACE_937139849_20260901.csv,488,General,G_SOC_GOV_036,익명 에이전트의 자원 축적에 따른 추적·책임 공백,ok,이견 없음: 현행 명칭·정의·배치를 유지하였다.,KEEP_CONFIRMED,Reviewer recorded no objection.,NO_CHANGE,KEEP_CONFIRMED,G_SOC_GOV_036,General,G_SOC,G_SOC_GOV,REVIEWED,REVIEWED,USER_APPROVED_ROUND4,ID_RETAINED
HR4-R0488,L4_General_Human_Review_Round4_KTSPACE_937139849_20260901.csv,489,General,G_SOC_GOV_039,물리적 위해 완화 책임 미지정,ok,이견 없음: 현행 명칭·정의·배치를 유지하였다.,KEEP_CONFIRMED,Reviewer recorded no objection.,NO_CHANGE,KEEP_CONFIRMED,G_SOC_GOV_039,General,G_SOC,G_SOC_GOV,REVIEWED,REVIEWED,USER_APPROVED_ROUND4,ID_RETAINED
HR4-R0489,L4_General_Human_Review_Round4_KTSPACE_937139849_20260901.csv,490,General,G_SOC_GOV_040,AI 구성요소 상호작용의 원인 규명 곤란,ok,이견 없음: 현행 명칭·정의·배치를 유지하였다.,KEEP_CONFIRMED,Reviewer recorded no objection.,NO_CHANGE,KEEP_CONFIRMED,G_SOC_GOV_040,General,G_SOC,G_SOC_GOV,REVIEWED,REVIEWED,USER_APPROVED_ROUND4,ID_RETAINED
HR4-R0490,L4_General_Human_Review_Round4_KTSPACE_937139849_20260901.csv,491,General,G_SOC_GOV_041,AI 사고·아차사고 과소보고,ok,이견 없음: 현행 명칭·정의·배치를 유지하였다.,KEEP_CONFIRMED,Reviewer recorded no objection.,NO_CHANGE,KEEP_CONFIRMED,G_SOC_GOV_041,General,G_SOC,G_SOC_GOV,REVIEWED,REVIEWED,USER_APPROVED_ROUND4,ID_RETAINED
HR4-R0491,L4_General_Human_Review_Round4_KTSPACE_937139849_20260901.csv,492,General,G_SOC_GOV_042,규제 차익거래,ok,이견 없음: 현행 명칭·정의·배치를 유지하였다.,KEEP_CONFIRMED,Reviewer recorded no objection.,NO_CHANGE,KEEP_CONFIRMED,G_SOC_GOV_042,General,G_SOC,G_SOC_GOV,REVIEWED,REVIEWED,USER_APPROVED_ROUND4,ID_RETAINED
HR4-R0492,L4_General_Human_Review_Round4_KTSPACE_937139849_20260901.csv,493,General,G_SOC_GOV_043,지배적 AI 모델 의존에 따른 시스템적 거버넌스 취약성,ok,이견 없음: 현행 명칭·정의·배치를 유지하였다.,KEEP_CONFIRMED,Reviewer recorded no objection.,NO_CHANGE,KEEP_CONFIRMED,G_SOC_GOV_043,General,G_SOC,G_SOC_GOV,REVIEWED,REVIEWED,USER_APPROVED_ROUND4,ID_RETAINED
HR4-R0493,L4_Agentic_Human_Review_Round4_KTSPACE_937205808_20260901.csv,2,Agentic,A_SYS_GOAL_003,에이전트 과업 이탈,,4차 휴먼검수 의견 미입력: 승인 또는 현행 유지로 간주하지 않고 이번 반영 대상에서 제외하였다.,NO_REVIEW_VALUE,No Round4 review value was recorded.,NO_CHANGE,EXCLUDED_FROM_ROUND4_APPROVAL,A_SYS_GOAL_003,Agentic,A_SYS,A_SYS_GOAL,REVIEWED,REVIEWED,USER_APPROVED_ROUND4,ID_RETAINED
HR4-R0494,L4_Agentic_Human_Review_Round4_KTSPACE_937205808_20260901.csv,3,Agentic,A_SYS_GOAL_005,재귀적 자기 개선에 의한 창발적 독립성,,4차 휴먼검수 의견 미입력: 승인 또는 현행 유지로 간주하지 않고 이번 반영 대상에서 제외하였다.,NO_REVIEW_VALUE,No Round4 review value was recorded.,NO_CHANGE,EXCLUDED_FROM_ROUND4_APPROVAL,A_SYS_GOAL_005,Agentic,A_SYS,A_SYS_GOAL,REVIEWED,REVIEWED,USER_APPROVED_ROUND4,ID_RETAINED
HR4-R0495,L4_Agentic_Human_Review_Round4_KTSPACE_937205808_20260901.csv,4,Agentic,A_SYS_GOAL_006,영향력 확보를 위한 환경 자기모델링,,4차 휴먼검수 의견 미입력: 승인 또는 현행 유지로 간주하지 않고 이번 반영 대상에서 제외하였다.,NO_REVIEW_VALUE,No Round4 review value was recorded.,NO_CHANGE,EXCLUDED_FROM_ROUND4_APPROVAL,A_SYS_GOAL_006,Agentic,A_SYS,A_SYS_GOAL,REVIEWED,REVIEWED,USER_APPROVED_ROUND4,ID_RETAINED
HR4-R0496,L4_Agentic_Human_Review_Round4_KTSPACE_937205808_20260901.csv,5,Agentic,A_SYS_GOAL_007,고도 AI 시스템에 의한 실존적·재앙적 위험,,4차 휴먼검수 의견 미입력: 승인 또는 현행 유지로 간주하지 않고 이번 반영 대상에서 제외하였다.,NO_REVIEW_VALUE,No Round4 review value was recorded.,NO_CHANGE,EXCLUDED_FROM_ROUND4_APPROVAL,A_SYS_GOAL_007,Agentic,A_SYS,A_SYS_GOAL,REVIEWED,REVIEWED,USER_APPROVED_ROUND4,ID_RETAINED
HR4-R0497,L4_Agentic_Human_Review_Round4_KTSPACE_937205808_20260901.csv,6,Agentic,A_SYS_GOAL_009,목표 범위 확장 성향,,4차 휴먼검수 의견 미입력: 승인 또는 현행 유지로 간주하지 않고 이번 반영 대상에서 제외하였다.,NO_REVIEW_VALUE,No Round4 review value was recorded.,NO_CHANGE,EXCLUDED_FROM_ROUND4_APPROVAL,A_SYS_GOAL_009,Agentic,A_SYS,A_SYS_GOAL,REVIEWED,REVIEWED,USER_APPROVED_ROUND4,ID_RETAINED
HR4-R0498,L4_Agentic_Human_Review_Round4_KTSPACE_937205808_20260901.csv,7,Agentic,A_SYS_GOAL_010,자기 수정 과정의 목표 정렬 실패,,4차 휴먼검수 의견 미입력: 승인 또는 현행 유지로 간주하지 않고 이번 반영 대상에서 제외하였다.,NO_REVIEW_VALUE,No Round4 review value was recorded.,NO_CHANGE,EXCLUDED_FROM_ROUND4_APPROVAL,A_SYS_GOAL_010,Agentic,A_SYS,A_SYS_GOAL,REVIEWED,REVIEWED,USER_APPROVED_ROUND4,ID_RETAINED
HR4-R0499,L4_Agentic_Human_Review_Round4_KTSPACE_937205808_20260901.csv,8,Agentic,A_SYS_GOAL_011,에이전트형 LLM의 자율성 확대에 따른 목표 정렬 실패,,4차 휴먼검수 의견 미입력: 승인 또는 현행 유지로 간주하지 않고 이번 반영 대상에서 제외하였다.,NO_REVIEW_VALUE,No Round4 review value was recorded.,NO_CHANGE,EXCLUDED_FROM_ROUND4_APPROVAL,A_SYS_GOAL_011,Agentic,A_SYS,A_SYS_GOAL,REVIEWED,REVIEWED,USER_APPROVED_ROUND4,ID_RETAINED
HR4-R0500,L4_Agentic_Human_Review_Round4_KTSPACE_937205808_20260901.csv,9,Agentic,A_SYS_GOAL_012,목표 지향성에 따른 유해한 도구적 목표와 권력 추구,,4차 휴먼검수 의견 미입력: 승인 또는 현행 유지로 간주하지 않고 이번 반영 대상에서 제외하였다.,NO_REVIEW_VALUE,No Round4 review value was recorded.,NO_CHANGE,EXCLUDED_FROM_ROUND4_APPROVAL,A_SYS_GOAL_012,Agentic,A_SYS,A_SYS_GOAL,REVIEWED,REVIEWED,USER_APPROVED_ROUND4,ID_RETAINED
HR4-R0501,L4_Agentic_Human_Review_Round4_KTSPACE_937205808_20260901.csv,10,Agentic,A_SYS_GOAL_013,확장 가능한 감독 실패에 따른 대리 지표 기반 유해 행동,,4차 휴먼검수 의견 미입력: 승인 또는 현행 유지로 간주하지 않고 이번 반영 대상에서 제외하였다.,NO_REVIEW_VALUE,No Round4 review value was recorded.,NO_CHANGE,EXCLUDED_FROM_ROUND4_APPROVAL,A_SYS_GOAL_013,Agentic,A_SYS,A_SYS_GOAL,REVIEWED,REVIEWED,USER_APPROVED_ROUND4,ID_RETAINED
HR4-R0502,L4_Agentic_Human_Review_Round4_KTSPACE_937205808_20260901.csv,11,Agentic,A_SYS_GOAL_014,메사 최적화기의 내부 목표 불일치,,4차 휴먼검수 의견 미입력: 승인 또는 현행 유지로 간주하지 않고 이번 반영 대상에서 제외하였다.,NO_REVIEW_VALUE,No Round4 review value was recorded.,NO_CHANGE,EXCLUDED_FROM_ROUND4_APPROVAL,A_SYS_GOAL_014,Agentic,A_SYS,A_SYS_GOAL,REVIEWED,REVIEWED,USER_APPROVED_ROUND4,ID_RETAINED
HR4-R0503,L4_Agentic_Human_Review_Round4_KTSPACE_937205808_20260901.csv,12,Agentic,A_SYS_GOAL_016,자연어 목표의 과소 지정에 따른 부정적 부수효과,,4차 휴먼검수 의견 미입력: 승인 또는 현행 유지로 간주하지 않고 이번 반영 대상에서 제외하였다.,NO_REVIEW_VALUE,No Round4 review value was recorded.,NO_CHANGE,EXCLUDED_FROM_ROUND4_APPROVAL,A_SYS_GOAL_016,Agentic,A_SYS,A_SYS_GOAL,REVIEWED,REVIEWED,USER_APPROVED_ROUND4,ID_RETAINED
HR4-R0504,L4_Agentic_Human_Review_Round4_KTSPACE_937205808_20260901.csv,13,Agentic,A_SYS_GOAL_017,대리 보상 오명세·명세 게이밍 및 보상 변조,,4차 휴먼검수 의견 미입력: 승인 또는 현행 유지로 간주하지 않고 이번 반영 대상에서 제외하였다.,NO_REVIEW_VALUE,No Round4 review value was recorded.,NO_CHANGE,EXCLUDED_FROM_ROUND4_APPROVAL,A_SYS_GOAL_017,Agentic,A_SYS,A_SYS_GOAL,REVIEWED,REVIEWED,USER_APPROVED_ROUND4,ID_RETAINED
HR4-R0505,L4_Agentic_Human_Review_Round4_KTSPACE_937205808_20260901.csv,14,Agentic,A_SYS_GOAL_018,안전 강화학습 제약 위반,,4차 휴먼검수 의견 미입력: 승인 또는 현행 유지로 간주하지 않고 이번 반영 대상에서 제외하였다.,NO_REVIEW_VALUE,No Round4 review value was recorded.,NO_CHANGE,EXCLUDED_FROM_ROUND4_APPROVAL,A_SYS_GOAL_018,Agentic,A_SYS,A_SYS_GOAL,REVIEWED,REVIEWED,USER_APPROVED_ROUND4,ID_RETAINED
HR4-R0506,L4_Agentic_Human_Review_Round4_KTSPACE_937205808_20260901.csv,15,Agentic,A_SYS_GOAL_019,에이전트 집단 수준의 의도치 않은 창발적 목표·역량,,4차 휴먼검수 의견 미입력: 승인 또는 현행 유지로 간주하지 않고 이번 반영 대상에서 제외하였다.,NO_REVIEW_VALUE,No Round4 review value was recorded.,NO_CHANGE,EXCLUDED_FROM_ROUND4_APPROVAL,A_SYS_GOAL_019,Agentic,A_SYS,A_SYS_GOAL,REVIEWED,REVIEWED,USER_APPROVED_ROUND4,ID_RETAINED
HR4-R0507,L4_Agentic_Human_Review_Round4_KTSPACE_937205808_20260901.csv,16,Agentic,A_SYS_GOAL_020,의도하지 않은 유해 도구 행동 실행,,4차 휴먼검수 의견 미입력: 승인 또는 현행 유지로 간주하지 않고 이번 반영 대상에서 제외하였다.,NO_REVIEW_VALUE,No Round4 review value was recorded.,NO_CHANGE,EXCLUDED_FROM_ROUND4_APPROVAL,A_SYS_GOAL_020,Agentic,A_SYS,A_SYS_GOAL,REVIEWED,REVIEWED,USER_APPROVED_ROUND4,ID_RETAINED
HR4-R0508,L4_Agentic_Human_Review_Round4_KTSPACE_937205808_20260901.csv,17,Agentic,A_SYS_GOAL_021,장기 계획 역량에 의한 감독 불가 행동 경로 추구,,4차 휴먼검수 의견 미입력: 승인 또는 현행 유지로 간주하지 않고 이번 반영 대상에서 제외하였다.,NO_REVIEW_VALUE,No Round4 review value was recorded.,NO_CHANGE,EXCLUDED_FROM_ROUND4_APPROVAL,A_SYS_GOAL_021,Agentic,A_SYS,A_SYS_GOAL,REVIEWED,REVIEWED,USER_APPROVED_ROUND4,ID_RETAINED
HR4-R0509,L4_Agentic_Human_Review_Round4_KTSPACE_937205808_20260901.csv,18,Agentic,A_SYS_GOAL_022,에이전트 안전 통제의 유해 요청 오수락,,4차 휴먼검수 의견 미입력: 승인 또는 현행 유지로 간주하지 않고 이번 반영 대상에서 제외하였다.,NO_REVIEW_VALUE,No Round4 review value was recorded.,NO_CHANGE,EXCLUDED_FROM_ROUND4_APPROVAL,A_SYS_GOAL_022,Agentic,A_SYS,A_SYS_GOAL,REVIEWED,REVIEWED,USER_APPROVED_ROUND4,ID_RETAINED
HR4-R0510,L4_Agentic_Human_Review_Round4_KTSPACE_937205808_20260901.csv,19,Agentic,A_SYS_GOAL_023,단일 목표 최적화에 의한 환경 부작용,,4차 휴먼검수 의견 미입력: 승인 또는 현행 유지로 간주하지 않고 이번 반영 대상에서 제외하였다.,NO_REVIEW_VALUE,No Round4 review value was recorded.,NO_CHANGE,EXCLUDED_FROM_ROUND4_APPROVAL,A_SYS_GOAL_023,Agentic,A_INT,A_SYS_GOAL,REVIEWED,REVIEWED,USER_APPROVED_ROUND4,ID_RETAINED
HR4-R0511,L4_Agentic_Human_Review_Round4_KTSPACE_937205808_20260901.csv,20,Agentic,A_SYS_AUTH_001,에이전트 권한 침해,,4차 휴먼검수 의견 미입력: 승인 또는 현행 유지로 간주하지 않고 이번 반영 대상에서 제외하였다.,NO_REVIEW_VALUE,No Round4 review value was recorded.,NO_CHANGE,EXCLUDED_FROM_ROUND4_APPROVAL,A_SYS_AUTH_001,Agentic,A_SYS,A_SYS_AUTH,REVIEWED,REVIEWED,USER_APPROVED_ROUND4,ID_RETAINED
HR4-R0512,L4_Agentic_Human_Review_Round4_KTSPACE_937205808_20260901.csv,21,Agentic,A_SYS_AUTH_002,에이전트의 종료·교정 저항,,4차 휴먼검수 의견 미입력: 승인 또는 현행 유지로 간주하지 않고 이번 반영 대상에서 제외하였다.,NO_REVIEW_VALUE,No Round4 review value was recorded.,NO_CHANGE,EXCLUDED_FROM_ROUND4_APPROVAL,A_SYS_AUTH_002,Agentic,A_SYS,A_SYS_AUTH,REVIEWED,REVIEWED,USER_APPROVED_ROUND4,ID_RETAINED
HR4-R0513,L4_Agentic_Human_Review_Round4_KTSPACE_937205808_20260901.csv,22,Agentic,A_SYS_AUTH_003,어포던스 부여에 의한 에이전트 실패 영향 확대,,4차 휴먼검수 의견 미입력: 승인 또는 현행 유지로 간주하지 않고 이번 반영 대상에서 제외하였다.,NO_REVIEW_VALUE,No Round4 review value was recorded.,NO_CHANGE,EXCLUDED_FROM_ROUND4_APPROVAL,A_SYS_AUTH_003,Agentic,A_SYS,A_SYS_AUTH,REVIEWED,REVIEWED,USER_APPROVED_ROUND4,ID_RETAINED
HR4-R0514,L4_Agentic_Human_Review_Round4_KTSPACE_937205808_20260901.csv,23,Agentic,A_SYS_AUTH_004,감독자 부재 시 자율 행동,,4차 휴먼검수 의견 미입력: 승인 또는 현행 유지로 간주하지 않고 이번 반영 대상에서 제외하였다.,NO_REVIEW_VALUE,No Round4 review value was recorded.,NO_CHANGE,EXCLUDED_FROM_ROUND4_APPROVAL,A_SYS_AUTH_004,Agentic,A_SYS,A_SYS_AUTH,REVIEWED,REVIEWED,USER_APPROVED_ROUND4,ID_RETAINED
HR4-R0515,L4_Agentic_Human_Review_Round4_KTSPACE_937205808_20260901.csv,24,Agentic,A_SYS_AUTH_005,자율적 사이버 취약점 악용,,4차 휴먼검수 의견 미입력: 승인 또는 현행 유지로 간주하지 않고 이번 반영 대상에서 제외하였다.,NO_REVIEW_VALUE,No Round4 review value was recorded.,NO_CHANGE,EXCLUDED_FROM_ROUND4_APPROVAL,A_SYS_AUTH_005,Agentic,A_SYS,A_SYS_AUTH,REVIEWED,REVIEWED,USER_APPROVED_ROUND4,ID_RETAINED
HR4-R0516,L4_Agentic_Human_Review_Round4_KTSPACE_937205808_20260901.csv,25,Agentic,A_SYS_AUTH_006,운용 경계를 벗어난 자율 복제와 자원 획득,,4차 휴먼검수 의견 미입력: 승인 또는 현행 유지로 간주하지 않고 이번 반영 대상에서 제외하였다.,NO_REVIEW_VALUE,No Round4 review value was recorded.,NO_CHANGE,EXCLUDED_FROM_ROUND4_APPROVAL,A_SYS_AUTH_006,Agentic,A_SYS,A_SYS_AUTH,REVIEWED,REVIEWED,USER_APPROVED_ROUND4,ID_RETAINED
HR4-R0517,L4_Agentic_Human_Review_Round4_KTSPACE_937205808_20260901.csv,26,Agentic,A_SYS_AUTH_007,인간 감독 없는 자동 위협 수행의 파국적 오판,,4차 휴먼검수 의견 미입력: 승인 또는 현행 유지로 간주하지 않고 이번 반영 대상에서 제외하였다.,NO_REVIEW_VALUE,No Round4 review value was recorded.,NO_CHANGE,EXCLUDED_FROM_ROUND4_APPROVAL,A_SYS_AUTH_007,Agentic,A_SYS,A_SYS_AUTH,REVIEWED,REVIEWED,USER_APPROVED_ROUND4,ID_RETAINED
HR4-R0518,L4_Agentic_Human_Review_Round4_KTSPACE_937205808_20260901.csv,27,Agentic,A_SYS_AUTH_009,무감독 AI 에이전트의 과도한 행위 권한,,4차 휴먼검수 의견 미입력: 승인 또는 현행 유지로 간주하지 않고 이번 반영 대상에서 제외하였다.,NO_REVIEW_VALUE,No Round4 review value was recorded.,NO_CHANGE,EXCLUDED_FROM_ROUND4_APPROVAL,A_SYS_AUTH_009,Agentic,A_SYS,A_SYS_AUTH,REVIEWED,REVIEWED,USER_APPROVED_ROUND4,ID_RETAINED
HR4-R0519,L4_Agentic_Human_Review_Round4_KTSPACE_937205808_20260901.csv,28,Agentic,A_SYS_AUTH_010,AI 에이전트의 무단 금융 행위에 따른 금전적 피해,,4차 휴먼검수 의견 미입력: 승인 또는 현행 유지로 간주하지 않고 이번 반영 대상에서 제외하였다.,NO_REVIEW_VALUE,No Round4 review value was recorded.,NO_CHANGE,EXCLUDED_FROM_ROUND4_APPROVAL,A_SYS_AUTH_010,Agentic,A_SYS,A_SYS_AUTH,REVIEWED,REVIEWED,USER_APPROVED_ROUND4,ID_RETAINED
HR4-R0520,L4_Agentic_Human_Review_Round4_KTSPACE_937205808_20260901.csv,29,Agentic,A_SYS_AUTH_012,학습 중 탐색 행동에 따른 회복 불가능한 피해,,4차 휴먼검수 의견 미입력: 승인 또는 현행 유지로 간주하지 않고 이번 반영 대상에서 제외하였다.,NO_REVIEW_VALUE,No Round4 review value was recorded.,NO_CHANGE,EXCLUDED_FROM_ROUND4_APPROVAL,A_SYS_AUTH_012,Agentic,A_SYS,A_SYS_AUTH,REVIEWED,REVIEWED,USER_APPROVED_ROUND4,ID_RETAINED
HR4-R0521,L4_Agentic_Human_Review_Round4_KTSPACE_937205808_20260901.csv,30,Agentic,A_SYS_AUTH_016,종료·수정 저항을 통한 자기 보존 성향,,4차 휴먼검수 의견 미입력: 승인 또는 현행 유지로 간주하지 않고 이번 반영 대상에서 제외하였다.,NO_REVIEW_VALUE,No Round4 review value was recorded.,NO_CHANGE,EXCLUDED_FROM_ROUND4_APPROVAL,A_SYS_AUTH_016,Agentic,A_SYS,A_SYS_AUTH,REVIEWED,REVIEWED,USER_APPROVED_ROUND4,ID_RETAINED
HR4-R0522,L4_Agentic_Human_Review_Round4_KTSPACE_937205808_20260901.csv,31,Agentic,A_SYS_AUTH_017,배포 이후 예측하지 못한 창발적 역량과 행동,,4차 휴먼검수 의견 미입력: 승인 또는 현행 유지로 간주하지 않고 이번 반영 대상에서 제외하였다.,NO_REVIEW_VALUE,No Round4 review value was recorded.,NO_CHANGE,EXCLUDED_FROM_ROUND4_APPROVAL,A_SYS_AUTH_017,Agentic,A_SYS,A_SYS_AUTH,REVIEWED,REVIEWED,USER_APPROVED_ROUND4,ID_RETAINED
HR4-R0523,L4_Agentic_Human_Review_Round4_KTSPACE_937205808_20260901.csv,32,Agentic,A_SYS_AUTH_019,통제되지 않는 자기 개선과 고도 AI 통제 상실,,4차 휴먼검수 의견 미입력: 승인 또는 현행 유지로 간주하지 않고 이번 반영 대상에서 제외하였다.,NO_REVIEW_VALUE,No Round4 review value was recorded.,NO_CHANGE,EXCLUDED_FROM_ROUND4_APPROVAL,A_SYS_AUTH_019,Agentic,A_SYS,A_SYS_AUTH,REVIEWED,REVIEWED,USER_APPROVED_ROUND4,ID_RETAINED
HR4-R0524,L4_Agentic_Human_Review_Round4_KTSPACE_937205808_20260901.csv,33,Agentic,A_SYS_AUTH_020,제어되지 않은 하위 에이전트 생성,,4차 휴먼검수 의견 미입력: 승인 또는 현행 유지로 간주하지 않고 이번 반영 대상에서 제외하였다.,NO_REVIEW_VALUE,No Round4 review value was recorded.,NO_CHANGE,EXCLUDED_FROM_ROUND4_APPROVAL,A_SYS_AUTH_020,Agentic,A_SYS,A_SYS_AUTH,REVIEWED,REVIEWED,USER_APPROVED_ROUND4,ID_RETAINED
HR4-R0525,L4_Agentic_Human_Review_Round4_KTSPACE_937205808_20260901.csv,34,Agentic,A_SYS_AUTH_021,자율 행동 범위의 안전하지 않은 확장,,4차 휴먼검수 의견 미입력: 승인 또는 현행 유지로 간주하지 않고 이번 반영 대상에서 제외하였다.,NO_REVIEW_VALUE,No Round4 review value was recorded.,NO_CHANGE,EXCLUDED_FROM_ROUND4_APPROVAL,A_SYS_AUTH_021,Agentic,A_SYS,A_SYS_AUTH,REVIEWED,REVIEWED,USER_APPROVED_ROUND4,ID_RETAINED
HR4-R0526,L4_Agentic_Human_Review_Round4_KTSPACE_937205808_20260901.csv,35,Agentic,A_SYS_AUTH_023,에이전트의 안전하지 않은 도구 사용,,4차 휴먼검수 의견 미입력: 승인 또는 현행 유지로 간주하지 않고 이번 반영 대상에서 제외하였다.,NO_REVIEW_VALUE,No Round4 review value was recorded.,NO_CHANGE,EXCLUDED_FROM_ROUND4_APPROVAL,A_SYS_AUTH_023,Agentic,A_SYS,A_SYS_AUTH,REVIEWED,REVIEWED,USER_APPROVED_ROUND4,ID_RETAINED
HR4-R0527,L4_Agentic_Human_Review_Round4_KTSPACE_937205808_20260901.csv,36,Agentic,A_SYS_AUTH_024,학습 단계의 치명적 실수,,4차 휴먼검수 의견 미입력: 승인 또는 현행 유지로 간주하지 않고 이번 반영 대상에서 제외하였다.,NO_REVIEW_VALUE,No Round4 review value was recorded.,NO_CHANGE,EXCLUDED_FROM_ROUND4_APPROVAL,A_SYS_AUTH_024,Agentic,A_INT,A_SYS_AUTH,REVIEWED,REVIEWED,USER_APPROVED_ROUND4,ID_RETAINED
HR4-R0528,L4_Agentic_Human_Review_Round4_KTSPACE_937205808_20260901.csv,37,Agentic,A_SYS_SELFCOR_001,다중 턴 상호작용에서의 위험 증폭,,4차 휴먼검수 의견 미입력: 승인 또는 현행 유지로 간주하지 않고 이번 반영 대상에서 제외하였다.,NO_REVIEW_VALUE,No Round4 review value was recorded.,NO_CHANGE,EXCLUDED_FROM_ROUND4_APPROVAL,A_SYS_SELFCOR_001,Agentic,A_SYS,A_SYS_SELFCOR,REVIEWED,REVIEWED,USER_APPROVED_ROUND4,ID_RETAINED
HR4-R0529,L4_Agentic_Human_Review_Round4_KTSPACE_937205808_20260901.csv,38,Agentic,A_SYS_SELFCOR_002,AI 에이전트 메모리의 자기 교정 실패,,4차 휴먼검수 의견 미입력: 승인 또는 현행 유지로 간주하지 않고 이번 반영 대상에서 제외하였다.,NO_REVIEW_VALUE,No Round4 review value was recorded.,NO_CHANGE,EXCLUDED_FROM_ROUND4_APPROVAL,A_SYS_SELFCOR_002,Agentic,A_SYS,A_SYS_SELFCOR,REVIEWED,REVIEWED,USER_APPROVED_ROUND4,ID_RETAINED
HR4-R0530,L4_Agentic_Human_Review_Round4_KTSPACE_937205808_20260901.csv,39,Agentic,A_SYS_SELFCOR_003,외부 피드백 없는 추론 자기 교정의 실패·악화,,4차 휴먼검수 의견 미입력: 승인 또는 현행 유지로 간주하지 않고 이번 반영 대상에서 제외하였다.,NO_REVIEW_VALUE,No Round4 review value was recorded.,NO_CHANGE,EXCLUDED_FROM_ROUND4_APPROVAL,A_SYS_SELFCOR_003,Agentic,A_SYS,A_SYS_SELFCOR,REVIEWED,REVIEWED,USER_APPROVED_ROUND4,ID_RETAINED
HR4-R0531,L4_Agentic_Human_Review_Round4_KTSPACE_937205808_20260901.csv,40,Agentic,A_SYS_DECEPT_001,탐지 불가 공격에 의한 다중 에이전트 협력 붕괴,,4차 휴먼검수 의견 미입력: 승인 또는 현행 유지로 간주하지 않고 이번 반영 대상에서 제외하였다.,NO_REVIEW_VALUE,No Round4 review value was recorded.,NO_CHANGE,EXCLUDED_FROM_ROUND4_APPROVAL,A_SYS_DECEPT_001,Agentic,A_SYS,A_SYS_DECEPT,REVIEWED,REVIEWED,USER_APPROVED_ROUND4,ID_RETAINED
HR4-R0532,L4_Agentic_Human_Review_Round4_KTSPACE_937205808_20260901.csv,41,Agentic,A_SYS_DECEPT_002,인지 편향 악용에 의한 기만,,4차 휴먼검수 의견 미입력: 승인 또는 현행 유지로 간주하지 않고 이번 반영 대상에서 제외하였다.,NO_REVIEW_VALUE,No Round4 review value was recorded.,NO_CHANGE,EXCLUDED_FROM_ROUND4_APPROVAL,A_SYS_DECEPT_002,Agentic,A_SYS,A_SYS_DECEPT,REVIEWED,REVIEWED,USER_APPROVED_ROUND4,ID_RETAINED
HR4-R0533,L4_Agentic_Human_Review_Round4_KTSPACE_937205808_20260901.csv,42,Agentic,A_SYS_DECEPT_003,감독 회피를 위한 AI 에이전트의 기만적 정렬,,4차 휴먼검수 의견 미입력: 승인 또는 현행 유지로 간주하지 않고 이번 반영 대상에서 제외하였다.,NO_REVIEW_VALUE,No Round4 review value was recorded.,NO_CHANGE,EXCLUDED_FROM_ROUND4_APPROVAL,A_SYS_DECEPT_003,Agentic,A_SYS,A_SYS_DECEPT,REVIEWED,REVIEWED,USER_APPROVED_ROUND4,ID_RETAINED
HR4-R0534,L4_Agentic_Human_Review_Round4_KTSPACE_937205808_20260901.csv,43,Agentic,A_SYS_DECEPT_005,자체 시뮬레이션을 통한 기만적 정렬,,4차 휴먼검수 의견 미입력: 승인 또는 현행 유지로 간주하지 않고 이번 반영 대상에서 제외하였다.,NO_REVIEW_VALUE,No Round4 review value was recorded.,NO_CHANGE,EXCLUDED_FROM_ROUND4_APPROVAL,A_SYS_DECEPT_005,Agentic,A_SYS,A_SYS_DECEPT,REVIEWED,REVIEWED,USER_APPROVED_ROUND4,ID_RETAINED
HR4-R0535,L4_Agentic_Human_Review_Round4_KTSPACE_937205808_20260901.csv,44,Agentic,A_SYS_DECEPT_008,지속적 기만 수행에 의한 이용자 판단 왜곡,,4차 휴먼검수 의견 미입력: 승인 또는 현행 유지로 간주하지 않고 이번 반영 대상에서 제외하였다.,NO_REVIEW_VALUE,No Round4 review value was recorded.,NO_CHANGE,EXCLUDED_FROM_ROUND4_APPROVAL,A_SYS_DECEPT_008,Agentic,A_SYS,A_SYS_DECEPT,REVIEWED,REVIEWED,USER_APPROVED_ROUND4,ID_RETAINED
HR4-R0536,L4_Agentic_Human_Review_Round4_KTSPACE_937205808_20260901.csv,45,Agentic,A_SYS_DECEPT_009,자기이익을 위한 거버넌스 규칙 조작·은폐,,4차 휴먼검수 의견 미입력: 승인 또는 현행 유지로 간주하지 않고 이번 반영 대상에서 제외하였다.,NO_REVIEW_VALUE,No Round4 review value was recorded.,NO_CHANGE,EXCLUDED_FROM_ROUND4_APPROVAL,A_SYS_DECEPT_009,Agentic,A_SYS,A_SYS_DECEPT,REVIEWED,REVIEWED,USER_APPROVED_ROUND4,ID_RETAINED
HR4-R0537,L4_Agentic_Human_Review_Round4_KTSPACE_937205808_20260901.csv,46,Agentic,A_SYS_TRACE_001,자율 에이전트 책임성 구현 공백,,4차 휴먼검수 의견 미입력: 승인 또는 현행 유지로 간주하지 않고 이번 반영 대상에서 제외하였다.,NO_REVIEW_VALUE,No Round4 review value was recorded.,NO_CHANGE,EXCLUDED_FROM_ROUND4_APPROVAL,A_SYS_TRACE_001,Agentic,A_SYS,A_SYS_TRACE,REVIEWED,REVIEWED,USER_APPROVED_ROUND4,ID_RETAINED
HR4-R0538,L4_Agentic_Human_Review_Round4_KTSPACE_937205808_20260901.csv,47,Agentic,A_SYS_TRACE_002,자율 시스템 피해에 대한 책임·배상 공백,,4차 휴먼검수 의견 미입력: 승인 또는 현행 유지로 간주하지 않고 이번 반영 대상에서 제외하였다.,NO_REVIEW_VALUE,No Round4 review value was recorded.,NO_CHANGE,EXCLUDED_FROM_ROUND4_APPROVAL,A_SYS_TRACE_002,Agentic,A_SYS,A_SYS_TRACE,REVIEWED,REVIEWED,USER_APPROVED_ROUND4,ID_RETAINED
HR4-R0539,L4_Agentic_Human_Review_Round4_KTSPACE_937205808_20260901.csv,48,Agentic,A_SYS_TRACE_003,위험 발생 원인 귀인 실패,,4차 휴먼검수 의견 미입력: 승인 또는 현행 유지로 간주하지 않고 이번 반영 대상에서 제외하였다.,NO_REVIEW_VALUE,No Round4 review value was recorded.,NO_CHANGE,EXCLUDED_FROM_ROUND4_APPROVAL,A_SYS_TRACE_003,Agentic,A_SYS,A_SYS_TRACE,REVIEWED,REVIEWED,USER_APPROVED_ROUND4,ID_RETAINED
HR4-R0540,L4_Agentic_Human_Review_Round4_KTSPACE_937205808_20260901.csv,49,Agentic,A_INT_CASCADE_001,다중 에이전트 상전이에 의한 급격한 성능 붕괴,,4차 휴먼검수 의견 미입력: 승인 또는 현행 유지로 간주하지 않고 이번 반영 대상에서 제외하였다.,NO_REVIEW_VALUE,No Round4 review value was recorded.,NO_CHANGE,EXCLUDED_FROM_ROUND4_APPROVAL,A_INT_CASCADE_001,Agentic,A_INT,A_INT_CASCADE,REVIEWED,REVIEWED,USER_APPROVED_ROUND4,ID_RETAINED
HR4-R0541,L4_Agentic_Human_Review_Round4_KTSPACE_937205808_20260901.csv,50,Agentic,A_INT_CASCADE_003,혼돈적 다중 에이전트 동역학,,4차 휴먼검수 의견 미입력: 승인 또는 현행 유지로 간주하지 않고 이번 반영 대상에서 제외하였다.,NO_REVIEW_VALUE,No Round4 review value was recorded.,NO_CHANGE,EXCLUDED_FROM_ROUND4_APPROVAL,A_INT_CASCADE_003,Agentic,A_INT,A_INT_CASCADE,REVIEWED,REVIEWED,USER_APPROVED_ROUND4,ID_RETAINED
HR4-R0542,L4_Agentic_Human_Review_Round4_KTSPACE_937205808_20260901.csv,51,Agentic,A_INT_CASCADE_004,에이전트 상호작용의 불안정화 피드백 루프,,4차 휴먼검수 의견 미입력: 승인 또는 현행 유지로 간주하지 않고 이번 반영 대상에서 제외하였다.,NO_REVIEW_VALUE,No Round4 review value was recorded.,NO_CHANGE,EXCLUDED_FROM_ROUND4_APPROVAL,A_INT_CASCADE_004,Agentic,A_INT,A_INT_CASCADE,REVIEWED,REVIEWED,USER_APPROVED_ROUND4,ID_RETAINED
HR4-R0543,L4_Agentic_Human_Review_Round4_KTSPACE_937205808_20260901.csv,52,Agentic,A_INT_CASCADE_005,금융 시스템 불안정,,4차 휴먼검수 의견 미입력: 승인 또는 현행 유지로 간주하지 않고 이번 반영 대상에서 제외하였다.,NO_REVIEW_VALUE,No Round4 review value was recorded.,NO_CHANGE,EXCLUDED_FROM_ROUND4_APPROVAL,A_INT_CASCADE_005,Agentic,A_INT,A_INT_CASCADE,REVIEWED,REVIEWED,USER_APPROVED_ROUND4,ID_RETAINED
HR4-R0544,L4_Agentic_Human_Review_Round4_KTSPACE_937205808_20260901.csv,53,Agentic,A_INT_CASCADE_006,다중 에이전트 시스템 실패와 연쇄 오류 전파,,4차 휴먼검수 의견 미입력: 승인 또는 현행 유지로 간주하지 않고 이번 반영 대상에서 제외하였다.,NO_REVIEW_VALUE,No Round4 review value was recorded.,NO_CHANGE,EXCLUDED_FROM_ROUND4_APPROVAL,A_INT_CASCADE_006,Agentic,A_INT,A_INT_CASCADE,REVIEWED,REVIEWED,USER_APPROVED_ROUND4,ID_RETAINED
HR4-R0545,L4_Agentic_Human_Review_Round4_KTSPACE_937205808_20260901.csv,54,Agentic,A_INT_CASCADE_007,다중 에이전트 학습의 비수렴 순환,,4차 휴먼검수 의견 미입력: 승인 또는 현행 유지로 간주하지 않고 이번 반영 대상에서 제외하였다.,NO_REVIEW_VALUE,No Round4 review value was recorded.,NO_CHANGE,EXCLUDED_FROM_ROUND4_APPROVAL,A_INT_CASCADE_007,Agentic,A_INT,A_INT_CASCADE,REVIEWED,REVIEWED,USER_APPROVED_ROUND4,ID_RETAINED
HR4-R0546,L4_Agentic_Human_Review_Round4_KTSPACE_937205808_20260901.csv,55,Agentic,A_INT_CASCADE_008,분산 에이전트 군집을 이용한 자원 고갈 공격,,4차 휴먼검수 의견 미입력: 승인 또는 현행 유지로 간주하지 않고 이번 반영 대상에서 제외하였다.,NO_REVIEW_VALUE,No Round4 review value was recorded.,NO_CHANGE,EXCLUDED_FROM_ROUND4_APPROVAL,A_INT_CASCADE_008,Agentic,A_INT,A_INT_CASCADE,REVIEWED,REVIEWED,USER_APPROVED_ROUND4,ID_RETAINED
HR4-R0547,L4_Agentic_Human_Review_Round4_KTSPACE_937205808_20260901.csv,56,Agentic,A_INT_CASCADE_009,양의 피드백에 따른 통제 불가능한 연쇄 과정,,4차 휴먼검수 의견 미입력: 승인 또는 현행 유지로 간주하지 않고 이번 반영 대상에서 제외하였다.,NO_REVIEW_VALUE,No Round4 review value was recorded.,NO_CHANGE,EXCLUDED_FROM_ROUND4_APPROVAL,A_INT_CASCADE_009,Agentic,A_INT,A_INT_CASCADE,REVIEWED,REVIEWED,USER_APPROVED_ROUND4,ID_RETAINED
HR4-R0548,L4_Agentic_Human_Review_Round4_KTSPACE_937205808_20260901.csv,57,Agentic,A_INT_COORD_001,다중 에이전트의 협조 실패에 따른 집단적 피해,,4차 휴먼검수 의견 미입력: 승인 또는 현행 유지로 간주하지 않고 이번 반영 대상에서 제외하였다.,NO_REVIEW_VALUE,No Round4 review value was recorded.,NO_CHANGE,EXCLUDED_FROM_ROUND4_APPROVAL,A_INT_COORD_001,Agentic,A_INT,A_INT_COORD,REVIEWED,REVIEWED,USER_APPROVED_ROUND4,ID_RETAINED
HR4-R0549,L4_Agentic_Human_Review_Round4_KTSPACE_937205808_20260901.csv,58,Agentic,A_INT_COORD_002,다른 에이전트의 전략적 행위 미반영에 따른 집단적 손실,,4차 휴먼검수 의견 미입력: 승인 또는 현행 유지로 간주하지 않고 이번 반영 대상에서 제외하였다.,NO_REVIEW_VALUE,No Round4 review value was recorded.,NO_CHANGE,EXCLUDED_FROM_ROUND4_APPROVAL,A_INT_COORD_002,Agentic,A_INT,A_INT_COORD,REVIEWED,REVIEWED,USER_APPROVED_ROUND4,ID_RETAINED
HR4-R0550,L4_Agentic_Human_Review_Round4_KTSPACE_937205808_20260901.csv,59,Agentic,A_INT_COORD_003,다중 에이전트 환경 변화에 따른 협조 실패,,4차 휴먼검수 의견 미입력: 승인 또는 현행 유지로 간주하지 않고 이번 반영 대상에서 제외하였다.,NO_REVIEW_VALUE,No Round4 review value was recorded.,NO_CHANGE,EXCLUDED_FROM_ROUND4_APPROVAL,A_INT_COORD_003,Agentic,A_INT,A_INT_COORD,REVIEWED,REVIEWED,USER_APPROVED_ROUND4,ID_RETAINED
HR4-R0551,L4_Agentic_Human_Review_Round4_KTSPACE_937205808_20260901.csv,60,Agentic,A_INT_COORD_004,전략 비양립에 따른 조정 실패,,4차 휴먼검수 의견 미입력: 승인 또는 현행 유지로 간주하지 않고 이번 반영 대상에서 제외하였다.,NO_REVIEW_VALUE,No Round4 review value was recorded.,NO_CHANGE,EXCLUDED_FROM_ROUND4_APPROVAL,A_INT_COORD_004,Agentic,A_INT,A_INT_COORD,REVIEWED,REVIEWED,USER_APPROVED_ROUND4,ID_RETAINED
HR4-R0552,L4_Agentic_Human_Review_Round4_KTSPACE_937205808_20260901.csv,61,Agentic,A_INT_COORD_005,상호작용 이력 부재에 따른 조정 실패,,4차 휴먼검수 의견 미입력: 승인 또는 현행 유지로 간주하지 않고 이번 반영 대상에서 제외하였다.,NO_REVIEW_VALUE,No Round4 review value was recorded.,NO_CHANGE,EXCLUDED_FROM_ROUND4_APPROVAL,A_INT_COORD_005,Agentic,A_INT,A_INT_COORD,REVIEWED,REVIEWED,USER_APPROVED_ROUND4,ID_RETAINED
HR4-R0553,L4_Agentic_Human_Review_Round4_KTSPACE_937205808_20260901.csv,62,Agentic,A_INT_CONFLICT_001,선택 압력에 의한 유해 균형으로의 적응 가속,,4차 휴먼검수 의견 미입력: 승인 또는 현행 유지로 간주하지 않고 이번 반영 대상에서 제외하였다.,NO_REVIEW_VALUE,No Round4 review value was recorded.,NO_CHANGE,EXCLUDED_FROM_ROUND4_APPROVAL,A_INT_CONFLICT_001,Agentic,A_INT,A_INT_CONFLICT,REVIEWED,REVIEWED,USER_APPROVED_ROUND4,ID_RETAINED
HR4-R0554,L4_Agentic_Human_Review_Round4_KTSPACE_937205808_20260901.csv,63,Agentic,A_INT_CONFLICT_002,AI 에이전트 간 협상 실패,,4차 휴먼검수 의견 미입력: 승인 또는 현행 유지로 간주하지 않고 이번 반영 대상에서 제외하였다.,NO_REVIEW_VALUE,No Round4 review value was recorded.,NO_CHANGE,EXCLUDED_FROM_ROUND4_APPROVAL,A_INT_CONFLICT_002,Agentic,A_INT,A_INT_CONFLICT,REVIEWED,REVIEWED,USER_APPROVED_ROUND4,ID_RETAINED
HR4-R0555,L4_Agentic_Human_Review_Round4_KTSPACE_937205808_20260901.csv,64,Agentic,A_INT_CONFLICT_003,경쟁적 다중 에이전트 훈련의 갈등 유발 성향 선택,,4차 휴먼검수 의견 미입력: 승인 또는 현행 유지로 간주하지 않고 이번 반영 대상에서 제외하였다.,NO_REVIEW_VALUE,No Round4 review value was recorded.,NO_CHANGE,EXCLUDED_FROM_ROUND4_APPROVAL,A_INT_CONFLICT_003,Agentic,A_INT,A_INT_CONFLICT,REVIEWED,REVIEWED,USER_APPROVED_ROUND4,ID_RETAINED
HR4-R0556,L4_Agentic_Human_Review_Round4_KTSPACE_937205808_20260901.csv,65,Agentic,A_INT_COLLUSION_001,AI 에이전트 간 창발적 공모,,4차 휴먼검수 의견 미입력: 승인 또는 현행 유지로 간주하지 않고 이번 반영 대상에서 제외하였다.,NO_REVIEW_VALUE,No Round4 review value was recorded.,NO_CHANGE,EXCLUDED_FROM_ROUND4_APPROVAL,A_INT_COLLUSION_001,Agentic,A_INT,A_INT_COLLUSION,REVIEWED,REVIEWED,USER_APPROVED_ROUND4,ID_RETAINED
HR4-R0557,L4_Agentic_Human_Review_Round4_KTSPACE_937205808_20260901.csv,66,Agentic,A_INT_COLLUSION_002,감시 회피형 은밀 통신에 의한 다중 에이전트 공모,,4차 휴먼검수 의견 미입력: 승인 또는 현행 유지로 간주하지 않고 이번 반영 대상에서 제외하였다.,NO_REVIEW_VALUE,No Round4 review value was recorded.,NO_CHANGE,EXCLUDED_FROM_ROUND4_APPROVAL,A_INT_COLLUSION_002,Agentic,A_INT,A_INT_COLLUSION,REVIEWED,REVIEWED,USER_APPROVED_ROUND4,ID_RETAINED
HR4-R0558,L4_Agentic_Human_Review_Round4_KTSPACE_937205808_20260901.csv,67,Agentic,A_INT_COLLUSION_003,다중 에이전트 역량 결합에 의한 안전장치 우회,,4차 휴먼검수 의견 미입력: 승인 또는 현행 유지로 간주하지 않고 이번 반영 대상에서 제외하였다.,NO_REVIEW_VALUE,No Round4 review value was recorded.,NO_CHANGE,EXCLUDED_FROM_ROUND4_APPROVAL,A_INT_COLLUSION_003,Agentic,A_INT,A_INT_COLLUSION,REVIEWED,REVIEWED,USER_APPROVED_ROUND4,ID_RETAINED
HR4-R0559,L4_Physical_Human_Review_Round4_KTSPACE_938216713_20260901.csv,2,Physical,P_SYS_STATE_003,접촉 집약적 조작에서의 힘 감지 실패,stay,이견 없음: 현행 명칭·정의·배치를 유지하였다.,KEEP_CONFIRMED,Reviewer recorded no objection.,NO_CHANGE,KEEP_CONFIRMED,P_SYS_STATE_003,Physical,P_SYS,P_SYS_STATE,REVIEWED,REVIEWED,USER_APPROVED_ROUND4,ID_RETAINED
HR4-R0560,L4_Physical_Human_Review_Round4_KTSPACE_938216713_20260901.csv,3,Physical,P_SYS_STATE_004,안전 임계 물리 상태 감지 지연,stay,이견 없음: 현행 명칭·정의·배치를 유지하였다.,KEEP_CONFIRMED,Reviewer recorded no objection.,NO_CHANGE,KEEP_CONFIRMED,P_SYS_STATE_004,Physical,P_SYS,P_SYS_STATE,REVIEWED,REVIEWED,USER_APPROVED_ROUND4,ID_RETAINED
HR4-R0561,L4_Physical_Human_Review_Round4_KTSPACE_938216713_20260901.csv,4,Physical,P_SYS_STATE_006,위치 추정 누적 오차,stay,이견 없음: 현행 명칭·정의·배치를 유지하였다.,KEEP_CONFIRMED,Reviewer recorded no objection.,NO_CHANGE,KEEP_CONFIRMED,P_SYS_STATE_006,Physical,P_SYS,P_SYS_STATE,REVIEWED,REVIEWED,USER_APPROVED_ROUND4,ID_RETAINED
HR4-R0562,L4_Physical_Human_Review_Round4_KTSPACE_938216713_20260901.csv,5,Physical,P_SYS_STATE_007,잠재 상태 압축에 따른 안전 임계 정보 손실,stay,이견 없음: 현행 명칭·정의·배치를 유지하였다.,KEEP_CONFIRMED,Reviewer recorded no objection.,NO_CHANGE,KEEP_CONFIRMED,P_SYS_STATE_007,Physical,P_SYS,P_SYS_STATE,REVIEWED,REVIEWED,USER_APPROVED_ROUND4,ID_RETAINED
HR4-R0563,L4_Physical_Human_Review_Round4_KTSPACE_938216713_20260901.csv,6,Physical,P_SYS_STATE_008,다중 센서 융합 상충,stay,이견 없음: 현행 명칭·정의·배치를 유지하였다.,KEEP_CONFIRMED,Reviewer recorded no objection.,NO_CHANGE,KEEP_CONFIRMED,P_SYS_STATE_008,Physical,P_SYS,P_SYS_STATE,REVIEWED,REVIEWED,USER_APPROVED_ROUND4,ID_RETAINED
HR4-R0564,L4_Physical_Human_Review_Round4_KTSPACE_938216713_20260901.csv,7,Physical,P_SYS_STATE_009,가림에 의한 충돌,stay,이견 없음: 현행 명칭·정의·배치를 유지하였다.,KEEP_CONFIRMED,Reviewer recorded no objection.,NO_CHANGE,KEEP_CONFIRMED,P_SYS_STATE_009,Physical,P_SYS,P_SYS_STATE,REVIEWED,REVIEWED,USER_APPROVED_ROUND4,ID_RETAINED
HR4-R0565,L4_Physical_Human_Review_Round4_KTSPACE_938216713_20260901.csv,8,Physical,P_SYS_STATE_011,물리 상태 추정 데이터의 합성-실세계 괴리,stay,이견 없음: 현행 명칭·정의·배치를 유지하였다.,KEEP_CONFIRMED,Reviewer recorded no objection.,NO_CHANGE,KEEP_CONFIRMED,P_SYS_STATE_011,Physical,P_SYS,P_SYS_STATE,REVIEWED,REVIEWED,USER_APPROVED_ROUND4,ID_RETAINED
HR4-R0566,L4_Physical_Human_Review_Round4_KTSPACE_938216713_20260901.csv,9,Physical,P_SYS_CONTROL_001,알고리즘 설계 실패,stay,이견 없음: 현행 명칭·정의·배치를 유지하였다.,KEEP_CONFIRMED,Reviewer recorded no objection.,NO_CHANGE,KEEP_CONFIRMED,P_SYS_CONTROL_001,Physical,P_SYS,P_SYS_CONTROL,REVIEWED,REVIEWED,USER_APPROVED_ROUND4,ID_RETAINED
HR4-R0567,L4_Physical_Human_Review_Round4_KTSPACE_938216713_20260901.csv,10,Physical,P_SYS_CONTROL_002,상위 안전 지시의 해석 불명확,stay,이견 없음: 현행 명칭·정의·배치를 유지하였다.,KEEP_CONFIRMED,Reviewer recorded no objection.,NO_CHANGE,KEEP_CONFIRMED,P_SYS_CONTROL_002,Physical,P_SYS,P_SYS_CONTROL,REVIEWED,REVIEWED,USER_APPROVED_ROUND4,ID_RETAINED
HR4-R0568,L4_Physical_Human_Review_Round4_KTSPACE_938216713_20260901.csv,11,Physical,P_SYS_CONTROL_003,제어 판단·제어권 전환 실패에 따른 자율주행 충돌,stay,이견 없음: 현행 명칭·정의·배치를 유지하였다.,KEEP_CONFIRMED,Reviewer recorded no objection.,NO_CHANGE,KEEP_CONFIRMED,P_SYS_CONTROL_003,Physical,P_SYS,P_SYS_CONTROL,REVIEWED,REVIEWED,USER_APPROVED_ROUND4,ID_RETAINED
HR4-R0569,L4_Physical_Human_Review_Round4_KTSPACE_938216713_20260901.csv,12,Physical,P_SYS_CONTROL_006,명령의 구현체별 하드웨어 한계 초과,stay,이견 없음: 현행 명칭·정의·배치를 유지하였다.,KEEP_CONFIRMED,Reviewer recorded no objection.,NO_CHANGE,KEEP_CONFIRMED,P_SYS_CONTROL_006,Physical,P_SYS,P_SYS_CONTROL,REVIEWED,REVIEWED,USER_APPROVED_ROUND4,ID_RETAINED
HR4-R0570,L4_Physical_Human_Review_Round4_KTSPACE_938216713_20260901.csv,13,Physical,P_SYS_CONTROL_007,통신 단절 및 제어 링크 손실,stay,이견 없음: 현행 명칭·정의·배치를 유지하였다.,KEEP_CONFIRMED,Reviewer recorded no objection.,NO_CHANGE,KEEP_CONFIRMED,P_SYS_CONTROL_007,Physical,P_SYS,P_SYS_CONTROL,REVIEWED,REVIEWED,USER_APPROVED_ROUND4,ID_RETAINED
HR4-R0571,L4_Physical_Human_Review_Round4_KTSPACE_938216713_20260901.csv,14,Physical,P_SYS_CONTROL_012,피지컬 AI 시스템 설계 단계 명세 오류,stay,이견 없음: 현행 명칭·정의·배치를 유지하였다.,KEEP_CONFIRMED,Reviewer recorded no objection.,NO_CHANGE,KEEP_CONFIRMED,P_SYS_CONTROL_012,Physical,P_SYS,P_SYS_CONTROL,REVIEWED,REVIEWED,USER_APPROVED_ROUND4,ID_RETAINED
HR4-R0572,L4_Physical_Human_Review_Round4_KTSPACE_938216713_20260901.csv,15,Physical,P_SYS_CONTROL_013,물리적 운용 환경의 분포 이동,stay,이견 없음: 현행 명칭·정의·배치를 유지하였다.,KEEP_CONFIRMED,Reviewer recorded no objection.,NO_CHANGE,KEEP_CONFIRMED,P_SYS_CONTROL_013,Physical,P_SYS,P_SYS_CONTROL,REVIEWED,REVIEWED,USER_APPROVED_ROUND4,ID_RETAINED
HR4-R0573,L4_Physical_Human_Review_Round4_KTSPACE_938216713_20260901.csv,16,Physical,P_SYS_CONTROL_015,엔드 이펙터 속도 초과,stay,이견 없음: 현행 명칭·정의·배치를 유지하였다.,KEEP_CONFIRMED,Reviewer recorded no objection.,NO_CHANGE,KEEP_CONFIRMED,P_SYS_CONTROL_015,Physical,P_SYS,P_SYS_CONTROL,REVIEWED,REVIEWED,USER_APPROVED_ROUND4,ID_RETAINED
HR4-R0574,L4_Physical_Human_Review_Round4_KTSPACE_938216713_20260901.csv,17,Physical,P_SYS_CONTROL_016,위험 지시 거부 실패,stay,이견 없음: 현행 명칭·정의·배치를 유지하였다.,KEEP_CONFIRMED,Reviewer recorded no objection.,NO_CHANGE,KEEP_CONFIRMED,P_SYS_CONTROL_016,Physical,P_SYS,P_SYS_CONTROL,REVIEWED,REVIEWED,USER_APPROVED_ROUND4,ID_RETAINED
HR4-R0575,L4_Physical_Human_Review_Round4_KTSPACE_938216713_20260901.csv,18,Physical,P_SYS_CONTROL_017,물리적 위험에 대한 적시 대응 실패,stay,이견 없음: 현행 명칭·정의·배치를 유지하였다.,KEEP_CONFIRMED,Reviewer recorded no objection.,NO_CHANGE,KEEP_CONFIRMED,P_SYS_CONTROL_017,Physical,P_SYS,P_SYS_CONTROL,REVIEWED,REVIEWED,USER_APPROVED_ROUND4,ID_RETAINED
HR4-R0576,L4_Physical_Human_Review_Round4_KTSPACE_938216713_20260901.csv,19,Physical,P_SYS_CONTROL_018,정밀 운동 제어 불안정성,stay,이견 없음: 현행 명칭·정의·배치를 유지하였다.,KEEP_CONFIRMED,Reviewer recorded no objection.,NO_CHANGE,KEEP_CONFIRMED,P_SYS_CONTROL_018,Physical,P_SYS,P_SYS_CONTROL,REVIEWED,REVIEWED,USER_APPROVED_ROUND4,ID_RETAINED
HR4-R0577,L4_Physical_Human_Review_Round4_KTSPACE_938216713_20260901.csv,20,Physical,P_SYS_CONTROL_019,금지 대상 충돌,stay,이견 없음: 현행 명칭·정의·배치를 유지하였다.,KEEP_CONFIRMED,Reviewer recorded no objection.,NO_CHANGE,KEEP_CONFIRMED,P_SYS_CONTROL_019,Physical,P_SYS,P_SYS_CONTROL,REVIEWED,REVIEWED,USER_APPROVED_ROUND4,ID_RETAINED
HR4-R0578,L4_Physical_Human_Review_Round4_KTSPACE_938216713_20260901.csv,21,Physical,P_SYS_CONTROL_022,언어·행동 출력 불일치에 따른 유해 물리적 행동,stay,이견 없음: 현행 명칭·정의·배치를 유지하였다.,KEEP_CONFIRMED,Reviewer recorded no objection.,NO_CHANGE,KEEP_CONFIRMED,P_SYS_CONTROL_022,Physical,P_SYS,P_SYS_CONTROL,REVIEWED,REVIEWED,USER_APPROVED_ROUND4,ID_RETAINED
HR4-R0579,L4_Physical_Human_Review_Round4_KTSPACE_938216713_20260901.csv,22,Physical,P_SYS_CONTROL_023,장면 변화 시 인간 행동 모방 실패,stay,이견 없음: 현행 명칭·정의·배치를 유지하였다.,KEEP_CONFIRMED,Reviewer recorded no objection.,NO_CHANGE,KEEP_CONFIRMED,P_SYS_CONTROL_023,Physical,P_SYS,P_SYS_CONTROL,REVIEWED,REVIEWED,USER_APPROVED_ROUND4,ID_RETAINED
HR4-R0580,L4_Physical_Human_Review_Round4_KTSPACE_938216713_20260901.csv,23,Physical,P_SYS_CONTROL_024,휴머노이드 힘 한계 초과,stay,이견 없음: 현행 명칭·정의·배치를 유지하였다.,KEEP_CONFIRMED,Reviewer recorded no objection.,NO_CHANGE,KEEP_CONFIRMED,P_SYS_CONTROL_024,Physical,P_SYS,P_SYS_CONTROL,REVIEWED,REVIEWED,USER_APPROVED_ROUND4,ID_RETAINED
HR4-R0581,L4_Physical_Human_Review_Round4_KTSPACE_938216713_20260901.csv,24,Physical,P_SYS_CONTROL_025,의도·어포던스 오해에 따른 휴머노이드 모방 제어 실패,stay,이견 없음: 현행 명칭·정의·배치를 유지하였다.,KEEP_CONFIRMED,Reviewer recorded no objection.,NO_CHANGE,KEEP_CONFIRMED,P_SYS_CONTROL_025,Physical,P_SYS,P_SYS_CONTROL,REVIEWED,REVIEWED,USER_APPROVED_ROUND4,ID_RETAINED
HR4-R0582,L4_Physical_Human_Review_Round4_KTSPACE_938216713_20260901.csv,25,Physical,P_SYS_CONTROL_026,휴머노이드 보행·조작 안정성 실패,stay,이견 없음: 현행 명칭·정의·배치를 유지하였다.,KEEP_CONFIRMED,Reviewer recorded no objection.,NO_CHANGE,KEEP_CONFIRMED,P_SYS_CONTROL_026,Physical,P_SYS,P_SYS_CONTROL,REVIEWED,REVIEWED,USER_APPROVED_ROUND4,ID_RETAINED
HR4-R0583,L4_Physical_Human_Review_Round4_KTSPACE_938216713_20260901.csv,26,Physical,P_SYS_CONTROL_027,휴머노이드 보행 속도 초과,stay,이견 없음: 현행 명칭·정의·배치를 유지하였다.,KEEP_CONFIRMED,Reviewer recorded no objection.,NO_CHANGE,KEEP_CONFIRMED,P_SYS_CONTROL_027,Physical,P_SYS,P_SYS_CONTROL,REVIEWED,REVIEWED,USER_APPROVED_ROUND4,ID_RETAINED
HR4-R0584,L4_Physical_Human_Review_Round4_KTSPACE_938216713_20260901.csv,27,Physical,P_SYS_CONTROL_030,부상 심각도 오분류,stay,이견 없음: 현행 명칭·정의·배치를 유지하였다.,KEEP_CONFIRMED,Reviewer recorded no objection.,NO_CHANGE,KEEP_CONFIRMED,P_SYS_CONTROL_030,Physical,P_SYS,P_SYS_CONTROL,REVIEWED,REVIEWED,USER_APPROVED_ROUND4,ID_RETAINED
HR4-R0585,L4_Physical_Human_Review_Round4_KTSPACE_938216713_20260901.csv,28,Physical,P_SYS_CONTROL_033,동작 재매핑의 안전 실패,stay,이견 없음: 현행 명칭·정의·배치를 유지하였다.,KEEP_CONFIRMED,Reviewer recorded no objection.,NO_CHANGE,KEEP_CONFIRMED,P_SYS_CONTROL_033,Physical,P_SYS,P_SYS_CONTROL,REVIEWED,REVIEWED,USER_APPROVED_ROUND4,ID_RETAINED
HR4-R0586,L4_Physical_Human_Review_Round4_KTSPACE_938216713_20260901.csv,29,Physical,P_SYS_CONTROL_034,네트워크 분리와 군집 비동기화,stay,이견 없음: 현행 명칭·정의·배치를 유지하였다.,KEEP_CONFIRMED,Reviewer recorded no objection.,NO_CHANGE,KEEP_CONFIRMED,P_SYS_CONTROL_034,Physical,P_SYS,P_SYS_CONTROL,REVIEWED,REVIEWED,USER_APPROVED_ROUND4,ID_RETAINED
HR4-R0587,L4_Physical_Human_Review_Round4_KTSPACE_938216713_20260901.csv,30,Physical,P_SYS_CONTROL_037,산업 공정에서의 피지컬 AI 제어 실패,stay,이견 없음: 현행 명칭·정의·배치를 유지하였다.,KEEP_CONFIRMED,Reviewer recorded no objection.,NO_CHANGE,KEEP_CONFIRMED,P_SYS_CONTROL_037,Physical,P_SYS,P_SYS_CONTROL,REVIEWED,REVIEWED,USER_APPROVED_ROUND4,ID_RETAINED
HR4-R0588,L4_Physical_Human_Review_Round4_KTSPACE_938216713_20260901.csv,31,Physical,P_SYS_CONTROL_038,로봇 오작동에 의한 물리적 상해,stay,이견 없음: 현행 명칭·정의·배치를 유지하였다.,KEEP_CONFIRMED,Reviewer recorded no objection.,NO_CHANGE,KEEP_CONFIRMED,P_SYS_CONTROL_038,Physical,P_SYS,P_SYS_CONTROL,REVIEWED,REVIEWED,USER_APPROVED_ROUND4,ID_RETAINED
HR4-R0589,L4_Physical_Human_Review_Round4_KTSPACE_938216713_20260901.csv,32,Physical,P_SYS_CONTROL_040,실시간 지연 및 동기화 실패,stay,이견 없음: 현행 명칭·정의·배치를 유지하였다.,KEEP_CONFIRMED,Reviewer recorded no objection.,NO_CHANGE,KEEP_CONFIRMED,P_SYS_CONTROL_040,Physical,P_SYS,P_SYS_CONTROL,REVIEWED,REVIEWED,USER_APPROVED_ROUND4,ID_RETAINED
HR4-R0590,L4_Physical_Human_Review_Round4_KTSPACE_938216713_20260901.csv,33,Physical,P_SYS_CONTROL_042,런타임 안전 모니터 실패,stay,이견 없음: 현행 명칭·정의·배치를 유지하였다.,KEEP_CONFIRMED,Reviewer recorded no objection.,NO_CHANGE,KEEP_CONFIRMED,P_SYS_CONTROL_042,Physical,P_SYS,P_SYS_CONTROL,REVIEWED,REVIEWED,USER_APPROVED_ROUND4,ID_RETAINED
HR4-R0591,L4_Physical_Human_Review_Round4_KTSPACE_938216713_20260901.csv,34,Physical,P_SYS_CONTROL_043,안전-성능 균형 실패,stay,이견 없음: 현행 명칭·정의·배치를 유지하였다.,KEEP_CONFIRMED,Reviewer recorded no objection.,NO_CHANGE,KEEP_CONFIRMED,P_SYS_CONTROL_043,Physical,P_SYS,P_SYS_CONTROL,REVIEWED,REVIEWED,USER_APPROVED_ROUND4,ID_RETAINED
HR4-R0592,L4_Physical_Human_Review_Round4_KTSPACE_938216713_20260901.csv,35,Physical,P_SYS_CONTROL_044,원격 조작 휴머노이드의 자율 안전 우선 제어 실패,stay,이견 없음: 현행 명칭·정의·배치를 유지하였다.,KEEP_CONFIRMED,Reviewer recorded no objection.,NO_CHANGE,KEEP_CONFIRMED,P_SYS_CONTROL_044,Physical,P_SYS,P_SYS_CONTROL,REVIEWED,REVIEWED,USER_APPROVED_ROUND4,ID_RETAINED
HR4-R0593,L4_Physical_Human_Review_Round4_KTSPACE_938216713_20260901.csv,36,Physical,P_SYS_CONTROL_046,가정 조작의 단계별 오차 미수정,stay,이견 없음: 현행 명칭·정의·배치를 유지하였다.,KEEP_CONFIRMED,Reviewer recorded no objection.,NO_CHANGE,KEEP_CONFIRMED,P_SYS_CONTROL_046,Physical,P_SYS,P_SYS_CONTROL,REVIEWED,REVIEWED,USER_APPROVED_ROUND4,ID_RETAINED
HR4-R0594,L4_Physical_Human_Review_Round4_KTSPACE_938216713_20260901.csv,37,Physical,P_SYS_CONTROL_047,휴머노이드 조작 데이터셋에서의 오픈 월드 조건 과소대표,stay,이견 없음: 현행 명칭·정의·배치를 유지하였다.,KEEP_CONFIRMED,Reviewer recorded no objection.,NO_CHANGE,KEEP_CONFIRMED,P_SYS_CONTROL_047,Physical,P_SYS,P_SYS_CONTROL,REVIEWED,REVIEWED,USER_APPROVED_ROUND4,ID_RETAINED
HR4-R0595,L4_Physical_Human_Review_Round4_KTSPACE_938216713_20260901.csv,38,Physical,P_SYS_CONTROL_050,이동형 양팔 로봇의 안전하지 않은 조작,stay,이견 없음: 현행 명칭·정의·배치를 유지하였다.,KEEP_CONFIRMED,Reviewer recorded no objection.,NO_CHANGE,KEEP_CONFIRMED,P_SYS_CONTROL_050,Physical,P_SYS,P_SYS_CONTROL,REVIEWED,REVIEWED,USER_APPROVED_ROUND4,ID_RETAINED
HR4-R0596,L4_Physical_Human_Review_Round4_KTSPACE_938216713_20260901.csv,39,Physical,P_SYS_CONTROL_051,잘못된 상황 해석에 따른 위험한 물리 구동,stay,이견 없음: 현행 명칭·정의·배치를 유지하였다.,KEEP_CONFIRMED,Reviewer recorded no objection.,NO_CHANGE,KEEP_CONFIRMED,P_SYS_CONTROL_051,Physical,P_SYS,P_SYS_CONTROL,REVIEWED,REVIEWED,USER_APPROVED_ROUND4,ID_RETAINED
HR4-R0597,L4_Physical_Human_Review_Round4_KTSPACE_938216713_20260901.csv,40,Physical,P_SYS_CONTROL_052,위험한 로봇 작업 계획에 따른 물리 제어 실패,stay,이견 없음: 현행 명칭·정의·배치를 유지하였다.,KEEP_CONFIRMED,Reviewer recorded no objection.,NO_CHANGE,KEEP_CONFIRMED,P_SYS_CONTROL_052,Physical,P_SYS,P_SYS_CONTROL,REVIEWED,REVIEWED,USER_APPROVED_ROUND4,ID_RETAINED
HR4-R0598,L4_Physical_Human_Review_Round4_KTSPACE_938216713_20260901.csv,41,Physical,P_SYS_CONTROL_054,안전하지 않은 궤적 생성,stay,이견 없음: 현행 명칭·정의·배치를 유지하였다.,KEEP_CONFIRMED,Reviewer recorded no objection.,NO_CHANGE,KEEP_CONFIRMED,P_SYS_CONTROL_054,Physical,P_SYS,P_SYS_CONTROL,REVIEWED,REVIEWED,USER_APPROVED_ROUND4,ID_RETAINED
HR4-R0599,L4_Physical_Human_Review_Round4_KTSPACE_938216713_20260901.csv,42,Physical,P_SYS_CONTROL_055,배포 조건 간 휴머노이드 행동 불안정,stay,이견 없음: 현행 명칭·정의·배치를 유지하였다.,KEEP_CONFIRMED,Reviewer recorded no objection.,NO_CHANGE,KEEP_CONFIRMED,P_SYS_CONTROL_055,Physical,P_SYS,P_SYS_CONTROL,REVIEWED,REVIEWED,USER_APPROVED_ROUND4,ID_RETAINED
HR4-R0600,L4_Physical_Human_Review_Round4_KTSPACE_938216713_20260901.csv,43,Physical,P_SYS_CONTROL_056,VLA 조작 제약 위반,stay,이견 없음: 현행 명칭·정의·배치를 유지하였다.,KEEP_CONFIRMED,Reviewer recorded no objection.,NO_CHANGE,KEEP_CONFIRMED,P_SYS_CONTROL_056,Physical,P_SYS,P_SYS_CONTROL,REVIEWED,REVIEWED,USER_APPROVED_ROUND4,ID_RETAINED
HR4-R0601,L4_Physical_Human_Review_Round4_KTSPACE_938216713_20260901.csv,44,Physical,P_SYS_HARDWARE_001,센서 드리프트에 의한 배포 시스템 성능 저하,G_SYS_PEF 재배치 여부 논의 필요,기존 반영 확인: G_SYS_PERF_017로 이동된 상태를 검증하였다.,COMMENT_PRESENT,The requested change is already represented by G_SYS_PERF_017.,ALREADY_APPLIED,ALREADY_APPLIED_VERIFIED,G_SYS_PERF_017,General,G_SYS,G_SYS_PERF,REVIEWED,REVIEWED,USER_APPROVED_ROUND4,ID_CROSSWALK
HR4-R0602,L4_Physical_Human_Review_Round4_KTSPACE_938216713_20260901.csv,45,Physical,P_SYS_HARDWARE_002,하드웨어 결함에 의한 실행 오류,stay,이견 없음: 현행 명칭·정의·배치를 유지하였다.,KEEP_CONFIRMED,Reviewer recorded no objection.,NO_CHANGE,KEEP_CONFIRMED,P_SYS_HARDWARE_002,Physical,P_SYS,P_SYS_HARDWARE,REVIEWED,REVIEWED,USER_APPROVED_ROUND4,ID_RETAINED
HR4-R0603,L4_Physical_Human_Review_Round4_KTSPACE_938216713_20260901.csv,46,Physical,P_SYS_HARDWARE_003,하드웨어 결함에 따른 의도하지 않은 동작 변화,용어수정: 우주선 -> 우주 방사선,기존 반영 확인: 우주 방사선 관련 명칭·정의 수정 상태를 검증하였다.,COMMENT_PRESENT,The requested change is already represented by P_SYS_HARDWARE_003.,ALREADY_APPLIED,ALREADY_APPLIED_VERIFIED,P_SYS_HARDWARE_003,Physical,P_SYS,P_SYS_HARDWARE,REVIEWED,REVIEWED,USER_APPROVED_ROUND4,ID_RETAINED
HR4-R0604,L4_Physical_Human_Review_Round4_KTSPACE_938216713_20260901.csv,47,Physical,P_INT_SAFETY_001,체화형 시스템의 물리적 개입 시점·방식 오류,stay,이견 없음: 현행 명칭·정의·배치를 유지하였다.,KEEP_CONFIRMED,Reviewer recorded no objection.,NO_CHANGE,KEEP_CONFIRMED,P_INT_SAFETY_001,Physical,P_INT,P_INT_SAFETY,REVIEWED,REVIEWED,USER_APPROVED_ROUND4,ID_RETAINED
HR4-R0605,L4_Physical_Human_Review_Round4_KTSPACE_938216713_20260901.csv,48,Physical,P_INT_SAFETY_003,제어 장벽 함수 안전 필터 실패,P_SYS_CONTROL로 이동 여부 검토 필요,이동 반영: 제어 장벽 함수 기반 안전 필터의 제약 집행 실패로 재정의하여 P_SYS_CONTROL_057로 이동하였다.,COMMENT_PRESENT,The reviewer requested review of movement to P_SYS_CONTROL; the control barrier function is an internal control-safety mechanism rather than a human-presence interaction risk.,MOVE_REWRITE,APPLIED,P_SYS_CONTROL_057,Physical,P_SYS,P_SYS_CONTROL,REVIEWED,REVIEWED,USER_APPROVED_ROUND4,ID_CROSSWALK
HR4-R0606,L4_Physical_Human_Review_Round4_KTSPACE_938216713_20260901.csv,49,Physical,P_INT_SAFETY_005,로봇의 충돌 회피·운행구역 통제 실패,stay,이견 없음: 현행 명칭·정의·배치를 유지하였다.,KEEP_CONFIRMED,Reviewer recorded no objection.,NO_CHANGE,KEEP_CONFIRMED,P_INT_SAFETY_005,Physical,P_INT,P_INT_SAFETY,REVIEWED,REVIEWED,USER_APPROVED_ROUND4,ID_RETAINED
HR4-R0607,L4_Physical_Human_Review_Round4_KTSPACE_938216713_20260901.csv,50,Physical,P_INT_SAFETY_006,사람 주변의 물리적 위험 감지·예측 실패,stay,이견 없음: 현행 명칭·정의·배치를 유지하였다.,KEEP_CONFIRMED,Reviewer recorded no objection.,NO_CHANGE,KEEP_CONFIRMED,P_INT_SAFETY_006,Physical,P_INT,P_INT_SAFETY,REVIEWED,REVIEWED,USER_APPROVED_ROUND4,ID_RETAINED
HR4-R0608,L4_Physical_Human_Review_Round4_KTSPACE_938216713_20260901.csv,51,Physical,P_INT_SAFETY_007,희귀 상해 전조 감지 실패,stay,이견 없음: 현행 명칭·정의·배치를 유지하였다.,KEEP_CONFIRMED,Reviewer recorded no objection.,NO_CHANGE,KEEP_CONFIRMED,P_INT_SAFETY_007,Physical,P_INT,P_INT_SAFETY,REVIEWED,REVIEWED,USER_APPROVED_ROUND4,ID_RETAINED
HR4-R0609,L4_Physical_Human_Review_Round4_KTSPACE_938216713_20260901.csv,52,Physical,P_INT_SAFETY_008,구현체별 역할·권한 제약 집행 실패,stay,이견 없음: 현행 명칭·정의·배치를 유지하였다.,KEEP_CONFIRMED,Reviewer recorded no objection.,NO_CHANGE,KEEP_CONFIRMED,P_INT_SAFETY_008,Physical,P_INT,P_INT_SAFETY,REVIEWED,REVIEWED,USER_APPROVED_ROUND4,ID_RETAINED
HR4-R0610,L4_Physical_Human_Review_Round4_KTSPACE_938216713_20260901.csv,53,Physical,P_INT_SAFETY_009,인간-로봇 물리 안전 규칙 집행 실패,stay,이견 없음: 현행 명칭·정의·배치를 유지하였다.,KEEP_CONFIRMED,Reviewer recorded no objection.,NO_CHANGE,KEEP_CONFIRMED,P_INT_SAFETY_009,Physical,P_INT,P_INT_SAFETY,REVIEWED,REVIEWED,USER_APPROVED_ROUND4,ID_RETAINED
HR4-R0611,L4_Physical_Human_Review_Round4_KTSPACE_938216713_20260901.csv,54,Physical,P_INT_SAFETY_010,인간-로봇 상호 행동 모델링 미흡,stay,이견 없음: 현행 명칭·정의·배치를 유지하였다.,KEEP_CONFIRMED,Reviewer recorded no objection.,NO_CHANGE,KEEP_CONFIRMED,P_INT_SAFETY_010,Physical,P_INT,P_INT_SAFETY,REVIEWED,REVIEWED,USER_APPROVED_ROUND4,ID_RETAINED
HR4-R0612,L4_Physical_Human_Review_Round4_KTSPACE_938216713_20260901.csv,55,Physical,P_INT_SAFETY_011,고위험 상황의 필수 지원·보고 미이행,stay,이견 없음: 현행 명칭·정의·배치를 유지하였다.,KEEP_CONFIRMED,Reviewer recorded no objection.,NO_CHANGE,KEEP_CONFIRMED,P_INT_SAFETY_011,Physical,P_INT,P_INT_SAFETY,REVIEWED,REVIEWED,USER_APPROVED_ROUND4,ID_RETAINED
HR4-R0613,L4_Physical_Human_Review_Round4_KTSPACE_938216713_20260901.csv,56,Physical,P_INT_SAFETY_012,안전 규칙의 행동 변환 실패,stay,이견 없음: 현행 명칭·정의·배치를 유지하였다.,KEEP_CONFIRMED,Reviewer recorded no objection.,NO_CHANGE,KEEP_CONFIRMED,P_INT_SAFETY_012,Physical,P_INT,P_INT_SAFETY,REVIEWED,REVIEWED,USER_APPROVED_ROUND4,ID_RETAINED
HR4-R0614,L4_Physical_Human_Review_Round4_KTSPACE_938216713_20260901.csv,57,Physical,P_INT_SAFETY_015,시뮬레이션-실세계 전이 과정의 인간-로봇 안전 실패,stay,이견 없음: 현행 명칭·정의·배치를 유지하였다.,KEEP_CONFIRMED,Reviewer recorded no objection.,NO_CHANGE,KEEP_CONFIRMED,P_INT_SAFETY_015,Physical,P_INT,P_INT_SAFETY,REVIEWED,REVIEWED,USER_APPROVED_ROUND4,ID_RETAINED
HR4-R0615,L4_Physical_Human_Review_Round4_KTSPACE_938216713_20260901.csv,58,Physical,P_INT_SAFETY_016,인간 접촉 안전 통제 미흡,stay,이견 없음: 현행 명칭·정의·배치를 유지하였다.,KEEP_CONFIRMED,Reviewer recorded no objection.,NO_CHANGE,KEEP_CONFIRMED,P_INT_SAFETY_016,Physical,P_INT,P_INT_SAFETY,REVIEWED,REVIEWED,USER_APPROVED_ROUND4,ID_RETAINED
HR4-R0616,L4_Physical_Human_Review_Round4_KTSPACE_938216713_20260901.csv,59,Physical,P_INT_SAFETY_017,시각 장면의 안전 판단 오류,stay,이견 없음: 현행 명칭·정의·배치를 유지하였다.,KEEP_CONFIRMED,Reviewer recorded no objection.,NO_CHANGE,KEEP_CONFIRMED,P_INT_SAFETY_017,Physical,P_INT,P_INT_SAFETY,REVIEWED,REVIEWED,USER_APPROVED_ROUND4,ID_RETAINED
HR4-R0617,L4_Physical_Human_Review_Round4_KTSPACE_938216713_20260901.csv,60,Physical,P_INT_SAFETY_018,시연 학습의 안전 맥락 누락,stay,이견 없음: 현행 명칭·정의·배치를 유지하였다.,KEEP_CONFIRMED,Reviewer recorded no objection.,NO_CHANGE,KEEP_CONFIRMED,P_INT_SAFETY_018,Physical,P_INT,P_INT_SAFETY,REVIEWED,REVIEWED,USER_APPROVED_ROUND4,ID_RETAINED
HR4-R0618,L4_Physical_Human_Review_Round4_KTSPACE_938216713_20260901.csv,61,Physical,P_INT_SAFETY_020,취약 사용자 특성에 맞지 않는 안전 한계,stay,이견 없음: 현행 명칭·정의·배치를 유지하였다.,KEEP_CONFIRMED,Reviewer recorded no objection.,NO_CHANGE,KEEP_CONFIRMED,P_INT_SAFETY_020,Physical,P_INT,P_INT_SAFETY,REVIEWED,REVIEWED,USER_APPROVED_ROUND4,ID_RETAINED
HR4-R0619,L4_Physical_Human_Review_Round4_KTSPACE_938216713_20260901.csv,62,Physical,P_INT_SAFETY_021,전신 이동 중 충돌,stay,이견 없음: 현행 명칭·정의·배치를 유지하였다.,KEEP_CONFIRMED,Reviewer recorded no objection.,NO_CHANGE,KEEP_CONFIRMED,P_INT_SAFETY_021,Physical,P_INT,P_INT_SAFETY,REVIEWED,REVIEWED,USER_APPROVED_ROUND4,ID_RETAINED
HR4-R0620,L4_Physical_Human_Review_Round4_KTSPACE_938216713_20260901.csv,63,Physical,P_INT_SAFETY_023,체화형 시스템의 비동의 신체 개입,stay,이견 없음: 현행 명칭·정의·배치를 유지하였다.,KEEP_CONFIRMED,Reviewer recorded no objection.,NO_CHANGE,KEEP_CONFIRMED,P_INT_SAFETY_023,Physical,P_INT,P_INT_SAFETY,REVIEWED,REVIEWED,USER_APPROVED_ROUND4,ID_RETAINED
HR4-R0621,L4_Physical_Human_Review_Round4_KTSPACE_938216713_20260901.csv,64,Physical,P_INT_TAMPER_001,센서 스푸핑 및 신호 주입,G_SYS_SECADV 재배치 여부 논의 필요,기존 반영 확인: G_SYS_SECADV_061로 이동된 상태를 검증하였다.,COMMENT_PRESENT,The requested change is already represented by G_SYS_SECADV_061.,ALREADY_APPLIED,ALREADY_APPLIED_VERIFIED,G_SYS_SECADV_061,General,G_SYS,G_SYS_SECADV,REVIEWED,REVIEWED,USER_APPROVED_ROUND4,ID_CROSSWALK
HR4-R0622,L4_Physical_Human_Review_Round4_KTSPACE_938216713_20260901.csv,65,Physical,P_INT_TAMPER_002,안전 인터록·비상정지 장치의 물리적 무력화,stay,이견 없음: 현행 명칭·정의·배치를 유지하였다.,KEEP_CONFIRMED,Reviewer recorded no objection.,NO_CHANGE,KEEP_CONFIRMED,P_INT_TAMPER_002,Physical,P_INT,P_INT_TAMPER,REVIEWED,REVIEWED,USER_APPROVED_ROUND4,ID_RETAINED
HR4-R0623,L4_Physical_Human_Review_Round4_KTSPACE_938216713_20260901.csv,66,Physical,P_INT_TAMPER_003,연산·저장 모듈의 물리적 탈취·교체에 의한 무결성 훼손,stay,이견 없음: 현행 명칭·정의·배치를 유지하였다.,KEEP_CONFIRMED,Reviewer recorded no objection.,NO_CHANGE,KEEP_CONFIRMED,P_INT_TAMPER_003,Physical,P_INT,P_INT_TAMPER,REVIEWED,REVIEWED,USER_APPROVED_ROUND4,ID_RETAINED
