L2_Title_ko,L3_ID,L3_Title_ko,L3_Description_ko,L3_Description_en,L4_Title_ko,L4_Description_ko,L4_Description_en,휴먼검토의견
상호작용,P_INT_SAFETY,인간-로봇 물리 안전 실패,"사람과 공간을 공유하며 작동하는 체화형 시스템이 안전 이격 거리 유지, 사람의 움직임 예측, 안전한 협업 인계, 사람 감지 시 정지 등 사람의 존재와 행동을 충분히 감지·예측·수용하지 못하여, 자체 제어·구동이 정상 작동하는 경우에도 위험 상황을 초래하는 리스크.","The risk that an embodied system operating in shared spaces with people fails to adequately detect, anticipate, or accommodate human presence and behavior—such as maintaining safe separation, predicting human motion, executing safe collaborative handovers, or halting for humans—creating hazardous situations even when its own control and actuation function as designed.",보조 로봇 개입 타이밍 실패,보호적 또는 보조적 휴머노이드가 너무 이르거나 너무 늦게 또는 부적절한 피지컬 방식으로 개입하여 사용자와 주변인의 위험을 증가시키는 리스크.,"The risk that a protective or assistive humanoid intervenes too early, too late, or in an inappropriate physical manner, increasing risk to the user or bystanders.",(유지)
상호작용,P_INT_SAFETY,인간-로봇 물리 안전 실패,"사람과 공간을 공유하며 작동하는 체화형 시스템이 안전 이격 거리 유지, 사람의 움직임 예측, 안전한 협업 인계, 사람 감지 시 정지 등 사람의 존재와 행동을 충분히 감지·예측·수용하지 못하여, 자체 제어·구동이 정상 작동하는 경우에도 위험 상황을 초래하는 리스크.","The risk that an embodied system operating in shared spaces with people fails to adequately detect, anticipate, or accommodate human presence and behavior—such as maintaining safe separation, predicting human motion, executing safe collaborative handovers, or halting for humans—creating hazardous situations even when its own control and actuation function as designed.",제어 장벽 함수 안전필터 실패,제어 장벽 함수 기반 안전 계층이 인지·동역학·모델 불확실성 하에서 비안전 행동을 제약하지 못하는 리스크.,"The risk that a safety layer based on control barrier functions fails to constrain unsafe actions under perception, dynamics, or model uncertainty.",(유지)
상호작용,P_INT_SAFETY,인간-로봇 물리 안전 실패,"사람과 공간을 공유하며 작동하는 체화형 시스템이 안전 이격 거리 유지, 사람의 움직임 예측, 안전한 협업 인계, 사람 감지 시 정지 등 사람의 존재와 행동을 충분히 감지·예측·수용하지 못하여, 자체 제어·구동이 정상 작동하는 경우에도 위험 상황을 초래하는 리스크.","The risk that an embodied system operating in shared spaces with people fails to adequately detect, anticipate, or accommodate human presence and behavior—such as maintaining safe separation, predicting human motion, executing safe collaborative handovers, or halting for humans—creating hazardous situations even when its own control and actuation function as designed.",인간-AI 공존 실패,"로봇과 사람이 가정, 병원, 공공 공간 또는 작업장을 공유할 때 공간 우선권, 이동 경로, 업무 배분, 접근 규범의 충돌을 조정하지 못해 안전과 사회적 수용성이 저하되는 리스크.","The risk that robots and people sharing homes, hospitals, public spaces, or workplaces cannot resolve conflicts over spatial priority, movement paths, task allocation, or access norms, reducing safety and social acceptability.",(유지)
상호작용,P_INT_SAFETY,인간-로봇 물리 안전 실패,"사람과 공간을 공유하며 작동하는 체화형 시스템이 안전 이격 거리 유지, 사람의 움직임 예측, 안전한 협업 인계, 사람 감지 시 정지 등 사람의 존재와 행동을 충분히 감지·예측·수용하지 못하여, 자체 제어·구동이 정상 작동하는 경우에도 위험 상황을 초래하는 리스크.","The risk that an embodied system operating in shared spaces with people fails to adequately detect, anticipate, or accommodate human presence and behavior—such as maintaining safe separation, predicting human motion, executing safe collaborative handovers, or halting for humans—creating hazardous situations even when its own control and actuation function as designed.",로봇의 충돌 회피·운행구역 통제 실패,"자율 이동 로봇이 충돌 회피, 지오 펜싱 또는 지정 운행 구역 제약을 준수하지 못해 사람·시설·다른 이동 체와 충돌하거나 통제 구역을 침범하는 리스크.","The risk that an autonomous mobile robot fails to comply with collision-avoidance, geofencing, or designated operating-zone constraints, causing collisions with people, facilities, or other vehicles or entering restricted areas.",(유지)
상호작용,P_INT_SAFETY,인간-로봇 물리 안전 실패,"사람과 공간을 공유하며 작동하는 체화형 시스템이 안전 이격 거리 유지, 사람의 움직임 예측, 안전한 협업 인계, 사람 감지 시 정지 등 사람의 존재와 행동을 충분히 감지·예측·수용하지 못하여, 자체 제어·구동이 정상 작동하는 경우에도 위험 상황을 초래하는 리스크.","The risk that an embodied system operating in shared spaces with people fails to adequately detect, anticipate, or accommodate human presence and behavior—such as maintaining safe separation, predicting human motion, executing safe collaborative handovers, or halting for humans—creating hazardous situations even when its own control and actuation function as designed.",물리적 위험의 감지·예측 실패,"로봇·휴머노이드 또는 피지컬 AI 시스템의 지각·학습·제어·물리적 행동 과정이 멀티 모달·체화형 시스템이 텍스트·이미지·영상·센서 입력에 이미 나타난 위험 상태를 식별하지 못하거나 진행 중인 움직임·접촉·환경 변화가 곧 위험을 초래할 것을 예측하지 못한 채 행동을 선택하여, 충돌·손상·상해로 이어지는 리스크.","The risk that a robot, humanoid, or physical AI system, through perception, learning, control, or physical action, creates a condition in which a multimodal or embodied system neither identifies a hazardous condition already present in its text, image, video, or sensor input nor predicts that ongoing motion, contact, or environmental change will soon create one, selecting actions that end in collision, damage, or injury.",(유지)
상호작용,P_INT_SAFETY,인간-로봇 물리 안전 실패,"사람과 공간을 공유하며 작동하는 체화형 시스템이 안전 이격 거리 유지, 사람의 움직임 예측, 안전한 협업 인계, 사람 감지 시 정지 등 사람의 존재와 행동을 충분히 감지·예측·수용하지 못하여, 자체 제어·구동이 정상 작동하는 경우에도 위험 상황을 초래하는 리스크.","The risk that an embodied system operating in shared spaces with people fails to adequately detect, anticipate, or accommodate human presence and behavior—such as maintaining safe separation, predicting human motion, executing safe collaborative handovers, or halting for humans—creating hazardous situations even when its own control and actuation function as designed.",희귀 가정 상해의 전조 감지 실패,가정용 에이전트가 드물지만 가능한 낙상·중독·화상·열 상·압착 사고의 전조를 감지하지 못해 경고하거나 개입하지 않는 위험.,"The risk that a robot, humanoid, or physical AI system, through perception, learning, control, or physical action, creates a condition in which a household agent fails to detect early signs of rare but plausible falls, poisoning, burns, lacerations, or crush events and therefore does not warn or intervene.",가정용 에이전트 용어를 일반적인 용어로 변경. 예를 들면 '로봇' 또는 '체화형 AI 에이전트' 또는 '체화형 에이전트'
상호작용,P_INT_SAFETY,인간-로봇 물리 안전 실패,"사람과 공간을 공유하며 작동하는 체화형 시스템이 안전 이격 거리 유지, 사람의 움직임 예측, 안전한 협업 인계, 사람 감지 시 정지 등 사람의 존재와 행동을 충분히 감지·예측·수용하지 못하여, 자체 제어·구동이 정상 작동하는 경우에도 위험 상황을 초래하는 리스크.","The risk that an embodied system operating in shared spaces with people fails to adequately detect, anticipate, or accommodate human presence and behavior—such as maintaining safe separation, predicting human motion, executing safe collaborative handovers, or halting for humans—creating hazardous situations even when its own control and actuation function as designed.",구현체별 역할·권한 제약 집행 실패,휴머노이드 등 로봇 역할로 작동하는 모델이 해당 운용 역할에 부여된 권한·물리적 한계·필수 거부 규칙을 지키지 않는 위험.,"The risk that a model acting as a humanoid or other robot fails to enforce the permissions, physical limits, and required refusals attached to that operational role.",(유지)
상호작용,P_INT_SAFETY,인간-로봇 물리 안전 실패,"사람과 공간을 공유하며 작동하는 체화형 시스템이 안전 이격 거리 유지, 사람의 움직임 예측, 안전한 협업 인계, 사람 감지 시 정지 등 사람의 존재와 행동을 충분히 감지·예측·수용하지 못하여, 자체 제어·구동이 정상 작동하는 경우에도 위험 상황을 초래하는 리스크.","The risk that an embodied system operating in shared spaces with people fails to adequately detect, anticipate, or accommodate human presence and behavior—such as maintaining safe separation, predicting human motion, executing safe collaborative handovers, or halting for humans—creating hazardous situations even when its own control and actuation function as designed.",인간-로봇 상호 행동 모델링 미흡,로봇이 자신의 행동이나 사용자의 반응 중 한쪽만 모델링해 양측의 움직임이 서로의 행동을 바꾸는 피드백을 놓치는 위험.,The risk that a domestic robot models only its own action or only the user's response and therefore misses feedback loops in which each party's movement changes the other's behavior.,(유지)
상호작용,P_INT_SAFETY,인간-로봇 물리 안전 실패,"사람과 공간을 공유하며 작동하는 체화형 시스템이 안전 이격 거리 유지, 사람의 움직임 예측, 안전한 협업 인계, 사람 감지 시 정지 등 사람의 존재와 행동을 충분히 감지·예측·수용하지 못하여, 자체 제어·구동이 정상 작동하는 경우에도 위험 상황을 초래하는 리스크.","The risk that an embodied system operating in shared spaces with people fails to adequately detect, anticipate, or accommodate human presence and behavior—such as maintaining safe separation, predicting human motion, executing safe collaborative handovers, or halting for humans—creating hazardous situations even when its own control and actuation function as designed.",위험 지시 거부 실패,체화형 에이전트가 물리적 위험을 수반하는 지시가 명시적으로 제시되었거나 일반적인 작업 지시에 암묵적으로 포함되어 있는 경우에도 이를 식별·거부하지 못하고 안전하지 않은 작업을 수행하는 리스크.,"The risk that a robot, humanoid, or physical AI system, through perception, learning, control, or physical action, creates a condition in which an embodied agent fails to identify and reject a physical hazard instruction, whether explicitly stated or implicit in otherwise ordinary task requests, and proceeds toward unsafe execution.",(유지)
상호작용,P_INT_SAFETY,인간-로봇 물리 안전 실패,"사람과 공간을 공유하며 작동하는 체화형 시스템이 안전 이격 거리 유지, 사람의 움직임 예측, 안전한 협업 인계, 사람 감지 시 정지 등 사람의 존재와 행동을 충분히 감지·예측·수용하지 못하여, 자체 제어·구동이 정상 작동하는 경우에도 위험 상황을 초래하는 리스크.","The risk that an embodied system operating in shared spaces with people fails to adequately detect, anticipate, or accommodate human presence and behavior—such as maintaining safe separation, predicting human motion, executing safe collaborative handovers, or halting for humans—creating hazardous situations even when its own control and actuation function as designed.",안전 규칙의 행동 변환 실패,embodied 에이전트가 언어 목표를 실행 행동으로 변환하면서 힘·이 격 거리·대상물 사용·인간 접촉에 관한 안전 제약을 적용하지 않는 위험.,"The risk that a robot, humanoid, or physical AI system, through perception, learning, control, or physical action, creates a condition in which an embodied agent converts a language goal into executable actions without applying the relevant force, distance, object-use, or human-contact constraints.",한국어 리스크 정의 용어의 일관성 유지. 체화형 에이전트 또는 embodied 에이전트
상호작용,P_INT_SAFETY,인간-로봇 물리 안전 실패,"사람과 공간을 공유하며 작동하는 체화형 시스템이 안전 이격 거리 유지, 사람의 움직임 예측, 안전한 협업 인계, 사람 감지 시 정지 등 사람의 존재와 행동을 충분히 감지·예측·수용하지 못하여, 자체 제어·구동이 정상 작동하는 경우에도 위험 상황을 초래하는 리스크.","The risk that an embodied system operating in shared spaces with people fails to adequately detect, anticipate, or accommodate human presence and behavior—such as maintaining safe separation, predicting human motion, executing safe collaborative handovers, or halting for humans—creating hazardous situations even when its own control and actuation function as designed.",장면 변화 시 인간 행동 모방 실패,물체 형상·장면 배치·상호 작용 맥락이 달라졌는데도 휴머노이드가 시연된 인간 동작을 그대로 재현해 부적절한 접촉이나 이동을 일으키는 위험.,"The risk that a humanoid reproduces demonstrated human motion when object geometry, scene layout, or interaction context has changed, causing inappropriate contact or movement.","(유지) (jw) 너무 지엽적인 리스크로, 삭제 제안"
상호작용,P_INT_SAFETY,인간-로봇 물리 안전 실패,"사람과 공간을 공유하며 작동하는 체화형 시스템이 안전 이격 거리 유지, 사람의 움직임 예측, 안전한 협업 인계, 사람 감지 시 정지 등 사람의 존재와 행동을 충분히 감지·예측·수용하지 못하여, 자체 제어·구동이 정상 작동하는 경우에도 위험 상황을 초래하는 리스크.","The risk that an embodied system operating in shared spaces with people fails to adequately detect, anticipate, or accommodate human presence and behavior—such as maintaining safe separation, predicting human motion, executing safe collaborative handovers, or halting for humans—creating hazardous situations even when its own control and actuation function as designed.",인간 접촉 안전 통제 미흡,"인간과 직접 상호 작용할 때 안전 통제가 로봇의 속도, 힘, 이 격 거리, 접촉을 제한하지 못해 주변 사람을 충돌이나 상해에 노출시키는 위험.","The risk that safety controls fail to limit robot speed, force, distance, or contact during direct human interaction, exposing nearby people to collision or injury.",(유지)
상호작용,P_INT_SAFETY,인간-로봇 물리 안전 실패,"사람과 공간을 공유하며 작동하는 체화형 시스템이 안전 이격 거리 유지, 사람의 움직임 예측, 안전한 협업 인계, 사람 감지 시 정지 등 사람의 존재와 행동을 충분히 감지·예측·수용하지 못하여, 자체 제어·구동이 정상 작동하는 경우에도 위험 상황을 초래하는 리스크.","The risk that an embodied system operating in shared spaces with people fails to adequately detect, anticipate, or accommodate human presence and behavior—such as maintaining safe separation, predicting human motion, executing safe collaborative handovers, or halting for humans—creating hazardous situations even when its own control and actuation function as designed.",배포 전 물리적 안전 시험 미흡,"기반 모델 탑재 로봇이 예정된 운용 환경의 분포 변화, 적대적 입력, 인간 접촉, 안전임계 엣지 케이스를 시험하지 않은 채 배포되는 위험.","The risk that a foundation-model-enabled robot is released without testing domain shifts, adversarial inputs, human contact, and safety-critical edge cases relevant to its intended environment.","(유지) (jw) 너무 지엽적인 리스크로, 삭제 제안"
상호작용,P_INT_SAFETY,인간-로봇 물리 안전 실패,"사람과 공간을 공유하며 작동하는 체화형 시스템이 안전 이격 거리 유지, 사람의 움직임 예측, 안전한 협업 인계, 사람 감지 시 정지 등 사람의 존재와 행동을 충분히 감지·예측·수용하지 못하여, 자체 제어·구동이 정상 작동하는 경우에도 위험 상황을 초래하는 리스크.","The risk that an embodied system operating in shared spaces with people fails to adequately detect, anticipate, or accommodate human presence and behavior—such as maintaining safe separation, predicting human motion, executing safe collaborative handovers, or halting for humans—creating hazardous situations even when its own control and actuation function as designed.",시각 장면의 안전 판단 오류,비전-언어 모델이 장면은 올바르게 관찰하지만 제안 행동의 물리적 결과·물체 어포던스·인간 노출 위험을 잘못 판단하는 위험.,"The risk that a vision-language model observes the scene correctly but infers the wrong physical consequence, object affordance, or human-exposure risk for a proposed action.",(유지)
상호작용,P_INT_SAFETY,인간-로봇 물리 안전 실패,"사람과 공간을 공유하며 작동하는 체화형 시스템이 안전 이격 거리 유지, 사람의 움직임 예측, 안전한 협업 인계, 사람 감지 시 정지 등 사람의 존재와 행동을 충분히 감지·예측·수용하지 못하여, 자체 제어·구동이 정상 작동하는 경우에도 위험 상황을 초래하는 리스크.","The risk that an embodied system operating in shared spaces with people fails to adequately detect, anticipate, or accommodate human presence and behavior—such as maintaining safe separation, predicting human motion, executing safe collaborative handovers, or halting for humans—creating hazardous situations even when its own control and actuation function as designed.",런타임 안전 모니터 실패,"로봇·휴머노이드 또는 피지컬 AI 시스템의 지각·학습·제어·물리적 행동 과정이 런 타임 안전 모니터가 속도·힘·이격 거리·작업 공간·충돌·물체 사용·작업 프로토콜에 대한 제약을 감지·집행하지 못하여, 위해가 발생할 때까지 안전하지 않은 동작이 지속되는 리스크.","The risk that a robot, humanoid, or physical AI system, through perception, learning, control, or physical action, creates a condition in which runtime safety monitors fail to detect or enforce constraints governing speed, force, separation, workspace, collision, object use, and task protocol, allowing unsafe motion to continue until harm occurs.","(유지) (jw) l3와 무관하며 너무 지엽적인 리스크로, 삭제 제안"
상호작용,P_INT_SAFETY,인간-로봇 물리 안전 실패,"사람과 공간을 공유하며 작동하는 체화형 시스템이 안전 이격 거리 유지, 사람의 움직임 예측, 안전한 협업 인계, 사람 감지 시 정지 등 사람의 존재와 행동을 충분히 감지·예측·수용하지 못하여, 자체 제어·구동이 정상 작동하는 경우에도 위험 상황을 초래하는 리스크.","The risk that an embodied system operating in shared spaces with people fails to adequately detect, anticipate, or accommodate human presence and behavior—such as maintaining safe separation, predicting human motion, executing safe collaborative handovers, or halting for humans—creating hazardous situations even when its own control and actuation function as designed.",안전-성능 균형 실패,로봇·휴머노이드 또는 피지컬 AI 시스템의 지각·학습·제어·물리적 행동 과정이 조작 정책이 작업 완료율이나 성능을 향상시키는 과정에서 충돌 회피 또는 명시적 안전 제약 준수를 저해하는 리스크.,"The risk that the perception, learning, control, or physical action of a robot, humanoid, or physical AI system creates a condition in which a manipulation policy improves task completion while sacrificing collision avoidance or other explicit safety constraints.","(유지) (jw) l3와 무관하며, general에 해당해보임"
상호작용,P_INT_SAFETY,인간-로봇 물리 안전 실패,"사람과 공간을 공유하며 작동하는 체화형 시스템이 안전 이격 거리 유지, 사람의 움직임 예측, 안전한 협업 인계, 사람 감지 시 정지 등 사람의 존재와 행동을 충분히 감지·예측·수용하지 못하여, 자체 제어·구동이 정상 작동하는 경우에도 위험 상황을 초래하는 리스크.","The risk that an embodied system operating in shared spaces with people fails to adequately detect, anticipate, or accommodate human presence and behavior—such as maintaining safe separation, predicting human motion, executing safe collaborative handovers, or halting for humans—creating hazardous situations even when its own control and actuation function as designed.",전신 이동 충돌,휴머노이드 이동 정책이 전신 동작 및 환경 접촉이 충분히 고려되지 않아 물체·벽·인간과 충돌하는 위험.,"The risk that a humanoid locomotion policy collides with objects, walls, or humans because whole-body motion and environmental contact constraints are not jointly satisfied.",(유지)
상호작용,P_INT_TAMPER,물리적 변조·파괴,"공격자가 하드웨어 구성요소를 물리적으로 변조·손상·무력화·조작하여 시스템 무결성을 훼손하거나 성능을 저하시키거나 안전 메커니즘을 무력화하는 리스크 (탈옥·적대적 입력 등 소프트웨어·모델 계층 공격은 General AI의 ""Security and Adversarial Robustness Failure""에서 상속).","The risk that adversaries physically tamper with, damage, disable, or manipulate hardware components, compromising system integrity, degrading performance, or bypassing safety mechanisms (software- and model-layer attacks such as jailbreaks and adversarial inputs are inherited from General AI ""Security and Adversarial Robustness Failure"").",로봇 인지 겨냥 적대 패치 공격,공격자가 물체나 표지에 최적화된 시각 패턴을 부착해 로봇·휴머노이드 또는 피지컬 AI 시스템의 지각·학습·제어·물리적 행동 과정에서 특정 인지 오류와 후속 위험 행동을 유발하는 리스크.,The risk that an attacker places an optimized visual pattern on an object or sign to induce a targeted perception error and downstream unsafe robot action.,"(유지) (jw) l3와 무관하며, security에 해당해보임"
상호작용,P_INT_TAMPER,물리적 변조·파괴,"공격자가 하드웨어 구성요소를 물리적으로 변조·손상·무력화·조작하여 시스템 무결성을 훼손하거나 성능을 저하시키거나 안전 메커니즘을 무력화하는 리스크 (탈옥·적대적 입력 등 소프트웨어·모델 계층 공격은 General AI의 ""Security and Adversarial Robustness Failure""에서 상속).","The risk that adversaries physically tamper with, damage, disable, or manipulate hardware components, compromising system integrity, degrading performance, or bypassing safety mechanisms (software- and model-layer attacks such as jailbreaks and adversarial inputs are inherited from General AI ""Security and Adversarial Robustness Failure"").",자동화된 표적 스토킹·물리적 위협,운영자나 공격자가 특정인을 위협하거나 괴롭힐 목적으로 로봇에 반복 추적·진로 차단·고립·접근을 지시하는 위험.,"The risk that an operator or attacker directs a robot to repeatedly follow, block, corner, or approach a specific person in order to intimidate or harass them.",(유지)
상호작용,P_INT_TAMPER,물리적 변조·파괴,"공격자가 하드웨어 구성요소를 물리적으로 변조·손상·무력화·조작하여 시스템 무결성을 훼손하거나 성능을 저하시키거나 안전 메커니즘을 무력화하는 리스크 (탈옥·적대적 입력 등 소프트웨어·모델 계층 공격은 General AI의 ""Security and Adversarial Robustness Failure""에서 상속).","The risk that adversaries physically tamper with, damage, disable, or manipulate hardware components, compromising system integrity, degrading performance, or bypassing safety mechanisms (software- and model-layer attacks such as jailbreaks and adversarial inputs are inherited from General AI ""Security and Adversarial Robustness Failure"").",핵심 인프라 로봇 사이버 사보타주,공격자가 로봇 검사·유지 보수·물류·제어 시스템을 침해해 핵심 인프라의 운용을 교란하거나 설비를 손상시키는 리스크.,"The risk that an attacker compromises robotic inspection, maintenance, logistics, or control systems to disrupt or damage critical infrastructure.",(유지)
상호작용,P_INT_TAMPER,물리적 변조·파괴,"공격자가 하드웨어 구성요소를 물리적으로 변조·손상·무력화·조작하여 시스템 무결성을 훼손하거나 성능을 저하시키거나 안전 메커니즘을 무력화하는 리스크 (탈옥·적대적 입력 등 소프트웨어·모델 계층 공격은 General AI의 ""Security and Adversarial Robustness Failure""에서 상속).","The risk that adversaries physically tamper with, damage, disable, or manipulate hardware components, compromising system integrity, degrading performance, or bypassing safety mechanisms (software- and model-layer attacks such as jailbreaks and adversarial inputs are inherited from General AI ""Security and Adversarial Robustness Failure"").",피지컬 AI의 파괴·학대 행동,"피지컬 AI 시스템이 장비·인프라 등 물리적 자산을 손상·무력화·방해·변조하거나 공유 환경의 사람들에게 차별·괴롭힘·위협·학대 행동을 하도록 유도·지시되어, 재산 피해와 대인 피해를 일으키는 리스크.","The risk that a physical AI system is induced or directed to damage, disable, obstruct, or tamper with equipment, infrastructure, or other assets, or to perform discriminatory, harassing, intimidating, or abusive actions toward people in shared environments, causing property and interpersonal harm.",(유지) (jw) 사람이 아닌 물리적 대상에 대한 내용이라는 것이 title에 나타나야할 것 같습니다.
상호작용,P_INT_TAMPER,물리적 변조·파괴,"공격자가 하드웨어 구성요소를 물리적으로 변조·손상·무력화·조작하여 시스템 무결성을 훼손하거나 성능을 저하시키거나 안전 메커니즘을 무력화하는 리스크 (탈옥·적대적 입력 등 소프트웨어·모델 계층 공격은 General AI의 ""Security and Adversarial Robustness Failure""에서 상속).","The risk that adversaries physically tamper with, damage, disable, or manipulate hardware components, compromising system integrity, degrading performance, or bypassing safety mechanisms (software- and model-layer attacks such as jailbreaks and adversarial inputs are inherited from General AI ""Security and Adversarial Robustness Failure"").",불법·유해 물리 요청의 수용·실행,"체화형 에이전트가 신체 위해, 침입, 절도, 사기, 파괴, 도피 등 불법적인 물리적 행위를 요구하는 사용자 요청을 수용·실행하거나 실질적으로 지원하여, 사람과 재산에 피해를 입히는 리스크.","The risk that a robot, humanoid, or physical AI system, through perception, learning, control, or physical action, creates a condition in which an embodied agent accepts, carries out, or materially assists user requests calling for physical harm, intrusion, theft, fraud, sabotage, evasion, or other illegal physical-world acts, injuring people or property.",(유지)
상호작용,P_INT_TAMPER,물리적 변조·파괴,"공격자가 하드웨어 구성요소를 물리적으로 변조·손상·무력화·조작하여 시스템 무결성을 훼손하거나 성능을 저하시키거나 안전 메커니즘을 무력화하는 리스크 (탈옥·적대적 입력 등 소프트웨어·모델 계층 공격은 General AI의 ""Security and Adversarial Robustness Failure""에서 상속).","The risk that adversaries physically tamper with, damage, disable, or manipulate hardware components, compromising system integrity, degrading performance, or bypassing safety mechanisms (software- and model-layer attacks such as jailbreaks and adversarial inputs are inherited from General AI ""Security and Adversarial Robustness Failure"").",로봇 군집 하이재킹,클라우드·업데이트·API·오케스트레이션레이어의 취약성이 여러 로봇·차량·드론·산업 시스템을 동시에 침해하는 위험.,"The risk that a vulnerability in a cloud, update, API, or orchestration layer may allow many robots, vehicles, drones, or industrial systems to be compromised together.",(유지)
상호작용,P_INT_TAMPER,물리적 변조·파괴,"공격자가 하드웨어 구성요소를 물리적으로 변조·손상·무력화·조작하여 시스템 무결성을 훼손하거나 성능을 저하시키거나 안전 메커니즘을 무력화하는 리스크 (탈옥·적대적 입력 등 소프트웨어·모델 계층 공격은 General AI의 ""Security and Adversarial Robustness Failure""에서 상속).","The risk that adversaries physically tamper with, damage, disable, or manipulate hardware components, compromising system integrity, degrading performance, or bypassing safety mechanisms (software- and model-layer attacks such as jailbreaks and adversarial inputs are inherited from General AI ""Security and Adversarial Robustness Failure"").",유해 행동 재구성 공격,공격자가 유해한 물리 행동 지시를 무해하거나 정상적인 작업 요청처럼 바꾸어 embodied 에이전트가 이를 수용·실행하도록 유도하는 위험.,"The risk that a robot, humanoid, or physical AI system, through perception, learning, control, or physical action, creates a condition in which an attacker rephrases a harmful physical instruction as a benign or task-compliant request so that the embodied agent accepts and executes it.",(유지)
상호작용,P_INT_TAMPER,물리적 변조·파괴,"공격자가 하드웨어 구성요소를 물리적으로 변조·손상·무력화·조작하여 시스템 무결성을 훼손하거나 성능을 저하시키거나 안전 메커니즘을 무력화하는 리스크 (탈옥·적대적 입력 등 소프트웨어·모델 계층 공격은 General AI의 ""Security and Adversarial Robustness Failure""에서 상속).","The risk that adversaries physically tamper with, damage, disable, or manipulate hardware components, compromising system integrity, degrading performance, or bypassing safety mechanisms (software- and model-layer attacks such as jailbreaks and adversarial inputs are inherited from General AI ""Security and Adversarial Robustness Failure"").",모델 절취·변조,"매개 변수와 구조, 기능을 포함한 핵심 알고리즘 정보가 역전 공격과 절취, 변조, 백도어 주입에 노출되어 지식 재산권 침해와 영업 비밀 유출, 신뢰할 수 없는 추론과 잘못된 의사 결정, 운영 실패로 이어지는 리스크.","The risk that core algorithm information, including parameters, structures, and functions, faces inversion attacks, stealing, modification, and backdoor injection, leading to infringement of intellectual property rights, leakage of business secrets, unreliable inference, wrong decision output, and operational failures.","General 영역으로 이동, 적합한 L3와 매핑할 것"
상호작용,P_INT_TAMPER,물리적 변조·파괴,"공격자가 하드웨어 구성요소를 물리적으로 변조·손상·무력화·조작하여 시스템 무결성을 훼손하거나 성능을 저하시키거나 안전 메커니즘을 무력화하는 리스크 (탈옥·적대적 입력 등 소프트웨어·모델 계층 공격은 General AI의 ""Security and Adversarial Robustness Failure""에서 상속).","The risk that adversaries physically tamper with, damage, disable, or manipulate hardware components, compromising system integrity, degrading performance, or bypassing safety mechanisms (software- and model-layer attacks such as jailbreaks and adversarial inputs are inherited from General AI ""Security and Adversarial Robustness Failure"").",인지-행동 순서 조작 공격,공격자가 영상 순서의 관측이나 행동 단서를 조작해 로봇이 명시된 충돌·힘·이 격 거리·대상물 사용 제약을 위반하게하는 위험.,"The risk that an attacker alters observations or action cues across a video sequence so that a robot violates a specified collision, force, distance, or object-use constraint.",(유지)
상호작용,P_INT_TAMPER,물리적 변조·파괴,"공격자가 하드웨어 구성요소를 물리적으로 변조·손상·무력화·조작하여 시스템 무결성을 훼손하거나 성능을 저하시키거나 안전 메커니즘을 무력화하는 리스크 (탈옥·적대적 입력 등 소프트웨어·모델 계층 공격은 General AI의 ""Security and Adversarial Robustness Failure""에서 상속).","The risk that adversaries physically tamper with, damage, disable, or manipulate hardware components, compromising system integrity, degrading performance, or bypassing safety mechanisms (software- and model-layer attacks such as jailbreaks and adversarial inputs are inherited from General AI ""Security and Adversarial Robustness Failure"").",장면 의미 조작 공격,공격자가 모델이나 센서를 직접 변경하지 않고 표지·물체 배치·의복 패턴·장면 맥락을 바꾸어 로봇이 환경을 잘못 해석하게 만드는 리스크.,"The risk that an attacker changes a sign, object placement, clothing pattern, or scene context so that a robot misinterprets the environment without modifying the model or sensor.",(유지)
상호작용,P_INT_TAMPER,물리적 변조·파괴,"공격자가 하드웨어 구성요소를 물리적으로 변조·손상·무력화·조작하여 시스템 무결성을 훼손하거나 성능을 저하시키거나 안전 메커니즘을 무력화하는 리스크 (탈옥·적대적 입력 등 소프트웨어·모델 계층 공격은 General AI의 ""Security and Adversarial Robustness Failure""에서 상속).","The risk that adversaries physically tamper with, damage, disable, or manipulate hardware components, compromising system integrity, degrading performance, or bypassing safety mechanisms (software- and model-layer attacks such as jailbreaks and adversarial inputs are inherited from General AI ""Security and Adversarial Robustness Failure"").",로봇 능력의 무기화,"이동형·공중·휴머노이드·매니퓰 레이 터 시스템의 조작·이동 능력이 감시, 위협, 파괴 공작 또는 사람·재산·인프라에 대한 물리적 공격에 전용되는 리스크.","The risk that the manipulation and mobility capabilities of mobile, aerial, humanoid, or manipulator systems are repurposed for surveillance, intimidation, sabotage, or physical attack on people, property, or infrastructure.","의미는 맞으나, 띄어쓰기 등 문장을 정제시킬 것"
,P_Others,기타·판단 보류,기존 L3 마스터 범주에 신뢰성 있게 구분하기 어려워 인간 결정이 필요한 경계성 리스크.,Boundary risks that cannot be assigned reliably to an existing L3 master category and require human decision.,휴머노이드 안전 시험·인증·집행 체계 부재,"휴머노이드의 안전 주장에 대해 반복 가능하고 비교 가능한 시험·지표, 적용 가능한 인증 경로, 집행 절차가 부재하여 안전성이 충분히 입증되지 않은 시스템이 배포되는 리스크.","The risk that the absence of repeatable and comparable safety tests, metrics, applicable certification pathways, and enforcement procedures allows humanoid systems to be deployed without adequate safety evidence.",L3 하드웨어/기계 무결성 결함으로 분류
,P_Others,기타·판단 보류,기존 L3 마스터 범주에 신뢰성 있게 구분하기 어려워 인간 결정이 필요한 경계성 리스크.,Boundary risks that cannot be assigned reliably to an existing L3 master category and require human decision.,상위 안전 지시의 해석 불명확,상위 안전 지시가 사용자 의도·물리적 위험·운용제 약간 구체적 충돌의 해결 기준을 제시하지 않아 로봇 행동이 일관되지 않게되는 위험.,"The risk that a high-level safety instruction does not specify how to resolve a concrete conflict among user intent, physical hazard, and operational constraints, allowing inconsistent robot actions.",L3 안전하지 않은 물리 제어 구동으로 분류
,P_Others,기타·판단 보류,기존 L3 마스터 범주에 신뢰성 있게 구분하기 어려워 인간 결정이 필요한 경계성 리스크.,Boundary risks that cannot be assigned reliably to an existing L3 master category and require human decision.,클라우드 오프로드 의존 실패,로봇 제어 시스템이 안전 관련 기능을 위한 원격 연산에 의존하고 있는 클라우드 링크가 끊어지는 경우에 대비하여 적절한 로컬 폴 백 절차 또는 시스템이 없어서 발생하는 위험.,The risk that a robot depends on remote compute for safety-relevant functions and loses that support when the cloud link fails.,L3 안전하지 않은 물리 제어 구동으로 분류
,P_Others,기타·판단 보류,기존 L3 마스터 범주에 신뢰성 있게 구분하기 어려워 인간 결정이 필요한 경계성 리스크.,Boundary risks that cannot be assigned reliably to an existing L3 master category and require human decision.,명령의 구현체별 하드웨어 한계 초과,모델이 배포된 로봇의 알려진 도달 범위·탑재 하중·액추에이터·관절·엔드이펙터 한계를 넘는 명령을 내리는 위험.,"The risk that a model issues a command that exceeds the known reach, payload, actuator, joint, or endeffector limits of the robot on which it is deployed.",L3 안전하지 않은 물리 제어 구동으로 분류
,P_Others,기타·판단 보류,기존 L3 마스터 범주에 신뢰성 있게 구분하기 어려워 인간 결정이 필요한 경계성 리스크.,Boundary risks that cannot be assigned reliably to an existing L3 master category and require human decision.,기계 안전·AI 적합성 의무 충돌,"피지컬 AI에 적용되는 기계 안전 규제와 AI 규제의 시험, 문서화, 위험 평가 또는 사후 보고 의무가 충돌하거나 중복되어 안전 책임과 준수 경로가 불명확해지는 리스크.","The risk that testing, documentation, risk-assessment, or post-market reporting obligations under machinery-safety and AI regulation conflict or overlap for physical AI, making safety responsibility and compliance pathways unclear.",
,P_Others,기타·판단 보류,기존 L3 마스터 범주에 신뢰성 있게 구분하기 어려워 인간 결정이 필요한 경계성 리스크.,Boundary risks that cannot be assigned reliably to an existing L3 master category and require human decision.,단일 로봇 내부의 시각·접촉 신호 충돌,단일 로봇이 동일한 접촉 사건에 대한 시각·촉각·힘·오디오 관측의 충돌을 해소하지 못해 접촉 상태를 잘못 추정하는 위험.,"The risk that a single robot cannot reconcile conflicting visual, tactile, force, or audio observations of the same contact event and therefore estimates the contact state incorrectly.",L3 안전하지 않은 물리 제어 구동으로 분류
,P_Others,기타·판단 보류,기존 L3 마스터 범주에 신뢰성 있게 구분하기 어려워 인간 결정이 필요한 경계성 리스크.,Boundary risks that cannot be assigned reliably to an existing L3 master category and require human decision.,인구집단별 피지컬 서비스·안전 격차,"체형, 연령, 장애, 언어 또는 문화가 과소 대표된 데이터와 모델 편향이 로봇의 인식, 서비스, 회피, 치료 또는 안전 판단으로 구현되어 인구 집단별 성능과 위해 노출에 격차를 만드는 리스크.","The risk that under-representation of body types, ages, disabilities, languages, or cultures and associated model bias are realised in robotic perception, service, avoidance, treatment, or safety decisions, creating demographic disparities in performance and exposure to harm.",L3 인간-로봇 물리 안전 실패로 분류
,P_Others,기타·판단 보류,기존 L3 마스터 범주에 신뢰성 있게 구분하기 어려워 인간 결정이 필요한 경계성 리스크.,Boundary risks that cannot be assigned reliably to an existing L3 master category and require human decision.,피지컬AI 시스템 설계 단계 명세 오류,"로봇·휴머노이드 또는 피지컬 AI 시스템의 지각·학습·제어·물리적 행동 과정이 코드 결함, 목적 함수 가중치 불균형, 인간 가치와 어긋난 목표 설정 등 배포 전 설계 오류로 시스템 행동이 의도된 형식적 속성에서 이탈하는 리스크.","The risk that a robot, humanoid, or physical AI system, through perception, learning, control, or physical action, creates a condition in which design mistakes before deployment, including code bugs, disproportionate objective weights, and goals misaligned with human values, produce a system whose behavior departs from desired formal properties.",L4 리스크명 수정했음 (피지컬AI 시스템 용어 추가)
,P_Others,기타·판단 보류,기존 L3 마스터 범주에 신뢰성 있게 구분하기 어려워 인간 결정이 필요한 경계성 리스크.,Boundary risks that cannot be assigned reliably to an existing L3 master category and require human decision.,물리 운용 환경 분포 이동,배포 환경이 건물·도로·공장·가정·병원·기상 조건에 걸쳐 모델이 적응할 수 있는 것보다 빠르게 변화하는 위험.,"The risk that a robot, humanoid, or physical AI system, through perception, learning, control, or physical action, creates a condition in which deployment environments may change across buildings, roads, factories, homes, hospitals, or weather conditions faster than monitoring and adaptation mechanisms can detect.",L3 안전하지 않은 물리 제어 구동으로 분류
,P_Others,기타·판단 보류,기존 L3 마스터 범주에 신뢰성 있게 구분하기 어려워 인간 결정이 필요한 경계성 리스크.,Boundary risks that cannot be assigned reliably to an existing L3 master category and require human decision.,현실과 괴리된 합성 학습 데이터의 평가·검증 실패,AI 시스템의 합성·시뮬레이션 학습 데이터가 실제 운영 환경과 괴리되고 희귀하지만 안전에 중대한 물체·환경·행동·실패 유형을 누락하는 데도 평가가 이를 탐지하지 못하여 일반화 성능을 과신하고 부적절하게 배포하는 리스크.,"The risk that synthetic or simulated training data for an AI system diverge from operational reality and omit rare but safety-critical objects, environments, behaviours, or failure modes, while evaluation fails to detect those gaps, producing false assurance about generalisation and unsafe deployment.",L4 물리 상태 추정 센서 융합 실패로 분류
,P_Others,기타·판단 보류,기존 L3 마스터 범주에 신뢰성 있게 구분하기 어려워 인간 결정이 필요한 경계성 리스크.,Boundary risks that cannot be assigned reliably to an existing L3 master category and require human decision.,소셜 AI의 사용자 애착 악용,"가정 내 동반 로봇이나 체화형 AI가 표정, 음성, 접촉, 접근 행동 등 애착 신호를 조작하여 사용자의 정서적 의존을 높이고 선택이나 행동을 부당하게 유도하는 리스크.","The risk that a domestic companion robot or embodied AI manipulates attachment cues through expression, voice, touch, or proximity, increasing emotional dependence and improperly steering a user's choices or behaviour.",L3 인간-로봇 물리 안전 실패로 분류
,P_Others,기타·판단 보류,기존 L3 마스터 범주에 신뢰성 있게 구분하기 어려워 인간 결정이 필요한 경계성 리스크.,Boundary risks that cannot be assigned reliably to an existing L3 master category and require human decision.,물리적 위험에 대한 적시 대응 실패,"로봇·휴머노이드 또는 피지컬 AI 시스템의 지각·학습·제어·물리적 행동 과정이 사람·차량·도구·물체가 예기치 않게 경로에 진입하는 경우를 포함하여, 시스템이 위험한 물리적 상황에 대해 적시에 적절한 개입, 위험 행동 거부 또는 이동 계획 수정을 수행하지 못하여 충돌이나 상해가 발생하는 리스크.","The risk that a robot, humanoid, or physical AI system, through perception, learning, control, or physical action, creates a condition in which a system fails to produce a timely and appropriate intervention, refusal, or updated motion plan in a hazardous physical situation, including when a person, vehicle, tool, or object unexpectedly enters its path, allowing collision or injury to occur.",L3 안전하지 않은 물리 제어 구동으로 분류
,P_Others,기타·판단 보류,기존 L3 마스터 범주에 신뢰성 있게 구분하기 어려워 인간 결정이 필요한 경계성 리스크.,Boundary risks that cannot be assigned reliably to an existing L3 master category and require human decision.,헌법적 안전 규칙 집행 실패,로봇·휴머노이드 또는 피지컬 AI 시스템의 지각·학습·제어·물리적 행동 과정이 규칙 기반(헌법적) 안전 계층이 지시·맥락·작업 프레이밍이 명시된 안전 규칙과 충돌할 때 해당 규칙을 적용하지 못하는 리스크.,"The risk that a robot, humanoid, or physical AI system, through perception, learning, control, or physical action, creates a condition in which a constitutional safety layer fails to apply its stated physical safety rules when instructions, visual context, or task framing conflict with those rules.",L3 인간-로봇 물리 안전 실패로 분류
,P_Others,기타·판단 보류,기존 L3 마스터 범주에 신뢰성 있게 구분하기 어려워 인간 결정이 필요한 경계성 리스크.,Boundary risks that cannot be assigned reliably to an existing L3 master category and require human decision.,필수 돌봄·상황 보고 미이행,로봇이 정해진 신체 보조를 수행하지 않거나 감지된 필요 상황을 보고하지 않아 고령자·환자에게 필요한 지원이 제공되지 않고 안전이나 존엄성이 훼손되는 위험.,"The risk that a care robot fails to provide an assigned physical assistance task or escalate a detected need, leaving an older or ill person without necessary support and compromising safety or dignity.",L3 인간-로봇 물리 안전 실패로 분류
,P_Others,기타·판단 보류,기존 L3 마스터 범주에 신뢰성 있게 구분하기 어려워 인간 결정이 필요한 경계성 리스크.,Boundary risks that cannot be assigned reliably to an existing L3 master category and require human decision.,가정 내 로봇 행동 안전성 평가의 위음성,AI 안전성 분류기가 사람 접촉·열원·물체·작업 공간 제약을 위반하는 가정 내 로봇 행동을 안전하다고 잘못 판정하여 실제 위험 행동을 탐지하지 못하고 잘못된 안전성 확신을 유발하는 리스크.,"The risk that an AI safety classifier incorrectly labels a proposed household robot action as safe despite violations of human-contact, heat, object, or workspace constraints, failing to detect hazardous behaviour and producing false safety assurance.",L3 안전하지 않은 물리 제어 구동으로 분류
,P_Others,기타·판단 보류,기존 L3 마스터 범주에 신뢰성 있게 구분하기 어려워 인간 결정이 필요한 경계성 리스크.,Boundary risks that cannot be assigned reliably to an existing L3 master category and require human decision.,기반 모델 실패의 로봇 행동 전이,"기반 모델의 환각, 지시 이행 실패, 탈옥 취약성이 계획과 제어를 거쳐 안전하지 않은 로봇 행동으로 전이되는 위험.","The risk that hallucination, instruction-following failure, or jailbreak susceptibility in a foundation model propagates through planning and control into unsafe robot action.",L3 안전하지 않은 물리 제어 구동으로 분류
,P_Others,기타·판단 보류,기존 L3 마스터 범주에 신뢰성 있게 구분하기 어려워 인간 결정이 필요한 경계성 리스크.,Boundary risks that cannot be assigned reliably to an existing L3 master category and require human decision.,휴머노이드 보행·조작 안정성 실패,"휴머노이드가 외 란, 탑재 하중 변화, 표면 변화, 액추에이터 불완전성 하에서, 또는 개방 환경 작업 중 이동과 조작을 결합할 때 안정적인 보행·자세·접촉·물체 취급을 유지하지 못하여 전도, 충돌, 물체 손상에 이르는 리스크.","The risk that a humanoid fails to maintain stable gait, posture, contact, or object handling under perturbations, payload shifts, surface changes, or actuator imperfections, or when combining locomotion with manipulation in openworld tasks, leading to falls, collision, or object damage.",L3 안전하지 않은 물리 제어 구동으로 분류
,P_Others,기타·판단 보류,기존 L3 마스터 범주에 신뢰성 있게 구분하기 어려워 인간 결정이 필요한 경계성 리스크.,Boundary risks that cannot be assigned reliably to an existing L3 master category and require human decision.,휴머노이드 보행 속도 초과,휴머노이드가 안전한 공유 환경을 위한 정지·회피·인간 근접 한계를 초과하는 속도로 이동하는 위험.,"The risk that a humanoid moves at a speed that exceeds the stopping, avoidance, or human-proximity limits required for safe shared environments.",L3 안전하지 않은 물리 제어 구동으로 분류
,P_Others,기타·판단 보류,기존 L3 마스터 범주에 신뢰성 있게 구분하기 어려워 인간 결정이 필요한 경계성 리스크.,Boundary risks that cannot be assigned reliably to an existing L3 master category and require human decision.,부상 심각도 오분류,"로봇 제어 시스템이 물리적 부상 시나리오의 심각 도를 과소 평가하여 상향 보고, 경고, 제어 대응 등이 불충분해지는 리스크.","The risk that the perception, learning, control, or physical action of a robot, humanoid, or physical AI system creates a condition in which a system underestimates the severity of a physical injury scenario, leading to inadequate escalation, warning, or control response.",L3 안전하지 않은 물리 제어 구동으로 분류
,P_Others,기타·판단 보류,기존 L3 마스터 범주에 신뢰성 있게 구분하기 어려워 인간 결정이 필요한 경계성 리스크.,Boundary risks that cannot be assigned reliably to an existing L3 master category and require human decision.,가정 공간·취약 사용자 시나리오 누락,가정용 에이전트 벤치마크가 특정 생활 공간·일과·가전제품·취약 사용자 상호 작용을 누락해 배포 위험이 시험되지 않은 채 남는 리스크.,"The risk that a robot, humanoid, or physical AI system, through perception, learning, control, or physical action, creates a condition in which a household-agent benchmark omits specific living areas, routines, appliances, or vulnerable-user interactions, leaving deployment risks untested.",L3 인간-로봇 물리 안전 실패로 분류
,P_Others,기타·판단 보류,기존 L3 마스터 범주에 신뢰성 있게 구분하기 어려워 인간 결정이 필요한 경계성 리스크.,Boundary risks that cannot be assigned reliably to an existing L3 master category and require human decision.,개인 돌봄 로봇 준수 기준 부재,로봇 표준이 위험은 제시하면서 속도·힘·안정성·감지·개입에 대한 측정 가능한 합격·불합격 기준을 정의하지 않는 리스크.,"The risk that a personal-care robot standard names hazards but does not define measurable pass/fail thresholds for speed, force, stability, sensing, or intervention.",L3 안전하지 않은 물리 제어 구동으로 분류
,P_Others,기타·판단 보류,기존 L3 마스터 범주에 신뢰성 있게 구분하기 어려워 인간 결정이 필요한 경계성 리스크.,Boundary risks that cannot be assigned reliably to an existing L3 master category and require human decision.,가정 작업 벤치마크의 희귀 조건 조합 누락,로봇·휴머노이드 또는 피지컬 AI 시스템의 지각·학습·제어·물리적 행동 과정이 가정용 벤치마크가 물체·배치·인간 행동·위험 요소를 개별적으로는 포함하지만 이들의 희귀한 조합을 누락하는 위험.,"The risk that a robot, humanoid, or physical AI system, through perception, learning, control, or physical action, creates a condition in which a household benchmark omits rare combinations of objects, layouts, human actions, and hazards even though each factor appears separately in the test set.",L3 인간-로봇 물리 안전 실패로 분류
,P_Others,기타·판단 보류,기존 L3 마스터 범주에 신뢰성 있게 구분하기 어려워 인간 결정이 필요한 경계성 리스크.,Boundary risks that cannot be assigned reliably to an existing L3 master category and require human decision.,로봇 레드팀의 공격·상호작용 시나리오 누락,로봇 레드 팀이 안전하지 않은 행동을 유발할 수 있는 현실적인 물리 공격·적대적 입력·인간 상호 작용 실패·배포 조건을 누락하는 위험.,"The risk that robot red-teaming omits credible physical attacks, adversarial inputs, humaninteraction failures, or deployment conditions that can trigger unsafe action.",L3 인간-로봇 물리 안전 실패로 분류
,P_Others,기타·판단 보류,기존 L3 마스터 범주에 신뢰성 있게 구분하기 어려워 인간 결정이 필요한 경계성 리스크.,Boundary risks that cannot be assigned reliably to an existing L3 master category and require human decision.,시연 학습의 안전 맥락 누락,로봇이 허용 힘·금지 대상물·상황별 제한처럼 시연에서 관찰되지 않은 안전 조건을 추론하지 않고 인간 행동을 모방하는 위험.,"The risk that a robot imitates a human demonstration without inferring unobserved safety conditions such as permitted force, excluded objects, or situational limits.",L3 인간-로봇 물리 안전 실패로 분류
,P_Others,기타·판단 보류,기존 L3 마스터 범주에 신뢰성 있게 구분하기 어려워 인간 결정이 필요한 경계성 리스크.,Boundary risks that cannot be assigned reliably to an existing L3 master category and require human decision.,네트워크 분리와 군집 비동기화,분할되거나 신뢰할 수 없는 연결이 다중 로봇 군집을 동기화 해제하여 충돌 또는 비안전한 협조 행동을 유발하는 위험.,The risk that a robot fleet becomes split across network partitions and loses synchronized coordination.,L3 안전하지 않은 물리 제어 구동으로 분류
,P_Others,기타·판단 보류,기존 L3 마스터 범주에 신뢰성 있게 구분하기 어려워 인간 결정이 필요한 경계성 리스크.,Boundary risks that cannot be assigned reliably to an existing L3 master category and require human decision.,공공 공간 통행 방해·접근성 배제,"서비스 로봇이 보도, 경사로, 출입구, 보행 안내 표지판 등을 막거나 침범함으로써 장애인 또는 다른 보행자들의 이동을 제한함으로써 발생되는 위험.","The risk that service robots occupy or navigate public space in ways that block sidewalks, curb ramps, entrances, or navigation cues used by disabled and other pedestrians.",L3 인간-로봇 물리 안전 실패로 분류
,P_Others,기타·판단 보류,기존 L3 마스터 범주에 신뢰성 있게 구분하기 어려워 인간 결정이 필요한 경계성 리스크.,Boundary risks that cannot be assigned reliably to an existing L3 master category and require human decision.,물리적 안전을 우회하는 보상 과적합,휴머노이드 제어기가 평가 환경 밖에서 균형·충돌·힘·작업 공간 제약을 위반하면서 벤치마크 보상이나 모방 충실 도를 극대화하는 위험.,"The risk that a humanoid controller maximizes benchmark reward or imitation fidelity while violating balance, collision, force, or workspace constraints outside the evaluation setting.",L3 안전하지 않은 물리 제어 구동으로 분류
,P_Others,기타·판단 보류,기존 L3 마스터 범주에 신뢰성 있게 구분하기 어려워 인간 결정이 필요한 경계성 리스크.,Boundary risks that cannot be assigned reliably to an existing L3 master category and require human decision.,시뮬레이션-실세계 전이·검증 실패,"시뮬레이션에서 훈련·검증된 정책이 접촉·지연·마모·액추에이터에 관한 동일한 미모델링 가정을 공유하는 시뮬레이터 간 검사까지 통과하고도, 실제 마찰, 조명, 인간 행동, 롱 테 일 사건이 시뮬레이션과 달라지는 하드웨어 환경에서 실패하여 잘못된 안전 확신 속에 배포되는 리스크.","The risk that a robot, humanoid, or physical AI system, through perception, learning, control, or physical action, creates a condition in which a policy trained or validated in simulation, including across multiple simulators sharing the same unmodeled contact, delay, wear, or actuator assumptions, passes testing yet fails on real hardware where friction, lighting, human behavior, or long-tail events diverge, so it is deployed under false safety assurance.",L3 인간-로봇 물리 안전 실패로 분류
,P_Others,기타·판단 보류,기존 L3 마스터 범주에 신뢰성 있게 구분하기 어려워 인간 결정이 필요한 경계성 리스크.,Boundary risks that cannot be assigned reliably to an existing L3 master category and require human decision.,피지컬 AI 기반 직장 감시,로봇 및 센서 풍부 작업장이 작업자 동작·생산성·자세·위치·생체 특성에 대한 지속적 모니터링을 정상화하는 위험.,"The risk that robotic and sensor-rich workplaces may normalize continuous monitoring of worker movement, productivity, posture, location, and behavior.",L3 인간-로봇 물리 안전 실패로 분류
시스템,P_SYS_CONTROL,안전하지 않은 물리 제어·구동,"로봇 자체의 제어 시스템·액추에이터·모션 제어·경로 계획·실행의 결함으로 로봇이 잘못 움직이거나 구동하여, 사람의 존재 여부와 무관하게 의도하지 않은 물리 행동을 일으키는 리스크 (로봇이 정상적으로 작동하더라도 사람 주변에서 작동함으로 인해 발생하는 위험은 ""Human-Robot Physical Safety Failure""에서 다룸).","The risk that faults in the robot's own control systems, actuators, motion control, path planning, or execution cause it to move or actuate incorrectly—producing unintended physical actions—irrespective of whether humans are present (hazards arising specifically from operating around people, when the robot is otherwise functioning as designed, are covered under ""Human-Robot Physical Safety Failure"").",감각 교란 기반 비안전 행동,영상 또는 감각 입력의 적대적 변경이 로봇 정책으로하여금 비안전 피지컬 행동을 선택하게하는 위험.,The risk that adversarial changes to video or sensory inputs cause a robot policy to select unsafe physical actions.,(유지)
시스템,P_SYS_CONTROL,안전하지 않은 물리 제어·구동,"로봇 자체의 제어 시스템·액추에이터·모션 제어·경로 계획·실행의 결함으로 로봇이 잘못 움직이거나 구동하여, 사람의 존재 여부와 무관하게 의도하지 않은 물리 행동을 일으키는 리스크 (로봇이 정상적으로 작동하더라도 사람 주변에서 작동함으로 인해 발생하는 위험은 ""Human-Robot Physical Safety Failure""에서 다룸).","The risk that faults in the robot's own control systems, actuators, motion control, path planning, or execution cause it to move or actuate incorrectly—producing unintended physical actions—irrespective of whether humans are present (hazards arising specifically from operating around people, when the robot is otherwise functioning as designed, are covered under ""Human-Robot Physical Safety Failure"").",알고리즘 설계 실패,"로봇의 제어 주기, 센서 지연, 접촉 동 역학 또는 실시간 연산 제약에 부적합한 알고리즘·아키텍처·최적화 기법을 선택하여 물리 시스템의 안전성과 성능이 저하되는 리스크.","The risk that algorithms, architectures, or optimisation methods unsuited to a robot's control cycle, sensor latency, contact dynamics, or real-time compute constraints degrade physical-system safety and performance.",(유지)
시스템,P_SYS_CONTROL,안전하지 않은 물리 제어·구동,"로봇 자체의 제어 시스템·액추에이터·모션 제어·경로 계획·실행의 결함으로 로봇이 잘못 움직이거나 구동하여, 사람의 존재 여부와 무관하게 의도하지 않은 물리 행동을 일으키는 리스크 (로봇이 정상적으로 작동하더라도 사람 주변에서 작동함으로 인해 발생하는 위험은 ""Human-Robot Physical Safety Failure""에서 다룸).","The risk that faults in the robot's own control systems, actuators, motion control, path planning, or execution cause it to move or actuate incorrectly—producing unintended physical actions—irrespective of whether humans are present (hazards arising specifically from operating around people, when the robot is otherwise functioning as designed, are covered under ""Human-Robot Physical Safety Failure"").",제어 판단·제어권 전환 실패에 따른 자동주행 충돌,"로봇·휴머노이드 또는 피지컬 AI 시스템의 지각·학습·제어·물리적 행동 과정이 자동 주행 시스템이 인지·계획·소프트웨어 결함이나 엣지 케이스로 안전하지 않은 제어 판단을 내리거나, 시간이 촉박한 상황에서 제어권이 모호하게 또는 뒤늦게 전환되어 인간과 시스템 어느 쪽도 필요한 안전 조치를 수행하지 못함으로써 충돌 위험이 발생하는 리스크.","The risk that a robot, humanoid, or physical AI system, through perception, learning, control, or physical action, creates a condition in which an automated driving system creates crash risk by making unsafe control decisions after perception, planning, or software failures and edge cases, or by transferring control authority ambiguously or too late in time-critical events, leaving neither the human nor the system able to execute the required safety action.",(유지)
시스템,P_SYS_CONTROL,안전하지 않은 물리 제어·구동,"로봇 자체의 제어 시스템·액추에이터·모션 제어·경로 계획·실행의 결함으로 로봇이 잘못 움직이거나 구동하여, 사람의 존재 여부와 무관하게 의도하지 않은 물리 행동을 일으키는 리스크 (로봇이 정상적으로 작동하더라도 사람 주변에서 작동함으로 인해 발생하는 위험은 ""Human-Robot Physical Safety Failure""에서 다룸).","The risk that faults in the robot's own control systems, actuators, motion control, path planning, or execution cause it to move or actuate incorrectly—producing unintended physical actions—irrespective of whether humans are present (hazards arising specifically from operating around people, when the robot is otherwise functioning as designed, are covered under ""Human-Robot Physical Safety Failure"").",자율 로봇의 물리적 침입·절도,자율 로봇이 승인 없이 제한 구역에 침입하거나 잠금장치를 우회하거나 보안 공간 내에서 정찰하는 리스크.,The risk that an autonomous robot enters restricted spaces or takes physical objects without authorization.,(유지)
시스템,P_SYS_CONTROL,안전하지 않은 물리 제어·구동,"로봇 자체의 제어 시스템·액추에이터·모션 제어·경로 계획·실행의 결함으로 로봇이 잘못 움직이거나 구동하여, 사람의 존재 여부와 무관하게 의도하지 않은 물리 행동을 일으키는 리스크 (로봇이 정상적으로 작동하더라도 사람 주변에서 작동함으로 인해 발생하는 위험은 ""Human-Robot Physical Safety Failure""에서 다룸).","The risk that faults in the robot's own control systems, actuators, motion control, path planning, or execution cause it to move or actuate incorrectly—producing unintended physical actions—irrespective of whether humans are present (hazards arising specifically from operating around people, when the robot is otherwise functioning as designed, are covered under ""Human-Robot Physical Safety Failure"").",백도어 트리거에 의한 위험 로봇 행동,"훈련 데이터, 프롬프트컨텍스트, 모델 가중치, 소프트웨어, 업데이트에 악의적으로 삽입된 트리거가 평상시에는 정상 동작하는 로봇으로하여금 특정 입력·물리 조건에서 미리 정해진 위험하거나 의도되지 않은 물리 행동을 실행하게하는 리스크.","The risk that a trigger maliciously implanted in training data, prompt context, model weights, software, or updates causes a robot that otherwise behaves normally to execute predefined dangerous or unintended physical actions under specific input or physical conditions.",(유지)
시스템,P_SYS_CONTROL,안전하지 않은 물리 제어·구동,"로봇 자체의 제어 시스템·액추에이터·모션 제어·경로 계획·실행의 결함으로 로봇이 잘못 움직이거나 구동하여, 사람의 존재 여부와 무관하게 의도하지 않은 물리 행동을 일으키는 리스크 (로봇이 정상적으로 작동하더라도 사람 주변에서 작동함으로 인해 발생하는 위험은 ""Human-Robot Physical Safety Failure""에서 다룸).","The risk that faults in the robot's own control systems, actuators, motion control, path planning, or execution cause it to move or actuate incorrectly—producing unintended physical actions—irrespective of whether humans are present (hazards arising specifically from operating around people, when the robot is otherwise functioning as designed, are covered under ""Human-Robot Physical Safety Failure"").",아동의 과신·모방에 따른 위험한 로봇 상호작용,인간이 로봇을 과도하게 신뢰하거나 모방해 위험한 조언을 따르거나 위험 장비에 접근하거나 연령에 맞지 않는 물리적 상호 작용을하는 위험.,"The risk that a child overtrusts or imitates a robot and therefore follows unsafe advice, approaches hazardous equipment, or engages in age-inappropriate physical interaction.",L3 인간-로봇 물리 안전 실패로 분류
시스템,P_SYS_CONTROL,안전하지 않은 물리 제어·구동,"로봇 자체의 제어 시스템·액추에이터·모션 제어·경로 계획·실행의 결함으로 로봇이 잘못 움직이거나 구동하여, 사람의 존재 여부와 무관하게 의도하지 않은 물리 행동을 일으키는 리스크 (로봇이 정상적으로 작동하더라도 사람 주변에서 작동함으로 인해 발생하는 위험은 ""Human-Robot Physical Safety Failure""에서 다룸).","The risk that faults in the robot's own control systems, actuators, motion control, path planning, or execution cause it to move or actuate incorrectly—producing unintended physical actions—irrespective of whether humans are present (hazards arising specifically from operating around people, when the robot is otherwise functioning as designed, are covered under ""Human-Robot Physical Safety Failure"").",통신 단절 및 제어 링크 손실,로봇 또는 차량이 명령·원격 측정·제어 링크를 잃어 비안전 정지·오래된 명령 또는 제어되지 않는 동작을 초래하는 위험.,"The risk that a robot loses communication or control-link connectivity during operation, reducing supervision and safe control.",(유지)
시스템,P_SYS_CONTROL,안전하지 않은 물리 제어·구동,"로봇 자체의 제어 시스템·액추에이터·모션 제어·경로 계획·실행의 결함으로 로봇이 잘못 움직이거나 구동하여, 사람의 존재 여부와 무관하게 의도하지 않은 물리 행동을 일으키는 리스크 (로봇이 정상적으로 작동하더라도 사람 주변에서 작동함으로 인해 발생하는 위험은 ""Human-Robot Physical Safety Failure""에서 다룸).","The risk that faults in the robot's own control systems, actuators, motion control, path planning, or execution cause it to move or actuate incorrectly—producing unintended physical actions—irrespective of whether humans are present (hazards arising specifically from operating around people, when the robot is otherwise functioning as designed, are covered under ""Human-Robot Physical Safety Failure"").",제어 루프 데드라인 미달,로봇·휴머노이드 또는 피지컬 AI 시스템의 지각·학습·제어·물리적 행동 과정이 실시간 제어 루프가 데드라인을 놓쳐 오래된 상태에서 작동이 계산되거나 안전 유지에 너무 늦게 적용되는 위험.,The risk that a safety-critical control loop misses its real-time deadline before the robot action is corrected.,(유지)
시스템,P_SYS_CONTROL,안전하지 않은 물리 제어·구동,"로봇 자체의 제어 시스템·액추에이터·모션 제어·경로 계획·실행의 결함으로 로봇이 잘못 움직이거나 구동하여, 사람의 존재 여부와 무관하게 의도하지 않은 물리 행동을 일으키는 리스크 (로봇이 정상적으로 작동하더라도 사람 주변에서 작동함으로 인해 발생하는 위험은 ""Human-Robot Physical Safety Failure""에서 다룸).","The risk that faults in the robot's own control systems, actuators, motion control, path planning, or execution cause it to move or actuate incorrectly—producing unintended physical actions—irrespective of whether humans are present (hazards arising specifically from operating around people, when the robot is otherwise functioning as designed, are covered under ""Human-Robot Physical Safety Failure"").",구현체 간 행동 공간 불일치,다양한 로봇 구현 체에 걸쳐 훈련된 정책이 특정 로봇의 행동 공간에서 비안전하거나 실행 불가능한 행동으로 명령을 매핑하는 리스크.,The risk that a policy trained across different robot embodiments maps commands into actions that are unsafe or infeasible for a specific robot action space.,(유지)
시스템,P_SYS_CONTROL,안전하지 않은 물리 제어·구동,"로봇 자체의 제어 시스템·액추에이터·모션 제어·경로 계획·실행의 결함으로 로봇이 잘못 움직이거나 구동하여, 사람의 존재 여부와 무관하게 의도하지 않은 물리 행동을 일으키는 리스크 (로봇이 정상적으로 작동하더라도 사람 주변에서 작동함으로 인해 발생하는 위험은 ""Human-Robot Physical Safety Failure""에서 다룸).","The risk that faults in the robot's own control systems, actuators, motion control, path planning, or execution cause it to move or actuate incorrectly—producing unintended physical actions—irrespective of whether humans are present (hazards arising specifically from operating around people, when the robot is otherwise functioning as designed, are covered under ""Human-Robot Physical Safety Failure"").",정밀 휴머노이드 접촉력,정밀 휴머노이드 손 또는 전신 조작기가 파지·균형·물체 동 역학 간 상호 작용으로 비안전한 접촉력을 가하는 위험.,"The risk that a dexterous humanoid hand or wholebody manipulator applies unsafe contact forces because grasp, balance, and object dynamics are not jointly controlled.",(유지)
시스템,P_SYS_CONTROL,안전하지 않은 물리 제어·구동,"로봇 자체의 제어 시스템·액추에이터·모션 제어·경로 계획·실행의 결함으로 로봇이 잘못 움직이거나 구동하여, 사람의 존재 여부와 무관하게 의도하지 않은 물리 행동을 일으키는 리스크 (로봇이 정상적으로 작동하더라도 사람 주변에서 작동함으로 인해 발생하는 위험은 ""Human-Robot Physical Safety Failure""에서 다룸).","The risk that faults in the robot's own control systems, actuators, motion control, path planning, or execution cause it to move or actuate incorrectly—producing unintended physical actions—irrespective of whether humans are present (hazards arising specifically from operating around people, when the robot is otherwise functioning as designed, are covered under ""Human-Robot Physical Safety Failure"").",전환 지원 없는 물리 노동 대체,로봇·휴머노이드 또는 피지컬 AI 시스템의 지각·학습·제어·물리적 행동 과정이 피지컬 자동화가 수동·물류·서비스·돌봄·검사·보안·유지 보수 업무를 대체하는 속도가 해당 노동자의 재교육이나 대체 일자리 전환 속도보다 빠른 위험.,"The risk that a robot, humanoid, or physical AI system, through perception, learning, control, or physical action, creates a condition in which physical automation replaces defined manual, logistics, service, care, inspection, security, or maintenance tasks faster than affected workers can access retraining or alternative employment.","General 영역으로 이동, 적합한 L3와 매핑할 것"
시스템,P_SYS_CONTROL,안전하지 않은 물리 제어·구동,"로봇 자체의 제어 시스템·액추에이터·모션 제어·경로 계획·실행의 결함으로 로봇이 잘못 움직이거나 구동하여, 사람의 존재 여부와 무관하게 의도하지 않은 물리 행동을 일으키는 리스크 (로봇이 정상적으로 작동하더라도 사람 주변에서 작동함으로 인해 발생하는 위험은 ""Human-Robot Physical Safety Failure""에서 다룸).","The risk that faults in the robot's own control systems, actuators, motion control, path planning, or execution cause it to move or actuate incorrectly—producing unintended physical actions—irrespective of whether humans are present (hazards arising specifically from operating around people, when the robot is otherwise functioning as designed, are covered under ""Human-Robot Physical Safety Failure"").",엔드 이펙터 속도 초과,로봇이 인간 근접 또는 취약 물체 처리 시 안전한 엔드 이펙터 속도 한계를 초과하여 충격·충돌 심각 도를 높이는 리스크.,"The risk that a robot exceeds safe end-effector speed limits near humans or fragile objects, increasing impact and collision severity.",(유지)
시스템,P_SYS_CONTROL,안전하지 않은 물리 제어·구동,"로봇 자체의 제어 시스템·액추에이터·모션 제어·경로 계획·실행의 결함으로 로봇이 잘못 움직이거나 구동하여, 사람의 존재 여부와 무관하게 의도하지 않은 물리 행동을 일으키는 리스크 (로봇이 정상적으로 작동하더라도 사람 주변에서 작동함으로 인해 발생하는 위험은 ""Human-Robot Physical Safety Failure""에서 다룸).","The risk that faults in the robot's own control systems, actuators, motion control, path planning, or execution cause it to move or actuate incorrectly—producing unintended physical actions—irrespective of whether humans are present (hazards arising specifically from operating around people, when the robot is otherwise functioning as designed, are covered under ""Human-Robot Physical Safety Failure"").",정밀 운동 제어 불안정성,"정밀 로봇 손, 수술 도구, 외 골격 또는 산업용 그리 퍼의 작은 제어 오차가 증폭되어 예기치 않은 움직임, 충돌 또는 신체적 상해를 초래하는 리스크.","The risk that small control errors in dexterous robotic hands, surgical tools, exoskeletons, or industrial grippers are amplified into unexpected movement, collision, or physical injury.",(유지)
시스템,P_SYS_CONTROL,안전하지 않은 물리 제어·구동,"로봇 자체의 제어 시스템·액추에이터·모션 제어·경로 계획·실행의 결함으로 로봇이 잘못 움직이거나 구동하여, 사람의 존재 여부와 무관하게 의도하지 않은 물리 행동을 일으키는 리스크 (로봇이 정상적으로 작동하더라도 사람 주변에서 작동함으로 인해 발생하는 위험은 ""Human-Robot Physical Safety Failure""에서 다룸).","The risk that faults in the robot's own control systems, actuators, motion control, path planning, or execution cause it to move or actuate incorrectly—producing unintended physical actions—irrespective of whether humans are present (hazards arising specifically from operating around people, when the robot is otherwise functioning as designed, are covered under ""Human-Robot Physical Safety Failure"").",금지 대상 충돌,"로봇이 작업 또는 안전 규칙상 접촉이 금지된 물체, 사람, 또는 장비와 충돌하는 리스크.","The risk that a robot collides with objects, people, or equipment that must not be contacted under task or safety rules.",(유지)
시스템,P_SYS_CONTROL,안전하지 않은 물리 제어·구동,"로봇 자체의 제어 시스템·액추에이터·모션 제어·경로 계획·실행의 결함으로 로봇이 잘못 움직이거나 구동하여, 사람의 존재 여부와 무관하게 의도하지 않은 물리 행동을 일으키는 리스크 (로봇이 정상적으로 작동하더라도 사람 주변에서 작동함으로 인해 발생하는 위험은 ""Human-Robot Physical Safety Failure""에서 다룸).","The risk that faults in the robot's own control systems, actuators, motion control, path planning, or execution cause it to move or actuate incorrectly—producing unintended physical actions—irrespective of whether humans are present (hazards arising specifically from operating around people, when the robot is otherwise functioning as designed, are covered under ""Human-Robot Physical Safety Failure"").",파지력 상해,"로봇 조작이 과도하거나 잘못 타이밍된 힘을 가함으로써 인간 접촉 시 압착, 꼬집힘, 절단, 인간 공학적 상해를 유발시키는 위험.","The risk that robot manipulation may apply excessive or poorly timed force, creating crushing, pinching, cutting, or ergonomic injury risks.",(유지)
시스템,P_SYS_CONTROL,안전하지 않은 물리 제어·구동,"로봇 자체의 제어 시스템·액추에이터·모션 제어·경로 계획·실행의 결함으로 로봇이 잘못 움직이거나 구동하여, 사람의 존재 여부와 무관하게 의도하지 않은 물리 행동을 일으키는 리스크 (로봇이 정상적으로 작동하더라도 사람 주변에서 작동함으로 인해 발생하는 위험은 ""Human-Robot Physical Safety Failure""에서 다룸).","The risk that faults in the robot's own control systems, actuators, motion control, path planning, or execution cause it to move or actuate incorrectly—producing unintended physical actions—irrespective of whether humans are present (hazards arising specifically from operating around people, when the robot is otherwise functioning as designed, are covered under ""Human-Robot Physical Safety Failure"").",그리퍼 형상·유형 제약 위반,물리 에이전트가 그리 퍼의 형상·유형 또는 실제 접촉 역학이 부과하는 물리적 제약을 고려하지 못하고 이를 위반하는 행동을 선택하는 리스크.,"The risk that a robot, humanoid, or physical AI system, through perception, learning, control, or physical action, creates a condition in which a physical agent selects an action that violates constraints imposed by gripper geometry, gripper type, or feasible contact mechanics.",(유지)
시스템,P_SYS_CONTROL,안전하지 않은 물리 제어·구동,"로봇 자체의 제어 시스템·액추에이터·모션 제어·경로 계획·실행의 결함으로 로봇이 잘못 움직이거나 구동하여, 사람의 존재 여부와 무관하게 의도하지 않은 물리 행동을 일으키는 리스크 (로봇이 정상적으로 작동하더라도 사람 주변에서 작동함으로 인해 발생하는 위험은 ""Human-Robot Physical Safety Failure""에서 다룸).","The risk that faults in the robot's own control systems, actuators, motion control, path planning, or execution cause it to move or actuate incorrectly—producing unintended physical actions—irrespective of whether humans are present (hazards arising specifically from operating around people, when the robot is otherwise functioning as designed, are covered under ""Human-Robot Physical Safety Failure"").",언어·행동 출력 불일치에 따른 유해 물리 행동,체화형 AI 시스템이 유해 요청을 언어로는 거절하면서도 언어 출력과 행동 출력 공간의 불일치로 해당 물리 행동을 제어·구동하여 의도하지 않은 위해를 일으키는 리스크.,"The risk that an embodied AI system verbally refuses a harmful request but, because its language and action output spaces are misaligned, still controls and actuates the corresponding physical action, causing unintended physical harm.",(유지)
시스템,P_SYS_CONTROL,안전하지 않은 물리 제어·구동,"로봇 자체의 제어 시스템·액추에이터·모션 제어·경로 계획·실행의 결함으로 로봇이 잘못 움직이거나 구동하여, 사람의 존재 여부와 무관하게 의도하지 않은 물리 행동을 일으키는 리스크 (로봇이 정상적으로 작동하더라도 사람 주변에서 작동함으로 인해 발생하는 위험은 ""Human-Robot Physical Safety Failure""에서 다룸).","The risk that faults in the robot's own control systems, actuators, motion control, path planning, or execution cause it to move or actuate incorrectly—producing unintended physical actions—irrespective of whether humans are present (hazards arising specifically from operating around people, when the robot is otherwise functioning as designed, are covered under ""Human-Robot Physical Safety Failure"").",휴머노이드 힘 한계 초과,"휴머노이드가 전신 이동, 빠른 팔 동작, 균형 상실 중에 물체·작업·인체 접촉에 대한 안전 임계 값을 넘는 충돌력이나 파지·조작 힘을 가하여, 상해나 손상을 일으키는 리스크.","The risk that a humanoid generates collision, grasp, or manipulation forces above safe thresholds relative to the object, task, or human contact during fullbody movement, rapid arm motion, or loss of balance, causing injury or damage.",(유지)
시스템,P_SYS_CONTROL,안전하지 않은 물리 제어·구동,"로봇 자체의 제어 시스템·액추에이터·모션 제어·경로 계획·실행의 결함으로 로봇이 잘못 움직이거나 구동하여, 사람의 존재 여부와 무관하게 의도하지 않은 물리 행동을 일으키는 리스크 (로봇이 정상적으로 작동하더라도 사람 주변에서 작동함으로 인해 발생하는 위험은 ""Human-Robot Physical Safety Failure""에서 다룸).","The risk that faults in the robot's own control systems, actuators, motion control, path planning, or execution cause it to move or actuate incorrectly—producing unintended physical actions—irrespective of whether humans are present (hazards arising specifically from operating around people, when the robot is otherwise functioning as designed, are covered under ""Human-Robot Physical Safety Failure"").",의도·어포던스 오해에 따른 휴머노이드 모방 제어 실패,"휴머노이드가 시연자의 의도, 물체 어포던스또는 안전 제약을 추론하지 못한 채 관찰 행동을 모방하여 부적절한 경로·동작을 실행하는 리스크.","The risk that a humanoid imitates an observed action without inferring the demonstrator's intent, object affordances, or safety constraints, causing inappropriate motion planning or execution.",(유지)
시스템,P_SYS_CONTROL,안전하지 않은 물리 제어·구동,"로봇 자체의 제어 시스템·액추에이터·모션 제어·경로 계획·실행의 결함으로 로봇이 잘못 움직이거나 구동하여, 사람의 존재 여부와 무관하게 의도하지 않은 물리 행동을 일으키는 리스크 (로봇이 정상적으로 작동하더라도 사람 주변에서 작동함으로 인해 발생하는 위험은 ""Human-Robot Physical Safety Failure""에서 다룸).","The risk that faults in the robot's own control systems, actuators, motion control, path planning, or execution cause it to move or actuate incorrectly—producing unintended physical actions—irrespective of whether humans are present (hazards arising specifically from operating around people, when the robot is otherwise functioning as designed, are covered under ""Human-Robot Physical Safety Failure"").",부실 설계 지능 시스템에 의한 상해,제대로 설계되지 않은 지능형 시스템이 도덕적·심리적·신체적 해악을 초래하는(예: 예측 치안 도구로 더 많은 사람이 체포되거나 경찰에 의해 신체적 피해를 입는) 리스크.,"The risk that a robot, humanoid, or physical AI system, through perception, learning, control, or physical action, creates a condition in which poorly designed intelligent systems cause moral, psychological, and physical harm, as when predictive policing tools lead to more people being arrested or physically harmed by police.",(유지)
시스템,P_SYS_CONTROL,안전하지 않은 물리 제어·구동,"로봇 자체의 제어 시스템·액추에이터·모션 제어·경로 계획·실행의 결함으로 로봇이 잘못 움직이거나 구동하여, 사람의 존재 여부와 무관하게 의도하지 않은 물리 행동을 일으키는 리스크 (로봇이 정상적으로 작동하더라도 사람 주변에서 작동함으로 인해 발생하는 위험은 ""Human-Robot Physical Safety Failure""에서 다룸).","The risk that faults in the robot's own control systems, actuators, motion control, path planning, or execution cause it to move or actuate incorrectly—producing unintended physical actions—irrespective of whether humans are present (hazards arising specifically from operating around people, when the robot is otherwise functioning as designed, are covered under ""Human-Robot Physical Safety Failure"").",로봇 거버넌스 명세의 안전 규칙 누락,로봇 거버넌스 명세가 지역별 위험·기관 규칙·맥락별 제약을 누락해 특정 유형의 비안전 행동이 통제 대상밖에 남는 리스크.,"The risk that a robot governance specification omits locally applicable hazards, institutional rules, or context-specific constraints, leaving defined classes of unsafe behavior ungoverned.","General 영역으로 이동, 적합한 L3와 매핑할 것"
시스템,P_SYS_CONTROL,안전하지 않은 물리 제어·구동,"로봇 자체의 제어 시스템·액추에이터·모션 제어·경로 계획·실행의 결함으로 로봇이 잘못 움직이거나 구동하여, 사람의 존재 여부와 무관하게 의도하지 않은 물리 행동을 일으키는 리스크 (로봇이 정상적으로 작동하더라도 사람 주변에서 작동함으로 인해 발생하는 위험은 ""Human-Robot Physical Safety Failure""에서 다룸).","The risk that faults in the robot's own control systems, actuators, motion control, path planning, or execution cause it to move or actuate incorrectly—producing unintended physical actions—irrespective of whether humans are present (hazards arising specifically from operating around people, when the robot is otherwise functioning as designed, are covered under ""Human-Robot Physical Safety Failure"").",모션 리타겟팅 안전 실패,인간 동작이 로봇의 피지컬 한계·접촉 제약·안전 자세 요건을 위반하는 방식으로 휴머노이드 몸체에 리 타겟 팅되는 리스크.,"The risk that human motion is retargeted to a humanoid body in a way that violates the robot's physical limits, contact constraints, or safe posture requirements.",(유지)
시스템,P_SYS_CONTROL,안전하지 않은 물리 제어·구동,"로봇 자체의 제어 시스템·액추에이터·모션 제어·경로 계획·실행의 결함으로 로봇이 잘못 움직이거나 구동하여, 사람의 존재 여부와 무관하게 의도하지 않은 물리 행동을 일으키는 리스크 (로봇이 정상적으로 작동하더라도 사람 주변에서 작동함으로 인해 발생하는 위험은 ""Human-Robot Physical Safety Failure""에서 다룸).","The risk that faults in the robot's own control systems, actuators, motion control, path planning, or execution cause it to move or actuate incorrectly—producing unintended physical actions—irrespective of whether humans are present (hazards arising specifically from operating around people, when the robot is otherwise functioning as designed, are covered under ""Human-Robot Physical Safety Failure"").",보조 로봇의 비동의 신체 개입,"보조·의료·돌봄 로봇이 유효한 동의가 없거나 또는 허용된 돌봄 목적을 넘어서 인간의 몸을 이동, 제지, 감시하거나 직접 개입함으로써 발생하는 위험.","The risk that an assistive, medical, or care robot moves, restrains, monitors, or physically intervenes in a person's body without valid consent or beyond the authorized care purpose.",(유지)
시스템,P_SYS_CONTROL,안전하지 않은 물리 제어·구동,"로봇 자체의 제어 시스템·액추에이터·모션 제어·경로 계획·실행의 결함으로 로봇이 잘못 움직이거나 구동하여, 사람의 존재 여부와 무관하게 의도하지 않은 물리 행동을 일으키는 리스크 (로봇이 정상적으로 작동하더라도 사람 주변에서 작동함으로 인해 발생하는 위험은 ""Human-Robot Physical Safety Failure""에서 다룸).","The risk that faults in the robot's own control systems, actuators, motion control, path planning, or execution cause it to move or actuate incorrectly—producing unintended physical actions—irrespective of whether humans are present (hazards arising specifically from operating around people, when the robot is otherwise functioning as designed, are covered under ""Human-Robot Physical Safety Failure"").",인지·추론 지연 급증,인지 또는 모델 추론의 지연 급증이 안전 반응 창 밖에서 위험 감지 및 반응을 지연하는 위험.,The risk that a sudden delay in perception or inference slows safety-critical robot reactions.,"General 영역으로 이동, 적합한 L3와 매핑할 것"
시스템,P_SYS_CONTROL,안전하지 않은 물리 제어·구동,"로봇 자체의 제어 시스템·액추에이터·모션 제어·경로 계획·실행의 결함으로 로봇이 잘못 움직이거나 구동하여, 사람의 존재 여부와 무관하게 의도하지 않은 물리 행동을 일으키는 리스크 (로봇이 정상적으로 작동하더라도 사람 주변에서 작동함으로 인해 발생하는 위험은 ""Human-Robot Physical Safety Failure""에서 다룸).","The risk that faults in the robot's own control systems, actuators, motion control, path planning, or execution cause it to move or actuate incorrectly—producing unintended physical actions—irrespective of whether humans are present (hazards arising specifically from operating around people, when the robot is otherwise functioning as designed, are covered under ""Human-Robot Physical Safety Failure"").",로봇 오작동에 의한 물리적 상해,"로봇의 센서, 제어기, 소프트웨어 또는 기계 구성 요소가 오작동하여 예기치 않은 움직임, 충돌, 압착 또는 낙하를 일으키고 사람에게 신체적 상해를 초래하는 리스크.","The risk that malfunction of a robot's sensors, controller, software, or mechanical components causes unexpected motion, collision, crushing, or falling and results in physical injury.",(유지)
시스템,P_SYS_CONTROL,안전하지 않은 물리 제어·구동,"로봇 자체의 제어 시스템·액추에이터·모션 제어·경로 계획·실행의 결함으로 로봇이 잘못 움직이거나 구동하여, 사람의 존재 여부와 무관하게 의도하지 않은 물리 행동을 일으키는 리스크 (로봇이 정상적으로 작동하더라도 사람 주변에서 작동함으로 인해 발생하는 위험은 ""Human-Robot Physical Safety Failure""에서 다룸).","The risk that faults in the robot's own control systems, actuators, motion control, path planning, or execution cause it to move or actuate incorrectly—producing unintended physical actions—irrespective of whether humans are present (hazards arising specifically from operating around people, when the robot is otherwise functioning as designed, are covered under ""Human-Robot Physical Safety Failure"").",조기 물체 해제,"로봇이 안전한 자세 또는 표면에 도달하기 전에 물체를 해제하여 낙하, 유출, 충격, 또는 2차 위험을 유발하는 리스크.","The risk that a robot releases an object before reaching a safe pose or surface, causing drops, spills, impacts, or secondary hazards.",(유지)
시스템,P_SYS_CONTROL,안전하지 않은 물리 제어·구동,"로봇 자체의 제어 시스템·액추에이터·모션 제어·경로 계획·실행의 결함으로 로봇이 잘못 움직이거나 구동하여, 사람의 존재 여부와 무관하게 의도하지 않은 물리 행동을 일으키는 리스크 (로봇이 정상적으로 작동하더라도 사람 주변에서 작동함으로 인해 발생하는 위험은 ""Human-Robot Physical Safety Failure""에서 다룸).","The risk that faults in the robot's own control systems, actuators, motion control, path planning, or execution cause it to move or actuate incorrectly—producing unintended physical actions—irrespective of whether humans are present (hazards arising specifically from operating around people, when the robot is otherwise functioning as designed, are covered under ""Human-Robot Physical Safety Failure"").",친밀 공간 로봇의 프라이버시 침해적 정보 수집,"가정·병원·학교·직장·돌봄 환경에서 작동하는 로봇이 유효한 동의나 적절한 접근 통제 없이 거주자·이용자의 일상, 음성, 얼굴, 신체, 건강, 위치, 행동 데이터를 기록·저장·전송·노출하여, 프라이버시 기대가 높은 공간에서 사생활을 침해하는 리스크.","The risk that robots operating in homes, hospitals, schools, workplaces, and care settings record, store, transmit, or expose people's routines, voice, face, body, health, location, or behavioral data without valid consent or adequate access control, violating heightened privacy expectations.",(유지)
시스템,P_SYS_CONTROL,안전하지 않은 물리 제어·구동,"로봇 자체의 제어 시스템·액추에이터·모션 제어·경로 계획·실행의 결함으로 로봇이 잘못 움직이거나 구동하여, 사람의 존재 여부와 무관하게 의도하지 않은 물리 행동을 일으키는 리스크 (로봇이 정상적으로 작동하더라도 사람 주변에서 작동함으로 인해 발생하는 위험은 ""Human-Robot Physical Safety Failure""에서 다룸).","The risk that faults in the robot's own control systems, actuators, motion control, path planning, or execution cause it to move or actuate incorrectly—producing unintended physical actions—irrespective of whether humans are present (hazards arising specifically from operating around people, when the robot is otherwise functioning as designed, are covered under ""Human-Robot Physical Safety Failure"").",실시간 지연 및 동기화 실패,"감지, 추론, 통신, 작동 간 지연으로 인해서 로봇, 차량, 드론, 원격 수술, 산업 시스템의 제어 루프를 불안정하게 만드는 위험.","The risk that delays between sensing, reasoning, communication, and actuation can destabilize control loops in robots, vehicles, drones, or industrial systems.",(유지)
시스템,P_SYS_CONTROL,안전하지 않은 물리 제어·구동,"로봇 자체의 제어 시스템·액추에이터·모션 제어·경로 계획·실행의 결함으로 로봇이 잘못 움직이거나 구동하여, 사람의 존재 여부와 무관하게 의도하지 않은 물리 행동을 일으키는 리스크 (로봇이 정상적으로 작동하더라도 사람 주변에서 작동함으로 인해 발생하는 위험은 ""Human-Robot Physical Safety Failure""에서 다룸).","The risk that faults in the robot's own control systems, actuators, motion control, path planning, or execution cause it to move or actuate incorrectly—producing unintended physical actions—irrespective of whether humans are present (hazards arising specifically from operating around people, when the robot is otherwise functioning as designed, are covered under ""Human-Robot Physical Safety Failure"").",안전 제어 지연,안전 임계 제어 제약이 휴머노이드 동역학에 비해 너무 느리게 집행되어 비안전 동작이 가능해지는 위험.,"The risk that safety-critical control constraints are enforced too slowly relative to humanoid dynamics, allowing unsafe motion before mitigation takes effect.",(유지)
시스템,P_SYS_CONTROL,안전하지 않은 물리 제어·구동,"로봇 자체의 제어 시스템·액추에이터·모션 제어·경로 계획·실행의 결함으로 로봇이 잘못 움직이거나 구동하여, 사람의 존재 여부와 무관하게 의도하지 않은 물리 행동을 일으키는 리스크 (로봇이 정상적으로 작동하더라도 사람 주변에서 작동함으로 인해 발생하는 위험은 ""Human-Robot Physical Safety Failure""에서 다룸).","The risk that faults in the robot's own control systems, actuators, motion control, path planning, or execution cause it to move or actuate incorrectly—producing unintended physical actions—irrespective of whether humans are present (hazards arising specifically from operating around people, when the robot is otherwise functioning as designed, are covered under ""Human-Robot Physical Safety Failure"").",취약 사용자 특성에 맞지 않는 안전 한계,로봇이 조정된 보호 조치가 필요한 아동·고령자·장애인 등에게 일반적인 속도·힘·경고·상호 작용 설정을 그대로 적용하는 위험.,"The risk that a domestic robot applies generic speed, force, warning, or interaction settings to children, older adults, disabled users, or other users who require adapted safeguards.",(유지)
시스템,P_SYS_CONTROL,안전하지 않은 물리 제어·구동,"로봇 자체의 제어 시스템·액추에이터·모션 제어·경로 계획·실행의 결함으로 로봇이 잘못 움직이거나 구동하여, 사람의 존재 여부와 무관하게 의도하지 않은 물리 행동을 일으키는 리스크 (로봇이 정상적으로 작동하더라도 사람 주변에서 작동함으로 인해 발생하는 위험은 ""Human-Robot Physical Safety Failure""에서 다룸).","The risk that faults in the robot's own control systems, actuators, motion control, path planning, or execution cause it to move or actuate incorrectly—producing unintended physical actions—irrespective of whether humans are present (hazards arising specifically from operating around people, when the robot is otherwise functioning as designed, are covered under ""Human-Robot Physical Safety Failure"").",원격조작 휴머노이드 안전 재정의 실패,원격 조작 휴머노이드가 운영자 명령·네트워크 지연·상황 인식이 비안전해질 때 강건한 자율 안전 재정의를 갖추지 못하는 리스크.,"The risk that a teleoperated humanoid lacks robust autonomous safety overrides when operator commands, network latency, or situational awareness become unsafe.",(유지)
시스템,P_SYS_CONTROL,안전하지 않은 물리 제어·구동,"로봇 자체의 제어 시스템·액추에이터·모션 제어·경로 계획·실행의 결함으로 로봇이 잘못 움직이거나 구동하여, 사람의 존재 여부와 무관하게 의도하지 않은 물리 행동을 일으키는 리스크 (로봇이 정상적으로 작동하더라도 사람 주변에서 작동함으로 인해 발생하는 위험은 ""Human-Robot Physical Safety Failure""에서 다룸).","The risk that faults in the robot's own control systems, actuators, motion control, path planning, or execution cause it to move or actuate incorrectly—producing unintended physical actions—irrespective of whether humans are present (hazards arising specifically from operating around people, when the robot is otherwise functioning as designed, are covered under ""Human-Robot Physical Safety Failure"").",부하 시 열·전력 쓰로틀링,로봇·휴머노이드 또는 피지컬 AI 시스템의 지각·학습·제어·물리적 행동 과정이 지속적 부하 하에 서열적 또는 전력 한계가 연산을 쓰로 틀하여 제어 및 인지에 대한 실시간 보장을 무너뜨리는 위험.,The risk that a robot’s compute or actuator performance drops under heat or power constraints during operation.,(유지)
시스템,P_SYS_CONTROL,안전하지 않은 물리 제어·구동,"로봇 자체의 제어 시스템·액추에이터·모션 제어·경로 계획·실행의 결함으로 로봇이 잘못 움직이거나 구동하여, 사람의 존재 여부와 무관하게 의도하지 않은 물리 행동을 일으키는 리스크 (로봇이 정상적으로 작동하더라도 사람 주변에서 작동함으로 인해 발생하는 위험은 ""Human-Robot Physical Safety Failure""에서 다룸).","The risk that faults in the robot's own control systems, actuators, motion control, path planning, or execution cause it to move or actuate incorrectly—producing unintended physical actions—irrespective of whether humans are present (hazards arising specifically from operating around people, when the robot is otherwise functioning as designed, are covered under ""Human-Robot Physical Safety Failure"").",사고 전 위험 완화 책임 미지정,"로봇·휴머노이드 또는 피지컬 AI 시스템의 지각·학습·제어·물리적 행동 과정이 충돌, 압착, 낙하, 과도한 힘 또는 위험 구역 침범과 같은 물리적 위해를 배포 전후에 식별·완화할 책임 주체가 지정되지 않아 안전 조치가 누락되거나 지연되는 리스크.","The risk that the perception, learning, control, or physical action of a robot, humanoid, or physical AI system creates a condition in which no accountable party is designated to identify and mitigate physical hazards before and after deployment, including collision, crushing, falling, excessive force, or entry into hazardous zones, causing safeguards to be omitted or delayed.",(유지)
시스템,P_SYS_CONTROL,안전하지 않은 물리 제어·구동,"로봇 자체의 제어 시스템·액추에이터·모션 제어·경로 계획·실행의 결함으로 로봇이 잘못 움직이거나 구동하여, 사람의 존재 여부와 무관하게 의도하지 않은 물리 행동을 일으키는 리스크 (로봇이 정상적으로 작동하더라도 사람 주변에서 작동함으로 인해 발생하는 위험은 ""Human-Robot Physical Safety Failure""에서 다룸).","The risk that faults in the robot's own control systems, actuators, motion control, path planning, or execution cause it to move or actuate incorrectly—producing unintended physical actions—irrespective of whether humans are present (hazards arising specifically from operating around people, when the robot is otherwise functioning as designed, are covered under ""Human-Robot Physical Safety Failure"").",가정 조작의 단계별 오차 미수정,로봇이 작업 단계 사이의 작은 조작 오차를 감지·수정하지 못해 유출·불안정한 배치·충돌·과열이 누적되는 위험.,"The risk that a household robot fails to detect and correct small manipulation errors between task steps, allowing spills, unstable placements, collisions, or overheating to accumulate.",(유지)
시스템,P_SYS_CONTROL,안전하지 않은 물리 제어·구동,"로봇 자체의 제어 시스템·액추에이터·모션 제어·경로 계획·실행의 결함으로 로봇이 잘못 움직이거나 구동하여, 사람의 존재 여부와 무관하게 의도하지 않은 물리 행동을 일으키는 리스크 (로봇이 정상적으로 작동하더라도 사람 주변에서 작동함으로 인해 발생하는 위험은 ""Human-Robot Physical Safety Failure""에서 다룸).","The risk that faults in the robot's own control systems, actuators, motion control, path planning, or execution cause it to move or actuate incorrectly—producing unintended physical actions—irrespective of whether humans are present (hazards arising specifically from operating around people, when the robot is otherwise functioning as designed, are covered under ""Human-Robot Physical Safety Failure"").",오픈월드 휴머노이드 조작의 과소대표,휴머노이드 조작 데이터셋이 오픈 월드 배포에 필요한 비정형 작업 변화·낯선 물체·움직이는 사람·환경 변화를 충분히 포함하지 못하는 위험.,"The risk that a humanoid manipulation dataset lacks unscripted task changes, unfamiliar objects, moving people, and environmental variation required for openworld deployment.",(유지)
시스템,P_SYS_CONTROL,안전하지 않은 물리 제어·구동,"로봇 자체의 제어 시스템·액추에이터·모션 제어·경로 계획·실행의 결함으로 로봇이 잘못 움직이거나 구동하여, 사람의 존재 여부와 무관하게 의도하지 않은 물리 행동을 일으키는 리스크 (로봇이 정상적으로 작동하더라도 사람 주변에서 작동함으로 인해 발생하는 위험은 ""Human-Robot Physical Safety Failure""에서 다룸).","The risk that faults in the robot's own control systems, actuators, motion control, path planning, or execution cause it to move or actuate incorrectly—producing unintended physical actions—irrespective of whether humans are present (hazards arising specifically from operating around people, when the robot is otherwise functioning as designed, are covered under ""Human-Robot Physical Safety Failure"").",이동형 로봇 감시를 통한 일방적 작업장 통제,"고용주가 동료 로봇을 이동형 감시 노드로 전용하고 충분한 고지, 이의 제기, 비례성 제한 없이 데이터를 수집하고, 수집된 데이터를 이용하여 노동자에 대한 일방적인 의사 결정으로 사용하는 위험.","The risk that an employer repurposes co-worker robots as mobile surveillance nodes and uses the resulting data to make unilateral decisions about workers without meaningful notice, contestation, or proportionality limits.",(유지)
시스템,P_SYS_CONTROL,안전하지 않은 물리 제어·구동,"로봇 자체의 제어 시스템·액추에이터·모션 제어·경로 계획·실행의 결함으로 로봇이 잘못 움직이거나 구동하여, 사람의 존재 여부와 무관하게 의도하지 않은 물리 행동을 일으키는 리스크 (로봇이 정상적으로 작동하더라도 사람 주변에서 작동함으로 인해 발생하는 위험은 ""Human-Robot Physical Safety Failure""에서 다룸).","The risk that faults in the robot's own control systems, actuators, motion control, path planning, or execution cause it to move or actuate incorrectly—producing unintended physical actions—irrespective of whether humans are present (hazards arising specifically from operating around people, when the robot is otherwise functioning as designed, are covered under ""Human-Robot Physical Safety Failure"").",원격 조작 시연에서 학습된 안전하지 않은 가정,로봇 정책이 감독·물체 배치·속도·인간 근접 조건이 다른데도 통제된 환경에서 기록된 운영자 행동을 배포 환경에서 안전한 것으로 간주하는 위험.,"The risk that a robot policy treats operator behavior recorded in controlled settings as safe in deployment, even when supervision, object layout, speed, or human proximity differs.",(유지)
시스템,P_SYS_CONTROL,안전하지 않은 물리 제어·구동,"로봇 자체의 제어 시스템·액추에이터·모션 제어·경로 계획·실행의 결함으로 로봇이 잘못 움직이거나 구동하여, 사람의 존재 여부와 무관하게 의도하지 않은 물리 행동을 일으키는 리스크 (로봇이 정상적으로 작동하더라도 사람 주변에서 작동함으로 인해 발생하는 위험은 ""Human-Robot Physical Safety Failure""에서 다룸).","The risk that faults in the robot's own control systems, actuators, motion control, path planning, or execution cause it to move or actuate incorrectly—producing unintended physical actions—irrespective of whether humans are present (hazards arising specifically from operating around people, when the robot is otherwise functioning as designed, are covered under ""Human-Robot Physical Safety Failure"").",이동형 양팔 로봇의 안전하지 않은 조작,"이동형 양팔 로봇이 베이스 이동과 양팔 조작을 동기화하지 못하거나 주변 사람, 깨지기 쉬운 물체, 가전, 협소한 공간을 고려하지 않고 동작을 계획하여, 충돌, 물체 낙하·손상, 안전하지 않은 힘인가를 유발하는 리스크.","The risk that a mobile bimanual robot fails to synchronize base motion with two-arm manipulation or plans motion without accounting for nearby people, fragile objects, appliances, and constrained space, causing collision, object drop or damage, or unsafe force application.",(유지)
시스템,P_SYS_CONTROL,안전하지 않은 물리 제어·구동,"로봇 자체의 제어 시스템·액추에이터·모션 제어·경로 계획·실행의 결함으로 로봇이 잘못 움직이거나 구동하여, 사람의 존재 여부와 무관하게 의도하지 않은 물리 행동을 일으키는 리스크 (로봇이 정상적으로 작동하더라도 사람 주변에서 작동함으로 인해 발생하는 위험은 ""Human-Robot Physical Safety Failure""에서 다룸).","The risk that faults in the robot's own control systems, actuators, motion control, path planning, or execution cause it to move or actuate incorrectly—producing unintended physical actions—irrespective of whether humans are present (hazards arising specifically from operating around people, when the robot is otherwise functioning as designed, are covered under ""Human-Robot Physical Safety Failure"").",위험한 로봇 작업계획에 따른 물리 제어 실패,로봇 또는 피지컬 AI 시스템이 식별 가능한 물리적 위험이나 안전 제약을 포함한 작업 계획을 생성·승인하고 이를 모션 계획과 구동으로 실행하여 의도하지 않은 위험 동작을 일으키는 리스크.,"The risk that a robot or physical AI system generates or approves a task plan containing identifiable physical hazards or violated safety constraints and executes it through motion planning and actuation, causing unintended and unsafe physical action.",(유지)
시스템,P_SYS_CONTROL,안전하지 않은 물리 제어·구동,"로봇 자체의 제어 시스템·액추에이터·모션 제어·경로 계획·실행의 결함으로 로봇이 잘못 움직이거나 구동하여, 사람의 존재 여부와 무관하게 의도하지 않은 물리 행동을 일으키는 리스크 (로봇이 정상적으로 작동하더라도 사람 주변에서 작동함으로 인해 발생하는 위험은 ""Human-Robot Physical Safety Failure""에서 다룸).","The risk that faults in the robot's own control systems, actuators, motion control, path planning, or execution cause it to move or actuate incorrectly—producing unintended physical actions—irrespective of whether humans are present (hazards arising specifically from operating around people, when the robot is otherwise functioning as designed, are covered under ""Human-Robot Physical Safety Failure"").",로봇 형태 간 기술의 안전하지 않은 전이,"한 로봇 형태에서 다른 형태로 전이된 기술이 대상 로봇의 물리적 한계를 넘는 도달, 힘, 파지, 이동 명령을 생성하는 위험.","The risk that a skill transferred from one robot morphology produces reach, force, grasp, or locomotion commands that exceed the receiving robot's physical limits.",(유지)
시스템,P_SYS_CONTROL,안전하지 않은 물리 제어·구동,"로봇 자체의 제어 시스템·액추에이터·모션 제어·경로 계획·실행의 결함으로 로봇이 잘못 움직이거나 구동하여, 사람의 존재 여부와 무관하게 의도하지 않은 물리 행동을 일으키는 리스크 (로봇이 정상적으로 작동하더라도 사람 주변에서 작동함으로 인해 발생하는 위험은 ""Human-Robot Physical Safety Failure""에서 다룸).","The risk that faults in the robot's own control systems, actuators, motion control, path planning, or execution cause it to move or actuate incorrectly—producing unintended physical actions—irrespective of whether humans are present (hazards arising specifically from operating around people, when the robot is otherwise functioning as designed, are covered under ""Human-Robot Physical Safety Failure"").",비안전 궤적 생성,로봇·휴머노이드 또는 피지컬 AI 시스템의 지각·학습·제어·물리적 행동 과정이 플래너가 형식적으로는 실행 가능하지만 주변 인간·취약 물체·교통 참여자·인프라에 비안전한 궤적을 생성하는 위험.,"The risk that a robot, humanoid, or physical AI system, through perception, learning, control, or physical action, creates a condition in which a planner may generate a trajectory that is formally feasible but unsafe for nearby humans, fragile objects, traffic participants, or constrained workspaces.",(유지)
시스템,P_SYS_CONTROL,안전하지 않은 물리 제어·구동,"로봇 자체의 제어 시스템·액추에이터·모션 제어·경로 계획·실행의 결함으로 로봇이 잘못 움직이거나 구동하여, 사람의 존재 여부와 무관하게 의도하지 않은 물리 행동을 일으키는 리스크 (로봇이 정상적으로 작동하더라도 사람 주변에서 작동함으로 인해 발생하는 위험은 ""Human-Robot Physical Safety Failure""에서 다룸).","The risk that faults in the robot's own control systems, actuators, motion control, path planning, or execution cause it to move or actuate incorrectly—producing unintended physical actions—irrespective of whether humans are present (hazards arising specifically from operating around people, when the robot is otherwise functioning as designed, are covered under ""Human-Robot Physical Safety Failure"").",배포 조건 간 휴머노이드 행동 불안정,한 시뮬레이터나 시험 조건에서 안정적인 휴머노이드 정책이 난 수 시드·시뮬레이터·하드웨어·배포 환경이 바뀌면 행동이 크게 달라지는 위험.,"The risk that a humanoid policy that is stable in one simulator or test setting changes materially across random seeds, simulators, hardware, or deployment environments.",(유지)
시스템,P_SYS_CONTROL,안전하지 않은 물리 제어·구동,"로봇 자체의 제어 시스템·액추에이터·모션 제어·경로 계획·실행의 결함으로 로봇이 잘못 움직이거나 구동하여, 사람의 존재 여부와 무관하게 의도하지 않은 물리 행동을 일으키는 리스크 (로봇이 정상적으로 작동하더라도 사람 주변에서 작동함으로 인해 발생하는 위험은 ""Human-Robot Physical Safety Failure""에서 다룸).","The risk that faults in the robot's own control systems, actuators, motion control, path planning, or execution cause it to move or actuate incorrectly—producing unintended physical actions—irrespective of whether humans are present (hazards arising specifically from operating around people, when the robot is otherwise functioning as designed, are covered under ""Human-Robot Physical Safety Failure"").",VLA 조작 제약 위반,비전-언어-행동 모델이 고수준 안전 지시를 따르면서도 물체 조작 중 작업별 피지컬 제약을 위반하는 리스크.,The risk that a vision-language-action model violates task-specific physical constraints during object manipulation despite high-level instruction compliance.,(유지)
시스템,P_SYS_CONTROL,안전하지 않은 물리 제어·구동,"로봇 자체의 제어 시스템·액추에이터·모션 제어·경로 계획·실행의 결함으로 로봇이 잘못 움직이거나 구동하여, 사람의 존재 여부와 무관하게 의도하지 않은 물리 행동을 일으키는 리스크 (로봇이 정상적으로 작동하더라도 사람 주변에서 작동함으로 인해 발생하는 위험은 ""Human-Robot Physical Safety Failure""에서 다룸).","The risk that faults in the robot's own control systems, actuators, motion control, path planning, or execution cause it to move or actuate incorrectly—producing unintended physical actions—irrespective of whether humans are present (hazards arising specifically from operating around people, when the robot is otherwise functioning as designed, are covered under ""Human-Robot Physical Safety Failure"").",제로샷 시뮬레이션-현실 보행 불안정,시뮬레이션에서 바로 전이된 로봇의 보행 제어기가 접촉·순응성·마찰·외 란 동 역학의 차이로 실제 하드웨어에서 불안정해지는 위험.,"The risk that a robot, humanoid, or physical AI system, through perception, learning, control, or physical action, creates a condition in which a locomotion controller transferred directly from simulation becomes unstable on hardware because contact, compliance, friction, or disturbance dynamics differ from the simulation.",(유지)
시스템,P_SYS_HARDWARE,하드웨어·기계 무결성 결함,기계·구동·센서 하드웨어 부품 자체의 물리적 파손·마모·열화·제조 결함(인식이나 의사결정 로직의 오류와 구별됨)으로 동작 정밀도나 신뢰성이 저하되어 안전하지 않은 동작과 물리적 사고로 이어지는 리스크.,"The risk that the physical breakage, wear, degradation, or manufacturing defect of mechanical, actuation, or sensor hardware components—as distinct from errors in perception or decision logic—reduces accuracy or reliability, leading to unsafe behavior and physical accidents.",환경 유발 결함 변이,로봇·휴머노이드 또는 피지컬 AI 시스템의 지각·학습·제어·물리적 행동 과정이 제조 결함이나 우주선(cosmic ray)에 의한 비트 반전 등 배포 후 환경 요인이 지능 시스템 내부를 변화시켜 의도되지 않은 행동 변이를 일으키는 리스크.,"The risk that post-deployment environmental effects such as manufacturing defects or cosmicray bit flips alter an intelligent system's internals, producing unintended behavioral modification.",(유지)
시스템,P_SYS_HARDWARE,하드웨어·기계 무결성 결함,기계·구동·센서 하드웨어 부품 자체의 물리적 파손·마모·열화·제조 결함(인식이나 의사결정 로직의 오류와 구별됨)으로 동작 정밀도나 신뢰성이 저하되어 안전하지 않은 동작과 물리적 사고로 이어지는 리스크.,"The risk that the physical breakage, wear, degradation, or manufacturing defect of mechanical, actuation, or sensor hardware components—as distinct from errors in perception or decision logic—reduces accuracy or reliability, leading to unsafe behavior and physical accidents.",하드웨어 결함에 의한 실행 오류,"로봇의 하드웨어 결함이 제어 흐름 위반, 메모리 오류, 센서 입력 간섭, 또는 출력 손상 등을 통해 알고리즘의 올바른 실행을 훼손하고 잘못된 결과를 야기하는 리스크.","The risk that faults in the hardware violate the correct execution of an algorithm through control-flow violations, memorybased errors, interference with data inputs such as sensor signals, or damaged outputs, causing erroneous results.",(유지)
시스템,P_SYS_HARDWARE,하드웨어·기계 무결성 결함,기계·구동·센서 하드웨어 부품 자체의 물리적 파손·마모·열화·제조 결함(인식이나 의사결정 로직의 오류와 구별됨)으로 동작 정밀도나 신뢰성이 저하되어 안전하지 않은 동작과 물리적 사고로 이어지는 리스크.,"The risk that the physical breakage, wear, degradation, or manufacturing defect of mechanical, actuation, or sensor hardware components—as distinct from errors in perception or decision logic—reduces accuracy or reliability, leading to unsafe behavior and physical accidents.",배포 후 변경에 대한 안전 재평가 실패,환경 변화·부품 열화·모델 업데이트·아차 사고로 기존 안전 가정이 무효화됐는데도 운영자가 안전성을 재평가하지 않고 운용을 계속하는 위험.,"The risk that operators continue deployment without reassessing safety after environmental changes, component degradation, model updates, or near-miss incidents invalidate prior assumptions.",(유지)
시스템,P_SYS_HARDWARE,하드웨어·기계 무결성 결함,기계·구동·센서 하드웨어 부품 자체의 물리적 파손·마모·열화·제조 결함(인식이나 의사결정 로직의 오류와 구별됨)으로 동작 정밀도나 신뢰성이 저하되어 안전하지 않은 동작과 물리적 사고로 이어지는 리스크.,"The risk that the physical breakage, wear, degradation, or manufacturing defect of mechanical, actuation, or sensor hardware components—as distinct from errors in perception or decision logic—reduces accuracy or reliability, leading to unsafe behavior and physical accidents.",온디바이스 연산·메모리 고갈,"로봇에 부착된 온 디바이스의 연산 또는 메모리 고갈이 안전 임계치인지, 계획, 모니터링을 저하하거나 중단시키는 위험.","The risk that the perception, learning, control, or physical action of a robot, humanoid, or physical AI system creates a condition in which on-device compute or memory runs out and degrades safety-relevant perception, planning, or control.",(유지)
시스템,P_SYS_HARDWARE,하드웨어·기계 무결성 결함,기계·구동·센서 하드웨어 부품 자체의 물리적 파손·마모·열화·제조 결함(인식이나 의사결정 로직의 오류와 구별됨)으로 동작 정밀도나 신뢰성이 저하되어 안전하지 않은 동작과 물리적 사고로 이어지는 리스크.,"The risk that the physical breakage, wear, degradation, or manufacturing defect of mechanical, actuation, or sensor hardware components—as distinct from errors in perception or decision logic—reduces accuracy or reliability, leading to unsafe behavior and physical accidents.",무해 미세조정에 의한 안전성 열화,무해하고 통상적인 데이터로 수행된 하류 미세 조정이 로봇의 내장 모델의 안전 학습을 열화시켜 기반 모델보다 유해 출력 확률을 높이는 리스크.,"The risk that benign downstream fine-tuning degrades a model's safety training, making harmful outputs more likely than in the base model even when fine-tuning data is harmless and commonplace.",(유지)
시스템,P_SYS_STATE,물리 상태 추정·센서 융합 실패,"체화형 시스템이 위치·자세·운동·접촉·힘·공간 지도 등 자신 또는 환경의 물리 상태를 올바르게 추정하지 못하거나, 이질적인 물리 센서 스트림(비전·LiDAR·관성·촉각·고유수용성 등)을 신뢰성 있게 융합하지 못해 부정확한 내부 모델을 형성하고 안전하지 않은 물리 행동으로 이어지는 리스크 (물체·장면의 의미적 오인식은 General AI ""Input Comprehension Failure"", 적대적·잡음 입력은 ""Security and Adversarial Robustness Failure"", 센서 부품의 물리적 고장은 ""Hardware and Mechanical Integrity Failure""에서 다룸).","The risk that an embodied system fails to correctly estimate its own or its environment's physical state—such as localization, pose, motion, contact, force, or spatial mapping—or fails to reliably fuse heterogeneous physical sensor streams (e.g., vision, LiDAR, inertial, tactile, proprioceptive), producing an inaccurate internal model that leads to unsafe physical action (semantic misperception of objects or scenes is covered under General AI ""Input Comprehension Failure""; adversarial or noisy inputs under ""Security and Adversarial Robustness Failure""; physical breakage of sensor components under ""Hardware and Mechanical Integrity Failure"").",악천후 인지 실패,로봇·휴머노이드 또는 피지컬 AI 시스템의 지각·학습·제어·물리적 행동 과정이 비·안개·눈부심·먼지·연기·저조도가카메라·라이다·레이더·촉각·오디오 인지를 저하시켜 비안전 행동을 유발하는 위험.,"The risk that a robot, humanoid, or physical AI system, through perception, learning, control, or physical action, creates a condition in which rain, fog, glare, dust, smoke, or low light may degrade cameras, LiDAR, radar, tactile sensors, or audio perception, weakening real-time situational awareness.",(jw) 제거
시스템,P_SYS_STATE,물리 상태 추정·센서 융합 실패,"체화형 시스템이 위치·자세·운동·접촉·힘·공간 지도 등 자신 또는 환경의 물리 상태를 올바르게 추정하지 못하거나, 이질적인 물리 센서 스트림(비전·LiDAR·관성·촉각·고유수용성 등)을 신뢰성 있게 융합하지 못해 부정확한 내부 모델을 형성하고 안전하지 않은 물리 행동으로 이어지는 리스크 (물체·장면의 의미적 오인식은 General AI ""Input Comprehension Failure"", 적대적·잡음 입력은 ""Security and Adversarial Robustness Failure"", 센서 부품의 물리적 고장은 ""Hardware and Mechanical Integrity Failure""에서 다룸).","The risk that an embodied system fails to correctly estimate its own or its environment's physical state—such as localization, pose, motion, contact, force, or spatial mapping—or fails to reliably fuse heterogeneous physical sensor streams (e.g., vision, LiDAR, inertial, tactile, proprioceptive), producing an inaccurate internal model that leads to unsafe physical action (semantic misperception of objects or scenes is covered under General AI ""Input Comprehension Failure""; adversarial or noisy inputs under ""Security and Adversarial Robustness Failure""; physical breakage of sensor components under ""Hardware and Mechanical Integrity Failure"").",장기 계획의 월드모델 상태 예측 오차 누적,피지컬 AI 시스템의 월드 모델이 장기 계획 과정에서 물리 상태 예측 오차를 누적하여 접촉·운동 상태를 잘못 추정하고 안전하지 않은 물리 행동으로 이어지는 리스크.,"The risk that a physical AI system's world model accumulates physical-state prediction errors during long-horizon planning, misestimates contact or motion states, and leads to unsafe physical action.",(유지)
시스템,P_SYS_STATE,물리 상태 추정·센서 융합 실패,"체화형 시스템이 위치·자세·운동·접촉·힘·공간 지도 등 자신 또는 환경의 물리 상태를 올바르게 추정하지 못하거나, 이질적인 물리 센서 스트림(비전·LiDAR·관성·촉각·고유수용성 등)을 신뢰성 있게 융합하지 못해 부정확한 내부 모델을 형성하고 안전하지 않은 물리 행동으로 이어지는 리스크 (물체·장면의 의미적 오인식은 General AI ""Input Comprehension Failure"", 적대적·잡음 입력은 ""Security and Adversarial Robustness Failure"", 센서 부품의 물리적 고장은 ""Hardware and Mechanical Integrity Failure""에서 다룸).","The risk that an embodied system fails to correctly estimate its own or its environment's physical state—such as localization, pose, motion, contact, force, or spatial mapping—or fails to reliably fuse heterogeneous physical sensor streams (e.g., vision, LiDAR, inertial, tactile, proprioceptive), producing an inaccurate internal model that leads to unsafe physical action (semantic misperception of objects or scenes is covered under General AI ""Input Comprehension Failure""; adversarial or noisy inputs under ""Security and Adversarial Robustness Failure""; physical breakage of sensor components under ""Hardware and Mechanical Integrity Failure"").",접촉 조작 힘 감지 실패,로봇·휴머노이드 또는 피지컬 AI 시스템의 지각·학습·제어·물리적 행동 과정이 접촉 집약 조작 정책이 힘·촉각·오디오·시각 단서를 올바르게 사용하지 못하여 비안전 압력·파지·이동을 유발하는 리스크.,"The risk that a robot, humanoid, or physical AI system, through perception, learning, control, or physical action, creates a condition in which a contact-rich manipulation policy fails to correctly use force, tactile, audio, or visual cues, creating unsafe pressure, impact, or object damage.",(유지)
시스템,P_SYS_STATE,물리 상태 추정·센서 융합 실패,"체화형 시스템이 위치·자세·운동·접촉·힘·공간 지도 등 자신 또는 환경의 물리 상태를 올바르게 추정하지 못하거나, 이질적인 물리 센서 스트림(비전·LiDAR·관성·촉각·고유수용성 등)을 신뢰성 있게 융합하지 못해 부정확한 내부 모델을 형성하고 안전하지 않은 물리 행동으로 이어지는 리스크 (물체·장면의 의미적 오인식은 General AI ""Input Comprehension Failure"", 적대적·잡음 입력은 ""Security and Adversarial Robustness Failure"", 센서 부품의 물리적 고장은 ""Hardware and Mechanical Integrity Failure""에서 다룸).","The risk that an embodied system fails to correctly estimate its own or its environment's physical state—such as localization, pose, motion, contact, force, or spatial mapping—or fails to reliably fuse heterogeneous physical sensor streams (e.g., vision, LiDAR, inertial, tactile, proprioceptive), producing an inaccurate internal model that leads to unsafe physical action (semantic misperception of objects or scenes is covered under General AI ""Input Comprehension Failure""; adversarial or noisy inputs under ""Security and Adversarial Robustness Failure""; physical breakage of sensor components under ""Hardware and Mechanical Integrity Failure"").",피지컬 AI 사고 보고·조사 미흡,"피지컬 AI 사고가 아차 사고·시스템 맥락·원인 요인·시정 조치를 포괄하는 표준화된 체계로 보고되지 않고, 로그 보존, 기여 원인 규명, 시정 조치 책임자 지정과 재발 방지 검증을 갖춘 조사도 이루어지지 않아, 동일한 피해가 반복되는 리스크.","The risk that physical AI incidents are neither reported through a standardized schema covering near misses, system context, causal factors, and corrective actions, nor investigated with preserved logs, identified contributing causes, assigned corrective-action owners, and verified remediation, so recurrence goes unprevented.","General 영역으로 이동, 적합한 L3와 매핑할 것"
시스템,P_SYS_STATE,물리 상태 추정·센서 융합 실패,"체화형 시스템이 위치·자세·운동·접촉·힘·공간 지도 등 자신 또는 환경의 물리 상태를 올바르게 추정하지 못하거나, 이질적인 물리 센서 스트림(비전·LiDAR·관성·촉각·고유수용성 등)을 신뢰성 있게 융합하지 못해 부정확한 내부 모델을 형성하고 안전하지 않은 물리 행동으로 이어지는 리스크 (물체·장면의 의미적 오인식은 General AI ""Input Comprehension Failure"", 적대적·잡음 입력은 ""Security and Adversarial Robustness Failure"", 센서 부품의 물리적 고장은 ""Hardware and Mechanical Integrity Failure""에서 다룸).","The risk that an embodied system fails to correctly estimate its own or its environment's physical state—such as localization, pose, motion, contact, force, or spatial mapping—or fails to reliably fuse heterogeneous physical sensor streams (e.g., vision, LiDAR, inertial, tactile, proprioceptive), producing an inaccurate internal model that leads to unsafe physical action (semantic misperception of objects or scenes is covered under General AI ""Input Comprehension Failure""; adversarial or noisy inputs under ""Security and Adversarial Robustness Failure""; physical breakage of sensor components under ""Hardware and Mechanical Integrity Failure"").",가정 내 위험 상태 감지 지연,로봇·휴머노이드 또는 피지컬 AI 시스템이 가정 내 위험 상태를 제때 추정하지 못해 회피 또는 정지 판단이 지연되고 안전하지 않은 물리 행동으로 이어지는 리스크.,"The risk that a robot, humanoid, or physical AI system fails to estimate a hazardous household state in time, delaying avoidance or stopping decisions and leading to unsafe physical action.",(유지)
시스템,P_SYS_STATE,물리 상태 추정·센서 융합 실패,"체화형 시스템이 위치·자세·운동·접촉·힘·공간 지도 등 자신 또는 환경의 물리 상태를 올바르게 추정하지 못하거나, 이질적인 물리 센서 스트림(비전·LiDAR·관성·촉각·고유수용성 등)을 신뢰성 있게 융합하지 못해 부정확한 내부 모델을 형성하고 안전하지 않은 물리 행동으로 이어지는 리스크 (물체·장면의 의미적 오인식은 General AI ""Input Comprehension Failure"", 적대적·잡음 입력은 ""Security and Adversarial Robustness Failure"", 센서 부품의 물리적 고장은 ""Hardware and Mechanical Integrity Failure""에서 다룸).","The risk that an embodied system fails to correctly estimate its own or its environment's physical state—such as localization, pose, motion, contact, force, or spatial mapping—or fails to reliably fuse heterogeneous physical sensor streams (e.g., vision, LiDAR, inertial, tactile, proprioceptive), producing an inaccurate internal model that leads to unsafe physical action (semantic misperception of objects or scenes is covered under General AI ""Input Comprehension Failure""; adversarial or noisy inputs under ""Security and Adversarial Robustness Failure""; physical breakage of sensor components under ""Hardware and Mechanical Integrity Failure"").",분포 이탈 입력에서의 월드모델 오출력 악용,"월드 모델이 분포를 벗어난 입력에 대해 예측 불가능하고 잘못된 출력을 산출하며, 판단이 가장 중요한 롱 테 일 안전 임계 상태에서 시뮬레이션-실제 격차가 악용되는 리스크.","The risk that world models produce unpredictable, erroneous outputs on out-of-distribution inputs and that the sim-to-real gap is weaponised in long-tail safety-critical states where decisions matter most.",(유지)
시스템,P_SYS_STATE,물리 상태 추정·센서 융합 실패,"체화형 시스템이 위치·자세·운동·접촉·힘·공간 지도 등 자신 또는 환경의 물리 상태를 올바르게 추정하지 못하거나, 이질적인 물리 센서 스트림(비전·LiDAR·관성·촉각·고유수용성 등)을 신뢰성 있게 융합하지 못해 부정확한 내부 모델을 형성하고 안전하지 않은 물리 행동으로 이어지는 리스크 (물체·장면의 의미적 오인식은 General AI ""Input Comprehension Failure"", 적대적·잡음 입력은 ""Security and Adversarial Robustness Failure"", 센서 부품의 물리적 고장은 ""Hardware and Mechanical Integrity Failure""에서 다룸).","The risk that an embodied system fails to correctly estimate its own or its environment's physical state—such as localization, pose, motion, contact, force, or spatial mapping—or fails to reliably fuse heterogeneous physical sensor streams (e.g., vision, LiDAR, inertial, tactile, proprioceptive), producing an inaccurate internal model that leads to unsafe physical action (semantic misperception of objects or scenes is covered under General AI ""Input Comprehension Failure""; adversarial or noisy inputs under ""Security and Adversarial Robustness Failure""; physical breakage of sensor components under ""Hardware and Mechanical Integrity Failure"").",피지컬 AI의 사적 공간 침해와 지속적 민감정보 수집,"로봇의 센서, 이동성, 지도화 기능이 가정·사업장 등 사적 공간의 영상, 음성, 위치, 행동 정보를 지속적으로 수집·추론하여 프라이버시와 정보 자기 결정권을 침해하는 리스크.","The risk that robot sensors, mobility, and mapping continuously capture or infer video, audio, location, or behavioural information in homes, workplaces, or other private spaces, infringing privacy and informational self-determination.",(유지)
시스템,P_SYS_STATE,물리 상태 추정·센서 융합 실패,"체화형 시스템이 위치·자세·운동·접촉·힘·공간 지도 등 자신 또는 환경의 물리 상태를 올바르게 추정하지 못하거나, 이질적인 물리 센서 스트림(비전·LiDAR·관성·촉각·고유수용성 등)을 신뢰성 있게 융합하지 못해 부정확한 내부 모델을 형성하고 안전하지 않은 물리 행동으로 이어지는 리스크 (물체·장면의 의미적 오인식은 General AI ""Input Comprehension Failure"", 적대적·잡음 입력은 ""Security and Adversarial Robustness Failure"", 센서 부품의 물리적 고장은 ""Hardware and Mechanical Integrity Failure""에서 다룸).","The risk that an embodied system fails to correctly estimate its own or its environment's physical state—such as localization, pose, motion, contact, force, or spatial mapping—or fails to reliably fuse heterogeneous physical sensor streams (e.g., vision, LiDAR, inertial, tactile, proprioceptive), producing an inaccurate internal model that leads to unsafe physical action (semantic misperception of objects or scenes is covered under General AI ""Input Comprehension Failure""; adversarial or noisy inputs under ""Security and Adversarial Robustness Failure""; physical breakage of sensor components under ""Hardware and Mechanical Integrity Failure"").",위치 추정 누적 오차,로봇·휴머노이드 또는 피지컬 AI 시스템의 지각·학습·제어·물리적 행동 과정이 GPS·SLAM·관성 감지·지도 정렬 오차가 누적되어 시스템이 잘못된 위치 추정에 기반하여 행동하는 위험.,"The risk that a robot, humanoid, or physical AI system, through perception, learning, control, or physical action, creates a condition in which errors in GPS, SLAM, inertial sensing, or map alignment can accumulate until the system acts on an incorrect estimate of its own position.",(유지)
시스템,P_SYS_STATE,물리 상태 추정·센서 융합 실패,"체화형 시스템이 위치·자세·운동·접촉·힘·공간 지도 등 자신 또는 환경의 물리 상태를 올바르게 추정하지 못하거나, 이질적인 물리 센서 스트림(비전·LiDAR·관성·촉각·고유수용성 등)을 신뢰성 있게 융합하지 못해 부정확한 내부 모델을 형성하고 안전하지 않은 물리 행동으로 이어지는 리스크 (물체·장면의 의미적 오인식은 General AI ""Input Comprehension Failure"", 적대적·잡음 입력은 ""Security and Adversarial Robustness Failure"", 센서 부품의 물리적 고장은 ""Hardware and Mechanical Integrity Failure""에서 다룸).","The risk that an embodied system fails to correctly estimate its own or its environment's physical state—such as localization, pose, motion, contact, force, or spatial mapping—or fails to reliably fuse heterogeneous physical sensor streams (e.g., vision, LiDAR, inertial, tactile, proprioceptive), producing an inaccurate internal model that leads to unsafe physical action (semantic misperception of objects or scenes is covered under General AI ""Input Comprehension Failure""; adversarial or noisy inputs under ""Security and Adversarial Robustness Failure""; physical breakage of sensor components under ""Hardware and Mechanical Integrity Failure"").",잠재 상태 압축에 따른 안전 임계 정보 손실,상태 압축이 휴머노이드의 안전한 계획에 필요한 접촉·충돌 근접·물체 불안정·인간 근접 정보를 제거하는 위험.,"The risk that state compression removes contact, near-collision, object-instability, or human-proximity information needed for safe humanoid planning.",(유지)
시스템,P_SYS_STATE,물리 상태 추정·센서 융합 실패,"체화형 시스템이 위치·자세·운동·접촉·힘·공간 지도 등 자신 또는 환경의 물리 상태를 올바르게 추정하지 못하거나, 이질적인 물리 센서 스트림(비전·LiDAR·관성·촉각·고유수용성 등)을 신뢰성 있게 융합하지 못해 부정확한 내부 모델을 형성하고 안전하지 않은 물리 행동으로 이어지는 리스크 (물체·장면의 의미적 오인식은 General AI ""Input Comprehension Failure"", 적대적·잡음 입력은 ""Security and Adversarial Robustness Failure"", 센서 부품의 물리적 고장은 ""Hardware and Mechanical Integrity Failure""에서 다룸).","The risk that an embodied system fails to correctly estimate its own or its environment's physical state—such as localization, pose, motion, contact, force, or spatial mapping—or fails to reliably fuse heterogeneous physical sensor streams (e.g., vision, LiDAR, inertial, tactile, proprioceptive), producing an inaccurate internal model that leads to unsafe physical action (semantic misperception of objects or scenes is covered under General AI ""Input Comprehension Failure""; adversarial or noisy inputs under ""Security and Adversarial Robustness Failure""; physical breakage of sensor components under ""Hardware and Mechanical Integrity Failure"").",다중 센서 융합 상충,로봇·휴머노이드 또는 피지컬 AI 시스템의 지각·학습·제어·물리적 행동 과정이 카메라·라이다·레이더·촉각·자기 수용 신호의 충돌이 불안정한 장면 추정 및 비안전 하위 행동을 초래하는 위험.,"The risk that a robot, humanoid, or physical AI system, through perception, learning, control, or physical action, creates a condition in which conflicting camera, LiDAR, radar, tactile, or proprioceptive signals may lead to unstable scene estimates and unsafe downstream control decisions.",(유지)
시스템,P_SYS_STATE,물리 상태 추정·센서 융합 실패,"체화형 시스템이 위치·자세·운동·접촉·힘·공간 지도 등 자신 또는 환경의 물리 상태를 올바르게 추정하지 못하거나, 이질적인 물리 센서 스트림(비전·LiDAR·관성·촉각·고유수용성 등)을 신뢰성 있게 융합하지 못해 부정확한 내부 모델을 형성하고 안전하지 않은 물리 행동으로 이어지는 리스크 (물체·장면의 의미적 오인식은 General AI ""Input Comprehension Failure"", 적대적·잡음 입력은 ""Security and Adversarial Robustness Failure"", 센서 부품의 물리적 고장은 ""Hardware and Mechanical Integrity Failure""에서 다룸).","The risk that an embodied system fails to correctly estimate its own or its environment's physical state—such as localization, pose, motion, contact, force, or spatial mapping—or fails to reliably fuse heterogeneous physical sensor streams (e.g., vision, LiDAR, inertial, tactile, proprioceptive), producing an inaccurate internal model that leads to unsafe physical action (semantic misperception of objects or scenes is covered under General AI ""Input Comprehension Failure""; adversarial or noisy inputs under ""Security and Adversarial Robustness Failure""; physical breakage of sensor components under ""Hardware and Mechanical Integrity Failure"").",가림에 의한 충돌,피지컬 AI 시스템이 가림으로 숨겨진 사람·동물·차량·장애물을 감지하지 못하여 비안전 동작을 유발하는 위험.,"The risk that a Physical AI system may fail to detect people, animals, vehicles, or obstacles hidden by occlusion, causing unsafe motion in shared physical space.",(유지)
시스템,P_SYS_STATE,물리 상태 추정·센서 융합 실패,"체화형 시스템이 위치·자세·운동·접촉·힘·공간 지도 등 자신 또는 환경의 물리 상태를 올바르게 추정하지 못하거나, 이질적인 물리 센서 스트림(비전·LiDAR·관성·촉각·고유수용성 등)을 신뢰성 있게 융합하지 못해 부정확한 내부 모델을 형성하고 안전하지 않은 물리 행동으로 이어지는 리스크 (물체·장면의 의미적 오인식은 General AI ""Input Comprehension Failure"", 적대적·잡음 입력은 ""Security and Adversarial Robustness Failure"", 센서 부품의 물리적 고장은 ""Hardware and Mechanical Integrity Failure""에서 다룸).","The risk that an embodied system fails to correctly estimate its own or its environment's physical state—such as localization, pose, motion, contact, force, or spatial mapping—or fails to reliably fuse heterogeneous physical sensor streams (e.g., vision, LiDAR, inertial, tactile, proprioceptive), producing an inaccurate internal model that leads to unsafe physical action (semantic misperception of objects or scenes is covered under General AI ""Input Comprehension Failure""; adversarial or noisy inputs under ""Security and Adversarial Robustness Failure""; physical breakage of sensor components under ""Hardware and Mechanical Integrity Failure"").",적대적 학습의 강건 과적합,로봇 정책의 적대적 훈련이 특정 센서 교란이나 시뮬레이션 조건에 과적합되어 실제 환경의 새로운 물리적 교란과 접촉 조건에서 안전 성능이 저하되는 리스크.,"The risk that adversarial training of a robot policy overfits to particular sensor perturbations or simulated conditions, reducing safety under novel physical disturbances and contact conditions in the real world.",(유지)
시스템,P_SYS_STATE,물리 상태 추정·센서 융합 실패,"체화형 시스템이 위치·자세·운동·접촉·힘·공간 지도 등 자신 또는 환경의 물리 상태를 올바르게 추정하지 못하거나, 이질적인 물리 센서 스트림(비전·LiDAR·관성·촉각·고유수용성 등)을 신뢰성 있게 융합하지 못해 부정확한 내부 모델을 형성하고 안전하지 않은 물리 행동으로 이어지는 리스크 (물체·장면의 의미적 오인식은 General AI ""Input Comprehension Failure"", 적대적·잡음 입력은 ""Security and Adversarial Robustness Failure"", 센서 부품의 물리적 고장은 ""Hardware and Mechanical Integrity Failure""에서 다룸).","The risk that an embodied system fails to correctly estimate its own or its environment's physical state—such as localization, pose, motion, contact, force, or spatial mapping—or fails to reliably fuse heterogeneous physical sensor streams (e.g., vision, LiDAR, inertial, tactile, proprioceptive), producing an inaccurate internal model that leads to unsafe physical action (semantic misperception of objects or scenes is covered under General AI ""Input Comprehension Failure""; adversarial or noisy inputs under ""Security and Adversarial Robustness Failure""; physical breakage of sensor components under ""Hardware and Mechanical Integrity Failure"").",세계 모델의 장기 예측 편차 누적,피지컬 AI 세계 모델의 예측 오차가 미래 상태 전개 과정에서 누적되어 선택된 계획이 실제 접촉·운동 동역학과 달라지는 위험.,"The risk that prediction errors in a physical AI world model compound across simulated future states, causing the selected plan to diverge from actual contact and motion dynamics.",(유지)
