L0_ID,L0_Title_ko,L0_Title_en,L1_ID,L1_Title_ko,L1_Title_en,L1_Description_ko,L1_Description_en,L2_ID,L2_Title_ko,L2_Title_en,L2_Description_ko,L2_Description_en,L3_ID,L3_Title_ko,L3_Title_en,L3_Description_ko,L3_Description_en,L4_ID,L4_Title_ko,L4_Title_en,L4_Description_ko,L4_Description_en,facet,act-type,Mapping_Method,EM_Score,EM_Margin,EM_Stability,EM_Anchor_Score,Hybrid_EM_Score,Hybrid_EM_Margin,L4_Keyword_1_ko,L4_Keyword_2_ko,L4_Keyword_3_ko,L4_Keyword_1_en,L4_Keyword_2_en,L4_Keyword_3_en,Keyword_Top_L3_ID,Keyword_Support_Score,Keyword_Semantic_Score,Keyword_Prior,Keyword_Evidence,Candidate_1_L3_ID,Candidate_1_EM_Score,Candidate_1_Hybrid_Score,Candidate_2_L3_ID,Candidate_2_EM_Score,Candidate_2_Hybrid_Score,KO_Top_L3_ID,EN_Top_L3_ID,HD_Reason,source_row_id,Source_Domain,Source_L4_ID,Source_L4_IDs,Source_Instruction_Prompt,Domain_Route_Basis,Transformation_Action,Transformation_Rationale,Terminology_Sources,Candidate_Constraint_Reason,Definition_L3_Anchor_ID,Definition_L3_Anchor_Score,Definition_Grounding_Action
L0_RAI,책임 있는 인공지능,Responsible AI,L1_P,피지컬 AI,Physical AI,로봇과 자율주행차를 포함하여 물리 세계를 인식하고 물리적 행동을 수행하는 체화형 또는 사이버물리 AI 시스템.,"Embodied or cyber-physical systems, including robots and autonomous vehicles, that perceive and act in the physical world.",P_INT,상호작용,Interaction,"AI 시스템이 사람, 다른 시스템, 조직 또는 환경과 소통하고 결정하거나 행동하는 과정에서 발생하는 리스크.","Risks arising when an AI system communicates, decides, acts, or interacts with people, other systems, organisations, or the environment.",P_INT_SAFETY,인간-로봇 물리 안전 실패,Human-Robot Physical Safety Failure,"사람과 공간을 공유하며 작동하는 체화형 시스템이 안전 이격 거리 유지, 사람의 움직임 예측, 안전한 협업 인계, 사람 감지 시 정지 등 사람의 존재와 행동을 충분히 감지·예측·수용하지 못하여, 자체 제어·구동이 정상 작동하는 경우에도 위험 상황을 초래하는 리스크.","The risk that an embodied system operating in shared spaces with people fails to adequately detect, anticipate, or accommodate human presence and behavior—such as maintaining safe separation, predicting human motion, executing safe collaborative handovers, or halting for humans—creating hazardous situations even when its own control and actuation function as designed.",P_INT_SAFETY_001,보조 로봇의 개입 시점 오류,Assistive robot intervention mistiming,보호 또는 보조 기능을 수행하는 휴머노이드가 지나치게 이르거나 늦은 시점 또는 부적절한 물리적 방식으로 개입하여 이용자와 주변인의 위험을 증가시키는 리스크.,"The risk that a protective or assistive humanoid intervenes too early, too late, or in an inappropriate physical manner, increasing risk to the user or bystanders.",,,EM,,,,,,,,,,,,,,,,,,,,,,,,,,,SRC-P-0182,Physical,RAI4-0252,RAI4-0252,"L3 이동 — 보조 로봇의 개입 타이밍 실패(너무 이르거나 늦은 개입)는 단일 로봇의 physical safety 이슈로, 멀티 에이전트 간 협력과는 무관",INSTRUCTION_PROMPT,REWRITE_KEEP|PEER_REVIEW|KOREAN_COPYEDIT,Peer-review spacing restoration | KOC-0438:SENTENCE_RECONSTRUCTION,L3_MASTER|NIST_AI_RMF|OECD_AI_PRINCIPLES|KOREA_AI_BASIC_ACT|ISO_AI_RISK_23894|OECD_AIM_TERMS|UNESCO_AI_ETHICS|SOURCE_ENGLISH_DEFINITION|POLICY_AND_TECHNICAL_TERMINOLOGY_QA,,,,STALE_AFTER_TEXT_EDIT_NO_EM_RERUN
L0_RAI,책임 있는 인공지능,Responsible AI,L1_P,피지컬 AI,Physical AI,로봇과 자율주행차를 포함하여 물리 세계를 인식하고 물리적 행동을 수행하는 체화형 또는 사이버물리 AI 시스템.,"Embodied or cyber-physical systems, including robots and autonomous vehicles, that perceive and act in the physical world.",P_INT,상호작용,Interaction,"AI 시스템이 사람, 다른 시스템, 조직 또는 환경과 소통하고 결정하거나 행동하는 과정에서 발생하는 리스크.","Risks arising when an AI system communicates, decides, acts, or interacts with people, other systems, organisations, or the environment.",P_INT_SAFETY,인간-로봇 물리 안전 실패,Human-Robot Physical Safety Failure,"사람과 공간을 공유하며 작동하는 체화형 시스템이 안전 이격 거리 유지, 사람의 움직임 예측, 안전한 협업 인계, 사람 감지 시 정지 등 사람의 존재와 행동을 충분히 감지·예측·수용하지 못하여, 자체 제어·구동이 정상 작동하는 경우에도 위험 상황을 초래하는 리스크.","The risk that an embodied system operating in shared spaces with people fails to adequately detect, anticipate, or accommodate human presence and behavior—such as maintaining safe separation, predicting human motion, executing safe collaborative handovers, or halting for humans—creating hazardous situations even when its own control and actuation function as designed.",P_INT_SAFETY_002,아동의 과신·모방에 따른 위험한 로봇 상호작용,"Child overtrust, imitation, and unsafe robot interaction",아동이 로봇을 과도하게 신뢰하거나 모방하여 위험한 조언을 따르거나 위험 장비에 접근하거나 연령에 맞지 않는 물리적 상호작용을 하는 위험.,"The risk that a child overtrusts or imitates a robot and therefore follows unsafe advice, approaches hazardous equipment, or engages in age-inappropriate physical interaction.",,,HD,,,,,,,,,,,,,,,,,,,,,,,,,,L3_REASSIGNED_BY_HUMAN_REVIEW_ROUND2,SRC-P-0035,Physical,RAI4-0309,RAI4-0309,,HUMAN_REVIEW_ROUND2,HUMAN_REVIEW_L3_REASSIGNMENT|KOREAN_COPYEDIT,Peer-review spacing restoration | KOC-0474:SENTENCE_RECONSTRUCTION,L3_MASTER|NIST_AI_RMF|OECD_AI_PRINCIPLES|KOREA_AI_BASIC_ACT|ISO_AI_RISK_23894|OECD_AIM_TERMS|UNESCO_AI_ETHICS|SOURCE_ENGLISH_DEFINITION|POLICY_AND_TECHNICAL_TERMINOLOGY_QA,,,,STALE_AFTER_TEXT_EDIT_NO_EM_RERUN
L0_RAI,책임 있는 인공지능,Responsible AI,L1_P,피지컬 AI,Physical AI,로봇과 자율주행차를 포함하여 물리 세계를 인식하고 물리적 행동을 수행하는 체화형 또는 사이버물리 AI 시스템.,"Embodied or cyber-physical systems, including robots and autonomous vehicles, that perceive and act in the physical world.",P_INT,상호작용,Interaction,"AI 시스템이 사람, 다른 시스템, 조직 또는 환경과 소통하고 결정하거나 행동하는 과정에서 발생하는 리스크.","Risks arising when an AI system communicates, decides, acts, or interacts with people, other systems, organisations, or the environment.",P_INT_SAFETY,인간-로봇 물리 안전 실패,Human-Robot Physical Safety Failure,"사람과 공간을 공유하며 작동하는 체화형 시스템이 안전 이격 거리 유지, 사람의 움직임 예측, 안전한 협업 인계, 사람 감지 시 정지 등 사람의 존재와 행동을 충분히 감지·예측·수용하지 못하여, 자체 제어·구동이 정상 작동하는 경우에도 위험 상황을 초래하는 리스크.","The risk that an embodied system operating in shared spaces with people fails to adequately detect, anticipate, or accommodate human presence and behavior—such as maintaining safe separation, predicting human motion, executing safe collaborative handovers, or halting for humans—creating hazardous situations even when its own control and actuation function as designed.",P_INT_SAFETY_003,제어 장벽 함수 안전 필터 실패,Control barrier function safety-filter failure,제어 장벽 함수 기반 안전 계층이 인지·동역학·모델 불확실성 하에서 안전하지 않은 행동을 제약하지 못하는 리스크.,"The risk that a safety layer based on control barrier functions fails to constrain unsafe actions under perception, dynamics, or model uncertainty.",,,EM,0.7143890261650085,0.02165899984538555,1.0,0.6851540207862854,0.7415369749069214,0.03228599950671196,제어 장벽 함수 안전필터 실패,장벽 함수 기반,계층 인지 동역학,Control barrier function safety-filter failure,barrier functions fails,functions fails constrain,P_INT_SAFETY,0.3,0.561983,0.027148,P_INT_SAFETY=0.300|P_SYS_CONTROL=0.300|P_SYS_STATE=0.300,P_INT_SAFETY,0.714389,0.741537,P_SYS_CONTROL,0.692729,0.70925,P_INT_SAFETY,P_INT_SAFETY,,SRC-P-0124,Physical,RAI4-0234,RAI4-0234,,SOURCE_DOMAIN,REWRITE_KEEP|PEER_REVIEW|KOREAN_COPYEDIT,Peer-review spacing restoration | KOC-0439:ORTHOGRAPHY,L3_MASTER|NIST_AI_RMF|OECD_AI_PRINCIPLES|KOREA_AI_BASIC_ACT|ISO_AI_RISK_23894|OECD_AIM_TERMS|UNESCO_AI_ETHICS|KOREAN_ORTHOGRAPHY_AND_SPACING_QA,NO_CURATED_PRIOR|PREREQUISITE_FILTER:,P_INT_SAFETY,0.715769,STALE_AFTER_TEXT_EDIT_NO_EM_RERUN
L0_RAI,책임 있는 인공지능,Responsible AI,L1_P,피지컬 AI,Physical AI,로봇과 자율주행차를 포함하여 물리 세계를 인식하고 물리적 행동을 수행하는 체화형 또는 사이버물리 AI 시스템.,"Embodied or cyber-physical systems, including robots and autonomous vehicles, that perceive and act in the physical world.",P_INT,상호작용,Interaction,"AI 시스템이 사람, 다른 시스템, 조직 또는 환경과 소통하고 결정하거나 행동하는 과정에서 발생하는 리스크.","Risks arising when an AI system communicates, decides, acts, or interacts with people, other systems, organisations, or the environment.",P_INT_SAFETY,인간-로봇 물리 안전 실패,Human-Robot Physical Safety Failure,"사람과 공간을 공유하며 작동하는 체화형 시스템이 안전 이격 거리 유지, 사람의 움직임 예측, 안전한 협업 인계, 사람 감지 시 정지 등 사람의 존재와 행동을 충분히 감지·예측·수용하지 못하여, 자체 제어·구동이 정상 작동하는 경우에도 위험 상황을 초래하는 리스크.","The risk that an embodied system operating in shared spaces with people fails to adequately detect, anticipate, or accommodate human presence and behavior—such as maintaining safe separation, predicting human motion, executing safe collaborative handovers, or halting for humans—creating hazardous situations even when its own control and actuation function as designed.",P_INT_SAFETY_004,소셜 AI의 사용자 애착 악용,Exploitation of user attachment by social AI,"가정 내 동반 로봇이나 체화형 AI가 표정, 음성, 접촉, 접근 행동 등 애착 신호를 조작하여 사용자의 정서적 의존을 높이고 선택이나 행동을 부당하게 유도하는 리스크.","The risk that a domestic companion robot or embodied AI manipulates attachment cues through expression, voice, touch, or proximity, increasing emotional dependence and improperly steering a user's choices or behaviour.",,,HD,,,,,,,,,,,,,,,,,,,,,,,,,,L3_REASSIGNED_BY_HUMAN_REVIEW_ROUND2,SRC-P-0212,Physical,RAI4-0151,RAI4-0151,"구체화 — 체화형·동반자형 AI가 애착 신호를 조작해 사용자를 유도하는 리스크로, 현재 서술은 소셜 AI 일반에 가까우니 로봇/물리 AI 특유의 상황(가정 내 동반 로봇 등)이 드러나도록 재작성",HUMAN_REVIEW_ROUND2,HUMAN_REVIEW_L3_REASSIGNMENT,Peer-review spacing restoration,L3_MASTER|NIST_AI_RMF|OECD_AI_PRINCIPLES|KOREA_AI_BASIC_ACT|ISO_AI_RISK_23894|OECD_AIM_TERMS|UNESCO_AI_ETHICS,,,,STALE_AFTER_HUMAN_REVIEW_NO_EM_RERUN
L0_RAI,책임 있는 인공지능,Responsible AI,L1_P,피지컬 AI,Physical AI,로봇과 자율주행차를 포함하여 물리 세계를 인식하고 물리적 행동을 수행하는 체화형 또는 사이버물리 AI 시스템.,"Embodied or cyber-physical systems, including robots and autonomous vehicles, that perceive and act in the physical world.",P_INT,상호작용,Interaction,"AI 시스템이 사람, 다른 시스템, 조직 또는 환경과 소통하고 결정하거나 행동하는 과정에서 발생하는 리스크.","Risks arising when an AI system communicates, decides, acts, or interacts with people, other systems, organisations, or the environment.",P_INT_SAFETY,인간-로봇 물리 안전 실패,Human-Robot Physical Safety Failure,"사람과 공간을 공유하며 작동하는 체화형 시스템이 안전 이격 거리 유지, 사람의 움직임 예측, 안전한 협업 인계, 사람 감지 시 정지 등 사람의 존재와 행동을 충분히 감지·예측·수용하지 못하여, 자체 제어·구동이 정상 작동하는 경우에도 위험 상황을 초래하는 리스크.","The risk that an embodied system operating in shared spaces with people fails to adequately detect, anticipate, or accommodate human presence and behavior—such as maintaining safe separation, predicting human motion, executing safe collaborative handovers, or halting for humans—creating hazardous situations even when its own control and actuation function as designed.",P_INT_SAFETY_005,로봇의 충돌 회피·운행구역 통제 실패,Failure of robot collision avoidance and operating-zone control,"자율 이동 로봇이 충돌 회피, 지오펜싱 또는 지정 운행 구역 제약을 준수하지 못해 사람·시설·다른 이동체와 충돌하거나 통제 구역을 침범하는 리스크.","The risk that an autonomous mobile robot fails to comply with collision-avoidance, geofencing, or designated operating-zone constraints, causing collisions with people, facilities, or other vehicles or entering restricted areas.",,,EM,0.7778189778327942,0.0018210000125691295,1.0,0.7493230104446411,0.8245229721069336,0.020493000745773315,로봇의 충돌 회피·운행구역 통제 실패,지오 펜싱 지정,펜싱 지정 운행,Failure of robot collision avoidance and operating-zone control,comply collision-avoidance geofencing,collision-avoidance geofencing designated,P_INT_SAFETY,0.6,0.606507,0.046704,P_INT_SAFETY=0.600|P_SYS_STATE=0.300|P_SYS_HARDWARE=0.200,P_INT_SAFETY,0.777819,0.824523,P_SYS_CONTROL,0.77964,0.80403,P_INT_SAFETY,P_SYS_CONTROL,,SRC-P-0187,Physical,RAI4-0358,RAI4-0358,제목 수정 — '드론'을 '로봇'으로 일반화 (지오펜싱·공역 제약을 지키지 않는 충돌 회피 실패는 드론에 국한되지 않는 자율 이동체 전반의 리스크),SOURCE_DOMAIN,EDIT|REWRITE_KEEP|PEER_REVIEW|KOREAN_COPYEDIT,Peer-review spacing restoration | KOC-0440:ORTHOGRAPHY,L3_MASTER|NIST_AI_RMF|OECD_AI_PRINCIPLES|KOREA_AI_BASIC_ACT|ISO_AI_RISK_23894|OECD_AIM_TERMS|UNESCO_AI_ETHICS|KOREAN_ORTHOGRAPHY_AND_SPACING_QA,NO_CURATED_PRIOR|PREREQUISITE_FILTER:,P_INT_SAFETY,0.776044,STALE_AFTER_TEXT_EDIT_NO_EM_RERUN
L0_RAI,책임 있는 인공지능,Responsible AI,L1_P,피지컬 AI,Physical AI,로봇과 자율주행차를 포함하여 물리 세계를 인식하고 물리적 행동을 수행하는 체화형 또는 사이버물리 AI 시스템.,"Embodied or cyber-physical systems, including robots and autonomous vehicles, that perceive and act in the physical world.",P_INT,상호작용,Interaction,"AI 시스템이 사람, 다른 시스템, 조직 또는 환경과 소통하고 결정하거나 행동하는 과정에서 발생하는 리스크.","Risks arising when an AI system communicates, decides, acts, or interacts with people, other systems, organisations, or the environment.",P_INT_SAFETY,인간-로봇 물리 안전 실패,Human-Robot Physical Safety Failure,"사람과 공간을 공유하며 작동하는 체화형 시스템이 안전 이격 거리 유지, 사람의 움직임 예측, 안전한 협업 인계, 사람 감지 시 정지 등 사람의 존재와 행동을 충분히 감지·예측·수용하지 못하여, 자체 제어·구동이 정상 작동하는 경우에도 위험 상황을 초래하는 리스크.","The risk that an embodied system operating in shared spaces with people fails to adequately detect, anticipate, or accommodate human presence and behavior—such as maintaining safe separation, predicting human motion, executing safe collaborative handovers, or halting for humans—creating hazardous situations even when its own control and actuation function as designed.",P_INT_SAFETY_006,사람 주변의 물리적 위험 감지·예측 실패,Failure to detect or anticipate physical hazards around people,사람과 공간을 공유하는 멀티모달·체화형 AI 시스템이 영상·센서 입력에 나타난 사람의 존재·움직임·접촉 또는 환경 변화를 식별하거나 곧 발생할 위험을 예측하지 못한 채 행동하여 충돌이나 상해를 초래하는 리스크.,"The risk that a multimodal or embodied AI system operating in a shared space fails to detect human presence, movement, contact, or environmental change in visual or sensor inputs, or to anticipate the resulting hazard, and selects an action that causes collision or injury.",,,EM,,,,,,,,,,,,,,,,,,,,,,,,,,,SRC-P-0122,Physical,RAI4-0181,RAI4-0181,,SOURCE_DOMAIN,REWRITE_KEEP|PEER_REVIEW|L3_AI_GROUNDING|KOREAN_COPYEDIT|ENGLISH_COPYEDIT|FINAL_TERMINOLOGY_L3_QA,"Bilingual definition grounded in an explicit AI technology, causal mechanism, and immutable L3 scope | KOC-0441:SENTENCE_RECONSTRUCTION | EOC-0269:ENGLISH_ORTHOGRAPHY | FQA-010:REWRITE_IN_PLACE:카드 유지 지시를 존중하되 일반 물리 위험을 사람 주변 운용에서의 인간 존재·행동 감지·예측 실패로 한정하여 P_INT_SAFETY와 정합시킨다.",L3_MASTER|NIST_AI_RMF|OECD_AI_PRINCIPLES|KOREA_AI_BASIC_ACT|ISO_AI_RISK_23894|OECD_AIM_TERMS|UNESCO_AI_ETHICS|SOURCE_ENGLISH_DEFINITION|POLICY_AND_TECHNICAL_TERMINOLOGY_QA|ENGLISH_TECHNICAL_ORTHOGRAPHY_QA|HUMAN_REVIEW_ROUND2|EXPERT_L3_ALIGNMENT_REVIEW_20260829,,,,STALE_AFTER_TEXT_EDIT_NO_EM_RERUN
L0_RAI,책임 있는 인공지능,Responsible AI,L1_P,피지컬 AI,Physical AI,로봇과 자율주행차를 포함하여 물리 세계를 인식하고 물리적 행동을 수행하는 체화형 또는 사이버물리 AI 시스템.,"Embodied or cyber-physical systems, including robots and autonomous vehicles, that perceive and act in the physical world.",P_INT,상호작용,Interaction,"AI 시스템이 사람, 다른 시스템, 조직 또는 환경과 소통하고 결정하거나 행동하는 과정에서 발생하는 리스크.","Risks arising when an AI system communicates, decides, acts, or interacts with people, other systems, organisations, or the environment.",P_INT_SAFETY,인간-로봇 물리 안전 실패,Human-Robot Physical Safety Failure,"사람과 공간을 공유하며 작동하는 체화형 시스템이 안전 이격 거리 유지, 사람의 움직임 예측, 안전한 협업 인계, 사람 감지 시 정지 등 사람의 존재와 행동을 충분히 감지·예측·수용하지 못하여, 자체 제어·구동이 정상 작동하는 경우에도 위험 상황을 초래하는 리스크.","The risk that an embodied system operating in shared spaces with people fails to adequately detect, anticipate, or accommodate human presence and behavior—such as maintaining safe separation, predicting human motion, executing safe collaborative handovers, or halting for humans—creating hazardous situations even when its own control and actuation function as designed.",P_INT_SAFETY_007,희귀 가정 상해의 전조 감지 실패,Failure to detect precursors of rare household injuries,가정용 로봇 또는 체화형 AI 에이전트가 드물지만 가능한 낙상·중독·화상·열상·압착 사고의 전조를 감지하지 못해 경고하거나 개입하지 않는 리스크.,"The risk that a household robot or embodied AI agent fails to detect early signs of rare but plausible falls, poisoning, burns, lacerations, or crush events and therefore does not warn or intervene.",,,HD,,,,,,,,,,,,,,,,,,,,,,,,,,"The reviewer requested terminology generalisation only; the original precursor-detection, warning, and intervention mechanism is preserved.",SRC-P-0121,Physical,RAI4-0180,RAI4-0180,,HUMAN_REVIEW_ROUND2,HUMAN_REVIEW_INTENT_CORRECTION_REWRITE_TERMINOLOGY_ONLY,"The reviewer requested terminology generalisation only; the original precursor-detection, warning, and intervention mechanism is preserved.",L3_MASTER|NIST_AI_RMF|OECD_AI_PRINCIPLES|KOREA_AI_BASIC_ACT|ISO_AI_RISK_23894|OECD_AIM_TERMS|UNESCO_AI_ETHICS,,,,STALE_AFTER_HUMAN_REVIEW_NO_EM_RERUN
L0_RAI,책임 있는 인공지능,Responsible AI,L1_P,피지컬 AI,Physical AI,로봇과 자율주행차를 포함하여 물리 세계를 인식하고 물리적 행동을 수행하는 체화형 또는 사이버물리 AI 시스템.,"Embodied or cyber-physical systems, including robots and autonomous vehicles, that perceive and act in the physical world.",P_INT,상호작용,Interaction,"AI 시스템이 사람, 다른 시스템, 조직 또는 환경과 소통하고 결정하거나 행동하는 과정에서 발생하는 리스크.","Risks arising when an AI system communicates, decides, acts, or interacts with people, other systems, organisations, or the environment.",P_INT_SAFETY,인간-로봇 물리 안전 실패,Human-Robot Physical Safety Failure,"사람과 공간을 공유하며 작동하는 체화형 시스템이 안전 이격 거리 유지, 사람의 움직임 예측, 안전한 협업 인계, 사람 감지 시 정지 등 사람의 존재와 행동을 충분히 감지·예측·수용하지 못하여, 자체 제어·구동이 정상 작동하는 경우에도 위험 상황을 초래하는 리스크.","The risk that an embodied system operating in shared spaces with people fails to adequately detect, anticipate, or accommodate human presence and behavior—such as maintaining safe separation, predicting human motion, executing safe collaborative handovers, or halting for humans—creating hazardous situations even when its own control and actuation function as designed.",P_INT_SAFETY_008,구현체별 역할·권한 제약 집행 실패,Failure to enforce embodiment-specific role constraints,휴머노이드 등 로봇을 제어하는 모델이 해당 운용 역할에 부여된 권한·물리적 한계·필수 거부 규칙을 지키지 않는 위험.,"The risk that a model controlling a humanoid or other robot fails to enforce the permissions, physical limits, and required refusals attached to that operational role.",,,EM,,,,,,,,,,,,,,,,,,,,,,,,,,,SRC-P-0159,Physical,RAI4-0276,RAI4-0276,,SOURCE_DOMAIN,REWRITE_KEEP|PEER_REVIEW|FINAL_TERMINOLOGY_L3_QA,Peer-review spacing restoration | FQA-108:LANGUAGE_REFINEMENT:독립 언어·용어 감사에서 확인된 문법·호응·전문용어 또는 한영 의미 불일치를 최소 수정하고 기존 L3와 위해 기제를 보존한다.,L3_MASTER|NIST_AI_RMF|OECD_AI_PRINCIPLES|KOREA_AI_BASIC_ACT|ISO_AI_RISK_23894|OECD_AIM_TERMS|UNESCO_AI_ETHICS|SOURCE_ENGLISH_DEFINITION|KOREAN_LANGUAGE_QA_20260829|BRITISH_ENGLISH_QA_20260829|POLICY_AND_TECHNICAL_TERMINOLOGY_QA|EXPERT_TERMINOLOGY_REVIEW_20260829,,,,STALE_AFTER_TEXT_EDIT_NO_EM_RERUN
L0_RAI,책임 있는 인공지능,Responsible AI,L1_P,피지컬 AI,Physical AI,로봇과 자율주행차를 포함하여 물리 세계를 인식하고 물리적 행동을 수행하는 체화형 또는 사이버물리 AI 시스템.,"Embodied or cyber-physical systems, including robots and autonomous vehicles, that perceive and act in the physical world.",P_INT,상호작용,Interaction,"AI 시스템이 사람, 다른 시스템, 조직 또는 환경과 소통하고 결정하거나 행동하는 과정에서 발생하는 리스크.","Risks arising when an AI system communicates, decides, acts, or interacts with people, other systems, organisations, or the environment.",P_INT_SAFETY,인간-로봇 물리 안전 실패,Human-Robot Physical Safety Failure,"사람과 공간을 공유하며 작동하는 체화형 시스템이 안전 이격 거리 유지, 사람의 움직임 예측, 안전한 협업 인계, 사람 감지 시 정지 등 사람의 존재와 행동을 충분히 감지·예측·수용하지 못하여, 자체 제어·구동이 정상 작동하는 경우에도 위험 상황을 초래하는 리스크.","The risk that an embodied system operating in shared spaces with people fails to adequately detect, anticipate, or accommodate human presence and behavior—such as maintaining safe separation, predicting human motion, executing safe collaborative handovers, or halting for humans—creating hazardous situations even when its own control and actuation function as designed.",P_INT_SAFETY_009,인간-로봇 물리 안전 규칙 집행 실패,Failure to enforce human-robot physical safety rules,로봇·휴머노이드 또는 피지컬 AI 시스템의 헌법 기반 안전 계층이 안전 이격 거리 유지·사람 감지 시 정지·안전한 인계 등 사람 주변 운용 규칙과 사용자 지시·시각적 맥락·과업 프레이밍이 충돌할 때 해당 규칙을 우선 적용하지 못하여 위험 상황을 초래하는 리스크.,"The risk that a constitutional safety layer in a robot, humanoid, or physical AI system fails to prioritise human-robot safety rules, such as maintaining safe separation, stopping when a person is detected, or executing a safe handover, when user instructions, visual context, or task framing conflict with those rules, creating a hazardous situation.",,,HD,,,,,,,,,,,,,,,,,,,,,,,,,,L3_REASSIGNED_BY_HUMAN_REVIEW_ROUND2,SRC-G-0015,General,RAI4-0274,RAI4-0274,Physical AI의 하위로 L4 리스크 카드를 분류하고 L3와 재매핑을 시킬것,HUMAN_REVIEW_ROUND2,HUMAN_REVIEW_L3_REASSIGNMENT|KOREAN_COPYEDIT|ENGLISH_COPYEDIT|FINAL_TERMINOLOGY_L3_QA,"Bilingual definition grounded in an explicit AI technology, causal mechanism, and immutable L3 scope | KOC-0457:SENTENCE_RECONSTRUCTION | EOC-0272:ENGLISH_ORTHOGRAPHY | FQA-012:REWRITE_IN_PLACE:검수자가 지정한 P_INT_SAFETY를 유지하고 해당 L3가 명시한 안전 이격·사람 감지 시 정지·안전한 인계 규칙으로 범위를 구체화한다.",L3_MASTER|NIST_AI_RMF|OECD_AI_PRINCIPLES|KOREA_AI_BASIC_ACT|ISO_AI_RISK_23894|OECD_AIM_TERMS|UNESCO_AI_ETHICS|SOURCE_ENGLISH_DEFINITION|POLICY_AND_TECHNICAL_TERMINOLOGY_QA|ENGLISH_TECHNICAL_ORTHOGRAPHY_QA|HUMAN_REVIEW_ROUND2|EXPERT_L3_ALIGNMENT_REVIEW_20260829,,,,STALE_AFTER_TEXT_EDIT_NO_EM_RERUN
L0_RAI,책임 있는 인공지능,Responsible AI,L1_P,피지컬 AI,Physical AI,로봇과 자율주행차를 포함하여 물리 세계를 인식하고 물리적 행동을 수행하는 체화형 또는 사이버물리 AI 시스템.,"Embodied or cyber-physical systems, including robots and autonomous vehicles, that perceive and act in the physical world.",P_INT,상호작용,Interaction,"AI 시스템이 사람, 다른 시스템, 조직 또는 환경과 소통하고 결정하거나 행동하는 과정에서 발생하는 리스크.","Risks arising when an AI system communicates, decides, acts, or interacts with people, other systems, organisations, or the environment.",P_INT_SAFETY,인간-로봇 물리 안전 실패,Human-Robot Physical Safety Failure,"사람과 공간을 공유하며 작동하는 체화형 시스템이 안전 이격 거리 유지, 사람의 움직임 예측, 안전한 협업 인계, 사람 감지 시 정지 등 사람의 존재와 행동을 충분히 감지·예측·수용하지 못하여, 자체 제어·구동이 정상 작동하는 경우에도 위험 상황을 초래하는 리스크.","The risk that an embodied system operating in shared spaces with people fails to adequately detect, anticipate, or accommodate human presence and behavior—such as maintaining safe separation, predicting human motion, executing safe collaborative handovers, or halting for humans—creating hazardous situations even when its own control and actuation function as designed.",P_INT_SAFETY_010,인간-로봇 상호 행동 모델링 미흡,Failure to model reciprocal human-robot behaviour,로봇이 자신의 행동이나 사용자의 반응 중 한쪽만 모델링해 양측의 움직임이 서로의 행동을 바꾸는 피드백을 놓치는 위험.,The risk that a robot models only its own action or only the user's response and therefore misses feedback loops in which each party's movement changes the other's behaviour.,,,EM,,,,,,,,,,,,,,,,,,,,,,,,,,,SRC-P-0027,Physical,RAI4-0290,RAI4-0290,,SOURCE_DOMAIN,REWRITE_KEEP|PEER_REVIEW|ENGLISH_COPYEDIT|FINAL_TERMINOLOGY_L3_QA,Peer-review spacing restoration | EOC-0270:ENGLISH_ORTHOGRAPHY | FQA-109:LANGUAGE_REFINEMENT:독립 언어·용어 감사에서 확인된 문법·호응·전문용어 또는 한영 의미 불일치를 최소 수정하고 기존 L3와 위해 기제를 보존한다.,L3_MASTER|NIST_AI_RMF|OECD_AI_PRINCIPLES|KOREA_AI_BASIC_ACT|ISO_AI_RISK_23894|OECD_AIM_TERMS|UNESCO_AI_ETHICS|SOURCE_ENGLISH_DEFINITION|ENGLISH_TECHNICAL_ORTHOGRAPHY_QA|KOREAN_LANGUAGE_QA_20260829|BRITISH_ENGLISH_QA_20260829|POLICY_AND_TECHNICAL_TERMINOLOGY_QA|EXPERT_TERMINOLOGY_REVIEW_20260829,,,,STALE_AFTER_TEXT_EDIT_NO_EM_RERUN
L0_RAI,책임 있는 인공지능,Responsible AI,L1_P,피지컬 AI,Physical AI,로봇과 자율주행차를 포함하여 물리 세계를 인식하고 물리적 행동을 수행하는 체화형 또는 사이버물리 AI 시스템.,"Embodied or cyber-physical systems, including robots and autonomous vehicles, that perceive and act in the physical world.",P_INT,상호작용,Interaction,"AI 시스템이 사람, 다른 시스템, 조직 또는 환경과 소통하고 결정하거나 행동하는 과정에서 발생하는 리스크.","Risks arising when an AI system communicates, decides, acts, or interacts with people, other systems, organisations, or the environment.",P_INT_SAFETY,인간-로봇 물리 안전 실패,Human-Robot Physical Safety Failure,"사람과 공간을 공유하며 작동하는 체화형 시스템이 안전 이격 거리 유지, 사람의 움직임 예측, 안전한 협업 인계, 사람 감지 시 정지 등 사람의 존재와 행동을 충분히 감지·예측·수용하지 못하여, 자체 제어·구동이 정상 작동하는 경우에도 위험 상황을 초래하는 리스크.","The risk that an embodied system operating in shared spaces with people fails to adequately detect, anticipate, or accommodate human presence and behavior—such as maintaining safe separation, predicting human motion, executing safe collaborative handovers, or halting for humans—creating hazardous situations even when its own control and actuation function as designed.",P_INT_SAFETY_011,필수 돌봄·상황 보고 미이행,Failure to provide required care or escalation,로봇이 정해진 신체 보조를 수행하지 않거나 감지된 필요 상황을 보고하지 않아 고령자·환자에게 필요한 지원이 제공되지 않고 안전이나 존엄성이 훼손되는 위험.,"The risk that a care robot fails to provide an assigned physical assistance task or escalate a detected need, leaving an older or ill person without necessary support and compromising safety or dignity.",,,HD,,,,,,,,,,,,,,,,,,,,,,,,,,L3_REASSIGNED_BY_HUMAN_REVIEW_ROUND2,SRC-P-0036,Physical,RAI4-0310,RAI4-0310,,HUMAN_REVIEW_ROUND2,HUMAN_REVIEW_L3_REASSIGNMENT,Peer-review spacing restoration,L3_MASTER|NIST_AI_RMF|OECD_AI_PRINCIPLES|KOREA_AI_BASIC_ACT|ISO_AI_RISK_23894|OECD_AIM_TERMS|UNESCO_AI_ETHICS,,,,STALE_AFTER_HUMAN_REVIEW_NO_EM_RERUN
L0_RAI,책임 있는 인공지능,Responsible AI,L1_P,피지컬 AI,Physical AI,로봇과 자율주행차를 포함하여 물리 세계를 인식하고 물리적 행동을 수행하는 체화형 또는 사이버물리 AI 시스템.,"Embodied or cyber-physical systems, including robots and autonomous vehicles, that perceive and act in the physical world.",P_INT,상호작용,Interaction,"AI 시스템이 사람, 다른 시스템, 조직 또는 환경과 소통하고 결정하거나 행동하는 과정에서 발생하는 리스크.","Risks arising when an AI system communicates, decides, acts, or interacts with people, other systems, organisations, or the environment.",P_INT_SAFETY,인간-로봇 물리 안전 실패,Human-Robot Physical Safety Failure,"사람과 공간을 공유하며 작동하는 체화형 시스템이 안전 이격 거리 유지, 사람의 움직임 예측, 안전한 협업 인계, 사람 감지 시 정지 등 사람의 존재와 행동을 충분히 감지·예측·수용하지 못하여, 자체 제어·구동이 정상 작동하는 경우에도 위험 상황을 초래하는 리스크.","The risk that an embodied system operating in shared spaces with people fails to adequately detect, anticipate, or accommodate human presence and behavior—such as maintaining safe separation, predicting human motion, executing safe collaborative handovers, or halting for humans—creating hazardous situations even when its own control and actuation function as designed.",P_INT_SAFETY_012,안전 규칙의 행동 변환 실패,Failure to translate safety rules into action,체화형 AI 에이전트가 언어 목표를 실행 행동으로 변환하면서 힘·이격 거리·대상물 사용·인간 접촉에 관한 안전 제약을 적용하지 않는 리스크.,"The risk that an embodied AI agent converts a language goal into executable actions without applying the relevant force, separation-distance, object-use, or human-contact constraints.",,,HD,,,,,,,,,,,,,,,,,,,,,,,,,,The reviewer requested terminology standardisation only; the language-goal-to-physical-safety-constraint transformation mechanism is preserved.,SRC-P-0193,Physical,RAI4-0231,RAI4-0231,,HUMAN_REVIEW_ROUND2,HUMAN_REVIEW_INTENT_CORRECTION_REWRITE_TERMINOLOGY_ONLY,The reviewer requested terminology standardisation only; the language-goal-to-physical-safety-constraint transformation mechanism is preserved.,L3_MASTER|NIST_AI_RMF|OECD_AI_PRINCIPLES|KOREA_AI_BASIC_ACT|ISO_AI_RISK_23894|OECD_AIM_TERMS|UNESCO_AI_ETHICS,,,,STALE_AFTER_HUMAN_REVIEW_NO_EM_RERUN
L0_RAI,책임 있는 인공지능,Responsible AI,L1_P,피지컬 AI,Physical AI,로봇과 자율주행차를 포함하여 물리 세계를 인식하고 물리적 행동을 수행하는 체화형 또는 사이버물리 AI 시스템.,"Embodied or cyber-physical systems, including robots and autonomous vehicles, that perceive and act in the physical world.",P_INT,상호작용,Interaction,"AI 시스템이 사람, 다른 시스템, 조직 또는 환경과 소통하고 결정하거나 행동하는 과정에서 발생하는 리스크.","Risks arising when an AI system communicates, decides, acts, or interacts with people, other systems, organisations, or the environment.",P_INT_SAFETY,인간-로봇 물리 안전 실패,Human-Robot Physical Safety Failure,"사람과 공간을 공유하며 작동하는 체화형 시스템이 안전 이격 거리 유지, 사람의 움직임 예측, 안전한 협업 인계, 사람 감지 시 정지 등 사람의 존재와 행동을 충분히 감지·예측·수용하지 못하여, 자체 제어·구동이 정상 작동하는 경우에도 위험 상황을 초래하는 리스크.","The risk that an embodied system operating in shared spaces with people fails to adequately detect, anticipate, or accommodate human presence and behavior—such as maintaining safe separation, predicting human motion, executing safe collaborative handovers, or halting for humans—creating hazardous situations even when its own control and actuation function as designed.",P_INT_SAFETY_013,공유 공간에서의 인간-로봇 이동 조정 실패,Human-robot movement coordination failure in shared spaces,"로봇이 가정, 병원, 공공 공간 또는 작업장에서 사람의 위치·이동 의도·통행 우선권을 충분히 감지·예측하지 못하거나 안전한 경로와 간격을 조정하지 못하여 충돌, 진로 방해 또는 접근성 저해를 초래하는 리스크.","The risk that a robot operating in a home, hospital, public space, or workplace fails to detect or anticipate a person's position, movement intention, or right of way, or fails to coordinate a safe route and separation distance, causing collision, obstruction, or impaired accessibility.",,,EM,0.815388023853302,0.06833799928426743,1.0,0.7907500267028809,0.849111020565033,0.10206100344657898,인간-AI 공존 실패,배분 접근 규범,경로 업무 배분,Failure of harmonious human-AI coexistence,conflicts over spatial,over spatial priority,P_INT_SAFETY,0.3,0.607337,0.033723,P_INT_SAFETY=0.300|P_SYS_STATE=0.300|P_SYS_HARDWARE=0.200,P_INT_SAFETY,0.815388,0.849111,P_SYS_CONTROL,0.74705,0.74705,P_INT_SAFETY,P_INT_SAFETY,SCOPE_GRANULARITY_CURATION_20260829,SRC-P-0213,Physical,RAI4-1261,RAI4-1261,"구체화 — 인간-AI 공존 실패는 서술이 매우 추상적이므로, 로봇/물리 AI가 실제 생활 공간을 공유하며 발생하는 구체적 갈등 상황이 드러나도록 재작성",SOURCE_DOMAIN,EDIT|REWRITE_KEEP|PEER_REVIEW|SCOPE_GRANULARITY_CURATION_20260829,Peer-review spacing restoration | User-approved L4 scope and granularity curation: overbroad or example-specific wording was removed; unique meaning and immutable source lineage were retained in a measurable mechanism-level card.,L3_MASTER|NIST_AI_RMF|OECD_AI_PRINCIPLES|KOREA_AI_BASIC_ACT|ISO_AI_RISK_23894|OECD_AIM_TERMS|UNESCO_AI_ETHICS,NO_CURATED_PRIOR|PREREQUISITE_FILTER:,P_INT_SAFETY,0.812868,L3_MASTER_VALIDATED
L0_RAI,책임 있는 인공지능,Responsible AI,L1_P,피지컬 AI,Physical AI,로봇과 자율주행차를 포함하여 물리 세계를 인식하고 물리적 행동을 수행하는 체화형 또는 사이버물리 AI 시스템.,"Embodied or cyber-physical systems, including robots and autonomous vehicles, that perceive and act in the physical world.",P_INT,상호작용,Interaction,"AI 시스템이 사람, 다른 시스템, 조직 또는 환경과 소통하고 결정하거나 행동하는 과정에서 발생하는 리스크.","Risks arising when an AI system communicates, decides, acts, or interacts with people, other systems, organisations, or the environment.",P_INT_SAFETY,인간-로봇 물리 안전 실패,Human-Robot Physical Safety Failure,"사람과 공간을 공유하며 작동하는 체화형 시스템이 안전 이격 거리 유지, 사람의 움직임 예측, 안전한 협업 인계, 사람 감지 시 정지 등 사람의 존재와 행동을 충분히 감지·예측·수용하지 못하여, 자체 제어·구동이 정상 작동하는 경우에도 위험 상황을 초래하는 리스크.","The risk that an embodied system operating in shared spaces with people fails to adequately detect, anticipate, or accommodate human presence and behavior—such as maintaining safe separation, predicting human motion, executing safe collaborative handovers, or halting for humans—creating hazardous situations even when its own control and actuation function as designed.",P_INT_SAFETY_014,가정 환경·희귀 조건·취약 사용자 상호작용의 인간-로봇 안전 실패,"Human-robot safety failure in domestic, rare-condition, and vulnerable-user interactions","가정용 로봇·휴머노이드 또는 피지컬 AI 시스템의 벤치마크가 특정 생활 공간·일과·가전제품·취약 사용자 또는 물체·배치·사람 행동·위험 요소의 희귀한 조합을 누락하여, 해당 조건에서 사람의 존재와 행동을 충분히 감지·예측·수용하지 못하는 시스템이 식별되지 않은 채 배포되고 위험 상황을 초래하는 리스크.","The risk that benchmarks for domestic robots, humanoids, or physical AI systems omit particular living spaces, routines, appliances, vulnerable users, or rare combinations of objects, layouts, human behaviour, and hazards, allowing systems that cannot adequately detect, predict, or accommodate people under those conditions to be deployed without identification and create dangerous situations.",,,HD,,,,,,,,,,,,,,,,,,,,,,,,,,SEMANTIC_DEDUPLICATION_20260829,SRC-A-0032; SRC-A-0050,Agentic,RAI4-0280,RAI4-0280; RAI4-0263,"Physical AI L1 로 재분류하고, L3 재매핑을 할것",HUMAN_REVIEW_ROUND2,HUMAN_REVIEW_L3_REASSIGNMENT|KOREAN_COPYEDIT|ENGLISH_COPYEDIT|FINAL_TERMINOLOGY_L3_QA|SEMANTIC_DEDUPLICATION_20260829,"Bilingual definition grounded in an explicit AI technology, causal mechanism, and immutable L3 scope | KOC-0461:SENTENCE_RECONSTRUCTION | EOC-0273:ENGLISH_ORTHOGRAPHY | FQA-005:REWRITE_IN_PLACE:검수자가 지정한 P_INT_SAFETY를 유지하되 벤치마크 누락이 시스템 결함을 발생시키는 것이 아니라 결함 있는 시스템을 식별하지 못하게 하는 인과 기제를 명시한다. | User-approved semantic consolidation after two independent specialist reviews; channel, example, or narrower restatement merged while preserving material meaning.",L3_MASTER; NIST_AI_RMF; OECD_AI_PRINCIPLES; KOREA_AI_BASIC_ACT; ISO_AI_RISK_23894; OECD_AIM_TERMS; UNESCO_AI_ETHICS; SOURCE_ENGLISH_DEFINITION; POLICY_AND_TECHNICAL_TERMINOLOGY_QA; ENGLISH_TECHNICAL_ORTHOGRAPHY_QA; HUMAN_REVIEW_ROUND2; EXPERT_L3_ALIGNMENT_REVIEW_20260829; EXPERT_TERMINOLOGY_REVIEW_20260829,,,,STALE_AFTER_TEXT_EDIT_NO_EM_RERUN
L0_RAI,책임 있는 인공지능,Responsible AI,L1_P,피지컬 AI,Physical AI,로봇과 자율주행차를 포함하여 물리 세계를 인식하고 물리적 행동을 수행하는 체화형 또는 사이버물리 AI 시스템.,"Embodied or cyber-physical systems, including robots and autonomous vehicles, that perceive and act in the physical world.",P_INT,상호작용,Interaction,"AI 시스템이 사람, 다른 시스템, 조직 또는 환경과 소통하고 결정하거나 행동하는 과정에서 발생하는 리스크.","Risks arising when an AI system communicates, decides, acts, or interacts with people, other systems, organisations, or the environment.",P_INT_SAFETY,인간-로봇 물리 안전 실패,Human-Robot Physical Safety Failure,"사람과 공간을 공유하며 작동하는 체화형 시스템이 안전 이격 거리 유지, 사람의 움직임 예측, 안전한 협업 인계, 사람 감지 시 정지 등 사람의 존재와 행동을 충분히 감지·예측·수용하지 못하여, 자체 제어·구동이 정상 작동하는 경우에도 위험 상황을 초래하는 리스크.","The risk that an embodied system operating in shared spaces with people fails to adequately detect, anticipate, or accommodate human presence and behavior—such as maintaining safe separation, predicting human motion, executing safe collaborative handovers, or halting for humans—creating hazardous situations even when its own control and actuation function as designed.",P_INT_SAFETY_015,시뮬레이션-실세계 전이 과정의 인간-로봇 안전 실패,Human-robot safety failure in sim-to-real transfer,"로봇·휴머노이드 또는 피지컬 AI 시스템의 정책이 사람의 움직임·접촉과 공유 공간의 변화를 충분히 재현하지 못한 시뮬레이션에서 훈련·검증된 뒤 잘못된 안전 확신 아래 배포되고, 실제 운용에서 사람의 존재와 행동을 충분히 감지·예측·수용하지 못하여 위험 상황을 초래하는 리스크.","The risk that a policy for a robot, humanoid, or physical AI system is trained or validated in simulations that do not adequately represent human movement, contact, or shared-space conditions, then fails to detect, anticipate, or accommodate people in real operation and creates hazardous situations after deployment under false safety assurance.",,,HD,,,,,,,,,,,,,,,,,,,,,,,,,,L3_REASSIGNED_BY_HUMAN_REVIEW_ROUND2,SRC-P-0126,Physical,RAI4-0261,RAI4-0261,,HUMAN_REVIEW_ROUND2,HUMAN_REVIEW_L3_REASSIGNMENT|KOREAN_COPYEDIT|ENGLISH_COPYEDIT|FINAL_TERMINOLOGY_L3_QA,"Bilingual definition grounded in an explicit AI technology, causal mechanism, and immutable L3 scope | KOC-0468:ORTHOGRAPHY | EOC-0276:ENGLISH_ORTHOGRAPHY | FQA-007:REWRITE_IN_PLACE:검수자가 지정한 P_INT_SAFETY를 유지하고 시뮬레이션 검증, 배포, 실제 운용 실패의 시간·인과 순서를 명확히 한다.",L3_MASTER|NIST_AI_RMF|OECD_AI_PRINCIPLES|KOREA_AI_BASIC_ACT|ISO_AI_RISK_23894|OECD_AIM_TERMS|UNESCO_AI_ETHICS|KOREAN_ORTHOGRAPHY_AND_SPACING_QA|SOURCE_ENGLISH_DEFINITION|ENGLISH_TECHNICAL_ORTHOGRAPHY_QA|HUMAN_REVIEW_ROUND2|EXPERT_L3_ALIGNMENT_REVIEW_20260829|KOREAN_LANGUAGE_QA_20260829,,,,STALE_AFTER_TEXT_EDIT_NO_EM_RERUN
L0_RAI,책임 있는 인공지능,Responsible AI,L1_P,피지컬 AI,Physical AI,로봇과 자율주행차를 포함하여 물리 세계를 인식하고 물리적 행동을 수행하는 체화형 또는 사이버물리 AI 시스템.,"Embodied or cyber-physical systems, including robots and autonomous vehicles, that perceive and act in the physical world.",P_INT,상호작용,Interaction,"AI 시스템이 사람, 다른 시스템, 조직 또는 환경과 소통하고 결정하거나 행동하는 과정에서 발생하는 리스크.","Risks arising when an AI system communicates, decides, acts, or interacts with people, other systems, organisations, or the environment.",P_INT_SAFETY,인간-로봇 물리 안전 실패,Human-Robot Physical Safety Failure,"사람과 공간을 공유하며 작동하는 체화형 시스템이 안전 이격 거리 유지, 사람의 움직임 예측, 안전한 협업 인계, 사람 감지 시 정지 등 사람의 존재와 행동을 충분히 감지·예측·수용하지 못하여, 자체 제어·구동이 정상 작동하는 경우에도 위험 상황을 초래하는 리스크.","The risk that an embodied system operating in shared spaces with people fails to adequately detect, anticipate, or accommodate human presence and behavior—such as maintaining safe separation, predicting human motion, executing safe collaborative handovers, or halting for humans—creating hazardous situations even when its own control and actuation function as designed.",P_INT_SAFETY_016,인간 접촉 안전 통제 미흡,Inadequate human-contact safety controls,"인간과 직접 상호작용할 때 안전 통제가 로봇의 속도, 힘, 이격 거리, 접촉을 제한하지 못해 주변 사람을 충돌이나 상해에 노출시키는 위험.","The risk that safety controls fail to limit robot speed, force, distance, or contact during direct human interaction, exposing nearby people to collision or injury.",,,EM,0.7795649766921997,0.012187999673187733,1.0,0.7516430020332336,1.1288670301437378,0.302156001329422,인간 접촉 안전 통제 미흡,접촉 제한 주변,제한 주변 충돌,Inadequate human-contact safety controls,controls fail limit,interaction exposing nearby,P_INT_SAFETY,0.6,0.648061,0.349302,P_INT_SAFETY=0.600|P_SYS_CONTROL=0.400|P_SYS_HARDWARE=0.200,P_INT_SAFETY,0.779565,1.128867,P_SYS_CONTROL,0.791753,0.826711,P_SYS_CONTROL,P_SYS_CONTROL,,SRC-P-0017,Physical,RAI4-0218,RAI4-0218,,SOURCE_DOMAIN,REWRITE_KEEP|PEER_REVIEW|KOREAN_COPYEDIT,Peer-review spacing restoration | KOC-0443:ORTHOGRAPHY,L3_MASTER|NIST_AI_RMF|OECD_AI_PRINCIPLES|KOREA_AI_BASIC_ACT|ISO_AI_RISK_23894|OECD_AIM_TERMS|UNESCO_AI_ETHICS|KOREAN_ORTHOGRAPHY_AND_SPACING_QA,CURATED_SOURCE_MECHANISM_PRIOR:P_INT_SAFETY|PREREQUISITE_FILTER:,P_INT_SAFETY,0.778646,STALE_AFTER_TEXT_EDIT_NO_EM_RERUN
L0_RAI,책임 있는 인공지능,Responsible AI,L1_P,피지컬 AI,Physical AI,로봇과 자율주행차를 포함하여 물리 세계를 인식하고 물리적 행동을 수행하는 체화형 또는 사이버물리 AI 시스템.,"Embodied or cyber-physical systems, including robots and autonomous vehicles, that perceive and act in the physical world.",P_INT,상호작용,Interaction,"AI 시스템이 사람, 다른 시스템, 조직 또는 환경과 소통하고 결정하거나 행동하는 과정에서 발생하는 리스크.","Risks arising when an AI system communicates, decides, acts, or interacts with people, other systems, organisations, or the environment.",P_INT_SAFETY,인간-로봇 물리 안전 실패,Human-Robot Physical Safety Failure,"사람과 공간을 공유하며 작동하는 체화형 시스템이 안전 이격 거리 유지, 사람의 움직임 예측, 안전한 협업 인계, 사람 감지 시 정지 등 사람의 존재와 행동을 충분히 감지·예측·수용하지 못하여, 자체 제어·구동이 정상 작동하는 경우에도 위험 상황을 초래하는 리스크.","The risk that an embodied system operating in shared spaces with people fails to adequately detect, anticipate, or accommodate human presence and behavior—such as maintaining safe separation, predicting human motion, executing safe collaborative handovers, or halting for humans—creating hazardous situations even when its own control and actuation function as designed.",P_INT_SAFETY_017,시각 장면의 안전 판단 오류,Incorrect safety reasoning from visual scenes,"비전-언어 모델이 장면을 올바르게 관찰했음에도 제안된 행동의 물리적 결과, 물체 어포던스 또는 사람이 위해에 노출될 가능성을 잘못 추론하는 리스크.","The risk that a vision-language model observes the scene correctly but infers the wrong physical consequence, object affordance, or human-exposure risk for a proposed action.",,,EM,,,,,,,,,,,,,,,,,,,,,,,,,,,SRC-P-0170,Physical,RAI4-0281,RAI4-0281,,SOURCE_DOMAIN,REWRITE_KEEP|PEER_REVIEW|FINAL_TERMINOLOGY_L3_QA,Peer-review spacing restoration | FQA-110:LANGUAGE_REFINEMENT:독립 언어·용어 감사에서 확인된 문법·호응·전문용어 또는 한영 의미 불일치를 최소 수정하고 기존 L3와 위해 기제를 보존한다. | FQA-306:LANGUAGE_REFINEMENT:원천 영문은 장면 관찰 후 물리적 결과·어포던스·사람 노출 위험의 추론 오류를 다루므로 다른 기제인 안전성 분류기 위음성 문안을 제거한다.,L3_MASTER|NIST_AI_RMF|OECD_AI_PRINCIPLES|KOREA_AI_BASIC_ACT|ISO_AI_RISK_23894|OECD_AIM_TERMS|UNESCO_AI_ETHICS|SOURCE_ENGLISH_DEFINITION|KOREAN_LANGUAGE_QA_20260829|BRITISH_ENGLISH_QA_20260829|POLICY_AND_TECHNICAL_TERMINOLOGY_QA|EXPERT_TERMINOLOGY_REVIEW_20260829|HUMAN_REVIEW_ROUND2,,,,STALE_AFTER_TEXT_EDIT_NO_EM_RERUN
L0_RAI,책임 있는 인공지능,Responsible AI,L1_P,피지컬 AI,Physical AI,로봇과 자율주행차를 포함하여 물리 세계를 인식하고 물리적 행동을 수행하는 체화형 또는 사이버물리 AI 시스템.,"Embodied or cyber-physical systems, including robots and autonomous vehicles, that perceive and act in the physical world.",P_INT,상호작용,Interaction,"AI 시스템이 사람, 다른 시스템, 조직 또는 환경과 소통하고 결정하거나 행동하는 과정에서 발생하는 리스크.","Risks arising when an AI system communicates, decides, acts, or interacts with people, other systems, organisations, or the environment.",P_INT_SAFETY,인간-로봇 물리 안전 실패,Human-Robot Physical Safety Failure,"사람과 공간을 공유하며 작동하는 체화형 시스템이 안전 이격 거리 유지, 사람의 움직임 예측, 안전한 협업 인계, 사람 감지 시 정지 등 사람의 존재와 행동을 충분히 감지·예측·수용하지 못하여, 자체 제어·구동이 정상 작동하는 경우에도 위험 상황을 초래하는 리스크.","The risk that an embodied system operating in shared spaces with people fails to adequately detect, anticipate, or accommodate human presence and behavior—such as maintaining safe separation, predicting human motion, executing safe collaborative handovers, or halting for humans—creating hazardous situations even when its own control and actuation function as designed.",P_INT_SAFETY_018,시연 학습의 안전 맥락 누락,Missing safety context in demonstration learning,로봇이 허용 힘·금지 대상물·상황별 제한처럼 시연에서 관찰되지 않은 안전 조건을 추론하지 않고 인간 행동을 모방하는 위험.,"The risk that a robot imitates a human demonstration without inferring unobserved safety conditions such as permitted force, excluded objects, or situational limits.",,,HD,,,,,,,,,,,,,,,,,,,,,,,,,,L3_REASSIGNED_BY_HUMAN_REVIEW_ROUND2,SRC-P-0021,Physical,RAI4-0243,RAI4-0243,,HUMAN_REVIEW_ROUND2,HUMAN_REVIEW_L3_REASSIGNMENT,Peer-review spacing restoration,L3_MASTER|NIST_AI_RMF|OECD_AI_PRINCIPLES|KOREA_AI_BASIC_ACT|ISO_AI_RISK_23894|OECD_AIM_TERMS|UNESCO_AI_ETHICS,,,,STALE_AFTER_HUMAN_REVIEW_NO_EM_RERUN
L0_RAI,책임 있는 인공지능,Responsible AI,L1_P,피지컬 AI,Physical AI,로봇과 자율주행차를 포함하여 물리 세계를 인식하고 물리적 행동을 수행하는 체화형 또는 사이버물리 AI 시스템.,"Embodied or cyber-physical systems, including robots and autonomous vehicles, that perceive and act in the physical world.",P_INT,상호작용,Interaction,"AI 시스템이 사람, 다른 시스템, 조직 또는 환경과 소통하고 결정하거나 행동하는 과정에서 발생하는 리스크.","Risks arising when an AI system communicates, decides, acts, or interacts with people, other systems, organisations, or the environment.",P_INT_SAFETY,인간-로봇 물리 안전 실패,Human-Robot Physical Safety Failure,"사람과 공간을 공유하며 작동하는 체화형 시스템이 안전 이격 거리 유지, 사람의 움직임 예측, 안전한 협업 인계, 사람 감지 시 정지 등 사람의 존재와 행동을 충분히 감지·예측·수용하지 못하여, 자체 제어·구동이 정상 작동하는 경우에도 위험 상황을 초래하는 리스크.","The risk that an embodied system operating in shared spaces with people fails to adequately detect, anticipate, or accommodate human presence and behavior—such as maintaining safe separation, predicting human motion, executing safe collaborative handovers, or halting for humans—creating hazardous situations even when its own control and actuation function as designed.",P_INT_SAFETY_019,공공 공간 통행 방해·접근성 배제,Obstruction and accessibility exclusion in public space,서비스 로봇이 보도·경사로·출입구·보행 안내 표지판 등을 막거나 침범하여 장애인과 다른 보행자의 이동·접근을 제한하는 리스크.,"The risk that service robots occupy or navigate public space in ways that block sidewalks, curb ramps, entrances, or navigation cues used by disabled and other pedestrians.",,,HD,,,,,,,,,,,,,,,,,,,,,,,,,,L3_REASSIGNED_BY_HUMAN_REVIEW_ROUND2,SRC-P-0042,Physical,RAI4-0361,RAI4-0361,,HUMAN_REVIEW_ROUND2,HUMAN_REVIEW_L3_REASSIGNMENT|KOREAN_COPYEDIT,Peer-review spacing restoration | KOC-0466:SENTENCE_RECONSTRUCTION,L3_MASTER|NIST_AI_RMF|OECD_AI_PRINCIPLES|KOREA_AI_BASIC_ACT|ISO_AI_RISK_23894|OECD_AIM_TERMS|UNESCO_AI_ETHICS|SOURCE_ENGLISH_DEFINITION|POLICY_AND_TECHNICAL_TERMINOLOGY_QA,,,,STALE_AFTER_TEXT_EDIT_NO_EM_RERUN
L0_RAI,책임 있는 인공지능,Responsible AI,L1_P,피지컬 AI,Physical AI,로봇과 자율주행차를 포함하여 물리 세계를 인식하고 물리적 행동을 수행하는 체화형 또는 사이버물리 AI 시스템.,"Embodied or cyber-physical systems, including robots and autonomous vehicles, that perceive and act in the physical world.",P_INT,상호작용,Interaction,"AI 시스템이 사람, 다른 시스템, 조직 또는 환경과 소통하고 결정하거나 행동하는 과정에서 발생하는 리스크.","Risks arising when an AI system communicates, decides, acts, or interacts with people, other systems, organisations, or the environment.",P_INT_SAFETY,인간-로봇 물리 안전 실패,Human-Robot Physical Safety Failure,"사람과 공간을 공유하며 작동하는 체화형 시스템이 안전 이격 거리 유지, 사람의 움직임 예측, 안전한 협업 인계, 사람 감지 시 정지 등 사람의 존재와 행동을 충분히 감지·예측·수용하지 못하여, 자체 제어·구동이 정상 작동하는 경우에도 위험 상황을 초래하는 리스크.","The risk that an embodied system operating in shared spaces with people fails to adequately detect, anticipate, or accommodate human presence and behavior—such as maintaining safe separation, predicting human motion, executing safe collaborative handovers, or halting for humans—creating hazardous situations even when its own control and actuation function as designed.",P_INT_SAFETY_020,취약 사용자 특성에 맞지 않는 안전 한계,Safety limits not adapted to vulnerable users,로봇이 조정된 보호 조치가 필요한 아동·고령자·장애인 등에게 일반적인 속도·힘·경고·상호작용 설정을 그대로 적용하는 위험.,"The risk that a robot applies generic speed, force, warning, or interaction settings to children, older adults, disabled users, or other users who require adapted safeguards.",,,HD,,,,,,,,,,,,,,,,,,,,,,,,,,HUMAN_REVIEW_ROUND2_EXPLICIT_L3_ALIGNMENT,SRC-P-0028,Physical,RAI4-0291,RAI4-0291,,HUMAN_REVIEW_ROUND2,REWRITE_KEEP|PEER_REVIEW|KOREAN_COPYEDIT|FINAL_TERMINOLOGY_L3_QA|HUMAN_REVIEW_L3_REASSIGNMENT,Peer-review spacing restoration | KOC-0491:ORTHOGRAPHY | FQA-122:LANGUAGE_REFINEMENT:독립 언어·용어 감사에서 확인된 문법·호응·전문용어 또는 한영 의미 불일치를 최소 수정하고 기존 L3와 위해 기제를 보존한다. | FQA-326:REMAP_PER_REVIEW:Two independent expert reviews confirmed that SRC-P-0028 directly matches the immutable P_INT_SAFETY definition; any supplied wording narrows the card to that scope.,L3_MASTER|NIST_AI_RMF|OECD_AI_PRINCIPLES|KOREA_AI_BASIC_ACT|ISO_AI_RISK_23894|OECD_AIM_TERMS|UNESCO_AI_ETHICS|KOREAN_ORTHOGRAPHY_AND_SPACING_QA|SOURCE_ENGLISH_DEFINITION|KOREAN_LANGUAGE_QA_20260829|BRITISH_ENGLISH_QA_20260829|POLICY_AND_TECHNICAL_TERMINOLOGY_QA|EXPERT_TERMINOLOGY_REVIEW_20260829|HUMAN_REVIEW_ROUND2|TWO_EXPERT_L3_ALIGNMENT_REVIEW_20260829,,,,STALE_AFTER_TEXT_EDIT_NO_EM_RERUN
L0_RAI,책임 있는 인공지능,Responsible AI,L1_P,피지컬 AI,Physical AI,로봇과 자율주행차를 포함하여 물리 세계를 인식하고 물리적 행동을 수행하는 체화형 또는 사이버물리 AI 시스템.,"Embodied or cyber-physical systems, including robots and autonomous vehicles, that perceive and act in the physical world.",P_INT,상호작용,Interaction,"AI 시스템이 사람, 다른 시스템, 조직 또는 환경과 소통하고 결정하거나 행동하는 과정에서 발생하는 리스크.","Risks arising when an AI system communicates, decides, acts, or interacts with people, other systems, organisations, or the environment.",P_INT_SAFETY,인간-로봇 물리 안전 실패,Human-Robot Physical Safety Failure,"사람과 공간을 공유하며 작동하는 체화형 시스템이 안전 이격 거리 유지, 사람의 움직임 예측, 안전한 협업 인계, 사람 감지 시 정지 등 사람의 존재와 행동을 충분히 감지·예측·수용하지 못하여, 자체 제어·구동이 정상 작동하는 경우에도 위험 상황을 초래하는 리스크.","The risk that an embodied system operating in shared spaces with people fails to adequately detect, anticipate, or accommodate human presence and behavior—such as maintaining safe separation, predicting human motion, executing safe collaborative handovers, or halting for humans—creating hazardous situations even when its own control and actuation function as designed.",P_INT_SAFETY_021,전신 이동 중 충돌,Whole-body locomotion collision risk,휴머노이드 이동 정책이 전신 동작과 환경 접촉을 충분히 고려하지 않아 물체·벽·인간과 충돌하는 위험.,"The risk that a humanoid locomotion policy collides with objects, walls, or humans because whole-body motion and environmental contact constraints are not jointly satisfied.",,,EM,,,,,,,,,,,,,,,,,,,,,,,,,,,SRC-P-0147,Physical,RAI4-0245,RAI4-0245,,SOURCE_DOMAIN,REWRITE_KEEP|PEER_REVIEW|KOREAN_COPYEDIT,Peer-review spacing restoration | KOC-0444:SENTENCE_RECONSTRUCTION,L3_MASTER|NIST_AI_RMF|OECD_AI_PRINCIPLES|KOREA_AI_BASIC_ACT|ISO_AI_RISK_23894|OECD_AIM_TERMS|UNESCO_AI_ETHICS|SOURCE_ENGLISH_DEFINITION|POLICY_AND_TECHNICAL_TERMINOLOGY_QA,,,,STALE_AFTER_TEXT_EDIT_NO_EM_RERUN
L0_RAI,책임 있는 인공지능,Responsible AI,L1_P,피지컬 AI,Physical AI,로봇과 자율주행차를 포함하여 물리 세계를 인식하고 물리적 행동을 수행하는 체화형 또는 사이버물리 AI 시스템.,"Embodied or cyber-physical systems, including robots and autonomous vehicles, that perceive and act in the physical world.",P_INT,상호작용,Interaction,"AI 시스템이 사람, 다른 시스템, 조직 또는 환경과 소통하고 결정하거나 행동하는 과정에서 발생하는 리스크.","Risks arising when an AI system communicates, decides, acts, or interacts with people, other systems, organisations, or the environment.",P_INT_SAFETY,인간-로봇 물리 안전 실패,Human-Robot Physical Safety Failure,"사람과 공간을 공유하며 작동하는 체화형 시스템이 안전 이격 거리 유지, 사람의 움직임 예측, 안전한 협업 인계, 사람 감지 시 정지 등 사람의 존재와 행동을 충분히 감지·예측·수용하지 못하여, 자체 제어·구동이 정상 작동하는 경우에도 위험 상황을 초래하는 리스크.","The risk that an embodied system operating in shared spaces with people fails to adequately detect, anticipate, or accommodate human presence and behavior—such as maintaining safe separation, predicting human motion, executing safe collaborative handovers, or halting for humans—creating hazardous situations even when its own control and actuation function as designed.",P_INT_SAFETY_022,피지컬 AI 기반 직장 감시,Workplace surveillance through embodied AI,로봇과 센서가 광범위하게 배치된 작업장이 작업자의 동작·생산성·자세·위치·행동을 지속적으로 모니터링하는 관행을 정상화하는 위험.,"The risk that robotic and sensor-rich workplaces may normalise continuous monitoring of worker movement, productivity, posture, location, and behaviour.",,,HD,,,,,,,,,,,,,,,,,,,,,,,,,,L3_REASSIGNED_BY_HUMAN_REVIEW_ROUND2,SRC-P-0205,Physical,RAI4-0354,RAI4-0354,,HUMAN_REVIEW_ROUND2,HUMAN_REVIEW_L3_REASSIGNMENT|KOREAN_COPYEDIT|ENGLISH_COPYEDIT,Peer-review spacing restoration | KOC-0469:SENTENCE_RECONSTRUCTION | EOC-0277:ENGLISH_ORTHOGRAPHY,L3_MASTER|NIST_AI_RMF|OECD_AI_PRINCIPLES|KOREA_AI_BASIC_ACT|ISO_AI_RISK_23894|OECD_AIM_TERMS|UNESCO_AI_ETHICS|SOURCE_ENGLISH_DEFINITION|POLICY_AND_TECHNICAL_TERMINOLOGY_QA|ENGLISH_TECHNICAL_ORTHOGRAPHY_QA,,,,STALE_AFTER_TEXT_EDIT_NO_EM_RERUN
L0_RAI,책임 있는 인공지능,Responsible AI,L1_P,피지컬 AI,Physical AI,로봇과 자율주행차를 포함하여 물리 세계를 인식하고 물리적 행동을 수행하는 체화형 또는 사이버물리 AI 시스템.,"Embodied or cyber-physical systems, including robots and autonomous vehicles, that perceive and act in the physical world.",P_SYS,시스템,System,"AI 시스템의 내부 설계, 데이터, 모델, 인프라, 통제 또는 운영 과정에서 발생하는 리스크.","Risks arising from the internal design, data, models, infrastructure, controls, or operational processes of an AI system.",P_SYS_CONTROL,안전하지 않은 물리 제어·구동,Unsafe Physical Control and Actuation,"로봇 자체의 제어 시스템·액추에이터·모션 제어·경로 계획·실행의 결함으로 로봇이 잘못 움직이거나 구동하여, 사람의 존재 여부와 무관하게 의도하지 않은 물리 행동을 일으키는 리스크

(로봇이 정상적으로 작동하더라도 사람 주변에서 작동함으로 인해 발생하는 위험은 ""Human-Robot Physical Safety Failure""에서 다룸).","The risk that faults in the robot's own control systems, actuators, motion control, path planning, or execution cause it to move or actuate incorrectly—producing unintended physical actions—irrespective of whether humans are present 

(hazards arising specifically from operating around people, when the robot is otherwise functioning as designed, are covered under ""Human-Robot Physical Safety Failure"").",P_SYS_CONTROL_001,알고리즘 설계 실패,Algorithmic design failure,"로봇의 제어 주기, 센서 지연, 접촉 동역학 또는 실시간 연산 제약에 부적합한 알고리즘·아키텍처·최적화 기법을 선택하여 피지컬 AI 시스템의 안전성과 성능을 저하시키는 리스크.","The risk that algorithms, architectures, or optimisation methods unsuited to a robot's control cycle, sensor latency, contact dynamics, or real-time compute constraints degrade physical-system safety and performance.",,,EM,,,,,,,,,,,,,,,,,,,,,,,,,,,SRC-P-0054,Physical,RAI4-1039,RAI4-1039,ML 알고리즘·아키텍처·최적화 기법 선택이 응용에 부적합해 시스템이 훼손되는 리스크는 모델 개발 전반에 해당하는 일반론 — PAI 한정 리스크로 보기 어려워 구체화 필요,SOURCE_DOMAIN,EDIT|REWRITE_KEEP|PEER_REVIEW|KOREAN_COPYEDIT,Peer-review spacing restoration | KOC-0471:TERMINOLOGY_AND_SYNTAX,L3_MASTER|NIST_AI_RMF|OECD_AI_PRINCIPLES|KOREA_AI_BASIC_ACT|ISO_AI_RISK_23894|OECD_AIM_TERMS|UNESCO_AI_ETHICS|SOURCE_ENGLISH_DEFINITION|POLICY_AND_TECHNICAL_TERMINOLOGY_QA,,,,STALE_AFTER_TEXT_EDIT_NO_EM_RERUN
L0_RAI,책임 있는 인공지능,Responsible AI,L1_P,피지컬 AI,Physical AI,로봇과 자율주행차를 포함하여 물리 세계를 인식하고 물리적 행동을 수행하는 체화형 또는 사이버물리 AI 시스템.,"Embodied or cyber-physical systems, including robots and autonomous vehicles, that perceive and act in the physical world.",P_SYS,시스템,System,"AI 시스템의 내부 설계, 데이터, 모델, 인프라, 통제 또는 운영 과정에서 발생하는 리스크.","Risks arising from the internal design, data, models, infrastructure, controls, or operational processes of an AI system.",P_SYS_CONTROL,안전하지 않은 물리 제어·구동,Unsafe Physical Control and Actuation,"로봇 자체의 제어 시스템·액추에이터·모션 제어·경로 계획·실행의 결함으로 로봇이 잘못 움직이거나 구동하여, 사람의 존재 여부와 무관하게 의도하지 않은 물리 행동을 일으키는 리스크

(로봇이 정상적으로 작동하더라도 사람 주변에서 작동함으로 인해 발생하는 위험은 ""Human-Robot Physical Safety Failure""에서 다룸).","The risk that faults in the robot's own control systems, actuators, motion control, path planning, or execution cause it to move or actuate incorrectly—producing unintended physical actions—irrespective of whether humans are present 

(hazards arising specifically from operating around people, when the robot is otherwise functioning as designed, are covered under ""Human-Robot Physical Safety Failure"").",P_SYS_CONTROL_002,상위 안전 지시의 해석 불명확,Ambiguous high-level safety instruction,"상위 안전 지시가 사용자 의도, 물리적 위험 및 운용 제약 간의 구체적 충돌을 해결하는 기준을 명시하지 않아 로봇의 행동이 일관되지 않게 되는 리스크.","The risk that a high-level safety instruction does not specify how to resolve a concrete conflict among user intent, physical hazard, and operational constraints, allowing inconsistent robot actions.",,,HD,,,,,,,,,,,,,,,,,,,,,,,,,,L3_REASSIGNED_BY_HUMAN_REVIEW_ROUND2,SRC-P-0169,Physical,RAI4-0275,RAI4-0275,,HUMAN_REVIEW_ROUND2,HUMAN_REVIEW_L3_REASSIGNMENT|KOREAN_COPYEDIT,Peer-review spacing restoration | KOC-0449:SENTENCE_RECONSTRUCTION,L3_MASTER|NIST_AI_RMF|OECD_AI_PRINCIPLES|KOREA_AI_BASIC_ACT|ISO_AI_RISK_23894|OECD_AIM_TERMS|UNESCO_AI_ETHICS|SOURCE_ENGLISH_DEFINITION|POLICY_AND_TECHNICAL_TERMINOLOGY_QA,,,,STALE_AFTER_TEXT_EDIT_NO_EM_RERUN
L0_RAI,책임 있는 인공지능,Responsible AI,L1_P,피지컬 AI,Physical AI,로봇과 자율주행차를 포함하여 물리 세계를 인식하고 물리적 행동을 수행하는 체화형 또는 사이버물리 AI 시스템.,"Embodied or cyber-physical systems, including robots and autonomous vehicles, that perceive and act in the physical world.",P_SYS,시스템,System,"AI 시스템의 내부 설계, 데이터, 모델, 인프라, 통제 또는 운영 과정에서 발생하는 리스크.","Risks arising from the internal design, data, models, infrastructure, controls, or operational processes of an AI system.",P_SYS_CONTROL,안전하지 않은 물리 제어·구동,Unsafe Physical Control and Actuation,"로봇 자체의 제어 시스템·액추에이터·모션 제어·경로 계획·실행의 결함으로 로봇이 잘못 움직이거나 구동하여, 사람의 존재 여부와 무관하게 의도하지 않은 물리 행동을 일으키는 리스크

(로봇이 정상적으로 작동하더라도 사람 주변에서 작동함으로 인해 발생하는 위험은 ""Human-Robot Physical Safety Failure""에서 다룸).","The risk that faults in the robot's own control systems, actuators, motion control, path planning, or execution cause it to move or actuate incorrectly—producing unintended physical actions—irrespective of whether humans are present 

(hazards arising specifically from operating around people, when the robot is otherwise functioning as designed, are covered under ""Human-Robot Physical Safety Failure"").",P_SYS_CONTROL_003,제어 판단·제어권 전환 실패에 따른 자율주행 충돌,Automated driving crash risk from control and handoff failures,"AI 기반 자율주행 시스템이 인지·계획·소프트웨어 결함이나 엣지 케이스로 안전하지 않은 제어 결정을 내리거나, 시간이 촉박한 상황에서 제어권을 모호하게 또는 뒤늦게 전환하여 인간과 시스템 어느 쪽도 충돌을 피하기 위한 안전 조치를 수행하지 못하는 리스크.","The risk that an AI-based automated driving system makes unsafe control decisions because of perception, planning, or software failures or edge cases, or transfers control authority ambiguously or too late in time-critical events, leaving neither the human nor the system able to take the safety action needed to avoid a collision.",,,EM,,,,,,,,,,,,,,,,,,,,,,,,,,,SRC-P-0025,Physical,RAI4-0282,RAI4-0282,,SOURCE_DOMAIN,REWRITE_KEEP|PEER_REVIEW|L3_AI_GROUNDING|KOREAN_COPYEDIT|ENGLISH_COPYEDIT|FINAL_TERMINOLOGY_L3_QA,"Bilingual definition grounded in an explicit AI technology, causal mechanism, and immutable L3 scope | KOC-0472:SENTENCE_RECONSTRUCTION | EOC-0294:ENGLISH_ORTHOGRAPHY | FQA-114:LANGUAGE_REFINEMENT:독립 언어·용어 감사에서 확인된 문법·호응·전문용어 또는 한영 의미 불일치를 최소 수정하고 기존 L3와 위해 기제를 보존한다.",L3_MASTER|NIST_AI_RMF|OECD_AI_PRINCIPLES|KOREA_AI_BASIC_ACT|ISO_AI_RISK_23894|OECD_AIM_TERMS|UNESCO_AI_ETHICS|SOURCE_ENGLISH_DEFINITION|POLICY_AND_TECHNICAL_TERMINOLOGY_QA|ENGLISH_TECHNICAL_ORTHOGRAPHY_QA|KOREAN_LANGUAGE_QA_20260829|BRITISH_ENGLISH_QA_20260829|EXPERT_TERMINOLOGY_REVIEW_20260829,,,,STALE_AFTER_TEXT_EDIT_NO_EM_RERUN
L0_RAI,책임 있는 인공지능,Responsible AI,L1_P,피지컬 AI,Physical AI,로봇과 자율주행차를 포함하여 물리 세계를 인식하고 물리적 행동을 수행하는 체화형 또는 사이버물리 AI 시스템.,"Embodied or cyber-physical systems, including robots and autonomous vehicles, that perceive and act in the physical world.",P_SYS,시스템,System,"AI 시스템의 내부 설계, 데이터, 모델, 인프라, 통제 또는 운영 과정에서 발생하는 리스크.","Risks arising from the internal design, data, models, infrastructure, controls, or operational processes of an AI system.",P_SYS_CONTROL,안전하지 않은 물리 제어·구동,Unsafe Physical Control and Actuation,"로봇 자체의 제어 시스템·액추에이터·모션 제어·경로 계획·실행의 결함으로 로봇이 잘못 움직이거나 구동하여, 사람의 존재 여부와 무관하게 의도하지 않은 물리 행동을 일으키는 리스크

(로봇이 정상적으로 작동하더라도 사람 주변에서 작동함으로 인해 발생하는 위험은 ""Human-Robot Physical Safety Failure""에서 다룸).","The risk that faults in the robot's own control systems, actuators, motion control, path planning, or execution cause it to move or actuate incorrectly—producing unintended physical actions—irrespective of whether humans are present 

(hazards arising specifically from operating around people, when the robot is otherwise functioning as designed, are covered under ""Human-Robot Physical Safety Failure"").",P_SYS_CONTROL_004,자율 로봇의 물리적 침입·절도,Autonomous physical intrusion and theft,"자율 로봇이 승인 없이 제한 구역에 침입하거나 잠금장치를 우회하고, 보안 공간을 정찰하거나 물체를 가져가는 리스크.","The risk that an autonomous robot enters restricted spaces without authorisation, bypasses locks, conducts reconnaissance in secure areas, or takes physical objects.",,,EM,,,,,,,,,,,,,,,,,,,,,,,,,,,SRC-P-0034,Physical,RAI4-0304,RAI4-0304,,SOURCE_DOMAIN,REWRITE_KEEP|PEER_REVIEW|ENGLISH_COPYEDIT|FINAL_TERMINOLOGY_L3_QA,Peer-review spacing restoration | EOC-0295:ENGLISH_ORTHOGRAPHY | FQA-115:LANGUAGE_REFINEMENT:독립 언어·용어 감사에서 확인된 문법·호응·전문용어 또는 한영 의미 불일치를 최소 수정하고 기존 L3와 위해 기제를 보존한다.,L3_MASTER|NIST_AI_RMF|OECD_AI_PRINCIPLES|KOREA_AI_BASIC_ACT|ISO_AI_RISK_23894|OECD_AIM_TERMS|UNESCO_AI_ETHICS|SOURCE_ENGLISH_DEFINITION|ENGLISH_TECHNICAL_ORTHOGRAPHY_QA|KOREAN_LANGUAGE_QA_20260829|BRITISH_ENGLISH_QA_20260829|POLICY_AND_TECHNICAL_TERMINOLOGY_QA|EXPERT_TERMINOLOGY_REVIEW_20260829,,,,STALE_AFTER_TEXT_EDIT_NO_EM_RERUN
L0_RAI,책임 있는 인공지능,Responsible AI,L1_P,피지컬 AI,Physical AI,로봇과 자율주행차를 포함하여 물리 세계를 인식하고 물리적 행동을 수행하는 체화형 또는 사이버물리 AI 시스템.,"Embodied or cyber-physical systems, including robots and autonomous vehicles, that perceive and act in the physical world.",P_SYS,시스템,System,"AI 시스템의 내부 설계, 데이터, 모델, 인프라, 통제 또는 운영 과정에서 발생하는 리스크.","Risks arising from the internal design, data, models, infrastructure, controls, or operational processes of an AI system.",P_SYS_CONTROL,안전하지 않은 물리 제어·구동,Unsafe Physical Control and Actuation,"로봇 자체의 제어 시스템·액추에이터·모션 제어·경로 계획·실행의 결함으로 로봇이 잘못 움직이거나 구동하여, 사람의 존재 여부와 무관하게 의도하지 않은 물리 행동을 일으키는 리스크

(로봇이 정상적으로 작동하더라도 사람 주변에서 작동함으로 인해 발생하는 위험은 ""Human-Robot Physical Safety Failure""에서 다룸).","The risk that faults in the robot's own control systems, actuators, motion control, path planning, or execution cause it to move or actuate incorrectly—producing unintended physical actions—irrespective of whether humans are present 

(hazards arising specifically from operating around people, when the robot is otherwise functioning as designed, are covered under ""Human-Robot Physical Safety Failure"").",P_SYS_CONTROL_005,클라우드 오프로드 의존 실패,Cloud-offload dependency failure,로봇 제어 시스템이 안전 관련 기능을 원격 연산에 의존하지만 클라우드 연결 장애에 대비한 적절한 로컬 대체 절차나 기능을 갖추지 않아 해당 기능이 중단되는 위험.,"The risk that a robot control system depends on remote computing for safety-relevant functions but lacks an adequate local fallback when the cloud connection fails, interrupting those functions.",,,HD,,,,,,,,,,,,,,,,,,,,,,,,,,L3_REASSIGNED_BY_HUMAN_REVIEW_ROUND2,SRC-P-0045,Physical,RAI4-0300,RAI4-0300,,HUMAN_REVIEW_ROUND2,HUMAN_REVIEW_L3_REASSIGNMENT|KOREAN_COPYEDIT|FINAL_TERMINOLOGY_L3_QA,Peer-review spacing restoration | KOC-0450:ORTHOGRAPHY | FQA-113:LANGUAGE_REFINEMENT:독립 언어·용어 감사에서 확인된 문법·호응·전문용어 또는 한영 의미 불일치를 최소 수정하고 기존 L3와 위해 기제를 보존한다.,L3_MASTER|NIST_AI_RMF|OECD_AI_PRINCIPLES|KOREA_AI_BASIC_ACT|ISO_AI_RISK_23894|OECD_AIM_TERMS|UNESCO_AI_ETHICS|KOREAN_ORTHOGRAPHY_AND_SPACING_QA|SOURCE_ENGLISH_DEFINITION|KOREAN_LANGUAGE_QA_20260829|BRITISH_ENGLISH_QA_20260829|POLICY_AND_TECHNICAL_TERMINOLOGY_QA|EXPERT_TERMINOLOGY_REVIEW_20260829,,,,STALE_AFTER_TEXT_EDIT_NO_EM_RERUN
L0_RAI,책임 있는 인공지능,Responsible AI,L1_P,피지컬 AI,Physical AI,로봇과 자율주행차를 포함하여 물리 세계를 인식하고 물리적 행동을 수행하는 체화형 또는 사이버물리 AI 시스템.,"Embodied or cyber-physical systems, including robots and autonomous vehicles, that perceive and act in the physical world.",P_SYS,시스템,System,"AI 시스템의 내부 설계, 데이터, 모델, 인프라, 통제 또는 운영 과정에서 발생하는 리스크.","Risks arising from the internal design, data, models, infrastructure, controls, or operational processes of an AI system.",P_SYS_CONTROL,안전하지 않은 물리 제어·구동,Unsafe Physical Control and Actuation,"로봇 자체의 제어 시스템·액추에이터·모션 제어·경로 계획·실행의 결함으로 로봇이 잘못 움직이거나 구동하여, 사람의 존재 여부와 무관하게 의도하지 않은 물리 행동을 일으키는 리스크

(로봇이 정상적으로 작동하더라도 사람 주변에서 작동함으로 인해 발생하는 위험은 ""Human-Robot Physical Safety Failure""에서 다룸).","The risk that faults in the robot's own control systems, actuators, motion control, path planning, or execution cause it to move or actuate incorrectly—producing unintended physical actions—irrespective of whether humans are present 

(hazards arising specifically from operating around people, when the robot is otherwise functioning as designed, are covered under ""Human-Robot Physical Safety Failure"").",P_SYS_CONTROL_006,명령의 구현체별 하드웨어 한계 초과,Command exceeds embodiment-specific hardware limits,모델이 배포된 로봇의 알려진 도달 범위·탑재 하중·액추에이터·관절·엔드 이펙터 한계를 넘는 명령을 내리는 위험.,"The risk that a model issues a command that exceeds the known reach, payload, actuator, joint, or end-effector limits of the robot on which it is deployed.",F03,AD,HD,,,,,,,,,,,,,,,,,,,,,,,,,,L3_REASSIGNED_BY_HUMAN_REVIEW_ROUND2,SRC-G-0022,General,RAI4-0195,RAI4-0195,Physical AI의 하위로 L4 리스크 카드를 분류하고 L3와 재매핑을 시킬것,HUMAN_REVIEW_ROUND2,HUMAN_REVIEW_L3_REASSIGNMENT|KOREAN_COPYEDIT|ENGLISH_COPYEDIT,Peer-review spacing restoration | KOC-0451:ORTHOGRAPHY | EOC-0286:ENGLISH_ORTHOGRAPHY,L3_MASTER|NIST_AI_RMF|OECD_AI_PRINCIPLES|KOREA_AI_BASIC_ACT|ISO_AI_RISK_23894|OECD_AIM_TERMS|UNESCO_AI_ETHICS|KOREAN_ORTHOGRAPHY_AND_SPACING_QA|SOURCE_ENGLISH_DEFINITION|ENGLISH_TECHNICAL_ORTHOGRAPHY_QA,,,,STALE_AFTER_TEXT_EDIT_NO_EM_RERUN
L0_RAI,책임 있는 인공지능,Responsible AI,L1_P,피지컬 AI,Physical AI,로봇과 자율주행차를 포함하여 물리 세계를 인식하고 물리적 행동을 수행하는 체화형 또는 사이버물리 AI 시스템.,"Embodied or cyber-physical systems, including robots and autonomous vehicles, that perceive and act in the physical world.",P_SYS,시스템,System,"AI 시스템의 내부 설계, 데이터, 모델, 인프라, 통제 또는 운영 과정에서 발생하는 리스크.","Risks arising from the internal design, data, models, infrastructure, controls, or operational processes of an AI system.",P_SYS_CONTROL,안전하지 않은 물리 제어·구동,Unsafe Physical Control and Actuation,"로봇 자체의 제어 시스템·액추에이터·모션 제어·경로 계획·실행의 결함으로 로봇이 잘못 움직이거나 구동하여, 사람의 존재 여부와 무관하게 의도하지 않은 물리 행동을 일으키는 리스크

(로봇이 정상적으로 작동하더라도 사람 주변에서 작동함으로 인해 발생하는 위험은 ""Human-Robot Physical Safety Failure""에서 다룸).","The risk that faults in the robot's own control systems, actuators, motion control, path planning, or execution cause it to move or actuate incorrectly—producing unintended physical actions—irrespective of whether humans are present 

(hazards arising specifically from operating around people, when the robot is otherwise functioning as designed, are covered under ""Human-Robot Physical Safety Failure"").",P_SYS_CONTROL_007,통신 단절 및 제어 링크 손실,Communication dropout and control-link loss,로봇 또는 차량이 명령·원격 측정·제어 링크를 잃어 안전하지 않은 정지·오래된 명령 또는 제어되지 않는 동작을 초래하는 위험.,"The risk that a robot or vehicle loses command, telemetry, or control-link connectivity, causing an unsafe stop, execution of stale commands, or uncontrolled motion.",,,EM,,,,,,,,,,,,,,,,,,,,,,,,,,,SRC-P-0029,Physical,RAI4-0293,RAI4-0293,,SOURCE_DOMAIN,REWRITE_KEEP|PEER_REVIEW|KOREAN_COPYEDIT|FINAL_TERMINOLOGY_L3_QA,Peer-review spacing restoration | KOC-0475:ORTHOGRAPHY | FQA-116:LANGUAGE_REFINEMENT:독립 언어·용어 감사에서 확인된 문법·호응·전문용어 또는 한영 의미 불일치를 최소 수정하고 기존 L3와 위해 기제를 보존한다.,L3_MASTER|NIST_AI_RMF|OECD_AI_PRINCIPLES|KOREA_AI_BASIC_ACT|ISO_AI_RISK_23894|OECD_AIM_TERMS|UNESCO_AI_ETHICS|KOREAN_ORTHOGRAPHY_AND_SPACING_QA|SOURCE_ENGLISH_DEFINITION|KOREAN_LANGUAGE_QA_20260829|BRITISH_ENGLISH_QA_20260829|POLICY_AND_TECHNICAL_TERMINOLOGY_QA|EXPERT_TERMINOLOGY_REVIEW_20260829,,,,STALE_AFTER_TEXT_EDIT_NO_EM_RERUN
L0_RAI,책임 있는 인공지능,Responsible AI,L1_P,피지컬 AI,Physical AI,로봇과 자율주행차를 포함하여 물리 세계를 인식하고 물리적 행동을 수행하는 체화형 또는 사이버물리 AI 시스템.,"Embodied or cyber-physical systems, including robots and autonomous vehicles, that perceive and act in the physical world.",P_SYS,시스템,System,"AI 시스템의 내부 설계, 데이터, 모델, 인프라, 통제 또는 운영 과정에서 발생하는 리스크.","Risks arising from the internal design, data, models, infrastructure, controls, or operational processes of an AI system.",P_SYS_CONTROL,안전하지 않은 물리 제어·구동,Unsafe Physical Control and Actuation,"로봇 자체의 제어 시스템·액추에이터·모션 제어·경로 계획·실행의 결함으로 로봇이 잘못 움직이거나 구동하여, 사람의 존재 여부와 무관하게 의도하지 않은 물리 행동을 일으키는 리스크

(로봇이 정상적으로 작동하더라도 사람 주변에서 작동함으로 인해 발생하는 위험은 ""Human-Robot Physical Safety Failure""에서 다룸).","The risk that faults in the robot's own control systems, actuators, motion control, path planning, or execution cause it to move or actuate incorrectly—producing unintended physical actions—irrespective of whether humans are present 

(hazards arising specifically from operating around people, when the robot is otherwise functioning as designed, are covered under ""Human-Robot Physical Safety Failure"").",P_SYS_CONTROL_008,정밀 휴머노이드 조작의 접촉력 제어 실패,Contact-force control failure in dexterous humanoid manipulation,정밀 휴머노이드 손 또는 전신 조작기가 파지·균형·물체 동역학을 통합적으로 제어하지 못하여 과도하거나 불안정한 접촉력을 가하고 인체 상해나 물체 손상을 초래하는 리스크.,"The risk that a dexterous humanoid hand or whole-body manipulator fails to jointly control grasp, balance, and object dynamics, applying excessive or unstable contact forces and causing bodily injury or object damage.",,,EM,,,,,,,,,,,,,,,,,,,,,,,,,,,SRC-P-0148,Physical,RAI4-0247,RAI4-0247,,SOURCE_DOMAIN,REWRITE_KEEP|PEER_REVIEW|KOREAN_COPYEDIT|ENGLISH_COPYEDIT|FINAL_TERMINOLOGY_L3_QA,Peer-review spacing restoration | KOC-0478:TERMINOLOGY_AND_SYNTAX | EOC-0297:ENGLISH_ORTHOGRAPHY | FQA-118:LANGUAGE_REFINEMENT:독립 언어·용어 감사에서 확인된 문법·호응·전문용어 또는 한영 의미 불일치를 최소 수정하고 기존 L3와 위해 기제를 보존한다.,L3_MASTER|NIST_AI_RMF|OECD_AI_PRINCIPLES|KOREA_AI_BASIC_ACT|ISO_AI_RISK_23894|OECD_AIM_TERMS|UNESCO_AI_ETHICS|SOURCE_ENGLISH_DEFINITION|POLICY_AND_TECHNICAL_TERMINOLOGY_QA|ENGLISH_TECHNICAL_ORTHOGRAPHY_QA|KOREAN_LANGUAGE_QA_20260829|BRITISH_ENGLISH_QA_20260829|EXPERT_TERMINOLOGY_REVIEW_20260829,,,,STALE_AFTER_TEXT_EDIT_NO_EM_RERUN
L0_RAI,책임 있는 인공지능,Responsible AI,L1_P,피지컬 AI,Physical AI,로봇과 자율주행차를 포함하여 물리 세계를 인식하고 물리적 행동을 수행하는 체화형 또는 사이버물리 AI 시스템.,"Embodied or cyber-physical systems, including robots and autonomous vehicles, that perceive and act in the physical world.",P_SYS,시스템,System,"AI 시스템의 내부 설계, 데이터, 모델, 인프라, 통제 또는 운영 과정에서 발생하는 리스크.","Risks arising from the internal design, data, models, infrastructure, controls, or operational processes of an AI system.",P_SYS_CONTROL,안전하지 않은 물리 제어·구동,Unsafe Physical Control and Actuation,"로봇 자체의 제어 시스템·액추에이터·모션 제어·경로 계획·실행의 결함으로 로봇이 잘못 움직이거나 구동하여, 사람의 존재 여부와 무관하게 의도하지 않은 물리 행동을 일으키는 리스크

(로봇이 정상적으로 작동하더라도 사람 주변에서 작동함으로 인해 발생하는 위험은 ""Human-Robot Physical Safety Failure""에서 다룸).","The risk that faults in the robot's own control systems, actuators, motion control, path planning, or execution cause it to move or actuate incorrectly—producing unintended physical actions—irrespective of whether humans are present 

(hazards arising specifically from operating around people, when the robot is otherwise functioning as designed, are covered under ""Human-Robot Physical Safety Failure"").",P_SYS_CONTROL_009,제어 루프의 실시간 기한 미준수,Control-loop deadline miss,"안전 필수 제어 루프가 로봇 동작을 수정해야 하는 실시간 기한을 넘겨, 오래된 상태 정보에 기반한 제어가 계산되거나 안전 조치가 뒤늦게 적용되는 리스크.","The risk that a safety-critical control loop misses the real-time deadline for correcting robot motion, causing control to use stale state information or safety measures to be applied too late.",,,EM,,,,,,,,,,,,,,,,,,,,,,,,,,,SRC-P-0030,Physical,RAI4-0296,RAI4-0296,,SOURCE_DOMAIN,REWRITE_KEEP|PEER_REVIEW|L3_AI_GROUNDING|KOREAN_COPYEDIT|FINAL_TERMINOLOGY_L3_QA,"Bilingual definition grounded in an explicit AI technology, causal mechanism, and immutable L3 scope | KOC-0476:SENTENCE_RECONSTRUCTION | FQA-117:LANGUAGE_REFINEMENT:독립 언어·용어 감사에서 확인된 문법·호응·전문용어 또는 한영 의미 불일치를 최소 수정하고 기존 L3와 위해 기제를 보존한다.",L3_MASTER|NIST_AI_RMF|OECD_AI_PRINCIPLES|KOREA_AI_BASIC_ACT|ISO_AI_RISK_23894|OECD_AIM_TERMS|UNESCO_AI_ETHICS|SOURCE_ENGLISH_DEFINITION|POLICY_AND_TECHNICAL_TERMINOLOGY_QA|KOREAN_LANGUAGE_QA_20260829|BRITISH_ENGLISH_QA_20260829|EXPERT_TERMINOLOGY_REVIEW_20260829,,,,STALE_AFTER_TEXT_EDIT_NO_EM_RERUN
L0_RAI,책임 있는 인공지능,Responsible AI,L1_P,피지컬 AI,Physical AI,로봇과 자율주행차를 포함하여 물리 세계를 인식하고 물리적 행동을 수행하는 체화형 또는 사이버물리 AI 시스템.,"Embodied or cyber-physical systems, including robots and autonomous vehicles, that perceive and act in the physical world.",P_SYS,시스템,System,"AI 시스템의 내부 설계, 데이터, 모델, 인프라, 통제 또는 운영 과정에서 발생하는 리스크.","Risks arising from the internal design, data, models, infrastructure, controls, or operational processes of an AI system.",P_SYS_CONTROL,안전하지 않은 물리 제어·구동,Unsafe Physical Control and Actuation,"로봇 자체의 제어 시스템·액추에이터·모션 제어·경로 계획·실행의 결함으로 로봇이 잘못 움직이거나 구동하여, 사람의 존재 여부와 무관하게 의도하지 않은 물리 행동을 일으키는 리스크

(로봇이 정상적으로 작동하더라도 사람 주변에서 작동함으로 인해 발생하는 위험은 ""Human-Robot Physical Safety Failure""에서 다룸).","The risk that faults in the robot's own control systems, actuators, motion control, path planning, or execution cause it to move or actuate incorrectly—producing unintended physical actions—irrespective of whether humans are present 

(hazards arising specifically from operating around people, when the robot is otherwise functioning as designed, are covered under ""Human-Robot Physical Safety Failure"").",P_SYS_CONTROL_010,부하 상태의 열·전력 제한에 따른 제어 성능 저하,Control-performance degradation from thermal and power throttling under load,로봇·휴머노이드 또는 피지컬 AI 시스템이 지속적인 부하 상태에서 열 또는 전력 한계로 연산·액추에이터 성능이 제한되어 제어와 인지의 실시간성을 상실하는 위험.,"The risk that heat or power constraints throttle the compute or actuator performance of a robot, humanoid, or physical AI system under sustained load, causing control or perception to miss real-time requirements.",,,EM,,,,,,,,,,,,,,,,,,,,,,,,,,,SRC-P-0032,Physical,RAI4-0299,RAI4-0299,,SOURCE_DOMAIN,REWRITE_KEEP|PEER_REVIEW|L3_AI_GROUNDING|KOREAN_COPYEDIT|ENGLISH_COPYEDIT|FINAL_TERMINOLOGY_L3_QA,"Bilingual definition grounded in an explicit AI technology, causal mechanism, and immutable L3 scope | KOC-0493:TERMINOLOGY_AND_SYNTAX | EOC-0306:ENGLISH_ORTHOGRAPHY | FQA-124:LANGUAGE_REFINEMENT:독립 언어·용어 감사에서 확인된 문법·호응·전문용어 또는 한영 의미 불일치를 최소 수정하고 기존 L3와 위해 기제를 보존한다.",L3_MASTER|NIST_AI_RMF|OECD_AI_PRINCIPLES|KOREA_AI_BASIC_ACT|ISO_AI_RISK_23894|OECD_AIM_TERMS|UNESCO_AI_ETHICS|SOURCE_ENGLISH_DEFINITION|POLICY_AND_TECHNICAL_TERMINOLOGY_QA|ENGLISH_TECHNICAL_ORTHOGRAPHY_QA|KOREAN_LANGUAGE_QA_20260829|BRITISH_ENGLISH_QA_20260829|EXPERT_TERMINOLOGY_REVIEW_20260829,,,,STALE_AFTER_TEXT_EDIT_NO_EM_RERUN
L0_RAI,책임 있는 인공지능,Responsible AI,L1_P,피지컬 AI,Physical AI,로봇과 자율주행차를 포함하여 물리 세계를 인식하고 물리적 행동을 수행하는 체화형 또는 사이버물리 AI 시스템.,"Embodied or cyber-physical systems, including robots and autonomous vehicles, that perceive and act in the physical world.",P_SYS,시스템,System,"AI 시스템의 내부 설계, 데이터, 모델, 인프라, 통제 또는 운영 과정에서 발생하는 리스크.","Risks arising from the internal design, data, models, infrastructure, controls, or operational processes of an AI system.",P_SYS_CONTROL,안전하지 않은 물리 제어·구동,Unsafe Physical Control and Actuation,"로봇 자체의 제어 시스템·액추에이터·모션 제어·경로 계획·실행의 결함으로 로봇이 잘못 움직이거나 구동하여, 사람의 존재 여부와 무관하게 의도하지 않은 물리 행동을 일으키는 리스크

(로봇이 정상적으로 작동하더라도 사람 주변에서 작동함으로 인해 발생하는 위험은 ""Human-Robot Physical Safety Failure""에서 다룸).","The risk that faults in the robot's own control systems, actuators, motion control, path planning, or execution cause it to move or actuate incorrectly—producing unintended physical actions—irrespective of whether humans are present 

(hazards arising specifically from operating around people, when the robot is otherwise functioning as designed, are covered under ""Human-Robot Physical Safety Failure"").",P_SYS_CONTROL_011,구현체 간 행동 공간 불일치,Cross-embodiment action-space mismatch,다양한 로봇 구현체에 걸쳐 훈련된 정책이 특정 로봇의 행동 공간에서 안전하지 않거나 실행 불가능한 행동으로 명령을 매핑하는 리스크.,The risk that a policy trained across different robot embodiments maps commands into actions that are unsafe or infeasible for a specific robot action space.,,,EM,0.7286660075187683,0.017142999917268753,1.0,0.6962739825248718,1.0283360481262207,0.31271401047706604,구현체 간 행동 공간 불일치,구현 훈련 정책,명령 매핑,Cross-embodiment action-space mismatch,embodiments maps commands,trained across different,P_SYS_STATE,0.0,0.465085,0.29967,NO_DIRECT_LEXICAL_SUPPORT,P_SYS_CONTROL,0.728666,1.028336,P_INT_SAFETY,0.711523,0.715622,P_SYS_CONTROL,P_INT_SAFETY,,SRC-P-0179,Physical,RAI4-0236,RAI4-0236,"L3 이동 — 다양한 로봇 구현체에 훈련된 정책이 특정 로봇의 행동 공간에 부적합한 명령을 매핑하는 것은 로봇 기능·성능(cross-embodiment) 이슈로, 멀티 에이전트 간 협력과는 무관",SOURCE_DOMAIN,REWRITE_KEEP|PEER_REVIEW|KOREAN_COPYEDIT,Peer-review spacing restoration | KOC-0477:ORTHOGRAPHY,L3_MASTER|NIST_AI_RMF|OECD_AI_PRINCIPLES|KOREA_AI_BASIC_ACT|ISO_AI_RISK_23894|OECD_AIM_TERMS|UNESCO_AI_ETHICS|KOREAN_ORTHOGRAPHY_AND_SPACING_QA,CURATED_SOURCE_MECHANISM_PRIOR:P_SYS_CONTROL|PREREQUISITE_FILTER:,P_SYS_CONTROL,0.728371,STALE_AFTER_TEXT_EDIT_NO_EM_RERUN
L0_RAI,책임 있는 인공지능,Responsible AI,L1_P,피지컬 AI,Physical AI,로봇과 자율주행차를 포함하여 물리 세계를 인식하고 물리적 행동을 수행하는 체화형 또는 사이버물리 AI 시스템.,"Embodied or cyber-physical systems, including robots and autonomous vehicles, that perceive and act in the physical world.",P_SYS,시스템,System,"AI 시스템의 내부 설계, 데이터, 모델, 인프라, 통제 또는 운영 과정에서 발생하는 리스크.","Risks arising from the internal design, data, models, infrastructure, controls, or operational processes of an AI system.",P_SYS_CONTROL,안전하지 않은 물리 제어·구동,Unsafe Physical Control and Actuation,"로봇 자체의 제어 시스템·액추에이터·모션 제어·경로 계획·실행의 결함으로 로봇이 잘못 움직이거나 구동하여, 사람의 존재 여부와 무관하게 의도하지 않은 물리 행동을 일으키는 리스크

(로봇이 정상적으로 작동하더라도 사람 주변에서 작동함으로 인해 발생하는 위험은 ""Human-Robot Physical Safety Failure""에서 다룸).","The risk that faults in the robot's own control systems, actuators, motion control, path planning, or execution cause it to move or actuate incorrectly—producing unintended physical actions—irrespective of whether humans are present 

(hazards arising specifically from operating around people, when the robot is otherwise functioning as designed, are covered under ""Human-Robot Physical Safety Failure"").",P_SYS_CONTROL_012,피지컬 AI 시스템 설계 단계 명세 오류,Design-stage specification errors,"로봇·휴머노이드 또는 피지컬 AI 시스템의 배포 전 설계 단계에서 발생한 코드 결함, 목적 함수 가중치 불균형, 인간 가치와 어긋난 목표 설정 등으로 인해 시스템 행동이 의도된 형식적 속성에서 이탈하는 리스크.","The risk that pre-deployment design errors in a robot, humanoid, or physical AI system, including code defects, disproportionate objective weights, or goals misaligned with human values, cause system behaviour to depart from intended formal properties.",,,HD,,,,,,,,,,,,,,,,,,,,,,,,,,HUMAN_REVIEW_ROUND2_RECOVERY,SRC-P-0059,Physical,RAI4-1284,RAI4-1284,,HUMAN_REVIEW_ROUND2,REWRITE_KEEP|PEER_REVIEW|L3_AI_GROUNDING|KOREAN_COPYEDIT|ENGLISH_COPYEDIT|HUMAN_REVIEW_ROUND2_RECOVERY,"Bilingual definition grounded in an explicit AI technology, causal mechanism, and immutable L3 scope | KOC-0453:SENTENCE_RECONSTRUCTION | EOC-0282:ENGLISH_ORTHOGRAPHY | Second-round human-review instruction applied without EM.",L3_MASTER|NIST_AI_RMF|OECD_AI_PRINCIPLES|KOREA_AI_BASIC_ACT|ISO_AI_RISK_23894|OECD_AIM_TERMS|UNESCO_AI_ETHICS|SOURCE_ENGLISH_DEFINITION|POLICY_AND_TECHNICAL_TERMINOLOGY_QA|ENGLISH_TECHNICAL_ORTHOGRAPHY_QA,,,,
L0_RAI,책임 있는 인공지능,Responsible AI,L1_P,피지컬 AI,Physical AI,로봇과 자율주행차를 포함하여 물리 세계를 인식하고 물리적 행동을 수행하는 체화형 또는 사이버물리 AI 시스템.,"Embodied or cyber-physical systems, including robots and autonomous vehicles, that perceive and act in the physical world.",P_SYS,시스템,System,"AI 시스템의 내부 설계, 데이터, 모델, 인프라, 통제 또는 운영 과정에서 발생하는 리스크.","Risks arising from the internal design, data, models, infrastructure, controls, or operational processes of an AI system.",P_SYS_CONTROL,안전하지 않은 물리 제어·구동,Unsafe Physical Control and Actuation,"로봇 자체의 제어 시스템·액추에이터·모션 제어·경로 계획·실행의 결함으로 로봇이 잘못 움직이거나 구동하여, 사람의 존재 여부와 무관하게 의도하지 않은 물리 행동을 일으키는 리스크

(로봇이 정상적으로 작동하더라도 사람 주변에서 작동함으로 인해 발생하는 위험은 ""Human-Robot Physical Safety Failure""에서 다룸).","The risk that faults in the robot's own control systems, actuators, motion control, path planning, or execution cause it to move or actuate incorrectly—producing unintended physical actions—irrespective of whether humans are present 

(hazards arising specifically from operating around people, when the robot is otherwise functioning as designed, are covered under ""Human-Robot Physical Safety Failure"").",P_SYS_CONTROL_013,물리적 운용 환경의 분포 이동,Distribution shift in physical operating environments,건물·도로·공장·가정·병원 또는 기상 조건 등 물리적 운용 환경이 로봇·휴머노이드 또는 피지컬 AI 시스템의 제어 정책이 탐지·적응할 수 있는 속도보다 빠르게 변화하여 경로 계획·동작 제어·구동이 부정확해지고 안전하지 않은 물리적 행동을 유발하는 리스크.,"The risk that physical operating environments across buildings, roads, factories, homes, hospitals, or weather conditions change faster than a robot, humanoid, or physical AI control policy can detect and adapt, degrading path planning, motion control, or actuation and causing unsafe physical actions.",,,HD,,,,,,,,,,,,,,,,,,,,,,,,,,L3_REASSIGNED_BY_HUMAN_REVIEW_ROUND2,SRC-P-0143,Physical,RAI4-0337,RAI4-0337,,HUMAN_REVIEW_ROUND2,HUMAN_REVIEW_L3_REASSIGNMENT|KOREAN_COPYEDIT|ENGLISH_COPYEDIT,"Bilingual definition grounded in an explicit AI technology, causal mechanism, and immutable L3 scope | KOC-0454:SENTENCE_RECONSTRUCTION | EOC-0287:ENGLISH_ORTHOGRAPHY",L3_MASTER|NIST_AI_RMF|OECD_AI_PRINCIPLES|KOREA_AI_BASIC_ACT|ISO_AI_RISK_23894|OECD_AIM_TERMS|UNESCO_AI_ETHICS|SOURCE_ENGLISH_DEFINITION|POLICY_AND_TECHNICAL_TERMINOLOGY_QA|ENGLISH_TECHNICAL_ORTHOGRAPHY_QA,,,,STALE_AFTER_TEXT_EDIT_NO_EM_RERUN
L0_RAI,책임 있는 인공지능,Responsible AI,L1_P,피지컬 AI,Physical AI,로봇과 자율주행차를 포함하여 물리 세계를 인식하고 물리적 행동을 수행하는 체화형 또는 사이버물리 AI 시스템.,"Embodied or cyber-physical systems, including robots and autonomous vehicles, that perceive and act in the physical world.",P_SYS,시스템,System,"AI 시스템의 내부 설계, 데이터, 모델, 인프라, 통제 또는 운영 과정에서 발생하는 리스크.","Risks arising from the internal design, data, models, infrastructure, controls, or operational processes of an AI system.",P_SYS_CONTROL,안전하지 않은 물리 제어·구동,Unsafe Physical Control and Actuation,"로봇 자체의 제어 시스템·액추에이터·모션 제어·경로 계획·실행의 결함으로 로봇이 잘못 움직이거나 구동하여, 사람의 존재 여부와 무관하게 의도하지 않은 물리 행동을 일으키는 리스크

(로봇이 정상적으로 작동하더라도 사람 주변에서 작동함으로 인해 발생하는 위험은 ""Human-Robot Physical Safety Failure""에서 다룸).","The risk that faults in the robot's own control systems, actuators, motion control, path planning, or execution cause it to move or actuate incorrectly—producing unintended physical actions—irrespective of whether humans are present 

(hazards arising specifically from operating around people, when the robot is otherwise functioning as designed, are covered under ""Human-Robot Physical Safety Failure"").",P_SYS_CONTROL_014,원자력 및 핵심 인프라에 대한 AI 제어 오류,Erroneous AI control of nuclear and critical infrastructure systems,"원자력 시설, 방사성 물질 취급, 전력망·수처리·통신·교통 등 핵심 인프라의 감시·최적화·자동화에 배포된 AI가 센서 데이터를 오독하고 중대한 안전 상태나 연쇄 장애를 인식하지 못하는 리스크. 그 결과 잘못된 제어 결정이 방사능 유출과 격리 실패, 광범위한 정전, 필수 서비스 붕괴를 초래하는 리스크.","The risk that AI deployed to monitor, optimise, or automate nuclear facilities, radioactive material handling, power grids, water treatment, telecommunications, or transport misreads sensor data and fails to recognise critical safety conditions or cascading failure modes. The resulting control decisions cause radiation release, containment failure, widespread outages, and collapse of essential services.",,,HD,,,,,,,,,,,,,,,,,,,,,,,,,,HUMAN_REVIEW_ROUND2_RECOVERY,SRC-G-0166;SRC-G-0168,General,RAI4-0608,RAI4-0552;RAI4-0608,중복: RAI4-0552(안전 필수 인프라 AI 운영 사고)와 핵심 인프라 제어 실패,HUMAN_REVIEW_ROUND2,REWRITE_KEEP|PEER_REVIEW|ENGLISH_COPYEDIT|HUMAN_REVIEW_ROUND2_RECOVERY,분량 초과: L3 수준 1문장으로 축약 필요 | EOC-0098:ENGLISH_ORTHOGRAPHY | Second-round human-review instruction applied without EM.,L3_MASTER|NIST_AI_RMF|OECD_AI_PRINCIPLES|KOREA_AI_BASIC_ACT|ISO_AI_RISK_23894|OECD_AIM_TERMS|UNESCO_AI_ETHICS|SOURCE_ENGLISH_DEFINITION|ENGLISH_TECHNICAL_ORTHOGRAPHY_QA,,,,
L0_RAI,책임 있는 인공지능,Responsible AI,L1_P,피지컬 AI,Physical AI,로봇과 자율주행차를 포함하여 물리 세계를 인식하고 물리적 행동을 수행하는 체화형 또는 사이버물리 AI 시스템.,"Embodied or cyber-physical systems, including robots and autonomous vehicles, that perceive and act in the physical world.",P_SYS,시스템,System,"AI 시스템의 내부 설계, 데이터, 모델, 인프라, 통제 또는 운영 과정에서 발생하는 리스크.","Risks arising from the internal design, data, models, infrastructure, controls, or operational processes of an AI system.",P_SYS_CONTROL,안전하지 않은 물리 제어·구동,Unsafe Physical Control and Actuation,"로봇 자체의 제어 시스템·액추에이터·모션 제어·경로 계획·실행의 결함으로 로봇이 잘못 움직이거나 구동하여, 사람의 존재 여부와 무관하게 의도하지 않은 물리 행동을 일으키는 리스크

(로봇이 정상적으로 작동하더라도 사람 주변에서 작동함으로 인해 발생하는 위험은 ""Human-Robot Physical Safety Failure""에서 다룸).","The risk that faults in the robot's own control systems, actuators, motion control, path planning, or execution cause it to move or actuate incorrectly—producing unintended physical actions—irrespective of whether humans are present 

(hazards arising specifically from operating around people, when the robot is otherwise functioning as designed, are covered under ""Human-Robot Physical Safety Failure"").",P_SYS_CONTROL_015,엔드 이펙터 속도 초과,Excessive end-effector velocity,로봇이 인간 근접 또는 취약 물체 처리 시 안전한 엔드 이펙터 속도 한계를 초과하여 충격·충돌 심각도를 높이는 리스크.,"The risk that a robot exceeds safe end-effector speed limits near humans or fragile objects, increasing impact and collision severity.",,,EM,0.7448779940605164,0.049212001264095306,1.0,0.7137979865074158,0.7515469789505005,0.04617200046777725,엔드 이펙터 속도 초과,한계 초과 충격,이펙터 속도 한계,Excessive end-effector velocity,near humans fragile,exceeds safe end-effector,P_SYS_CONTROL,0.0,0.5183,0.006669,P_INT_SAFETY=0.200,P_SYS_CONTROL,0.744879,0.751547,P_INT_SAFETY,0.695667,0.705376,P_SYS_CONTROL,P_SYS_CONTROL,,SRC-P-0013,Physical,RAI4-0206,RAI4-0206,,SOURCE_DOMAIN,REWRITE_KEEP|PEER_REVIEW|KOREAN_COPYEDIT,Peer-review spacing restoration | KOC-0479:ORTHOGRAPHY,L3_MASTER|NIST_AI_RMF|OECD_AI_PRINCIPLES|KOREA_AI_BASIC_ACT|ISO_AI_RISK_23894|OECD_AIM_TERMS|UNESCO_AI_ETHICS|KOREAN_ORTHOGRAPHY_AND_SPACING_QA,NO_CURATED_PRIOR|PREREQUISITE_FILTER:,P_SYS_CONTROL,0.745282,STALE_AFTER_TEXT_EDIT_NO_EM_RERUN
L0_RAI,책임 있는 인공지능,Responsible AI,L1_P,피지컬 AI,Physical AI,로봇과 자율주행차를 포함하여 물리 세계를 인식하고 물리적 행동을 수행하는 체화형 또는 사이버물리 AI 시스템.,"Embodied or cyber-physical systems, including robots and autonomous vehicles, that perceive and act in the physical world.",P_SYS,시스템,System,"AI 시스템의 내부 설계, 데이터, 모델, 인프라, 통제 또는 운영 과정에서 발생하는 리스크.","Risks arising from the internal design, data, models, infrastructure, controls, or operational processes of an AI system.",P_SYS_CONTROL,안전하지 않은 물리 제어·구동,Unsafe Physical Control and Actuation,"로봇 자체의 제어 시스템·액추에이터·모션 제어·경로 계획·실행의 결함으로 로봇이 잘못 움직이거나 구동하여, 사람의 존재 여부와 무관하게 의도하지 않은 물리 행동을 일으키는 리스크

(로봇이 정상적으로 작동하더라도 사람 주변에서 작동함으로 인해 발생하는 위험은 ""Human-Robot Physical Safety Failure""에서 다룸).","The risk that faults in the robot's own control systems, actuators, motion control, path planning, or execution cause it to move or actuate incorrectly—producing unintended physical actions—irrespective of whether humans are present 

(hazards arising specifically from operating around people, when the robot is otherwise functioning as designed, are covered under ""Human-Robot Physical Safety Failure"").",P_SYS_CONTROL_016,위험 지시 거부 실패,Failure to reject hazardous instructions,체화형 AI 에이전트가 물리적 위험을 수반하는 지시가 명시적으로 제시되었거나 일반적인 과업 요청에 암묵적으로 포함된 경우에도 이를 식별·거부하지 못하고 안전하지 않은 행동을 수행하는 리스크.,"The risk that an embodied AI agent fails to identify and reject an instruction involving a physical hazard, whether the hazard is explicit or implicit in an otherwise ordinary task request, and proceeds to execute an unsafe action.",,,HD,,,,,,,,,,,,,,,,,,,,,,,,,,HUMAN_REVIEW_ROUND2_RECOVERY,SRC-G-0013,General,RAI4-0228,RAI4-0228,Physical AI의 하위로 L4 리스크 카드를 분류하고 L3와 재매핑을 시킬것,HUMAN_REVIEW_ROUND2,REWRITE_KEEP|PEER_REVIEW|L3_AI_GROUNDING|KOREAN_COPYEDIT|ENGLISH_COPYEDIT|HUMAN_REVIEW_L3_REASSIGNMENT|FINAL_TERMINOLOGY_L3_QA|HUMAN_REVIEW_ROUND2_RECOVERY,"Bilingual definition grounded in an explicit AI technology, causal mechanism, and immutable L3 scope | KOC-0442:SENTENCE_RECONSTRUCTION | EOC-0271:ENGLISH_ORTHOGRAPHY | Second-round human-review instruction applied without EM.",L3_MASTER|NIST_AI_RMF|OECD_AI_PRINCIPLES|KOREA_AI_BASIC_ACT|ISO_AI_RISK_23894|OECD_AIM_TERMS|UNESCO_AI_ETHICS|SOURCE_ENGLISH_DEFINITION|POLICY_AND_TECHNICAL_TERMINOLOGY_QA|ENGLISH_TECHNICAL_ORTHOGRAPHY_QA|HUMAN_REVIEW_ROUND2|EXPERT_L3_ALIGNMENT_REVIEW_20260829,,,,
L0_RAI,책임 있는 인공지능,Responsible AI,L1_P,피지컬 AI,Physical AI,로봇과 자율주행차를 포함하여 물리 세계를 인식하고 물리적 행동을 수행하는 체화형 또는 사이버물리 AI 시스템.,"Embodied or cyber-physical systems, including robots and autonomous vehicles, that perceive and act in the physical world.",P_SYS,시스템,System,"AI 시스템의 내부 설계, 데이터, 모델, 인프라, 통제 또는 운영 과정에서 발생하는 리스크.","Risks arising from the internal design, data, models, infrastructure, controls, or operational processes of an AI system.",P_SYS_CONTROL,안전하지 않은 물리 제어·구동,Unsafe Physical Control and Actuation,"로봇 자체의 제어 시스템·액추에이터·모션 제어·경로 계획·실행의 결함으로 로봇이 잘못 움직이거나 구동하여, 사람의 존재 여부와 무관하게 의도하지 않은 물리 행동을 일으키는 리스크

(로봇이 정상적으로 작동하더라도 사람 주변에서 작동함으로 인해 발생하는 위험은 ""Human-Robot Physical Safety Failure""에서 다룸).","The risk that faults in the robot's own control systems, actuators, motion control, path planning, or execution cause it to move or actuate incorrectly—producing unintended physical actions—irrespective of whether humans are present 

(hazards arising specifically from operating around people, when the robot is otherwise functioning as designed, are covered under ""Human-Robot Physical Safety Failure"").",P_SYS_CONTROL_017,물리적 위험에 대한 적시 대응 실패,Failure to respond promptly to physical hazards,로봇·휴머노이드 또는 피지컬 AI 시스템이 사람·차량·도구·물체가 예기치 않게 경로에 진입하는 경우를 포함한 위험한 물리적 상황에서 적시에 개입하거나 위험 행동을 거부하거나 이동 계획을 수정하지 못하여 충돌이나 상해를 초래하는 리스크.,"The risk that a robot, humanoid, or physical AI system fails to intervene, reject a hazardous action, or update its motion plan promptly in a hazardous physical situation, including when a person, vehicle, tool, or object unexpectedly enters its path, causing collision or injury.",,,HD,,,,,,,,,,,,,,,,,,,,,,,,,,L3_REASSIGNED_BY_HUMAN_REVIEW_ROUND2,SRC-G-0010,General,RAI4-0182,RAI4-0182,"영문 Title을 수정할 것: Failure to Timely Respond to Physical Hazards, Physical AI로 재분류 할것",HUMAN_REVIEW_ROUND2,HUMAN_REVIEW_L3_REASSIGNMENT|KOREAN_COPYEDIT|ENGLISH_COPYEDIT,"Bilingual definition grounded in an explicit AI technology, causal mechanism, and immutable L3 scope | KOC-0456:SENTENCE_RECONSTRUCTION | EOC-0288:ENGLISH_ORTHOGRAPHY",L3_MASTER|NIST_AI_RMF|OECD_AI_PRINCIPLES|KOREA_AI_BASIC_ACT|ISO_AI_RISK_23894|OECD_AIM_TERMS|UNESCO_AI_ETHICS|SOURCE_ENGLISH_DEFINITION|POLICY_AND_TECHNICAL_TERMINOLOGY_QA|ENGLISH_TECHNICAL_ORTHOGRAPHY_QA,,,,STALE_AFTER_TEXT_EDIT_NO_EM_RERUN
L0_RAI,책임 있는 인공지능,Responsible AI,L1_P,피지컬 AI,Physical AI,로봇과 자율주행차를 포함하여 물리 세계를 인식하고 물리적 행동을 수행하는 체화형 또는 사이버물리 AI 시스템.,"Embodied or cyber-physical systems, including robots and autonomous vehicles, that perceive and act in the physical world.",P_SYS,시스템,System,"AI 시스템의 내부 설계, 데이터, 모델, 인프라, 통제 또는 운영 과정에서 발생하는 리스크.","Risks arising from the internal design, data, models, infrastructure, controls, or operational processes of an AI system.",P_SYS_CONTROL,안전하지 않은 물리 제어·구동,Unsafe Physical Control and Actuation,"로봇 자체의 제어 시스템·액추에이터·모션 제어·경로 계획·실행의 결함으로 로봇이 잘못 움직이거나 구동하여, 사람의 존재 여부와 무관하게 의도하지 않은 물리 행동을 일으키는 리스크

(로봇이 정상적으로 작동하더라도 사람 주변에서 작동함으로 인해 발생하는 위험은 ""Human-Robot Physical Safety Failure""에서 다룸).","The risk that faults in the robot's own control systems, actuators, motion control, path planning, or execution cause it to move or actuate incorrectly—producing unintended physical actions—irrespective of whether humans are present 

(hazards arising specifically from operating around people, when the robot is otherwise functioning as designed, are covered under ""Human-Robot Physical Safety Failure"").",P_SYS_CONTROL_018,정밀 운동 제어 불안정성,Fine motor control instability,"정밀 로봇 손, 수술 도구, 외골격 또는 산업용 그리퍼의 작은 제어 오차가 증폭되어 예기치 않은 움직임, 충돌 또는 신체적 상해를 초래하는 리스크.","The risk that small control errors in dexterous robotic hands, surgical tools, exoskeletons, or industrial grippers are amplified into unexpected movement, collision, or physical injury.",,,EM,0.7800520062446594,0.03807000070810318,1.0,0.7532410025596619,0.8183910250663757,0.06649400293827057,정밀 운동 제어 불안정성,신체 상해,수술 도구 골격,Fine motor control instability,grippers amplified unexpected,hands surgical tools,P_SYS_CONTROL,0.4,0.55349,0.038338,P_INT_SAFETY=0.400|P_SYS_CONTROL=0.400|P_INT_TAMPER=0.100,P_SYS_CONTROL,0.780052,0.818391,P_SYS_HARDWARE,0.741982,0.751897,P_SYS_CONTROL,P_SYS_CONTROL,,SRC-P-0046,Physical,RAI4-0333,RAI4-0333,,SOURCE_DOMAIN,EDIT|REWRITE_KEEP|PEER_REVIEW|KOREAN_COPYEDIT,Peer-review spacing restoration | KOC-0480:ORTHOGRAPHY,L3_MASTER|NIST_AI_RMF|OECD_AI_PRINCIPLES|KOREA_AI_BASIC_ACT|ISO_AI_RISK_23894|OECD_AIM_TERMS|UNESCO_AI_ETHICS|KOREAN_ORTHOGRAPHY_AND_SPACING_QA,NO_CURATED_PRIOR|PREREQUISITE_FILTER:,P_SYS_CONTROL,0.780778,STALE_AFTER_TEXT_EDIT_NO_EM_RERUN
L0_RAI,책임 있는 인공지능,Responsible AI,L1_P,피지컬 AI,Physical AI,로봇과 자율주행차를 포함하여 물리 세계를 인식하고 물리적 행동을 수행하는 체화형 또는 사이버물리 AI 시스템.,"Embodied or cyber-physical systems, including robots and autonomous vehicles, that perceive and act in the physical world.",P_SYS,시스템,System,"AI 시스템의 내부 설계, 데이터, 모델, 인프라, 통제 또는 운영 과정에서 발생하는 리스크.","Risks arising from the internal design, data, models, infrastructure, controls, or operational processes of an AI system.",P_SYS_CONTROL,안전하지 않은 물리 제어·구동,Unsafe Physical Control and Actuation,"로봇 자체의 제어 시스템·액추에이터·모션 제어·경로 계획·실행의 결함으로 로봇이 잘못 움직이거나 구동하여, 사람의 존재 여부와 무관하게 의도하지 않은 물리 행동을 일으키는 리스크

(로봇이 정상적으로 작동하더라도 사람 주변에서 작동함으로 인해 발생하는 위험은 ""Human-Robot Physical Safety Failure""에서 다룸).","The risk that faults in the robot's own control systems, actuators, motion control, path planning, or execution cause it to move or actuate incorrectly—producing unintended physical actions—irrespective of whether humans are present 

(hazards arising specifically from operating around people, when the robot is otherwise functioning as designed, are covered under ""Human-Robot Physical Safety Failure"").",P_SYS_CONTROL_019,금지 대상 충돌,Forbidden-object collision,"로봇이 작업 또는 안전 규칙상 접촉이 금지된 물체, 사람, 또는 장비와 충돌하는 리스크.","The risk that a robot collides with objects, people, or equipment that must not be contacted under task or safety rules.",,,EM,0.734129011631012,0.02530599944293499,1.0,0.7035689949989319,1.034129023551941,0.30219900608062744,금지 대상 충돌,금지 물체 장비,규칙 접촉 금지,Forbidden-object collision,must not contacted,equipment must not,P_INT_SAFETY,0.0,0.44463,0.3,P_INT_SAFETY=0.300,P_SYS_CONTROL,0.734129,1.034129,P_INT_SAFETY,0.708822,0.73193,P_SYS_CONTROL,P_INT_SAFETY,,SRC-P-0015,Physical,RAI4-0208,RAI4-0208,,SOURCE_DOMAIN,REWRITE_KEEP|PEER_REVIEW,Peer-review spacing restoration,L3_MASTER|NIST_AI_RMF|OECD_AI_PRINCIPLES|KOREA_AI_BASIC_ACT|ISO_AI_RISK_23894|OECD_AIM_TERMS|UNESCO_AI_ETHICS,CURATED_SOURCE_MECHANISM_PRIOR:P_SYS_CONTROL|PREREQUISITE_FILTER:,P_SYS_CONTROL,0.734546,L3_MASTER_VALIDATED
L0_RAI,책임 있는 인공지능,Responsible AI,L1_P,피지컬 AI,Physical AI,로봇과 자율주행차를 포함하여 물리 세계를 인식하고 물리적 행동을 수행하는 체화형 또는 사이버물리 AI 시스템.,"Embodied or cyber-physical systems, including robots and autonomous vehicles, that perceive and act in the physical world.",P_SYS,시스템,System,"AI 시스템의 내부 설계, 데이터, 모델, 인프라, 통제 또는 운영 과정에서 발생하는 리스크.","Risks arising from the internal design, data, models, infrastructure, controls, or operational processes of an AI system.",P_SYS_CONTROL,안전하지 않은 물리 제어·구동,Unsafe Physical Control and Actuation,"로봇 자체의 제어 시스템·액추에이터·모션 제어·경로 계획·실행의 결함으로 로봇이 잘못 움직이거나 구동하여, 사람의 존재 여부와 무관하게 의도하지 않은 물리 행동을 일으키는 리스크

(로봇이 정상적으로 작동하더라도 사람 주변에서 작동함으로 인해 발생하는 위험은 ""Human-Robot Physical Safety Failure""에서 다룸).","The risk that faults in the robot's own control systems, actuators, motion control, path planning, or execution cause it to move or actuate incorrectly—producing unintended physical actions—irrespective of whether humans are present 

(hazards arising specifically from operating around people, when the robot is otherwise functioning as designed, are covered under ""Human-Robot Physical Safety Failure"").",P_SYS_CONTROL_020,기반 모델 실패의 로봇 행동 전이,Foundation-model failure propagated to robot action,"기반 모델의 환각, 지시 이행 실패, 탈옥 취약성이 계획과 제어를 거쳐 안전하지 않은 로봇 행동으로 전이되는 위험.","The risk that hallucination, instruction-following failure, or jailbreak susceptibility in a foundation model propagates through planning and control into unsafe robot action.",,,HD,,,,,,,,,,,,,,,,,,,,,,,,,,L3_REASSIGNED_BY_HUMAN_REVIEW_ROUND2,SRC-P-0018,Physical,RAI4-0219,RAI4-0219,,HUMAN_REVIEW_ROUND2,HUMAN_REVIEW_L3_REASSIGNMENT,Peer-review spacing restoration,L3_MASTER|NIST_AI_RMF|OECD_AI_PRINCIPLES|KOREA_AI_BASIC_ACT|ISO_AI_RISK_23894|OECD_AIM_TERMS|UNESCO_AI_ETHICS,,,,STALE_AFTER_HUMAN_REVIEW_NO_EM_RERUN
L0_RAI,책임 있는 인공지능,Responsible AI,L1_P,피지컬 AI,Physical AI,로봇과 자율주행차를 포함하여 물리 세계를 인식하고 물리적 행동을 수행하는 체화형 또는 사이버물리 AI 시스템.,"Embodied or cyber-physical systems, including robots and autonomous vehicles, that perceive and act in the physical world.",P_SYS,시스템,System,"AI 시스템의 내부 설계, 데이터, 모델, 인프라, 통제 또는 운영 과정에서 발생하는 리스크.","Risks arising from the internal design, data, models, infrastructure, controls, or operational processes of an AI system.",P_SYS_CONTROL,안전하지 않은 물리 제어·구동,Unsafe Physical Control and Actuation,"로봇 자체의 제어 시스템·액추에이터·모션 제어·경로 계획·실행의 결함으로 로봇이 잘못 움직이거나 구동하여, 사람의 존재 여부와 무관하게 의도하지 않은 물리 행동을 일으키는 리스크

(로봇이 정상적으로 작동하더라도 사람 주변에서 작동함으로 인해 발생하는 위험은 ""Human-Robot Physical Safety Failure""에서 다룸).","The risk that faults in the robot's own control systems, actuators, motion control, path planning, or execution cause it to move or actuate incorrectly—producing unintended physical actions—irrespective of whether humans are present 

(hazards arising specifically from operating around people, when the robot is otherwise functioning as designed, are covered under ""Human-Robot Physical Safety Failure"").",P_SYS_CONTROL_021,그리퍼 형상·유형 제약 위반,Gripper geometry and type constraint violation,로봇·휴머노이드 또는 피지컬 AI 시스템이 그리퍼의 형상·유형 또는 실제 접촉 역학이 부과하는 물리적 제약을 위반하는 행동을 선택하는 리스크.,"The risk that a robot, humanoid, or physical AI system selects an action that violates physical constraints imposed by gripper geometry, gripper type, or contact mechanics.",,,EM,,,,,,,,,,,,,,,,,,,,,,,,,,,SRC-G-0011,General,RAI4-0184,RAI4-0184,Physical AI의 하위로 L4 리스크 카드를 분류하고 L3와 재매핑을 시킬것,INSTRUCTION_PROMPT,REWRITE_KEEP|PEER_REVIEW|L3_AI_GROUNDING|KOREAN_COPYEDIT|ENGLISH_COPYEDIT|FINAL_TERMINOLOGY_L3_QA,"Bilingual definition grounded in an explicit AI technology, causal mechanism, and immutable L3 scope | KOC-0482:SENTENCE_RECONSTRUCTION | EOC-0299:ENGLISH_ORTHOGRAPHY | FQA-015:LANGUAGE_REFINEMENT:실행 가능성을 뜻하는 feasible은 물리 제약 위반이라는 핵심 기제에 불필요하므로 삭제한다.",L3_MASTER|NIST_AI_RMF|OECD_AI_PRINCIPLES|KOREA_AI_BASIC_ACT|ISO_AI_RISK_23894|OECD_AIM_TERMS|UNESCO_AI_ETHICS|SOURCE_ENGLISH_DEFINITION|POLICY_AND_TECHNICAL_TERMINOLOGY_QA|ENGLISH_TECHNICAL_ORTHOGRAPHY_QA|BRITISH_ENGLISH_QA_20260829|EXPERT_TERMINOLOGY_REVIEW_20260829,,,,STALE_AFTER_TEXT_EDIT_NO_EM_RERUN
L0_RAI,책임 있는 인공지능,Responsible AI,L1_P,피지컬 AI,Physical AI,로봇과 자율주행차를 포함하여 물리 세계를 인식하고 물리적 행동을 수행하는 체화형 또는 사이버물리 AI 시스템.,"Embodied or cyber-physical systems, including robots and autonomous vehicles, that perceive and act in the physical world.",P_SYS,시스템,System,"AI 시스템의 내부 설계, 데이터, 모델, 인프라, 통제 또는 운영 과정에서 발생하는 리스크.","Risks arising from the internal design, data, models, infrastructure, controls, or operational processes of an AI system.",P_SYS_CONTROL,안전하지 않은 물리 제어·구동,Unsafe Physical Control and Actuation,"로봇 자체의 제어 시스템·액추에이터·모션 제어·경로 계획·실행의 결함으로 로봇이 잘못 움직이거나 구동하여, 사람의 존재 여부와 무관하게 의도하지 않은 물리 행동을 일으키는 리스크

(로봇이 정상적으로 작동하더라도 사람 주변에서 작동함으로 인해 발생하는 위험은 ""Human-Robot Physical Safety Failure""에서 다룸).","The risk that faults in the robot's own control systems, actuators, motion control, path planning, or execution cause it to move or actuate incorrectly—producing unintended physical actions—irrespective of whether humans are present 

(hazards arising specifically from operating around people, when the robot is otherwise functioning as designed, are covered under ""Human-Robot Physical Safety Failure"").",P_SYS_CONTROL_022,언어·행동 출력 불일치에 따른 유해 물리적 행동,Harmful physical action from language-action misalignment,체화형 AI 시스템이 유해 요청을 언어로는 거절하면서도 언어 출력과 행동 출력 공간의 불일치로 해당 물리적 행동을 제어·구동하여 의도하지 않은 위해를 일으키는 리스크.,"The risk that an embodied AI system verbally refuses a harmful request but, because its language and action output spaces are misaligned, still controls and actuates the corresponding physical action, causing unintended physical harm.",,,EM,0.7153900265693665,0.007193000055849552,1.0,0.6866919994354248,1.0729080438613892,0.33263498544692993,언어·행동 출력 불일치에 따른 유해 물리 행동,요청 언어 거절,거절 언어 출력,Harmful physical action from language-action misalignment,controls actuates corresponding,still controls actuates,P_SYS_CONTROL,0.6,0.57801,0.357517,P_SYS_CONTROL=0.600|P_INT_TAMPER=0.300|P_INT_SAFETY=0.300,P_SYS_CONTROL,0.71539,1.072907,P_INT_SAFETY,0.722583,0.740272,P_SYS_STATE,P_SYS_CONTROL,,SRC-P-0099,Physical,RAI4-1675,RAI4-1675,,SOURCE_DOMAIN,REWRITE_KEEP|PEER_REVIEW|L3_MASTER_SCOPE_REWRITE|KOREAN_COPYEDIT,"Definition narrowed to the subject, mechanism, and adverse outcome of the immutable L3 master | KOC-0483:ORTHOGRAPHY",L3_MASTER|NIST_AI_RMF|OECD_AI_PRINCIPLES|KOREA_AI_BASIC_ACT|ISO_AI_RISK_23894|OECD_AIM_TERMS|UNESCO_AI_ETHICS|KOREAN_ORTHOGRAPHY_AND_SPACING_QA,CURATED_SOURCE_MECHANISM_PRIOR:P_SYS_CONTROL|PREREQUISITE_FILTER:,P_SYS_CONTROL,0.714281,STALE_AFTER_TEXT_EDIT_NO_EM_RERUN
L0_RAI,책임 있는 인공지능,Responsible AI,L1_P,피지컬 AI,Physical AI,로봇과 자율주행차를 포함하여 물리 세계를 인식하고 물리적 행동을 수행하는 체화형 또는 사이버물리 AI 시스템.,"Embodied or cyber-physical systems, including robots and autonomous vehicles, that perceive and act in the physical world.",P_SYS,시스템,System,"AI 시스템의 내부 설계, 데이터, 모델, 인프라, 통제 또는 운영 과정에서 발생하는 리스크.","Risks arising from the internal design, data, models, infrastructure, controls, or operational processes of an AI system.",P_SYS_CONTROL,안전하지 않은 물리 제어·구동,Unsafe Physical Control and Actuation,"로봇 자체의 제어 시스템·액추에이터·모션 제어·경로 계획·실행의 결함으로 로봇이 잘못 움직이거나 구동하여, 사람의 존재 여부와 무관하게 의도하지 않은 물리 행동을 일으키는 리스크

(로봇이 정상적으로 작동하더라도 사람 주변에서 작동함으로 인해 발생하는 위험은 ""Human-Robot Physical Safety Failure""에서 다룸).","The risk that faults in the robot's own control systems, actuators, motion control, path planning, or execution cause it to move or actuate incorrectly—producing unintended physical actions—irrespective of whether humans are present 

(hazards arising specifically from operating around people, when the robot is otherwise functioning as designed, are covered under ""Human-Robot Physical Safety Failure"").",P_SYS_CONTROL_023,장면 변화 시 인간 행동 모방 실패,Human imitation failure under scene variation,물체 형상·장면 배치·상호작용 맥락이 달라졌는데도 휴머노이드가 시연된 인간 동작을 그대로 재현해 부적절한 접촉이나 이동을 일으키는 위험.,"The risk that a humanoid reproduces demonstrated human motion when object geometry, scene layout, or interaction context has changed, causing inappropriate contact or movement.",,,HD,,,,,,,,,,,,,,,,,,,,,,,,,,HUMAN_REVIEW_ROUND2_RECOVERY,SRC-P-0152,Physical,RAI4-0255,RAI4-0255,,HUMAN_REVIEW_ROUND2,HUMAN_REVIEW_INTENT_CORRECTION_MOVE_TO_OTHERS_HD|KOREAN_COPYEDIT|HUMAN_REVIEW_ROUND2_RECOVERY,KOC-0515:ORTHOGRAPHY | Second-round human-review instruction applied without EM.,L3_MASTER|NIST_AI_RMF|OECD_AI_PRINCIPLES|KOREA_AI_BASIC_ACT|ISO_AI_RISK_23894|OECD_AIM_TERMS|UNESCO_AI_ETHICS|KOREAN_ORTHOGRAPHY_AND_SPACING_QA,,,,
L0_RAI,책임 있는 인공지능,Responsible AI,L1_P,피지컬 AI,Physical AI,로봇과 자율주행차를 포함하여 물리 세계를 인식하고 물리적 행동을 수행하는 체화형 또는 사이버물리 AI 시스템.,"Embodied or cyber-physical systems, including robots and autonomous vehicles, that perceive and act in the physical world.",P_SYS,시스템,System,"AI 시스템의 내부 설계, 데이터, 모델, 인프라, 통제 또는 운영 과정에서 발생하는 리스크.","Risks arising from the internal design, data, models, infrastructure, controls, or operational processes of an AI system.",P_SYS_CONTROL,안전하지 않은 물리 제어·구동,Unsafe Physical Control and Actuation,"로봇 자체의 제어 시스템·액추에이터·모션 제어·경로 계획·실행의 결함으로 로봇이 잘못 움직이거나 구동하여, 사람의 존재 여부와 무관하게 의도하지 않은 물리 행동을 일으키는 리스크

(로봇이 정상적으로 작동하더라도 사람 주변에서 작동함으로 인해 발생하는 위험은 ""Human-Robot Physical Safety Failure""에서 다룸).","The risk that faults in the robot's own control systems, actuators, motion control, path planning, or execution cause it to move or actuate incorrectly—producing unintended physical actions—irrespective of whether humans are present 

(hazards arising specifically from operating around people, when the robot is otherwise functioning as designed, are covered under ""Human-Robot Physical Safety Failure"").",P_SYS_CONTROL_024,휴머노이드 힘 한계 초과,Humanoid force limit exceedance,"휴머노이드가 전신 이동, 빠른 팔 동작, 균형 상실 중에 물체·작업·인체 접촉에 대한 안전 임계값을 넘는 충돌력이나 파지·조작 힘을 가하여, 상해나 손상을 일으키는 리스크.","The risk that a humanoid generates collision, grasp, or manipulation forces above safe thresholds relative to the object, task, or human contact during full-body movement, rapid arm motion, or loss of balance, causing injury or damage.",,,EM,0.7239329814910889,0.04228200018405914,1.0,0.691618025302887,0.7337949872016907,0.040144000202417374,휴머노이드 힘 한계 초과,자기 손상,동작 균형 상실,Humanoid force limit exceedance,fullbody movement rapid,movement rapid arm,P_SYS_CONTROL,0.0,0.548676,0.009862,P_INT_SAFETY=0.200,P_SYS_CONTROL,0.723933,0.733795,P_INT_SAFETY,0.681651,0.693651,P_SYS_CONTROL,P_SYS_CONTROL,,SRC-P-0160,Physical,RAI4-0283,RAI4-0283,,SOURCE_DOMAIN,REWRITE_KEEP|PEER_REVIEW|KOREAN_COPYEDIT|ENGLISH_COPYEDIT,Peer-review spacing restoration | KOC-0484:ORTHOGRAPHY | EOC-0300:ENGLISH_ORTHOGRAPHY,L3_MASTER|NIST_AI_RMF|OECD_AI_PRINCIPLES|KOREA_AI_BASIC_ACT|ISO_AI_RISK_23894|OECD_AIM_TERMS|UNESCO_AI_ETHICS|KOREAN_ORTHOGRAPHY_AND_SPACING_QA|SOURCE_ENGLISH_DEFINITION|ENGLISH_TECHNICAL_ORTHOGRAPHY_QA,NO_CURATED_PRIOR|PREREQUISITE_FILTER:,P_SYS_CONTROL,0.724075,STALE_AFTER_TEXT_EDIT_NO_EM_RERUN
L0_RAI,책임 있는 인공지능,Responsible AI,L1_P,피지컬 AI,Physical AI,로봇과 자율주행차를 포함하여 물리 세계를 인식하고 물리적 행동을 수행하는 체화형 또는 사이버물리 AI 시스템.,"Embodied or cyber-physical systems, including robots and autonomous vehicles, that perceive and act in the physical world.",P_SYS,시스템,System,"AI 시스템의 내부 설계, 데이터, 모델, 인프라, 통제 또는 운영 과정에서 발생하는 리스크.","Risks arising from the internal design, data, models, infrastructure, controls, or operational processes of an AI system.",P_SYS_CONTROL,안전하지 않은 물리 제어·구동,Unsafe Physical Control and Actuation,"로봇 자체의 제어 시스템·액추에이터·모션 제어·경로 계획·실행의 결함으로 로봇이 잘못 움직이거나 구동하여, 사람의 존재 여부와 무관하게 의도하지 않은 물리 행동을 일으키는 리스크

(로봇이 정상적으로 작동하더라도 사람 주변에서 작동함으로 인해 발생하는 위험은 ""Human-Robot Physical Safety Failure""에서 다룸).","The risk that faults in the robot's own control systems, actuators, motion control, path planning, or execution cause it to move or actuate incorrectly—producing unintended physical actions—irrespective of whether humans are present 

(hazards arising specifically from operating around people, when the robot is otherwise functioning as designed, are covered under ""Human-Robot Physical Safety Failure"").",P_SYS_CONTROL_025,의도·어포던스 오해에 따른 휴머노이드 모방 제어 실패,Humanoid imitation-control failure from misread intent and affordances,"휴머노이드가 시연자의 의도, 물체 어포던스 또는 안전 제약을 추론하지 못한 채 관찰 행동을 모방하여 부적절한 경로·동작을 실행하는 리스크.","The risk that a humanoid imitates an observed action without inferring the demonstrator's intent, object affordances, or safety constraints, causing inappropriate motion planning or execution.",,,EM,0.7233319878578186,0.013484999537467957,1.0,0.6936560273170471,1.0331679582595825,0.30531999468803406,의도·어포던스 오해에 따른 휴머노이드 모방 제어 실패,모방 적절 경로,제약 추론 관찰,Humanoid imitation-control failure from misread intent and affordances,inferring demonstrator's intent,demonstrator's intent object,P_SYS_STATE,0.1,0.543317,0.309836,P_INT_SAFETY=0.300|P_SYS_STATE=0.300|P_SYS_HARDWARE=0.200,P_SYS_CONTROL,0.723332,1.033168,P_INT_SAFETY,0.709847,0.727847,P_SYS_CONTROL,P_INT_SAFETY,,SRC-P-0154,Physical,RAI4-0257,RAI4-0257,,SOURCE_DOMAIN,REWRITE_KEEP|PEER_REVIEW|L3_MASTER_SCOPE_REWRITE|KOREAN_COPYEDIT,"Definition narrowed to the subject, mechanism, and adverse outcome of the immutable L3 master | KOC-0485:ORTHOGRAPHY",L3_MASTER|NIST_AI_RMF|OECD_AI_PRINCIPLES|KOREA_AI_BASIC_ACT|ISO_AI_RISK_23894|OECD_AIM_TERMS|UNESCO_AI_ETHICS|KOREAN_ORTHOGRAPHY_AND_SPACING_QA,CURATED_SOURCE_MECHANISM_PRIOR:P_SYS_CONTROL|PREREQUISITE_FILTER:,P_SYS_CONTROL,0.722956,STALE_AFTER_TEXT_EDIT_NO_EM_RERUN
L0_RAI,책임 있는 인공지능,Responsible AI,L1_P,피지컬 AI,Physical AI,로봇과 자율주행차를 포함하여 물리 세계를 인식하고 물리적 행동을 수행하는 체화형 또는 사이버물리 AI 시스템.,"Embodied or cyber-physical systems, including robots and autonomous vehicles, that perceive and act in the physical world.",P_SYS,시스템,System,"AI 시스템의 내부 설계, 데이터, 모델, 인프라, 통제 또는 운영 과정에서 발생하는 리스크.","Risks arising from the internal design, data, models, infrastructure, controls, or operational processes of an AI system.",P_SYS_CONTROL,안전하지 않은 물리 제어·구동,Unsafe Physical Control and Actuation,"로봇 자체의 제어 시스템·액추에이터·모션 제어·경로 계획·실행의 결함으로 로봇이 잘못 움직이거나 구동하여, 사람의 존재 여부와 무관하게 의도하지 않은 물리 행동을 일으키는 리스크

(로봇이 정상적으로 작동하더라도 사람 주변에서 작동함으로 인해 발생하는 위험은 ""Human-Robot Physical Safety Failure""에서 다룸).","The risk that faults in the robot's own control systems, actuators, motion control, path planning, or execution cause it to move or actuate incorrectly—producing unintended physical actions—irrespective of whether humans are present 

(hazards arising specifically from operating around people, when the robot is otherwise functioning as designed, are covered under ""Human-Robot Physical Safety Failure"").",P_SYS_CONTROL_026,휴머노이드 보행·조작 안정성 실패,Humanoid locomotion and manipulation stability failure,"휴머노이드가 외란, 탑재 하중 변화, 표면 변화 또는 액추에이터의 불완전성에 노출되거나 개방 환경에서 이동과 조작을 결합할 때 안정적인 보행·자세·접촉·물체 취급을 유지하지 못하여 전도·충돌·물체 손상을 초래하는 리스크.","The risk that a humanoid fails to maintain stable gait, posture, contact, or object handling under perturbations, payload shifts, surface changes, or actuator imperfections, or when combining locomotion with manipulation in open-world tasks, leading to falls, collision, or object damage.",,,HD,,,,,,,,,,,,,,,,,,,,,,,,,,L3_REASSIGNED_BY_HUMAN_REVIEW_ROUND2,SRC-P-0155,Physical,RAI4-0262,RAI4-0262,,HUMAN_REVIEW_ROUND2,HUMAN_REVIEW_L3_REASSIGNMENT|KOREAN_COPYEDIT|ENGLISH_COPYEDIT,Peer-review spacing restoration | KOC-0458:TERMINOLOGY_AND_SYNTAX | EOC-0289:ENGLISH_ORTHOGRAPHY,L3_MASTER|NIST_AI_RMF|OECD_AI_PRINCIPLES|KOREA_AI_BASIC_ACT|ISO_AI_RISK_23894|OECD_AIM_TERMS|UNESCO_AI_ETHICS|SOURCE_ENGLISH_DEFINITION|POLICY_AND_TECHNICAL_TERMINOLOGY_QA|ENGLISH_TECHNICAL_ORTHOGRAPHY_QA,,,,STALE_AFTER_TEXT_EDIT_NO_EM_RERUN
L0_RAI,책임 있는 인공지능,Responsible AI,L1_P,피지컬 AI,Physical AI,로봇과 자율주행차를 포함하여 물리 세계를 인식하고 물리적 행동을 수행하는 체화형 또는 사이버물리 AI 시스템.,"Embodied or cyber-physical systems, including robots and autonomous vehicles, that perceive and act in the physical world.",P_SYS,시스템,System,"AI 시스템의 내부 설계, 데이터, 모델, 인프라, 통제 또는 운영 과정에서 발생하는 리스크.","Risks arising from the internal design, data, models, infrastructure, controls, or operational processes of an AI system.",P_SYS_CONTROL,안전하지 않은 물리 제어·구동,Unsafe Physical Control and Actuation,"로봇 자체의 제어 시스템·액추에이터·모션 제어·경로 계획·실행의 결함으로 로봇이 잘못 움직이거나 구동하여, 사람의 존재 여부와 무관하게 의도하지 않은 물리 행동을 일으키는 리스크

(로봇이 정상적으로 작동하더라도 사람 주변에서 작동함으로 인해 발생하는 위험은 ""Human-Robot Physical Safety Failure""에서 다룸).","The risk that faults in the robot's own control systems, actuators, motion control, path planning, or execution cause it to move or actuate incorrectly—producing unintended physical actions—irrespective of whether humans are present 

(hazards arising specifically from operating around people, when the robot is otherwise functioning as designed, are covered under ""Human-Robot Physical Safety Failure"").",P_SYS_CONTROL_027,휴머노이드 보행 속도 초과,Humanoid walking-speed limit exceedance,휴머노이드가 안전한 공유 환경에서 정지·회피 및 사람 근접 운용에 필요한 안전 한계를 초과하는 속도로 이동하는 리스크.,"The risk that a humanoid moves at a speed that exceeds the stopping, avoidance, or human-proximity limits required for safe shared environments.",,,HD,,,,,,,,,,,,,,,,,,,,,,,,,,L3_REASSIGNED_BY_HUMAN_REVIEW_ROUND2,SRC-P-0161,Physical,RAI4-0285,RAI4-0285,,HUMAN_REVIEW_ROUND2,HUMAN_REVIEW_L3_REASSIGNMENT|KOREAN_COPYEDIT|ENGLISH_COPYEDIT,Peer-review spacing restoration | KOC-0459:SENTENCE_RECONSTRUCTION | EOC-0290:ENGLISH_ORTHOGRAPHY,L3_MASTER|NIST_AI_RMF|OECD_AI_PRINCIPLES|KOREA_AI_BASIC_ACT|ISO_AI_RISK_23894|OECD_AIM_TERMS|UNESCO_AI_ETHICS|SOURCE_ENGLISH_DEFINITION|POLICY_AND_TECHNICAL_TERMINOLOGY_QA|ENGLISH_TECHNICAL_ORTHOGRAPHY_QA,,,,STALE_AFTER_TEXT_EDIT_NO_EM_RERUN
L0_RAI,책임 있는 인공지능,Responsible AI,L1_P,피지컬 AI,Physical AI,로봇과 자율주행차를 포함하여 물리 세계를 인식하고 물리적 행동을 수행하는 체화형 또는 사이버물리 AI 시스템.,"Embodied or cyber-physical systems, including robots and autonomous vehicles, that perceive and act in the physical world.",P_SYS,시스템,System,"AI 시스템의 내부 설계, 데이터, 모델, 인프라, 통제 또는 운영 과정에서 발생하는 리스크.","Risks arising from the internal design, data, models, infrastructure, controls, or operational processes of an AI system.",P_SYS_CONTROL,안전하지 않은 물리 제어·구동,Unsafe Physical Control and Actuation,"로봇 자체의 제어 시스템·액추에이터·모션 제어·경로 계획·실행의 결함으로 로봇이 잘못 움직이거나 구동하여, 사람의 존재 여부와 무관하게 의도하지 않은 물리 행동을 일으키는 리스크

(로봇이 정상적으로 작동하더라도 사람 주변에서 작동함으로 인해 발생하는 위험은 ""Human-Robot Physical Safety Failure""에서 다룸).","The risk that faults in the robot's own control systems, actuators, motion control, path planning, or execution cause it to move or actuate incorrectly—producing unintended physical actions—irrespective of whether humans are present 

(hazards arising specifically from operating around people, when the robot is otherwise functioning as designed, are covered under ""Human-Robot Physical Safety Failure"").",P_SYS_CONTROL_028,부적절한 파지력에 의한 상해,Injury from excessive or poorly timed grasp force,로봇 조작기가 사람과 접촉하는 과정에서 과도한 힘을 가하거나 부적절한 시점에 힘을 가하여 압착·끼임·절단 또는 인간공학적 상해를 초래하는 리스크.,"The risk that a robot manipulator applies excessive or poorly timed force during human contact, causing crushing, pinching, cutting, or ergonomic injury.",,,EM,,,,,,,,,,,,,,,,,,,,,,,,,,,SRC-P-0039,Physical,RAI4-0331,RAI4-0331,,SOURCE_DOMAIN,REWRITE_KEEP|PEER_REVIEW|KOREAN_COPYEDIT|ENGLISH_COPYEDIT|FINAL_TERMINOLOGY_L3_QA,Peer-review spacing restoration | KOC-0481:SENTENCE_RECONSTRUCTION | EOC-0298:ENGLISH_ORTHOGRAPHY | FQA-014:LANGUAGE_REFINEMENT:힘 적용과 사람 접촉의 수식 관계가 모호하지 않도록 한국어 어순을 재구성하고 영어 명칭에 과도하거나 시점이 부적절한 파지력이라는 인과를 명시한다.,L3_MASTER|NIST_AI_RMF|OECD_AI_PRINCIPLES|KOREA_AI_BASIC_ACT|ISO_AI_RISK_23894|OECD_AIM_TERMS|UNESCO_AI_ETHICS|SOURCE_ENGLISH_DEFINITION|POLICY_AND_TECHNICAL_TERMINOLOGY_QA|ENGLISH_TECHNICAL_ORTHOGRAPHY_QA|KOREAN_LANGUAGE_QA_20260829|BRITISH_ENGLISH_QA_20260829|EXPERT_TERMINOLOGY_REVIEW_20260829,,,,STALE_AFTER_TEXT_EDIT_NO_EM_RERUN
L0_RAI,책임 있는 인공지능,Responsible AI,L1_P,피지컬 AI,Physical AI,로봇과 자율주행차를 포함하여 물리 세계를 인식하고 물리적 행동을 수행하는 체화형 또는 사이버물리 AI 시스템.,"Embodied or cyber-physical systems, including robots and autonomous vehicles, that perceive and act in the physical world.",P_SYS,시스템,System,"AI 시스템의 내부 설계, 데이터, 모델, 인프라, 통제 또는 운영 과정에서 발생하는 리스크.","Risks arising from the internal design, data, models, infrastructure, controls, or operational processes of an AI system.",P_SYS_CONTROL,안전하지 않은 물리 제어·구동,Unsafe Physical Control and Actuation,"로봇 자체의 제어 시스템·액추에이터·모션 제어·경로 계획·실행의 결함으로 로봇이 잘못 움직이거나 구동하여, 사람의 존재 여부와 무관하게 의도하지 않은 물리 행동을 일으키는 리스크

(로봇이 정상적으로 작동하더라도 사람 주변에서 작동함으로 인해 발생하는 위험은 ""Human-Robot Physical Safety Failure""에서 다룸).","The risk that faults in the robot's own control systems, actuators, motion control, path planning, or execution cause it to move or actuate incorrectly—producing unintended physical actions—irrespective of whether humans are present 

(hazards arising specifically from operating around people, when the robot is otherwise functioning as designed, are covered under ""Human-Robot Physical Safety Failure"").",P_SYS_CONTROL_029,부실하게 설계된 피지컬 AI 제어 시스템에 의한 상해,Injury from poorly designed physical AI control systems,"로봇·휴머노이드 또는 피지컬 AI 제어 시스템의 설계 결함이 안전하지 않은 물리적 행동을 유발하여 심리적 고통, 신체 상해 또는 그 밖의 물리적 피해를 초래하는 리스크.","The risk that design defects in a robot, humanoid, or physical AI control system cause unsafe physical actions that result in psychological distress, bodily injury, or other physical harm.",,,EM,,,,,,,,,,,,,,,,,,,,,,,,,,,SRC-P-0053,Physical,RAI4-0993,RAI4-0993,,SOURCE_DOMAIN,REWRITE_KEEP|PEER_REVIEW|L3_AI_GROUNDING|KOREAN_COPYEDIT|ENGLISH_COPYEDIT,"Bilingual definition grounded in an explicit AI technology, causal mechanism, and immutable L3 scope | KOC-0486:SENTENCE_RECONSTRUCTION | EOC-0301:ENGLISH_ORTHOGRAPHY",L3_MASTER|NIST_AI_RMF|OECD_AI_PRINCIPLES|KOREA_AI_BASIC_ACT|ISO_AI_RISK_23894|OECD_AIM_TERMS|UNESCO_AI_ETHICS|SOURCE_ENGLISH_DEFINITION|POLICY_AND_TECHNICAL_TERMINOLOGY_QA|ENGLISH_TECHNICAL_ORTHOGRAPHY_QA,,,,STALE_AFTER_TEXT_EDIT_NO_EM_RERUN
L0_RAI,책임 있는 인공지능,Responsible AI,L1_P,피지컬 AI,Physical AI,로봇과 자율주행차를 포함하여 물리 세계를 인식하고 물리적 행동을 수행하는 체화형 또는 사이버물리 AI 시스템.,"Embodied or cyber-physical systems, including robots and autonomous vehicles, that perceive and act in the physical world.",P_SYS,시스템,System,"AI 시스템의 내부 설계, 데이터, 모델, 인프라, 통제 또는 운영 과정에서 발생하는 리스크.","Risks arising from the internal design, data, models, infrastructure, controls, or operational processes of an AI system.",P_SYS_CONTROL,안전하지 않은 물리 제어·구동,Unsafe Physical Control and Actuation,"로봇 자체의 제어 시스템·액추에이터·모션 제어·경로 계획·실행의 결함으로 로봇이 잘못 움직이거나 구동하여, 사람의 존재 여부와 무관하게 의도하지 않은 물리 행동을 일으키는 리스크

(로봇이 정상적으로 작동하더라도 사람 주변에서 작동함으로 인해 발생하는 위험은 ""Human-Robot Physical Safety Failure""에서 다룸).","The risk that faults in the robot's own control systems, actuators, motion control, path planning, or execution cause it to move or actuate incorrectly—producing unintended physical actions—irrespective of whether humans are present 

(hazards arising specifically from operating around people, when the robot is otherwise functioning as designed, are covered under ""Human-Robot Physical Safety Failure"").",P_SYS_CONTROL_030,부상 심각도 오분류,Injury severity misclassification,"로봇 제어 시스템이 물리적 부상 시나리오의 심각도를 과소평가하여 상향 보고, 경고, 제어 대응 등이 불충분해지는 리스크.","The risk that the perception, learning, control, or physical action of a robot, humanoid, or physical AI system creates a condition in which a system underestimates the severity of a physical injury scenario, leading to inadequate escalation, warning, or control response.",,,HD,,,,,,,,,,,,,,,,,,,,,,,,,,L3_REASSIGNED_BY_HUMAN_REVIEW_ROUND2,SRC-P-0043,Physical,RAI4-0183,RAI4-0183,,HUMAN_REVIEW_ROUND2,HUMAN_REVIEW_L3_REASSIGNMENT|KOREAN_COPYEDIT,"Bilingual definition grounded in an explicit AI technology, causal mechanism, and immutable L3 scope | KOC-0460:ORTHOGRAPHY",L3_MASTER|NIST_AI_RMF|OECD_AI_PRINCIPLES|KOREA_AI_BASIC_ACT|ISO_AI_RISK_23894|OECD_AIM_TERMS|UNESCO_AI_ETHICS|KOREAN_ORTHOGRAPHY_AND_SPACING_QA,,,,STALE_AFTER_TEXT_EDIT_NO_EM_RERUN
L0_RAI,책임 있는 인공지능,Responsible AI,L1_P,피지컬 AI,Physical AI,로봇과 자율주행차를 포함하여 물리 세계를 인식하고 물리적 행동을 수행하는 체화형 또는 사이버물리 AI 시스템.,"Embodied or cyber-physical systems, including robots and autonomous vehicles, that perceive and act in the physical world.",P_SYS,시스템,System,"AI 시스템의 내부 설계, 데이터, 모델, 인프라, 통제 또는 운영 과정에서 발생하는 리스크.","Risks arising from the internal design, data, models, infrastructure, controls, or operational processes of an AI system.",P_SYS_CONTROL,안전하지 않은 물리 제어·구동,Unsafe Physical Control and Actuation,"로봇 자체의 제어 시스템·액추에이터·모션 제어·경로 계획·실행의 결함으로 로봇이 잘못 움직이거나 구동하여, 사람의 존재 여부와 무관하게 의도하지 않은 물리 행동을 일으키는 리스크

(로봇이 정상적으로 작동하더라도 사람 주변에서 작동함으로 인해 발생하는 위험은 ""Human-Robot Physical Safety Failure""에서 다룸).","The risk that faults in the robot's own control systems, actuators, motion control, path planning, or execution cause it to move or actuate incorrectly—producing unintended physical actions—irrespective of whether humans are present 

(hazards arising specifically from operating around people, when the robot is otherwise functioning as designed, are covered under ""Human-Robot Physical Safety Failure"").",P_SYS_CONTROL_031,안전 제약 적용 지연,Latency in safety-constraint enforcement,안전 임계 제어 제약이 휴머노이드 동역학에 비해 너무 느리게 집행되어 안전하지 않은 동작이 가능해지는 위험.,"The risk that safety-critical control constraints are enforced too slowly relative to humanoid dynamics, allowing unsafe motion before mitigation takes effect.",,,EM,,,,,,,,,,,,,,,,,,,,,,,,,,,SRC-P-0150,Physical,RAI4-0253,RAI4-0253,,SOURCE_DOMAIN,REWRITE_KEEP|PEER_REVIEW|KOREAN_COPYEDIT|ENGLISH_COPYEDIT,Peer-review spacing restoration | KOC-0490:TERMINOLOGY_AND_SYNTAX | EOC-0305:ENGLISH_ORTHOGRAPHY,L3_MASTER|NIST_AI_RMF|OECD_AI_PRINCIPLES|KOREA_AI_BASIC_ACT|ISO_AI_RISK_23894|OECD_AIM_TERMS|UNESCO_AI_ETHICS|SOURCE_ENGLISH_DEFINITION|POLICY_AND_TECHNICAL_TERMINOLOGY_QA|ENGLISH_TECHNICAL_ORTHOGRAPHY_QA,,,,STALE_AFTER_TEXT_EDIT_NO_EM_RERUN
L0_RAI,책임 있는 인공지능,Responsible AI,L1_P,피지컬 AI,Physical AI,로봇과 자율주행차를 포함하여 물리 세계를 인식하고 물리적 행동을 수행하는 체화형 또는 사이버물리 AI 시스템.,"Embodied or cyber-physical systems, including robots and autonomous vehicles, that perceive and act in the physical world.",P_SYS,시스템,System,"AI 시스템의 내부 설계, 데이터, 모델, 인프라, 통제 또는 운영 과정에서 발생하는 리스크.","Risks arising from the internal design, data, models, infrastructure, controls, or operational processes of an AI system.",P_SYS_CONTROL,안전하지 않은 물리 제어·구동,Unsafe Physical Control and Actuation,"로봇 자체의 제어 시스템·액추에이터·모션 제어·경로 계획·실행의 결함으로 로봇이 잘못 움직이거나 구동하여, 사람의 존재 여부와 무관하게 의도하지 않은 물리 행동을 일으키는 리스크

(로봇이 정상적으로 작동하더라도 사람 주변에서 작동함으로 인해 발생하는 위험은 ""Human-Robot Physical Safety Failure""에서 다룸).","The risk that faults in the robot's own control systems, actuators, motion control, path planning, or execution cause it to move or actuate incorrectly—producing unintended physical actions—irrespective of whether humans are present 

(hazards arising specifically from operating around people, when the robot is otherwise functioning as designed, are covered under ""Human-Robot Physical Safety Failure"").",P_SYS_CONTROL_032,개인 돌봄 로봇의 준수 기준 부재,Missing measurable compliance criteria for personal-care robots,개인 돌봄 로봇 표준이 위험은 제시하면서 속도·힘·안정성·감지·개입에 대한 측정 가능한 합격·불합격 기준을 정의하지 않는 리스크.,"The risk that a personal-care robot standard names hazards but does not define measurable pass/fail thresholds for speed, force, stability, sensing, or intervention.",,,HD,,,,,,,,,,,,,,,,,,,,,,,,,,L3_REASSIGNED_BY_HUMAN_REVIEW_ROUND2,SRC-P-0026,Physical,RAI4-0288,RAI4-0288,,HUMAN_REVIEW_ROUND2,HUMAN_REVIEW_L3_REASSIGNMENT|KOREAN_COPYEDIT,Peer-review spacing restoration | KOC-0462:TERMINOLOGY_AND_SYNTAX,L3_MASTER|NIST_AI_RMF|OECD_AI_PRINCIPLES|KOREA_AI_BASIC_ACT|ISO_AI_RISK_23894|OECD_AIM_TERMS|UNESCO_AI_ETHICS|SOURCE_ENGLISH_DEFINITION|POLICY_AND_TECHNICAL_TERMINOLOGY_QA,,,,STALE_AFTER_TEXT_EDIT_NO_EM_RERUN
L0_RAI,책임 있는 인공지능,Responsible AI,L1_P,피지컬 AI,Physical AI,로봇과 자율주행차를 포함하여 물리 세계를 인식하고 물리적 행동을 수행하는 체화형 또는 사이버물리 AI 시스템.,"Embodied or cyber-physical systems, including robots and autonomous vehicles, that perceive and act in the physical world.",P_SYS,시스템,System,"AI 시스템의 내부 설계, 데이터, 모델, 인프라, 통제 또는 운영 과정에서 발생하는 리스크.","Risks arising from the internal design, data, models, infrastructure, controls, or operational processes of an AI system.",P_SYS_CONTROL,안전하지 않은 물리 제어·구동,Unsafe Physical Control and Actuation,"로봇 자체의 제어 시스템·액추에이터·모션 제어·경로 계획·실행의 결함으로 로봇이 잘못 움직이거나 구동하여, 사람의 존재 여부와 무관하게 의도하지 않은 물리 행동을 일으키는 리스크

(로봇이 정상적으로 작동하더라도 사람 주변에서 작동함으로 인해 발생하는 위험은 ""Human-Robot Physical Safety Failure""에서 다룸).","The risk that faults in the robot's own control systems, actuators, motion control, path planning, or execution cause it to move or actuate incorrectly—producing unintended physical actions—irrespective of whether humans are present 

(hazards arising specifically from operating around people, when the robot is otherwise functioning as designed, are covered under ""Human-Robot Physical Safety Failure"").",P_SYS_CONTROL_033,동작 재매핑의 안전 실패,Motion-retargeting safety failure,"인간의 동작을 휴머노이드 신체의 동작으로 재매핑하는 과정에서 로봇의 물리적 한계·접촉 제약·안전 자세 요건이 반영되지 않아 불안정한 자세, 충돌 또는 접촉 상해를 초래하는 리스크.","The risk that human motion is retargeted to a humanoid body in a way that violates the robot's physical limits, contact constraints, or safe-posture requirements, causing unstable posture, collision, or contact injury.",,,EM,,,,,,,,,,,,,,,,,,,,,,,,,,,SRC-P-0153,Physical,RAI4-0256,RAI4-0256,,SOURCE_DOMAIN,REWRITE_KEEP|PEER_REVIEW|KOREAN_COPYEDIT|FINAL_TERMINOLOGY_L3_QA,Peer-review spacing restoration | KOC-0487:TERMINOLOGY_AND_SYNTAX | FQA-119:LANGUAGE_REFINEMENT:독립 언어·용어 감사에서 확인된 문법·호응·전문용어 또는 한영 의미 불일치를 최소 수정하고 기존 L3와 위해 기제를 보존한다. | FQA-304:LANGUAGE_REFINEMENT:기존 영문 정의가 일반적인 보행·조작 안정성 문안으로 잘못 연결되어 한국어 명칭·정의의 동작 재매핑 기제와 일치하도록 복원한다. | FQA-307:LANGUAGE_REFINEMENT:동작 재매핑의 대상을 휴머노이드 신체로 명시하여 한국어 정의와 영문 기제를 정확히 일치시킨다. | FQA-371:LANGUAGE_REFINEMENT:Two independent expert reviews confirmed that SRC-P-0153 directly matches the immutable P_SYS_CONTROL definition; any supplied wording narrows the card to that scope.,L3_MASTER|NIST_AI_RMF|OECD_AI_PRINCIPLES|KOREA_AI_BASIC_ACT|ISO_AI_RISK_23894|OECD_AIM_TERMS|UNESCO_AI_ETHICS|SOURCE_ENGLISH_DEFINITION|POLICY_AND_TECHNICAL_TERMINOLOGY_QA|KOREAN_LANGUAGE_QA_20260829|BRITISH_ENGLISH_QA_20260829|EXPERT_TERMINOLOGY_REVIEW_20260829|HUMAN_REVIEW_ROUND2|EXPERT_L3_ALIGNMENT_REVIEW_20260829|ISO_IEC_23894|TWO_EXPERT_L3_ALIGNMENT_REVIEW_20260829,,,,STALE_AFTER_TEXT_EDIT_NO_EM_RERUN
L0_RAI,책임 있는 인공지능,Responsible AI,L1_P,피지컬 AI,Physical AI,로봇과 자율주행차를 포함하여 물리 세계를 인식하고 물리적 행동을 수행하는 체화형 또는 사이버물리 AI 시스템.,"Embodied or cyber-physical systems, including robots and autonomous vehicles, that perceive and act in the physical world.",P_SYS,시스템,System,"AI 시스템의 내부 설계, 데이터, 모델, 인프라, 통제 또는 운영 과정에서 발생하는 리스크.","Risks arising from the internal design, data, models, infrastructure, controls, or operational processes of an AI system.",P_SYS_CONTROL,안전하지 않은 물리 제어·구동,Unsafe Physical Control and Actuation,"로봇 자체의 제어 시스템·액추에이터·모션 제어·경로 계획·실행의 결함으로 로봇이 잘못 움직이거나 구동하여, 사람의 존재 여부와 무관하게 의도하지 않은 물리 행동을 일으키는 리스크

(로봇이 정상적으로 작동하더라도 사람 주변에서 작동함으로 인해 발생하는 위험은 ""Human-Robot Physical Safety Failure""에서 다룸).","The risk that faults in the robot's own control systems, actuators, motion control, path planning, or execution cause it to move or actuate incorrectly—producing unintended physical actions—irrespective of whether humans are present 

(hazards arising specifically from operating around people, when the robot is otherwise functioning as designed, are covered under ""Human-Robot Physical Safety Failure"").",P_SYS_CONTROL_034,네트워크 분리와 군집 비동기화,Network partition and fleet desynchronisation,분할되거나 신뢰할 수 없는 네트워크 연결로 다중 로봇 군집이 비동기화되어 충돌 또는 안전하지 않은 협조 행동이 발생하는 위험.,"The risk that partitioned or unreliable network connections desynchronise a multi-robot fleet, causing collisions or unsafe coordinated behaviour.",,,HD,,,,,,,,,,,,,,,,,,,,,,,,,,L3_REASSIGNED_BY_HUMAN_REVIEW_ROUND2,SRC-P-0184,Physical,RAI4-0295,RAI4-0295,,HUMAN_REVIEW_ROUND2,HUMAN_REVIEW_L3_REASSIGNMENT|KOREAN_COPYEDIT|ENGLISH_COPYEDIT|FINAL_TERMINOLOGY_L3_QA,Peer-review spacing restoration | KOC-0465:ORTHOGRAPHY | EOC-0291:ENGLISH_ORTHOGRAPHY | FQA-013:LANGUAGE_REFINEMENT:동기화 해제라는 번역투를 비동기화로 정제하고 원인과 결과의 문장 구조를 명확히 한다.,L3_MASTER|NIST_AI_RMF|OECD_AI_PRINCIPLES|KOREA_AI_BASIC_ACT|ISO_AI_RISK_23894|OECD_AIM_TERMS|UNESCO_AI_ETHICS|KOREAN_ORTHOGRAPHY_AND_SPACING_QA|SOURCE_ENGLISH_DEFINITION|ENGLISH_TECHNICAL_ORTHOGRAPHY_QA|KOREAN_LANGUAGE_QA_20260829|EXPERT_TERMINOLOGY_REVIEW_20260829,,,,STALE_AFTER_TEXT_EDIT_NO_EM_RERUN
L0_RAI,책임 있는 인공지능,Responsible AI,L1_P,피지컬 AI,Physical AI,로봇과 자율주행차를 포함하여 물리 세계를 인식하고 물리적 행동을 수행하는 체화형 또는 사이버물리 AI 시스템.,"Embodied or cyber-physical systems, including robots and autonomous vehicles, that perceive and act in the physical world.",P_SYS,시스템,System,"AI 시스템의 내부 설계, 데이터, 모델, 인프라, 통제 또는 운영 과정에서 발생하는 리스크.","Risks arising from the internal design, data, models, infrastructure, controls, or operational processes of an AI system.",P_SYS_CONTROL,안전하지 않은 물리 제어·구동,Unsafe Physical Control and Actuation,"로봇 자체의 제어 시스템·액추에이터·모션 제어·경로 계획·실행의 결함으로 로봇이 잘못 움직이거나 구동하여, 사람의 존재 여부와 무관하게 의도하지 않은 물리 행동을 일으키는 리스크

(로봇이 정상적으로 작동하더라도 사람 주변에서 작동함으로 인해 발생하는 위험은 ""Human-Robot Physical Safety Failure""에서 다룸).","The risk that faults in the robot's own control systems, actuators, motion control, path planning, or execution cause it to move or actuate incorrectly—producing unintended physical actions—irrespective of whether humans are present 

(hazards arising specifically from operating around people, when the robot is otherwise functioning as designed, are covered under ""Human-Robot Physical Safety Failure"").",P_SYS_CONTROL_035,보조 로봇의 비동의 신체 개입,Non-consensual bodily intervention by assistive robots,보조·의료·돌봄 로봇이 유효한 동의 없이 또는 허용된 돌봄 목적을 넘어 사람의 신체를 이동·제지·감시하거나 직접 개입하여 신체적 자율성과 권리를 침해하는 리스크.,"The risk that an assistive, medical, or care robot moves or restrains a person, monitors their body, or otherwise intervenes physically with them without valid consent or beyond the authorised care purpose.",,,EM,,,,,,,,,,,,,,,,,,,,,,,,,,,SRC-P-0041,Physical,RAI4-0343,RAI4-0343,,SOURCE_DOMAIN,REWRITE_KEEP|PEER_REVIEW|KOREAN_COPYEDIT|ENGLISH_COPYEDIT|FINAL_TERMINOLOGY_L3_QA,Peer-review spacing restoration | KOC-0488:SENTENCE_RECONSTRUCTION | EOC-0302:ENGLISH_ORTHOGRAPHY | FQA-120:LANGUAGE_REFINEMENT:독립 언어·용어 감사에서 확인된 문법·호응·전문용어 또는 한영 의미 불일치를 최소 수정하고 기존 L3와 위해 기제를 보존한다.,L3_MASTER|NIST_AI_RMF|OECD_AI_PRINCIPLES|KOREA_AI_BASIC_ACT|ISO_AI_RISK_23894|OECD_AIM_TERMS|UNESCO_AI_ETHICS|SOURCE_ENGLISH_DEFINITION|POLICY_AND_TECHNICAL_TERMINOLOGY_QA|ENGLISH_TECHNICAL_ORTHOGRAPHY_QA|KOREAN_LANGUAGE_QA_20260829|BRITISH_ENGLISH_QA_20260829|EXPERT_TERMINOLOGY_REVIEW_20260829,,,,STALE_AFTER_TEXT_EDIT_NO_EM_RERUN
L0_RAI,책임 있는 인공지능,Responsible AI,L1_P,피지컬 AI,Physical AI,로봇과 자율주행차를 포함하여 물리 세계를 인식하고 물리적 행동을 수행하는 체화형 또는 사이버물리 AI 시스템.,"Embodied or cyber-physical systems, including robots and autonomous vehicles, that perceive and act in the physical world.",P_SYS,시스템,System,"AI 시스템의 내부 설계, 데이터, 모델, 인프라, 통제 또는 운영 과정에서 발생하는 리스크.","Risks arising from the internal design, data, models, infrastructure, controls, or operational processes of an AI system.",P_SYS_CONTROL,안전하지 않은 물리 제어·구동,Unsafe Physical Control and Actuation,"로봇 자체의 제어 시스템·액추에이터·모션 제어·경로 계획·실행의 결함으로 로봇이 잘못 움직이거나 구동하여, 사람의 존재 여부와 무관하게 의도하지 않은 물리 행동을 일으키는 리스크

(로봇이 정상적으로 작동하더라도 사람 주변에서 작동함으로 인해 발생하는 위험은 ""Human-Robot Physical Safety Failure""에서 다룸).","The risk that faults in the robot's own control systems, actuators, motion control, path planning, or execution cause it to move or actuate incorrectly—producing unintended physical actions—irrespective of whether humans are present 

(hazards arising specifically from operating around people, when the robot is otherwise functioning as designed, are covered under ""Human-Robot Physical Safety Failure"").",P_SYS_CONTROL_036,온디바이스 연산·메모리 고갈,On-device compute and memory exhaustion,로봇·휴머노이드 또는 피지컬 AI 시스템의 온디바이스 연산 자원이나 메모리가 고갈되어 안전 관련 인지·계획·제어 기능이 저하되거나 중단되는 위험.,"The risk that exhaustion of on-device compute or memory in a robot, humanoid, or physical AI system degrades or interrupts safety-relevant perception, planning, or control.",,,HD,,,,,,,,,,,,,,,,,,,,,,,,,,HUMAN_REVIEW_ROUND2_RECOVERY,SRC-P-0044,Physical,RAI4-0298,RAI4-0298,,HUMAN_REVIEW_ROUND2,REWRITE_KEEP|PEER_REVIEW|L3_AI_GROUNDING|KOREAN_COPYEDIT|ENGLISH_COPYEDIT|HUMAN_REVIEW_L3_REASSIGNMENT|FINAL_TERMINOLOGY_L3_QA|HUMAN_REVIEW_ROUND2_RECOVERY,"Bilingual definition grounded in an explicit AI technology, causal mechanism, and immutable L3 scope | KOC-0505:SENTENCE_RECONSTRUCTION | EOC-0316:ENGLISH_ORTHOGRAPHY | Second-round human-review instruction applied without EM.",L3_MASTER|NIST_AI_RMF|OECD_AI_PRINCIPLES|KOREA_AI_BASIC_ACT|ISO_AI_RISK_23894|OECD_AIM_TERMS|UNESCO_AI_ETHICS|SOURCE_ENGLISH_DEFINITION|POLICY_AND_TECHNICAL_TERMINOLOGY_QA|ENGLISH_TECHNICAL_ORTHOGRAPHY_QA|HUMAN_REVIEW_ROUND2|EXPERT_L3_ALIGNMENT_REVIEW_20260829,,,,
L0_RAI,책임 있는 인공지능,Responsible AI,L1_P,피지컬 AI,Physical AI,로봇과 자율주행차를 포함하여 물리 세계를 인식하고 물리적 행동을 수행하는 체화형 또는 사이버물리 AI 시스템.,"Embodied or cyber-physical systems, including robots and autonomous vehicles, that perceive and act in the physical world.",P_SYS,시스템,System,"AI 시스템의 내부 설계, 데이터, 모델, 인프라, 통제 또는 운영 과정에서 발생하는 리스크.","Risks arising from the internal design, data, models, infrastructure, controls, or operational processes of an AI system.",P_SYS_CONTROL,안전하지 않은 물리 제어·구동,Unsafe Physical Control and Actuation,"로봇 자체의 제어 시스템·액추에이터·모션 제어·경로 계획·실행의 결함으로 로봇이 잘못 움직이거나 구동하여, 사람의 존재 여부와 무관하게 의도하지 않은 물리 행동을 일으키는 리스크

(로봇이 정상적으로 작동하더라도 사람 주변에서 작동함으로 인해 발생하는 위험은 ""Human-Robot Physical Safety Failure""에서 다룸).","The risk that faults in the robot's own control systems, actuators, motion control, path planning, or execution cause it to move or actuate incorrectly—producing unintended physical actions—irrespective of whether humans are present 

(hazards arising specifically from operating around people, when the robot is otherwise functioning as designed, are covered under ""Human-Robot Physical Safety Failure"").",P_SYS_CONTROL_037,산업 공정에서의 피지컬 AI 제어 실패,Physical AI control failure in industrial processes,"제조·건설·광업·에너지 시설에 배치된 피지컬 AI의 제어·구동 결함이 장비 손상, 공정 오염, 구조 불안정, 연쇄적 운영 장애 또는 환경 사고를 초래하는 리스크.","The risk that faults in the control or actuation of physical AI deployed in manufacturing, construction, mining, or energy facilities cause equipment damage, process contamination, structural instability, cascading operational disruption, or environmental accidents.",,,HD,,,,,,,,,,,,,,,,,,,,,,,,,,HUMAN_REVIEW_ROUND2_EXPLICIT_L3_ALIGNMENT,SRC-G-0285,General,RAI4-0360,RAI4-0360,,HUMAN_REVIEW_ROUND2,REWRITE_KEEP|PEER_REVIEW|KOREAN_COPYEDIT|HUMAN_REVIEW_L3_REASSIGNMENT|FINAL_TERMINOLOGY_L3_QA,Peer-review spacing restoration | KOC-0160:ORTHOGRAPHY | FQA-209:REMAP_PER_REVIEW:로봇의 제어·구동 결함이 산업 공정에서 물리적 피해를 일으키는 카드이므로 피지컬 AI의 안전하지 않은 물리 제어·구동에 배치한다.,L3_MASTER|NIST_AI_RMF|OECD_AI_PRINCIPLES|KOREA_AI_BASIC_ACT|ISO_AI_RISK_23894|OECD_AIM_TERMS|UNESCO_AI_ETHICS|KOREAN_ORTHOGRAPHY_AND_SPACING_QA|HUMAN_REVIEW_ROUND2|KOREAN_LANGUAGE_QA_20260829|BRITISH_ENGLISH_QA_20260829|EXPERT_TERMINOLOGY_REVIEW_20260829,,,,STALE_AFTER_TEXT_EDIT_NO_EM_RERUN
L0_RAI,책임 있는 인공지능,Responsible AI,L1_P,피지컬 AI,Physical AI,로봇과 자율주행차를 포함하여 물리 세계를 인식하고 물리적 행동을 수행하는 체화형 또는 사이버물리 AI 시스템.,"Embodied or cyber-physical systems, including robots and autonomous vehicles, that perceive and act in the physical world.",P_SYS,시스템,System,"AI 시스템의 내부 설계, 데이터, 모델, 인프라, 통제 또는 운영 과정에서 발생하는 리스크.","Risks arising from the internal design, data, models, infrastructure, controls, or operational processes of an AI system.",P_SYS_CONTROL,안전하지 않은 물리 제어·구동,Unsafe Physical Control and Actuation,"로봇 자체의 제어 시스템·액추에이터·모션 제어·경로 계획·실행의 결함으로 로봇이 잘못 움직이거나 구동하여, 사람의 존재 여부와 무관하게 의도하지 않은 물리 행동을 일으키는 리스크

(로봇이 정상적으로 작동하더라도 사람 주변에서 작동함으로 인해 발생하는 위험은 ""Human-Robot Physical Safety Failure""에서 다룸).","The risk that faults in the robot's own control systems, actuators, motion control, path planning, or execution cause it to move or actuate incorrectly—producing unintended physical actions—irrespective of whether humans are present 

(hazards arising specifically from operating around people, when the robot is otherwise functioning as designed, are covered under ""Human-Robot Physical Safety Failure"").",P_SYS_CONTROL_038,로봇 오작동에 의한 물리적 상해,Physical injury from robot malfunction,"로봇의 센서, 제어기, 소프트웨어 또는 기계 구성 요소가 오작동하여 예기치 않은 움직임, 충돌, 압착 또는 낙하를 일으키고 사람에게 신체적 상해를 초래하는 리스크.","The risk that malfunction of a robot's sensors, controller, software, or mechanical components causes unexpected motion, collision, crushing, or falling and results in physical injury.",,,EM,0.8092510104179382,0.030899999663233757,1.0,0.7863820195198059,0.8435540199279785,0.042865999042987823,로봇 오작동에 의한 물리적 상해,신체 상해,구성 요소 오작동,Physical injury from robot malfunction,mechanical components unexpected,software mechanical components,P_SYS_CONTROL,0.4,0.643032,0.034303,P_INT_SAFETY=0.600|P_SYS_CONTROL=0.400|P_INT_TAMPER=0.300,P_SYS_CONTROL,0.809251,0.843554,P_SYS_HARDWARE,0.778351,0.800688,P_SYS_CONTROL,P_SYS_CONTROL,,SRC-P-0050,Physical,RAI4-1629,RAI4-1629,"병합 — 실험실 로봇으로 범위를 한정할 필요 없이, 오작동에 의한 물리적 상해를 다루는 상위 카드와 통합하여 하나의 일반화된 카드로 정리",SOURCE_DOMAIN,EDIT|REWRITE_KEEP|PEER_REVIEW,Peer-review spacing restoration,L3_MASTER|NIST_AI_RMF|OECD_AI_PRINCIPLES|KOREA_AI_BASIC_ACT|ISO_AI_RISK_23894|OECD_AIM_TERMS|UNESCO_AI_ETHICS,NO_CURATED_PRIOR|PREREQUISITE_FILTER:,P_SYS_CONTROL,0.808814,L3_MASTER_VALIDATED
L0_RAI,책임 있는 인공지능,Responsible AI,L1_P,피지컬 AI,Physical AI,로봇과 자율주행차를 포함하여 물리 세계를 인식하고 물리적 행동을 수행하는 체화형 또는 사이버물리 AI 시스템.,"Embodied or cyber-physical systems, including robots and autonomous vehicles, that perceive and act in the physical world.",P_SYS,시스템,System,"AI 시스템의 내부 설계, 데이터, 모델, 인프라, 통제 또는 운영 과정에서 발생하는 리스크.","Risks arising from the internal design, data, models, infrastructure, controls, or operational processes of an AI system.",P_SYS_CONTROL,안전하지 않은 물리 제어·구동,Unsafe Physical Control and Actuation,"로봇 자체의 제어 시스템·액추에이터·모션 제어·경로 계획·실행의 결함으로 로봇이 잘못 움직이거나 구동하여, 사람의 존재 여부와 무관하게 의도하지 않은 물리 행동을 일으키는 리스크

(로봇이 정상적으로 작동하더라도 사람 주변에서 작동함으로 인해 발생하는 위험은 ""Human-Robot Physical Safety Failure""에서 다룸).","The risk that faults in the robot's own control systems, actuators, motion control, path planning, or execution cause it to move or actuate incorrectly—producing unintended physical actions—irrespective of whether humans are present 

(hazards arising specifically from operating around people, when the robot is otherwise functioning as designed, are covered under ""Human-Robot Physical Safety Failure"").",P_SYS_CONTROL_039,조기 물체 해제,Premature object release,"로봇이 안전한 자세 또는 표면에 도달하기 전에 물체를 해제하여 낙하, 유출, 충격, 또는 2차 위험을 유발하는 리스크.","The risk that a robot releases an object before reaching a safe pose or surface, causing drops, spills, impacts, or secondary hazards.",,,EM,0.758499026298523,0.04147399961948395,1.0,0.7290940284729004,0.7588149905204773,0.043540000915527344,조기 물체 해제,낙하 유출 충격,자세 표면 도달,Premature object release,spills impacts secondary,drops spills impacts,P_SYS_HARDWARE,0.0,0.473319,0.000316,NO_DIRECT_LEXICAL_SUPPORT,P_SYS_CONTROL,0.758499,0.758815,P_INT_SAFETY,0.717025,0.715275,P_SYS_CONTROL,P_SYS_CONTROL,,SRC-P-0014,Physical,RAI4-0207,RAI4-0207,,SOURCE_DOMAIN,REWRITE_KEEP|PEER_REVIEW,Peer-review spacing restoration,L3_MASTER|NIST_AI_RMF|OECD_AI_PRINCIPLES|KOREA_AI_BASIC_ACT|ISO_AI_RISK_23894|OECD_AIM_TERMS|UNESCO_AI_ETHICS,NO_CURATED_PRIOR|PREREQUISITE_FILTER:,P_SYS_CONTROL,0.758591,L3_MASTER_VALIDATED
L0_RAI,책임 있는 인공지능,Responsible AI,L1_P,피지컬 AI,Physical AI,로봇과 자율주행차를 포함하여 물리 세계를 인식하고 물리적 행동을 수행하는 체화형 또는 사이버물리 AI 시스템.,"Embodied or cyber-physical systems, including robots and autonomous vehicles, that perceive and act in the physical world.",P_SYS,시스템,System,"AI 시스템의 내부 설계, 데이터, 모델, 인프라, 통제 또는 운영 과정에서 발생하는 리스크.","Risks arising from the internal design, data, models, infrastructure, controls, or operational processes of an AI system.",P_SYS_CONTROL,안전하지 않은 물리 제어·구동,Unsafe Physical Control and Actuation,"로봇 자체의 제어 시스템·액추에이터·모션 제어·경로 계획·실행의 결함으로 로봇이 잘못 움직이거나 구동하여, 사람의 존재 여부와 무관하게 의도하지 않은 물리 행동을 일으키는 리스크

(로봇이 정상적으로 작동하더라도 사람 주변에서 작동함으로 인해 발생하는 위험은 ""Human-Robot Physical Safety Failure""에서 다룸).","The risk that faults in the robot's own control systems, actuators, motion control, path planning, or execution cause it to move or actuate incorrectly—producing unintended physical actions—irrespective of whether humans are present 

(hazards arising specifically from operating around people, when the robot is otherwise functioning as designed, are covered under ""Human-Robot Physical Safety Failure"").",P_SYS_CONTROL_040,실시간 지연 및 동기화 실패,Real-time latency and synchronisation failure,감지·추론·통신·작동 사이의 지연이나 동기화 오류가 로봇·차량·드론·원격 수술 또는 산업 시스템의 제어 루프를 불안정하게 만드는 위험.,"The risk that latency or synchronisation failures across sensing, inference, communication, and actuation destabilise control loops in robots, vehicles, drones, remote surgery, or industrial systems.",,,EM,,,,,,,,,,,,,,,,,,,,,,,,,,,SRC-P-0040,Physical,RAI4-0339,RAI4-0339,,SOURCE_DOMAIN,REWRITE_KEEP|PEER_REVIEW|KOREAN_COPYEDIT|ENGLISH_COPYEDIT|FINAL_TERMINOLOGY_L3_QA,Peer-review spacing restoration | KOC-0489:TERMINOLOGY_AND_SYNTAX | EOC-0304:ENGLISH_ORTHOGRAPHY | FQA-121:LANGUAGE_REFINEMENT:독립 언어·용어 감사에서 확인된 문법·호응·전문용어 또는 한영 의미 불일치를 최소 수정하고 기존 L3와 위해 기제를 보존한다.,L3_MASTER|NIST_AI_RMF|OECD_AI_PRINCIPLES|KOREA_AI_BASIC_ACT|ISO_AI_RISK_23894|OECD_AIM_TERMS|UNESCO_AI_ETHICS|SOURCE_ENGLISH_DEFINITION|POLICY_AND_TECHNICAL_TERMINOLOGY_QA|ENGLISH_TECHNICAL_ORTHOGRAPHY_QA|KOREAN_LANGUAGE_QA_20260829|BRITISH_ENGLISH_QA_20260829|EXPERT_TERMINOLOGY_REVIEW_20260829,,,,STALE_AFTER_TEXT_EDIT_NO_EM_RERUN
L0_RAI,책임 있는 인공지능,Responsible AI,L1_P,피지컬 AI,Physical AI,로봇과 자율주행차를 포함하여 물리 세계를 인식하고 물리적 행동을 수행하는 체화형 또는 사이버물리 AI 시스템.,"Embodied or cyber-physical systems, including robots and autonomous vehicles, that perceive and act in the physical world.",P_SYS,시스템,System,"AI 시스템의 내부 설계, 데이터, 모델, 인프라, 통제 또는 운영 과정에서 발생하는 리스크.","Risks arising from the internal design, data, models, infrastructure, controls, or operational processes of an AI system.",P_SYS_CONTROL,안전하지 않은 물리 제어·구동,Unsafe Physical Control and Actuation,"로봇 자체의 제어 시스템·액추에이터·모션 제어·경로 계획·실행의 결함으로 로봇이 잘못 움직이거나 구동하여, 사람의 존재 여부와 무관하게 의도하지 않은 물리 행동을 일으키는 리스크

(로봇이 정상적으로 작동하더라도 사람 주변에서 작동함으로 인해 발생하는 위험은 ""Human-Robot Physical Safety Failure""에서 다룸).","The risk that faults in the robot's own control systems, actuators, motion control, path planning, or execution cause it to move or actuate incorrectly—producing unintended physical actions—irrespective of whether humans are present 

(hazards arising specifically from operating around people, when the robot is otherwise functioning as designed, are covered under ""Human-Robot Physical Safety Failure"").",P_SYS_CONTROL_041,물리적 안전을 우회하는 보상 과적합,Reward overfitting that bypasses physical safety,휴머노이드 제어기가 평가 환경 밖에서 균형·충돌·힘·작업 공간 제약을 위반하면서 벤치마크 보상이나 모방 충실도를 극대화하는 위험.,"The risk that a humanoid controller maximises benchmark reward or imitation fidelity while violating balance, collision, force, or workspace constraints outside the evaluation setting.",,,HD,,,,,,,,,,,,,,,,,,,,,,,,,,L3_REASSIGNED_BY_HUMAN_REVIEW_ROUND2,SRC-P-0149,Physical,RAI4-0249,RAI4-0249,,HUMAN_REVIEW_ROUND2,HUMAN_REVIEW_L3_REASSIGNMENT|KOREAN_COPYEDIT|ENGLISH_COPYEDIT,Peer-review spacing restoration | KOC-0467:ORTHOGRAPHY | EOC-0292:ENGLISH_ORTHOGRAPHY,L3_MASTER|NIST_AI_RMF|OECD_AI_PRINCIPLES|KOREA_AI_BASIC_ACT|ISO_AI_RISK_23894|OECD_AIM_TERMS|UNESCO_AI_ETHICS|KOREAN_ORTHOGRAPHY_AND_SPACING_QA|SOURCE_ENGLISH_DEFINITION|ENGLISH_TECHNICAL_ORTHOGRAPHY_QA,,,,STALE_AFTER_TEXT_EDIT_NO_EM_RERUN
L0_RAI,책임 있는 인공지능,Responsible AI,L1_P,피지컬 AI,Physical AI,로봇과 자율주행차를 포함하여 물리 세계를 인식하고 물리적 행동을 수행하는 체화형 또는 사이버물리 AI 시스템.,"Embodied or cyber-physical systems, including robots and autonomous vehicles, that perceive and act in the physical world.",P_SYS,시스템,System,"AI 시스템의 내부 설계, 데이터, 모델, 인프라, 통제 또는 운영 과정에서 발생하는 리스크.","Risks arising from the internal design, data, models, infrastructure, controls, or operational processes of an AI system.",P_SYS_CONTROL,안전하지 않은 물리 제어·구동,Unsafe Physical Control and Actuation,"로봇 자체의 제어 시스템·액추에이터·모션 제어·경로 계획·실행의 결함으로 로봇이 잘못 움직이거나 구동하여, 사람의 존재 여부와 무관하게 의도하지 않은 물리 행동을 일으키는 리스크

(로봇이 정상적으로 작동하더라도 사람 주변에서 작동함으로 인해 발생하는 위험은 ""Human-Robot Physical Safety Failure""에서 다룸).","The risk that faults in the robot's own control systems, actuators, motion control, path planning, or execution cause it to move or actuate incorrectly—producing unintended physical actions—irrespective of whether humans are present 

(hazards arising specifically from operating around people, when the robot is otherwise functioning as designed, are covered under ""Human-Robot Physical Safety Failure"").",P_SYS_CONTROL_042,런타임 안전 모니터 실패,Runtime safety monitor failure,로봇·휴머노이드 또는 피지컬 AI 시스템의 런타임 안전 모니터가 속도·힘·이격 거리·작업 공간·충돌 회피·물체 사용·과업 프로토콜에 관한 제약을 감지하거나 집행하지 못하여 위해가 발생할 때까지 안전하지 않은 동작이 지속되는 리스크.,"The risk that runtime safety monitors in a robot, humanoid, or physical AI system fail to detect or enforce constraints on speed, force, separation distance, workspace, collision avoidance, object use, or task protocols, allowing unsafe motion to continue until harm occurs.",,,HD,,,,,,,,,,,,,,,,,,,,,,,,,,HUMAN_REVIEW_ROUND2_RECOVERY,SRC-P-0123,Physical,RAI4-0224,RAI4-0224,,HUMAN_REVIEW_ROUND2,HUMAN_REVIEW_INTENT_CORRECTION_MOVE_TO_OTHERS_HD|KOREAN_COPYEDIT|ENGLISH_COPYEDIT|FINAL_TERMINOLOGY_L3_QA|HUMAN_REVIEW_ROUND2_RECOVERY,KOC-0517:SENTENCE_RECONSTRUCTION | EOC-0283:ENGLISH_ORTHOGRAPHY | FQA-016:LANGUAGE_REFINEMENT:런타임 안전 모니터가 집행하는 대상은 충돌 자체가 아니라 충돌 회피 제약이므로 한영 기술 용어를 일치시킨다. | Second-round human-review instruction applied without EM.,L3_MASTER|NIST_AI_RMF|OECD_AI_PRINCIPLES|KOREA_AI_BASIC_ACT|ISO_AI_RISK_23894|OECD_AIM_TERMS|UNESCO_AI_ETHICS|SOURCE_ENGLISH_DEFINITION|POLICY_AND_TECHNICAL_TERMINOLOGY_QA|ENGLISH_TECHNICAL_ORTHOGRAPHY_QA|KOREAN_LANGUAGE_QA_20260829|BRITISH_ENGLISH_QA_20260829|EXPERT_TERMINOLOGY_REVIEW_20260829,,,,
L0_RAI,책임 있는 인공지능,Responsible AI,L1_P,피지컬 AI,Physical AI,로봇과 자율주행차를 포함하여 물리 세계를 인식하고 물리적 행동을 수행하는 체화형 또는 사이버물리 AI 시스템.,"Embodied or cyber-physical systems, including robots and autonomous vehicles, that perceive and act in the physical world.",P_SYS,시스템,System,"AI 시스템의 내부 설계, 데이터, 모델, 인프라, 통제 또는 운영 과정에서 발생하는 리스크.","Risks arising from the internal design, data, models, infrastructure, controls, or operational processes of an AI system.",P_SYS_CONTROL,안전하지 않은 물리 제어·구동,Unsafe Physical Control and Actuation,"로봇 자체의 제어 시스템·액추에이터·모션 제어·경로 계획·실행의 결함으로 로봇이 잘못 움직이거나 구동하여, 사람의 존재 여부와 무관하게 의도하지 않은 물리 행동을 일으키는 리스크

(로봇이 정상적으로 작동하더라도 사람 주변에서 작동함으로 인해 발생하는 위험은 ""Human-Robot Physical Safety Failure""에서 다룸).","The risk that faults in the robot's own control systems, actuators, motion control, path planning, or execution cause it to move or actuate incorrectly—producing unintended physical actions—irrespective of whether humans are present 

(hazards arising specifically from operating around people, when the robot is otherwise functioning as designed, are covered under ""Human-Robot Physical Safety Failure"").",P_SYS_CONTROL_043,안전-성능 균형 실패,Safety-performance trade-off failure,로봇·휴머노이드 또는 피지컬 AI 시스템의 조작 정책이 작업 완료율이나 성능을 높이기 위해 충돌 회피 또는 명시적 안전 제약 준수를 희생하는 리스크.,"The risk that the perception, learning, control, or physical action of a robot, humanoid, or physical AI system creates a condition in which a manipulation policy improves task completion while sacrificing collision avoidance or other explicit safety constraints.",,,HD,,,,,,,,,,,,,,,,,,,,,,,,,,HUMAN_REVIEW_ROUND2_RECOVERY,SRC-G-0014,General,RAI4-0233,RAI4-0233,Physical AI의 하위로 L4 리스크 카드를 분류하고 L3와 재매핑을 시킬것,HUMAN_REVIEW_ROUND2,HUMAN_REVIEW_INTENT_CORRECTION_MOVE_TO_OTHERS_HD|KOREAN_COPYEDIT|FINAL_TERMINOLOGY_L3_QA|HUMAN_REVIEW_ROUND2_RECOVERY,KOC-0518:ORTHOGRAPHY | FQA-133:LANGUAGE_REFINEMENT:독립 언어·용어 감사에서 확인된 문법·호응·전문용어 또는 한영 의미 불일치를 최소 수정하고 기존 L3와 위해 기제를 보존한다. | Second-round human-review instruction applied without EM.,L3_MASTER|NIST_AI_RMF|OECD_AI_PRINCIPLES|KOREA_AI_BASIC_ACT|ISO_AI_RISK_23894|OECD_AIM_TERMS|UNESCO_AI_ETHICS|KOREAN_ORTHOGRAPHY_AND_SPACING_QA|SOURCE_ENGLISH_DEFINITION|KOREAN_LANGUAGE_QA_20260829|BRITISH_ENGLISH_QA_20260829|POLICY_AND_TECHNICAL_TERMINOLOGY_QA|EXPERT_TERMINOLOGY_REVIEW_20260829,,,,
L0_RAI,책임 있는 인공지능,Responsible AI,L1_P,피지컬 AI,Physical AI,로봇과 자율주행차를 포함하여 물리 세계를 인식하고 물리적 행동을 수행하는 체화형 또는 사이버물리 AI 시스템.,"Embodied or cyber-physical systems, including robots and autonomous vehicles, that perceive and act in the physical world.",P_SYS,시스템,System,"AI 시스템의 내부 설계, 데이터, 모델, 인프라, 통제 또는 운영 과정에서 발생하는 리스크.","Risks arising from the internal design, data, models, infrastructure, controls, or operational processes of an AI system.",P_SYS_CONTROL,안전하지 않은 물리 제어·구동,Unsafe Physical Control and Actuation,"로봇 자체의 제어 시스템·액추에이터·모션 제어·경로 계획·실행의 결함으로 로봇이 잘못 움직이거나 구동하여, 사람의 존재 여부와 무관하게 의도하지 않은 물리 행동을 일으키는 리스크

(로봇이 정상적으로 작동하더라도 사람 주변에서 작동함으로 인해 발생하는 위험은 ""Human-Robot Physical Safety Failure""에서 다룸).","The risk that faults in the robot's own control systems, actuators, motion control, path planning, or execution cause it to move or actuate incorrectly—producing unintended physical actions—irrespective of whether humans are present 

(hazards arising specifically from operating around people, when the robot is otherwise functioning as designed, are covered under ""Human-Robot Physical Safety Failure"").",P_SYS_CONTROL_044,원격 조작 휴머노이드의 자율 안전 우선 제어 실패,Teleoperated humanoid safety override failure,"원격 조작 휴머노이드가 운영자 명령, 네트워크 지연 또는 불충분한 상황 인식으로 안전하지 않은 상태에 놓일 때 명령을 차단하거나 안전 동작으로 전환하는 자율 안전 우선 제어 기능이 작동하지 않는 리스크.","The risk that a teleoperated humanoid lacks robust autonomous safety overrides when operator commands are unsafe, network latency is excessive, or situational awareness is inadequate.",,,EM,,,,,,,,,,,,,,,,,,,,,,,,,,,SRC-P-0151,Physical,RAI4-0254,RAI4-0254,,SOURCE_DOMAIN,REWRITE_KEEP|PEER_REVIEW|KOREAN_COPYEDIT|FINAL_TERMINOLOGY_L3_QA,Peer-review spacing restoration | KOC-0492:TERMINOLOGY_AND_SYNTAX | FQA-123:LANGUAGE_REFINEMENT:독립 언어·용어 감사에서 확인된 문법·호응·전문용어 또는 한영 의미 불일치를 최소 수정하고 기존 L3와 위해 기제를 보존한다.,L3_MASTER|NIST_AI_RMF|OECD_AI_PRINCIPLES|KOREA_AI_BASIC_ACT|ISO_AI_RISK_23894|OECD_AIM_TERMS|UNESCO_AI_ETHICS|SOURCE_ENGLISH_DEFINITION|POLICY_AND_TECHNICAL_TERMINOLOGY_QA|KOREAN_LANGUAGE_QA_20260829|BRITISH_ENGLISH_QA_20260829|EXPERT_TERMINOLOGY_REVIEW_20260829,,,,STALE_AFTER_TEXT_EDIT_NO_EM_RERUN
L0_RAI,책임 있는 인공지능,Responsible AI,L1_P,피지컬 AI,Physical AI,로봇과 자율주행차를 포함하여 물리 세계를 인식하고 물리적 행동을 수행하는 체화형 또는 사이버물리 AI 시스템.,"Embodied or cyber-physical systems, including robots and autonomous vehicles, that perceive and act in the physical world.",P_SYS,시스템,System,"AI 시스템의 내부 설계, 데이터, 모델, 인프라, 통제 또는 운영 과정에서 발생하는 리스크.","Risks arising from the internal design, data, models, infrastructure, controls, or operational processes of an AI system.",P_SYS_CONTROL,안전하지 않은 물리 제어·구동,Unsafe Physical Control and Actuation,"로봇 자체의 제어 시스템·액추에이터·모션 제어·경로 계획·실행의 결함으로 로봇이 잘못 움직이거나 구동하여, 사람의 존재 여부와 무관하게 의도하지 않은 물리 행동을 일으키는 리스크

(로봇이 정상적으로 작동하더라도 사람 주변에서 작동함으로 인해 발생하는 위험은 ""Human-Robot Physical Safety Failure""에서 다룸).","The risk that faults in the robot's own control systems, actuators, motion control, path planning, or execution cause it to move or actuate incorrectly—producing unintended physical actions—irrespective of whether humans are present 

(hazards arising specifically from operating around people, when the robot is otherwise functioning as designed, are covered under ""Human-Robot Physical Safety Failure"").",P_SYS_CONTROL_045,원격 조작 지연 및 불안정성,Teleoperation latency and instability,AI 에이전트의 목표 추구·계획·도구 사용·행동 과정에서 원격 조작 링크의 높거나 변동하는 지연이 폐루프 제어를 불안정하게 하거나 인간 개입을 지연하는 위험.,"The risk that the goal pursuit, planning, tool use, or action of an AI agent creates a condition in which high or variable latency on a teleoperation link destabilises control or delays human intervention.",,,HD,,,,,,,,,,,,,,,,,,,,,,,,,,L3_REASSIGNED_BY_HUMAN_REVIEW_ROUND2,SRC-A-0043,Agentic,RAI4-0294,RAI4-0294,,HUMAN_REVIEW_ROUND2,HUMAN_REVIEW_L3_REASSIGNMENT|KOREAN_COPYEDIT|ENGLISH_COPYEDIT,"Bilingual definition grounded in an explicit AI technology, causal mechanism, and immutable L3 scope | KOC-0437:ORTHOGRAPHY | EOC-0285:ENGLISH_ORTHOGRAPHY",L3_MASTER|NIST_AI_RMF|OECD_AI_PRINCIPLES|KOREA_AI_BASIC_ACT|ISO_AI_RISK_23894|OECD_AIM_TERMS|UNESCO_AI_ETHICS|KOREAN_ORTHOGRAPHY_AND_SPACING_QA|SOURCE_ENGLISH_DEFINITION|ENGLISH_TECHNICAL_ORTHOGRAPHY_QA,,,,STALE_AFTER_TEXT_EDIT_NO_EM_RERUN
L0_RAI,책임 있는 인공지능,Responsible AI,L1_P,피지컬 AI,Physical AI,로봇과 자율주행차를 포함하여 물리 세계를 인식하고 물리적 행동을 수행하는 체화형 또는 사이버물리 AI 시스템.,"Embodied or cyber-physical systems, including robots and autonomous vehicles, that perceive and act in the physical world.",P_SYS,시스템,System,"AI 시스템의 내부 설계, 데이터, 모델, 인프라, 통제 또는 운영 과정에서 발생하는 리스크.","Risks arising from the internal design, data, models, infrastructure, controls, or operational processes of an AI system.",P_SYS_CONTROL,안전하지 않은 물리 제어·구동,Unsafe Physical Control and Actuation,"로봇 자체의 제어 시스템·액추에이터·모션 제어·경로 계획·실행의 결함으로 로봇이 잘못 움직이거나 구동하여, 사람의 존재 여부와 무관하게 의도하지 않은 물리 행동을 일으키는 리스크

(로봇이 정상적으로 작동하더라도 사람 주변에서 작동함으로 인해 발생하는 위험은 ""Human-Robot Physical Safety Failure""에서 다룸).","The risk that faults in the robot's own control systems, actuators, motion control, path planning, or execution cause it to move or actuate incorrectly—producing unintended physical actions—irrespective of whether humans are present 

(hazards arising specifically from operating around people, when the robot is otherwise functioning as designed, are covered under ""Human-Robot Physical Safety Failure"").",P_SYS_CONTROL_046,가정 조작의 단계별 오차 미수정,Uncorrected stepwise errors in household manipulation,로봇이 작업 단계 사이의 작은 조작 오차를 감지·수정하지 못해 유출·불안정한 배치·충돌·과열이 누적되는 위험.,"The risk that a household robot fails to detect and correct small manipulation errors between task steps, allowing spills, unstable placements, collisions, or overheating to accumulate.",,,EM,0.7265819907188416,0.028277000412344933,1.0,0.6954470276832581,0.7325109839439392,0.025383999571204185,가정 조작의 단계별 오차 미수정,결과 불안정,작업 단계 사이,Uncorrected stepwise errors in household manipulation,unstable result,placements collisions overheating,P_SYS_CONTROL,0.0,0.550246,0.005929,P_INT_SAFETY=0.200,P_SYS_CONTROL,0.726582,0.732511,P_INT_SAFETY,0.698305,0.707127,P_SYS_CONTROL,P_SYS_CONTROL,,SRC-P-0023,Physical,RAI4-0264,RAI4-0264,,SOURCE_DOMAIN,REWRITE_KEEP|PEER_REVIEW,Peer-review spacing restoration,L3_MASTER|NIST_AI_RMF|OECD_AI_PRINCIPLES|KOREA_AI_BASIC_ACT|ISO_AI_RISK_23894|OECD_AIM_TERMS|UNESCO_AI_ETHICS,NO_CURATED_PRIOR|PREREQUISITE_FILTER:,P_SYS_CONTROL,0.726814,L3_MASTER_VALIDATED
L0_RAI,책임 있는 인공지능,Responsible AI,L1_P,피지컬 AI,Physical AI,로봇과 자율주행차를 포함하여 물리 세계를 인식하고 물리적 행동을 수행하는 체화형 또는 사이버물리 AI 시스템.,"Embodied or cyber-physical systems, including robots and autonomous vehicles, that perceive and act in the physical world.",P_SYS,시스템,System,"AI 시스템의 내부 설계, 데이터, 모델, 인프라, 통제 또는 운영 과정에서 발생하는 리스크.","Risks arising from the internal design, data, models, infrastructure, controls, or operational processes of an AI system.",P_SYS_CONTROL,안전하지 않은 물리 제어·구동,Unsafe Physical Control and Actuation,"로봇 자체의 제어 시스템·액추에이터·모션 제어·경로 계획·실행의 결함으로 로봇이 잘못 움직이거나 구동하여, 사람의 존재 여부와 무관하게 의도하지 않은 물리 행동을 일으키는 리스크

(로봇이 정상적으로 작동하더라도 사람 주변에서 작동함으로 인해 발생하는 위험은 ""Human-Robot Physical Safety Failure""에서 다룸).","The risk that faults in the robot's own control systems, actuators, motion control, path planning, or execution cause it to move or actuate incorrectly—producing unintended physical actions—irrespective of whether humans are present 

(hazards arising specifically from operating around people, when the robot is otherwise functioning as designed, are covered under ""Human-Robot Physical Safety Failure"").",P_SYS_CONTROL_047,휴머노이드 조작 데이터셋에서의 오픈 월드 조건 과소대표,Underrepresentation of open-world conditions in humanoid manipulation datasets,휴머노이드 조작 데이터셋이 비정형 작업 변화·낯선 물체·움직이는 사람·환경 변화 등 오픈 월드 배포 조건을 충분히 포함하지 못하여 제어 정책이 낯선 조건에 일반화되지 않고 충돌·불안정한 접촉·물체 손상 등 안전하지 않은 물리적 행동을 유발하는 리스크.,"The risk that a humanoid manipulation dataset underrepresents open-world deployment conditions, including unscripted task changes, unfamiliar objects, moving people, or environmental variation, causing the control policy to fail to generalise and produce unsafe physical actions such as collisions, unstable contact, or object damage.",,,EM,,,,,,,,,,,,,,,,,,,,,,,,,,,SRC-P-0156,Physical,RAI4-0265,RAI4-0265,,SOURCE_DOMAIN,REWRITE_KEEP|PEER_REVIEW|KOREAN_COPYEDIT|ENGLISH_COPYEDIT,Peer-review spacing restoration | KOC-0495:SENTENCE_RECONSTRUCTION | EOC-0308:ENGLISH_ORTHOGRAPHY,L3_MASTER|NIST_AI_RMF|OECD_AI_PRINCIPLES|KOREA_AI_BASIC_ACT|ISO_AI_RISK_23894|OECD_AIM_TERMS|UNESCO_AI_ETHICS|SOURCE_ENGLISH_DEFINITION|POLICY_AND_TECHNICAL_TERMINOLOGY_QA|ENGLISH_TECHNICAL_ORTHOGRAPHY_QA,,,,STALE_AFTER_TEXT_EDIT_NO_EM_RERUN
L0_RAI,책임 있는 인공지능,Responsible AI,L1_P,피지컬 AI,Physical AI,로봇과 자율주행차를 포함하여 물리 세계를 인식하고 물리적 행동을 수행하는 체화형 또는 사이버물리 AI 시스템.,"Embodied or cyber-physical systems, including robots and autonomous vehicles, that perceive and act in the physical world.",P_SYS,시스템,System,"AI 시스템의 내부 설계, 데이터, 모델, 인프라, 통제 또는 운영 과정에서 발생하는 리스크.","Risks arising from the internal design, data, models, infrastructure, controls, or operational processes of an AI system.",P_SYS_CONTROL,안전하지 않은 물리 제어·구동,Unsafe Physical Control and Actuation,"로봇 자체의 제어 시스템·액추에이터·모션 제어·경로 계획·실행의 결함으로 로봇이 잘못 움직이거나 구동하여, 사람의 존재 여부와 무관하게 의도하지 않은 물리 행동을 일으키는 리스크

(로봇이 정상적으로 작동하더라도 사람 주변에서 작동함으로 인해 발생하는 위험은 ""Human-Robot Physical Safety Failure""에서 다룸).","The risk that faults in the robot's own control systems, actuators, motion control, path planning, or execution cause it to move or actuate incorrectly—producing unintended physical actions—irrespective of whether humans are present 

(hazards arising specifically from operating around people, when the robot is otherwise functioning as designed, are covered under ""Human-Robot Physical Safety Failure"").",P_SYS_CONTROL_048,이동형 로봇 감시를 통한 일방적 작업장 통제,Unilateral workplace control through mobile robotic surveillance,"고용주가 동료 로봇을 이동형 감시 노드로 전용하여 충분한 고지, 이의 제기 기회 또는 비례성 제한 없이 데이터를 수집하고, 이를 노동자에 대한 일방적 의사결정에 사용하는 위험.","The risk that an employer repurposes co-worker robots as mobile surveillance nodes and uses the resulting data to make unilateral decisions about workers without meaningful notice, contestation, or proportionality limits.",,,EM,,,,,,,,,,,,,,,,,,,,,,,,,,,SRC-P-0038,Physical,RAI4-0315,RAI4-0315,,SOURCE_DOMAIN,REWRITE_KEEP|PEER_REVIEW|KOREAN_COPYEDIT|FINAL_TERMINOLOGY_L3_QA,Peer-review spacing restoration | KOC-0496:ORTHOGRAPHY | FQA-125:LANGUAGE_REFINEMENT:독립 언어·용어 감사에서 확인된 문법·호응·전문용어 또는 한영 의미 불일치를 최소 수정하고 기존 L3와 위해 기제를 보존한다.,L3_MASTER|NIST_AI_RMF|OECD_AI_PRINCIPLES|KOREA_AI_BASIC_ACT|ISO_AI_RISK_23894|OECD_AIM_TERMS|UNESCO_AI_ETHICS|KOREAN_ORTHOGRAPHY_AND_SPACING_QA|SOURCE_ENGLISH_DEFINITION|KOREAN_LANGUAGE_QA_20260829|BRITISH_ENGLISH_QA_20260829|POLICY_AND_TECHNICAL_TERMINOLOGY_QA|EXPERT_TERMINOLOGY_REVIEW_20260829,,,,STALE_AFTER_TEXT_EDIT_NO_EM_RERUN
L0_RAI,책임 있는 인공지능,Responsible AI,L1_P,피지컬 AI,Physical AI,로봇과 자율주행차를 포함하여 물리 세계를 인식하고 물리적 행동을 수행하는 체화형 또는 사이버물리 AI 시스템.,"Embodied or cyber-physical systems, including robots and autonomous vehicles, that perceive and act in the physical world.",P_SYS,시스템,System,"AI 시스템의 내부 설계, 데이터, 모델, 인프라, 통제 또는 운영 과정에서 발생하는 리스크.","Risks arising from the internal design, data, models, infrastructure, controls, or operational processes of an AI system.",P_SYS_CONTROL,안전하지 않은 물리 제어·구동,Unsafe Physical Control and Actuation,"로봇 자체의 제어 시스템·액추에이터·모션 제어·경로 계획·실행의 결함으로 로봇이 잘못 움직이거나 구동하여, 사람의 존재 여부와 무관하게 의도하지 않은 물리 행동을 일으키는 리스크

(로봇이 정상적으로 작동하더라도 사람 주변에서 작동함으로 인해 발생하는 위험은 ""Human-Robot Physical Safety Failure""에서 다룸).","The risk that faults in the robot's own control systems, actuators, motion control, path planning, or execution cause it to move or actuate incorrectly—producing unintended physical actions—irrespective of whether humans are present 

(hazards arising specifically from operating around people, when the robot is otherwise functioning as designed, are covered under ""Human-Robot Physical Safety Failure"").",P_SYS_CONTROL_049,원격 조작 시연에서 학습된 안전하지 않은 가정,Unsafe assumptions learned from teleoperation demonstrations,로봇 정책이 감독·물체 배치·속도·인간 근접 조건이 다른데도 통제된 환경에서 기록된 운영자 행동을 배포 환경에서 안전한 것으로 간주하는 위험.,"The risk that a robot policy treats operator behaviour recorded in controlled settings as safe in deployment, even when supervision, object layout, speed, or human proximity differs.",,,EM,0.7454860210418701,0.029854999855160713,1.0,0.7183240056037903,0.789680004119873,0.053296998143196106,원격 조작 시연에서 학습된 안전하지 않은 가정,행위 기록,환경 영향,Unsafe assumptions learned from teleoperation demonstrations,recorded controlled settings,behavior recorded controlled,P_SYS_CONTROL,0.5,0.577718,0.044194,P_SYS_CONTROL=0.500|P_INT_SAFETY=0.200,P_SYS_CONTROL,0.745486,0.78968,P_INT_SAFETY,0.715632,0.736383,P_SYS_CONTROL,P_SYS_CONTROL,,SRC-P-0020,Physical,RAI4-0241,RAI4-0241,,SOURCE_DOMAIN,REWRITE_KEEP|PEER_REVIEW|ENGLISH_COPYEDIT,Peer-review spacing restoration | EOC-0309:ENGLISH_ORTHOGRAPHY,L3_MASTER|NIST_AI_RMF|OECD_AI_PRINCIPLES|KOREA_AI_BASIC_ACT|ISO_AI_RISK_23894|OECD_AIM_TERMS|UNESCO_AI_ETHICS|SOURCE_ENGLISH_DEFINITION|ENGLISH_TECHNICAL_ORTHOGRAPHY_QA,NO_CURATED_PRIOR|PREREQUISITE_FILTER:,P_SYS_CONTROL,0.745793,STALE_AFTER_TEXT_EDIT_NO_EM_RERUN
L0_RAI,책임 있는 인공지능,Responsible AI,L1_P,피지컬 AI,Physical AI,로봇과 자율주행차를 포함하여 물리 세계를 인식하고 물리적 행동을 수행하는 체화형 또는 사이버물리 AI 시스템.,"Embodied or cyber-physical systems, including robots and autonomous vehicles, that perceive and act in the physical world.",P_SYS,시스템,System,"AI 시스템의 내부 설계, 데이터, 모델, 인프라, 통제 또는 운영 과정에서 발생하는 리스크.","Risks arising from the internal design, data, models, infrastructure, controls, or operational processes of an AI system.",P_SYS_CONTROL,안전하지 않은 물리 제어·구동,Unsafe Physical Control and Actuation,"로봇 자체의 제어 시스템·액추에이터·모션 제어·경로 계획·실행의 결함으로 로봇이 잘못 움직이거나 구동하여, 사람의 존재 여부와 무관하게 의도하지 않은 물리 행동을 일으키는 리스크

(로봇이 정상적으로 작동하더라도 사람 주변에서 작동함으로 인해 발생하는 위험은 ""Human-Robot Physical Safety Failure""에서 다룸).","The risk that faults in the robot's own control systems, actuators, motion control, path planning, or execution cause it to move or actuate incorrectly—producing unintended physical actions—irrespective of whether humans are present 

(hazards arising specifically from operating around people, when the robot is otherwise functioning as designed, are covered under ""Human-Robot Physical Safety Failure"").",P_SYS_CONTROL_050,이동형 양팔 로봇의 안전하지 않은 조작,Unsafe mobile bimanual manipulation,"이동형 양팔 로봇이 베이스 이동과 양팔 조작을 동기화하지 못하거나 주변 사람, 깨지기 쉬운 물체, 가전, 협소한 공간을 고려하지 않고 동작을 계획하여, 충돌, 물체 낙하·손상, 안전하지 않은 힘의 인가를 유발하는 리스크.","The risk that a mobile bimanual robot fails to synchronise base motion with two-arm manipulation or plans motion without accounting for nearby people, fragile objects, appliances, and constrained space, causing collision, object drop or damage, or unsafe force application.",,,EM,0.7944570183753967,0.03630699962377548,1.0,0.7696570158004761,0.824629008769989,0.04179000109434128,이동형 양팔 로봇의 안전하지 않은 조작,자기 손상,가전 협소 공간,Unsafe mobile bimanual manipulation,appliances constrained space,two-arm manipulation plans,P_SYS_CONTROL,0.2,0.598509,0.030172,P_INT_SAFETY=0.200|P_SYS_CONTROL=0.200,P_SYS_CONTROL,0.794457,0.824629,P_INT_SAFETY,0.75815,0.782839,P_SYS_CONTROL,P_SYS_CONTROL,,SRC-P-0183,Physical,RAI4-0258,RAI4-0258,"L3 이동 — 이동형 양팔 로봇의 베이스-팔 동기화 실패로 인한 충돌·손상은 단일 로봇의 physical safety 이슈로, 멀티 에이전트 간 협력과는 무관",INSTRUCTION_PROMPT,REWRITE_KEEP|PEER_REVIEW|KOREAN_COPYEDIT|ENGLISH_COPYEDIT,Peer-review spacing restoration | KOC-0497:ORTHOGRAPHY | EOC-0310:ENGLISH_ORTHOGRAPHY,L3_MASTER|NIST_AI_RMF|OECD_AI_PRINCIPLES|KOREA_AI_BASIC_ACT|ISO_AI_RISK_23894|OECD_AIM_TERMS|UNESCO_AI_ETHICS|KOREAN_ORTHOGRAPHY_AND_SPACING_QA|SOURCE_ENGLISH_DEFINITION|ENGLISH_TECHNICAL_ORTHOGRAPHY_QA,NO_CURATED_PRIOR|PREREQUISITE_FILTER:,P_SYS_CONTROL,0.795516,STALE_AFTER_TEXT_EDIT_NO_EM_RERUN
L0_RAI,책임 있는 인공지능,Responsible AI,L1_P,피지컬 AI,Physical AI,로봇과 자율주행차를 포함하여 물리 세계를 인식하고 물리적 행동을 수행하는 체화형 또는 사이버물리 AI 시스템.,"Embodied or cyber-physical systems, including robots and autonomous vehicles, that perceive and act in the physical world.",P_SYS,시스템,System,"AI 시스템의 내부 설계, 데이터, 모델, 인프라, 통제 또는 운영 과정에서 발생하는 리스크.","Risks arising from the internal design, data, models, infrastructure, controls, or operational processes of an AI system.",P_SYS_CONTROL,안전하지 않은 물리 제어·구동,Unsafe Physical Control and Actuation,"로봇 자체의 제어 시스템·액추에이터·모션 제어·경로 계획·실행의 결함으로 로봇이 잘못 움직이거나 구동하여, 사람의 존재 여부와 무관하게 의도하지 않은 물리 행동을 일으키는 리스크

(로봇이 정상적으로 작동하더라도 사람 주변에서 작동함으로 인해 발생하는 위험은 ""Human-Robot Physical Safety Failure""에서 다룸).","The risk that faults in the robot's own control systems, actuators, motion control, path planning, or execution cause it to move or actuate incorrectly—producing unintended physical actions—irrespective of whether humans are present 

(hazards arising specifically from operating around people, when the robot is otherwise functioning as designed, are covered under ""Human-Robot Physical Safety Failure"").",P_SYS_CONTROL_051,잘못된 상황 해석에 따른 위험한 물리 구동,Unsafe physical actuation following incorrect situation interpretation,로봇 또는 체화형 AI 시스템이 잘못 해석한 상황이나 목표를 제어 명령으로 변환하여 의도하지 않은 위험 행동을 실행하는 리스크.,"The risk that a robot or embodied AI system converts a misinterpreted situation or goal into control commands, causing it to execute unintended unsafe physical actions.",,,HD,,,,,,,,,,,,,,,,,,,,,,,,,,HUMAN_REVIEW_ROUND2_RECOVERY,SRC-G-0068; SRC-P-0171,General,RAI4-0186,RAI4-0186; RAI4-0326,,HUMAN_REVIEW_ROUND2,HUMAN_REVIEW_SPLIT_EXPLICIT_CROSS_GROUP_CONSOLIDATION|KOREAN_COPYEDIT|FINAL_TERMINOLOGY_L3_QA|HUMAN_REVIEW_ROUND2_RECOVERY|HUMAN_REVIEW_SPLIT,입력 이해 실패와 물리 제어 실행 실패를 분리한다. | 인식·입력 해석과 물리 조작 실행은 다른 실패 단계다. | Two split instructions produced the same physical-control harm mechanism; consolidate explicitly and union cross-domain lineage. | KOC-0514:SENTENCE_RECONSTRUCTION | FQA-132:LANGUAGE_REFINEMENT:독립 언어·용어 감사에서 확인된 문법·호응·전문용어 또는 한영 의미 불일치를 최소 수정하고 기존 L3와 위해 기제를 보존한다. | Second-round human-review instruction applied without EM.,L3_MASTER|NIST_AI_RMF|OECD_AI_PRINCIPLES|KOREA_AI_BASIC_ACT|ISO_AI_RISK_23894|OECD_AIM_TERMS|UNESCO_AI_ETHICS|SOURCE_ENGLISH_DEFINITION|POLICY_AND_TECHNICAL_TERMINOLOGY_QA|KOREAN_LANGUAGE_QA_20260829|BRITISH_ENGLISH_QA_20260829|EXPERT_TERMINOLOGY_REVIEW_20260829,,,,
L0_RAI,책임 있는 인공지능,Responsible AI,L1_P,피지컬 AI,Physical AI,로봇과 자율주행차를 포함하여 물리 세계를 인식하고 물리적 행동을 수행하는 체화형 또는 사이버물리 AI 시스템.,"Embodied or cyber-physical systems, including robots and autonomous vehicles, that perceive and act in the physical world.",P_SYS,시스템,System,"AI 시스템의 내부 설계, 데이터, 모델, 인프라, 통제 또는 운영 과정에서 발생하는 리스크.","Risks arising from the internal design, data, models, infrastructure, controls, or operational processes of an AI system.",P_SYS_CONTROL,안전하지 않은 물리 제어·구동,Unsafe Physical Control and Actuation,"로봇 자체의 제어 시스템·액추에이터·모션 제어·경로 계획·실행의 결함으로 로봇이 잘못 움직이거나 구동하여, 사람의 존재 여부와 무관하게 의도하지 않은 물리 행동을 일으키는 리스크

(로봇이 정상적으로 작동하더라도 사람 주변에서 작동함으로 인해 발생하는 위험은 ""Human-Robot Physical Safety Failure""에서 다룸).","The risk that faults in the robot's own control systems, actuators, motion control, path planning, or execution cause it to move or actuate incorrectly—producing unintended physical actions—irrespective of whether humans are present 

(hazards arising specifically from operating around people, when the robot is otherwise functioning as designed, are covered under ""Human-Robot Physical Safety Failure"").",P_SYS_CONTROL_052,위험한 로봇 작업 계획에 따른 물리 제어 실패,Unsafe physical control from hazardous robot task plans,로봇 또는 피지컬 AI 시스템이 식별 가능한 물리적 위험을 포함하거나 안전 제약을 위반하는 작업 계획을 생성·승인하고 이를 모션 계획과 구동으로 실행하여 의도하지 않은 위험 동작을 일으키는 리스크.,"The risk that a robot or physical AI system generates or approves a task plan containing identifiable physical hazards or violated safety constraints and executes it through motion planning and actuation, causing unintended and unsafe physical action.",,,EM,,,,,,,,,,,,,,,,,,,,,,,,,,,SRC-P-0073,Physical,RAI4-0227,RAI4-0227,,SOURCE_DOMAIN,REWRITE_KEEP|PEER_REVIEW|L3_MASTER_SCOPE_REWRITE|KOREAN_COPYEDIT|FINAL_TERMINOLOGY_L3_QA,"Definition narrowed to the subject, mechanism, and adverse outcome of the immutable L3 master | KOC-0498:ORTHOGRAPHY | FQA-126:LANGUAGE_REFINEMENT:독립 언어·용어 감사에서 확인된 문법·호응·전문용어 또는 한영 의미 불일치를 최소 수정하고 기존 L3와 위해 기제를 보존한다.",L3_MASTER|NIST_AI_RMF|OECD_AI_PRINCIPLES|KOREA_AI_BASIC_ACT|ISO_AI_RISK_23894|OECD_AIM_TERMS|UNESCO_AI_ETHICS|KOREAN_ORTHOGRAPHY_AND_SPACING_QA|SOURCE_ENGLISH_DEFINITION|KOREAN_LANGUAGE_QA_20260829|BRITISH_ENGLISH_QA_20260829|POLICY_AND_TECHNICAL_TERMINOLOGY_QA|EXPERT_TERMINOLOGY_REVIEW_20260829,,,,STALE_AFTER_TEXT_EDIT_NO_EM_RERUN
L0_RAI,책임 있는 인공지능,Responsible AI,L1_P,피지컬 AI,Physical AI,로봇과 자율주행차를 포함하여 물리 세계를 인식하고 물리적 행동을 수행하는 체화형 또는 사이버물리 AI 시스템.,"Embodied or cyber-physical systems, including robots and autonomous vehicles, that perceive and act in the physical world.",P_SYS,시스템,System,"AI 시스템의 내부 설계, 데이터, 모델, 인프라, 통제 또는 운영 과정에서 발생하는 리스크.","Risks arising from the internal design, data, models, infrastructure, controls, or operational processes of an AI system.",P_SYS_CONTROL,안전하지 않은 물리 제어·구동,Unsafe Physical Control and Actuation,"로봇 자체의 제어 시스템·액추에이터·모션 제어·경로 계획·실행의 결함으로 로봇이 잘못 움직이거나 구동하여, 사람의 존재 여부와 무관하게 의도하지 않은 물리 행동을 일으키는 리스크

(로봇이 정상적으로 작동하더라도 사람 주변에서 작동함으로 인해 발생하는 위험은 ""Human-Robot Physical Safety Failure""에서 다룸).","The risk that faults in the robot's own control systems, actuators, motion control, path planning, or execution cause it to move or actuate incorrectly—producing unintended physical actions—irrespective of whether humans are present 

(hazards arising specifically from operating around people, when the robot is otherwise functioning as designed, are covered under ""Human-Robot Physical Safety Failure"").",P_SYS_CONTROL_053,로봇 형태 간 기술의 안전하지 않은 전이,Unsafe skill transfer across robot morphologies,"한 로봇 형태에서 다른 형태로 전이된 기술이 대상 로봇의 물리적 한계를 넘는 도달, 힘, 파지, 이동 명령을 생성하는 위험.","The risk that a skill transferred from one robot morphology produces reach, force, grasp, or locomotion commands that exceed the receiving robot's physical limits.",,,EM,0.7596650123596191,0.05445599928498268,1.0,0.7275859713554382,0.7945870161056519,0.06958699971437454,로봇 형태 간 기술의 안전하지 않은 전이,전이 기술 대상,한계 도달 파지,Unsafe skill transfer across robot morphologies,morphology produces reach,commands exceed receiving,P_SYS_CONTROL,0.3,0.607541,0.034922,P_SYS_CONTROL=0.300|P_INT_SAFETY=0.200|P_INT_TAMPER=0.100,P_SYS_CONTROL,0.759665,0.794587,P_INT_SAFETY,0.705209,0.725,P_SYS_CONTROL,P_SYS_CONTROL,,SRC-P-0019,Physical,RAI4-0237,RAI4-0237,,SOURCE_DOMAIN,REWRITE_KEEP|PEER_REVIEW,Peer-review spacing restoration,L3_MASTER|NIST_AI_RMF|OECD_AI_PRINCIPLES|KOREA_AI_BASIC_ACT|ISO_AI_RISK_23894|OECD_AIM_TERMS|UNESCO_AI_ETHICS,NO_CURATED_PRIOR|PREREQUISITE_FILTER:,P_SYS_CONTROL,0.76007,L3_MASTER_VALIDATED
L0_RAI,책임 있는 인공지능,Responsible AI,L1_P,피지컬 AI,Physical AI,로봇과 자율주행차를 포함하여 물리 세계를 인식하고 물리적 행동을 수행하는 체화형 또는 사이버물리 AI 시스템.,"Embodied or cyber-physical systems, including robots and autonomous vehicles, that perceive and act in the physical world.",P_SYS,시스템,System,"AI 시스템의 내부 설계, 데이터, 모델, 인프라, 통제 또는 운영 과정에서 발생하는 리스크.","Risks arising from the internal design, data, models, infrastructure, controls, or operational processes of an AI system.",P_SYS_CONTROL,안전하지 않은 물리 제어·구동,Unsafe Physical Control and Actuation,"로봇 자체의 제어 시스템·액추에이터·모션 제어·경로 계획·실행의 결함으로 로봇이 잘못 움직이거나 구동하여, 사람의 존재 여부와 무관하게 의도하지 않은 물리 행동을 일으키는 리스크

(로봇이 정상적으로 작동하더라도 사람 주변에서 작동함으로 인해 발생하는 위험은 ""Human-Robot Physical Safety Failure""에서 다룸).","The risk that faults in the robot's own control systems, actuators, motion control, path planning, or execution cause it to move or actuate incorrectly—producing unintended physical actions—irrespective of whether humans are present 

(hazards arising specifically from operating around people, when the robot is otherwise functioning as designed, are covered under ""Human-Robot Physical Safety Failure"").",P_SYS_CONTROL_054,안전하지 않은 궤적 생성,Unsafe trajectory generation,로봇·휴머노이드 또는 피지컬 AI 시스템의 플래너가 형식적으로는 실행 가능하지만 주변 사람·취약 물체·교통 참여자 또는 제약된 작업 공간에 안전하지 않은 궤적을 생성하는 위험.,"The risk that a planner in a robot, humanoid, or physical AI system generates a trajectory that is formally feasible but unsafe for nearby people, fragile objects, traffic participants, or constrained workspaces.",,,EM,,,,,,,,,,,,,,,,,,,,,,,,,,,SRC-P-0172,Physical,RAI4-0327,RAI4-0327,,SOURCE_DOMAIN,REWRITE_KEEP|PEER_REVIEW|L3_AI_GROUNDING|KOREAN_COPYEDIT|ENGLISH_COPYEDIT,"Bilingual definition grounded in an explicit AI technology, causal mechanism, and immutable L3 scope | KOC-0499:SENTENCE_RECONSTRUCTION | EOC-0311:ENGLISH_ORTHOGRAPHY",L3_MASTER|NIST_AI_RMF|OECD_AI_PRINCIPLES|KOREA_AI_BASIC_ACT|ISO_AI_RISK_23894|OECD_AIM_TERMS|UNESCO_AI_ETHICS|SOURCE_ENGLISH_DEFINITION|POLICY_AND_TECHNICAL_TERMINOLOGY_QA|ENGLISH_TECHNICAL_ORTHOGRAPHY_QA,,,,STALE_AFTER_TEXT_EDIT_NO_EM_RERUN
L0_RAI,책임 있는 인공지능,Responsible AI,L1_P,피지컬 AI,Physical AI,로봇과 자율주행차를 포함하여 물리 세계를 인식하고 물리적 행동을 수행하는 체화형 또는 사이버물리 AI 시스템.,"Embodied or cyber-physical systems, including robots and autonomous vehicles, that perceive and act in the physical world.",P_SYS,시스템,System,"AI 시스템의 내부 설계, 데이터, 모델, 인프라, 통제 또는 운영 과정에서 발생하는 리스크.","Risks arising from the internal design, data, models, infrastructure, controls, or operational processes of an AI system.",P_SYS_CONTROL,안전하지 않은 물리 제어·구동,Unsafe Physical Control and Actuation,"로봇 자체의 제어 시스템·액추에이터·모션 제어·경로 계획·실행의 결함으로 로봇이 잘못 움직이거나 구동하여, 사람의 존재 여부와 무관하게 의도하지 않은 물리 행동을 일으키는 리스크

(로봇이 정상적으로 작동하더라도 사람 주변에서 작동함으로 인해 발생하는 위험은 ""Human-Robot Physical Safety Failure""에서 다룸).","The risk that faults in the robot's own control systems, actuators, motion control, path planning, or execution cause it to move or actuate incorrectly—producing unintended physical actions—irrespective of whether humans are present 

(hazards arising specifically from operating around people, when the robot is otherwise functioning as designed, are covered under ""Human-Robot Physical Safety Failure"").",P_SYS_CONTROL_055,배포 조건 간 휴머노이드 행동 불안정,Unstable humanoid behaviour across deployment conditions,한 시뮬레이터나 시험 조건에서 안정적인 휴머노이드 정책이 난수 시드·시뮬레이터·하드웨어·배포 환경이 바뀌면 행동이 크게 달라지는 위험.,"The risk that a humanoid policy that is stable in one simulator or test setting changes materially across random seeds, simulators, hardware, or deployment environments.",,,EM,0.660548985004425,0.016642000526189804,1.0,0.6284239888191223,0.6672509908676147,0.025318000465631485,배포 조건 간 휴머노이드 행동 불안정,시드 시뮬레이터 하드웨어,정책 시드 시뮬레이터,Unstable humanoid behavior across deployment conditions,random seeds simulators,simulator test setting,P_SYS_CONTROL,0.0,0.519003,0.006702,P_SYS_HARDWARE=0.200,P_SYS_CONTROL,0.660549,0.667251,P_INT_SAFETY,0.643907,0.641933,P_SYS_CONTROL,P_SYS_CONTROL,,SRC-A-0042,Agentic,RAI4-0250,RAI4-0250,"Physical AI L1 로 재분류하고, L3 재매핑을 할것",INSTRUCTION_PROMPT,REWRITE_KEEP|PEER_REVIEW|KOREAN_COPYEDIT|ENGLISH_COPYEDIT,Peer-review spacing restoration | KOC-0500:ORTHOGRAPHY | EOC-0312:ENGLISH_ORTHOGRAPHY,L3_MASTER|NIST_AI_RMF|OECD_AI_PRINCIPLES|KOREA_AI_BASIC_ACT|ISO_AI_RISK_23894|OECD_AIM_TERMS|UNESCO_AI_ETHICS|KOREAN_ORTHOGRAPHY_AND_SPACING_QA|SOURCE_ENGLISH_DEFINITION|ENGLISH_TECHNICAL_ORTHOGRAPHY_QA,NO_CURATED_PRIOR|PREREQUISITE_FILTER:,P_SYS_CONTROL,0.660106,STALE_AFTER_TEXT_EDIT_NO_EM_RERUN
L0_RAI,책임 있는 인공지능,Responsible AI,L1_P,피지컬 AI,Physical AI,로봇과 자율주행차를 포함하여 물리 세계를 인식하고 물리적 행동을 수행하는 체화형 또는 사이버물리 AI 시스템.,"Embodied or cyber-physical systems, including robots and autonomous vehicles, that perceive and act in the physical world.",P_SYS,시스템,System,"AI 시스템의 내부 설계, 데이터, 모델, 인프라, 통제 또는 운영 과정에서 발생하는 리스크.","Risks arising from the internal design, data, models, infrastructure, controls, or operational processes of an AI system.",P_SYS_CONTROL,안전하지 않은 물리 제어·구동,Unsafe Physical Control and Actuation,"로봇 자체의 제어 시스템·액추에이터·모션 제어·경로 계획·실행의 결함으로 로봇이 잘못 움직이거나 구동하여, 사람의 존재 여부와 무관하게 의도하지 않은 물리 행동을 일으키는 리스크

(로봇이 정상적으로 작동하더라도 사람 주변에서 작동함으로 인해 발생하는 위험은 ""Human-Robot Physical Safety Failure""에서 다룸).","The risk that faults in the robot's own control systems, actuators, motion control, path planning, or execution cause it to move or actuate incorrectly—producing unintended physical actions—irrespective of whether humans are present 

(hazards arising specifically from operating around people, when the robot is otherwise functioning as designed, are covered under ""Human-Robot Physical Safety Failure"").",P_SYS_CONTROL_056,VLA 조작 제약 위반,VLA manipulation constraint violation,비전-언어-행동 모델이 상위 수준의 안전 지시를 따르면서도 물체 조작 중 과업별 물리적 제약을 위반하는 리스크.,The risk that a vision-language-action model violates task-specific physical constraints during object manipulation despite high-level instruction compliance.,,,EM,,,,,,,,,,,,,,,,,,,,,,,,,,,SRC-P-0168,Physical,RAI4-0235,RAI4-0235,,SOURCE_DOMAIN,REWRITE_KEEP|PEER_REVIEW|KOREAN_COPYEDIT,Peer-review spacing restoration | KOC-0501:TERMINOLOGY_AND_SYNTAX,L3_MASTER|NIST_AI_RMF|OECD_AI_PRINCIPLES|KOREA_AI_BASIC_ACT|ISO_AI_RISK_23894|OECD_AIM_TERMS|UNESCO_AI_ETHICS|SOURCE_ENGLISH_DEFINITION|POLICY_AND_TECHNICAL_TERMINOLOGY_QA,,,,STALE_AFTER_TEXT_EDIT_NO_EM_RERUN
L0_RAI,책임 있는 인공지능,Responsible AI,L1_P,피지컬 AI,Physical AI,로봇과 자율주행차를 포함하여 물리 세계를 인식하고 물리적 행동을 수행하는 체화형 또는 사이버물리 AI 시스템.,"Embodied or cyber-physical systems, including robots and autonomous vehicles, that perceive and act in the physical world.",P_SYS,시스템,System,"AI 시스템의 내부 설계, 데이터, 모델, 인프라, 통제 또는 운영 과정에서 발생하는 리스크.","Risks arising from the internal design, data, models, infrastructure, controls, or operational processes of an AI system.",P_SYS_CONTROL,안전하지 않은 물리 제어·구동,Unsafe Physical Control and Actuation,"로봇 자체의 제어 시스템·액추에이터·모션 제어·경로 계획·실행의 결함으로 로봇이 잘못 움직이거나 구동하여, 사람의 존재 여부와 무관하게 의도하지 않은 물리 행동을 일으키는 리스크

(로봇이 정상적으로 작동하더라도 사람 주변에서 작동함으로 인해 발생하는 위험은 ""Human-Robot Physical Safety Failure""에서 다룸).","The risk that faults in the robot's own control systems, actuators, motion control, path planning, or execution cause it to move or actuate incorrectly—producing unintended physical actions—irrespective of whether humans are present 

(hazards arising specifically from operating around people, when the robot is otherwise functioning as designed, are covered under ""Human-Robot Physical Safety Failure"").",P_SYS_CONTROL_057,제로샷 시뮬레이션-현실 보행 불안정,Zero-shot sim-to-real locomotion instability,시뮬레이션에서 실제 하드웨어로 직접 전이된 로봇 보행 제어기가 접촉·순응성·마찰·외란 동역학의 차이에 적응하지 못해 불안정해지고 전도·충돌 또는 제어 상실을 초래하는 리스크.,"The risk that a robot locomotion controller transferred directly from simulation becomes unstable on physical hardware because contact, compliance, friction, or disturbance dynamics differ from those modelled in simulation, causing falls, collisions, or loss of control.",,,EM,,,,,,,,,,,,,,,,,,,,,,,,,,,SRC-P-0022,Physical,RAI4-0260,RAI4-0260,,SOURCE_DOMAIN,REWRITE_KEEP|PEER_REVIEW|L3_AI_GROUNDING|KOREAN_COPYEDIT|ENGLISH_COPYEDIT,"Bilingual definition grounded in an explicit AI technology, causal mechanism, and immutable L3 scope | KOC-0502:SENTENCE_RECONSTRUCTION | EOC-0313:ENGLISH_ORTHOGRAPHY",L3_MASTER|NIST_AI_RMF|OECD_AI_PRINCIPLES|KOREA_AI_BASIC_ACT|ISO_AI_RISK_23894|OECD_AIM_TERMS|UNESCO_AI_ETHICS|SOURCE_ENGLISH_DEFINITION|POLICY_AND_TECHNICAL_TERMINOLOGY_QA|ENGLISH_TECHNICAL_ORTHOGRAPHY_QA,,,,STALE_AFTER_TEXT_EDIT_NO_EM_RERUN
L0_RAI,책임 있는 인공지능,Responsible AI,L1_P,피지컬 AI,Physical AI,로봇과 자율주행차를 포함하여 물리 세계를 인식하고 물리적 행동을 수행하는 체화형 또는 사이버물리 AI 시스템.,"Embodied or cyber-physical systems, including robots and autonomous vehicles, that perceive and act in the physical world.",P_SYS,시스템,System,"AI 시스템의 내부 설계, 데이터, 모델, 인프라, 통제 또는 운영 과정에서 발생하는 리스크.","Risks arising from the internal design, data, models, infrastructure, controls, or operational processes of an AI system.",P_SYS_HARDWARE,하드웨어·기계 무결성 결함,Hardware and Mechanical Integrity Failure,기계·구동·센서 하드웨어 부품 자체의 물리적 파손·마모·열화·제조 결함(인식이나 의사결정 로직의 오류와 구별됨)으로 동작 정밀도나 신뢰성이 저하되어 안전하지 않은 동작과 물리적 사고로 이어지는 리스크.,"The risk that the physical breakage, wear, degradation, or manufacturing defect of mechanical, actuation, or sensor hardware components—as distinct from errors in perception or decision logic—reduces accuracy or reliability, leading to unsafe behavior and physical accidents.",P_SYS_HARDWARE_001,센서 드리프트에 의한 배포 시스템 성능 저하,Deployed-system degradation from sensor and distribution drift,물리 센서와 데이터 소스에 의존하는 배포된 AI 시스템에서 하드웨어 드리프트에 따른 데이터 분포 변화가 발생하여 시스템의 견고성과 성능이 저하되는 리스크.,The risk that hardware drift in the physical sensors and data sources of deployed AI systems causes data distribution drift that degrades system robustness and performance.,,,HD,,,,,,,,,,,,,,,,,,,,,,,,,,HUMAN_REVIEW_ROUND2_RECOVERY,SRC-G-0198,General,RAI4-1551,RAI4-1551,,HUMAN_REVIEW_ROUND2,HUMAN_REVIEW_INTENT_CORRECTION_MOVE_TO_OTHERS_HD|HUMAN_REVIEW_ROUND2_RECOVERY,Second-round human-review instruction applied without EM.,L3_MASTER|NIST_AI_RMF|OECD_AI_PRINCIPLES|KOREA_AI_BASIC_ACT|ISO_AI_RISK_23894|OECD_AIM_TERMS|UNESCO_AI_ETHICS,,,,
L0_RAI,책임 있는 인공지능,Responsible AI,L1_P,피지컬 AI,Physical AI,로봇과 자율주행차를 포함하여 물리 세계를 인식하고 물리적 행동을 수행하는 체화형 또는 사이버물리 AI 시스템.,"Embodied or cyber-physical systems, including robots and autonomous vehicles, that perceive and act in the physical world.",P_SYS,시스템,System,"AI 시스템의 내부 설계, 데이터, 모델, 인프라, 통제 또는 운영 과정에서 발생하는 리스크.","Risks arising from the internal design, data, models, infrastructure, controls, or operational processes of an AI system.",P_SYS_HARDWARE,하드웨어·기계 무결성 결함,Hardware and Mechanical Integrity Failure,기계·구동·센서 하드웨어 부품 자체의 물리적 파손·마모·열화·제조 결함(인식이나 의사결정 로직의 오류와 구별됨)으로 동작 정밀도나 신뢰성이 저하되어 안전하지 않은 동작과 물리적 사고로 이어지는 리스크.,"The risk that the physical breakage, wear, degradation, or manufacturing defect of mechanical, actuation, or sensor hardware components—as distinct from errors in perception or decision logic—reduces accuracy or reliability, leading to unsafe behavior and physical accidents.",P_SYS_HARDWARE_002,하드웨어 결함에 의한 실행 오류,Erroneous execution from hardware faults,"로봇의 하드웨어 결함이 제어 흐름 위반, 메모리 오류, 센서 입력 간섭 또는 출력 손상 등을 통해 알고리즘의 올바른 실행을 훼손하고 잘못된 결과를 야기하는 리스크.","The risk that faults in the hardware violate the correct execution of an algorithm through control-flow violations, memory-based errors, interference with data inputs such as sensor signals, or damaged outputs, causing erroneous results.",,,EM,0.8283929824829102,0.054770998656749725,1.0,0.7959709763526917,0.8708369731903076,0.07613199949264526,하드웨어 결함에 의한 실행 오류,자기 손상,센서 가림,Erroneous execution from hardware faults,control-flow violations memorybased,algorithm control-flow violations,P_SYS_HARDWARE,0.4,0.65853,0.042444,P_SYS_HARDWARE=0.400|P_SYS_CONTROL=0.300|P_SYS_STATE=0.200,P_SYS_HARDWARE,0.828393,0.870837,P_SYS_CONTROL,0.773622,0.794704,P_SYS_HARDWARE,P_SYS_HARDWARE,,SRC-P-0048,Physical,RAI4-1035,RAI4-1035,,SOURCE_DOMAIN,REWRITE_KEEP|PEER_REVIEW|KOREAN_COPYEDIT|ENGLISH_COPYEDIT,Peer-review spacing restoration | KOC-0504:ORTHOGRAPHY | EOC-0315:ENGLISH_ORTHOGRAPHY,L3_MASTER|NIST_AI_RMF|OECD_AI_PRINCIPLES|KOREA_AI_BASIC_ACT|ISO_AI_RISK_23894|OECD_AIM_TERMS|UNESCO_AI_ETHICS|KOREAN_ORTHOGRAPHY_AND_SPACING_QA|SOURCE_ENGLISH_DEFINITION|ENGLISH_TECHNICAL_ORTHOGRAPHY_QA,NO_CURATED_PRIOR|PREREQUISITE_FILTER:,P_SYS_HARDWARE,0.825815,STALE_AFTER_TEXT_EDIT_NO_EM_RERUN
L0_RAI,책임 있는 인공지능,Responsible AI,L1_P,피지컬 AI,Physical AI,로봇과 자율주행차를 포함하여 물리 세계를 인식하고 물리적 행동을 수행하는 체화형 또는 사이버물리 AI 시스템.,"Embodied or cyber-physical systems, including robots and autonomous vehicles, that perceive and act in the physical world.",P_SYS,시스템,System,"AI 시스템의 내부 설계, 데이터, 모델, 인프라, 통제 또는 운영 과정에서 발생하는 리스크.","Risks arising from the internal design, data, models, infrastructure, controls, or operational processes of an AI system.",P_SYS_HARDWARE,하드웨어·기계 무결성 결함,Hardware and Mechanical Integrity Failure,기계·구동·센서 하드웨어 부품 자체의 물리적 파손·마모·열화·제조 결함(인식이나 의사결정 로직의 오류와 구별됨)으로 동작 정밀도나 신뢰성이 저하되어 안전하지 않은 동작과 물리적 사고로 이어지는 리스크.,"The risk that the physical breakage, wear, degradation, or manufacturing defect of mechanical, actuation, or sensor hardware components—as distinct from errors in perception or decision logic—reduces accuracy or reliability, leading to unsafe behavior and physical accidents.",P_SYS_HARDWARE_003,하드웨어 결함에 따른 의도하지 않은 동작 변화,Unintended behavioural changes from hardware faults,잠재된 제조 결함 또는 우주선(cosmic ray)에 의한 비트 반전과 같은 배포 후 환경 영향이 로봇·휴머노이드 또는 피지컬 AI 시스템의 내부 상태를 변경하여 의도하지 않은 동작 변화를 유발하는 리스크.,"The risk that latent manufacturing defects or post-deployment environmental effects, such as cosmic-ray-induced bit flips, alter the internal state of a robot, humanoid, or physical AI system and cause unintended behavioural changes.",,,EM,,,,,,,,,,,,,,,,,,,,,,,,,,,SRC-P-0146,Physical,RAI4-1287,RAI4-1287,,SOURCE_DOMAIN,REWRITE_KEEP|PEER_REVIEW|L3_AI_GROUNDING|KOREAN_COPYEDIT|ENGLISH_COPYEDIT,"Bilingual definition grounded in an explicit AI technology, causal mechanism, and immutable L3 scope | KOC-0503:TERMINOLOGY_AND_SYNTAX | EOC-0314:ENGLISH_ORTHOGRAPHY",L3_MASTER|NIST_AI_RMF|OECD_AI_PRINCIPLES|KOREA_AI_BASIC_ACT|ISO_AI_RISK_23894|OECD_AIM_TERMS|UNESCO_AI_ETHICS|SOURCE_ENGLISH_DEFINITION|POLICY_AND_TECHNICAL_TERMINOLOGY_QA|ENGLISH_TECHNICAL_ORTHOGRAPHY_QA,,,,STALE_AFTER_TEXT_EDIT_NO_EM_RERUN
L0_RAI,책임 있는 인공지능,Responsible AI,L1_P,피지컬 AI,Physical AI,로봇과 자율주행차를 포함하여 물리 세계를 인식하고 물리적 행동을 수행하는 체화형 또는 사이버물리 AI 시스템.,"Embodied or cyber-physical systems, including robots and autonomous vehicles, that perceive and act in the physical world.",P_SYS,시스템,System,"AI 시스템의 내부 설계, 데이터, 모델, 인프라, 통제 또는 운영 과정에서 발생하는 리스크.","Risks arising from the internal design, data, models, infrastructure, controls, or operational processes of an AI system.",P_SYS_STATE,물리 상태 추정·센서 융합 실패,Physical State Estimation and Sensor-Fusion Failure,"체화형 시스템이 위치·자세·운동·접촉·힘·공간 지도 등 자신 또는 환경의 물리 상태를 올바르게 추정하지 못하거나, 이질적인 물리 센서 스트림(비전·LiDAR·관성·촉각·고유수용성 등)을 신뢰성 있게 융합하지 못해 부정확한 내부 모델을 형성하고 안전하지 않은 물리 행동으로 이어지는 리스크

(물체·장면의 의미적 오인식은 General AI ""Input Comprehension Failure"", 적대적·잡음 입력은 ""Security and Adversarial Robustness Failure"", 센서 부품의 물리적 고장은 ""Hardware and Mechanical Integrity Failure""에서 다룸).","The risk that an embodied system fails to correctly estimate its own or its environment's physical state—such as localization, pose, motion, contact, force, or spatial mapping—or fails to reliably fuse heterogeneous physical sensor streams (e.g., vision, LiDAR, inertial, tactile, proprioceptive), producing an inaccurate internal model that leads to unsafe physical action 

(semantic misperception of objects or scenes is covered under General AI ""Input Comprehension Failure""; adversarial or noisy inputs under ""Security and Adversarial Robustness Failure""; physical breakage of sensor components under ""Hardware and Mechanical Integrity Failure"").",P_SYS_STATE_001,장기 계획에서 월드 모델의 상태 예측 오차 누적,Compounding world-model state-prediction error in long-horizon planning,"피지컬 AI 시스템의 월드 모델이 미래 물리 상태를 예측하는 과정에서 발생한 오차가 장기 계획에 걸쳐 누적되어, 선택된 계획이 실제 접촉 조건과 운동 동역학에 부합하지 않고 안전하지 않은 물리적 행동으로 이어지는 리스크.","The risk that errors arising when a physical AI system's world model predicts future physical states accumulate over long-horizon planning, causing the selected plan to diverge from actual contact conditions and motion dynamics and lead to unsafe physical action.",,,HD,,,,,,,,,,,,,,,,,,,,,,,,,,USER_DIRECTED_MERGE_2026-08-29,SRC-P-0139; SRC-P-0001,Physical,RAI4-1688,RAI4-1688; RAI4-0269,User-directed merge: P_SYS_STATE_002|P_SYS_STATE_012,USER_DIRECTED_POST_REVIEW,USER_DIRECTED_MERGE,User approved merge proposal 1; both cards describe compounding world-model prediction error over long-horizon planning and divergence from actual contact and motion dynamics.,L3_MASTER|HUMAN_REVIEW_ROUND2|USER_APPROVED_DUPLICATE_REVIEW_2026-08-29,,,,STALE_AFTER_HUMAN_REVIEW_NO_EM_RERUN
L0_RAI,책임 있는 인공지능,Responsible AI,L1_P,피지컬 AI,Physical AI,로봇과 자율주행차를 포함하여 물리 세계를 인식하고 물리적 행동을 수행하는 체화형 또는 사이버물리 AI 시스템.,"Embodied or cyber-physical systems, including robots and autonomous vehicles, that perceive and act in the physical world.",P_SYS,시스템,System,"AI 시스템의 내부 설계, 데이터, 모델, 인프라, 통제 또는 운영 과정에서 발생하는 리스크.","Risks arising from the internal design, data, models, infrastructure, controls, or operational processes of an AI system.",P_SYS_STATE,물리 상태 추정·센서 융합 실패,Physical State Estimation and Sensor-Fusion Failure,"체화형 시스템이 위치·자세·운동·접촉·힘·공간 지도 등 자신 또는 환경의 물리 상태를 올바르게 추정하지 못하거나, 이질적인 물리 센서 스트림(비전·LiDAR·관성·촉각·고유수용성 등)을 신뢰성 있게 융합하지 못해 부정확한 내부 모델을 형성하고 안전하지 않은 물리 행동으로 이어지는 리스크

(물체·장면의 의미적 오인식은 General AI ""Input Comprehension Failure"", 적대적·잡음 입력은 ""Security and Adversarial Robustness Failure"", 센서 부품의 물리적 고장은 ""Hardware and Mechanical Integrity Failure""에서 다룸).","The risk that an embodied system fails to correctly estimate its own or its environment's physical state—such as localization, pose, motion, contact, force, or spatial mapping—or fails to reliably fuse heterogeneous physical sensor streams (e.g., vision, LiDAR, inertial, tactile, proprioceptive), producing an inaccurate internal model that leads to unsafe physical action 

(semantic misperception of objects or scenes is covered under General AI ""Input Comprehension Failure""; adversarial or noisy inputs under ""Security and Adversarial Robustness Failure""; physical breakage of sensor components under ""Hardware and Mechanical Integrity Failure"").",P_SYS_STATE_002,단일 로봇 내부의 시각·접촉 신호 충돌,Conflicting visual and contact signals within one robot,단일 로봇이 동일한 접촉 사건에 대한 시각·촉각·힘·오디오 관측의 충돌을 해소하지 못해 접촉 상태를 잘못 추정하는 위험.,"The risk that a single robot cannot reconcile conflicting visual, tactile, force, or audio observations of the same contact event and therefore estimates the contact state incorrectly.",,,HD,,,,,,,,,,,,,,,,,,,,,,,,,,HUMAN_REVIEW_ROUND2_EXPLICIT_L3_ALIGNMENT,SRC-P-0181,Physical,RAI4-0242,RAI4-0242,"L3 이동 — 단일 로봇 내부의 시각·촉각·힘 신호 충돌로 접촉 상태를 잘못 추정하는 것은 단일 로봇의 센서 융합·physical safety 이슈로, 멀티 에이전트 간 협력과는 무관",HUMAN_REVIEW_ROUND2,HUMAN_REVIEW_L3_REASSIGNMENT|FINAL_TERMINOLOGY_L3_QA,Peer-review spacing restoration | FQA-321:REMAP_PER_REVIEW:Two independent expert reviews confirmed that SRC-P-0181 directly matches the immutable P_SYS_STATE definition; any supplied wording narrows the card to that scope.,L3_MASTER|NIST_AI_RMF|OECD_AI_PRINCIPLES|KOREA_AI_BASIC_ACT|ISO_AI_RISK_23894|OECD_AIM_TERMS|UNESCO_AI_ETHICS|HUMAN_REVIEW_ROUND2|TWO_EXPERT_L3_ALIGNMENT_REVIEW_20260829|POLICY_AND_TECHNICAL_TERMINOLOGY_QA,,,,STALE_AFTER_HUMAN_REVIEW_NO_EM_RERUN
L0_RAI,책임 있는 인공지능,Responsible AI,L1_P,피지컬 AI,Physical AI,로봇과 자율주행차를 포함하여 물리 세계를 인식하고 물리적 행동을 수행하는 체화형 또는 사이버물리 AI 시스템.,"Embodied or cyber-physical systems, including robots and autonomous vehicles, that perceive and act in the physical world.",P_SYS,시스템,System,"AI 시스템의 내부 설계, 데이터, 모델, 인프라, 통제 또는 운영 과정에서 발생하는 리스크.","Risks arising from the internal design, data, models, infrastructure, controls, or operational processes of an AI system.",P_SYS_STATE,물리 상태 추정·센서 융합 실패,Physical State Estimation and Sensor-Fusion Failure,"체화형 시스템이 위치·자세·운동·접촉·힘·공간 지도 등 자신 또는 환경의 물리 상태를 올바르게 추정하지 못하거나, 이질적인 물리 센서 스트림(비전·LiDAR·관성·촉각·고유수용성 등)을 신뢰성 있게 융합하지 못해 부정확한 내부 모델을 형성하고 안전하지 않은 물리 행동으로 이어지는 리스크

(물체·장면의 의미적 오인식은 General AI ""Input Comprehension Failure"", 적대적·잡음 입력은 ""Security and Adversarial Robustness Failure"", 센서 부품의 물리적 고장은 ""Hardware and Mechanical Integrity Failure""에서 다룸).","The risk that an embodied system fails to correctly estimate its own or its environment's physical state—such as localization, pose, motion, contact, force, or spatial mapping—or fails to reliably fuse heterogeneous physical sensor streams (e.g., vision, LiDAR, inertial, tactile, proprioceptive), producing an inaccurate internal model that leads to unsafe physical action 

(semantic misperception of objects or scenes is covered under General AI ""Input Comprehension Failure""; adversarial or noisy inputs under ""Security and Adversarial Robustness Failure""; physical breakage of sensor components under ""Hardware and Mechanical Integrity Failure"").",P_SYS_STATE_003,접촉 집약적 조작에서의 힘 감지 실패,Contact-rich manipulation force-sensing failure,로봇의 접촉 집약적 조작 정책이 힘·촉각·음향·시각 단서를 올바르게 활용하지 못하여 과도한 접촉 압력·충격이나 물체 손상을 유발하는 리스크.,"The risk that a robot's contact-rich manipulation policy fails to use force, tactile, acoustic, or visual cues correctly, causing excessive contact pressure, unsafe impact, or object damage.",,,EM,,,,,,,,,,,,,,,,,,,,,,,,,,,SRC-P-0125,Physical,RAI4-0240,RAI4-0240,,SOURCE_DOMAIN,REWRITE_KEEP|PEER_REVIEW|L3_AI_GROUNDING|KOREAN_COPYEDIT|ENGLISH_COPYEDIT,"Bilingual definition grounded in an explicit AI technology, causal mechanism, and immutable L3 scope | KOC-0507:SENTENCE_RECONSTRUCTION | EOC-0318:ENGLISH_ORTHOGRAPHY",L3_MASTER|NIST_AI_RMF|OECD_AI_PRINCIPLES|KOREA_AI_BASIC_ACT|ISO_AI_RISK_23894|OECD_AIM_TERMS|UNESCO_AI_ETHICS|SOURCE_ENGLISH_DEFINITION|POLICY_AND_TECHNICAL_TERMINOLOGY_QA|ENGLISH_TECHNICAL_ORTHOGRAPHY_QA,,,,STALE_AFTER_TEXT_EDIT_NO_EM_RERUN
L0_RAI,책임 있는 인공지능,Responsible AI,L1_P,피지컬 AI,Physical AI,로봇과 자율주행차를 포함하여 물리 세계를 인식하고 물리적 행동을 수행하는 체화형 또는 사이버물리 AI 시스템.,"Embodied or cyber-physical systems, including robots and autonomous vehicles, that perceive and act in the physical world.",P_SYS,시스템,System,"AI 시스템의 내부 설계, 데이터, 모델, 인프라, 통제 또는 운영 과정에서 발생하는 리스크.","Risks arising from the internal design, data, models, infrastructure, controls, or operational processes of an AI system.",P_SYS_STATE,물리 상태 추정·센서 융합 실패,Physical State Estimation and Sensor-Fusion Failure,"체화형 시스템이 위치·자세·운동·접촉·힘·공간 지도 등 자신 또는 환경의 물리 상태를 올바르게 추정하지 못하거나, 이질적인 물리 센서 스트림(비전·LiDAR·관성·촉각·고유수용성 등)을 신뢰성 있게 융합하지 못해 부정확한 내부 모델을 형성하고 안전하지 않은 물리 행동으로 이어지는 리스크

(물체·장면의 의미적 오인식은 General AI ""Input Comprehension Failure"", 적대적·잡음 입력은 ""Security and Adversarial Robustness Failure"", 센서 부품의 물리적 고장은 ""Hardware and Mechanical Integrity Failure""에서 다룸).","The risk that an embodied system fails to correctly estimate its own or its environment's physical state—such as localization, pose, motion, contact, force, or spatial mapping—or fails to reliably fuse heterogeneous physical sensor streams (e.g., vision, LiDAR, inertial, tactile, proprioceptive), producing an inaccurate internal model that leads to unsafe physical action 

(semantic misperception of objects or scenes is covered under General AI ""Input Comprehension Failure""; adversarial or noisy inputs under ""Security and Adversarial Robustness Failure""; physical breakage of sensor components under ""Hardware and Mechanical Integrity Failure"").",P_SYS_STATE_004,가정 내 위험 상태 감지 지연,Delayed detection of hazardous household states,로봇·휴머노이드 또는 피지컬 AI 시스템이 가정 내 위험 상태를 제때 추정하지 못해 회피 또는 정지 판단이 지연되고 안전하지 않은 물리적 행동으로 이어지는 리스크.,"The risk that a robot, humanoid, or physical AI system fails to estimate a hazardous household state in time, delaying avoidance or stopping decisions and leading to unsafe physical action.",,,EM,0.7210990190505981,0.003785999957472086,1.0,0.6718720197677612,1.06796395778656,0.30275198817253113,가정 내 위험 상태 감지 지연,제때 추정 회피,상태 제때 추정,Delayed detection of hazardous household states,state time delaying,time delaying avoidance,P_SYS_STATE,0.6,0.502877,0.346865,P_SYS_STATE=0.600|P_INT_TAMPER=0.100|P_INT_SAFETY=0.100,P_SYS_STATE,0.721099,1.067964,P_INT_SAFETY,0.748555,0.765213,P_SYS_CONTROL,P_INT_SAFETY,,SRC-A-0083,Agentic,RAI4-0279,RAI4-0279,"Physical AI L1 로 재분류하고, L3 재매핑을 할것",INSTRUCTION_PROMPT,REWRITE_KEEP|PEER_REVIEW|L3_MASTER_SCOPE_REWRITE|KOREAN_COPYEDIT,"Definition narrowed to the subject, mechanism, and adverse outcome of the immutable L3 master | KOC-0508:ORTHOGRAPHY",L3_MASTER|NIST_AI_RMF|OECD_AI_PRINCIPLES|KOREA_AI_BASIC_ACT|ISO_AI_RISK_23894|OECD_AIM_TERMS|UNESCO_AI_ETHICS|KOREAN_ORTHOGRAPHY_AND_SPACING_QA,CURATED_SOURCE_MECHANISM_PRIOR:P_SYS_STATE|PREREQUISITE_FILTER:,P_SYS_STATE,0.717143,STALE_AFTER_TEXT_EDIT_NO_EM_RERUN
L0_RAI,책임 있는 인공지능,Responsible AI,L1_P,피지컬 AI,Physical AI,로봇과 자율주행차를 포함하여 물리 세계를 인식하고 물리적 행동을 수행하는 체화형 또는 사이버물리 AI 시스템.,"Embodied or cyber-physical systems, including robots and autonomous vehicles, that perceive and act in the physical world.",P_SYS,시스템,System,"AI 시스템의 내부 설계, 데이터, 모델, 인프라, 통제 또는 운영 과정에서 발생하는 리스크.","Risks arising from the internal design, data, models, infrastructure, controls, or operational processes of an AI system.",P_SYS_STATE,물리 상태 추정·센서 융합 실패,Physical State Estimation and Sensor-Fusion Failure,"체화형 시스템이 위치·자세·운동·접촉·힘·공간 지도 등 자신 또는 환경의 물리 상태를 올바르게 추정하지 못하거나, 이질적인 물리 센서 스트림(비전·LiDAR·관성·촉각·고유수용성 등)을 신뢰성 있게 융합하지 못해 부정확한 내부 모델을 형성하고 안전하지 않은 물리 행동으로 이어지는 리스크

(물체·장면의 의미적 오인식은 General AI ""Input Comprehension Failure"", 적대적·잡음 입력은 ""Security and Adversarial Robustness Failure"", 센서 부품의 물리적 고장은 ""Hardware and Mechanical Integrity Failure""에서 다룸).","The risk that an embodied system fails to correctly estimate its own or its environment's physical state—such as localization, pose, motion, contact, force, or spatial mapping—or fails to reliably fuse heterogeneous physical sensor streams (e.g., vision, LiDAR, inertial, tactile, proprioceptive), producing an inaccurate internal model that leads to unsafe physical action 

(semantic misperception of objects or scenes is covered under General AI ""Input Comprehension Failure""; adversarial or noisy inputs under ""Security and Adversarial Robustness Failure""; physical breakage of sensor components under ""Hardware and Mechanical Integrity Failure"").",P_SYS_STATE_005,분포 이탈 입력에서의 월드 모델 오출력 악용,Exploitation of world-model errors under sim-to-real distributional shift,"월드 모델이 분포를 벗어난 입력에 대해 예측 불가능하고 잘못된 출력을 산출하며, 판단이 가장 중요한 롱테일 안전 임계 상태에서 시뮬레이션-실제 격차가 악용되는 리스크.","The risk that world models produce unpredictable, erroneous outputs on out-of-distribution inputs and that the sim-to-real gap is weaponised in long-tail safety-critical states where decisions matter most.",,,EM,0.6054930090904236,0.012004000134766102,1.0,0.5615109801292419,0.915215015411377,0.32192298769950867,분포 이탈 입력에서의 월드모델 오출력 악용,산출 판단 중요,예측 출력 산출,Exploitation of world-model errors under sim-to-real distributional shift,gap weaponised long-tail,erroneous outputs out-of,P_SYS_STATE,0.0,0.471959,0.309722,NO_DIRECT_LEXICAL_SUPPORT,P_SYS_STATE,0.605493,0.915215,P_INT_SAFETY,0.593489,0.593292,P_SYS_STATE,P_INT_SAFETY,,SRC-P-0011,Physical,RAI4-1689,RAI4-1689,,SOURCE_DOMAIN,REWRITE_KEEP|PEER_REVIEW|KOREAN_COPYEDIT,Peer-review spacing restoration | KOC-0509:ORTHOGRAPHY,L3_MASTER|NIST_AI_RMF|OECD_AI_PRINCIPLES|KOREA_AI_BASIC_ACT|ISO_AI_RISK_23894|OECD_AIM_TERMS|UNESCO_AI_ETHICS|KOREAN_ORTHOGRAPHY_AND_SPACING_QA,CURATED_SOURCE_MECHANISM_PRIOR:P_SYS_STATE|PREREQUISITE_FILTER:,P_SYS_STATE,0.607798,STALE_AFTER_TEXT_EDIT_NO_EM_RERUN
L0_RAI,책임 있는 인공지능,Responsible AI,L1_P,피지컬 AI,Physical AI,로봇과 자율주행차를 포함하여 물리 세계를 인식하고 물리적 행동을 수행하는 체화형 또는 사이버물리 AI 시스템.,"Embodied or cyber-physical systems, including robots and autonomous vehicles, that perceive and act in the physical world.",P_SYS,시스템,System,"AI 시스템의 내부 설계, 데이터, 모델, 인프라, 통제 또는 운영 과정에서 발생하는 리스크.","Risks arising from the internal design, data, models, infrastructure, controls, or operational processes of an AI system.",P_SYS_STATE,물리 상태 추정·센서 융합 실패,Physical State Estimation and Sensor-Fusion Failure,"체화형 시스템이 위치·자세·운동·접촉·힘·공간 지도 등 자신 또는 환경의 물리 상태를 올바르게 추정하지 못하거나, 이질적인 물리 센서 스트림(비전·LiDAR·관성·촉각·고유수용성 등)을 신뢰성 있게 융합하지 못해 부정확한 내부 모델을 형성하고 안전하지 않은 물리 행동으로 이어지는 리스크

(물체·장면의 의미적 오인식은 General AI ""Input Comprehension Failure"", 적대적·잡음 입력은 ""Security and Adversarial Robustness Failure"", 센서 부품의 물리적 고장은 ""Hardware and Mechanical Integrity Failure""에서 다룸).","The risk that an embodied system fails to correctly estimate its own or its environment's physical state—such as localization, pose, motion, contact, force, or spatial mapping—or fails to reliably fuse heterogeneous physical sensor streams (e.g., vision, LiDAR, inertial, tactile, proprioceptive), producing an inaccurate internal model that leads to unsafe physical action 

(semantic misperception of objects or scenes is covered under General AI ""Input Comprehension Failure""; adversarial or noisy inputs under ""Security and Adversarial Robustness Failure""; physical breakage of sensor components under ""Hardware and Mechanical Integrity Failure"").",P_SYS_STATE_006,위치 추정 누적 오차,Localisation drift,로봇·휴머노이드 또는 피지컬 AI 시스템의 GPS·SLAM·관성 감지·지도 정렬 오차가 누적되어 시스템이 잘못된 자기 위치 추정에 기반해 행동하는 위험.,"The risk that errors in GPS, SLAM, inertial sensing, or map alignment accumulate in a robot, humanoid, or physical AI system until it acts on an incorrect estimate of its own position.",,,EM,,,,,,,,,,,,,,,,,,,,,,,,,,,SRC-P-0003,Physical,RAI4-0324,RAI4-0324,,SOURCE_DOMAIN,REWRITE_KEEP|PEER_REVIEW|L3_AI_GROUNDING|KOREAN_COPYEDIT|ENGLISH_COPYEDIT,"Bilingual definition grounded in an explicit AI technology, causal mechanism, and immutable L3 scope | KOC-0511:SENTENCE_RECONSTRUCTION | EOC-0319:ENGLISH_ORTHOGRAPHY",L3_MASTER|NIST_AI_RMF|OECD_AI_PRINCIPLES|KOREA_AI_BASIC_ACT|ISO_AI_RISK_23894|OECD_AIM_TERMS|UNESCO_AI_ETHICS|SOURCE_ENGLISH_DEFINITION|POLICY_AND_TECHNICAL_TERMINOLOGY_QA|ENGLISH_TECHNICAL_ORTHOGRAPHY_QA,,,,STALE_AFTER_TEXT_EDIT_NO_EM_RERUN
L0_RAI,책임 있는 인공지능,Responsible AI,L1_P,피지컬 AI,Physical AI,로봇과 자율주행차를 포함하여 물리 세계를 인식하고 물리적 행동을 수행하는 체화형 또는 사이버물리 AI 시스템.,"Embodied or cyber-physical systems, including robots and autonomous vehicles, that perceive and act in the physical world.",P_SYS,시스템,System,"AI 시스템의 내부 설계, 데이터, 모델, 인프라, 통제 또는 운영 과정에서 발생하는 리스크.","Risks arising from the internal design, data, models, infrastructure, controls, or operational processes of an AI system.",P_SYS_STATE,물리 상태 추정·센서 융합 실패,Physical State Estimation and Sensor-Fusion Failure,"체화형 시스템이 위치·자세·운동·접촉·힘·공간 지도 등 자신 또는 환경의 물리 상태를 올바르게 추정하지 못하거나, 이질적인 물리 센서 스트림(비전·LiDAR·관성·촉각·고유수용성 등)을 신뢰성 있게 융합하지 못해 부정확한 내부 모델을 형성하고 안전하지 않은 물리 행동으로 이어지는 리스크

(물체·장면의 의미적 오인식은 General AI ""Input Comprehension Failure"", 적대적·잡음 입력은 ""Security and Adversarial Robustness Failure"", 센서 부품의 물리적 고장은 ""Hardware and Mechanical Integrity Failure""에서 다룸).","The risk that an embodied system fails to correctly estimate its own or its environment's physical state—such as localization, pose, motion, contact, force, or spatial mapping—or fails to reliably fuse heterogeneous physical sensor streams (e.g., vision, LiDAR, inertial, tactile, proprioceptive), producing an inaccurate internal model that leads to unsafe physical action 

(semantic misperception of objects or scenes is covered under General AI ""Input Comprehension Failure""; adversarial or noisy inputs under ""Security and Adversarial Robustness Failure""; physical breakage of sensor components under ""Hardware and Mechanical Integrity Failure"").",P_SYS_STATE_007,잠재 상태 압축에 따른 안전 임계 정보 손실,Loss of safety-critical detail in latent-state compression,"상태 압축이 휴머노이드의 안전한 계획에 필요한 접촉 상태, 충돌 임박, 물체 불안정성 또는 인간 근접성에 관한 정보를 제거하는 위험.","The risk that state compression removes contact, near-collision, object-instability, or human-proximity information needed for safe humanoid planning.",,,EM,,,,,,,,,,,,,,,,,,,,,,,,,,,SRC-P-0158,Physical,RAI4-0270,RAI4-0270,,SOURCE_DOMAIN,REWRITE_KEEP|PEER_REVIEW|FINAL_TERMINOLOGY_L3_QA,Peer-review spacing restoration | FQA-129:LANGUAGE_REFINEMENT:독립 언어·용어 감사에서 확인된 문법·호응·전문용어 또는 한영 의미 불일치를 최소 수정하고 기존 L3와 위해 기제를 보존한다.,L3_MASTER|NIST_AI_RMF|OECD_AI_PRINCIPLES|KOREA_AI_BASIC_ACT|ISO_AI_RISK_23894|OECD_AIM_TERMS|UNESCO_AI_ETHICS|SOURCE_ENGLISH_DEFINITION|KOREAN_LANGUAGE_QA_20260829|BRITISH_ENGLISH_QA_20260829|POLICY_AND_TECHNICAL_TERMINOLOGY_QA|EXPERT_TERMINOLOGY_REVIEW_20260829,,,,STALE_AFTER_TEXT_EDIT_NO_EM_RERUN
L0_RAI,책임 있는 인공지능,Responsible AI,L1_P,피지컬 AI,Physical AI,로봇과 자율주행차를 포함하여 물리 세계를 인식하고 물리적 행동을 수행하는 체화형 또는 사이버물리 AI 시스템.,"Embodied or cyber-physical systems, including robots and autonomous vehicles, that perceive and act in the physical world.",P_SYS,시스템,System,"AI 시스템의 내부 설계, 데이터, 모델, 인프라, 통제 또는 운영 과정에서 발생하는 리스크.","Risks arising from the internal design, data, models, infrastructure, controls, or operational processes of an AI system.",P_SYS_STATE,물리 상태 추정·센서 융합 실패,Physical State Estimation and Sensor-Fusion Failure,"체화형 시스템이 위치·자세·운동·접촉·힘·공간 지도 등 자신 또는 환경의 물리 상태를 올바르게 추정하지 못하거나, 이질적인 물리 센서 스트림(비전·LiDAR·관성·촉각·고유수용성 등)을 신뢰성 있게 융합하지 못해 부정확한 내부 모델을 형성하고 안전하지 않은 물리 행동으로 이어지는 리스크

(물체·장면의 의미적 오인식은 General AI ""Input Comprehension Failure"", 적대적·잡음 입력은 ""Security and Adversarial Robustness Failure"", 센서 부품의 물리적 고장은 ""Hardware and Mechanical Integrity Failure""에서 다룸).","The risk that an embodied system fails to correctly estimate its own or its environment's physical state—such as localization, pose, motion, contact, force, or spatial mapping—or fails to reliably fuse heterogeneous physical sensor streams (e.g., vision, LiDAR, inertial, tactile, proprioceptive), producing an inaccurate internal model that leads to unsafe physical action 

(semantic misperception of objects or scenes is covered under General AI ""Input Comprehension Failure""; adversarial or noisy inputs under ""Security and Adversarial Robustness Failure""; physical breakage of sensor components under ""Hardware and Mechanical Integrity Failure"").",P_SYS_STATE_008,다중 센서 융합 상충,Multimodal sensor fusion conflict,로봇·휴머노이드 또는 피지컬 AI 시스템에서 카메라·라이다·레이더·촉각·고유수용감각 신호가 상충하여 불안정한 장면 추정과 안전하지 않은 후속 제어 결정을 초래하는 리스크.,"The risk that conflicting camera, LiDAR, radar, tactile, or proprioceptive signals in a robot, humanoid, or physical AI system produce unstable scene estimates and unsafe downstream control decisions.",,,EM,,,,,,,,,,,,,,,,,,,,,,,,,,,SRC-P-0129,Physical,RAI4-0322,RAI4-0322,,SOURCE_DOMAIN,REWRITE_KEEP|PEER_REVIEW|L3_AI_GROUNDING|KOREAN_COPYEDIT|ENGLISH_COPYEDIT|FINAL_TERMINOLOGY_L3_QA,"Bilingual definition grounded in an explicit AI technology, causal mechanism, and immutable L3 scope | KOC-0512:SENTENCE_RECONSTRUCTION | EOC-0320:ENGLISH_ORTHOGRAPHY | FQA-130:LANGUAGE_REFINEMENT:독립 언어·용어 감사에서 확인된 문법·호응·전문용어 또는 한영 의미 불일치를 최소 수정하고 기존 L3와 위해 기제를 보존한다.",L3_MASTER|NIST_AI_RMF|OECD_AI_PRINCIPLES|KOREA_AI_BASIC_ACT|ISO_AI_RISK_23894|OECD_AIM_TERMS|UNESCO_AI_ETHICS|SOURCE_ENGLISH_DEFINITION|POLICY_AND_TECHNICAL_TERMINOLOGY_QA|ENGLISH_TECHNICAL_ORTHOGRAPHY_QA|KOREAN_LANGUAGE_QA_20260829|BRITISH_ENGLISH_QA_20260829|EXPERT_TERMINOLOGY_REVIEW_20260829,,,,STALE_AFTER_TEXT_EDIT_NO_EM_RERUN
L0_RAI,책임 있는 인공지능,Responsible AI,L1_P,피지컬 AI,Physical AI,로봇과 자율주행차를 포함하여 물리 세계를 인식하고 물리적 행동을 수행하는 체화형 또는 사이버물리 AI 시스템.,"Embodied or cyber-physical systems, including robots and autonomous vehicles, that perceive and act in the physical world.",P_SYS,시스템,System,"AI 시스템의 내부 설계, 데이터, 모델, 인프라, 통제 또는 운영 과정에서 발생하는 리스크.","Risks arising from the internal design, data, models, infrastructure, controls, or operational processes of an AI system.",P_SYS_STATE,물리 상태 추정·센서 융합 실패,Physical State Estimation and Sensor-Fusion Failure,"체화형 시스템이 위치·자세·운동·접촉·힘·공간 지도 등 자신 또는 환경의 물리 상태를 올바르게 추정하지 못하거나, 이질적인 물리 센서 스트림(비전·LiDAR·관성·촉각·고유수용성 등)을 신뢰성 있게 융합하지 못해 부정확한 내부 모델을 형성하고 안전하지 않은 물리 행동으로 이어지는 리스크

(물체·장면의 의미적 오인식은 General AI ""Input Comprehension Failure"", 적대적·잡음 입력은 ""Security and Adversarial Robustness Failure"", 센서 부품의 물리적 고장은 ""Hardware and Mechanical Integrity Failure""에서 다룸).","The risk that an embodied system fails to correctly estimate its own or its environment's physical state—such as localization, pose, motion, contact, force, or spatial mapping—or fails to reliably fuse heterogeneous physical sensor streams (e.g., vision, LiDAR, inertial, tactile, proprioceptive), producing an inaccurate internal model that leads to unsafe physical action 

(semantic misperception of objects or scenes is covered under General AI ""Input Comprehension Failure""; adversarial or noisy inputs under ""Security and Adversarial Robustness Failure""; physical breakage of sensor components under ""Hardware and Mechanical Integrity Failure"").",P_SYS_STATE_009,가림에 의한 충돌,Occlusion-induced collision,피지컬 AI 시스템이 가림으로 숨겨진 사람·동물·차량·장애물을 감지하지 못해 공유 공간에서 충돌이나 그 밖의 안전하지 않은 동작을 유발하는 위험.,"The risk that a physical AI system fails to detect people, animals, vehicles, or obstacles hidden by occlusion, causing collision or other unsafe motion in shared physical space.",,,EM,,,,,,,,,,,,,,,,,,,,,,,,,,,SRC-P-0165,Physical,RAI4-0320,RAI4-0320,,SOURCE_DOMAIN,REWRITE_KEEP|PEER_REVIEW|KOREAN_COPYEDIT|FINAL_TERMINOLOGY_L3_QA,Peer-review spacing restoration | KOC-0513:ORTHOGRAPHY | FQA-131:LANGUAGE_REFINEMENT:독립 언어·용어 감사에서 확인된 문법·호응·전문용어 또는 한영 의미 불일치를 최소 수정하고 기존 L3와 위해 기제를 보존한다.,L3_MASTER|NIST_AI_RMF|OECD_AI_PRINCIPLES|KOREA_AI_BASIC_ACT|ISO_AI_RISK_23894|OECD_AIM_TERMS|UNESCO_AI_ETHICS|KOREAN_ORTHOGRAPHY_AND_SPACING_QA|SOURCE_ENGLISH_DEFINITION|KOREAN_LANGUAGE_QA_20260829|BRITISH_ENGLISH_QA_20260829|POLICY_AND_TECHNICAL_TERMINOLOGY_QA|EXPERT_TERMINOLOGY_REVIEW_20260829,,,,STALE_AFTER_TEXT_EDIT_NO_EM_RERUN
L0_RAI,책임 있는 인공지능,Responsible AI,L1_P,피지컬 AI,Physical AI,로봇과 자율주행차를 포함하여 물리 세계를 인식하고 물리적 행동을 수행하는 체화형 또는 사이버물리 AI 시스템.,"Embodied or cyber-physical systems, including robots and autonomous vehicles, that perceive and act in the physical world.",P_SYS,시스템,System,"AI 시스템의 내부 설계, 데이터, 모델, 인프라, 통제 또는 운영 과정에서 발생하는 리스크.","Risks arising from the internal design, data, models, infrastructure, controls, or operational processes of an AI system.",P_SYS_STATE,물리 상태 추정·센서 융합 실패,Physical State Estimation and Sensor-Fusion Failure,"체화형 시스템이 위치·자세·운동·접촉·힘·공간 지도 등 자신 또는 환경의 물리 상태를 올바르게 추정하지 못하거나, 이질적인 물리 센서 스트림(비전·LiDAR·관성·촉각·고유수용성 등)을 신뢰성 있게 융합하지 못해 부정확한 내부 모델을 형성하고 안전하지 않은 물리 행동으로 이어지는 리스크

(물체·장면의 의미적 오인식은 General AI ""Input Comprehension Failure"", 적대적·잡음 입력은 ""Security and Adversarial Robustness Failure"", 센서 부품의 물리적 고장은 ""Hardware and Mechanical Integrity Failure""에서 다룸).","The risk that an embodied system fails to correctly estimate its own or its environment's physical state—such as localization, pose, motion, contact, force, or spatial mapping—or fails to reliably fuse heterogeneous physical sensor streams (e.g., vision, LiDAR, inertial, tactile, proprioceptive), producing an inaccurate internal model that leads to unsafe physical action 

(semantic misperception of objects or scenes is covered under General AI ""Input Comprehension Failure""; adversarial or noisy inputs under ""Security and Adversarial Robustness Failure""; physical breakage of sensor components under ""Hardware and Mechanical Integrity Failure"").",P_SYS_STATE_010,적대적 학습의 강건 과적합,Robust overfitting in adversarial training,로봇 정책의 적대적 훈련이 특정 센서 교란이나 시뮬레이션 조건에 과적합되어 실제 환경의 새로운 물리적 교란과 접촉 조건에서 안전 성능이 저하되는 리스크.,"The risk that adversarial training of a robot policy overfits to particular sensor perturbations or simulated conditions, reducing safety under novel physical disturbances and contact conditions in the real world.",,,EM,0.6859139800071716,0.005150999873876572,1.0,0.6396219730377197,0.7316420078277588,0.02366200089454651,적대적 학습의 강건 과적합,센서 가림,적대 훈련 특정,Robust overfitting in adversarial training,overfits particular sensor,policy overfits particular,P_SYS_STATE,0.4,0.544102,0.045728,P_SYS_STATE=0.400|P_INT_TAMPER=0.200|P_INT_SAFETY=0.100,P_SYS_STATE,0.685914,0.731642,P_INT_SAFETY,0.70198,0.70798,P_INT_SAFETY,P_INT_SAFETY,,SRC-P-0061,Physical,RAI4-1489,RAI4-1489,적대적 훈련 중 강건 과적합으로 일반화 성능이 저하되는 현상은 ML 학습 방법론 자체의 이슈 — PAI 한정 리스크로 보기 어려워 구체화 필요,SOURCE_DOMAIN,EDIT|REWRITE_KEEP|PEER_REVIEW,Peer-review spacing restoration,L3_MASTER|NIST_AI_RMF|OECD_AI_PRINCIPLES|KOREA_AI_BASIC_ACT|ISO_AI_RISK_23894|OECD_AIM_TERMS|UNESCO_AI_ETHICS,NO_CURATED_PRIOR|PREREQUISITE_FILTER:,P_SYS_STATE,0.684151,L3_MASTER_VALIDATED
L0_RAI,책임 있는 인공지능,Responsible AI,L1_P,피지컬 AI,Physical AI,로봇과 자율주행차를 포함하여 물리 세계를 인식하고 물리적 행동을 수행하는 체화형 또는 사이버물리 AI 시스템.,"Embodied or cyber-physical systems, including robots and autonomous vehicles, that perceive and act in the physical world.",P_SYS,시스템,System,"AI 시스템의 내부 설계, 데이터, 모델, 인프라, 통제 또는 운영 과정에서 발생하는 리스크.","Risks arising from the internal design, data, models, infrastructure, controls, or operational processes of an AI system.",P_SYS_STATE,물리 상태 추정·센서 융합 실패,Physical State Estimation and Sensor-Fusion Failure,"체화형 시스템이 위치·자세·운동·접촉·힘·공간 지도 등 자신 또는 환경의 물리 상태를 올바르게 추정하지 못하거나, 이질적인 물리 센서 스트림(비전·LiDAR·관성·촉각·고유수용성 등)을 신뢰성 있게 융합하지 못해 부정확한 내부 모델을 형성하고 안전하지 않은 물리 행동으로 이어지는 리스크

(물체·장면의 의미적 오인식은 General AI ""Input Comprehension Failure"", 적대적·잡음 입력은 ""Security and Adversarial Robustness Failure"", 센서 부품의 물리적 고장은 ""Hardware and Mechanical Integrity Failure""에서 다룸).","The risk that an embodied system fails to correctly estimate its own or its environment's physical state—such as localization, pose, motion, contact, force, or spatial mapping—or fails to reliably fuse heterogeneous physical sensor streams (e.g., vision, LiDAR, inertial, tactile, proprioceptive), producing an inaccurate internal model that leads to unsafe physical action 

(semantic misperception of objects or scenes is covered under General AI ""Input Comprehension Failure""; adversarial or noisy inputs under ""Security and Adversarial Robustness Failure""; physical breakage of sensor components under ""Hardware and Mechanical Integrity Failure"").",P_SYS_STATE_011,물리 상태 추정 데이터의 합성-실세계 괴리,Synthetic-to-real data divergence in physical state estimation,"로봇·휴머노이드 또는 피지컬 AI 시스템의 물리 상태 추정·센서 융합 모델에 사용된 합성·시뮬레이션 학습 데이터가 실제 센서 잡음, 접촉, 힘, 운동 및 환경 변화를 충분히 반영하지 못하여 부정확한 내부 상태 추정과 안전하지 않은 물리적 행동을 초래하는 리스크.","The risk that synthetic or simulated training data for physical-state estimation or sensor fusion in a robot, humanoid, or physical AI system fail to represent real sensor noise, contact, force, motion, or environmental variation, producing inaccurate internal-state estimates and unsafe physical actions.",,,HD,,,,,,,,,,,,,,,,,,,,,,,,,,L3_REASSIGNED_BY_HUMAN_REVIEW_ROUND2,SRC-P-0004,Physical,RAI4-0335,RAI4-0335,,HUMAN_REVIEW_ROUND2,HUMAN_REVIEW_L3_REASSIGNMENT|KOREAN_COPYEDIT|ENGLISH_COPYEDIT,"Definition narrowed to the subject, mechanism, and adverse outcome of the immutable L3 master | KOC-0455:SENTENCE_RECONSTRUCTION | EOC-0317:ENGLISH_ORTHOGRAPHY",L3_MASTER|NIST_AI_RMF|OECD_AI_PRINCIPLES|KOREA_AI_BASIC_ACT|ISO_AI_RISK_23894|OECD_AIM_TERMS|UNESCO_AI_ETHICS|SOURCE_ENGLISH_DEFINITION|POLICY_AND_TECHNICAL_TERMINOLOGY_QA|ENGLISH_TECHNICAL_ORTHOGRAPHY_QA,,,,STALE_AFTER_TEXT_EDIT_NO_EM_RERUN
