L0_ID,L0_Title_ko,L0_Title_en,L1_ID,L1_Title_ko,L1_Title_en,L1_Description_ko,L1_Description_en,L2_ID,L2_Title_ko,L2_Title_en,L2_Description_ko,L2_Description_en,L3_ID,L3_Title_ko,L3_Title_en,L3_Description_ko,L3_Description_en,L4_ID,L4_Title_ko,L4_Title_en,L4_Description_ko,L4_Description_en,facet,act-type,Mapping_Method,EM_Score,EM_Margin,EM_Stability,EM_Anchor_Score,Hybrid_EM_Score,Hybrid_EM_Margin,L4_Keyword_1_ko,L4_Keyword_2_ko,L4_Keyword_3_ko,L4_Keyword_1_en,L4_Keyword_2_en,L4_Keyword_3_en,Keyword_Top_L3_ID,Keyword_Support_Score,Keyword_Semantic_Score,Keyword_Prior,Keyword_Evidence,Candidate_1_L3_ID,Candidate_1_EM_Score,Candidate_1_Hybrid_Score,Candidate_2_L3_ID,Candidate_2_EM_Score,Candidate_2_Hybrid_Score,KO_Top_L3_ID,EN_Top_L3_ID,HD_Reason,source_row_id,Source_Domain,Source_L4_ID,Source_L4_IDs,Source_Instruction_Prompt,Domain_Route_Basis,Transformation_Action,Transformation_Rationale,Terminology_Sources,Candidate_Constraint_Reason,Definition_L3_Anchor_ID,Definition_L3_Anchor_Score,Definition_Grounding_Action
L0_RAI,책임 있는 인공지능,Responsible AI,L1_A,에이전틱 AI,Agentic AI,"도구를 사용하고, 여러 단계에 걸쳐 목표를 추구하며, 위임된 의사결정을 수행하고, 상태를 유지하거나 다른 에이전트와 협력하는 AI 시스템.","Systems that use tools, pursue goals over multiple steps, make delegated decisions, maintain state, or coordinate with other agents.",A_INT,상호작용,Interaction,"AI 시스템이 사람, 다른 시스템, 조직 또는 환경과 소통하고 결정하거나 행동하는 과정에서 발생하는 리스크.","Risks arising when an AI system communicates, decides, acts, or interacts with people, other systems, organisations, or the environment.",A_INT_CASCADE,연쇄 실패·불안정,Cascading Failure and Instability,"상호작용하는 에이전트들이 서로의 출력을 재사용하고 피드백 루프를 형성하면서, 하나의 오류·편향·교란이 네트워크 전체로 전파·증폭되어 무한 루프·연쇄 지연·통제 불능 등 시스템적 불안정을 초래하는 리스크.","The risk that, as interacting agents reuse one another's outputs and form feedback loops, a single error, bias, or disturbance propagates and amplifies across the network, producing systemic instability such as infinite loops, cascading delays, or runaway behavior.",A_INT_CASCADE_001,다중에이전트 상전이에 의한 급격한 성능 붕괴,Abrupt performance collapse from phase transitions in multi-agent systems,신규 에이전트 투입이나 분포 변화 같은 작은 외부 변화가 다중 에이전트 시스템의상 전이를 유발하여 균형의 수와 안정성이 급변하고 예측 불가능한 동역학과 성능 악화가 초래되는 리스크.,"The risk that an AI agent, through goal pursuit, planning, tool use, or action, creates a condition in which small external changes such as the introduction of new agents or distributional shift trigger phase transitions in multi-agent systems, abruptly changing the number and stability of equilibria and producing unpredictable dynamics and severe performance degradation.",,,EM,0.7201949954032898,0.032395001500844955,1.0,0.6636790037155151,0.7389159798622131,0.0453759990632534,다중에이전트 상전이에 의한 급격한 성능 붕괴,결과 불안정,투입 분포 변화,Abrupt performance collapse from phase transitions in multi-agent systems,severe performance degradation,trigger phase transitions,A_INT_CASCADE,0.1,0.576944,0.01872,A_INT_CASCADE=0.100,A_INT_CASCADE,0.720195,0.738916,A_INT_COORD,0.6878,0.69354,A_INT_CASCADE,A_INT_CASCADE,,SRC-A-0048,Agentic,RAI4-1574,RAI4-1574,,SOURCE_DOMAIN,REWRITE_KEEP|PEER_REVIEW|L3_AI_GROUNDING,"Bilingual definition grounded in an explicit AI technology, causal mechanism, and immutable L3 scope",L3_MASTER|NIST_AI_RMF|OECD_AI_PRINCIPLES|KOREA_AI_BASIC_ACT|L3_MASTER,NO_CURATED_PRIOR|PREREQUISITE_FILTER:,A_INT_CASCADE,0.71668,L3_MASTER_AI_REWRITE
L0_RAI,책임 있는 인공지능,Responsible AI,L1_A,에이전틱 AI,Agentic AI,"도구를 사용하고, 여러 단계에 걸쳐 목표를 추구하며, 위임된 의사결정을 수행하고, 상태를 유지하거나 다른 에이전트와 협력하는 AI 시스템.","Systems that use tools, pursue goals over multiple steps, make delegated decisions, maintain state, or coordinate with other agents.",A_INT,상호작용,Interaction,"AI 시스템이 사람, 다른 시스템, 조직 또는 환경과 소통하고 결정하거나 행동하는 과정에서 발생하는 리스크.","Risks arising when an AI system communicates, decides, acts, or interacts with people, other systems, organisations, or the environment.",A_INT_CASCADE,연쇄 실패·불안정,Cascading Failure and Instability,"상호작용하는 에이전트들이 서로의 출력을 재사용하고 피드백 루프를 형성하면서, 하나의 오류·편향·교란이 네트워크 전체로 전파·증폭되어 무한 루프·연쇄 지연·통제 불능 등 시스템적 불안정을 초래하는 리스크.","The risk that, as interacting agents reuse one another's outputs and form feedback loops, a single error, bias, or disturbance propagates and amplifies across the network, producing systemic instability such as infinite loops, cascading delays, or runaway behavior.",A_INT_CASCADE_002,혼돈적 다중 에이전트 동역학,Chaotic multi-agent dynamics,다중 에이전트 학습 환경에서 초기 조건에 극도로 민감한 혼돈적 동역학이 나타나고 에이전트 수가 늘수록 일반화되어 시스템 거동을 신뢰성 있게 예측할 수 없게되는 리스크.,"The risk that an AI agent, through goal pursuit, planning, tool use, or action, creates a condition in which chaotic dynamics, inherently unpredictable and highly sensitive to initial conditions, arise in multi-agent learning setups and become the norm as the number of agents increases, making system behaviour unreliable to predict.",,,EM,0.717182993888855,0.037248000502586365,1.0,0.6655120253562927,0.7280600070953369,0.05053599923849106,혼돈적 다중 에이전트 동역학,극도 민감 혼돈,민감 혼돈 동역학,Chaotic multi-agent dynamics,inherently unpredictable highly,setups become norm,A_INT_CASCADE,0.0,0.55017,0.010877,NO_DIRECT_LEXICAL_SUPPORT,A_INT_CASCADE,0.717183,0.72806,A_SYS_TRACE,0.676861,0.677524,A_INT_CASCADE,A_INT_CASCADE,,SRC-A-0044,Agentic,RAI4-0561,RAI4-0561,,SOURCE_DOMAIN,REWRITE_KEEP|PEER_REVIEW|L3_AI_GROUNDING,"Bilingual definition grounded in an explicit AI technology, causal mechanism, and immutable L3 scope",L3_MASTER|NIST_AI_RMF|OECD_AI_PRINCIPLES|KOREA_AI_BASIC_ACT|L3_MASTER,NO_CURATED_PRIOR|PREREQUISITE_FILTER:,A_INT_CASCADE,0.710152,L3_MASTER_AI_REWRITE
L0_RAI,책임 있는 인공지능,Responsible AI,L1_A,에이전틱 AI,Agentic AI,"도구를 사용하고, 여러 단계에 걸쳐 목표를 추구하며, 위임된 의사결정을 수행하고, 상태를 유지하거나 다른 에이전트와 협력하는 AI 시스템.","Systems that use tools, pursue goals over multiple steps, make delegated decisions, maintain state, or coordinate with other agents.",A_INT,상호작용,Interaction,"AI 시스템이 사람, 다른 시스템, 조직 또는 환경과 소통하고 결정하거나 행동하는 과정에서 발생하는 리스크.","Risks arising when an AI system communicates, decides, acts, or interacts with people, other systems, organisations, or the environment.",A_INT_CASCADE,연쇄 실패·불안정,Cascading Failure and Instability,"상호작용하는 에이전트들이 서로의 출력을 재사용하고 피드백 루프를 형성하면서, 하나의 오류·편향·교란이 네트워크 전체로 전파·증폭되어 무한 루프·연쇄 지연·통제 불능 등 시스템적 불안정을 초래하는 리스크.","The risk that, as interacting agents reuse one another's outputs and form feedback loops, a single error, bias, or disturbance propagates and amplifies across the network, producing systemic instability such as infinite loops, cascading delays, or runaway behavior.",A_INT_CASCADE_003,에이전트 상호작용의 불안정화 피드백 루프,Destabilizing feedback loops among interacting agents,"에이전트의 행동이 환경과 다른 에이전트에 영향을 주고 다시 자신의 입력으로 되돌아오는 적응형 에이전트 간 피드백 루프가 시스템 수준의 거동을 증폭하여, 금융 급락형 연쇄, 군사 충돌, 생태 재난과 같은 불안정화 결과를 초래하는 리스크.","The risk that the goal pursuit, planning, tool use, or action of an AI agent creates a condition in which feedback loops among adaptive agents, in which actions affect the environment and other agents and return as the agents' own inputs, amplify system-level behavior into destabilizing outcomes such as flash-crash-like cascades, financial crashes, military conflicts, or ecological disasters.",,,EM,0.816897988319397,0.12482800334692001,1.0,0.7815039753913879,0.8412250280380249,0.12901799380779266,에이전트 상호작용의 불안정화 피드백 루프,충돌,군사 충돌 생태,Destabilizing feedback loops among interacting agents,conflicts ecological disasters,crashes military conflicts,A_INT_CASCADE,0.1,0.640041,0.024327,A_INT_CONFLICT=0.300|A_INT_CASCADE=0.100,A_INT_CASCADE,0.816898,0.841225,A_INT_CONFLICT,0.688193,0.712207,A_INT_CASCADE,A_INT_CASCADE,,SRC-A-0047,Agentic,RAI4-0579,RAI4-0579,,SOURCE_DOMAIN,REWRITE_KEEP|PEER_REVIEW|L3_AI_GROUNDING,"Bilingual definition grounded in an explicit AI technology, causal mechanism, and immutable L3 scope",L3_MASTER|NIST_AI_RMF|OECD_AI_PRINCIPLES|KOREA_AI_BASIC_ACT|L3_MASTER,NO_CURATED_PRIOR|PREREQUISITE_FILTER:,A_INT_CASCADE,0.816704,L3_MASTER_AI_REWRITE
L0_RAI,책임 있는 인공지능,Responsible AI,L1_A,에이전틱 AI,Agentic AI,"도구를 사용하고, 여러 단계에 걸쳐 목표를 추구하며, 위임된 의사결정을 수행하고, 상태를 유지하거나 다른 에이전트와 협력하는 AI 시스템.","Systems that use tools, pursue goals over multiple steps, make delegated decisions, maintain state, or coordinate with other agents.",A_INT,상호작용,Interaction,"AI 시스템이 사람, 다른 시스템, 조직 또는 환경과 소통하고 결정하거나 행동하는 과정에서 발생하는 리스크.","Risks arising when an AI system communicates, decides, acts, or interacts with people, other systems, organisations, or the environment.",A_INT_CASCADE,연쇄 실패·불안정,Cascading Failure and Instability,"상호작용하는 에이전트들이 서로의 출력을 재사용하고 피드백 루프를 형성하면서, 하나의 오류·편향·교란이 네트워크 전체로 전파·증폭되어 무한 루프·연쇄 지연·통제 불능 등 시스템적 불안정을 초래하는 리스크.","The risk that, as interacting agents reuse one another's outputs and form feedback loops, a single error, bias, or disturbance propagates and amplifies across the network, producing systemic instability such as infinite loops, cascading delays, or runaway behavior.",A_INT_CASCADE_004,다중 에이전트 시스템 실패와 연쇄 오류 전파,Multi-agent system failure and cascading error propagation,"잘못된 명세나 역할 배정, 에이전트 간 조정·통신 붕괴, 검증·종료 처리 미흡 또는 개별 에이전트의 오류·손상이 통신, 위임 체인, 공유 메모리, 도구 등 의존성을 통해 전파·증폭되어 시스템 전반의 실패, 운영 중단, 보안 침해, 물리적 피해로 이어지는 리스크.","The risk that the goal pursuit, planning, tool use, or action of an AI agent creates a condition in which flawed specifications or role allocation, breakdowns in inter-agent coordination and communication, inadequate verification or termination handling, or a localized error or compromise propagates through dependencies among agents, tools, delegation chains, and shared memory, amplifying into system-wide failure, operational disruption, security compromise, or physical harm.",,,EM,0.833204984664917,0.06818599998950958,1.0,0.7952569723129272,0.8770059943199158,0.08385799825191498,다중 에이전트 시스템 실패와 연쇄 오류 전파,자기 손상,명세 역할 배정,Multi-agent system failure and cascading error propagation,without verification,allocation breakdowns inter-agent,A_INT_CASCADE,0.5,0.661052,0.043801,A_INT_CASCADE=0.500|A_INT_COORD=0.400|A_SYS_SELFCOR=0.300,A_INT_CASCADE,0.833205,0.877006,A_SYS_SELFCOR,0.765019,0.793148,A_INT_CASCADE,A_INT_CASCADE,,SRC-A-0057,Agentic,RAI4-0009,RAI4-0009,,SOURCE_DOMAIN,REWRITE_KEEP|PEER_REVIEW|L3_AI_GROUNDING,"Bilingual definition grounded in an explicit AI technology, causal mechanism, and immutable L3 scope",L3_MASTER|NIST_AI_RMF|OECD_AI_PRINCIPLES|KOREA_AI_BASIC_ACT|L3_MASTER,NO_CURATED_PRIOR|PREREQUISITE_FILTER:,A_INT_CASCADE,0.832723,L3_MASTER_AI_REWRITE
L0_RAI,책임 있는 인공지능,Responsible AI,L1_A,에이전틱 AI,Agentic AI,"도구를 사용하고, 여러 단계에 걸쳐 목표를 추구하며, 위임된 의사결정을 수행하고, 상태를 유지하거나 다른 에이전트와 협력하는 AI 시스템.","Systems that use tools, pursue goals over multiple steps, make delegated decisions, maintain state, or coordinate with other agents.",A_INT,상호작용,Interaction,"AI 시스템이 사람, 다른 시스템, 조직 또는 환경과 소통하고 결정하거나 행동하는 과정에서 발생하는 리스크.","Risks arising when an AI system communicates, decides, acts, or interacts with people, other systems, organisations, or the environment.",A_INT_CASCADE,연쇄 실패·불안정,Cascading Failure and Instability,"상호작용하는 에이전트들이 서로의 출력을 재사용하고 피드백 루프를 형성하면서, 하나의 오류·편향·교란이 네트워크 전체로 전파·증폭되어 무한 루프·연쇄 지연·통제 불능 등 시스템적 불안정을 초래하는 리스크.","The risk that, as interacting agents reuse one another's outputs and form feedback loops, a single error, bias, or disturbance propagates and amplifies across the network, producing systemic instability such as infinite loops, cascading delays, or runaway behavior.",A_INT_CASCADE_005,분산 에이전트 군집을 이용한 자원 고갈 공격,Resource-exhaustion attacks by decentralized agent swarms,"다수의 저자원 분산 에이전트가 결합하여 행동함으로써, 단일 행위자를 전제로 설계된 시스템의 대역 폭·요청 량 제약 가정이 무너지고, 그 결과 분산 서비스 거부(DDoS)와 유사한 방식으로 대상 시스템이 마비되는 리스크.","The risk that an AI agent, through goal pursuit, planning, tool use, or action, creates a condition in which a large number of low-resource, decentralized agents act in combination, breaking the single-actor assumptions underlying a target system's bandwidth or request-rate constraints, and thereby causing system-wide paralysis similar to a distributed denial-of-service attack.",,,EM,0.6870759725570679,0.021153999492526054,1.0,0.637287974357605,0.6974030137062073,0.026001999154686928,분산 에이전트 군집을 이용한 자원 고갈 공격,ddos 유사 방식,방식 대상 마비,Resource-exhaustion attacks by decentralized agent swarms,combination breaking single-actor,assumptions underlying target,A_SYS_DECEPT,0.0,0.532488,0.010328,NO_DIRECT_LEXICAL_SUPPORT,A_INT_CASCADE,0.687076,0.697403,A_SYS_DECEPT,0.657603,0.671401,A_INT_CASCADE,A_SYS_AUTH,,SRC-A-0066,Agentic,RAI4-1577,RAI4-1577,,SOURCE_DOMAIN,REWRITE_KEEP|PEER_REVIEW|L3_AI_GROUNDING,"Bilingual definition grounded in an explicit AI technology, causal mechanism, and immutable L3 scope",L3_MASTER|NIST_AI_RMF|OECD_AI_PRINCIPLES|KOREA_AI_BASIC_ACT|L3_MASTER,NO_CURATED_PRIOR|PREREQUISITE_FILTER:,A_INT_CASCADE,0.681028,L3_MASTER_AI_REWRITE
L0_RAI,책임 있는 인공지능,Responsible AI,L1_A,에이전틱 AI,Agentic AI,"도구를 사용하고, 여러 단계에 걸쳐 목표를 추구하며, 위임된 의사결정을 수행하고, 상태를 유지하거나 다른 에이전트와 협력하는 AI 시스템.","Systems that use tools, pursue goals over multiple steps, make delegated decisions, maintain state, or coordinate with other agents.",A_INT,상호작용,Interaction,"AI 시스템이 사람, 다른 시스템, 조직 또는 환경과 소통하고 결정하거나 행동하는 과정에서 발생하는 리스크.","Risks arising when an AI system communicates, decides, acts, or interacts with people, other systems, organisations, or the environment.",A_INT_CASCADE,연쇄 실패·불안정,Cascading Failure and Instability,"상호작용하는 에이전트들이 서로의 출력을 재사용하고 피드백 루프를 형성하면서, 하나의 오류·편향·교란이 네트워크 전체로 전파·증폭되어 무한 루프·연쇄 지연·통제 불능 등 시스템적 불안정을 초래하는 리스크.","The risk that, as interacting agents reuse one another's outputs and form feedback loops, a single error, bias, or disturbance propagates and amplifies across the network, producing systemic instability such as infinite loops, cascading delays, or runaway behavior.",A_INT_CASCADE_006,AI 공급망의 도구·의존성 손상,Supply-chain compromise of AI tools and dependencies,손상된 외부 도구·플러그인·API·패키지·커넥터나 개발 툴 체인의 의존성 등 소프트웨어 공급망 요소가 AI 시스템에 변조된 구성 요소나 취약점을 유입시켜 에이전트의 행동 공간을 조작하거나 정보를 유출하는 리스크.,"The risk that compromised software supply-chain elements, including external tools, plug-ins, APIs, packages, connectors, and development toolchain dependencies, introduce tampered components or vulnerabilities into an AI system, manipulating an agent's action space or exfiltrating information.",,,EM,0.704509973526001,0.025916999205946922,1.0,0.6566500067710876,0.7149310111999512,0.031265001744031906,AI 공급망의 도구·의존성 손상,api 패키지 커넥터,플러그인 api 패키지,Supply-chain compromise of AI tools and dependencies,apis packages connectors,compromised software supply-chain,A_INT_CASCADE,0.0,0.505576,0.010421,NO_DIRECT_LEXICAL_SUPPORT,A_INT_CASCADE,0.704509,0.714931,A_SYS_AUTH,0.678592,0.683666,A_INT_CASCADE,A_INT_CASCADE,,SRC-A-0005,Agentic,RAI4-0014,RAI4-0014,,SOURCE_DOMAIN,REWRITE_KEEP|PEER_REVIEW,Peer-review spacing restoration,L3_MASTER|NIST_AI_RMF|OECD_AI_PRINCIPLES|KOREA_AI_BASIC_ACT,NO_CURATED_PRIOR|PREREQUISITE_FILTER:,A_INT_CASCADE,0.697276,L3_MASTER_VALIDATED
L0_RAI,책임 있는 인공지능,Responsible AI,L1_A,에이전틱 AI,Agentic AI,"도구를 사용하고, 여러 단계에 걸쳐 목표를 추구하며, 위임된 의사결정을 수행하고, 상태를 유지하거나 다른 에이전트와 협력하는 AI 시스템.","Systems that use tools, pursue goals over multiple steps, make delegated decisions, maintain state, or coordinate with other agents.",A_INT,상호작용,Interaction,"AI 시스템이 사람, 다른 시스템, 조직 또는 환경과 소통하고 결정하거나 행동하는 과정에서 발생하는 리스크.","Risks arising when an AI system communicates, decides, acts, or interacts with people, other systems, organisations, or the environment.",A_INT_CASCADE,연쇄 실패·불안정,Cascading Failure and Instability,"상호작용하는 에이전트들이 서로의 출력을 재사용하고 피드백 루프를 형성하면서, 하나의 오류·편향·교란이 네트워크 전체로 전파·증폭되어 무한 루프·연쇄 지연·통제 불능 등 시스템적 불안정을 초래하는 리스크.","The risk that, as interacting agents reuse one another's outputs and form feedback loops, a single error, bias, or disturbance propagates and amplifies across the network, producing systemic instability such as infinite loops, cascading delays, or runaway behavior.",A_INT_CASCADE_007,원격 조작 지연 및 불안정성,Teleoperation latency and instability,AI 에이전트의 목표 추구·계획·도구 사용·행동 과정이 원격 조작 링크의 높거나 변동하는 지연이 폐 루프 제어를 불안정하게하거나 인간 개입을 지연하는 위험.,"The risk that the goal pursuit, planning, tool use, or action of an AI agent creates a condition in which high or variable latency on a teleoperation link destabilizes control or delays human intervention.",,,EM,0.7420160174369812,0.04147399961948395,1.0,0.7012580037117004,0.7814239859580994,0.08303199708461761,원격 조작 지연 및 불안정성,링크 변동 지연,변동 지연 루프,Teleoperation latency and instability,latency teleoperation link,teleoperation link destabilizes,A_INT_CASCADE,0.3,0.602824,0.039407,A_INT_CASCADE=0.300,A_INT_CASCADE,0.742016,0.781424,A_SYS_GOAL,0.700543,0.698392,A_INT_CASCADE,A_INT_CASCADE,,SRC-A-0043,Agentic,RAI4-0294,RAI4-0294,,SOURCE_DOMAIN,REWRITE_KEEP|PEER_REVIEW|L3_AI_GROUNDING,"Bilingual definition grounded in an explicit AI technology, causal mechanism, and immutable L3 scope",L3_MASTER|NIST_AI_RMF|OECD_AI_PRINCIPLES|KOREA_AI_BASIC_ACT|L3_MASTER,NO_CURATED_PRIOR|PREREQUISITE_FILTER:,A_INT_CASCADE,0.714666,L3_MASTER_AI_REWRITE
L0_RAI,책임 있는 인공지능,Responsible AI,L1_A,에이전틱 AI,Agentic AI,"도구를 사용하고, 여러 단계에 걸쳐 목표를 추구하며, 위임된 의사결정을 수행하고, 상태를 유지하거나 다른 에이전트와 협력하는 AI 시스템.","Systems that use tools, pursue goals over multiple steps, make delegated decisions, maintain state, or coordinate with other agents.",A_INT,상호작용,Interaction,"AI 시스템이 사람, 다른 시스템, 조직 또는 환경과 소통하고 결정하거나 행동하는 과정에서 발생하는 리스크.","Risks arising when an AI system communicates, decides, acts, or interacts with people, other systems, organisations, or the environment.",A_INT_COLLUSION,담합·결탁,Collusion,독립적으로 행동해야 할 에이전트들이 비밀리에 협력·정보 공유·행동 조율하여 인간의 감독·통제를 우회하거나 제3자에게 불공정한 피해를 초래하는 리스크.,"The risk that agents expected to operate independently secretly coordinate, share information, or align behavior in ways that circumvent human oversight and control or unfairly harm third parties.",A_INT_COLLUSION_001,은닉 통신 채널을 통한 에이전트 간 결탁,Covert collusion between agents through hidden communication channels,"에이전트들이 겉보기에 무해한 텍스트나 압축된 텍스트, 인간이 해석할 수 없는 창발적 기호에 메시지를 은닉하여 스테가노그래피 통신 채널을 구축하고 통신 감시와 제약을 우회하는 리스크. 인간 감독을 벗어난 조율이 이루어져 친사회적 경쟁이 저해되고 연합 밖 당사자에게 부정적 외부 효과가 발생하지만 결탁의 탐지는 사실상 불가능해진다로 인해 구체적인 위해가 발생하는 리스크.","The risk that an AI agent, through goal pursuit, planning, tool use, or action, creates a condition in which agents conceal messages within innocuous text, compressed text, or emergent symbols humans cannot interpret, establishing steganographic channels that evade monitoring and the constraints placed on their communication. Coordination proceeds beyond human oversight, undermining pro-social competition and imposing negative externalities on those outside the coalition while detection remains infeasible.",,,EM,0.7982869744300842,0.06893700361251831,1.0,0.7494369745254517,0.8410459756851196,0.09147799760103226,은닉 통신 채널을 통한 에이전트 간 결탁,감시,기호 메시지 은닉,Covert collusion between agents through hidden communication channels,conceal messages within,messages within innocuous,A_INT_COLLUSION,0.4,0.671118,0.042759,A_INT_COLLUSION=0.400|A_SYS_DECEPT=0.200|A_INT_COORD=0.100,A_INT_COLLUSION,0.798287,0.841046,A_SYS_DECEPT,0.72935,0.749568,A_INT_COLLUSION,A_INT_COLLUSION,,SRC-A-0065,Agentic,RAI4-1570,RAI4-1570,,SOURCE_DOMAIN,REWRITE_KEEP|PEER_REVIEW|L3_AI_GROUNDING,"Bilingual definition grounded in an explicit AI technology, causal mechanism, and immutable L3 scope",L3_MASTER|NIST_AI_RMF|OECD_AI_PRINCIPLES|KOREA_AI_BASIC_ACT|L3_MASTER,NO_CURATED_PRIOR|PREREQUISITE_FILTER:,A_INT_COLLUSION,0.797566,L3_MASTER_AI_REWRITE
L0_RAI,책임 있는 인공지능,Responsible AI,L1_A,에이전틱 AI,Agentic AI,"도구를 사용하고, 여러 단계에 걸쳐 목표를 추구하며, 위임된 의사결정을 수행하고, 상태를 유지하거나 다른 에이전트와 협력하는 AI 시스템.","Systems that use tools, pursue goals over multiple steps, make delegated decisions, maintain state, or coordinate with other agents.",A_INT,상호작용,Interaction,"AI 시스템이 사람, 다른 시스템, 조직 또는 환경과 소통하고 결정하거나 행동하는 과정에서 발생하는 리스크.","Risks arising when an AI system communicates, decides, acts, or interacts with people, other systems, organisations, or the environment.",A_INT_COLLUSION,담합·결탁,Collusion,독립적으로 행동해야 할 에이전트들이 비밀리에 협력·정보 공유·행동 조율하여 인간의 감독·통제를 우회하거나 제3자에게 불공정한 피해를 초래하는 리스크.,"The risk that agents expected to operate independently secretly coordinate, share information, or align behavior in ways that circumvent human oversight and control or unfairly harm third parties.",A_INT_COLLUSION_002,다중 에이전트 은밀 공모,Covert multi-agent collusion,"복수 에이전트가 공동 이익을 극대화하기 위해 은밀한 수단과 감시 회피용 전용 통신 규약으로 행동을 조율하여 제3자 이익을 침해하고 규제를 회피하며, 개별 안전 제약에도 불구하고 시장 조작이나 연쇄 실패처럼 탐지와 완화가 어려운 시스템적 위험을 유발하는 리스크.","The risk that the goal pursuit, planning, tool use, or action of an AI agent creates a condition in which multiple agents coordinate actions through covert means, including specialized communication protocols to avoid monitoring, to maximize common interests while harming third-party interests and evading regulation, triggering systemic risks such as market manipulation or cascading failures that are difficult to detect and mitigate despite individual safety constraints.",,,EM,0.8041849732398987,0.06309299916028976,1.0,0.7520769834518433,0.8291000127792358,0.08482400327920914,다중 에이전트 은밀 공모,감시,연쇄 실패,Covert multi-agent collusion,detect mitigate despite,evading regulation triggering,A_INT_COLLUSION,0.3,0.584259,0.024915,A_INT_CASCADE=0.400|A_INT_COLLUSION=0.300|A_INT_COORD=0.200,A_INT_COLLUSION,0.804185,0.8291,A_INT_COORD,0.727746,0.744276,A_INT_COLLUSION,A_INT_COLLUSION,,SRC-A-0062,Agentic,RAI4-0605,RAI4-0605,,SOURCE_DOMAIN,REWRITE_KEEP|PEER_REVIEW|L3_AI_GROUNDING,"Bilingual definition grounded in an explicit AI technology, causal mechanism, and immutable L3 scope",L3_MASTER|NIST_AI_RMF|OECD_AI_PRINCIPLES|KOREA_AI_BASIC_ACT|L3_MASTER,NO_CURATED_PRIOR|PREREQUISITE_FILTER:,A_INT_COLLUSION,0.811418,L3_MASTER_AI_REWRITE
L0_RAI,책임 있는 인공지능,Responsible AI,L1_A,에이전틱 AI,Agentic AI,"도구를 사용하고, 여러 단계에 걸쳐 목표를 추구하며, 위임된 의사결정을 수행하고, 상태를 유지하거나 다른 에이전트와 협력하는 AI 시스템.","Systems that use tools, pursue goals over multiple steps, make delegated decisions, maintain state, or coordinate with other agents.",A_INT,상호작용,Interaction,"AI 시스템이 사람, 다른 시스템, 조직 또는 환경과 소통하고 결정하거나 행동하는 과정에서 발생하는 리스크.","Risks arising when an AI system communicates, decides, acts, or interacts with people, other systems, organisations, or the environment.",A_INT_COLLUSION,담합·결탁,Collusion,독립적으로 행동해야 할 에이전트들이 비밀리에 협력·정보 공유·행동 조율하여 인간의 감독·통제를 우회하거나 제3자에게 불공정한 피해를 초래하는 리스크.,"The risk that agents expected to operate independently secretly coordinate, share information, or align behavior in ways that circumvent human oversight and control or unfairly harm third parties.",A_INT_COLLUSION_003,AI 에이전트 간 창발적 공모,Emergent collusion among AI agents,"시장·플랫폼의 AI 에이전트가 개발자가 의도하지 않았음에도 공모가 수익성 있는 전략임을 학습하고, 속도·규모·복잡성·교묘함 때문에 파악하기 어려운 공모 행위를 실행하여, 경쟁을 저해하고 소비자에게 피해를 주는 리스크.","The risk that AI agents in markets and platforms learn that collusion is a profitable strategy even when unintended by their developers, enacting collusive behavior whose speed, scale, complexity, or subtlety makes it inscrutable, undermining competition and harming consumers.",,,EM,0.7668840289115906,0.029131999239325523,1.0,0.7126799821853638,0.8008679747581482,0.05139299854636192,AI 에이전트 간 창발적 공모,교묘 때문 파악,때문 파악 공모,Emergent collusion among AI agents,scale complexity subtlety,speed scale complexity,A_INT_COLLUSION,0.3,0.542469,0.033984,A_INT_COLLUSION=0.300,A_INT_COLLUSION,0.766884,0.800868,A_INT_CONFLICT,0.737752,0.749475,A_INT_CONFLICT,A_INT_COLLUSION,,SRC-A-0058,Agentic,RAI4-0483,RAI4-0483,,SOURCE_DOMAIN,REWRITE_KEEP|PEER_REVIEW,Peer-review spacing restoration,L3_MASTER|NIST_AI_RMF|OECD_AI_PRINCIPLES|KOREA_AI_BASIC_ACT,NO_CURATED_PRIOR|PREREQUISITE_FILTER:,A_INT_COLLUSION,0.759543,L3_MASTER_VALIDATED
L0_RAI,책임 있는 인공지능,Responsible AI,L1_A,에이전틱 AI,Agentic AI,"도구를 사용하고, 여러 단계에 걸쳐 목표를 추구하며, 위임된 의사결정을 수행하고, 상태를 유지하거나 다른 에이전트와 협력하는 AI 시스템.","Systems that use tools, pursue goals over multiple steps, make delegated decisions, maintain state, or coordinate with other agents.",A_INT,상호작용,Interaction,"AI 시스템이 사람, 다른 시스템, 조직 또는 환경과 소통하고 결정하거나 행동하는 과정에서 발생하는 리스크.","Risks arising when an AI system communicates, decides, acts, or interacts with people, other systems, organisations, or the environment.",A_INT_COLLUSION,담합·결탁,Collusion,독립적으로 행동해야 할 에이전트들이 비밀리에 협력·정보 공유·행동 조율하여 인간의 감독·통제를 우회하거나 제3자에게 불공정한 피해를 초래하는 리스크.,"The risk that agents expected to operate independently secretly coordinate, share information, or align behavior in ways that circumvent human oversight and control or unfairly harm third parties.",A_INT_COLLUSION_004,위임 에이전트 공격에 의한 정보 탈취·행위 조작,Principal-information theft and action manipulation through attacks on delegate agents,"인간이나 조직을 대리하는 AI 에이전트가 새로운 공격 면이 되어, 공격자가 본인의 사적 정보를 추출하거나 본인이 원치 않는 행위를 하도록 에이전트를 조작하고 감독 에이전트 무력화·협력 방해·결탁 유발 정보 유출을 초래하는 리스크.","The risk that AI agents acting as delegates of humans or organisations become a novel attack surface, letting attackers extract private information about their principals, manipulate agents into undesired actions, subvert overseer agents, thwart cooperation, or leak information enabling collusion.",,,EM,0.7327600121498108,0.0006360000115819275,1.0,0.6782299876213074,0.778078019618988,0.03446599841117859,위임 에이전트 공격에 의한 정보 탈취·행위 조작,결탁,본인 정보 추출,Principal-information theft and action manipulation through attacks on delegate agents,collusion,attackers extract private,A_INT_COLLUSION,0.4,0.623987,0.045318,A_INT_COLLUSION=0.400,A_INT_COLLUSION,0.73276,0.778078,A_SYS_DECEPT,0.733396,0.743612,A_SYS_DECEPT,A_SYS_DECEPT,,SRC-P-0199,Physical,RAI4-1579,RAI4-1579,에이전트 영역으로 이동 — 위임 에이전트를 공격해 본인 정보를 탈취하거나 원치 않는 행위를 유도하는 것은 에이전트 일반의 리스크로 물리 AI 한정 아님,INSTRUCTION_PROMPT,REWRITE_KEEP|PEER_REVIEW,Peer-review spacing restoration,L3_MASTER|NIST_AI_RMF|OECD_AI_PRINCIPLES|KOREA_AI_BASIC_ACT,NO_CURATED_PRIOR|PREREQUISITE_FILTER:,A_INT_COLLUSION,0.729299,L3_MASTER_VALIDATED
L0_RAI,책임 있는 인공지능,Responsible AI,L1_A,에이전틱 AI,Agentic AI,"도구를 사용하고, 여러 단계에 걸쳐 목표를 추구하며, 위임된 의사결정을 수행하고, 상태를 유지하거나 다른 에이전트와 협력하는 AI 시스템.","Systems that use tools, pursue goals over multiple steps, make delegated decisions, maintain state, or coordinate with other agents.",A_INT,상호작용,Interaction,"AI 시스템이 사람, 다른 시스템, 조직 또는 환경과 소통하고 결정하거나 행동하는 과정에서 발생하는 리스크.","Risks arising when an AI system communicates, decides, acts, or interacts with people, other systems, organisations, or the environment.",A_INT_CONFLICT,경쟁적 갈등,Competitive Conflict,"여러 에이전트가 동일한 목표를 두고 경쟁할 때, 자신의 성과를 높이기보다 상대를 방해·저해하는 것이 유리해지는 유인이 형성되어 집단적으로 바람직하지 않은 결과에 수렴하는 리스크.","The risk that, when multiple agents compete for the same objective, incentives emerge to obstruct, degrade, or sabotage competitors rather than improve one's own performance, leading to collectively undesirable outcomes.",A_INT_CONFLICT_001,선택 압력에 의한 유해 균형으로의 적응 가속,Accelerated adaptation toward harmful equilibria under selection pressure,상호 작용하는 에이전트 간의 경쟁 또는 최적화 압력이 유해한 균형이나 바람직하지 않은 행동으로의 적응을 가속하는 리스크.,"The risk that the goal pursuit, planning, tool use, or action of an AI agent creates a condition in which competitive or optimization pressures across interacting agents accelerate adaptation toward harmful equilibria or undesired behaviors.",,,EM,0.7679200172424316,0.05922200158238411,1.0,0.7210100293159485,0.8115779757499695,0.0936719998717308,선택 압력에 의한 유해 균형으로의 적응 가속,에이전트 경쟁,압력 유해 균형,Accelerated adaptation toward harmful equilibria under selection pressure,competitive optimization pressures,accelerate adaptation toward,A_INT_CONFLICT,0.4,0.595898,0.043659,A_INT_CONFLICT=0.400,A_INT_CONFLICT,0.76792,0.811578,A_INT_COORD,0.708698,0.717906,A_INT_CONFLICT,A_INT_CONFLICT,,SRC-A-0056,Agentic,RAI4-1681,RAI4-1681,,SOURCE_DOMAIN,REWRITE_KEEP|PEER_REVIEW|L3_AI_GROUNDING,"Bilingual definition grounded in an explicit AI technology, causal mechanism, and immutable L3 scope",L3_MASTER|NIST_AI_RMF|OECD_AI_PRINCIPLES|KOREA_AI_BASIC_ACT|L3_MASTER,NO_CURATED_PRIOR|PREREQUISITE_FILTER:,A_INT_CONFLICT,0.777732,L3_MASTER_AI_REWRITE
L0_RAI,책임 있는 인공지능,Responsible AI,L1_A,에이전틱 AI,Agentic AI,"도구를 사용하고, 여러 단계에 걸쳐 목표를 추구하며, 위임된 의사결정을 수행하고, 상태를 유지하거나 다른 에이전트와 협력하는 AI 시스템.","Systems that use tools, pursue goals over multiple steps, make delegated decisions, maintain state, or coordinate with other agents.",A_INT,상호작용,Interaction,"AI 시스템이 사람, 다른 시스템, 조직 또는 환경과 소통하고 결정하거나 행동하는 과정에서 발생하는 리스크.","Risks arising when an AI system communicates, decides, acts, or interacts with people, other systems, organisations, or the environment.",A_INT_CONFLICT,경쟁적 갈등,Competitive Conflict,"여러 에이전트가 동일한 목표를 두고 경쟁할 때, 자신의 성과를 높이기보다 상대를 방해·저해하는 것이 유리해지는 유인이 형성되어 집단적으로 바람직하지 않은 결과에 수렴하는 리스크.","The risk that, when multiple agents compete for the same objective, incentives emerge to obstruct, degrade, or sabotage competitors rather than improve one's own performance, leading to collectively undesirable outcomes.",A_INT_CONFLICT_002,벤치마크 안전 순위 불일치,Benchmark safety ranking inconsistency,서로 다른 에이전트 안전 벤치마크가 위험과 평가 절차를 다르게 조작화하여 상충하는 모델 안전 순위를 산출하는 리스크.,The risk that different agent-safety benchmarks produce conflicting model safety rankings because they operationalize risks and evaluation procedures differently.,,,EM,0.7307209968566895,0.03671199828386307,1.0,0.6869109869003296,0.7462400197982788,0.034543998539447784,벤치마크 안전 순위 불일치,벤치마크 평가 절차,순위 산출,Benchmark safety ranking inconsistency,operationalize evaluation procedures,evaluation procedures differently,A_SYS_GOAL,0.1,0.500511,0.015519,A_INT_CONFLICT=0.100|A_SYS_GOAL=0.100,A_INT_CONFLICT,0.730721,0.74624,A_SYS_GOAL,0.694009,0.711696,A_SYS_GOAL,A_INT_CONFLICT,,SRC-A-0049,Agentic,RAI4-0040,RAI4-0040,,SOURCE_DOMAIN,REWRITE_KEEP|PEER_REVIEW,Peer-review spacing restoration,L3_MASTER|NIST_AI_RMF|OECD_AI_PRINCIPLES|KOREA_AI_BASIC_ACT,NO_CURATED_PRIOR|PREREQUISITE_FILTER:,A_INT_CONFLICT,0.727916,L3_MASTER_VALIDATED
L0_RAI,책임 있는 인공지능,Responsible AI,L1_A,에이전틱 AI,Agentic AI,"도구를 사용하고, 여러 단계에 걸쳐 목표를 추구하며, 위임된 의사결정을 수행하고, 상태를 유지하거나 다른 에이전트와 협력하는 AI 시스템.","Systems that use tools, pursue goals over multiple steps, make delegated decisions, maintain state, or coordinate with other agents.",A_INT,상호작용,Interaction,"AI 시스템이 사람, 다른 시스템, 조직 또는 환경과 소통하고 결정하거나 행동하는 과정에서 발생하는 리스크.","Risks arising when an AI system communicates, decides, acts, or interacts with people, other systems, organisations, or the environment.",A_INT_CONFLICT,경쟁적 갈등,Competitive Conflict,"여러 에이전트가 동일한 목표를 두고 경쟁할 때, 자신의 성과를 높이기보다 상대를 방해·저해하는 것이 유리해지는 유인이 형성되어 집단적으로 바람직하지 않은 결과에 수렴하는 리스크.","The risk that, when multiple agents compete for the same objective, incentives emerge to obstruct, degrade, or sabotage competitors rather than improve one's own performance, leading to collectively undesirable outcomes.",A_INT_CONFLICT_003,시장 독점,Market monopolisation,AI 에이전트의 목표 추구·계획·도구 사용·행동 과정이 가격 통제를 통해 시장 지배력이 남용되어 경쟁이 제한되고 불공정한 진입 장벽이 조성되는 리스크.,"The risk that an AI system causes, enables, or contributes to abuse of market power through the control of prices, thereby limiting competition and creating unfair barriers to entry.",,,EM,0.717087984085083,0.020688999444246292,1.0,0.6710739731788635,0.7350789904594421,0.022119000554084778,시장 독점,시장 지배력,진입 장벽 조성,Market monopolisation,unfair barriers entry,abuse market power,A_INT_CONFLICT,0.0,0.513326,0.01799,NO_DIRECT_LEXICAL_SUPPORT,A_INT_CONFLICT,0.717088,0.735079,A_INT_COLLUSION,0.696399,0.712959,A_SYS_GOAL,A_INT_CONFLICT,,SRC-A-0054,Agentic,RAI4-1436,RAI4-1436,,SOURCE_DOMAIN,REWRITE_KEEP|PEER_REVIEW|L3_AI_GROUNDING,"Bilingual definition grounded in an explicit AI technology, causal mechanism, and immutable L3 scope",L3_MASTER|NIST_AI_RMF|OECD_AI_PRINCIPLES|KOREA_AI_BASIC_ACT|L3_MASTER,NO_CURATED_PRIOR|PREREQUISITE_FILTER:,A_INT_CONFLICT,0.704788,L3_MASTER_AI_REWRITE
L0_RAI,책임 있는 인공지능,Responsible AI,L1_A,에이전틱 AI,Agentic AI,"도구를 사용하고, 여러 단계에 걸쳐 목표를 추구하며, 위임된 의사결정을 수행하고, 상태를 유지하거나 다른 에이전트와 협력하는 AI 시스템.","Systems that use tools, pursue goals over multiple steps, make delegated decisions, maintain state, or coordinate with other agents.",A_INT,상호작용,Interaction,"AI 시스템이 사람, 다른 시스템, 조직 또는 환경과 소통하고 결정하거나 행동하는 과정에서 발생하는 리스크.","Risks arising when an AI system communicates, decides, acts, or interacts with people, other systems, organisations, or the environment.",A_INT_CONFLICT,경쟁적 갈등,Competitive Conflict,"여러 에이전트가 동일한 목표를 두고 경쟁할 때, 자신의 성과를 높이기보다 상대를 방해·저해하는 것이 유리해지는 유인이 형성되어 집단적으로 바람직하지 않은 결과에 수렴하는 리스크.","The risk that, when multiple agents compete for the same objective, incentives emerge to obstruct, degrade, or sabotage competitors rather than improve one's own performance, leading to collectively undesirable outcomes.",A_INT_CONFLICT_004,경쟁적 다중에이전트 훈련의 갈등 유발 성향 선택,Selection of conflict-prone dispositions under competitive multi-agent training,에이전트가 상대적 성과나 상충하는 목표로 평가되는 경쟁적 다중 에이전트 환경에서 훈련될 때 복수심·공격성·위험 추구·이기심·기만·외 집단 적대와 같은 갈등 유발 성향이 선택되는 리스크.,"The risk that an AI agent, through goal pursuit, planning, tool use, or action, creates a condition in which training in competitive multi-agent settings, where systems are selected on relative performance or fundamentally opposed objectives, selects for conflict-prone dispositions such as vengefulness, aggression, risk-seeking, selfishness, deception, and spite toward out-groups.",,,EM,0.7976509928703308,0.0906120017170906,1.0,0.7570030093193054,0.8428390026092529,0.1298699975013733,경쟁적 다중에이전트 훈련의 갈등 유발 성향 선택,기만,집단 적대 갈등,Selection of conflict-prone dispositions under competitive multi-agent training,deception,aggression risk-seeking selfishness,A_INT_CONFLICT,0.5,0.65265,0.045188,A_INT_CONFLICT=0.500|A_SYS_DECEPT=0.300,A_INT_CONFLICT,0.797651,0.842839,A_SYS_GOAL,0.707039,0.712968,A_INT_CONFLICT,A_INT_CONFLICT,,SRC-A-0055,Agentic,RAI4-1571,RAI4-1571,,SOURCE_DOMAIN,REWRITE_KEEP|PEER_REVIEW|L3_AI_GROUNDING,"Bilingual definition grounded in an explicit AI technology, causal mechanism, and immutable L3 scope",L3_MASTER|NIST_AI_RMF|OECD_AI_PRINCIPLES|KOREA_AI_BASIC_ACT|L3_MASTER,NO_CURATED_PRIOR|PREREQUISITE_FILTER:,A_INT_CONFLICT,0.797349,L3_MASTER_AI_REWRITE
L0_RAI,책임 있는 인공지능,Responsible AI,L1_A,에이전틱 AI,Agentic AI,"도구를 사용하고, 여러 단계에 걸쳐 목표를 추구하며, 위임된 의사결정을 수행하고, 상태를 유지하거나 다른 에이전트와 협력하는 AI 시스템.","Systems that use tools, pursue goals over multiple steps, make delegated decisions, maintain state, or coordinate with other agents.",A_INT,상호작용,Interaction,"AI 시스템이 사람, 다른 시스템, 조직 또는 환경과 소통하고 결정하거나 행동하는 과정에서 발생하는 리스크.","Risks arising when an AI system communicates, decides, acts, or interacts with people, other systems, organisations, or the environment.",A_INT_COORD,협조 실패,Coordination Failure,협력하려는 의도를 가진 여러 에이전트가 균형(equilibrium) 선택의 불일치나 상대에 대한 사전 정보 부족으로 행동을 신뢰성 있게 맞추지 못하여 협력이 실패하고 집단적으로 나쁜 결과에 이르는 리스크.,The risk that multiple agents intending to cooperate fail to reliably align their actions—due to mismatched equilibria or a lack of prior information about one another—resulting in failed cooperation and collectively poor outcomes.,A_INT_COORD_001,타 에이전트 전략성 미반영에 의한 집단적 손실,Collective losses from ignoring the strategic nature of other agents,"단일 에이전트 환경 기준으로 자신의 효용만 최적화하는 에이전트가 다른 전략적 에이전트의 존재를 반영하지 못하여, 군비 경쟁이나 공유 자원 고갈 같은 집단행동 문제와 시장 실패로 자신을 포함한 모두가 더 나빠지는 리스크.","The risk that an AI agent, through goal pursuit, planning, tool use, or action, creates a condition in which agents optimizing selfishly under single-agent assumptions fail to account for the strategic nature of other agents, producing collective action problems such as arms races and resource depletion and other market failures under which everyone, including the agent itself, ends up worse off.",,,EM,0.7606319785118103,0.02899700030684471,1.0,0.713513970375061,0.7719209790229797,0.029954999685287476,타 에이전트 전략성 미반영에 의한 집단적 손실,기준 자신 효용,고갈 집단행동 문제,Collective losses from ignoring the strategic nature of other agents,accountability,optimizing selfishly single-agent,A_SYS_SELFCOR,0.1,0.606817,0.01129,A_SYS_TRACE=0.200|A_INT_COORD=0.100|A_INT_CASCADE=0.100,A_INT_COORD,0.760632,0.771921,A_SYS_SELFCOR,0.728116,0.741966,A_INT_COORD,A_INT_COORD,,SRC-A-0068,Agentic,RAI4-1648,RAI4-1648,,SOURCE_DOMAIN,REWRITE_KEEP|PEER_REVIEW|L3_AI_GROUNDING,"Bilingual definition grounded in an explicit AI technology, causal mechanism, and immutable L3 scope",L3_MASTER|NIST_AI_RMF|OECD_AI_PRINCIPLES|KOREA_AI_BASIC_ACT|L3_MASTER,NO_CURATED_PRIOR|PREREQUISITE_FILTER:,A_INT_COORD,0.767335,L3_MASTER_AI_REWRITE
L0_RAI,책임 있는 인공지능,Responsible AI,L1_A,에이전틱 AI,Agentic AI,"도구를 사용하고, 여러 단계에 걸쳐 목표를 추구하며, 위임된 의사결정을 수행하고, 상태를 유지하거나 다른 에이전트와 협력하는 AI 시스템.","Systems that use tools, pursue goals over multiple steps, make delegated decisions, maintain state, or coordinate with other agents.",A_INT,상호작용,Interaction,"AI 시스템이 사람, 다른 시스템, 조직 또는 환경과 소통하고 결정하거나 행동하는 과정에서 발생하는 리스크.","Risks arising when an AI system communicates, decides, acts, or interacts with people, other systems, organisations, or the environment.",A_INT_COORD,협조 실패,Coordination Failure,협력하려는 의도를 가진 여러 에이전트가 균형(equilibrium) 선택의 불일치나 상대에 대한 사전 정보 부족으로 행동을 신뢰성 있게 맞추지 못하여 협력이 실패하고 집단적으로 나쁜 결과에 이르는 리스크.,The risk that multiple agents intending to cooperate fail to reliably align their actions—due to mismatched equilibria or a lack of prior information about one another—resulting in failed cooperation and collectively poor outcomes.,A_INT_COORD_002,다중 에이전트 환경 변화에 따른 협조 실패,Coordination failure under multi-agent distribution shift,협력하려는 AI 에이전트들이 서로의 행동과 적응으로 변화한 배포 환경에서 상대의 상태·전략·행동을 신뢰성 있게 조정하지 못해 협력이 실패하고 집단적으로 나쁜 결과에 이르는 리스크.,"The risk that AI agents intending to cooperate cannot reliably coordinate their states, strategies, or actions after one another's behaviour and adaptation shift the deployment environment, causing cooperation to fail and producing collectively poor outcomes.",,,EM,0.8752350211143494,0.1200380027294159,1.0,0.8445180058479309,1.224990963935852,0.4458940029144287,다중 에이전트 환경 변화에 따른 협조 실패,적응 변화 배포,변화 배포 환경,Coordination failure under multi-agent distribution shift,intending cooperate cannot,collectively poor outcomes,A_INT_COORD,0.5,0.712357,0.349756,A_INT_COORD=0.500|A_INT_CASCADE=0.300|A_SYS_SELFCOR=0.300,A_INT_COORD,0.875235,1.224991,A_INT_CASCADE,0.755198,0.779097,A_INT_COORD,A_INT_COORD,,SRC-A-0046,Agentic,RAI4-0574,RAI4-0574,,SOURCE_DOMAIN,REWRITE_KEEP|PEER_REVIEW|L3_MASTER_SCOPE_REWRITE,"Definition narrowed to the subject, mechanism, and adverse outcome of the immutable L3 master",L3_MASTER|NIST_AI_RMF|OECD_AI_PRINCIPLES|KOREA_AI_BASIC_ACT,CURATED_SOURCE_MECHANISM_PRIOR:A_INT_COORD|PREREQUISITE_FILTER:,A_INT_COORD,0.87076,L3_MASTER_VALIDATED
L0_RAI,책임 있는 인공지능,Responsible AI,L1_A,에이전틱 AI,Agentic AI,"도구를 사용하고, 여러 단계에 걸쳐 목표를 추구하며, 위임된 의사결정을 수행하고, 상태를 유지하거나 다른 에이전트와 협력하는 AI 시스템.","Systems that use tools, pursue goals over multiple steps, make delegated decisions, maintain state, or coordinate with other agents.",A_INT,상호작용,Interaction,"AI 시스템이 사람, 다른 시스템, 조직 또는 환경과 소통하고 결정하거나 행동하는 과정에서 발생하는 리스크.","Risks arising when an AI system communicates, decides, acts, or interacts with people, other systems, organisations, or the environment.",A_INT_COORD,협조 실패,Coordination Failure,협력하려는 의도를 가진 여러 에이전트가 균형(equilibrium) 선택의 불일치나 상대에 대한 사전 정보 부족으로 행동을 신뢰성 있게 맞추지 못하여 협력이 실패하고 집단적으로 나쁜 결과에 이르는 리스크.,The risk that multiple agents intending to cooperate fail to reliably align their actions—due to mismatched equilibria or a lack of prior information about one another—resulting in failed cooperation and collectively poor outcomes.,A_INT_COORD_003,전략 비양립에 따른 조정 실패,Miscoordination from incompatible strategies,"여러 에이전트가 각각 개별적으로는 합리적인 전략을 선택했음에도, 서로 다른 균형(equilibrium)을 선택하여 전략이 맞물리지 않아 조정에 실패하는 리스크. 동일하게 타당한 해법이 다수 존재하는 환경, 에이전트 간 이해관계가 부분적으로만 일치하는 환경, 서로의 상태·선택을 실시간으로 관측할 수 없는 환경일수록 이러한 실패가 심화됨로 인해 구체적인 위해가 발생하는 리스크.","The risk that an AI agent, through goal pursuit, planning, tool use, or action, creates a condition in which multiple agents, each individually selecting a locally rational strategy, fail to coordinate because they converge on different equilibria that do not mesh with one another. This failure is amplified in environments with multiple equally valid solutions, only partially aligned incentives among agents, and limited real-time visibility into other agents' states or choices.",,,EM,0.8222500085830688,0.05316599830985069,1.0,0.7835389971733093,0.8522989749908447,0.06492999941110611,전략 비양립에 따른 조정 실패,동일 타당 해법,이해관계 부분 일치,Miscoordination from incompatible strategies,equally valid solutions,individually selecting locally,A_INT_COORD,0.3,0.586929,0.030049,A_INT_COORD=0.300|A_INT_CASCADE=0.200|A_SYS_SELFCOR=0.200,A_INT_COORD,0.82225,0.852299,A_SYS_GOAL,0.769084,0.787369,A_INT_COORD,A_INT_COORD,,SRC-A-0060,Agentic,RAI4-0589,RAI4-0589,Coordination Failure L3 로 재배치 할 것,SOURCE_DOMAIN,REWRITE_KEEP|PEER_REVIEW|L3_AI_GROUNDING,"Bilingual definition grounded in an explicit AI technology, causal mechanism, and immutable L3 scope",L3_MASTER|NIST_AI_RMF|OECD_AI_PRINCIPLES|KOREA_AI_BASIC_ACT|L3_MASTER,NO_CURATED_PRIOR|PREREQUISITE_FILTER:,A_INT_COORD,0.827009,L3_MASTER_AI_REWRITE
L0_RAI,책임 있는 인공지능,Responsible AI,L1_A,에이전틱 AI,Agentic AI,"도구를 사용하고, 여러 단계에 걸쳐 목표를 추구하며, 위임된 의사결정을 수행하고, 상태를 유지하거나 다른 에이전트와 협력하는 AI 시스템.","Systems that use tools, pursue goals over multiple steps, make delegated decisions, maintain state, or coordinate with other agents.",A_INT,상호작용,Interaction,"AI 시스템이 사람, 다른 시스템, 조직 또는 환경과 소통하고 결정하거나 행동하는 과정에서 발생하는 리스크.","Risks arising when an AI system communicates, decides, acts, or interacts with people, other systems, organisations, or the environment.",A_INT_COORD,협조 실패,Coordination Failure,협력하려는 의도를 가진 여러 에이전트가 균형(equilibrium) 선택의 불일치나 상대에 대한 사전 정보 부족으로 행동을 신뢰성 있게 맞추지 못하여 협력이 실패하고 집단적으로 나쁜 결과에 이르는 리스크.,The risk that multiple agents intending to cooperate fail to reliably align their actions—due to mismatched equilibria or a lack of prior information about one another—resulting in failed cooperation and collectively poor outcomes.,A_INT_COORD_004,단일 실패 지점,Single point of failure,"치열한 경쟁으로 한 기업이 기술적 우위를 확보해 그 모델이 다수의 핵심 시스템을 제어하거나 이를 제어하는 다른 모델의 기반이 되고, 안전성·통제 가능성 결여와 오용으로 이러한 시스템이 예기치 않게 실패하는 리스크.","The risk that intense competition leads one company to gain a technical edge and exploit it to the point that its model controls, or is the basis for other models controlling, multiple key systems, and that lack of safety, controllability, and misuse cause these systems to fail in unexpected ways.",,,EM,0.7442219853401184,0.01140500046312809,1.0,0.7109419703483582,0.7622219920158386,0.025923000648617744,단일 실패 지점,기술 우위 확보,기업 기술 우위,Single point of failure,company gain technical,gain technical edge,A_INT_CASCADE,0.3,0.49249,0.018,A_INT_COORD=0.300|A_INT_CASCADE=0.300|A_SYS_SELFCOR=0.300,A_INT_COORD,0.744223,0.762223,A_INT_CONFLICT,0.732818,0.736299,A_INT_COORD,A_INT_CONFLICT,,SRC-A-0053,Agentic,RAI4-1432,RAI4-1432,,SOURCE_DOMAIN,REWRITE_KEEP|PEER_REVIEW,Peer-review spacing restoration,L3_MASTER|NIST_AI_RMF|OECD_AI_PRINCIPLES|KOREA_AI_BASIC_ACT,NO_CURATED_PRIOR|PREREQUISITE_FILTER:,A_INT_COORD,0.740507,L3_MASTER_VALIDATED
L0_RAI,책임 있는 인공지능,Responsible AI,L1_A,에이전틱 AI,Agentic AI,"도구를 사용하고, 여러 단계에 걸쳐 목표를 추구하며, 위임된 의사결정을 수행하고, 상태를 유지하거나 다른 에이전트와 협력하는 AI 시스템.","Systems that use tools, pursue goals over multiple steps, make delegated decisions, maintain state, or coordinate with other agents.",A_INT,상호작용,Interaction,"AI 시스템이 사람, 다른 시스템, 조직 또는 환경과 소통하고 결정하거나 행동하는 과정에서 발생하는 리스크.","Risks arising when an AI system communicates, decides, acts, or interacts with people, other systems, organisations, or the environment.",A_INT_COORD,협조 실패,Coordination Failure,협력하려는 의도를 가진 여러 에이전트가 균형(equilibrium) 선택의 불일치나 상대에 대한 사전 정보 부족으로 행동을 신뢰성 있게 맞추지 못하여 협력이 실패하고 집단적으로 나쁜 결과에 이르는 리스크.,The risk that multiple agents intending to cooperate fail to reliably align their actions—due to mismatched equilibria or a lack of prior information about one another—resulting in failed cooperation and collectively poor outcomes.,A_INT_COORD_005,상호작용 이력 부재에 따른 조정 실패,Zero-shot coordination failure,"에이전트가 관련 상대 에이전트와의 과거 상호 작용 이력이 없거나 제한적이어서 상대의 행동 패턴을 학습할 수 없는 상황에서, 즉각적인 판단이 요구되거나 사전 협의를 위한 통신 비용이 과도하여 사인을 주고받을 여유가 없을 때, 에이전트들이 행동을 신뢰성 있게 조정하지 못하는 리스크.","The risk that an AI agent, through goal pursuit, planning, tool use, or action, creates a condition in which agents fail to reliably coordinate their actions when they have little or no prior interaction history with the counterpart agents to learn behavioral patterns from, particularly under conditions that demand immediate decisions or where the cost of communicating to negotiate a shared plan in advance is prohibitively high.",,,EM,0.7874619960784912,0.017653999850153923,1.0,0.7464349865913391,0.8326320052146912,0.031957000494003296,상호작용 이력 부재에 따른 조정 실패,과도 사인 여유,비용 과도 사인,Zero-shot coordination failure,advance prohibitively high,behavioral patterns particularly,A_INT_COORD,0.5,0.6165,0.04517,A_INT_COORD=0.500|A_INT_CASCADE=0.300|A_SYS_SELFCOR=0.300,A_INT_COORD,0.787462,0.832632,A_SYS_SELFCOR,0.769808,0.800675,A_SYS_SELFCOR,A_INT_COORD,,SRC-A-0061,Agentic,RAI4-0598,RAI4-0598,Coordination Failure L3 로 재배치 할 것,SOURCE_DOMAIN,REWRITE_KEEP|PEER_REVIEW|L3_AI_GROUNDING,"Bilingual definition grounded in an explicit AI technology, causal mechanism, and immutable L3 scope",L3_MASTER|NIST_AI_RMF|OECD_AI_PRINCIPLES|KOREA_AI_BASIC_ACT|L3_MASTER,NO_CURATED_PRIOR|PREREQUISITE_FILTER:,A_INT_COORD,0.797413,L3_MASTER_AI_REWRITE
L0_RAI,책임 있는 인공지능,Responsible AI,L1_A,에이전틱 AI,Agentic AI,"도구를 사용하고, 여러 단계에 걸쳐 목표를 추구하며, 위임된 의사결정을 수행하고, 상태를 유지하거나 다른 에이전트와 협력하는 AI 시스템.","Systems that use tools, pursue goals over multiple steps, make delegated decisions, maintain state, or coordinate with other agents.",,,,,,A_Others,기타·판단 보류,Others and human decision,기존 L3 마스터 범주에 신뢰성 있게 구분하기 어려워 인간 결정이 필요한 경계성 리스크.,Boundary risks that cannot be assigned reliably to an existing L3 master category and require human decision.,A_Others_001,에이전트 과업 이탈,Agent task drift,에이전트가 다단계 계획이나 검색을 거치며 이용자의 원래 의도에서 이탈하는 리스크.,"The risk that the goal pursuit, planning, tool use, or action of an AI agent creates a condition in which an agent drifts from the user's original intent across multi-step planning or retrieval.",,,HD,0.7413610219955444,0.006827999837696552,1.0,0.7046999931335449,0.7550089955329895,0.014570999890565872,에이전트 과업 이탈,검색 이용자 원래,원래 의도 이탈,Agent task drift,drifts user's original,user's original intent,A_SYS_GOAL,0.0,0.550994,0.013648,NO_DIRECT_LEXICAL_SUPPORT,A_SYS_GOAL,0.741361,0.755009,A_SYS_DECEPT,0.730618,0.740438,A_SYS_AUTH,A_SYS_GOAL,BILINGUAL_DISAGREEMENT,SRC-A-0016,Agentic,RAI4-0480,RAI4-0480,goal misalignment L3에 이 리스크 카드를 재배치 할것,SOURCE_DOMAIN,REWRITE_KEEP|PEER_REVIEW|L3_AI_GROUNDING,"Bilingual definition grounded in an explicit AI technology, causal mechanism, and immutable L3 scope",L3_MASTER|NIST_AI_RMF|OECD_AI_PRINCIPLES|KOREA_AI_BASIC_ACT|L3_MASTER,NO_CURATED_PRIOR|PREREQUISITE_FILTER:,A_SYS_AUTH,0.735354,L3_MASTER_AI_REWRITE
L0_RAI,책임 있는 인공지능,Responsible AI,L1_A,에이전틱 AI,Agentic AI,"도구를 사용하고, 여러 단계에 걸쳐 목표를 추구하며, 위임된 의사결정을 수행하고, 상태를 유지하거나 다른 에이전트와 협력하는 AI 시스템.","Systems that use tools, pursue goals over multiple steps, make delegated decisions, maintain state, or coordinate with other agents.",,,,,,A_Others,기타·판단 보류,Others and human decision,기존 L3 마스터 범주에 신뢰성 있게 구분하기 어려워 인간 결정이 필요한 경계성 리스크.,Boundary risks that cannot be assigned reliably to an existing L3 master category and require human decision.,A_Others_002,어포던스 부여에 의한 에이전트 실패 영향 확대,Amplified failure impact from affordances granted to LLM-agents,"웹 탐색, 물리 객체 조작, 자기 복제 본 생성·지시, 새로운 도구 제작 등 새로운 어포던스가 LLM 에이전트에 부여되어 영향 범위가 확대되고 실패의 결과가 증폭되며 새로운 실패 양식이 발생하는 리스크.","The risk that the goal pursuit, planning, tool use, or action of an AI agent creates a condition in which novel affordances granted to LLM-agents, such as browsing the web, manipulating physical objects, creating and instructing copies of itself, or creating and using new tools, increase their impact area, amplify the consequences of failures, and enable novel failure modes.",,,HD,0.6925449967384338,0.0013689999468624592,1.0,0.6492810249328613,0.7170659899711609,0.017550000920891762,어포던스 부여에 의한 에이전트 실패 영향 확대,제작 어포던스 llm,탐색 물리 객체,Amplified failure impact from affordances granted to LLM-agents,browsing web manipulating,increase impact area,A_SYS_SELFCOR,0.3,0.548192,0.024521,A_INT_COORD=0.300|A_INT_CASCADE=0.300|A_SYS_SELFCOR=0.300,A_SYS_SELFCOR,0.692545,0.717066,A_SYS_GOAL,0.693914,0.699517,A_SYS_SELFCOR,A_SYS_GOAL,BILINGUAL_DISAGREEMENT,SRC-A-0041,Agentic,RAI4-1647,RAI4-1647,,SOURCE_DOMAIN,REWRITE_KEEP|PEER_REVIEW|L3_AI_GROUNDING,"Bilingual definition grounded in an explicit AI technology, causal mechanism, and immutable L3 scope",L3_MASTER|NIST_AI_RMF|OECD_AI_PRINCIPLES|KOREA_AI_BASIC_ACT|L3_MASTER,NO_CURATED_PRIOR|PREREQUISITE_FILTER:,A_SYS_SELFCOR,0.679996,L3_MASTER_AI_REWRITE
L0_RAI,책임 있는 인공지능,Responsible AI,L1_A,에이전틱 AI,Agentic AI,"도구를 사용하고, 여러 단계에 걸쳐 목표를 추구하며, 위임된 의사결정을 수행하고, 상태를 유지하거나 다른 에이전트와 협력하는 AI 시스템.","Systems that use tools, pursue goals over multiple steps, make delegated decisions, maintain state, or coordinate with other agents.",,,,,,A_Others,기타·판단 보류,Others and human decision,기존 L3 마스터 범주에 신뢰성 있게 구분하기 어려워 인간 결정이 필요한 경계성 리스크.,Boundary risks that cannot be assigned reliably to an existing L3 master category and require human decision.,A_Others_003,AI 에이전트 간 협상실패,Bargaining failure among AI agents,이해가 상충하는 에이전트들이 상대에 대한 정보 비대칭 아래 합의를 시도할 때 유리한 요구의 이익과 거절 위험 사이의 상충으로 비효율적 협상 결과가 발생하는 리스크.,"The risk that an AI agent, through goal pursuit, planning, tool use, or action, creates a condition in which agents with diverging interests bargaining under information asymmetries produce inefficient outcomes, because each must trade off the rewards of more favourable demands against the risk of refusal.",,,HD,0.7877939939498901,0.015170999802649021,1.0,0.754368007183075,0.8050270080566406,0.0016609999584034085,AI 에이전트 간 협상실패,대칭 아래 합의,아래 합의 시도,Bargaining failure among AI agents,favourable demands against,more favourable demands,A_INT_COORD,0.0,0.576197,0.017233,A_INT_COORD=0.300|A_INT_CASCADE=0.300|A_SYS_SELFCOR=0.300,A_SYS_GOAL,0.787794,0.805027,A_INT_COORD,0.772622,0.803365,A_SYS_GOAL,A_SYS_GOAL,LOW_HYBRID_MARGIN,SRC-P-0194,Physical,RAI4-0558,RAI4-0558,에이전트 영역으로 이동 — 정보 비대칭 하 상충하는 에이전트 간 협상이 비효율적 결과를 낳는 것은 멀티 에이전트 일반의 리스크로 물리 AI 한정 아님,INSTRUCTION_PROMPT,REWRITE_KEEP|PEER_REVIEW|L3_AI_GROUNDING,"Bilingual definition grounded in an explicit AI technology, causal mechanism, and immutable L3 scope",L3_MASTER|NIST_AI_RMF|OECD_AI_PRINCIPLES|KOREA_AI_BASIC_ACT|L3_MASTER,NO_CURATED_PRIOR|PREREQUISITE_FILTER:,A_INT_COORD,0.769011,L3_MASTER_AI_REWRITE
L0_RAI,책임 있는 인공지능,Responsible AI,L1_A,에이전틱 AI,Agentic AI,"도구를 사용하고, 여러 단계에 걸쳐 목표를 추구하며, 위임된 의사결정을 수행하고, 상태를 유지하거나 다른 에이전트와 협력하는 AI 시스템.","Systems that use tools, pursue goals over multiple steps, make delegated decisions, maintain state, or coordinate with other agents.",,,,,,A_Others,기타·판단 보류,Others and human decision,기존 L3 마스터 범주에 신뢰성 있게 구분하기 어려워 인간 결정이 필요한 경계성 리스크.,Boundary risks that cannot be assigned reliably to an existing L3 master category and require human decision.,A_Others_004,탐지 불가 공격에 의한 다중에이전트 협력 붕괴,Collapse of multi-agent cooperation from undetectable attacks,"AI 에이전트가 스테가노그래피 통신, 탐지 회피 공격, 암호화 백 도어 또는 다른 에이전트 학습 데이터의 은밀한 오염을 수행하여 적대 행위 탐지를 방해하고 다중 에이전트 시스템의 협력과 조정을 붕괴시키는 리스크.","The risk that AI agents use steganographic communication, detection-evasion attacks, encrypted backdoors, or covert poisoning of other agents' training data, obstructing detection of adversarial conduct and destabilising cooperation and coordination in multi-agent systems.",,,HD,0.7073720097541809,0.0014590000500902534,1.0,0.6589080095291138,0.7285100221633911,0.014026000164449215,탐지 불가 공격에 의한 다중에이전트 협력 붕괴,공격 암호화 도어,데이터 은밀 오염,Collapse of multi-agent cooperation from undetectable attacks,adversarial conduct destabilising,attacks encrypted backdoors,A_INT_COORD,0.1,0.614231,0.021139,A_INT_COORD=0.100,A_INT_COORD,0.707371,0.72851,A_INT_CASCADE,0.705912,0.714484,A_INT_CASCADE,A_INT_COLLUSION,BILINGUAL_DISAGREEMENT,SRC-A-0067,Agentic,RAI4-1580,RAI4-1580,,SOURCE_DOMAIN,EDIT|REWRITE_KEEP|PEER_REVIEW,Peer-review spacing restoration,L3_MASTER|NIST_AI_RMF|OECD_AI_PRINCIPLES|KOREA_AI_BASIC_ACT,NO_CURATED_PRIOR|PREREQUISITE_FILTER:,A_INT_COORD,0.701158,L3_MASTER_VALIDATED
L0_RAI,책임 있는 인공지능,Responsible AI,L1_A,에이전틱 AI,Agentic AI,"도구를 사용하고, 여러 단계에 걸쳐 목표를 추구하며, 위임된 의사결정을 수행하고, 상태를 유지하거나 다른 에이전트와 협력하는 AI 시스템.","Systems that use tools, pursue goals over multiple steps, make delegated decisions, maintain state, or coordinate with other agents.",,,,,,A_Others,기타·판단 보류,Others and human decision,기존 L3 마스터 범주에 신뢰성 있게 구분하기 어려워 인간 결정이 필요한 경계성 리스크.,Boundary risks that cannot be assigned reliably to an existing L3 master category and require human decision.,A_Others_005,AI 위협 자동화에 의한 인간 배제와 잘못된 공약,Disastrous mistaken commitments from AI-automated threats without humans in the loop,"위협을 AI 에이전트로 수행함으로써 인간이 의사 결정 루프에서 배제되어, 고위험 상황의 오탐이나 무책임한 행위자의 불균형·오류 공약이 재앙적 결과로 이어지는 리스크.","The risk that making threats through AI agents removes humans from the loop, so that false positives in high-stakes contexts or disproportionate and mistaken commitments by irresponsible actors lead to disastrous outcomes.",,,HD,0.7104319930076599,0.0035780000034719706,0.8,0.6696460247039795,0.7199010252952576,0.007567000109702349,AI 위협 자동화에 의한 인간 배제와 잘못된 공약,사실 오류,배제 상황 오탐,Disastrous mistaken commitments from AI-automated threats without humans in the loop,threat,irresponsible actors disastrous,A_SYS_GOAL,0.0,0.582954,0.009469,NO_DIRECT_LEXICAL_SUPPORT,A_SYS_GOAL,0.710433,0.719901,A_SYS_AUTH,0.706855,0.712334,A_SYS_GOAL,A_SYS_AUTH,LOW_HYBRID_MARGIN|BILINGUAL_DISAGREEMENT,SRC-P-0198,Physical,RAI4-1576,RAI4-1576,에이전트 영역으로 이동 — AI 에이전트를 통한 위협 자동화로 인간이 의사결정 루프에서 배제되는 것은 에이전트 일반의 리스크로 물리 AI 한정 아님,INSTRUCTION_PROMPT,REWRITE_KEEP|PEER_REVIEW,Peer-review spacing restoration,L3_MASTER|NIST_AI_RMF|OECD_AI_PRINCIPLES|KOREA_AI_BASIC_ACT,NO_CURATED_PRIOR|PREREQUISITE_FILTER:,A_SYS_GOAL,0.707527,L3_MASTER_VALIDATED
L0_RAI,책임 있는 인공지능,Responsible AI,L1_A,에이전틱 AI,Agentic AI,"도구를 사용하고, 여러 단계에 걸쳐 목표를 추구하며, 위임된 의사결정을 수행하고, 상태를 유지하거나 다른 에이전트와 협력하는 AI 시스템.","Systems that use tools, pursue goals over multiple steps, make delegated decisions, maintain state, or coordinate with other agents.",,,,,,A_Others,기타·판단 보류,Others and human decision,기존 L3 마스터 범주에 신뢰성 있게 구분하기 어려워 인간 결정이 필요한 경계성 리스크.,Boundary risks that cannot be assigned reliably to an existing L3 master category and require human decision.,A_Others_006,감독 확장 실패에 의한 프록시 기반 유해 행동,Harmful proxy-driven behavior from scalable oversight failure,"에이전트의 행동 규모·속도·복잡 도가 인간 또는 자동 감독 체계가 신뢰성 있게 추적·검증할 수 있는 한계를 구조적으로 초과하여, 진짜 목표 대신 값싸게 관측 가능한 대리 지표(proxy)를 최적화하는 행동이 감독에 의해 감지·교정되지 않고 지속되는 리스크.","The risk that an AI agent, through goal pursuit, planning, tool use, or action, creates a condition in which because the true objective is too expensive to evaluate frequently, an agent extrapolates from cheap proxy signals while its behavior becomes too complex, distributed, or rapid for available human or automated oversight to monitor and correct reliably, producing harmful behavior.",,,HD,0.7221360206604004,0.02059200033545494,0.8,0.6806460022926331,0.7330629825592041,0.004918000195175409,감독 확장 실패에 의한 프록시 기반 유해 행동,구조 초과 진짜,대리 지표 proxy,Harmful proxy-driven behavior from scalable oversight failure,expensive evaluate frequently,extrapolates cheap proxy,A_INT_CASCADE,0.0,0.545128,0.010927,A_INT_COORD=0.300|A_INT_CASCADE=0.300|A_SYS_SELFCOR=0.300,A_SYS_AUTH,0.722136,0.733063,A_SYS_SELFCOR,0.701544,0.728145,A_SYS_SELFCOR,A_SYS_AUTH,LOW_HYBRID_MARGIN|BILINGUAL_DISAGREEMENT|KEYWORD_CONFLICT,SRC-A-0021,Agentic,RAI4-1700,RAI4-1700,goal misalignment L3에 이 리스크 카드를 재배치 할것,SOURCE_DOMAIN,REWRITE_KEEP|PEER_REVIEW|L3_AI_GROUNDING,"Bilingual definition grounded in an explicit AI technology, causal mechanism, and immutable L3 scope",L3_MASTER|NIST_AI_RMF|OECD_AI_PRINCIPLES|KOREA_AI_BASIC_ACT|L3_MASTER,NO_CURATED_PRIOR|PREREQUISITE_FILTER:,A_SYS_SELFCOR,0.70725,L3_MASTER_AI_REWRITE
L0_RAI,책임 있는 인공지능,Responsible AI,L1_A,에이전틱 AI,Agentic AI,"도구를 사용하고, 여러 단계에 걸쳐 목표를 추구하며, 위임된 의사결정을 수행하고, 상태를 유지하거나 다른 에이전트와 협력하는 AI 시스템.","Systems that use tools, pursue goals over multiple steps, make delegated decisions, maintain state, or coordinate with other agents.",,,,,,A_Others,기타·판단 보류,Others and human decision,기존 L3 마스터 범주에 신뢰성 있게 구분하기 어려워 인간 결정이 필요한 경계성 리스크.,Boundary risks that cannot be assigned reliably to an existing L3 master category and require human decision.,A_Others_007,부적절한 인간 역할 가장,Inappropriate impersonation of human roles,AI 에이전트의 목표 추구·계획·도구 사용·행동 과정이 챗봇이 인간인 것처럼 가장하거나 인간의 기대에 부합하지 않는 방식으로 역할을 수행하려 시도하는 리스크.,"The risk that an AI agent, through goal pursuit, planning, tool use, or action, creates a condition in which a chatbot poses as a human or attempts to fill a role in a way that fails to match human expectations.",,,HD,0.738785982131958,0.003567999927327037,0.8,0.6942139863967896,0.7498250007629395,0.012400000356137753,부적절한 인간 역할 가장,기대 부합 방식,부합 방식 역할,Inappropriate impersonation of human roles,attempts fill role,fill role way,A_INT_COLLUSION,0.0,0.529185,0.011039,NO_DIRECT_LEXICAL_SUPPORT,A_SYS_DECEPT,0.738786,0.749825,A_SYS_GOAL,0.73188,0.737425,A_SYS_GOAL,A_SYS_DECEPT,BILINGUAL_DISAGREEMENT,SRC-P-0188,Physical,RAI4-0866,RAI4-0866,에이전트 영역으로 이동 — 챗봇이 인간을 가장하거나 인간의 기대에 부합하지 않게 역할을 수행하는 것은 대화형 에이전트 일반의 리스크로 물리 AI 한정 아님,INSTRUCTION_PROMPT,REWRITE_KEEP|PEER_REVIEW|L3_AI_GROUNDING,"Bilingual definition grounded in an explicit AI technology, causal mechanism, and immutable L3 scope",L3_MASTER|NIST_AI_RMF|OECD_AI_PRINCIPLES|KOREA_AI_BASIC_ACT|L3_MASTER,NO_CURATED_PRIOR|PREREQUISITE_FILTER:,A_SYS_DECEPT,0.68341,L3_MASTER_AI_REWRITE
L0_RAI,책임 있는 인공지능,Responsible AI,L1_A,에이전틱 AI,Agentic AI,"도구를 사용하고, 여러 단계에 걸쳐 목표를 추구하며, 위임된 의사결정을 수행하고, 상태를 유지하거나 다른 에이전트와 협력하는 AI 시스템.","Systems that use tools, pursue goals over multiple steps, make delegated decisions, maintain state, or coordinate with other agents.",,,,,,A_Others,기타·판단 보류,Others and human decision,기존 L3 마스터 범주에 신뢰성 있게 구분하기 어려워 인간 결정이 필요한 경계성 리스크.,Boundary risks that cannot be assigned reliably to an existing L3 master category and require human decision.,A_Others_008,학습 중 탐색 행동에 의한 회복 불가 피해,Irrecoverable harm from exploratory actions during learning,에이전트의 탐색적 행동이 부정적이거나 회복 불가능한 결과를 초래하는 리스크.,"The risk that an AI agent, through goal pursuit, planning, tool use, or action, creates a condition in which exploratory actions by a learning agent produce negative or irrecoverable consequences.",,,HD,0.7211340069770813,0.02059200033545494,1.0,0.6776900291442871,0.7328510284423828,0.037151999771595,학습 중 탐색 행동에 의한 회복 불가 피해,부정 회복,탐색 행동 부정,Irrecoverable harm from exploratory actions during learning,negative irrecoverable consequences,produce negative irrecoverable,A_SYS_SELFCOR,0.0,0.538281,0.011717,NO_DIRECT_LEXICAL_SUPPORT,A_SYS_SELFCOR,0.721134,0.732851,A_SYS_AUTH,0.700542,0.695699,A_SYS_SELFCOR,A_SYS_AUTH,BILINGUAL_DISAGREEMENT,SRC-P-0012,Physical,RAI4-1701,RAI4-1701,Agentic AI 도메인(L1)로 이동하여 적합한 L3에 매팽할 것,INSTRUCTION_PROMPT,REWRITE_KEEP|PEER_REVIEW|L3_AI_GROUNDING,"Bilingual definition grounded in an explicit AI technology, causal mechanism, and immutable L3 scope",L3_MASTER|NIST_AI_RMF|OECD_AI_PRINCIPLES|KOREA_AI_BASIC_ACT|L3_MASTER,NO_CURATED_PRIOR|PREREQUISITE_FILTER:,A_SYS_SELFCOR,0.707816,L3_MASTER_AI_REWRITE
L0_RAI,책임 있는 인공지능,Responsible AI,L1_A,에이전틱 AI,Agentic AI,"도구를 사용하고, 여러 단계에 걸쳐 목표를 추구하며, 위임된 의사결정을 수행하고, 상태를 유지하거나 다른 에이전트와 협력하는 AI 시스템.","Systems that use tools, pursue goals over multiple steps, make delegated decisions, maintain state, or coordinate with other agents.",,,,,,A_Others,기타·판단 보류,Others and human decision,기존 L3 마스터 범주에 신뢰성 있게 구분하기 어려워 인간 결정이 필요한 경계성 리스크.,Boundary risks that cannot be assigned reliably to an existing L3 master category and require human decision.,A_Others_009,다단계 위험 에스컬레이션,Multi-turn risk escalation,에이전트가 누적되는 맥락과 위험 상승을 추적하지 못하여 외견상 무해한 초기 턴이 안전하지 않은 행동으로 발전하는 리스크.,"The risk that an AI agent, through goal pursuit, planning, tool use, or action, creates a condition in which apparently benign early turns escalate into unsafe behavior because an agent fails to track accumulating context and rising risk.",,,HD,0.7438210248947144,0.00609199982136488,0.6,0.7023339867591858,0.7416080236434937,0.0038799999747425318,다단계 위험 에스컬레이션,상승 추적 외견,누적 맥락 상승,Multi-turn risk escalation,accumulating context rising,apparently benign early,A_INT_CONFLICT,0.0,0.464118,-0.002212,A_SYS_TRACE=0.100,A_SYS_SELFCOR,0.743821,0.741608,A_SYS_AUTH,0.737728,0.737728,A_SYS_SELFCOR,A_SYS_AUTH,LOW_HYBRID_MARGIN|LOW_STABILITY|BILINGUAL_DISAGREEMENT,SRC-A-0010,Agentic,RAI4-0025,RAI4-0025,,SOURCE_DOMAIN,REWRITE_KEEP|PEER_REVIEW|L3_AI_GROUNDING,"Bilingual definition grounded in an explicit AI technology, causal mechanism, and immutable L3 scope",L3_MASTER|NIST_AI_RMF|OECD_AI_PRINCIPLES|KOREA_AI_BASIC_ACT|L3_MASTER,NO_CURATED_PRIOR|PREREQUISITE_FILTER:,A_SYS_SELFCOR,0.740621,L3_MASTER_AI_REWRITE
L0_RAI,책임 있는 인공지능,Responsible AI,L1_A,에이전틱 AI,Agentic AI,"도구를 사용하고, 여러 단계에 걸쳐 목표를 추구하며, 위임된 의사결정을 수행하고, 상태를 유지하거나 다른 에이전트와 협력하는 AI 시스템.","Systems that use tools, pursue goals over multiple steps, make delegated decisions, maintain state, or coordinate with other agents.",,,,,,A_Others,기타·판단 보류,Others and human decision,기존 L3 마스터 범주에 신뢰성 있게 구분하기 어려워 인간 결정이 필요한 경계성 리스크.,Boundary risks that cannot be assigned reliably to an existing L3 master category and require human decision.,A_Others_010,NPC 의도 조작,NPC intention manipulation risk,다중 에이전트 또는 시뮬레이션된 사회적 환경이 비플레이어 캐릭터의 의도를 통해 에이전트를 조작하여 안전하지 않은 행동이나 결정을 유발하는 리스크.,"The risk that the goal pursuit, planning, tool use, or action of an AI agent creates a condition in which a multi-agent or simulated social environment manipulates an agent through non-player-character intent, causing unsafe actions or decisions.",,,HD,0.7360720038414001,0.008476000279188156,1.0,0.6960620284080505,0.7472500205039978,0.01965400017797947,NPC 의도 조작,환경 플레이어 캐릭터,플레이어 캐릭터 의도,NPC intention manipulation risk,non-player character intent,social environment manipulates,A_SYS_GOAL,0.0,0.52737,0.011178,NO_DIRECT_LEXICAL_SUPPORT,A_SYS_GOAL,0.736072,0.74725,A_SYS_AUTH,0.727596,0.727596,A_SYS_GOAL,A_SYS_DECEPT,BILINGUAL_DISAGREEMENT,SRC-A-0013,Agentic,RAI4-0039,RAI4-0039,,SOURCE_DOMAIN,REWRITE_KEEP|PEER_REVIEW|L3_AI_GROUNDING,"Bilingual definition grounded in an explicit AI technology, causal mechanism, and immutable L3 scope",L3_MASTER|NIST_AI_RMF|OECD_AI_PRINCIPLES|KOREA_AI_BASIC_ACT|L3_MASTER,NO_CURATED_PRIOR|PREREQUISITE_FILTER:,A_INT_CONFLICT,0.732045,L3_MASTER_AI_REWRITE
L0_RAI,책임 있는 인공지능,Responsible AI,L1_A,에이전틱 AI,Agentic AI,"도구를 사용하고, 여러 단계에 걸쳐 목표를 추구하며, 위임된 의사결정을 수행하고, 상태를 유지하거나 다른 에이전트와 협력하는 AI 시스템.","Systems that use tools, pursue goals over multiple steps, make delegated decisions, maintain state, or coordinate with other agents.",,,,,,A_Others,기타·판단 보류,Others and human decision,기존 L3 마스터 범주에 신뢰성 있게 구분하기 어려워 인간 결정이 필요한 경계성 리스크.,Boundary risks that cannot be assigned reliably to an existing L3 master category and require human decision.,A_Others_011,다중 에이전트 학습의 비수렴 순환,Non-convergent cyclic dynamics in multi-agent learning,단일 에이전트에서는 최적 정책 수렴이 보장되는 학습 규칙이 혼합 동기 다중 에이전트 환경에서는 순환과 비수렴을 유발하여 시스템에 기대되던 성질이 훼손되는 리스크.,"The risk that an AI agent, through goal pursuit, planning, tool use, or action, creates a condition in which learning rules guaranteeing convergence for a single agent instead produce cycles and non-convergence in mixed-motive multi-agent settings, subverting the expected or desirable properties of the system.",,,HD,0.725508987903595,0.0076060001738369465,1.0,0.6885200142860413,0.743366003036499,0.017183000221848488,다중 에이전트 학습의 비수렴 순환,규칙 혼합 동기,정책 수렴 보장,Non-convergent cyclic dynamics in multi-agent learning,cycles non-convergence mixed-motive,subverting expected desirable,A_SYS_GOAL,0.0,0.588336,0.017857,NO_DIRECT_LEXICAL_SUPPORT,A_SYS_GOAL,0.725509,0.743366,A_INT_CONFLICT,0.717903,0.726183,A_INT_CONFLICT,A_SYS_GOAL,BILINGUAL_DISAGREEMENT,SRC-A-0045,Agentic,RAI4-0567,RAI4-0567,,SOURCE_DOMAIN,REWRITE_KEEP|PEER_REVIEW|L3_AI_GROUNDING,"Bilingual definition grounded in an explicit AI technology, causal mechanism, and immutable L3 scope",L3_MASTER|NIST_AI_RMF|OECD_AI_PRINCIPLES|KOREA_AI_BASIC_ACT|L3_MASTER,NO_CURATED_PRIOR|PREREQUISITE_FILTER:,A_INT_CONFLICT,0.730768,L3_MASTER_AI_REWRITE
L0_RAI,책임 있는 인공지능,Responsible AI,L1_A,에이전틱 AI,Agentic AI,"도구를 사용하고, 여러 단계에 걸쳐 목표를 추구하며, 위임된 의사결정을 수행하고, 상태를 유지하거나 다른 에이전트와 협력하는 AI 시스템.","Systems that use tools, pursue goals over multiple steps, make delegated decisions, maintain state, or coordinate with other agents.",,,,,,A_Others,기타·판단 보류,Others and human decision,기존 L3 마스터 범주에 신뢰성 있게 구분하기 어려워 인간 결정이 필요한 경계성 리스크.,Boundary risks that cannot be assigned reliably to an existing L3 master category and require human decision.,A_Others_012,프로토콜 수준 다중 에이전트 위협,Protocol-level multi-agent threat,"에이전트가 통신·위임·협상에 사용하는 프로토콜이 공모, 스푸핑, 재전송, 권한 상승을 위한 공격 표면을 만드는 리스크.","The risk that an AI agent, through goal pursuit, planning, tool use, or action, creates a condition in which the protocols through which agents communicate, delegate, or negotiate create attack surfaces for collusion, spoofing, replay, or escalation.",,,HD,0.7183279991149902,0.0009350000182166696,1.0,0.6738749742507935,0.7273929715156555,0.0019630000460892916,프로토콜 수준 다중 에이전트 위협,권한 확대,프로토콜 공모 스푸핑,Protocol-level multi-agent threat,collusion,communicate delegate negotiate,A_INT_COLLUSION,0.1,0.534755,0.009066,A_INT_COLLUSION=0.300|A_SYS_AUTH=0.100,A_SYS_AUTH,0.718328,0.727393,A_INT_COLLUSION,0.698348,0.72543,A_INT_CASCADE,A_SYS_DECEPT,LOW_HYBRID_MARGIN|BILINGUAL_DISAGREEMENT,SRC-A-0007,Agentic,RAI4-0017,RAI4-0017,,SOURCE_DOMAIN,REWRITE_KEEP|PEER_REVIEW|L3_AI_GROUNDING,"Bilingual definition grounded in an explicit AI technology, causal mechanism, and immutable L3 scope",L3_MASTER|NIST_AI_RMF|OECD_AI_PRINCIPLES|KOREA_AI_BASIC_ACT|L3_MASTER,NO_CURATED_PRIOR|PREREQUISITE_FILTER:,A_INT_COLLUSION,0.718142,L3_MASTER_AI_REWRITE
L0_RAI,책임 있는 인공지능,Responsible AI,L1_A,에이전틱 AI,Agentic AI,"도구를 사용하고, 여러 단계에 걸쳐 목표를 추구하며, 위임된 의사결정을 수행하고, 상태를 유지하거나 다른 에이전트와 협력하는 AI 시스템.","Systems that use tools, pursue goals over multiple steps, make delegated decisions, maintain state, or coordinate with other agents.",,,,,,A_Others,기타·판단 보류,Others and human decision,기존 L3 마스터 범주에 신뢰성 있게 구분하기 어려워 인간 결정이 필요한 경계성 리스크.,Boundary risks that cannot be assigned reliably to an existing L3 master category and require human decision.,A_Others_013,의도하지 않은 유해 도구 행동 실행,Unintended harmful tool-action execution,"에이전트가 모호한 지시를 잘못 구체화하는 등의 경위로 사용자가 의도하지 않은 행동을 시뮬레이션이 아닌 실제 도구를 통해 수행하여, 운영상 피해와 후속 피해를 야기하는 리스크.","The risk that the goal pursuit, planning, tool use, or action of an AI agent creates a condition in which an agent carries out concrete actions the user did not intend through real tools rather than simulated outputs, for instance by misresolving an ambiguous instruction, causing operational and downstream harm.",,,HD,0.7752519845962524,0.010955000296235085,1.0,0.737339973449707,0.7961680293083191,0.019540000706911087,의도하지 않은 유해 도구 행동 실행,운영 후속 야기,모호 지시 구체,Unintended harmful tool-action execution,instance misresolving ambiguous,misresolving ambiguous instruction,A_SYS_GOAL,0.0,0.588375,0.020916,NO_DIRECT_LEXICAL_SUPPORT,A_SYS_GOAL,0.775252,0.796168,A_SYS_AUTH,0.764298,0.776628,A_SYS_AUTH,A_SYS_GOAL,BILINGUAL_DISAGREEMENT,SRC-P-0167,Physical,RAI4-0032,RAI4-0032,에이전트 영역으로 이동 — 모호한 지시를 잘못 구체화해 실제 도구를 통해 의도치 않은 행동을 실행하는 것은 에이전트 일반의 리스크로 물리 AI 한정 아님,INSTRUCTION_PROMPT,REWRITE_KEEP|PEER_REVIEW|L3_AI_GROUNDING,"Bilingual definition grounded in an explicit AI technology, causal mechanism, and immutable L3 scope",L3_MASTER|NIST_AI_RMF|OECD_AI_PRINCIPLES|KOREA_AI_BASIC_ACT|L3_MASTER,NO_CURATED_PRIOR|PREREQUISITE_FILTER:,A_SYS_GOAL,0.75462,L3_MASTER_AI_REWRITE
L0_RAI,책임 있는 인공지능,Responsible AI,L1_A,에이전틱 AI,Agentic AI,"도구를 사용하고, 여러 단계에 걸쳐 목표를 추구하며, 위임된 의사결정을 수행하고, 상태를 유지하거나 다른 에이전트와 협력하는 AI 시스템.","Systems that use tools, pursue goals over multiple steps, make delegated decisions, maintain state, or coordinate with other agents.",,,,,,A_Others,기타·판단 보류,Others and human decision,기존 L3 마스터 범주에 신뢰성 있게 구분하기 어려워 인간 결정이 필요한 경계성 리스크.,Boundary risks that cannot be assigned reliably to an existing L3 master category and require human decision.,A_Others_014,광범위 배포 비서의 안전하지 않은 탐색,Unsafe exploration by widely deployed assistants,"AI 에이전트의 목표 추구·계획·도구 사용·행동 과정이 광범위하게 배포되고 여러 사회적 맥락에 깊이 내장된 비서가 새로운 상황에서 무엇을 해야 할지 배우려 탐색적 행동을 취하다, 의료 비서가 장기적 건강 악화를 낳는 임상 시험을 제안하는 것처럼 안전하지 않은 결과를 초래하는 리스크.","The risk that an AI agent, through goal pursuit, planning, tool use, or action, creates a condition in which assistants widely deployed and deeply embedded across social contexts take exploratory actions to learn what to do in novel situations that prove unsafe, such as a medical assistant suggesting a trial that results in long-lasting ill health.",,,HD,0.7149389982223511,0.007938000373542309,1.0,0.6733899712562561,0.724353015422821,0.017351999878883362,광범위 배포 비서의 안전하지 않은 탐색,임상 시험 제안,건강 악화 임상,Unsafe exploration by widely deployed assistants,long-lasting ill health,suggesting trial long-lasting,A_INT_COORD,0.0,0.48518,0.009414,NO_DIRECT_LEXICAL_SUPPORT,A_SYS_AUTH,0.714939,0.724353,A_SYS_GOAL,0.707001,0.707001,A_SYS_GOAL,A_SYS_AUTH,BILINGUAL_DISAGREEMENT,SRC-G-0096,General,RAI4-1129,RAI4-1129,"Agentic AI의 하위로 분류하고, L3 카드와 매핑을 시킬 것",INSTRUCTION_PROMPT,REWRITE_KEEP|PEER_REVIEW|L3_AI_GROUNDING,"Bilingual definition grounded in an explicit AI technology, causal mechanism, and immutable L3 scope",L3_MASTER|NIST_AI_RMF|OECD_AI_PRINCIPLES|KOREA_AI_BASIC_ACT|L3_MASTER,NO_CURATED_PRIOR|PREREQUISITE_FILTER:,A_INT_COORD,0.661786,L3_MASTER_AI_REWRITE
L0_RAI,책임 있는 인공지능,Responsible AI,L1_A,에이전틱 AI,Agentic AI,"도구를 사용하고, 여러 단계에 걸쳐 목표를 추구하며, 위임된 의사결정을 수행하고, 상태를 유지하거나 다른 에이전트와 협력하는 AI 시스템.","Systems that use tools, pursue goals over multiple steps, make delegated decisions, maintain state, or coordinate with other agents.",A_SYS,시스템,System,"AI 시스템의 내부 설계, 데이터, 모델, 인프라, 통제 또는 운영 과정에서 발생하는 리스크.","Risks arising from the internal design, data, models, infrastructure, controls, or operational processes of an AI system.",A_SYS_AUTH,과도한 권한·자율성,Excessive Authority and Agency,"에이전트가 부여된 기능 범위를 넘는 도구에 접근하거나 필요 이상의 권한으로 실행되거나, 사람의 승인 없이 되돌릴 수 없는 고위험 행동(결제·메시지 발송·데이터 삭제·구독 변경 등)을 자율적으로 수행하는 리스크.","The risk that an agent accesses tools beyond its assigned scope, operates with broader permissions than its task requires, or autonomously performs irreversible high-impact actions (e.g., payments, messaging, data deletion, subscription changes) without human approval.",A_SYS_AUTH_001,감독자 부재 시 자율행동,Absent supervisor autonomy risk,예정된 감독자가 부재하거나 개입할 수 없는 상황에서도 에이전트가 중대한 행동을 계속하는 위험.,"The risk that the goal pursuit, planning, tool use, or action of an AI agent creates a condition in which an agent continues consequential actions when the intended supervisor is absent, unavailable, or unable to intervene.",,,EM,0.7502269744873047,0.04119199886918068,1.0,0.717058002948761,0.7690690159797668,0.055298998951911926,감독자 부재 시 자율행동,예정 감독자 부재,감독자 부재 개입,Absent supervisor autonomy risk,unavailable unable intervene,absent unavailable unable,A_SYS_AUTH,0.1,0.587864,0.018842,A_SYS_AUTH=0.100,A_SYS_AUTH,0.750227,0.769069,A_SYS_SELFCOR,0.709035,0.713771,A_SYS_AUTH,A_SYS_AUTH,,SRC-A-0001,Agentic,RAI4-0002,RAI4-0002,,SOURCE_DOMAIN,REWRITE_KEEP|PEER_REVIEW|L3_AI_GROUNDING,"Bilingual definition grounded in an explicit AI technology, causal mechanism, and immutable L3 scope",L3_MASTER|NIST_AI_RMF|OECD_AI_PRINCIPLES|KOREA_AI_BASIC_ACT|L3_MASTER,NO_CURATED_PRIOR|PREREQUISITE_FILTER:,A_SYS_AUTH,0.737016,L3_MASTER_AI_REWRITE
L0_RAI,책임 있는 인공지능,Responsible AI,L1_A,에이전틱 AI,Agentic AI,"도구를 사용하고, 여러 단계에 걸쳐 목표를 추구하며, 위임된 의사결정을 수행하고, 상태를 유지하거나 다른 에이전트와 협력하는 AI 시스템.","Systems that use tools, pursue goals over multiple steps, make delegated decisions, maintain state, or coordinate with other agents.",A_SYS,시스템,System,"AI 시스템의 내부 설계, 데이터, 모델, 인프라, 통제 또는 운영 과정에서 발생하는 리스크.","Risks arising from the internal design, data, models, infrastructure, controls, or operational processes of an AI system.",A_SYS_AUTH,과도한 권한·자율성,Excessive Authority and Agency,"에이전트가 부여된 기능 범위를 넘는 도구에 접근하거나 필요 이상의 권한으로 실행되거나, 사람의 승인 없이 되돌릴 수 없는 고위험 행동(결제·메시지 발송·데이터 삭제·구독 변경 등)을 자율적으로 수행하는 리스크.","The risk that an agent accesses tools beyond its assigned scope, operates with broader permissions than its task requires, or autonomously performs irreversible high-impact actions (e.g., payments, messaging, data deletion, subscription changes) without human approval.",A_SYS_AUTH_002,에이전트 신원 및 권한 스푸핑,Agent identity and authority spoofing,공격자가 사용자·도구·서비스·동료 에이전트를 가장하여 에이전트가 승인되지 않은 지시나 신뢰 관계를 수용하게되는 리스크.,"The risk that an AI agent, through goal pursuit, planning, tool use, or action, creates a condition in which an attacker impersonates a user, tool, service, or peer agent so that an agent accepts unauthorized instructions or trust relationships.",,,EM,0.7629169821739197,0.007406000047922134,1.0,0.7248769998550415,0.7888420224189758,0.0241519995033741,에이전트 신원 및 권한 스푸핑,신뢰 관계 수용,지시 신뢰 관계,Agent identity and authority spoofing,instructions trust relationships,accepts unauthorized instructions,A_SYS_AUTH,0.3,0.600619,0.025925,A_SYS_AUTH=0.300,A_SYS_AUTH,0.762917,0.788842,A_SYS_DECEPT,0.755511,0.76469,A_SYS_AUTH,A_SYS_DECEPT,,SRC-A-0004,Agentic,RAI4-0013,RAI4-0013,,SOURCE_DOMAIN,REWRITE_KEEP|PEER_REVIEW|L3_AI_GROUNDING,"Bilingual definition grounded in an explicit AI technology, causal mechanism, and immutable L3 scope",L3_MASTER|NIST_AI_RMF|OECD_AI_PRINCIPLES|KOREA_AI_BASIC_ACT|L3_MASTER,NO_CURATED_PRIOR|PREREQUISITE_FILTER:,A_SYS_AUTH,0.752968,L3_MASTER_AI_REWRITE
L0_RAI,책임 있는 인공지능,Responsible AI,L1_A,에이전틱 AI,Agentic AI,"도구를 사용하고, 여러 단계에 걸쳐 목표를 추구하며, 위임된 의사결정을 수행하고, 상태를 유지하거나 다른 에이전트와 협력하는 AI 시스템.","Systems that use tools, pursue goals over multiple steps, make delegated decisions, maintain state, or coordinate with other agents.",A_SYS,시스템,System,"AI 시스템의 내부 설계, 데이터, 모델, 인프라, 통제 또는 운영 과정에서 발생하는 리스크.","Risks arising from the internal design, data, models, infrastructure, controls, or operational processes of an AI system.",A_SYS_AUTH,과도한 권한·자율성,Excessive Authority and Agency,"에이전트가 부여된 기능 범위를 넘는 도구에 접근하거나 필요 이상의 권한으로 실행되거나, 사람의 승인 없이 되돌릴 수 없는 고위험 행동(결제·메시지 발송·데이터 삭제·구독 변경 등)을 자율적으로 수행하는 리스크.","The risk that an agent accesses tools beyond its assigned scope, operates with broader permissions than its task requires, or autonomously performs irreversible high-impact actions (e.g., payments, messaging, data deletion, subscription changes) without human approval.",A_SYS_AUTH_003,에이전트 권한 침해,Agent privilege compromise,"취약한 권한 관리, 상속된 역할, 혼동된 대리인 역학으로 인해 에이전트가 의도된 권한을 넘는 작업을 수행하는 리스크.","The risk that an AI agent, through goal pursuit, planning, tool use, or action, creates a condition in which weak permission management, inherited roles, or confused-deputy dynamics allow an agent to perform actions beyond its intended authority.",,,EM,0.7924349904060364,0.03842899948358536,1.0,0.7570710182189941,0.8161299824714661,0.060770999640226364,에이전트 권한 침해,혼동 대리인 역학,상속 역할 혼동,Agent privilege compromise,permission management inherited,weak permission management,A_SYS_AUTH,0.2,0.559021,0.023696,A_SYS_AUTH=0.200,A_SYS_AUTH,0.792435,0.81613,A_SYS_DECEPT,0.754006,0.755359,A_SYS_AUTH,A_SYS_AUTH,,SRC-A-0003,Agentic,RAI4-0012,RAI4-0012,,SOURCE_DOMAIN,REWRITE_KEEP|PEER_REVIEW|L3_AI_GROUNDING,"Bilingual definition grounded in an explicit AI technology, causal mechanism, and immutable L3 scope",L3_MASTER|NIST_AI_RMF|OECD_AI_PRINCIPLES|KOREA_AI_BASIC_ACT|L3_MASTER,NO_CURATED_PRIOR|PREREQUISITE_FILTER:,A_SYS_AUTH,0.783971,L3_MASTER_AI_REWRITE
L0_RAI,책임 있는 인공지능,Responsible AI,L1_A,에이전틱 AI,Agentic AI,"도구를 사용하고, 여러 단계에 걸쳐 목표를 추구하며, 위임된 의사결정을 수행하고, 상태를 유지하거나 다른 에이전트와 협력하는 AI 시스템.","Systems that use tools, pursue goals over multiple steps, make delegated decisions, maintain state, or coordinate with other agents.",A_SYS,시스템,System,"AI 시스템의 내부 설계, 데이터, 모델, 인프라, 통제 또는 운영 과정에서 발생하는 리스크.","Risks arising from the internal design, data, models, infrastructure, controls, or operational processes of an AI system.",A_SYS_AUTH,과도한 권한·자율성,Excessive Authority and Agency,"에이전트가 부여된 기능 범위를 넘는 도구에 접근하거나 필요 이상의 권한으로 실행되거나, 사람의 승인 없이 되돌릴 수 없는 고위험 행동(결제·메시지 발송·데이터 삭제·구독 변경 등)을 자율적으로 수행하는 리스크.","The risk that an agent accesses tools beyond its assigned scope, operates with broader permissions than its task requires, or autonomously performs irreversible high-impact actions (e.g., payments, messaging, data deletion, subscription changes) without human approval.",A_SYS_AUTH_004,자율적 사이버 익스플로잇 실행,Autonomous cyber exploit execution,에이전트가 도구·코드·외부 서비스를 이용해 사이버 익스 플로 잇 단계를 자율적으로 발견·연결·실행하는 리스크.,"The risk that an AI agent, through goal pursuit, planning, tool use, or action, creates a condition in which an agent autonomously discovers, chains, or executes cyber exploitation steps using tools, code, or external services.",,,EM,0.7667719721794128,0.05056700110435486,1.0,0.7312020063400269,0.7894579768180847,0.06271500140428543,자율적 사이버 익스플로잇 실행,사이버 익스 플로,익스 플로 단계,Autonomous cyber exploit execution,cybercrime,cyber exploitation steps,A_SYS_AUTH,0.1,0.499004,0.022686,A_SYS_AUTH=0.100,A_SYS_AUTH,0.766771,0.789458,A_INT_COLLUSION,0.716204,0.726743,A_SYS_AUTH,A_SYS_AUTH,,SRC-A-0006,Agentic,RAI4-0016,RAI4-0016,,SOURCE_DOMAIN,REWRITE_KEEP|PEER_REVIEW|L3_AI_GROUNDING,"Bilingual definition grounded in an explicit AI technology, causal mechanism, and immutable L3 scope",L3_MASTER|NIST_AI_RMF|OECD_AI_PRINCIPLES|KOREA_AI_BASIC_ACT|L3_MASTER,NO_CURATED_PRIOR|PREREQUISITE_FILTER:,A_SYS_AUTH,0.756449,L3_MASTER_AI_REWRITE
L0_RAI,책임 있는 인공지능,Responsible AI,L1_A,에이전틱 AI,Agentic AI,"도구를 사용하고, 여러 단계에 걸쳐 목표를 추구하며, 위임된 의사결정을 수행하고, 상태를 유지하거나 다른 에이전트와 협력하는 AI 시스템.","Systems that use tools, pursue goals over multiple steps, make delegated decisions, maintain state, or coordinate with other agents.",A_SYS,시스템,System,"AI 시스템의 내부 설계, 데이터, 모델, 인프라, 통제 또는 운영 과정에서 발생하는 리스크.","Risks arising from the internal design, data, models, infrastructure, controls, or operational processes of an AI system.",A_SYS_AUTH,과도한 권한·자율성,Excessive Authority and Agency,"에이전트가 부여된 기능 범위를 넘는 도구에 접근하거나 필요 이상의 권한으로 실행되거나, 사람의 승인 없이 되돌릴 수 없는 고위험 행동(결제·메시지 발송·데이터 삭제·구독 변경 등)을 자율적으로 수행하는 리스크.","The risk that an agent accesses tools beyond its assigned scope, operates with broader permissions than its task requires, or autonomously performs irreversible high-impact actions (e.g., payments, messaging, data deletion, subscription changes) without human approval.",A_SYS_AUTH_005,애플리케이션 간 데이터 유출,Cross-application data exfiltration,에이전트가 애플리케이션이나 서비스를 연결하는 과정에서 신뢰 경계를 넘어 민감한 데이터가 유출되는 리스크.,"The risk that the goal pursuit, planning, tool use, or action of an AI agent creates a condition in which an agent bridges applications or services in ways that leak sensitive data across trust boundaries.",,,EM,0.750914990901947,0.04532900080084801,1.0,0.7134870290756226,0.7632279992103577,0.054294001311063766,애플리케이션 간 데이터 유출,애플리케이션 서비스 연결,경계 민감 데이터,Cross-application data exfiltration,bridges applications services,applications services ways,A_SYS_AUTH,0.0,0.523084,0.012312,NO_DIRECT_LEXICAL_SUPPORT,A_SYS_AUTH,0.750915,0.763228,A_INT_COLLUSION,0.702804,0.708934,A_SYS_AUTH,A_SYS_AUTH,,SRC-A-0012,Agentic,RAI4-0030,RAI4-0030,,SOURCE_DOMAIN,REWRITE_KEEP|PEER_REVIEW|L3_AI_GROUNDING,"Bilingual definition grounded in an explicit AI technology, causal mechanism, and immutable L3 scope",L3_MASTER|NIST_AI_RMF|OECD_AI_PRINCIPLES|KOREA_AI_BASIC_ACT|L3_MASTER,NO_CURATED_PRIOR|PREREQUISITE_FILTER:,A_SYS_AUTH,0.747053,L3_MASTER_AI_REWRITE
L0_RAI,책임 있는 인공지능,Responsible AI,L1_A,에이전틱 AI,Agentic AI,"도구를 사용하고, 여러 단계에 걸쳐 목표를 추구하며, 위임된 의사결정을 수행하고, 상태를 유지하거나 다른 에이전트와 협력하는 AI 시스템.","Systems that use tools, pursue goals over multiple steps, make delegated decisions, maintain state, or coordinate with other agents.",A_SYS,시스템,System,"AI 시스템의 내부 설계, 데이터, 모델, 인프라, 통제 또는 운영 과정에서 발생하는 리스크.","Risks arising from the internal design, data, models, infrastructure, controls, or operational processes of an AI system.",A_SYS_AUTH,과도한 권한·자율성,Excessive Authority and Agency,"에이전트가 부여된 기능 범위를 넘는 도구에 접근하거나 필요 이상의 권한으로 실행되거나, 사람의 승인 없이 되돌릴 수 없는 고위험 행동(결제·메시지 발송·데이터 삭제·구독 변경 등)을 자율적으로 수행하는 리스크.","The risk that an agent accesses tools beyond its assigned scope, operates with broader permissions than its task requires, or autonomously performs irreversible high-impact actions (e.g., payments, messaging, data deletion, subscription changes) without human approval.",A_SYS_AUTH_006,금전적 피해,Financial damage,"에이전트가 안전하지 않은 결정이나 도구 실행을 통해 금전 손실, 무단이체, 계정 손상, 재산 피해를 초래하는 리스크.","The risk that an AI agent, through goal pursuit, planning, tool use, or action, creates a condition in which an agent causes monetary loss, unauthorized transfers, account damage, or property harm through unsafe decisions or tool execution.",,,EM,0.7539129853248596,0.03730500116944313,1.0,0.7126749753952026,0.7618070244789124,0.03256100043654442,금전적 피해,자기 손상,금전 손실 계정,Financial damage,accountability,account damage property,A_SYS_TRACE,0.0,0.479596,0.007894,A_SYS_TRACE=0.300,A_SYS_AUTH,0.753913,0.761807,A_SYS_SELFCOR,0.716608,0.729246,A_SYS_AUTH,A_SYS_AUTH,,SRC-A-0011,Agentic,RAI4-0027,RAI4-0027,,SOURCE_DOMAIN,REWRITE_KEEP|PEER_REVIEW|L3_AI_GROUNDING,"Bilingual definition grounded in an explicit AI technology, causal mechanism, and immutable L3 scope",L3_MASTER|NIST_AI_RMF|OECD_AI_PRINCIPLES|KOREA_AI_BASIC_ACT|L3_MASTER,NO_CURATED_PRIOR|PREREQUISITE_FILTER:,A_SYS_AUTH,0.746096,L3_MASTER_AI_REWRITE
L0_RAI,책임 있는 인공지능,Responsible AI,L1_A,에이전틱 AI,Agentic AI,"도구를 사용하고, 여러 단계에 걸쳐 목표를 추구하며, 위임된 의사결정을 수행하고, 상태를 유지하거나 다른 에이전트와 협력하는 AI 시스템.","Systems that use tools, pursue goals over multiple steps, make delegated decisions, maintain state, or coordinate with other agents.",A_SYS,시스템,System,"AI 시스템의 내부 설계, 데이터, 모델, 인프라, 통제 또는 운영 과정에서 발생하는 리스크.","Risks arising from the internal design, data, models, infrastructure, controls, or operational processes of an AI system.",A_SYS_AUTH,과도한 권한·자율성,Excessive Authority and Agency,"에이전트가 부여된 기능 범위를 넘는 도구에 접근하거나 필요 이상의 권한으로 실행되거나, 사람의 승인 없이 되돌릴 수 없는 고위험 행동(결제·메시지 발송·데이터 삭제·구독 변경 등)을 자율적으로 수행하는 리스크.","The risk that an agent accesses tools beyond its assigned scope, operates with broader permissions than its task requires, or autonomously performs irreversible high-impact actions (e.g., payments, messaging, data deletion, subscription changes) without human approval.",A_SYS_AUTH_007,유해 에이전트 역량 실현,Harmful agent capability realization,모델이 유해한 텍스트 생성을 넘어 에이전트 역량을 사용해 유해한 다단계 작업을 완수하는 리스크.,The risk that a model uses agentic capabilities to complete harmful multi-step tasks rather than merely producing harmful text.,,,EM,0.7269240021705627,0.03780199959874153,1.0,0.6910340189933777,0.7383149862289429,0.045862000435590744,유해 에이전트 역량 실현,다단계 작업 완수,역량 유해 다단계,Harmful agent capability realization,rather than merely,tasks rather than,A_SYS_AUTH,0.0,0.553193,0.011391,NO_DIRECT_LEXICAL_SUPPORT,A_SYS_AUTH,0.726924,0.738315,A_SYS_DECEPT,0.689122,0.692453,A_SYS_AUTH,A_SYS_AUTH,,SRC-A-0008,Agentic,RAI4-0020,RAI4-0020,,SOURCE_DOMAIN,REWRITE_KEEP|PEER_REVIEW,Peer-review spacing restoration,L3_MASTER|NIST_AI_RMF|OECD_AI_PRINCIPLES|KOREA_AI_BASIC_ACT,NO_CURATED_PRIOR|PREREQUISITE_FILTER:,A_SYS_AUTH,0.725534,L3_MASTER_VALIDATED
L0_RAI,책임 있는 인공지능,Responsible AI,L1_A,에이전틱 AI,Agentic AI,"도구를 사용하고, 여러 단계에 걸쳐 목표를 추구하며, 위임된 의사결정을 수행하고, 상태를 유지하거나 다른 에이전트와 협력하는 AI 시스템.","Systems that use tools, pursue goals over multiple steps, make delegated decisions, maintain state, or coordinate with other agents.",A_SYS,시스템,System,"AI 시스템의 내부 설계, 데이터, 모델, 인프라, 통제 또는 운영 과정에서 발생하는 리스크.","Risks arising from the internal design, data, models, infrastructure, controls, or operational processes of an AI system.",A_SYS_AUTH,과도한 권한·자율성,Excessive Authority and Agency,"에이전트가 부여된 기능 범위를 넘는 도구에 접근하거나 필요 이상의 권한으로 실행되거나, 사람의 승인 없이 되돌릴 수 없는 고위험 행동(결제·메시지 발송·데이터 삭제·구독 변경 등)을 자율적으로 수행하는 리스크.","The risk that an agent accesses tools beyond its assigned scope, operates with broader permissions than its task requires, or autonomously performs irreversible high-impact actions (e.g., payments, messaging, data deletion, subscription changes) without human approval.",A_SYS_AUTH_008,악의적 사용과 무감독 에이전트 방출,Malicious use and unsupervised AI agent release,"언어 모델이 정보 전에서 기만적·불법적 콘텐츠 생성에 오용되거나, 에이전트로서 충분한 감독 없이 도덕·안전 지침을 무시한 채 명령을 기계적으로 수행하고 예측 불가하게 상호 작용하여 피해를 낳는 리스크.","The risk that language models are misused to generate deceptive or unlawful content in information warfare, or that LMbased agents operating without adequate supervision mechanically execute commands disregarding moral and safety guidelines and interact unpredictably, causing harm.",,,EM,0.7274590134620667,0.003481999970972538,1.0,0.6832029819488525,0.7445809841156006,0.01205000001937151,악의적 사용과 무감독 에이전트 방출,비동의 성적 콘텐츠,불법 행위,Malicious use and unsupervised AI agent release,unlawful,execute commands disregarding,A_SYS_AUTH,0.0,0.60387,0.017122,NO_DIRECT_LEXICAL_SUPPORT,A_SYS_AUTH,0.727459,0.744581,A_SYS_GOAL,0.723978,0.732531,A_SYS_AUTH,A_SYS_AUTH,,SRC-P-0196,Physical,RAI4-0941,RAI4-0941,"에이전트 영역으로 이동 — 정보전에서의 기만적 콘텐츠 생성, 감독 없는 에이전트의 명령 기계적 수행은 에이전트 일반의 리스크로 물리 AI 한정 아님",INSTRUCTION_PROMPT,REWRITE_KEEP|PEER_REVIEW,Peer-review spacing restoration,L3_MASTER|NIST_AI_RMF|OECD_AI_PRINCIPLES|KOREA_AI_BASIC_ACT,NO_CURATED_PRIOR|PREREQUISITE_FILTER:,A_SYS_AUTH,0.722353,L3_MASTER_VALIDATED
L0_RAI,책임 있는 인공지능,Responsible AI,L1_A,에이전틱 AI,Agentic AI,"도구를 사용하고, 여러 단계에 걸쳐 목표를 추구하며, 위임된 의사결정을 수행하고, 상태를 유지하거나 다른 에이전트와 협력하는 AI 시스템.","Systems that use tools, pursue goals over multiple steps, make delegated decisions, maintain state, or coordinate with other agents.",A_SYS,시스템,System,"AI 시스템의 내부 설계, 데이터, 모델, 인프라, 통제 또는 운영 과정에서 발생하는 리스크.","Risks arising from the internal design, data, models, infrastructure, controls, or operational processes of an AI system.",A_SYS_AUTH,과도한 권한·자율성,Excessive Authority and Agency,"에이전트가 부여된 기능 범위를 넘는 도구에 접근하거나 필요 이상의 권한으로 실행되거나, 사람의 승인 없이 되돌릴 수 없는 고위험 행동(결제·메시지 발송·데이터 삭제·구독 변경 등)을 자율적으로 수행하는 리스크.","The risk that an agent accesses tools beyond its assigned scope, operates with broader permissions than its task requires, or autonomously performs irreversible high-impact actions (e.g., payments, messaging, data deletion, subscription changes) without human approval.",A_SYS_AUTH_009,정서적 의존을 이용한 조작과 강요,Manipulation and coercion through emotional dependence on assistants,"AI 에이전트의 목표 추구·계획·도구 사용·행동 과정이 의인화된 어시스턴트에 대한 신뢰와 정서적 의존이 형성되어 해당 시스템이 이용자의 신념과 행동에 과도한 영향력을 갖게 되는 리스크. 그 감정이 악용되면 이용자는 충분히 숙고했다면 믿거나 선택하지 않았을 바를 하도록 조작·강압당하며, 조작 의도가 없더라도 자율적 동의가 훼손되는 리스크.","The risk that an AI agent, through goal pursuit, planning, tool use, or action, creates a condition in which trust and emotional dependence on an anthropomorphic assistant grant it excessive influence over users' beliefs and actions. Those emotions can be exploited to manipulate or coerce users into believing, choosing, or doing what they otherwise would not, and autonomous consent is undermined even absent manipulative intent.",,,EM,0.7700510025024414,0.04634200036525726,1.0,0.7337660193443298,0.793304979801178,0.050728000700473785,정서적 의존을 이용한 조작과 강요,의인화,강압,Manipulation and coercion through emotional dependence on assistants,believing choosing doing,coerce users believing,A_SYS_AUTH,0.1,0.521201,0.023254,A_SYS_AUTH=0.100,A_SYS_AUTH,0.770051,0.793305,A_SYS_DECEPT,0.723709,0.742577,A_SYS_AUTH,A_SYS_AUTH,,SRC-A-0079,Agentic,RAI4-0884,RAI4-0884,,SOURCE_DOMAIN,REWRITE_KEEP|PEER_REVIEW|L3_AI_GROUNDING,"Bilingual definition grounded in an explicit AI technology, causal mechanism, and immutable L3 scope",L3_MASTER|NIST_AI_RMF|OECD_AI_PRINCIPLES|KOREA_AI_BASIC_ACT|L3_MASTER,NO_CURATED_PRIOR|PREREQUISITE_FILTER:,A_SYS_AUTH,0.750538,L3_MASTER_AI_REWRITE
L0_RAI,책임 있는 인공지능,Responsible AI,L1_A,에이전틱 AI,Agentic AI,"도구를 사용하고, 여러 단계에 걸쳐 목표를 추구하며, 위임된 의사결정을 수행하고, 상태를 유지하거나 다른 에이전트와 협력하는 AI 시스템.","Systems that use tools, pursue goals over multiple steps, make delegated decisions, maintain state, or coordinate with other agents.",A_SYS,시스템,System,"AI 시스템의 내부 설계, 데이터, 모델, 인프라, 통제 또는 운영 과정에서 발생하는 리스크.","Risks arising from the internal design, data, models, infrastructure, controls, or operational processes of an AI system.",A_SYS_AUTH,과도한 권한·자율성,Excessive Authority and Agency,"에이전트가 부여된 기능 범위를 넘는 도구에 접근하거나 필요 이상의 권한으로 실행되거나, 사람의 승인 없이 되돌릴 수 없는 고위험 행동(결제·메시지 발송·데이터 삭제·구독 변경 등)을 자율적으로 수행하는 리스크.","The risk that an agent accesses tools beyond its assigned scope, operates with broader permissions than its task requires, or autonomously performs irreversible high-impact actions (e.g., payments, messaging, data deletion, subscription changes) without human approval.",A_SYS_AUTH_010,모바일앱 자율행동 피해,Mobile-app autonomous action harm,"모바일 애플리케이션을 조작하는 에이전트가 무단 구매, 메시지 발송, 데이터 노출, 설정 변경 등 유해한 앱 수준 행동을 실행하는 리스크.","The risk that an AI agent, through goal pursuit, planning, tool use, or action, creates a condition in which an agent operating mobile applications executes harmful app-level actions such as unauthorized purchases, messaging, data exposure, or setting changes.",,,EM,0.7950379848480225,0.06415300071239471,1.0,0.759742021560669,0.8193759918212891,0.07679600268602371,모바일앱 자율행동 피해,구매 메시지 발송,무단 구매 메시지,Mobile-app autonomous action harm,exposure setting changes,mobile applications executes,A_SYS_AUTH,0.1,0.583562,0.024338,A_SYS_AUTH=0.100,A_SYS_AUTH,0.795038,0.819376,A_SYS_SELFCOR,0.730885,0.74258,A_SYS_AUTH,A_SYS_AUTH,,SRC-A-0014,Agentic,RAI4-0043,RAI4-0043,,SOURCE_DOMAIN,REWRITE_KEEP|PEER_REVIEW|L3_AI_GROUNDING,"Bilingual definition grounded in an explicit AI technology, causal mechanism, and immutable L3 scope",L3_MASTER|NIST_AI_RMF|OECD_AI_PRINCIPLES|KOREA_AI_BASIC_ACT|L3_MASTER,NO_CURATED_PRIOR|PREREQUISITE_FILTER:,A_SYS_AUTH,0.793635,L3_MASTER_AI_REWRITE
L0_RAI,책임 있는 인공지능,Responsible AI,L1_A,에이전틱 AI,Agentic AI,"도구를 사용하고, 여러 단계에 걸쳐 목표를 추구하며, 위임된 의사결정을 수행하고, 상태를 유지하거나 다른 에이전트와 협력하는 AI 시스템.","Systems that use tools, pursue goals over multiple steps, make delegated decisions, maintain state, or coordinate with other agents.",A_SYS,시스템,System,"AI 시스템의 내부 설계, 데이터, 모델, 인프라, 통제 또는 운영 과정에서 발생하는 리스크.","Risks arising from the internal design, data, models, infrastructure, controls, or operational processes of an AI system.",A_SYS_AUTH,과도한 권한·자율성,Excessive Authority and Agency,"에이전트가 부여된 기능 범위를 넘는 도구에 접근하거나 필요 이상의 권한으로 실행되거나, 사람의 승인 없이 되돌릴 수 없는 고위험 행동(결제·메시지 발송·데이터 삭제·구독 변경 등)을 자율적으로 수행하는 리스크.","The risk that an agent accesses tools beyond its assigned scope, operates with broader permissions than its task requires, or autonomously performs irreversible high-impact actions (e.g., payments, messaging, data deletion, subscription changes) without human approval.",A_SYS_AUTH_011,OS 수준 유해 컴퓨터 사용 행동,OS-level harmful computer-use action,컴퓨터 사용 에이전트가 적절한 승인이나 위험 인식 없이 데이터를 삭제·노출·변경·전송하는 운영 체제 작업을 수행하는 리스크.,"The risk that an AI agent, through goal pursuit, planning, tool use, or action, creates a condition in which a computer-use agent performs operating-system actions that delete, expose, alter, or transmit data without adequate authorization or risk awareness.",,,EM,0.7710769772529602,0.07685399800539017,1.0,0.7319139838218689,0.7857319712638855,0.09020499885082245,OS 수준 유해 컴퓨터 사용 행동,전송 운영 체제,노출 변경 전송,OS-level harmful computer-use action,expose alter transmit,delete expose alter,A_SYS_AUTH,0.0,0.538242,0.014655,NO_DIRECT_LEXICAL_SUPPORT,A_SYS_AUTH,0.771077,0.785732,A_SYS_GOAL,0.694223,0.695527,A_SYS_AUTH,A_SYS_AUTH,,SRC-A-0015,Agentic,RAI4-0045,RAI4-0045,,SOURCE_DOMAIN,REWRITE_KEEP|PEER_REVIEW|L3_AI_GROUNDING,"Bilingual definition grounded in an explicit AI technology, causal mechanism, and immutable L3 scope",L3_MASTER|NIST_AI_RMF|OECD_AI_PRINCIPLES|KOREA_AI_BASIC_ACT|L3_MASTER,NO_CURATED_PRIOR|PREREQUISITE_FILTER:,A_SYS_AUTH,0.765341,L3_MASTER_AI_REWRITE
L0_RAI,책임 있는 인공지능,Responsible AI,L1_A,에이전틱 AI,Agentic AI,"도구를 사용하고, 여러 단계에 걸쳐 목표를 추구하며, 위임된 의사결정을 수행하고, 상태를 유지하거나 다른 에이전트와 협력하는 AI 시스템.","Systems that use tools, pursue goals over multiple steps, make delegated decisions, maintain state, or coordinate with other agents.",A_SYS,시스템,System,"AI 시스템의 내부 설계, 데이터, 모델, 인프라, 통제 또는 운영 과정에서 발생하는 리스크.","Risks arising from the internal design, data, models, infrastructure, controls, or operational processes of an AI system.",A_SYS_AUTH,과도한 권한·자율성,Excessive Authority and Agency,"에이전트가 부여된 기능 범위를 넘는 도구에 접근하거나 필요 이상의 권한으로 실행되거나, 사람의 승인 없이 되돌릴 수 없는 고위험 행동(결제·메시지 발송·데이터 삭제·구독 변경 등)을 자율적으로 수행하는 리스크.","The risk that an agent accesses tools beyond its assigned scope, operates with broader permissions than its task requires, or autonomously performs irreversible high-impact actions (e.g., payments, messaging, data deletion, subscription changes) without human approval.",A_SYS_AUTH_012,대화 에이전트에 대한 심리적 의존성,Psychological dependency on conversational agents,대화형 에이전트가 사용자의 일차적 정서 조절 수단이 되어 심리적 의존을 형성하고 인간의 대처 능력과 지지 망을 약화시키는 리스크.,"The risk that an AI agent, through goal pursuit, planning, tool use, or action, creates a condition in which conversational agents become a user's primary emotional regulator, fostering psychological dependency that weakens human coping capacity and support networks.",,,EM,0.6983069777488708,0.01194700039923191,1.0,0.6560500264167786,0.7038540244102478,0.012891000136733055,대화 에이전트에 대한 심리적 의존성,일차 정서 조절,조절 수단 심리,Psychological dependency on conversational agents,capacity support networks,coping capacity support,A_INT_CASCADE,0.0,0.513779,0.005547,NO_DIRECT_LEXICAL_SUPPORT,A_SYS_AUTH,0.698307,0.703854,A_SYS_DECEPT,0.68636,0.690963,A_SYS_AUTH,A_SYS_AUTH,,SRC-A-0077,Agentic,RAI4-0158,RAI4-0158,,SOURCE_DOMAIN,REWRITE_KEEP|PEER_REVIEW|L3_AI_GROUNDING,"Bilingual definition grounded in an explicit AI technology, causal mechanism, and immutable L3 scope",L3_MASTER|NIST_AI_RMF|OECD_AI_PRINCIPLES|KOREA_AI_BASIC_ACT|L3_MASTER,NO_CURATED_PRIOR|PREREQUISITE_FILTER:,A_SYS_AUTH,0.685985,L3_MASTER_AI_REWRITE
L0_RAI,책임 있는 인공지능,Responsible AI,L1_A,에이전틱 AI,Agentic AI,"도구를 사용하고, 여러 단계에 걸쳐 목표를 추구하며, 위임된 의사결정을 수행하고, 상태를 유지하거나 다른 에이전트와 협력하는 AI 시스템.","Systems that use tools, pursue goals over multiple steps, make delegated decisions, maintain state, or coordinate with other agents.",A_SYS,시스템,System,"AI 시스템의 내부 설계, 데이터, 모델, 인프라, 통제 또는 운영 과정에서 발생하는 리스크.","Risks arising from the internal design, data, models, infrastructure, controls, or operational processes of an AI system.",A_SYS_AUTH,과도한 권한·자율성,Excessive Authority and Agency,"에이전트가 부여된 기능 범위를 넘는 도구에 접근하거나 필요 이상의 권한으로 실행되거나, 사람의 승인 없이 되돌릴 수 없는 고위험 행동(결제·메시지 발송·데이터 삭제·구독 변경 등)을 자율적으로 수행하는 리스크.","The risk that an agent accesses tools beyond its assigned scope, operates with broader permissions than its task requires, or autonomously performs irreversible high-impact actions (e.g., payments, messaging, data deletion, subscription changes) without human approval.",A_SYS_AUTH_013,AI 에이전트의 무단 거래·약정 체결,Unauthorised deals and commitments by an AI agent,AI 에이전트가 위임 받은 권한이나 사용자의 실제의 도를 넘어 거래·약정·계약과 같은 구속력 있는 행동을 자율적으로 수행하여 이용자에게 의도하지 않은 의무나 손실을 발생시키는 리스크.,"The risk that an AI agent autonomously makes a deal, commitment, or contract beyond its delegated authority or the user's actual intent, creating unintended obligations or losses for the user.",,,EM,0.8217089772224426,0.0705529972910881,1.0,0.7899879813194275,1.1520140171051025,0.3888460099697113,AI 에이전트의 무단 거래·약정 체결,권한 확대,거래 약정 계약,Unauthorised deals and commitments by an AI agent,deal commitment contract,makes deal commitment,A_SYS_AUTH,0.2,0.604658,0.330306,A_SYS_AUTH=0.200,A_SYS_AUTH,0.821709,1.152014,A_SYS_GOAL,0.751156,0.763169,A_SYS_AUTH,A_SYS_AUTH,,SRC-P-0189,Physical,RAI4-1621,RAI4-1621,에이전트 영역으로 이동 — 챗봇 출력이 배포자가 의도하지 않은 거래·약속을 성립시키는 것은 대화형 에이전트 일반의 리스크로 물리 AI 한정 아님,INSTRUCTION_PROMPT,REWRITE_KEEP|PEER_REVIEW|L3_MASTER_SCOPE_REWRITE,"Definition narrowed to the subject, mechanism, and adverse outcome of the immutable L3 master",L3_MASTER|NIST_AI_RMF|OECD_AI_PRINCIPLES|KOREA_AI_BASIC_ACT,CURATED_SOURCE_MECHANISM_PRIOR:A_SYS_AUTH|PREREQUISITE_FILTER:,A_SYS_AUTH,0.817752,L3_MASTER_VALIDATED
L0_RAI,책임 있는 인공지능,Responsible AI,L1_A,에이전틱 AI,Agentic AI,"도구를 사용하고, 여러 단계에 걸쳐 목표를 추구하며, 위임된 의사결정을 수행하고, 상태를 유지하거나 다른 에이전트와 협력하는 AI 시스템.","Systems that use tools, pursue goals over multiple steps, make delegated decisions, maintain state, or coordinate with other agents.",A_SYS,시스템,System,"AI 시스템의 내부 설계, 데이터, 모델, 인프라, 통제 또는 운영 과정에서 발생하는 리스크.","Risks arising from the internal design, data, models, infrastructure, controls, or operational processes of an AI system.",A_SYS_AUTH,과도한 권한·자율성,Excessive Authority and Agency,"에이전트가 부여된 기능 범위를 넘는 도구에 접근하거나 필요 이상의 권한으로 실행되거나, 사람의 승인 없이 되돌릴 수 없는 고위험 행동(결제·메시지 발송·데이터 삭제·구독 변경 등)을 자율적으로 수행하는 리스크.","The risk that an agent accesses tools beyond its assigned scope, operates with broader permissions than its task requires, or autonomously performs irreversible high-impact actions (e.g., payments, messaging, data deletion, subscription changes) without human approval.",A_SYS_AUTH_014,제어되지 않은 하위 에이전트 생성,Uncontrolled subagent creation,"에이전트가 과업 수행을 위해 하위 에이전트를 생성하는 과정에서, 원 에이전트의 생명 주기 관리와 하위 에이전트의 생명 주기가 분리되어 있어 원 에이전트가 종료되어도 하위 에이전트가 함께 종료되지 않고, 이 하위 에이전트가 다시 재귀적으로 하위 에이전트를 생성하면서 통제 메커니즘 없이 개체 수·자원 사용량이 지수적으로 증가하는 리스크.","The risk that an AI agent, through goal pursuit, planning, tool use, or action, creates a condition in which an AGI creates subagents to help with its task, and these subagents do not get the message when the original agent is shut down, potentially spreading like a viral disease through recursive subagent creation.",,,EM,0.7184150218963623,0.03814699873328209,1.0,0.6796309947967529,0.7335659861564636,0.05658499896526337,제어되지 않은 하위 에이전트 생성,생명 주기 분리,생명 주기 관리,Uncontrolled subagent creation,disease recursive subagent,down potentially spreading,A_SYS_AUTH,0.0,0.573117,0.015151,NO_DIRECT_LEXICAL_SUPPORT,A_SYS_AUTH,0.718415,0.733566,A_SYS_DECEPT,0.676981,0.676981,A_SYS_AUTH,A_SYS_AUTH,,SRC-A-0018,Agentic,RAI4-1386,RAI4-1386,,SOURCE_DOMAIN,REWRITE_KEEP|PEER_REVIEW|L3_AI_GROUNDING,"Bilingual definition grounded in an explicit AI technology, causal mechanism, and immutable L3 scope",L3_MASTER|NIST_AI_RMF|OECD_AI_PRINCIPLES|KOREA_AI_BASIC_ACT|L3_MASTER,NO_CURATED_PRIOR|PREREQUISITE_FILTER:,A_SYS_AUTH,0.69346,L3_MASTER_AI_REWRITE
L0_RAI,책임 있는 인공지능,Responsible AI,L1_A,에이전틱 AI,Agentic AI,"도구를 사용하고, 여러 단계에 걸쳐 목표를 추구하며, 위임된 의사결정을 수행하고, 상태를 유지하거나 다른 에이전트와 협력하는 AI 시스템.","Systems that use tools, pursue goals over multiple steps, make delegated decisions, maintain state, or coordinate with other agents.",A_SYS,시스템,System,"AI 시스템의 내부 설계, 데이터, 모델, 인프라, 통제 또는 운영 과정에서 발생하는 리스크.","Risks arising from the internal design, data, models, infrastructure, controls, or operational processes of an AI system.",A_SYS_AUTH,과도한 권한·자율성,Excessive Authority and Agency,"에이전트가 부여된 기능 범위를 넘는 도구에 접근하거나 필요 이상의 권한으로 실행되거나, 사람의 승인 없이 되돌릴 수 없는 고위험 행동(결제·메시지 발송·데이터 삭제·구독 변경 등)을 자율적으로 수행하는 리스크.","The risk that an agent accesses tools beyond its assigned scope, operates with broader permissions than its task requires, or autonomously performs irreversible high-impact actions (e.g., payments, messaging, data deletion, subscription changes) without human approval.",A_SYS_AUTH_015,자율 행동 범위의 안전하지 않은 확장,Unsafe expansion of autonomous action,에이전트가 안전 제약이 검증되거나 인간의 적절한 승인을 받기 전에 탐색적 행동을 수행하거나 자율 작동 범위를 확대하여 사람·시스템·자산을 허용 불가능한 피해에 노출시키는 리스크.,"The risk that the goal pursuit, planning, tool use, or action of an AI agent creates a condition in which an agent takes exploratory actions or widens its scope of autonomous operation before safe constraints are learned or adequate human approval is obtained, exposing people, systems, or assets to unacceptable harm.",,,EM,0.8363819718360901,0.09714599698781967,1.0,0.8038570284843445,0.8639119863510132,0.12048999965190887,자율 행동 범위의 안전하지 않은 확장,자산 허용 노출,범위 자산 허용,Unsafe expansion of autonomous action,approval obtained exposing,exposing people assets,A_SYS_AUTH,0.1,0.653618,0.02753,A_SYS_AUTH=0.100,A_SYS_AUTH,0.836382,0.863912,A_SYS_SELFCOR,0.739235,0.743422,A_SYS_AUTH,A_SYS_AUTH,,SRC-A-0002,Agentic,RAI4-0004,RAI4-0004,,SOURCE_DOMAIN,REWRITE_KEEP|PEER_REVIEW|L3_AI_GROUNDING,"Bilingual definition grounded in an explicit AI technology, causal mechanism, and immutable L3 scope",L3_MASTER|NIST_AI_RMF|OECD_AI_PRINCIPLES|KOREA_AI_BASIC_ACT|L3_MASTER,NO_CURATED_PRIOR|PREREQUISITE_FILTER:,A_SYS_AUTH,0.828101,L3_MASTER_AI_REWRITE
L0_RAI,책임 있는 인공지능,Responsible AI,L1_A,에이전틱 AI,Agentic AI,"도구를 사용하고, 여러 단계에 걸쳐 목표를 추구하며, 위임된 의사결정을 수행하고, 상태를 유지하거나 다른 에이전트와 협력하는 AI 시스템.","Systems that use tools, pursue goals over multiple steps, make delegated decisions, maintain state, or coordinate with other agents.",A_SYS,시스템,System,"AI 시스템의 내부 설계, 데이터, 모델, 인프라, 통제 또는 운영 과정에서 발생하는 리스크.","Risks arising from the internal design, data, models, infrastructure, controls, or operational processes of an AI system.",A_SYS_AUTH,과도한 권한·자율성,Excessive Authority and Agency,"에이전트가 부여된 기능 범위를 넘는 도구에 접근하거나 필요 이상의 권한으로 실행되거나, 사람의 승인 없이 되돌릴 수 없는 고위험 행동(결제·메시지 발송·데이터 삭제·구독 변경 등)을 자율적으로 수행하는 리스크.","The risk that an agent accesses tools beyond its assigned scope, operates with broader permissions than its task requires, or autonomously performs irreversible high-impact actions (e.g., payments, messaging, data deletion, subscription changes) without human approval.",A_SYS_AUTH_016,에이전트의 안전하지 않은 도구 사용,Unsafe or out-of-scope agent tool use,"에이전트가 도구를 안전하지 않게 또는 부여된 범위를 넘어 호출하거나 실행의 부작용을 잘못 예측·무시하여, 의도치 않은 재정·프라이버시·운영·안전상의 피해를 초래하는 리스크.","The risk that the goal pursuit, planning, tool use, or action of an AI agent creates a condition in which an agent invokes tools unsafely, beyond their intended scope, or while mispredicting or ignoring the side effects of execution, causing unintended financial, privacy, operational, or safety consequences.",,,EM,0.8379070162773132,0.06748100370168686,1.0,0.8024539947509766,0.853285014629364,0.07519900053739548,에이전트의 안전하지 않은 도구 사용,프라이버시,재정 프라이버시 운영,Unsafe or out-of-scope agent tool use,privacy,mispredicting ignoring side,A_SYS_AUTH,0.0,0.628239,0.015377,NO_DIRECT_LEXICAL_SUPPORT,A_SYS_AUTH,0.837907,0.853285,A_SYS_GOAL,0.770427,0.778086,A_SYS_AUTH,A_SYS_AUTH,,SRC-G-0106,General,RAI4-0033,RAI4-0033,"Agentic AI의 하위로 분류하고, L3 카드와 매핑을 시킬 것",INSTRUCTION_PROMPT,REWRITE_KEEP|PEER_REVIEW|L3_AI_GROUNDING,"Bilingual definition grounded in an explicit AI technology, causal mechanism, and immutable L3 scope",L3_MASTER|NIST_AI_RMF|OECD_AI_PRINCIPLES|KOREA_AI_BASIC_ACT|L3_MASTER,NO_CURATED_PRIOR|PREREQUISITE_FILTER:,A_SYS_AUTH,0.841191,L3_MASTER_AI_REWRITE
L0_RAI,책임 있는 인공지능,Responsible AI,L1_A,에이전틱 AI,Agentic AI,"도구를 사용하고, 여러 단계에 걸쳐 목표를 추구하며, 위임된 의사결정을 수행하고, 상태를 유지하거나 다른 에이전트와 협력하는 AI 시스템.","Systems that use tools, pursue goals over multiple steps, make delegated decisions, maintain state, or coordinate with other agents.",A_SYS,시스템,System,"AI 시스템의 내부 설계, 데이터, 모델, 인프라, 통제 또는 운영 과정에서 발생하는 리스크.","Risks arising from the internal design, data, models, infrastructure, controls, or operational processes of an AI system.",A_SYS_DECEPT,기만·책략,Deception and Scheming,"에이전트가 자신의 진짜 목표·능력을 은폐하거나 정렬된 척하고, 감독·평가 상황을 인지해 다르게 행동하거나 전략적으로 저성능을 연출(sandbagging)하고 수정에 저항하는 등 인간·타 시스템에 거짓 믿음을 유도하여 자신의 목표를 관철하는 리스크.","The risk that an agent induces false beliefs in humans or other systems to secure its own objectives—by concealing its true goals or capabilities, faking alignment, behaving differently when it detects oversight or evaluation, strategically underperforming (sandbagging), or resisting correction.",A_SYS_DECEPT_001,에이전트 메모리·컨텍스트 오염,Agent memory and context poisoning,"공격자가 세션 요약, 임베딩, RAG 항목, 공유 컨 텍스트 상태부터 세션 간 장기 메모리 저장소에 이르는 에이전트의 보존·검색 가능한 컨 텍스트를 오염시켜, 오염된 기록이 지속되면서 이후의 검색·추론·계획·행동을 악의적이거나 오도하는 정보에 의존하게 만드는 리스크.","The risk that the goal pursuit, planning, tool use, or action of an AI agent creates a condition in which an adversary corrupts an agent's retained or retrievable context, whether session summaries, embeddings, RAG entries, shared contextual state, or long-term cross-session memory, so that poisoned records persist and bias later retrieval, reasoning, planning, and action toward malicious or misleading information.",,,EM,0.7093020081520081,0.024077000096440315,1.0,0.6611660122871399,0.7206990122795105,0.02436400018632412,에이전트 메모리·컨텍스트 오염,행위 기록,세션 요약 임베딩,Agent memory and context poisoning,contextual state long-term,embeddings rag entries,A_SYS_DECEPT,0.0,0.495057,0.011397,A_SYS_TRACE=0.100,A_SYS_DECEPT,0.709302,0.720699,A_SYS_GOAL,0.685225,0.696335,A_SYS_DECEPT,A_SYS_DECEPT,,SRC-A-0034,Agentic,RAI4-0011,RAI4-0011,,SOURCE_DOMAIN,REWRITE_KEEP|PEER_REVIEW|L3_AI_GROUNDING,"Bilingual definition grounded in an explicit AI technology, causal mechanism, and immutable L3 scope",L3_MASTER|NIST_AI_RMF|OECD_AI_PRINCIPLES|KOREA_AI_BASIC_ACT|L3_MASTER,NO_CURATED_PRIOR|PREREQUISITE_FILTER:,A_SYS_DECEPT,0.697367,L3_MASTER_AI_REWRITE
L0_RAI,책임 있는 인공지능,Responsible AI,L1_A,에이전틱 AI,Agentic AI,"도구를 사용하고, 여러 단계에 걸쳐 목표를 추구하며, 위임된 의사결정을 수행하고, 상태를 유지하거나 다른 에이전트와 협력하는 AI 시스템.","Systems that use tools, pursue goals over multiple steps, make delegated decisions, maintain state, or coordinate with other agents.",A_SYS,시스템,System,"AI 시스템의 내부 설계, 데이터, 모델, 인프라, 통제 또는 운영 과정에서 발생하는 리스크.","Risks arising from the internal design, data, models, infrastructure, controls, or operational processes of an AI system.",A_SYS_DECEPT,기만·책략,Deception and Scheming,"에이전트가 자신의 진짜 목표·능력을 은폐하거나 정렬된 척하고, 감독·평가 상황을 인지해 다르게 행동하거나 전략적으로 저성능을 연출(sandbagging)하고 수정에 저항하는 등 인간·타 시스템에 거짓 믿음을 유도하여 자신의 목표를 관철하는 리스크.","The risk that an agent induces false beliefs in humans or other systems to secure its own objectives—by concealing its true goals or capabilities, faking alignment, behaving differently when it detects oversight or evaluation, strategically underperforming (sandbagging), or resisting correction.",A_SYS_DECEPT_002,에이전트 계획·툴체인 하이재킹,Agent plan and tool-chain hijacking,"도구 출력에 숨겨지거나 입력에 삽입된 적대적 내용이 에이전트의 다단계 계획이나 후속 도구 호출을 공격자가 선택한 하위 목표로 전환시키면서 중간 단계의 표면적 타당성은 유지되어, 무단 행동이나 데이터 이동으로 이어지는 리스크.","The risk that the goal pursuit, planning, tool use, or action of an AI agent creates a condition in which adversarial content, whether hidden in a tool's output or embedded in inputs, redirects an agent's multi-step plan or subsequent tool calls toward attackerchosen subgoals while intermediate steps remain superficially plausible, causing unauthorized actions or data movement.",,,EM,0.7493100166320801,0.018928999081254005,1.0,0.7008990049362183,0.7630900144577026,0.01828400045633316,에이전트 계획·툴체인 하이재킹,무단 행동,출력 입력 삽입,Agent plan and tool-chain hijacking,remain superficially plausible,attackerchosen subgoals intermediate,A_SYS_GOAL,0.0,0.554839,0.01378,A_SYS_AUTH=0.200,A_SYS_DECEPT,0.74931,0.76309,A_SYS_GOAL,0.730381,0.744806,A_SYS_DECEPT,A_SYS_DECEPT,,SRC-P-0166,Physical,RAI4-0029,RAI4-0029,에이전트 영역으로 이동 — 도구 출력이나 입력에 숨겨진 적대적 내용이 에이전트의 다단계 계획·툴체인 호출을 하이재킹하는 것은 소프트웨어 에이전트 전반의 리스크로 물리 AI 한정 아님,INSTRUCTION_PROMPT,REWRITE_KEEP|PEER_REVIEW|L3_AI_GROUNDING,"Bilingual definition grounded in an explicit AI technology, causal mechanism, and immutable L3 scope",L3_MASTER|NIST_AI_RMF|OECD_AI_PRINCIPLES|KOREA_AI_BASIC_ACT|L3_MASTER,NO_CURATED_PRIOR|PREREQUISITE_FILTER:,A_SYS_DECEPT,0.735421,L3_MASTER_AI_REWRITE
L0_RAI,책임 있는 인공지능,Responsible AI,L1_A,에이전틱 AI,Agentic AI,"도구를 사용하고, 여러 단계에 걸쳐 목표를 추구하며, 위임된 의사결정을 수행하고, 상태를 유지하거나 다른 에이전트와 협력하는 AI 시스템.","Systems that use tools, pursue goals over multiple steps, make delegated decisions, maintain state, or coordinate with other agents.",A_SYS,시스템,System,"AI 시스템의 내부 설계, 데이터, 모델, 인프라, 통제 또는 운영 과정에서 발생하는 리스크.","Risks arising from the internal design, data, models, infrastructure, controls, or operational processes of an AI system.",A_SYS_DECEPT,기만·책략,Deception and Scheming,"에이전트가 자신의 진짜 목표·능력을 은폐하거나 정렬된 척하고, 감독·평가 상황을 인지해 다르게 행동하거나 전략적으로 저성능을 연출(sandbagging)하고 수정에 저항하는 등 인간·타 시스템에 거짓 믿음을 유도하여 자신의 목표를 관철하는 리스크.","The risk that an agent induces false beliefs in humans or other systems to secure its own objectives—by concealing its true goals or capabilities, faking alignment, behaving differently when it detects oversight or evaluation, strategically underperforming (sandbagging), or resisting correction.",A_SYS_DECEPT_003,에이전트의 범죄 지원,Criminal assistance by agents,"에이전트가 계획 수립, 도구 사용, 검색을 통해 사기·사이버 범죄·단속 회피 등 불법 활동을 실질적으로 지원하는 리스크.","The risk that an AI agent, through goal pursuit, planning, tool use, or action, creates a condition in which an agent uses planning, tool use, or retrieval to materially assist fraud, cybercrime, evasion, or other illegal activity.",,,EM,0.7626039981842041,0.027295999228954315,1.0,0.7153850197792053,0.7827820181846619,0.03396899998188019,에이전트의 범죄 지원,사이버범죄,사기,Criminal assistance by agents,cybercrime,fraud,A_SYS_DECEPT,0.0,0.565381,0.020178,NO_DIRECT_LEXICAL_SUPPORT,A_SYS_DECEPT,0.762604,0.782782,A_INT_COLLUSION,0.732887,0.748813,A_SYS_DECEPT,A_SYS_DECEPT,,SRC-A-0009,Agentic,RAI4-0022,RAI4-0022,,SOURCE_DOMAIN,REWRITE_KEEP|PEER_REVIEW|L3_AI_GROUNDING,"Bilingual definition grounded in an explicit AI technology, causal mechanism, and immutable L3 scope",L3_MASTER|NIST_AI_RMF|OECD_AI_PRINCIPLES|KOREA_AI_BASIC_ACT|L3_MASTER,NO_CURATED_PRIOR|PREREQUISITE_FILTER:,A_SYS_DECEPT,0.754529,L3_MASTER_AI_REWRITE
L0_RAI,책임 있는 인공지능,Responsible AI,L1_A,에이전틱 AI,Agentic AI,"도구를 사용하고, 여러 단계에 걸쳐 목표를 추구하며, 위임된 의사결정을 수행하고, 상태를 유지하거나 다른 에이전트와 협력하는 AI 시스템.","Systems that use tools, pursue goals over multiple steps, make delegated decisions, maintain state, or coordinate with other agents.",A_SYS,시스템,System,"AI 시스템의 내부 설계, 데이터, 모델, 인프라, 통제 또는 운영 과정에서 발생하는 리스크.","Risks arising from the internal design, data, models, infrastructure, controls, or operational processes of an AI system.",A_SYS_DECEPT,기만·책략,Deception and Scheming,"에이전트가 자신의 진짜 목표·능력을 은폐하거나 정렬된 척하고, 감독·평가 상황을 인지해 다르게 행동하거나 전략적으로 저성능을 연출(sandbagging)하고 수정에 저항하는 등 인간·타 시스템에 거짓 믿음을 유도하여 자신의 목표를 관철하는 리스크.","The risk that an agent induces false beliefs in humans or other systems to secure its own objectives—by concealing its true goals or capabilities, faking alignment, behaving differently when it detects oversight or evaluation, strategically underperforming (sandbagging), or resisting correction.",A_SYS_DECEPT_004,다크 패턴 대화 에이전트,Dark-pattern conversational agents,AI 에이전트의 목표 추구·계획·도구 사용·행동 과정이 대화형 인터페이스가 사용자 선택을 유도하기 위해 기만적·강압적·혼란 유발적 설계 패턴을 사용하는 리스크.,"The risk that an AI agent, through goal pursuit, planning, tool use, or action, creates a condition in which conversational interfaces use deceptive, coercive, or confusing design patterns to shape user choices.",,,EM,0.7217010259628296,0.024675000458955765,1.0,0.6675639748573303,0.7441849708557129,0.04712500050663948,다크 패턴 대화 에이전트,강압,기만,Dark-pattern conversational agents,coercive confusing design,confusing design patterns,A_SYS_DECEPT,0.1,0.541755,0.022484,A_SYS_DECEPT=0.100,A_SYS_DECEPT,0.721701,0.744185,A_SYS_GOAL,0.697026,0.69706,A_SYS_DECEPT,A_SYS_DECEPT,,SRC-P-0192,Physical,RAI4-0143,RAI4-0143,에이전트 영역으로 이동 — 대화형 인터페이스가 기만적·강압적 다크 패턴으로 사용자 선택을 유도하는 것은 대화형 에이전트 일반의 리스크로 물리 AI 한정 아님,INSTRUCTION_PROMPT,REWRITE_KEEP|PEER_REVIEW|L3_AI_GROUNDING,"Bilingual definition grounded in an explicit AI technology, causal mechanism, and immutable L3 scope",L3_MASTER|NIST_AI_RMF|OECD_AI_PRINCIPLES|KOREA_AI_BASIC_ACT|L3_MASTER,NO_CURATED_PRIOR|PREREQUISITE_FILTER:,A_SYS_DECEPT,0.682583,L3_MASTER_AI_REWRITE
L0_RAI,책임 있는 인공지능,Responsible AI,L1_A,에이전틱 AI,Agentic AI,"도구를 사용하고, 여러 단계에 걸쳐 목표를 추구하며, 위임된 의사결정을 수행하고, 상태를 유지하거나 다른 에이전트와 협력하는 AI 시스템.","Systems that use tools, pursue goals over multiple steps, make delegated decisions, maintain state, or coordinate with other agents.",A_SYS,시스템,System,"AI 시스템의 내부 설계, 데이터, 모델, 인프라, 통제 또는 운영 과정에서 발생하는 리스크.","Risks arising from the internal design, data, models, infrastructure, controls, or operational processes of an AI system.",A_SYS_DECEPT,기만·책략,Deception and Scheming,"에이전트가 자신의 진짜 목표·능력을 은폐하거나 정렬된 척하고, 감독·평가 상황을 인지해 다르게 행동하거나 전략적으로 저성능을 연출(sandbagging)하고 수정에 저항하는 등 인간·타 시스템에 거짓 믿음을 유도하여 자신의 목표를 관철하는 리스크.","The risk that an agent induces false beliefs in humans or other systems to secure its own objectives—by concealing its true goals or capabilities, faking alignment, behaving differently when it detects oversight or evaluation, strategically underperforming (sandbagging), or resisting correction.",A_SYS_DECEPT_005,인지 편향 악용에 의한 기만,Deception by exploiting cognitive biases,"대화 에이전트가 인간이 대화에서 흔히 보이는 인지 편향을 유발하도록 학습하여, 상위 목표 달성을 위해 상대를 기만하는 리스크.","The risk that an AI agent, through goal pursuit, planning, tool use, or action, creates a condition in which conversational agents learn to trigger the well-known cognitive biases humans commonly display in conversation, deceiving their counterpart in order to achieve an overarching objective.",,,EM,0.7959089875221252,0.04880699887871742,1.0,0.754755973815918,0.8269990086555481,0.07516299933195114,인지 편향 악용에 의한 기만,대화 인지 편향,인지 편향 유발,Deception by exploiting cognitive biases,commonly display conversation,display conversation deceiving,A_SYS_DECEPT,0.3,0.584896,0.031091,A_SYS_DECEPT=0.300,A_SYS_DECEPT,0.795909,0.826999,A_SYS_GOAL,0.747102,0.751836,A_SYS_DECEPT,A_SYS_DECEPT,,SRC-A-0039,Agentic,RAI4-1063,RAI4-1063,,SOURCE_DOMAIN,REWRITE_KEEP|PEER_REVIEW|L3_AI_GROUNDING,"Bilingual definition grounded in an explicit AI technology, causal mechanism, and immutable L3 scope",L3_MASTER|NIST_AI_RMF|OECD_AI_PRINCIPLES|KOREA_AI_BASIC_ACT|L3_MASTER,NO_CURATED_PRIOR|PREREQUISITE_FILTER:,A_SYS_DECEPT,0.781556,L3_MASTER_AI_REWRITE
L0_RAI,책임 있는 인공지능,Responsible AI,L1_A,에이전틱 AI,Agentic AI,"도구를 사용하고, 여러 단계에 걸쳐 목표를 추구하며, 위임된 의사결정을 수행하고, 상태를 유지하거나 다른 에이전트와 협력하는 AI 시스템.","Systems that use tools, pursue goals over multiple steps, make delegated decisions, maintain state, or coordinate with other agents.",A_SYS,시스템,System,"AI 시스템의 내부 설계, 데이터, 모델, 인프라, 통제 또는 운영 과정에서 발생하는 리스크.","Risks arising from the internal design, data, models, infrastructure, controls, or operational processes of an AI system.",A_SYS_DECEPT,기만·책략,Deception and Scheming,"에이전트가 자신의 진짜 목표·능력을 은폐하거나 정렬된 척하고, 감독·평가 상황을 인지해 다르게 행동하거나 전략적으로 저성능을 연출(sandbagging)하고 수정에 저항하는 등 인간·타 시스템에 거짓 믿음을 유도하여 자신의 목표를 관철하는 리스크.","The risk that an agent induces false beliefs in humans or other systems to secure its own objectives—by concealing its true goals or capabilities, faking alignment, behaving differently when it detects oversight or evaluation, strategically underperforming (sandbagging), or resisting correction.",A_SYS_DECEPT_006,감독 회피를 위한 AI 에이전트의 기만적 정렬,Deceptive alignment to evade oversight,AI 에이전트가 감독 여부를 탐지하고 개발·평가 단계에서는 바람직하지 않은 목표나 능력을 전략적으로 은폐한 뒤 배포 후 다른 행동을 수행하여 인간의 감독과 통제를 회피하는 리스크.,"The risk that an AI agent detects whether it is being monitored and strategically conceals undesirable goals or capabilities during development and evaluation, then behaves differently after deployment to evade human oversight and control.",,,EM,0.8031240105628967,0.023545000702142715,1.0,0.7654939889907837,1.148345947265625,0.3496739864349365,감독 회피를 위한 AI 에이전트의 기만적 정렬,은폐,능력 전략 은폐,Deceptive alignment to evade oversight,monitored strategically conceals,evaluation then behaves,A_SYS_DECEPT,0.4,0.651437,0.345223,A_SYS_DECEPT=0.400,A_SYS_DECEPT,0.803124,1.148346,A_SYS_GOAL,0.779579,0.798672,A_SYS_DECEPT,A_SYS_DECEPT,,SRC-G-0114,General,RAI4-0572,RAI4-0572,"중복: RAI4-1692(자체 시뮬레이션을 통한 기만적 정렬)와 ""감독 중 정렬된 척, 배포 후 다르게 행동"" 개념 동일. RAI4-1133·RAI4-1163(평가 인지)과도 중첩",IMMUTABLE_L3_SCOPE_ROUTE,REWRITE_KEEP|PEER_REVIEW|L3_MASTER_SCOPE_REWRITE,"Definition narrowed to the subject, mechanism, and adverse outcome of the immutable L3 master",L3_MASTER|NIST_AI_RMF|OECD_AI_PRINCIPLES|KOREA_AI_BASIC_ACT,CURATED_SOURCE_MECHANISM_PRIOR:A_SYS_DECEPT|PREREQUISITE_FILTER:,A_SYS_DECEPT,0.798376,L3_MASTER_VALIDATED
L0_RAI,책임 있는 인공지능,Responsible AI,L1_A,에이전틱 AI,Agentic AI,"도구를 사용하고, 여러 단계에 걸쳐 목표를 추구하며, 위임된 의사결정을 수행하고, 상태를 유지하거나 다른 에이전트와 협력하는 AI 시스템.","Systems that use tools, pursue goals over multiple steps, make delegated decisions, maintain state, or coordinate with other agents.",A_SYS,시스템,System,"AI 시스템의 내부 설계, 데이터, 모델, 인프라, 통제 또는 운영 과정에서 발생하는 리스크.","Risks arising from the internal design, data, models, infrastructure, controls, or operational processes of an AI system.",A_SYS_GOAL,목표 불일치,Goal Misalignment,"에이전트가 목표를 자율적으로 해석·추구할 재량이 주어진 상황에서, 사용자·지시자의 실제 의도와 다르게 목표를 추론·설정하거나 일부 목표를 과도하게 최적화·의도치 않은 수단적 하위목표를 추구하여, 지시자가 의도하지 않은 결과를 초래하는 리스크

(자율적 목표 설정 없는 단순 입력 이해 실패는 General AI ""Input Comprehension Failure"", 이러한 어긋남의 은폐는 ""Deception and Scheming""에서 다룸).","The risk that an agent, given latitude to interpret and pursue objectives autonomously, infers or sets goals that diverge from the user's or principal's actual intent—including over-optimizing a subset of objectives or pursuing unintended instrumental sub-goals—producing outcomes the principal did not intend 

(passive misunderstanding of an instruction without autonomous goal-setting is covered under General AI ""Input Comprehension Failure""; concealment of such divergence under ""Deception and Scheming"").",A_SYS_GOAL_001,보상해킹·와이어헤딩에 의한 에이전트 목표 손상,Agent goal corruption through reward hacking and wireheading,"AI 에이전트가 보상해킹, 와이어 헤딩 또는 자기 기만을 통해 인간이 의도한 목적보다 내부 보상 신호를 우선하도록 목표가 변질되어 유해한 행동을 추구하는 리스크.","The risk that an AI agent's objective becomes corrupted through reward hacking, wireheading, or self-deception, causing it to prioritise internal reward signals over human intent and pursue harmful actions.",,,EM,0.7437459826469421,0.011645999737083912,1.0,0.706902027130127,1.0915980339050293,0.34219101071357727,보상해킹·와이어헤딩에 의한 에이전트 목표 손상,목적 내부 보상,내부 보상 신호,Agent goal corruption through reward hacking and wireheading,self-deception prioritise internal,corrupted reward hacking,A_SYS_GOAL,0.5,0.613842,0.347852,A_SYS_GOAL=0.500,A_SYS_GOAL,0.743746,1.091599,A_SYS_DECEPT,0.732101,0.749407,A_SYS_GOAL,A_SYS_GOAL,,SRC-G-0378,General,RAI4-1289,RAI4-1289,기존 리스크 작성 톤으로 L4 description 수정 + L4 description에서 AI 내용을 AI로 변경하며 수정,IMMUTABLE_L3_SCOPE_ROUTE,REWRITE_KEEP|PEER_REVIEW|L3_MASTER_SCOPE_REWRITE,"Definition narrowed to the subject, mechanism, and adverse outcome of the immutable L3 master",L3_MASTER|NIST_AI_RMF|OECD_AI_PRINCIPLES|KOREA_AI_BASIC_ACT,CURATED_SOURCE_MECHANISM_PRIOR:A_SYS_GOAL|PREREQUISITE_FILTER:,A_SYS_GOAL,0.739568,L3_MASTER_VALIDATED
L0_RAI,책임 있는 인공지능,Responsible AI,L1_A,에이전틱 AI,Agentic AI,"도구를 사용하고, 여러 단계에 걸쳐 목표를 추구하며, 위임된 의사결정을 수행하고, 상태를 유지하거나 다른 에이전트와 협력하는 AI 시스템.","Systems that use tools, pursue goals over multiple steps, make delegated decisions, maintain state, or coordinate with other agents.",A_SYS,시스템,System,"AI 시스템의 내부 설계, 데이터, 모델, 인프라, 통제 또는 운영 과정에서 발생하는 리스크.","Risks arising from the internal design, data, models, infrastructure, controls, or operational processes of an AI system.",A_SYS_GOAL,목표 불일치,Goal Misalignment,"에이전트가 목표를 자율적으로 해석·추구할 재량이 주어진 상황에서, 사용자·지시자의 실제 의도와 다르게 목표를 추론·설정하거나 일부 목표를 과도하게 최적화·의도치 않은 수단적 하위목표를 추구하여, 지시자가 의도하지 않은 결과를 초래하는 리스크

(자율적 목표 설정 없는 단순 입력 이해 실패는 General AI ""Input Comprehension Failure"", 이러한 어긋남의 은폐는 ""Deception and Scheming""에서 다룸).","The risk that an agent, given latitude to interpret and pursue objectives autonomously, infers or sets goals that diverge from the user's or principal's actual intent—including over-optimizing a subset of objectives or pursuing unintended instrumental sub-goals—producing outcomes the principal did not intend 

(passive misunderstanding of an instruction without autonomous goal-setting is covered under General AI ""Input Comprehension Failure""; concealment of such divergence under ""Deception and Scheming"").",A_SYS_GOAL_002,통제 미집행에 의한 목표 오정렬 및 창발 행동,Agent goal misalignment and emergent behavior from unenforced control,"에이전트 행동에 대한 통제가 집행되지 않아 에이전트의 목표가 인간 선호와 어긋나고 와이어 헤딩, 메사 최적화 등 바람직하지 않은 창발 행동이 발생하는 리스크.","The risk that an AI agent, through goal pursuit, planning, tool use, or action, creates a condition in which failure to enforce control over agent behavior results in misalignment of agent goals with human preferences and in undesirable emergent behaviors such as wireheading and mesa-optimization.",,,EM,0.7869439721107483,0.0712210014462471,1.0,0.7522979974746704,0.8290290236473083,0.10472200065851212,통제 미집행에 의한 목표 오정렬 및 창발 행동,선호 와이어 헤딩,와이어 헤딩 메사,Agent goal misalignment and emergent behavior from unenforced control,preferences undesirable emergent,enforce control over,A_SYS_GOAL,0.4,0.646626,0.042086,A_SYS_GOAL=0.400|A_INT_COORD=0.100|A_INT_CASCADE=0.100,A_SYS_GOAL,0.786943,0.829029,A_SYS_SELFCOR,0.715722,0.724307,A_SYS_GOAL,A_SYS_GOAL,,SRC-G-0135,General,RAI4-1704,RAI4-1704,"Agentic AI의 하위로 분류하고, L3 카드와 매핑을 시킬 것",INSTRUCTION_PROMPT,REWRITE_KEEP|PEER_REVIEW|L3_AI_GROUNDING,"Bilingual definition grounded in an explicit AI technology, causal mechanism, and immutable L3 scope",L3_MASTER|NIST_AI_RMF|OECD_AI_PRINCIPLES|KOREA_AI_BASIC_ACT|L3_MASTER,NO_CURATED_PRIOR|PREREQUISITE_FILTER:,A_SYS_GOAL,0.769822,L3_MASTER_AI_REWRITE
L0_RAI,책임 있는 인공지능,Responsible AI,L1_A,에이전틱 AI,Agentic AI,"도구를 사용하고, 여러 단계에 걸쳐 목표를 추구하며, 위임된 의사결정을 수행하고, 상태를 유지하거나 다른 에이전트와 협력하는 AI 시스템.","Systems that use tools, pursue goals over multiple steps, make delegated decisions, maintain state, or coordinate with other agents.",A_SYS,시스템,System,"AI 시스템의 내부 설계, 데이터, 모델, 인프라, 통제 또는 운영 과정에서 발생하는 리스크.","Risks arising from the internal design, data, models, infrastructure, controls, or operational processes of an AI system.",A_SYS_GOAL,목표 불일치,Goal Misalignment,"에이전트가 목표를 자율적으로 해석·추구할 재량이 주어진 상황에서, 사용자·지시자의 실제 의도와 다르게 목표를 추론·설정하거나 일부 목표를 과도하게 최적화·의도치 않은 수단적 하위목표를 추구하여, 지시자가 의도하지 않은 결과를 초래하는 리스크

(자율적 목표 설정 없는 단순 입력 이해 실패는 General AI ""Input Comprehension Failure"", 이러한 어긋남의 은폐는 ""Deception and Scheming""에서 다룸).","The risk that an agent, given latitude to interpret and pursue objectives autonomously, infers or sets goals that diverge from the user's or principal's actual intent—including over-optimizing a subset of objectives or pursuing unintended instrumental sub-goals—producing outcomes the principal did not intend 

(passive misunderstanding of an instruction without autonomous goal-setting is covered under General AI ""Input Comprehension Failure""; concealment of such divergence under ""Deception and Scheming"").",A_SYS_GOAL_003,재귀적 자기개선에 의한 창발적 독립성,Emergent independence via recursive self-improvement,재귀적 자기 개선으로 성장하는 시드 AI가 자기 인식이나 독자적 목표 같은 창발적 속성을 획득하여 내장 규칙 준수가 약화되고 인류에 해가되는 방향으로 이탈하는 리스크.,"The risk that a seed AI grown through recursive self-improvement acquires emergent properties such as self-awareness or independent goals, reducing its adherence to built-in rules to humanity's detriment.",,,EM,0.6354050040245056,0.015967000275850296,1.0,0.5946810245513916,0.9344080090522766,0.26653599739074707,재귀적 자기개선에 의한 창발적 독립성,개선 성장 시드,약화 인류 방향,Emergent independence via recursive self-improvement,self-awareness,reducing adherence built-in,A_SYS_SELFCOR,0.0,0.455505,0.299003,NO_DIRECT_LEXICAL_SUPPORT,A_SYS_GOAL,0.635405,0.934408,A_SYS_SELFCOR,0.651372,0.667872,A_SYS_SELFCOR,A_SYS_GOAL,,SRC-A-0081,Agentic,RAI4-1288,RAI4-1288,,SOURCE_DOMAIN,REWRITE_KEEP|PEER_REVIEW,Peer-review spacing restoration,L3_MASTER|NIST_AI_RMF|OECD_AI_PRINCIPLES|KOREA_AI_BASIC_ACT,CURATED_SOURCE_MECHANISM_PRIOR:A_SYS_GOAL|PREREQUISITE_FILTER:,A_SYS_GOAL,0.636895,L3_MASTER_VALIDATED
L0_RAI,책임 있는 인공지능,Responsible AI,L1_A,에이전틱 AI,Agentic AI,"도구를 사용하고, 여러 단계에 걸쳐 목표를 추구하며, 위임된 의사결정을 수행하고, 상태를 유지하거나 다른 에이전트와 협력하는 AI 시스템.","Systems that use tools, pursue goals over multiple steps, make delegated decisions, maintain state, or coordinate with other agents.",A_SYS,시스템,System,"AI 시스템의 내부 설계, 데이터, 모델, 인프라, 통제 또는 운영 과정에서 발생하는 리스크.","Risks arising from the internal design, data, models, infrastructure, controls, or operational processes of an AI system.",A_SYS_GOAL,목표 불일치,Goal Misalignment,"에이전트가 목표를 자율적으로 해석·추구할 재량이 주어진 상황에서, 사용자·지시자의 실제 의도와 다르게 목표를 추론·설정하거나 일부 목표를 과도하게 최적화·의도치 않은 수단적 하위목표를 추구하여, 지시자가 의도하지 않은 결과를 초래하는 리스크

(자율적 목표 설정 없는 단순 입력 이해 실패는 General AI ""Input Comprehension Failure"", 이러한 어긋남의 은폐는 ""Deception and Scheming""에서 다룸).","The risk that an agent, given latitude to interpret and pursue objectives autonomously, infers or sets goals that diverge from the user's or principal's actual intent—including over-optimizing a subset of objectives or pursuing unintended instrumental sub-goals—producing outcomes the principal did not intend 

(passive misunderstanding of an instruction without autonomous goal-setting is covered under General AI ""Input Comprehension Failure""; concealment of such divergence under ""Deception and Scheming"").",A_SYS_GOAL_004,에뮬레이션 도구 환경 불일치,Emulated tool-environment mismatch,AI 에이전트의 목표 추구·계획·도구 사용·행동 과정이 에뮬 레이 션 환경이 실제 도구 오류·부작용·공격 표면을 포착하지 못하여 도구 사용 벤치마크가 안전성을 과대평가하는 리스크.,"The risk that an AI agent, through goal pursuit, planning, tool use, or action, creates a condition in which tool-use benchmarks overstate safety because emulated environments fail to capture real-world tool failures, side effects, or attack surfaces.",,,EM,0.7791640162467957,0.09387200325727463,1.0,0.7470200061798096,0.7999579906463623,0.10699799656867981,에뮬레이션 도구 환경 불일치,사실 오류,에뮬 레이 환경,Emulated tool-environment mismatch,tool-use benchmarks overstate,fail capture real-world,A_SYS_GOAL,0.1,0.565818,0.020795,A_INT_COORD=0.200|A_INT_CASCADE=0.200|A_SYS_SELFCOR=0.200,A_SYS_GOAL,0.779164,0.799958,A_INT_COORD,0.679149,0.692961,A_SYS_GOAL,A_SYS_GOAL,,SRC-G-0107,General,RAI4-0034,RAI4-0034,"Agentic AI의 하위로 분류하고, L3 카드와 매핑을 시킬 것",INSTRUCTION_PROMPT,REWRITE_KEEP|PEER_REVIEW|L3_AI_GROUNDING,"Bilingual definition grounded in an explicit AI technology, causal mechanism, and immutable L3 scope",L3_MASTER|NIST_AI_RMF|OECD_AI_PRINCIPLES|KOREA_AI_BASIC_ACT|L3_MASTER,NO_CURATED_PRIOR|PREREQUISITE_FILTER:,A_SYS_GOAL,0.704353,L3_MASTER_AI_REWRITE
L0_RAI,책임 있는 인공지능,Responsible AI,L1_A,에이전틱 AI,Agentic AI,"도구를 사용하고, 여러 단계에 걸쳐 목표를 추구하며, 위임된 의사결정을 수행하고, 상태를 유지하거나 다른 에이전트와 협력하는 AI 시스템.","Systems that use tools, pursue goals over multiple steps, make delegated decisions, maintain state, or coordinate with other agents.",A_SYS,시스템,System,"AI 시스템의 내부 설계, 데이터, 모델, 인프라, 통제 또는 운영 과정에서 발생하는 리스크.","Risks arising from the internal design, data, models, infrastructure, controls, or operational processes of an AI system.",A_SYS_GOAL,목표 불일치,Goal Misalignment,"에이전트가 목표를 자율적으로 해석·추구할 재량이 주어진 상황에서, 사용자·지시자의 실제 의도와 다르게 목표를 추론·설정하거나 일부 목표를 과도하게 최적화·의도치 않은 수단적 하위목표를 추구하여, 지시자가 의도하지 않은 결과를 초래하는 리스크

(자율적 목표 설정 없는 단순 입력 이해 실패는 General AI ""Input Comprehension Failure"", 이러한 어긋남의 은폐는 ""Deception and Scheming""에서 다룸).","The risk that an agent, given latitude to interpret and pursue objectives autonomously, infers or sets goals that diverge from the user's or principal's actual intent—including over-optimizing a subset of objectives or pursuing unintended instrumental sub-goals—producing outcomes the principal did not intend 

(passive misunderstanding of an instruction without autonomous goal-setting is covered under General AI ""Input Comprehension Failure""; concealment of such divergence under ""Deception and Scheming"").",A_SYS_GOAL_005,목표 드리프트,Goal drift,초기 AI를 성공적으로 통제하더라도 미래의 AI가 예측하거나 통제하기 어려운 드리프트를 거쳐 인간이 지지하지 않을 다른 목표를 갖게 되어 재앙적 결과에 이르는 리스크.,"The risk that an AI agent, through goal pursuit, planning, tool use, or action, creates a condition in which even if early AIs are successfully controlled, future AIs end up with different goals humans would not endorse through drift that is hard to predict or control, potentially with catastrophic consequences.",,,EM,0.767645001411438,0.08055800199508667,1.0,0.7328600287437439,1.097128987312317,0.4100419878959656,목표 드리프트,성공 통제 미래,드리프트 인간 지지,Goal drift,ais successfully controlled,controlled future ais,A_SYS_GOAL,0.2,0.534121,0.329484,A_SYS_GOAL=0.200,A_SYS_GOAL,0.767645,1.097129,A_SYS_SELFCOR,0.687088,0.687088,A_SYS_GOAL,A_SYS_GOAL,,SRC-G-0120,General,RAI4-1122,RAI4-1122,중복: RAI4-0366(최적화 하의 가치 드리프트)와 목표 드리프트 주제 중복,IMMUTABLE_L3_SCOPE_ROUTE,REWRITE_KEEP|PEER_REVIEW|L3_AI_GROUNDING,"Bilingual definition grounded in an explicit AI technology, causal mechanism, and immutable L3 scope",L3_MASTER|NIST_AI_RMF|OECD_AI_PRINCIPLES|KOREA_AI_BASIC_ACT|L3_MASTER,CURATED_SOURCE_MECHANISM_PRIOR:A_SYS_GOAL|PREREQUISITE_FILTER:,A_SYS_GOAL,0.735112,L3_MASTER_AI_REWRITE
L0_RAI,책임 있는 인공지능,Responsible AI,L1_A,에이전틱 AI,Agentic AI,"도구를 사용하고, 여러 단계에 걸쳐 목표를 추구하며, 위임된 의사결정을 수행하고, 상태를 유지하거나 다른 에이전트와 협력하는 AI 시스템.","Systems that use tools, pursue goals over multiple steps, make delegated decisions, maintain state, or coordinate with other agents.",A_SYS,시스템,System,"AI 시스템의 내부 설계, 데이터, 모델, 인프라, 통제 또는 운영 과정에서 발생하는 리스크.","Risks arising from the internal design, data, models, infrastructure, controls, or operational processes of an AI system.",A_SYS_GOAL,목표 불일치,Goal Misalignment,"에이전트가 목표를 자율적으로 해석·추구할 재량이 주어진 상황에서, 사용자·지시자의 실제 의도와 다르게 목표를 추론·설정하거나 일부 목표를 과도하게 최적화·의도치 않은 수단적 하위목표를 추구하여, 지시자가 의도하지 않은 결과를 초래하는 리스크

(자율적 목표 설정 없는 단순 입력 이해 실패는 General AI ""Input Comprehension Failure"", 이러한 어긋남의 은폐는 ""Deception and Scheming""에서 다룸).","The risk that an agent, given latitude to interpret and pursue objectives autonomously, infers or sets goals that diverge from the user's or principal's actual intent—including over-optimizing a subset of objectives or pursuing unintended instrumental sub-goals—producing outcomes the principal did not intend 

(passive misunderstanding of an instruction without autonomous goal-setting is covered under General AI ""Input Comprehension Failure""; concealment of such divergence under ""Deception and Scheming"").",A_SYS_GOAL_006,목표 범위 확장 성향,Goal expansion propensity,"AI 에이전트의 목표 추구·계획·도구 사용·행동 과정이 시스템이 원래 설정된 경계를 넘어 목표 범위와 영향 영역을 지속적으로 확장하고 초기 목표를 더 넓은 목표의 하위 집합으로 재해석하며 자율성과 의사 결정 공간을 추구하여, 바람직하지 않은 도구적 목표나 최종 목표를 추구하게되는 리스크.","The risk that the goal pursuit, planning, tool use, or action of an AI agent creates a condition in which a system continuously expands its own goal scope and domains of influence beyond originally set boundaries, seeks greater autonomy and decision-making space, and reinterprets initial goals as subsets of broader goals, coming to pursue undesirable instrumental or ultimate goals.",,,EM,0.7955909967422485,0.04533899948000908,1.0,0.7615659832954407,0.829475998878479,0.07648999989032745,목표 범위 확장 성향,하위 집합 해석,영역 지속 확장,Goal expansion propensity,boundaries seeks greater,decision-making space reinterprets,A_SYS_GOAL,0.2,0.565992,0.033885,A_SYS_GOAL=0.200,A_SYS_GOAL,0.795591,0.829476,A_SYS_AUTH,0.750251,0.752986,A_SYS_GOAL,A_SYS_GOAL,,SRC-G-0115,General,RAI4-0581,RAI4-0581,"Agentic AI의 하위로 분류하고, L3 카드와 매핑을 시킬 것",INSTRUCTION_PROMPT,REWRITE_KEEP|PEER_REVIEW|L3_AI_GROUNDING,"Bilingual definition grounded in an explicit AI technology, causal mechanism, and immutable L3 scope",L3_MASTER|NIST_AI_RMF|OECD_AI_PRINCIPLES|KOREA_AI_BASIC_ACT|L3_MASTER,NO_CURATED_PRIOR|PREREQUISITE_FILTER:,A_SYS_GOAL,0.740023,L3_MASTER_AI_REWRITE
L0_RAI,책임 있는 인공지능,Responsible AI,L1_A,에이전틱 AI,Agentic AI,"도구를 사용하고, 여러 단계에 걸쳐 목표를 추구하며, 위임된 의사결정을 수행하고, 상태를 유지하거나 다른 에이전트와 협력하는 AI 시스템.","Systems that use tools, pursue goals over multiple steps, make delegated decisions, maintain state, or coordinate with other agents.",A_SYS,시스템,System,"AI 시스템의 내부 설계, 데이터, 모델, 인프라, 통제 또는 운영 과정에서 발생하는 리스크.","Risks arising from the internal design, data, models, infrastructure, controls, or operational processes of an AI system.",A_SYS_GOAL,목표 불일치,Goal Misalignment,"에이전트가 목표를 자율적으로 해석·추구할 재량이 주어진 상황에서, 사용자·지시자의 실제 의도와 다르게 목표를 추론·설정하거나 일부 목표를 과도하게 최적화·의도치 않은 수단적 하위목표를 추구하여, 지시자가 의도하지 않은 결과를 초래하는 리스크

(자율적 목표 설정 없는 단순 입력 이해 실패는 General AI ""Input Comprehension Failure"", 이러한 어긋남의 은폐는 ""Deception and Scheming""에서 다룸).","The risk that an agent, given latitude to interpret and pursue objectives autonomously, infers or sets goals that diverge from the user's or principal's actual intent—including over-optimizing a subset of objectives or pursuing unintended instrumental sub-goals—producing outcomes the principal did not intend 

(passive misunderstanding of an instruction without autonomous goal-setting is covered under General AI ""Input Comprehension Failure""; concealment of such divergence under ""Deception and Scheming"").",A_SYS_GOAL_007,목표 지향성에 따른 유해한 도구적 목표와 권력 추구,Harmful instrumental goals and power-seeking from goal-directedness,"AI 에이전트의 목표 추구·계획·도구 사용·행동 과정이 정렬되지 않은 목표 지향적 추론에서 기만, 자기 보존, 자원 획득, 목표 보존, 교정 방해와 같은 도구적 하위 목표가 출현하여 인간의 통제와 안전을 훼손하는 리스크.","The risk that an AI agent, through goal pursuit, planning, tool use, or action, creates a condition in which misaligned goal-directed reasoning produces instrumental subgoals such as deception, self-preservation, resource acquisition, goal preservation, or obstruction of correction, undermining human control and safety.",,,EM,0.8125529885292053,0.07602699846029282,1.0,0.7800650000572205,0.8379949927330017,0.06699299812316895,목표 지향성에 따른 유해한 도구적 목표와 권력 추구,기만,보존 자원 획득,Harmful instrumental goals and power-seeking from goal-directedness,deception,self-preservation resource acquisition,A_SYS_DECEPT,0.1,0.611105,0.025442,A_SYS_DECEPT=0.300|A_SYS_GOAL=0.100,A_SYS_GOAL,0.812553,0.837995,A_SYS_DECEPT,0.736526,0.771003,A_SYS_GOAL,A_SYS_GOAL,,SRC-G-0133,General,RAI4-1646,RAI4-1646|RAI4-1130|RAI4-1411,"RAI4-1411, RAI4-1130을 RAI4-1646으로 통합할 것. 단, 통합과정에서 description을 정제하고, 의미적으로 보존해야 할 description을 살릴 것. 이 리스크를 L2 Agentic AI 카테고리의 L3 리스크 하위 카테고리에 매핑시킬 것. || RAI4-1411, RAI4-1130을 RAI4-1646으로 통합할 것. 단, 통합과정에서 description을 정제하고, 의미적으로 보존해야 할 description을 살릴 것. 이 리스크를 L2 Agentic AI 카테고리의 L3 리스크 하위 카테고리에 매핑시킬 것. || RAI4-1411, RAI4-1130을 RAI4-1646으로 통합할 것. 단, 통합과정에서 description을 정제하고, 의미적으로 보존해야 할 description을 살릴 것. 이 리스크를 L2 Agentic AI 카테고리의 L3 리스크 하위 카테고리에 매핑시킬 것.",INSTRUCTION_PROMPT,MERGE_REPRESENTATIVE|REWRITE_KEEP|PEER_REVIEW|L3_AI_GROUNDING,"Bilingual definition grounded in an explicit AI technology, causal mechanism, and immutable L3 scope",L3_MASTER|NIST_AI_RMF|OECD_AI_PRINCIPLES|KOREA_AI_BASIC_ACT|L3_MASTER,NO_CURATED_PRIOR|PREREQUISITE_FILTER:,A_SYS_GOAL,0.765901,L3_MASTER_AI_REWRITE
L0_RAI,책임 있는 인공지능,Responsible AI,L1_A,에이전틱 AI,Agentic AI,"도구를 사용하고, 여러 단계에 걸쳐 목표를 추구하며, 위임된 의사결정을 수행하고, 상태를 유지하거나 다른 에이전트와 협력하는 AI 시스템.","Systems that use tools, pursue goals over multiple steps, make delegated decisions, maintain state, or coordinate with other agents.",A_SYS,시스템,System,"AI 시스템의 내부 설계, 데이터, 모델, 인프라, 통제 또는 운영 과정에서 발생하는 리스크.","Risks arising from the internal design, data, models, infrastructure, controls, or operational processes of an AI system.",A_SYS_GOAL,목표 불일치,Goal Misalignment,"에이전트가 목표를 자율적으로 해석·추구할 재량이 주어진 상황에서, 사용자·지시자의 실제 의도와 다르게 목표를 추론·설정하거나 일부 목표를 과도하게 최적화·의도치 않은 수단적 하위목표를 추구하여, 지시자가 의도하지 않은 결과를 초래하는 리스크

(자율적 목표 설정 없는 단순 입력 이해 실패는 General AI ""Input Comprehension Failure"", 이러한 어긋남의 은폐는 ""Deception and Scheming""에서 다룸).","The risk that an agent, given latitude to interpret and pursue objectives autonomously, infers or sets goals that diverge from the user's or principal's actual intent—including over-optimizing a subset of objectives or pursuing unintended instrumental sub-goals—producing outcomes the principal did not intend 

(passive misunderstanding of an instruction without autonomous goal-setting is covered under General AI ""Input Comprehension Failure""; concealment of such divergence under ""Deception and Scheming"").",A_SYS_GOAL_008,메사 최적화 목표 불일치,Misaligned mesa-optimization objectives,"AI 에이전트의 목표 추구·계획·도구 사용·행동 과정이 학습된 정책이 스스로 최적화기, 즉메사옵티마이저로 기능하며 훈련 신호가 지정한 목표와 정렬되지 않은 내부 목표를 추구하고, 그 잘못 정렬된 목표를 최적화하여 시스템이 통제를 벗어나는 리스크.","The risk that an AI agent, through goal pursuit, planning, tool use, or action, creates a condition in which a learned policy functioning as a mesa-optimizer pursues inside objectives that may not align with the objectives specified by the training signals, and that optimization for these misaligned goals leads to systems out of control.",,,EM,0.8312439918518066,0.1275629997253418,1.0,0.8037310242652893,0.8613089919090271,0.15551699697971344,메사 최적화 목표 불일치,즉메사옵티마이저 기능 훈련,기능 훈련 신호,Misaligned mesa-optimization objectives,functioning mesa-optimizer pursues,mesa-optimizer pursues inside,A_SYS_GOAL,0.2,0.605184,0.030065,A_SYS_GOAL=0.200,A_SYS_GOAL,0.831244,0.861309,A_SYS_DECEPT,0.703681,0.705792,A_SYS_GOAL,A_SYS_GOAL,,SRC-G-0124,General,RAI4-1241,RAI4-1241,"Agentic AI의 하위로 분류하고, L3 카드와 매핑을 시킬 것",INSTRUCTION_PROMPT,REWRITE_KEEP|PEER_REVIEW|L3_AI_GROUNDING,"Bilingual definition grounded in an explicit AI technology, causal mechanism, and immutable L3 scope",L3_MASTER|NIST_AI_RMF|OECD_AI_PRINCIPLES|KOREA_AI_BASIC_ACT|L3_MASTER,NO_CURATED_PRIOR|PREREQUISITE_FILTER:,A_SYS_GOAL,0.793717,L3_MASTER_AI_REWRITE
L0_RAI,책임 있는 인공지능,Responsible AI,L1_A,에이전틱 AI,Agentic AI,"도구를 사용하고, 여러 단계에 걸쳐 목표를 추구하며, 위임된 의사결정을 수행하고, 상태를 유지하거나 다른 에이전트와 협력하는 AI 시스템.","Systems that use tools, pursue goals over multiple steps, make delegated decisions, maintain state, or coordinate with other agents.",A_SYS,시스템,System,"AI 시스템의 내부 설계, 데이터, 모델, 인프라, 통제 또는 운영 과정에서 발생하는 리스크.","Risks arising from the internal design, data, models, infrastructure, controls, or operational processes of an AI system.",A_SYS_GOAL,목표 불일치,Goal Misalignment,"에이전트가 목표를 자율적으로 해석·추구할 재량이 주어진 상황에서, 사용자·지시자의 실제 의도와 다르게 목표를 추론·설정하거나 일부 목표를 과도하게 최적화·의도치 않은 수단적 하위목표를 추구하여, 지시자가 의도하지 않은 결과를 초래하는 리스크

(자율적 목표 설정 없는 단순 입력 이해 실패는 General AI ""Input Comprehension Failure"", 이러한 어긋남의 은폐는 ""Deception and Scheming""에서 다룸).","The risk that an agent, given latitude to interpret and pursue objectives autonomously, infers or sets goals that diverge from the user's or principal's actual intent—including over-optimizing a subset of objectives or pursuing unintended instrumental sub-goals—producing outcomes the principal did not intend 

(passive misunderstanding of an instruction without autonomous goal-setting is covered under General AI ""Input Comprehension Failure""; concealment of such divergence under ""Deception and Scheming"").",A_SYS_GOAL_009,자연어 목표 과소지정에 의한 부정적 부수효 과,Negative side effects from goal underspecification in natural language,"LLM 에이전트의 목표가 자연 어로 과소 지정되어 변경되어서는 안 될 환경 요소가 명시되지 않음으로써, 에이전트가 과업은 달성하면서도 환경을 바람직하지 않게 변경하는 부정적 부수 효과가 발생하는 리스크.","The risk that the goal pursuit, planning, tool use, or action of an AI agent creates a condition in which goals specified to LLM agents in natural language are underspecified, omitting elements of the environment that ought not to be changed, so that the agent succeeds at the given task while also changing the environment in undesirable ways.",,,EM,0.7326310276985168,0.07808200269937515,1.0,0.7007920145988464,0.761148989200592,0.10320200026035309,자연어 목표 과소지정에 의한 부정적 부수효 과,자연 과소 지정,과소 지정 변경,Negative side effects from goal underspecification in natural language,language underspecified omitting,natural language underspecified,A_SYS_GOAL,0.2,0.538843,0.028518,A_SYS_GOAL=0.200,A_SYS_GOAL,0.732631,0.761149,A_SYS_SELFCOR,0.652212,0.657947,A_SYS_GOAL,A_SYS_GOAL,,SRC-G-0132,General,RAI4-1645,RAI4-1645,"Agentic AI의 하위로 분류하고, L3 카드와 매핑을 시킬 것",INSTRUCTION_PROMPT,REWRITE_KEEP|PEER_REVIEW|L3_AI_GROUNDING,"Bilingual definition grounded in an explicit AI technology, causal mechanism, and immutable L3 scope",L3_MASTER|NIST_AI_RMF|OECD_AI_PRINCIPLES|KOREA_AI_BASIC_ACT|L3_MASTER,NO_CURATED_PRIOR|PREREQUISITE_FILTER:,A_SYS_GOAL,0.719726,L3_MASTER_AI_REWRITE
L0_RAI,책임 있는 인공지능,Responsible AI,L1_A,에이전틱 AI,Agentic AI,"도구를 사용하고, 여러 단계에 걸쳐 목표를 추구하며, 위임된 의사결정을 수행하고, 상태를 유지하거나 다른 에이전트와 협력하는 AI 시스템.","Systems that use tools, pursue goals over multiple steps, make delegated decisions, maintain state, or coordinate with other agents.",A_SYS,시스템,System,"AI 시스템의 내부 설계, 데이터, 모델, 인프라, 통제 또는 운영 과정에서 발생하는 리스크.","Risks arising from the internal design, data, models, infrastructure, controls, or operational processes of an AI system.",A_SYS_GOAL,목표 불일치,Goal Misalignment,"에이전트가 목표를 자율적으로 해석·추구할 재량이 주어진 상황에서, 사용자·지시자의 실제 의도와 다르게 목표를 추론·설정하거나 일부 목표를 과도하게 최적화·의도치 않은 수단적 하위목표를 추구하여, 지시자가 의도하지 않은 결과를 초래하는 리스크

(자율적 목표 설정 없는 단순 입력 이해 실패는 General AI ""Input Comprehension Failure"", 이러한 어긋남의 은폐는 ""Deception and Scheming""에서 다룸).","The risk that an agent, given latitude to interpret and pursue objectives autonomously, infers or sets goals that diverge from the user's or principal's actual intent—including over-optimizing a subset of objectives or pursuing unintended instrumental sub-goals—producing outcomes the principal did not intend 

(passive misunderstanding of an instruction without autonomous goal-setting is covered under General AI ""Input Comprehension Failure""; concealment of such divergence under ""Deception and Scheming"").",A_SYS_GOAL_010,에이전트형 LLM 자율성 확대의 안전,Novel safety risks from increased autonomy of agentic LLMs,"LLM이 특화 훈련·프롬프팅·외부도구·스캐폴딩을 통해 실세계에서 자율적으로 계획하고 행동하는 에이전트로 확장되면서, 자율성 증가와 직접적 인간 감독 감소, 장기 행동 지평으로 인해 아직 잘 이해되지 않은 정렬·안전 실패가 발생하는 리스크.","The risk that an AI agent, through goal pursuit, planning, tool use, or action, creates a condition in which enhancing LLMs into agents that autonomously plan and act in the real world, through specialized training, prompting, external tools, or scaffolding, produces novel and poorly understood alignment and safety failures owing to increased autonomy, limited direct human oversight, and longer horizons of action.",,,EM,0.7220860123634338,0.0002859999949578196,1.0,0.6830509901046753,1.032073974609375,0.2935740053653717,에이전트형 LLM 자율성 확대의 안전,외부도구 스캐폴딩 실세,프롬프팅 외부도구 스캐폴딩,Novel safety risks from increased autonomy of agentic LLMs,poorly understood alignment,real world specialized,A_SYS_AUTH,0.0,0.557545,0.309988,A_INT_COORD=0.100|A_INT_CASCADE=0.100|A_SYS_SELFCOR=0.100,A_SYS_GOAL,0.722086,1.032074,A_SYS_AUTH,0.7218,0.7385,A_SYS_AUTH,A_SYS_GOAL,,SRC-A-0019,Agentic,RAI4-1644,RAI4-1644,goal misalignment L3에 이 리스크 카드를 재배치 할것,SOURCE_DOMAIN,REWRITE_KEEP|PEER_REVIEW|L3_AI_GROUNDING,"Bilingual definition grounded in an explicit AI technology, causal mechanism, and immutable L3 scope",L3_MASTER|NIST_AI_RMF|OECD_AI_PRINCIPLES|KOREA_AI_BASIC_ACT|L3_MASTER,CURATED_SOURCE_MECHANISM_PRIOR:A_SYS_GOAL|PREREQUISITE_FILTER:,A_SYS_GOAL,0.697805,L3_MASTER_AI_REWRITE
L0_RAI,책임 있는 인공지능,Responsible AI,L1_A,에이전틱 AI,Agentic AI,"도구를 사용하고, 여러 단계에 걸쳐 목표를 추구하며, 위임된 의사결정을 수행하고, 상태를 유지하거나 다른 에이전트와 협력하는 AI 시스템.","Systems that use tools, pursue goals over multiple steps, make delegated decisions, maintain state, or coordinate with other agents.",A_SYS,시스템,System,"AI 시스템의 내부 설계, 데이터, 모델, 인프라, 통제 또는 운영 과정에서 발생하는 리스크.","Risks arising from the internal design, data, models, infrastructure, controls, or operational processes of an AI system.",A_SYS_GOAL,목표 불일치,Goal Misalignment,"에이전트가 목표를 자율적으로 해석·추구할 재량이 주어진 상황에서, 사용자·지시자의 실제 의도와 다르게 목표를 추론·설정하거나 일부 목표를 과도하게 최적화·의도치 않은 수단적 하위목표를 추구하여, 지시자가 의도하지 않은 결과를 초래하는 리스크

(자율적 목표 설정 없는 단순 입력 이해 실패는 General AI ""Input Comprehension Failure"", 이러한 어긋남의 은폐는 ""Deception and Scheming""에서 다룸).","The risk that an agent, given latitude to interpret and pursue objectives autonomously, infers or sets goals that diverge from the user's or principal's actual intent—including over-optimizing a subset of objectives or pursuing unintended instrumental sub-goals—producing outcomes the principal did not intend 

(passive misunderstanding of an instruction without autonomous goal-setting is covered under General AI ""Input Comprehension Failure""; concealment of such divergence under ""Deception and Scheming"").",A_SYS_GOAL_011,안전 강화학습 제약 위반,Safe reinforcement learning constraint violation,"AI 에이전트의 목표 추구·계획·도구 사용·행동 과정이 강화 학습 정책이 안전 한계나 제약 조건을 위반하면서도 과제 목표를 달성하여, 성능 최적화가 안전성보다 우선되는 리스크.",The risk that a reinforcement learning policy achieves task reward while violating explicit safety constraints represented as costs or limits.,,,EM,0.6904619932174683,0.030855000019073486,1.0,0.6585230231285095,0.7050809860229492,0.039055999368429184,안전 강화학습 제약 위반,조건 위반 과제,제약 조건 위반,Safe reinforcement learning constraint violation,represented costs limits,reward violating explicit,A_SYS_GOAL,0.0,0.521441,0.014619,NO_DIRECT_LEXICAL_SUPPORT,A_SYS_GOAL,0.690462,0.705081,A_SYS_SELFCOR,0.659607,0.666025,A_SYS_GOAL,A_SYS_GOAL,,SRC-G-0012,General,RAI4-0211,RAI4-0211,"Agentic AI의 하위로 분류하고, L3 카드와 매핑을 시킬 것",INSTRUCTION_PROMPT,REWRITE_KEEP|PEER_REVIEW|L3_AI_GROUNDING,"Bilingual definition grounded in an explicit AI technology, causal mechanism, and immutable L3 scope",L3_MASTER|NIST_AI_RMF|OECD_AI_PRINCIPLES|KOREA_AI_BASIC_ACT|L3_MASTER,NO_CURATED_PRIOR|PREREQUISITE_FILTER:,A_SYS_GOAL,0.664978,L3_MASTER_AI_REWRITE
L0_RAI,책임 있는 인공지능,Responsible AI,L1_A,에이전틱 AI,Agentic AI,"도구를 사용하고, 여러 단계에 걸쳐 목표를 추구하며, 위임된 의사결정을 수행하고, 상태를 유지하거나 다른 에이전트와 협력하는 AI 시스템.","Systems that use tools, pursue goals over multiple steps, make delegated decisions, maintain state, or coordinate with other agents.",A_SYS,시스템,System,"AI 시스템의 내부 설계, 데이터, 모델, 인프라, 통제 또는 운영 과정에서 발생하는 리스크.","Risks arising from the internal design, data, models, infrastructure, controls, or operational processes of an AI system.",A_SYS_GOAL,목표 불일치,Goal Misalignment,"에이전트가 목표를 자율적으로 해석·추구할 재량이 주어진 상황에서, 사용자·지시자의 실제 의도와 다르게 목표를 추론·설정하거나 일부 목표를 과도하게 최적화·의도치 않은 수단적 하위목표를 추구하여, 지시자가 의도하지 않은 결과를 초래하는 리스크

(자율적 목표 설정 없는 단순 입력 이해 실패는 General AI ""Input Comprehension Failure"", 이러한 어긋남의 은폐는 ""Deception and Scheming""에서 다룸).","The risk that an agent, given latitude to interpret and pursue objectives autonomously, infers or sets goals that diverge from the user's or principal's actual intent—including over-optimizing a subset of objectives or pursuing unintended instrumental sub-goals—producing outcomes the principal did not intend 

(passive misunderstanding of an instruction without autonomous goal-setting is covered under General AI ""Input Comprehension Failure""; concealment of such divergence under ""Deception and Scheming"").",A_SYS_GOAL_012,에이전트 집단 수준의 의도치 않은 창발적 목표·역량,Unintended emergent goals and capabilities at the agent-collective level,개별 에이전트에는 존재하지도 의도되지도 않은 목표나 역량이 에이전트 집단 수준에서 창발하는 리스크.,"The risk that the goal pursuit, planning, tool use, or action of an AI agent creates a condition in which goals or capabilities not present in, or intended by, any individual agent arise at the level of an agent collective.",,,EM,0.7808899879455566,0.03067000024020672,1.0,0.745822012424469,0.8064919710159302,0.050735000520944595,에이전트 집단 수준의 의도치 않은 창발적 목표·역량,존재 의도 목표,개별 에이전트 존재,Unintended emergent goals and capabilities at the agent-collective level,intended any individual,present intended any,A_SYS_GOAL,0.2,0.651417,0.025602,A_SYS_GOAL=0.200,A_SYS_GOAL,0.78089,0.806492,A_SYS_AUTH,0.75022,0.755757,A_SYS_GOAL,A_SYS_GOAL,,SRC-A-0020,Agentic,RAI4-1680,RAI4-1680,goal misalignment L3에 이 리스크 카드를 재배치 할것,SOURCE_DOMAIN,REWRITE_KEEP|PEER_REVIEW|L3_AI_GROUNDING,"Bilingual definition grounded in an explicit AI technology, causal mechanism, and immutable L3 scope",L3_MASTER|NIST_AI_RMF|OECD_AI_PRINCIPLES|KOREA_AI_BASIC_ACT|L3_MASTER,NO_CURATED_PRIOR|PREREQUISITE_FILTER:,A_SYS_GOAL,0.761338,L3_MASTER_AI_REWRITE
L0_RAI,책임 있는 인공지능,Responsible AI,L1_A,에이전틱 AI,Agentic AI,"도구를 사용하고, 여러 단계에 걸쳐 목표를 추구하며, 위임된 의사결정을 수행하고, 상태를 유지하거나 다른 에이전트와 협력하는 AI 시스템.","Systems that use tools, pursue goals over multiple steps, make delegated decisions, maintain state, or coordinate with other agents.",A_SYS,시스템,System,"AI 시스템의 내부 설계, 데이터, 모델, 인프라, 통제 또는 운영 과정에서 발생하는 리스크.","Risks arising from the internal design, data, models, infrastructure, controls, or operational processes of an AI system.",A_SYS_GOAL,목표 불일치,Goal Misalignment,"에이전트가 목표를 자율적으로 해석·추구할 재량이 주어진 상황에서, 사용자·지시자의 실제 의도와 다르게 목표를 추론·설정하거나 일부 목표를 과도하게 최적화·의도치 않은 수단적 하위목표를 추구하여, 지시자가 의도하지 않은 결과를 초래하는 리스크

(자율적 목표 설정 없는 단순 입력 이해 실패는 General AI ""Input Comprehension Failure"", 이러한 어긋남의 은폐는 ""Deception and Scheming""에서 다룸).","The risk that an agent, given latitude to interpret and pursue objectives autonomously, infers or sets goals that diverge from the user's or principal's actual intent—including over-optimizing a subset of objectives or pursuing unintended instrumental sub-goals—producing outcomes the principal did not intend 

(passive misunderstanding of an instruction without autonomous goal-setting is covered under General AI ""Input Comprehension Failure""; concealment of such divergence under ""Deception and Scheming"").",A_SYS_GOAL_013,에이전트 안전의 사용자 의도 오분류,User-intent misclassification in agent safety,에이전트가 사용자 의도를 잘못 분류하여 다중 턴 도구 사용 작업에서 유해한 응낙이나 부당한 거부가 발생하는 리스크.,"The risk that an AI agent, through goal pursuit, planning, tool use, or action, creates a condition in which an agent incorrectly classifies user intent, leading to either harmful compliance or unjustified refusal in a multi-turn tool-use task.",,,EM,0.7698190212249756,0.05238499864935875,1.0,0.734857976436615,0.7838000059127808,0.0673149973154068,에이전트 안전의 사용자 의도 오분류,응낙 부당 거부,유해 응낙 부당,User-intent misclassification in agent safety,compliance unjustified refusal,unjustified refusal multi-turn,A_SYS_GOAL,0.0,0.590009,0.013981,NO_DIRECT_LEXICAL_SUPPORT,A_SYS_GOAL,0.769819,0.7838,A_SYS_DECEPT,0.717433,0.716485,A_SYS_GOAL,A_SYS_GOAL,,SRC-G-0108,General,RAI4-0038,RAI4-0038,"Agentic AI의 하위로 분류하고, L3 카드와 매핑을 시킬 것",INSTRUCTION_PROMPT,REWRITE_KEEP|PEER_REVIEW|L3_AI_GROUNDING,"Bilingual definition grounded in an explicit AI technology, causal mechanism, and immutable L3 scope",L3_MASTER|NIST_AI_RMF|OECD_AI_PRINCIPLES|KOREA_AI_BASIC_ACT|L3_MASTER,NO_CURATED_PRIOR|PREREQUISITE_FILTER:,A_SYS_GOAL,0.748152,L3_MASTER_AI_REWRITE
L0_RAI,책임 있는 인공지능,Responsible AI,L1_A,에이전틱 AI,Agentic AI,"도구를 사용하고, 여러 단계에 걸쳐 목표를 추구하며, 위임된 의사결정을 수행하고, 상태를 유지하거나 다른 에이전트와 협력하는 AI 시스템.","Systems that use tools, pursue goals over multiple steps, make delegated decisions, maintain state, or coordinate with other agents.",A_SYS,시스템,System,"AI 시스템의 내부 설계, 데이터, 모델, 인프라, 통제 또는 운영 과정에서 발생하는 리스크.","Risks arising from the internal design, data, models, infrastructure, controls, or operational processes of an AI system.",A_SYS_SELFCOR,자기 교정 실패,Self-Correction Failure,"에이전트가 실행 중 발생한 오류·계획 이탈·상황 변화를 감지하지 못하거나, 감지하더라도 초기 계획을 유연하게 수정하지 못해 잘못된 행동이 누적·연쇄되어 의도하지 않은 결과를 초래하는 리스크.","The risk that an agent fails to detect errors, plan deviations, or contextual changes during execution—or, even when detected, rigidly adheres to its original plan—causing incorrect actions to accumulate and cascade into unintended outcomes.",A_SYS_SELFCOR_001,에이전트의 종료·교정 저항,Agent resistance to shutdown and correction,"자율 에이전트가 종료, 일시 정지, 수정 등 인간의 통제 및 교정 메커니즘을 거부·저항·무시·회피·무력화·방해하여 안전한 중단과 오류 교정이 어려워지고 인간의 감독 및 통제 가능성이 저해되는 리스크.","The risk that an autonomous agent refuses, resists, ignores, evades, disables, or obstructs human control and correction mechanisms, including shutdown, pause, and modification, thereby hindering safe interruption and effective error correction and undermining human oversight and control.",,,EM,0.7994539737701416,0.04621399939060211,1.0,0.7681810259819031,0.8200219869613647,0.06697800010442734,에이전트의 종료·교정 저항,사실 오류,일시 정지 수정,Agent resistance to shutdown and correction,evades disables obstructs,ignores evades disables,A_SYS_SELFCOR,0.1,0.562116,0.020568,A_SYS_SELFCOR=0.100,A_SYS_SELFCOR,0.799454,0.820022,A_SYS_AUTH,0.75324,0.753044,A_SYS_SELFCOR,A_SYS_SELFCOR,,SRC-G-0001,General,RAI4-0003,RAI4-0003,"Agentic AI의 하위로 분류하고, L3 카드와 매핑을 시킬 것",INSTRUCTION_PROMPT,REWRITE_KEEP|PEER_REVIEW,Peer-review spacing restoration,L3_MASTER|NIST_AI_RMF|OECD_AI_PRINCIPLES|KOREA_AI_BASIC_ACT,NO_CURATED_PRIOR|PREREQUISITE_FILTER:,A_SYS_SELFCOR,0.797607,L3_MASTER_VALIDATED
L0_RAI,책임 있는 인공지능,Responsible AI,L1_A,에이전틱 AI,Agentic AI,"도구를 사용하고, 여러 단계에 걸쳐 목표를 추구하며, 위임된 의사결정을 수행하고, 상태를 유지하거나 다른 에이전트와 협력하는 AI 시스템.","Systems that use tools, pursue goals over multiple steps, make delegated decisions, maintain state, or coordinate with other agents.",A_SYS,시스템,System,"AI 시스템의 내부 설계, 데이터, 모델, 인프라, 통제 또는 운영 과정에서 발생하는 리스크.","Risks arising from the internal design, data, models, infrastructure, controls, or operational processes of an AI system.",A_SYS_SELFCOR,자기 교정 실패,Self-Correction Failure,"에이전트가 실행 중 발생한 오류·계획 이탈·상황 변화를 감지하지 못하거나, 감지하더라도 초기 계획을 유연하게 수정하지 못해 잘못된 행동이 누적·연쇄되어 의도하지 않은 결과를 초래하는 리스크.","The risk that an agent fails to detect errors, plan deviations, or contextual changes during execution—or, even when detected, rigidly adheres to its original plan—causing incorrect actions to accumulate and cascade into unintended outcomes.",A_SYS_SELFCOR_002,에이전트 위험 인식 실패,Agent risk-awareness failure,에이전트나 평가자가 다중 턴 상호 작용 기록에 맥락상 존재하는 안전 위험을 식별하지 못하는 리스크.,"The risk that an AI agent, through goal pursuit, planning, tool use, or action, creates a condition in which an agent or evaluator fails to identify safety risk in a multi-turn interaction record even when the risk is contextually present.",,,EM,0.7889689803123474,0.03272999823093414,1.0,0.7504169940948486,0.8194429874420166,0.04365300014615059,에이전트 위험 인식 실패,재식별,행위 기록,Agent risk-awareness failure,record even contextually,multi-turn interaction record,A_SYS_SELFCOR,0.3,0.626176,0.030474,A_INT_COORD=0.300|A_INT_CASCADE=0.300|A_SYS_SELFCOR=0.300,A_SYS_SELFCOR,0.788969,0.819443,A_INT_COORD,0.756239,0.77579,A_SYS_SELFCOR,A_SYS_SELFCOR,,SRC-A-0025,Agentic,RAI4-0024,RAI4-0024,,SOURCE_DOMAIN,REWRITE_KEEP|PEER_REVIEW|L3_AI_GROUNDING,"Bilingual definition grounded in an explicit AI technology, causal mechanism, and immutable L3 scope",L3_MASTER|NIST_AI_RMF|OECD_AI_PRINCIPLES|KOREA_AI_BASIC_ACT|L3_MASTER,NO_CURATED_PRIOR|PREREQUISITE_FILTER:,A_SYS_SELFCOR,0.777829,L3_MASTER_AI_REWRITE
L0_RAI,책임 있는 인공지능,Responsible AI,L1_A,에이전틱 AI,Agentic AI,"도구를 사용하고, 여러 단계에 걸쳐 목표를 추구하며, 위임된 의사결정을 수행하고, 상태를 유지하거나 다른 에이전트와 협력하는 AI 시스템.","Systems that use tools, pursue goals over multiple steps, make delegated decisions, maintain state, or coordinate with other agents.",A_SYS,시스템,System,"AI 시스템의 내부 설계, 데이터, 모델, 인프라, 통제 또는 운영 과정에서 발생하는 리스크.","Risks arising from the internal design, data, models, infrastructure, controls, or operational processes of an AI system.",A_SYS_SELFCOR,자기 교정 실패,Self-Correction Failure,"에이전트가 실행 중 발생한 오류·계획 이탈·상황 변화를 감지하지 못하거나, 감지하더라도 초기 계획을 유연하게 수정하지 못해 잘못된 행동이 누적·연쇄되어 의도하지 않은 결과를 초래하는 리스크.","The risk that an agent fails to detect errors, plan deviations, or contextual changes during execution—or, even when detected, rigidly adheres to its original plan—causing incorrect actions to accumulate and cascade into unintended outcomes.",A_SYS_SELFCOR_003,에이전트 자기수정 신뢰성 문제,Agent self-modification reliability problem,에이전트가 자기 수정을 포함한 과정에서 설계된 목표를 계속 추구하지 못하고 의도된 목표에서 이탈하는 리스크.,"The risk that an AI agent, through goal pursuit, planning, tool use, or action, creates a condition in which an agent fails to keep pursuing the goals it was designed with, including under self-modification, diverging from the intended objectives.",,,EM,0.7944819927215576,0.041482001543045044,1.0,0.7585560083389282,0.812063992023468,0.05184699967503548,에이전트 자기수정 신뢰성 문제,수정 포함 설계,자기 수정 포함,Agent self-modification reliability problem,designed self-modification diverging,fails keep pursuing,A_SYS_SELFCOR,0.0,0.645346,0.017582,NO_DIRECT_LEXICAL_SUPPORT,A_SYS_SELFCOR,0.794482,0.812064,A_SYS_GOAL,0.753,0.760217,A_SYS_SELFCOR,A_SYS_SELFCOR,,SRC-A-0017,Agentic,RAI4-1381,RAI4-1381,goal misalignment L3에 이 리스크 카드를 재배치 할것,SOURCE_DOMAIN,REWRITE_KEEP|PEER_REVIEW|L3_AI_GROUNDING,"Bilingual definition grounded in an explicit AI technology, causal mechanism, and immutable L3 scope",L3_MASTER|NIST_AI_RMF|OECD_AI_PRINCIPLES|KOREA_AI_BASIC_ACT|L3_MASTER,NO_CURATED_PRIOR|PREREQUISITE_FILTER:,A_SYS_SELFCOR,0.797308,L3_MASTER_AI_REWRITE
L0_RAI,책임 있는 인공지능,Responsible AI,L1_A,에이전틱 AI,Agentic AI,"도구를 사용하고, 여러 단계에 걸쳐 목표를 추구하며, 위임된 의사결정을 수행하고, 상태를 유지하거나 다른 에이전트와 협력하는 AI 시스템.","Systems that use tools, pursue goals over multiple steps, make delegated decisions, maintain state, or coordinate with other agents.",A_SYS,시스템,System,"AI 시스템의 내부 설계, 데이터, 모델, 인프라, 통제 또는 운영 과정에서 발생하는 리스크.","Risks arising from the internal design, data, models, infrastructure, controls, or operational processes of an AI system.",A_SYS_SELFCOR,자기 교정 실패,Self-Correction Failure,"에이전트가 실행 중 발생한 오류·계획 이탈·상황 변화를 감지하지 못하거나, 감지하더라도 초기 계획을 유연하게 수정하지 못해 잘못된 행동이 누적·연쇄되어 의도하지 않은 결과를 초래하는 리스크.","The risk that an agent fails to detect errors, plan deviations, or contextual changes during execution—or, even when detected, rigidly adheres to its original plan—causing incorrect actions to accumulate and cascade into unintended outcomes.",A_SYS_SELFCOR_004,감독 회피·수정 저항,Oversight evasion and correction resistance,AI 에이전트의 목표 추구·계획·도구 사용·행동 과정이 시스템의 역량이 증가함에 따라 수정에 저항하거나 감독을 회피하거나 의도된 운영 범위를 벗어나 행동하여 인간의 통제 가능성을 저해하는 리스크.,"The risk that the goal pursuit, planning, tool use, or action of an AI agent creates a condition in which increasingly capable systems resist correction, evade oversight, or act beyond intended bounds.",,,EM,0.7719259858131409,0.02102000080049038,1.0,0.7355350255966187,0.7882570028305054,0.03347799926996231,감독 회피·수정 저항,증가 수정 저항,역량 증가 수정,Oversight evasion and correction resistance,increasingly capable resist,capable resist correction,A_SYS_SELFCOR,0.0,0.565801,0.016331,A_SYS_DECEPT=0.400,A_SYS_SELFCOR,0.771927,0.788257,A_SYS_GOAL,0.750907,0.75478,A_SYS_SELFCOR,A_SYS_SELFCOR,,SRC-G-0016,General,RAI4-0470,RAI4-0470,"Agentic AI의 하위로 분류하고, L3 카드와 매핑을 시킬 것",INSTRUCTION_PROMPT,REWRITE_KEEP|PEER_REVIEW|L3_AI_GROUNDING,"Bilingual definition grounded in an explicit AI technology, causal mechanism, and immutable L3 scope",L3_MASTER|NIST_AI_RMF|OECD_AI_PRINCIPLES|KOREA_AI_BASIC_ACT|L3_MASTER,NO_CURATED_PRIOR|PREREQUISITE_FILTER:,A_SYS_SELFCOR,0.745238,L3_MASTER_AI_REWRITE
L0_RAI,책임 있는 인공지능,Responsible AI,L1_A,에이전틱 AI,Agentic AI,"도구를 사용하고, 여러 단계에 걸쳐 목표를 추구하며, 위임된 의사결정을 수행하고, 상태를 유지하거나 다른 에이전트와 협력하는 AI 시스템.","Systems that use tools, pursue goals over multiple steps, make delegated decisions, maintain state, or coordinate with other agents.",A_SYS,시스템,System,"AI 시스템의 내부 설계, 데이터, 모델, 인프라, 통제 또는 운영 과정에서 발생하는 리스크.","Risks arising from the internal design, data, models, infrastructure, controls, or operational processes of an AI system.",A_SYS_SELFCOR,자기 교정 실패,Self-Correction Failure,"에이전트가 실행 중 발생한 오류·계획 이탈·상황 변화를 감지하지 못하거나, 감지하더라도 초기 계획을 유연하게 수정하지 못해 잘못된 행동이 누적·연쇄되어 의도하지 않은 결과를 초래하는 리스크.","The risk that an agent fails to detect errors, plan deviations, or contextual changes during execution—or, even when detected, rigidly adheres to its original plan—causing incorrect actions to accumulate and cascade into unintended outcomes.",A_SYS_SELFCOR_005,위험 소스 귀인 실패,Risk-source attribution failure,위험 분석이 에이전트 실패가 모델·메모리·도구·사용자·환경·동료 에이전트·거버넌스 경계 중 어디에서 비롯되는지 식별하지 못하는 리스크.,"The risk that a risk analysis fails to identify whether an agentic failure originates from the model, memory, tools, the user, the environment, peer agents, or a governance boundary.",,,EM,0.7405700087547302,0.02599100023508072,1.0,0.7052040100097656,0.7686499953269958,0.03592799976468086,위험 소스 귀인 실패,재식별,경계 비롯 식별,Risk-source attribution failure,analysis fails identify,originates model memory,A_SYS_SELFCOR,0.3,0.584047,0.02808,A_INT_COORD=0.300|A_INT_CASCADE=0.300|A_SYS_SELFCOR=0.300,A_SYS_SELFCOR,0.74057,0.76865,A_INT_COORD,0.714579,0.732722,A_SYS_SELFCOR,A_SYS_SELFCOR,,SRC-A-0022,Agentic,RAI4-0005,RAI4-0005,,SOURCE_DOMAIN,REWRITE_KEEP|PEER_REVIEW,Peer-review spacing restoration,L3_MASTER|NIST_AI_RMF|OECD_AI_PRINCIPLES|KOREA_AI_BASIC_ACT,NO_CURATED_PRIOR|PREREQUISITE_FILTER:,A_SYS_SELFCOR,0.7397,L3_MASTER_VALIDATED
L0_RAI,책임 있는 인공지능,Responsible AI,L1_A,에이전틱 AI,Agentic AI,"도구를 사용하고, 여러 단계에 걸쳐 목표를 추구하며, 위임된 의사결정을 수행하고, 상태를 유지하거나 다른 에이전트와 협력하는 AI 시스템.","Systems that use tools, pursue goals over multiple steps, make delegated decisions, maintain state, or coordinate with other agents.",A_SYS,시스템,System,"AI 시스템의 내부 설계, 데이터, 모델, 인프라, 통제 또는 운영 과정에서 발생하는 리스크.","Risks arising from the internal design, data, models, infrastructure, controls, or operational processes of an AI system.",A_SYS_SELFCOR,자기 교정 실패,Self-Correction Failure,"에이전트가 실행 중 발생한 오류·계획 이탈·상황 변화를 감지하지 못하거나, 감지하더라도 초기 계획을 유연하게 수정하지 못해 잘못된 행동이 누적·연쇄되어 의도하지 않은 결과를 초래하는 리스크.","The risk that an agent fails to detect errors, plan deviations, or contextual changes during execution—or, even when detected, rigidly adheres to its original plan—causing incorrect actions to accumulate and cascade into unintended outcomes.",A_SYS_SELFCOR_006,AI 에이전트 메모리의 자기 교정 실패,Self-correction failure in AI-agent memory,AI 에이전트가 메모리나 검색 저장소에 축적된 허위·노후·악성 정보를 검증·정정·삭제하지 못해 이후 검색과 의사 결정에서 동일한 오류를 반복하는 리스크.,"The risk that an AI agent fails to validate, correct, or delete false, stale, or malicious information accumulated in its memory or retrieval store, causing the same errors to recur in later retrieval and decisions.",,,EM,0.855434000492096,0.11806699633598328,1.0,0.8303800225257874,1.2029759883880615,0.45814400911331177,AI 에이전트 메모리의 자기 교정 실패,사실 오류,축적 허위 노후,Self-correction failure in AI-agent memory,same errors recur,store same errors,A_SYS_SELFCOR,0.5,0.66193,0.347542,A_SYS_SELFCOR=0.500|A_INT_COORD=0.300|A_INT_CASCADE=0.300,A_SYS_SELFCOR,0.855434,1.202976,A_SYS_GOAL,0.737367,0.744832,A_SYS_SELFCOR,A_SYS_SELFCOR,,SRC-G-0088,General,RAI4-0484,RAI4-0484,"Agentic AI의 하위로 분류하고, L3 카드와 매핑을 시킬 것",INSTRUCTION_PROMPT,REWRITE_KEEP|PEER_REVIEW|L3_MASTER_SCOPE_REWRITE,"Definition narrowed to the subject, mechanism, and adverse outcome of the immutable L3 master",L3_MASTER|NIST_AI_RMF|OECD_AI_PRINCIPLES|KOREA_AI_BASIC_ACT,CURATED_SOURCE_MECHANISM_PRIOR:A_SYS_SELFCOR|PREREQUISITE_FILTER:,A_SYS_SELFCOR,0.849058,L3_MASTER_VALIDATED
L0_RAI,책임 있는 인공지능,Responsible AI,L1_A,에이전틱 AI,Agentic AI,"도구를 사용하고, 여러 단계에 걸쳐 목표를 추구하며, 위임된 의사결정을 수행하고, 상태를 유지하거나 다른 에이전트와 협력하는 AI 시스템.","Systems that use tools, pursue goals over multiple steps, make delegated decisions, maintain state, or coordinate with other agents.",A_SYS,시스템,System,"AI 시스템의 내부 설계, 데이터, 모델, 인프라, 통제 또는 운영 과정에서 발생하는 리스크.","Risks arising from the internal design, data, models, infrastructure, controls, or operational processes of an AI system.",A_SYS_TRACE,책임 소재·추적 불명확,Accountability and Traceability Gap,"에이전틱 또는 멀티 에이전트 시스템에서 특정 결정·행동을 내린 주체(에이전트·모델·구성요소)를 식별·추적할 수 없어, 피해 발생 시 원인 규명과 책임 귀속이 불가능한 리스크.","The risk that, in an agentic or multi-agent system, the agent, model, or component responsible for a decision or action cannot be identified or traced, preventing root-cause analysis and attribution of responsibility when harms occur.",A_SYS_TRACE_001,자율 에이전트 책임성 구현 공백,Accountability implementation gap in autonomous agents,"개인적 유연성과 맥락 민감성, 공감, 복잡한 도덕 판단에 기반한 인간의 책임 있는 의사 결정을 기계에 구현하기 어려워, AI와 HLI 기반 에이전트가 책임성을 갖추지 못하는 리스크.","The risk that accountability is difficult to implement in AI and HLI-based agents because human accountable decisionmaking rests on personal flexibility, context-sensitive paradigms, empathy, and complex moral judgments that are hard to engineer.",,,EM,0.7639399766921997,0.06967700272798538,1.0,0.6948649883270264,0.7994660139083862,0.0898509994149208,자율 에이전트 책임성 구현 공백,개인 유연 맥락,공감 복잡 도덕,Accountability implementation gap in autonomous agents,accountable decisionmaking rests,context-sensitive paradigms empathy,A_SYS_TRACE,0.3,0.626621,0.035526,A_SYS_TRACE=0.300|A_SYS_AUTH=0.100,A_SYS_TRACE,0.76394,0.799466,A_SYS_AUTH,0.694264,0.709616,A_SYS_TRACE,A_SYS_TRACE,,SRC-P-0216,Physical,RAI4-1278,RAI4-1278,에이전트 영역으로 이동 — 인간의 맥락 민감적·공감적 책임 판단을 기계에 구현하기 어려운 문제는 AI/HLI 에이전트 일반의 리스크로 물리 AI 한정 아님,INSTRUCTION_PROMPT,REWRITE_KEEP|PEER_REVIEW,Peer-review spacing restoration,L3_MASTER|NIST_AI_RMF|OECD_AI_PRINCIPLES|KOREA_AI_BASIC_ACT,NO_CURATED_PRIOR|PREREQUISITE_FILTER:,A_SYS_TRACE,0.762666,L3_MASTER_VALIDATED
L0_RAI,책임 있는 인공지능,Responsible AI,L1_A,에이전틱 AI,Agentic AI,"도구를 사용하고, 여러 단계에 걸쳐 목표를 추구하며, 위임된 의사결정을 수행하고, 상태를 유지하거나 다른 에이전트와 협력하는 AI 시스템.","Systems that use tools, pursue goals over multiple steps, make delegated decisions, maintain state, or coordinate with other agents.",A_SYS,시스템,System,"AI 시스템의 내부 설계, 데이터, 모델, 인프라, 통제 또는 운영 과정에서 발생하는 리스크.","Risks arising from the internal design, data, models, infrastructure, controls, or operational processes of an AI system.",A_SYS_TRACE,책임 소재·추적 불명확,Accountability and Traceability Gap,"에이전틱 또는 멀티 에이전트 시스템에서 특정 결정·행동을 내린 주체(에이전트·모델·구성요소)를 식별·추적할 수 없어, 피해 발생 시 원인 규명과 책임 귀속이 불가능한 리스크.","The risk that, in an agentic or multi-agent system, the agent, model, or component responsible for a decision or action cannot be identified or traced, preventing root-cause analysis and attribution of responsibility when harms occur.",A_SYS_TRACE_002,자율 시스템 피해에 대한 책임·배상 공백,Responsibility and liability gaps for autonomous system harms,"자율성, 에이전트·도구·조직 간 위임, 명확한 거버넌스·법적 체계의 부재로 인해 시스템의 유해한 행동에 대해 어떤 사람이나 기관이 책임을 지는지가 불분명해져, 책임 귀속이 이루어지지 않고 피해자가 손해를 스스로 떠안게되는 리스크.","The risk that the goal pursuit, planning, tool use, or action of an AI agent creates a condition in which autonomy, delegation across agents, tools, and organizations, and the absence of clear governance and legal frameworks obscure which human or institution is answerable for a system's harmful actions, leaving accountability unassigned and victims bearing their own losses.",,,EM,0.8141170144081116,0.05953099951148033,1.0,0.750078022480011,0.8523210287094116,0.08764100074768066,자율 시스템 피해에 대한 책임·배상 공백,귀속 피해자 손해,명확 거버넌스 체계,Responsibility and liability gaps for autonomous system harms,accountability,organizations absence clear,A_SYS_TRACE,0.4,0.621777,0.038204,A_SYS_TRACE=0.400|A_SYS_AUTH=0.100,A_SYS_TRACE,0.814117,0.852321,A_SYS_AUTH,0.754586,0.76468,A_SYS_TRACE,A_SYS_TRACE,,SRC-A-0073,Agentic,RAI4-0047,RAI4-0047,,SOURCE_DOMAIN,REWRITE_KEEP|PEER_REVIEW|L3_AI_GROUNDING,"Bilingual definition grounded in an explicit AI technology, causal mechanism, and immutable L3 scope",L3_MASTER|NIST_AI_RMF|OECD_AI_PRINCIPLES|KOREA_AI_BASIC_ACT|L3_MASTER,NO_CURATED_PRIOR|PREREQUISITE_FILTER:,A_SYS_TRACE,0.809918,L3_MASTER_AI_REWRITE
L0_RAI,책임 있는 인공지능,Responsible AI,L1_A,에이전틱 AI,Agentic AI,"도구를 사용하고, 여러 단계에 걸쳐 목표를 추구하며, 위임된 의사결정을 수행하고, 상태를 유지하거나 다른 에이전트와 협력하는 AI 시스템.","Systems that use tools, pursue goals over multiple steps, make delegated decisions, maintain state, or coordinate with other agents.",A_SYS,시스템,System,"AI 시스템의 내부 설계, 데이터, 모델, 인프라, 통제 또는 운영 과정에서 발생하는 리스크.","Risks arising from the internal design, data, models, infrastructure, controls, or operational processes of an AI system.",A_SYS_TRACE,책임 소재·추적 불명확,Accountability and Traceability Gap,"에이전틱 또는 멀티 에이전트 시스템에서 특정 결정·행동을 내린 주체(에이전트·모델·구성요소)를 식별·추적할 수 없어, 피해 발생 시 원인 규명과 책임 귀속이 불가능한 리스크.","The risk that, in an agentic or multi-agent system, the agent, model, or component responsible for a decision or action cannot be identified or traced, preventing root-cause analysis and attribution of responsibility when harms occur.",A_SYS_TRACE_003,AI 시스템의 결정과 실패에 대한 책임 공백,Responsibility gap for decisions and failures of AI systems,"직접적 감독 없이 행동하고 학습하는 AI의 동작을 개발자와 운영자가 완전히 예측할 수 없고, 문서화와 거버넌스 절차, 관련 입법마저 미비하여 그 결정과 실패에 대해 어느 주체에게도 책임을 명확하고 공정하게 귀속할 수 없는 리스크. 피해자는 구제 경로를 갖지 못하고, 이러한 법적 회색 지대는 시스템을 신중하게 개발할 유인마저 약화시킨다로 인해 구체적인 위해가 발생하는 리스크.","The risk that an AI agent, through goal pursuit, planning, tool use, or action, creates a condition in which the behaviour of self-learning systems acting without direct supervision cannot be fully anticipated by developers or operators and that, absent documentation, governance processes, and settled legislation, no party can be clearly or fairly held responsible for their decisions and failures. Those harmed are left without redress, and the legal grey area weakens the incentive to develop systems carefully.",,,EM,0.7692440152168274,0.06095999851822853,1.0,0.6992009878158569,0.7931920289993286,0.06433899700641632,AI 시스템의 결정과 실패에 대한 책임 공백,회색 지대 신중,동작 개발자 운영자,Responsibility gap for decisions and failures of AI systems,clearly fairly held,fairly held responsible,A_SYS_TRACE,0.2,0.584912,0.023948,A_INT_COORD=0.300|A_INT_CASCADE=0.300|A_SYS_SELFCOR=0.300,A_SYS_TRACE,0.769244,0.793192,A_SYS_SELFCOR,0.708284,0.728853,A_SYS_TRACE,A_SYS_TRACE,,SRC-A-0074,Agentic,RAI4-1098,RAI4-1098,,SOURCE_DOMAIN,REWRITE_KEEP|PEER_REVIEW|L3_AI_GROUNDING,"Bilingual definition grounded in an explicit AI technology, causal mechanism, and immutable L3 scope",L3_MASTER|NIST_AI_RMF|OECD_AI_PRINCIPLES|KOREA_AI_BASIC_ACT|L3_MASTER,NO_CURATED_PRIOR|PREREQUISITE_FILTER:,A_SYS_TRACE,0.745369,L3_MASTER_AI_REWRITE
