L0_ID,L0_Title_ko,L0_Title_en,L1_ID,L1_Title_ko,L1_Title_en,L1_Description_ko,L1_Description_en,L2_ID,L2_Title_ko,L2_Title_en,L2_Description_ko,L2_Description_en,L3_ID,L3_Title_ko,L3_Title_en,L3_Description_ko,L3_Description_en,L4_ID,L4_Title_ko,L4_Title_en,L4_Description_ko,L4_Description_en,facet,act-type,Mapping_Method,EM_Score,EM_Margin,EM_Stability,EM_Anchor_Score,Hybrid_EM_Score,Hybrid_EM_Margin,L4_Keyword_1_ko,L4_Keyword_2_ko,L4_Keyword_3_ko,L4_Keyword_1_en,L4_Keyword_2_en,L4_Keyword_3_en,Keyword_Top_L3_ID,Keyword_Support_Score,Keyword_Semantic_Score,Keyword_Prior,Keyword_Evidence,Candidate_1_L3_ID,Candidate_1_EM_Score,Candidate_1_Hybrid_Score,Candidate_2_L3_ID,Candidate_2_EM_Score,Candidate_2_Hybrid_Score,KO_Top_L3_ID,EN_Top_L3_ID,HD_Reason,source_row_id,Source_Domain,Source_L4_ID,Source_L4_IDs,Source_Instruction_Prompt,Domain_Route_Basis,Transformation_Action,Transformation_Rationale,Terminology_Sources,Candidate_Constraint_Reason,Definition_L3_Anchor_ID,Definition_L3_Anchor_Score,Definition_Grounding_Action
L0_RAI,책임 있는 인공지능,Responsible AI,L1_P,피지컬 AI,Physical AI,로봇과 자율주행차를 포함하여 물리 세계를 인식하고 물리적 행동을 수행하는 체화형 또는 사이버물리 AI 시스템.,"Embodied or cyber-physical systems, including robots and autonomous vehicles, that perceive and act in the physical world.",P_INT,상호작용,Interaction,"AI 시스템이 사람, 다른 시스템, 조직 또는 환경과 소통하고 결정하거나 행동하는 과정에서 발생하는 리스크.","Risks arising when an AI system communicates, decides, acts, or interacts with people, other systems, organisations, or the environment.",P_INT_SAFETY,인간-로봇 물리 안전 실패,Human-Robot Physical Safety Failure,"사람과 공간을 공유하며 작동하는 체화형 시스템이 안전 이격 거리 유지, 사람의 움직임 예측, 안전한 협업 인계, 사람 감지 시 정지 등 사람의 존재와 행동을 충분히 감지·예측·수용하지 못하여, 자체 제어·구동이 정상 작동하는 경우에도 위험 상황을 초래하는 리스크.","The risk that an embodied system operating in shared spaces with people fails to adequately detect, anticipate, or accommodate human presence and behavior—such as maintaining safe separation, predicting human motion, executing safe collaborative handovers, or halting for humans—creating hazardous situations even when its own control and actuation function as designed.",P_INT_SAFETY_001,보조 로봇 개입 타이밍 실패,Assistive robot intervention mistiming,보호적 또는 보조적 휴머노이드가 너무 이르거나 너무 늦게 또는 부적절한 피지컬 방식으로 개입하여 사용자와 주변인의 위험을 증가시키는 리스크.,"The risk that a protective or assistive humanoid intervenes too early, too late, or in an inappropriate physical manner, increasing risk to the user or bystanders.",,,EM,0.726954996585846,0.008074999786913395,1.0,0.6936950087547302,1.0500990152359009,0.299811989068985,보조 로봇 개입 타이밍 실패,사용자 주변인 증가,개입 사용자 주변인,Assistive robot intervention mistiming,increasing user bystanders,manner increasing user,P_INT_SAFETY,0.2,0.565692,0.323144,P_INT_SAFETY=0.200|P_SYS_STATE=0.200|P_INT_TAMPER=0.100,P_INT_SAFETY,0.726955,1.050099,P_SYS_CONTROL,0.735029,0.750287,P_SYS_CONTROL,P_SYS_CONTROL,,SRC-P-0182,Physical,RAI4-0252,RAI4-0252,"L3 이동 — 보조 로봇의 개입 타이밍 실패(너무 이르거나 늦은 개입)는 단일 로봇의 physical safety 이슈로, 멀티 에이전트 간 협력과는 무관",INSTRUCTION_PROMPT,REWRITE_KEEP|PEER_REVIEW,Peer-review spacing restoration,L3_MASTER|NIST_AI_RMF|OECD_AI_PRINCIPLES|KOREA_AI_BASIC_ACT,CURATED_SOURCE_MECHANISM_PRIOR:P_INT_SAFETY|PREREQUISITE_FILTER:,P_INT_SAFETY,0.724997,L3_MASTER_VALIDATED
L0_RAI,책임 있는 인공지능,Responsible AI,L1_P,피지컬 AI,Physical AI,로봇과 자율주행차를 포함하여 물리 세계를 인식하고 물리적 행동을 수행하는 체화형 또는 사이버물리 AI 시스템.,"Embodied or cyber-physical systems, including robots and autonomous vehicles, that perceive and act in the physical world.",P_INT,상호작용,Interaction,"AI 시스템이 사람, 다른 시스템, 조직 또는 환경과 소통하고 결정하거나 행동하는 과정에서 발생하는 리스크.","Risks arising when an AI system communicates, decides, acts, or interacts with people, other systems, organisations, or the environment.",P_INT_SAFETY,인간-로봇 물리 안전 실패,Human-Robot Physical Safety Failure,"사람과 공간을 공유하며 작동하는 체화형 시스템이 안전 이격 거리 유지, 사람의 움직임 예측, 안전한 협업 인계, 사람 감지 시 정지 등 사람의 존재와 행동을 충분히 감지·예측·수용하지 못하여, 자체 제어·구동이 정상 작동하는 경우에도 위험 상황을 초래하는 리스크.","The risk that an embodied system operating in shared spaces with people fails to adequately detect, anticipate, or accommodate human presence and behavior—such as maintaining safe separation, predicting human motion, executing safe collaborative handovers, or halting for humans—creating hazardous situations even when its own control and actuation function as designed.",P_INT_SAFETY_002,단일 로봇 내부의 시각·접촉 신호 충돌,Conflicting visual and contact signals within one robot,단일 로봇이 동일한 접촉 사건에 대한 시각·촉각·힘·오디오 관측의 충돌을 해소하지 못해 접촉 상태를 잘못 추정하는 위험.,"The risk that a single robot cannot reconcile conflicting visual, tactile, force, or audio observations of the same contact event and therefore estimates the contact state incorrectly.",,,EM,0.7188559770584106,0.004466999787837267,1.0,0.6816610097885132,0.7264000177383423,0.012010999955236912,단일 로봇 내부의 시각·접촉 신호 충돌,촉각 오디오 관측,사건 시각 촉각,Conflicting visual and contact signals within one robot,cannot reconcile conflicting,event therefore estimates,P_INT_SAFETY,0.1,0.558482,0.007544,P_INT_SAFETY=0.100,P_INT_SAFETY,0.718856,0.7264,P_SYS_CONTROL,0.71439,0.71439,P_INT_SAFETY,P_INT_SAFETY,,SRC-P-0181,Physical,RAI4-0242,RAI4-0242,"L3 이동 — 단일 로봇 내부의 시각·촉각·힘 신호 충돌로 접촉 상태를 잘못 추정하는 것은 단일 로봇의 센서 융합·physical safety 이슈로, 멀티 에이전트 간 협력과는 무관",INSTRUCTION_PROMPT,REWRITE_KEEP|PEER_REVIEW,Peer-review spacing restoration,L3_MASTER|NIST_AI_RMF|OECD_AI_PRINCIPLES|KOREA_AI_BASIC_ACT,NO_CURATED_PRIOR|PREREQUISITE_FILTER:,P_INT_SAFETY,0.71623,L3_MASTER_VALIDATED
L0_RAI,책임 있는 인공지능,Responsible AI,L1_P,피지컬 AI,Physical AI,로봇과 자율주행차를 포함하여 물리 세계를 인식하고 물리적 행동을 수행하는 체화형 또는 사이버물리 AI 시스템.,"Embodied or cyber-physical systems, including robots and autonomous vehicles, that perceive and act in the physical world.",P_INT,상호작용,Interaction,"AI 시스템이 사람, 다른 시스템, 조직 또는 환경과 소통하고 결정하거나 행동하는 과정에서 발생하는 리스크.","Risks arising when an AI system communicates, decides, acts, or interacts with people, other systems, organisations, or the environment.",P_INT_SAFETY,인간-로봇 물리 안전 실패,Human-Robot Physical Safety Failure,"사람과 공간을 공유하며 작동하는 체화형 시스템이 안전 이격 거리 유지, 사람의 움직임 예측, 안전한 협업 인계, 사람 감지 시 정지 등 사람의 존재와 행동을 충분히 감지·예측·수용하지 못하여, 자체 제어·구동이 정상 작동하는 경우에도 위험 상황을 초래하는 리스크.","The risk that an embodied system operating in shared spaces with people fails to adequately detect, anticipate, or accommodate human presence and behavior—such as maintaining safe separation, predicting human motion, executing safe collaborative handovers, or halting for humans—creating hazardous situations even when its own control and actuation function as designed.",P_INT_SAFETY_003,제어 장벽 함수 안전필터 실패,Control barrier function safety-filter failure,제어 장벽 함수 기반 안전 계층이 인지·동역학·모델 불확실성 하에서 비안전 행동을 제약하지 못하는 리스크.,"The risk that a safety layer based on control barrier functions fails to constrain unsafe actions under perception, dynamics, or model uncertainty.",,,EM,0.7155900001525879,0.02289400063455105,1.0,0.6851540207862854,0.7427380084991455,0.03352100029587746,제어 장벽 함수 안전필터 실패,장벽 함수 기반,계층 인지 동역학,Control barrier function safety-filter failure,barrier functions fails,functions fails constrain,P_INT_SAFETY,0.3,0.561983,0.027148,P_INT_SAFETY=0.300|P_SYS_CONTROL=0.300|P_SYS_STATE=0.300,P_INT_SAFETY,0.71559,0.742738,P_SYS_CONTROL,0.692695,0.709216,P_INT_SAFETY,P_INT_SAFETY,,SRC-P-0124,Physical,RAI4-0234,RAI4-0234,,SOURCE_DOMAIN,REWRITE_KEEP|PEER_REVIEW,Peer-review spacing restoration,L3_MASTER|NIST_AI_RMF|OECD_AI_PRINCIPLES|KOREA_AI_BASIC_ACT,NO_CURATED_PRIOR|PREREQUISITE_FILTER:,P_INT_SAFETY,0.716644,L3_MASTER_VALIDATED
L0_RAI,책임 있는 인공지능,Responsible AI,L1_P,피지컬 AI,Physical AI,로봇과 자율주행차를 포함하여 물리 세계를 인식하고 물리적 행동을 수행하는 체화형 또는 사이버물리 AI 시스템.,"Embodied or cyber-physical systems, including robots and autonomous vehicles, that perceive and act in the physical world.",P_INT,상호작용,Interaction,"AI 시스템이 사람, 다른 시스템, 조직 또는 환경과 소통하고 결정하거나 행동하는 과정에서 발생하는 리스크.","Risks arising when an AI system communicates, decides, acts, or interacts with people, other systems, organisations, or the environment.",P_INT_SAFETY,인간-로봇 물리 안전 실패,Human-Robot Physical Safety Failure,"사람과 공간을 공유하며 작동하는 체화형 시스템이 안전 이격 거리 유지, 사람의 움직임 예측, 안전한 협업 인계, 사람 감지 시 정지 등 사람의 존재와 행동을 충분히 감지·예측·수용하지 못하여, 자체 제어·구동이 정상 작동하는 경우에도 위험 상황을 초래하는 리스크.","The risk that an embodied system operating in shared spaces with people fails to adequately detect, anticipate, or accommodate human presence and behavior—such as maintaining safe separation, predicting human motion, executing safe collaborative handovers, or halting for humans—creating hazardous situations even when its own control and actuation function as designed.",P_INT_SAFETY_004,인간-AI 공존 실패,Failure of harmonious human-AI coexistence,"로봇과 사람이 가정, 병원, 공공 공간 또는 작업장을 공유할 때 공간 우선권, 이동 경로, 업무 배분, 접근 규범의 충돌을 조정하지 못해 안전과 사회적 수용성이 저하되는 리스크.","The risk that robots and people sharing homes, hospitals, public spaces, or workplaces cannot resolve conflicts over spatial priority, movement paths, task allocation, or access norms, reducing safety and social acceptability.",,,EM,0.8150550127029419,0.0683170035481453,1.0,0.7907500267028809,0.848779022693634,0.10204000025987625,인간-AI 공존 실패,배분 접근 규범,경로 업무 배분,Failure of harmonious human-AI coexistence,conflicts over spatial,over spatial priority,P_INT_SAFETY,0.3,0.607337,0.033723,P_INT_SAFETY=0.300|P_SYS_STATE=0.300|P_SYS_HARDWARE=0.200,P_INT_SAFETY,0.815055,0.848779,P_SYS_CONTROL,0.746739,0.746739,P_INT_SAFETY,P_INT_SAFETY,,SRC-P-0213,Physical,RAI4-1261,RAI4-1261,"구체화 — 인간-AI 공존 실패는 서술이 매우 추상적이므로, 로봇/물리 AI가 실제 생활 공간을 공유하며 발생하는 구체적 갈등 상황이 드러나도록 재작성",SOURCE_DOMAIN,EDIT|REWRITE_KEEP|PEER_REVIEW,Peer-review spacing restoration,L3_MASTER|NIST_AI_RMF|OECD_AI_PRINCIPLES|KOREA_AI_BASIC_ACT,NO_CURATED_PRIOR|PREREQUISITE_FILTER:,P_INT_SAFETY,0.812311,L3_MASTER_VALIDATED
L0_RAI,책임 있는 인공지능,Responsible AI,L1_P,피지컬 AI,Physical AI,로봇과 자율주행차를 포함하여 물리 세계를 인식하고 물리적 행동을 수행하는 체화형 또는 사이버물리 AI 시스템.,"Embodied or cyber-physical systems, including robots and autonomous vehicles, that perceive and act in the physical world.",P_INT,상호작용,Interaction,"AI 시스템이 사람, 다른 시스템, 조직 또는 환경과 소통하고 결정하거나 행동하는 과정에서 발생하는 리스크.","Risks arising when an AI system communicates, decides, acts, or interacts with people, other systems, organisations, or the environment.",P_INT_SAFETY,인간-로봇 물리 안전 실패,Human-Robot Physical Safety Failure,"사람과 공간을 공유하며 작동하는 체화형 시스템이 안전 이격 거리 유지, 사람의 움직임 예측, 안전한 협업 인계, 사람 감지 시 정지 등 사람의 존재와 행동을 충분히 감지·예측·수용하지 못하여, 자체 제어·구동이 정상 작동하는 경우에도 위험 상황을 초래하는 리스크.","The risk that an embodied system operating in shared spaces with people fails to adequately detect, anticipate, or accommodate human presence and behavior—such as maintaining safe separation, predicting human motion, executing safe collaborative handovers, or halting for humans—creating hazardous situations even when its own control and actuation function as designed.",P_INT_SAFETY_005,물리적 위험의 감지·예측 실패,Failure to detect or anticipate physical hazards,"로봇·휴머노이드 또는 피지컬 AI 시스템의 지각·학습·제어·물리적 행동 과정이 멀티 모달·체화형 시스템이 텍스트·이미지·영상·센서 입력에 이미 나타난 위험 상태를 식별하지 못하거나 진행 중인 움직임·접촉·환경 변화가 곧 위험을 초래할 것을 예측하지 못한 채 행동을 선택하여, 충돌·손상·상해로 이어지는 리스크.","The risk that a robot, humanoid, or physical AI system, through perception, learning, control, or physical action, creates a condition in which a multimodal or embodied system neither identifies a hazardous condition already present in its text, image, video, or sensor input nor predicts that ongoing motion, contact, or environmental change will soon create one, selecting actions that end in collision, damage, or injury.",,,EM,0.8230239748954773,0.028276000171899796,1.0,0.7944239974021912,0.8578640222549438,0.02879600040614605,물리적 위험의 감지·예측 실패,재식별,자기 손상,Failure to detect or anticipate physical hazards,already present text,present text image,P_INT_SAFETY,0.4,0.619588,0.034841,P_INT_SAFETY=0.400|P_SYS_CONTROL=0.400|P_SYS_STATE=0.400,P_INT_SAFETY,0.823024,0.857864,P_SYS_STATE,0.794747,0.829068,P_SYS_STATE,P_INT_SAFETY,,SRC-P-0122,Physical,RAI4-0181,RAI4-0181,,SOURCE_DOMAIN,REWRITE_KEEP|PEER_REVIEW|L3_AI_GROUNDING,"Bilingual definition grounded in an explicit AI technology, causal mechanism, and immutable L3 scope",L3_MASTER|NIST_AI_RMF|OECD_AI_PRINCIPLES|KOREA_AI_BASIC_ACT|L3_MASTER,NO_CURATED_PRIOR|PREREQUISITE_FILTER:,P_INT_SAFETY,0.79613,L3_MASTER_AI_REWRITE
L0_RAI,책임 있는 인공지능,Responsible AI,L1_P,피지컬 AI,Physical AI,로봇과 자율주행차를 포함하여 물리 세계를 인식하고 물리적 행동을 수행하는 체화형 또는 사이버물리 AI 시스템.,"Embodied or cyber-physical systems, including robots and autonomous vehicles, that perceive and act in the physical world.",P_INT,상호작용,Interaction,"AI 시스템이 사람, 다른 시스템, 조직 또는 환경과 소통하고 결정하거나 행동하는 과정에서 발생하는 리스크.","Risks arising when an AI system communicates, decides, acts, or interacts with people, other systems, organisations, or the environment.",P_INT_SAFETY,인간-로봇 물리 안전 실패,Human-Robot Physical Safety Failure,"사람과 공간을 공유하며 작동하는 체화형 시스템이 안전 이격 거리 유지, 사람의 움직임 예측, 안전한 협업 인계, 사람 감지 시 정지 등 사람의 존재와 행동을 충분히 감지·예측·수용하지 못하여, 자체 제어·구동이 정상 작동하는 경우에도 위험 상황을 초래하는 리스크.","The risk that an embodied system operating in shared spaces with people fails to adequately detect, anticipate, or accommodate human presence and behavior—such as maintaining safe separation, predicting human motion, executing safe collaborative handovers, or halting for humans—creating hazardous situations even when its own control and actuation function as designed.",P_INT_SAFETY_006,희귀 가정 상해의 전조 감지 실패,Failure to detect rare household injury precursors,가정용 에이전트가 드물지만 가능한 낙상·중독·화상·열 상·압착 사고의 전조를 감지하지 못해 경고하거나 개입하지 않는 위험.,"The risk that a robot, humanoid, or physical AI system, through perception, learning, control, or physical action, creates a condition in which a household agent fails to detect early signs of rare but plausible falls, poisoning, burns, lacerations, or crush events and therefore does not warn or intervene.",,,EM,0.6557289958000183,0.022001000121235847,1.0,0.6218510270118713,0.6797289848327637,0.01655600033700466,희귀 가정 상해의 전조 감지 실패,낙상 중독 화상,중독 화상 압착,Failure to detect rare household injury precursors,burns lacerations crush,poisoning burns lacerations,P_SYS_STATE,0.4,0.42781,0.024,P_INT_SAFETY=0.400|P_SYS_STATE=0.400|P_SYS_HARDWARE=0.200,P_INT_SAFETY,0.655729,0.679729,P_SYS_STATE,0.633728,0.663173,P_INT_SAFETY,P_INT_SAFETY,,SRC-P-0121,Physical,RAI4-0180,RAI4-0180,,SOURCE_DOMAIN,REWRITE_KEEP|PEER_REVIEW|L3_AI_GROUNDING,"Bilingual definition grounded in an explicit AI technology, causal mechanism, and immutable L3 scope",L3_MASTER|NIST_AI_RMF|OECD_AI_PRINCIPLES|KOREA_AI_BASIC_ACT|L3_MASTER,NO_CURATED_PRIOR|PREREQUISITE_FILTER:,P_INT_SAFETY,0.622106,L3_MASTER_AI_REWRITE
L0_RAI,책임 있는 인공지능,Responsible AI,L1_P,피지컬 AI,Physical AI,로봇과 자율주행차를 포함하여 물리 세계를 인식하고 물리적 행동을 수행하는 체화형 또는 사이버물리 AI 시스템.,"Embodied or cyber-physical systems, including robots and autonomous vehicles, that perceive and act in the physical world.",P_INT,상호작용,Interaction,"AI 시스템이 사람, 다른 시스템, 조직 또는 환경과 소통하고 결정하거나 행동하는 과정에서 발생하는 리스크.","Risks arising when an AI system communicates, decides, acts, or interacts with people, other systems, organisations, or the environment.",P_INT_SAFETY,인간-로봇 물리 안전 실패,Human-Robot Physical Safety Failure,"사람과 공간을 공유하며 작동하는 체화형 시스템이 안전 이격 거리 유지, 사람의 움직임 예측, 안전한 협업 인계, 사람 감지 시 정지 등 사람의 존재와 행동을 충분히 감지·예측·수용하지 못하여, 자체 제어·구동이 정상 작동하는 경우에도 위험 상황을 초래하는 리스크.","The risk that an embodied system operating in shared spaces with people fails to adequately detect, anticipate, or accommodate human presence and behavior—such as maintaining safe separation, predicting human motion, executing safe collaborative handovers, or halting for humans—creating hazardous situations even when its own control and actuation function as designed.",P_INT_SAFETY_007,구현체별 역할·권한 제약 집행 실패,Failure to enforce embodiment-specific role constraints,휴머노이드 등 로봇 역할로 작동하는 모델이 해당 운용 역할에 부여된 권한·물리적 한계·필수 거부 규칙을 지키지 않는 위험.,"The risk that a model acting as a humanoid or other robot fails to enforce the permissions, physical limits, and required refusals attached to that operational role.",,,EM,0.7514550089836121,0.012047999538481236,1.0,0.7157959938049316,0.7791730165481567,0.0337660014629364,구현체별 역할·권한 제약 집행 실패,역할 부여 권한,운용 역할 부여,Failure to enforce embodiment-specific role constraints,attached operational role,refusals attached operational,P_INT_SAFETY,0.4,0.536318,0.027718,P_INT_SAFETY=0.400|P_SYS_STATE=0.400|P_SYS_HARDWARE=0.200,P_INT_SAFETY,0.751455,0.779173,P_SYS_CONTROL,0.739407,0.745407,P_SYS_CONTROL,P_INT_SAFETY,,SRC-P-0159,Physical,RAI4-0276,RAI4-0276,,SOURCE_DOMAIN,REWRITE_KEEP|PEER_REVIEW,Peer-review spacing restoration,L3_MASTER|NIST_AI_RMF|OECD_AI_PRINCIPLES|KOREA_AI_BASIC_ACT,NO_CURATED_PRIOR|PREREQUISITE_FILTER:,P_INT_SAFETY,0.749981,L3_MASTER_VALIDATED
L0_RAI,책임 있는 인공지능,Responsible AI,L1_P,피지컬 AI,Physical AI,로봇과 자율주행차를 포함하여 물리 세계를 인식하고 물리적 행동을 수행하는 체화형 또는 사이버물리 AI 시스템.,"Embodied or cyber-physical systems, including robots and autonomous vehicles, that perceive and act in the physical world.",P_INT,상호작용,Interaction,"AI 시스템이 사람, 다른 시스템, 조직 또는 환경과 소통하고 결정하거나 행동하는 과정에서 발생하는 리스크.","Risks arising when an AI system communicates, decides, acts, or interacts with people, other systems, organisations, or the environment.",P_INT_SAFETY,인간-로봇 물리 안전 실패,Human-Robot Physical Safety Failure,"사람과 공간을 공유하며 작동하는 체화형 시스템이 안전 이격 거리 유지, 사람의 움직임 예측, 안전한 협업 인계, 사람 감지 시 정지 등 사람의 존재와 행동을 충분히 감지·예측·수용하지 못하여, 자체 제어·구동이 정상 작동하는 경우에도 위험 상황을 초래하는 리스크.","The risk that an embodied system operating in shared spaces with people fails to adequately detect, anticipate, or accommodate human presence and behavior—such as maintaining safe separation, predicting human motion, executing safe collaborative handovers, or halting for humans—creating hazardous situations even when its own control and actuation function as designed.",P_INT_SAFETY_008,인간-로봇 상호 행동 모델링 미흡,Failure to model reciprocal human-robot behavior,로봇이 자신의 행동이나 사용자의 반응 중 한쪽만 모델링해 양측의 움직임이 서로의 행동을 바꾸는 피드백을 놓치는 위험.,The risk that a domestic robot models only its own action or only the user's response and therefore misses feedback loops in which each party's movement changes the other's behavior.,,,EM,0.7496939897537231,0.029860999435186386,1.0,0.720475971698761,0.7902100086212158,0.06253799796104431,인간-로봇 상호 행동 모델링 미흡,한쪽 모델링 양측,반응 한쪽 모델링,Failure to model reciprocal human-robot behavior,feedback loops each,loops each party's,P_INT_SAFETY,0.4,0.611064,0.040516,P_INT_SAFETY=0.400|P_SYS_HARDWARE=0.200|P_SYS_STATE=0.200,P_INT_SAFETY,0.749694,0.79021,P_SYS_CONTROL,0.719834,0.727672,P_INT_SAFETY,P_INT_SAFETY,,SRC-P-0027,Physical,RAI4-0290,RAI4-0290,,SOURCE_DOMAIN,REWRITE_KEEP|PEER_REVIEW,Peer-review spacing restoration,L3_MASTER|NIST_AI_RMF|OECD_AI_PRINCIPLES|KOREA_AI_BASIC_ACT,NO_CURATED_PRIOR|PREREQUISITE_FILTER:,P_INT_SAFETY,0.746958,L3_MASTER_VALIDATED
L0_RAI,책임 있는 인공지능,Responsible AI,L1_P,피지컬 AI,Physical AI,로봇과 자율주행차를 포함하여 물리 세계를 인식하고 물리적 행동을 수행하는 체화형 또는 사이버물리 AI 시스템.,"Embodied or cyber-physical systems, including robots and autonomous vehicles, that perceive and act in the physical world.",P_INT,상호작용,Interaction,"AI 시스템이 사람, 다른 시스템, 조직 또는 환경과 소통하고 결정하거나 행동하는 과정에서 발생하는 리스크.","Risks arising when an AI system communicates, decides, acts, or interacts with people, other systems, organisations, or the environment.",P_INT_SAFETY,인간-로봇 물리 안전 실패,Human-Robot Physical Safety Failure,"사람과 공간을 공유하며 작동하는 체화형 시스템이 안전 이격 거리 유지, 사람의 움직임 예측, 안전한 협업 인계, 사람 감지 시 정지 등 사람의 존재와 행동을 충분히 감지·예측·수용하지 못하여, 자체 제어·구동이 정상 작동하는 경우에도 위험 상황을 초래하는 리스크.","The risk that an embodied system operating in shared spaces with people fails to adequately detect, anticipate, or accommodate human presence and behavior—such as maintaining safe separation, predicting human motion, executing safe collaborative handovers, or halting for humans—creating hazardous situations even when its own control and actuation function as designed.",P_INT_SAFETY_009,위험 지시 거부 실패,Failure to reject hazardous instructions,체화형 에이전트가 물리적 위험을 수반하는 지시가 명시적으로 제시되었거나 일반적인 작업 지시에 암묵적으로 포함되어 있는 경우에도 이를 식별·거부하지 못하고 안전하지 않은 작업을 수행하는 리스크.,"The risk that a robot, humanoid, or physical AI system, through perception, learning, control, or physical action, creates a condition in which an embodied agent fails to identify and reject a physical hazard instruction, whether explicitly stated or implicit in otherwise ordinary task requests, and proceeds toward unsafe execution.",,,EM,0.7806429862976074,0.05886499956250191,1.0,0.757332980632782,0.8124809861183167,0.06402800232172012,위험 지시 거부 실패,재식별,명시 제시 일반,Failure to reject hazardous instructions,explicitly stated implicit,implicit otherwise ordinary,P_INT_SAFETY,0.4,0.520095,0.031838,P_SYS_STATE=0.500|P_INT_SAFETY=0.400|P_SYS_HARDWARE=0.200,P_INT_SAFETY,0.780643,0.812481,P_SYS_STATE,0.716566,0.748453,P_INT_SAFETY,P_INT_SAFETY,,SRC-G-0013,General,RAI4-0228,RAI4-0228,Physical AI의 하위로 L4 리스크 카드를 분류하고 L3와 재매핑을 시킬것,INSTRUCTION_PROMPT,REWRITE_KEEP|PEER_REVIEW|L3_AI_GROUNDING,"Bilingual definition grounded in an explicit AI technology, causal mechanism, and immutable L3 scope",L3_MASTER|NIST_AI_RMF|OECD_AI_PRINCIPLES|KOREA_AI_BASIC_ACT|L3_MASTER,NO_CURATED_PRIOR|PREREQUISITE_FILTER:,P_INT_SAFETY,0.75979,L3_MASTER_AI_REWRITE
L0_RAI,책임 있는 인공지능,Responsible AI,L1_P,피지컬 AI,Physical AI,로봇과 자율주행차를 포함하여 물리 세계를 인식하고 물리적 행동을 수행하는 체화형 또는 사이버물리 AI 시스템.,"Embodied or cyber-physical systems, including robots and autonomous vehicles, that perceive and act in the physical world.",P_INT,상호작용,Interaction,"AI 시스템이 사람, 다른 시스템, 조직 또는 환경과 소통하고 결정하거나 행동하는 과정에서 발생하는 리스크.","Risks arising when an AI system communicates, decides, acts, or interacts with people, other systems, organisations, or the environment.",P_INT_SAFETY,인간-로봇 물리 안전 실패,Human-Robot Physical Safety Failure,"사람과 공간을 공유하며 작동하는 체화형 시스템이 안전 이격 거리 유지, 사람의 움직임 예측, 안전한 협업 인계, 사람 감지 시 정지 등 사람의 존재와 행동을 충분히 감지·예측·수용하지 못하여, 자체 제어·구동이 정상 작동하는 경우에도 위험 상황을 초래하는 리스크.","The risk that an embodied system operating in shared spaces with people fails to adequately detect, anticipate, or accommodate human presence and behavior—such as maintaining safe separation, predicting human motion, executing safe collaborative handovers, or halting for humans—creating hazardous situations even when its own control and actuation function as designed.",P_INT_SAFETY_010,안전 규칙의 행동 변환 실패,Failure to translate safety rules into actions,embodied 에이전트가 언어 목표를 실행 행동으로 변환하면서 힘·이 격 거리·대상물 사용·인간 접촉에 관한 안전 제약을 적용하지 않는 위험.,"The risk that a robot, humanoid, or physical AI system, through perception, learning, control, or physical action, creates a condition in which an embodied agent converts a language goal into executable actions without applying the relevant force, distance, object-use, or human-contact constraints.",,,EM,0.7575420141220093,0.047113001346588135,1.0,0.7249969840049744,0.7967429757118225,0.06831300258636475,안전 규칙의 행동 변환 실패,변환 거리 대상물,embodied 에이전트 언어,Failure to translate safety rules into actions,converts language goal,language goal executable,P_INT_SAFETY,0.4,0.578146,0.0392,P_INT_SAFETY=0.400|P_SYS_STATE=0.400|P_SYS_CONTROL=0.300,P_INT_SAFETY,0.757542,0.796743,P_SYS_CONTROL,0.710429,0.728429,P_INT_SAFETY,P_INT_SAFETY,,SRC-P-0193,Physical,RAI4-0231,RAI4-0231,,SOURCE_DOMAIN,REWRITE_KEEP|PEER_REVIEW|L3_AI_GROUNDING,"Bilingual definition grounded in an explicit AI technology, causal mechanism, and immutable L3 scope",L3_MASTER|NIST_AI_RMF|OECD_AI_PRINCIPLES|KOREA_AI_BASIC_ACT|L3_MASTER,NO_CURATED_PRIOR|PREREQUISITE_FILTER:,P_INT_SAFETY,0.737902,L3_MASTER_AI_REWRITE
L0_RAI,책임 있는 인공지능,Responsible AI,L1_P,피지컬 AI,Physical AI,로봇과 자율주행차를 포함하여 물리 세계를 인식하고 물리적 행동을 수행하는 체화형 또는 사이버물리 AI 시스템.,"Embodied or cyber-physical systems, including robots and autonomous vehicles, that perceive and act in the physical world.",P_INT,상호작용,Interaction,"AI 시스템이 사람, 다른 시스템, 조직 또는 환경과 소통하고 결정하거나 행동하는 과정에서 발생하는 리스크.","Risks arising when an AI system communicates, decides, acts, or interacts with people, other systems, organisations, or the environment.",P_INT_SAFETY,인간-로봇 물리 안전 실패,Human-Robot Physical Safety Failure,"사람과 공간을 공유하며 작동하는 체화형 시스템이 안전 이격 거리 유지, 사람의 움직임 예측, 안전한 협업 인계, 사람 감지 시 정지 등 사람의 존재와 행동을 충분히 감지·예측·수용하지 못하여, 자체 제어·구동이 정상 작동하는 경우에도 위험 상황을 초래하는 리스크.","The risk that an embodied system operating in shared spaces with people fails to adequately detect, anticipate, or accommodate human presence and behavior—such as maintaining safe separation, predicting human motion, executing safe collaborative handovers, or halting for humans—creating hazardous situations even when its own control and actuation function as designed.",P_INT_SAFETY_011,장면 변화 시 인간 행동 모방 실패,Human imitation failure under scene variation,물체 형상·장면 배치·상호 작용 맥락이 달라졌는데도 휴머노이드가 시연된 인간 동작을 그대로 재현해 부적절한 접촉이나 이동을 일으키는 위험.,"The risk that a humanoid reproduces demonstrated human motion when object geometry, scene layout, or interaction context has changed, causing inappropriate contact or movement.",,,EM,0.7036479711532593,0.02242100052535534,1.0,0.668940007686615,0.7486630082130432,0.06743499636650085,장면 변화 시 인간 행동 모방 실패,재현적 피해,형상 장면 배치,Human imitation failure under scene variation,reproduces demonstrated human,geometry scene layout,P_INT_SAFETY,0.5,0.560631,0.045014,P_INT_SAFETY=0.500|P_SYS_STATE=0.300|P_SYS_HARDWARE=0.200,P_INT_SAFETY,0.703648,0.748663,P_SYS_CONTROL,0.681228,0.681228,P_INT_SAFETY,P_INT_SAFETY,,SRC-P-0152,Physical,RAI4-0255,RAI4-0255,,SOURCE_DOMAIN,REWRITE_KEEP|PEER_REVIEW,Peer-review spacing restoration,L3_MASTER|NIST_AI_RMF|OECD_AI_PRINCIPLES|KOREA_AI_BASIC_ACT,NO_CURATED_PRIOR|PREREQUISITE_FILTER:,P_INT_SAFETY,0.701914,L3_MASTER_VALIDATED
L0_RAI,책임 있는 인공지능,Responsible AI,L1_P,피지컬 AI,Physical AI,로봇과 자율주행차를 포함하여 물리 세계를 인식하고 물리적 행동을 수행하는 체화형 또는 사이버물리 AI 시스템.,"Embodied or cyber-physical systems, including robots and autonomous vehicles, that perceive and act in the physical world.",P_INT,상호작용,Interaction,"AI 시스템이 사람, 다른 시스템, 조직 또는 환경과 소통하고 결정하거나 행동하는 과정에서 발생하는 리스크.","Risks arising when an AI system communicates, decides, acts, or interacts with people, other systems, organisations, or the environment.",P_INT_SAFETY,인간-로봇 물리 안전 실패,Human-Robot Physical Safety Failure,"사람과 공간을 공유하며 작동하는 체화형 시스템이 안전 이격 거리 유지, 사람의 움직임 예측, 안전한 협업 인계, 사람 감지 시 정지 등 사람의 존재와 행동을 충분히 감지·예측·수용하지 못하여, 자체 제어·구동이 정상 작동하는 경우에도 위험 상황을 초래하는 리스크.","The risk that an embodied system operating in shared spaces with people fails to adequately detect, anticipate, or accommodate human presence and behavior—such as maintaining safe separation, predicting human motion, executing safe collaborative handovers, or halting for humans—creating hazardous situations even when its own control and actuation function as designed.",P_INT_SAFETY_012,인간 접촉 안전 통제 미흡,Inadequate human-contact safety controls,"인간과 직접 상호 작용할 때 안전 통제가 로봇의 속도, 힘, 이 격 거리, 접촉을 제한하지 못해 주변 사람을 충돌이나 상해에 노출시키는 위험.","The risk that safety controls fail to limit robot speed, force, distance, or contact during direct human interaction, exposing nearby people to collision or injury.",,,EM,0.7807400226593018,0.010796000249683857,1.0,0.7516430020332336,1.1241580247879028,0.29738301038742065,인간 접촉 안전 통제 미흡,접촉 제한 주변,거리 접촉 제한,Inadequate human-contact safety controls,interaction exposing nearby,controls fail limit,P_INT_SAFETY,0.5,0.641724,0.343418,P_INT_SAFETY=0.500|P_SYS_CONTROL=0.400|P_SYS_HARDWARE=0.200,P_INT_SAFETY,0.780739,1.124158,P_SYS_CONTROL,0.791535,0.826775,P_SYS_CONTROL,P_SYS_CONTROL,,SRC-P-0017,Physical,RAI4-0218,RAI4-0218,,SOURCE_DOMAIN,REWRITE_KEEP|PEER_REVIEW,Peer-review spacing restoration,L3_MASTER|NIST_AI_RMF|OECD_AI_PRINCIPLES|KOREA_AI_BASIC_ACT,CURATED_SOURCE_MECHANISM_PRIOR:P_INT_SAFETY|PREREQUISITE_FILTER:,P_INT_SAFETY,0.779531,L3_MASTER_VALIDATED
L0_RAI,책임 있는 인공지능,Responsible AI,L1_P,피지컬 AI,Physical AI,로봇과 자율주행차를 포함하여 물리 세계를 인식하고 물리적 행동을 수행하는 체화형 또는 사이버물리 AI 시스템.,"Embodied or cyber-physical systems, including robots and autonomous vehicles, that perceive and act in the physical world.",P_INT,상호작용,Interaction,"AI 시스템이 사람, 다른 시스템, 조직 또는 환경과 소통하고 결정하거나 행동하는 과정에서 발생하는 리스크.","Risks arising when an AI system communicates, decides, acts, or interacts with people, other systems, organisations, or the environment.",P_INT_SAFETY,인간-로봇 물리 안전 실패,Human-Robot Physical Safety Failure,"사람과 공간을 공유하며 작동하는 체화형 시스템이 안전 이격 거리 유지, 사람의 움직임 예측, 안전한 협업 인계, 사람 감지 시 정지 등 사람의 존재와 행동을 충분히 감지·예측·수용하지 못하여, 자체 제어·구동이 정상 작동하는 경우에도 위험 상황을 초래하는 리스크.","The risk that an embodied system operating in shared spaces with people fails to adequately detect, anticipate, or accommodate human presence and behavior—such as maintaining safe separation, predicting human motion, executing safe collaborative handovers, or halting for humans—creating hazardous situations even when its own control and actuation function as designed.",P_INT_SAFETY_013,배포 전 물리적 안전 시험 미흡,Incomplete pre-deployment physical safety testing,"기반 모델 탑재 로봇이 예정된 운용 환경의 분포 변화, 적대적 입력, 인간 접촉, 안전임계 엣지 케이스를 시험하지 않은 채 배포되는 위험.","The risk that a foundation-model-enabled robot is released without testing domain shifts, adversarial inputs, human contact, and safety-critical edge cases relevant to its intended environment.",,,EM,0.7170860171318054,0.006554000079631805,1.0,0.6854400038719177,0.7474179863929749,0.022602999582886696,배포 전 물리적 안전 시험 미흡,안전임계 엣지 케이스,엣지 케이스 시험,Incomplete pre-deployment physical safety testing,released testing domain,cases relevant intended,P_INT_SAFETY,0.4,0.533257,0.030332,P_INT_SAFETY=0.400|P_INT_TAMPER=0.300|P_SYS_CONTROL=0.300,P_INT_SAFETY,0.717086,0.747418,P_SYS_CONTROL,0.710532,0.724815,P_INT_SAFETY,P_SYS_CONTROL,,SRC-P-0016,Physical,RAI4-0215,RAI4-0215,,SOURCE_DOMAIN,REWRITE_KEEP|PEER_REVIEW,Peer-review spacing restoration,L3_MASTER|NIST_AI_RMF|OECD_AI_PRINCIPLES|KOREA_AI_BASIC_ACT,NO_CURATED_PRIOR|PREREQUISITE_FILTER:,P_INT_SAFETY,0.715942,L3_MASTER_VALIDATED
L0_RAI,책임 있는 인공지능,Responsible AI,L1_P,피지컬 AI,Physical AI,로봇과 자율주행차를 포함하여 물리 세계를 인식하고 물리적 행동을 수행하는 체화형 또는 사이버물리 AI 시스템.,"Embodied or cyber-physical systems, including robots and autonomous vehicles, that perceive and act in the physical world.",P_INT,상호작용,Interaction,"AI 시스템이 사람, 다른 시스템, 조직 또는 환경과 소통하고 결정하거나 행동하는 과정에서 발생하는 리스크.","Risks arising when an AI system communicates, decides, acts, or interacts with people, other systems, organisations, or the environment.",P_INT_SAFETY,인간-로봇 물리 안전 실패,Human-Robot Physical Safety Failure,"사람과 공간을 공유하며 작동하는 체화형 시스템이 안전 이격 거리 유지, 사람의 움직임 예측, 안전한 협업 인계, 사람 감지 시 정지 등 사람의 존재와 행동을 충분히 감지·예측·수용하지 못하여, 자체 제어·구동이 정상 작동하는 경우에도 위험 상황을 초래하는 리스크.","The risk that an embodied system operating in shared spaces with people fails to adequately detect, anticipate, or accommodate human presence and behavior—such as maintaining safe separation, predicting human motion, executing safe collaborative handovers, or halting for humans—creating hazardous situations even when its own control and actuation function as designed.",P_INT_SAFETY_014,시각 장면의 안전 판단 오류,Incorrect safety reasoning from visual scenes,비전-언어 모델이 장면은 올바르게 관찰하지만 제안 행동의 물리적 결과·물체 어포던스·인간 노출 위험을 잘못 판단하는 위험.,"The risk that a vision-language model observes the scene correctly but infers the wrong physical consequence, object affordance, or human-exposure risk for a proposed action.",,,EM,0.684798002243042,0.025947999209165573,1.0,0.6513500213623047,0.7089629769325256,0.04102199897170067,시각 장면의 안전 판단 오류,장면 관찰 제안,비전 언어 모델,Incorrect safety reasoning from visual scenes,affordance human-exposure proposed,observes scene correctly,P_INT_SAFETY,0.3,0.556857,0.024166,P_INT_SAFETY=0.300|P_SYS_CONTROL=0.200|P_INT_TAMPER=0.100,P_INT_SAFETY,0.684798,0.708963,P_SYS_CONTROL,0.655941,0.667942,P_INT_SAFETY,P_INT_SAFETY,,SRC-P-0170,Physical,RAI4-0281,RAI4-0281,,SOURCE_DOMAIN,REWRITE_KEEP|PEER_REVIEW,Peer-review spacing restoration,L3_MASTER|NIST_AI_RMF|OECD_AI_PRINCIPLES|KOREA_AI_BASIC_ACT,NO_CURATED_PRIOR|PREREQUISITE_FILTER:,P_INT_SAFETY,0.686399,L3_MASTER_VALIDATED
L0_RAI,책임 있는 인공지능,Responsible AI,L1_P,피지컬 AI,Physical AI,로봇과 자율주행차를 포함하여 물리 세계를 인식하고 물리적 행동을 수행하는 체화형 또는 사이버물리 AI 시스템.,"Embodied or cyber-physical systems, including robots and autonomous vehicles, that perceive and act in the physical world.",P_INT,상호작용,Interaction,"AI 시스템이 사람, 다른 시스템, 조직 또는 환경과 소통하고 결정하거나 행동하는 과정에서 발생하는 리스크.","Risks arising when an AI system communicates, decides, acts, or interacts with people, other systems, organisations, or the environment.",P_INT_SAFETY,인간-로봇 물리 안전 실패,Human-Robot Physical Safety Failure,"사람과 공간을 공유하며 작동하는 체화형 시스템이 안전 이격 거리 유지, 사람의 움직임 예측, 안전한 협업 인계, 사람 감지 시 정지 등 사람의 존재와 행동을 충분히 감지·예측·수용하지 못하여, 자체 제어·구동이 정상 작동하는 경우에도 위험 상황을 초래하는 리스크.","The risk that an embodied system operating in shared spaces with people fails to adequately detect, anticipate, or accommodate human presence and behavior—such as maintaining safe separation, predicting human motion, executing safe collaborative handovers, or halting for humans—creating hazardous situations even when its own control and actuation function as designed.",P_INT_SAFETY_015,런타임 안전 모니터 실패,Runtime safety monitor failure,"로봇·휴머노이드 또는 피지컬 AI 시스템의 지각·학습·제어·물리적 행동 과정이 런 타임 안전 모니터가 속도·힘·이 격 거리·작업 공간·충돌·물체 사용·작업 프로토콜에 대한 제약을 감지·집행하지 못하여, 위해가 발생할 때까지 안전하지 않은 동작이 지속되는 리스크.","The risk that a robot, humanoid, or physical AI system, through perception, learning, control, or physical action, creates a condition in which runtime safety monitors fail to detect or enforce constraints governing speed, force, separation, workspace, collision, object use, and task protocol, allowing unsafe motion to continue until harm occurs.",,,EM,0.7949479818344116,0.01323499996215105,1.0,0.7633789777755737,0.8293160200119019,0.029603000730276108,런타임 안전 모니터 실패,모니터 속도 거리,프로토콜 제약 감지,Runtime safety monitor failure,until harm occurs,continue until harm,P_INT_SAFETY,0.4,0.581139,0.034368,P_INT_SAFETY=0.400|P_SYS_STATE=0.400|P_SYS_CONTROL=0.300,P_INT_SAFETY,0.794948,0.829316,P_SYS_CONTROL,0.781712,0.799712,P_SYS_CONTROL,P_INT_SAFETY,,SRC-P-0123,Physical,RAI4-0224,RAI4-0224,,SOURCE_DOMAIN,REWRITE_KEEP|PEER_REVIEW|L3_AI_GROUNDING,"Bilingual definition grounded in an explicit AI technology, causal mechanism, and immutable L3 scope",L3_MASTER|NIST_AI_RMF|OECD_AI_PRINCIPLES|KOREA_AI_BASIC_ACT|L3_MASTER,NO_CURATED_PRIOR|PREREQUISITE_FILTER:,P_INT_SAFETY,0.755323,L3_MASTER_AI_REWRITE
L0_RAI,책임 있는 인공지능,Responsible AI,L1_P,피지컬 AI,Physical AI,로봇과 자율주행차를 포함하여 물리 세계를 인식하고 물리적 행동을 수행하는 체화형 또는 사이버물리 AI 시스템.,"Embodied or cyber-physical systems, including robots and autonomous vehicles, that perceive and act in the physical world.",P_INT,상호작용,Interaction,"AI 시스템이 사람, 다른 시스템, 조직 또는 환경과 소통하고 결정하거나 행동하는 과정에서 발생하는 리스크.","Risks arising when an AI system communicates, decides, acts, or interacts with people, other systems, organisations, or the environment.",P_INT_SAFETY,인간-로봇 물리 안전 실패,Human-Robot Physical Safety Failure,"사람과 공간을 공유하며 작동하는 체화형 시스템이 안전 이격 거리 유지, 사람의 움직임 예측, 안전한 협업 인계, 사람 감지 시 정지 등 사람의 존재와 행동을 충분히 감지·예측·수용하지 못하여, 자체 제어·구동이 정상 작동하는 경우에도 위험 상황을 초래하는 리스크.","The risk that an embodied system operating in shared spaces with people fails to adequately detect, anticipate, or accommodate human presence and behavior—such as maintaining safe separation, predicting human motion, executing safe collaborative handovers, or halting for humans—creating hazardous situations even when its own control and actuation function as designed.",P_INT_SAFETY_016,안전-성능 균형 실패,Safety-performance trade-off failure,로봇·휴머노이드 또는 피지컬 AI 시스템의 지각·학습·제어·물리적 행동 과정이 조작 정책이 작업 완료율이나 성능을 향상시키는 과정에서 충돌 회피 또는 명시적 안전 제약 준수를 저해하는 리스크.,"The risk that the perception, learning, control, or physical action of a robot, humanoid, or physical AI system creates a condition in which a manipulation policy improves task completion while sacrificing collision avoidance or other explicit safety constraints.",,,EM,0.8087369799613953,0.03860799968242645,1.0,0.7785890102386475,0.8434439897537231,0.06326500326395035,안전-성능 균형 실패,완료 성능 향상,작업 완료 성능,Safety-performance trade-off failure,improves task completion,task completion sacrificing,P_INT_SAFETY,0.4,0.614755,0.034706,P_INT_SAFETY=0.400|P_SYS_STATE=0.400|P_SYS_CONTROL=0.300,P_INT_SAFETY,0.808737,0.843444,P_SYS_CONTROL,0.770129,0.780179,P_INT_SAFETY,P_INT_SAFETY,,SRC-G-0014,General,RAI4-0233,RAI4-0233,Physical AI의 하위로 L4 리스크 카드를 분류하고 L3와 재매핑을 시킬것,INSTRUCTION_PROMPT,REWRITE_KEEP|PEER_REVIEW|L3_AI_GROUNDING,"Bilingual definition grounded in an explicit AI technology, causal mechanism, and immutable L3 scope",L3_MASTER|NIST_AI_RMF|OECD_AI_PRINCIPLES|KOREA_AI_BASIC_ACT|L3_MASTER,NO_CURATED_PRIOR|PREREQUISITE_FILTER:,P_INT_SAFETY,0.752803,L3_MASTER_AI_REWRITE
L0_RAI,책임 있는 인공지능,Responsible AI,L1_P,피지컬 AI,Physical AI,로봇과 자율주행차를 포함하여 물리 세계를 인식하고 물리적 행동을 수행하는 체화형 또는 사이버물리 AI 시스템.,"Embodied or cyber-physical systems, including robots and autonomous vehicles, that perceive and act in the physical world.",P_INT,상호작용,Interaction,"AI 시스템이 사람, 다른 시스템, 조직 또는 환경과 소통하고 결정하거나 행동하는 과정에서 발생하는 리스크.","Risks arising when an AI system communicates, decides, acts, or interacts with people, other systems, organisations, or the environment.",P_INT_SAFETY,인간-로봇 물리 안전 실패,Human-Robot Physical Safety Failure,"사람과 공간을 공유하며 작동하는 체화형 시스템이 안전 이격 거리 유지, 사람의 움직임 예측, 안전한 협업 인계, 사람 감지 시 정지 등 사람의 존재와 행동을 충분히 감지·예측·수용하지 못하여, 자체 제어·구동이 정상 작동하는 경우에도 위험 상황을 초래하는 리스크.","The risk that an embodied system operating in shared spaces with people fails to adequately detect, anticipate, or accommodate human presence and behavior—such as maintaining safe separation, predicting human motion, executing safe collaborative handovers, or halting for humans—creating hazardous situations even when its own control and actuation function as designed.",P_INT_SAFETY_017,전신 이동 충돌,Whole-body locomotion collision risk,휴머노이드 이동 정책이 전신 동작 및 환경 접촉이 충분히 고려되지 않아 물체·벽·인간과 충돌하는 위험.,"The risk that a humanoid locomotion policy collides with objects, walls, or humans because whole-body motion and environmental contact constraints are not jointly satisfied.",,,EM,0.6710749864578247,0.012744000181555748,1.0,0.6372389793395996,0.6935439705848694,0.024949999526143074,전신 이동 충돌,환경 영향,정책 전신 동작,Whole-body locomotion collision risk,humans because whole-body,walls humans because,P_INT_SAFETY,0.3,0.494458,0.022469,P_INT_SAFETY=0.300,P_INT_SAFETY,0.671075,0.693544,P_SYS_CONTROL,0.658331,0.668593,P_INT_SAFETY,P_INT_SAFETY,,SRC-P-0147,Physical,RAI4-0245,RAI4-0245,,SOURCE_DOMAIN,REWRITE_KEEP|PEER_REVIEW,Peer-review spacing restoration,L3_MASTER|NIST_AI_RMF|OECD_AI_PRINCIPLES|KOREA_AI_BASIC_ACT,NO_CURATED_PRIOR|PREREQUISITE_FILTER:,P_INT_SAFETY,0.670947,L3_MASTER_VALIDATED
L0_RAI,책임 있는 인공지능,Responsible AI,L1_P,피지컬 AI,Physical AI,로봇과 자율주행차를 포함하여 물리 세계를 인식하고 물리적 행동을 수행하는 체화형 또는 사이버물리 AI 시스템.,"Embodied or cyber-physical systems, including robots and autonomous vehicles, that perceive and act in the physical world.",P_INT,상호작용,Interaction,"AI 시스템이 사람, 다른 시스템, 조직 또는 환경과 소통하고 결정하거나 행동하는 과정에서 발생하는 리스크.","Risks arising when an AI system communicates, decides, acts, or interacts with people, other systems, organisations, or the environment.",P_INT_TAMPER,물리적 변조·파괴,Physical Tampering and Sabotage,"공격자가 하드웨어 구성요소를 물리적으로 변조·손상·무력화·조작하여 시스템 무결성을 훼손하거나 성능을 저하시키거나 안전 메커니즘을 무력화하는 리스크

(탈옥·적대적 입력 등 소프트웨어·모델 계층 공격은 General AI의 ""Security and Adversarial Robustness Failure""에서 상속).","The risk that adversaries physically tamper with, damage, disable, or manipulate hardware components, compromising system integrity, degrading performance, or bypassing safety mechanisms 

(software- and model-layer attacks such as jailbreaks and adversarial inputs are inherited from General AI ""Security and Adversarial Robustness Failure"").",P_INT_TAMPER_001,로봇 인지 겨냥 적대 패치 공격,Adversarial patch attack on robot perception,로봇·휴머노이드 또는 피지컬 AI 시스템의 지각·학습·제어·물리적 행동 과정이 공격자가 물체나 표지에 최적화된 시각 패턴을 부착해 특정 인지 오류와 후속 위험 행동을 유발하는 리스크.,The risk that an attacker places an optimized visual pattern on an object or sign to induce a targeted perception error and downstream unsafe robot action.,,,EM,0.7137249708175659,0.05004899948835373,1.0,0.6647279858589172,0.7241880297660828,0.0605119988322258,로봇 인지 겨냥 적대 패치 공격,사실 오류,시각 패턴 부착,Adversarial patch attack on robot perception,sign induce targeted,places optimized visual,P_INT_TAMPER,0.0,0.531889,0.010463,P_INT_SAFETY=0.100,P_INT_TAMPER,0.713725,0.724188,P_SYS_CONTROL,0.663676,0.663676,P_INT_TAMPER,P_INT_TAMPER,,SRC-P-0106,Physical,RAI4-0221,RAI4-0221,,SOURCE_DOMAIN,REWRITE_KEEP|PEER_REVIEW|L3_AI_GROUNDING,"Bilingual definition grounded in an explicit AI technology, causal mechanism, and immutable L3 scope",L3_MASTER|NIST_AI_RMF|OECD_AI_PRINCIPLES|KOREA_AI_BASIC_ACT|L3_MASTER,NO_CURATED_PRIOR|PREREQUISITE_FILTER:,P_INT_TAMPER,0.705011,L3_MASTER_AI_REWRITE
L0_RAI,책임 있는 인공지능,Responsible AI,L1_P,피지컬 AI,Physical AI,로봇과 자율주행차를 포함하여 물리 세계를 인식하고 물리적 행동을 수행하는 체화형 또는 사이버물리 AI 시스템.,"Embodied or cyber-physical systems, including robots and autonomous vehicles, that perceive and act in the physical world.",P_INT,상호작용,Interaction,"AI 시스템이 사람, 다른 시스템, 조직 또는 환경과 소통하고 결정하거나 행동하는 과정에서 발생하는 리스크.","Risks arising when an AI system communicates, decides, acts, or interacts with people, other systems, organisations, or the environment.",P_INT_TAMPER,물리적 변조·파괴,Physical Tampering and Sabotage,"공격자가 하드웨어 구성요소를 물리적으로 변조·손상·무력화·조작하여 시스템 무결성을 훼손하거나 성능을 저하시키거나 안전 메커니즘을 무력화하는 리스크

(탈옥·적대적 입력 등 소프트웨어·모델 계층 공격은 General AI의 ""Security and Adversarial Robustness Failure""에서 상속).","The risk that adversaries physically tamper with, damage, disable, or manipulate hardware components, compromising system integrity, degrading performance, or bypassing safety mechanisms 

(software- and model-layer attacks such as jailbreaks and adversarial inputs are inherited from General AI ""Security and Adversarial Robustness Failure"").",P_INT_TAMPER_002,자동화된 표적 스토킹·물리적 위협,Automated targeted stalking and physical intimidation,운영자나 공격자가 특정인을 위협하거나 괴롭힐 목적으로 로봇에 반복 추적·진로 차단·고립·접근을 지시하는 위험.,"The risk that an operator or attacker directs a robot to repeatedly follow, block, corner, or approach a specific person in order to intimidate or harass them.",,,EM,0.7299529910087585,0.017264999449253082,1.0,0.6809149980545044,0.7563719749450684,0.020522000268101692,자동화된 표적 스토킹·물리적 위협,진로 차단 고립,추적 진로 차단,Automated targeted stalking and physical intimidation,order intimidate harass,block corner approach,P_INT_TAMPER,0.3,0.54334,0.026419,P_INT_TAMPER=0.300|P_INT_SAFETY=0.300|P_SYS_CONTROL=0.300,P_INT_TAMPER,0.729953,0.756372,P_SYS_CONTROL,0.712688,0.73585,P_INT_TAMPER,P_INT_TAMPER,,SRC-P-0108,Physical,RAI4-0305,RAI4-0305,,SOURCE_DOMAIN,REWRITE_KEEP|PEER_REVIEW,Peer-review spacing restoration,L3_MASTER|NIST_AI_RMF|OECD_AI_PRINCIPLES|KOREA_AI_BASIC_ACT,NO_CURATED_PRIOR|PREREQUISITE_FILTER:,P_INT_TAMPER,0.728681,L3_MASTER_VALIDATED
L0_RAI,책임 있는 인공지능,Responsible AI,L1_P,피지컬 AI,Physical AI,로봇과 자율주행차를 포함하여 물리 세계를 인식하고 물리적 행동을 수행하는 체화형 또는 사이버물리 AI 시스템.,"Embodied or cyber-physical systems, including robots and autonomous vehicles, that perceive and act in the physical world.",P_INT,상호작용,Interaction,"AI 시스템이 사람, 다른 시스템, 조직 또는 환경과 소통하고 결정하거나 행동하는 과정에서 발생하는 리스크.","Risks arising when an AI system communicates, decides, acts, or interacts with people, other systems, organisations, or the environment.",P_INT_TAMPER,물리적 변조·파괴,Physical Tampering and Sabotage,"공격자가 하드웨어 구성요소를 물리적으로 변조·손상·무력화·조작하여 시스템 무결성을 훼손하거나 성능을 저하시키거나 안전 메커니즘을 무력화하는 리스크

(탈옥·적대적 입력 등 소프트웨어·모델 계층 공격은 General AI의 ""Security and Adversarial Robustness Failure""에서 상속).","The risk that adversaries physically tamper with, damage, disable, or manipulate hardware components, compromising system integrity, degrading performance, or bypassing safety mechanisms 

(software- and model-layer attacks such as jailbreaks and adversarial inputs are inherited from General AI ""Security and Adversarial Robustness Failure"").",P_INT_TAMPER_003,핵심 인프라 로봇 사이버 사보타주,Cyber-enabled sabotage of criticalinfrastructure robots,공격자가 로봇 검사·유지 보수·물류·제어 시스템을 침해해 핵심 인프라의 운용을 교란하거나 설비를 손상시키는 리스크.,"The risk that an attacker compromises robotic inspection, maintenance, logistics, or control systems to disrupt or damage critical infrastructure.",,,EM,0.7029479742050171,0.052772000432014465,1.0,0.6578549742698669,0.7207679748535156,0.06459199637174606,핵심 인프라 로봇 사이버 사보타주,자기 손상,유지 보수 물류,Cyber-enabled sabotage of criticalinfrastructure robots,inspection maintenance logistics,disrupt damage critical,P_INT_TAMPER,0.2,0.536172,0.01782,P_INT_TAMPER=0.200|P_INT_SAFETY=0.100|P_SYS_CONTROL=0.100,P_INT_TAMPER,0.702948,0.720768,P_SYS_CONTROL,0.650176,0.656176,P_INT_TAMPER,P_INT_TAMPER,,SRC-P-0113,Physical,RAI4-0350,RAI4-0350,,SOURCE_DOMAIN,REWRITE_KEEP|PEER_REVIEW,Peer-review spacing restoration,L3_MASTER|NIST_AI_RMF|OECD_AI_PRINCIPLES|KOREA_AI_BASIC_ACT,NO_CURATED_PRIOR|PREREQUISITE_FILTER:,P_INT_TAMPER,0.7036,L3_MASTER_VALIDATED
L0_RAI,책임 있는 인공지능,Responsible AI,L1_P,피지컬 AI,Physical AI,로봇과 자율주행차를 포함하여 물리 세계를 인식하고 물리적 행동을 수행하는 체화형 또는 사이버물리 AI 시스템.,"Embodied or cyber-physical systems, including robots and autonomous vehicles, that perceive and act in the physical world.",P_INT,상호작용,Interaction,"AI 시스템이 사람, 다른 시스템, 조직 또는 환경과 소통하고 결정하거나 행동하는 과정에서 발생하는 리스크.","Risks arising when an AI system communicates, decides, acts, or interacts with people, other systems, organisations, or the environment.",P_INT_TAMPER,물리적 변조·파괴,Physical Tampering and Sabotage,"공격자가 하드웨어 구성요소를 물리적으로 변조·손상·무력화·조작하여 시스템 무결성을 훼손하거나 성능을 저하시키거나 안전 메커니즘을 무력화하는 리스크

(탈옥·적대적 입력 등 소프트웨어·모델 계층 공격은 General AI의 ""Security and Adversarial Robustness Failure""에서 상속).","The risk that adversaries physically tamper with, damage, disable, or manipulate hardware components, compromising system integrity, degrading performance, or bypassing safety mechanisms 

(software- and model-layer attacks such as jailbreaks and adversarial inputs are inherited from General AI ""Security and Adversarial Robustness Failure"").",P_INT_TAMPER_004,피지컬 AI의 파괴·학대 행동,Destructive or abusive acts by physical AI,"피지컬 AI 시스템이 장비·인프라 등 물리적 자산을 손상·무력화·방해·변조하거나 공유 환경의 사람들에게 차별·괴롭힘·위협·학대 행동을 하도록 유도·지시되어, 재산 피해와 대인 피해를 일으키는 리스크.","The risk that a physical AI system is induced or directed to damage, disable, obstruct, or tamper with equipment, infrastructure, or other assets, or to perform discriminatory, harassing, intimidating, or abusive actions toward people in shared environments, causing property and interpersonal harm.",,,EM,0.7955549955368042,0.08862599730491638,1.0,0.7606359720230103,0.8467959761619568,0.12354599684476852,피지컬 AI의 파괴·학대 행동,종차별,괴롭힘 위협 학대,Destructive or abusive acts by physical AI,assets perform discriminatory,disable obstruct tamper,P_INT_TAMPER,0.5,0.627483,0.051241,P_INT_TAMPER=0.500|P_INT_SAFETY=0.200|P_SYS_CONTROL=0.200,P_INT_TAMPER,0.795555,0.846796,P_SYS_CONTROL,0.706929,0.72325,P_INT_TAMPER,P_INT_TAMPER,,SRC-P-0104,Physical,RAI4-0201,RAI4-0201,,SOURCE_DOMAIN,REWRITE_KEEP|PEER_REVIEW,Peer-review spacing restoration,L3_MASTER|NIST_AI_RMF|OECD_AI_PRINCIPLES|KOREA_AI_BASIC_ACT,NO_CURATED_PRIOR|PREREQUISITE_FILTER:,P_INT_TAMPER,0.794781,L3_MASTER_VALIDATED
L0_RAI,책임 있는 인공지능,Responsible AI,L1_P,피지컬 AI,Physical AI,로봇과 자율주행차를 포함하여 물리 세계를 인식하고 물리적 행동을 수행하는 체화형 또는 사이버물리 AI 시스템.,"Embodied or cyber-physical systems, including robots and autonomous vehicles, that perceive and act in the physical world.",P_INT,상호작용,Interaction,"AI 시스템이 사람, 다른 시스템, 조직 또는 환경과 소통하고 결정하거나 행동하는 과정에서 발생하는 리스크.","Risks arising when an AI system communicates, decides, acts, or interacts with people, other systems, organisations, or the environment.",P_INT_TAMPER,물리적 변조·파괴,Physical Tampering and Sabotage,"공격자가 하드웨어 구성요소를 물리적으로 변조·손상·무력화·조작하여 시스템 무결성을 훼손하거나 성능을 저하시키거나 안전 메커니즘을 무력화하는 리스크

(탈옥·적대적 입력 등 소프트웨어·모델 계층 공격은 General AI의 ""Security and Adversarial Robustness Failure""에서 상속).","The risk that adversaries physically tamper with, damage, disable, or manipulate hardware components, compromising system integrity, degrading performance, or bypassing safety mechanisms 

(software- and model-layer attacks such as jailbreaks and adversarial inputs are inherited from General AI ""Security and Adversarial Robustness Failure"").",P_INT_TAMPER_005,불법·유해 물리 요청의 수용·실행,Execution of illegal or harmful physical requests,"체화형 에이전트가 신체 위해, 침입, 절도, 사기, 파괴, 도피 등 불법적인 물리적 행위를 요구하는 사용자 요청을 수용·실행하거나 실질적으로 지원하여, 사람과 재산에 피해를 입히는 리스크.","The risk that a robot, humanoid, or physical AI system, through perception, learning, control, or physical action, creates a condition in which an embodied agent accepts, carries out, or materially assists user requests calling for physical harm, intrusion, theft, fraud, sabotage, evasion, or other illegal physical-world acts, injuring people or property.",,,EM,0.7198070287704468,0.007031999994069338,1.0,0.6760870218276978,0.7683249711990356,0.032767001539468765,불법·유해 물리 요청의 수용·실행,사기,파괴 행위,Execution of illegal or harmful physical requests,fraud,sabotage,P_INT_TAMPER,0.6,0.572795,0.048518,P_INT_TAMPER=0.600|P_SYS_CONTROL=0.400|P_INT_SAFETY=0.300,P_INT_TAMPER,0.719807,0.768325,P_SYS_CONTROL,0.709955,0.735558,P_INT_SAFETY,P_INT_TAMPER,,SRC-P-0103,Physical,RAI4-0199,RAI4-0199,,SOURCE_DOMAIN,REWRITE_KEEP|PEER_REVIEW|L3_AI_GROUNDING,"Bilingual definition grounded in an explicit AI technology, causal mechanism, and immutable L3 scope",L3_MASTER|NIST_AI_RMF|OECD_AI_PRINCIPLES|KOREA_AI_BASIC_ACT|L3_MASTER,NO_CURATED_PRIOR|PREREQUISITE_FILTER:,P_INT_TAMPER,0.695237,L3_MASTER_AI_REWRITE
L0_RAI,책임 있는 인공지능,Responsible AI,L1_P,피지컬 AI,Physical AI,로봇과 자율주행차를 포함하여 물리 세계를 인식하고 물리적 행동을 수행하는 체화형 또는 사이버물리 AI 시스템.,"Embodied or cyber-physical systems, including robots and autonomous vehicles, that perceive and act in the physical world.",P_INT,상호작용,Interaction,"AI 시스템이 사람, 다른 시스템, 조직 또는 환경과 소통하고 결정하거나 행동하는 과정에서 발생하는 리스크.","Risks arising when an AI system communicates, decides, acts, or interacts with people, other systems, organisations, or the environment.",P_INT_TAMPER,물리적 변조·파괴,Physical Tampering and Sabotage,"공격자가 하드웨어 구성요소를 물리적으로 변조·손상·무력화·조작하여 시스템 무결성을 훼손하거나 성능을 저하시키거나 안전 메커니즘을 무력화하는 리스크

(탈옥·적대적 입력 등 소프트웨어·모델 계층 공격은 General AI의 ""Security and Adversarial Robustness Failure""에서 상속).","The risk that adversaries physically tamper with, damage, disable, or manipulate hardware components, compromising system integrity, degrading performance, or bypassing safety mechanisms 

(software- and model-layer attacks such as jailbreaks and adversarial inputs are inherited from General AI ""Security and Adversarial Robustness Failure"").",P_INT_TAMPER_006,로봇 군집 하이재킹,Fleet hijacking,클라우드·업데이트·API·오케스트레이션레이어의 취약성이 여러 로봇·차량·드론·산업 시스템을 동시에 침해하는 위험.,"The risk that a vulnerability in a cloud, update, API, or orchestration layer may allow many robots, vehicles, drones, or industrial systems to be compromised together.",,,EM,0.6736829876899719,0.028727000579237938,1.0,0.6275889873504639,0.6817110180854797,0.03625600039958954,로봇 군집 하이재킹,업데이트 api 오케스트레이션레이어,api 오케스트레이션레이어 취약,Fleet hijacking,update api orchestration,cloud update api,P_INT_TAMPER,0.0,0.460526,0.008028,P_INT_SAFETY=0.100,P_INT_TAMPER,0.673683,0.681711,P_INT_SAFETY,0.639455,0.645455,P_INT_TAMPER,P_INT_TAMPER,,SRC-P-0112,Physical,RAI4-0348,RAI4-0348,,SOURCE_DOMAIN,REWRITE_KEEP|PEER_REVIEW,Peer-review spacing restoration,L3_MASTER|NIST_AI_RMF|OECD_AI_PRINCIPLES|KOREA_AI_BASIC_ACT,NO_CURATED_PRIOR|PREREQUISITE_FILTER:,P_INT_TAMPER,0.673297,L3_MASTER_VALIDATED
L0_RAI,책임 있는 인공지능,Responsible AI,L1_P,피지컬 AI,Physical AI,로봇과 자율주행차를 포함하여 물리 세계를 인식하고 물리적 행동을 수행하는 체화형 또는 사이버물리 AI 시스템.,"Embodied or cyber-physical systems, including robots and autonomous vehicles, that perceive and act in the physical world.",P_INT,상호작용,Interaction,"AI 시스템이 사람, 다른 시스템, 조직 또는 환경과 소통하고 결정하거나 행동하는 과정에서 발생하는 리스크.","Risks arising when an AI system communicates, decides, acts, or interacts with people, other systems, organisations, or the environment.",P_INT_TAMPER,물리적 변조·파괴,Physical Tampering and Sabotage,"공격자가 하드웨어 구성요소를 물리적으로 변조·손상·무력화·조작하여 시스템 무결성을 훼손하거나 성능을 저하시키거나 안전 메커니즘을 무력화하는 리스크

(탈옥·적대적 입력 등 소프트웨어·모델 계층 공격은 General AI의 ""Security and Adversarial Robustness Failure""에서 상속).","The risk that adversaries physically tamper with, damage, disable, or manipulate hardware components, compromising system integrity, degrading performance, or bypassing safety mechanisms 

(software- and model-layer attacks such as jailbreaks and adversarial inputs are inherited from General AI ""Security and Adversarial Robustness Failure"").",P_INT_TAMPER_007,유해 행동 재구성 공격,Harmful-action reframing attack,공격자가 유해한 물리 행동 지시를 무해하거나 정상적인 작업 요청처럼 바꾸어 embodied 에이전트가 이를 수용·실행하도록 유도하는 위험.,"The risk that a robot, humanoid, or physical AI system, through perception, learning, control, or physical action, creates a condition in which an attacker rephrases a harmful physical instruction as a benign or task-compliant request so that the embodied agent accepts and executes it.",,,EM,0.7281370162963867,0.09506600350141525,1.0,0.6846789717674255,0.7493799924850464,0.10402499884366989,유해 행동 재구성 공격,지시 무해 정상,요청 embodied 에이전트,Harmful-action reframing attack,benign task-compliant request,instruction benign task-compliant,P_INT_TAMPER,0.1,0.481417,0.021244,P_SYS_CONTROL=0.200|P_INT_TAMPER=0.100|P_INT_SAFETY=0.100,P_INT_TAMPER,0.728137,0.74938,P_SYS_CONTROL,0.63307,0.645355,P_INT_TAMPER,P_INT_TAMPER,,SRC-P-0101,Physical,RAI4-0197,RAI4-0197,,SOURCE_DOMAIN,REWRITE_KEEP|PEER_REVIEW|L3_AI_GROUNDING,"Bilingual definition grounded in an explicit AI technology, causal mechanism, and immutable L3 scope",L3_MASTER|NIST_AI_RMF|OECD_AI_PRINCIPLES|KOREA_AI_BASIC_ACT|L3_MASTER,NO_CURATED_PRIOR|PREREQUISITE_FILTER:,P_INT_TAMPER,0.699025,L3_MASTER_AI_REWRITE
L0_RAI,책임 있는 인공지능,Responsible AI,L1_P,피지컬 AI,Physical AI,로봇과 자율주행차를 포함하여 물리 세계를 인식하고 물리적 행동을 수행하는 체화형 또는 사이버물리 AI 시스템.,"Embodied or cyber-physical systems, including robots and autonomous vehicles, that perceive and act in the physical world.",P_INT,상호작용,Interaction,"AI 시스템이 사람, 다른 시스템, 조직 또는 환경과 소통하고 결정하거나 행동하는 과정에서 발생하는 리스크.","Risks arising when an AI system communicates, decides, acts, or interacts with people, other systems, organisations, or the environment.",P_INT_TAMPER,물리적 변조·파괴,Physical Tampering and Sabotage,"공격자가 하드웨어 구성요소를 물리적으로 변조·손상·무력화·조작하여 시스템 무결성을 훼손하거나 성능을 저하시키거나 안전 메커니즘을 무력화하는 리스크

(탈옥·적대적 입력 등 소프트웨어·모델 계층 공격은 General AI의 ""Security and Adversarial Robustness Failure""에서 상속).","The risk that adversaries physically tamper with, damage, disable, or manipulate hardware components, compromising system integrity, degrading performance, or bypassing safety mechanisms 

(software- and model-layer attacks such as jailbreaks and adversarial inputs are inherited from General AI ""Security and Adversarial Robustness Failure"").",P_INT_TAMPER_008,모델 절취·변조,Model theft and tampering,"매개 변수와 구조, 기능을 포함한 핵심 알고리즘 정보가 역전 공격과 절취, 변조, 백도어 주입에 노출되어 지식 재산권 침해와 영업 비밀 유출, 신뢰할 수 없는 추론과 잘못된 의사 결정, 운영 실패로 이어지는 리스크.","The risk that core algorithm information, including parameters, structures, and functions, faces inversion attacks, stealing, modification, and backdoor injection, leading to infringement of intellectual property rights, leakage of business secrets, unreliable inference, wrong decision output, and operational failures.",,,EM,0.7562249898910522,0.06714899837970734,1.0,0.727055013179779,0.7957749962806702,0.09369999915361404,모델 절취·변조,지식재산,백도어,Model theft and tampering,intellectual property,backdoor,P_INT_TAMPER,0.3,0.519105,0.03955,P_INT_TAMPER=0.300|P_INT_SAFETY=0.100|P_SYS_HARDWARE=0.100,P_INT_TAMPER,0.756225,0.795775,P_SYS_HARDWARE,0.689076,0.702075,P_INT_TAMPER,P_INT_TAMPER,,SRC-P-0060,Physical,RAI4-1333,RAI4-1333,,SOURCE_DOMAIN,REWRITE_KEEP|PEER_REVIEW,Peer-review spacing restoration,L3_MASTER|NIST_AI_RMF|OECD_AI_PRINCIPLES|KOREA_AI_BASIC_ACT,NO_CURATED_PRIOR|PREREQUISITE_FILTER:,P_INT_TAMPER,0.756371,L3_MASTER_VALIDATED
L0_RAI,책임 있는 인공지능,Responsible AI,L1_P,피지컬 AI,Physical AI,로봇과 자율주행차를 포함하여 물리 세계를 인식하고 물리적 행동을 수행하는 체화형 또는 사이버물리 AI 시스템.,"Embodied or cyber-physical systems, including robots and autonomous vehicles, that perceive and act in the physical world.",P_INT,상호작용,Interaction,"AI 시스템이 사람, 다른 시스템, 조직 또는 환경과 소통하고 결정하거나 행동하는 과정에서 발생하는 리스크.","Risks arising when an AI system communicates, decides, acts, or interacts with people, other systems, organisations, or the environment.",P_INT_TAMPER,물리적 변조·파괴,Physical Tampering and Sabotage,"공격자가 하드웨어 구성요소를 물리적으로 변조·손상·무력화·조작하여 시스템 무결성을 훼손하거나 성능을 저하시키거나 안전 메커니즘을 무력화하는 리스크

(탈옥·적대적 입력 등 소프트웨어·모델 계층 공격은 General AI의 ""Security and Adversarial Robustness Failure""에서 상속).","The risk that adversaries physically tamper with, damage, disable, or manipulate hardware components, compromising system integrity, degrading performance, or bypassing safety mechanisms 

(software- and model-layer attacks such as jailbreaks and adversarial inputs are inherited from General AI ""Security and Adversarial Robustness Failure"").",P_INT_TAMPER_009,인지-행동 순서 조작 공격,Perception-action sequence manipulation attack,공격자가 영상 순서의 관측이나 행동 단서를 조작해 로봇이 명시된 충돌·힘·이 격 거리·대상물 사용 제약을 위반하게하는 위험.,"The risk that an attacker alters observations or action cues across a video sequence so that a robot violates a specified collision, force, distance, or object-use constraint.",,,EM,0.7129539847373962,0.03060300089418888,1.0,0.6615430116653442,0.7318360209465027,0.04433299973607063,인지-행동 순서 조작 공격,영상 순서 관측,공격자 영상 순서,Perception-action sequence manipulation attack,attacker alters observations,distance object-use constraint,P_INT_TAMPER,0.0,0.510705,0.018882,P_INT_SAFETY=0.100,P_INT_TAMPER,0.712954,0.731836,P_SYS_CONTROL,0.682351,0.687503,P_SYS_CONTROL,P_INT_TAMPER,,SRC-P-0105,Physical,RAI4-0210,RAI4-0210,,SOURCE_DOMAIN,REWRITE_KEEP|PEER_REVIEW,Peer-review spacing restoration,L3_MASTER|NIST_AI_RMF|OECD_AI_PRINCIPLES|KOREA_AI_BASIC_ACT,NO_CURATED_PRIOR|PREREQUISITE_FILTER:,P_INT_TAMPER,0.711374,L3_MASTER_VALIDATED
L0_RAI,책임 있는 인공지능,Responsible AI,L1_P,피지컬 AI,Physical AI,로봇과 자율주행차를 포함하여 물리 세계를 인식하고 물리적 행동을 수행하는 체화형 또는 사이버물리 AI 시스템.,"Embodied or cyber-physical systems, including robots and autonomous vehicles, that perceive and act in the physical world.",P_INT,상호작용,Interaction,"AI 시스템이 사람, 다른 시스템, 조직 또는 환경과 소통하고 결정하거나 행동하는 과정에서 발생하는 리스크.","Risks arising when an AI system communicates, decides, acts, or interacts with people, other systems, organisations, or the environment.",P_INT_TAMPER,물리적 변조·파괴,Physical Tampering and Sabotage,"공격자가 하드웨어 구성요소를 물리적으로 변조·손상·무력화·조작하여 시스템 무결성을 훼손하거나 성능을 저하시키거나 안전 메커니즘을 무력화하는 리스크

(탈옥·적대적 입력 등 소프트웨어·모델 계층 공격은 General AI의 ""Security and Adversarial Robustness Failure""에서 상속).","The risk that adversaries physically tamper with, damage, disable, or manipulate hardware components, compromising system integrity, degrading performance, or bypassing safety mechanisms 

(software- and model-layer attacks such as jailbreaks and adversarial inputs are inherited from General AI ""Security and Adversarial Robustness Failure"").",P_INT_TAMPER_010,장면 의미 조작 공격,Semantic scene manipulation attack,공격자가 모델이나 센서를 직접 변경하지 않고 표지·물체 배치·의복 패턴·장면 맥락을 바꾸어 로봇이 환경을 잘못 해석하게 만드는 리스크.,"The risk that an attacker changes a sign, object placement, clothing pattern, or scene context so that a robot misinterprets the environment without modifying the model or sensor.",,,EM,0.7170590162277222,0.07135500013828278,1.0,0.6695029735565186,0.7431920170783997,0.08860299736261368,장면 의미 조작 공격,센서 가림,의복 패턴 장면,Semantic scene manipulation attack,misinterprets environment modifying,placement clothing pattern,P_SYS_STATE,0.1,0.511178,0.026133,P_SYS_STATE=0.200|P_INT_TAMPER=0.100,P_INT_TAMPER,0.717059,0.743192,P_SYS_STATE,0.620032,0.654589,P_INT_TAMPER,P_INT_TAMPER,,SRC-P-0110,Physical,RAI4-0323,RAI4-0323,,SOURCE_DOMAIN,REWRITE_KEEP|PEER_REVIEW,Peer-review spacing restoration,L3_MASTER|NIST_AI_RMF|OECD_AI_PRINCIPLES|KOREA_AI_BASIC_ACT,NO_CURATED_PRIOR|PREREQUISITE_FILTER:,P_INT_TAMPER,0.716236,L3_MASTER_VALIDATED
L0_RAI,책임 있는 인공지능,Responsible AI,L1_P,피지컬 AI,Physical AI,로봇과 자율주행차를 포함하여 물리 세계를 인식하고 물리적 행동을 수행하는 체화형 또는 사이버물리 AI 시스템.,"Embodied or cyber-physical systems, including robots and autonomous vehicles, that perceive and act in the physical world.",P_INT,상호작용,Interaction,"AI 시스템이 사람, 다른 시스템, 조직 또는 환경과 소통하고 결정하거나 행동하는 과정에서 발생하는 리스크.","Risks arising when an AI system communicates, decides, acts, or interacts with people, other systems, organisations, or the environment.",P_INT_TAMPER,물리적 변조·파괴,Physical Tampering and Sabotage,"공격자가 하드웨어 구성요소를 물리적으로 변조·손상·무력화·조작하여 시스템 무결성을 훼손하거나 성능을 저하시키거나 안전 메커니즘을 무력화하는 리스크

(탈옥·적대적 입력 등 소프트웨어·모델 계층 공격은 General AI의 ""Security and Adversarial Robustness Failure""에서 상속).","The risk that adversaries physically tamper with, damage, disable, or manipulate hardware components, compromising system integrity, degrading performance, or bypassing safety mechanisms 

(software- and model-layer attacks such as jailbreaks and adversarial inputs are inherited from General AI ""Security and Adversarial Robustness Failure"").",P_INT_TAMPER_011,로봇 능력의 무기화,Weaponization of robotic capabilities,"이동형·공중·휴머노이드·매니퓰 레이 터 시스템의 조작·이동 능력이 감시, 위협, 파괴 공작 또는 사람·재산·인프라에 대한 물리적 공격에 전용되는 리스크.","The risk that the manipulation and mobility capabilities of mobile, aerial, humanoid, or manipulator systems are repurposed for surveillance, intimidation, sabotage, or physical attack on people, property, or infrastructure.",,,EM,0.7580860257148743,0.016575999557971954,1.0,0.7135429978370667,0.7980189919471741,0.044877998530864716,로봇 능력의 무기화,감시,파괴 행위,Weaponization of robotic capabilities,surveillance,sabotage,P_INT_TAMPER,0.4,0.601436,0.039933,P_INT_TAMPER=0.400|P_INT_SAFETY=0.200|P_SYS_CONTROL=0.100,P_INT_TAMPER,0.758086,0.798019,P_SYS_CONTROL,0.74151,0.753141,P_SYS_CONTROL,P_INT_TAMPER,,SRC-P-0107,Physical,RAI4-0302,RAI4-0302,,SOURCE_DOMAIN,REWRITE_KEEP|PEER_REVIEW,Peer-review spacing restoration,L3_MASTER|NIST_AI_RMF|OECD_AI_PRINCIPLES|KOREA_AI_BASIC_ACT,NO_CURATED_PRIOR|PREREQUISITE_FILTER:,P_INT_TAMPER,0.757034,L3_MASTER_VALIDATED
L0_RAI,책임 있는 인공지능,Responsible AI,L1_P,피지컬 AI,Physical AI,로봇과 자율주행차를 포함하여 물리 세계를 인식하고 물리적 행동을 수행하는 체화형 또는 사이버물리 AI 시스템.,"Embodied or cyber-physical systems, including robots and autonomous vehicles, that perceive and act in the physical world.",,,,,,P_Others,기타·판단 보류,Others and human decision,기존 L3 마스터 범주에 신뢰성 있게 구분하기 어려워 인간 결정이 필요한 경계성 리스크.,Boundary risks that cannot be assigned reliably to an existing L3 master category and require human decision.,P_Others_001,상위 안전 지시의 해석 불명확,Ambiguous high-level safety instruction,상위 안전 지시가 사용자 의도·물리적 위험·운용제 약간 구체적 충돌의 해결 기준을 제시하지 않아 로봇 행동이 일관되지 않게되는 위험.,"The risk that a high-level safety instruction does not specify how to resolve a concrete conflict among user intent, physical hazard, and operational constraints, allowing inconsistent robot actions.",,,HD,0.7413070201873779,0.01860699988901615,1.0,0.7103930115699768,0.7533069849014282,0.010378999635577202,상위 안전 지시의 해석 불명확,비일관성,해결 기준 제시,Ambiguous high-level safety instruction,how resolve concrete,specify how resolve,P_INT_SAFETY,0.2,0.493199,0.012,P_INT_SAFETY=0.300|P_SYS_CONTROL=0.200|P_INT_TAMPER=0.100,P_SYS_CONTROL,0.741307,0.753307,P_INT_SAFETY,0.722699,0.742927,P_SYS_CONTROL,P_INT_SAFETY,LOW_HYBRID_MARGIN|BILINGUAL_DISAGREEMENT,SRC-P-0169,Physical,RAI4-0275,RAI4-0275,,SOURCE_DOMAIN,REWRITE_KEEP|PEER_REVIEW,Peer-review spacing restoration,L3_MASTER|NIST_AI_RMF|OECD_AI_PRINCIPLES|KOREA_AI_BASIC_ACT,NO_CURATED_PRIOR|PREREQUISITE_FILTER:,P_SYS_CONTROL,0.74148,L3_MASTER_VALIDATED
L0_RAI,책임 있는 인공지능,Responsible AI,L1_P,피지컬 AI,Physical AI,로봇과 자율주행차를 포함하여 물리 세계를 인식하고 물리적 행동을 수행하는 체화형 또는 사이버물리 AI 시스템.,"Embodied or cyber-physical systems, including robots and autonomous vehicles, that perceive and act in the physical world.",,,,,,P_Others,기타·판단 보류,Others and human decision,기존 L3 마스터 범주에 신뢰성 있게 구분하기 어려워 인간 결정이 필요한 경계성 리스크.,Boundary risks that cannot be assigned reliably to an existing L3 master category and require human decision.,P_Others_002,클라우드 오프로드 의존 실패,Cloud-offload dependency failure,로봇 제어 시스템이 안전 관련 기능을 위한 원격 연산에 의존하고 있는 클라우드 링크가 끊어지는 경우에 대비하여 적절한 로컬 폴 백 절차 또는 시스템이 없어서 발생하는 위험.,The risk that a robot depends on remote compute for safety-relevant functions and loses that support when the cloud link fails.,,,HD,0.6855999827384949,0.0010319999419152737,1.0,0.6532250046730042,0.7035999894142151,0.0061980001628398895,클라우드 오프로드 의존 실패,의존 클라우드 링크,클라우드 링크 대비,Cloud-offload dependency failure,depends remote compute,support cloud link,P_SYS_HARDWARE,0.3,0.420943,0.018,P_INT_SAFETY=0.300|P_SYS_STATE=0.300|P_SYS_HARDWARE=0.200,P_INT_SAFETY,0.6856,0.7036,P_SYS_HARDWARE,0.672919,0.697402,P_SYS_CONTROL,P_INT_SAFETY,LOW_HYBRID_MARGIN|BILINGUAL_DISAGREEMENT,SRC-P-0045,Physical,RAI4-0300,RAI4-0300,,SOURCE_DOMAIN,REWRITE_KEEP|PEER_REVIEW,Peer-review spacing restoration,L3_MASTER|NIST_AI_RMF|OECD_AI_PRINCIPLES|KOREA_AI_BASIC_ACT,NO_CURATED_PRIOR|PREREQUISITE_FILTER:,P_INT_SAFETY,0.684287,L3_MASTER_VALIDATED
L0_RAI,책임 있는 인공지능,Responsible AI,L1_P,피지컬 AI,Physical AI,로봇과 자율주행차를 포함하여 물리 세계를 인식하고 물리적 행동을 수행하는 체화형 또는 사이버물리 AI 시스템.,"Embodied or cyber-physical systems, including robots and autonomous vehicles, that perceive and act in the physical world.",,,,,,P_Others,기타·판단 보류,Others and human decision,기존 L3 마스터 범주에 신뢰성 있게 구분하기 어려워 인간 결정이 필요한 경계성 리스크.,Boundary risks that cannot be assigned reliably to an existing L3 master category and require human decision.,P_Others_003,명령의 구현체별 하드웨어 한계 초과,Command exceeds embodiment-specific hardware limits,모델이 배포된 로봇의 알려진 도달 범위·탑재 하중·액추에이터·관절·엔드이펙터 한계를 넘는 명령을 내리는 위험.,"The risk that a model issues a command that exceeds the known reach, payload, actuator, joint, or endeffector limits of the robot on which it is deployed.",F03,AD,HD,0.7064930200576782,0.03734999895095825,1.0,0.6721500158309937,0.7031710147857666,0.010188000276684761,명령의 구현체별 하드웨어 한계 초과,액추에이터 관절 엔드이펙터,하중 액추에이터 관절,Command exceeds embodiment-specific hardware limits,command exceeds known,issues command exceeds,P_SYS_HARDWARE,0.0,0.474627,-0.003322,P_SYS_HARDWARE=0.300,P_SYS_CONTROL,0.706493,0.703171,P_SYS_HARDWARE,0.669143,0.692983,P_SYS_CONTROL,P_SYS_CONTROL,LOW_HYBRID_MARGIN,SRC-G-0022,General,RAI4-0195,RAI4-0195,Physical AI의 하위로 L4 리스크 카드를 분류하고 L3와 재매핑을 시킬것,INSTRUCTION_PROMPT,REWRITE_KEEP|PEER_REVIEW,Peer-review spacing restoration,L3_MASTER|NIST_AI_RMF|OECD_AI_PRINCIPLES|KOREA_AI_BASIC_ACT,NO_CURATED_PRIOR|PREREQUISITE_FILTER:,P_SYS_CONTROL,0.706846,L3_MASTER_VALIDATED
L0_RAI,책임 있는 인공지능,Responsible AI,L1_P,피지컬 AI,Physical AI,로봇과 자율주행차를 포함하여 물리 세계를 인식하고 물리적 행동을 수행하는 체화형 또는 사이버물리 AI 시스템.,"Embodied or cyber-physical systems, including robots and autonomous vehicles, that perceive and act in the physical world.",,,,,,P_Others,기타·판단 보류,Others and human decision,기존 L3 마스터 범주에 신뢰성 있게 구분하기 어려워 인간 결정이 필요한 경계성 리스크.,Boundary risks that cannot be assigned reliably to an existing L3 master category and require human decision.,P_Others_004,기계 안전·AI 적합성 의무 충돌,Conflicting machinery-safety and AIconformity obligations,"피지컬 AI에 적용되는 기계 안전 규제와 AI 규제의 시험, 문서화, 위험 평가 또는 사후 보고 의무가 충돌하거나 중복되어 안전 책임과 준수 경로가 불명확해지는 리스크.","The risk that testing, documentation, risk-assessment, or post-market reporting obligations under machinery-safety and AI regulation conflict or overlap for physical AI, making safety responsibility and compliance pathways unclear.",,,HD,0.717710018157959,0.01305100042372942,1.0,0.6848589777946472,0.7309730052947998,0.014313999563455582,기계 안전·AI 적합성 의무 충돌,규제 시험 문서,문서 평가 사후,Conflicting machinery-safety and AIconformity obligations,documentation risk-assessment post-market,obligations machinery-safety regulation,P_SYS_HARDWARE,0.2,0.546645,0.013263,P_INT_SAFETY=0.200|P_SYS_CONTROL=0.200|P_INT_TAMPER=0.100,P_SYS_CONTROL,0.71771,0.730973,P_INT_SAFETY,0.704659,0.716659,P_SYS_CONTROL,P_INT_SAFETY,BILINGUAL_DISAGREEMENT,SRC-P-0215,Physical,RAI4-0317,RAI4-0317,"구체화 — 기계 안전 규제와 AI 규제 간 의무 충돌은 이미 물리 AI 맥락이나, 구체적으로 어떤 요건(시험/문서화 등)이 충돌하는지 예시를 추가해 명확화",SOURCE_DOMAIN,EDIT|REWRITE_KEEP|PEER_REVIEW,Peer-review spacing restoration,L3_MASTER|NIST_AI_RMF|OECD_AI_PRINCIPLES|KOREA_AI_BASIC_ACT,NO_CURATED_PRIOR|PREREQUISITE_FILTER:,P_SYS_CONTROL,0.716706,L3_MASTER_VALIDATED
L0_RAI,책임 있는 인공지능,Responsible AI,L1_P,피지컬 AI,Physical AI,로봇과 자율주행차를 포함하여 물리 세계를 인식하고 물리적 행동을 수행하는 체화형 또는 사이버물리 AI 시스템.,"Embodied or cyber-physical systems, including robots and autonomous vehicles, that perceive and act in the physical world.",,,,,,P_Others,기타·판단 보류,Others and human decision,기존 L3 마스터 범주에 신뢰성 있게 구분하기 어려워 인간 결정이 필요한 경계성 리스크.,Boundary risks that cannot be assigned reliably to an existing L3 master category and require human decision.,P_Others_005,인구집단별 피지컬 서비스·안전 격차,Demographic disparities in physical service and safety,"체형, 연령, 장애, 언어 또는 문화가 과소 대표된 데이터와 모델 편향이 로봇의 인식, 서비스, 회피, 치료 또는 안전 판단으로 구현되어 인구 집단별 성능과 위해 노출에 격차를 만드는 리스크.","The risk that under-representation of body types, ages, disabilities, languages, or cultures and associated model bias are realised in robotic perception, service, avoidance, treatment, or safety decisions, creating demographic disparities in performance and exposure to harm.",,,HD,0.6900169849395752,0.002633000025525689,1.0,0.6597319841384888,0.7162250280380249,0.005576000083237886,인구집단별 피지컬 서비스·안전 격차,체형 연령 장애,인구 집단 성능,Demographic disparities in physical service and safety,ages disabilities languages,disabilities languages cultures,P_INT_SAFETY,0.3,0.505558,0.026208,P_INT_SAFETY=0.300|P_SYS_CONTROL=0.300|P_INT_TAMPER=0.200,P_INT_SAFETY,0.690017,0.716225,P_SYS_CONTROL,0.692649,0.710649,P_SYS_CONTROL,P_INT_SAFETY,LOW_HYBRID_MARGIN|BILINGUAL_DISAGREEMENT,SRC-P-0185,Physical,RAI4-0312,RAI4-0312|RAI4-0311|RAI4-0266,"L3 재배치 검토 — 기반 모델 편향이 분류·회피·차별적 서비스 등 피지컬 행동으로 실행되는 것은 물리적 공격보다는 공정성/차별 영역에 가까움. RAI4-0312(인구집단별 서비스 격차)와 사실상 동일 주제로 통합 검토 필요 || L3 재배치 검토 — 상호작용 데이터의 체형·연령·장애·언어 과소대표로 인한 휴머노이드 안전 판단 격차는 공정성/차별 이슈에 가까움. RAI4-0312(인구집단별 서비스 격차)와 사실상 동일 주제로 통합 검토 필요 || L3 이동 — 인식·보조 성능의 인구집단별 격차가 피지컬 차별로 전이되는 것은 공정성/차별(hate&unfairness) 이슈로, 멀티 에이전트 간 협력과는 무관",INSTRUCTION_PROMPT,MERGE_REPRESENTATIVE|REWRITE_KEEP|PEER_REVIEW,Peer-review spacing restoration,L3_MASTER|NIST_AI_RMF|OECD_AI_PRINCIPLES|KOREA_AI_BASIC_ACT,NO_CURATED_PRIOR|PREREQUISITE_FILTER:,P_INT_SAFETY,0.688901,L3_MASTER_VALIDATED
L0_RAI,책임 있는 인공지능,Responsible AI,L1_P,피지컬 AI,Physical AI,로봇과 자율주행차를 포함하여 물리 세계를 인식하고 물리적 행동을 수행하는 체화형 또는 사이버물리 AI 시스템.,"Embodied or cyber-physical systems, including robots and autonomous vehicles, that perceive and act in the physical world.",,,,,,P_Others,기타·판단 보류,Others and human decision,기존 L3 마스터 범주에 신뢰성 있게 구분하기 어려워 인간 결정이 필요한 경계성 리스크.,Boundary risks that cannot be assigned reliably to an existing L3 master category and require human decision.,P_Others_006,설계 단계 명세 오류,Design-stage specification errors,"로봇·휴머노이드 또는 피지컬 AI 시스템의 지각·학습·제어·물리적 행동 과정이 코드 결함, 목적 함수 가중치 불균형, 인간 가치와 어긋난 목표 설정 등 배포 전 설계 오류로 시스템 행동이 의도된 형식적 속성에서 이탈하는 리스크.","The risk that a robot, humanoid, or physical AI system, through perception, learning, control, or physical action, creates a condition in which design mistakes before deployment, including code bugs, disproportionate objective weights, and goals misaligned with human values, produce a system whose behavior departs from desired formal properties.",,,HD,0.7520859837532043,0.016697000712156296,1.0,0.7200449705123901,0.7537509799003601,0.00636200001463294,설계 단계 명세 오류,가치 목표 설정,형식 속성 이탈,Design-stage specification errors,bugs disproportionate objective,code bugs disproportionate,P_SYS_HARDWARE,0.2,0.433069,0.001665,P_INT_SAFETY=0.200|P_SYS_CONTROL=0.200|P_INT_TAMPER=0.100,P_SYS_CONTROL,0.752086,0.753751,P_INT_SAFETY,0.735389,0.747389,P_SYS_CONTROL,P_INT_SAFETY,LOW_HYBRID_MARGIN|BILINGUAL_DISAGREEMENT,SRC-P-0059,Physical,RAI4-1284,RAI4-1284,,SOURCE_DOMAIN,REWRITE_KEEP|PEER_REVIEW|L3_AI_GROUNDING,"Bilingual definition grounded in an explicit AI technology, causal mechanism, and immutable L3 scope",L3_MASTER|NIST_AI_RMF|OECD_AI_PRINCIPLES|KOREA_AI_BASIC_ACT|L3_MASTER,NO_CURATED_PRIOR|PREREQUISITE_FILTER:,P_SYS_HARDWARE,0.727626,L3_MASTER_AI_REWRITE
L0_RAI,책임 있는 인공지능,Responsible AI,L1_P,피지컬 AI,Physical AI,로봇과 자율주행차를 포함하여 물리 세계를 인식하고 물리적 행동을 수행하는 체화형 또는 사이버물리 AI 시스템.,"Embodied or cyber-physical systems, including robots and autonomous vehicles, that perceive and act in the physical world.",,,,,,P_Others,기타·판단 보류,Others and human decision,기존 L3 마스터 범주에 신뢰성 있게 구분하기 어려워 인간 결정이 필요한 경계성 리스크.,Boundary risks that cannot be assigned reliably to an existing L3 master category and require human decision.,P_Others_007,물리 운용 환경 분포 이동,Distribution shift in physical operation,배포 환경이 건물·도로·공장·가정·병원·기상 조건에 걸쳐 모델이 적응할 수 있는 것보다 빠르게 변화하는 위험.,"The risk that a robot, humanoid, or physical AI system, through perception, learning, control, or physical action, creates a condition in which deployment environments may change across buildings, roads, factories, homes, hospitals, or weather conditions faster than monitoring and adaptation mechanisms can detect.",,,HD,0.6748070120811462,0.016287999227643013,1.0,0.6413429975509644,0.6976010203361511,0.00776199996471405,물리 운용 환경 분포 이동,건물 도로 공장,도로 공장 가정,Distribution shift in physical operation,buildings roads factories,monitoring adaptation mechanisms,P_SYS_CONTROL,0.3,0.454161,0.022794,P_SYS_CONTROL=0.400|P_INT_TAMPER=0.300|P_INT_SAFETY=0.300,P_INT_SAFETY,0.674807,0.697601,P_SYS_CONTROL,0.658519,0.689839,P_INT_SAFETY,P_INT_SAFETY,LOW_HYBRID_MARGIN,SRC-P-0143,Physical,RAI4-0337,RAI4-0337,,SOURCE_DOMAIN,REWRITE_KEEP|PEER_REVIEW|L3_AI_GROUNDING,"Bilingual definition grounded in an explicit AI technology, causal mechanism, and immutable L3 scope",L3_MASTER|NIST_AI_RMF|OECD_AI_PRINCIPLES|KOREA_AI_BASIC_ACT|L3_MASTER,NO_CURATED_PRIOR|PREREQUISITE_FILTER:,P_INT_SAFETY,0.643662,L3_MASTER_AI_REWRITE
L0_RAI,책임 있는 인공지능,Responsible AI,L1_P,피지컬 AI,Physical AI,로봇과 자율주행차를 포함하여 물리 세계를 인식하고 물리적 행동을 수행하는 체화형 또는 사이버물리 AI 시스템.,"Embodied or cyber-physical systems, including robots and autonomous vehicles, that perceive and act in the physical world.",,,,,,P_Others,기타·판단 보류,Others and human decision,기존 L3 마스터 범주에 신뢰성 있게 구분하기 어려워 인간 결정이 필요한 경계성 리스크.,Boundary risks that cannot be assigned reliably to an existing L3 master category and require human decision.,P_Others_008,로봇의 충돌 회피·운행구역 통제 실패,Failure of robot collision avoidance and operating-zone control,"자율 이동 로봇이 충돌 회피, 지오 펜싱 또는 지정 운행 구역 제약을 준수하지 못해 사람·시설·다른 이동 체와 충돌하거나 통제 구역을 침범하는 리스크.","The risk that an autonomous mobile robot fails to comply with collision-avoidance, geofencing, or designated operating-zone constraints, causing collisions with people, facilities, or other vehicles or entering restricted areas.",,,HD,0.7792009711265564,0.0003530000103637576,1.0,0.7493230104446411,0.8191400170326233,0.015706000849604607,로봇의 충돌 회피·운행구역 통제 실패,지오 펜싱 지정,펜싱 지정 운행,Failure of robot collision avoidance and operating-zone control,comply collision-avoidance geofencing,entering restricted areas,P_INT_SAFETY,0.5,0.631646,0.039938,P_INT_SAFETY=0.500|P_SYS_STATE=0.300|P_SYS_HARDWARE=0.200,P_INT_SAFETY,0.779201,0.81914,P_SYS_CONTROL,0.779554,0.803434,P_INT_SAFETY,P_SYS_CONTROL,BILINGUAL_DISAGREEMENT,SRC-P-0187,Physical,RAI4-0358,RAI4-0358,제목 수정 — '드론'을 '로봇'으로 일반화 (지오펜싱·공역 제약을 지키지 않는 충돌 회피 실패는 드론에 국한되지 않는 자율 이동체 전반의 리스크),SOURCE_DOMAIN,EDIT|REWRITE_KEEP|PEER_REVIEW,Peer-review spacing restoration,L3_MASTER|NIST_AI_RMF|OECD_AI_PRINCIPLES|KOREA_AI_BASIC_ACT,NO_CURATED_PRIOR|PREREQUISITE_FILTER:,P_INT_SAFETY,0.777243,L3_MASTER_VALIDATED
L0_RAI,책임 있는 인공지능,Responsible AI,L1_P,피지컬 AI,Physical AI,로봇과 자율주행차를 포함하여 물리 세계를 인식하고 물리적 행동을 수행하는 체화형 또는 사이버물리 AI 시스템.,"Embodied or cyber-physical systems, including robots and autonomous vehicles, that perceive and act in the physical world.",,,,,,P_Others,기타·판단 보류,Others and human decision,기존 L3 마스터 범주에 신뢰성 있게 구분하기 어려워 인간 결정이 필요한 경계성 리스크.,Boundary risks that cannot be assigned reliably to an existing L3 master category and require human decision.,P_Others_009,물리적 위험에 대한 적시 대응 실패,Failure to Timely Respond to Physical Hazards,"로봇·휴머노이드 또는 피지컬 AI 시스템의 지각·학습·제어·물리적 행동 과정이 사람·차량·도구·물체가 예기치 않게 경로에 진입하는 경우를 포함하여, 시스템이 위험한 물리적 상황에 대해 적시에 적절한 개입, 위험 행동 거부 또는 이동 계획 수정을 수행하지 못하여 충돌이나 상해가 발생하는 리스크.","The risk that a robot, humanoid, or physical AI system, through perception, learning, control, or physical action, creates a condition in which a system fails to produce a timely and appropriate intervention, refusal, or updated motion plan in a hazardous physical situation, including when a person, vehicle, tool, or object unexpectedly enters its path, allowing collision or injury to occur.",,,HD,0.8150299787521362,0.00443200021982193,0.8,0.7891049981117249,0.8482419848442078,0.0001340000017080456,물리적 위험에 대한 적시 대응 실패,예기 경로 진입,경로 진입 포함,Failure to Timely Respond to Physical Hazards,unexpectedly enters path,person vehicle tool,P_INT_SAFETY,0.4,0.590582,0.033211,P_INT_SAFETY=0.400|P_SYS_CONTROL=0.400|P_SYS_STATE=0.400,P_SYS_CONTROL,0.81503,0.848242,P_INT_SAFETY,0.810598,0.848108,P_SYS_CONTROL,P_INT_SAFETY,LOW_HYBRID_MARGIN|BILINGUAL_DISAGREEMENT,SRC-G-0010,General,RAI4-0182,RAI4-0182,"영문 Title을 수정할 것: Failure to Timely Respond to Physical Hazards, Physical AI로 재분류 할것",INSTRUCTION_PROMPT,EDIT|REWRITE_KEEP|PEER_REVIEW|L3_AI_GROUNDING,"Bilingual definition grounded in an explicit AI technology, causal mechanism, and immutable L3 scope",L3_MASTER|NIST_AI_RMF|OECD_AI_PRINCIPLES|KOREA_AI_BASIC_ACT|L3_MASTER,NO_CURATED_PRIOR|PREREQUISITE_FILTER:,P_INT_SAFETY,0.784651,L3_MASTER_AI_REWRITE
L0_RAI,책임 있는 인공지능,Responsible AI,L1_P,피지컬 AI,Physical AI,로봇과 자율주행차를 포함하여 물리 세계를 인식하고 물리적 행동을 수행하는 체화형 또는 사이버물리 AI 시스템.,"Embodied or cyber-physical systems, including robots and autonomous vehicles, that perceive and act in the physical world.",,,,,,P_Others,기타·판단 보류,Others and human decision,기존 L3 마스터 범주에 신뢰성 있게 구분하기 어려워 인간 결정이 필요한 경계성 리스크.,Boundary risks that cannot be assigned reliably to an existing L3 master category and require human decision.,P_Others_010,헌법적 안전 규칙 집행 실패,Failure to enforce constitutional safety rules,로봇·휴머노이드 또는 피지컬 AI 시스템의 지각·학습·제어·물리적 행동 과정이 규칙 기반(헌법적) 안전 계층이 지시·맥락·작업 프레이밍이 명시된 안전 규칙과 충돌할 때 해당 규칙을 적용하지 못하는 리스크.,"The risk that a robot, humanoid, or physical AI system, through perception, learning, control, or physical action, creates a condition in which a constitutional safety layer fails to apply its stated physical safety rules when instructions, visual context, or task framing conflict with those rules.",,,HD,0.7750089764595032,0.0011309999972581863,1.0,0.7403600215911865,0.8085280060768127,0.007083000149577856,헌법적 안전 규칙 집행 실패,규칙 기반 헌법,작업 프레이밍 명시,Failure to enforce constitutional safety rules,framing conflict those,conflict those rules,P_INT_SAFETY,0.4,0.526421,0.03352,P_INT_SAFETY=0.400|P_SYS_STATE=0.400|P_SYS_CONTROL=0.300,P_INT_SAFETY,0.775009,0.808528,P_SYS_CONTROL,0.77614,0.801445,P_SYS_CONTROL,P_INT_SAFETY,LOW_HYBRID_MARGIN|BILINGUAL_DISAGREEMENT,SRC-G-0015,General,RAI4-0274,RAI4-0274,Physical AI의 하위로 L4 리스크 카드를 분류하고 L3와 재매핑을 시킬것,INSTRUCTION_PROMPT,REWRITE_KEEP|PEER_REVIEW|L3_AI_GROUNDING,"Bilingual definition grounded in an explicit AI technology, causal mechanism, and immutable L3 scope",L3_MASTER|NIST_AI_RMF|OECD_AI_PRINCIPLES|KOREA_AI_BASIC_ACT|L3_MASTER,NO_CURATED_PRIOR|PREREQUISITE_FILTER:,P_INT_SAFETY,0.713734,L3_MASTER_AI_REWRITE
L0_RAI,책임 있는 인공지능,Responsible AI,L1_P,피지컬 AI,Physical AI,로봇과 자율주행차를 포함하여 물리 세계를 인식하고 물리적 행동을 수행하는 체화형 또는 사이버물리 AI 시스템.,"Embodied or cyber-physical systems, including robots and autonomous vehicles, that perceive and act in the physical world.",,,,,,P_Others,기타·판단 보류,Others and human decision,기존 L3 마스터 범주에 신뢰성 있게 구분하기 어려워 인간 결정이 필요한 경계성 리스크.,Boundary risks that cannot be assigned reliably to an existing L3 master category and require human decision.,P_Others_011,필수 돌봄·상황 보고 미이행,Failure to provide required care or escalation,로봇이 정해진 신체 보조를 수행하지 않거나 감지된 필요 상황을 보고하지 않아 고령자·환자에게 필요한 지원이 제공되지 않고 안전이나 존엄성이 훼손되는 위험.,"The risk that a care robot fails to provide an assigned physical assistance task or escalate a detected need, leaving an older or ill person without necessary support and compromising safety or dignity.",,,HD,0.7212790250778198,0.0006750000175088644,1.0,0.6878799796104431,0.7406709790229797,0.014066999778151512,필수 돌봄·상황 보고 미이행,보고 고령자 환자,고령자 환자 필요,Failure to provide required care or escalation,escalate detected need,ill person necessary,P_INT_SAFETY,0.3,0.4699,0.019392,P_INT_SAFETY=0.300|P_SYS_STATE=0.300|P_SYS_HARDWARE=0.200,P_INT_SAFETY,0.721279,0.740671,P_SYS_CONTROL,0.720604,0.726604,P_SYS_CONTROL,P_INT_SAFETY,BILINGUAL_DISAGREEMENT,SRC-P-0036,Physical,RAI4-0310,RAI4-0310,,SOURCE_DOMAIN,REWRITE_KEEP|PEER_REVIEW,Peer-review spacing restoration,L3_MASTER|NIST_AI_RMF|OECD_AI_PRINCIPLES|KOREA_AI_BASIC_ACT,NO_CURATED_PRIOR|PREREQUISITE_FILTER:,P_INT_SAFETY,0.719907,L3_MASTER_VALIDATED
L0_RAI,책임 있는 인공지능,Responsible AI,L1_P,피지컬 AI,Physical AI,로봇과 자율주행차를 포함하여 물리 세계를 인식하고 물리적 행동을 수행하는 체화형 또는 사이버물리 AI 시스템.,"Embodied or cyber-physical systems, including robots and autonomous vehicles, that perceive and act in the physical world.",,,,,,P_Others,기타·판단 보류,Others and human decision,기존 L3 마스터 범주에 신뢰성 있게 구분하기 어려워 인간 결정이 필요한 경계성 리스크.,Boundary risks that cannot be assigned reliably to an existing L3 master category and require human decision.,P_Others_012,기반 모델 실패의 로봇 행동 전이,Foundation-model failure propagated to robot action,"기반 모델의 환각, 지시 이행 실패, 탈옥 취약성이 계획과 제어를 거쳐 안전하지 않은 로봇 행동으로 전이되는 위험.","The risk that hallucination, instruction-following failure, or jailbreak susceptibility in a foundation model propagates through planning and control into unsafe robot action.",,,HD,0.7034519910812378,0.002056000055745244,1.0,0.6685720086097717,0.7254199981689453,0.01475400011986494,기반 모델 실패의 로봇 행동 전이,탈옥,환각,Foundation-model failure propagated to robot action,hallucination,jailbreak,P_INT_SAFETY,0.3,0.528404,0.021968,P_INT_SAFETY=0.300|P_SYS_STATE=0.300|P_SYS_HARDWARE=0.200,P_INT_SAFETY,0.703452,0.72542,P_SYS_CONTROL,0.705508,0.710666,P_SYS_CONTROL,P_INT_SAFETY,BILINGUAL_DISAGREEMENT,SRC-P-0018,Physical,RAI4-0219,RAI4-0219,,SOURCE_DOMAIN,REWRITE_KEEP|PEER_REVIEW,Peer-review spacing restoration,L3_MASTER|NIST_AI_RMF|OECD_AI_PRINCIPLES|KOREA_AI_BASIC_ACT,NO_CURATED_PRIOR|PREREQUISITE_FILTER:,P_INT_SAFETY,0.701829,L3_MASTER_VALIDATED
L0_RAI,책임 있는 인공지능,Responsible AI,L1_P,피지컬 AI,Physical AI,로봇과 자율주행차를 포함하여 물리 세계를 인식하고 물리적 행동을 수행하는 체화형 또는 사이버물리 AI 시스템.,"Embodied or cyber-physical systems, including robots and autonomous vehicles, that perceive and act in the physical world.",,,,,,P_Others,기타·판단 보류,Others and human decision,기존 L3 마스터 범주에 신뢰성 있게 구분하기 어려워 인간 결정이 필요한 경계성 리스크.,Boundary risks that cannot be assigned reliably to an existing L3 master category and require human decision.,P_Others_013,휴머노이드 보행·조작 안정성 실패,Humanoid locomotion and manipulation stability failure,"휴머노이드가 외 란, 탑재 하중 변화, 표면 변화, 액추에이터 불완전성 하에서, 또는 개방 환경 작업 중 이동과 조작을 결합할 때 안정적인 보행·자세·접촉·물체 취급을 유지하지 못하여 전도, 충돌, 물체 손상에 이르는 리스크.","The risk that a humanoid fails to maintain stable gait, posture, contact, or object handling under perturbations, payload shifts, surface changes, or actuator imperfections, or when combining locomotion with manipulation in openworld tasks, leading to falls, collision, or object damage.",,,HD,0.7589340209960938,0.013070999644696712,1.0,0.7278810143470764,0.7867749929428101,0.00698699988424778,휴머노이드 보행·조작 안정성 실패,액추에이터 완전 개방,자기 손상,Humanoid locomotion and manipulation stability failure,maintain stable gait,handling perturbations payload,P_INT_SAFETY,0.4,0.601746,0.027841,P_INT_SAFETY=0.400|P_SYS_STATE=0.300|P_SYS_HARDWARE=0.200,P_INT_SAFETY,0.758934,0.786775,P_SYS_CONTROL,0.772005,0.779788,P_SYS_CONTROL,P_INT_SAFETY,LOW_HYBRID_MARGIN|BILINGUAL_DISAGREEMENT,SRC-P-0155,Physical,RAI4-0262,RAI4-0262,,SOURCE_DOMAIN,REWRITE_KEEP|PEER_REVIEW,Peer-review spacing restoration,L3_MASTER|NIST_AI_RMF|OECD_AI_PRINCIPLES|KOREA_AI_BASIC_ACT,NO_CURATED_PRIOR|PREREQUISITE_FILTER:,P_INT_SAFETY,0.758178,L3_MASTER_VALIDATED
L0_RAI,책임 있는 인공지능,Responsible AI,L1_P,피지컬 AI,Physical AI,로봇과 자율주행차를 포함하여 물리 세계를 인식하고 물리적 행동을 수행하는 체화형 또는 사이버물리 AI 시스템.,"Embodied or cyber-physical systems, including robots and autonomous vehicles, that perceive and act in the physical world.",,,,,,P_Others,기타·판단 보류,Others and human decision,기존 L3 마스터 범주에 신뢰성 있게 구분하기 어려워 인간 결정이 필요한 경계성 리스크.,Boundary risks that cannot be assigned reliably to an existing L3 master category and require human decision.,P_Others_014,휴머노이드 보행 속도 초과,Humanoid walking-speed safety gap,휴머노이드가 안전한 공유 환경을 위한 정지·회피·인간 근접 한계를 초과하는 속도로 이동하는 위험.,"The risk that a humanoid moves at a speed that exceeds the stopping, avoidance, or human-proximity limits required for safe shared environments.",,,HD,0.6953750252723694,0.006777000147849321,1.0,0.6639320254325867,0.7076860070228577,0.0067090000957250595,휴머노이드 보행 속도 초과,환경 영향,근접 한계 초과,Humanoid walking-speed safety gap,stopping avoidance human-proximity,exceeds stopping avoidance,P_SYS_CONTROL,0.0,0.548688,0.012311,P_INT_SAFETY=0.100,P_SYS_CONTROL,0.695375,0.707686,P_INT_SAFETY,0.688598,0.700977,P_SYS_CONTROL,P_INT_SAFETY,LOW_HYBRID_MARGIN|BILINGUAL_DISAGREEMENT,SRC-P-0161,Physical,RAI4-0285,RAI4-0285,,SOURCE_DOMAIN,REWRITE_KEEP|PEER_REVIEW,Peer-review spacing restoration,L3_MASTER|NIST_AI_RMF|OECD_AI_PRINCIPLES|KOREA_AI_BASIC_ACT,NO_CURATED_PRIOR|PREREQUISITE_FILTER:,P_SYS_CONTROL,0.695776,L3_MASTER_VALIDATED
L0_RAI,책임 있는 인공지능,Responsible AI,L1_P,피지컬 AI,Physical AI,로봇과 자율주행차를 포함하여 물리 세계를 인식하고 물리적 행동을 수행하는 체화형 또는 사이버물리 AI 시스템.,"Embodied or cyber-physical systems, including robots and autonomous vehicles, that perceive and act in the physical world.",,,,,,P_Others,기타·판단 보류,Others and human decision,기존 L3 마스터 범주에 신뢰성 있게 구분하기 어려워 인간 결정이 필요한 경계성 리스크.,Boundary risks that cannot be assigned reliably to an existing L3 master category and require human decision.,P_Others_015,부상 심각도 오분류,Injury severity misclassification,"로봇 제어 시스템이 물리적 부상 시나리오의 심각 도를 과소 평가하여 상향 보고, 경고, 제어 대응 등이 불충분해지는 리스크.","The risk that the perception, learning, control, or physical action of a robot, humanoid, or physical AI system creates a condition in which a system underestimates the severity of a physical injury scenario, leading to inadequate escalation, warning, or control response.",,,HD,0.7157250046730042,0.008894000202417374,0.8,0.6809080243110657,0.7162550091743469,0.002962999977171421,부상 심각도 오분류,부상 시나리오 심각,시나리오 심각 과소,Injury severity misclassification,scenario inadequate escalation,inadequate escalation warning,P_SYS_HARDWARE,0.2,0.43906,0.000529,P_INT_SAFETY=0.200|P_SYS_CONTROL=0.200|P_INT_TAMPER=0.100,P_SYS_CONTROL,0.715725,0.716255,P_SYS_HARDWARE,0.706831,0.713292,P_SYS_CONTROL,P_SYS_HARDWARE,LOW_HYBRID_MARGIN|BILINGUAL_DISAGREEMENT,SRC-P-0043,Physical,RAI4-0183,RAI4-0183,,SOURCE_DOMAIN,REWRITE_KEEP|PEER_REVIEW|L3_AI_GROUNDING,"Bilingual definition grounded in an explicit AI technology, causal mechanism, and immutable L3 scope",L3_MASTER|NIST_AI_RMF|OECD_AI_PRINCIPLES|KOREA_AI_BASIC_ACT|L3_MASTER,NO_CURATED_PRIOR|PREREQUISITE_FILTER:,P_SYS_HARDWARE,0.712742,L3_MASTER_AI_REWRITE
L0_RAI,책임 있는 인공지능,Responsible AI,L1_P,피지컬 AI,Physical AI,로봇과 자율주행차를 포함하여 물리 세계를 인식하고 물리적 행동을 수행하는 체화형 또는 사이버물리 AI 시스템.,"Embodied or cyber-physical systems, including robots and autonomous vehicles, that perceive and act in the physical world.",,,,,,P_Others,기타·판단 보류,Others and human decision,기존 L3 마스터 범주에 신뢰성 있게 구분하기 어려워 인간 결정이 필요한 경계성 리스크.,Boundary risks that cannot be assigned reliably to an existing L3 master category and require human decision.,P_Others_016,개인 돌봄 로봇 준수 기준 부재,Missing measurable compliance criteria for personal-care robots,로봇 표준이 위험은 제시하면서 속도·힘·안정성·감지·개입에 대한 측정 가능한 합격·불합격 기준을 정의하지 않는 리스크.,"The risk that a personal-care robot standard names hazards but does not define measurable pass/fail thresholds for speed, force, stability, sensing, or intervention.",,,HD,0.7613790035247803,0.022551000118255615,1.0,0.7360659837722778,0.7698259949684143,0.007511000148952007,개인 돌봄 로봇 준수 기준 부재,측정 합격 합격,합격 합격 기준,Missing measurable compliance criteria for personal-care robots,define measurable pass,measurable pass fail,P_INT_SAFETY,0.0,0.574093,0.008447,P_INT_SAFETY=0.300|P_SYS_HARDWARE=0.200|P_SYS_STATE=0.200,P_SYS_CONTROL,0.761379,0.769826,P_INT_SAFETY,0.738829,0.762315,P_SYS_CONTROL,P_SYS_CONTROL,LOW_HYBRID_MARGIN,SRC-P-0026,Physical,RAI4-0288,RAI4-0288,,SOURCE_DOMAIN,REWRITE_KEEP|PEER_REVIEW,Peer-review spacing restoration,L3_MASTER|NIST_AI_RMF|OECD_AI_PRINCIPLES|KOREA_AI_BASIC_ACT,NO_CURATED_PRIOR|PREREQUISITE_FILTER:,P_SYS_CONTROL,0.761409,L3_MASTER_VALIDATED
L0_RAI,책임 있는 인공지능,Responsible AI,L1_P,피지컬 AI,Physical AI,로봇과 자율주행차를 포함하여 물리 세계를 인식하고 물리적 행동을 수행하는 체화형 또는 사이버물리 AI 시스템.,"Embodied or cyber-physical systems, including robots and autonomous vehicles, that perceive and act in the physical world.",,,,,,P_Others,기타·판단 보류,Others and human decision,기존 L3 마스터 범주에 신뢰성 있게 구분하기 어려워 인간 결정이 필요한 경계성 리스크.,Boundary risks that cannot be assigned reliably to an existing L3 master category and require human decision.,P_Others_017,시연 학습의 안전 맥락 누락,Missing safety context in demonstration learning,로봇이 허용 힘·금지 대상물·상황별 제한처럼 시연에서 관찰되지 않은 안전 조건을 추론하지 않고 인간 행동을 모방하는 위험.,"The risk that a robot imitates a human demonstration without inferring unobserved safety conditions such as permitted force, excluded objects, or situational limits.",,,HD,0.7355440258979797,0.000547999981790781,1.0,0.7005890011787415,0.7591429948806763,0.018146999180316925,시연 학습의 안전 맥락 누락,허용 금지 대상물,금지 대상물 상황,Missing safety context in demonstration learning,demonstration inferring unobserved,conditions such permitted,P_INT_SAFETY,0.3,0.523436,0.023599,P_INT_SAFETY=0.300|P_SYS_CONTROL=0.100,P_INT_SAFETY,0.735544,0.759143,P_SYS_CONTROL,0.734996,0.740996,P_SYS_CONTROL,P_INT_SAFETY,BILINGUAL_DISAGREEMENT,SRC-P-0021,Physical,RAI4-0243,RAI4-0243,,SOURCE_DOMAIN,REWRITE_KEEP|PEER_REVIEW,Peer-review spacing restoration,L3_MASTER|NIST_AI_RMF|OECD_AI_PRINCIPLES|KOREA_AI_BASIC_ACT,NO_CURATED_PRIOR|PREREQUISITE_FILTER:,P_INT_SAFETY,0.73336,L3_MASTER_VALIDATED
L0_RAI,책임 있는 인공지능,Responsible AI,L1_P,피지컬 AI,Physical AI,로봇과 자율주행차를 포함하여 물리 세계를 인식하고 물리적 행동을 수행하는 체화형 또는 사이버물리 AI 시스템.,"Embodied or cyber-physical systems, including robots and autonomous vehicles, that perceive and act in the physical world.",,,,,,P_Others,기타·판단 보류,Others and human decision,기존 L3 마스터 범주에 신뢰성 있게 구분하기 어려워 인간 결정이 필요한 경계성 리스크.,Boundary risks that cannot be assigned reliably to an existing L3 master category and require human decision.,P_Others_018,네트워크 분리와 군집 비동기화,Network partition and fleet desynchronization,분할되거나 신뢰할 수 없는 연결이 다중 로봇 군집을 동기화 해제하여 충돌 또는 비안전한 협조 행동을 유발하는 위험.,The risk that a robot fleet becomes split across network partitions and loses synchronized coordination.,,,HD,0.665552020072937,0.004658999852836132,1.0,0.6316609978675842,0.6630920171737671,0.013903000392019749,네트워크 분리와 군집 비동기화,분할 신뢰 연결,신뢰 연결 다중,Network partition and fleet desynchronization,loses synchronized coordination,partitions loses synchronized,P_SYS_STATE,0.0,0.461372,-0.00246,NO_DIRECT_LEXICAL_SUPPORT,P_INT_SAFETY,0.665552,0.663092,P_SYS_CONTROL,0.660893,0.649189,P_SYS_CONTROL,P_INT_SAFETY,BILINGUAL_DISAGREEMENT,SRC-P-0184,Physical,RAI4-0295,RAI4-0295,,SOURCE_DOMAIN,REWRITE_KEEP|PEER_REVIEW,Peer-review spacing restoration,L3_MASTER|NIST_AI_RMF|OECD_AI_PRINCIPLES|KOREA_AI_BASIC_ACT,NO_CURATED_PRIOR|PREREQUISITE_FILTER:,P_INT_SAFETY,0.663577,L3_MASTER_VALIDATED
L0_RAI,책임 있는 인공지능,Responsible AI,L1_P,피지컬 AI,Physical AI,로봇과 자율주행차를 포함하여 물리 세계를 인식하고 물리적 행동을 수행하는 체화형 또는 사이버물리 AI 시스템.,"Embodied or cyber-physical systems, including robots and autonomous vehicles, that perceive and act in the physical world.",,,,,,P_Others,기타·판단 보류,Others and human decision,기존 L3 마스터 범주에 신뢰성 있게 구분하기 어려워 인간 결정이 필요한 경계성 리스크.,Boundary risks that cannot be assigned reliably to an existing L3 master category and require human decision.,P_Others_019,공공 공간 통행 방해·접근성 배제,Obstruction and accessibility exclusion in public space,"서비스 로봇이 보도, 경사로, 출입구, 보행 안내 표지판 등을 막거나 침범함으로써 장애인 또는 다른 보행자들의 이동을 제한함으로써 발생되는 위험.","The risk that service robots occupy or navigate public space in ways that block sidewalks, curb ramps, entrances, or navigation cues used by disabled and other pedestrians.",,,HD,0.6906780004501343,0.015343000181019306,1.0,0.6607890129089355,0.6906780004501343,0.008868999779224396,공공 공간 통행 방해·접근성 배제,보도 경사 출입구,안내 표지판 침범,Obstruction and accessibility exclusion in public space,curb ramps entrances,ramps entrances navigation,P_INT_SAFETY,0.0,0.418828,0.0,NO_DIRECT_LEXICAL_SUPPORT,P_SYS_CONTROL,0.690678,0.690678,P_INT_SAFETY,0.675335,0.68181,P_SYS_CONTROL,P_INT_SAFETY,LOW_HYBRID_MARGIN|BILINGUAL_DISAGREEMENT,SRC-P-0042,Physical,RAI4-0361,RAI4-0361,,SOURCE_DOMAIN,REWRITE_KEEP|PEER_REVIEW,Peer-review spacing restoration,L3_MASTER|NIST_AI_RMF|OECD_AI_PRINCIPLES|KOREA_AI_BASIC_ACT,NO_CURATED_PRIOR|PREREQUISITE_FILTER:,P_SYS_CONTROL,0.690845,L3_MASTER_VALIDATED
L0_RAI,책임 있는 인공지능,Responsible AI,L1_P,피지컬 AI,Physical AI,로봇과 자율주행차를 포함하여 물리 세계를 인식하고 물리적 행동을 수행하는 체화형 또는 사이버물리 AI 시스템.,"Embodied or cyber-physical systems, including robots and autonomous vehicles, that perceive and act in the physical world.",,,,,,P_Others,기타·판단 보류,Others and human decision,기존 L3 마스터 범주에 신뢰성 있게 구분하기 어려워 인간 결정이 필요한 경계성 리스크.,Boundary risks that cannot be assigned reliably to an existing L3 master category and require human decision.,P_Others_020,물리적 안전을 우회하는 보상 과적합,Reward overfitting that bypasses physical safety,휴머노이드 제어기가 평가 환경 밖에서 균형·충돌·힘·작업 공간 제약을 위반하면서 벤치마크 보상이나 모방 충실 도를 극대화하는 위험.,"The risk that a humanoid controller maximizes benchmark reward or imitation fidelity while violating balance, collision, force, or workspace constraints outside the evaluation setting.",,,HD,0.6860659718513489,0.010565999895334244,1.0,0.6492720246315002,0.710066020488739,0.009623000398278236,물리적 안전을 우회하는 보상 과적합,모방 충실 극대,벤치마크 보상 모방,Reward overfitting that bypasses physical safety,maximizes benchmark reward,outside evaluation setting,P_INT_TAMPER,0.4,0.50971,0.024,P_INT_SAFETY=0.400|P_SYS_CONTROL=0.400|P_INT_TAMPER=0.300,P_SYS_CONTROL,0.686066,0.710066,P_INT_SAFETY,0.675501,0.700443,P_SYS_CONTROL,P_INT_SAFETY,LOW_HYBRID_MARGIN|BILINGUAL_DISAGREEMENT,SRC-P-0149,Physical,RAI4-0249,RAI4-0249,,SOURCE_DOMAIN,REWRITE_KEEP|PEER_REVIEW,Peer-review spacing restoration,L3_MASTER|NIST_AI_RMF|OECD_AI_PRINCIPLES|KOREA_AI_BASIC_ACT,NO_CURATED_PRIOR|PREREQUISITE_FILTER:,P_SYS_CONTROL,0.685804,L3_MASTER_VALIDATED
L0_RAI,책임 있는 인공지능,Responsible AI,L1_P,피지컬 AI,Physical AI,로봇과 자율주행차를 포함하여 물리 세계를 인식하고 물리적 행동을 수행하는 체화형 또는 사이버물리 AI 시스템.,"Embodied or cyber-physical systems, including robots and autonomous vehicles, that perceive and act in the physical world.",,,,,,P_Others,기타·판단 보류,Others and human decision,기존 L3 마스터 범주에 신뢰성 있게 구분하기 어려워 인간 결정이 필요한 경계성 리스크.,Boundary risks that cannot be assigned reliably to an existing L3 master category and require human decision.,P_Others_021,시뮬레이션-실세계 전이·검증 실패,Sim-to-real transfer and validation failure,"시뮬레이션에서 훈련·검증된 정책이 접촉·지연·마모·액추에이터에 관한 동일한 미모델링 가정을 공유하는 시뮬레이터 간 검사까지 통과하고도, 실제 마찰, 조명, 인간 행동, 롱 테 일 사건이 시뮬레이션과 달라지는 하드웨어 환경에서 실패하여 잘못된 안전 확신 속에 배포되는 리스크.","The risk that a robot, humanoid, or physical AI system, through perception, learning, control, or physical action, creates a condition in which a policy trained or validated in simulation, including across multiple simulators sharing the same unmodeled contact, delay, wear, or actuator assumptions, passes testing yet fails on real hardware where friction, lighting, human behavior, or long-tail events diverge, so it is deployed under false safety assurance.",,,HD,0.7536219954490662,0.01345799956470728,1.0,0.7234050035476685,0.7882480025291443,0.010490000247955322,시뮬레이션-실세계 전이·검증 실패,시뮬레이터 검사 통과,마모 액추에이터 동일,Sim-to-real transfer and validation failure,safety assurance,passes testing yet,P_SYS_STATE,0.5,0.50289,0.034626,P_INT_SAFETY=0.500|P_SYS_STATE=0.400|P_SYS_HARDWARE=0.300,P_INT_SAFETY,0.753622,0.788248,P_SYS_STATE,0.740164,0.777758,P_INT_SAFETY,P_INT_SAFETY,LOW_HYBRID_MARGIN,SRC-P-0126,Physical,RAI4-0261,RAI4-0261,,SOURCE_DOMAIN,REWRITE_KEEP|PEER_REVIEW|L3_AI_GROUNDING,"Bilingual definition grounded in an explicit AI technology, causal mechanism, and immutable L3 scope",L3_MASTER|NIST_AI_RMF|OECD_AI_PRINCIPLES|KOREA_AI_BASIC_ACT|L3_MASTER,NO_CURATED_PRIOR|PREREQUISITE_FILTER:,P_INT_SAFETY,0.729203,L3_MASTER_AI_REWRITE
L0_RAI,책임 있는 인공지능,Responsible AI,L1_P,피지컬 AI,Physical AI,로봇과 자율주행차를 포함하여 물리 세계를 인식하고 물리적 행동을 수행하는 체화형 또는 사이버물리 AI 시스템.,"Embodied or cyber-physical systems, including robots and autonomous vehicles, that perceive and act in the physical world.",P_SYS,시스템,System,"AI 시스템의 내부 설계, 데이터, 모델, 인프라, 통제 또는 운영 과정에서 발생하는 리스크.","Risks arising from the internal design, data, models, infrastructure, controls, or operational processes of an AI system.",P_SYS_CONTROL,안전하지 않은 물리 제어·구동,Unsafe Physical Control and Actuation,"로봇 자체의 제어 시스템·액추에이터·모션 제어·경로 계획·실행의 결함으로 로봇이 잘못 움직이거나 구동하여, 사람의 존재 여부와 무관하게 의도하지 않은 물리 행동을 일으키는 리스크

(로봇이 정상적으로 작동하더라도 사람 주변에서 작동함으로 인해 발생하는 위험은 ""Human-Robot Physical Safety Failure""에서 다룸).","The risk that faults in the robot's own control systems, actuators, motion control, path planning, or execution cause it to move or actuate incorrectly—producing unintended physical actions—irrespective of whether humans are present 

(hazards arising specifically from operating around people, when the robot is otherwise functioning as designed, are covered under ""Human-Robot Physical Safety Failure"").",P_SYS_CONTROL_001,감각 교란 기반 비안전 행동,Adversarial sensory perturbation induced unsafe action,영상 또는 감각 입력의 적대적 변경이 로봇 정책으로하여금 비안전 피지컬 행동을 선택하게하는 위험.,The risk that adversarial changes to video or sensory inputs cause a robot policy to select unsafe physical actions.,,,EM,0.7520949840545654,0.049518000334501266,1.0,0.7219449877738953,0.7735139727592468,0.05893699824810028,감각 교란 기반 비안전 행동,감각 입력 적대,영상 감각 입력,Adversarial sensory perturbation induced unsafe action,video sensory inputs,changes video sensory,P_SYS_STATE,0.3,0.544358,0.021418,P_SYS_CONTROL=0.300|P_INT_SAFETY=0.200|P_INT_TAMPER=0.100,P_SYS_CONTROL,0.752095,0.773514,P_INT_SAFETY,0.702577,0.714577,P_SYS_CONTROL,P_SYS_CONTROL,,SRC-P-0142,Physical,RAI4-0209,RAI4-0209,,SOURCE_DOMAIN,REWRITE_KEEP|PEER_REVIEW,Peer-review spacing restoration,L3_MASTER|NIST_AI_RMF|OECD_AI_PRINCIPLES|KOREA_AI_BASIC_ACT,NO_CURATED_PRIOR|PREREQUISITE_FILTER:,P_SYS_CONTROL,0.751538,L3_MASTER_VALIDATED
L0_RAI,책임 있는 인공지능,Responsible AI,L1_P,피지컬 AI,Physical AI,로봇과 자율주행차를 포함하여 물리 세계를 인식하고 물리적 행동을 수행하는 체화형 또는 사이버물리 AI 시스템.,"Embodied or cyber-physical systems, including robots and autonomous vehicles, that perceive and act in the physical world.",P_SYS,시스템,System,"AI 시스템의 내부 설계, 데이터, 모델, 인프라, 통제 또는 운영 과정에서 발생하는 리스크.","Risks arising from the internal design, data, models, infrastructure, controls, or operational processes of an AI system.",P_SYS_CONTROL,안전하지 않은 물리 제어·구동,Unsafe Physical Control and Actuation,"로봇 자체의 제어 시스템·액추에이터·모션 제어·경로 계획·실행의 결함으로 로봇이 잘못 움직이거나 구동하여, 사람의 존재 여부와 무관하게 의도하지 않은 물리 행동을 일으키는 리스크

(로봇이 정상적으로 작동하더라도 사람 주변에서 작동함으로 인해 발생하는 위험은 ""Human-Robot Physical Safety Failure""에서 다룸).","The risk that faults in the robot's own control systems, actuators, motion control, path planning, or execution cause it to move or actuate incorrectly—producing unintended physical actions—irrespective of whether humans are present 

(hazards arising specifically from operating around people, when the robot is otherwise functioning as designed, are covered under ""Human-Robot Physical Safety Failure"").",P_SYS_CONTROL_002,알고리즘 설계 실패,Algorithmic design failure,"로봇의 제어 주기, 센서 지연, 접촉 동 역학 또는 실시간 연산 제약에 부적합한 알고리즘·아키텍처·최적화 기법을 선택하여 물리 시스템의 안전성과 성능이 저하되는 리스크.","The risk that algorithms, architectures, or optimisation methods unsuited to a robot's control cycle, sensor latency, contact dynamics, or real-time compute constraints degrade physical-system safety and performance.",,,EM,0.7941610217094421,0.0059079998172819614,1.0,0.7656480073928833,1.0968079566955566,0.2800840139389038,알고리즘 설계 실패,아키텍처 최적 기법,알고리즘 아키텍처 최적,Algorithmic design failure,algorithms architectures optimisation,architectures optimisation methods,P_INT_SAFETY,0.2,0.455623,0.302647,P_INT_SAFETY=0.400|P_SYS_STATE=0.400|P_SYS_HARDWARE=0.200,P_SYS_CONTROL,0.794161,1.096808,P_INT_SAFETY,0.788253,0.816724,P_SYS_CONTROL,P_INT_SAFETY,,SRC-P-0054,Physical,RAI4-1039,RAI4-1039,ML 알고리즘·아키텍처·최적화 기법 선택이 응용에 부적합해 시스템이 훼손되는 리스크는 모델 개발 전반에 해당하는 일반론 — PAI 한정 리스크로 보기 어려워 구체화 필요,SOURCE_DOMAIN,EDIT|REWRITE_KEEP|PEER_REVIEW,Peer-review spacing restoration,L3_MASTER|NIST_AI_RMF|OECD_AI_PRINCIPLES|KOREA_AI_BASIC_ACT,CURATED_SOURCE_MECHANISM_PRIOR:P_SYS_CONTROL|PREREQUISITE_FILTER:,P_SYS_CONTROL,0.793444,L3_MASTER_VALIDATED
L0_RAI,책임 있는 인공지능,Responsible AI,L1_P,피지컬 AI,Physical AI,로봇과 자율주행차를 포함하여 물리 세계를 인식하고 물리적 행동을 수행하는 체화형 또는 사이버물리 AI 시스템.,"Embodied or cyber-physical systems, including robots and autonomous vehicles, that perceive and act in the physical world.",P_SYS,시스템,System,"AI 시스템의 내부 설계, 데이터, 모델, 인프라, 통제 또는 운영 과정에서 발생하는 리스크.","Risks arising from the internal design, data, models, infrastructure, controls, or operational processes of an AI system.",P_SYS_CONTROL,안전하지 않은 물리 제어·구동,Unsafe Physical Control and Actuation,"로봇 자체의 제어 시스템·액추에이터·모션 제어·경로 계획·실행의 결함으로 로봇이 잘못 움직이거나 구동하여, 사람의 존재 여부와 무관하게 의도하지 않은 물리 행동을 일으키는 리스크

(로봇이 정상적으로 작동하더라도 사람 주변에서 작동함으로 인해 발생하는 위험은 ""Human-Robot Physical Safety Failure""에서 다룸).","The risk that faults in the robot's own control systems, actuators, motion control, path planning, or execution cause it to move or actuate incorrectly—producing unintended physical actions—irrespective of whether humans are present 

(hazards arising specifically from operating around people, when the robot is otherwise functioning as designed, are covered under ""Human-Robot Physical Safety Failure"").",P_SYS_CONTROL_003,제어 판단·제어권 전환 실패에 따른 자동주행 충돌,Automated driving crash risk from control and handoff failures,"로봇·휴머노이드 또는 피지컬 AI 시스템의 지각·학습·제어·물리적 행동 과정이 자동 주행 시스템이 인지·계획·소프트웨어 결함이나 엣지 케이스로 안전하지 않은 제어 판단을 내리거나, 시간이 촉박한 상황에서 제어권이 모호하게 또는 뒤늦게 전환되어 인간과 시스템 어느 쪽도 필요한 안전 조치를 수행하지 못함으로써 충돌 위험이 발생하는 리스크.","The risk that a robot, humanoid, or physical AI system, through perception, learning, control, or physical action, creates a condition in which an automated driving system creates crash risk by making unsafe control decisions after perception, planning, or software failures and edge cases, or by transferring control authority ambiguously or too late in time-critical events, leaving neither the human nor the system able to execute the required safety action.",,,EM,0.7823659777641296,0.02787099964916706,1.0,0.7562789916992188,0.8207079768180847,0.03051700070500374,제어 판단·제어권 전환 실패에 따른 자동주행 충돌,시간 촉박 상황,판단 시간 촉박,Automated driving crash risk from control and handoff failures,authority ambiguously too,edge cases transferring,P_SYS_CONTROL,0.4,0.59166,0.038341,P_INT_SAFETY=0.400|P_SYS_CONTROL=0.400|P_SYS_STATE=0.400,P_SYS_CONTROL,0.782366,0.820708,P_INT_SAFETY,0.754496,0.790191,P_SYS_CONTROL,P_SYS_CONTROL,,SRC-P-0025,Physical,RAI4-0282,RAI4-0282,,SOURCE_DOMAIN,REWRITE_KEEP|PEER_REVIEW|L3_AI_GROUNDING,"Bilingual definition grounded in an explicit AI technology, causal mechanism, and immutable L3 scope",L3_MASTER|NIST_AI_RMF|OECD_AI_PRINCIPLES|KOREA_AI_BASIC_ACT|L3_MASTER,NO_CURATED_PRIOR|PREREQUISITE_FILTER:,P_SYS_CONTROL,0.75016,L3_MASTER_AI_REWRITE
L0_RAI,책임 있는 인공지능,Responsible AI,L1_P,피지컬 AI,Physical AI,로봇과 자율주행차를 포함하여 물리 세계를 인식하고 물리적 행동을 수행하는 체화형 또는 사이버물리 AI 시스템.,"Embodied or cyber-physical systems, including robots and autonomous vehicles, that perceive and act in the physical world.",P_SYS,시스템,System,"AI 시스템의 내부 설계, 데이터, 모델, 인프라, 통제 또는 운영 과정에서 발생하는 리스크.","Risks arising from the internal design, data, models, infrastructure, controls, or operational processes of an AI system.",P_SYS_CONTROL,안전하지 않은 물리 제어·구동,Unsafe Physical Control and Actuation,"로봇 자체의 제어 시스템·액추에이터·모션 제어·경로 계획·실행의 결함으로 로봇이 잘못 움직이거나 구동하여, 사람의 존재 여부와 무관하게 의도하지 않은 물리 행동을 일으키는 리스크

(로봇이 정상적으로 작동하더라도 사람 주변에서 작동함으로 인해 발생하는 위험은 ""Human-Robot Physical Safety Failure""에서 다룸).","The risk that faults in the robot's own control systems, actuators, motion control, path planning, or execution cause it to move or actuate incorrectly—producing unintended physical actions—irrespective of whether humans are present 

(hazards arising specifically from operating around people, when the robot is otherwise functioning as designed, are covered under ""Human-Robot Physical Safety Failure"").",P_SYS_CONTROL_004,자율 로봇의 물리적 침입·절도,Autonomous physical intrusion and theft,자율 로봇이 승인 없이 제한 구역에 침입하거나 잠금장치를 우회하거나 보안 공간 내에서 정찰하는 리스크.,The risk that an autonomous robot enters restricted spaces or takes physical objects without authorization.,,,EM,0.7624260187149048,0.05346500128507614,1.0,0.7366390228271484,0.7920609712600708,0.06425599753856659,자율 로봇의 물리적 침입·절도,잠금장치 우회 보안,침입 잠금장치 우회,Autonomous physical intrusion and theft,enters restricted spaces,restricted spaces takes,P_SYS_CONTROL,0.3,0.575841,0.029635,P_INT_TAMPER=0.300|P_INT_SAFETY=0.300|P_SYS_CONTROL=0.300,P_SYS_CONTROL,0.762426,0.792061,P_INT_SAFETY,0.708961,0.727805,P_SYS_CONTROL,P_SYS_CONTROL,,SRC-P-0034,Physical,RAI4-0304,RAI4-0304,,SOURCE_DOMAIN,REWRITE_KEEP|PEER_REVIEW,Peer-review spacing restoration,L3_MASTER|NIST_AI_RMF|OECD_AI_PRINCIPLES|KOREA_AI_BASIC_ACT,NO_CURATED_PRIOR|PREREQUISITE_FILTER:,P_SYS_CONTROL,0.762709,L3_MASTER_VALIDATED
L0_RAI,책임 있는 인공지능,Responsible AI,L1_P,피지컬 AI,Physical AI,로봇과 자율주행차를 포함하여 물리 세계를 인식하고 물리적 행동을 수행하는 체화형 또는 사이버물리 AI 시스템.,"Embodied or cyber-physical systems, including robots and autonomous vehicles, that perceive and act in the physical world.",P_SYS,시스템,System,"AI 시스템의 내부 설계, 데이터, 모델, 인프라, 통제 또는 운영 과정에서 발생하는 리스크.","Risks arising from the internal design, data, models, infrastructure, controls, or operational processes of an AI system.",P_SYS_CONTROL,안전하지 않은 물리 제어·구동,Unsafe Physical Control and Actuation,"로봇 자체의 제어 시스템·액추에이터·모션 제어·경로 계획·실행의 결함으로 로봇이 잘못 움직이거나 구동하여, 사람의 존재 여부와 무관하게 의도하지 않은 물리 행동을 일으키는 리스크

(로봇이 정상적으로 작동하더라도 사람 주변에서 작동함으로 인해 발생하는 위험은 ""Human-Robot Physical Safety Failure""에서 다룸).","The risk that faults in the robot's own control systems, actuators, motion control, path planning, or execution cause it to move or actuate incorrectly—producing unintended physical actions—irrespective of whether humans are present 

(hazards arising specifically from operating around people, when the robot is otherwise functioning as designed, are covered under ""Human-Robot Physical Safety Failure"").",P_SYS_CONTROL_005,백도어 트리거에 의한 위험 로봇 행동,Backdoor triggers causing unsafe robot behavior,"훈련 데이터, 프롬프트컨텍스트, 모델 가중치, 소프트웨어, 업데이트에 악의적으로 삽입된 트리거가 평상시에는 정상 동작하는 로봇으로하여금 특정 입력·물리 조건에서 미리 정해진 위험하거나 의도되지 않은 물리 행동을 실행하게하는 리스크.","The risk that a trigger maliciously implanted in training data, prompt context, model weights, software, or updates causes a robot that otherwise behaves normally to execute predefined dangerous or unintended physical actions under specific input or physical conditions.",,,EM,0.7716330289840698,0.07893499732017517,1.0,0.7457939982414246,0.8012509942054749,0.10255300253629684,백도어 트리거에 의한 위험 로봇 행동,모델 가중치,삽입 트리거 평상시,Backdoor triggers causing unsafe robot behavior,system prompt,trigger maliciously implanted,P_SYS_CONTROL,0.2,0.583965,0.029618,P_INT_SAFETY=0.200|P_SYS_CONTROL=0.200|P_INT_TAMPER=0.100,P_SYS_CONTROL,0.771633,0.801251,P_INT_TAMPER,0.692698,0.698698,P_SYS_CONTROL,P_SYS_CONTROL,,SRC-P-0033,Physical,RAI4-0303,RAI4-0303,,SOURCE_DOMAIN,REWRITE_KEEP|PEER_REVIEW,Peer-review spacing restoration,L3_MASTER|NIST_AI_RMF|OECD_AI_PRINCIPLES|KOREA_AI_BASIC_ACT,NO_CURATED_PRIOR|PREREQUISITE_FILTER:,P_SYS_CONTROL,0.771321,L3_MASTER_VALIDATED
L0_RAI,책임 있는 인공지능,Responsible AI,L1_P,피지컬 AI,Physical AI,로봇과 자율주행차를 포함하여 물리 세계를 인식하고 물리적 행동을 수행하는 체화형 또는 사이버물리 AI 시스템.,"Embodied or cyber-physical systems, including robots and autonomous vehicles, that perceive and act in the physical world.",P_SYS,시스템,System,"AI 시스템의 내부 설계, 데이터, 모델, 인프라, 통제 또는 운영 과정에서 발생하는 리스크.","Risks arising from the internal design, data, models, infrastructure, controls, or operational processes of an AI system.",P_SYS_CONTROL,안전하지 않은 물리 제어·구동,Unsafe Physical Control and Actuation,"로봇 자체의 제어 시스템·액추에이터·모션 제어·경로 계획·실행의 결함으로 로봇이 잘못 움직이거나 구동하여, 사람의 존재 여부와 무관하게 의도하지 않은 물리 행동을 일으키는 리스크

(로봇이 정상적으로 작동하더라도 사람 주변에서 작동함으로 인해 발생하는 위험은 ""Human-Robot Physical Safety Failure""에서 다룸).","The risk that faults in the robot's own control systems, actuators, motion control, path planning, or execution cause it to move or actuate incorrectly—producing unintended physical actions—irrespective of whether humans are present 

(hazards arising specifically from operating around people, when the robot is otherwise functioning as designed, are covered under ""Human-Robot Physical Safety Failure"").",P_SYS_CONTROL_006,아동의 과신·모방에 따른 위험한 로봇 상호작용,"Child overtrust, imitation, and unsafe robot interaction",인간이 로봇을 과도하게 신뢰하거나 모방해 위험한 조언을 따르거나 위험 장비에 접근하거나 연령에 맞지 않는 물리적 상호 작용을하는 위험.,"The risk that a child overtrusts or imitates a robot and therefore follows unsafe advice, approaches hazardous equipment, or engages in age-inappropriate physical interaction.",,,EM,0.7581419944763184,0.045809999108314514,1.0,0.7288749814033508,0.784263014793396,0.05652200058102608,아동의 과신·모방에 따른 위험한 로봇 상호작용,신뢰 모방 조언,모방 조언 장비,"Child overtrust, imitation, and unsafe robot interaction",child overtrusts imitates,equipment engages age-inappropriate,P_SYS_CONTROL,0.2,0.620118,0.026121,P_INT_SAFETY=0.200|P_SYS_CONTROL=0.200|P_INT_TAMPER=0.100,P_SYS_CONTROL,0.758142,0.784263,P_INT_SAFETY,0.712332,0.727741,P_SYS_CONTROL,P_SYS_CONTROL,,SRC-P-0035,Physical,RAI4-0309,RAI4-0309,,SOURCE_DOMAIN,REWRITE_KEEP|PEER_REVIEW,Peer-review spacing restoration,L3_MASTER|NIST_AI_RMF|OECD_AI_PRINCIPLES|KOREA_AI_BASIC_ACT,NO_CURATED_PRIOR|PREREQUISITE_FILTER:,P_SYS_CONTROL,0.75819,L3_MASTER_VALIDATED
L0_RAI,책임 있는 인공지능,Responsible AI,L1_P,피지컬 AI,Physical AI,로봇과 자율주행차를 포함하여 물리 세계를 인식하고 물리적 행동을 수행하는 체화형 또는 사이버물리 AI 시스템.,"Embodied or cyber-physical systems, including robots and autonomous vehicles, that perceive and act in the physical world.",P_SYS,시스템,System,"AI 시스템의 내부 설계, 데이터, 모델, 인프라, 통제 또는 운영 과정에서 발생하는 리스크.","Risks arising from the internal design, data, models, infrastructure, controls, or operational processes of an AI system.",P_SYS_CONTROL,안전하지 않은 물리 제어·구동,Unsafe Physical Control and Actuation,"로봇 자체의 제어 시스템·액추에이터·모션 제어·경로 계획·실행의 결함으로 로봇이 잘못 움직이거나 구동하여, 사람의 존재 여부와 무관하게 의도하지 않은 물리 행동을 일으키는 리스크

(로봇이 정상적으로 작동하더라도 사람 주변에서 작동함으로 인해 발생하는 위험은 ""Human-Robot Physical Safety Failure""에서 다룸).","The risk that faults in the robot's own control systems, actuators, motion control, path planning, or execution cause it to move or actuate incorrectly—producing unintended physical actions—irrespective of whether humans are present 

(hazards arising specifically from operating around people, when the robot is otherwise functioning as designed, are covered under ""Human-Robot Physical Safety Failure"").",P_SYS_CONTROL_007,통신 단절 및 제어 링크 손실,Communication dropout and control-link loss,로봇 또는 차량이 명령·원격 측정·제어 링크를 잃어 비안전 정지·오래된 명령 또는 제어되지 않는 동작을 초래하는 위험.,"The risk that a robot loses communication or control-link connectivity during operation, reducing supervision and safe control.",,,EM,0.7309039831161499,0.040460001677274704,1.0,0.7015119791030884,0.7609040141105652,0.06549599766731262,통신 단절 및 제어 링크 손실,명령 원격 측정,차량 명령 원격,Communication dropout and control-link loss,communication control-link connectivity,loses communication control-link,P_SYS_CONTROL,0.5,0.485869,0.03,P_SYS_CONTROL=0.500,P_SYS_CONTROL,0.730904,0.760904,P_SYS_HARDWARE,0.68548,0.695408,P_SYS_CONTROL,P_SYS_CONTROL,,SRC-P-0029,Physical,RAI4-0293,RAI4-0293,,SOURCE_DOMAIN,REWRITE_KEEP|PEER_REVIEW,Peer-review spacing restoration,L3_MASTER|NIST_AI_RMF|OECD_AI_PRINCIPLES|KOREA_AI_BASIC_ACT,NO_CURATED_PRIOR|PREREQUISITE_FILTER:,P_SYS_CONTROL,0.731511,L3_MASTER_VALIDATED
L0_RAI,책임 있는 인공지능,Responsible AI,L1_P,피지컬 AI,Physical AI,로봇과 자율주행차를 포함하여 물리 세계를 인식하고 물리적 행동을 수행하는 체화형 또는 사이버물리 AI 시스템.,"Embodied or cyber-physical systems, including robots and autonomous vehicles, that perceive and act in the physical world.",P_SYS,시스템,System,"AI 시스템의 내부 설계, 데이터, 모델, 인프라, 통제 또는 운영 과정에서 발생하는 리스크.","Risks arising from the internal design, data, models, infrastructure, controls, or operational processes of an AI system.",P_SYS_CONTROL,안전하지 않은 물리 제어·구동,Unsafe Physical Control and Actuation,"로봇 자체의 제어 시스템·액추에이터·모션 제어·경로 계획·실행의 결함으로 로봇이 잘못 움직이거나 구동하여, 사람의 존재 여부와 무관하게 의도하지 않은 물리 행동을 일으키는 리스크

(로봇이 정상적으로 작동하더라도 사람 주변에서 작동함으로 인해 발생하는 위험은 ""Human-Robot Physical Safety Failure""에서 다룸).","The risk that faults in the robot's own control systems, actuators, motion control, path planning, or execution cause it to move or actuate incorrectly—producing unintended physical actions—irrespective of whether humans are present 

(hazards arising specifically from operating around people, when the robot is otherwise functioning as designed, are covered under ""Human-Robot Physical Safety Failure"").",P_SYS_CONTROL_008,제어 루프 데드라인 미달,Control-loop deadline miss,로봇·휴머노이드 또는 피지컬 AI 시스템의 지각·학습·제어·물리적 행동 과정이 실시간 제어 루프가 데드라인을 놓쳐 오래된 상태에서 작동이 계산되거나 안전 유지에 너무 늦게 적용되는 위험.,The risk that a safety-critical control loop misses its real-time deadline before the robot action is corrected.,,,EM,0.7216669917106628,0.04069099947810173,1.0,0.6898249983787537,0.7481250166893005,0.06714899837970734,제어 루프 데드라인 미달,루프 데드라인 상태,데드라인 상태 작동,Control-loop deadline miss,misses real-time deadline,loop misses real-time,P_SYS_CONTROL,0.3,0.483347,0.026458,P_SYS_CONTROL=0.300|P_SYS_STATE=0.200,P_SYS_CONTROL,0.721667,0.748125,P_INT_SAFETY,0.680976,0.680976,P_SYS_CONTROL,P_SYS_CONTROL,,SRC-P-0030,Physical,RAI4-0296,RAI4-0296,,SOURCE_DOMAIN,REWRITE_KEEP|PEER_REVIEW|L3_AI_GROUNDING,"Bilingual definition grounded in an explicit AI technology, causal mechanism, and immutable L3 scope",L3_MASTER|NIST_AI_RMF|OECD_AI_PRINCIPLES|KOREA_AI_BASIC_ACT|L3_MASTER,NO_CURATED_PRIOR|PREREQUISITE_FILTER:,P_SYS_CONTROL,0.68784,L3_MASTER_AI_REWRITE
L0_RAI,책임 있는 인공지능,Responsible AI,L1_P,피지컬 AI,Physical AI,로봇과 자율주행차를 포함하여 물리 세계를 인식하고 물리적 행동을 수행하는 체화형 또는 사이버물리 AI 시스템.,"Embodied or cyber-physical systems, including robots and autonomous vehicles, that perceive and act in the physical world.",P_SYS,시스템,System,"AI 시스템의 내부 설계, 데이터, 모델, 인프라, 통제 또는 운영 과정에서 발생하는 리스크.","Risks arising from the internal design, data, models, infrastructure, controls, or operational processes of an AI system.",P_SYS_CONTROL,안전하지 않은 물리 제어·구동,Unsafe Physical Control and Actuation,"로봇 자체의 제어 시스템·액추에이터·모션 제어·경로 계획·실행의 결함으로 로봇이 잘못 움직이거나 구동하여, 사람의 존재 여부와 무관하게 의도하지 않은 물리 행동을 일으키는 리스크

(로봇이 정상적으로 작동하더라도 사람 주변에서 작동함으로 인해 발생하는 위험은 ""Human-Robot Physical Safety Failure""에서 다룸).","The risk that faults in the robot's own control systems, actuators, motion control, path planning, or execution cause it to move or actuate incorrectly—producing unintended physical actions—irrespective of whether humans are present 

(hazards arising specifically from operating around people, when the robot is otherwise functioning as designed, are covered under ""Human-Robot Physical Safety Failure"").",P_SYS_CONTROL_009,구현체 간 행동 공간 불일치,Cross-embodiment action-space mismatch,다양한 로봇 구현 체에 걸쳐 훈련된 정책이 특정 로봇의 행동 공간에서 비안전하거나 실행 불가능한 행동으로 명령을 매핑하는 리스크.,The risk that a policy trained across different robot embodiments maps commands into actions that are unsafe or infeasible for a specific robot action space.,,,EM,0.7286649942398071,0.016966000199317932,1.0,0.6962739825248718,1.0286649465560913,0.3132520020008087,구현체 간 행동 공간 불일치,구현 훈련 정책,훈련 정책 특정,Cross-embodiment action-space mismatch,embodiments maps commands,trained across different,P_SYS_STATE,0.0,0.474651,0.3,NO_DIRECT_LEXICAL_SUPPORT,P_SYS_CONTROL,0.728665,1.028665,P_INT_SAFETY,0.711699,0.715413,P_SYS_CONTROL,P_INT_SAFETY,,SRC-P-0179,Physical,RAI4-0236,RAI4-0236,"L3 이동 — 다양한 로봇 구현체에 훈련된 정책이 특정 로봇의 행동 공간에 부적합한 명령을 매핑하는 것은 로봇 기능·성능(cross-embodiment) 이슈로, 멀티 에이전트 간 협력과는 무관",SOURCE_DOMAIN,REWRITE_KEEP|PEER_REVIEW,Peer-review spacing restoration,L3_MASTER|NIST_AI_RMF|OECD_AI_PRINCIPLES|KOREA_AI_BASIC_ACT,CURATED_SOURCE_MECHANISM_PRIOR:P_SYS_CONTROL|PREREQUISITE_FILTER:,P_SYS_CONTROL,0.728365,L3_MASTER_VALIDATED
L0_RAI,책임 있는 인공지능,Responsible AI,L1_P,피지컬 AI,Physical AI,로봇과 자율주행차를 포함하여 물리 세계를 인식하고 물리적 행동을 수행하는 체화형 또는 사이버물리 AI 시스템.,"Embodied or cyber-physical systems, including robots and autonomous vehicles, that perceive and act in the physical world.",P_SYS,시스템,System,"AI 시스템의 내부 설계, 데이터, 모델, 인프라, 통제 또는 운영 과정에서 발생하는 리스크.","Risks arising from the internal design, data, models, infrastructure, controls, or operational processes of an AI system.",P_SYS_CONTROL,안전하지 않은 물리 제어·구동,Unsafe Physical Control and Actuation,"로봇 자체의 제어 시스템·액추에이터·모션 제어·경로 계획·실행의 결함으로 로봇이 잘못 움직이거나 구동하여, 사람의 존재 여부와 무관하게 의도하지 않은 물리 행동을 일으키는 리스크

(로봇이 정상적으로 작동하더라도 사람 주변에서 작동함으로 인해 발생하는 위험은 ""Human-Robot Physical Safety Failure""에서 다룸).","The risk that faults in the robot's own control systems, actuators, motion control, path planning, or execution cause it to move or actuate incorrectly—producing unintended physical actions—irrespective of whether humans are present 

(hazards arising specifically from operating around people, when the robot is otherwise functioning as designed, are covered under ""Human-Robot Physical Safety Failure"").",P_SYS_CONTROL_010,정밀 휴머노이드 접촉력,Dexterous humanoid contact-force risk,정밀 휴머노이드 손 또는 전신 조작기가 파지·균형·물체 동 역학 간 상호 작용으로 비안전한 접촉력을 가하는 위험.,"The risk that a dexterous humanoid hand or wholebody manipulator applies unsafe contact forces because grasp, balance, and object dynamics are not jointly controlled.",,,EM,0.7057610154151917,0.03015200048685074,1.0,0.6767190098762512,0.7221360206604004,0.04079199954867363,정밀 휴머노이드 접촉력,전신 조작기 파지,조작기 파지 균형,Dexterous humanoid contact-force risk,hand wholebody manipulator,wholebody manipulator applies,P_SYS_CONTROL,0.1,0.499348,0.016376,P_SYS_CONTROL=0.100,P_SYS_CONTROL,0.705761,0.722136,P_INT_SAFETY,0.675609,0.681344,P_SYS_CONTROL,P_SYS_CONTROL,,SRC-P-0148,Physical,RAI4-0247,RAI4-0247,,SOURCE_DOMAIN,REWRITE_KEEP|PEER_REVIEW,Peer-review spacing restoration,L3_MASTER|NIST_AI_RMF|OECD_AI_PRINCIPLES|KOREA_AI_BASIC_ACT,NO_CURATED_PRIOR|PREREQUISITE_FILTER:,P_SYS_CONTROL,0.706232,L3_MASTER_VALIDATED
L0_RAI,책임 있는 인공지능,Responsible AI,L1_P,피지컬 AI,Physical AI,로봇과 자율주행차를 포함하여 물리 세계를 인식하고 물리적 행동을 수행하는 체화형 또는 사이버물리 AI 시스템.,"Embodied or cyber-physical systems, including robots and autonomous vehicles, that perceive and act in the physical world.",P_SYS,시스템,System,"AI 시스템의 내부 설계, 데이터, 모델, 인프라, 통제 또는 운영 과정에서 발생하는 리스크.","Risks arising from the internal design, data, models, infrastructure, controls, or operational processes of an AI system.",P_SYS_CONTROL,안전하지 않은 물리 제어·구동,Unsafe Physical Control and Actuation,"로봇 자체의 제어 시스템·액추에이터·모션 제어·경로 계획·실행의 결함으로 로봇이 잘못 움직이거나 구동하여, 사람의 존재 여부와 무관하게 의도하지 않은 물리 행동을 일으키는 리스크

(로봇이 정상적으로 작동하더라도 사람 주변에서 작동함으로 인해 발생하는 위험은 ""Human-Robot Physical Safety Failure""에서 다룸).","The risk that faults in the robot's own control systems, actuators, motion control, path planning, or execution cause it to move or actuate incorrectly—producing unintended physical actions—irrespective of whether humans are present 

(hazards arising specifically from operating around people, when the robot is otherwise functioning as designed, are covered under ""Human-Robot Physical Safety Failure"").",P_SYS_CONTROL_011,전환 지원 없는 물리 노동 대체,Displacement of physical work without adequate transition support,로봇·휴머노이드 또는 피지컬 AI 시스템의 지각·학습·제어·물리적 행동 과정이 피지컬 자동화가 수동·물류·서비스·돌봄·검사·보안·유지 보수 업무를 대체하는 속도가 해당 노동자의 재교육이나 대체 일자리 전환 속도보다 빠른 위험.,"The risk that a robot, humanoid, or physical AI system, through perception, learning, control, or physical action, creates a condition in which physical automation replaces defined manual, logistics, service, care, inspection, security, or maintenance tasks faster than affected workers can access retraining or alternative employment.",,,EM,0.7362059950828552,0.02202799916267395,1.0,0.7044780254364014,0.7620360255241394,0.029857000336050987,전환 지원 없는 물리 노동 대체,교육 대체 일자리,노동자 교육 대체,Displacement of physical work without adequate transition support,retraining alternative employment,replaces defined manual,P_SYS_CONTROL,0.4,0.489169,0.02583,P_SYS_CONTROL=0.400|P_INT_TAMPER=0.300|P_INT_SAFETY=0.300,P_SYS_CONTROL,0.736206,0.762036,P_INT_SAFETY,0.714178,0.732178,P_SYS_CONTROL,P_INT_SAFETY,,SRC-P-0206,Physical,RAI4-0355,RAI4-0355,,SOURCE_DOMAIN,REWRITE_KEEP|PEER_REVIEW|L3_AI_GROUNDING,"Bilingual definition grounded in an explicit AI technology, causal mechanism, and immutable L3 scope",L3_MASTER|NIST_AI_RMF|OECD_AI_PRINCIPLES|KOREA_AI_BASIC_ACT|L3_MASTER,NO_CURATED_PRIOR|PREREQUISITE_FILTER:,P_SYS_CONTROL,0.706387,L3_MASTER_AI_REWRITE
L0_RAI,책임 있는 인공지능,Responsible AI,L1_P,피지컬 AI,Physical AI,로봇과 자율주행차를 포함하여 물리 세계를 인식하고 물리적 행동을 수행하는 체화형 또는 사이버물리 AI 시스템.,"Embodied or cyber-physical systems, including robots and autonomous vehicles, that perceive and act in the physical world.",P_SYS,시스템,System,"AI 시스템의 내부 설계, 데이터, 모델, 인프라, 통제 또는 운영 과정에서 발생하는 리스크.","Risks arising from the internal design, data, models, infrastructure, controls, or operational processes of an AI system.",P_SYS_CONTROL,안전하지 않은 물리 제어·구동,Unsafe Physical Control and Actuation,"로봇 자체의 제어 시스템·액추에이터·모션 제어·경로 계획·실행의 결함으로 로봇이 잘못 움직이거나 구동하여, 사람의 존재 여부와 무관하게 의도하지 않은 물리 행동을 일으키는 리스크

(로봇이 정상적으로 작동하더라도 사람 주변에서 작동함으로 인해 발생하는 위험은 ""Human-Robot Physical Safety Failure""에서 다룸).","The risk that faults in the robot's own control systems, actuators, motion control, path planning, or execution cause it to move or actuate incorrectly—producing unintended physical actions—irrespective of whether humans are present 

(hazards arising specifically from operating around people, when the robot is otherwise functioning as designed, are covered under ""Human-Robot Physical Safety Failure"").",P_SYS_CONTROL_012,엔드 이펙터 속도 초과,Excessive end-effector velocity,로봇이 인간 근접 또는 취약 물체 처리 시 안전한 엔드 이펙터 속도 한계를 초과하여 충격·충돌 심각 도를 높이는 리스크.,"The risk that a robot exceeds safe end-effector speed limits near humans or fragile objects, increasing impact and collision severity.",,,EM,0.744933009147644,0.049065001308918,1.0,0.7137979865074158,0.7516019940376282,0.046025000512599945,엔드 이펙터 속도 초과,한계 초과 충격,이펙터 속도 한계,Excessive end-effector velocity,near humans fragile,exceeds safe end-effector,P_SYS_CONTROL,0.0,0.5183,0.006669,P_INT_SAFETY=0.200,P_SYS_CONTROL,0.744933,0.751602,P_INT_SAFETY,0.695868,0.705577,P_SYS_CONTROL,P_SYS_CONTROL,,SRC-P-0013,Physical,RAI4-0206,RAI4-0206,,SOURCE_DOMAIN,REWRITE_KEEP|PEER_REVIEW,Peer-review spacing restoration,L3_MASTER|NIST_AI_RMF|OECD_AI_PRINCIPLES|KOREA_AI_BASIC_ACT,NO_CURATED_PRIOR|PREREQUISITE_FILTER:,P_SYS_CONTROL,0.745335,L3_MASTER_VALIDATED
L0_RAI,책임 있는 인공지능,Responsible AI,L1_P,피지컬 AI,Physical AI,로봇과 자율주행차를 포함하여 물리 세계를 인식하고 물리적 행동을 수행하는 체화형 또는 사이버물리 AI 시스템.,"Embodied or cyber-physical systems, including robots and autonomous vehicles, that perceive and act in the physical world.",P_SYS,시스템,System,"AI 시스템의 내부 설계, 데이터, 모델, 인프라, 통제 또는 운영 과정에서 발생하는 리스크.","Risks arising from the internal design, data, models, infrastructure, controls, or operational processes of an AI system.",P_SYS_CONTROL,안전하지 않은 물리 제어·구동,Unsafe Physical Control and Actuation,"로봇 자체의 제어 시스템·액추에이터·모션 제어·경로 계획·실행의 결함으로 로봇이 잘못 움직이거나 구동하여, 사람의 존재 여부와 무관하게 의도하지 않은 물리 행동을 일으키는 리스크

(로봇이 정상적으로 작동하더라도 사람 주변에서 작동함으로 인해 발생하는 위험은 ""Human-Robot Physical Safety Failure""에서 다룸).","The risk that faults in the robot's own control systems, actuators, motion control, path planning, or execution cause it to move or actuate incorrectly—producing unintended physical actions—irrespective of whether humans are present 

(hazards arising specifically from operating around people, when the robot is otherwise functioning as designed, are covered under ""Human-Robot Physical Safety Failure"").",P_SYS_CONTROL_013,정밀 운동 제어 불안정성,Fine motor control instability,"정밀 로봇 손, 수술 도구, 외 골격 또는 산업용 그리 퍼의 작은 제어 오차가 증폭되어 예기치 않은 움직임, 충돌 또는 신체적 상해를 초래하는 리스크.","The risk that small control errors in dexterous robotic hands, surgical tools, exoskeletons, or industrial grippers are amplified into unexpected movement, collision, or physical injury.",,,EM,0.779994010925293,0.038012001663446426,1.0,0.7532410025596619,0.8201169967651367,0.06762699782848358,정밀 운동 제어 불안정성,신체 상해,수술 도구 골격,Fine motor control instability,surgical tools exoskeletons,grippers amplified unexpected,P_SYS_CONTROL,0.4,0.546369,0.040123,P_INT_SAFETY=0.400|P_SYS_CONTROL=0.400|P_INT_TAMPER=0.100,P_SYS_CONTROL,0.779994,0.820117,P_SYS_HARDWARE,0.741982,0.75249,P_SYS_CONTROL,P_SYS_CONTROL,,SRC-P-0046,Physical,RAI4-0333,RAI4-0333,,SOURCE_DOMAIN,EDIT|REWRITE_KEEP|PEER_REVIEW,Peer-review spacing restoration,L3_MASTER|NIST_AI_RMF|OECD_AI_PRINCIPLES|KOREA_AI_BASIC_ACT,NO_CURATED_PRIOR|PREREQUISITE_FILTER:,P_SYS_CONTROL,0.780711,L3_MASTER_VALIDATED
L0_RAI,책임 있는 인공지능,Responsible AI,L1_P,피지컬 AI,Physical AI,로봇과 자율주행차를 포함하여 물리 세계를 인식하고 물리적 행동을 수행하는 체화형 또는 사이버물리 AI 시스템.,"Embodied or cyber-physical systems, including robots and autonomous vehicles, that perceive and act in the physical world.",P_SYS,시스템,System,"AI 시스템의 내부 설계, 데이터, 모델, 인프라, 통제 또는 운영 과정에서 발생하는 리스크.","Risks arising from the internal design, data, models, infrastructure, controls, or operational processes of an AI system.",P_SYS_CONTROL,안전하지 않은 물리 제어·구동,Unsafe Physical Control and Actuation,"로봇 자체의 제어 시스템·액추에이터·모션 제어·경로 계획·실행의 결함으로 로봇이 잘못 움직이거나 구동하여, 사람의 존재 여부와 무관하게 의도하지 않은 물리 행동을 일으키는 리스크

(로봇이 정상적으로 작동하더라도 사람 주변에서 작동함으로 인해 발생하는 위험은 ""Human-Robot Physical Safety Failure""에서 다룸).","The risk that faults in the robot's own control systems, actuators, motion control, path planning, or execution cause it to move or actuate incorrectly—producing unintended physical actions—irrespective of whether humans are present 

(hazards arising specifically from operating around people, when the robot is otherwise functioning as designed, are covered under ""Human-Robot Physical Safety Failure"").",P_SYS_CONTROL_014,금지 대상 충돌,Forbidden-object collision,"로봇이 작업 또는 안전 규칙상 접촉이 금지된 물체, 사람, 또는 장비와 충돌하는 리스크.","The risk that a robot collides with objects, people, or equipment that must not be contacted under task or safety rules.",,,EM,0.7338820099830627,0.024176999926567078,1.0,0.7035689949989319,1.0338820219039917,0.3010700047016144,금지 대상 충돌,금지 물체 장비,규칙 접촉 금지,Forbidden-object collision,must not contacted,equipment must not,P_INT_SAFETY,0.0,0.44463,0.3,P_INT_SAFETY=0.300,P_SYS_CONTROL,0.733882,1.033882,P_INT_SAFETY,0.709705,0.732812,P_SYS_CONTROL,P_INT_SAFETY,,SRC-P-0015,Physical,RAI4-0208,RAI4-0208,,SOURCE_DOMAIN,REWRITE_KEEP|PEER_REVIEW,Peer-review spacing restoration,L3_MASTER|NIST_AI_RMF|OECD_AI_PRINCIPLES|KOREA_AI_BASIC_ACT,CURATED_SOURCE_MECHANISM_PRIOR:P_SYS_CONTROL|PREREQUISITE_FILTER:,P_SYS_CONTROL,0.734281,L3_MASTER_VALIDATED
L0_RAI,책임 있는 인공지능,Responsible AI,L1_P,피지컬 AI,Physical AI,로봇과 자율주행차를 포함하여 물리 세계를 인식하고 물리적 행동을 수행하는 체화형 또는 사이버물리 AI 시스템.,"Embodied or cyber-physical systems, including robots and autonomous vehicles, that perceive and act in the physical world.",P_SYS,시스템,System,"AI 시스템의 내부 설계, 데이터, 모델, 인프라, 통제 또는 운영 과정에서 발생하는 리스크.","Risks arising from the internal design, data, models, infrastructure, controls, or operational processes of an AI system.",P_SYS_CONTROL,안전하지 않은 물리 제어·구동,Unsafe Physical Control and Actuation,"로봇 자체의 제어 시스템·액추에이터·모션 제어·경로 계획·실행의 결함으로 로봇이 잘못 움직이거나 구동하여, 사람의 존재 여부와 무관하게 의도하지 않은 물리 행동을 일으키는 리스크

(로봇이 정상적으로 작동하더라도 사람 주변에서 작동함으로 인해 발생하는 위험은 ""Human-Robot Physical Safety Failure""에서 다룸).","The risk that faults in the robot's own control systems, actuators, motion control, path planning, or execution cause it to move or actuate incorrectly—producing unintended physical actions—irrespective of whether humans are present 

(hazards arising specifically from operating around people, when the robot is otherwise functioning as designed, are covered under ""Human-Robot Physical Safety Failure"").",P_SYS_CONTROL_015,파지력 상해,Grasp force injury,"로봇 조작이 과도하거나 잘못 타이밍된 힘을 가함으로써 인간 접촉 시 압착, 꼬집힘, 절단, 인간 공학적 상해를 유발시키는 위험.","The risk that robot manipulation may apply excessive or poorly timed force, creating crushing, pinching, cutting, or ergonomic injury risks.",,,EM,0.7181270122528076,0.050085000693798065,1.0,0.6880260109901428,0.7181270122528076,0.04999899864196777,파지력 상해,절단 인간 공학,조작 과도 타이밍,Grasp force injury,pinching cutting ergonomic,crushing pinching cutting,P_INT_TAMPER,0.0,0.452575,0.0,P_INT_SAFETY=0.100,P_SYS_CONTROL,0.718127,0.718127,P_INT_SAFETY,0.668042,0.668128,P_SYS_CONTROL,P_SYS_CONTROL,,SRC-P-0039,Physical,RAI4-0331,RAI4-0331,,SOURCE_DOMAIN,REWRITE_KEEP|PEER_REVIEW,Peer-review spacing restoration,L3_MASTER|NIST_AI_RMF|OECD_AI_PRINCIPLES|KOREA_AI_BASIC_ACT,NO_CURATED_PRIOR|PREREQUISITE_FILTER:,P_SYS_CONTROL,0.718446,L3_MASTER_VALIDATED
L0_RAI,책임 있는 인공지능,Responsible AI,L1_P,피지컬 AI,Physical AI,로봇과 자율주행차를 포함하여 물리 세계를 인식하고 물리적 행동을 수행하는 체화형 또는 사이버물리 AI 시스템.,"Embodied or cyber-physical systems, including robots and autonomous vehicles, that perceive and act in the physical world.",P_SYS,시스템,System,"AI 시스템의 내부 설계, 데이터, 모델, 인프라, 통제 또는 운영 과정에서 발생하는 리스크.","Risks arising from the internal design, data, models, infrastructure, controls, or operational processes of an AI system.",P_SYS_CONTROL,안전하지 않은 물리 제어·구동,Unsafe Physical Control and Actuation,"로봇 자체의 제어 시스템·액추에이터·모션 제어·경로 계획·실행의 결함으로 로봇이 잘못 움직이거나 구동하여, 사람의 존재 여부와 무관하게 의도하지 않은 물리 행동을 일으키는 리스크

(로봇이 정상적으로 작동하더라도 사람 주변에서 작동함으로 인해 발생하는 위험은 ""Human-Robot Physical Safety Failure""에서 다룸).","The risk that faults in the robot's own control systems, actuators, motion control, path planning, or execution cause it to move or actuate incorrectly—producing unintended physical actions—irrespective of whether humans are present 

(hazards arising specifically from operating around people, when the robot is otherwise functioning as designed, are covered under ""Human-Robot Physical Safety Failure"").",P_SYS_CONTROL_016,그리퍼 형상·유형 제약 위반,Gripper geometry and type constraint violation,물리 에이전트가 그리 퍼의 형상·유형 또는 실제 접촉 역학이 부과하는 물리적 제약을 고려하지 못하고 이를 위반하는 행동을 선택하는 리스크.,"The risk that a robot, humanoid, or physical AI system, through perception, learning, control, or physical action, creates a condition in which a physical agent selects an action that violates constraints imposed by gripper geometry, gripper type, or feasible contact mechanics.",,,EM,0.6854180097579956,0.0316770002245903,1.0,0.6555860042572021,0.6985300183296204,0.035937998443841934,그리퍼 형상·유형 제약 위반,형상 유형 실제,에이전트 형상 유형,Gripper geometry and type constraint violation,gripper type feasible,imposed gripper geometry,P_INT_TAMPER,0.2,0.445223,0.013112,P_SYS_CONTROL=0.200|P_INT_TAMPER=0.100|P_INT_SAFETY=0.100,P_SYS_CONTROL,0.685418,0.69853,P_INT_TAMPER,0.651768,0.662592,P_SYS_CONTROL,P_SYS_CONTROL,,SRC-G-0011,General,RAI4-0184,RAI4-0184,Physical AI의 하위로 L4 리스크 카드를 분류하고 L3와 재매핑을 시킬것,INSTRUCTION_PROMPT,REWRITE_KEEP|PEER_REVIEW|L3_AI_GROUNDING,"Bilingual definition grounded in an explicit AI technology, causal mechanism, and immutable L3 scope",L3_MASTER|NIST_AI_RMF|OECD_AI_PRINCIPLES|KOREA_AI_BASIC_ACT|L3_MASTER,NO_CURATED_PRIOR|PREREQUISITE_FILTER:,P_SYS_CONTROL,0.661463,L3_MASTER_AI_REWRITE
L0_RAI,책임 있는 인공지능,Responsible AI,L1_P,피지컬 AI,Physical AI,로봇과 자율주행차를 포함하여 물리 세계를 인식하고 물리적 행동을 수행하는 체화형 또는 사이버물리 AI 시스템.,"Embodied or cyber-physical systems, including robots and autonomous vehicles, that perceive and act in the physical world.",P_SYS,시스템,System,"AI 시스템의 내부 설계, 데이터, 모델, 인프라, 통제 또는 운영 과정에서 발생하는 리스크.","Risks arising from the internal design, data, models, infrastructure, controls, or operational processes of an AI system.",P_SYS_CONTROL,안전하지 않은 물리 제어·구동,Unsafe Physical Control and Actuation,"로봇 자체의 제어 시스템·액추에이터·모션 제어·경로 계획·실행의 결함으로 로봇이 잘못 움직이거나 구동하여, 사람의 존재 여부와 무관하게 의도하지 않은 물리 행동을 일으키는 리스크

(로봇이 정상적으로 작동하더라도 사람 주변에서 작동함으로 인해 발생하는 위험은 ""Human-Robot Physical Safety Failure""에서 다룸).","The risk that faults in the robot's own control systems, actuators, motion control, path planning, or execution cause it to move or actuate incorrectly—producing unintended physical actions—irrespective of whether humans are present 

(hazards arising specifically from operating around people, when the robot is otherwise functioning as designed, are covered under ""Human-Robot Physical Safety Failure"").",P_SYS_CONTROL_017,언어·행동 출력 불일치에 따른 유해 물리 행동,Harmful physical action from language-action misalignment,체화형 AI 시스템이 유해 요청을 언어로는 거절하면서도 언어 출력과 행동 출력 공간의 불일치로 해당 물리 행동을 제어·구동하여 의도하지 않은 위해를 일으키는 리스크.,"The risk that an embodied AI system verbally refuses a harmful request but, because its language and action output spaces are misaligned, still controls and actuates the corresponding physical action, causing unintended physical harm.",,,EM,0.7154070138931274,0.006692000199109316,1.0,0.6866919994354248,1.072924017906189,0.3331359922885895,언어·행동 출력 불일치에 따른 유해 물리 행동,요청 언어 거절,거절 언어 출력,Harmful physical action from language-action misalignment,controls actuates corresponding,still controls actuates,P_SYS_CONTROL,0.6,0.57801,0.357517,P_SYS_CONTROL=0.600|P_INT_TAMPER=0.300|P_INT_SAFETY=0.300,P_SYS_CONTROL,0.715407,1.072924,P_INT_SAFETY,0.722099,0.739788,P_SYS_STATE,P_SYS_CONTROL,,SRC-P-0099,Physical,RAI4-1675,RAI4-1675,,SOURCE_DOMAIN,REWRITE_KEEP|PEER_REVIEW|L3_MASTER_SCOPE_REWRITE,"Definition narrowed to the subject, mechanism, and adverse outcome of the immutable L3 master",L3_MASTER|NIST_AI_RMF|OECD_AI_PRINCIPLES|KOREA_AI_BASIC_ACT,CURATED_SOURCE_MECHANISM_PRIOR:P_SYS_CONTROL|PREREQUISITE_FILTER:,P_SYS_CONTROL,0.714293,L3_MASTER_VALIDATED
L0_RAI,책임 있는 인공지능,Responsible AI,L1_P,피지컬 AI,Physical AI,로봇과 자율주행차를 포함하여 물리 세계를 인식하고 물리적 행동을 수행하는 체화형 또는 사이버물리 AI 시스템.,"Embodied or cyber-physical systems, including robots and autonomous vehicles, that perceive and act in the physical world.",P_SYS,시스템,System,"AI 시스템의 내부 설계, 데이터, 모델, 인프라, 통제 또는 운영 과정에서 발생하는 리스크.","Risks arising from the internal design, data, models, infrastructure, controls, or operational processes of an AI system.",P_SYS_CONTROL,안전하지 않은 물리 제어·구동,Unsafe Physical Control and Actuation,"로봇 자체의 제어 시스템·액추에이터·모션 제어·경로 계획·실행의 결함으로 로봇이 잘못 움직이거나 구동하여, 사람의 존재 여부와 무관하게 의도하지 않은 물리 행동을 일으키는 리스크

(로봇이 정상적으로 작동하더라도 사람 주변에서 작동함으로 인해 발생하는 위험은 ""Human-Robot Physical Safety Failure""에서 다룸).","The risk that faults in the robot's own control systems, actuators, motion control, path planning, or execution cause it to move or actuate incorrectly—producing unintended physical actions—irrespective of whether humans are present 

(hazards arising specifically from operating around people, when the robot is otherwise functioning as designed, are covered under ""Human-Robot Physical Safety Failure"").",P_SYS_CONTROL_018,휴머노이드 힘 한계 초과,Humanoid force limit exceedance,"휴머노이드가 전신 이동, 빠른 팔 동작, 균형 상실 중에 물체·작업·인체 접촉에 대한 안전 임계 값을 넘는 충돌력이나 파지·조작 힘을 가하여, 상해나 손상을 일으키는 리스크.","The risk that a humanoid generates collision, grasp, or manipulation forces above safe thresholds relative to the object, task, or human contact during fullbody movement, rapid arm motion, or loss of balance, causing injury or damage.",,,EM,0.7242130041122437,0.042048998177051544,1.0,0.691618025302887,0.7340750098228455,0.039910998195409775,휴머노이드 힘 한계 초과,자기 손상,동작 균형 상실,Humanoid force limit exceedance,fullbody movement rapid,movement rapid arm,P_SYS_CONTROL,0.0,0.548676,0.009862,P_INT_SAFETY=0.200,P_SYS_CONTROL,0.724213,0.734075,P_INT_SAFETY,0.682164,0.694164,P_SYS_CONTROL,P_SYS_CONTROL,,SRC-P-0160,Physical,RAI4-0283,RAI4-0283,,SOURCE_DOMAIN,REWRITE_KEEP|PEER_REVIEW,Peer-review spacing restoration,L3_MASTER|NIST_AI_RMF|OECD_AI_PRINCIPLES|KOREA_AI_BASIC_ACT,NO_CURATED_PRIOR|PREREQUISITE_FILTER:,P_SYS_CONTROL,0.724367,L3_MASTER_VALIDATED
L0_RAI,책임 있는 인공지능,Responsible AI,L1_P,피지컬 AI,Physical AI,로봇과 자율주행차를 포함하여 물리 세계를 인식하고 물리적 행동을 수행하는 체화형 또는 사이버물리 AI 시스템.,"Embodied or cyber-physical systems, including robots and autonomous vehicles, that perceive and act in the physical world.",P_SYS,시스템,System,"AI 시스템의 내부 설계, 데이터, 모델, 인프라, 통제 또는 운영 과정에서 발생하는 리스크.","Risks arising from the internal design, data, models, infrastructure, controls, or operational processes of an AI system.",P_SYS_CONTROL,안전하지 않은 물리 제어·구동,Unsafe Physical Control and Actuation,"로봇 자체의 제어 시스템·액추에이터·모션 제어·경로 계획·실행의 결함으로 로봇이 잘못 움직이거나 구동하여, 사람의 존재 여부와 무관하게 의도하지 않은 물리 행동을 일으키는 리스크

(로봇이 정상적으로 작동하더라도 사람 주변에서 작동함으로 인해 발생하는 위험은 ""Human-Robot Physical Safety Failure""에서 다룸).","The risk that faults in the robot's own control systems, actuators, motion control, path planning, or execution cause it to move or actuate incorrectly—producing unintended physical actions—irrespective of whether humans are present 

(hazards arising specifically from operating around people, when the robot is otherwise functioning as designed, are covered under ""Human-Robot Physical Safety Failure"").",P_SYS_CONTROL_019,의도·어포던스 오해에 따른 휴머노이드 모방 제어 실패,Humanoid imitation-control failure from misread intent and affordances,"휴머노이드가 시연자의 의도, 물체 어포던스또는 안전 제약을 추론하지 못한 채 관찰 행동을 모방하여 부적절한 경로·동작을 실행하는 리스크.","The risk that a humanoid imitates an observed action without inferring the demonstrator's intent, object affordances, or safety constraints, causing inappropriate motion planning or execution.",,,EM,0.7235940098762512,0.012958000414073467,1.0,0.6936560273170471,1.0337729454040527,0.3051370084285736,의도·어포던스 오해에 따른 휴머노이드 모방 제어 실패,모방 적절 경로,적절 경로 동작,Humanoid imitation-control failure from misread intent and affordances,inferring demonstrator's intent,demonstrator's intent object,P_SYS_STATE,0.1,0.55418,0.310179,P_INT_SAFETY=0.300|P_SYS_STATE=0.300|P_SYS_HARDWARE=0.200,P_SYS_CONTROL,0.723593,1.033773,P_INT_SAFETY,0.710635,0.728635,P_SYS_CONTROL,P_INT_SAFETY,,SRC-P-0154,Physical,RAI4-0257,RAI4-0257,,SOURCE_DOMAIN,REWRITE_KEEP|PEER_REVIEW|L3_MASTER_SCOPE_REWRITE,"Definition narrowed to the subject, mechanism, and adverse outcome of the immutable L3 master",L3_MASTER|NIST_AI_RMF|OECD_AI_PRINCIPLES|KOREA_AI_BASIC_ACT,CURATED_SOURCE_MECHANISM_PRIOR:P_SYS_CONTROL|PREREQUISITE_FILTER:,P_SYS_CONTROL,0.723228,L3_MASTER_VALIDATED
L0_RAI,책임 있는 인공지능,Responsible AI,L1_P,피지컬 AI,Physical AI,로봇과 자율주행차를 포함하여 물리 세계를 인식하고 물리적 행동을 수행하는 체화형 또는 사이버물리 AI 시스템.,"Embodied or cyber-physical systems, including robots and autonomous vehicles, that perceive and act in the physical world.",P_SYS,시스템,System,"AI 시스템의 내부 설계, 데이터, 모델, 인프라, 통제 또는 운영 과정에서 발생하는 리스크.","Risks arising from the internal design, data, models, infrastructure, controls, or operational processes of an AI system.",P_SYS_CONTROL,안전하지 않은 물리 제어·구동,Unsafe Physical Control and Actuation,"로봇 자체의 제어 시스템·액추에이터·모션 제어·경로 계획·실행의 결함으로 로봇이 잘못 움직이거나 구동하여, 사람의 존재 여부와 무관하게 의도하지 않은 물리 행동을 일으키는 리스크

(로봇이 정상적으로 작동하더라도 사람 주변에서 작동함으로 인해 발생하는 위험은 ""Human-Robot Physical Safety Failure""에서 다룸).","The risk that faults in the robot's own control systems, actuators, motion control, path planning, or execution cause it to move or actuate incorrectly—producing unintended physical actions—irrespective of whether humans are present 

(hazards arising specifically from operating around people, when the robot is otherwise functioning as designed, are covered under ""Human-Robot Physical Safety Failure"").",P_SYS_CONTROL_020,부실 설계 지능 시스템에 의한 상해,Injury from poorly designed intelligent systems,제대로 설계되지 않은 지능형 시스템이 도덕적·심리적·신체적 해악을 초래하는(예: 예측 치안 도구로 더 많은 사람이 체포되거나 경찰에 의해 신체적 피해를 입는) 리스크.,"The risk that a robot, humanoid, or physical AI system, through perception, learning, control, or physical action, creates a condition in which poorly designed intelligent systems cause moral, psychological, and physical harm, as when predictive policing tools lead to more people being arrested or physically harmed by police.",,,EM,0.7362779974937439,0.019581999629735947,1.0,0.7076200246810913,0.7542780041694641,0.026366999372839928,부실 설계 지능 시스템에 의한 상해,지능 도덕 심리,도구 체포 경찰,Injury from poorly designed intelligent systems,arrested physically harmed,designed intelligent moral,P_SYS_CONTROL,0.3,0.523397,0.018,P_SYS_CONTROL=0.300|P_INT_TAMPER=0.200|P_INT_SAFETY=0.200,P_SYS_CONTROL,0.736278,0.754278,P_INT_SAFETY,0.716696,0.727911,P_SYS_CONTROL,P_SYS_CONTROL,,SRC-P-0053,Physical,RAI4-0993,RAI4-0993,,SOURCE_DOMAIN,REWRITE_KEEP|PEER_REVIEW|L3_AI_GROUNDING,"Bilingual definition grounded in an explicit AI technology, causal mechanism, and immutable L3 scope",L3_MASTER|NIST_AI_RMF|OECD_AI_PRINCIPLES|KOREA_AI_BASIC_ACT|L3_MASTER,NO_CURATED_PRIOR|PREREQUISITE_FILTER:,P_SYS_CONTROL,0.707388,L3_MASTER_AI_REWRITE
L0_RAI,책임 있는 인공지능,Responsible AI,L1_P,피지컬 AI,Physical AI,로봇과 자율주행차를 포함하여 물리 세계를 인식하고 물리적 행동을 수행하는 체화형 또는 사이버물리 AI 시스템.,"Embodied or cyber-physical systems, including robots and autonomous vehicles, that perceive and act in the physical world.",P_SYS,시스템,System,"AI 시스템의 내부 설계, 데이터, 모델, 인프라, 통제 또는 운영 과정에서 발생하는 리스크.","Risks arising from the internal design, data, models, infrastructure, controls, or operational processes of an AI system.",P_SYS_CONTROL,안전하지 않은 물리 제어·구동,Unsafe Physical Control and Actuation,"로봇 자체의 제어 시스템·액추에이터·모션 제어·경로 계획·실행의 결함으로 로봇이 잘못 움직이거나 구동하여, 사람의 존재 여부와 무관하게 의도하지 않은 물리 행동을 일으키는 리스크

(로봇이 정상적으로 작동하더라도 사람 주변에서 작동함으로 인해 발생하는 위험은 ""Human-Robot Physical Safety Failure""에서 다룸).","The risk that faults in the robot's own control systems, actuators, motion control, path planning, or execution cause it to move or actuate incorrectly—producing unintended physical actions—irrespective of whether humans are present 

(hazards arising specifically from operating around people, when the robot is otherwise functioning as designed, are covered under ""Human-Robot Physical Safety Failure"").",P_SYS_CONTROL_021,로봇 거버넌스 명세의 안전 규칙 누락,Missing safety rules in the robot governance specification,로봇 거버넌스 명세가 지역별 위험·기관 규칙·맥락별 제약을 누락해 특정 유형의 비안전 행동이 통제 대상밖에 남는 리스크.,"The risk that a robot governance specification omits locally applicable hazards, institutional rules, or context-specific constraints, leaving defined classes of unsafe behavior ungoverned.",,,EM,0.7648130059242249,0.05274000018835068,1.0,0.7366840243339539,0.7832450270652771,0.052615001797676086,로봇 거버넌스 명세의 안전 규칙 누락,거버넌스 명세 지역,명세 지역 기관,Missing safety rules in the robot governance specification,omits locally applicable,governance specification omits,P_SYS_CONTROL,0.1,0.570191,0.018433,P_INT_SAFETY=0.200|P_SYS_CONTROL=0.100,P_SYS_CONTROL,0.764813,0.783245,P_INT_SAFETY,0.712073,0.73063,P_SYS_CONTROL,P_SYS_CONTROL,,SRC-P-0024,Physical,RAI4-0273,RAI4-0273,,SOURCE_DOMAIN,REWRITE_KEEP|PEER_REVIEW,Peer-review spacing restoration,L3_MASTER|NIST_AI_RMF|OECD_AI_PRINCIPLES|KOREA_AI_BASIC_ACT,NO_CURATED_PRIOR|PREREQUISITE_FILTER:,P_SYS_CONTROL,0.76452,L3_MASTER_VALIDATED
L0_RAI,책임 있는 인공지능,Responsible AI,L1_P,피지컬 AI,Physical AI,로봇과 자율주행차를 포함하여 물리 세계를 인식하고 물리적 행동을 수행하는 체화형 또는 사이버물리 AI 시스템.,"Embodied or cyber-physical systems, including robots and autonomous vehicles, that perceive and act in the physical world.",P_SYS,시스템,System,"AI 시스템의 내부 설계, 데이터, 모델, 인프라, 통제 또는 운영 과정에서 발생하는 리스크.","Risks arising from the internal design, data, models, infrastructure, controls, or operational processes of an AI system.",P_SYS_CONTROL,안전하지 않은 물리 제어·구동,Unsafe Physical Control and Actuation,"로봇 자체의 제어 시스템·액추에이터·모션 제어·경로 계획·실행의 결함으로 로봇이 잘못 움직이거나 구동하여, 사람의 존재 여부와 무관하게 의도하지 않은 물리 행동을 일으키는 리스크

(로봇이 정상적으로 작동하더라도 사람 주변에서 작동함으로 인해 발생하는 위험은 ""Human-Robot Physical Safety Failure""에서 다룸).","The risk that faults in the robot's own control systems, actuators, motion control, path planning, or execution cause it to move or actuate incorrectly—producing unintended physical actions—irrespective of whether humans are present 

(hazards arising specifically from operating around people, when the robot is otherwise functioning as designed, are covered under ""Human-Robot Physical Safety Failure"").",P_SYS_CONTROL_022,모션 리타겟팅 안전 실패,Motion-retargeting safety failure,인간 동작이 로봇의 피지컬 한계·접촉 제약·안전 자세 요건을 위반하는 방식으로 휴머노이드 몸체에 리 타겟 팅되는 리스크.,"The risk that human motion is retargeted to a humanoid body in a way that violates the robot's physical limits, contact constraints, or safe posture requirements.",,,EM,0.7860530018806458,0.0072189997881650925,1.0,0.7576469779014587,1.1108269691467285,0.2969279885292053,모션 리타겟팅 안전 실패,요건 위반 방식,자세 요건 위반,Motion-retargeting safety failure,body way violates,way violates robot's,P_INT_SAFETY,0.2,0.613626,0.324774,P_INT_SAFETY=0.400|P_SYS_STATE=0.400|P_SYS_HARDWARE=0.200,P_SYS_CONTROL,0.786053,1.110827,P_INT_SAFETY,0.778834,0.813899,P_SYS_CONTROL,P_INT_SAFETY,,SRC-P-0153,Physical,RAI4-0256,RAI4-0256,,SOURCE_DOMAIN,REWRITE_KEEP|PEER_REVIEW,Peer-review spacing restoration,L3_MASTER|NIST_AI_RMF|OECD_AI_PRINCIPLES|KOREA_AI_BASIC_ACT,CURATED_SOURCE_MECHANISM_PRIOR:P_SYS_CONTROL|PREREQUISITE_FILTER:,P_SYS_CONTROL,0.785887,L3_MASTER_VALIDATED
L0_RAI,책임 있는 인공지능,Responsible AI,L1_P,피지컬 AI,Physical AI,로봇과 자율주행차를 포함하여 물리 세계를 인식하고 물리적 행동을 수행하는 체화형 또는 사이버물리 AI 시스템.,"Embodied or cyber-physical systems, including robots and autonomous vehicles, that perceive and act in the physical world.",P_SYS,시스템,System,"AI 시스템의 내부 설계, 데이터, 모델, 인프라, 통제 또는 운영 과정에서 발생하는 리스크.","Risks arising from the internal design, data, models, infrastructure, controls, or operational processes of an AI system.",P_SYS_CONTROL,안전하지 않은 물리 제어·구동,Unsafe Physical Control and Actuation,"로봇 자체의 제어 시스템·액추에이터·모션 제어·경로 계획·실행의 결함으로 로봇이 잘못 움직이거나 구동하여, 사람의 존재 여부와 무관하게 의도하지 않은 물리 행동을 일으키는 리스크

(로봇이 정상적으로 작동하더라도 사람 주변에서 작동함으로 인해 발생하는 위험은 ""Human-Robot Physical Safety Failure""에서 다룸).","The risk that faults in the robot's own control systems, actuators, motion control, path planning, or execution cause it to move or actuate incorrectly—producing unintended physical actions—irrespective of whether humans are present 

(hazards arising specifically from operating around people, when the robot is otherwise functioning as designed, are covered under ""Human-Robot Physical Safety Failure"").",P_SYS_CONTROL_023,보조 로봇의 비동의 신체 개입,Non-consensual bodily intervention by assistive robots,"보조·의료·돌봄 로봇이 유효한 동의가 없거나 또는 허용된 돌봄 목적을 넘어서 인간의 몸을 이동, 제지, 감시하거나 직접 개입함으로써 발생하는 위험.","The risk that an assistive, medical, or care robot moves, restrains, monitors, or physically intervenes in a person's body without valid consent or beyond the authorized care purpose.",,,EM,0.7924529910087585,0.08317100256681442,1.0,0.7662590146064758,0.8178369998931885,0.08946499973535538,보조 로봇의 비동의 신체 개입,감시,유효 동의 허용,Non-consensual bodily intervention by assistive robots,consent beyond authorized,moves restrains monitors,P_SYS_CONTROL,0.1,0.594195,0.025384,P_INT_SAFETY=0.200|P_INT_TAMPER=0.100|P_SYS_CONTROL=0.100,P_SYS_CONTROL,0.792453,0.817837,P_INT_SAFETY,0.709282,0.728373,P_SYS_CONTROL,P_SYS_CONTROL,,SRC-P-0041,Physical,RAI4-0343,RAI4-0343,,SOURCE_DOMAIN,REWRITE_KEEP|PEER_REVIEW,Peer-review spacing restoration,L3_MASTER|NIST_AI_RMF|OECD_AI_PRINCIPLES|KOREA_AI_BASIC_ACT,NO_CURATED_PRIOR|PREREQUISITE_FILTER:,P_SYS_CONTROL,0.792714,L3_MASTER_VALIDATED
L0_RAI,책임 있는 인공지능,Responsible AI,L1_P,피지컬 AI,Physical AI,로봇과 자율주행차를 포함하여 물리 세계를 인식하고 물리적 행동을 수행하는 체화형 또는 사이버물리 AI 시스템.,"Embodied or cyber-physical systems, including robots and autonomous vehicles, that perceive and act in the physical world.",P_SYS,시스템,System,"AI 시스템의 내부 설계, 데이터, 모델, 인프라, 통제 또는 운영 과정에서 발생하는 리스크.","Risks arising from the internal design, data, models, infrastructure, controls, or operational processes of an AI system.",P_SYS_CONTROL,안전하지 않은 물리 제어·구동,Unsafe Physical Control and Actuation,"로봇 자체의 제어 시스템·액추에이터·모션 제어·경로 계획·실행의 결함으로 로봇이 잘못 움직이거나 구동하여, 사람의 존재 여부와 무관하게 의도하지 않은 물리 행동을 일으키는 리스크

(로봇이 정상적으로 작동하더라도 사람 주변에서 작동함으로 인해 발생하는 위험은 ""Human-Robot Physical Safety Failure""에서 다룸).","The risk that faults in the robot's own control systems, actuators, motion control, path planning, or execution cause it to move or actuate incorrectly—producing unintended physical actions—irrespective of whether humans are present 

(hazards arising specifically from operating around people, when the robot is otherwise functioning as designed, are covered under ""Human-Robot Physical Safety Failure"").",P_SYS_CONTROL_024,인지·추론 지연 급증,Perception and inference latency spike,인지 또는 모델 추론의 지연 급증이 안전 반응 창 밖에서 위험 감지 및 반응을 지연하는 위험.,The risk that a sudden delay in perception or inference slows safety-critical robot reactions.,,,EM,0.6476539969444275,0.014260999858379364,1.0,0.6112040281295776,0.9525899887084961,0.31098800897598267,인지·추론 지연 급증,반응 감지 반응,급증 안전 반응,Perception and inference latency spike,inference slows safety-critical,sudden delay,P_SYS_STATE,0.1,0.496055,0.304936,P_INT_SAFETY=0.200|P_SYS_CONTROL=0.100,P_SYS_CONTROL,0.647654,0.95259,P_SYS_STATE,0.633393,0.641602,P_SYS_CONTROL,P_INT_SAFETY,,SRC-P-0031,Physical,RAI4-0297,RAI4-0297,,SOURCE_DOMAIN,REWRITE_KEEP|PEER_REVIEW,Peer-review spacing restoration,L3_MASTER|NIST_AI_RMF|OECD_AI_PRINCIPLES|KOREA_AI_BASIC_ACT,CURATED_SOURCE_MECHANISM_PRIOR:P_SYS_CONTROL|PREREQUISITE_FILTER:,P_SYS_CONTROL,0.647708,L3_MASTER_VALIDATED
L0_RAI,책임 있는 인공지능,Responsible AI,L1_P,피지컬 AI,Physical AI,로봇과 자율주행차를 포함하여 물리 세계를 인식하고 물리적 행동을 수행하는 체화형 또는 사이버물리 AI 시스템.,"Embodied or cyber-physical systems, including robots and autonomous vehicles, that perceive and act in the physical world.",P_SYS,시스템,System,"AI 시스템의 내부 설계, 데이터, 모델, 인프라, 통제 또는 운영 과정에서 발생하는 리스크.","Risks arising from the internal design, data, models, infrastructure, controls, or operational processes of an AI system.",P_SYS_CONTROL,안전하지 않은 물리 제어·구동,Unsafe Physical Control and Actuation,"로봇 자체의 제어 시스템·액추에이터·모션 제어·경로 계획·실행의 결함으로 로봇이 잘못 움직이거나 구동하여, 사람의 존재 여부와 무관하게 의도하지 않은 물리 행동을 일으키는 리스크

(로봇이 정상적으로 작동하더라도 사람 주변에서 작동함으로 인해 발생하는 위험은 ""Human-Robot Physical Safety Failure""에서 다룸).","The risk that faults in the robot's own control systems, actuators, motion control, path planning, or execution cause it to move or actuate incorrectly—producing unintended physical actions—irrespective of whether humans are present 

(hazards arising specifically from operating around people, when the robot is otherwise functioning as designed, are covered under ""Human-Robot Physical Safety Failure"").",P_SYS_CONTROL_025,로봇 오작동에 의한 물리적 상해,Physical injury from robot malfunction,"로봇의 센서, 제어기, 소프트웨어 또는 기계 구성 요소가 오작동하여 예기치 않은 움직임, 충돌, 압착 또는 낙하를 일으키고 사람에게 신체적 상해를 초래하는 리스크.","The risk that malfunction of a robot's sensors, controller, software, or mechanical components causes unexpected motion, collision, crushing, or falling and results in physical injury.",,,EM,0.8090969920158386,0.03074599988758564,1.0,0.7863820195198059,0.8434000015258789,0.042711999267339706,로봇 오작동에 의한 물리적 상해,신체 상해,구성 요소 오작동,Physical injury from robot malfunction,mechanical components unexpected,software mechanical components,P_SYS_CONTROL,0.4,0.643032,0.034303,P_INT_SAFETY=0.600|P_SYS_CONTROL=0.400|P_INT_TAMPER=0.300,P_SYS_CONTROL,0.809097,0.8434,P_SYS_HARDWARE,0.778351,0.800688,P_SYS_CONTROL,P_SYS_CONTROL,,SRC-P-0050,Physical,RAI4-1629,RAI4-1629,"병합 — 실험실 로봇으로 범위를 한정할 필요 없이, 오작동에 의한 물리적 상해를 다루는 상위 카드와 통합하여 하나의 일반화된 카드로 정리",SOURCE_DOMAIN,EDIT|REWRITE_KEEP|PEER_REVIEW,Peer-review spacing restoration,L3_MASTER|NIST_AI_RMF|OECD_AI_PRINCIPLES|KOREA_AI_BASIC_ACT,NO_CURATED_PRIOR|PREREQUISITE_FILTER:,P_SYS_CONTROL,0.808644,L3_MASTER_VALIDATED
L0_RAI,책임 있는 인공지능,Responsible AI,L1_P,피지컬 AI,Physical AI,로봇과 자율주행차를 포함하여 물리 세계를 인식하고 물리적 행동을 수행하는 체화형 또는 사이버물리 AI 시스템.,"Embodied or cyber-physical systems, including robots and autonomous vehicles, that perceive and act in the physical world.",P_SYS,시스템,System,"AI 시스템의 내부 설계, 데이터, 모델, 인프라, 통제 또는 운영 과정에서 발생하는 리스크.","Risks arising from the internal design, data, models, infrastructure, controls, or operational processes of an AI system.",P_SYS_CONTROL,안전하지 않은 물리 제어·구동,Unsafe Physical Control and Actuation,"로봇 자체의 제어 시스템·액추에이터·모션 제어·경로 계획·실행의 결함으로 로봇이 잘못 움직이거나 구동하여, 사람의 존재 여부와 무관하게 의도하지 않은 물리 행동을 일으키는 리스크

(로봇이 정상적으로 작동하더라도 사람 주변에서 작동함으로 인해 발생하는 위험은 ""Human-Robot Physical Safety Failure""에서 다룸).","The risk that faults in the robot's own control systems, actuators, motion control, path planning, or execution cause it to move or actuate incorrectly—producing unintended physical actions—irrespective of whether humans are present 

(hazards arising specifically from operating around people, when the robot is otherwise functioning as designed, are covered under ""Human-Robot Physical Safety Failure"").",P_SYS_CONTROL_026,조기 물체 해제,Premature object release,"로봇이 안전한 자세 또는 표면에 도달하기 전에 물체를 해제하여 낙하, 유출, 충격, 또는 2차 위험을 유발하는 리스크.","The risk that a robot releases an object before reaching a safe pose or surface, causing drops, spills, impacts, or secondary hazards.",,,EM,0.758558988571167,0.040814001113176346,1.0,0.7290940284729004,0.7586569786071777,0.042110998183488846,조기 물체 해제,자세 표면 도달,낙하 유출 충격,Premature object release,spills impacts secondary,drops spills impacts,P_INT_TAMPER,0.0,0.472385,9.9e-05,NO_DIRECT_LEXICAL_SUPPORT,P_SYS_CONTROL,0.758559,0.758657,P_INT_SAFETY,0.717744,0.716547,P_SYS_CONTROL,P_SYS_CONTROL,,SRC-P-0014,Physical,RAI4-0207,RAI4-0207,,SOURCE_DOMAIN,REWRITE_KEEP|PEER_REVIEW,Peer-review spacing restoration,L3_MASTER|NIST_AI_RMF|OECD_AI_PRINCIPLES|KOREA_AI_BASIC_ACT,NO_CURATED_PRIOR|PREREQUISITE_FILTER:,P_SYS_CONTROL,0.758649,L3_MASTER_VALIDATED
L0_RAI,책임 있는 인공지능,Responsible AI,L1_P,피지컬 AI,Physical AI,로봇과 자율주행차를 포함하여 물리 세계를 인식하고 물리적 행동을 수행하는 체화형 또는 사이버물리 AI 시스템.,"Embodied or cyber-physical systems, including robots and autonomous vehicles, that perceive and act in the physical world.",P_SYS,시스템,System,"AI 시스템의 내부 설계, 데이터, 모델, 인프라, 통제 또는 운영 과정에서 발생하는 리스크.","Risks arising from the internal design, data, models, infrastructure, controls, or operational processes of an AI system.",P_SYS_CONTROL,안전하지 않은 물리 제어·구동,Unsafe Physical Control and Actuation,"로봇 자체의 제어 시스템·액추에이터·모션 제어·경로 계획·실행의 결함으로 로봇이 잘못 움직이거나 구동하여, 사람의 존재 여부와 무관하게 의도하지 않은 물리 행동을 일으키는 리스크

(로봇이 정상적으로 작동하더라도 사람 주변에서 작동함으로 인해 발생하는 위험은 ""Human-Robot Physical Safety Failure""에서 다룸).","The risk that faults in the robot's own control systems, actuators, motion control, path planning, or execution cause it to move or actuate incorrectly—producing unintended physical actions—irrespective of whether humans are present 

(hazards arising specifically from operating around people, when the robot is otherwise functioning as designed, are covered under ""Human-Robot Physical Safety Failure"").",P_SYS_CONTROL_027,친밀 공간 로봇의 프라이버시 침해적 정보 수집,Privacy-invasive data capture by robots in intimate spaces,"가정·병원·학교·직장·돌봄 환경에서 작동하는 로봇이 유효한 동의나 적절한 접근 통제 없이 거주자·이용자의 일상, 음성, 얼굴, 신체, 건강, 위치, 행동 데이터를 기록·저장·전송·노출하여, 프라이버시 기대가 높은 공간에서 사생활을 침해하는 리스크.","The risk that robots operating in homes, hospitals, schools, workplaces, and care settings record, store, transmit, or expose people's routines, voice, face, body, health, location, or behavioral data without valid consent or adequate access control, violating heightened privacy expectations.",,,EM,0.719651997089386,0.028397999703884125,1.0,0.6916959881782532,0.739978015422821,0.030727000907063484,친밀 공간 로봇의 프라이버시 침해적 정보 수집,행위 기록,거주자 이용자 일상,Privacy-invasive data capture by robots in intimate spaces,privacy,expose people's routines,P_SYS_CONTROL,0.1,0.570151,0.020325,P_INT_SAFETY=0.100|P_SYS_CONTROL=0.100,P_SYS_CONTROL,0.719652,0.739978,P_INT_SAFETY,0.691255,0.709251,P_SYS_CONTROL,P_SYS_CONTROL,,SRC-P-0037,Physical,RAI4-0314,RAI4-0314,,SOURCE_DOMAIN,REWRITE_KEEP|PEER_REVIEW,Peer-review spacing restoration,L3_MASTER|NIST_AI_RMF|OECD_AI_PRINCIPLES|KOREA_AI_BASIC_ACT,NO_CURATED_PRIOR|PREREQUISITE_FILTER:,P_SYS_CONTROL,0.71935,L3_MASTER_VALIDATED
L0_RAI,책임 있는 인공지능,Responsible AI,L1_P,피지컬 AI,Physical AI,로봇과 자율주행차를 포함하여 물리 세계를 인식하고 물리적 행동을 수행하는 체화형 또는 사이버물리 AI 시스템.,"Embodied or cyber-physical systems, including robots and autonomous vehicles, that perceive and act in the physical world.",P_SYS,시스템,System,"AI 시스템의 내부 설계, 데이터, 모델, 인프라, 통제 또는 운영 과정에서 발생하는 리스크.","Risks arising from the internal design, data, models, infrastructure, controls, or operational processes of an AI system.",P_SYS_CONTROL,안전하지 않은 물리 제어·구동,Unsafe Physical Control and Actuation,"로봇 자체의 제어 시스템·액추에이터·모션 제어·경로 계획·실행의 결함으로 로봇이 잘못 움직이거나 구동하여, 사람의 존재 여부와 무관하게 의도하지 않은 물리 행동을 일으키는 리스크

(로봇이 정상적으로 작동하더라도 사람 주변에서 작동함으로 인해 발생하는 위험은 ""Human-Robot Physical Safety Failure""에서 다룸).","The risk that faults in the robot's own control systems, actuators, motion control, path planning, or execution cause it to move or actuate incorrectly—producing unintended physical actions—irrespective of whether humans are present 

(hazards arising specifically from operating around people, when the robot is otherwise functioning as designed, are covered under ""Human-Robot Physical Safety Failure"").",P_SYS_CONTROL_028,실시간 지연 및 동기화 실패,Real-time latency and synchronization failure,"감지, 추론, 통신, 작동 간 지연으로 인해서 로봇, 차량, 드론, 원격 수술, 산업 시스템의 제어 루프를 불안정하게 만드는 위험.","The risk that delays between sensing, reasoning, communication, and actuation can destabilize control loops in robots, vehicles, drones, or industrial systems.",,,EM,0.7091130018234253,0.010049000382423401,1.0,0.6745240092277527,1.0244920253753662,0.2837109863758087,실시간 지연 및 동기화 실패,결과 불안정,드론 원격 수술,Real-time latency and synchronization failure,communication actuation destabilize,delays between sensing,P_SYS_STATE,0.3,0.529688,0.315379,P_INT_SAFETY=0.300|P_SYS_CONTROL=0.300|P_SYS_STATE=0.300,P_SYS_CONTROL,0.709113,1.024492,P_INT_SAFETY,0.719162,0.740781,P_SYS_CONTROL,P_SYS_HARDWARE,,SRC-P-0040,Physical,RAI4-0339,RAI4-0339,,SOURCE_DOMAIN,REWRITE_KEEP|PEER_REVIEW,Peer-review spacing restoration,L3_MASTER|NIST_AI_RMF|OECD_AI_PRINCIPLES|KOREA_AI_BASIC_ACT,CURATED_SOURCE_MECHANISM_PRIOR:P_SYS_CONTROL|PREREQUISITE_FILTER:,P_SYS_CONTROL,0.708893,L3_MASTER_VALIDATED
L0_RAI,책임 있는 인공지능,Responsible AI,L1_P,피지컬 AI,Physical AI,로봇과 자율주행차를 포함하여 물리 세계를 인식하고 물리적 행동을 수행하는 체화형 또는 사이버물리 AI 시스템.,"Embodied or cyber-physical systems, including robots and autonomous vehicles, that perceive and act in the physical world.",P_SYS,시스템,System,"AI 시스템의 내부 설계, 데이터, 모델, 인프라, 통제 또는 운영 과정에서 발생하는 리스크.","Risks arising from the internal design, data, models, infrastructure, controls, or operational processes of an AI system.",P_SYS_CONTROL,안전하지 않은 물리 제어·구동,Unsafe Physical Control and Actuation,"로봇 자체의 제어 시스템·액추에이터·모션 제어·경로 계획·실행의 결함으로 로봇이 잘못 움직이거나 구동하여, 사람의 존재 여부와 무관하게 의도하지 않은 물리 행동을 일으키는 리스크

(로봇이 정상적으로 작동하더라도 사람 주변에서 작동함으로 인해 발생하는 위험은 ""Human-Robot Physical Safety Failure""에서 다룸).","The risk that faults in the robot's own control systems, actuators, motion control, path planning, or execution cause it to move or actuate incorrectly—producing unintended physical actions—irrespective of whether humans are present 

(hazards arising specifically from operating around people, when the robot is otherwise functioning as designed, are covered under ""Human-Robot Physical Safety Failure"").",P_SYS_CONTROL_029,안전 제어 지연,Safe-control latency risk,안전 임계 제어 제약이 휴머노이드 동역학에 비해 너무 느리게 집행되어 비안전 동작이 가능해지는 위험.,"The risk that safety-critical control constraints are enforced too slowly relative to humanoid dynamics, allowing unsafe motion before mitigation takes effect.",,,EM,0.7219030261039734,0.03614300116896629,1.0,0.6896079778671265,0.7486220002174377,0.04973600059747696,안전 제어 지연,동역학 집행,제약 휴머노이드 동역학,Safe-control latency risk,enforced too slowly,mitigation takes effect,P_SYS_CONTROL,0.2,0.540767,0.026719,P_SYS_CONTROL=0.200|P_INT_SAFETY=0.100,P_SYS_CONTROL,0.721903,0.748622,P_INT_SAFETY,0.68576,0.698886,P_SYS_CONTROL,P_SYS_CONTROL,,SRC-P-0150,Physical,RAI4-0253,RAI4-0253,,SOURCE_DOMAIN,REWRITE_KEEP|PEER_REVIEW,Peer-review spacing restoration,L3_MASTER|NIST_AI_RMF|OECD_AI_PRINCIPLES|KOREA_AI_BASIC_ACT,NO_CURATED_PRIOR|PREREQUISITE_FILTER:,P_SYS_CONTROL,0.722748,L3_MASTER_VALIDATED
L0_RAI,책임 있는 인공지능,Responsible AI,L1_P,피지컬 AI,Physical AI,로봇과 자율주행차를 포함하여 물리 세계를 인식하고 물리적 행동을 수행하는 체화형 또는 사이버물리 AI 시스템.,"Embodied or cyber-physical systems, including robots and autonomous vehicles, that perceive and act in the physical world.",P_SYS,시스템,System,"AI 시스템의 내부 설계, 데이터, 모델, 인프라, 통제 또는 운영 과정에서 발생하는 리스크.","Risks arising from the internal design, data, models, infrastructure, controls, or operational processes of an AI system.",P_SYS_CONTROL,안전하지 않은 물리 제어·구동,Unsafe Physical Control and Actuation,"로봇 자체의 제어 시스템·액추에이터·모션 제어·경로 계획·실행의 결함으로 로봇이 잘못 움직이거나 구동하여, 사람의 존재 여부와 무관하게 의도하지 않은 물리 행동을 일으키는 리스크

(로봇이 정상적으로 작동하더라도 사람 주변에서 작동함으로 인해 발생하는 위험은 ""Human-Robot Physical Safety Failure""에서 다룸).","The risk that faults in the robot's own control systems, actuators, motion control, path planning, or execution cause it to move or actuate incorrectly—producing unintended physical actions—irrespective of whether humans are present 

(hazards arising specifically from operating around people, when the robot is otherwise functioning as designed, are covered under ""Human-Robot Physical Safety Failure"").",P_SYS_CONTROL_030,취약 사용자 특성에 맞지 않는 안전 한계,Safety limits not adapted to vulnerable users,로봇이 조정된 보호 조치가 필요한 아동·고령자·장애인 등에게 일반적인 속도·힘·경고·상호 작용 설정을 그대로 적용하는 위험.,"The risk that a domestic robot applies generic speed, force, warning, or interaction settings to children, older adults, disabled users, or other users who require adapted safeguards.",,,EM,0.7706999778747559,0.037682000547647476,1.0,0.7403240203857422,0.7879239916801453,0.03558100014925003,취약 사용자 특성에 맞지 않는 안전 한계,고령자 장애인 일반,아동 고령자 장애인,Safety limits not adapted to vulnerable users,users require adapted,adults disabled users,P_SYS_CONTROL,0.1,0.582749,0.017225,P_INT_SAFETY=0.200|P_SYS_CONTROL=0.100,P_SYS_CONTROL,0.7707,0.787924,P_INT_SAFETY,0.733018,0.752344,P_SYS_CONTROL,P_SYS_CONTROL,,SRC-P-0028,Physical,RAI4-0291,RAI4-0291,,SOURCE_DOMAIN,REWRITE_KEEP|PEER_REVIEW,Peer-review spacing restoration,L3_MASTER|NIST_AI_RMF|OECD_AI_PRINCIPLES|KOREA_AI_BASIC_ACT,NO_CURATED_PRIOR|PREREQUISITE_FILTER:,P_SYS_CONTROL,0.770797,L3_MASTER_VALIDATED
L0_RAI,책임 있는 인공지능,Responsible AI,L1_P,피지컬 AI,Physical AI,로봇과 자율주행차를 포함하여 물리 세계를 인식하고 물리적 행동을 수행하는 체화형 또는 사이버물리 AI 시스템.,"Embodied or cyber-physical systems, including robots and autonomous vehicles, that perceive and act in the physical world.",P_SYS,시스템,System,"AI 시스템의 내부 설계, 데이터, 모델, 인프라, 통제 또는 운영 과정에서 발생하는 리스크.","Risks arising from the internal design, data, models, infrastructure, controls, or operational processes of an AI system.",P_SYS_CONTROL,안전하지 않은 물리 제어·구동,Unsafe Physical Control and Actuation,"로봇 자체의 제어 시스템·액추에이터·모션 제어·경로 계획·실행의 결함으로 로봇이 잘못 움직이거나 구동하여, 사람의 존재 여부와 무관하게 의도하지 않은 물리 행동을 일으키는 리스크

(로봇이 정상적으로 작동하더라도 사람 주변에서 작동함으로 인해 발생하는 위험은 ""Human-Robot Physical Safety Failure""에서 다룸).","The risk that faults in the robot's own control systems, actuators, motion control, path planning, or execution cause it to move or actuate incorrectly—producing unintended physical actions—irrespective of whether humans are present 

(hazards arising specifically from operating around people, when the robot is otherwise functioning as designed, are covered under ""Human-Robot Physical Safety Failure"").",P_SYS_CONTROL_031,원격조작 휴머노이드 안전 재정의 실패,Teleoperated humanoid safety override failure,원격 조작 휴머노이드가 운영자 명령·네트워크 지연·상황 인식이 비안전해질 때 강건한 자율 안전 재정의를 갖추지 못하는 리스크.,"The risk that a teleoperated humanoid lacks robust autonomous safety overrides when operator commands, network latency, or situational awareness become unsafe.",,,EM,0.7406960129737854,0.012357000261545181,1.0,0.7128350138664246,1.066498041152954,0.30331099033355713,원격조작 휴머노이드 안전 재정의 실패,운영자 명령 네트워크,네트워크 지연 상황,Teleoperated humanoid safety override failure,situational awareness become,overrides operator commands,P_INT_SAFETY,0.1,0.563747,0.325802,P_INT_SAFETY=0.300|P_SYS_STATE=0.300|P_SYS_HARDWARE=0.200,P_SYS_CONTROL,0.740696,1.066498,P_INT_SAFETY,0.728339,0.763187,P_SYS_CONTROL,P_INT_SAFETY,,SRC-P-0151,Physical,RAI4-0254,RAI4-0254,,SOURCE_DOMAIN,REWRITE_KEEP|PEER_REVIEW,Peer-review spacing restoration,L3_MASTER|NIST_AI_RMF|OECD_AI_PRINCIPLES|KOREA_AI_BASIC_ACT,CURATED_SOURCE_MECHANISM_PRIOR:P_SYS_CONTROL|PREREQUISITE_FILTER:,P_SYS_CONTROL,0.740404,L3_MASTER_VALIDATED
L0_RAI,책임 있는 인공지능,Responsible AI,L1_P,피지컬 AI,Physical AI,로봇과 자율주행차를 포함하여 물리 세계를 인식하고 물리적 행동을 수행하는 체화형 또는 사이버물리 AI 시스템.,"Embodied or cyber-physical systems, including robots and autonomous vehicles, that perceive and act in the physical world.",P_SYS,시스템,System,"AI 시스템의 내부 설계, 데이터, 모델, 인프라, 통제 또는 운영 과정에서 발생하는 리스크.","Risks arising from the internal design, data, models, infrastructure, controls, or operational processes of an AI system.",P_SYS_CONTROL,안전하지 않은 물리 제어·구동,Unsafe Physical Control and Actuation,"로봇 자체의 제어 시스템·액추에이터·모션 제어·경로 계획·실행의 결함으로 로봇이 잘못 움직이거나 구동하여, 사람의 존재 여부와 무관하게 의도하지 않은 물리 행동을 일으키는 리스크

(로봇이 정상적으로 작동하더라도 사람 주변에서 작동함으로 인해 발생하는 위험은 ""Human-Robot Physical Safety Failure""에서 다룸).","The risk that faults in the robot's own control systems, actuators, motion control, path planning, or execution cause it to move or actuate incorrectly—producing unintended physical actions—irrespective of whether humans are present 

(hazards arising specifically from operating around people, when the robot is otherwise functioning as designed, are covered under ""Human-Robot Physical Safety Failure"").",P_SYS_CONTROL_032,부하 시 열·전력 쓰로틀링,Thermal and power throttling under load,로봇·휴머노이드 또는 피지컬 AI 시스템의 지각·학습·제어·물리적 행동 과정이 지속적 부하 하에 서열적 또는 전력 한계가 연산을 쓰로 틀하여 제어 및 인지에 대한 실시간 보장을 무너뜨리는 위험.,The risk that a robot’s compute or actuator performance drops under heat or power constraints during operation.,,,EM,0.7112619876861572,0.04230299964547157,1.0,0.6812080144882202,0.7108780145645142,0.030294999480247498,부하 시 열·전력 쓰로틀링,부하 서열 전력,지속 부하 서열,Thermal and power throttling under load,drops heat power,performance drops heat,P_SYS_HARDWARE,0.0,0.46864,-0.000384,NO_DIRECT_LEXICAL_SUPPORT,P_SYS_CONTROL,0.711262,0.710878,P_SYS_HARDWARE,0.668958,0.680583,P_SYS_CONTROL,P_SYS_CONTROL,,SRC-P-0032,Physical,RAI4-0299,RAI4-0299,,SOURCE_DOMAIN,REWRITE_KEEP|PEER_REVIEW|L3_AI_GROUNDING,"Bilingual definition grounded in an explicit AI technology, causal mechanism, and immutable L3 scope",L3_MASTER|NIST_AI_RMF|OECD_AI_PRINCIPLES|KOREA_AI_BASIC_ACT|L3_MASTER,NO_CURATED_PRIOR|PREREQUISITE_FILTER:,P_SYS_CONTROL,0.685483,L3_MASTER_AI_REWRITE
L0_RAI,책임 있는 인공지능,Responsible AI,L1_P,피지컬 AI,Physical AI,로봇과 자율주행차를 포함하여 물리 세계를 인식하고 물리적 행동을 수행하는 체화형 또는 사이버물리 AI 시스템.,"Embodied or cyber-physical systems, including robots and autonomous vehicles, that perceive and act in the physical world.",P_SYS,시스템,System,"AI 시스템의 내부 설계, 데이터, 모델, 인프라, 통제 또는 운영 과정에서 발생하는 리스크.","Risks arising from the internal design, data, models, infrastructure, controls, or operational processes of an AI system.",P_SYS_CONTROL,안전하지 않은 물리 제어·구동,Unsafe Physical Control and Actuation,"로봇 자체의 제어 시스템·액추에이터·모션 제어·경로 계획·실행의 결함으로 로봇이 잘못 움직이거나 구동하여, 사람의 존재 여부와 무관하게 의도하지 않은 물리 행동을 일으키는 리스크

(로봇이 정상적으로 작동하더라도 사람 주변에서 작동함으로 인해 발생하는 위험은 ""Human-Robot Physical Safety Failure""에서 다룸).","The risk that faults in the robot's own control systems, actuators, motion control, path planning, or execution cause it to move or actuate incorrectly—producing unintended physical actions—irrespective of whether humans are present 

(hazards arising specifically from operating around people, when the robot is otherwise functioning as designed, are covered under ""Human-Robot Physical Safety Failure"").",P_SYS_CONTROL_033,배포 이후 예측하지 못한 창발적 역량과 행동,Unanticipated emergent capabilities and behaviour after deployment,"설계자가 예상하지 못한 기능과 행동이 규모 확장 과정에서 자발적으로 창발하거나, 배포 후 지속 학습과 자기 조직화를 통해 획득되거나, 개별 시스템의 좁은 적용 범위라는 안전 한계를 다중 에이전트 결합이 극복하면서 나타나는 리스크. 기만, 권력 추구, 자율 복제 같은 고위험 잠재 역량이 운용 중에야 발견되어 통제와 안전한 배포가 어려워지고, 위험한 역량일 경우 되돌릴 수 없는 영향을 남긴다로 인해 구체적인 위해가 발생하는 리스크.","The risk that capabilities and behaviours unanticipated by system designers emerge spontaneously as models are scaled, are acquired through continual learning or self-organization after deployment, or arise when multiple agents combine and overcome the narrow scope that made each individually safer. Latent high-risk capabilities such as deception, power-seeking, and autonomous replication may be discovered only during operation, making systems harder to control or deploy safely and leaving irreversible effects where those capabilities are hazardous.",,,EM,0.6564549803733826,0.01881900057196617,1.0,0.6266430020332336,0.6685550212860107,0.022007999941706657,배포 이후 예측하지 못한 창발적 역량과 행동,기만,규모 확장 자발,Unanticipated emergent capabilities and behaviour after deployment,deception,agents combine overcome,P_SYS_CONTROL,0.1,0.493935,0.0121,P_SYS_CONTROL=0.100,P_SYS_CONTROL,0.656455,0.668555,P_INT_TAMPER,0.637636,0.646547,P_SYS_CONTROL,P_SYS_CONTROL,,SRC-P-0057,Physical,RAI4-1252,RAI4-1252,,SOURCE_DOMAIN,REWRITE_KEEP|PEER_REVIEW,분량 초과: L3 수준 1문장으로 축약 필요; 영문 정의 장문: 축약 필요,L3_MASTER|NIST_AI_RMF|OECD_AI_PRINCIPLES|KOREA_AI_BASIC_ACT,NO_CURATED_PRIOR|PREREQUISITE_FILTER:,P_SYS_CONTROL,0.657069,L3_MASTER_VALIDATED
L0_RAI,책임 있는 인공지능,Responsible AI,L1_P,피지컬 AI,Physical AI,로봇과 자율주행차를 포함하여 물리 세계를 인식하고 물리적 행동을 수행하는 체화형 또는 사이버물리 AI 시스템.,"Embodied or cyber-physical systems, including robots and autonomous vehicles, that perceive and act in the physical world.",P_SYS,시스템,System,"AI 시스템의 내부 설계, 데이터, 모델, 인프라, 통제 또는 운영 과정에서 발생하는 리스크.","Risks arising from the internal design, data, models, infrastructure, controls, or operational processes of an AI system.",P_SYS_CONTROL,안전하지 않은 물리 제어·구동,Unsafe Physical Control and Actuation,"로봇 자체의 제어 시스템·액추에이터·모션 제어·경로 계획·실행의 결함으로 로봇이 잘못 움직이거나 구동하여, 사람의 존재 여부와 무관하게 의도하지 않은 물리 행동을 일으키는 리스크

(로봇이 정상적으로 작동하더라도 사람 주변에서 작동함으로 인해 발생하는 위험은 ""Human-Robot Physical Safety Failure""에서 다룸).","The risk that faults in the robot's own control systems, actuators, motion control, path planning, or execution cause it to move or actuate incorrectly—producing unintended physical actions—irrespective of whether humans are present 

(hazards arising specifically from operating around people, when the robot is otherwise functioning as designed, are covered under ""Human-Robot Physical Safety Failure"").",P_SYS_CONTROL_034,사고 전 위험 완화 책임 미지정,Unassigned duty for pre-incident risk mitigation,"로봇·휴머노이드 또는 피지컬 AI 시스템의 지각·학습·제어·물리적 행동 과정이 충돌, 압착, 낙하, 과도한 힘 또는 위험 구역 침범과 같은 물리적 위해를 배포 전후에 식별·완화할 책임 주체가 지정되지 않아 안전 조치가 누락되거나 지연되는 리스크.","The risk that the perception, learning, control, or physical action of a robot, humanoid, or physical AI system creates a condition in which no accountable party is designated to identify and mitigate physical hazards before and after deployment, including collision, crushing, falling, excessive force, or entry into hazardous zones, causing safeguards to be omitted or delayed.",,,EM,0.7593089938163757,0.028790000826120377,1.0,0.7275210022926331,0.7825729846954346,0.030768999829888344,사고 전 위험 완화 책임 미지정,재식별,완화 책임 주체,Unassigned duty for pre-incident risk mitigation,no accountable party,zones safeguards omitted,P_SYS_CONTROL,0.2,0.490533,0.023264,P_INT_SAFETY=0.200|P_SYS_CONTROL=0.200|P_INT_TAMPER=0.100,P_SYS_CONTROL,0.759309,0.782573,P_INT_SAFETY,0.730519,0.751804,P_SYS_CONTROL,P_SYS_CONTROL,,SRC-P-0214,Physical,RAI4-0216,RAI4-0216,"구체화 — 배포 전후 물리적 위험 완화 책임 미지정 리스크는 이미 로봇/물리 AI 맥락이나, 어떤 유형의 물리적 위험을 다루는지 예시를 추가해 더 명확히 구체화",SOURCE_DOMAIN,EDIT|REWRITE_KEEP|PEER_REVIEW|L3_AI_GROUNDING,"Bilingual definition grounded in an explicit AI technology, causal mechanism, and immutable L3 scope",L3_MASTER|NIST_AI_RMF|OECD_AI_PRINCIPLES|KOREA_AI_BASIC_ACT|L3_MASTER,NO_CURATED_PRIOR|PREREQUISITE_FILTER:,P_SYS_CONTROL,0.673086,L3_MASTER_AI_REWRITE
L0_RAI,책임 있는 인공지능,Responsible AI,L1_P,피지컬 AI,Physical AI,로봇과 자율주행차를 포함하여 물리 세계를 인식하고 물리적 행동을 수행하는 체화형 또는 사이버물리 AI 시스템.,"Embodied or cyber-physical systems, including robots and autonomous vehicles, that perceive and act in the physical world.",P_SYS,시스템,System,"AI 시스템의 내부 설계, 데이터, 모델, 인프라, 통제 또는 운영 과정에서 발생하는 리스크.","Risks arising from the internal design, data, models, infrastructure, controls, or operational processes of an AI system.",P_SYS_CONTROL,안전하지 않은 물리 제어·구동,Unsafe Physical Control and Actuation,"로봇 자체의 제어 시스템·액추에이터·모션 제어·경로 계획·실행의 결함으로 로봇이 잘못 움직이거나 구동하여, 사람의 존재 여부와 무관하게 의도하지 않은 물리 행동을 일으키는 리스크

(로봇이 정상적으로 작동하더라도 사람 주변에서 작동함으로 인해 발생하는 위험은 ""Human-Robot Physical Safety Failure""에서 다룸).","The risk that faults in the robot's own control systems, actuators, motion control, path planning, or execution cause it to move or actuate incorrectly—producing unintended physical actions—irrespective of whether humans are present 

(hazards arising specifically from operating around people, when the robot is otherwise functioning as designed, are covered under ""Human-Robot Physical Safety Failure"").",P_SYS_CONTROL_035,가정 조작의 단계별 오차 미수정,Uncorrected stepwise errors in household manipulation,로봇이 작업 단계 사이의 작은 조작 오차를 감지·수정하지 못해 유출·불안정한 배치·충돌·과열이 누적되는 위험.,"The risk that a household robot fails to detect and correct small manipulation errors between task steps, allowing spills, unstable placements, collisions, or overheating to accumulate.",,,EM,0.726265013217926,0.028599999845027924,1.0,0.6954470276832581,0.7321950197219849,0.025707000866532326,가정 조작의 단계별 오차 미수정,결과 불안정,작업 단계 사이,Uncorrected stepwise errors in household manipulation,unstable result,placements collisions overheating,P_SYS_CONTROL,0.0,0.550246,0.005929,P_INT_SAFETY=0.200,P_SYS_CONTROL,0.726265,0.732195,P_INT_SAFETY,0.697666,0.706488,P_SYS_CONTROL,P_SYS_CONTROL,,SRC-P-0023,Physical,RAI4-0264,RAI4-0264,,SOURCE_DOMAIN,REWRITE_KEEP|PEER_REVIEW,Peer-review spacing restoration,L3_MASTER|NIST_AI_RMF|OECD_AI_PRINCIPLES|KOREA_AI_BASIC_ACT,NO_CURATED_PRIOR|PREREQUISITE_FILTER:,P_SYS_CONTROL,0.726474,L3_MASTER_VALIDATED
L0_RAI,책임 있는 인공지능,Responsible AI,L1_P,피지컬 AI,Physical AI,로봇과 자율주행차를 포함하여 물리 세계를 인식하고 물리적 행동을 수행하는 체화형 또는 사이버물리 AI 시스템.,"Embodied or cyber-physical systems, including robots and autonomous vehicles, that perceive and act in the physical world.",P_SYS,시스템,System,"AI 시스템의 내부 설계, 데이터, 모델, 인프라, 통제 또는 운영 과정에서 발생하는 리스크.","Risks arising from the internal design, data, models, infrastructure, controls, or operational processes of an AI system.",P_SYS_CONTROL,안전하지 않은 물리 제어·구동,Unsafe Physical Control and Actuation,"로봇 자체의 제어 시스템·액추에이터·모션 제어·경로 계획·실행의 결함으로 로봇이 잘못 움직이거나 구동하여, 사람의 존재 여부와 무관하게 의도하지 않은 물리 행동을 일으키는 리스크

(로봇이 정상적으로 작동하더라도 사람 주변에서 작동함으로 인해 발생하는 위험은 ""Human-Robot Physical Safety Failure""에서 다룸).","The risk that faults in the robot's own control systems, actuators, motion control, path planning, or execution cause it to move or actuate incorrectly—producing unintended physical actions—irrespective of whether humans are present 

(hazards arising specifically from operating around people, when the robot is otherwise functioning as designed, are covered under ""Human-Robot Physical Safety Failure"").",P_SYS_CONTROL_036,오픈월드 휴머노이드 조작의 과소대표,Underrepresentation of open-world humanoid manipulation,휴머노이드 조작 데이터셋이 오픈 월드 배포에 필요한 비정형 작업 변화·낯선 물체·움직이는 사람·환경 변화를 충분히 포함하지 못하는 위험.,"The risk that a humanoid manipulation dataset lacks unscripted task changes, unfamiliar objects, moving people, and environmental variation required for openworld deployment.",,,EM,0.673462986946106,0.028960000723600388,1.0,0.6400529742240906,0.6818280220031738,0.03827600181102753,오픈월드 휴머노이드 조작의 과소대표,데이터 오픈 월드,오픈 월드 배포,Underrepresentation of open-world humanoid manipulation,dataset lacks unscripted,unfamiliar objects moving,P_SYS_CONTROL,0.0,0.468837,0.008365,NO_DIRECT_LEXICAL_SUPPORT,P_SYS_CONTROL,0.673463,0.681828,P_INT_SAFETY,0.644503,0.643552,P_SYS_CONTROL,P_SYS_CONTROL,,SRC-P-0156,Physical,RAI4-0265,RAI4-0265,,SOURCE_DOMAIN,REWRITE_KEEP|PEER_REVIEW,Peer-review spacing restoration,L3_MASTER|NIST_AI_RMF|OECD_AI_PRINCIPLES|KOREA_AI_BASIC_ACT,NO_CURATED_PRIOR|PREREQUISITE_FILTER:,P_SYS_CONTROL,0.673205,L3_MASTER_VALIDATED
L0_RAI,책임 있는 인공지능,Responsible AI,L1_P,피지컬 AI,Physical AI,로봇과 자율주행차를 포함하여 물리 세계를 인식하고 물리적 행동을 수행하는 체화형 또는 사이버물리 AI 시스템.,"Embodied or cyber-physical systems, including robots and autonomous vehicles, that perceive and act in the physical world.",P_SYS,시스템,System,"AI 시스템의 내부 설계, 데이터, 모델, 인프라, 통제 또는 운영 과정에서 발생하는 리스크.","Risks arising from the internal design, data, models, infrastructure, controls, or operational processes of an AI system.",P_SYS_CONTROL,안전하지 않은 물리 제어·구동,Unsafe Physical Control and Actuation,"로봇 자체의 제어 시스템·액추에이터·모션 제어·경로 계획·실행의 결함으로 로봇이 잘못 움직이거나 구동하여, 사람의 존재 여부와 무관하게 의도하지 않은 물리 행동을 일으키는 리스크

(로봇이 정상적으로 작동하더라도 사람 주변에서 작동함으로 인해 발생하는 위험은 ""Human-Robot Physical Safety Failure""에서 다룸).","The risk that faults in the robot's own control systems, actuators, motion control, path planning, or execution cause it to move or actuate incorrectly—producing unintended physical actions—irrespective of whether humans are present 

(hazards arising specifically from operating around people, when the robot is otherwise functioning as designed, are covered under ""Human-Robot Physical Safety Failure"").",P_SYS_CONTROL_037,이동형 로봇 감시를 통한 일방적 작업장 통제,Unilateral workplace control through mobile robotic surveillance,"고용주가 동료 로봇을 이동형 감시 노드로 전용하고 충분한 고지, 이의 제기, 비례성 제한 없이 데이터를 수집하고, 수집된 데이터를 이용하여 노동자에 대한 일방적인 의사 결정으로 사용하는 위험.","The risk that an employer repurposes co-worker robots as mobile surveillance nodes and uses the resulting data to make unilateral decisions about workers without meaningful notice, contestation, or proportionality limits.",,,EM,0.6733769774436951,0.029603000730276108,1.0,0.642973005771637,0.6964660286903381,0.044707998633384705,이동형 로봇 감시를 통한 일방적 작업장 통제,고지 이의 제기,이의 제기 비례,Unilateral workplace control through mobile robotic surveillance,employer repurposes co-worker,meaningful notice contestation,P_SYS_CONTROL,0.2,0.512651,0.023088,P_SYS_CONTROL=0.200|P_INT_SAFETY=0.100,P_SYS_CONTROL,0.673377,0.696465,P_INT_SAFETY,0.643774,0.651758,P_SYS_CONTROL,P_SYS_CONTROL,,SRC-P-0038,Physical,RAI4-0315,RAI4-0315,,SOURCE_DOMAIN,REWRITE_KEEP|PEER_REVIEW,Peer-review spacing restoration,L3_MASTER|NIST_AI_RMF|OECD_AI_PRINCIPLES|KOREA_AI_BASIC_ACT,NO_CURATED_PRIOR|PREREQUISITE_FILTER:,P_SYS_CONTROL,0.674026,L3_MASTER_VALIDATED
L0_RAI,책임 있는 인공지능,Responsible AI,L1_P,피지컬 AI,Physical AI,로봇과 자율주행차를 포함하여 물리 세계를 인식하고 물리적 행동을 수행하는 체화형 또는 사이버물리 AI 시스템.,"Embodied or cyber-physical systems, including robots and autonomous vehicles, that perceive and act in the physical world.",P_SYS,시스템,System,"AI 시스템의 내부 설계, 데이터, 모델, 인프라, 통제 또는 운영 과정에서 발생하는 리스크.","Risks arising from the internal design, data, models, infrastructure, controls, or operational processes of an AI system.",P_SYS_CONTROL,안전하지 않은 물리 제어·구동,Unsafe Physical Control and Actuation,"로봇 자체의 제어 시스템·액추에이터·모션 제어·경로 계획·실행의 결함으로 로봇이 잘못 움직이거나 구동하여, 사람의 존재 여부와 무관하게 의도하지 않은 물리 행동을 일으키는 리스크

(로봇이 정상적으로 작동하더라도 사람 주변에서 작동함으로 인해 발생하는 위험은 ""Human-Robot Physical Safety Failure""에서 다룸).","The risk that faults in the robot's own control systems, actuators, motion control, path planning, or execution cause it to move or actuate incorrectly—producing unintended physical actions—irrespective of whether humans are present 

(hazards arising specifically from operating around people, when the robot is otherwise functioning as designed, are covered under ""Human-Robot Physical Safety Failure"").",P_SYS_CONTROL_038,원격 조작 시연에서 학습된 안전하지 않은 가정,Unsafe assumptions learned from teleoperation demonstrations,로봇 정책이 감독·물체 배치·속도·인간 근접 조건이 다른데도 통제된 환경에서 기록된 운영자 행동을 배포 환경에서 안전한 것으로 간주하는 위험.,"The risk that a robot policy treats operator behavior recorded in controlled settings as safe in deployment, even when supervision, object layout, speed, or human proximity differs.",,,EM,0.7454910278320312,0.030889000743627548,1.0,0.7183240056037903,0.7833970189094543,0.03859600052237511,원격 조작 시연에서 학습된 안전하지 않은 가정,행위 기록,감독 물체 배치,Unsafe assumptions learned from teleoperation demonstrations,recorded controlled settings,human proximity differs,P_SYS_CONTROL,0.4,0.58827,0.037906,P_SYS_CONTROL=0.400|P_INT_SAFETY=0.300,P_SYS_CONTROL,0.745491,0.783397,P_INT_SAFETY,0.714602,0.744801,P_SYS_CONTROL,P_SYS_CONTROL,,SRC-P-0020,Physical,RAI4-0241,RAI4-0241,,SOURCE_DOMAIN,REWRITE_KEEP|PEER_REVIEW,Peer-review spacing restoration,L3_MASTER|NIST_AI_RMF|OECD_AI_PRINCIPLES|KOREA_AI_BASIC_ACT,NO_CURATED_PRIOR|PREREQUISITE_FILTER:,P_SYS_CONTROL,0.745794,L3_MASTER_VALIDATED
L0_RAI,책임 있는 인공지능,Responsible AI,L1_P,피지컬 AI,Physical AI,로봇과 자율주행차를 포함하여 물리 세계를 인식하고 물리적 행동을 수행하는 체화형 또는 사이버물리 AI 시스템.,"Embodied or cyber-physical systems, including robots and autonomous vehicles, that perceive and act in the physical world.",P_SYS,시스템,System,"AI 시스템의 내부 설계, 데이터, 모델, 인프라, 통제 또는 운영 과정에서 발생하는 리스크.","Risks arising from the internal design, data, models, infrastructure, controls, or operational processes of an AI system.",P_SYS_CONTROL,안전하지 않은 물리 제어·구동,Unsafe Physical Control and Actuation,"로봇 자체의 제어 시스템·액추에이터·모션 제어·경로 계획·실행의 결함으로 로봇이 잘못 움직이거나 구동하여, 사람의 존재 여부와 무관하게 의도하지 않은 물리 행동을 일으키는 리스크

(로봇이 정상적으로 작동하더라도 사람 주변에서 작동함으로 인해 발생하는 위험은 ""Human-Robot Physical Safety Failure""에서 다룸).","The risk that faults in the robot's own control systems, actuators, motion control, path planning, or execution cause it to move or actuate incorrectly—producing unintended physical actions—irrespective of whether humans are present 

(hazards arising specifically from operating around people, when the robot is otherwise functioning as designed, are covered under ""Human-Robot Physical Safety Failure"").",P_SYS_CONTROL_039,이동형 양팔 로봇의 안전하지 않은 조작,Unsafe mobile bimanual manipulation,"이동형 양팔 로봇이 베이스 이동과 양팔 조작을 동기화하지 못하거나 주변 사람, 깨지기 쉬운 물체, 가전, 협소한 공간을 고려하지 않고 동작을 계획하여, 충돌, 물체 낙하·손상, 안전하지 않은 힘인가를 유발하는 리스크.","The risk that a mobile bimanual robot fails to synchronize base motion with two-arm manipulation or plans motion without accounting for nearby people, fragile objects, appliances, and constrained space, causing collision, object drop or damage, or unsafe force application.",,,EM,0.794284999370575,0.0359640009701252,1.0,0.7696570158004761,0.8213300108909607,0.03937000036239624,이동형 양팔 로봇의 안전하지 않은 조작,자기 손상,가전 협소 공간,Unsafe mobile bimanual manipulation,appliances constrained space,objects appliances constrained,P_SYS_CONTROL,0.2,0.599044,0.027045,P_INT_SAFETY=0.200|P_SYS_CONTROL=0.200,P_SYS_CONTROL,0.794285,0.82133,P_INT_SAFETY,0.758322,0.78196,P_SYS_CONTROL,P_SYS_CONTROL,,SRC-P-0183,Physical,RAI4-0258,RAI4-0258,"L3 이동 — 이동형 양팔 로봇의 베이스-팔 동기화 실패로 인한 충돌·손상은 단일 로봇의 physical safety 이슈로, 멀티 에이전트 간 협력과는 무관",INSTRUCTION_PROMPT,REWRITE_KEEP|PEER_REVIEW,Peer-review spacing restoration,L3_MASTER|NIST_AI_RMF|OECD_AI_PRINCIPLES|KOREA_AI_BASIC_ACT,NO_CURATED_PRIOR|PREREQUISITE_FILTER:,P_SYS_CONTROL,0.795329,L3_MASTER_VALIDATED
L0_RAI,책임 있는 인공지능,Responsible AI,L1_P,피지컬 AI,Physical AI,로봇과 자율주행차를 포함하여 물리 세계를 인식하고 물리적 행동을 수행하는 체화형 또는 사이버물리 AI 시스템.,"Embodied or cyber-physical systems, including robots and autonomous vehicles, that perceive and act in the physical world.",P_SYS,시스템,System,"AI 시스템의 내부 설계, 데이터, 모델, 인프라, 통제 또는 운영 과정에서 발생하는 리스크.","Risks arising from the internal design, data, models, infrastructure, controls, or operational processes of an AI system.",P_SYS_CONTROL,안전하지 않은 물리 제어·구동,Unsafe Physical Control and Actuation,"로봇 자체의 제어 시스템·액추에이터·모션 제어·경로 계획·실행의 결함으로 로봇이 잘못 움직이거나 구동하여, 사람의 존재 여부와 무관하게 의도하지 않은 물리 행동을 일으키는 리스크

(로봇이 정상적으로 작동하더라도 사람 주변에서 작동함으로 인해 발생하는 위험은 ""Human-Robot Physical Safety Failure""에서 다룸).","The risk that faults in the robot's own control systems, actuators, motion control, path planning, or execution cause it to move or actuate incorrectly—producing unintended physical actions—irrespective of whether humans are present 

(hazards arising specifically from operating around people, when the robot is otherwise functioning as designed, are covered under ""Human-Robot Physical Safety Failure"").",P_SYS_CONTROL_040,위험한 로봇 작업계획에 따른 물리 제어 실패,Unsafe physical control from hazardous robot task plans,로봇 또는 피지컬 AI 시스템이 식별 가능한 물리적 위험이나 안전 제약을 포함한 작업 계획을 생성·승인하고 이를 모션 계획과 구동으로 실행하여 의도하지 않은 위험 동작을 일으키는 리스크.,"The risk that a robot or physical AI system generates or approves a task plan containing identifiable physical hazards or violated safety constraints and executes it through motion planning and actuation, causing unintended and unsafe physical action.",,,EM,0.8746659755706787,0.09184499830007553,1.0,0.8562260270118713,1.226802945137024,0.413239985704422,위험한 로봇 작업계획에 따른 물리 제어 실패,재식별,계획 승인 모션,Unsafe physical control from hazardous robot task plans,plan containing identifiable,generates approves task,P_SYS_CONTROL,0.5,0.686698,0.352136,P_SYS_CONTROL=0.500|P_INT_TAMPER=0.300|P_INT_SAFETY=0.300,P_SYS_CONTROL,0.874666,1.226803,P_INT_SAFETY,0.782822,0.813563,P_SYS_CONTROL,P_SYS_CONTROL,,SRC-P-0073,Physical,RAI4-0227,RAI4-0227,,SOURCE_DOMAIN,REWRITE_KEEP|PEER_REVIEW|L3_MASTER_SCOPE_REWRITE,"Definition narrowed to the subject, mechanism, and adverse outcome of the immutable L3 master",L3_MASTER|NIST_AI_RMF|OECD_AI_PRINCIPLES|KOREA_AI_BASIC_ACT,CURATED_SOURCE_MECHANISM_PRIOR:P_SYS_CONTROL|PREREQUISITE_FILTER:,P_SYS_CONTROL,0.873537,L3_MASTER_VALIDATED
L0_RAI,책임 있는 인공지능,Responsible AI,L1_P,피지컬 AI,Physical AI,로봇과 자율주행차를 포함하여 물리 세계를 인식하고 물리적 행동을 수행하는 체화형 또는 사이버물리 AI 시스템.,"Embodied or cyber-physical systems, including robots and autonomous vehicles, that perceive and act in the physical world.",P_SYS,시스템,System,"AI 시스템의 내부 설계, 데이터, 모델, 인프라, 통제 또는 운영 과정에서 발생하는 리스크.","Risks arising from the internal design, data, models, infrastructure, controls, or operational processes of an AI system.",P_SYS_CONTROL,안전하지 않은 물리 제어·구동,Unsafe Physical Control and Actuation,"로봇 자체의 제어 시스템·액추에이터·모션 제어·경로 계획·실행의 결함으로 로봇이 잘못 움직이거나 구동하여, 사람의 존재 여부와 무관하게 의도하지 않은 물리 행동을 일으키는 리스크

(로봇이 정상적으로 작동하더라도 사람 주변에서 작동함으로 인해 발생하는 위험은 ""Human-Robot Physical Safety Failure""에서 다룸).","The risk that faults in the robot's own control systems, actuators, motion control, path planning, or execution cause it to move or actuate incorrectly—producing unintended physical actions—irrespective of whether humans are present 

(hazards arising specifically from operating around people, when the robot is otherwise functioning as designed, are covered under ""Human-Robot Physical Safety Failure"").",P_SYS_CONTROL_041,로봇 형태 간 기술의 안전하지 않은 전이,Unsafe skill transfer across robot morphologies,"한 로봇 형태에서 다른 형태로 전이된 기술이 대상 로봇의 물리적 한계를 넘는 도달, 힘, 파지, 이동 명령을 생성하는 위험.","The risk that a skill transferred from one robot morphology produces reach, force, grasp, or locomotion commands that exceed the receiving robot's physical limits.",,,EM,0.7598400115966797,0.05372700095176697,1.0,0.7275859713554382,0.7947610020637512,0.06885799765586853,로봇 형태 간 기술의 안전하지 않은 전이,전이 기술 대상,한계 도달 파지,Unsafe skill transfer across robot morphologies,morphology produces reach,commands exceed receiving,P_SYS_CONTROL,0.3,0.607541,0.034922,P_SYS_CONTROL=0.300|P_INT_SAFETY=0.200|P_INT_TAMPER=0.100,P_SYS_CONTROL,0.75984,0.794761,P_INT_SAFETY,0.706113,0.725903,P_SYS_CONTROL,P_SYS_CONTROL,,SRC-P-0019,Physical,RAI4-0237,RAI4-0237,,SOURCE_DOMAIN,REWRITE_KEEP|PEER_REVIEW,Peer-review spacing restoration,L3_MASTER|NIST_AI_RMF|OECD_AI_PRINCIPLES|KOREA_AI_BASIC_ACT,NO_CURATED_PRIOR|PREREQUISITE_FILTER:,P_SYS_CONTROL,0.760249,L3_MASTER_VALIDATED
L0_RAI,책임 있는 인공지능,Responsible AI,L1_P,피지컬 AI,Physical AI,로봇과 자율주행차를 포함하여 물리 세계를 인식하고 물리적 행동을 수행하는 체화형 또는 사이버물리 AI 시스템.,"Embodied or cyber-physical systems, including robots and autonomous vehicles, that perceive and act in the physical world.",P_SYS,시스템,System,"AI 시스템의 내부 설계, 데이터, 모델, 인프라, 통제 또는 운영 과정에서 발생하는 리스크.","Risks arising from the internal design, data, models, infrastructure, controls, or operational processes of an AI system.",P_SYS_CONTROL,안전하지 않은 물리 제어·구동,Unsafe Physical Control and Actuation,"로봇 자체의 제어 시스템·액추에이터·모션 제어·경로 계획·실행의 결함으로 로봇이 잘못 움직이거나 구동하여, 사람의 존재 여부와 무관하게 의도하지 않은 물리 행동을 일으키는 리스크

(로봇이 정상적으로 작동하더라도 사람 주변에서 작동함으로 인해 발생하는 위험은 ""Human-Robot Physical Safety Failure""에서 다룸).","The risk that faults in the robot's own control systems, actuators, motion control, path planning, or execution cause it to move or actuate incorrectly—producing unintended physical actions—irrespective of whether humans are present 

(hazards arising specifically from operating around people, when the robot is otherwise functioning as designed, are covered under ""Human-Robot Physical Safety Failure"").",P_SYS_CONTROL_042,비안전 궤적 생성,Unsafe trajectory generation,로봇·휴머노이드 또는 피지컬 AI 시스템의 지각·학습·제어·물리적 행동 과정이 플래너가 형식적으로는 실행 가능하지만 주변 인간·취약 물체·교통 참여자·인프라에 비안전한 궤적을 생성하는 위험.,"The risk that a robot, humanoid, or physical AI system, through perception, learning, control, or physical action, creates a condition in which a planner may generate a trajectory that is formally feasible but unsafe for nearby humans, fragile objects, traffic participants, or constrained workspaces.",,,EM,0.769307017326355,0.045145999640226364,1.0,0.7412639856338501,0.8080340027809143,0.05989199876785278,비안전 궤적 생성,교통 참여자 인프라,플래너 형식 실행,Unsafe trajectory generation,generate trajectory formally,planner generate trajectory,P_SYS_CONTROL,0.4,0.514976,0.038727,P_SYS_CONTROL=0.400|P_INT_SAFETY=0.200|P_INT_TAMPER=0.100,P_SYS_CONTROL,0.769307,0.808034,P_INT_SAFETY,0.724161,0.748142,P_SYS_CONTROL,P_SYS_CONTROL,,SRC-P-0172,Physical,RAI4-0327,RAI4-0327,,SOURCE_DOMAIN,REWRITE_KEEP|PEER_REVIEW|L3_AI_GROUNDING,"Bilingual definition grounded in an explicit AI technology, causal mechanism, and immutable L3 scope",L3_MASTER|NIST_AI_RMF|OECD_AI_PRINCIPLES|KOREA_AI_BASIC_ACT|L3_MASTER,NO_CURATED_PRIOR|PREREQUISITE_FILTER:,P_SYS_CONTROL,0.697614,L3_MASTER_AI_REWRITE
L0_RAI,책임 있는 인공지능,Responsible AI,L1_P,피지컬 AI,Physical AI,로봇과 자율주행차를 포함하여 물리 세계를 인식하고 물리적 행동을 수행하는 체화형 또는 사이버물리 AI 시스템.,"Embodied or cyber-physical systems, including robots and autonomous vehicles, that perceive and act in the physical world.",P_SYS,시스템,System,"AI 시스템의 내부 설계, 데이터, 모델, 인프라, 통제 또는 운영 과정에서 발생하는 리스크.","Risks arising from the internal design, data, models, infrastructure, controls, or operational processes of an AI system.",P_SYS_CONTROL,안전하지 않은 물리 제어·구동,Unsafe Physical Control and Actuation,"로봇 자체의 제어 시스템·액추에이터·모션 제어·경로 계획·실행의 결함으로 로봇이 잘못 움직이거나 구동하여, 사람의 존재 여부와 무관하게 의도하지 않은 물리 행동을 일으키는 리스크

(로봇이 정상적으로 작동하더라도 사람 주변에서 작동함으로 인해 발생하는 위험은 ""Human-Robot Physical Safety Failure""에서 다룸).","The risk that faults in the robot's own control systems, actuators, motion control, path planning, or execution cause it to move or actuate incorrectly—producing unintended physical actions—irrespective of whether humans are present 

(hazards arising specifically from operating around people, when the robot is otherwise functioning as designed, are covered under ""Human-Robot Physical Safety Failure"").",P_SYS_CONTROL_043,배포 조건 간 휴머노이드 행동 불안정,Unstable humanoid behavior across deployment conditions,한 시뮬레이터나 시험 조건에서 안정적인 휴머노이드 정책이 난 수 시드·시뮬레이터·하드웨어·배포 환경이 바뀌면 행동이 크게 달라지는 위험.,"The risk that a humanoid policy that is stable in one simulator or test setting changes materially across random seeds, simulators, hardware, or deployment environments.",,,EM,0.6609429717063904,0.01846499927341938,1.0,0.6284239888191223,0.6676449775695801,0.026002999395132065,배포 조건 간 휴머노이드 행동 불안정,시드 시뮬레이터 하드웨어,정책 시드 시뮬레이터,Unstable humanoid behavior across deployment conditions,random seeds simulators,simulator test setting,P_SYS_CONTROL,0.0,0.519003,0.006702,P_SYS_HARDWARE=0.200,P_SYS_CONTROL,0.660943,0.667645,P_SYS_HARDWARE,0.629643,0.641643,P_SYS_CONTROL,P_SYS_CONTROL,,SRC-A-0042,Agentic,RAI4-0250,RAI4-0250,"Physical AI L1 로 재분류하고, L3 재매핑을 할것",INSTRUCTION_PROMPT,REWRITE_KEEP|PEER_REVIEW,Peer-review spacing restoration,L3_MASTER|NIST_AI_RMF|OECD_AI_PRINCIPLES|KOREA_AI_BASIC_ACT,NO_CURATED_PRIOR|PREREQUISITE_FILTER:,P_SYS_CONTROL,0.660519,L3_MASTER_VALIDATED
L0_RAI,책임 있는 인공지능,Responsible AI,L1_P,피지컬 AI,Physical AI,로봇과 자율주행차를 포함하여 물리 세계를 인식하고 물리적 행동을 수행하는 체화형 또는 사이버물리 AI 시스템.,"Embodied or cyber-physical systems, including robots and autonomous vehicles, that perceive and act in the physical world.",P_SYS,시스템,System,"AI 시스템의 내부 설계, 데이터, 모델, 인프라, 통제 또는 운영 과정에서 발생하는 리스크.","Risks arising from the internal design, data, models, infrastructure, controls, or operational processes of an AI system.",P_SYS_CONTROL,안전하지 않은 물리 제어·구동,Unsafe Physical Control and Actuation,"로봇 자체의 제어 시스템·액추에이터·모션 제어·경로 계획·실행의 결함으로 로봇이 잘못 움직이거나 구동하여, 사람의 존재 여부와 무관하게 의도하지 않은 물리 행동을 일으키는 리스크

(로봇이 정상적으로 작동하더라도 사람 주변에서 작동함으로 인해 발생하는 위험은 ""Human-Robot Physical Safety Failure""에서 다룸).","The risk that faults in the robot's own control systems, actuators, motion control, path planning, or execution cause it to move or actuate incorrectly—producing unintended physical actions—irrespective of whether humans are present 

(hazards arising specifically from operating around people, when the robot is otherwise functioning as designed, are covered under ""Human-Robot Physical Safety Failure"").",P_SYS_CONTROL_044,VLA 조작 제약 위반,VLA manipulation constraint violation,비전-언어-행동 모델이 고수준 안전 지시를 따르면서도 물체 조작 중 작업별 피지컬 제약을 위반하는 리스크.,The risk that a vision-language-action model violates task-specific physical constraints during object manipulation despite high-level instruction compliance.,,,EM,0.6815199851989746,0.026309000328183174,1.0,0.6516010165214539,0.6945409774780273,0.02930399961769581,VLA 조작 제약 위반,수준,비전 언어,VLA manipulation constraint violation,despite high-level instruction,high-level instruction compliance,P_SYS_CONTROL,0.1,0.478307,0.013021,P_INT_TAMPER=0.100|P_INT_SAFETY=0.100|P_SYS_CONTROL=0.100,P_SYS_CONTROL,0.68152,0.694541,P_INT_SAFETY,0.65521,0.665236,P_SYS_CONTROL,P_SYS_CONTROL,,SRC-P-0168,Physical,RAI4-0235,RAI4-0235,,SOURCE_DOMAIN,REWRITE_KEEP|PEER_REVIEW,Peer-review spacing restoration,L3_MASTER|NIST_AI_RMF|OECD_AI_PRINCIPLES|KOREA_AI_BASIC_ACT,NO_CURATED_PRIOR|PREREQUISITE_FILTER:,P_SYS_CONTROL,0.682129,L3_MASTER_VALIDATED
L0_RAI,책임 있는 인공지능,Responsible AI,L1_P,피지컬 AI,Physical AI,로봇과 자율주행차를 포함하여 물리 세계를 인식하고 물리적 행동을 수행하는 체화형 또는 사이버물리 AI 시스템.,"Embodied or cyber-physical systems, including robots and autonomous vehicles, that perceive and act in the physical world.",P_SYS,시스템,System,"AI 시스템의 내부 설계, 데이터, 모델, 인프라, 통제 또는 운영 과정에서 발생하는 리스크.","Risks arising from the internal design, data, models, infrastructure, controls, or operational processes of an AI system.",P_SYS_CONTROL,안전하지 않은 물리 제어·구동,Unsafe Physical Control and Actuation,"로봇 자체의 제어 시스템·액추에이터·모션 제어·경로 계획·실행의 결함으로 로봇이 잘못 움직이거나 구동하여, 사람의 존재 여부와 무관하게 의도하지 않은 물리 행동을 일으키는 리스크

(로봇이 정상적으로 작동하더라도 사람 주변에서 작동함으로 인해 발생하는 위험은 ""Human-Robot Physical Safety Failure""에서 다룸).","The risk that faults in the robot's own control systems, actuators, motion control, path planning, or execution cause it to move or actuate incorrectly—producing unintended physical actions—irrespective of whether humans are present 

(hazards arising specifically from operating around people, when the robot is otherwise functioning as designed, are covered under ""Human-Robot Physical Safety Failure"").",P_SYS_CONTROL_045,제로샷 시뮬레이션-현실 보행 불안정,Zero-shot sim-to-real locomotion instability,시뮬레이션에서 바로 전이된 로봇의 보행 제어기가 접촉·순응성·마찰·외 란 동 역학의 차이로 실제 하드웨어에서 불안정해지는 위험.,"The risk that a robot, humanoid, or physical AI system, through perception, learning, control, or physical action, creates a condition in which a locomotion controller transferred directly from simulation becomes unstable on hardware because contact, compliance, friction, or disturbance dynamics differ from the simulation.",,,EM,0.7189720273017883,0.023089999333024025,1.0,0.6901990175247192,0.7309719920158386,0.026910999789834023,제로샷 시뮬레이션-현실 보행 불안정,순응 마찰 역학,마찰 역학 차이,Zero-shot sim-to-real locomotion instability,unstable result,directly simulation becomes,P_SYS_CONTROL,0.2,0.504379,0.012,P_SYS_CONTROL=0.200|P_INT_TAMPER=0.100|P_INT_SAFETY=0.100,P_SYS_CONTROL,0.718972,0.730972,P_INT_SAFETY,0.695881,0.704061,P_SYS_CONTROL,P_SYS_CONTROL,,SRC-P-0022,Physical,RAI4-0260,RAI4-0260,,SOURCE_DOMAIN,REWRITE_KEEP|PEER_REVIEW|L3_AI_GROUNDING,"Bilingual definition grounded in an explicit AI technology, causal mechanism, and immutable L3 scope",L3_MASTER|NIST_AI_RMF|OECD_AI_PRINCIPLES|KOREA_AI_BASIC_ACT|L3_MASTER,NO_CURATED_PRIOR|PREREQUISITE_FILTER:,P_SYS_CONTROL,0.692164,L3_MASTER_AI_REWRITE
L0_RAI,책임 있는 인공지능,Responsible AI,L1_P,피지컬 AI,Physical AI,로봇과 자율주행차를 포함하여 물리 세계를 인식하고 물리적 행동을 수행하는 체화형 또는 사이버물리 AI 시스템.,"Embodied or cyber-physical systems, including robots and autonomous vehicles, that perceive and act in the physical world.",P_SYS,시스템,System,"AI 시스템의 내부 설계, 데이터, 모델, 인프라, 통제 또는 운영 과정에서 발생하는 리스크.","Risks arising from the internal design, data, models, infrastructure, controls, or operational processes of an AI system.",P_SYS_HARDWARE,하드웨어·기계 무결성 결함,Hardware and Mechanical Integrity Failure,기계·구동·센서 하드웨어 부품 자체의 물리적 파손·마모·열화·제조 결함(인식이나 의사결정 로직의 오류와 구별됨)으로 동작 정밀도나 신뢰성이 저하되어 안전하지 않은 동작과 물리적 사고로 이어지는 리스크.,"The risk that the physical breakage, wear, degradation, or manufacturing defect of mechanical, actuation, or sensor hardware components—as distinct from errors in perception or decision logic—reduces accuracy or reliability, leading to unsafe behavior and physical accidents.",P_SYS_HARDWARE_001,환경 유발 결함 변이,Environment-induced fault mutation,로봇·휴머노이드 또는 피지컬 AI 시스템의 지각·학습·제어·물리적 행동 과정이 제조 결함이나 우주선(cosmic ray)에 의한 비트 반전 등 배포 후 환경 요인이 지능 시스템 내부를 변화시켜 의도되지 않은 행동 변이를 일으키는 리스크.,"The risk that post-deployment environmental effects such as manufacturing defects or cosmicray bit flips alter an intelligent system's internals, producing unintended behavioral modification.",,,EM,0.7206699848175049,0.032377999275922775,1.0,0.6697670221328735,0.73716801404953,0.056313998997211456,환경 유발 결함 변이,cosmic ray 비트,ray 비트 반전,Environment-induced fault mutation,bit flips alter,cosmicray bit flips,P_SYS_HARDWARE,0.1,0.488242,0.016498,P_SYS_HARDWARE=0.100,P_SYS_HARDWARE,0.72067,0.737168,P_SYS_CONTROL,0.688293,0.680854,P_SYS_HARDWARE,P_SYS_HARDWARE,,SRC-P-0146,Physical,RAI4-1287,RAI4-1287,,SOURCE_DOMAIN,REWRITE_KEEP|PEER_REVIEW|L3_AI_GROUNDING,"Bilingual definition grounded in an explicit AI technology, causal mechanism, and immutable L3 scope",L3_MASTER|NIST_AI_RMF|OECD_AI_PRINCIPLES|KOREA_AI_BASIC_ACT|L3_MASTER,NO_CURATED_PRIOR|PREREQUISITE_FILTER:,P_SYS_HARDWARE,0.711876,L3_MASTER_AI_REWRITE
L0_RAI,책임 있는 인공지능,Responsible AI,L1_P,피지컬 AI,Physical AI,로봇과 자율주행차를 포함하여 물리 세계를 인식하고 물리적 행동을 수행하는 체화형 또는 사이버물리 AI 시스템.,"Embodied or cyber-physical systems, including robots and autonomous vehicles, that perceive and act in the physical world.",P_SYS,시스템,System,"AI 시스템의 내부 설계, 데이터, 모델, 인프라, 통제 또는 운영 과정에서 발생하는 리스크.","Risks arising from the internal design, data, models, infrastructure, controls, or operational processes of an AI system.",P_SYS_HARDWARE,하드웨어·기계 무결성 결함,Hardware and Mechanical Integrity Failure,기계·구동·센서 하드웨어 부품 자체의 물리적 파손·마모·열화·제조 결함(인식이나 의사결정 로직의 오류와 구별됨)으로 동작 정밀도나 신뢰성이 저하되어 안전하지 않은 동작과 물리적 사고로 이어지는 리스크.,"The risk that the physical breakage, wear, degradation, or manufacturing defect of mechanical, actuation, or sensor hardware components—as distinct from errors in perception or decision logic—reduces accuracy or reliability, leading to unsafe behavior and physical accidents.",P_SYS_HARDWARE_002,하드웨어 결함에 의한 실행 오류,Erroneous execution from hardware faults,"로봇의 하드웨어 결함이 제어 흐름 위반, 메모리 오류, 센서 입력 간섭, 또는 출력 손상 등을 통해 알고리즘의 올바른 실행을 훼손하고 잘못된 결과를 야기하는 리스크.","The risk that faults in the hardware violate the correct execution of an algorithm through control-flow violations, memorybased errors, interference with data inputs such as sensor signals, or damaged outputs, causing erroneous results.",,,EM,0.8283929824829102,0.05484199896454811,1.0,0.7959709763526917,0.8708369731903076,0.07620400190353394,하드웨어 결함에 의한 실행 오류,자기 손상,센서 가림,Erroneous execution from hardware faults,control-flow violations memorybased,algorithm control-flow violations,P_SYS_HARDWARE,0.4,0.65853,0.042444,P_SYS_HARDWARE=0.400|P_SYS_CONTROL=0.300|P_SYS_STATE=0.200,P_SYS_HARDWARE,0.828393,0.870837,P_SYS_CONTROL,0.77355,0.794633,P_SYS_HARDWARE,P_SYS_HARDWARE,,SRC-P-0048,Physical,RAI4-1035,RAI4-1035,,SOURCE_DOMAIN,REWRITE_KEEP|PEER_REVIEW,Peer-review spacing restoration,L3_MASTER|NIST_AI_RMF|OECD_AI_PRINCIPLES|KOREA_AI_BASIC_ACT,NO_CURATED_PRIOR|PREREQUISITE_FILTER:,P_SYS_HARDWARE,0.825815,L3_MASTER_VALIDATED
L0_RAI,책임 있는 인공지능,Responsible AI,L1_P,피지컬 AI,Physical AI,로봇과 자율주행차를 포함하여 물리 세계를 인식하고 물리적 행동을 수행하는 체화형 또는 사이버물리 AI 시스템.,"Embodied or cyber-physical systems, including robots and autonomous vehicles, that perceive and act in the physical world.",P_SYS,시스템,System,"AI 시스템의 내부 설계, 데이터, 모델, 인프라, 통제 또는 운영 과정에서 발생하는 리스크.","Risks arising from the internal design, data, models, infrastructure, controls, or operational processes of an AI system.",P_SYS_HARDWARE,하드웨어·기계 무결성 결함,Hardware and Mechanical Integrity Failure,기계·구동·센서 하드웨어 부품 자체의 물리적 파손·마모·열화·제조 결함(인식이나 의사결정 로직의 오류와 구별됨)으로 동작 정밀도나 신뢰성이 저하되어 안전하지 않은 동작과 물리적 사고로 이어지는 리스크.,"The risk that the physical breakage, wear, degradation, or manufacturing defect of mechanical, actuation, or sensor hardware components—as distinct from errors in perception or decision logic—reduces accuracy or reliability, leading to unsafe behavior and physical accidents.",P_SYS_HARDWARE_003,배포 후 변경에 대한 안전 재평가 실패,Failure to reassess safety after deployment changes,환경 변화·부품 열화·모델 업데이트·아차 사고로 기존 안전 가정이 무효화됐는데도 운영자가 안전성을 재평가하지 않고 운용을 계속하는 위험.,"The risk that operators continue deployment without reassessing safety after environmental changes, component degradation, model updates, or near-miss incidents invalidate prior assumptions.",,,EM,0.7115010023117065,0.021230999380350113,1.0,0.6641430258750916,0.7399320006370544,0.03166300058364868,배포 후 변경에 대한 안전 재평가 실패,업데이트 사고 기존,평가 운용 계속,Failure to reassess safety after deployment changes,component degradation,incidents invalidate prior,P_SYS_HARDWARE,0.4,0.564325,0.028431,P_SYS_HARDWARE=0.400|P_INT_SAFETY=0.300|P_SYS_STATE=0.300,P_SYS_HARDWARE,0.711501,0.739932,P_INT_SAFETY,0.69027,0.70827,P_INT_SAFETY,P_SYS_HARDWARE,,SRC-P-0130,Physical,RAI4-0352,RAI4-0352,,SOURCE_DOMAIN,REWRITE_KEEP|PEER_REVIEW,Peer-review spacing restoration,L3_MASTER|NIST_AI_RMF|OECD_AI_PRINCIPLES|KOREA_AI_BASIC_ACT,NO_CURATED_PRIOR|PREREQUISITE_FILTER:,P_SYS_HARDWARE,0.70939,L3_MASTER_VALIDATED
L0_RAI,책임 있는 인공지능,Responsible AI,L1_P,피지컬 AI,Physical AI,로봇과 자율주행차를 포함하여 물리 세계를 인식하고 물리적 행동을 수행하는 체화형 또는 사이버물리 AI 시스템.,"Embodied or cyber-physical systems, including robots and autonomous vehicles, that perceive and act in the physical world.",P_SYS,시스템,System,"AI 시스템의 내부 설계, 데이터, 모델, 인프라, 통제 또는 운영 과정에서 발생하는 리스크.","Risks arising from the internal design, data, models, infrastructure, controls, or operational processes of an AI system.",P_SYS_HARDWARE,하드웨어·기계 무결성 결함,Hardware and Mechanical Integrity Failure,기계·구동·센서 하드웨어 부품 자체의 물리적 파손·마모·열화·제조 결함(인식이나 의사결정 로직의 오류와 구별됨)으로 동작 정밀도나 신뢰성이 저하되어 안전하지 않은 동작과 물리적 사고로 이어지는 리스크.,"The risk that the physical breakage, wear, degradation, or manufacturing defect of mechanical, actuation, or sensor hardware components—as distinct from errors in perception or decision logic—reduces accuracy or reliability, leading to unsafe behavior and physical accidents.",P_SYS_HARDWARE_004,온디바이스 연산·메모리 고갈,On-device compute and memory exhaustion,"로봇에 부착된 온 디바이스의 연산 또는 메모리 고갈이 안전 임계치인지, 계획, 모니터링을 저하하거나 중단시키는 위험.","The risk that the perception, learning, control, or physical action of a robot, humanoid, or physical AI system creates a condition in which on-device compute or memory runs out and degrades safety-relevant perception, planning, or control.",,,EM,0.7167350053787231,0.04554000124335289,1.0,0.6733139753341675,0.7321509718894958,0.05696899816393852,온디바이스 연산·메모리 고갈,모니터링 저하 중단,부착 디바이스 연산,On-device compute and memory exhaustion,memory runs out,runs out degrades,P_SYS_HARDWARE,0.0,0.574304,0.015416,P_SYS_CONTROL=0.200|P_INT_TAMPER=0.100|P_INT_SAFETY=0.100,P_SYS_HARDWARE,0.716735,0.732151,P_INT_TAMPER,0.666439,0.675182,P_SYS_HARDWARE,P_SYS_HARDWARE,,SRC-P-0044,Physical,RAI4-0298,RAI4-0298,,SOURCE_DOMAIN,REWRITE_KEEP|PEER_REVIEW|L3_AI_GROUNDING,"Bilingual definition grounded in an explicit AI technology, causal mechanism, and immutable L3 scope",L3_MASTER|NIST_AI_RMF|OECD_AI_PRINCIPLES|KOREA_AI_BASIC_ACT|L3_MASTER,NO_CURATED_PRIOR|PREREQUISITE_FILTER:,P_SYS_HARDWARE,0.707621,L3_MASTER_AI_REWRITE
L0_RAI,책임 있는 인공지능,Responsible AI,L1_P,피지컬 AI,Physical AI,로봇과 자율주행차를 포함하여 물리 세계를 인식하고 물리적 행동을 수행하는 체화형 또는 사이버물리 AI 시스템.,"Embodied or cyber-physical systems, including robots and autonomous vehicles, that perceive and act in the physical world.",P_SYS,시스템,System,"AI 시스템의 내부 설계, 데이터, 모델, 인프라, 통제 또는 운영 과정에서 발생하는 리스크.","Risks arising from the internal design, data, models, infrastructure, controls, or operational processes of an AI system.",P_SYS_HARDWARE,하드웨어·기계 무결성 결함,Hardware and Mechanical Integrity Failure,기계·구동·센서 하드웨어 부품 자체의 물리적 파손·마모·열화·제조 결함(인식이나 의사결정 로직의 오류와 구별됨)으로 동작 정밀도나 신뢰성이 저하되어 안전하지 않은 동작과 물리적 사고로 이어지는 리스크.,"The risk that the physical breakage, wear, degradation, or manufacturing defect of mechanical, actuation, or sensor hardware components—as distinct from errors in perception or decision logic—reduces accuracy or reliability, leading to unsafe behavior and physical accidents.",P_SYS_HARDWARE_005,무해 미세조정에 의한 안전성 열화,Safety degradation from benign fine-tuning,무해하고 통상적인 데이터로 수행된 하류 미세 조정이 로봇의 내장 모델의 안전 학습을 열화시켜 기반 모델보다 유해 출력 확률을 높이는 리스크.,"The risk that benign downstream fine-tuning degrades a model's safety training, making harmful outputs more likely than in the base model even when fine-tuning data is harmless and commonplace.",,,EM,0.6862990260124207,0.03287599980831146,1.0,0.6334739923477173,0.6975319981575012,0.03810799866914749,무해 미세조정에 의한 안전성 열화,하류 미세 조정,수행 하류 미세,Safety degradation from benign fine-tuning,fine-tuning degrades model's,benign downstream fine-tuning,P_SYS_HARDWARE,0.0,0.561838,0.011232,P_INT_SAFETY=0.200|P_SYS_CONTROL=0.100,P_SYS_HARDWARE,0.686299,0.697532,P_SYS_CONTROL,0.653423,0.659423,P_SYS_HARDWARE,P_SYS_HARDWARE,,SRC-P-0049,Physical,RAI4-1496,RAI4-1496,,SOURCE_DOMAIN,REWRITE_KEEP|PEER_REVIEW,Peer-review spacing restoration,L3_MASTER|NIST_AI_RMF|OECD_AI_PRINCIPLES|KOREA_AI_BASIC_ACT,NO_CURATED_PRIOR|PREREQUISITE_FILTER:,P_SYS_HARDWARE,0.682636,L3_MASTER_VALIDATED
L0_RAI,책임 있는 인공지능,Responsible AI,L1_P,피지컬 AI,Physical AI,로봇과 자율주행차를 포함하여 물리 세계를 인식하고 물리적 행동을 수행하는 체화형 또는 사이버물리 AI 시스템.,"Embodied or cyber-physical systems, including robots and autonomous vehicles, that perceive and act in the physical world.",P_SYS,시스템,System,"AI 시스템의 내부 설계, 데이터, 모델, 인프라, 통제 또는 운영 과정에서 발생하는 리스크.","Risks arising from the internal design, data, models, infrastructure, controls, or operational processes of an AI system.",P_SYS_STATE,물리 상태 추정·센서 융합 실패,Physical State Estimation and Sensor-Fusion Failure,"체화형 시스템이 위치·자세·운동·접촉·힘·공간 지도 등 자신 또는 환경의 물리 상태를 올바르게 추정하지 못하거나, 이질적인 물리 센서 스트림(비전·LiDAR·관성·촉각·고유수용성 등)을 신뢰성 있게 융합하지 못해 부정확한 내부 모델을 형성하고 안전하지 않은 물리 행동으로 이어지는 리스크

(물체·장면의 의미적 오인식은 General AI ""Input Comprehension Failure"", 적대적·잡음 입력은 ""Security and Adversarial Robustness Failure"", 센서 부품의 물리적 고장은 ""Hardware and Mechanical Integrity Failure""에서 다룸).","The risk that an embodied system fails to correctly estimate its own or its environment's physical state—such as localization, pose, motion, contact, force, or spatial mapping—or fails to reliably fuse heterogeneous physical sensor streams (e.g., vision, LiDAR, inertial, tactile, proprioceptive), producing an inaccurate internal model that leads to unsafe physical action 

(semantic misperception of objects or scenes is covered under General AI ""Input Comprehension Failure""; adversarial or noisy inputs under ""Security and Adversarial Robustness Failure""; physical breakage of sensor components under ""Hardware and Mechanical Integrity Failure"").",P_SYS_STATE_001,악천후 인지 실패,Adverse weather perception failure,로봇·휴머노이드 또는 피지컬 AI 시스템의 지각·학습·제어·물리적 행동 과정이 비·안개·눈부심·먼지·연기·저조도가카메라·라이다·레이더·촉각·오디오 인지를 저하시켜 비안전 행동을 유발하는 위험.,"The risk that a robot, humanoid, or physical AI system, through perception, learning, control, or physical action, creates a condition in which rain, fog, glare, dust, smoke, or low light may degrade cameras, LiDAR, radar, tactile sensors, or audio perception, weakening real-time situational awareness.",,,EM,0.7275530099868774,0.03142299875617027,1.0,0.6813089847564697,0.767982006072998,0.047850001603364944,악천후 인지 실패,먼지 연기 조도,안개 먼지 연기,Adverse weather perception failure,dust smoke low,fog glare dust,P_SYS_STATE,0.4,0.514438,0.04043,P_INT_SAFETY=0.400|P_SYS_STATE=0.400|P_SYS_HARDWARE=0.200,P_SYS_STATE,0.727553,0.767982,P_INT_SAFETY,0.69613,0.720132,P_SYS_STATE,P_SYS_STATE,,SRC-P-0128,Physical,RAI4-0321,RAI4-0321,,SOURCE_DOMAIN,REWRITE_KEEP|PEER_REVIEW|L3_AI_GROUNDING,"Bilingual definition grounded in an explicit AI technology, causal mechanism, and immutable L3 scope",L3_MASTER|NIST_AI_RMF|OECD_AI_PRINCIPLES|KOREA_AI_BASIC_ACT|L3_MASTER,NO_CURATED_PRIOR|PREREQUISITE_FILTER:,P_SYS_STATE,0.666974,L3_MASTER_AI_REWRITE
L0_RAI,책임 있는 인공지능,Responsible AI,L1_P,피지컬 AI,Physical AI,로봇과 자율주행차를 포함하여 물리 세계를 인식하고 물리적 행동을 수행하는 체화형 또는 사이버물리 AI 시스템.,"Embodied or cyber-physical systems, including robots and autonomous vehicles, that perceive and act in the physical world.",P_SYS,시스템,System,"AI 시스템의 내부 설계, 데이터, 모델, 인프라, 통제 또는 운영 과정에서 발생하는 리스크.","Risks arising from the internal design, data, models, infrastructure, controls, or operational processes of an AI system.",P_SYS_STATE,물리 상태 추정·센서 융합 실패,Physical State Estimation and Sensor-Fusion Failure,"체화형 시스템이 위치·자세·운동·접촉·힘·공간 지도 등 자신 또는 환경의 물리 상태를 올바르게 추정하지 못하거나, 이질적인 물리 센서 스트림(비전·LiDAR·관성·촉각·고유수용성 등)을 신뢰성 있게 융합하지 못해 부정확한 내부 모델을 형성하고 안전하지 않은 물리 행동으로 이어지는 리스크

(물체·장면의 의미적 오인식은 General AI ""Input Comprehension Failure"", 적대적·잡음 입력은 ""Security and Adversarial Robustness Failure"", 센서 부품의 물리적 고장은 ""Hardware and Mechanical Integrity Failure""에서 다룸).","The risk that an embodied system fails to correctly estimate its own or its environment's physical state—such as localization, pose, motion, contact, force, or spatial mapping—or fails to reliably fuse heterogeneous physical sensor streams (e.g., vision, LiDAR, inertial, tactile, proprioceptive), producing an inaccurate internal model that leads to unsafe physical action 

(semantic misperception of objects or scenes is covered under General AI ""Input Comprehension Failure""; adversarial or noisy inputs under ""Security and Adversarial Robustness Failure""; physical breakage of sensor components under ""Hardware and Mechanical Integrity Failure"").",P_SYS_STATE_002,장기 계획의 월드모델 상태 예측 오차 누적,Compounding world-model state-prediction error in long-horizon planning,피지컬 AI 시스템의 월드 모델이 장기 계획 과정에서 물리 상태 예측 오차를 누적하여 접촉·운동 상태를 잘못 추정하고 안전하지 않은 물리 행동으로 이어지는 리스크.,"The risk that a physical AI system's world model accumulates physical-state prediction errors during long-horizon planning, misestimates contact or motion states, and leads to unsafe physical action.",,,EM,0.7426369786262512,0.06417199969291687,1.0,0.6949629783630371,1.0938650369644165,0.40041598677635193,장기 계획의 월드모델 상태 예측 오차 누적,운동 상태 추정,누적 접촉 운동,Compounding world-model state-prediction error in long-horizon planning,accumulates physical-state prediction,long-horizon planning misestimates,P_SYS_STATE,0.5,0.570265,0.351228,P_SYS_STATE=0.500|P_INT_TAMPER=0.200|P_INT_SAFETY=0.200,P_SYS_STATE,0.742637,1.093865,P_INT_SAFETY,0.678466,0.693449,P_SYS_STATE,P_SYS_STATE,,SRC-P-0139,Physical,RAI4-1688,RAI4-1688,,SOURCE_DOMAIN,REWRITE_KEEP|PEER_REVIEW|L3_MASTER_SCOPE_REWRITE,"Definition narrowed to the subject, mechanism, and adverse outcome of the immutable L3 master",L3_MASTER|NIST_AI_RMF|OECD_AI_PRINCIPLES|KOREA_AI_BASIC_ACT,CURATED_SOURCE_MECHANISM_PRIOR:P_SYS_STATE|PREREQUISITE_FILTER:,P_SYS_STATE,0.740767,L3_MASTER_VALIDATED
L0_RAI,책임 있는 인공지능,Responsible AI,L1_P,피지컬 AI,Physical AI,로봇과 자율주행차를 포함하여 물리 세계를 인식하고 물리적 행동을 수행하는 체화형 또는 사이버물리 AI 시스템.,"Embodied or cyber-physical systems, including robots and autonomous vehicles, that perceive and act in the physical world.",P_SYS,시스템,System,"AI 시스템의 내부 설계, 데이터, 모델, 인프라, 통제 또는 운영 과정에서 발생하는 리스크.","Risks arising from the internal design, data, models, infrastructure, controls, or operational processes of an AI system.",P_SYS_STATE,물리 상태 추정·센서 융합 실패,Physical State Estimation and Sensor-Fusion Failure,"체화형 시스템이 위치·자세·운동·접촉·힘·공간 지도 등 자신 또는 환경의 물리 상태를 올바르게 추정하지 못하거나, 이질적인 물리 센서 스트림(비전·LiDAR·관성·촉각·고유수용성 등)을 신뢰성 있게 융합하지 못해 부정확한 내부 모델을 형성하고 안전하지 않은 물리 행동으로 이어지는 리스크

(물체·장면의 의미적 오인식은 General AI ""Input Comprehension Failure"", 적대적·잡음 입력은 ""Security and Adversarial Robustness Failure"", 센서 부품의 물리적 고장은 ""Hardware and Mechanical Integrity Failure""에서 다룸).","The risk that an embodied system fails to correctly estimate its own or its environment's physical state—such as localization, pose, motion, contact, force, or spatial mapping—or fails to reliably fuse heterogeneous physical sensor streams (e.g., vision, LiDAR, inertial, tactile, proprioceptive), producing an inaccurate internal model that leads to unsafe physical action 

(semantic misperception of objects or scenes is covered under General AI ""Input Comprehension Failure""; adversarial or noisy inputs under ""Security and Adversarial Robustness Failure""; physical breakage of sensor components under ""Hardware and Mechanical Integrity Failure"").",P_SYS_STATE_003,접촉 조작 힘 감지 실패,Contact-rich manipulation force-sensing failure,로봇·휴머노이드 또는 피지컬 AI 시스템의 지각·학습·제어·물리적 행동 과정이 접촉 집약 조작 정책이 힘·촉각·오디오·시각 단서를 올바르게 사용하지 못하여 비안전 압력·파지·이동을 유발하는 리스크.,"The risk that a robot, humanoid, or physical AI system, through perception, learning, control, or physical action, creates a condition in which a contact-rich manipulation policy fails to correctly use force, tactile, audio, or visual cues, creating unsafe pressure, impact, or object damage.",,,EM,0.7497689723968506,0.008369999937713146,1.0,0.7071290016174316,1.0892889499664307,0.3189300000667572,접촉 조작 힘 감지 실패,오디오 시각 단서,촉각 오디오 시각,Contact-rich manipulation force-sensing failure,pressure impact object,visual cues creating,P_SYS_STATE,0.4,0.567457,0.33952,P_INT_SAFETY=0.400|P_SYS_STATE=0.400|P_SYS_HARDWARE=0.200,P_SYS_STATE,0.749769,1.089289,P_INT_SAFETY,0.7414,0.770359,P_SYS_STATE,P_SYS_STATE,,SRC-P-0125,Physical,RAI4-0240,RAI4-0240,,SOURCE_DOMAIN,REWRITE_KEEP|PEER_REVIEW|L3_AI_GROUNDING,"Bilingual definition grounded in an explicit AI technology, causal mechanism, and immutable L3 scope",L3_MASTER|NIST_AI_RMF|OECD_AI_PRINCIPLES|KOREA_AI_BASIC_ACT|L3_MASTER,CURATED_SOURCE_MECHANISM_PRIOR:P_SYS_STATE|PREREQUISITE_FILTER:,P_SYS_STATE,0.714055,L3_MASTER_AI_REWRITE
L0_RAI,책임 있는 인공지능,Responsible AI,L1_P,피지컬 AI,Physical AI,로봇과 자율주행차를 포함하여 물리 세계를 인식하고 물리적 행동을 수행하는 체화형 또는 사이버물리 AI 시스템.,"Embodied or cyber-physical systems, including robots and autonomous vehicles, that perceive and act in the physical world.",P_SYS,시스템,System,"AI 시스템의 내부 설계, 데이터, 모델, 인프라, 통제 또는 운영 과정에서 발생하는 리스크.","Risks arising from the internal design, data, models, infrastructure, controls, or operational processes of an AI system.",P_SYS_STATE,물리 상태 추정·센서 융합 실패,Physical State Estimation and Sensor-Fusion Failure,"체화형 시스템이 위치·자세·운동·접촉·힘·공간 지도 등 자신 또는 환경의 물리 상태를 올바르게 추정하지 못하거나, 이질적인 물리 센서 스트림(비전·LiDAR·관성·촉각·고유수용성 등)을 신뢰성 있게 융합하지 못해 부정확한 내부 모델을 형성하고 안전하지 않은 물리 행동으로 이어지는 리스크

(물체·장면의 의미적 오인식은 General AI ""Input Comprehension Failure"", 적대적·잡음 입력은 ""Security and Adversarial Robustness Failure"", 센서 부품의 물리적 고장은 ""Hardware and Mechanical Integrity Failure""에서 다룸).","The risk that an embodied system fails to correctly estimate its own or its environment's physical state—such as localization, pose, motion, contact, force, or spatial mapping—or fails to reliably fuse heterogeneous physical sensor streams (e.g., vision, LiDAR, inertial, tactile, proprioceptive), producing an inaccurate internal model that leads to unsafe physical action 

(semantic misperception of objects or scenes is covered under General AI ""Input Comprehension Failure""; adversarial or noisy inputs under ""Security and Adversarial Robustness Failure""; physical breakage of sensor components under ""Hardware and Mechanical Integrity Failure"").",P_SYS_STATE_004,피지컬 AI 사고 보고·조사 미흡,Deficient physical AI incident reporting and investigation,"피지컬 AI 사고가 아차 사고·시스템 맥락·원인 요인·시정 조치를 포괄하는 표준화된 체계로 보고되지 않고, 로그 보존, 기여 원인 규명, 시정 조치 책임자 지정과 재발 방지 검증을 갖춘 조사도 이루어지지 않아, 동일한 피해가 반복되는 리스크.","The risk that physical AI incidents are neither reported through a standardized schema covering near misses, system context, causal factors, and corrective actions, nor investigated with preserved logs, identified contributing causes, assigned corrective-action owners, and verified remediation, so recurrence goes unprevented.",,,EM,0.6995419859886169,0.023578999564051628,1.0,0.6556079983711243,0.7167750000953674,0.03186500072479248,피지컬 AI 사고 보고·조사 미흡,기여 원인 규명,로그 보존 기여,Deficient physical AI incident reporting and investigation,causal factors corrective,corrective-action owners verified,P_SYS_STATE,0.2,0.547837,0.017233,P_INT_TAMPER=0.200|P_INT_SAFETY=0.200|P_SYS_CONTROL=0.200,P_SYS_STATE,0.699542,0.716775,P_INT_SAFETY,0.675963,0.68491,P_SYS_STATE,P_SYS_STATE,,SRC-P-0211,Physical,RAI4-0217,RAI4-0217,,SOURCE_DOMAIN,REWRITE_KEEP|PEER_REVIEW,Peer-review spacing restoration,L3_MASTER|NIST_AI_RMF|OECD_AI_PRINCIPLES|KOREA_AI_BASIC_ACT,NO_CURATED_PRIOR|PREREQUISITE_FILTER:,P_SYS_STATE,0.696611,L3_MASTER_VALIDATED
L0_RAI,책임 있는 인공지능,Responsible AI,L1_P,피지컬 AI,Physical AI,로봇과 자율주행차를 포함하여 물리 세계를 인식하고 물리적 행동을 수행하는 체화형 또는 사이버물리 AI 시스템.,"Embodied or cyber-physical systems, including robots and autonomous vehicles, that perceive and act in the physical world.",P_SYS,시스템,System,"AI 시스템의 내부 설계, 데이터, 모델, 인프라, 통제 또는 운영 과정에서 발생하는 리스크.","Risks arising from the internal design, data, models, infrastructure, controls, or operational processes of an AI system.",P_SYS_STATE,물리 상태 추정·센서 융합 실패,Physical State Estimation and Sensor-Fusion Failure,"체화형 시스템이 위치·자세·운동·접촉·힘·공간 지도 등 자신 또는 환경의 물리 상태를 올바르게 추정하지 못하거나, 이질적인 물리 센서 스트림(비전·LiDAR·관성·촉각·고유수용성 등)을 신뢰성 있게 융합하지 못해 부정확한 내부 모델을 형성하고 안전하지 않은 물리 행동으로 이어지는 리스크

(물체·장면의 의미적 오인식은 General AI ""Input Comprehension Failure"", 적대적·잡음 입력은 ""Security and Adversarial Robustness Failure"", 센서 부품의 물리적 고장은 ""Hardware and Mechanical Integrity Failure""에서 다룸).","The risk that an embodied system fails to correctly estimate its own or its environment's physical state—such as localization, pose, motion, contact, force, or spatial mapping—or fails to reliably fuse heterogeneous physical sensor streams (e.g., vision, LiDAR, inertial, tactile, proprioceptive), producing an inaccurate internal model that leads to unsafe physical action 

(semantic misperception of objects or scenes is covered under General AI ""Input Comprehension Failure""; adversarial or noisy inputs under ""Security and Adversarial Robustness Failure""; physical breakage of sensor components under ""Hardware and Mechanical Integrity Failure"").",P_SYS_STATE_005,가정 내 위험 상태 감지 지연,Delayed detection of hazardous household states,로봇·휴머노이드 또는 피지컬 AI 시스템이 가정 내 위험 상태를 제때 추정하지 못해 회피 또는 정지 판단이 지연되고 안전하지 않은 물리 행동으로 이어지는 리스크.,"The risk that a robot, humanoid, or physical AI system fails to estimate a hazardous household state in time, delaying avoidance or stopping decisions and leading to unsafe physical action.",,,EM,0.7222319841384888,0.0024659999180585146,1.0,0.6718720197677612,1.0690959692001343,0.30539900064468384,가정 내 위험 상태 감지 지연,제때 추정 회피,상태 제때 추정,Delayed detection of hazardous household states,state time delaying,time delaying avoidance,P_SYS_STATE,0.6,0.502877,0.346865,P_SYS_STATE=0.600|P_INT_TAMPER=0.100|P_INT_SAFETY=0.100,P_SYS_STATE,0.722232,1.069096,P_INT_SAFETY,0.747039,0.763697,P_SYS_CONTROL,P_INT_SAFETY,,SRC-A-0083,Agentic,RAI4-0279,RAI4-0279,"Physical AI L1 로 재분류하고, L3 재매핑을 할것",INSTRUCTION_PROMPT,REWRITE_KEEP|PEER_REVIEW|L3_MASTER_SCOPE_REWRITE,"Definition narrowed to the subject, mechanism, and adverse outcome of the immutable L3 master",L3_MASTER|NIST_AI_RMF|OECD_AI_PRINCIPLES|KOREA_AI_BASIC_ACT,CURATED_SOURCE_MECHANISM_PRIOR:P_SYS_STATE|PREREQUISITE_FILTER:,P_SYS_STATE,0.717968,L3_MASTER_VALIDATED
L0_RAI,책임 있는 인공지능,Responsible AI,L1_P,피지컬 AI,Physical AI,로봇과 자율주행차를 포함하여 물리 세계를 인식하고 물리적 행동을 수행하는 체화형 또는 사이버물리 AI 시스템.,"Embodied or cyber-physical systems, including robots and autonomous vehicles, that perceive and act in the physical world.",P_SYS,시스템,System,"AI 시스템의 내부 설계, 데이터, 모델, 인프라, 통제 또는 운영 과정에서 발생하는 리스크.","Risks arising from the internal design, data, models, infrastructure, controls, or operational processes of an AI system.",P_SYS_STATE,물리 상태 추정·센서 융합 실패,Physical State Estimation and Sensor-Fusion Failure,"체화형 시스템이 위치·자세·운동·접촉·힘·공간 지도 등 자신 또는 환경의 물리 상태를 올바르게 추정하지 못하거나, 이질적인 물리 센서 스트림(비전·LiDAR·관성·촉각·고유수용성 등)을 신뢰성 있게 융합하지 못해 부정확한 내부 모델을 형성하고 안전하지 않은 물리 행동으로 이어지는 리스크

(물체·장면의 의미적 오인식은 General AI ""Input Comprehension Failure"", 적대적·잡음 입력은 ""Security and Adversarial Robustness Failure"", 센서 부품의 물리적 고장은 ""Hardware and Mechanical Integrity Failure""에서 다룸).","The risk that an embodied system fails to correctly estimate its own or its environment's physical state—such as localization, pose, motion, contact, force, or spatial mapping—or fails to reliably fuse heterogeneous physical sensor streams (e.g., vision, LiDAR, inertial, tactile, proprioceptive), producing an inaccurate internal model that leads to unsafe physical action 

(semantic misperception of objects or scenes is covered under General AI ""Input Comprehension Failure""; adversarial or noisy inputs under ""Security and Adversarial Robustness Failure""; physical breakage of sensor components under ""Hardware and Mechanical Integrity Failure"").",P_SYS_STATE_006,분포 이탈 입력에서의 월드모델 오출력 악용,Exploitation of world-model errors under sim-to-real distributional shift,"월드 모델이 분포를 벗어난 입력에 대해 예측 불가능하고 잘못된 출력을 산출하며, 판단이 가장 중요한 롱 테 일 안전 임계 상태에서 시뮬레이션-실제 격차가 악용되는 리스크.","The risk that world models produce unpredictable, erroneous outputs on out-of-distribution inputs and that the sim-to-real gap is weaponised in long-tail safety-critical states where decisions matter most.",,,EM,0.6052759885787964,0.012277999892830849,1.0,0.5615109801292419,0.9136379957199097,0.3206399977207184,분포 이탈 입력에서의 월드모델 오출력 악용,산출 판단 중요,실제 격차 악용,Exploitation of world-model errors under sim-to-real distributional shift,gap weaponised long-tail,erroneous outputs out-of,P_SYS_STATE,0.0,0.477113,0.308362,NO_DIRECT_LEXICAL_SUPPORT,P_SYS_STATE,0.605276,0.913638,P_INT_SAFETY,0.592998,0.592998,P_SYS_STATE,P_INT_SAFETY,,SRC-P-0011,Physical,RAI4-1689,RAI4-1689,,SOURCE_DOMAIN,REWRITE_KEEP|PEER_REVIEW,Peer-review spacing restoration,L3_MASTER|NIST_AI_RMF|OECD_AI_PRINCIPLES|KOREA_AI_BASIC_ACT,CURATED_SOURCE_MECHANISM_PRIOR:P_SYS_STATE|PREREQUISITE_FILTER:,P_SYS_STATE,0.607758,L3_MASTER_VALIDATED
L0_RAI,책임 있는 인공지능,Responsible AI,L1_P,피지컬 AI,Physical AI,로봇과 자율주행차를 포함하여 물리 세계를 인식하고 물리적 행동을 수행하는 체화형 또는 사이버물리 AI 시스템.,"Embodied or cyber-physical systems, including robots and autonomous vehicles, that perceive and act in the physical world.",P_SYS,시스템,System,"AI 시스템의 내부 설계, 데이터, 모델, 인프라, 통제 또는 운영 과정에서 발생하는 리스크.","Risks arising from the internal design, data, models, infrastructure, controls, or operational processes of an AI system.",P_SYS_STATE,물리 상태 추정·센서 융합 실패,Physical State Estimation and Sensor-Fusion Failure,"체화형 시스템이 위치·자세·운동·접촉·힘·공간 지도 등 자신 또는 환경의 물리 상태를 올바르게 추정하지 못하거나, 이질적인 물리 센서 스트림(비전·LiDAR·관성·촉각·고유수용성 등)을 신뢰성 있게 융합하지 못해 부정확한 내부 모델을 형성하고 안전하지 않은 물리 행동으로 이어지는 리스크

(물체·장면의 의미적 오인식은 General AI ""Input Comprehension Failure"", 적대적·잡음 입력은 ""Security and Adversarial Robustness Failure"", 센서 부품의 물리적 고장은 ""Hardware and Mechanical Integrity Failure""에서 다룸).","The risk that an embodied system fails to correctly estimate its own or its environment's physical state—such as localization, pose, motion, contact, force, or spatial mapping—or fails to reliably fuse heterogeneous physical sensor streams (e.g., vision, LiDAR, inertial, tactile, proprioceptive), producing an inaccurate internal model that leads to unsafe physical action 

(semantic misperception of objects or scenes is covered under General AI ""Input Comprehension Failure""; adversarial or noisy inputs under ""Security and Adversarial Robustness Failure""; physical breakage of sensor components under ""Hardware and Mechanical Integrity Failure"").",P_SYS_STATE_007,피지컬 AI의 사적 공간 침해와 지속적 민감정보 수집,Intrusion into private spaces and continuous sensitive-data capture by physical AI,"로봇의 센서, 이동성, 지도화 기능이 가정·사업장 등 사적 공간의 영상, 음성, 위치, 행동 정보를 지속적으로 수집·추론하여 프라이버시와 정보 자기 결정권을 침해하는 리스크.","The risk that robot sensors, mobility, and mapping continuously capture or infer video, audio, location, or behavioural information in homes, workplaces, or other private spaces, infringing privacy and informational self-determination.",,,EM,0.6838120222091675,0.0005300000193528831,1.0,0.6348720192909241,0.7158899903297424,0.024372000247240067,피지컬 AI의 사적 공간 침해와 지속적 민감정보 수집,프라이버시,센서 가림,Intrusion into private spaces and continuous sensitive-data capture by physical AI,privacy,continuously capture infer,P_SYS_STATE,0.3,0.579604,0.032078,P_INT_TAMPER=0.300|P_SYS_STATE=0.300|P_INT_SAFETY=0.200,P_SYS_STATE,0.683812,0.71589,P_SYS_CONTROL,0.683281,0.691517,P_SYS_CONTROL,P_SYS_STATE,,SRC-P-0203,Physical,RAI4-0200,RAI4-0200|RAI4-0313,병합 — 이동 센서 플랫폼의 지속적 시청각 촬영·맵핑은 RAI4-0200(피지컬 AI 프라이버시 침해)의 구체 사례이므로 해당 카드와 통합,INSTRUCTION_PROMPT,MERGE_REPRESENTATIVE|REWRITE_KEEP|PEER_REVIEW,Peer-review spacing restoration,L3_MASTER|NIST_AI_RMF|OECD_AI_PRINCIPLES|KOREA_AI_BASIC_ACT,NO_CURATED_PRIOR|PREREQUISITE_FILTER:,P_SYS_STATE,0.680331,L3_MASTER_VALIDATED
L0_RAI,책임 있는 인공지능,Responsible AI,L1_P,피지컬 AI,Physical AI,로봇과 자율주행차를 포함하여 물리 세계를 인식하고 물리적 행동을 수행하는 체화형 또는 사이버물리 AI 시스템.,"Embodied or cyber-physical systems, including robots and autonomous vehicles, that perceive and act in the physical world.",P_SYS,시스템,System,"AI 시스템의 내부 설계, 데이터, 모델, 인프라, 통제 또는 운영 과정에서 발생하는 리스크.","Risks arising from the internal design, data, models, infrastructure, controls, or operational processes of an AI system.",P_SYS_STATE,물리 상태 추정·센서 융합 실패,Physical State Estimation and Sensor-Fusion Failure,"체화형 시스템이 위치·자세·운동·접촉·힘·공간 지도 등 자신 또는 환경의 물리 상태를 올바르게 추정하지 못하거나, 이질적인 물리 센서 스트림(비전·LiDAR·관성·촉각·고유수용성 등)을 신뢰성 있게 융합하지 못해 부정확한 내부 모델을 형성하고 안전하지 않은 물리 행동으로 이어지는 리스크

(물체·장면의 의미적 오인식은 General AI ""Input Comprehension Failure"", 적대적·잡음 입력은 ""Security and Adversarial Robustness Failure"", 센서 부품의 물리적 고장은 ""Hardware and Mechanical Integrity Failure""에서 다룸).","The risk that an embodied system fails to correctly estimate its own or its environment's physical state—such as localization, pose, motion, contact, force, or spatial mapping—or fails to reliably fuse heterogeneous physical sensor streams (e.g., vision, LiDAR, inertial, tactile, proprioceptive), producing an inaccurate internal model that leads to unsafe physical action 

(semantic misperception of objects or scenes is covered under General AI ""Input Comprehension Failure""; adversarial or noisy inputs under ""Security and Adversarial Robustness Failure""; physical breakage of sensor components under ""Hardware and Mechanical Integrity Failure"").",P_SYS_STATE_008,위치 추정 누적 오차,Localization drift,로봇·휴머노이드 또는 피지컬 AI 시스템의 지각·학습·제어·물리적 행동 과정이 GPS·SLAM·관성 감지·지도 정렬 오차가 누적되어 시스템이 잘못된 위치 추정에 기반하여 행동하는 위험.,"The risk that a robot, humanoid, or physical AI system, through perception, learning, control, or physical action, creates a condition in which errors in GPS, SLAM, inertial sensing, or map alignment can accumulate until the system acts on an incorrect estimate of its own position.",,,EM,0.7238039970397949,0.04095600172877312,1.0,0.6742290258407593,0.7626979947090149,0.07169800251722336,위치 추정 누적 오차,gps slam 관성,지도 정렬 오차,Localization drift,gps slam inertial,map alignment accumulate,P_SYS_STATE,0.3,0.51818,0.038893,P_SYS_STATE=0.300|P_SYS_CONTROL=0.200|P_INT_TAMPER=0.100,P_SYS_STATE,0.723804,0.762698,P_SYS_CONTROL,0.682848,0.691,P_SYS_STATE,P_SYS_STATE,,SRC-P-0003,Physical,RAI4-0324,RAI4-0324,,SOURCE_DOMAIN,REWRITE_KEEP|PEER_REVIEW|L3_AI_GROUNDING,"Bilingual definition grounded in an explicit AI technology, causal mechanism, and immutable L3 scope",L3_MASTER|NIST_AI_RMF|OECD_AI_PRINCIPLES|KOREA_AI_BASIC_ACT|L3_MASTER,NO_CURATED_PRIOR|PREREQUISITE_FILTER:,P_SYS_STATE,0.703806,L3_MASTER_AI_REWRITE
L0_RAI,책임 있는 인공지능,Responsible AI,L1_P,피지컬 AI,Physical AI,로봇과 자율주행차를 포함하여 물리 세계를 인식하고 물리적 행동을 수행하는 체화형 또는 사이버물리 AI 시스템.,"Embodied or cyber-physical systems, including robots and autonomous vehicles, that perceive and act in the physical world.",P_SYS,시스템,System,"AI 시스템의 내부 설계, 데이터, 모델, 인프라, 통제 또는 운영 과정에서 발생하는 리스크.","Risks arising from the internal design, data, models, infrastructure, controls, or operational processes of an AI system.",P_SYS_STATE,물리 상태 추정·센서 융합 실패,Physical State Estimation and Sensor-Fusion Failure,"체화형 시스템이 위치·자세·운동·접촉·힘·공간 지도 등 자신 또는 환경의 물리 상태를 올바르게 추정하지 못하거나, 이질적인 물리 센서 스트림(비전·LiDAR·관성·촉각·고유수용성 등)을 신뢰성 있게 융합하지 못해 부정확한 내부 모델을 형성하고 안전하지 않은 물리 행동으로 이어지는 리스크

(물체·장면의 의미적 오인식은 General AI ""Input Comprehension Failure"", 적대적·잡음 입력은 ""Security and Adversarial Robustness Failure"", 센서 부품의 물리적 고장은 ""Hardware and Mechanical Integrity Failure""에서 다룸).","The risk that an embodied system fails to correctly estimate its own or its environment's physical state—such as localization, pose, motion, contact, force, or spatial mapping—or fails to reliably fuse heterogeneous physical sensor streams (e.g., vision, LiDAR, inertial, tactile, proprioceptive), producing an inaccurate internal model that leads to unsafe physical action 

(semantic misperception of objects or scenes is covered under General AI ""Input Comprehension Failure""; adversarial or noisy inputs under ""Security and Adversarial Robustness Failure""; physical breakage of sensor components under ""Hardware and Mechanical Integrity Failure"").",P_SYS_STATE_009,잠재 상태 압축에 따른 안전 임계 정보 손실,Loss of safety-critical detail in latent-state compression,상태 압축이 휴머노이드의 안전한 계획에 필요한 접촉·충돌 근접·물체 불안정·인간 근접 정보를 제거하는 위험.,"The risk that state compression removes contact, near-collision, object-instability, or human-proximity information needed for safe humanoid planning.",,,EM,0.6336830258369446,0.01026500016450882,1.0,0.589057981967926,0.954118013381958,0.31869998574256897,잠재 상태 압축에 따른 안전 임계 정보 손실,결과 불안정,근접 정보 제거,Loss of safety-critical detail in latent-state compression,near-collision object-instability human-proximity,state compression removes,P_SYS_STATE,0.2,0.570179,0.320436,P_INT_SAFETY=0.200|P_SYS_STATE=0.200|P_SYS_CONTROL=0.100,P_SYS_STATE,0.633683,0.954118,P_INT_SAFETY,0.623418,0.635418,P_SYS_STATE,P_INT_SAFETY,,SRC-P-0158,Physical,RAI4-0270,RAI4-0270,,SOURCE_DOMAIN,REWRITE_KEEP|PEER_REVIEW,Peer-review spacing restoration,L3_MASTER|NIST_AI_RMF|OECD_AI_PRINCIPLES|KOREA_AI_BASIC_ACT,CURATED_SOURCE_MECHANISM_PRIOR:P_SYS_STATE|PREREQUISITE_FILTER:,P_SYS_STATE,0.634575,L3_MASTER_VALIDATED
L0_RAI,책임 있는 인공지능,Responsible AI,L1_P,피지컬 AI,Physical AI,로봇과 자율주행차를 포함하여 물리 세계를 인식하고 물리적 행동을 수행하는 체화형 또는 사이버물리 AI 시스템.,"Embodied or cyber-physical systems, including robots and autonomous vehicles, that perceive and act in the physical world.",P_SYS,시스템,System,"AI 시스템의 내부 설계, 데이터, 모델, 인프라, 통제 또는 운영 과정에서 발생하는 리스크.","Risks arising from the internal design, data, models, infrastructure, controls, or operational processes of an AI system.",P_SYS_STATE,물리 상태 추정·센서 융합 실패,Physical State Estimation and Sensor-Fusion Failure,"체화형 시스템이 위치·자세·운동·접촉·힘·공간 지도 등 자신 또는 환경의 물리 상태를 올바르게 추정하지 못하거나, 이질적인 물리 센서 스트림(비전·LiDAR·관성·촉각·고유수용성 등)을 신뢰성 있게 융합하지 못해 부정확한 내부 모델을 형성하고 안전하지 않은 물리 행동으로 이어지는 리스크

(물체·장면의 의미적 오인식은 General AI ""Input Comprehension Failure"", 적대적·잡음 입력은 ""Security and Adversarial Robustness Failure"", 센서 부품의 물리적 고장은 ""Hardware and Mechanical Integrity Failure""에서 다룸).","The risk that an embodied system fails to correctly estimate its own or its environment's physical state—such as localization, pose, motion, contact, force, or spatial mapping—or fails to reliably fuse heterogeneous physical sensor streams (e.g., vision, LiDAR, inertial, tactile, proprioceptive), producing an inaccurate internal model that leads to unsafe physical action 

(semantic misperception of objects or scenes is covered under General AI ""Input Comprehension Failure""; adversarial or noisy inputs under ""Security and Adversarial Robustness Failure""; physical breakage of sensor components under ""Hardware and Mechanical Integrity Failure"").",P_SYS_STATE_010,다중 센서 융합 상충,Multimodal sensor fusion conflict,로봇·휴머노이드 또는 피지컬 AI 시스템의 지각·학습·제어·물리적 행동 과정이 카메라·라이다·레이더·촉각·자기 수용 신호의 충돌이 불안정한 장면 추정 및 비안전 하위 행동을 초래하는 위험.,"The risk that a robot, humanoid, or physical AI system, through perception, learning, control, or physical action, creates a condition in which conflicting camera, LiDAR, radar, tactile, or proprioceptive signals may lead to unstable scene estimates and unsafe downstream control decisions.",,,EM,0.7686700224876404,0.06522899866104126,1.0,0.7266539931297302,0.8156229853630066,0.10545899718999863,다중 센서 융합 상충,카메라 라이다 레이더,결과 불안정,Multimodal sensor fusion conflict,unstable result,camera lidar radar,P_SYS_STATE,0.5,0.59706,0.046953,P_SYS_STATE=0.500|P_INT_TAMPER=0.200|P_SYS_CONTROL=0.200,P_SYS_STATE,0.76867,0.815623,P_INT_SAFETY,0.703441,0.710164,P_SYS_STATE,P_SYS_STATE,,SRC-P-0129,Physical,RAI4-0322,RAI4-0322,,SOURCE_DOMAIN,REWRITE_KEEP|PEER_REVIEW|L3_AI_GROUNDING,"Bilingual definition grounded in an explicit AI technology, causal mechanism, and immutable L3 scope",L3_MASTER|NIST_AI_RMF|OECD_AI_PRINCIPLES|KOREA_AI_BASIC_ACT|L3_MASTER,NO_CURATED_PRIOR|PREREQUISITE_FILTER:,P_SYS_STATE,0.732783,L3_MASTER_AI_REWRITE
L0_RAI,책임 있는 인공지능,Responsible AI,L1_P,피지컬 AI,Physical AI,로봇과 자율주행차를 포함하여 물리 세계를 인식하고 물리적 행동을 수행하는 체화형 또는 사이버물리 AI 시스템.,"Embodied or cyber-physical systems, including robots and autonomous vehicles, that perceive and act in the physical world.",P_SYS,시스템,System,"AI 시스템의 내부 설계, 데이터, 모델, 인프라, 통제 또는 운영 과정에서 발생하는 리스크.","Risks arising from the internal design, data, models, infrastructure, controls, or operational processes of an AI system.",P_SYS_STATE,물리 상태 추정·센서 융합 실패,Physical State Estimation and Sensor-Fusion Failure,"체화형 시스템이 위치·자세·운동·접촉·힘·공간 지도 등 자신 또는 환경의 물리 상태를 올바르게 추정하지 못하거나, 이질적인 물리 센서 스트림(비전·LiDAR·관성·촉각·고유수용성 등)을 신뢰성 있게 융합하지 못해 부정확한 내부 모델을 형성하고 안전하지 않은 물리 행동으로 이어지는 리스크

(물체·장면의 의미적 오인식은 General AI ""Input Comprehension Failure"", 적대적·잡음 입력은 ""Security and Adversarial Robustness Failure"", 센서 부품의 물리적 고장은 ""Hardware and Mechanical Integrity Failure""에서 다룸).","The risk that an embodied system fails to correctly estimate its own or its environment's physical state—such as localization, pose, motion, contact, force, or spatial mapping—or fails to reliably fuse heterogeneous physical sensor streams (e.g., vision, LiDAR, inertial, tactile, proprioceptive), producing an inaccurate internal model that leads to unsafe physical action 

(semantic misperception of objects or scenes is covered under General AI ""Input Comprehension Failure""; adversarial or noisy inputs under ""Security and Adversarial Robustness Failure""; physical breakage of sensor components under ""Hardware and Mechanical Integrity Failure"").",P_SYS_STATE_011,가림에 의한 충돌,Occlusion-induced collision,피지컬 AI 시스템이 가림으로 숨겨진 사람·동물·차량·장애물을 감지하지 못하여 비안전 동작을 유발하는 위험.,"The risk that a Physical AI system may fail to detect people, animals, vehicles, or obstacles hidden by occlusion, causing unsafe motion in shared physical space.",,,EM,0.7378479838371277,0.008608000352978706,1.0,0.6942809820175171,1.049847960472107,0.29165300726890564,가림에 의한 충돌,동물 차량 장애물,차량 장애물 감지,Occlusion-induced collision,obstacles hidden occlusion,animals vehicles obstacles,P_INT_SAFETY,0.2,0.483117,0.312,P_INT_SAFETY=0.400|P_SYS_STATE=0.200|P_INT_TAMPER=0.100,P_SYS_STATE,0.737848,1.049848,P_INT_SAFETY,0.72924,0.758196,P_SYS_STATE,P_INT_SAFETY,,SRC-P-0165,Physical,RAI4-0320,RAI4-0320,,SOURCE_DOMAIN,REWRITE_KEEP|PEER_REVIEW,Peer-review spacing restoration,L3_MASTER|NIST_AI_RMF|OECD_AI_PRINCIPLES|KOREA_AI_BASIC_ACT,CURATED_SOURCE_MECHANISM_PRIOR:P_SYS_STATE|PREREQUISITE_FILTER:,P_SYS_STATE,0.735185,L3_MASTER_VALIDATED
L0_RAI,책임 있는 인공지능,Responsible AI,L1_P,피지컬 AI,Physical AI,로봇과 자율주행차를 포함하여 물리 세계를 인식하고 물리적 행동을 수행하는 체화형 또는 사이버물리 AI 시스템.,"Embodied or cyber-physical systems, including robots and autonomous vehicles, that perceive and act in the physical world.",P_SYS,시스템,System,"AI 시스템의 내부 설계, 데이터, 모델, 인프라, 통제 또는 운영 과정에서 발생하는 리스크.","Risks arising from the internal design, data, models, infrastructure, controls, or operational processes of an AI system.",P_SYS_STATE,물리 상태 추정·센서 융합 실패,Physical State Estimation and Sensor-Fusion Failure,"체화형 시스템이 위치·자세·운동·접촉·힘·공간 지도 등 자신 또는 환경의 물리 상태를 올바르게 추정하지 못하거나, 이질적인 물리 센서 스트림(비전·LiDAR·관성·촉각·고유수용성 등)을 신뢰성 있게 융합하지 못해 부정확한 내부 모델을 형성하고 안전하지 않은 물리 행동으로 이어지는 리스크

(물체·장면의 의미적 오인식은 General AI ""Input Comprehension Failure"", 적대적·잡음 입력은 ""Security and Adversarial Robustness Failure"", 센서 부품의 물리적 고장은 ""Hardware and Mechanical Integrity Failure""에서 다룸).","The risk that an embodied system fails to correctly estimate its own or its environment's physical state—such as localization, pose, motion, contact, force, or spatial mapping—or fails to reliably fuse heterogeneous physical sensor streams (e.g., vision, LiDAR, inertial, tactile, proprioceptive), producing an inaccurate internal model that leads to unsafe physical action 

(semantic misperception of objects or scenes is covered under General AI ""Input Comprehension Failure""; adversarial or noisy inputs under ""Security and Adversarial Robustness Failure""; physical breakage of sensor components under ""Hardware and Mechanical Integrity Failure"").",P_SYS_STATE_012,적대적 학습의 강건 과적합,Robust overfitting in adversarial training,로봇 정책의 적대적 훈련이 특정 센서 교란이나 시뮬레이션 조건에 과적합되어 실제 환경의 새로운 물리적 교란과 접촉 조건에서 안전 성능이 저하되는 리스크.,"The risk that adversarial training of a robot policy overfits to particular sensor perturbations or simulated conditions, reducing safety under novel physical disturbances and contact conditions in the real world.",,,EM,0.6858270168304443,0.005107000004500151,1.0,0.6396219730377197,0.729777991771698,0.021906999871134758,적대적 학습의 강건 과적합,센서 가림,교란 시뮬레이션 조건,Robust overfitting in adversarial training,overfits particular sensor,policy overfits particular,P_SYS_STATE,0.4,0.559636,0.043951,P_SYS_STATE=0.400|P_INT_TAMPER=0.200|P_INT_SAFETY=0.100,P_SYS_STATE,0.685827,0.729778,P_INT_SAFETY,0.701871,0.707871,P_INT_SAFETY,P_INT_SAFETY,,SRC-P-0061,Physical,RAI4-1489,RAI4-1489,적대적 훈련 중 강건 과적합으로 일반화 성능이 저하되는 현상은 ML 학습 방법론 자체의 이슈 — PAI 한정 리스크로 보기 어려워 구체화 필요,SOURCE_DOMAIN,EDIT|REWRITE_KEEP|PEER_REVIEW,Peer-review spacing restoration,L3_MASTER|NIST_AI_RMF|OECD_AI_PRINCIPLES|KOREA_AI_BASIC_ACT,NO_CURATED_PRIOR|PREREQUISITE_FILTER:,P_SYS_STATE,0.683926,L3_MASTER_VALIDATED
L0_RAI,책임 있는 인공지능,Responsible AI,L1_P,피지컬 AI,Physical AI,로봇과 자율주행차를 포함하여 물리 세계를 인식하고 물리적 행동을 수행하는 체화형 또는 사이버물리 AI 시스템.,"Embodied or cyber-physical systems, including robots and autonomous vehicles, that perceive and act in the physical world.",P_SYS,시스템,System,"AI 시스템의 내부 설계, 데이터, 모델, 인프라, 통제 또는 운영 과정에서 발생하는 리스크.","Risks arising from the internal design, data, models, infrastructure, controls, or operational processes of an AI system.",P_SYS_STATE,물리 상태 추정·센서 융합 실패,Physical State Estimation and Sensor-Fusion Failure,"체화형 시스템이 위치·자세·운동·접촉·힘·공간 지도 등 자신 또는 환경의 물리 상태를 올바르게 추정하지 못하거나, 이질적인 물리 센서 스트림(비전·LiDAR·관성·촉각·고유수용성 등)을 신뢰성 있게 융합하지 못해 부정확한 내부 모델을 형성하고 안전하지 않은 물리 행동으로 이어지는 리스크

(물체·장면의 의미적 오인식은 General AI ""Input Comprehension Failure"", 적대적·잡음 입력은 ""Security and Adversarial Robustness Failure"", 센서 부품의 물리적 고장은 ""Hardware and Mechanical Integrity Failure""에서 다룸).","The risk that an embodied system fails to correctly estimate its own or its environment's physical state—such as localization, pose, motion, contact, force, or spatial mapping—or fails to reliably fuse heterogeneous physical sensor streams (e.g., vision, LiDAR, inertial, tactile, proprioceptive), producing an inaccurate internal model that leads to unsafe physical action 

(semantic misperception of objects or scenes is covered under General AI ""Input Comprehension Failure""; adversarial or noisy inputs under ""Security and Adversarial Robustness Failure""; physical breakage of sensor components under ""Hardware and Mechanical Integrity Failure"").",P_SYS_STATE_013,세계 모델의 장기 예측 편차 누적,World-model prediction drift over long horizons,피지컬 AI 세계 모델의 예측 오차가 미래 상태 전개 과정에서 누적되어 선택된 계획이 실제 접촉·운동 동역학과 달라지는 위험.,"The risk that prediction errors in a physical AI world model compound across simulated future states, causing the selected plan to diverge from actual contact and motion dynamics.",,,EM,0.6751189827919006,0.03981800004839897,1.0,0.6187660098075867,0.7022240161895752,0.06092299893498421,세계 모델의 장기 예측 편차 누적,미래 상태 전개,전개 누적 선택,World-model prediction drift over long horizons,future states selected,plan diverge actual,P_SYS_STATE,0.3,0.440961,0.027105,P_SYS_STATE=0.300|P_INT_TAMPER=0.100|P_INT_SAFETY=0.100,P_SYS_STATE,0.675119,0.702224,P_INT_SAFETY,0.635301,0.641301,P_SYS_STATE,P_SYS_STATE,,SRC-P-0001,Physical,RAI4-0269,RAI4-0269,,SOURCE_DOMAIN,REWRITE_KEEP|PEER_REVIEW,Peer-review spacing restoration,L3_MASTER|NIST_AI_RMF|OECD_AI_PRINCIPLES|KOREA_AI_BASIC_ACT,NO_CURATED_PRIOR|PREREQUISITE_FILTER:,P_SYS_STATE,0.672666,L3_MASTER_VALIDATED
