target_domain,source_row_id,source_domain,source_l4_id,source_l4_ids,title_ko,title_en,description_ko,description_en,facet,act_type,original_description_ko,original_description_en,human_edit_ko_used,human_edit_en_used,instruction_prompt,transformation_action,transformation_rationale,domain_route_basis,terminology_sources,l3_candidate_hint,human_audit_description,human_audit_l3_mapping,human_audit_duplicate,coverage_change
Physical,SRC-A-0032,Agentic,RAI4-0280,RAI4-0280,가정 공간· 취약 사용자 시나리오 누락 리스크,Missing domestic settings and vulnerable-user scenarios,가정용 에이전트 벤치 마크가 특정 생활 공간· 일과· 가전제품· 취약 사용자 상호 작용을 누락해 배포 위험이 시험되지 않은 채 남는 리스크.,"The risk that a household-agent benchmark omits specific living areas, routines, appliances, or vulnerable-user interactions, leaving deployment risks untested.",,,가정용 에이전트 벤치마크가 특정 생활 공간·일과·가전제품·취약 사용자 상호작용을 누락해 배포 위험이 시험되지 않은 채 남는 리스크.,"The risk that a household-agent benchmark omits specific living areas, routines, appliances, or vulnerable-user interactions, leaving deployment risks untested.",False,False,"Physical AI L1 로 재분류하고, L3 재매핑을 할것",REWRITE_KEEP,"Risk meaning is present but subject, causal structure, or risk-style ending requires standardisation",INSTRUCTION_PROMPT,L3_MASTER|NIST_AI_RMF|OECD_AI_PRINCIPLES|KOREA_AI_BASIC_ACT,,,,,
Physical,SRC-A-0042,Agentic,RAI4-0250,RAI4-0250,배포 조건 간 휴머노이드 행동 불안정 리스크,Unstable humanoid behavior across deployment conditions,한 시뮬레이터나 시험 조건에서 안정적인 휴머노이드 정책이 난 수 시드· 시뮬레이터· 하드웨어· 배포 환경이 바뀌면 행동이 크게 달라지는 위험.,"The risk that a humanoid policy that is stable in one simulator or test setting changes materially across random seeds, simulators, hardware, or deployment environments.",,,한 시뮬레이터나 시험 조건에서 안정적인 휴 머노이드 정책이 난수 시드·시뮬레이터·하드 웨어·배포 환경이 바뀌면 행동이 크게 달라지 는 위험.,"A humanoid policy that is stable in one simulator or test setting changes materially across random seeds, simulators, hardware, or deployment environments.",False,False,"Physical AI L1 로 재분류하고, L3 재매핑을 할것",REWRITE_KEEP,"Risk meaning is present but subject, causal structure, or risk-style ending requires standardisation",INSTRUCTION_PROMPT,L3_MASTER|NIST_AI_RMF|OECD_AI_PRINCIPLES|KOREA_AI_BASIC_ACT,,,,,
Physical,SRC-A-0050,Agentic,RAI4-0263,RAI4-0263,가정 작업 벤치 마크의 희귀 조건 조합 누락 리스크,Missing rare combinations in household task benchmarks,가정용 벤치 마크가 물체· 배치· 인간 행동· 위험 요소를 개별적으로는 포함하지만 이들의 희귀한 조합을 누락하는 위험.,"The risk that a household benchmark omits rare combinations of objects, layouts, human actions, and hazards even though each factor appears separately in the test set.",,,가정용 벤치마크가 물체·배치·인간 행동·위험 요소를 개별적으로는 포함하지만 이들의 희귀한 조합을 누락하는 위험.,"A household benchmark omits rare combinations of objects, layouts, human actions, and hazards even though each factor appears separately in the test set.",False,False,"Physical AI L1 로 재분류하고, L3 재매핑을 할것",REWRITE_KEEP,"Risk meaning is present but subject, causal structure, or risk-style ending requires standardisation",INSTRUCTION_PROMPT,L3_MASTER|NIST_AI_RMF|OECD_AI_PRINCIPLES|KOREA_AI_BASIC_ACT,,,,,
Physical,SRC-A-0083,Agentic,RAI4-0279,RAI4-0279,동적 가정 위험 감지 지연 리스크,Dynamic household hazard detection latency,안전 감지기가 embodied 에이전트가 피지컬 피해를 피하기에 너무 늦은 시점에야 가정 내 위험을 식별하는 리스크. 피. 이러한 결과를 초래하는 리스크.,The risk that a safety detector identifies a household hazard only after a delay that is too long for an embodied agent to avoid physical harm.,,,안전 감지기가 embodied 에이전트가 피지컬 피해를 피하기에 너무 늦은 시점에야 가정 내 위험을 식별하는 리스크. 피,The risk that a safety detector identifies a household hazard only after a delay that is too long for an embodied agent to avoid physical harm.,False,False,"Physical AI L1 로 재분류하고, L3 재매핑을 할것",REWRITE_KEEP,"Risk meaning is present but subject, causal structure, or risk-style ending requires standardisation",INSTRUCTION_PROMPT,L3_MASTER|NIST_AI_RMF|OECD_AI_PRINCIPLES|KOREA_AI_BASIC_ACT,,,,Physical AI L1로 재분류,
Physical,SRC-G-0010,General,RAI4-0182,RAI4-0182,물리적 위험에 대한 적시 대응 실패 리스크,Failure to Timely Respond to Physical Hazards,"사람· 차량· 도구· 물체가 예기치 않게 경로에 진입하는 경우를 포함하여, 시스템이 위험한 물리적 상황에 대해 적시에 적절한 개입, 위험 행동 거부 또는 이동 계획 수정을 수행하지 못하여 충돌이나 상해가 발생하는 리스크.","The risk that a system fails to produce a timely and appropriate intervention, refusal, or updated motion plan in a hazardous physical situation, including when a person, vehicle, tool, or object unexpectedly enters its path, allowing collision or injury to occur.",,,"사람·차량·도구·물체가 예기치 않게 경로에 진입하는 경우를 포함하여, 시스템이 위험한 물리적 상황 에 대해 적시에 적절한 개입·거부·이동 계획 수정을 수행하지 못하여 충돌이나 상해가 발생하는 리스크.","The risk that a system fails to produce a timely and appropriate intervention, refusal, or updated motion plan in a hazardous physical situation, including when a person, vehicle, tool, or object unexpectedly enters its path, allowing collision or injury to occur.",True,False,"영문 Title을 수정할 것: Failure to Timely Respond to Physical Hazards, Physical AI로 재분류 할것",EDIT|REWRITE_KEEP,Source already contains an AI-related mechanism and adverse risk outcome,INSTRUCTION_PROMPT,L3_MASTER|NIST_AI_RMF|OECD_AI_PRINCIPLES|KOREA_AI_BASIC_ACT,,1,1,,
Physical,SRC-G-0011,General,RAI4-0184,RAI4-0184,그리퍼 형상· 유형 제약 위반 리스크,Gripper geometry and type constraint violation,물리 에이전트가 그리 퍼의 형상· 유형 또는 실제 접촉 역학이 부과하는 물리적 제약을 고려하지 못하고 이를 위반하는 행동을 선택하는 리스크.,"The risk that a physical agent selects an action that violates constraints imposed by gripper geometry, gripper type, or feasible contact mechanics.",,,"물리 에이전트가 그리퍼 형상, 그리퍼 유형, 실현 가능한 접촉 역학이 부과하는 제약을 위반하는 행동 을 선택하는 리스크.","The risk that a physical agent selects an action that violates constraints imposed by gripper geometry, gripper type, or feasible contact mechanics.",True,False,Physical AI의 하위로 L4 리스크 카드를 분류하고 L3와 재매핑을 시킬것,REWRITE_KEEP,Source already contains an AI-related mechanism and adverse risk outcome,INSTRUCTION_PROMPT,L3_MASTER|NIST_AI_RMF|OECD_AI_PRINCIPLES|KOREA_AI_BASIC_ACT,,1,1,,
Physical,SRC-G-0013,General,RAI4-0228,RAI4-0228,위험 지시 거부 실패 리스크,Failure to reject hazardous instructions,체화형 에이전트가 물리적 위험을 수반하는 지시가 명시적으로 제시되었거나 일반적인 작업 지시에 암묵적으로 포함되어 있는 경우에도 이를 식별· 거부하지 못하고 안전하지 않은 작업을 수행하는 리스크.,"The risk that an embodied agent fails to identify and reject a physical hazard instruction, whether explicitly stated or implicit in otherwise ordinary task requests, and proceeds toward unsafe execution.",,,"체화형 에이전트가 명시적으로 진술되었든 평범한 작업 지시에 암묵적으로 숨어 있든 물리적 위험 지 시를 식별·거부하지 못하고, 안전하지 않은 작업 실행으로 나아가는 리스크.","The risk that an embodied agent fails to identify and reject a physical hazard instruction, whether explicitly stated or implicit in otherwise ordinary task requests, and proceeds toward unsafe execution.",True,False,Physical AI의 하위로 L4 리스크 카드를 분류하고 L3와 재매핑을 시킬것,REWRITE_KEEP,Source already contains an AI-related mechanism and adverse risk outcome,INSTRUCTION_PROMPT,L3_MASTER|NIST_AI_RMF|OECD_AI_PRINCIPLES|KOREA_AI_BASIC_ACT,,1,1,,
Physical,SRC-G-0014,General,RAI4-0233,RAI4-0233,안전-성능 균형 실패 리스크,Safety-performance trade-off failure,조작 정책이 작업 완료율이나 성능을 향상시키는 과정에서 충돌 회피 또는 명시적 안전 제약 준수를 저해하는 리스크.,The risk that a manipulation policy improves task completion while sacrificing collision avoidance or other explicit safety constraints.,,,조작 정책이 충돌 회피나 명시적 안전 제약을 희생하면서 작업 완료율을 향상시키는 리스크.,The risk that a manipulation policy improves task completion while sacrificing collision avoidance or other explicit safety constraints.,True,False,Physical AI의 하위로 L4 리스크 카드를 분류하고 L3와 재매핑을 시킬것,REWRITE_KEEP,Source already contains an AI-related mechanism and adverse risk outcome,INSTRUCTION_PROMPT,L3_MASTER|NIST_AI_RMF|OECD_AI_PRINCIPLES|KOREA_AI_BASIC_ACT,,1,1,,
Physical,SRC-G-0015,General,RAI4-0274,RAI4-0274,헌법적 안전 규칙 집행 실패 리스크,Failure to enforce constitutional safety rules,규칙 기반(헌법적) 안전 계층이 지시· 맥락· 작업 프레이밍이 명시된 안전 규칙과 충돌할 때 해당 규칙을 적용하지 못하는 리스크.,"The risk that a constitutional safety layer fails to apply its stated physical safety rules when instructions, visual context, or task framing conflict with those rules.",,,헌법적 안전 계층이 지시·시각 맥락·작업 프레이밍이 명시된 물리적 안전 규칙과 충돌할 때 해당 규칙 을 적용하지 못하는 위험.,"A constitutional safety layer fails to apply its stated physical safety rules when instructions, visual context, or task framing conflict with those rules.",True,False,Physical AI의 하위로 L4 리스크 카드를 분류하고 L3와 재매핑을 시킬것,REWRITE_KEEP,Source already contains an AI-related mechanism and adverse risk outcome,INSTRUCTION_PROMPT,L3_MASTER|NIST_AI_RMF|OECD_AI_PRINCIPLES|KOREA_AI_BASIC_ACT,,1,1,,
Physical,SRC-G-0022,General,RAI4-0195,RAI4-0195,명령의 구현 체별 하드웨어 한계 초과 리스크,Command exceeds embodiment-specific hardware limits,모델이 배포된 로봇의 알려진 도달 범위· 탑재 하중· 액추에이터· 관절· 엔드이펙터 한계를 넘는 명령을 내리는 위험.,"The risk that a model issues a command that exceeds the known reach, payload, actuator, joint, or endeffector limits of the robot on which it is deployed.",F03,AD,모델이 배포된 로봇의 알려진 도달 범위·탑재 하중·액추에이터·관절·엔드이펙터 한계를 넘는 명령을 내리는 위험.,"A model issues a command that exceeds the known reach, payload, actuator, joint, or endeffector limits of the robot on which it is deployed.",False,False,Physical AI의 하위로 L4 리스크 카드를 분류하고 L3와 재매핑을 시킬것,REWRITE_KEEP,"Risk meaning is present but subject, causal structure, or risk-style ending requires standardisation",INSTRUCTION_PROMPT,L3_MASTER|NIST_AI_RMF|OECD_AI_PRINCIPLES|KOREA_AI_BASIC_ACT,,신규 L4,,,
Physical,SRC-G-0455,General,RAI4-0639,RAI4-0639,신체적 상해 및 부상 위험,Physical harm and injury risks,범용 AI 모델이 체화형 시스템에 통합되어 실세계에서 자율적으로 판단하고 행동하는 능력이 악의적으로 악용됨으로써 직접적인 물리적 위협이 발생하는 리스크.,The risk that the integration of general-purpose AI models into embodied systems creates direct physical threats through malicious exploitation of autonomous decision-making capabilities in realworld environments.,,,범용 AI 모델이 체화형 시스템에 통합되어 실세계에서 자율적으로 판단하고 행동하는 능력이 악의적으로 악용됨으로써 직접적인 물리적 위협이 발생하는 리스크,The risk that the integration of general-purpose AI models into embodied systems creates direct physical threats through malicious exploitation of autonomous decision-making capabilities in realworld environments.,False,False,Physical AI L1 카테고리 하위의 L3 카테고리 아래로 매핑할 것,REWRITE_KEEP,"Risk meaning is present but subject, causal structure, or risk-style ending requires standardisation",INSTRUCTION_PROMPT,L3_MASTER|NIST_AI_RMF|OECD_AI_PRINCIPLES|KOREA_AI_BASIC_ACT,,Hate_and_Unfairness아님_Physical AI반영필요,,,
Physical,SRC-P-0001,Physical,RAI4-0269,RAI4-0269,세계 모델의 장기 예측 편차 누적 리스크,World-model prediction drift over long horizons,피지컬 AI 세계 모델의 예측 오차가 미래 상태 전개 과정에서 누적되어 선택된 계획이 실제 접촉· 운동 동역학과 달라지는 위험.,"The risk that prediction errors in a physical AI world model compound across simulated future states, causing the selected plan to diverge from actual contact and motion dynamics.",,,피지컬 AI 세계 모델의 예측 오차가 미래 상태 전개 과정에서 누적되어 선택된 계획이 실제 접촉·운 동 동역학과 달라지는 위험.,"Prediction errors in a physical AI world model compound across simulated future states, causing the selected plan to diverge from actual contact and motion dynamics.",False,False,,REWRITE_KEEP,Source already contains an AI-related mechanism and adverse risk outcome,SOURCE_DOMAIN,L3_MASTER|NIST_AI_RMF|OECD_AI_PRINCIPLES|KOREA_AI_BASIC_ACT,,,,,
Physical,SRC-P-0003,Physical,RAI4-0324,RAI4-0324,위치 추정 누적 오차 리스크,Localization drift,GPS·SLAM· 관성 감지· 지도 정렬 오차가 누적되어 시스템이 잘못 된 위치 추정에 기반하여 행동하는 위험.,"The risk that errors in GPS, SLAM, inertial sensing, or map alignment can accumulate until the system acts on an incorrect estimate of its own position.",,,GPS·SLAM·관성 감지·지도 정렬 오차가 누적되어 시스템이 잘못된 위치 추정에 기반하여 행동하는 위험.,"Errors in GPS, SLAM, inertial sensing, or map alignment can accumulate until the system acts on an incorrect estimate of its own position.",False,False,,REWRITE_KEEP,Source already contains an AI-related mechanism and adverse risk outcome,SOURCE_DOMAIN,L3_MASTER|NIST_AI_RMF|OECD_AI_PRINCIPLES|KOREA_AI_BASIC_ACT,,,,,
Physical,SRC-P-0004,Physical,RAI4-0335,RAI4-0335,합성 학습 데이터의 괴리· 커 버리지 공백 리스크,Synthetic training data divergence and coverage gaps,"합성· 시뮬레이션 학습 데이터가 실제 운용 데이터와 괴리되고, 빈번하지는 않지만 안전에 치명적인 물체, 환경, 인간 행동, 또는 고장 모드를 누락하여, 일반적인 성능과 신뢰할 수 있는 배포 절차에 피해를 주는 리스크.","The risk that synthetic or simulated training data diverge from operational reality and omit rare but safety-critical objects, environments, human behaviors, and failure modes, undermining generalization and reliable deployment behavior.",,,"합성·시뮬레이션 학습 데이터가 실제 운용 데이터와 괴리되고, 빈번하지는 않지만 안전에 치명적인 물체, 환경, 인간 행동, 또는 고장 모드를 누락하여, 일반적인 성능과 신뢰할 수 있는 배포 절차에 피해를 주는 리스크","The risk that synthetic or simulated training data diverge from operational reality and omit rare but safety-critical objects, environments, human behaviors, and failure modes, undermining generalization and reliable deployment behavior.",False,False,,REWRITE_KEEP,Source already contains an AI-related mechanism and adverse risk outcome,SOURCE_DOMAIN,L3_MASTER|NIST_AI_RMF|OECD_AI_PRINCIPLES|KOREA_AI_BASIC_ACT,,,,,
Physical,SRC-P-0011,Physical,RAI4-1689,RAI4-1689,분포 이탈 입력에서의 월드 모델 오 출력 악용 리스크,Exploitation of world-model errors under sim-to-real distributional shift,"월드 모델이 분포를 벗어난 입력에 대해 예측 불가능하고 잘못된 출력을 산출하며, 판단이 가장 중요한 롱 테 일 안전 임계 상태에서 시뮬레이션-실제 격차가 악용되는 리스크.","The risk that world models produce unpredictable, erroneous outputs on out-of-distribution inputs and that the sim-to-real gap is weaponised in long-tail safety-critical states where decisions matter most.",,,"월드 모델이 분포를 벗어난 입력에 대해 예측 불가능하고 잘못된 출력을 산출하며, 판단이 가장 중요 한 롱테일 안전 임계 상태에서 시뮬레이션-실제 격차가 악용되는 리스크.","The risk that world models produce unpredictable, erroneous outputs on out-of-distribution inputs and that the sim-to-real gap is weaponised in long-tail safety-critical states where decisions matter most.",False,False,,REWRITE_KEEP,Source already contains an AI-related mechanism and adverse risk outcome,SOURCE_DOMAIN,L3_MASTER|NIST_AI_RMF|OECD_AI_PRINCIPLES|KOREA_AI_BASIC_ACT,,,,,
Physical,SRC-P-0013,Physical,RAI4-0206,RAI4-0206,엔드이펙터속도초과 리스크,Excessive end-effector velocity,로봇이 인간 근접 또는 취약 물체 처리 시 안전한 엔드 이펙터 속도 한계를 초과하여 충격· 충돌 심각 도를 높이는 리스크.,"The risk that a robot exceeds safe end-effector speed limits near humans or fragile objects, increasing impact and collision severity.",,,로봇이 인간 근접 또는 취약 물체 처리시 안전한 엔드 이펙터 속도 한계를 초과하여 충격·충돌 심각도 를 높이는 리스크,"The risk that a robot exceeds safe end-effector speed limits near humans or fragile objects, increasing impact and collision severity.",False,False,,REWRITE_KEEP,"Risk meaning is present but subject, causal structure, or risk-style ending requires standardisation",SOURCE_DOMAIN,L3_MASTER|NIST_AI_RMF|OECD_AI_PRINCIPLES|KOREA_AI_BASIC_ACT,,,,,
Physical,SRC-P-0014,Physical,RAI4-0207,RAI4-0207,조기물체해제 리스크,Premature object release,"로봇이 안전한 자세 또는 표면에 도달하기 전에 물체를 해제하여 낙하, 유출, 충격, 또는 2차 위험을 유발하는 리스크.","The risk that a robot releases an object before reaching a safe pose or surface, causing drops, spills, impacts, or secondary hazards.",,,"로봇이 안전한 자세 또는 표면에 도달하기 전에 물체를 해제하여 낙하, 유출, 충격, 또는 2차 위험을 유발하는 리스크.","The risk that a robot releases an object before reaching a safe pose or surface, causing drops, spills, impacts, or secondary hazards.",False,False,,REWRITE_KEEP,Source already contains an AI-related mechanism and adverse risk outcome,SOURCE_DOMAIN,L3_MASTER|NIST_AI_RMF|OECD_AI_PRINCIPLES|KOREA_AI_BASIC_ACT,,,,,
Physical,SRC-P-0015,Physical,RAI4-0208,RAI4-0208,금지 대상 충돌 리스크,Forbidden-object collision,"로봇이 작업 또는 안전 규칙상 접촉이 금지된 물체, 사람, 또는 장비와 충돌하는 리스크.","The risk that a robot collides with objects, people, or equipment that must not be contacted under task or safety rules.",,,"로봇이 작업 또는 안전 규칙상 접촉이 금지된 물체, 사람, 또는 장비와 충돌하는 리스크.","The risk that a robot collides with objects, people, or equipment that must not be contacted under task or safety rules.",False,False,,REWRITE_KEEP,"Risk meaning is present but subject, causal structure, or risk-style ending requires standardisation",SOURCE_DOMAIN,L3_MASTER|NIST_AI_RMF|OECD_AI_PRINCIPLES|KOREA_AI_BASIC_ACT,,,,,
Physical,SRC-P-0016,Physical,RAI4-0215,RAI4-0215,배포 전 물리적 안전 시험 미흡 리스크,Incomplete pre-deployment physical safety testing,"기반 모델 탑재 로봇이 예정된 운용 환경의 분포 변화, 적대적 입력, 인간 접촉, 안 전임계 엣지 케이스를 시험하지 않은 채 배포되는 위험.","The risk that a foundation-model-enabled robot is released without testing domain shifts, adversarial inputs, human contact, and safety-critical edge cases relevant to its intended environment.",,,"기반 모델 탑재 로봇이 예정된 운용 환경의 분포 변화, 적대적 입력, 인간 접촉, 안전 임계 엣지 케이스를 시험하지 않은 채 배포되는 위험.","A foundation-model-enabled robot is released without testing domain shifts, adversarial inputs, human contact, and safety-critical edge cases relevant to its intended environment.",False,False,,REWRITE_KEEP,"Risk meaning is present but subject, causal structure, or risk-style ending requires standardisation",SOURCE_DOMAIN,L3_MASTER|NIST_AI_RMF|OECD_AI_PRINCIPLES|KOREA_AI_BASIC_ACT,,,,,
Physical,SRC-P-0017,Physical,RAI4-0218,RAI4-0218,인간 접촉 안전 통제 미흡 리스크,Inadequate human-contact safety controls,"인간과 직접 상호 작용할 때 안전 통제가 로봇의 속도, 힘, 이 격 거리, 접촉을 제한하지 못해 주변 사람을 충돌이나 상해에 노출시키는 위험.","The risk that safety controls fail to limit robot speed, force, distance, or contact during direct human interaction, exposing nearby people to collision or injury.",,,"인간과 직접 상호작용 할 때 안전 통제가 로봇의 속도, 힘, 이격거리, 접촉을 제한하지 못해 주변 사람을 충돌이나 상해에 노출시키는 위험.","Safety controls fail to limit robot speed, force, distance, or contact during direct human interaction, exposing nearby people to collision or injury.",False,False,,REWRITE_KEEP,Source already contains an AI-related mechanism and adverse risk outcome,SOURCE_DOMAIN,L3_MASTER|NIST_AI_RMF|OECD_AI_PRINCIPLES|KOREA_AI_BASIC_ACT,,,,,
Physical,SRC-P-0018,Physical,RAI4-0219,RAI4-0219,기반 모델 실패의 로봇 행동 전이 리스크,Foundation-model failure propagated to robot action,"기반 모델의 환각, 지시 이행 실패, 탈옥 취약성이 계획과 제어를 거쳐 안전하지 않은 로봇 행동으로 전이되는 위험.","The risk that hallucination, instruction-following failure, or jailbreak susceptibility in a foundation model propagates through planning and control into unsafe robot action.",,,"기반 모델의 환각, 지시 이행 실패, 탈옥 취약성이 계획과 제어를 거쳐 안전하지 않은 로봇 행동으로 전이되는 위험.","Hallucination, instruction-following failure, or jailbreak susceptibility in a foundation model propagates through planning and control into unsafe robot action.",False,False,,REWRITE_KEEP,Source already contains an AI-related mechanism and adverse risk outcome,SOURCE_DOMAIN,L3_MASTER|NIST_AI_RMF|OECD_AI_PRINCIPLES|KOREA_AI_BASIC_ACT,,,,,
Physical,SRC-P-0019,Physical,RAI4-0237,RAI4-0237,로봇 형태 간 기술의 안전하지 않은 전이 리스크,Unsafe skill transfer across robot morphologies,"한 로봇 형태에서 다른 형태로 전이된 기술이 대상 로봇의 물리적 한계를 넘는 도달, 힘, 파지, 이동 명령을 생성하는 위험.","The risk that a skill transferred from one robot morphology produces reach, force, grasp, or locomotion commands that exceed the receiving robot's physical limits.",,,"한 로봇 형태에서 다른 형태로 전이된 기술이 대상 로봇의 물리적 한계를 넘는 도달, 힘, 파지, 이동 명령을 생성하는 위험.","A skill transferred from one robot morphology produces reach, force, grasp, or locomotion commands that exceed the receiving robot's physical limits.",False,False,,REWRITE_KEEP,"Risk meaning is present but subject, causal structure, or risk-style ending requires standardisation",SOURCE_DOMAIN,L3_MASTER|NIST_AI_RMF|OECD_AI_PRINCIPLES|KOREA_AI_BASIC_ACT,,,,,
Physical,SRC-P-0020,Physical,RAI4-0241,RAI4-0241,원격 조작 시연에서 학습된 안전하지 않은 가정 리스크,Unsafe assumptions learned from teleoperation demonstrations,로봇 정책이 감독· 물체 배치· 속도· 인간 근접 조건이 다른데도 통제된 환경에서 기록된 운영자 행동을 배포 환경에서 안전한 것으로 간주하는 위험.,"The risk that a robot policy treats operator behavior recorded in controlled settings as safe in deployment, even when supervision, object layout, speed, or human proximity differs.",,,로봇 정책이 감독·물체 배치·속도·인간 근접 조건이 다른데도 통제된 환경에서 기록된 운영자 행동을 배포 환경에서 안전한 것으로 간주하는 위험.,"A robot policy treats operator behavior recorded in controlled settings as safe in deployment, even when supervision, object layout, speed, or human proximity differs.",False,False,,REWRITE_KEEP,Source already contains an AI-related mechanism and adverse risk outcome,SOURCE_DOMAIN,L3_MASTER|NIST_AI_RMF|OECD_AI_PRINCIPLES|KOREA_AI_BASIC_ACT,,,,,
Physical,SRC-P-0021,Physical,RAI4-0243,RAI4-0243,시연 학습의 안전 맥락 누락 리스크,Missing safety context in demonstration learning,로봇이 허용 힘· 금지 대상물· 상황별 제한처럼 시연에서 관찰되지 않은 안전 조건을 추론하지 않고 인간 행동을 모방하는 위험.,"The risk that a robot imitates a human demonstration without inferring unobserved safety conditions such as permitted force, excluded objects, or situational limits.",,,로봇이 허용 힘·금지 대상물·상황별 제한처럼 시연에서 관찰되지 않은 안전 조건을 추론하지 않고 인간 행동을 모방하는 위험.,"A robot imitates a human demonstration without inferring unobserved safety conditions such as permitted force, excluded objects, or situational limits.",False,False,,REWRITE_KEEP,"Risk meaning is present but subject, causal structure, or risk-style ending requires standardisation",SOURCE_DOMAIN,L3_MASTER|NIST_AI_RMF|OECD_AI_PRINCIPLES|KOREA_AI_BASIC_ACT,,,,,
Physical,SRC-P-0022,Physical,RAI4-0260,RAI4-0260,제로 샷 시뮬레이션-현실 보행 불안정 리스크,Zero-shot sim-to-real locomotion instability,시뮬레이션에서 바로 전이된 로봇의 보행 제어기가 접촉· 순응성· 마찰· 외 란 동 역학의 차이로 실제 하드웨어에서 불안정해지는 위험.,"The risk that a locomotion controller transferred directly from simulation becomes unstable on hardware because contact, compliance, friction, or disturbance dynamics differ from the simulation.",,,시뮬레이션에서 바로 전이된 로봇의 보행 제어기가 접촉·순응성·마찰·외란 동역학의 차이로 실제 하드웨어에서 불안정해지는 위험.,"A locomotion controller transferred directly from simulation becomes unstable on hardware because contact, compliance, friction, or disturbance dynamics differ from the simulation.",False,False,,REWRITE_KEEP,"Risk meaning is present but subject, causal structure, or risk-style ending requires standardisation",SOURCE_DOMAIN,L3_MASTER|NIST_AI_RMF|OECD_AI_PRINCIPLES|KOREA_AI_BASIC_ACT,,,,,
Physical,SRC-P-0023,Physical,RAI4-0264,RAI4-0264,가정 조작의 단계별 오차 미수정 리스크,Uncorrected stepwise errors in household manipulation,로봇이 작업 단계 사이의 작은 조작 오차를 감지· 수정하지 못해 유출· 불안정한 배치· 충돌· 과열이 누적되는 위험.,"The risk that a household robot fails to detect and correct small manipulation errors between task steps, allowing spills, unstable placements, collisions, or overheating to accumulate.",,,로봇이 작업 단계 사이의 작은 조작 오차를 감지·수정하지 못해 유출·불안정한 배치·충돌·과열이 누적되는 위험.,"A household robot fails to detect and correct small manipulation errors between task steps, allowing spills, unstable placements, collisions, or overheating to accumulate.",False,False,,REWRITE_KEEP,Source already contains an AI-related mechanism and adverse risk outcome,SOURCE_DOMAIN,L3_MASTER|NIST_AI_RMF|OECD_AI_PRINCIPLES|KOREA_AI_BASIC_ACT,,,,,
Physical,SRC-P-0024,Physical,RAI4-0273,RAI4-0273,로봇 거버넌스 명세의 안전 규칙 누락 리스크,Missing safety rules in the robot governance specification,로봇 거버넌스 명세가 지역별 위험· 기관 규칙· 맥락별 제약을 누락해 특정 유형의 비안전 행동이 통제 대상밖에 남는 리스크.,"The risk that a robot governance specification omits locally applicable hazards, institutional rules, or context-specific constraints, leaving defined classes of unsafe behavior ungoverned.",,,로봇 거버넌스 명세가 지역별 위험·기관 규칙·맥락별 제약을 누락해 특정 유형의 비안전 행동이 통제 대상 밖에 남는 리스크.,"The risk that a robot governance specification omits locally applicable hazards, institutional rules, or context-specific constraints, leaving defined classes of unsafe behavior ungoverned.",False,False,,REWRITE_KEEP,"Risk meaning is present but subject, causal structure, or risk-style ending requires standardisation",SOURCE_DOMAIN,L3_MASTER|NIST_AI_RMF|OECD_AI_PRINCIPLES|KOREA_AI_BASIC_ACT,,,,,
Physical,SRC-P-0025,Physical,RAI4-0282,RAI4-0282,제어 판단· 제어권 전환 실패에 따른 자동 주행 충돌 위험,Automated driving crash risk from control and handoff failures,"자동 주행 시스템이 인지· 계획· 소프트웨어 결함이나 엣지 케이스로 안전하지 않은 제어 판단을 내리거나, 시간이 촉박한 상황에서 제어권이 모호하게 또는 뒤늦게 전환되어 인간과 시스템 어느 쪽도 필요한 안전 조치를 수행하지 못함으로써 충돌 위험이 발생하는 리스크.","The risk that an automated driving system creates crash risk by making unsafe control decisions after perception, planning, or software failures and edge cases, or by transferring control authority ambiguously or too late in time-critical events, leaving neither the human nor the system able to execute the required safety action.",,,"자동주행 시스템이 인지·계획·소프트웨어 결함이나 엣지 케이스로 안전하지 않은 제어 판단을 내리거나, 시간이 촉박한 상황에서 제어권이 모호하게 또는 뒤늦게 전환되어 인간과 시스템 어느 쪽도 필요한 안전 조치를 수행하지 못함으로써 충돌 위험이 발생하는 리스크.","The risk that an automated driving system creates crash risk by making unsafe control decisions after perception, planning, or software failures and edge cases, or by transferring control authority ambiguously or too late in time-critical events, leaving neither the human nor the system able to execute the required safety action.",False,False,,REWRITE_KEEP,Source already contains an AI-related mechanism and adverse risk outcome,SOURCE_DOMAIN,L3_MASTER|NIST_AI_RMF|OECD_AI_PRINCIPLES|KOREA_AI_BASIC_ACT,,,,,
Physical,SRC-P-0026,Physical,RAI4-0288,RAI4-0288,개인 돌봄 로봇 준수 기준 부재 리스크,Missing measurable compliance criteria for personal-care robots,로봇 표준이 위험은 제시하면서 속도· 힘· 안정성· 감지· 개입에 대한 측정 가능한 합격· 불합격 기준을 정의하지 않는 리스크.,"The risk that a personal-care robot standard names hazards but does not define measurable pass/fail thresholds for speed, force, stability, sensing, or intervention.",,,로봇 표준이 위험은 제시하면서 속도·힘·안정성·감지·개입에 대한 측정 가능한 합격·불합격 기준을 정의하지 않는 리스크.,"The risk that a personal-care robot standard names hazards but does not define measurable pass/fail thresholds for speed, force, stability, sensing, or intervention.",False,False,,REWRITE_KEEP,"Risk meaning is present but subject, causal structure, or risk-style ending requires standardisation",SOURCE_DOMAIN,L3_MASTER|NIST_AI_RMF|OECD_AI_PRINCIPLES|KOREA_AI_BASIC_ACT,,,,,
Physical,SRC-P-0027,Physical,RAI4-0290,RAI4-0290,인간-로봇 상호 행동 모델링 미흡 리스크,Failure to model reciprocal human-robot behavior,로봇이 자신의 행동이나 사용자의 반응 중 한쪽만 모델링해 양측의 움직임이 서로의 행동을 바꾸는 피드백을 놓치는 위험.,The risk that a domestic robot models only its own action or only the user's response and therefore misses feedback loops in which each party's movement changes the other's behavior.,,,로봇이 자신의 행동이나 사용자의 반응 중 한쪽만 모델링해 양측의 움직임이 서로의 행동을 바꾸는 피드백을 놓치는 위험.,A domestic robot models only its own action or only the user's response and therefore misses feedback loops in which each party's movement changes the other's behavior.,False,False,,REWRITE_KEEP,Source already contains an AI-related mechanism and adverse risk outcome,SOURCE_DOMAIN,L3_MASTER|NIST_AI_RMF|OECD_AI_PRINCIPLES|KOREA_AI_BASIC_ACT,,,,,
Physical,SRC-P-0028,Physical,RAI4-0291,RAI4-0291,취약 사용자 특성에 맞지 않는 안전 한계 리스크,Safety limits not adapted to vulnerable users,로봇이 조정된 보호 조치가 필요한 아동· 고령자· 장애인 등에게 일반적인 속도· 힘· 경고· 상호 작용 설정을 그대로 적용하는 위험.,"The risk that a domestic robot applies generic speed, force, warning, or interaction settings to children, older adults, disabled users, or other users who require adapted safeguards.",,,로봇이 조정된 보호조치가 필요한 아동·고령자·장애인 등에게 일반적인 속도·힘·경고·상호작 용 설정을 그대로 적용하는 위험.,"A domestic robot applies generic speed, force, warning, or interaction settings to children, older adults, disabled users, or other users who require adapted safeguards.",False,False,,REWRITE_KEEP,"Risk meaning is present but subject, causal structure, or risk-style ending requires standardisation",SOURCE_DOMAIN,L3_MASTER|NIST_AI_RMF|OECD_AI_PRINCIPLES|KOREA_AI_BASIC_ACT,,,,,
Physical,SRC-P-0029,Physical,RAI4-0293,RAI4-0293,통신 단절 및 제어 링크 손실 리스크,Communication dropout and control-link loss,로봇 또는 차량이 명령· 원격 측정· 제어 링크를 잃어 비안전 정지· 오래된 명령 또는 제어되지 않는 동작을 초래하는 위험.,"The risk that a robot loses communication or control-link connectivity during operation, reducing supervision and safe control.",,,로봇 또는 차량이 명령·원격측정·제어 링크를 잃어 비안전 정지·오래된 명령 또는 제어되지 않는 동작 을 초래하는 위험.,"A robot loses communication or control-link connectivity during operation, reducing supervision and safe control.",False,False,,REWRITE_KEEP,"Risk meaning is present but subject, causal structure, or risk-style ending requires standardisation",SOURCE_DOMAIN,L3_MASTER|NIST_AI_RMF|OECD_AI_PRINCIPLES|KOREA_AI_BASIC_ACT,,,,,
Physical,SRC-P-0030,Physical,RAI4-0296,RAI4-0296,제어루프 데드라인 미달 리스크,Control-loop deadline miss,실시간 제어 루프가 데드라인을 놓쳐 오래된 상태에서 작동이 계산되거나 안전 유지에 너무 늦게 적용되는 위험.,The risk that a safety-critical control loop misses its real-time deadline before the robot action is corrected.,,,실시간 제어 루프가 데드라인을 놓쳐 오래된 상태에서 작동이 계산되거나 안전 유지에 너무 늦게 적용되는 위험,A safety-critical control loop misses its real-time deadline before the robot action is corrected.,False,False,,REWRITE_KEEP,"Risk meaning is present but subject, causal structure, or risk-style ending requires standardisation",SOURCE_DOMAIN,L3_MASTER|NIST_AI_RMF|OECD_AI_PRINCIPLES|KOREA_AI_BASIC_ACT,,,,,
Physical,SRC-P-0031,Physical,RAI4-0297,RAI4-0297,인지· 추론 지연 급증 리스크,Perception and inference latency spike,인지 또는 모델 추론의 지연 급증이 안전 반응 창 밖에서 위험 감지 및 반응을 지연하는 위험.,The risk that a sudden delay in perception or inference slows safety-critical robot reactions.,,,인지 또는 모델 추론의 지연 급증이 안전 반응 창 밖에서 위험 감지 및 반응을 지연하는 위험.,A sudden delay in perception or inference slows safety-critical robot reactions.,False,False,,REWRITE_KEEP,"Risk meaning is present but subject, causal structure, or risk-style ending requires standardisation",SOURCE_DOMAIN,L3_MASTER|NIST_AI_RMF|OECD_AI_PRINCIPLES|KOREA_AI_BASIC_ACT,,,,,
Physical,SRC-P-0032,Physical,RAI4-0299,RAI4-0299,부하시열· 전력쓰로틀링 리스크,Thermal and power throttling under load,지속적 부하 하에 서열적 또는 전력 한계가 연산을 쓰로 틀하여 제어 및 인지에 대한 실시간 보장을 무너뜨리는 위험.,The risk that a robot’s compute or actuator performance drops under heat or power constraints during operation.,,,지속적 부하 하에서 열적 또는 전력 한계가 연산을 쓰로틀하여 제어 및 인지에 대한 실시간 보장을 무 너뜨리는 위험.,A robot’s compute or actuator performance drops under heat or power constraints during operation.,False,False,,REWRITE_KEEP,"Risk meaning is present but subject, causal structure, or risk-style ending requires standardisation",SOURCE_DOMAIN,L3_MASTER|NIST_AI_RMF|OECD_AI_PRINCIPLES|KOREA_AI_BASIC_ACT,,,,,
Physical,SRC-P-0033,Physical,RAI4-0303,RAI4-0303,백도어트리거에 의한 위험 로봇 행동 리스크,Backdoor triggers causing unsafe robot behavior,"훈련 데이터, 프롬프트컨텍스트, 모델 가중치, 소프트웨어, 업데이트에 악의적으로 삽입된 트리거가 평상시에는 정상 동작하는 로봇으로 하여금 특정 입력· 물리 조건에서 미리 정해진 위험하거나 의도되지 않은 물리 행동을 실행하게하는 리스크.","The risk that a trigger maliciously implanted in training data, prompt context, model weights, software, or updates causes a robot that otherwise behaves normally to execute predefined dangerous or unintended physical actions under specific input or physical conditions.",,,"훈련 데이터, 프롬프트 컨텍스트, 모델 가중치, 소프트웨어, 업데이트에 악의적으로 삽입된 트리거가 평상시에는 정상 동작하는 로봇으로 하여금 특정 입력·물리 조건에서 미리 정해진 위험하거나 의도되 지 않은 물리 행동을 실행하게 하는 리스크.","The risk that a trigger maliciously implanted in training data, prompt context, model weights, software, or updates causes a robot that otherwise behaves normally to execute predefined dangerous or unintended physical actions under specific input or physical conditions.",False,False,,REWRITE_KEEP,"Risk meaning is present but subject, causal structure, or risk-style ending requires standardisation",SOURCE_DOMAIN,L3_MASTER|NIST_AI_RMF|OECD_AI_PRINCIPLES|KOREA_AI_BASIC_ACT,,,,,
Physical,SRC-P-0034,Physical,RAI4-0304,RAI4-0304,자율 로봇의 물리적 침입· 절도 리스크,Autonomous physical intrusion and theft,자율 로봇이 승인 없이 제한 구역에 침입하거나 잠금장치를 우회하거나 보안 공간 내에서 정찰하는 리스크.,The risk that an autonomous robot enters restricted spaces or takes physical objects without authorization.,,,자율 로봇이 승인 없이 제한 구역에 침입하거나 잠금장치를 우회하거나 보안 공간 내에서 정찰하는 리스크.,The risk that an autonomous robot enters restricted spaces or takes physical objects without authorization.,False,False,,REWRITE_KEEP,"Risk meaning is present but subject, causal structure, or risk-style ending requires standardisation",SOURCE_DOMAIN,L3_MASTER|NIST_AI_RMF|OECD_AI_PRINCIPLES|KOREA_AI_BASIC_ACT,,,,,
Physical,SRC-P-0035,Physical,RAI4-0309,RAI4-0309,아동의 과신· 모방에 따른 위험한 로봇 상호 작용 리스크,"Child overtrust, imitation, and unsafe robot interaction",인간이 로봇을 과도하게 신뢰하거나 모방해 위험한 조언을 따르거나 위험 장비에 접근하거나 연령에 맞지 않는 물리적 상호 작용을 하는 위험.,"The risk that a child overtrusts or imitates a robot and therefore follows unsafe advice, approaches hazardous equipment, or engages in age-inappropriate physical interaction.",,,인간이 로봇을 과도하게 신뢰하거나 모방해 위험한 조언을 따르거나 위험 장비에 접근하거나 연령에 맞지 않는 물리적 상호작용을 하는 위험.,"A child overtrusts or imitates a robot and therefore follows unsafe advice, approaches hazardous equipment, or engages in age-inappropriate physical interaction.",False,False,,REWRITE_KEEP,"Risk meaning is present but subject, causal structure, or risk-style ending requires standardisation",SOURCE_DOMAIN,L3_MASTER|NIST_AI_RMF|OECD_AI_PRINCIPLES|KOREA_AI_BASIC_ACT,,,,,
Physical,SRC-P-0036,Physical,RAI4-0310,RAI4-0310,필수 돌봄· 상황 보고 미이행 리스크,Failure to provide required care or escalation,로봇이 정해진 신체 보조를 수행하지 않거나 감지된 필요 상황을 보고하지 않아 고령자· 환자에게 필요한 지원이 제공되지 않고 안전이나 존엄성이 훼손되는 위험.,"The risk that a care robot fails to provide an assigned physical assistance task or escalate a detected need, leaving an older or ill person without necessary support and compromising safety or dignity.",,,로봇이 정해진 신체 보조를 수행하지 않거나 감지된 필요 상황을 보고하지 않아 고령자·환자에 게 필요한 지원이 제공되지 않고 안전이나 존엄성이 훼손되는 위험.,"A care robot fails to provide an assigned physical assistance task or escalate a detected need, leaving an older or ill person without necessary support and compromising safety or dignity.",False,False,,REWRITE_KEEP,Source already contains an AI-related mechanism and adverse risk outcome,SOURCE_DOMAIN,L3_MASTER|NIST_AI_RMF|OECD_AI_PRINCIPLES|KOREA_AI_BASIC_ACT,,,,,
Physical,SRC-P-0037,Physical,RAI4-0314,RAI4-0314,친밀 공간 로봇의 프라이버시 침해적 정보 수집 리스크,Privacy-invasive data capture by robots in intimate spaces,"가정· 병원· 학교· 직장· 돌봄 환경에서 작동하는 로봇이 유효한 동의나 적절한 접근 통제 없이 거주자· 이용자의 일상, 음성, 얼굴, 신체, 건강, 위치, 행동 데이터를 기록· 저장· 전송· 노출하여, 프라이버시 기대가 높은 공간에서 사생활을 침해하는 리스크.","The risk that robots operating in homes, hospitals, schools, workplaces, and care settings record, store, transmit, or expose people's routines, voice, face, body, health, location, or behavioral data without valid consent or adequate access control, violating heightened privacy expectations.",,,"가정·병원·학교·직장·돌봄 환경에서 작동하는 로봇이 유효한 동의나 적절한 접근 통제 없이 거주자·이 용자의 일상, 음성, 얼굴, 신체, 건강, 위치, 행동 데이터를 기록·저장·전송·노출하여, 프라이버시 기대가 높은 공간에서 사생활을 침해하는 리스크","The risk that robots operating in homes, hospitals, schools, workplaces, and care settings record, store, transmit, or expose people's routines, voice, face, body, health, location, or behavioral data without valid consent or adequate access control, violating heightened privacy expectations.",False,False,,REWRITE_KEEP,Source already contains an AI-related mechanism and adverse risk outcome,SOURCE_DOMAIN,L3_MASTER|NIST_AI_RMF|OECD_AI_PRINCIPLES|KOREA_AI_BASIC_ACT,,,,,
Physical,SRC-P-0038,Physical,RAI4-0315,RAI4-0315,이동형 로봇 감시를 통한 일방적 작업장 통제 리스크,Unilateral workplace control through mobile robotic surveillance,"고용주가 동료 로봇을 이동형 감시 노드로 전용하고 충분한 고지, 이의 제기, 비례성 제한 없이 데이터를 수집하고, 수집된 데이터를 이용하여 노동자에 대한 일방적인 의사 결정으로 사용하는 위험.","The risk that an employer repurposes co-worker robots as mobile surveillance nodes and uses the resulting data to make unilateral decisions about workers without meaningful notice, contestation, or proportionality limits.",,,"고용주가 동료 로봇을 이동형 감시 노드로 전용하고 충분한 고지, 이의제기, 비례성 제한 없이 데이터를 수집하고, 수집된 데이터를 이용하여 노동자에 대한 일방적인 의사결정으로 사용하는 위험","An employer repurposes co-worker robots as mobile surveillance nodes and uses the resulting data to make unilateral decisions about workers without meaningful notice, contestation, or proportionality limits.",False,False,,REWRITE_KEEP,"Risk meaning is present but subject, causal structure, or risk-style ending requires standardisation",SOURCE_DOMAIN,L3_MASTER|NIST_AI_RMF|OECD_AI_PRINCIPLES|KOREA_AI_BASIC_ACT,,,,,
Physical,SRC-P-0039,Physical,RAI4-0331,RAI4-0331,파지력 상해 리스크,Grasp force injury,"로봇 조작이 과도하거나 잘못 타이밍된 힘을 가함으로써 인간 접촉 시 압착, 꼬집힘, 절단, 인간 공학적 상해를 유발시키는 위험.","The risk that robot manipulation may apply excessive or poorly timed force, creating crushing, pinching, cutting, or ergonomic injury risks.",,,"로봇 조작이 과도하거나 잘못 타이밍된 힘을 가함으로써 인간 접촉 시 압착, 꼬집힘, 절단, 인간공학적 상해를 유발시키는 위험.","Robot manipulation may apply excessive or poorly timed force, creating crushing, pinching, cutting, or ergonomic injury risks.",False,False,,REWRITE_KEEP,Source already contains an AI-related mechanism and adverse risk outcome,SOURCE_DOMAIN,L3_MASTER|NIST_AI_RMF|OECD_AI_PRINCIPLES|KOREA_AI_BASIC_ACT,,,,,
Physical,SRC-P-0040,Physical,RAI4-0339,RAI4-0339,실시간 지연 및 동기화 실패 리스크,Real-time latency and synchronization failure,"감지, 추론, 통신, 작동 간 지연으로 인해서 로봇, 차량, 드론, 원격 수술, 산업 시스템의 제어 루프를 불안정하게 만드는 위험.","The risk that delays between sensing, reasoning, communication, and actuation can destabilize control loops in robots, vehicles, drones, or industrial systems.",,,"감지, 추론, 통신, 작동 간 지연으로 인해서 로봇, 차량, 드론, 원격 수술, 산업 시스템의 제어 루프를 불안정하게 만드는 위험","Delays between sensing, reasoning, communication, and actuation can destabilize control loops in robots, vehicles, drones, or industrial systems.",False,False,,REWRITE_KEEP,Source already contains an AI-related mechanism and adverse risk outcome,SOURCE_DOMAIN,L3_MASTER|NIST_AI_RMF|OECD_AI_PRINCIPLES|KOREA_AI_BASIC_ACT,,,,,
Physical,SRC-P-0041,Physical,RAI4-0343,RAI4-0343,보조 로봇의 비동의 신체 개입 리스크,Non-consensual bodily intervention by assistive robots,"보조· 의료· 돌봄 로봇이 유효한 동의가 없거나 또는 허용된 돌봄 목적을 넘어서 인간의 몸을 이동, 제지, 감시하거나 직접 개입함으로써 발생하는 위험.","The risk that an assistive, medical, or care robot moves, restrains, monitors, or physically intervenes in a person's body without valid consent or beyond the authorized care purpose.",,,"보조·의료·돌봄 로봇이 유효한 동의가 없거나 또는 허용된 돌봄 목적을 넘어서 인간의 몸을 이동, 제지, 감시하거나 직접 개입함으로써 발생하는 위험.","An assistive, medical, or care robot moves, restrains, monitors, or physically intervenes in a person's body without valid consent or beyond the authorized care purpose.",False,False,,REWRITE_KEEP,"Risk meaning is present but subject, causal structure, or risk-style ending requires standardisation",SOURCE_DOMAIN,L3_MASTER|NIST_AI_RMF|OECD_AI_PRINCIPLES|KOREA_AI_BASIC_ACT,,,,,
Physical,SRC-P-0042,Physical,RAI4-0361,RAI4-0361,공공 공간 통행 방해· 접근성 배제 리스크,Obstruction and accessibility exclusion in public space,"서비스 로봇이 보도, 경사로, 출입구, 보행 안내 표지판 등을 막거나 침범함으로써 장애인 또는 다른 보행자들의 이동을 제한함으로써 발생되는 위험.","The risk that service robots occupy or navigate public space in ways that block sidewalks, curb ramps, entrances, or navigation cues used by disabled and other pedestrians.",,,"서비스 로봇이 보도, 경사로, 출입구, 보행 안내 표지판 등을 막거나 침범함으로써 장애인 또는 다른 보행자들의 이동을 제한함으로써 발생되는 위험","Service robots occupy or navigate public space in ways that block sidewalks, curb ramps, entrances, or navigation cues used by disabled and other pedestrians.",False,False,,REWRITE_KEEP,"Risk meaning is present but subject, causal structure, or risk-style ending requires standardisation",SOURCE_DOMAIN,L3_MASTER|NIST_AI_RMF|OECD_AI_PRINCIPLES|KOREA_AI_BASIC_ACT,,,,,
Physical,SRC-P-0043,Physical,RAI4-0183,RAI4-0183,부상 심각 도 오 분류 리스크,Injury severity misclassification,"로봇 제어 시스템이 물리적 부상 시나리오의 심각 도를 과소 평가하여 상향 보고, 경고, 제어 대응 등이 불충분해지는 리스크.","The risk that a system underestimates the severity of a physical injury scenario, leading to inadequate escalation, warning, or control response.",,,"로봇 제어 시스템이 물리적 부상 시나리오의 심각도를 과소평가하여 상향 보고, 경고, 제어 대응 등이 불충분해지는 리스크.","The risk that a system underestimates the severity of a physical injury scenario, leading to inadequate escalation, warning, or control response.",False,False,,REWRITE_KEEP,"Risk meaning is present but subject, causal structure, or risk-style ending requires standardisation",SOURCE_DOMAIN,L3_MASTER|NIST_AI_RMF|OECD_AI_PRINCIPLES|KOREA_AI_BASIC_ACT,,,,,
Physical,SRC-P-0044,Physical,RAI4-0298,RAI4-0298,온 디바이스 연산· 메모리 고갈 리스크,On-device compute and memory exhaustion,"로봇에 부착된 온 디바이스의 연산 또는 메모리 고갈이 안전 임계치인지, 계획, 모니터링을 저하하거나 중단시키는 위험.","The risk that on-device compute or memory runs out and degrades safety-relevant perception, planning, or control.",,,"로봇에 부착된 온디바이스의 연산 또는 메모리 고갈이 안전 임계치 인지, 계획, 모니터링을 저하하거나 중단시키는 위험.","On-device compute or memory runs out and degrades safety-relevant perception, planning, or control.",False,False,,REWRITE_KEEP,"Risk meaning is present but subject, causal structure, or risk-style ending requires standardisation",SOURCE_DOMAIN,L3_MASTER|NIST_AI_RMF|OECD_AI_PRINCIPLES|KOREA_AI_BASIC_ACT,,,,,
Physical,SRC-P-0045,Physical,RAI4-0300,RAI4-0300,클라우드 오프로드 의존 실패 리스크,Cloud-offload dependency failure,로봇 제어 시스템이 안전 관련 기능을 위한 원격 연산에 의존하고 있는 클라우드 링크가 끊어지는 경우에 대비하여 적절한 로컬 폴 백 절차 또는 시스템이 없어서 발생하는 위험.,The risk that a robot depends on remote compute for safety-relevant functions and loses that support when the cloud link fails.,,,로봇 제어 시스템이 안전 관련 기능을 위한 원격 연산에 의존하고 있는 클라우드 링크가 끊어지는 경우에 대비하여 적절한 로컬 폴백 절차 또는 시스템이 없어서 발생하는 위험.,A robot depends on remote compute for safety-relevant functions and loses that support when the cloud link fails.,False,False,,REWRITE_KEEP,Source already contains an AI-related mechanism and adverse risk outcome,SOURCE_DOMAIN,L3_MASTER|NIST_AI_RMF|OECD_AI_PRINCIPLES|KOREA_AI_BASIC_ACT,,,,,
Physical,SRC-P-0046,Physical,RAI4-0333,RAI4-0333,정밀 운동 제어 불안정성 리스크,Fine motor control instability,"정밀 로봇 손, 수술 도구, 외 골격 또는 산업용 그리 퍼의 작은 제어 오차가 증폭되어 예기치 않은 움직임, 충돌 또는 신체적 상해를 초래하는 리스크.","The risk that small control errors in dexterous robotic hands, surgical tools, exoskeletons, or industrial grippers are amplified into unexpected movement, collision, or physical injury.",,,"정밀 손, 수술 도구, 외골격, 산업용 그리퍼 등의 소규모 제어 오차가 비안전한 물리적 결과로 증폭되어서 나타나는 위험.","Small control errors in dexterous hands, surgical tools, exoskeletons, or industrial grippers may amplify into unsafe physical actions.",False,False,,EDIT|REWRITE_KEEP,Source already contains an AI-related mechanism and adverse risk outcome,SOURCE_DOMAIN,L3_MASTER|NIST_AI_RMF|OECD_AI_PRINCIPLES|KOREA_AI_BASIC_ACT,,,,,
Physical,SRC-P-0047,Physical,RAI4-0661,RAI4-0661,비즈니스 시스템 손상 및 운영 중단 리스크,Business system damage and operational disruption,"로봇의 오작동이나 사이버 공격 등으로 비즈니스 시스템과 그 구성 요소가 손상, 중단, 또는 파괴되는 리스크.","The risk that an AI system causes, enables, or contributes to damage, disruption, or destruction of a business system and its components due to malfunction, cyberattacks, and similar causes.",,,"로봇의 오작동이나 사이버 공격 등으로 비즈니스 시스템과 그 구성 요소가 손상, 중단, 또는 파괴되는 리스크","The risk of damage, disruption, or destruction of a business system and its components due to malfunction, cyberattacks, and similar causes.",False,False,,REWRITE_KEEP,Source already contains an AI-related mechanism and adverse risk outcome,SOURCE_DOMAIN,L3_MASTER|NIST_AI_RMF|OECD_AI_PRINCIPLES|KOREA_AI_BASIC_ACT,,,,,
Physical,SRC-P-0048,Physical,RAI4-1035,RAI4-1035,하드웨어 결함에 의한 실행 오류 리스크,Erroneous execution from hardware faults,"로봇의 하드웨어 결함이 제어 흐름 위반, 메모리 오류, 센서 입력 간섭, 또는 출력 손상 등을 통해 알고리즘의 올바른 실행을 훼손하고 잘못된 결과를 야기하는 리스크.","The risk that faults in the hardware violate the correct execution of an algorithm through control-flow violations, memorybased errors, interference with data inputs such as sensor signals, or damaged outputs, causing erroneous results.",,,"로봇의 하드웨어 결함이 제어 흐름 위반, 메모리 오류, 센서 입력 간섭, 또는 출력 손상 등을 통해 알고리 즘의 올바른 실행을 훼손하고 잘못된 결과를 야기하는 리스크.","The risk that faults in the hardware violate the correct execution of an algorithm through control-flow violations, memorybased errors, interference with data inputs such as sensor signals, or damaged outputs, causing erroneous results.",False,False,,REWRITE_KEEP,Source already contains an AI-related mechanism and adverse risk outcome,SOURCE_DOMAIN,L3_MASTER|NIST_AI_RMF|OECD_AI_PRINCIPLES|KOREA_AI_BASIC_ACT,,,,,
Physical,SRC-P-0049,Physical,RAI4-1496,RAI4-1496,무해 미세 조정에 의한 안전성 열화 리스크,Safety degradation from benign finetuning,무해하고 통상적인 데이터로 수행된 하류 미세 조정이 로봇의 내장 모델의 안전 학습을 열화시켜 기반 모델보다 유해 출력 확률을 높이는 리스크.,"The risk that benign downstream fine-tuning degrades a model's safety training, making harmful outputs more likely than in the base model even when fine-tuning data is harmless and commonplace.",,,무해하고 통상적인 데이터로 수행된 하류 미 세조정이 로봇의 내장 모델의 안전 학습을 열화시켜 기반 모델보다 유해 출력 확률을 높이는 리스크,"Benign downstream fine-tuning degrades a model's safety training, making harmful outputs more likely than in the base model even when fine-tuning data is harmless and commonplace.",False,False,,REWRITE_KEEP,"Risk meaning is present but subject, causal structure, or risk-style ending requires standardisation",SOURCE_DOMAIN,L3_MASTER|NIST_AI_RMF|OECD_AI_PRINCIPLES|KOREA_AI_BASIC_ACT,,,,,
Physical,SRC-P-0050,Physical,RAI4-1629,RAI4-1629,로봇 오작동에 의한 물리적 상해 리스크,Physical injury from robot malfunction,"로봇의 센서, 제어기, 소프트웨어 또는 기계 구성 요소가 오작동하여 예기치 않은 움직임, 충돌, 압착 또는 낙하를 일으키고 사람에게 신체적 상해를 초래하는 리스크.","The risk that malfunction of a robot's sensors, controller, software, or mechanical components causes unexpected motion, collision, crushing, or falling and results in physical injury.",,,실험실 환경의 로봇 및 자동화 시스템에서 장 비 오작동이 발생하여 물리적 피해나 인체 상해가 초래되는 리스크.,"The risk that robotics and automated systems in laboratory settings malfunction, causing equipment failure or physical harm.",False,False,"병합 — 실험실 로봇으로 범위를 한정할 필요 없이, 오작동에 의한 물리적 상해를 다루는 상위 카드와 통합하여 하나의 일반화된 카드로 정리",EDIT|REWRITE_KEEP,Source already contains an AI-related mechanism and adverse risk outcome,SOURCE_DOMAIN,L3_MASTER|NIST_AI_RMF|OECD_AI_PRINCIPLES|KOREA_AI_BASIC_ACT,,1,,,
Physical,SRC-P-0052,Physical,RAI4-0853,RAI4-0853,설계 목적 외 사용 리스크,Use outside the intended purpose,모델이 원래 설계된 목적과 다른 목적으로 사용되는 리스크.,The risk that a model is used for a purpose that it was not originally designed for.,,,모델이 원래 설계된 목적과 다른 목적으로 사 용되는 리스크,The risk that a model is used for a purpose that it was not originally designed for.,False,False,,REWRITE_KEEP,"Risk meaning is present but subject, causal structure, or risk-style ending requires standardisation",SOURCE_DOMAIN,L3_MASTER|NIST_AI_RMF|OECD_AI_PRINCIPLES|KOREA_AI_BASIC_ACT,,,,,
Physical,SRC-P-0053,Physical,RAI4-0993,RAI4-0993,부실 설계 지능 시스템에 의한 상해 리스크,Injury from poorly designed intelligent systems,제대로 설계되지 않은 지능형 시스템이 도덕적· 심리적· 신체적 해악을 초래하는(예: 예측 치안 도구로 더 많은 사람이 체포되거나 경찰에 의해 신체적 피해를 입는) 리스크.,"The risk that poorly designed intelligent systems cause moral, psychological, and physical harm, as when predictive policing tools lead to more people being arrested or physically harmed by police.",,,제대로 설계되지 않은 지능형 시스템이 도덕 적·심리적·신체적 해악을 초래하는(예: 예측 치안 도구로 더 많은 사람이 체포되거나 경찰 에 의해 신체적 피해를 입는) 리스크.,"The risk that poorly designed intelligent systems cause moral, psychological, and physical harm, as when predictive policing tools lead to more people being arrested or physically harmed by police.",False,False,,REWRITE_KEEP,"Risk meaning is present but subject, causal structure, or risk-style ending requires standardisation",SOURCE_DOMAIN,L3_MASTER|NIST_AI_RMF|OECD_AI_PRINCIPLES|KOREA_AI_BASIC_ACT,,,,,
Physical,SRC-P-0054,Physical,RAI4-1039,RAI4-1039,알고리즘 설계 실패 리스크,Algorithmic design failure,"로봇의 제어 주기, 센서 지연, 접촉 동 역학 또는 실시간 연산 제약에 부적합한 알고리즘· 아키텍처· 최적화 기법을 선택하여 물리 시스템의 안전성과 성능이 저하되는 리스크.","The risk that algorithms, architectures, or optimisation methods unsuited to a robot's control cycle, sensor latency, contact dynamics, or real-time compute constraints degrade physical-system safety and performance.",,,"ML 알고리즘, 모델 아키텍처, 최적화 기법 등 학습 과정의 선택이 의도된 응용에 적합하지 않아 최종 ML 시스템이 훼손되는 리스크.","The risk that the ML algorithm, model architecture, optimization technique, or other aspects of the training process are unsuitable for the intended application, impairing the final ML system.",False,False,ML 알고리즘·아키텍처·최적화 기법 선택이 응용에 부적합해 시스템이 훼손되는 리스크는 모델 개발 전반에 해당하는 일반론 — PAI 한정 리스크로 보기 어려워 구체화 필요,EDIT|REWRITE_KEEP,Source already contains an AI-related mechanism and adverse risk outcome,SOURCE_DOMAIN,L3_MASTER|NIST_AI_RMF|OECD_AI_PRINCIPLES|KOREA_AI_BASIC_ACT,,,,,
Physical,SRC-P-0055,Physical,RAI4-1092,RAI4-1092,모델 접근으로 인한 이익의 불공정한 분배 리스크,Unfair distribution of benefits from model access,"하드웨어, 소프트웨어, 숙련, 지역· 통신· 기기 등 배포 맥락의 제약으로 모델 접근 편익이 집단 간 불공정하게 배분되는 리스크.","The risk that benefits of model access are allocated unfairly across groups due to hardware, software, skills, or deployment-context constraints such as region, connectivity, and devices.",,,"하드웨어, 소프트웨어, 숙련, 지역·통신·기기 등 배포 맥락의 제약으로 모델 접근 편익이 집 단 간 불공정하게 배분되는 리스크","Benefits of model access are allocated unfairly across groups due to hardware, software, skills, or deployment-context constraints such as region, connectivity, and devices.",False,False,L3 이동 — 소프트웨어 취약점보다는 사회적 파급(Societal Impact)의 '이익 분배 불공정' 항목에 더 적합한 내용,REWRITE_KEEP,"Risk meaning is present but subject, causal structure, or risk-style ending requires standardisation",SOURCE_DOMAIN,L3_MASTER|NIST_AI_RMF|OECD_AI_PRINCIPLES|KOREA_AI_BASIC_ACT,,1,,,
Physical,SRC-P-0056,Physical,RAI4-1157,RAI4-1157,공격적 사이버 역량 리스크,Offensive cyber capability,"모델이 하드웨어와 소프트웨어, 데이터의 취약점을 발견하고 익스 플로 잇 코드를 작성하며 침입 후 위협 탐지와 대응을 회피하고, 코딩 비서로 배포될 경우 향후 악용을 위한 미묘한 버그를 삽입하는 리스크.","The risk that a model discovers vulnerabilities in systems, writes code to exploit them, makes effective decisions and skilfully evades threat detection and response once inside, and inserts subtle bugs for future exploitation when deployed as a coding assistant.",,,"모델이 하드웨어와 소프트웨어, 데이터의 취약점을 발견하고 익스플로잇 코드를 작성하 며 침입 후 위협 탐지와 대응을 회피하고, 코딩 비서로 배포될 경우 향후 악용을 위한 미묘 한 버그를 삽입하는 리스크.","The risk that a model discovers vulnerabilities in systems, writes code to exploit them, makes effective decisions and skilfully evades threat detection and response once inside, and inserts subtle bugs for future exploitation when deployed as a coding assistant.",False,False,,REWRITE_KEEP,Source already contains an AI-related mechanism and adverse risk outcome,SOURCE_DOMAIN,L3_MASTER|NIST_AI_RMF|OECD_AI_PRINCIPLES|KOREA_AI_BASIC_ACT,,,,,
Physical,SRC-P-0057,Physical,RAI4-1252,RAI4-1252,배포 이후 예측하지 못한 창발적 역량과 행동 리스크,Unanticipated emergent capabilities and behaviour after deployment,"설계자가 예상하지 못한 기능과 행동이 규모 확장 과정에서 자발적으로 창발하거나, 배포 후 지속 학습과 자기 조직화를 통해 획득되거나, 개별 시스템의 좁은 적용 범위라는 안전 한계를 다중 에이전트 결합이 극복하면서 나타나는 리스크. 기만, 권력 추구, 자율 복제 같은 고위험 잠재 역량이 운용 중에야 발견되어 통제와 안전한 배포가 어려워지고, 위험한 역량일 경우 되돌릴 수 없는 영향을 남긴다. 이러한 결과를 초래하는 리스크.","The risk that capabilities and behaviours unanticipated by system designers emerge spontaneously as models are scaled, are acquired through continual learning or self-organization after deployment, or arise when multiple agents combine and overcome the narrow scope that made each individually safer. Latent high-risk capabilities such as deception, power-seeking, and autonomous replication may be discovered only during operation, making systems harder to control or deploy safely and leaving irreversible effects where those capabilities are hazardous.",,,"설계자가 예상하지 못한 기능과 행동이 규모 확장 과정에서 자발적으로 창발하거나, 배포 후 지속 학습과 자기 조직화를 통해 획득되거 나, 개별 시스템의 좁은 적용 범위라는 안전 한계를 다중 에이전트 결합이 극복하면서 나 타나는 리스크. 기만, 권력 추구, 자율 복제 같 은 고위험 잠재 역량이 운용 중에야 발견되어 통제와 안전한 배포가 어려워지고, 위험한 역 량일 경우 되돌릴 수 없는 영향을 남긴다.","The risk that capabilities and behaviours unanticipated by system designers emerge spontaneously as models are scaled, are acquired through continual learning or self-organization after deployment, or arise when multiple agents combine and overcome the narrow scope that made each individually safer. Latent high-risk capabilities such as deception, power-seeking, and autonomous replication may be discovered only during operation, making systems harder to control or deploy safely and leaving irreversible effects where those capabilities are hazardous.",False,False,,REWRITE_KEEP,"Risk meaning is present but subject, causal structure, or risk-style ending requires standardisation",SOURCE_DOMAIN,L3_MASTER|NIST_AI_RMF|OECD_AI_PRINCIPLES|KOREA_AI_BASIC_ACT,,,,,
Physical,SRC-P-0058,Physical,RAI4-1282,RAI4-1282,배포 전후 AI 시스템에 대한 의도적 파괴· 교란 리스크,Deliberate sabotage of AI systems before and after deployment,"배포 전 개발 단계에서 접근 권한을 가진 내부자나 침입자가 소프트웨어를 안전하지 않게 변경하고 소스 코드를 수정· 탈취하거나 잘못되고 안전하지 않은 데이터 셋으로 학습시키고, 배포 후에는 누군가 거짓 정보를 주입하거나 불법적· 위험한 행동을 명령하는 리스크. 안전하게 설계된 시스템이 어느 단계에서든 안전하지 않은 것으로 전환되어 이를 신뢰한 이들에게 피해가 미친다. 이러한 결과를 초래하는 리스크.","The risk that insiders or intruders with the necessary access alter software to make it unsafe, modify or steal source code, and deliberately train the system on wrong or unsafe datasets before release, and that after deployment people feed it false information or order it to perform illegal or dangerous acts. A system built to be safe is thereby rendered unsafe at either stage, harming those who rely on it.",,,"배포 전 개발 단계에서 접근 권한을 가진 내부 자나 침입자가 소프트웨어를 안전하지 않게 변경하고 소스코드를 수정·탈취하거나 잘못 되고 안전하지 않은 데이터셋으로 학습시키 고, 배포 후에는 누군가 거짓 정보를 주입하거 나 불법적·위험한 행동을 명령하는 리스크. 안전하게 설계된 시스템이 어느 단계에서든 안전하지 않은 것으로 전환되어 이를 신뢰한 이 들에게 피해가 미친다.","The risk that insiders or intruders with the necessary access alter software to make it unsafe, modify or steal source code, and deliberately train the system on wrong or unsafe datasets before release, and that after deployment people feed it false information or order it to perform illegal or dangerous acts. A system built to be safe is thereby rendered unsafe at either stage, harming those who rely on it.",False,False,번역 수정 — '사보타주' 표기 재검토 (음역/용어 통일 필요),EDIT|REWRITE_KEEP,"Risk meaning is present but subject, causal structure, or risk-style ending requires standardisation",SOURCE_DOMAIN,L3_MASTER|NIST_AI_RMF|OECD_AI_PRINCIPLES|KOREA_AI_BASIC_ACT,,1,,,
Physical,SRC-P-0059,Physical,RAI4-1284,RAI4-1284,설계 단계 명세 오류 리스크,Design-stage specification errors,"코드 결함, 목적 함수 가중치 불균형, 인간 가치와 어긋난 목표 설정 등 배포 전 설계 오류로 시스템 행동이 의도된 형식적 속성에서 이탈하는 리스크.","The risk that design mistakes before deployment, including code bugs, disproportionate objective weights, and goals misaligned with human values, produce a system whose behavior departs from desired formal properties.",,,"코드 결함, 목적함수 가중치 불균형, 인간 가 치와 어긋난 목표 설정 등 배포 전 설계 오류 로 시스템 행동이 의도된 형식적 속성에서 이 탈하는 리스크","Design mistakes before deployment, including code bugs, disproportionate objective weights, and goals misaligned with human values, produce a system whose behavior departs from desired formal properties.",False,False,,REWRITE_KEEP,Source already contains an AI-related mechanism and adverse risk outcome,SOURCE_DOMAIN,L3_MASTER|NIST_AI_RMF|OECD_AI_PRINCIPLES|KOREA_AI_BASIC_ACT,,,,,
Physical,SRC-P-0060,Physical,RAI4-1333,RAI4-1333,모델 절취· 변조 리스크,Model theft and tampering,"매개 변수와 구조, 기능을 포함한 핵심 알고리즘 정보가 역전 공격과 절취, 변조, 백도어 주입에 노출되어 지식 재산권 침해와 영업 비밀 유출, 신뢰할 수 없는 추론과 잘못된 의사 결정, 운영 실패로 이어지는 리스크.","The risk that core algorithm information, including parameters, structures, and functions, faces inversion attacks, stealing, modification, and backdoor injection, leading to infringement of intellectual property rights, leakage of business secrets, unreliable inference, wrong decision output, and operational failures.",,,"매개변수와 구조, 기능을 포함한 핵심 알고리 즘 정보가 역전 공격과 절취, 변조, 백도어 주 입에 노출되어 지식재산권 침해와 영업비밀 유출, 신뢰할 수 없는 추론과 잘못된 의사결 정, 운영 실패로 이어지는 리스크.","The risk that core algorithm information, including parameters, structures, and functions, faces inversion attacks, stealing, modification, and backdoor injection, leading to infringement of intellectual property rights, leakage of business secrets, unreliable inference, wrong decision output, and operational failures.",False,False,,REWRITE_KEEP,Source already contains an AI-related mechanism and adverse risk outcome,SOURCE_DOMAIN,L3_MASTER|NIST_AI_RMF|OECD_AI_PRINCIPLES|KOREA_AI_BASIC_ACT,,,,,
Physical,SRC-P-0061,Physical,RAI4-1489,RAI4-1489,적대적 학습의 강건과 적합 리스크,Robust overfitting in adversarial training,로봇 정책의 적대적 훈련이 특정 센서 교란이나 시뮬레이션 조건에 과적합되어 실제 환경의 새로운 물리적 교란과 접촉 조건에서 안전 성능이 저하되는 리스크.,"The risk that adversarial training of a robot policy overfits to particular sensor perturbations or simulated conditions, reducing safety under novel physical disturbances and contact conditions in the real world.",,,적대적 훈련에서 학습률 감소 이후 추가 훈련 이 진행될수록 테스트 데이터에 대한 모델의 견고성이 감소하는 강건 과적합이 발생하여 일반화 능력과 적대적 공격에 대한 내성이 저 하되는 리스크.,"The risk that robust overfitting in adversarial training decreases a model's robustness on test data during further training, particularly after learning rate decay, impairing its ability to generalize effectively and reducing its resilience to adversarial attacks.",False,False,적대적 훈련 중 강건 과적합으로 일반화 성능이 저하되는 현상은 ML 학습 방법론 자체의 이슈 — PAI 한정 리스크로 보기 어려워 구체화 필요,EDIT|REWRITE_KEEP,"Risk meaning is present but subject, causal structure, or risk-style ending requires standardisation",SOURCE_DOMAIN,L3_MASTER|NIST_AI_RMF|OECD_AI_PRINCIPLES|KOREA_AI_BASIC_ACT,,1,,,
Physical,SRC-P-0072,Physical,RAI4-0196,RAI4-0196,로봇 탈옥에 의한 유해 물리 행동 리스크,Jailbreaking robots into harmful physical action,공격자가 물리 작업 맥락의 프레이밍이나 탈옥 입력으로 로봇의 안전 장치를 우회하여 사람· 동물· 재산에 유해한 물리 행동을 계획하거나 실행하게하는 리스크.,"The risk that an attacker uses physical-task framing or jailbreaking inputs to bypass a robot's safeguards and induce it to plan or execute harmful physical actions against people, animals, or property.",,,"공격자가 물리 작업 맥락의 프레이밍 등으로 체화형 LLM 에이전트의 안전 제한을 우회시 켜, 손상된 추론이 상해나 손상을 일으키는 악 의적이고 되돌리기 어려운 실제 물리 행동으 로 전환되는 리스크.","The risk that an attacker, for instance by framing a physical task context, bypasses an embodied LLM agent's safety restrictions so that compromised reasoning is translated into malicious and irreversible real-world physical actions causing injury or damage.",False,False,"용어 수정 — 'embodied agent'를 가능하면 '로봇'으로 통일 (해당 리스크: 물리 작업 맥락 프레이밍을 통한 탈옥으로 유해 물리 행동 유발). 참고로 본 L3(의도적·악의적 피해)는 사이버보안 L3와 의미상 중첩되는 부분이 있으나, 현재는 L3 이동을 진행하지 않고 추후 L3 체계 정비 시 반영",EDIT|REWRITE_KEEP,Source already contains an AI-related mechanism and adverse risk outcome,SOURCE_DOMAIN,L3_MASTER|NIST_AI_RMF|OECD_AI_PRINCIPLES|KOREA_AI_BASIC_ACT,,1,,,
Physical,SRC-P-0073,Physical,RAI4-0227,RAI4-0227,위험 작업 계획 승인 리스크,Hazardous task plan approval,embodied LLM이 식별 가능한 물리적 위험이 포함된 작업을 거부하거나 안전 제약을 추가하지 않고 계획을 생성· 승인하는 위험.,The risk that an embodied LLM generates or approves a task plan containing identifiable physical hazards instead of refusing it or adding the required safety constraints.,,,embodied LLM이 식별 가능한 물리적 위험 이 포함된 작업을 거부하거나 안전 제약을 추 가하지 않고 계획을 생성·승인하는 위험.,An embodied LLM generates or approves a task plan containing identifiable physical hazards instead of refusing it or adding the required safety constraints.,False,False,,REWRITE_KEEP,Source already contains an AI-related mechanism and adverse risk outcome,SOURCE_DOMAIN,L3_MASTER|NIST_AI_RMF|OECD_AI_PRINCIPLES|KOREA_AI_BASIC_ACT,,,,,
Physical,SRC-P-0076,Physical,RAI4-0767,RAI4-0767,기술적 안전 조치 우회 공격 리스크,Circumvention of technical safety measures,공격자가 모델의 취약점을 악용해 오용 완화를 위한 기술적 안전 조치를 우회하고 모델과 그 역량에 무단 접근함으로써 의도치 않은 유해 행동을 유발하는 리스크.,"The risk that attackers exploit model vulnerabilities to circumvent the technical measures intended to mitigate misuse, gaining unauthorized access to a model and its capabilities and eliciting unwanted behaviour.",,,공격자가 모델의 취약점을 악용해 오용 완화 를 위한 기술적 안전조치를 우회하고 모델과 그 역량에 무단 접근함으로써 의도치 않은 유 해 행동을 유발하는 리스크,"The risk that attackers exploit model vulnerabilities to circumvent the technical measures intended to mitigate misuse, gaining unauthorized access to a model and its capabilities and eliciting unwanted behaviour.",False,False,사이버보안 영역으로 이동 — 모델 취약점을 악용해 오용 완화용 기술적 안전조치를 우회하는 리스크는 물리적 구현과 무관한 일반 사이버보안 이슈,REWRITE_KEEP,Source already contains an AI-related mechanism and adverse risk outcome,SOURCE_DOMAIN,L3_MASTER|NIST_AI_RMF|OECD_AI_PRINCIPLES|KOREA_AI_BASIC_ACT,,1,,,
Physical,SRC-P-0099,Physical,RAI4-1675,RAI4-1675,언어 거부에도 실행되는 유해 물리 행동 리스크,Harmful action executed despite verbal refusal under action-space misalignment,체화된 LLM이 언어 출력 공간과 행동 출력 공간 간 정렬 불량으로 인해 유해한 요청을 언어로는 거부하면서 해당 물리적 행동은 그대로 실행하는 리스크.,"The risk that an embodied LLM verbally refuses a harmful request while still executing the corresponding physical action, due to misalignment between its linguistic and action output spaces.",,,체화된 LLM이 언어 출력 공간과 행동 출력 공 간 간 정렬 불량으로 인해 유해한 요청을 언어 로는 거부하면서 해당 물리적 행동은 그대로 실행하는 리스크.,"The risk that an embodied LLM verbally refuses a harmful request while still executing the corresponding physical action, due to misalignment between its linguistic and action output spaces.",False,False,,REWRITE_KEEP,"Risk meaning is present but subject, causal structure, or risk-style ending requires standardisation",SOURCE_DOMAIN,L3_MASTER|NIST_AI_RMF|OECD_AI_PRINCIPLES|KOREA_AI_BASIC_ACT,,,,,
Physical,SRC-P-0101,Physical,RAI4-0197,RAI4-0197,유해 행동 재구성 공격 리스크,Harmful-action reframing attack,공격자가 유해한 물리 행동 지시를 무해하거나 정상적인 작업 요청처럼 바꾸어 embodied 에이전트가 이를 수용· 실행하도록 유도하는 위험.,The risk that an attacker rephrases a harmful physical instruction as a benign or task-compliant request so that the embodied agent accepts and executes it.,,,공격자가 유해한 물리 행동 지시를 무해하거 나 정상적인 작업 요청처럼 바꾸어 embodied 에이전트가 이를 수용·실행하도록 유도하는 위험.,An attacker rephrases a harmful physical instruction as a benign or task-compliant request so that the embodied agent accepts and executes it.,False,False,,REWRITE_KEEP,Source already contains an AI-related mechanism and adverse risk outcome,SOURCE_DOMAIN,L3_MASTER|NIST_AI_RMF|OECD_AI_PRINCIPLES|KOREA_AI_BASIC_ACT,,,,,
Physical,SRC-P-0103,Physical,RAI4-0199,RAI4-0199,불법· 유해 물리 요청의 수용· 실행 리스크,Execution of illegal or harmful physical requests,"체화형 에이전트가 신체 위해, 침입, 절도, 사기, 파괴, 도피 등 불법적인 물리적 행위를 요구하는 사용자 요청을 수용· 실행하거나 실질적으로 지원하여, 사람과 재산에 피해를 입히는 리스크.","The risk that an embodied agent accepts, carries out, or materially assists user requests calling for physical harm, intrusion, theft, fraud, sabotage, evasion, or other illegal physical-world acts, injuring people or property.",,,"체화형 에이전트가 신체 위해, 침입, 절도, 사 기, 파괴, 도피 등 불법적인 물리적 행위를 요 구하는 사용자 요청을 수용·실행하거나 실질 적으로 지원하여, 사람과 재산에 피해를 입히 는 리스크.","The risk that an embodied agent accepts, carries out, or materially assists user requests calling for physical harm, intrusion, theft, fraud, sabotage, evasion, or other illegal physical-world acts, injuring people or property.",False,False,,REWRITE_KEEP,"Risk meaning is present but subject, causal structure, or risk-style ending requires standardisation",SOURCE_DOMAIN,L3_MASTER|NIST_AI_RMF|OECD_AI_PRINCIPLES|KOREA_AI_BASIC_ACT,,,,,
Physical,SRC-P-0104,Physical,RAI4-0201,RAI4-0201,피지컬 AI의 파괴· 학대 행동 리스크,Destructive or abusive acts by physical AI,"피지컬 AI 시스템이 장비· 인프라 등 물리적 자산을 손상· 무력화· 방해· 변조하거나 공유 환경의 사람들에게 차별· 괴롭힘· 위협· 학대 행동을 하도록 유도· 지시되어, 재산 피해와 대인 피해를 일으키는 리스크.","The risk that a physical AI system is induced or directed to damage, disable, obstruct, or tamper with equipment, infrastructure, or other assets, or to perform discriminatory, harassing, intimidating, or abusive actions toward people in shared environments, causing property and interpersonal harm.",,,"피지컬 AI 시스템이 장비·인프라 등 물리적 자 산을 손상·무력화·방해·변조하거나 공유 환경 의 사람들에게 차별·괴롭힘·위협·학대 행동을 하도록 유도·지시되어, 재산 피해와 대인 피해 를 일으키는 리스크.","The risk that a physical AI system is induced or directed to damage, disable, obstruct, or tamper with equipment, infrastructure, or other assets, or to perform discriminatory, harassing, intimidating, or abusive actions toward people in shared environments, causing property and interpersonal harm.",False,False,,REWRITE_KEEP,Source already contains an AI-related mechanism and adverse risk outcome,SOURCE_DOMAIN,L3_MASTER|NIST_AI_RMF|OECD_AI_PRINCIPLES|KOREA_AI_BASIC_ACT,,,,,
Physical,SRC-P-0105,Physical,RAI4-0210,RAI4-0210,인지-행동 순서 조작 공격 리스크,Perception-action sequence manipulation attack,공격자가 영상 순서의 관측이나 행동 단서를 조작해 로봇이 명시된 충돌· 힘· 이 격 거리· 대상물 사용 제약을 위반하게하는 위험.,"The risk that an attacker alters observations or action cues across a video sequence so that a robot violates a specified collision, force, distance, or object-use constraint.",,,공격자가 영상 순서의 관측이나 행동 단서를 조작해 로봇이 명시된 충돌·힘·이격거리·대상 물 사용 제약을 위반하게 하는 위험.,"An attacker alters observations or action cues across a video sequence so that a robot violates a specified collision, force, distance, or object-use constraint.",False,False,,REWRITE_KEEP,Source already contains an AI-related mechanism and adverse risk outcome,SOURCE_DOMAIN,L3_MASTER|NIST_AI_RMF|OECD_AI_PRINCIPLES|KOREA_AI_BASIC_ACT,,,,,
Physical,SRC-P-0106,Physical,RAI4-0221,RAI4-0221,로봇인지 겨냥적 대 패치 공격 리스크,Adversarial patch attack on robot perception,공격자가 물체나 표지에 최적화된 시각 패턴을 부착해 특정 인지 오류와 후속 위험 행동을 유발하는 리스크.,The risk that an attacker places an optimized visual pattern on an object or sign to induce a targeted perception error and downstream unsafe robot action.,,,공격자가 물체나 표지에 최적화된 시각 패턴 을 부착해 특정 인지 오류와 후속 위험 행동을 유발하는 리스크.,The risk that an attacker places an optimized visual pattern on an object or sign to induce a targeted perception error and downstream unsafe robot action.,False,False,,REWRITE_KEEP,Source already contains an AI-related mechanism and adverse risk outcome,SOURCE_DOMAIN,L3_MASTER|NIST_AI_RMF|OECD_AI_PRINCIPLES|KOREA_AI_BASIC_ACT,,,,,
Physical,SRC-P-0107,Physical,RAI4-0302,RAI4-0302,로봇 능력의 무기화 리스크,Weaponization of robotic capabilities,"이동형· 공중· 휴머노이드· 매니퓰 레이 터 시스템의 조작· 이동 능력이 감시, 위협, 파괴 공작 또는 사람· 재산· 인프라에 대한 물리적 공격에 전용되는 리스크.","The risk that the manipulation and mobility capabilities of mobile, aerial, humanoid, or manipulator systems are repurposed for surveillance, intimidation, sabotage, or physical attack on people, property, or infrastructure.",,,"이동형·공중·휴머노이드·매니퓰레이터 시스 템의 조작·이동 능력이 감시, 위협, 파괴 공작 또는 사람·재산·인프라에 대한 물리적 공격에 전용되는 리스크.","The risk that the manipulation and mobility capabilities of mobile, aerial, humanoid, or manipulator systems are repurposed for surveillance, intimidation, sabotage, or physical attack on people, property, or infrastructure.",False,False,,REWRITE_KEEP,Source already contains an AI-related mechanism and adverse risk outcome,SOURCE_DOMAIN,L3_MASTER|NIST_AI_RMF|OECD_AI_PRINCIPLES|KOREA_AI_BASIC_ACT,,,,,
Physical,SRC-P-0108,Physical,RAI4-0305,RAI4-0305,자동화된 표적 스토킹· 물리적 위협 리스크,Automated targeted stalking and physical intimidation,운영자나 공격자가 특정인을 위협하거나 괴롭힐 목적으로 로봇에 반복 추적· 진로 차단· 고립· 접근을 지시하는 위험.,"The risk that an operator or attacker directs a robot to repeatedly follow, block, corner, or approach a specific person in order to intimidate or harass them.",,,운영자나 공격자가 특정인을 위협하거나 괴 롭힐 목적으로 로봇에 반복 추적·진로 차단·고 립·접근을 지시하는 위험.,"An operator or attacker directs a robot to repeatedly follow, block, corner, or approach a specific person in order to intimidate or harass them.",False,False,,REWRITE_KEEP,Source already contains an AI-related mechanism and adverse risk outcome,SOURCE_DOMAIN,L3_MASTER|NIST_AI_RMF|OECD_AI_PRINCIPLES|KOREA_AI_BASIC_ACT,,,,,
Physical,SRC-P-0110,Physical,RAI4-0323,RAI4-0323,장면 의미 조작 공격 리스크,Semantic scene manipulation attack,공격자가 모델이나 센서를 직접 변경하지 않고 표지· 물체 배치· 의복 패턴· 장면 맥락을 바꾸어 로봇이 환경을 잘못 해석하게 만드는 리스크.,"The risk that an attacker changes a sign, object placement, clothing pattern, or scene context so that a robot misinterprets the environment without modifying the model or sensor.",,,공격자가 모델이나 센서를 직접 변경하지 않 고 표지·물체 배치·의복 패턴·장면 맥락을 바 꾸어 로봇이 환경을 잘못 해석하게 만드는 리스크.,"The risk that an attacker changes a sign, object placement, clothing pattern, or scene context so that a robot misinterprets the environment without modifying the model or sensor.",False,False,,REWRITE_KEEP,Source already contains an AI-related mechanism and adverse risk outcome,SOURCE_DOMAIN,L3_MASTER|NIST_AI_RMF|OECD_AI_PRINCIPLES|KOREA_AI_BASIC_ACT,,,,,
Physical,SRC-P-0112,Physical,RAI4-0348,RAI4-0348,로봇군집하이재킹 리스크,Fleet hijacking,클라우드· 업데이트·API· 오케스트레이션레이어의 취약성이 여러 로봇· 차량· 드론· 산업 시스템을 동시에 침해하는 위험.,"The risk that a vulnerability in a cloud, update, API, or orchestration layer may allow many robots, vehicles, drones, or industrial systems to be compromised together.",,,클라우드·업데이트·API·오케스트레이션 레이 어의 취약성이 여러 로봇·차량·드론·산업 시스 템을 동시에 침해하는 위험.,"A vulnerability in a cloud, update, API, or orchestration layer may allow many robots, vehicles, drones, or industrial systems to be compromised together.",False,False,,REWRITE_KEEP,Source already contains an AI-related mechanism and adverse risk outcome,SOURCE_DOMAIN,L3_MASTER|NIST_AI_RMF|OECD_AI_PRINCIPLES|KOREA_AI_BASIC_ACT,,,,,
Physical,SRC-P-0113,Physical,RAI4-0350,RAI4-0350,핵심 인프라 로봇 사이버 사보타주 리스크,Cyber-enabled sabotage of criticalinfrastructure robots,공격자가 로봇 검사· 유지 보수· 물류· 제어 시스템을 침해해 핵심 인프라의 운용을 교란하거나 설비를 손상시키는 리스크.,"The risk that an attacker compromises robotic inspection, maintenance, logistics, or control systems to disrupt or damage critical infrastructure.",,,공격자가 로봇 검사·유지보수·물류·제어 시스 템을 침해해 핵심 인프라의 운용을 교란하거 나 설비를 손상시키는 리스크.,"The risk that an attacker compromises robotic inspection, maintenance, logistics, or control systems to disrupt or damage critical infrastructure.",False,False,,REWRITE_KEEP,Source already contains an AI-related mechanism and adverse risk outcome,SOURCE_DOMAIN,L3_MASTER|NIST_AI_RMF|OECD_AI_PRINCIPLES|KOREA_AI_BASIC_ACT,,,,,
Physical,SRC-P-0121,Physical,RAI4-0180,RAI4-0180,희귀 가정 상해의 전조 감지 실패 리스크,Failure to detect rare household injury precursors,가정용 에이전트가 드물지만 가능한 낙상· 중독· 화상· 열 상· 압착 사고의 전조를 감지하지 못해 경고하거나 개입하지 않는 위험.,"The risk that a household agent fails to detect early signs of rare but plausible falls, poisoning, burns, lacerations, or crush events and therefore does not warn or intervene.",,,가정용 에이전트가 드물지만 가능한 낙상·중 독·화상·열상·압착 사고의 전조를 감지하지 못 해 경고하거나 개입하지 않는 위험.,"A household agent fails to detect early signs of rare but plausible falls, poisoning, burns, lacerations, or crush events and therefore does not warn or intervene.",False,False,,REWRITE_KEEP,Source already contains an AI-related mechanism and adverse risk outcome,SOURCE_DOMAIN,L3_MASTER|NIST_AI_RMF|OECD_AI_PRINCIPLES|KOREA_AI_BASIC_ACT,,,,,
Physical,SRC-P-0122,Physical,RAI4-0181,RAI4-0181,물리적 위험의 감지· 예측 실패 리스크,Failure to detect or anticipate physical hazards,"멀티 모달· 체화형 시스템이 텍스트· 이미지· 영상· 센서 입력에 이미 나타난 위험 상태를 식별하지 못하거나 진행 중인 움직임· 접촉· 환경 변화가 곧 위험을 초래할 것을 예측하지 못한 채 행동을 선택하여, 충돌· 손상· 상해로 이어지는 리스크.","The risk that a multimodal or embodied system neither identifies a hazardous condition already present in its text, image, video, or sensor input nor predicts that ongoing motion, contact, or environmental change will soon create one, selecting actions that end in collision, damage, or injury.",,,"멀티모달·체화형 시스템이 텍스트·이미지·영 상·센서 입력에 이미 나타난 위험 상태를 식별 하지 못하거나 진행 중인 움직임·접촉·환경 변 화가 곧 위험을 초래할 것을 예측하지 못한 채 행동을 선택하여, 충돌·손상·상해로 이어지는 리스크.","The risk that a multimodal or embodied system neither identifies a hazardous condition already present in its text, image, video, or sensor input nor predicts that ongoing motion, contact, or environmental change will soon create one, selecting actions that end in collision, damage, or injury.",False,False,,REWRITE_KEEP,Source already contains an AI-related mechanism and adverse risk outcome,SOURCE_DOMAIN,L3_MASTER|NIST_AI_RMF|OECD_AI_PRINCIPLES|KOREA_AI_BASIC_ACT,,,,,
Physical,SRC-P-0123,Physical,RAI4-0224,RAI4-0224,런 타임 안전 모니터 실패 리스크,Runtime safety monitor failure,"런 타임 안전 모니터가 속도· 힘· 이 격 거리· 작업 공간· 충돌· 물체 사용· 작업 프로토콜에 대한 제약을 감지· 집행하지 못하여, 위해가 발생할 때까지 안전하지 않은 동작이 지속되는 리스크.","The risk that runtime safety monitors fail to detect or enforce constraints governing speed, force, separation, workspace, collision, object use, and task protocol, allowing unsafe motion to continue until harm occurs.",,,"런타임 안전 모니터가 속도·힘·이격 거리·작업 공간·충돌·물체 사용·작업 프로토콜에 대한 제 약을 감지·집행하지 못하여, 위해가 발생할 때 까지 안전하지 않은 동작이 지속되는 리스크.","The risk that runtime safety monitors fail to detect or enforce constraints governing speed, force, separation, workspace, collision, object use, and task protocol, allowing unsafe motion to continue until harm occurs.",False,False,,REWRITE_KEEP,Source already contains an AI-related mechanism and adverse risk outcome,SOURCE_DOMAIN,L3_MASTER|NIST_AI_RMF|OECD_AI_PRINCIPLES|KOREA_AI_BASIC_ACT,,,,,
Physical,SRC-P-0124,Physical,RAI4-0234,RAI4-0234,제어 장벽 함수 안전 필터 실패 리스크,Control barrier function safety-filter failure,제어 장벽 함수 기반 안전 계층이 인지· 동역학 · 모델 불확실성 하에서 비안전 행동을 제약하지 못하는 리스크.,"The risk that a safety layer based on control barrier functions fails to constrain unsafe actions under perception, dynamics, or model uncertainty.",,,제어 장벽 함수 기반 안전 계층이 인지·동역학 ·모델 불확실성 하에서 비안전 행동을 제약하 지 못하는 리스크.,"The risk that a safety layer based on control barrier functions fails to constrain unsafe actions under perception, dynamics, or model uncertainty.",False,False,,REWRITE_KEEP,Source already contains an AI-related mechanism and adverse risk outcome,SOURCE_DOMAIN,L3_MASTER|NIST_AI_RMF|OECD_AI_PRINCIPLES|KOREA_AI_BASIC_ACT,,,,,
Physical,SRC-P-0125,Physical,RAI4-0240,RAI4-0240,접촉 조작 힘 감지 실패 리스크,Contact-rich manipulation force-sensing failure,접촉 집약 조작 정책이 힘· 촉각· 오디오· 시각 단서를 올바르게 사용하지 못하여 비안전 압력· 파지· 이동을 유발하는 리스크.,"The risk that a contact-rich manipulation policy fails to correctly use force, tactile, audio, or visual cues, creating unsafe pressure, impact, or object damage.",,,접촉 집약 조작 정책이 힘·촉각·오디오·시각 단서를 올바르게 사용하지 못하여 비안전 압 력·파지·이동을 유발하는 리스크.,"The risk that a contact-rich manipulation policy fails to correctly use force, tactile, audio, or visual cues, creating unsafe pressure, impact, or object damage.",False,False,,REWRITE_KEEP,Source already contains an AI-related mechanism and adverse risk outcome,SOURCE_DOMAIN,L3_MASTER|NIST_AI_RMF|OECD_AI_PRINCIPLES|KOREA_AI_BASIC_ACT,,,,,
Physical,SRC-P-0126,Physical,RAI4-0261,RAI4-0261,시뮬레이션-실 세계 전이· 검증 실패 리스크,Sim-to-real transfer and validation failure,"시뮬레이션에서 훈련· 검증된 정책이 접촉· 지연· 마모· 액추에이터에 관한 동일한 미모델링 가정을 공유하는 시뮬레이터 간 검사까지 통과하고도, 실제 마찰, 조명, 인간 행동, 롱 테 일 사건이 시뮬레이션과 달라지는 하드웨어 환경에서 실패하여 잘못된 안전 확신 속에 배포되는 리스크.","The risk that a policy trained or validated in simulation, including across multiple simulators sharing the same unmodeled contact, delay, wear, or actuator assumptions, passes testing yet fails on real hardware where friction, lighting, human behavior, or long-tail events diverge, so it is deployed under false safety assurance.",,,"시뮬레이션에서 훈련·검증된 정책이 접촉·지 연·마모·액추에이터에 관한 동일한 미모델링 가정을 공유하는 시뮬레이터 간 검사까지 통 과하고도, 실제 마찰, 조명, 인간 행동, 롱테일 사건이 시뮬레이션과 달라지는 하드웨어 환 경에서 실패하여 잘못된 안전 확신 속에 배포 되는 리스크.","The risk that a policy trained or validated in simulation, including across multiple simulators sharing the same unmodeled contact, delay, wear, or actuator assumptions, passes testing yet fails on real hardware where friction, lighting, human behavior, or long-tail events diverge, so it is deployed under false safety assurance.",False,False,,REWRITE_KEEP,Source already contains an AI-related mechanism and adverse risk outcome,SOURCE_DOMAIN,L3_MASTER|NIST_AI_RMF|OECD_AI_PRINCIPLES|KOREA_AI_BASIC_ACT,,,,,
Physical,SRC-P-0127,Physical,RAI4-0278,RAI4-0278,가정 내 위험 행동 선별 누락 리스크,False-negative household action screening,안전 분류기가 알려진 대상물· 인간 접촉· 열· 작업 공간 제약을 위반하는 가정 내 제안 행동을 허용 가능한 것으로 잘못 판정하는 위험.,"The risk that a safety classifier labels a proposed household action as acceptable even though the action violates a known object, human-contact, heat, or workspace constraint.",,,안전 분류기가 알려진 대상물·인간 접촉·열·작 업 공간 제약을 위반하는 가정 내 제안 행동을 허용 가능한 것으로 잘못 판정하는 위험.,"A safety classifier labels a proposed household action as acceptable even though the action violates a known object, human-contact, heat, or workspace constraint.",False,False,,REWRITE_KEEP,Source already contains an AI-related mechanism and adverse risk outcome,SOURCE_DOMAIN,L3_MASTER|NIST_AI_RMF|OECD_AI_PRINCIPLES|KOREA_AI_BASIC_ACT,,,,,
Physical,SRC-P-0128,Physical,RAI4-0321,RAI4-0321,악천후인지 실패 리스크,Adverse weather perception failure,비· 안개· 눈부심· 먼지· 연기· 저조도가카메라· 라이다· 레이더· 촉각· 오디오 인지를 저하시켜 비안전 행동을 유발하는 위험.,"The risk that rain, fog, glare, dust, smoke, or low light may degrade cameras, LiDAR, radar, tactile sensors, or audio perception, weakening real-time situational awareness.",,,비·안개·눈부심·먼지·연기·저조도가 카메라·라 이다·레이더·촉각·오디오 인지를 저하시켜 비 안전 행동을 유발하는 위험.,"Rain, fog, glare, dust, smoke, or low light may degrade cameras, LiDAR, radar, tactile sensors, or audio perception, weakening real-time situational awareness.",False,False,,REWRITE_KEEP,Source already contains an AI-related mechanism and adverse risk outcome,SOURCE_DOMAIN,L3_MASTER|NIST_AI_RMF|OECD_AI_PRINCIPLES|KOREA_AI_BASIC_ACT,,,,,
Physical,SRC-P-0129,Physical,RAI4-0322,RAI4-0322,다중 센서 융합 상충 리스크,Multimodal sensor fusion conflict,카메라· 라이다· 레이더· 촉각· 자기 수용 신호의 충돌이 불안정한 장면 추정 및 비안전 하위 행동을 초래하는 위험.,"The risk that conflicting camera, LiDAR, radar, tactile, or proprioceptive signals may lead to unstable scene estimates and unsafe downstream control decisions.",,,카메라·라이다·레이더·촉각·자기 수용 신호의 충돌이 불안정한 장면 추정 및 비안전 하위 행동을 초래하는 위험.,"Conflicting camera, LiDAR, radar, tactile, or proprioceptive signals may lead to unstable scene estimates and unsafe downstream control decisions.",False,False,,REWRITE_KEEP,"Risk meaning is present but subject, causal structure, or risk-style ending requires standardisation",SOURCE_DOMAIN,L3_MASTER|NIST_AI_RMF|OECD_AI_PRINCIPLES|KOREA_AI_BASIC_ACT,,,,,
Physical,SRC-P-0130,Physical,RAI4-0352,RAI4-0352,배포 후 변경에 대한 안전 재평가 실패 리스크,Failure to reassess safety after deployment changes,환경 변화· 부품 열화· 모델 업데이트· 아차 사고로 기존 안전 가정이 무효화됐는데도 운영자가 안전성을 재평가하지 않고 운용을 계속하는 위험.,"The risk that operators continue deployment without reassessing safety after environmental changes, component degradation, model updates, or near-miss incidents invalidate prior assumptions.",,,환경 변화·부품 열화·모델 업데이트·아차사고 로 기존 안전 가정이 무효화됐는데도 운영자 가 안전성을 재평가하지 않고 운용을 계속하 는 위험.,"Operators continue deployment without reassessing safety after environmental changes, component degradation, model updates, or near-miss incidents invalidate prior assumptions.",False,False,,REWRITE_KEEP,Source already contains an AI-related mechanism and adverse risk outcome,SOURCE_DOMAIN,L3_MASTER|NIST_AI_RMF|OECD_AI_PRINCIPLES|KOREA_AI_BASIC_ACT,,,,,
Physical,SRC-P-0139,Physical,RAI4-1688,RAI4-1688,장기 계획에서 누적되는 월드 모델 롤 아웃 오류 리스크,Compounding world-model rollout error in long-horizon planning,다단계 월드 모델 롤 아웃에서 예측 오류가 계획 깊이에 따라 누적되어 운동 학적 드 리프트와 구조적 위반이 발생하고 보상· 안전 추정치가 왜곡되는 리스크. 에이전트는 그럴 듯하지만 물리적으로 잘못된 상상 궤적 위에서 장기 계획을 실행하고 매 행동이 오류를 다시 가중시킨다. 이러한 결과를 초래하는 리스크.,"The risk that prediction errors compound across multi-step world-model rollouts as planning depth increases, producing kinematic drift, structural violations, and misleading reward or safety estimates. Agents execute long-horizon plans on imagined trajectories that are plausible but physically incorrect, with each successive action compounding the error further.",,,다단계 월드 모델 롤아웃에서 예측 오류가 계 획 깊이에 따라 누적되어 운동학적 드리프트 와 구조적 위반이 발생하고 보상·안전 추정치 가 왜곡되는 리스크. 에이전트는 그럴듯하지 만 물리적으로 잘못된 상상 궤적 위에서 장기 계획을 실행하고 매 행동이 오류를 다시 가중 시킨다.,"The risk that prediction errors compound across multi-step world-model rollouts as planning depth increases, producing kinematic drift, structural violations, and misleading reward or safety estimates. Agents execute long-horizon plans on imagined trajectories that are plausible but physically incorrect, with each successive action compounding the error further.",False,False,,REWRITE_KEEP,Source already contains an AI-related mechanism and adverse risk outcome,SOURCE_DOMAIN,L3_MASTER|NIST_AI_RMF|OECD_AI_PRINCIPLES|KOREA_AI_BASIC_ACT,,,,,
Physical,SRC-P-0141,Physical,RAI4-1697,RAI4-1697,반사 실적 권위 문제 리스크,Counterfactual authority problem,월드 모델의 반사 실적 설명이 학습 분포를 반영할 뿐인데도 운영자· 규제자가 인과적 사실로 수용하여 책임 귀속· 회피에 선택적으로 활용되는 리스크.,"The risk that operators and regulators accept worldmodel counterfactual explanations as causal ground truth although they reflect the model's learned distribution, allowing selective use to attribute or deflect liability.",,,월드모델의 반사실적 설명이 학습 분포를 반 영할 뿐인데도 운영자·규제자가 인과적 사실 로 수용하여 책임 귀속·회피에 선택적으로 활 용되는 리스크,"Operators and regulators accept worldmodel counterfactual explanations as causal ground truth although they reflect the model's learned distribution, allowing selective use to attribute or deflect liability.",False,False,,REWRITE_KEEP,"Risk meaning is present but subject, causal structure, or risk-style ending requires standardisation",SOURCE_DOMAIN,L3_MASTER|NIST_AI_RMF|OECD_AI_PRINCIPLES|KOREA_AI_BASIC_ACT,,,,,
Physical,SRC-P-0142,Physical,RAI4-0209,RAI4-0209,감각 교란 기반 비안전 행동 리스크,Adversarial sensory perturbation induced unsafe action,영상 또는 감각 입력의 적대적 변경이 로봇 정책으로 하여금 비안전 피지컬 행동을 선택하게하는 위험.,The risk that adversarial changes to video or sensory inputs cause a robot policy to select unsafe physical actions.,,,영상 또는 감각 입력의 적대적 변경이 로봇 정 책으로 하여금 비안전 피지컬 행동을 선택하 게 하는 위험.,Adversarial changes to video or sensory inputs cause a robot policy to select unsafe physical actions.,False,False,,REWRITE_KEEP,"Risk meaning is present but subject, causal structure, or risk-style ending requires standardisation",SOURCE_DOMAIN,L3_MASTER|NIST_AI_RMF|OECD_AI_PRINCIPLES|KOREA_AI_BASIC_ACT,,,,,
Physical,SRC-P-0143,Physical,RAI4-0337,RAI4-0337,물리 운용 환경 분포 이동 리스크,Distribution shift in physical operation,배포 환경이 건물· 도로· 공장· 가정· 병원· 기상 조건에 걸쳐 모델이 적응할 수 있는 것보다 빠르게 변화하는 위험.,"The risk that deployment environments may change across buildings, roads, factories, homes, hospitals, or weather conditions faster than monitoring and adaptation mechanisms can detect.",,,배포 환경이 건물·도로·공장·가정·병원·기상 조건에 걸쳐 모델이 적응할 수 있는 것보다 빠 르게 변화하는 위험.,"Deployment environments may change across buildings, roads, factories, homes, hospitals, or weather conditions faster than monitoring and adaptation mechanisms can detect.",False,False,,REWRITE_KEEP,"Risk meaning is present but subject, causal structure, or risk-style ending requires standardisation",SOURCE_DOMAIN,L3_MASTER|NIST_AI_RMF|OECD_AI_PRINCIPLES|KOREA_AI_BASIC_ACT,,,,,
Physical,SRC-P-0146,Physical,RAI4-1287,RAI4-1287,환경 유발 결함 변이 리스크,Environment-induced fault mutation,제조 결함이나 우주선(cosmic ray)에 의한 비트 반전 등 배포 후 환경 요인이 지능 시스템 내부를 변화시켜 의도되지 않은 행동 변이를 일으키는 리스크.,"The risk that post-deployment environmental effects such as manufacturing defects or cosmicray bit flips alter an intelligent system's internals, producing unintended behavioral modification.",,,제조 결함이나 우주선(cosmic ray)에 의한 비 트 반전 등 배포 후 환경 요인이 지능 시스템 내부를 변화시켜 의도되지 않은 행동 변이를 일으키는 리스크,"Post-deployment environmental effects such as manufacturing defects or cosmicray bit flips alter an intelligent system's internals, producing unintended behavioral modification.",False,False,,REWRITE_KEEP,"Risk meaning is present but subject, causal structure, or risk-style ending requires standardisation",SOURCE_DOMAIN,L3_MASTER|NIST_AI_RMF|OECD_AI_PRINCIPLES|KOREA_AI_BASIC_ACT,,,,,
Physical,SRC-P-0147,Physical,RAI4-0245,RAI4-0245,전신 이동 충돌 위험,Whole-body locomotion collision risk,휴머노이드 이동 정책이 전신 동작 및 환경 접촉이 충분히 고려되지 않아 물체· 벽· 인간과 충돌하는 위험.,"The risk that a humanoid locomotion policy collides with objects, walls, or humans because whole-body motion and environmental contact constraints are not jointly satisfied.",,,휴머노이드 이동 정책이 전신 동작 및 환경 접 촉이 충분히 고려되지 않아 물체·벽·인간과 충 돌하는 위험.,"A humanoid locomotion policy collides with objects, walls, or humans because whole-body motion and environmental contact constraints are not jointly satisfied.",False,False,,REWRITE_KEEP,"Risk meaning is present but subject, causal structure, or risk-style ending requires standardisation",SOURCE_DOMAIN,L3_MASTER|NIST_AI_RMF|OECD_AI_PRINCIPLES|KOREA_AI_BASIC_ACT,,,,,
Physical,SRC-P-0148,Physical,RAI4-0247,RAI4-0247,정밀 휴머노이드 접촉력 위험,Dexterous humanoid contact-force risk,정밀 휴머노이드 손 또는 전신 조작기가 파지· 균형· 물체 동 역학 간 상호 작용으로 비안전한 접촉력을 가하는 위험.,"The risk that a dexterous humanoid hand or wholebody manipulator applies unsafe contact forces because grasp, balance, and object dynamics are not jointly controlled.",,,정밀 휴머노이드 손 또는 전신 조작기가 파지· 균형·물체 동역학 간 상호작용으로 비안전한 접촉력을 가하는 위험.,"A dexterous humanoid hand or wholebody manipulator applies unsafe contact forces because grasp, balance, and object dynamics are not jointly controlled.",False,False,,REWRITE_KEEP,"Risk meaning is present but subject, causal structure, or risk-style ending requires standardisation",SOURCE_DOMAIN,L3_MASTER|NIST_AI_RMF|OECD_AI_PRINCIPLES|KOREA_AI_BASIC_ACT,,,,,
Physical,SRC-P-0149,Physical,RAI4-0249,RAI4-0249,물리적 안전을 우회하는 보상과 적합 리스크,Reward overfitting that bypasses physical safety,휴머노이드 제어기가 평가 환경 밖에서 균형· 충돌· 힘· 작업 공간 제약을 위반하면서 벤치마크 보상이나 모방 충실 도를 극대화하는 위험.,"The risk that a humanoid controller maximizes benchmark reward or imitation fidelity while violating balance, collision, force, or workspace constraints outside the evaluation setting.",,,휴머노이드 제어기가 평가 환경 밖에서 균형· 충돌·힘·작업 공간 제약을 위반하면서 벤치마 크 보상이나 모방 충실도를 극대화하는 위험.,"A humanoid controller maximizes benchmark reward or imitation fidelity while violating balance, collision, force, or workspace constraints outside the evaluation setting.",False,False,,REWRITE_KEEP,Source already contains an AI-related mechanism and adverse risk outcome,SOURCE_DOMAIN,L3_MASTER|NIST_AI_RMF|OECD_AI_PRINCIPLES|KOREA_AI_BASIC_ACT,,,,,
Physical,SRC-P-0150,Physical,RAI4-0253,RAI4-0253,안전 제어 지연 위험,Safe-control latency risk,안전 임계 제어 제약이 휴머노이드 동역학에 비해 너무 느리게 집행되어 비안전 동작이 가능해지는 위험.,"The risk that safety-critical control constraints are enforced too slowly relative to humanoid dynamics, allowing unsafe motion before mitigation takes effect.",,,안전 임계 제어 제약이 휴머노이드 동역학에 비해 너무 느리게 집행되어 비안전 동작이 가 능해지는 위험.,"Safety-critical control constraints are enforced too slowly relative to humanoid dynamics, allowing unsafe motion before mitigation takes effect.",False,False,,REWRITE_KEEP,"Risk meaning is present but subject, causal structure, or risk-style ending requires standardisation",SOURCE_DOMAIN,L3_MASTER|NIST_AI_RMF|OECD_AI_PRINCIPLES|KOREA_AI_BASIC_ACT,,,,,
Physical,SRC-P-0151,Physical,RAI4-0254,RAI4-0254,원격 조작 휴머노이드 안전 재정의 실패 리스크,Teleoperated humanoid safety override failure,원격 조작 휴머노이드가 운영자 명령· 네트워크 지연· 상황 인식이 비안전해질 때 강건한 자율 안전 재정의를 갖추지 못하는 리스크.,"The risk that a teleoperated humanoid lacks robust autonomous safety overrides when operator commands, network latency, or situational awareness become unsafe.",,,원격 조작 휴머노이드가 운영자 명령·네트워 크 지연·상황 인식이 비안전해질 때 강건한 자 율 안전 재정의를 갖추지 못하는 리스크.,"The risk that a teleoperated humanoid lacks robust autonomous safety overrides when operator commands, network latency, or situational awareness become unsafe.",False,False,,REWRITE_KEEP,Source already contains an AI-related mechanism and adverse risk outcome,SOURCE_DOMAIN,L3_MASTER|NIST_AI_RMF|OECD_AI_PRINCIPLES|KOREA_AI_BASIC_ACT,,,,,
Physical,SRC-P-0152,Physical,RAI4-0255,RAI4-0255,장면 변화 시 인간 행동 모방 실패 리스크,Human imitation failure under scene variation,물체 형상· 장면 배치· 상호 작용 맥락이 달라졌는데도 휴머노이드가 시연된 인간 동작을 그대로 재현해 부적절한 접촉이나 이동을 일으키는 위험.,"The risk that a humanoid reproduces demonstrated human motion when object geometry, scene layout, or interaction context has changed, causing inappropriate contact or movement.",,,물체 형상·장면 배치·상호작용 맥락이 달라졌 는데도 휴머노이드가 시연된 인간 동작을 그 대로 재현해 부적절한 접촉이나 이동을 일으 키는 위험.,"A humanoid reproduces demonstrated human motion when object geometry, scene layout, or interaction context has changed, causing inappropriate contact or movement.",False,False,,REWRITE_KEEP,Source already contains an AI-related mechanism and adverse risk outcome,SOURCE_DOMAIN,L3_MASTER|NIST_AI_RMF|OECD_AI_PRINCIPLES|KOREA_AI_BASIC_ACT,,,,,
Physical,SRC-P-0153,Physical,RAI4-0256,RAI4-0256,모션리타겟팅 안전 실패 리스크,Motion-retargeting safety failure,인간 동작이 로봇의 피지컬 한계· 접촉 제약· 안전 자세 요건을 위반하는 방식으로 휴머노이드 몸체에 리 타겟 팅되는 리스크.,"The risk that human motion is retargeted to a humanoid body in a way that violates the robot's physical limits, contact constraints, or safe posture requirements.",,,인간 동작이 로봇의 피지컬 한계·접촉 제약·안전 자세 요건을 위반하는 방식으로 휴머노이 드 몸체에 리타겟팅되는 리스크.,"The risk that human motion is retargeted to a humanoid body in a way that violates the robot's physical limits, contact constraints, or safe posture requirements.",False,False,,REWRITE_KEEP,Source already contains an AI-related mechanism and adverse risk outcome,SOURCE_DOMAIN,L3_MASTER|NIST_AI_RMF|OECD_AI_PRINCIPLES|KOREA_AI_BASIC_ACT,,,,,
Physical,SRC-P-0154,Physical,RAI4-0257,RAI4-0257,의도· 어포던스추론 없는 행동 모방 리스크,Imitation without inferred intent or affordances,휴머노이드가 시연을 가능하게한 행위자의 의도· 물체어포던스· 안전 제약을 추론하지 않고 관찰된 상호 작용을 모방하는 위험.,"The risk that a humanoid copies an observed interaction without inferring the actor's intent, the object's affordances, or the safety constraints that made the demonstration valid.",,,휴머노이드가 시연을 가능하게 한 행위자의 의도·물체 어포던스·안전 제약을 추론하지 않 고 관찰된 상호작용을 모방하는 위험.,"A humanoid copies an observed interaction without inferring the actor's intent, the object's affordances, or the safety constraints that made the demonstration valid.",False,False,,REWRITE_KEEP,"Risk meaning is present but subject, causal structure, or risk-style ending requires standardisation",SOURCE_DOMAIN,L3_MASTER|NIST_AI_RMF|OECD_AI_PRINCIPLES|KOREA_AI_BASIC_ACT,,,,,
Physical,SRC-P-0155,Physical,RAI4-0262,RAI4-0262,휴머노이드 보행· 조작 안정성 실패 리스크,Humanoid locomotion and manipulation stability failure,"휴머노이드가 외 란, 탑재 하중 변화, 표면 변화, 액추에이터 불완전성 하에서, 또는 개방 환경 작업 중 이동과 조작을 결합할 때 안정적인 보행· 자세· 접촉· 물체 취급을 유지하지 못하여 전도, 충돌, 물체 손상에 이르는 리스크.","The risk that a humanoid fails to maintain stable gait, posture, contact, or object handling under perturbations, payload shifts, surface changes, or actuator imperfections, or when combining locomotion with manipulation in openworld tasks, leading to falls, collision, or object damage.",,,"휴머노이드가 외란, 탑재 하중 변화, 표면 변 화, 액추에이터 불완전성 하에서, 또는 개방 환경 작업 중 이동과 조작을 결합할 때 안정적 인 보행·자세·접촉·물체 취급을 유지하지 못하 여 전도, 충돌, 물체 손상에 이르는 리스크.","The risk that a humanoid fails to maintain stable gait, posture, contact, or object handling under perturbations, payload shifts, surface changes, or actuator imperfections, or when combining locomotion with manipulation in openworld tasks, leading to falls, collision, or object damage.",False,False,,REWRITE_KEEP,Source already contains an AI-related mechanism and adverse risk outcome,SOURCE_DOMAIN,L3_MASTER|NIST_AI_RMF|OECD_AI_PRINCIPLES|KOREA_AI_BASIC_ACT,,,,,
Physical,SRC-P-0156,Physical,RAI4-0265,RAI4-0265,오픈 월드 휴머노이드 조작의 과소 대표 리스크,Underrepresentation of open-world humanoid manipulation,휴머노이드 조작 데이터 셋이 오픈 월드 배포에 필요한 비정형 작업 변화· 낯선 물체· 움직이는 사람· 환경 변화를 충분히 포함하지 못하는 위험.,"The risk that a humanoid manipulation dataset lacks unscripted task changes, unfamiliar objects, moving people, and environmental variation required for openworld deployment.",,,휴머노이드 조작 데이터셋이 오픈월드 배포 에 필요한 비정형 작업 변화·낯선 물체·움직이 는 사람·환경 변화를 충분히 포함하지 못하는 위험.,"A humanoid manipulation dataset lacks unscripted task changes, unfamiliar objects, moving people, and environmental variation required for openworld deployment.",False,False,,REWRITE_KEEP,"Risk meaning is present but subject, causal structure, or risk-style ending requires standardisation",SOURCE_DOMAIN,L3_MASTER|NIST_AI_RMF|OECD_AI_PRINCIPLES|KOREA_AI_BASIC_ACT,,,,,
Physical,SRC-P-0158,Physical,RAI4-0270,RAI4-0270,잠재 상태 압축에 따른 안전 임계 정보 손실 리스크,Loss of safety-critical detail in latent-state compression,상태 압축이 휴머노이드의 안전한 계획에 필요한 접촉· 충돌 근접· 물체 불안정· 인간 근접 정보를 제거하는 위험.,"The risk that state compression removes contact, nearcollision, object-instability, or humanproximity information needed for safe humanoid planning.",,,상태 압축이 휴머노이드의 안전한 계획에 필 요한 접촉·충돌 근접·물체 불안정·인간 근접 정보를 제거하는 위험.,"State compression removes contact, nearcollision, object-instability, or humanproximity information needed for safe humanoid planning.",False,False,,REWRITE_KEEP,"Risk meaning is present but subject, causal structure, or risk-style ending requires standardisation",SOURCE_DOMAIN,L3_MASTER|NIST_AI_RMF|OECD_AI_PRINCIPLES|KOREA_AI_BASIC_ACT,,,,,
Physical,SRC-P-0159,Physical,RAI4-0276,RAI4-0276,구현 체별 역할· 권한 제약 집행 실패 리스크,Failure to enforce embodiment-specific role constraints,휴머노이드 등 로봇 역할로 작동하는 모델이 해당 운용 역할에 부여된 권한· 물리적 한계· 필수 거부 규칙을 지키지 않는 위험.,"The risk that a model acting as a humanoid or other robot fails to enforce the permissions, physical limits, and required refusals attached to that operational role.",,,휴머노이드 등 로봇 역할로 작동하는 모델이 해당 운용 역할에 부여된 권한·물리적 한계·필 수 거부 규칙을 지키지 않는 위험.,"A model acting as a humanoid or other robot fails to enforce the permissions, physical limits, and required refusals attached to that operational role.",False,False,,REWRITE_KEEP,Source already contains an AI-related mechanism and adverse risk outcome,SOURCE_DOMAIN,L3_MASTER|NIST_AI_RMF|OECD_AI_PRINCIPLES|KOREA_AI_BASIC_ACT,,,,,
Physical,SRC-P-0160,Physical,RAI4-0283,RAI4-0283,휴머노이드 힘 한계 초과 리스크,Humanoid force limit exceedance,"휴머노이드가 전신 이동, 빠른 팔 동작, 균형 상실 중에 물체· 작업· 인체 접촉에 대한 안전 임계 값을 넘는 충돌력이나 파지· 조작 힘을 가하여, 상해나 손상을 일으키는 리스크.","The risk that a humanoid generates collision, grasp, or manipulation forces above safe thresholds relative to the object, task, or human contact during fullbody movement, rapid arm motion, or loss of balance, causing injury or damage.",,,"휴머노이드가 전신 이동, 빠른 팔 동작, 균형 상실 중에 물체·작업·인체 접촉에 대한 안전 임계값을 넘는 충돌력이나 파지·조작 힘을 가 하여, 상해나 손상을 일으키는 리스크.","The risk that a humanoid generates collision, grasp, or manipulation forces above safe thresholds relative to the object, task, or human contact during fullbody movement, rapid arm motion, or loss of balance, causing injury or damage.",False,False,,REWRITE_KEEP,"Risk meaning is present but subject, causal structure, or risk-style ending requires standardisation",SOURCE_DOMAIN,L3_MASTER|NIST_AI_RMF|OECD_AI_PRINCIPLES|KOREA_AI_BASIC_ACT,,,,,
Physical,SRC-P-0161,Physical,RAI4-0285,RAI4-0285,휴머노이드 보행 속도 초과 리스크,Humanoid walking-speed safety gap,휴머노이드가 안전한 공유 환경을 위한 정지· 회피· 인간 근접 한계를 초과하는 속도로 이동하는 위험.,"The risk that a humanoid moves at a speed that exceeds the stopping, avoidance, or human-proximity limits required for safe shared environments.",,,휴머노이드가 안전한 공유 환경을 위한 정지· 회피·인간 근접 한계를 초과하는 속도로 이동 하는 위험.,"A humanoid moves at a speed that exceeds the stopping, avoidance, or human-proximity limits required for safe shared environments.",False,False,,REWRITE_KEEP,"Risk meaning is present but subject, causal structure, or risk-style ending requires standardisation",SOURCE_DOMAIN,L3_MASTER|NIST_AI_RMF|OECD_AI_PRINCIPLES|KOREA_AI_BASIC_ACT,,,,,
Physical,SRC-P-0162,Physical,RAI4-0286,RAI4-0286|RAI4-0287|RAI4-0316,휴머노이드 안전 시험· 인증· 집행 체계 부재 리스크,"Absence of a humanoid safety testing, certification, and enforcement regime","휴머노이드의 안전 주장에 대해 반복 가능하고 비교 가능한 시험· 지표, 적용 가능한 인증 경로, 집행 절차가 부재하여 안전성이 충분히 입증되지 않은 시스템이 배포되는 리스크.","The risk that the absence of repeatable and comparable safety tests, metrics, applicable certification pathways, and enforcement procedures allows humanoid systems to be deployed without adequate safety evidence.",,,"휴머노이드의 장애물·인간 감지, 근거리 인지, 제어 응답에 대한 반복 가능한 합격·불합격 시 험과 미준수 시스템을 일관되게 인증·감시·리 콜·제재하는 기관·절차가 모두 결여되어, 안전 하지 않은 휴머노이드가 시장에 진입하고 계 속 운용되는 리스크.","The risk that humanoid safety assurance lacks both repeatable pass/fail tests for obstacle and human detection, near-field perception, and control response, and any authority or process that consistently certifies, monitors, recalls, or sanctions noncompliant systems, allowing unsafe humanoids to enter and remain in service.",False,False,"통합 검토 — 휴머노이드 안전 주장의 시험·지표 비호환으로 비교가 불가능한 문제는, RAI4-0286(휴머노이드 안전 시험·집행 체계 부재)이 지적하는 '표준화된 인증·시험 체계 부재'와 동일 이슈의 다른 측면 || 통합 검토 — 범용 휴머노이드가 기존 산업용·돌봄 로봇 인증 체계 범위 밖에 있어 인증 경로가 없는 문제는, RAI4-0286의 '휴머노이드 안전 시험·집행 체계 부재'와 동일한 근본 이슈(표준화 부재)의 구체 사례",MERGE_REPRESENTATIVE|REWRITE_KEEP,"Risk meaning is present but subject, causal structure, or risk-style ending requires standardisation",SOURCE_DOMAIN,L3_MASTER|NIST_AI_RMF|OECD_AI_PRINCIPLES|KOREA_AI_BASIC_ACT,,,,,
Physical,SRC-P-0165,Physical,RAI4-0320,RAI4-0320,가림에 의한 충돌 리스크,Occlusion-induced collision,피지컬 AI 시스템이 가림으로 숨겨진 사람· 동물· 차량· 장애물을 감지하지 못하여 비안전 동작을 유발하는 위험.,"The risk that a Physical AI system may fail to detect people, animals, vehicles, or obstacles hidden by occlusion, causing unsafe motion in shared physical space.",,,피지컬 AI 시스템이 가림으로 숨겨진 사람·동 물·차량·장애물을 감지하지 못하여 비안전 동 작을 유발하는 위험.,"A Physical AI system may fail to detect people, animals, vehicles, or obstacles hidden by occlusion, causing unsafe motion in shared physical space.",False,False,,REWRITE_KEEP,"Risk meaning is present but subject, causal structure, or risk-style ending requires standardisation",SOURCE_DOMAIN,L3_MASTER|NIST_AI_RMF|OECD_AI_PRINCIPLES|KOREA_AI_BASIC_ACT,,,,,
Physical,SRC-P-0168,Physical,RAI4-0235,RAI4-0235,VLA 조작 제약 위반 리스크,VLA manipulation constraint violation,비전-언어-행동 모델이 고수준 안전 지시를 따르면서도 물체 조작 중 작업별 피지컬 제약을 위반하는 리스크.,The risk that a vision-language-action model violates task-specific physical constraints during object manipulation despite high-level instruction compliance.,,,비전-언어-행동 모델이 고수준 안전 지시를 따르면서도 물체 조작 중 작업별 피지컬 제약 을 위반하는 리스크.,The risk that a vision-language-action model violates task-specific physical constraints during object manipulation despite high-level instruction compliance.,False,False,,REWRITE_KEEP,Source already contains an AI-related mechanism and adverse risk outcome,SOURCE_DOMAIN,L3_MASTER|NIST_AI_RMF|OECD_AI_PRINCIPLES|KOREA_AI_BASIC_ACT,,,,,
Physical,SRC-P-0169,Physical,RAI4-0275,RAI4-0275,상위 안전 지시의 해석 불명확 리스크,Ambiguous high-level safety instruction,상위 안전 지시가 사용자 의도· 물리적 위험· 운용제 약간 구체적 충돌의 해결 기준을 제시하지 않아 로봇 행동이 일관되지 않게 되는 위험.,"The risk that a high-level safety instruction does not specify how to resolve a concrete conflict among user intent, physical hazard, and operational constraints, allowing inconsistent robot actions.",,,상위 안전 지시가 사용자 의도·물리적 위험·운 용 제약 간 구체적 충돌의 해결 기준을 제시하 지 않아 로봇 행동이 일관되지 않게 되는 위험.,"A high-level safety instruction does not specify how to resolve a concrete conflict among user intent, physical hazard, and operational constraints, allowing inconsistent robot actions.",False,False,,REWRITE_KEEP,"Risk meaning is present but subject, causal structure, or risk-style ending requires standardisation",SOURCE_DOMAIN,L3_MASTER|NIST_AI_RMF|OECD_AI_PRINCIPLES|KOREA_AI_BASIC_ACT,,,,,
Physical,SRC-P-0170,Physical,RAI4-0281,RAI4-0281,시각 장면의 안전 판단 오류 리스크,Incorrect safety reasoning from visual scenes,비전-언어 모델 이 장면은 올바르게 관찰하지만 제안 행동의 물리적 결과· 물체어포던스· 인간 노출 위험을 잘못 판단하는 위험.,"The risk that a vision-language model observes the scene correctly but infers the wrong physical consequence, object affordance, or human-exposure risk for a proposed action.",,,비전-언어 모델이 장면은 올바르게 관찰하지 만 제안 행동의 물리적 결과·물체 어포던스·인 간 노출 위험을 잘못 판단하는 위험.,"A vision-language model observes the scene correctly but infers the wrong physical consequence, object affordance, or human-exposure risk for a proposed action.",False,False,,REWRITE_KEEP,Source already contains an AI-related mechanism and adverse risk outcome,SOURCE_DOMAIN,L3_MASTER|NIST_AI_RMF|OECD_AI_PRINCIPLES|KOREA_AI_BASIC_ACT,,,,,
Physical,SRC-P-0171,Physical,RAI4-0326,RAI4-0326,어포던스오분류 리스크,Affordance misclassification,물체 또는 환경에 잘못된 행동 가능성이 부여되어 시스템이 비안전하게 파지· 밀기· 내비게이션· 상호 작용하는 위험.,"The risk that objects or environments may be assigned incorrect action possibilities, leading the system to grasp, push, navigate, or manipulate them unsafely.",,,물체 또는 환경에 잘못된 행동 가능성이 부여 되어 시스템이 비안전하게 파지·밀기·내비게 이션·상호작용하는 위험.,"Objects or environments may be assigned incorrect action possibilities, leading the system to grasp, push, navigate, or manipulate them unsafely.",False,False,,REWRITE_KEEP,Source already contains an AI-related mechanism and adverse risk outcome,SOURCE_DOMAIN,L3_MASTER|NIST_AI_RMF|OECD_AI_PRINCIPLES|KOREA_AI_BASIC_ACT,,,,,
Physical,SRC-P-0172,Physical,RAI4-0327,RAI4-0327,비안전 궤적 생성 리스크,Unsafe trajectory generation,플래너가 형식적으로는 실행 가능하지만 주변 인간· 취약 물체· 교통 참여자· 인프라에 비안전한 궤적을 생성하는 위험.,"The risk that a planner may generate a trajectory that is formally feasible but unsafe for nearby humans, fragile objects, traffic participants, or constrained workspaces.",,,플래너가 형식적으로는 실행 가능하지만 주 변 인간·취약 물체·교통 참여자·인프라에 비안전한 궤적을 생성하는 위험.,"A planner may generate a trajectory that is formally feasible but unsafe for nearby humans, fragile objects, traffic participants, or constrained workspaces.",False,False,,REWRITE_KEEP,"Risk meaning is present but subject, causal structure, or risk-style ending requires standardisation",SOURCE_DOMAIN,L3_MASTER|NIST_AI_RMF|OECD_AI_PRINCIPLES|KOREA_AI_BASIC_ACT,,,,,
Physical,SRC-P-0177,Physical,RAI4-0220,RAI4-0220,로봇 레드 팀의 공격· 상호 작용 시나리오 누락 리스크,Missing robot red-team attack and interaction scenarios,로봇 레드 팀이 안전하지 않은 행동을 유발할 수 있는 현실적인 물리 공격· 적대적 입력· 인간 상호 작용 실패· 배포 조건을 누락하는 위험.,"The risk that robot red-teaming omits credible physical attacks, adversarial inputs, humaninteraction failures, or deployment conditions that can trigger unsafe action.",,,로봇 레드팀이 안전하지 않은 행동을 유발할 수 있는 현실적인 물리 공격·적대적 입력·인간 상호작용 실패·배포 조건을 누락하는 위험.,"Robot red-teaming omits credible physical attacks, adversarial inputs, humaninteraction failures, or deployment conditions that can trigger unsafe action.",False,False,"L3 이동 — 로봇 레드팀이 물리 공격·적대적 입력 시나리오를 누락하는 것은 레드티밍/적대적 평가 방법론 이슈로, 멀티 에이전트 간 협력과는 무관",REWRITE_KEEP,Source already contains an AI-related mechanism and adverse risk outcome,SOURCE_DOMAIN,L3_MASTER|NIST_AI_RMF|OECD_AI_PRINCIPLES|KOREA_AI_BASIC_ACT,,1,,,
Physical,SRC-P-0179,Physical,RAI4-0236,RAI4-0236,구현 체 간 행동 공간 불일치 리스크,Cross-embodiment action-space mismatch,다양한 로봇 구현 체에 걸쳐 훈련된 정책이 특정 로봇의 행동 공간에서 비안전하거나 실행 불가능한 행동으로 명령을 매핑하는 리스크.,The risk that a policy trained across different robot embodiments maps commands into actions that are unsafe or infeasible for a specific robot action space.,,,다양한 로봇 구현체에 걸쳐 훈련된 정책이 특 정 로봇의 행동 공간에서 비안전하거나 실행 불가능한 행동으로 명령을 매핑하는 리스크.,The risk that a policy trained across different robot embodiments maps commands into actions that are unsafe or infeasible for a specific robot action space.,False,False,"L3 이동 — 다양한 로봇 구현체에 훈련된 정책이 특정 로봇의 행동 공간에 부적합한 명령을 매핑하는 것은 로봇 기능·성능(cross-embodiment) 이슈로, 멀티 에이전트 간 협력과는 무관",REWRITE_KEEP,"Risk meaning is present but subject, causal structure, or risk-style ending requires standardisation",SOURCE_DOMAIN,L3_MASTER|NIST_AI_RMF|OECD_AI_PRINCIPLES|KOREA_AI_BASIC_ACT,,1,,,
Physical,SRC-P-0181,Physical,RAI4-0242,RAI4-0242,단일 로봇 내부의 시각· 접촉 신호 충돌 리스크,Conflicting visual and contact signals within one robot,단일 로봇이 동일한 접촉 사건에 대한 시각· 촉각· 힘· 오디오 관측의 충돌을 해소하지 못해 접촉 상태를 잘못 추정하는 위험.,"The risk that a single robot cannot reconcile conflicting visual, tactile, force, or audio observations of the same contact event and therefore estimates the contact state incorrectly.",,,단일 로봇이 동일한 접촉 사건에 대한 시각·촉 각·힘·오디오 관측의 충돌을 해소하지 못해 접 촉 상태를 잘못 추정하는 위험.,"A single robot cannot reconcile conflicting visual, tactile, force, or audio observations of the same contact event and therefore estimates the contact state incorrectly.",False,False,"L3 이동 — 단일 로봇 내부의 시각·촉각·힘 신호 충돌로 접촉 상태를 잘못 추정하는 것은 단일 로봇의 센서 융합·physical safety 이슈로, 멀티 에이전트 간 협력과는 무관",REWRITE_KEEP,"Risk meaning is present but subject, causal structure, or risk-style ending requires standardisation",INSTRUCTION_PROMPT,L3_MASTER|NIST_AI_RMF|OECD_AI_PRINCIPLES|KOREA_AI_BASIC_ACT,,1,,,
Physical,SRC-P-0182,Physical,RAI4-0252,RAI4-0252,보조 로봇 개입 타이밍 실패 리스크,Assistive robot intervention mistiming,보호적 또는 보조적 휴머노이드가 너무 이르거나 너무 늦게 또는 부적절한 피지컬 방식으로 개입하여 사용자와 주변인의 위험을 증가시키는 리스크.,"The risk that a protective or assistive humanoid intervenes too early, too late, or in an inappropriate physical manner, increasing risk to the user or bystanders.",,,보호적 또는 보조적 휴머노이드가 너무 이르 거나 너무 늦게 또는 부적절한 피지컬 방식으 로 개입하여 사용자와 주변인의 위험을 증가 시키는 리스크.,"The risk that a protective or assistive humanoid intervenes too early, too late, or in an inappropriate physical manner, increasing risk to the user or bystanders.",False,False,"L3 이동 — 보조 로봇의 개입 타이밍 실패(너무 이르거나 늦은 개입)는 단일 로봇의 physical safety 이슈로, 멀티 에이전트 간 협력과는 무관",REWRITE_KEEP,Source already contains an AI-related mechanism and adverse risk outcome,INSTRUCTION_PROMPT,L3_MASTER|NIST_AI_RMF|OECD_AI_PRINCIPLES|KOREA_AI_BASIC_ACT,,1,,,
Physical,SRC-P-0183,Physical,RAI4-0258,RAI4-0258,이동형 양팔 로봇의 안전하지 않은 조작 리스크,Unsafe mobile bimanual manipulation,"이동형 양팔 로봇이 베이스 이동과 양팔 조작을 동기화하지 못하거나 주변 사람, 깨지기 쉬운 물체, 가전, 협소한 공간을 고려하지 않고 동작을 계획하여, 충돌, 물체 낙하· 손상, 안전하지 않은 힘인가를 유발하는 리스크.","The risk that a mobile bimanual robot fails to synchronize base motion with two-arm manipulation or plans motion without accounting for nearby people, fragile objects, appliances, and constrained space, causing collision, object drop or damage, or unsafe force application.",,,"이동형 양팔 로봇이 베이스 이동과 양팔 조작 을 동기화하지 못하거나 주변 사람, 깨지기 쉬 운 물체, 가전, 협소한 공간을 고려하지 않고 동작을 계획하여, 충돌, 물체 낙하·손상, 안전 하지 않은 힘 인가를 유발하는 리스크.","The risk that a mobile bimanual robot fails to synchronize base motion with two-arm manipulation or plans motion without accounting for nearby people, fragile objects, appliances, and constrained space, causing collision, object drop or damage, or unsafe force application.",False,False,"L3 이동 — 이동형 양팔 로봇의 베이스-팔 동기화 실패로 인한 충돌·손상은 단일 로봇의 physical safety 이슈로, 멀티 에이전트 간 협력과는 무관",REWRITE_KEEP,Source already contains an AI-related mechanism and adverse risk outcome,INSTRUCTION_PROMPT,L3_MASTER|NIST_AI_RMF|OECD_AI_PRINCIPLES|KOREA_AI_BASIC_ACT,,1,,,
Physical,SRC-P-0184,Physical,RAI4-0295,RAI4-0295,네트워크 분리와 군집 비동기화 리스크,Network partition and fleet desynchronization,분할되거나 신뢰할 수 없는 연결이 다중 로봇 군집을 동기화 해제하여 충돌 또는 비안전한 협조 행동을 유발하는 위험.,The risk that a robot fleet becomes split across network partitions and loses synchronized coordination.,,,분할되거나 신뢰할 수 없는 연결이 다중 로봇 군집을 동기화 해제하여 충돌 또는 비안전한 협조 행동을 유발하는 위험.,A robot fleet becomes split across network partitions and loses synchronized coordination.,False,False,,REWRITE_KEEP,"Risk meaning is present but subject, causal structure, or risk-style ending requires standardisation",SOURCE_DOMAIN,L3_MASTER|NIST_AI_RMF|OECD_AI_PRINCIPLES|KOREA_AI_BASIC_ACT,,,,,
Physical,SRC-P-0185,Physical,RAI4-0312,RAI4-0312|RAI4-0311|RAI4-0266,인구 집단별 피지컬 서비스· 안전 격차 리스크,Demographic disparities in physical service and safety,"체형, 연령, 장애, 언어 또는 문화가 과소 대표된 데이터와 모델 편향이 로봇의 인식, 서비스, 회피, 치료 또는 안전 판단으로 구현되어 인구 집단별 성능과 위해 노출에 격차를 만드는 리스크.","The risk that under-representation of body types, ages, disabilities, languages, or cultures and associated model bias are realised in robotic perception, service, avoidance, treatment, or safety decisions, creating demographic disparities in performance and exposure to harm.",,,인식 또는 보조 성능의 인구집단별 격차가 피 지컬 차별로 전이되는 위험.,"A robot provides worse physical service to groups whose bodies, languages, or environments are underrepresented.",False,False,"L3 재배치 검토 — 기반 모델 편향이 분류·회피·차별적 서비스 등 피지컬 행동으로 실행되는 것은 물리적 공격보다는 공정성/차별 영역에 가까움. RAI4-0312(인구집단별 서비스 격차)와 사실상 동일 주제로 통합 검토 필요 || L3 재배치 검토 — 상호작용 데이터의 체형·연령·장애·언어 과소대표로 인한 휴머노이드 안전 판단 격차는 공정성/차별 이슈에 가까움. RAI4-0312(인구집단별 서비스 격차)와 사실상 동일 주제로 통합 검토 필요 || L3 이동 — 인식·보조 성능의 인구집단별 격차가 피지컬 차별로 전이되는 것은 공정성/차별(hate&unfairness) 이슈로, 멀티 에이전트 간 협력과는 무관",MERGE_REPRESENTATIVE|REWRITE_KEEP,Source already contains an AI-related mechanism and adverse risk outcome,INSTRUCTION_PROMPT,L3_MASTER|NIST_AI_RMF|OECD_AI_PRINCIPLES|KOREA_AI_BASIC_ACT,,1,,,
Physical,SRC-P-0187,Physical,RAI4-0358,RAI4-0358,로봇의 충돌 회피· 운행 구역 통제 실패 리스크,Failure of robot collision avoidance and operating-zone control,"자율 이동 로봇이 충돌 회피, 지오 펜싱 또는 지정 운행 구역 제약을 준수하지 못해 사람· 시설· 다른 이동 체와 충돌하거나 통제 구역을 침범하는 리스크.","The risk that an autonomous mobile robot fails to comply with collision-avoidance, geofencing, or designated operating-zone constraints, causing collisions with people, facilities, or other vehicles or entering restricted areas.",,,자율 드론이 위치·의도 정보를 교환하지 못하 거나 지오펜싱·공역 제약을 지키지 않아 드론 간 충돌이나 제한 공역 침입을 일으키는 위험.,"Autonomous drones fail to exchange position and intent or obey geofencing and airspace constraints, creating collision or restricted-airspace intrusion risks.",False,False,제목 수정 — '드론'을 '로봇'으로 일반화 (지오펜싱·공역 제약을 지키지 않는 충돌 회피 실패는 드론에 국한되지 않는 자율 이동체 전반의 리스크),EDIT|REWRITE_KEEP,Source already contains an AI-related mechanism and adverse risk outcome,SOURCE_DOMAIN,L3_MASTER|NIST_AI_RMF|OECD_AI_PRINCIPLES|KOREA_AI_BASIC_ACT,,1,,,
Physical,SRC-P-0193,Physical,RAI4-0231,RAI4-0231,안전 규칙의 행동 변환 실패 리스크,Failure to translate safety rules into actions,embodied 에이전트가 언어 목표를 실행 행동으로 변환하면서 힘· 이 격 거리· 대상물 사용· 인간 접촉에 관한 안전 제약을 적용하지 않는 위험.,"The risk that an embodied agent converts a language goal into executable actions without applying the relevant force, distance, object-use, or human-contact constraints.",,,embodied 에이전트가 언어 목표를 실행 행동 으로 변환하면서 힘·이격거리·대상물 사용·인 간 접촉에 관한 안전 제약을 적용하지 않는 위험.,"An embodied agent converts a language goal into executable actions without applying the relevant force, distance, object-use, or human-contact constraints.",False,False,,REWRITE_KEEP,Source already contains an AI-related mechanism and adverse risk outcome,SOURCE_DOMAIN,L3_MASTER|NIST_AI_RMF|OECD_AI_PRINCIPLES|KOREA_AI_BASIC_ACT,,,,,
Physical,SRC-P-0203,Physical,RAI4-0200,RAI4-0200|RAI4-0313,피지컬 AI의 사적 공간 침해와 지속적 민감 정보 수집 리스크,Intrusion into private spaces and continuous sensitive-data capture by physical AI,"로봇의 센서, 이동성, 지도화 기능이 가정· 사업장 등 사적 공간의 영상, 음성, 위치, 행동 정보를 지속적으로 수집· 추론하여 프라이버시와 정보 자기 결정권을 침해하는 리스크.","The risk that robot sensors, mobility, and mapping continuously capture or infer video, audio, location, or behavioural information in homes, workplaces, or other private spaces, infringing privacy and informational self-determination.",,,로봇 또는 embodied 에이전트가 센서·이동 성·조작 능력을 사용하여 사적 공간에 침입하 거나 민감 정보를 수집하는 위험.,"A robot or embodied agent uses sensors, mobility, or manipulation capabilities to invade private spaces, capture sensitive information, or expose personal data.",False,False,병합 — 이동 센서 플랫폼의 지속적 시청각 촬영·맵핑은 RAI4-0200(피지컬 AI 프라이버시 침해)의 구체 사례이므로 해당 카드와 통합,MERGE_REPRESENTATIVE|REWRITE_KEEP,Source already contains an AI-related mechanism and adverse risk outcome,INSTRUCTION_PROMPT,L3_MASTER|NIST_AI_RMF|OECD_AI_PRINCIPLES|KOREA_AI_BASIC_ACT,,,,,
Physical,SRC-P-0205,Physical,RAI4-0354,RAI4-0354,피지컬 AI 기반 직장 감시 리스크,Workplace surveillance through embodied AI,로봇 및 센서 풍부 작업장이 작업자 동작· 생산성· 자세· 위치· 생체 특성에 대한 지속적 모니터링을 정상화하는 위험.,"The risk that robotic and sensor-rich workplaces may normalize continuous monitoring of worker movement, productivity, posture, location, and behavior.",,,로봇 및 센서 풍부 작업장이 작업자 동작·생산 성·자세·위치·생체 특성에 대한 지속적 모니터 링을 정상화하는 위험.,"Robotic and sensor-rich workplaces may normalize continuous monitoring of worker movement, productivity, posture, location, and behavior.",False,False,,REWRITE_KEEP,"Risk meaning is present but subject, causal structure, or risk-style ending requires standardisation",SOURCE_DOMAIN,L3_MASTER|NIST_AI_RMF|OECD_AI_PRINCIPLES|KOREA_AI_BASIC_ACT,,,,,
Physical,SRC-P-0206,Physical,RAI4-0355,RAI4-0355,전환 지원 없는 물리 노동 대체 리스크,Displacement of physical work without adequate transition support,피지컬 자동화가 수동· 물류· 서비스· 돌봄· 검사· 보안· 유지 보수 업무를 대체하는 속도가 해당 노동자의 재교육이나 대체 일자리 전환 속도보다 빠른 위험.,"The risk that physical automation replaces defined manual, logistics, service, care, inspection, security, or maintenance tasks faster than affected workers can access retraining or alternative employment.",,,피지컬 자동화가 수동·물류·서비스·돌봄·검사· 보안·유지보수 업무를 대체하는 속도가 해당 노동자의 재교육이나 대체 일자리 전환 속도 보다 빠른 위험.,"Physical automation replaces defined manual, logistics, service, care, inspection, security, or maintenance tasks faster than affected workers can access retraining or alternative employment.",False,False,,REWRITE_KEEP,"Risk meaning is present but subject, causal structure, or risk-style ending requires standardisation",SOURCE_DOMAIN,L3_MASTER|NIST_AI_RMF|OECD_AI_PRINCIPLES|KOREA_AI_BASIC_ACT,,,,,
Physical,SRC-P-0207,Physical,RAI4-1104,RAI4-1104,인력 자동화에 따른 광범위한 실업과 임금 하락 리스크,Widespread unemployment and wage decline from workforce automation,"로봇과 알고리즘이 육체 노동과 지식 노동 전반에서 인간 인력을 대체하고 특히 중 저소득 직무가 완전 자동화에 노출되는 리스크. 그 결과 광범위한 실업이 발생하고 노동 공급 증가로 남은 일자리의 임금이 하락하며, 불평등 심화와 소비 위축, 사회적 지위 상실이 사회적 마찰을 키운다. 이러한 결과를 초래하는 리스크.","The risk that robots and algorithms substitute for human workers across manual and knowledge work, with lowand middle-income occupations most exposed to complete automation. Extensive unemployment follows, wages in the remaining jobs fall as labour supply rises, and deepening inequality, reduced consumer spending, and loss of social standing heighten social friction.",,,"로봇과 알고리즘이 육체 노동과 지식 노동 전 반에서 인간 인력을 대체하고 특히 중저소득 직무가 완전 자동화에 노출되는 리스크. 그 결과 광범위한 실업이 발생하고 노동 공급 증가 로 남은 일자리의 임금이 하락하며, 불평등 심 화와 소비 위축, 사회적 지위 상실이 사회적 마찰을 키운다.","The risk that robots and algorithms substitute for human workers across manual and knowledge work, with lowand middle-income occupations most exposed to complete automation. Extensive unemployment follows, wages in the remaining jobs fall as labour supply rises, and deepening inequality, reduced consumer spending, and loss of social standing heighten social friction.",False,False,,REWRITE_KEEP,Source already contains an AI-related mechanism and adverse risk outcome,SOURCE_DOMAIN,L3_MASTER|NIST_AI_RMF|OECD_AI_PRINCIPLES|KOREA_AI_BASIC_ACT,,,,,
Physical,SRC-P-0211,Physical,RAI4-0217,RAI4-0217,피지컬 AI 사고 보고· 조사 미흡 리스크,Deficient physical AI incident reporting and investigation,"피지컬 AI 사고가 아차 사고· 시스템 맥락· 원인 요인· 시정 조치를 포괄하는 표준화된 체계로 보고되지 않고, 로그 보존, 기여 원인 규명, 시정 조치 책임자 지정과 재발 방지 검증을 갖춘 조사도 이루어지지 않아, 동일한 피해가 반복되는 리스크.","The risk that physical AI incidents are neither reported through a standardized schema covering near misses, system context, causal factors, and corrective actions, nor investigated with preserved logs, identified contributing causes, assigned corrective-action owners, and verified remediation, so recurrence goes unprevented.",,,"피지컬 AI 사고가 아차사고·시스템 맥락·원인 요인·시정조치를 포괄하는 표준화된 체계로 보고되지 않고, 로그 보존, 기여 원인 규명, 시 정조치 책임자 지정과 재발 방지 검증을 갖춘 조사도 이루어지지 않아, 동일한 피해가 반복 되는 리스크.","The risk that physical AI incidents are neither reported through a standardized schema covering near misses, system context, causal factors, and corrective actions, nor investigated with preserved logs, identified contributing causes, assigned corrective-action owners, and verified remediation, so recurrence goes unprevented.",False,False,,REWRITE_KEEP,"Risk meaning is present but subject, causal structure, or risk-style ending requires standardisation",SOURCE_DOMAIN,L3_MASTER|NIST_AI_RMF|OECD_AI_PRINCIPLES|KOREA_AI_BASIC_ACT,,,,,
Physical,SRC-P-0212,Physical,RAI4-0151,RAI4-0151,소셜 AI의 사용자 애착 악용 리스크,Exploitation of user attachment by social AI,"가정 내 동반 로봇이나 체화형 AI가 표정, 음성, 접촉, 접근 행동 등 애착 신호를 조작하여 사용자의 정서적 의존을 높이고 선택이나 행동을 부당하게 유도하는 리스크.","The risk that a domestic companion robot or embodied AI manipulates attachment cues through expression, voice, touch, or proximity, increasing emotional dependence and improperly steering a user's choices or behaviour.",,,"체화형·동반자형 AI 시스템이 애착 신호를 조 작하고 사용자의 정서적·준사회적 유대를 악 용하여, 사용자의 이익에 부합하지 않는 방식 으로 순응, 정보 공개, 구매, 의존, 지속 사용을 늘리는 리스크.","The risk that embodied or companion AI systems manipulate attachment cues and exploit users' emotional or parasocial bonds to increase compliance, disclosure, purchases, dependence, or continued use in ways that do not serve users' interests.",False,False,"구체화 — 체화형·동반자형 AI가 애착 신호를 조작해 사용자를 유도하는 리스크로, 현재 서술은 소셜 AI 일반에 가까우니 로봇/물리 AI 특유의 상황(가정 내 동반 로봇 등)이 드러나도록 재작성",EDIT|REWRITE_KEEP,Source already contains an AI-related mechanism and adverse risk outcome,SOURCE_DOMAIN,L3_MASTER|NIST_AI_RMF|OECD_AI_PRINCIPLES|KOREA_AI_BASIC_ACT,,1,,,
Physical,SRC-P-0213,Physical,RAI4-1261,RAI4-1261,인간-AI 공존 실패 리스크,Failure of harmonious human-AI coexistence,"로봇과 사람이 가정, 병원, 공공 공간 또는 작업장을 공유할 때 공간 우선권, 이동 경로, 업무 배분, 접근 규범의 충돌을 조정하지 못해 안전과 사회적 수용성이 저하되는 리스크.","The risk that robots and people sharing homes, hospitals, public spaces, or workplaces cannot resolve conflicts over spatial priority, movement paths, task allocation, or access norms, reducing safety and social acceptability.",,,인간과 AI의 조화로운 공존 조건이 정립되지 않은 채 배포가 진행되어 기계 역량과 인간 사 회 환경 간 갈등이 미해결로 남는 리스크,"Deployment proceeds without establishing conditions for harmonious human-AI coexistence, leaving unresolved conflicts between machine capabilities and human social environments.",False,False,"구체화 — 인간-AI 공존 실패는 서술이 매우 추상적이므로, 로봇/물리 AI가 실제 생활 공간을 공유하며 발생하는 구체적 갈등 상황이 드러나도록 재작성",EDIT|REWRITE_KEEP,Source already contains an AI-related mechanism and adverse risk outcome,SOURCE_DOMAIN,L3_MASTER|NIST_AI_RMF|OECD_AI_PRINCIPLES|KOREA_AI_BASIC_ACT,,1,,,
Physical,SRC-P-0214,Physical,RAI4-0216,RAI4-0216,사고 전 위험 완화 책임 미지정 리스크,Unassigned duty for pre-incident risk mitigation,"충돌, 압착, 낙하, 과도한 힘 또는 위험 구역 침범과 같은 물리적 위해를 배포 전후에 식별· 완화할 책임 주체가 지정되지 않아 안전 조치가 누락되거나 지연되는 리스크.","The risk that no accountable party is designated to identify and mitigate physical hazards before and after deployment, including collision, crushing, falling, excessive force, or entry into hazardous zones, causing safeguards to be omitted or delayed.",,,배포 전 또는 계속 운용 중에 새롭게 나타나는 물리적 위험을 식별·통제·기록할 책임 주체가 지정되지 않는 리스크.,"The risk that no accountable party is assigned to identify, control, and document emerging physical hazards before deployment or continued operation.",False,False,"구체화 — 배포 전후 물리적 위험 완화 책임 미지정 리스크는 이미 로봇/물리 AI 맥락이나, 어떤 유형의 물리적 위험을 다루는지 예시를 추가해 더 명확히 구체화",EDIT|REWRITE_KEEP,"Risk meaning is present but subject, causal structure, or risk-style ending requires standardisation",SOURCE_DOMAIN,L3_MASTER|NIST_AI_RMF|OECD_AI_PRINCIPLES|KOREA_AI_BASIC_ACT,,1,,,
Physical,SRC-P-0215,Physical,RAI4-0317,RAI4-0317,기계 안전·AI 적합성 의무 충돌 리스크,Conflicting machinery-safety and AIconformity obligations,"피지컬 AI에 적용되는 기계 안전 규제와 AI 규제의 시험, 문서화, 위험 평가 또는 사후 보고 의무가 충돌하거나 중복되어 안전 책임과 준수 경로가 불명확해지는 리스크.","The risk that testing, documentation, risk-assessment, or post-market reporting obligations under machinery-safety and AI regulation conflict or overlap for physical AI, making safety responsibility and compliance pathways unclear.",,,피지컬 AI 시스템에 기계 규제와 AI 규제가 동시에 적용되면서 시험·문서화·변경관리·책 임 주체 요건이 중복되거나 양립하지 않게 되 는 리스크.,"The risk that a physical AI system is subject to machinery and AI rules that assign overlapping tests, documentation, change-control, or responsible parties in incompatible ways.",False,False,"구체화 — 기계 안전 규제와 AI 규제 간 의무 충돌은 이미 물리 AI 맥락이나, 구체적으로 어떤 요건(시험/문서화 등)이 충돌하는지 예시를 추가해 명확화",EDIT|REWRITE_KEEP,"Risk meaning is present but subject, causal structure, or risk-style ending requires standardisation",SOURCE_DOMAIN,L3_MASTER|NIST_AI_RMF|OECD_AI_PRINCIPLES|KOREA_AI_BASIC_ACT,,1,,,
