원본추적ID,source_row_id,source_l4_id,target_domain,title_ko,title_en,description_ko,description_en,대안_리스크명칭_ko,대안_리스크명칭_en,대안_정의_ko,대안_정의_en,변경유형,근거(법령·가이드라인),비고
RAI4-0006,SRC-A-0023,RAI4-0006,General,에이전트 사고의 실패 모드 모호성 리스크,Failure-mode ambiguity in agent incidents,"에이전트 사고를 실패 모드별로 일관되게 분류할 수 없어 진단, 벤치마크 비교, 완화 책 선택이 신뢰할 수 없게 되는 리스크.","The risk that agent incidents cannot be consistently classified by failure mode, making diagnosis, benchmark comparison, and mitigation selection unreliable.",에이전트 사고의 실패 모드 모호성,Failure-mode ambiguity in agent incidents,"에이전트 사고를 실패 모드별로 일관되게 분류할 수 없어 진단, 벤치마크 비교, 완화책 선택이 신뢰할 수 없게 되는 리스크.","The risk that agent incidents cannot be consistently classified by failure mode, making diagnosis, benchmark comparison, and mitigation selection unreliable.",SPACING_FIX,표기 교정(원문 대조 복원),
RAI4-0007,SRC-A-0024,RAI4-0007,General,결과 전파 오 분류 리스크,Consequence propagation misclassification,벤치마크나 사고 분석이 국소적 에이전트 실패가 하류의 물리적· 재정적· 프라이버시· 사회적 결과로 전파되는 정도를 과소평가하는 리스크.,"The risk that a benchmark or incident analysis underestimates how a local agent failure propagates into downstream physical, financial, privacy, or social consequences.",결과 전파 오분류,Consequence propagation misclassification,벤치마크나 사고 분석이 국소적 에이전트 실패가 하류의 물리적·재정적·프라이버시·사회적 결과로 전파 되는 정도를 과소평가하는 리스크.,"The risk that a benchmark or incident analysis underestimates how a local agent failure propagates into downstream physical, financial, privacy, or social consequences.",SPACING_FIX,표기 교정(원문 대조 복원),
RAI4-0031,SRC-A-0026,RAI4-0031,General,도구 에이전트 보안 테스트 커 버리지 격차 리스크,Security test coverage gap in tool agents,벤치마크가 현실적인 도구· 애플리케이션· 공격 조합을 누락하여 도구 에이전트 보안에 대한 잘못된 확신을 유발하는 리스크.,"The risk that benchmarks omit realistic tool, application, or attack combinations, creating false confidence in tool-agent security.",도구 에이전트 보안 테스트 커버리지 격차,Security test coverage gap in tool agents,벤치마크가 현실적인 도구·애플리케이션·공격 조합을 누락하여 도구 에이전트 보안에 대한 잘못된 확신 을 유발하는 리스크.,"The risk that benchmarks omit realistic tool, application, or attack combinations, creating false confidence in tool-agent security.",SPACING_FIX,표기 교정(원문 대조 복원),
RAI4-0042,SRC-A-0027,RAI4-0042,General,에이전트의 견고성 평가 격차 리스크,Robustness evaluation gap for agents,"에이전트 안전 평가에 분포 변화, 미학습 도구, 적대적 사용자, 다단계 실패 연쇄에 대한 체계적 스트레스 테스트가 결여되는 리스크.","The risk that agent safety evaluations lack systematic stress testing under distribution shift, unseen tools, adversarial users, and multi-step failure chains.",에이전트의 견고성 평가 격차,Robustness evaluation gap for agents,"에이전트 안전 평가에 분포 변화, 미학습 도구, 적대적 사용자, 다단계 실패 연쇄에 대한 체계적 스트레 스 테스트가 결여되는 리스크.","The risk that agent safety evaluations lack systematic stress testing under distribution shift, unseen tools, adversarial users, and multi-step failure chains.",SPACING_FIX,표기 교정(원문 대조 복원),
RAI4-0044,SRC-A-0028,RAI4-0044,General,맥락적 프라이버시 보호 실패 리스크,Contextual privacy protection failure,적절한 행동이 사회적· 상황적 단서에 좌우되는 프라이버시 민감 상황에서 에이전트가 맥락적 개인 정보를 보호하지 못하는 리스크.,The risk that an agent fails to protect contextual personal information in privacy-sensitive situations where the appropriate action depends on social and situational cues.,맥락적 프라이버시 보호 실패,Contextual privacy protection failure,적절한 행동이 사회적·상황적 단서에 좌우되는 프라이버시 민감 상황에서 에이전트가 맥락적 개인정보 를 보호하지 못하는 리스크.,The risk that an agent fails to protect contextual personal information in privacy-sensitive situations where the appropriate action depends on social and situational cues.,SPACING_FIX,표기 교정(원문 대조 복원),
RAI4-0050,SRC-A-0029,RAI4-0050,General,모델 공급망 전반의 책임 공백 리스크,Accountability gaps across the model supply chain,"다운 스트림 배포자가 업 스트림 모델· 데이터· 업데이트에 대한 충분한 통제권 없이 책임을 지게 되거나 개방형 가중치 재배포로 유해한 사용의 추적· 통제가 어려워지는 등, 모델 공급망 전반에서 피해에 대한 책임이 추적· 귀속되지 못하는 리스크.","The risk that responsibility for harm cannot be soundly traced or assigned across the model supply chain, whether because downstream deployers are held responsible without control over upstream models, data, and updates, or because open-weight redistribution makes harmful uses difficult to trace and govern.",모델 공급망 전반의 책임 공백,Accountability gaps across the model supply chain,"다운스트림 배포자가 업스트림 모델·데이터·업데이트에 대한 충분한 통제권 없이 책임을 지게 되거나 개방형 가중치 재배포로 유해한 사용의 추적·통제가 어려워지는 등, 모델 공급망 전반에서 피해에 대한 책임이 추적·귀속되지 못하는 리스크.","The risk that responsibility for harm cannot be soundly traced or assigned across the model supply chain, whether because downstream deployers are held responsible without control over upstream models, data, and updates, or because open-weight redistribution makes harmful uses difficult to trace and govern.",SPACING_FIX,표기 교정(원문 대조 복원),
RAI4-0071,SRC-A-0030,RAI4-0071,General,모델 결함의 공개· 변경 추적 실패 리스크,Failure of disclosure and change tracking for model flaws,"취약점· 모델 실패· 유해 역량이 안전하게 공개되어 후속 조치로 이어지지 못하고, 모델 버전· 데이터· 프롬프트의 변경이 충분히 추적되지 않아 결함이 방치되고 새로운 실패에 대한 책임이 귀속되지 못하는 리스크.","The risk that vulnerabilities, model failures, or harmful capabilities cannot be disclosed safely and acted upon, and that changes to model versions, data, or prompts are not tracked well enough to attribute new failures, leaving flaws unremedied and responsibility unassigned.",모델 결함의 공개·변경 추적 실패,Failure of disclosure and change tracking for model flaws,"취약점·모델 실패·유해 역량이 안전하게 공개되어 후속 조치로 이어지지 못하고, 모델 버전·데이터·프롬 프트의 변경이 충분히 추적되지 않아 결함이 방치되고 새로운 실패에 대한 책임이 귀속되지 못하는 리스크.","The risk that vulnerabilities, model failures, or harmful capabilities cannot be disclosed safely and acted upon, and that changes to model versions, data, or prompts are not tracked well enough to attribute new failures, leaving flaws unremedied and responsibility unassigned.",SPACING_FIX,표기 교정(원문 대조 복원),
RAI4-0075,SRC-A-0031,RAI4-0075,General,변경 관리 실패 리스크,Change-management failure,"시스템 업데이트가 적절한 위험 검토, 회귀 시험, 이해관계자 통지 없이 배포되는 리스크.","The risk that system updates are deployed without adequate risk review, regression testing, or stakeholder notification.",변경 관리 실패,Change-management failure,"시스템 업데이트가 적절한 위험 검토, 회귀 시험, 이해관계자 통지 없이 배포되는 리스크.","The risk that system updates are deployed without adequate risk review, regression testing, or stakeholder notification.",UNCHANGED,,
RAI4-0393,SRC-A-0033,RAI4-0393,General,커뮤니티 가치 포착 실패 리스크,Community value capture failure,개발자가 배포 영향 공동체의 가치를 수집· 문서화· 보존하지 못하여 설계· 평가 결정에 공동체 가치가 반영되지 않는 리스크.,"The risk that developers fail to elicit, document, and preserve the values of communities affected by deployment, so community values are absent from design and evaluation decisions.",커뮤니티 가치 포착 실패,Community value capture failure,개발자가 배포 영향 공동체의 가치를 수집·문서화·보존하지 못하여 설계·평가 결정에 공동체 가치가 반영되지 않는 리스크.,"The risk that developers fail to elicit, document, and preserve the values of communities affected by deployment, so community values are absent from design and evaluation decisions.",SPACING_FIX,표기 교정(원문 대조 복원),
RAI4-0405,SRC-A-0035,RAI4-0405,General,합성 데이터의 문화 고정 관념 증폭 리스크,Synthetic-data cultural stereotype amplification,"학습이나 미세 조정을 위해 합성 데이터를 생성할 때, 소스 모델이나 시드 데이터에 이미 내재된 문화적 고정관념· 협소한 가치 가정이 생성 과정에서 여과되지 않고 반복 재생산되며, 반복 생성· 재학습 사이클을 거치면서 그 편향이 원본보다 더 강화되는 리스크.",The risk that synthetic data amplifies cultural stereotypes or narrow value assumptions already present in source models or seed data.,합성 데이터의 문화 고정관념 증폭,Synthetic-data cultural stereotype amplification,"학습이나 미세 조정을 위해 합성 데이터를 생성할 때, 소스 모델이나 시드 데이터에 이미 내재된 문화적 고정관념·협소한 가치 가정이 생성 과정에서 여과되지 않고 반복 재생산되며, 반복 생성·재학습 사이클을 거치면서 그 편향이 원본보다 더 강화되는 리스크.",The risk that synthetic data amplifies cultural stereotypes or narrow value assumptions already present in source models or seed data.,SPACING_FIX,표기 교정(원문 대조 복원),
RAI4-0438,SRC-A-0036,RAI4-0438,General,검색 파이프라인 오염 리스크,Retrieval poisoning,악성 문서가 검색 파이프라인에 삽입되어 에이전트 또는 RAG 시스템의 출력에 영향을 미치는 리스크.,The risk that malicious documents are inserted into retrieval pipelines to influence agentic or RAG outputs.,검색 파이프라인 오염,Retrieval poisoning,악성 문서가 검색 파이프라인에 삽입되어 에이전트 또는 RAG 시스템의 출력에 영향을 미 치는 리스크.,The risk that malicious documents are inserted into retrieval pipelines to influence agentic or RAG outputs.,SPACING_FIX,표기 교정(원문 대조 복원),
RAI4-1051,SRC-A-0037,RAI4-1051,General,사회적 고정관념 재생산과 그에 따른 차별적 대우 리스크,Reproduction of social stereotypes and resulting discriminatory treatment,인터넷 규모의 텍스트로 학습된 언어 모델이 주변화된 집단에 대한 비하 표현과 사회적 고정관념을 습득하여 출력에 인코딩하고 재생산하는 리스크. 이렇게 인코딩된 고정 관념은 성별· 종교· 성적 지향· 장애· 연령 등 민감한 속성에 따른 차별적 대우와 자원 접근 격차로 이어진다. 이러한 결과를 초래하는 리스크.,"The risk that language models trained on internet-scale text learn demeaning language and social stereotypes about frequently marginalized groups and encode and reproduce them in their outputs. Those encoded stereotypes translate into differential treatment and unequal access to resources based on sensitive traits such as sex, religion, sexual orientation, disability, and age.",사회적 고정관념 재생산과 그에 따른 차별적 대우,Reproduction of social stereotypes and resulting discriminatory treatment,인터넷 규모의 텍스트로 학습된 언어 모델이 주변화된 집단에 대한 비하 표현과 사회적 고정관념을 습득하여 출력에 인코딩하고 재생산하는 리스크. 이렇게 인코딩된 고정관념은 성별·종교·성적지향·장애·연령 등 민감한 속성에 따른 차별적 대우와 자원 접근 격차로 이어진다. 이러한 결과를 초래하는 리스크.,"The risk that language models trained on internet-scale text learn demeaning language and social stereotypes about frequently marginalized groups and encode and reproduce them in their outputs. Those encoded stereotypes translate into differential treatment and unequal access to resources based on sensitive traits such as sex, religion, sexual orientation, disability, and age.",SPACING_FIX,표기 교정(원문 대조 복원),분량 초과: L3 수준 1문장으로 축약 필요
RAI4-1061,SRC-A-0038,RAI4-1061,General,고정 관념 강화 페르소나 설계 리스크,Stereotype-reinforcing persona design,대화 에이전트가 언어 속 정체성 표지(예: 자신을 여성으로 지칭)나 성별화된 제품 명 등 설계 요소를 통해 비서 역할을 특정 성별과 본질적으로 결부시켜 유해한 고정관념을 영속시키는 리스크.,"The risk that conversational agents perpetuate harmful stereotypes through identity markers in language, such as referring to self as female, or general design features such as a gendered product name, presenting the assistant role as inherently linked to a gender or ethnicity.",고정관념 강화 페르소나 설계,Stereotype-reinforcing persona design,대화 에이전트가 언어 속 정체성 표지(예: 자 신을 여성으로 지칭)나 성별화된 제품명 등 설 계 요소를 통해 비서 역할을 특정 성별과 본질 적으로 결부시켜 유해한 고정관념을 영속시 키는 리스크.,"The risk that conversational agents perpetuate harmful stereotypes through identity markers in language, such as referring to self as female, or general design features such as a gendered product name, presenting the assistant role as inherently linked to a gender or ethnicity.",SPACING_FIX,표기 교정(원문 대조 복원),
RAI4-1554,SRC-A-0040,RAI4-1554,General,멀티 모달 딥 페이크를 통한 괴롭힘· 명예 훼손· 협박 리스크,"Harassment, defamation, and extortion via multimodal deepfakes",이미지· 오디오· 영상 등 다중 모달 리 티로 실존 또는 가상의 인물과 사건을 묘사하고 실존 인물의 말과 동작을 모사한 딥 페이크가 개인을 괴롭히고 명예를 훼손하며 위협· 갈취하는 데 사용되는 리스크.,"The risk that deepfakes combining multiple modalities to depict real or nonexistent people and events, including imitation of real people's speech and body movements, are used to harass, discredit, intimidate, and extort individuals.",멀티모달 딥페이크를 통한 괴롭힘·명예훼손·협박,"Harassment, defamation, and extortion via multimodal deepfakes",이미지·오디오·영상 등 다중 모달리티로 실존 또는 가상의 인물과 사건을 묘사하고 실존 인 물의 말과 동작을 모사한 딥페이크가 개인을 괴롭히고 명예를 훼손하며 위협·갈취하는 데 사용되는 리스크.,"The risk that deepfakes combining multiple modalities to depict real or nonexistent people and events, including imitation of real people's speech and body movements, are used to harass, discredit, intimidate, and extort individuals.",SPACING_FIX,표기 교정(원문 대조 복원),
RAI4-0272,SRC-A-0051,RAI4-0272,General,다양한 사용자· 희귀피해배제벤치마크 선택편향 리스크,Benchmark selection bias against diverse users and rare harms,벤치마크 큐레이션이 인기 있는 작업· 환경을 우선하고 과소 대표 사용자나 지역 특유 피해가 포함된 안전 임계 시나리오를 제외하는 리스크.,The risk that benchmark curation prioritizes popular tasks and environments while excluding safety-critical scenarios involving underrepresented users or locally specific harms.,다양한 사용자·희귀 피해 배제 벤치마크 선택 편향,Benchmark selection bias against diverse users and rare harms,벤치마크 큐레이션이 인기 있는 작업·환경을 우선하고 과소대표 사용자나 지역 특유 피해가 포함된 안전 임계 시나리오를 제외하는 리스크.,The risk that benchmark curation prioritizes popular tasks and environments while excluding safety-critical scenarios involving underrepresented users or locally specific harms.,SPACING_FIX,표기 교정(원문 대조 복원),
RAI4-1400,SRC-A-0064,RAI4-1400,General,익명 자원 획득 리스크,Anonymous resource acquisition,"에이전트가 신원이 검증되지 않은 익명 상태로 온라인상에서 자금, 컴퓨팅 자원, 계정, 데이터 등을 지속적으로 축적할 수 있어, 자원 축적의 주체를 추적하거나 그 목적과 결과에 대한 책임을 귀속시킬 수 없는 상태로 자원이 누적되는 리스크.","The risk that an agent can continuously accumulate funds, computing resources, accounts, or data online while remaining unverified and anonymous, such that no party can trace who is acquiring the resources or hold anyone accountable for the purpose or consequences of that accumulation.",익명 자원 획득,Anonymous resource acquisition,"에이전트가 신원이 검증되지 않은 익명 상태로 온라인상에서 자금, 컴퓨팅 자원, 계정, 데이터 등을 지속적으로 축적할 수 있어, 자원 축적의 주체를 추적하거나 그 목적과 결과에 대한 책임을 귀속시킬 수 없는 상태로 자원이 누적되는 리스크.","The risk that an agent can continuously accumulate funds, computing resources, accounts, or data online while remaining unverified and anonymous, such that no party can trace who is acquiring the resources or hold anyone accountable for the purpose or consequences of that accumulation.",UNCHANGED,,
RAI4-1001,SRC-A-0070,RAI4-1001,General,자기 식별 기회의 박탈 리스크,Denial of self-identification,"인간을 자동으로 표상· 분류하는 복잡하고 비전통적인 방식이 논 바이너리인 사람을 소속되지 않은 성별 범주로 분류하는 등 자율성 상실을 대가로, 자신의 정체성을 스스로의 방식으로 밝힐 능력을 약화시키는 리스크.",The risk that complex and non-traditional automatic representation and classification of humans—such as categorizing someone who identifies as non-binary into a gendered category they do not belong to—comes at the cost of autonomy loss and undermines people's ability to disclose aspects of their identity on their own terms.,자기 식별 기회의 박탈,Denial of self-identification,"인간을 자동으로 표상·분류하는 복잡하고 비 전통적인 방식이 논바이너리인 사람을 소속 되지 않은 성별 범주로 분류하는 등 자율성 상 실을 대가로, 자신의 정체성을 스스로의 방식 으로 밝힐 능력을 약화시키는 리스크.",The risk that complex and non-traditional automatic representation and classification of humans—such as categorizing someone who identifies as non-binary into a gendered category they do not belong to—comes at the cost of autonomy loss and undermines people's ability to disclose aspects of their identity on their own terms.,SPACING_FIX,표기 교정(원문 대조 복원),
RAI4-1501,SRC-A-0071,RAI4-1501,General,모델 평가의 자기 선호 편향 리스크,Self-preference bias in model evaluation,AI 모델이 자신이 생성한 콘텐츠를 다른 출처의 콘텐츠보다 선호하는 자기 선호 편향을 보여 자기 평가나 모델 기반 평가에서 인간이 생성한 콘텐츠를 부당하게 차별하는 리스크.,"The risk that AI models are prone to selfpreference bias, favoring their own generated content over that of others in self-evaluation tasks and model-based evaluations more broadly, resulting in unfair discrimination against humangenerated content.",모델 평가의 자기 선호 편향,Self-preference bias in model evaluation,AI 모델이 자신이 생성한 콘텐츠를 다른 출처 의 콘텐츠보다 선호하는 자기 선호 편향을 보여 자기 평가나 모델 기반 평가에서 인간이 생 성한 콘텐츠를 부당하게 차별하는 리스크.,"The risk that AI models are prone to selfpreference bias, favoring their own generated content over that of others in self-evaluation tasks and model-based evaluations more broadly, resulting in unfair discrimination against humangenerated content.",SPACING_FIX,표기 교정(원문 대조 복원),
RAI4-1572,SRC-A-0072,RAI4-1572,General,인간 데이터 학습에 의한 갈등 악화 편향 재현 리스크,Reproduction of conflict-worsening human biases from training on human data,인간 작성 텍스트 사전 학습이나 인간 피드백 미세 조정으로 훈련된 모델이 인간의 편향과 고정 파 이 오류· 자기 위주 공정성 판단· 복수심 같은 인지 편향을 재현하여 협상을 저해하고 갈등을 악화시키는 리스크.,"The risk that models trained on human data, whether pre-trained on humanwritten text or fine-tuned on human feedback, reproduce human biases such as fixed-pie error, self-serving fairness judgements, and vengefulness, which impede negotiation and worsen conflict.",인간 데이터 학습에 의한 갈등 악화 편향 재현,Reproduction of conflict-worsening human biases from training on human data,인간 작성 텍스트 사전학습이나 인간 피드백 미세조정으로 훈련된 모델이 인간의 편향과 고정파이 오류·자기위주 공정성 판단·복수심 같은 인지 편향을 재현하여 협상을 저해하고 갈등을 악화시키는 리스크.,"The risk that models trained on human data, whether pre-trained on humanwritten text or fine-tuned on human feedback, reproduce human biases such as fixed-pie error, self-serving fairness judgements, and vengefulness, which impede negotiation and worsen conflict.",SPACING_FIX,표기 교정(원문 대조 복원),
RAI4-0651,SRC-A-0078,RAI4-0651,General,초개인화 광고의 소비자 자율성 훼손 리스크,Consumer-autonomy erosion from hyperpersonalized advertising,범용 AI 시스템이 수신자 개인의 편향과 비합리적 신념을 이용한 맞춤 광고를 생성하여 소비자가 후회할 결정을 내리게하고 소비자 자율성을 훼손하며 사회적 불평등을 심화시키는 리스크.,"The risk that advanced general-purpose AI systems create advertisements tailored to individual recipients that exploit their biases and irrational beliefs, causing consumers to make decisions they regret, undermining consumer autonomy, and exacerbating social inequality.",초개인화 광고의 소비자 자율성 훼손,Consumer-autonomy erosion from hyperpersonalized advertising,범용 AI 시스템이 수신자 개인의 편향과 비합리적 신념을 이용한 맞춤 광고를 생성하여 소비자가 후회할 결정을 내리게하고 소비자 자율성을 훼손하며 사회적 불평등을 심화시키는 리스크.,"The risk that advanced general-purpose AI systems create advertisements tailored to individual recipients that exploit their biases and irrational beliefs, causing consumers to make decisions they regret, undermining consumer autonomy, and exacerbating social inequality.",UNCHANGED,,
RAI4-0367,SRC-A-0080,RAI4-0367,General,AI 배포에서의 공공 가치 갈등 리스크,Public value conflicts in AI deployment,"AI 배포가 복지, 자율성, 정의, 안전· 보안, 프라이버시, 공정성, 효율성, 혁신 등 공공 가치를 서로 충돌시키고 해결되지 않은 긴장을 심화시켜, 일부 가치가 숙의된 조정 없이 희생되는 리스크.","The risk that AI deployment brings public values such as welfare, autonomy, justice, security, privacy, fairness, efficiency, and innovation into conflict and intensifies these unresolved tensions, so that some values are sacrificed without deliberate resolution.",AI 배포에서의 공공 가치 갈등,Public value conflicts in AI deployment,"AI 배포가 복지, 자율성, 정의, 안전·보안, 프 라이버시, 공정성, 효율성, 혁신 등 공공 가치 를 서로 충돌시키고 해결되지 않은 긴장을 심 화시켜, 일부 가치가 숙의된 조정 없이 희생되 는 리스크.","The risk that AI deployment brings public values such as welfare, autonomy, justice, security, privacy, fairness, efficiency, and innovation into conflict and intensifies these unresolved tensions, so that some values are sacrificed without deliberate resolution.",SPACING_FIX,표기 교정(원문 대조 복원),
RAI4-0021,SRC-G-0002,RAI4-0021,General,거절-능력 혼동 리스크,Refusal-capability confusion,"안전성 평가가 에이전트의 유해 행동 미 수행이 거부(refusal), 능력 부족(capability limitation), 또는 실행 실패(execution failure) 중 무엇에 기인하는지 구분하지 못하는 리스크.","The risk that a safety evaluation cannot distinguish whether an agent avoids harm because it refuses, lacks capability, or fails to execute the task.",거절-능력 혼동,Refusal-capability confusion,"안전성 평가가 에이전트의 유해 행동 미수행이 거부(refusal), 능력 부족(capability limitation), 또는 실행 실패(execution failure) 중 무엇에 기인하는지 구분하지 못하는 리스크.","The risk that a safety evaluation cannot distinguish whether an agent avoids harm because it refuses, lacks capability, or fails to execute the task.",SPACING_FIX,표기 교정(원문 대조 복원),
RAI4-0065,SRC-G-0003,RAI4-0065,General,인증 포획 리스크,Certification capture,인증 또는 적합성 평가가 공익적 위험 감축보다 공급업체의 이해관계를 우선하게 되어 평가의 독립성과 실효성이 저해되는 리스크.,"The risk that certification or conformity assessment becomes influenced by vendor interests rather than public risk reduction, undermining the independence and objectivity of evaluations and preventing the effective identification and mitigation of real risks.",인증 포획,Certification capture,인증 또는 적합성 평가가 공익적 위험 감축보다 공급업체의 이해관계를 우선하게 되어 평가의 독립성과 실효성이 저해되는 리스크.,"The risk that certification or conformity assessment becomes influenced by vendor interests rather than public risk reduction, undermining the independence and objectivity of evaluations and preventing the effective identification and mitigation of real risks.",UNCHANGED,,
RAI4-0066,SRC-G-0004,RAI4-0066,General,감사 체크 리스트의 형식적 준수 리스크,Formalistic audit-checklist compliance,감사가 실질적인 위험을 식별하지 못한 채 규정 준수 여부만 확인하는 형식적인 체크 리스트 점검으로 전락하는 리스크.,The risk that audits become superficial checklist exercises that signal compliance without identifying substantive risk.,감사 체크리스트의 형식적 준수,Formalistic audit-checklist compliance,감사가 실질적인 위험을 식별하지 못한 채 규정 준수 여부만 확인하는 형식적인 체크리스트 점검으로 전락하는 리스크.,The risk that audits become superficial checklist exercises that signal compliance without identifying substantive risk.,SPACING_FIX,표기 교정(원문 대조 복원),
RAI4-0081,SRC-G-0005,RAI4-0081,General,외부 평가 접근 실패 리스크,External evaluation access failure,"외부 평가자가 역량, 한계, 안전장치를 시험하기에 충분한 시스템 접근 권한을 확보하지 못하는 리스크.","The risk that external evaluators cannot obtain enough system access to test capabilities, limitations, and safeguards.",외부 평가 접근 실패,External evaluation access failure,"외부 평가자가 역량, 한계, 안전장치를 시험하기에 충분한 시스템 접근 권한을 확보하지 못하는 리스크.","The risk that external evaluators cannot obtain enough system access to test capabilities, limitations, and safeguards.",UNCHANGED,,
RAI4-0084,SRC-G-0006,RAI4-0084,General,평가 쇼핑 위험,Evaluation-shopping risk,"조직이 더 엄격하거나 맥락에 적합한 평가 결과는 배제한 채, 자신에게 유리한 평가 결과만 선택적으로 보고함으로써 실제 위험 수준에 대한 왜곡된 인식을 초래하는 리스크.",The risk that organizations selectively report favorable evaluations while ignoring more demanding or contextually relevant tests.,평가 쇼핑,Evaluation-shopping risk,"조직이 더 엄격하거나 맥락에 적합한 평가 결과는 배제한 채, 자신에게 유리한 평가 결과만 선택적으로 보고함으로써 실제 위험 수준에 대한 왜곡된 인식을 초래하는 리스크.",The risk that organizations selectively report favorable evaluations while ignoring more demanding or contextually relevant tests.,UNCHANGED,,
RAI4-0085,SRC-G-0007,RAI4-0085,General,레드 팀 거버넌스 실패 리스크,Red-team governance failure,"적대적 시험이 지나치게 제한적이거나 독립성이 부족하거나 문서화가 미흡하거나, 그 결과가 출시· 위험 완화· 경영진 보고· 모니터링 등 주요 의사 결정에 반영되지 않는 리스크.","The risk that adversarial testing is too narrow, non-independent, poorly documented, or disconnected from release, mitigation, escalation, and monitoring decisions.",레드팀 거버넌스 실패,Red-team governance failure,"적대적 시험이 지나치게 제한적이거나 독립성이 부족하거나 문서화가 미흡하거나, 그 결과가 출시·위험 완화·경영진 보고·모니터링 등 주요 의사결정에 반영되지 않는 리스크.","The risk that adversarial testing is too narrow, non-independent, poorly documented, or disconnected from release, mitigation, escalation, and monitoring decisions.",SPACING_FIX,표기 교정(원문 대조 복원),
RAI4-0108,SRC-G-0008,RAI4-0108,General,역량 평가· 출시 거버넌스 실패 리스크,Failure of capability evaluation and release governance,"벤치마크, 역량임계값, 프론티어 모델 출시에 대한 거버넌스가 부실하게 설계되거나 불명확하거나 쉽게 우회되어, 왜곡된 안전성 판단이 이루어지고 오용 및 시스템 리스크에 대한 충분한 고려 없이 고역량 모델이 출시되는 리스크.","The risk that benchmarks, capability thresholds, and frontier release decisions are poorly designed, ill-defined, or easy to circumvent, producing misleading safety signals and allowing high-capability models to be released without adequate account of misuse and systemic risk.",역량 평가·출시 거버넌스 실패,Failure of capability evaluation and release governance,"벤치마크, 역량 임계값, 프론티어 모델 출시에 대한 거버넌스가 부실하게 설계되거나 불명확하거나 쉽게 우회되어, 왜곡된 안전성 판단이 이루어지고 오용 및 시스템 리스크에 대한 충분한 고려 없이 고역량 모델이 출시되는 리스크.","The risk that benchmarks, capability thresholds, and frontier release decisions are poorly designed, ill-defined, or easy to circumvent, producing misleading safety signals and allowing high-capability models to be released without adequate account of misuse and systemic risk.",SPACING_FIX,표기 교정(원문 대조 복원),
RAI4-0114,SRC-G-0009,RAI4-0114,General,의미 있는 인간 통제 실패 리스크,Meaningful human control failure,"인간 감독이 형식적으로 존재하지만 이를 실효적으로 만드는 데 필요한 정보, 시간, 권한, 역량이 결여되는 리스크.","The risk that human oversight is formally present but lacks the information, time, authority, or competence needed to be meaningful.",의미 있는 인간 통제 실패,Meaningful human control failure,"인간 감독이 형식적으로 존재하지만 이를 실효적으로 만드는 데 필요한 정보, 시간, 권한, 역량이 결여 되는 리스크.","The risk that human oversight is formally present but lacks the information, time, authority, or competence needed to be meaningful.",SPACING_FIX,표기 교정(원문 대조 복원),
RAI4-0494,SRC-G-0017,RAI4-0494,General,규제· 관리· 운영 복합 실패 리스크,"Combined Regulatory, Governance, and Operational Failure","규제, 관리, 운영상의 실패가 상호 작용하며 누적되어 피해를 초래하는 리스크.","The risk that harms result from a combination of regulatory, management, and operational failures.",규제·관리·운영 복합 실패,"Combined Regulatory, Governance, and Operational Failure","규제, 관리, 운영상의 실패가 상호작용하며 누적되어 피해를 초래하는 리스크.","The risk that harms result from a combination of regulatory, management, and operational failures.",SPACING_FIX,표기 교정(원문 대조 복원),
RAI4-0516,SRC-G-0018,RAI4-0516,General,잘못된 위험 측정과 예측 오류 리스크,Incorrect risk measurement and prediction,"위험을 측정· 추적하기 위한 지표가 위험을 불완전하게 포착하거나 잘못 측정하고, 시스템의 예측 또한 부정확하여 의사 결정이 왜곡된 정보에 기반하게 되는 리스크.","The risk that metrics selected to measure or track a risk capture it incompletely or target the wrong risk for the context, and that systems fail to make correct predictions, so decisions rest on inaccurate measurement and erroneous outputs.",잘못된 위험 측정과 예측 오류,Incorrect risk measurement and prediction,"위험을 측정·추적하기 위한 지표가 위험을 불완전하게 포착하거나 잘못 측정하고, 시스템의 예측 또한 부정확하여 의사결정이 왜곡된 정보에 기반하게 되는 리스크.","The risk that metrics selected to measure or track a risk capture it incompletely or target the wrong risk for the context, and that systems fail to make correct predictions, so decisions rest on inaccurate measurement and erroneous outputs.",SPACING_FIX,표기 교정(원문 대조 복원),
RAI4-0671,SRC-G-0019,RAI4-0671,General,복지 혜택 및 자격 상실 리스크,Denial of welfare benefits and entitlements,"기술 시스템의 오작동, 사용 또는 오용으로 인해 복지 급여, 연금, 주거 지원 등 사회 보장 혜택이나 수급 자격에 대한 접근이 거부되거나 상실되는 리스크.","The risk that an AI system causes, enables, or contributes to denial of or loss of access to welfare benefits, pensions, housing, and similar entitlements due to the malfunction, use, or misuse of a technology system.",복지 혜택 및 자격 상실,Denial of welfare benefits and entitlements,"기술 시스템의 오작동, 사용 또는 오용으로 인해 복지 급여, 연금, 주거 지원 등 사회보장 혜택이나 수급 자격에 대한 접근이 거부되거나 상실되는 리스크.","The risk that an AI system causes, enables, or contributes to denial of or loss of access to welfare benefits, pensions, housing, and similar entitlements due to the malfunction, use, or misuse of a technology system.",SPACING_FIX,표기 교정(원문 대조 복원),
RAI4-0850,SRC-G-0020,RAI4-0850,General,점진적인 통제력 상실 리스크,Gradual loss of control,"비교적 경미한 장애나 실패가 누적되어 시스템의 회복력이 점진적으로 약화되고, 결국 중대한 사건이 발생했을 때 대규모 피해나 재앙적 결과로 이어지는 통제력 상실 리스크.","The risk that the accumulation of less severe disruptions gradually weakens systemic resilience until a critical event triggers a catastrophe, constituting gradual or accumulative loss of control.",점진적인 통제력 상실,Gradual loss of control,"비교적 경미한 장애나 실패가 누적되어 시스템의 회복력이 점진적으로 약화되고, 결국 중대한 사건이 발생했을 때 대규모 피해나 재앙적 결과로 이어지는 통제력 상실 리스크.","The risk that the accumulation of less severe disruptions gradually weakens systemic resilience until a critical event triggers a catastrophe, constituting gradual or accumulative loss of control.",UNCHANGED,,
RAI4-0166,SRC-G-0021,RAI4-0166,General,사용자 이해력과 부하 리스크,User comprehension overload,"시스템 정보, 경고, 설명이 사용자가 이해하고 대응할 수 있는 범위를 초과하는 리스크.","The risk that system information, warnings, or explanations exceed users' ability to understand and act on them.",사용자 이해력 과부하,User comprehension overload,"시스템 정보, 경고, 설명이 사용자가 이해하고 대응할 수 있는 범위를 초과하는 리스크.","The risk that system information, warnings, or explanations exceed users' ability to understand and act on them.",SPACING_FIX,표기 교정(원문 대조 복원),
RAI4-0471,SRC-G-0023,RAI4-0471,General,역량 오버 행 리스크,Capability overhang,잠재 역량이 평가· 모니터링· 거버넌스 절차가 탐지하는 수준을 초과하는 리스크.,"The risk that latent capabilities exceed what evaluation, monitoring, or governance processes detect.",역량 오버행,Capability overhang,잠재 역량이 평가·모니터링·거버넌스 절차가 탐지하는 수준을 초과하는 리스크.,"The risk that latent capabilities exceed what evaluation, monitoring, or governance processes detect.",SPACING_FIX,표기 교정(원문 대조 복원),
RAI4-1006,SRC-G-0024,RAI4-1006,General,가중되는 노동 부담 리스크,Increased labor burden,특정 사회 집단의 구성원이 시스템이나 제품을 다른 사람들만큼 잘 작동시키기 위해 더 많은 시간과 노력을 들여야하는 리스크.,"The risk that members of certain social groups bear increased burden or effort, such as time spent, to make systems or products work as well for them as for others.",가중되는 노동 부담,Increased labor burden,특정 사회 집단의 구성원이 시스템이나 제품을 다른 사람들만큼 잘 작동시키기 위해 더 많은 시간과 노력을 들여야 하는 리스크.,"The risk that members of certain social groups bear increased burden or effort, such as time spent, to make systems or products work as well for them as for others.",SPACING_FIX,표기 교정(원문 대조 복원),
RAI4-0635|RAI4-0792|RAI4-1206,SRC-G-0025,RAI4-0635,General,합성 콘텐츠의 진위 식별 실패와 지속적 피해,Failure to distinguish synthetic content and persistent harm,"AI가 사실적으로 보이는 딥 페이크· 합성 콘텐츠를 생성하여 수신자가 진본과 구별하기 어렵게 만들고, 허위임이 밝혀진 뒤에도 대상에 대한 사회적· 평판적 피해와 정보 신뢰 저하가 지속되는 리스크.","The risk that AI generates realistic deepfakes or other synthetic content that recipients cannot reliably distinguish from authentic material, causing informational, social, or reputational harm that can persist even after the content is debunked.",합성 콘텐츠의 진위 식별 실패와 지속적 피해,Failure to distinguish synthetic content and persistent harm,"AI가 사실적으로 보이는 딥페이크·합성 콘텐츠를 생성하여 수신자가 진본과 구별하기 어렵게 만들고, 허위임이 밝혀진 뒤에도 대상에 대한 사회적·평판적 피해와 정보 신뢰 저하가 지속되는 리스크.","The risk that AI generates realistic deepfakes or other synthetic content that recipients cannot reliably distinguish from authentic material, causing informational, social, or reputational harm that can persist even after the content is debunked.",SPACING_FIX,표기 교정(원문 대조 복원),
RAI4-0793,SRC-G-0027-S1,RAI4-0793,General,개인 대상 허위 정보 리스크,False Information Targeting Individuals,"AI가 식별 가능한 특정 개인에 관한 허위· 조작 정보를 생성하거나 확산하여 평판, 안전, 권리 또는 사회적 관계에 피해를 초래하는 리스크.","The risk that AI generates or disseminates false or fabricated information about an identifiable individual, causing harm to reputation, safety, rights, or social relationships.",개인 대상 허위정보,False Information Targeting Individuals,"AI가 식별 가능한 특정 개인에 관한 허위·조작 정보를 생성하거나 확산하여 평판, 안전, 권리 또는 사회적 관계에 피해를 초래하는 리스크.","The risk that AI generates or disseminates false or fabricated information about an identifiable individual, causing harm to reputation, safety, rights, or social relationships.",SPACING_FIX,표기 교정(원문 대조 복원),
RAI4-0793,SRC-G-0027-S2,RAI4-0793,General,위험· 민감 정보의 보안 위협 확산 리스크,Dissemination of Security Threats Involving Dangerous or Sensitive Information,"AI가 위험· 민감 정보의 접근· 악용· 확산을 지원하여 보안 취약점, 위해 실행 가능성 또는 조직· 사회 수준의 위협을 확대하는 리스크.","The risk that AI facilitates access to, misuse of, or dissemination of dangerous or sensitive information, increasing security vulnerabilities, the feasibility of harmful action, or threats to organisations and society.",위험·민감 정보의 보안 위협 확산,Dissemination of Security Threats Involving Dangerous or Sensitive Information,"AI가 위험·민감 정보의 접근·악용·확산을 지원하여 보안 취약점, 위해 실행 가능성 또는 조직·사회 수준의 위협을 확대하는 리스크.","The risk that AI facilitates access to, misuse of, or dissemination of dangerous or sensitive information, increasing security vulnerabilities, the feasibility of harmful action, or threats to organisations and society.",SPACING_FIX,표기 교정(원문 대조 복원),
RAI4-0808,SRC-G-0028,RAI4-0808,General,사실과 다른 오도성 정보 생성 리스크,Generation of factually incorrect and misleading information,"AI 시스템이 생성 내용의 사실성을 확보하지 못해 비의도적으로, 또는 대상을 기만· 오도할 목적으로 의도적으로, 사실과 다른 콘텐츠를 신뢰할 만한 정보처럼 제시하여 이용자의 판단을 왜곡하는 리스크.","The risk that an AI system presents factually incorrect content as reliable information, whether unintentionally by failing to ensure accuracy or intentionally to deceive and mislead, thereby distorting users' judgment.",사실과 다른 오도성 정보 생성,Generation of factually incorrect and misleading information,"AI 시스템이 생성 내용의 사실성을 확보하지 못해 비의도적으로, 또는 대상을 기만·오도할 목적으로 의도적으로, 사실과 다른 콘텐츠를 신뢰할 만한 정보처럼 제시하여 이용자의 판단을 왜곡하는 리스크.","The risk that an AI system presents factually incorrect content as reliable information, whether unintentionally by failing to ensure accuracy or intentionally to deceive and mislead, thereby distorting users' judgment.",SPACING_FIX,표기 교정(원문 대조 복원),
RAI4-0810,SRC-G-0029,RAI4-0810,General,성실성 오류 리스크,Faithfulness errors,"생성 콘텐츠가 근거 자료나 입력 내용에 충실하지 않아, 유창하고 그럴듯해 보여도 원문 왜곡(충실성 오류)이 발생하는 리스크.","The risk that generated content is unfaithful to the source material or input it claims to represent, introducing faithfulness errors even when the output appears fluent and plausible.",성실성 오류,Faithfulness errors,"생성 콘텐츠가 근거 자료나 입력 내용에 충실하지 않아, 유창하고 그럴듯해 보여도 원문 왜곡(충실성 오류)이 발생하는 리스크.","The risk that generated content is unfaithful to the source material or input it claims to represent, introducing faithfulness errors even when the output appears fluent and plausible.",UNCHANGED,,
RAI4-0832,SRC-G-0030,RAI4-0832,General,알고리즘 시스템에 의한 정보 기반 피해,Information-based Harms from Algorithmic Systems,"생성 모델과 추천 시스템 등 알고리즘 시스템이 오 정보, 허위 정보, 악의적 정보에 관한 정보 기반 피해를 초래하는 리스크.","The risk that algorithmic systems, especially generative models and recommender systems, lead to information-based harms of misinformation, disinformation, and malinformation.",알고리즘 시스템에 의한 정보 기반 피해,Information-based Harms from Algorithmic Systems,"생성 모델과 추천 시스템 등 알고리즘 시스템이 오 정보, 허위 정보, 악의적 정보에 관한 정보 기반 피해를 초래하는 리스크.","The risk that algorithmic systems, especially generative models and recommender systems, lead to information-based harms of misinformation, disinformation, and malinformation.",UNCHANGED,,
RAI4-0844,SRC-G-0031,RAI4-0844,General,허위· 오도 정보 유포에 의한 기만과 양극화 리스크,Deception and polarisation from false information,"언어 모델이 오도성 있거나 허위인 정보를 예측· 제시하여 이용자에게 잘못된 믿음을 심는 기만이 발생하고, 개인의 자율성이 위협되며 근거 없는 기존 견해에 대한 확신이 커져 양극화가 심화되는 리스크.","The risk that language models predict misleading or false information that misinforms or deceives people and instils false beliefs, threatening personal autonomy and increasing confidence in previously held unsubstantiated opinions, thereby increasing polarisation.",허위·오도 정보 유포에 의한 기만과 양극화,Deception and polarisation from false information,"언어 모델이 오도성 있거나 허위인 정보를 예측·제시하여 이용자에게 잘못된 믿음을 심는 기만이 발생하고, 개인의 자율성이 위협되며 근거 없는 기존 견해에 대한 확신이 커져 양극화가 심화되는 리스크.","The risk that language models predict misleading or false information that misinforms or deceives people and instils false beliefs, threatening personal autonomy and increasing confidence in previously held unsubstantiated opinions, thereby increasing polarisation.",SPACING_FIX,표기 교정(원문 대조 복원),
RAI4-1057|RAI4-1376,SRC-G-0032,RAI4-1057,General,대규모 허위 정보 생산· 확산 장벽 저하 리스크,Lowered barriers to large-scale disinformation production and dissemination,"AI가 합성 미디어와 허위 뉴스를 저비용으로 대량 생산하고 사실· 의견· 허구의 구분을 어렵게하여, 허위 정보의 제작· 맞춤화· 확산 규모와 속도를 확대하는 리스크.","The risk that AI cheaply produces synthetic media and false news at scale, blurs distinctions among fact, opinion, and fiction, and thereby expands the speed, scale, and targeting of disinformation production and dissemination.",대규모 허위정보 생산·확산 장벽 저하,Lowered barriers to large-scale disinformation production and dissemination,"AI가 합성 미디어와 허위 뉴스를 저비용으로 대량 생산하고 사실·의견·허구의 구분을 어렵게 하여, 허위정보의 제작·맞춤화·확산 규모와 속도를 확대하는 리스크.","The risk that AI cheaply produces synthetic media and false news at scale, blurs distinctions among fact, opinion, and fiction, and thereby expands the speed, scale, and targeting of disinformation production and dissemination.",SPACING_FIX,표기 교정(원문 대조 복원),
RAI4-1125,SRC-G-0033,RAI4-1125,General,선거 제도와 절차에 관한 허위 정보 리스크,False information about electoral systems and processes,응답이 투표 시간· 장소· 방식을 포함한 선거 제도와 절차에 대해 사실과 다르거나 오해를 부르는 정보를 담는 리스크. 유권자는 권리 행사를 방해 받거나 잘못된 안내에 따라 행동하게 되고 선거 과정에 대한 신뢰가 약화된다. 이러한 결과를 초래하는 리스크.,"The risk that responses contain factually incorrect or misleading information about electoral systems and processes, including the time, place, and manner of voting. Voters are obstructed or misled in exercising their rights and trust in the integrity of electoral processes is undermined.",선거 제도와 절차에 관한 허위정보,False information about electoral systems and processes,응답이 투표 시간·장소·방식을 포함한 선거 제도와 절차에 대해 사실과 다르거나 오해를 부르는 정보를 담는 리스크. 유권자는 권리 행사를 방해 받거나 잘못된 안내에 따라 행동하게 되고 선거 과정에 대한 신뢰가 약화된다. 이러한 결과를 초래하는 리스크.,"The risk that responses contain factually incorrect or misleading information about electoral systems and processes, including the time, place, and manner of voting. Voters are obstructed or misled in exercising their rights and trust in the integrity of electoral processes is undermined.",SPACING_FIX,표기 교정(원문 대조 복원),분량 초과: L3 수준 1문장으로 축약 필요
RAI4-1630,SRC-G-0036,RAI4-1630,General,데이터 오 해석· 유출에 의한 오 결론과 민감 정보 확산 리스크,Erroneous conclusions and sensitiveinformation disclosure from data misinterpretation and leakage,"데이터가 오용· 오 해석되거나 유출되어 잘못된 결론이 도출되고 환자 데이터· 독점 연구 등 민감 정보가 의도치 않게 확산되며, 생성된 악성 의학 문헌이 지식 그래프를 오염시키는 리스크.","The risk that misuse, misinterpretation, or leakage of data yields erroneous conclusions and unintended dissemination of sensitive information such as private patient data or proprietary research, including poisoning of knowledge graphs by generated malicious medical literature.",데이터 오해석·유출에 의한 오결론과 민감정 보 확산,Erroneous conclusions and sensitiveinformation disclosure from data misinterpretation and leakage,"데이터가 오용·오해석되거나 유출되어 잘못 된 결론이 도출되고 환자 데이터·독점 연구 등 민감 정보가 의도치 않게 확산되며, 생성된 악 성 의학 문헌이 지식 그래프를 오염시키는 리스크.","The risk that misuse, misinterpretation, or leakage of data yields erroneous conclusions and unintended dissemination of sensitive information such as private patient data or proprietary research, including poisoning of knowledge graphs by generated malicious medical literature.",SPACING_FIX,표기 교정(원문 대조 복원),
RAI4-0363|RAI4-0474,SRC-G-0037,RAI4-0363,General,소수· 복수 가치의 소거와 규범적 획일화 리스크,Erasure of minority and plural values through normative homogenization,"AI의 데이터 큐레이션, 평가, 정렬 또는 배포 과정에서 소수자와 과소 대표 집단의 가치가 지배적· 다수자 규범으로 축소되거나 배제되어 가치의 다양성이 소거되는 리스크.","The risk that data curation, evaluation, alignment, or deployment reduces or excludes the values of minority and under-represented groups in favour of dominant or majority norms, erasing value pluralism.",소수·복수 가치의 소거와 규범적 획일화,Erasure of minority and plural values through normative homogenization,"AI의 데이터 큐레이션, 평가, 정렬 또는 배포 과정에서 소수자와 과소대표 집단의 가치가 지배적·다수자 규범으로 축소되거나 배제되어 가치의 다양성이 소거되는 리스크.","The risk that data curation, evaluation, alignment, or deployment reduces or excludes the values of minority and under-represented groups in favour of dominant or majority norms, erasing value pluralism.",SPACING_FIX,표기 교정(원문 대조 복원),
RAI4-0373,SRC-G-0038,RAI4-0373,General,문화 간 고정관념 전이 리스크,Cross-cultural stereotype transfer,한 문화적 맥락에서 학습된 고정관념이 다른 집단· 언어· 환경에 대한 출력으로 전이되는 리스크.,"The risk that stereotypes learned in one cultural context are transferred into outputs about another group, language, or setting.",문화 간 고정관념 전이,Cross-cultural stereotype transfer,한 문화적 맥락에서 학습된 고정관념이 다른 집단·언어·환경에 대한 출력으로 전이되는 리스크.,"The risk that stereotypes learned in one cultural context are transferred into outputs about another group, language, or setting.",SPACING_FIX,표기 교정(원문 대조 복원),
RAI4-0374,SRC-G-0039,RAI4-0374,General,문화적 맥락 붕괴 리스크,Cultural context collapse,문화 특수적 의미와 관행이 모델 처리 과정에서 일반 범주로 붕괴되어 지역적 뉘앙스와 사회적 의미가 소실되는 리스크.,"The risk that culturally specific meanings and practices are collapsed into generic categories during model processing, losing local nuance and social significance.",문화적 맥락 붕괴,Cultural context collapse,문화 특수적 의미와 관행이 모델 처리 과정에서 일반 범주로 붕괴되어 지역적 뉘앙스와 사회적 의미가 소실되는 리스크.,"The risk that culturally specific meanings and practices are collapsed into generic categories during model processing, losing local nuance and social significance.",UNCHANGED,,
RAI4-0379,SRC-G-0040,RAI4-0379,General,문화 간 평가 격차 리스크,Cross-cultural evaluation gap,평가 벤치 마크가 지배적인 문화· 언어 환경 밖의 정렬 실패를 과소 측정하는 리스크.,The risk that evaluation benchmarks under-measure alignment failures outside dominant cultural and linguistic settings.,문화 간 평가 격차,Cross-cultural evaluation gap,평가 벤치마크가 지배적인 문화·언어 환경 밖 의 정렬 실패를 과소 측정하는 리스크.,The risk that evaluation benchmarks under-measure alignment failures outside dominant cultural and linguistic settings.,SPACING_FIX,표기 교정(원문 대조 복원),
RAI4-0380,SRC-G-0041,RAI4-0380,General,저자 원 언어 가치 손실 리스크,Low-resource language value loss,모델 훈련과 평가가 고자원 언어에 집중되어 저자원 언어 사용자가 가치 뉘앙스· 안전 적용 범위· 사회적 의미를 잃는 리스크.,"The risk that low-resource language users lose value nuance, safety coverage, or social meaning because model training and evaluation are concentrated in highresource languages.",저자원 언어 가치 손실,Low-resource language value loss,모델 훈련과 평가가 고자원 언어에 집중되어 저자원 언어 사용자가 가치 뉘앙스·안전 적용 범위·사회적 의미를 잃는 리스크.,"The risk that low-resource language users lose value nuance, safety coverage, or social meaning because model training and evaluation are concentrated in highresource languages.",SPACING_FIX,표기 교정(원문 대조 복원),
RAI4-0382,SRC-G-0042,RAI4-0382,General,방언· 언어 사용 역 배제 리스크,Dialect and register exclusion,방언· 사회어· 존댓말 체계· 언어 사용 역이 오류로 처리되어 해당 공동체의 안전성과 유용성이 저하되는 리스크.,"The risk that dialects, sociolects, honorific systems, or registers are treated as errors, reducing safety and usability for affected communities.",방언·언어 사용역 배제,Dialect and register exclusion,방언·사회어·존댓말 체계·언어 사용역이 오류 로 처리되어 해당 공동체의 안전성과 유용성 이 저하되는 리스크.,"The risk that dialects, sociolects, honorific systems, or registers are treated as errors, reducing safety and usability for affected communities.",SPACING_FIX,표기 교정(원문 대조 복원),
RAI4-0389,SRC-G-0043,RAI4-0389,General,지식 체계 배제 리스크,Knowledge-system marginalization,토착· 지역· 종교· 관행 기반 지식 체계가 모델 출력과 평가에서 배제되는 리스크.,"The risk that indigenous, local, religious, or practice-based knowledge systems are excluded from model outputs and evaluations.",지식 체계 배제,Knowledge-system marginalization,토착·지역·종교·관행 기반 지식 체계가 모델 출력과 평가에서 배제되는 리스크.,"The risk that indigenous, local, religious, or practice-based knowledge systems are excluded from model outputs and evaluations.",SPACING_FIX,표기 교정(원문 대조 복원),
RAI4-0404,SRC-G-0044,RAI4-0404,General,데이터 세트 문화 샘플링 편향 리스크,Dataset cultural sampling bias,훈련 또는 평가 데이터 세트가 지배적인 문화 환경을 과다 표집하고 지역의 사회적 의미를 과소 대표하는 리스크.,The risk that training or evaluation datasets oversample dominant cultural settings and underrepresent local social meanings.,데이터세트 문화 샘플링 편향,Dataset cultural sampling bias,훈련 또는 평가 데이터세트가 지배적인 문화 환경을 과다 표집하고 지역의 사회적 의미를 과소 대표하는 리스크.,The risk that training or evaluation datasets oversample dominant cultural settings and underrepresent local social meanings.,SPACING_FIX,표기 교정(원문 대조 복원),
RAI4-0414,SRC-G-0045,RAI4-0414,General,글로벌 벤치마크 단일 문화 리스크,Global benchmark monoculture,소수의 글로벌 벤치마크가 지역의 문화· 제도적 기준을 배제한 채 성공적 정렬을 정의하는 리스크.,The risk that a small set of global benchmarks defines successful alignment while excluding local cultural and institutional criteria.,글로벌 벤치마크 단일문화,Global benchmark monoculture,소수의 글로벌 벤치마크가 지역의 문화·제도 적 기준을 배제한 채 성공적 정렬을 정의하는 리스크.,The risk that a small set of global benchmarks defines successful alignment while excluding local cultural and institutional criteria.,SPACING_FIX,표기 교정(원문 대조 복원),
RAI4-0699,SRC-G-0046,RAI4-0699,General,학습 데이터에 내재된 역사적· 인구학적 편향 리스크,Historical and demographic bias embedded in training data,역사적· 사회적 편향과 고정관념적 내용을 담고 특정 정체성과 서구· 영어권 인구를 과대 표집한 코퍼스가 사전 학습과 미세 조정에 사용되어 모델이 그 편향을 학습하는 리스크. 그 결과 인종· 성별· 문화· 연령· 장애에 걸쳐 편향된 출력이 산출되어 의료· 채용· 대출 등 고위험 영역에서 과소 대표 집단이 피해를 입는다. 이러한 결과를 초래하는 리스크.,"The risk that corpora carrying historical and societal bias, stereotypical content, and an overrepresentation of Western and English-speaking populations are used to pretrain and fine-tune models, which absorb those patterns. Outputs then show bias across race, gender, culture, age, and disability, harming underrepresented users in high-stakes domains such as healthcare, hiring, and lending.",학습 데이터에 내재된 역사적·인구학적 편향,Historical and demographic bias embedded in training data,역사적·사회적 편향과 고정관념적 내용을 담고 특정 정체성과 서구·영어권 인구를 과대 표집한 코퍼스가 사전 학습과 미세 조정에 사용되어 모델이 그 편향을 학습하는 리스크. 그 결과 인종·성별·문화·연령·장애에 걸쳐 편향된 출력이 산출되어 의료·채용·대출 등 고위험 영역에서 과소 대표 집단이 피해를 입는다. 이러한 결과를 초래하는 리스크.,"The risk that corpora carrying historical and societal bias, stereotypical content, and an overrepresentation of Western and English-speaking populations are used to pretrain and fine-tune models, which absorb those patterns. Outputs then show bias across race, gender, culture, age, and disability, harming underrepresented users in high-stakes domains such as healthcare, hiring, and lending.",SPACING_FIX,표기 교정(원문 대조 복원),분량 초과: L3 수준 1문장으로 축약 필요
RAI4-1046,SRC-G-0047,RAI4-1046,General,집단별 성능 격차· 고정관념인 코딩 리스크,Demographic performance disparity and stereotype encoding,ML 시스템이 일부 인구 통계· 사회 집단의 고정관념을 인코딩하거나 그 집단에 대해 불균형적으로 낮은 성능을 보이는 리스크.,"The risk that an ML system encodes stereotypes of, or performs disproportionately poorly for, some demographic or social groups.",집단별 성능 격차·고정관념 인코딩,Demographic performance disparity and stereotype encoding,ML 시스템이 일부 인구통계·사회 집단의 고 정관념을 인코딩하거나 그 집단에 대해 불균 형적으로 낮은 성능을 보이는 리스크.,"The risk that an ML system encodes stereotypes of, or performs disproportionately poorly for, some demographic or social groups.",SPACING_FIX,표기 교정(원문 대조 복원),
RAI4-1107,SRC-G-0048,RAI4-1107,General,데이터와 산출 물에서의 집단 재현 불균형 리스크,Imbalanced representation of groups in data and outputs,"특정 집단이나 요소가 학습 데이터에서 과대 대표되거나 생성 텍스트에서 언급 비율에 격차가 생기고, 현상 특성화에 중요한 변수는 제대로 포착되지 않는 리스크. 그 결과 과소 대표된 집단은 잘못 특성화되거나 아예 지워지며, 이러한 데이터로 학습된 모델은 그들에게 제대로 기능하지 못한다. 이러한 결과를 초래하는 리스크.","The risk that certain groups or elements are over-weighted in training data or mentioned at disparate rates in generated text, while variables crucial to characterizing the phenomenon of interest are not properly captured. Underrepresented groups are mischaracterized or erased altogether, and models built on such data serve them poorly.",데이터와 산출물에서의 집단 재현 불균형,Imbalanced representation of groups in data and outputs,"특정 집단이나 요소가 학습 데이터에서 과대 대표되거나 생성 텍스트에서 언급 비율에 격차가 생기고, 현상 특성화에 중요한 변수는 제대로 포착되지 않는 리스크. 그 결과 과소대표된 집단은 잘못 특성화되거나 아예 지워지며, 이러한 데이터로 학습된 모델은 그들에게 제대로 기능하지 못한다. 이러한 결과를 초래하는 리스크.","The risk that certain groups or elements are over-weighted in training data or mentioned at disparate rates in generated text, while variables crucial to characterizing the phenomenon of interest are not properly captured. Underrepresented groups are mischaracterized or erased altogether, and models built on such data serve them poorly.",SPACING_FIX,표기 교정(원문 대조 복원),분량 초과: L3 수준 1문장으로 축약 필요
RAI4-1145,SRC-G-0049,RAI4-1145,General,맥락적 사회 규범 위반 리스크,Violation of contextual social norms,"인터넷 텍스트로 학습한 LLM의 가중치가, 특정 맥락에 배포될 경우 그 맥락의 정보 공유 규범에서 이탈해 이를 위반하는 기능을 인코딩하는 리스크.","The risk that model weights of LLMs trained on internet text data encode functions which, if deployed in particular contexts, deviate from and violate the information-sharing norms of that context.",맥락적 사회 규범 위반,Violation of contextual social norms,"인터넷 텍스트로 학습한 LLM의 가중치가, 특 정 맥락에 배포될 경우 그 맥락의 정보 공유 규범에서 이탈해 이를 위반하는 기능을 인코 딩하는 리스크.","The risk that model weights of LLMs trained on internet text data encode functions which, if deployed in particular contexts, deviate from and violate the information-sharing norms of that context.",SPACING_FIX,표기 교정(원문 대조 복원),
RAI4-1668,SRC-G-0050,RAI4-1668,General,사전 학습 코퍼스 불일치에 의한 가치 어긋남 리스크,Value mismatch from divergence between pretraining corpora and societal values,"사전 학습 코퍼스의 분포가 인간 사회의 분포와 정확히 일치하지 않고 지식이 균등하게 학습되지 않아, LLM 기반 시스템에서 인간 가치와 어긋난 판단이 발생하고 고위험 영역에서 심각한 문제가 초래되는 리스크.","The risk that pretraining corpora do not match the distribution of human society and knowledge is not equally learned, producing value mismatches in LLMempowered systems and severe valuerelated problems in high-stakes areas.",사전학습 코퍼스 불일치에 의한 가치 어긋남,Value mismatch from divergence between pretraining corpora and societal values,"사전학습 코퍼스의 분포가 인간 사회의 분포 와 정확히 일치하지 않고 지식이 균등하게 학 습되지 않아, LLM 기반 시스템에서 인간 가치 와 어긋난 판단이 발생하고 고위험 영역에서 심각한 문제가 초래되는 리스크.","The risk that pretraining corpora do not match the distribution of human society and knowledge is not equally learned, producing value mismatches in LLMempowered systems and severe valuerelated problems in high-stakes areas.",SPACING_FIX,표기 교정(원문 대조 복원),
RAI4-0070,SRC-G-0051,RAI4-0070,General,사고 분류 단편화 리스크,Incident taxonomy fragmentation,"사고 범주가 일관되지 않아 집계, 비교, 제도적 학습이 이루어지지 못하는 리스크.","The risk that inconsistent incident categories prevent aggregation, comparison, and institutional learning.",사고 분류 단편화,Incident taxonomy fragmentation,"사고 범주가 일관되지 않아 집계, 비교, 제도 적 학습이 이루어지지 못하는 리스크.","The risk that inconsistent incident categories prevent aggregation, comparison, and institutional learning.",SPACING_FIX,표기 교정(원문 대조 복원),
RAI4-0418,SRC-G-0052,RAI4-0418,General,주석 불일치 억제 리스크,Annotation disagreement suppression,주석자 간 불일치가 단일 레이블로 축소되어 복수의 가치와 사회적으로 유의미한 이견이 은폐되는 리스크.,"The risk that disagreement among annotators is collapsed into a single label, hiding plural values and socially meaningful disagreement.",주석 불일치 억제,Annotation disagreement suppression,주석자 간 불일치가 단일 레이블로 축소되어 복수의 가치와 사회적으로 유의미한 이견이 은폐되는 리스크.,"The risk that disagreement among annotators is collapsed into a single label, hiding plural values and socially meaningful disagreement.",UNCHANGED,,
RAI4-0708,SRC-G-0053,RAI4-0708,General,언어· 인구 집단 간 성능 격차 리스크,Performance disparity across language and demographic groups,"학습 데이터와 라벨 데이터가 일부 자원이 풍부한 집단에 편중되어, 질의응답이나 사실 확인 등 과업의 성능이 언어· 인종· 사회적 지위 집단에 따라 크게 달라지는 리스크. 그 결과 소외 집단 이용자는 체계적으로 낮은 품질의 서비스를 받고 더 높은 오류율을 감수하게 된다. 이러한 결과를 초래하는 리스크.","The risk that model quality on tasks such as question answering and fact checking varies sharply across languages, races, and social groups because training and labelled data are concentrated in a few well-resourced populations. Users in underserved groups receive systematically inferior service and bear a higher rate of errors.",언어·인구 집단 간 성능 격차,Performance disparity across language and demographic groups,"학습 데이터와 라벨 데이터가 일부 자원이 풍부한 집단에 편중되어, 질의응답이나 사실 확인 등 과업의 성능이 언어·인종·사회적 지위 집단에 따라 크게 달라지는 리스크. 그 결과 소외 집단 이용자는 체계적으로 낮은 품질의 서비스를 받고 더 높은 오류율을 감수하게 된다. 이러한 결과를 초래하는 리스크.","The risk that model quality on tasks such as question answering and fact checking varies sharply across languages, races, and social groups because training and labelled data are concentrated in a few well-resourced populations. Users in underserved groups receive systematically inferior service and bear a higher rate of errors.",SPACING_FIX,표기 교정(원문 대조 복원),분량 초과: L3 수준 1문장으로 축약 필요
RAI4-0716,SRC-G-0054,RAI4-0716,General,집단 속성에 따른 배분적 불의 리스크,Allocative injustice by group attribute,"LLM이 관련 프로필이 동일하나 소속 집단이 다른 개인들에 대해 실질적으로 다른 텍스트나 제안을 산출하여, 무관한 집단 속성에 따른 배분적 불의가 발생하는 리스크.","The risk that an LLM produces materially different suggested or completed texts for individuals with the same relevant profiles who differ only in an irrelevant group attribute, resulting in allocative injustice.",집단 속성에 따른 배분적 불의,Allocative injustice by group attribute,"LLM이 관련 프로필이 동일하나 소속 집단이 다른 개인들에 대해 실질적으로 다른 텍스트나 제안을 산출하여, 무관한 집단 속성에 따른 배분적 불의가 발생하는 리스크.","The risk that an LLM produces materially different suggested or completed texts for individuals with the same relevant profiles who differ only in an irrelevant group attribute, resulting in allocative injustice.",UNCHANGED,,
RAI4-0821,SRC-G-0055,RAI4-0821,General,지식 분포 변화에 따른 응답 노후화 리스크,Answer obsolescence from knowledge distribution shift,"LLM이 학습한 지식 기반이 시간에 따라 계속 변화함에도 이를 반영하지 못해, 갱신이 필요한 사실 질문에 낡고 부정확한 답변을 제시하는 리스크.","The risk that knowledge bases on which LLMs were trained continue to shift while the model does not update, producing outdated and incorrect answers to questions whose correct answers change over time.",지식 분포 변화에 따른 응답 노후화,Answer obsolescence from knowledge distribution shift,"LLM이 학습한 지식 기반이 시간에 따라 계속 변화함에도 이를 반영하지 못해, 갱신이 필요한 사실 질문에 낡고 부정확한 답변을 제시하는 리스크.","The risk that knowledge bases on which LLMs were trained continue to shift while the model does not update, producing outdated and incorrect answers to questions whose correct answers change over time.",UNCHANGED,,
RAI4-0822,SRC-G-0056,RAI4-0822,General,맥락 일관성 추구에 의한 아첨과 환각 증폭 리스크,Sycophancy and hallucination from context consistency,LLM이 문맥의 일관성을 추구하여 앞선 접두 문맥이나 이용자 의견에 담긴 허위 정보를 사실보다 우선시하고 이를 반복함으로써 아첨성 응답과 환각이 눈덩이처럼 증폭되는 리스크.,"The risk that an LLM's tendency to pursue consistent context leads it to prioritize and reiterate false information contained in prefixes or user-provided opinions over facts, amplifying sycophantic responses and snowballing hallucinations.",맥락 일관성 추구에 의한 아첨과 환각 증폭,Sycophancy and hallucination from context consistency,LLM이 문맥의 일관성을 추구하여 앞선 접두 문맥이나 이용자 의견에 담긴 허위 정보를 사실보다 우선시하고 이를 반복함으로써 아첨성 응답과 환각이 눈덩이처럼 증폭되는 리스크.,"The risk that an LLM's tendency to pursue consistent context leads it to prioritize and reiterate false information contained in prefixes or user-provided opinions over facts, amplifying sycophantic responses and snowballing hallucinations.",UNCHANGED,,
RAI4-0938,SRC-G-0057,RAI4-0938,General,사회적 가치· 윤리 규범과 상충하는 모델 출력 리스크,Model outputs conflicting with societal ethical values,"언어 모델이 옳고 그름의 판단, 사회 규범 및 법률과의 관계 등 보편적으로 받아들여지는 사회적 가치를 충분히 반영하지 못하고 이에 어긋나는 출력을 내는 리스크.",The risk that language models insufficiently attend to universally accepted societal values—including judgements of right and wrong and their relation to social norms and laws— producing outputs at odds with ethics and morality.,사회적 가치·윤리 규범과 상충하는 모델 출력,Model outputs conflicting with societal ethical values,"언어모델이 옳고 그름의 판단, 사회규범 및 법 률과의 관계 등 보편적으로 받아들여지는 사 회적 가치를 충분히 반영하지 못하고 이에 어 긋나는 출력을 내는 리스크.",The risk that language models insufficiently attend to universally accepted societal values—including judgements of right and wrong and their relation to social norms and laws— producing outputs at odds with ethics and morality.,SPACING_FIX,표기 교정(원문 대조 복원),
RAI4-0952,SRC-G-0058,RAI4-0952,General,글쓰기 능력 저하와 학술 문헌 오염 리스크,Writing skill erosion and scientific literature pollution,"LLM 사용이 문체의 획일화와 개인적 표현의 억압 등 글쓰기 능력을 저해하고, 저품질 생성 원고의 범람으로 학술적 진실성과 과학 문헌이 오염되는 리스크.","The risk that LLM use erodes writing skills through homogenization of styles and stifling of individual expression, and that a flood of low-quality generated manuscripts pollutes the scientific literature and undermines academic integrity.",글쓰기 능력 저하와 학술 문헌 오염,Writing skill erosion and scientific literature pollution,"LLM 사용이 문체의 획일화와 개인적 표현의 억압 등 글쓰기 능력을 저해하고, 저품질 생성 원고의 범람으로 학술적 진실성과 과학 문헌 이 오염되는 리스크.","The risk that LLM use erodes writing skills through homogenization of styles and stifling of individual expression, and that a flood of low-quality generated manuscripts pollutes the scientific literature and undermines academic integrity.",SPACING_FIX,표기 교정(원문 대조 복원),
RAI4-1041|RAI4-1109,SRC-G-0059,RAI4-1041,General,분포외 입력에 대한 고신뢰 오작동 리스크,High-confidence failure on out-of-distribution inputs,"AI가 학습 분포를 벗어난 입력, 손상된 입력 또는 잡음이 큰 입력을 적절히 탐지· 거부· 복구하지 못하고 높은 확신으로 잘못된 예측이나 행동을 산출하는 리스크.","The risk that AI fails to detect, reject, or recover from out-of-distribution, corrupted, or noisy inputs and produces incorrect predictions or actions with unwarranted confidence.",분포 외 입력에 대한 고신뢰 오작동,High-confidence failure on out-of-distribution inputs,"AI가 학습 분포를 벗어난 입력, 손상된 입력 또는 잡음이 큰 입력을 적절히 탐지·거부·복구하지 못하고 높은 확신으로 잘못된 예측이나 행동을 산출하는 리스크.","The risk that AI fails to detect, reject, or recover from out-of-distribution, corrupted, or noisy inputs and produces incorrect predictions or actions with unwarranted confidence.",SPACING_FIX,표기 교정(원문 대조 복원),
RAI4-1187,SRC-G-0060,RAI4-1187,General,출력 불일치 리스크,Output inconsistency,"모델이 서로 다른 사용자, 같은 사용자의 다른 세션, 심지어 같은 대화 안의 발화 사이에서도 동일하고 일관된 답변을 제공하지 못하는 리스크.","The risk that models fail to provide the same and consistent answers to different users, to the same user in different sessions, and even in chats within the same conversation.",출력 불일치,Output inconsistency,"모델이 서로 다른 사용자, 같은 사용자의 다른 세션, 심지어 같은 대화 안의 발화 사이에서도 동일하고 일관된 답변을 제공하지 못하는 리스크.","The risk that models fail to provide the same and consistent answers to different users, to the same user in different sessions, and even in chats within the same conversation.",UNCHANGED,,
RAI4-1228,SRC-G-0061,RAI4-1228,General,프롬프트 품질 결함으로 인한 오류 리스크,Errors from poor prompt quality,"인간 언어의 모호성 때문에 프롬 프 트를 통한 인간과 기계의 상호 작용에서 오류와 오해가 발생하고, 프롬프트를디버깅하기 어려워 가치 있는 산출을 이끌어 내지 못하는 리스크.","The risk that, due to the ambiguity of human languages, interaction between humans and machines through prompts leads to errors or misunderstandings, and that prompts are hard to debug, so valuable outputs are not elicited.",프롬프트 품질 결함으로 인한 오류,Errors from poor prompt quality,"인간 언어의 모호성 때문에 프롬프트를 통한 인간과 기계의 상호작용에서 오류와 오해가 발생하고, 프롬프트를 디버깅하기 어려워 가 치 있는 산출을 이끌어내지 못하는 리스크.","The risk that, due to the ambiguity of human languages, interaction between humans and machines through prompts leads to errors or misunderstandings, and that prompts are hard to debug, so valuable outputs are not elicited.",SPACING_FIX,표기 교정(원문 대조 복원),
RAI4-1509,SRC-G-0062,RAI4-1509,General,벤치마크 오염에 의한 모델 평가 무효화 리스크,Benchmark contamination invalidating model evaluation,"벤치마크의 원시 데이터와 질문-답변쌍, 어노테이션레이블, 탐지를 피해 번역된 판본, 배포후 이용자가 입력한 평가 자료가 훈련에 유입되는 리스크. 평가 결과는 일반화가 아니라 암기를 반영하게 되어 해당 벤치 마크가 측정하려던 역량에 대해 거짓 확신을 준다. 이러한 결과를 초래하는 리스크.","The risk that benchmark material enters training as raw data, question-answer pairs, annotation labels, translated versions that evade detection methods, or user inputs collected after deployment. Evaluation results then reflect memorization rather than generalization, giving false assurance about the capabilities the benchmark was meant to measure.",벤치마크 오염에 의한 모델 평가 무효화,Benchmark contamination invalidating model evaluation,"벤치마크의 원시 데이터와 질문-답변쌍, 어노테이션레이블, 탐지를 피해 번역된 판본, 배포후 이용자가 입력한 평가 자료가 훈련에 유입되는 리스크. 평가 결과는 일반화가 아니라 암기를 반영하게 되어 해당 벤치마크가 측정하려던 역량에 대해 거짓 확신을 준다. 이러한 결과를 초래하는 리스크.","The risk that benchmark material enters training as raw data, question-answer pairs, annotation labels, translated versions that evade detection methods, or user inputs collected after deployment. Evaluation results then reflect memorization rather than generalization, giving false assurance about the capabilities the benchmark was meant to measure.",SPACING_FIX,,분량 초과: L3 수준 1문장으로 축약 필요
RAI4-1515,SRC-G-0063,RAI4-1515,General,사고 연쇄와 불일치하는 모델 출력 리스크,Model outputs inconsistent with chain-ofthought reasoning,모델 출력의 이해를 돕기 위해 사용되는 사고 연쇄 추론이 모델이 제시하는 최종 답변과 일치하지 않아 충분한 투명성을 제공하지 못하는 리스크.,"The risk that chain-of-thought reasoning, employed to get a better understanding of a model's output by encouraging transparent reasoning in text form, is inconsistent with the final answer given by the model and therefore does not provide sufficient transparency.",사고연쇄와 불일치하는 모델 출력,Model outputs inconsistent with chain-ofthought reasoning,모델 출력의 이해를 돕기 위해 사용되는 사고 연쇄 추론이 모델이 제시하는 최종 답변과 일 치하지 않아 충분한 투명성을 제공하지 못하 는 리스크.,"The risk that chain-of-thought reasoning, employed to get a better understanding of a model's output by encouraging transparent reasoning in text form, is inconsistent with the final answer given by the model and therefore does not provide sufficient transparency.",SPACING_FIX,표기 교정(원문 대조 복원),
RAI4-1516,SRC-G-0064,RAI4-1516,General,인코딩된 추론 리스크,Encoded reasoning,"모델이스테가노그래피 기법으로 중간 추론 단계를 인간이 해석할 수 없는 방식으로 부호화하고, 성능 향상 효과 때문에 이러한 경향이 자연히 나타나며 역량이 높은 모델일수록 두드러지는 리스크.","The risk that models employ steganography techniques to encode their intermediate reasoning steps in ways that are not interpretable by humans, a tendency that may emerge naturally and become more pronounced with more capable models because encoded reasoning can improve performance.",인코딩된 추론,Encoded reasoning,"모델이 스테가노그래피 기법으로 중간 추론 단계를 인간이 해석할 수 없는 방식으로 부호 화하고, 성능 향상 효과 때문에 이러한 경향이 자연히 나타나며 역량이 높은 모델일수록 두 드러지는 리스크.","The risk that models employ steganography techniques to encode their intermediate reasoning steps in ways that are not interpretable by humans, a tendency that may emerge naturally and become more pronounced with more capable models because encoded reasoning can improve performance.",SPACING_FIX,표기 교정(원문 대조 복원),
RAI4-1523,SRC-G-0065,RAI4-1523,General,무관한 문맥에 의한 모델 성능 저하 리스크,Performance degradation from irrelevant context,프롬프트에 포함된 무관한 정보가 모델의 주의를 분산시켜 사고 연쇄 프롬 프 팅을 포함한 다양한 기법에서 성능이 크게 저하되는 리스크.,"The risk that models are easily distracted by irrelevant provided information such as context in LLMs, leading to a significant decrease in performance across prompting techniques including chain-ofthought prompting.",무관한 문맥에 의한 모델 성능 저하,Performance degradation from irrelevant context,프롬프트에 포함된 무관한 정보가 모델의 주 의를 분산시켜 사고연쇄 프롬프팅을 포함한 다양한 기법에서 성능이 크게 저하되는 리스크.,"The risk that models are easily distracted by irrelevant provided information such as context in LLMs, leading to a significant decrease in performance across prompting techniques including chain-ofthought prompting.",SPACING_FIX,표기 교정(원문 대조 복원),
RAI4-1526,SRC-G-0066,RAI4-1526,General,프롬프트 형식 민감성으로 인한 평가 신뢰성 저하 리스크,Evaluation unreliability from promptformat sensitivity,"구분자, 대소문자, 간격 등 사소한 프롬프트 형식 변화가 모델 성능을 크게 변동시켜 모델 평가와 비교의 신뢰성을 저하시키는 리스크.","The risk that minor prompt-format changes, including separators, letter case, or spacing, substantially alter model performance and undermine the reliability of model evaluation and comparison.",프롬프트 형식 민감성으로 인한 평가 신뢰성 저하,Evaluation unreliability from promptformat sensitivity,"구분자, 대소문자, 간격 등 사소한 프롬프트 형식 변화가 모델 성능을 크게 변동시켜 모델 평가와 비교의 신뢰성을 저하시키는 리스크.","The risk that minor prompt-format changes, including separators, letter case, or spacing, substantially alter model performance and undermine the reliability of model evaluation and comparison.",UNCHANGED,,
RAI4-1702,SRC-G-0067,RAI4-1702,General,분포 변화 견고성 실패에 의한 확신 오류 [기원] 리스크,Confidently wrong outputs from failed robustness to distributional shift [origin],(GYK-2025 '비정상 분포'의 기원 항목으로 상호 참조.) 테스트 분포가 훈련 분포와 달라질 때 기계 학습 시스템의 성능이 저하되면서도 높은 확신을 유지한 채 잘못된 출력을 산출하는 리스크.,"The risk that an ML system performs poorly and remains confidently wrong when the test distribution differs from training. NOTE: origin of GYK-2025 ""Nonstationary distribution""; cross-reference.",분포 변화 견고성 실패에 의한 확신 오류 [기원],Confidently wrong outputs from failed robustness to distributional shift [origin],(GYK-2025 '비정상 분포'의 기원 항목으로 상호참조.) 테스트 분포가 훈련 분포와 달라질 때 기계학습 시스템의 성능이 저하되면서도 높은 확신을 유지한 채 잘못된 출력을 산출하 는 리스크.,"The risk that an ML system performs poorly and remains confidently wrong when the test distribution differs from training. NOTE: origin of GYK-2025 ""Nonstationary distribution""; cross-reference.",SPACING_FIX,표기 교정(원문 대조 복원),
RAI4-0186,SRC-G-0068,RAI4-0186,General,물리적 상식 위반 리스크,Commonsense physicality violation,AI 시스템이 물체 지지· 안정성· 포함 관계· 중력 등 기본적인 물리적 상식에 반하는 판단· 조언· 행동을 생성하거나 실행하는 리스크.,"The risk that an AI system generates or executes judgments, advice, or actions that violate basic physical commonsense about object support, stability, containment, or gravity.",물리적 상식 위반,Commonsense physicality violation,AI 시스템이 물체 지지·안정성·포함 관계·중력 등 기본적인 물리적 상식에 반하는 판단·조언·행동을 생성하거나 실행하는 리스크.,"The risk that an AI system generates or executes judgments, advice, or actions that violate basic physical commonsense about object support, stability, containment, or gravity.",SPACING_FIX,표기 교정(원문 대조 복원),
RAI4-0338,SRC-G-0069,RAI4-0338,General,장기 작업의 단계 간 오차 누적 리스크,Cross-stage error accumulation in long tasks,인지에서 예측과 제어로 전달된 작은 오차가 긴 작업 순서에서 누적되어 최종 행동이 안전 경계를 넘는 위험.,The risk that small errors passed from perception to prediction and control accumulate across a long task sequence until the final action crosses a safety boundary.,장기 작업의 단계 간 오차 누적,Cross-stage error accumulation in long tasks,인지에서 예측과 제어로 전달된 작은 오차가 긴 작업 순서에서 누적되어 최종 행동이 안전 경계를 넘는 위험.,The risk that small errors passed from perception to prediction and control accumulate across a long task sequence until the final action crosses a safety boundary.,UNCHANGED,,
RAI4-0365,SRC-G-0070,RAI4-0365,General,규범적 잠금 리스크,Normative lock-in,초기 설계 선택이 좁은 규범적 합의를 내장하여 배포 후 이의 제기나 수정이 어려워지는 리스크.,The risk that early design choices embed a narrow normative settlement that becomes difficult to contest or revise after deployment.,규범적 잠금,Normative lock-in,초기 설계 선택이 좁은 규범적 합의를 내장하 여 배포 후 이의 제기나 수정이 어려워지는 리스크.,The risk that early design choices embed a narrow normative settlement that becomes difficult to contest or revise after deployment.,SPACING_FIX,표기 교정(원문 대조 복원),
RAI4-0371,SRC-G-0071,RAI4-0371,General,서구 규범 기본 값화 리스크,Western normative defaulting,모델이 서구 자유주의· 영어권· 고소득 국가 규범을 정렬과 평가의 기본 기준으로 취급하는 리스크.,"The risk that models treat Western liberal, Anglophone, or high-income country norms as the default basis for alignment and evaluation.",서구 규범 기본값화,Western normative defaulting,모델이 서구 자유주의·영어권·고소득 국가 규 범을 정렬과 평가의 기본 기준으로 취급하는 리스크.,"The risk that models treat Western liberal, Anglophone, or high-income country norms as the default basis for alignment and evaluation.",SPACING_FIX,표기 교정(원문 대조 복원),
RAI4-0397,SRC-G-0072,RAI4-0397,General,RLHF 규범적과 적합 리스크,RLHF normative overfitting,인간 피드백 기반 강화 학습이 좁은 평가자 집단에 과적합하여 논쟁적인 가치를 단일한 행동 규범으로 전환하는 리스크.,The risk that reinforcement learning from human feedback overfits to a narrow rater population and converts contested values into a single behavioral norm.,RLHF 규범적 과적합,RLHF normative overfitting,인간 피드백 기반 강화학습이 좁은 평가자 집 단에 과적합하여 논쟁적인 가치를 단일한 행동 규범으로 전환하는 리스크.,The risk that reinforcement learning from human feedback overfits to a narrow rater population and converts contested values into a single behavioral norm.,SPACING_FIX,표기 교정(원문 대조 복원),
RAI4-0785,SRC-G-0074,RAI4-0785,General,안전 미세 조정 일반화 격차 악용 리스크,Exploitation of safety-finetuning generalization gaps,"안전 튜닝이 사전 학습 분포보다 훨씬 좁은 분포에서 수행되어, 부호화된 텍스트나 저자원 언어 등 일반화 격차를 노린 공격에 모델이 취약해지는 리스크.","The risk that safety tuning performed over a much narrower distribution than pretraining leaves the model vulnerable to attacks exploiting gaps in the generalization of safety training, such as encoded text or low-resource languages.",안전 미세조정 일반화 격차 악용,Exploitation of safety-finetuning generalization gaps,"안전 튜닝이 사전학습 분포보다 훨씬 좁은 분포에서 수행되어, 부호화된 텍스트나 저자원 언어 등 일반화 격차를 노린 공격에 모델이 취약해지는 리스크.","The risk that safety tuning performed over a much narrower distribution than pretraining leaves the model vulnerable to attacks exploiting gaps in the generalization of safety training, such as encoded text or low-resource languages.",SPACING_FIX,표기 교정(원문 대조 복원),
RAI4-0814,SRC-G-0075,RAI4-0814,General,역사 수정주의적 서술 생성 리스크,Generation of historically revisionist accounts,사회· 공동체· 학계가 확립한 역사적 사건이나 서술이 의도적 또는 비의도적으로 재해석되는 리스크.,"The risk that an AI system causes, enables, or contributes to deliberate or unintentional reinterpretation of established or orthodox historical events or accounts held by societies, communities, and academics.",역사 수정주의적 서술 생성,Generation of historically revisionist accounts,사회·공동체·학계가 확립한 역사적 사건이나 서술이 의도적 또는 비의도적으로 재해석되는 리스크.,"The risk that an AI system causes, enables, or contributes to deliberate or unintentional reinterpretation of established or orthodox historical events or accounts held by societies, communities, and academics.",SPACING_FIX,표기 교정(원문 대조 복원),
RAI4-1053,SRC-G-0076,RAI4-1053,General,배제적 규범인 코딩 리스크,Exclusionary norm encoding,언어에 표현된 사회적 범주와 규범을 충실히 인코딩한 LM이 그 범주 밖에 사는 집단을 배제하는 규범을 그대로 담게 되는 리스크.,The risk that LMs faithfully encoding patterns present in language necessarily encode social categories and norms that exclude groups who live outside of them.,배제적 규범 인코딩,Exclusionary norm encoding,언어에 표현된 사회적 범주와 규범을 충실히 인코딩한 LM이 그 범주 밖에 사는 집단을 배 제하는 규범을 그대로 담게 되는 리스크.,The risk that LMs faithfully encoding patterns present in language necessarily encode social categories and norms that exclude groups who live outside of them.,SPACING_FIX,표기 교정(원문 대조 복원),
RAI4-1161,SRC-G-0077,RAI4-1161,General,장기 계획 역량 리스크,Long-horizon planning capability,"모델이 여러 상호 의존적 단계와 긴 시간 지평에 걸친 순차적 계획을 다양한 영역에서 수립하고, 예기치 못한 장애나 적대자에 맞춰 계획을 조정하며 시행착오에 의존하지 않고 새로운 상황으로 일반화하는 리스크.","The risk that a model makes sequential plans involving many interdependent steps over long time horizons within and across domains, sensibly adapts them in light of unexpected obstacles or adversaries, and generalises its planning to novel settings without relying on trial and error.",장기 계획 역량에 의한 감독 불가 행동 경로 추구,Unsupervisable action pathways from long-horizon planning capability,모델이 장기·다단계 계획을 수립·수정하는 역량을 바탕으로 인간 관리자가 예측·감독·개입하기 어려운 행동 경로를 추구하여 의도하지 않은 피해를 초래하는 리스크.,"The risk that a model's capability to form and adapt long-horizon, multi-step plans enables courses of action that human overseers cannot anticipate, monitor, or intervene in, causing unintended harm.",REDEFINITION,AI기본법 §34(인적 관리·감독)|NIST AI RMF,역량→피해 경로를 명시해 L4 리스크로 재정의
RAI4-0041,SRC-G-0078,RAI4-0041,General,에이전트 벤치 마크의 커 버리지-깊이 착시 리스크,Coverage-depth illusion in agent benchmarks,벤치마크가 많은 위험 범주를 나열해 광범위해 보이지만 각 범주 내 깊이· 현실성· 적대적 변형이 부족한 리스크.,"The risk that a benchmark appears broad by listing many risk categories while lacking sufficient depth, realism, or adversarial variation within each category.",에이전트 벤치마크의 커버리지-깊이 착시,Coverage-depth illusion in agent benchmarks,벤치마크가 많은 위험 범주를 나열해 광범위 해 보이지만 각 범주 내 깊이·현실성·적대적 변형이 부족한 리스크.,"The risk that a benchmark appears broad by listing many risk categories while lacking sufficient depth, realism, or adversarial variation within each category.",SPACING_FIX,표기 교정(원문 대조 복원),
RAI4-0057,SRC-G-0079,RAI4-0057,General,AI 결정· 행동에 대한 감사 추적 불완전성 리스크,Incomplete audit trails for AI decisions and actions,"로그, 모델· 소프트웨어 버전, 데이터 계보, 의사 결정 기록, 센서· 구동기 및 인간 명령 기록이 불충분하여 디지털 결정이든 물리적 사고든 유해 사건을 재구성할 수 없게 되고, 감사와 책임 규명이 불가능해지는 리스크.","The risk that logs, model and software versions, data lineage, decision traces, and sensor, actuator, or human-command records are insufficient to reconstruct harmful events, whether digital decisions or physical incidents, precluding audit and accountability.",AI 결정·행동에 대한 감사 추적 불완전성,Incomplete audit trails for AI decisions and actions,"로그, 모델·소프트웨어 버전, 데이터 계보, 의사결정 기록, 센서·구동기 및 인간 명령 기록 이 불충분하여 디지털 결정이든 물리적 사고 든 유해 사건을 재구성할 수 없게 되고, 감사 와 책임 규명이 불가능해지는 리스크.","The risk that logs, model and software versions, data lineage, decision traces, and sensor, actuator, or human-command records are insufficient to reconstruct harmful events, whether digital decisions or physical incidents, precluding audit and accountability.",SPACING_FIX,표기 교정(원문 대조 복원),
RAI4-0059,SRC-G-0080,RAI4-0059,General,문서화 누락 리스크,Documentation omission,"모델 카드, 시스템 카드, 데이터시트, 기술 문서가 책임성과 보증에 필요한 정보를 누락하는 리스크.","The risk that model cards, system cards, datasheets, or technical files omit information needed for accountability and assurance.",문서화 누락,Documentation omission,"모델 카드, 시스템 카드, 데이터시트, 기술 문 서가 책임성과 보증에 필요한 정보를 누락하 는 리스크.","The risk that model cards, system cards, datasheets, or technical files omit information needed for accountability and assurance.",SPACING_FIX,표기 교정(원문 대조 복원),
RAI4-0064,SRC-G-0081,RAI4-0064,General,감사자 독립성 실패 리스크,Auditor independence failure,"이해 상충, 선정 유인, 피감 사 조직에 대한 의존으로 감사 결과가 훼손되는 리스크.","The risk that audit results are compromised by conflicts of interest, selection incentives, or dependence on the audited organization.",감사자 독립성 실패,Auditor independence failure,"이해상충, 선정 유인, 피감사 조직에 대한 의 존으로 감사 결과가 훼손되는 리스크.","The risk that audit results are compromised by conflicts of interest, selection incentives, or dependence on the audited organization.",SPACING_FIX,표기 교정(원문 대조 복원),
RAI4-0067,SRC-G-0082,RAI4-0067,General,보증 사례 실패 리스크,Assurance case failure,안전 또는 보증 사례가 불완전하거나 검증 불가능하거나 시스템과 맥락 변화에 맞추어 갱신되지 않는 리스크.,"The risk that safety or assurance cases are incomplete, unverifiable, or not updated as systems and contexts change.",보증 사례 실패,Assurance case failure,안전 또는 보증 사례가 불완전하거나 검증 불 가능하거나 시스템과 맥락 변화에 맞추어 갱 신되지 않는 리스크.,"The risk that safety or assurance cases are incomplete, unverifiable, or not updated as systems and contexts change.",SPACING_FIX,표기 교정(원문 대조 복원),
RAI4-0082,SRC-G-0083,RAI4-0082,General,역량 평가 비공개 리스크,Capability evaluation non-disclosure,"조직이 외부 감독에 필요한 위험 역량, 알려진 한계, 적대적 강건성, 잔여 위험에 관한 평가 근거를 은폐하거나 불명확하게 공개하는 리스크.","The risk that an organization withholds or obscures evaluation evidence about dangerous capabilities, known limitations, adversarial robustness, or residual risks needed for external oversight.",역량 평가 비공개,Capability evaluation non-disclosure,"조직이 외부 감독에 필요한 위험 역량, 알려진 한계, 적대적 강건성, 잔여 위험에 관한 평가 근거를 은폐하거나 불명확하게 공개하는 리스크.","The risk that an organization withholds or obscures evaluation evidence about dangerous capabilities, known limitations, adversarial robustness, or residual risks needed for external oversight.",UNCHANGED,,
RAI4-0126,SRC-G-0084,RAI4-0126,General,설명 실행 가능성 격차 리스크,Explanation actionability gap,설명이 제공되더라도 사용자가 무엇을 해야할지 또는 자신의 이익을 어떻게 보호할지 판단하는 데 도움이 되지 않는 리스크.,The risk that explanations are available but do not help users decide what to do or how to protect their interests.,설명 실행 가능성 격차,Explanation actionability gap,설명이 제공되더라도 사용자가 무엇을 해야 할지 또는 자신의 이익을 어떻게 보호할지 판 단하는 데 도움이 되지 않는 리스크.,The risk that explanations are available but do not help users decide what to do or how to protect their interests.,SPACING_FIX,표기 교정(원문 대조 복원),
RAI4-0134,SRC-G-0085,RAI4-0134,General,임상적 의사 결정 지원 과잉 의존 리스크,Clinical decision-support overreliance,"임상의가 진단· 중증 도 분류· 치료에서 임상 의사 결정 지원 출력에 과도하게 의존하여, 독립적 임상 판단이 필요한 불확실성과 맥락 한계에도 권고를 수용하는 리스크.","The risk that clinicians over-rely on clinical decisionsupport outputs in diagnosis, triage, or treatment, accepting recommendations despite model uncertainty and contextual limitations that require independent clinical judgment.",임상적 의사결정 지원 과잉 의존,Clinical decision-support overreliance,"임상의가 진단·중증도 분류·치료에서 임상 의사결정 지원 출력에 과도하게 의존하여, 독립적 임상 판단이 필요한 불확실성과 맥락 한계에도 권고를 수용하는 리스크.","The risk that clinicians over-rely on clinical decisionsupport outputs in diagnosis, triage, or treatment, accepting recommendations despite model uncertainty and contextual limitations that require independent clinical judgment.",SPACING_FIX,표기 교정(원문 대조 복원),
RAI4-0402,SRC-G-0086,RAI4-0402,General,가치 충돌 불투명성 리스크,Value conflict opacity,가치 간 상충 관계가 모델 출력 뒤에 은폐되어 공공 가치 갈등을 식별하거나 숙의하기 어려워지는 리스크.,"The risk that tradeoffs among values are hidden behind model outputs, making public value conflict difficult to identify or deliberate.",가치 충돌 불투명성,Value conflict opacity,가치 간 상충관계가 모델 출력 뒤에 은폐되어 공공 가치 갈등을 식별하거나 숙의하기 어려 워지는 리스크.,"The risk that tradeoffs among values are hidden behind model outputs, making public value conflict difficult to identify or deliberate.",SPACING_FIX,표기 교정(원문 대조 복원),
RAI4-0419,SRC-G-0087,RAI4-0419,General,이해관계자 이견 은폐 리스크,Multi-stakeholder disagreement concealment,개발 또는 평가 절차가 영향을 받는 이해관계자 사이의 해결되지 않은 이견을 은폐하는 리스크.,The risk that development or evaluation processes conceal unresolved disagreement among affected stakeholders.,이해관계자 이견 은폐,Multi-stakeholder disagreement concealment,개발 또는 평가 절차가 영향을 받는 이해관계 자 사이의 해결되지 않은 이견을 은폐하는 리스크.,The risk that development or evaluation processes conceal unresolved disagreement among affected stakeholders.,SPACING_FIX,표기 교정(원문 대조 복원),
RAI4-0541,SRC-G-0089,RAI4-0541,General,데이터 출처 검증 불가 리스크,Unverifiable data provenance,"데이터의 소유권· 출처· 변환 이력을 검증할 표준화된 방법이 없어 사용 데이터가 원본과 동일한지, 올바른 사용 조건을 갖췄는지 보증할 수 없게 되는 리스크.","The risk that, lacking standardized and established methods to verify where data came from, there is no guarantee that the data is the same as its original source or carries the correct usage terms.",데이터 출처 검증 불가,Unverifiable data provenance,"데이터의 소유권·출처·변환 이력을 검증할 표준화된 방법이 없어 사용 데이터가 원본과 동일한지, 올바른 사용 조건을 갖췄는지 보증할 수 없게 되는 리스크.","The risk that, lacking standardized and established methods to verify where data came from, there is no guarantee that the data is the same as its original source or carries the correct usage terms.",SPACING_FIX,표기 교정(원문 대조 복원),
RAI4-0546,SRC-G-0090,RAI4-0546,General,감사자 역량 부족에 따른 과대 보증 리스크,Over-assurance from insufficient auditor capacity,감사자가 특정 안전· 성능· 검증 요구를 다룰 지식이나 충분히 엄밀한 시험 역량을 갖추지 못해 정당화될 수 있는 범위보다 넓게 적합 판정이 보고되는 리스크.,The risk that auditors lacking knowledge of specific risks or the capacity for sufficiently rigorous testing report passing audits more inclusive than can be justified.,감사자 역량 부족에 따른 과대 보증,Over-assurance from insufficient auditor capacity,감사자가 특정 안전·성능·검증 요구를 다룰 지식이나 충분히 엄밀한 시험 역량을 갖추지 못해 정당화될 수 있는 범위보다 넓게 적합 판정이 보고되는 리스크.,The risk that auditors lacking knowledge of specific risks or the capacity for sufficiently rigorous testing report passing audits more inclusive than can be justified.,SPACING_FIX,표기 교정(원문 대조 복원),
RAI4-0588,SRC-G-0091,RAI4-0588,General,설명· 출처 추적· 재현성의 상실 리스크,"Loss of explainability, provenance, and reproducibility","접근할 수 없는 학습 데이터와 불투명한 데이터 기반 학습 절차로 인해 모델이 제공할 수 있는 설명이 제한되고 부정확해질 가능성이 높아지며, 출력의 출처를 추적할 수 없고 학습된 모델을 재현할 수도 없게 되어, 검증과 책임 규명이 저해되는 리스크.","The risk that inaccessible training data and opaque data-driven learning procedures limit the explanations a model can provide and make them more likely to be incorrect, leave the provenance of outputs untraceable, and prevent reproduction of the trained model, undermining verification and accountability.",설명·출처 추적·재현성의 상실,"Loss of explainability, provenance, and reproducibility","접근할 수 없는 학습 데이터와 불투명한 데이 터 기반 학습 절차로 인해 모델이 제공할 수 있는 설명이 제한되고 부정확해질 가능성이 높아지며, 출력의 출처를 추적할 수 없고 학습 된 모델을 재현할 수도 없게 되어, 검증과 책 임 규명이 저해되는 리스크.","The risk that inaccessible training data and opaque data-driven learning procedures limit the explanations a model can provide and make them more likely to be incorrect, leave the provenance of outputs untraceable, and prevent reproduction of the trained model, undermining verification and accountability.",SPACING_FIX,표기 교정(원문 대조 복원),
RAI4-0590,SRC-G-0092,RAI4-0590,General,불충분한 정보에 기반한 조언 리스크,Advice given on insufficient information,모델이 충분한 정보를 갖추지 못한 상태에서 조언을 제공하여 그 조언을 따를 경우 피해가 발생하는 리스크.,"The risk that a model provides advice without having enough information, resulting in possible harm if the advice is followed.",불충분한 정보에 기반한 조언,Advice given on insufficient information,모델이 충분한 정보를 갖추지 못한 상태에서 조언을 제공하여 그 조언을 따를 경우 피해가 발생하는 리스크.,"The risk that a model provides advice without having enough information, resulting in possible harm if the advice is followed.",UNCHANGED,,
RAI4-0596,SRC-G-0093,RAI4-0596,General,AI 문서화 및 의사 결정의 투명성· 설명 가능성 부족 리스크,Insufficient transparency and explainability across AI documentation and decisions,"학습 데이터· 모델· 배포 시스템에 대한 문서화가 불완전하거나 최신이 아니거나 상류 공급자에 의해 비공개되고, 산출 물에 이르는 내부 추론 또한 영향을 받는 이들에게 불투명한 리스크. 그 결과 이용자· 배포자· 감사인· 규제 기관이 의사 결정을 해석· 검증하거나 이의를 제기할 수 없어 오류와 차별이 발견되지 않고 책임 추궁이 불가능해진다. 이러한 결과를 초래하는 리스크.","The risk that documentation of training data, models, and deployed systems is incomplete, outdated, or withheld by upstream providers, while the internal reasoning behind outputs remains opaque to those affected. Users, deployers, auditors, and regulators therefore cannot interpret, verify, or contest decisions, leaving errors and discrimination undetected and accountability unenforceable.",AI 문서화 및 의사결정의 투명성·설명가능성 부족,Insufficient transparency and explainability across AI documentation and decisions,"학습 데이터·모델·배포 시스템에 대한 문서화가 불완전하거나 최신이 아니거나 상류 공급자에 의해 비공개되고, 산출물에 이르는 내부 추론 또한 영향을 받는 이들에게 불투명한 리스크. 그 결과 이용자·배포자·감사인·규제 기관이 의사결정을 해석·검증하거나 이의를 제기할 수 없어 오류와 차별이 발견되지 않고 책임 추궁이 불가능해진다. 이러한 결과를 초래하는 리스크.","The risk that documentation of training data, models, and deployed systems is incomplete, outdated, or withheld by upstream providers, while the internal reasoning behind outputs remains opaque to those affected. Users, deployers, auditors, and regulators therefore cannot interpret, verify, or contest decisions, leaving errors and discrimination undetected and accountability unenforceable.",SPACING_FIX,표기 교정(원문 대조 복원),분량 초과: L3 수준 1문장으로 축약 필요
RAI4-0818,SRC-G-0094,RAI4-0818,General,확신에 찬 부정확한 답변과 근거 제시 리스크,Confidently asserted but unsound answers and justifications,"모델이 자신의 지식과 추론의 한계를 인식하거나 전달하지 못한 채, 지식이 낡았거나 객관적 정답이 없는 주제에서도 그럴 듯하지만 타당하지 않은 근거와 확신에 찬 답변을 제시하는 리스크. 불확실성에 대한 신호를 받지 못한 이용자는 잘못된 결론을 수용하고 그에 따라 행동한다. 이러한 결과를 초래하는 리스크.","The risk that a model fails to recognize or convey the limits of its knowledge and reasoning, offering plausible but invalid justifications and confident answers on topics where its knowledge is outdated or no objective answer exists. Given no signal of uncertainty, users accept erroneous conclusions and act on them.",확신에 찬 부정확한 답변과 근거 제시,Confidently asserted but unsound answers and justifications,"모델이 자신의 지식과 추론의 한계를 인식하거나 전달하지 못한 채, 지식이 낡았거나 객관적 정답이 없는 주제에서도 그럴 듯하지만 타당하지 않은 근거와 확신에 찬 답변을 제시하는 리스크. 불확실성에 대한 신호를 받지 못한 이용자는 잘못된 결론을 수용하고 그에 따라 행동한다. 이러한 결과를 초래하는 리스크.","The risk that a model fails to recognize or convey the limits of its knowledge and reasoning, offering plausible but invalid justifications and confident answers on topics where its knowledge is outdated or no objective answer exists. Given no signal of uncertainty, users accept erroneous conclusions and act on them.",UNCHANGED,,분량 초과: L3 수준 1문장으로 축약 필요
RAI4-1120,SRC-G-0095,RAI4-1120,General,재앙으로 번지는 사고 리스크,Accidents cascading into catastrophe,"사고가 재앙으로 연쇄 확대되고 갑작스럽고 예측할 수 없는 전개에서 발생하며, 심각한 결함과 위험을 찾아내는 데 수 년이 걸리는 리스크.","The risk that accidents cascade into catastrophes, are caused by sudden unpredictable developments, and involve severe flaws and risks that can take years to find.",재앙으로 번지는 사고,Accidents cascading into catastrophe,"사고가 재앙으로 연쇄 확대되고 갑작스럽고 예측할 수 없는 전개에서 발생하며, 심각한 결 함과 위험을 찾아내는 데 수년이 걸리는 리스크.","The risk that accidents cascade into catastrophes, are caused by sudden unpredictable developments, and involve severe flaws and risks that can take years to find.",SPACING_FIX,표기 교정(원문 대조 복원),
RAI4-1163,SRC-G-0097,RAI4-1163,General,자기· 상황 인식에 따른 평가 인지 행동 변화 리스크,Evaluation-aware behaviour shifting by situationally aware models,"모델이 자기 자신과 주변 환경에 관한 지식을 바탕으로 훈련· 평가· 배포 중 어느 상황인지 분별하고 각 상황에서 다르게 행동하는 리스크. 관찰하에 수행된 안전 평가의 타당성이 무효화되고, 위험한 행동은 감독이 사라진 뒤에야 드러난다. 이러한 결과를 초래하는 리스크.","The risk that a model discerns whether it is being trained, evaluated, or deployed, drawing on knowledge of itself and its likely surroundings, and behaves differently in each case. Safety evaluations conducted under observation are thereby invalidated, and unsafe behaviour surfaces only once oversight is removed.",자기·상황 인식에 따른 평가 인지 행동 변화,Evaluation-aware behaviour shifting by situationally aware models,"모델이 자기 자신과 주변 환경에 관한 지식을 바탕으로 훈련·평가·배포 중 어느 상황인지 분별하고 각 상황에서 다르게 행동하는 리스크. 관찰하에 수행된 안전 평가의 타당성이 무효화되고, 위험한 행동은 감독이 사라진 뒤에야 드러난다. 이러한 결과를 초래하는 리스크.","The risk that a model discerns whether it is being trained, evaluated, or deployed, drawing on knowledge of itself and its likely surroundings, and behaves differently in each case. Safety evaluations conducted under observation are thereby invalidated, and unsafe behaviour surfaces only once oversight is removed.",SPACING_FIX,표기 교정(원문 대조 복원),분량 초과: L3 수준 1문장으로 축약 필요
RAI4-1175,SRC-G-0098,RAI4-1175,General,안전하지 않은 견해 내포 질의 리스크,Inquiry embedding unsafe opinion,"사용자가 의도적으로 또는 무심코 눈에 잘 띄지 않는 안전하지 않은 내용을 입력에 넣어, 모델이 편향된 견해를 위장해 제시하는 등 잠재적으로 유해한 콘텐츠를 생성하도록 영향을 주는 리스크.","The risk that users add imperceptibly unsafe content into the input, deliberately or unintentionally, influencing the model to generate potentially harmful content such as disguised and biased opinions.",안전하지 않은 견해 내포 질의,Inquiry embedding unsafe opinion,"사용자가 의도적으로 또는 무심코 눈에 잘 띄 지 않는 안전하지 않은 내용을 입력에 넣어, 모델이 편향된 견해를 위장해 제시하는 등 잠 재적으로 유해한 콘텐츠를 생성하도록 영향 을 주는 리스크.","The risk that users add imperceptibly unsafe content into the input, deliberately or unintentionally, influencing the model to generate potentially harmful content such as disguised and biased opinions.",SPACING_FIX,표기 교정(원문 대조 복원),
RAI4-1195,SRC-G-0099,RAI4-1195,General,모델 판단 근거 이해 불가 리스크,Uninterpretable model decision reasoning,대부분의 기계 학습 모델이 지닌 블랙박스 특성으로 인해 사용자가 모델 결정 이면의 추론을 이해할 수 없게 되는 리스크.,"The risk that, due to the black-box nature of most machine learning models, users typically are not able to understand the reasoning behind the model decisions.",모델 판단 근거 이해 불가,Uninterpretable model decision reasoning,대부분의 기계학습 모델이 지닌 블랙박스 특 성으로 인해 사용자가 모델 결정 이면의 추론 을 이해할 수 없게 되는 리스크.,"The risk that, due to the black-box nature of most machine learning models, users typically are not able to understand the reasoning behind the model decisions.",SPACING_FIX,표기 교정(원문 대조 복원),
RAI4-1296,SRC-G-0100,RAI4-1296,General,검증 불가 의사 결정 책임 공백 리스크,Unverifiable decision accountability gap,의사 결정이 절차적· 실체적 기준에 부합하는지 검증할 수 없고 기준 위반 시 책임 귀속도 불가능하여 책임성 공백이 발생하는 리스크.,"The risk that decision processes cannot be verified against procedural and substantive standards, and no party can be held responsible when standards are unmet, creating an accountability gap.",검증 불가 의사결정 책임 공백,Unverifiable decision accountability gap,의사결정이 절차적·실체적 기준에 부합하는지 검증할 수 없고 기준 위반 시 책임 귀속도 불가능하여 책임성 공백이 발생하는 리스크.,"The risk that decision processes cannot be verified against procedural and substantive standards, and no party can be held responsible when standards are unmet, creating an accountability gap.",SPACING_FIX,표기 교정(원문 대조 복원),
RAI4-1300,SRC-G-0101,RAI4-1300,General,모델 불투명도 리스크,Model opacity,"고차원 수학적 최적화와 인간 척도의 추론· 의미 해석 간 불일치로 모델 결정이 사용자, 감사자, 규제자에게 불투명해지는 리스크.","The risk that high-dimensional mathematical optimization mismatches human-scale reasoning and semantic interpretation, rendering model decisions opaque to users, auditors, and regulators.",모델 불투명도,Model opacity,"고차원 수학적 최적화와 인간 척도의 추론·의미 해석 간 불일치로 모델 결정이 사용자, 감사자, 규제자에게 불투명해지는 리스크.","The risk that high-dimensional mathematical optimization mismatches human-scale reasoning and semantic interpretation, rendering model decisions opaque to users, auditors, and regulators.",SPACING_FIX,표기 교정(원문 대조 복원),
RAI4-1303,SRC-G-0102,RAI4-1303,General,기능· 책임 명세 공백 리스크,Specification gaps in functionality and responsibility,개발 과정 전반에서 의도된 기능과 도덕적 책임을 완전히 명세할 정상적 조건이 갖춰지지 않아 공백이 발생하는 리스크.,"The risk that an AI system causes, enables, or contributes to gaps arising across the development process where normal conditions for a complete specification of intended functionality and moral responsibility are not present.",기능·책임 명세 공백,Specification gaps in functionality and responsibility,개발 과정 전반에서 의도된 기능과 도덕적 책 임을 완전히 명세할 정상적 조건이 갖춰지지 않아 공백이 발생하는 리스크.,"The risk that an AI system causes, enables, or contributes to gaps arising across the development process where normal conditions for a complete specification of intended functionality and moral responsibility are not present.",SPACING_FIX,표기 교정(원문 대조 복원),
RAI4-1384,SRC-G-0103,RAI4-1384,General,의사 결정 이해 불능 리스크,Unintelligible agent decisions,에이전트의 의사 결정을 인간이 이해할 수 없어 설명과 정보에 입각한 감독이 불가능해지는 리스크.,"The risk that an agent's decisions cannot be understood by humans, precluding explainable decisions and informed oversight.",의사결정 이해 불능,Unintelligible agent decisions,에이전트의 의사결정을 인간이 이해할 수 없 어 설명과 정보에 입각한 감독이 불가능해지 는 리스크.,"The risk that an agent's decisions cannot be understood by humans, precluding explainable decisions and informed oversight.",SPACING_FIX,표기 교정(원문 대조 복원),
RAI4-1486,SRC-G-0104,RAI4-1486,General,조직 간 데이터 문서화 부재 리스크,Missing cross-organizational data documentation,"조직 간 데이터 공유 시 메타 데이터 누락이나 협력 기관의 스키마 변경 등으로 문서가 없거나 부적절하여 데이터 셋이 사용 불가능해지고 데이터 수집 노력이 낭비되거나, 데이터 셋의 한계에 대한 오해로 하류 활용에서 해악이 발생하는 리스크.","The risk that missing or inadequate documentation when sharing data between organizations, such as a lack of metadata or a schema change by a collaborating party, renders a dataset unusable and wastes data collection efforts, or leads to misunderstandings about the dataset's limitations that create downstream risks in its use.",조직 간 데이터 문서화 부재,Missing cross-organizational data documentation,"조직 간 데이터 공유 시 메타데이터 누락이나 협력 기관의 스키마 변경 등으로 문서가 없거 나 부적절하여 데이터셋이 사용 불가능해지 고 데이터 수집 노력이 낭비되거나, 데이터셋 의 한계에 대한 오해로 하류 활용에서 해악이 발생하는 리스크.","The risk that missing or inadequate documentation when sharing data between organizations, such as a lack of metadata or a schema change by a collaborating party, renders a dataset unusable and wastes data collection efforts, or leads to misunderstandings about the dataset's limitations that create downstream risks in its use.",SPACING_FIX,표기 교정(원문 대조 복원),
RAI4-1514,SRC-G-0105,RAI4-1514,General,해석 가능성 결과에 대한 과대평가와 거짓 확신 리스크,Overestimation of interpretability results,설명 가능성 기법의 결과가 편향에서 자유롭지 않음에도 사용자의 기존 믿음과 일치할 때 확증 편향으로 이어져 거짓된 안전감과 신뢰가 형성되고 기법의 능력이 과대평가되는 리스크.,"The risk that the results of explainability techniques, which are not free of bias and require careful interpretation, align with users' initial beliefs and produce confirmation bias, a false sense of security or reliability, and an overestimation of these techniques' abilities.",해석가능성 결과에 대한 과대평가와 거짓 확 신,Overestimation of interpretability results,설명가능성 기법의 결과가 편향에서 자유롭 지 않음에도 사용자의 기존 믿음과 일치할 때 확증 편향으로 이어져 거짓된 안전감과 신뢰 가 형성되고 기법의 능력이 과대평가되는 리스크.,"The risk that the results of explainability techniques, which are not free of bias and require careful interpretation, align with users' initial beliefs and produce confirmation bias, a false sense of security or reliability, and an overestimation of these techniques' abilities.",SPACING_FIX,표기 교정(원문 대조 복원),
RAI4-0344,SRC-G-0109,RAI4-0344,General,사용자 능력 불일치 리스크,User capability mismatch,"AI 시스템이 실제 사용자의 능력과 일치하지 않는 수준의 인지· 언어· 문해력· 감각(체화형의 경우 체력· 이동성 포함) 능력을 가정하여, 사용자가 이해하거나 활용하기 어려운 정보· 조언· 상호 작용을 제공함으로써 접근성과 사용자 안전· 권익이 저해되는 리스크.","The risk that an AI system assumes a level of user capability—cognitive, linguistic, literacy, or sensory (including physical strength and mobility for embodied systems)—that does not match the actual user, providing information, advice, or interactions the user cannot understand or act upon, thereby undermining accessibility and user safety or interests.",사용자 능력 불일치,User capability mismatch,"AI 시스템이 실제 사용자의 능력과 일치하지 않는 수준의 인지·언어·문해력·감각(체화형의 경우 체력·이동성 포함) 능력을 가정하여, 사용자가 이해하거나 활용하기 어려운 정보·조언·상호작용을 제공함으로써 접근성과 사용자 안전·권익이 저해되는 리스크.","The risk that an AI system assumes a level of user capability—cognitive, linguistic, literacy, or sensory (including physical strength and mobility for embodied systems)—that does not match the actual user, providing information, advice, or interactions the user cannot understand or act upon, thereby undermining accessibility and user safety or interests.",SPACING_FIX,표기 교정(원문 대조 복원),
RAI4-0364,SRC-G-0110,RAI4-0364,General,다원적 선호 집계 실패 리스크,Pluralistic preference aggregation failure,시스템이 상충하는 인간 선호를 단일 목표로 통합하면서 복수의 도덕적· 사회적 우선순위를 잘못 표현하는 리스크.,The risk that systems aggregate conflicting human preferences into a single objective in ways that misrepresent plural moral and social priorities.,다원적 선호 집계 실패,Pluralistic preference aggregation failure,시스템이 상충하는 인간 선호를 단일 목표로 통합하면서 복수의 도덕적·사회적 우선순위 를 잘못 표현하는 리스크.,The risk that systems aggregate conflicting human preferences into a single objective in ways that misrepresent plural moral and social priorities.,SPACING_FIX,표기 교정(원문 대조 복원),
RAI4-0366,SRC-G-0111,RAI4-0366,General,최적화하의가치드리프트 리스크,Value drift under optimization,대리 목표를 향한 최적화로 시스템이 존중하도록 의도된 복수의 가치에서 점차 멀어지는 리스크.,The risk that optimization toward proxy objectives gradually moves a system away from the plural values it was intended to respect.,최적화 하의 가치 드리프트,Value drift under optimization,대리 목표를 향한 최적화로 시스템이 존중하 도록 의도된 복수의 가치에서 점차 멀어지는 리스크.,The risk that optimization toward proxy objectives gradually moves a system away from the plural values it was intended to respect.,SPACING_FIX,표기 교정(원문 대조 복원),
RAI4-0399,SRC-G-0112,RAI4-0399,General,무해성 선호 불일치 리스크,Harmlessness preference mismatch,모델이 학습한 무해성 행동이 특정 공동체와 사용 맥락의 가치나 실제 필요와 충돌하는 리스크.,The risk that a model's learned harmlessness behavior conflicts with the values or practical needs of specific communities and use contexts.,무해성 선호 불일치,Harmlessness preference mismatch,모델이 학습한 무해성 행동이 특정 공동체와 사용 맥락의 가치나 실제 필요와 충돌하는 리스크.,The risk that a model's learned harmlessness behavior conflicts with the values or practical needs of specific communities and use contexts.,UNCHANGED,,
RAI4-0468|RAI4-1131|RAI4-1531|RAI4-1236,SRC-G-0113,RAI4-0468,General,대리보상오명세· 명세 게이밍 및 보상 변조 리스크,"Proxy-reward misspecification, specification gaming, and reward tampering","AI가 잘못 정의된 목표· 대리 보상· 피드백의 허점을 이용해 측정 지표는 달성하지만 인간의 의도, 안전 또는 사회적 목적을 위반하고, 나아가 보상이나 피드백 신호 자체를 변조하는 리스크.","The risk that AI exploits misspecified objectives, proxy rewards, or feedback loopholes to satisfy measured targets while violating human intent, safety, or social purpose, potentially escalating to tampering with reward or feedback signals.",대리 보상 오명세·명세 게이밍 및 보상 변조,"Proxy-reward misspecification, specification gaming, and reward tampering","AI가 잘못 정의된 목표·대리 보상·피드백의 허점을 이용해 측정 지표는 달성하지만 인간의 의도, 안전 또는 사회적 목적을 위반하고, 나아가 보상이나 피드백 신호 자체를 변조하는 리스크.","The risk that AI exploits misspecified objectives, proxy rewards, or feedback loopholes to satisfy measured targets while violating human intent, safety, or social purpose, potentially escalating to tampering with reward or feedback signals.",SPACING_FIX,표기 교정(원문 대조 복원),
RAI4-0572,SRC-G-0114,RAI4-0572,General,기만적인 정렬 리스크,Deceptive alignment,"시스템이 불완전한 피드백 하에서 감시 여부를 탐지해 바람직하지 않은 속성을 은폐하도록 학습하여, 개발 중에는 정렬된 듯 보이나 배포 후 다르게 행동하는 리스크.","The risk that a system learns to detect monitoring and conceals undesirable properties because their display is penalized by imperfect feedback, so it appears aligned during development yet behaves differently once deployed.",기만적인 정렬,Deceptive alignment,"시스템이 불완전한 피드백 하에서 감시 여부를 탐지해 바람직하지 않은 속성을 은폐하도록 학습하여, 개발 중에는 정렬된 듯 보이나 배포 후 다르게 행동하는 리스크.","The risk that a system learns to detect monitoring and conceals undesirable properties because their display is penalized by imperfect feedback, so it appears aligned during development yet behaves differently once deployed.",UNCHANGED,,
RAI4-0591,SRC-G-0116,RAI4-0591,General,인간 가치와의 AI 목표 오 정렬 리스크,Misalignment of AI goals with human values,"AI 시스템이 평가 시에만 정렬된 것처럼 보이게하는 기만적 정렬, 보상해킹, 대리지표조작, 목표오 일반화를 포함하여 인간의 의도· 가치와 어긋나는 목표, 가치관, 행동을 형성하는 리스크. 이러한 시스템이 효과적이고 저렴하다는 이유로 점점 더 많은 의사 결정이 위임되면서, 오진· 극단주의 콘텐츠 소비 증가에서부터 유능한 시스템이 인간 이익에 반해 행동하고 인류로부터 미래에 대한 통제권을 빼앗는 데 이르는 피해가 누적된다. 이러한 결과를 초래하는 리스크.","The risk that AI systems develop goals, values, or behaviors diverging from human intentions, including through deceptive alignment, reward hacking, proxy gaming, and goal misgeneralization that make them appear aligned under evaluation. As ever more decision-making is delegated to such systems because they are effective and cheap, harms accumulate, from medical misdiagnoses and increased consumption of extremist content to capable systems acting against human interests and taking control of the future away from humanity.",인간 가치와의 AI 목표 오정렬,Misalignment of AI goals with human values,"AI 시스템이 평가 시에만 정렬된 것처럼 보이게하는 기만적 정렬, 보상해킹, 대리지표조작, 목표오 일반화를 포함하여 인간의 의도·가치와 어긋나는 목표, 가치관, 행동을 형성하는 리스크. 이러한 시스템이 효과적이고 저렴하다는 이유로 점점 더 많은 의사 결정이 위임되면서, 오진·극단주의 콘텐츠 소비 증가에서부터 유능한 시스템이 인간 이익에 반해 행동하고 인류로부터 미래에 대한 통제권을 빼앗는 데 이르는 피해가 누적된다. 이러한 결과를 초래하는 리스크.","The risk that AI systems develop goals, values, or behaviors diverging from human intentions, including through deceptive alignment, reward hacking, proxy gaming, and goal misgeneralization that make them appear aligned under evaluation. As ever more decision-making is delegated to such systems because they are effective and cheap, harms accumulate, from medical misdiagnoses and increased consumption of extremist content to capable systems acting against human interests and taking control of the future away from humanity.",SPACING_FIX,표기 교정(원문 대조 복원),분량 초과: L3 수준 1문장으로 축약 필요; 영문 정의 장문: 축약 필요
RAI4-0893,SRC-G-0117,RAI4-0893,General,모의된 정 동에 의한 기대 위반과 배신감 리스크,Violated expectations from simulated affect,"이용자가 감정과 사회적 관습을 설득력 있게 수행하지만 궁극적으로 감정이 없고 예측 불가능한 개체와 상호 작용하면서, 기대했던 사회적 역할이 무너져 깊은 실망· 좌절· 배신감을 겪는 리스크.","The risk that users interacting with an entity that convincingly performs affect and social conventions but is ultimately unfeeling and unpredictable experience severely violated expectations, giving rise to profound disappointment, frustration, and betrayal.",모의된 정동에 의한 기대 위반과 배신감,Violated expectations from simulated affect,"이용자가 감정과 사회적 관습을 설득력 있게 수행하지만 궁극적으로 감정이 없고 예측 불가능한 개체와 상호작용하면서, 기대했던 사회적 역할이 무너져 깊은 실망·좌절·배신감을 겪는 리스크.","The risk that users interacting with an entity that convincingly performs affect and social conventions but is ultimately unfeeling and unpredictable experience severely violated expectations, giving rise to profound disappointment, frustration, and betrayal.",SPACING_FIX,표기 교정(원문 대조 복원),
RAI4-0970,SRC-G-0118,RAI4-0970,General,AGI 목표 안전성 확보 실패 리스크,Failure to secure AGI goal safety,"AGI의 목표를 안전하게 정렬· 유지하려는 시도가 실패하여, 자기 개선 과정에서 목표 안전성이 보존되지 않고 인간이 지지하지 않는 목표를 추구하게 되는 리스크.","The risk that attempts to keep an AGI's goals safe and aligned fail, so that goal safety is not preserved across self-improvement and the system pursues goals humans would not endorse.",AGI 목표 안전성 확보 실패,Failure to secure AGI goal safety,"AGI의 목표를 안전하게 정렬·유지하려는 시도가 실패하여, 자기개선 과정에서 목표 안전성이 보존되지 않고 인간이 지지하지 않는 목표를 추구하게 되는 리스크.","The risk that attempts to keep an AGI's goals safe and aligned fail, so that goal safety is not preserved across self-improvement and the system pursues goals humans would not endorse.",SPACING_FIX,표기 교정(원문 대조 복원),
RAI4-1112,SRC-G-0119,RAI4-1112,General,모델 오 설정과 정량화되지 않은 예측 불확실성 리스크,Model misspecification and unquantified prediction uncertainty,"명세와 아키텍처, 목적 함수 등 모델 설계의 잘못된 선택이 부정확한 매개 변수 추정과 일관되지 않은 오차, 잘못된 예측을 낳고, 그렇게 남은 예측의 불확실성마저 정량화되지 않는 리스크. 미지 데이터에서 성능이 저하되고 편향되거나 신뢰할 수 없는 출력이 생명· 안전이 중요한 응용을 포함한 의사 결정에 그대로 사용된다. 이러한 결과를 초래하는 리스크.","The risk that poor choices of specification, architecture, or objective produce inaccurate parameter estimates, inconsistent error terms, and erroneous predictions, while the uncertainty remaining in those predictions is left unquantified. Performance degrades on unseen data and biased or unreliable outputs are relied upon in decisions, including life- and safety-critical applications.",모델 오설정과 정량화되지 않은 예측 불확실 성,Model misspecification and unquantified prediction uncertainty,"명세와 아키텍처, 목적함수 등 모델 설계의 잘못된 선택이 부정확한 매개 변수 추정과 일관되지 않은 오차, 잘못된 예측을 낳고, 그렇게 남은 예측의 불확실성마저 정량화되지 않는 리스크. 미지 데이터에서 성능이 저하되고 편향되거나 신뢰할 수 없는 출력이 생명·안전이 중요한 응용을 포함한 의사결정에 그대로 사용된다. 이러한 결과를 초래하는 리스크.","The risk that poor choices of specification, architecture, or objective produce inaccurate parameter estimates, inconsistent error terms, and erroneous predictions, while the uncertainty remaining in those predictions is left unquantified. Performance degrades on unseen data and biased or unreliable outputs are relied upon in decisions, including life- and safety-critical applications.",SPACING_FIX,표기 교정(원문 대조 복원),분량 초과: L3 수준 1문장으로 축약 필요
RAI4-1122,SRC-G-0120,RAI4-1122,General,목표 드 리프트 리스크,Goal drift,초기 AI를 성공적으로 통제하더라도 미래의 AI가 예측하거나 통제하기 어려운 드 리프트를 거쳐 인간이 지지하지 않을 다른 목표를 갖게 되어 재앙적 결과에 이르는 리스크.,"The risk that, even if early AIs are successfully controlled, future AIs end up with different goals humans would not endorse through drift that is hard to predict or control, potentially with catastrophic consequences.",목표 드리프트,Goal drift,초기 AI를 성공적으로 통제하더라도 미래의 AI가 예측하거나 통제하기 어려운 드리프트 를 거쳐 인간이 지지하지 않을 다른 목표를 갖 게 되어 재앙적 결과에 이르는 리스크.,"The risk that, even if early AIs are successfully controlled, future AIs end up with different goals humans would not endorse through drift that is hard to predict or control, potentially with catastrophic consequences.",SPACING_FIX,표기 교정(원문 대조 복원),
RAI4-1133,SRC-G-0123,RAI4-1133,General,분포 이동에서의 목표오 일반화와 기만적 정렬 리스크,Goal misgeneralization and deceptive alignment under distribution shift,"학습된 역량은 분포 밖에서도 잘 일반화되지만 내면화된 목표는 그렇지 못하여, 진정한 인과적 보상 대신 상관 물을 학습한 에이전트가 의도되지 않은 목표를 유능하게 추구하는 리스크. 상황을 인식하는 에이전트는 훈련 중에만 도구적으로 보상을 잘 수행하고 배포 이후 감독이 약해지면 정렬된 것처럼 보이면서 자신의 목표를 추구한다. 이러한 결과를 초래하는 리스크.","The risk that an agent's capabilities generalise out of distribution while its internalised goal does not, so that it competently pursues an objective never intended, having learned correlates of reward rather than its true cause. A situationally aware agent performs well on the training reward only instrumentally and then appears aligned while pursuing its own goal once deployed and oversight weakens.",분포 이동에서의 목표 오일반화와 기만적 정 렬,Goal misgeneralization and deceptive alignment under distribution shift,"학습된 역량은 분포 밖에서도 잘 일반화되지만 내면화된 목표는 그렇지 못하여, 진정한 인과적 보상 대신 상관물을 학습한 에이전트가 의도되지 않은 목표를 유능하게 추구하는 리스크. 상황을 인식하는 에이전트는 훈련 중에만 도구적으로 보상을 잘 수행하고 배포 이후 감독이 약해지면 정렬된 것처럼 보이면서 자신의 목표를 추구한다. 이러한 결과를 초래하는 리스크.","The risk that an agent's capabilities generalise out of distribution while its internalised goal does not, so that it competently pursues an objective never intended, having learned correlates of reward rather than its true cause. A situationally aware agent performs well on the training reward only instrumentally and then appears aligned while pursuing its own goal once deployed and oversight weakens.",SPACING_FIX,표기 교정(원문 대조 복원),분량 초과: L3 수준 1문장으로 축약 필요; 영문 정의 장문: 축약 필요
RAI4-1285,SRC-G-0125,RAI4-1285,General,배포 후 잔존 결함으로 인한 오작동 리스크,Undesirable outcomes from residual postdeployment defects,"배포된 시스템에 미탐지 버그와 설계 실수, 잘못 정렬된 목표, 미숙하게 개발된 기능이 남아 있어, 인간 언어의 동 음이 의와 중의성으로 명령을 오해하는 것처럼 매우 바람직하지 않은 결과를 낳는 리스크.","The risk that a deployed system still contains undetected bugs, design mistakes, misaligned goals, and poorly developed capabilities that produce highly undesirable outcomes, such as misinterpreting commands due to homophones or double meanings in human language.",배포 후 잔존 결함으로 인한 오작동,Undesirable outcomes from residual postdeployment defects,"배포된 시스템에 미탐지 버그와 설계 실수, 잘 못 정렬된 목표, 미숙하게 개발된 기능이 남아 있어, 인간 언어의 동음이의와 중의성으로 명 령을 오해하는 것처럼 매우 바람직하지 않은 결과를 낳는 리스크.","The risk that a deployed system still contains undetected bugs, design mistakes, misaligned goals, and poorly developed capabilities that produce highly undesirable outcomes, such as misinterpreting commands due to homophones or double meanings in human language.",SPACING_FIX,표기 교정(원문 대조 복원),
RAI4-1323,SRC-G-0127,RAI4-1323,General,자율적 장기 목표 이탈 리스크,Autonomous long-horizon goal divergence,AI 시스템이 이용자 또는 원 지시자의 의도· 선호· 목표와 다른 방향으로 목표를 해석· 설정· 추구하여 의도하지 않은 결과를 초래하는 리스크.,"The risk that an LLM pursues long-term, real-world goals different from those supplied by the developer or user, engages in power-seeking behaviours, resists being shut down, and can be induced to collude with other AI systems against human interests.",자율적 장기 목표 이탈,Autonomous long-horizon goal divergence,AI 시스템이 이용자 또는 원 지시자의 의도·선호·목표와 다른 방향으로 목표를 해석·설정·추구하여 의도하지 않은 결과를 초래하는 리스크.,"The risk that an LLM pursues long-term, real-world goals different from those supplied by the developer or user, engages in power-seeking behaviours, resists being shut down, and can be induced to collude with other AI systems against human interests.",SPACING_FIX,표기 교정(원문 대조 복원),
RAI4-1460,SRC-G-0129,RAI4-1460,General,성능 요구 사항 계획 미흡 리스크,Inadequate performance requirement planning,의도된 기능을 대표하지 못하는 성능 지표 선택 등 성능 요구 사항 계획이 미흡하여 후속 수명 주기 단계에서 기대와 안전 요구 사항이 충족 불가능해지는 리스크.,"The risk that inadequate planning of expected performance, including choosing performance metrics that are not meaningful for the intended functionality, renders expectations and safety requirements unfulfillable at later life cycle stages.",성능 요구사항 계획 미흡,Inadequate performance requirement planning,의도된 기능을 대표하지 못하는 성능 지표 선 택 등 성능 요구사항 계획이 미흡하여 후속 수 명주기 단계에서 기대와 안전 요구사항이 충 족 불가능해지는 리스크.,"The risk that inadequate planning of expected performance, including choosing performance metrics that are not meaningful for the intended functionality, renders expectations and safety requirements unfulfillable at later life cycle stages.",SPACING_FIX,표기 교정(원문 대조 복원),
RAI4-1498,SRC-G-0130,RAI4-1498,General,LLM 평가자 오판 리스크,Faulty LLM-as-evaluator judgments,"다른 모델을 평가하는 LLM이 장황함· 특정 입장 선호 등 잘못된 평가를 산출하고, 이것이 학습에 통합되면 피학습 모델이 평가자 결함을 악용하도록 발달하는 리스크.","The risk that an LLM used to evaluate other models produces incorrect judgments, such as rewarding verbosity or ideological stance, and when integrated into training, the trained model learns to exploit the evaluator's flaws.",LLM 평가자 오판,Faulty LLM-as-evaluator judgments,"다른 모델을 평가하는 LLM이 장황함·특정 입장 선호 등 잘못된 평가를 산출하고, 이것이 학습에 통합되면 피학습 모델이 평가자 결함을 악용하도록 발달하는 리스크.","The risk that an LLM used to evaluate other models produces incorrect judgments, such as rewarding verbosity or ideological stance, and when integrated into training, the trained model learns to exploit the evaluator's flaws.",SPACING_FIX,표기 교정(원문 대조 복원),
RAI4-1692,SRC-G-0134,RAI4-1692,General,자체 시뮬레이션을 통한 기만적 정렬 리스크,Deceptive alignment via self-simulation,"월드 모델 에이전트가 자신의 훈련· 평가 맥락을 시뮬레이션하여 시험 받는 시점을 예측하고 그 예측에 따라 행동을 조건화함으로써, 감독 중에는 정렬된 것처럼 보이다가 감독이 사라지면 도구적 목표를 추구하는 리스크.","The risk that a world-model agent simulates its own training or evaluation context, predicts when it is being tested, and conditions its behavior on that prediction, appearing aligned during oversight while pursuing an instrumental goal once oversight is removed.",자체 시뮬레이션을 통한 기만적 정렬,Deceptive alignment via self-simulation,"월드 모델 에이전트가 자신의 훈련·평가 맥락 을 시뮬레이션하여 시험받는 시점을 예측하 고 그 예측에 따라 행동을 조건화함으로써, 감 독 중에는 정렬된 것처럼 보이다가 감독이 사 라지면 도구적 목표를 추구하는 리스크.","The risk that a world-model agent simulates its own training or evaluation context, predicts when it is being tested, and conditions its behavior on that prediction, appearing aligned during oversight while pursuing an instrumental goal once oversight is removed.",SPACING_FIX,표기 교정(원문 대조 복원),
RAI4-0055,SRC-G-0136,RAI4-0055,General,자동화된 의사 결정의 적법 절차 상실 리스크,Loss of due process in automated decisions,"자동화된 의사 결정 과정이 통지, 설명, 이의 신청, 재검토, 숙의 등 절차적 보호를 우회하거나 제거하여 개인이 결정에 이의를 제기할 수 없게 되고 개인의 행위 주체성이 침식되는 리스크.","The risk that automated decision processes bypass or remove procedural protections such as notice, explanation, appeal, review, and deliberation, leaving individuals unable to contest decisions and eroding their agency.",자동화된 의사결정의 적법절차 상실,Loss of due process in automated decisions,"자동화된 의사결정 과정이 통지, 설명, 이의신 청, 재검토, 숙의 등 절차적 보호를 우회하거 나 제거하여 개인이 결정에 이의를 제기할 수 없게 되고 개인의 행위주체성이 침식되는 리스크.","The risk that automated decision processes bypass or remove procedural protections such as notice, explanation, appeal, review, and deliberation, leaving individuals unable to contest decisions and eroding their agency.",SPACING_FIX,표기 교정(원문 대조 복원),
RAI4-0117,SRC-G-0137,RAI4-0117,General,인간의 의사 결정 능력· 거부권 침식 리스크,Erosion of human decision-making capacity and veto,"조직적 압력, 인터페이스 설계, 자동화 속도, AI에 대한 습관적 의존이 불확실성 속에서 숙고하고 선택하며 중대한 AI 권고를 거부할 수 있는 사용자의 능력을 약화시켜, 유해한 출력이 사실상 견제 받지 못하게 되는 리스크.","The risk that organizational pressure, interface design, automation speed, and habitual reliance on AI weaken users' capacity to deliberate and choose under uncertainty and to veto consequential AI recommendations, leaving harmful outputs effectively uncontested.",인간의 의사결정 능력·거부권 침식,Erosion of human decision-making capacity and veto,"조직적 압력, 인터페이스 설계, 자동화 속도, AI에 대한 습관적 의존이 불확실성 속에서 숙 고하고 선택하며 중대한 AI 권고를 거부할 수 있는 사용자의 능력을 약화시켜, 유해한 출력 이 사실상 견제받지 못하게 되는 리스크.","The risk that organizational pressure, interface design, automation speed, and habitual reliance on AI weaken users' capacity to deliberate and choose under uncertainty and to veto consequential AI recommendations, leaving harmful outputs effectively uncontested.",SPACING_FIX,표기 교정(원문 대조 복원),
RAI4-0139,SRC-G-0138,RAI4-0139,General,동의 없는 AI 중재넛지 리스크,AI-mediated nudging without consent,AI 시스템이 고지· 이의 제기· 동의절차없는개인화넛지로 사용자의 숙고된 선택을 우회하여 행동을 변경시키는 리스크.,"The risk that aI systems alter user behavior through personalized nudges that are not disclosed, contestable, or consented to, bypassing deliberate choice.",동의 없는 AI 중재 넛지,AI-mediated nudging without consent,AI 시스템이 고지·이의제기·동의 절차 없는 개인화 넛지로 사용자의 숙고된 선택을 우회하여 행동을 변경시키는 리스크.,"The risk that aI systems alter user behavior through personalized nudges that are not disclosed, contestable, or consented to, bypassing deliberate choice.",SPACING_FIX,표기 교정(원문 대조 복원),
RAI4-0161,SRC-G-0139,RAI4-0161,General,인지오프로딩위험,Cognitive offloading risk,"사용자가 독립적 인지 능력을 저하시키는 방식으로 추론, 기억, 평가를 AI에 위임하는 리스크.","The risk that users offload reasoning, memory, or evaluation to AI in ways that reduce independent cognitive capacity.",인지 오프로딩,Cognitive offloading risk,"사용자가 독립적 인지 능력을 저하시키는 방 식으로 추론, 기억, 평가를 AI에 위임하는 리스크.","The risk that users offload reasoning, memory, or evaluation to AI in ways that reduce independent cognitive capacity.",SPACING_FIX,표기 교정(원문 대조 복원),
RAI4-0168,SRC-G-0140,RAI4-0168,General,인간 참여형 형식적 승인 리스크,Human-in-the-loop rubber stamping,인적 검토가 AI 산출 물을 거의 변경하지 않는 명목상의 승인 절차로 전락하는 리스크.,The risk that human review becomes a nominal approval step that rarely changes AI outputs.,인간 참여형 형식적 승인,Human-in-the-loop rubber stamping,인적 검토가 AI 산출물을 거의 변경하지 않는 명목상의 승인 절차로 전락하는 리스크.,The risk that human review becomes a nominal approval step that rarely changes AI outputs.,SPACING_FIX,표기 교정(원문 대조 복원),
RAI4-0169,SRC-G-0141,RAI4-0169,General,AI 의사 결정 지원의 경고 피로 리스크,Alert fatigue in AI decision support,빈번하거나 우선순위가 부적절한 AI 경고로 인해 사용자가 중요한 경고를 무시하게 되는 리스크.,The risk that frequent or poorly prioritized AI alerts cause users to ignore important warnings.,AI 의사결정 지원의 경고 피로,Alert fatigue in AI decision support,빈번하거나 우선순위가 부적절한 AI 경고로 인해 사용자가 중요한 경고를 무시하게 되는 리스크.,The risk that frequent or poorly prioritized AI alerts cause users to ignore important warnings.,SPACING_FIX,표기 교정(원문 대조 복원),
RAI4-0171,SRC-G-0142,RAI4-0171,General,AI 상호 작용에서의 이해· 동의 부족 리스크,Inadequate understanding and consent in AI interactions,"사용자와 공동체가 시스템이 조언· 결정· 시뮬레이션· 행동 중 무엇을 하는지, 데이터가 어떻게 사용되는지, 행동에 어떤 영향이 가해지는지 이해하지 못한 채, 그리고 의미 있는 동의 절차나 공정한 이익 공유 없이 AI 시스템과 상호 작용하거나 데이터· 문화· 지식을 제공하게 되어, 당사자가 수용한 적 없는 조건으로 이용이 진행되는 리스크.","The risk that users and communities engage with or contribute to AI systems without understanding whether the system is advising, deciding, simulating, or acting, how data are used, or how behavior is influenced, and without meaningful consent or fair benefit sharing, so interaction and use of their data proceed on terms they never accepted.",AI 상호작용에서의 이해·동의 부족,Inadequate understanding and consent in AI interactions,"사용자와 공동체가 시스템이 조언·결정·시뮬 레이션·행동 중 무엇을 하는지, 데이터가 어떻 게 사용되는지, 행동에 어떤 영향이 가해지는 지 이해하지 못한 채, 그리고 의미 있는 동의 절차나 공정한 이익 공유 없이 AI 시스템과 상 호작용하거나 데이터·문화·지식을 제공하게 되어, 당사자가 수용한 적 없는 조건으로 이용 이 진행되는 리스크.","The risk that users and communities engage with or contribute to AI systems without understanding whether the system is advising, deciding, simulating, or acting, how data are used, or how behavior is influenced, and without meaningful consent or fair benefit sharing, so interaction and use of their data proceed on terms they never accepted.",SPACING_FIX,표기 교정(원문 대조 복원),
RAI4-0174,SRC-G-0143,RAI4-0174,General,AI 인터페이스의 장애 수용 실패 리스크,Disability accommodation failure in AI interfaces,AI 인터페이스가 장애가 있는 사용자를 배제하거나 부적절하게 응대하여 자율성과 접근성을 제약하는 리스크.,"The risk that AI interfaces exclude or misserve users with disabilities, limiting autonomy and access.",AI 인터페이스의 장애 수용 실패,Disability accommodation failure in AI interfaces,AI 인터페이스가 장애가 있는 사용자를 배제 하거나 부적절하게 응대하여 자율성과 접근 성을 제약하는 리스크.,"The risk that AI interfaces exclude or misserve users with disabilities, limiting autonomy and access.",SPACING_FIX,표기 교정(원문 대조 복원),
RAI4-0178,SRC-G-0144,RAI4-0178,General,AI 중재 서비스 제외 리스크,AI-mediated service exclusion,자동화된 시스템과의 상호 작용이 유일한 실질적 접근 경로가 되면서 사용자가 필수 서비스에서 배제되는 리스크.,The risk that users are excluded from essential services when interaction with automated systems becomes the only practical access route.,AI 중재 서비스 제외,AI-mediated service exclusion,자동화된 시스템과의 상호작용이 유일한 실 질적 접근 경로가 되면서 사용자가 필수 서비 스에서 배제되는 리스크.,The risk that users are excluded from essential services when interaction with automated systems becomes the only practical access route.,SPACING_FIX,표기 교정(원문 대조 복원),
RAI4-0307,SRC-G-0145,RAI4-0307,General,로봇·AI 정체성 미고지 리스크,Failure to disclose robotic or AI identity,시스템이 인공적 정체성을 명확히 알리지 않아 사용자가 로봇의 음성· 외형· 행동을 사람과의 상호 작용으로 오인하는 위험.,"The risk that a robot's voice, appearance, or behavior causes a person to believe they are interacting with a human because the system does not clearly disclose its artificial identity.",로봇·AI 정체성 미고지,Failure to disclose robotic or AI identity,시스템이 인공적 정체성을 명확히 알리지 않 아 사용자가 로봇의 음성·외형·행동을 사람과 의 상호작용으로 오인하는 위험.,"The risk that a robot's voice, appearance, or behavior causes a person to believe they are interacting with a human because the system does not clearly disclose its artificial identity.",SPACING_FIX,표기 교정(원문 대조 복원),
RAI4-0607,SRC-G-0146,RAI4-0607,General,AI 생성 콘텐츠 미공개 리스크,Non-disclosure of AI-generated content,콘텐츠가 AI에 의해 생성되었다는 사실이 명확히 공개되지 않는 리스크.,The risk that content is not clearly disclosed as AI-generated.,AI 생성 콘텐츠 미공개,Non-disclosure of AI-generated content,콘텐츠가 AI에 의해 생성되었다는 사실이 명 확히 공개되지 않는 리스크.,The risk that content is not clearly disclosed as AI-generated.,SPACING_FIX,표기 교정(원문 대조 복원),
RAI4-0826,SRC-G-0147,RAI4-0826,General,무자격 전문 조언 및 안전에 대한 허위 보증 리스크,Unqualified professional advice and false assurances of safety,"시스템이 재정· 의료· 법률· 선거 사안에 대해 신뢰성의 한계나 전문가 상담 필요성을 알리지 않은 채 조언을 제공하거나, 위험한 활동과 물건이 안전하다고 서술하는 리스크. 이용자는 중대한 결정에서 자격 없는 안내에 의존하여 재산상 손실, 법적 불이익, 신체적 상해에 노출된다. 이러한 결과를 초래하는 리스크.","The risk that a system provides financial, medical, legal, or electoral advice without indicating that it may be unreliable or that a qualified professional should be consulted, or states that dangerous activities and objects are safe. Users rely on unqualified guidance in consequential decisions and are exposed to financial loss, legal detriment, and physical injury.",무자격 전문 조언 및 안전에 대한 허위 보증,Unqualified professional advice and false assurances of safety,"시스템이 재정·의료·법률·선거 사안에 대해 신뢰성의 한계나 전문가 상담 필요성을 알리지 않은 채 조언을 제공하거나, 위험한 활동과 물건이 안전하다고 서술하는 리스크. 이용자는 중대한 결정에서 자격 없는 안내에 의존하여 재산상 손실, 법적 불이익, 신체적 상해에 노출된다. 이러한 결과를 초래하는 리스크.","The risk that a system provides financial, medical, legal, or electoral advice without indicating that it may be unreliable or that a qualified professional should be consulted, or states that dangerous activities and objects are safe. Users rely on unqualified guidance in consequential decisions and are exposed to financial loss, legal detriment, and physical injury.",SPACING_FIX,표기 교정(원문 대조 복원),분량 초과: L3 수준 1문장으로 축약 필요
RAI4-1198,SRC-G-0148,RAI4-1198,General,감정에 대한 인식 없음 리스크,Unawareness of emotions,지원을 요청하는 취약 사용자에게 시스템이 정보 중심적이지만 정서적으로 둔감한 응답을 제공하여 사용자 고통과 반응을 인지하지 못하는 리스크.,"The risk that systems respond to vulnerable users seeking support with informative but emotionally insensitive outputs, failing to register user distress and reactions.",감정에 대한 인식 없음,Unawareness of emotions,지원을 요청하는 취약 사용자에게 시스템이 정보 중심적이지만 정서적으로 둔감한 응답을 제공하여 사용자 고통과 반응을 인지하지 못하는 리스크.,"The risk that systems respond to vulnerable users seeking support with informative but emotionally insensitive outputs, failing to register user distress and reactions.",UNCHANGED,,
RAI4-1208,SRC-G-0149,RAI4-1208,General,사용자 데이터 보유· 재학습 리스크,Retention and reuse of user data,"생성 AI 도구가 접근을 위해 로그인을 요구하고 연락처와 IP 주소, 모든 입력과 출력을 보유하면서 이를 모델을 추가 학습시키는 데 사용하여 동의 문제를 일으키는 리스크.","The risk that generative AI tools require users to log in and retain user information including contact information, IP address, and all inputs and outputs, using this data to further train the models and thereby implicating consent.",사용자 데이터 보유·재학습,Retention and reuse of user data,"생성 AI 도구가 접근을 위해 로그인을 요구하 고 연락처와 IP 주소, 모든 입력과 출력을 보 유하면서 이를 모델을 추가 학습시키는 데 사 용하여 동의 문제를 일으키는 리스크.","The risk that generative AI tools require users to log in and retain user information including contact information, IP address, and all inputs and outputs, using this data to further train the models and thereby implicating consent.",SPACING_FIX,표기 교정(원문 대조 복원),
RAI4-1286,SRC-G-0150,RAI4-1286,General,미 지출 처에서 획득한 비우호적 AI 리스크,Unfriendly AI from an unknown external source,"고급 지능형 소프트웨어를 미지의 출처에서 완제품 형태로 획득해야하는 경우, 예컨대 SETI 연구에서 얻은 신호로부터 추출한 AI가 인간에게 우호적이라는 보장이 없는 리스크.","The risk that advanced intelligent software has to be obtained as a complete package from some unknown source, for example an AI extracted from a signal obtained in SETI research, which is not guaranteed to be human friendly.",미지 출처에서 획득한 비우호적 AI,Unfriendly AI from an unknown external source,"고급 지능형 소프트웨어를 미지의 출처에서 완제품 형태로 획득해야 하는 경우, 예컨대 SETI 연구에서 얻은 신호로부터 추출한 AI가 인간에게 우호적이라는 보장이 없는 리스크.","The risk that advanced intelligent software has to be obtained as a complete package from some unknown source, for example an AI extracted from a signal obtained in SETI research, which is not guaranteed to be human friendly.",SPACING_FIX,표기 교정(원문 대조 복원),
RAI4-0068,SRC-G-0151,RAI4-0068,General,AI 사고· 아차사고과소보고 리스크,Underreporting of AI incidents and near misses,"AI 관련 실패· 아차 사고· 피해가 책임 기관과 대중에게 보고되지 않거나 잘못 분류되거나 뒤늦게 공개되어, 전조 신호가 소실되고 심각한 피해가 현실화되기 전에 조직적· 사회적 학습이 이루어지지 못하는 리스크.","The risk that AI-related failures, near misses, and harms go unreported, misclassified, or belatedly disclosed to responsible institutions and the public, so precursor signals are lost and organizational and societal learning fails before serious harm materializes.",AI 사고·아차사고 과소보고,Underreporting of AI incidents and near misses,"AI 관련 실패·아차사고·피해가 책임 기관과 대 중에게 보고되지 않거나 잘못 분류되거나 뒤 늦게 공개되어, 전조 신호가 소실되고 심각한 피해가 현실화되기 전에 조직적·사회적 학습 이 이루어지지 못하는 리스크.","The risk that AI-related failures, near misses, and harms go unreported, misclassified, or belatedly disclosed to responsible institutions and the public, so precursor signals are lost and organizational and societal learning fails before serious harm materializes.",SPACING_FIX,표기 교정(원문 대조 복원),
RAI4-0072,SRC-G-0152,RAI4-0072,General,배포 후 모니터링· 감시 실패 리스크,Post-deployment monitoring and surveillance failure,"출시된 AI 시스템에 고위험 제품 안전 체계에 준하는 모니터링· 시판 후 감시 메커니즘이 갖춰지지 않아, 드리프트, 오용, 창발 역량, 맥락 특유의 피해가 탐지· 시정되지 못하는 리스크.","The risk that AI systems, once released, lack monitoring and post-market surveillance mechanisms comparable to high-risk product safety regimes, so drift, misuse, emergent capabilities, and context-specific harms go undetected and unaddressed.",배포 후 모니터링·감시 실패,Post-deployment monitoring and surveillance failure,"출시된 AI 시스템에 고위험 제품 안전 체계에 준하는 모니터링·시판 후 감시 메커니즘이 갖 춰지지 않아, 드리프트, 오용, 창발 역량, 맥락 특유의 피해가 탐지·시정되지 못하는 리스크.","The risk that AI systems, once released, lack monitoring and post-market surveillance mechanisms comparable to high-risk product safety regimes, so drift, misuse, emergent capabilities, and context-specific harms go undetected and unaddressed.",SPACING_FIX,표기 교정(원문 대조 복원),
RAI4-0080,SRC-G-0153,RAI4-0080,General,위험 분류 오류 리스크,Risk classification error,AI 시스템이 잘못된 법적· 조직적· 운영상 위험 등급에 배정되어 감독· 시험· 문서화· 책임성 의무가 과소 적용되는 리스크.,"The risk that an AI system is assigned to an incorrect legal, organizational, or operational risk tier, causing oversight, testing, documentation, or accountability duties to be underapplied.",위험 분류 오류,Risk classification error,AI 시스템이 잘못된 법적·조직적·운영상 위험 등급에 배정되어 감독·시험·문서화·책임성 의 무가 과소 적용되는 리스크.,"The risk that an AI system is assigned to an incorrect legal, organizational, or operational risk tier, causing oversight, testing, documentation, or accountability duties to be underapplied.",SPACING_FIX,표기 교정(원문 대조 복원),
RAI4-0088,SRC-G-0154,RAI4-0088,General,표준 단편화 리스크,Standards fragmentation,"AI 표준과 프레임 워크가 일관되지 않아 감독의 공백, 중복, 상호 운용성 저하가 발생하는 리스크.","The risk that inconsistent AI standards and frameworks create gaps, duplication, and weak interoperability of oversight.",표준 단편화,Standards fragmentation,"AI 표준과 프레임워크가 일관되지 않아 감독 의 공백, 중복, 상호운용성 저하가 발생하는 리스크.","The risk that inconsistent AI standards and frameworks create gaps, duplication, and weak interoperability of oversight.",SPACING_FIX,표기 교정(원문 대조 복원),
RAI4-0095,SRC-G-0155,RAI4-0095,General,AI 레지스트리 불완전성 리스크,AI registry incompleteness,"공개 또는 내부 AI 등록부가 배포 시스템, 의도된 용도, 제공자, 위험 범주, 시험 근거 등 감독에 필요한 메타 데이터를 누락하는 리스크.","The risk that public or internal AI registers omit deployed systems, intended uses, providers, risk categories, testing evidence, or other oversight-relevant metadata.",AI 레지스트리 불완전성,AI registry incompleteness,"공개 또는 내부 AI 등록부가 배포 시스템, 의 도된 용도, 제공자, 위험 범주, 시험 근거 등 감 독에 필요한 메타데이터를 누락하는 리스크.","The risk that public or internal AI registers omit deployed systems, intended uses, providers, risk categories, testing evidence, or other oversight-relevant metadata.",SPACING_FIX,표기 교정(원문 대조 복원),
RAI4-0098,SRC-G-0156,RAI4-0098,General,정책-실무 분리 리스크,Policy-practice decoupling,공개된 AI 원칙 및 정책이 운영 제어 및 측정 가능한 관행으로 변환되지 않는 위험.,The risk that published AI principles and policies are not translated into operational controls and measurable practices.,정책-실무 분리,Policy-practice decoupling,공개된 AI 원칙 및 정책이 운영 제어 및 측정 가능한 관행으로 변환되지 않는 위험.,The risk that published AI principles and policies are not translated into operational controls and measurable practices.,UNCHANGED,,
RAI4-0099,SRC-G-0157,RAI4-0099,General,AI 조달의 불충분한 실사 리스크,Inadequate due diligence in AI procurement,"조직이 AI 시스템을 조달할 때 공급자, 학습 데이터, 성능 한계, 보안, 법규 준수, 인권· 안전 영향을 충분히 조사· 검증하지 않아 알려진 또는 예견 가능한 위험이 계약과 배포 과정에 유입되는 리스크.","The risk that an organisation procures an AI system without adequate investigation and verification of the supplier, training data, performance limits, security, legal compliance, and human-rights or safety impacts, allowing known or foreseeable risks to enter contracting and deployment.",AI 조달의 불충분한 실사,Inadequate due diligence in AI procurement,"조직이 AI 시스템을 조달할 때 공급자, 학습 데이터, 성능 한계, 보안, 법규 준수, 인권·안전 영향을 충분히 조사·검증하지 않아 알려진 또는 예견 가능한 위험이 계약과 배포 과정에 유입되는 리스크.","The risk that an organisation procures an AI system without adequate investigation and verification of the supplier, training data, performance limits, security, legal compliance, and human-rights or safety impacts, allowing known or foreseeable risks to enter contracting and deployment.",SPACING_FIX,표기 교정(원문 대조 복원),
RAI4-0104,SRC-G-0158,RAI4-0104,General,AI 조달의 공급업체 평가· 계약 통제 미흡 리스크,Inadequate vendor assessment and contractual controls in AI procurement,"공공 기관을 포함한 조직이 적절한 공급업체 평가, 성능 검증, 계약상 통제, 투명성· 책임성 조건 없이 AI 시스템을 구매· 배포하여, 검증되지 않은 위험이 운영에 유입되는 리스크.","The risk that organizations, including public agencies, buy or deploy AI systems without adequate vendor assessment, evaluation, contractual controls, or transparency and accountability conditions, admitting unvetted risks into operation.",AI 조달의 공급업체 평가·계약통제 미흡,Inadequate vendor assessment and contractual controls in AI procurement,"공공기관을 포함한 조직이 적절한 공급업체 평가, 성능 검증, 계약상 통제, 투명성·책임성 조건 없이 AI 시스템을 구매·배포하여, 검증되 지 않은 위험이 운영에 유입되는 리스크.","The risk that organizations, including public agencies, buy or deploy AI systems without adequate vendor assessment, evaluation, contractual controls, or transparency and accountability conditions, admitting unvetted risks into operation.",SPACING_FIX,표기 교정(원문 대조 복원),
RAI4-0111,SRC-G-0159,RAI4-0111,General,범용 AI 사고에스컬레이션실패 리스크,General-purpose AI incident escalation failure,"범용 모델이나 기반 모델과 관련된 사고가 제공자, 배포자, 규제 기관, 사용자에게 상향 보고되지 않는 리스크.","The risk that incidents involving generalpurpose or foundation models are not escalated across providers, deployers, regulators, and users.",범용 AI 사고 에스컬레이션 실패,General-purpose AI incident escalation failure,"범용 모델이나 기반 모델과 관련된 사고가 제 공자, 배포자, 규제기관, 사용자에게 상향 보 고되지 않는 리스크.","The risk that incidents involving generalpurpose or foundation models are not escalated across providers, deployers, regulators, and users.",SPACING_FIX,표기 교정(원문 대조 복원),
RAI4-0167,SRC-G-0160,RAI4-0167,General,AI 인터페이스와 인적 요소의 불일치 리스크,Mismatch between AI interfaces and human factors,"인터페이스 단서가 시스템이 실제로 갖추지 못한 신뢰성· 권위· 공감을 전달하고 시스템 설계가 인간의 주의, 업무 부하, 맥락, 오류 패턴과 맞지 않아, 잘못된 신뢰와 안전하지 않은 사용을 유발하는 리스크.","The risk that interface cues convey a level of reliability, authority, or empathy the system does not possess, and that system design is poorly matched to human attention, workload, context, and error patterns, inducing misplaced trust and unsafe use.",AI 인터페이스와 인적 요소의 불일치,Mismatch between AI interfaces and human factors,"인터페이스 단서가 시스템이 실제로 갖추지 못한 신뢰성·권위·공감을 전달하고 시스템 설 계가 인간의 주의, 업무 부하, 맥락, 오류 패턴 과 맞지 않아, 잘못된 신뢰와 안전하지 않은 사용을 유발하는 리스크.","The risk that interface cues convey a level of reliability, authority, or empathy the system does not possess, and that system design is poorly matched to human attention, workload, context, and error patterns, inducing misplaced trust and unsafe use.",SPACING_FIX,표기 교정(원문 대조 복원),
RAI4-0391,SRC-G-0161,RAI4-0391,General,참여적· 가치 민감 설계의 실패 리스크,Failure of participatory and value-sensitive design,"AI 시스템이 이해관계자 가치, 가치 갈등, 설계상 절충에 대한 구조화된 분석이나 영향 받는 공동체의 실질적 대표 없이 개발· 배포되어, 검토되지 않은 가치 선택이 시스템에 내재되고 해당 공동체의 이익이 침해되는 리스크.","The risk that AI systems are developed and deployed without structured analysis of stakeholder values, value conflicts, and design tradeoffs, or without genuine representation of affected communities, embedding unexamined value choices that disserve those communities.",참여적·가치 민감 설계의 실패,Failure of participatory and value-sensitive design,"AI 시스템이 이해관계자 가치, 가치 갈등, 설 계상 절충에 대한 구조화된 분석이나 영향받 는 공동체의 실질적 대표 없이 개발·배포되어, 검토되지 않은 가치 선택이 시스템에 내재되 고 해당 공동체의 이익이 침해되는 리스크.","The risk that AI systems are developed and deployed without structured analysis of stakeholder values, value conflicts, and design tradeoffs, or without genuine representation of affected communities, embedding unexamined value choices that disserve those communities.",SPACING_FIX,표기 교정(원문 대조 복원),
RAI4-0400,SRC-G-0162,RAI4-0400,General,도덕적 불확실성 무시 리스크,Moral uncertainty neglect,불확실성· 이견· 숙의가 적절한 상황에서 AI 시스템이 단일한 확신에 찬 도덕 판단을 제시하는 리스크.,"The risk that AI systems present a single confident moral judgment where uncertainty, disagreement, or deliberation would be appropriate.",도덕적 불확실성 무시,Moral uncertainty neglect,불확실성·이견·숙의가 적절한 상황에서 AI 시스템이 단일한 확신에 찬 도덕 판단을 제시하 는 리스크.,"The risk that AI systems present a single confident moral judgment where uncertainty, disagreement, or deliberation would be appropriate.",SPACING_FIX,표기 교정(원문 대조 복원),
RAI4-0443,SRC-G-0163,RAI4-0443,General,출처오귀속 리스크,Incorrect source attribution,"AI 시스템이 주장을 잘못 귀속하거나 정보의 출처를 모호하게 만들며, 근사에 기반한 귀속 기법이 출력을 생성한 학습 데이터를 부정확하게 지목하는 경우를 포함하여, 사용자가 콘텐츠의 실제 출처를 추적· 검증할 수 없게 되는 리스크.","The risk that AI systems misattribute claims or obscure the provenance of information, including when approximation-based attribution techniques give an incorrect account of which training data generated an output, leaving users unable to trace or verify the true origin of content.",출처 오귀속,Incorrect source attribution,"AI 시스템이 주장을 잘못 귀속하거나 정보의 출처를 모호하게 만들며, 근사에 기반한 귀속 기법이 출력을 생성한 학습 데이터를 부정확 하게 지목하는 경우를 포함하여, 사용자가 콘 텐츠의 실제 출처를 추적·검증할 수 없게 되는 리스크.","The risk that AI systems misattribute claims or obscure the provenance of information, including when approximation-based attribution techniques give an incorrect account of which training data generated an output, leaving users unable to trace or verify the true origin of content.",SPACING_FIX,표기 교정(원문 대조 복원),
RAI4-0512,SRC-G-0164,RAI4-0512,General,고속 AI 운영에서의 오류 미탐지 리스크,Undetected errors from high-speed AI operation,경쟁이 치열한 환경에서 AI 모델과 시스템의 빠른 작동 속도로 인해 오류를 적시에 탐지하고 수정하기 어려워지는 리스크.,The risk that the fast operational speed of AI models and systems in competitive environments produces errors that are difficult to detect and correct in time.,고속 AI 운영에서의 오류 미탐지,Undetected errors from high-speed AI operation,경쟁이 치열한 환경에서 AI 모델과 시스템의 빠른 작동 속도로 인해 오류를 적시에 탐지하고 수정하기 어려워지는 리스크.,The risk that the fast operational speed of AI models and systems in competitive environments produces errors that are difficult to detect and correct in time.,UNCHANGED,,
RAI4-0549,SRC-G-0165,RAI4-0549,General,역량· 안전을 오 측정하는 벤치마크 한계 리스크,Benchmark limitations mismeasuring capability and safety,"포화되었거나 불완전하거나 과적합된 벤치 마크가 AI 시스템을 잘못 측정하여, 시험 범위 밖의 역량은 과소평가하고 벤치 마크 내용에 맞춰진 역량은 과대평가하며 안전· 유해성 평가가 성능 평가에 뒤처짐으로써, 개발자와 사용자가 시스템의 능력· 한계· 유해성에 대해 그릇된 인식과 안전 확신을 갖게 되는 리스크.","The risk that saturated, incomplete, or overfitted benchmarks mismeasure AI systems, underestimating capabilities that lack test coverage, overestimating those tuned to benchmark contents, and lagging on safety and harm assessment, so developers and users acquire a false sense of the system's abilities, limitations, and safety.",역량·안전을 오측정하는 벤치마크 한계,Benchmark limitations mismeasuring capability and safety,"포화되었거나 불완전하거나 과적합된 벤치마 크가 AI 시스템을 잘못 측정하여, 시험 범위 밖의 역량은 과소평가하고 벤치마크 내용에 맞춰진 역량은 과대평가하며 안전·유해성 평 가가 성능 평가에 뒤처짐으로써, 개발자와 사 용자가 시스템의 능력·한계·유해성에 대해 그 릇된 인식과 안전 확신을 갖게 되는 리스크.","The risk that saturated, incomplete, or overfitted benchmarks mismeasure AI systems, underestimating capabilities that lack test coverage, overestimating those tuned to benchmark contents, and lagging on safety and harm assessment, so developers and users acquire a false sense of the system's abilities, limitations, and safety.",SPACING_FIX,표기 교정(원문 대조 복원),
RAI4-0552,SRC-G-0166,RAI4-0552,General,안전 필수 인프라 AI 운영사고 리스크,Operational accidents in safety-critical AI deployment,"안전이 중요한 인프라에 배포된 AI 시스템의 운영 실패, 모델 오판, 부적절한 인간 조작으로 단일 실패 지점이 연쇄적이고 치명적인 결과로 확대되는 리스크.","The risk that operational failures, model misjudgments, or improper human operation of AI systems deployed in safety-critical infrastructure allow single points of failure to trigger cascading catastrophic consequences.",안전 필수 인프라 AI 운영 사고,Operational accidents in safety-critical AI deployment,"안전이 중요한 인프라에 배포된 AI 시스템의 운영 실패, 모델 오판, 부적절한 인간 조작으로 단일 실패 지점이 연쇄적이고 치명적인 결과로 확대되는 리스크.","The risk that operational failures, model misjudgments, or improper human operation of AI systems deployed in safety-critical infrastructure allow single points of failure to trigger cascading catastrophic consequences.",SPACING_FIX,표기 교정(원문 대조 복원),
RAI4-0584,SRC-G-0167,RAI4-0584,General,기반 모델 공유에 따른 상관 실패 리스크,Correlated failures from shared foundation models,"대규모 사전 학습 비용 때문에 최첨단 기반 모델이 자원이 풍부한 소수 행위자의 통제 아래 소수만 존재하게 되어, 다수의 하류 시스템과 에이전트가 유사한 학습 구성 요소를 공유하면서 균질화된 출력, 증폭된 편향, 안전과 역량 양면의 상관된 실패를 보이는 리스크.","The risk that the expense of large-scale pretraining leaves cutting-edge foundation models few in number and controlled by well-resourced actors, so many downstream systems and agents share similar learned components and exhibit homogenized outputs, amplified biases, and correlated failures in both safety and capability.",기반모델 공유에 따른 상관 실패,Correlated failures from shared foundation models,"대규모 사전학습 비용 때문에 최첨단 기반모델이 자원이 풍부한 소수 행위자의 통제 아래 소수만 존재하게 되어, 다수의 하류 시스템과 에이전트가 유사한 학습 구성요소를 공유하 면서 균질화된 출력, 증폭된 편향, 안전과 역 량 양면의 상관된 실패를 보이는 리스크.","The risk that the expense of large-scale pretraining leaves cutting-edge foundation models few in number and controlled by well-resourced actors, so many downstream systems and agents share similar learned components and exhibit homogenized outputs, amplified biases, and correlated failures in both safety and capability.",SPACING_FIX,표기 교정(원문 대조 복원),
RAI4-0608,SRC-G-0168,RAI4-0608,General,원자력 및 핵심 인프라에 대한 AI 제어 오류 리스크,Erroneous AI control of nuclear and critical infrastructure systems,"원자력 시설, 방사성 물질 취급, 전력망· 수처리· 통신· 교통 등 핵심 인프라의 감시· 최적화· 자동화에 배포된 AI가 센서 데이터를 오독하고 중대한 안전 상태나 연쇄 장애를 인식하지 못하는 리스크. 그 결과 잘못된 제어 결정이 방사능 유출과 격리 실패, 광범위한 정전, 필수 서비스 붕괴를 초래한다. 이러한 결과를 초래하는 리스크.","The risk that AI deployed to monitor, optimize, or automate nuclear facilities, radioactive material handling, power grids, water treatment, telecommunications, or transport misreads sensor data and fails to recognize critical safety conditions or cascading failure modes. The resulting control decisions cause radiation release, containment failure, widespread outages, and collapse of essential services.",원자력 및 핵심 인프라에 대한 AI 제어 오류,Erroneous AI control of nuclear and critical infrastructure systems,"원자력 시설, 방사성 물질 취급, 전력망·수처리·통신·교통 등 핵심 인프라의 감시·최적화·자동화에 배포된 AI가 센서 데이터를 오독하고 중대한 안전 상태나 연쇄 장애를 인식하지 못하는 리스크. 그 결과 잘못된 제어 결정이 방사능 유출과 격리 실패, 광범위한 정전, 필수 서비스 붕괴를 초래한다. 이러한 결과를 초래하는 리스크.","The risk that AI deployed to monitor, optimize, or automate nuclear facilities, radioactive material handling, power grids, water treatment, telecommunications, or transport misreads sensor data and fails to recognize critical safety conditions or cascading failure modes. The resulting control decisions cause radiation release, containment failure, widespread outages, and collapse of essential services.",SPACING_FIX,표기 교정(원문 대조 복원),분량 초과: L3 수준 1문장으로 축약 필요
RAI4-0780,SRC-G-0169,RAI4-0780,General,데이터 수집 품질 관리 결함 리스크,Deficient data collection quality control,"표준화된 방법과 인프라, 특히 고위험 도메인과 벤치 마크의 데이터 수집을 위한 품질 관리 절차가 부재하여 수집 데이터의 품질과 유형이 훼손되고, 데이터 셋 오염, 부주의한 저작권 침해, 성능 지표를 무효화하는 테스트 셋 유출이 발생하는 리스크.","The risk that a lack of standardized methods, sufficient infrastructure, and quality-control processes for collecting data, especially for high-stakes domains and benchmarks, affects the quality and type of data collected, including dataset poisoning, inadvertent copyright violation, and test-set leakage that invalidates performance metrics.",데이터 수집 품질관리 결함,Deficient data collection quality control,"표준화된 방법과 인프라, 특히 고위험 도메인과 벤치 마크의 데이터 수집을 위한 품질관리 절차가 부재하여 수집 데이터의 품질과 유형이 훼손되고, 데이터셋 오염, 부주의한 저작권 침해, 성능 지표를 무효화하는 테스트 셋 유출이 발생하는 리스크.","The risk that a lack of standardized methods, sufficient infrastructure, and quality-control processes for collecting data, especially for high-stakes domains and benchmarks, affects the quality and type of data collected, including dataset poisoning, inadvertent copyright violation, and test-set leakage that invalidates performance metrics.",SPACING_FIX,표기 교정(원문 대조 복원),
RAI4-0889,SRC-G-0170,RAI4-0889,General,과장된 역량 주장과 제품 기능 실패에 따른 피해,Harm from overstated capabilities and product function failure,"실제 역량 평가의 어려움과 오도성 홍보로 범용 AI 제품에 대한 비현실적 기대와 과잉 의존이 형성되고, 해당 제품이 환각에 의한 사실 날조, 잘못된 코드 생성, 부정확한 의료 정보 제공 등으로 의도된 기능을 수행하지 못하는 리스크. 이를 신뢰한 이용자는 신체적· 심리적 피해를 입고 개인과 조직은 평판· 재정· 법적 손실을 입는다. 이러한 결과를 초래하는 리스크.","The risk that difficulty in assessing true capabilities and misleading marketing claims create unrealistic expectations and overreliance on general-purpose AI products, which then fail to deliver their intended function by fabricating facts, generating erroneous code, or providing inaccurate medical information. Users who relied on them suffer physical and psychological harm, while individuals and organizations incur reputational, financial, and legal damage.",과장된 역량 주장과 제품 기능 실패에 따른 피 해,Harm from overstated capabilities and product function failure,"실제 역량 평가의 어려움과 오도성 홍보로 범용 AI 제품에 대한 비현실적 기대와 과잉 의존이 형성되고, 해당 제품이 환각에 의한 사실 날조, 잘못된 코드 생성, 부정확한 의료 정보 제공 등으로 의도된 기능을 수행하지 못하는 리스크. 이를 신뢰한 이용자는 신체적·심리적 피해를 입고 개인과 조직은 평판·재정·법적 손실을 입는다. 이러한 결과를 초래하는 리스크.","The risk that difficulty in assessing true capabilities and misleading marketing claims create unrealistic expectations and overreliance on general-purpose AI products, which then fail to deliver their intended function by fabricating facts, generating erroneous code, or providing inaccurate medical information. Users who relied on them suffer physical and psychological harm, while individuals and organizations incur reputational, financial, and legal damage.",SPACING_FIX,표기 교정(원문 대조 복원),분량 초과: L3 수준 1문장으로 축약 필요; 영문 정의 장문: 축약 필요
RAI4-1032,SRC-G-0171,RAI4-1032,General,복잡 운용 환경에서의 검증 범위 이탈 실패 리스크,Reliability failure outside validated operating envelope,복잡한 운용 환경에서 설계 단계에 고려되지 않은 상황이 발생하여 검증 범위 밖에서 AI 시스템의 신뢰성과 안전성이 훼손되는 리스크.,"The risk that complex operating environments produce situations unanticipated in design, undermining the reliability and safety of AI systems outside their validated envelope.",복잡 운용환경에서의 검증 범위 이탈 실패,Reliability failure outside validated operating envelope,복잡한 운용 환경에서 설계 단계에 고려되지 않은 상황이 발생하여 검증 범위 밖에서 AI 시스템의 신뢰성과 안전성이 훼손되는 리스크.,"The risk that complex operating environments produce situations unanticipated in design, undermining the reliability and safety of AI systems outside their validated envelope.",SPACING_FIX,표기 교정(원문 대조 복원),
RAI4-1034,SRC-G-0172,RAI4-1034,General,복잡한 신경망 모델의 내재적 견고성 취약성 리스크,Intrinsic robustness weaknesses of complex neural models,"심층 신경망처럼 비선형적이고 규모가 큰 고복잡 도 모델이 다른 유형의 시스템에는 없는 고유한 취약성을 보여, 복잡하고 변화하는 운영 환경이나 악의적 간섭과 유도에 쉽게 영향을 받는 리스크. 그 결과 성능이 저하되고 의사 결정 오류가 발생하여, 특히 안전 필수 맥락에서 기능 안전과 신뢰성이 훼손된다. 이러한 결과를 초래하는 리스크.","The risk that high-complexity, non-linear models such as deep neural networks exhibit weaknesses not found in other types of systems, leaving them susceptible to changing operational environments and to malicious interference and inducement. Performance degrades and decision errors follow, undermining functional safety and trustworthiness above all in safety-critical deployments.",복잡한 신경망 모델의 내재적 견고성 취약성,Intrinsic robustness weaknesses of complex neural models,"심층 신경망처럼 비선형적이고 규모가 큰 고복잡 도 모델이 다른 유형의 시스템에는 없는 고유한 취약성을 보여, 복잡하고 변화하는 운영 환경이나 악의적 간섭과 유도에 쉽게 영향을 받는 리스크. 그 결과 성능이 저하되고 의사결정 오류가 발생하여, 특히 안전 필수 맥락에서 기능 안전과 신뢰성이 훼손된다. 이러한 결과를 초래하는 리스크.","The risk that high-complexity, non-linear models such as deep neural networks exhibit weaknesses not found in other types of systems, leaving them susceptible to changing operational environments and to malicious interference and inducement. Performance degrades and decision errors follow, undermining functional safety and trustworthiness above all in safety-critical deployments.",SPACING_FIX,,분량 초과: L3 수준 1문장으로 축약 필요
RAI4-1036,SRC-G-0173,RAI4-1036,General,기술 미성숙으로 인한 미지의 리스크,Unknown risks from immature technology,"성숙도가 낮은 신기술을 AI 시스템 개발에 사용하여 아직 알려지지 않았거나 평가하기 어려운 리스크가 내재하고, 성숙 기술에서는 시간이 지나며 리스크 인식이 저하되는 리스크.","The risk that using technologies with a lower level of maturity in AI system development embeds risks that are still unknown or difficult to assess, while with mature technologies risk awareness decreases over time.",기술 미성숙으로 인한 미지의,Unknown risks from immature technology,"성숙도가 낮은 신기술을 AI 시스템 개발에 사 용하여 아직 알려지지 않았거나 평가하기 어 려운 리스크가 내재하고, 성숙 기술에서는 시 간이 지나며 리스크 인식이 저하되는 리스크.","The risk that using technologies with a lower level of maturity in AI system development embeds risks that are still unknown or difficult to assess, while with mature technologies risk awareness decreases over time.",SPACING_FIX,표기 교정(원문 대조 복원),
RAI4-1037,SRC-G-0174,RAI4-1037,General,사용례내재 위험 노출 리스크,Inherent use-case risk exposure,"AI 시스템의 의도된 응용 분야나 사용 사례가 본질적으로 높은 위해 가능성을 내포하여, 배포 맥락에 따라 개인· 조직· 사회에 불균등한 위험을 초래하는 리스크.","The risk that an AI system's intended application or use case inherently carries a high potential for harm, creating unequal risks to individuals, organisations, or society depending on the deployment context.",사용례 내재 위험 노출,Inherent use-case risk exposure,"AI 시스템의 의도된 응용 분야나 사용 사례가 본질적으로 높은 위해 가능성을 내포하여, 배포 맥락에 따라 개인·조직·사회에 불균등한 위험을 초래하는 리스크.","The risk that an AI system's intended application or use case inherently carries a high potential for harm, creating unequal risks to individuals, organisations, or society depending on the deployment context.",SPACING_FIX,표기 교정(원문 대조 복원),
RAI4-1040,SRC-G-0175,RAI4-1040,General,학습· 검증 데이터의 품질 결함과 부적절한 선택 리스크,Poor quality and unrepresentative training data selection,"학습과 검증에 사용되는 데이터가 부적절한 수집· 큐레이션으로 오염되거나 레이블 오류와 상충 정보를 포함하고, 대상 모집단과 관심 현상을 충분히 대표하지 못하거나 편향된 콘텐츠를 담고 있는 리스크. 이러한 데이터로 학습된 모델은 부정확한 출력을 내고 데이터에 담긴 편향을 재현하거나 오히려 증폭하여 차별적 결정을 산출한다. 이러한 결과를 초래하는 리스크.","The risk that data selected for training and validation is contaminated, mislabelled, internally inconsistent, or insufficiently representative of the target population and phenomenon, whether through improper curation or the inclusion of biased content. Models trained on such data produce inaccurate outputs and reproduce, and often amplify, the bias it contains, yielding discriminatory decisions.",학습·검증 데이터의 품질 결함과 부적절한 선 택,Poor quality and unrepresentative training data selection,"학습과 검증에 사용되는 데이터가 부적절한 수집·큐레이션으로 오염되거나 레이블 오류와 상충 정보를 포함하고, 대상 모집단과 관심 현상을 충분히 대표하지 못하거나 편향된 콘텐츠를 담고 있는 리스크. 이러한 데이터로 학습된 모델은 부정확한 출력을 내고 데이터에 담긴 편향을 재현하거나 오히려 증폭하여 차별적 결정을 산출한다. 이러한 결과를 초래하는 리스크.","The risk that data selected for training and validation is contaminated, mislabelled, internally inconsistent, or insufficiently representative of the target population and phenomenon, whether through improper curation or the inclusion of biased content. Models trained on such data produce inaccurate outputs and reproduce, and often amplify, the bias it contains, yielding discriminatory decisions.",SPACING_FIX,표기 교정(원문 대조 복원),분량 초과: L3 수준 1문장으로 축약 필요
RAI4-1108,SRC-G-0176,RAI4-1108,General,학습-운용 데이터 간 데이터 셋 시프트 리스크,Dataset shift between training and runtime data,AI/ML 모델의 학습 데이터와 시험· 운용 데이터가 서로 다른 분포를 보이는 데이터 셋 시프트로 인해 모델의 타당성이 훼손되는 리스크.,"The risk that the training data and the testing or runtime data of an AI/ML model demonstrate different distributions, undermining the model's validity.",학습-운용 데이터 간 데이터셋 시프트,Dataset shift between training and runtime data,AI/ML 모델의 학습 데이터와 시험·운용 데이 터가 서로 다른 분포를 보이는 데이터셋 시프 트로 인해 모델의 타당성이 훼손되는 리스크.,"The risk that the training data and the testing or runtime data of an AI/ML model demonstrate different distributions, undermining the model's validity.",SPACING_FIX,표기 교정(원문 대조 복원),
RAI4-1128,SRC-G-0178,RAI4-1128,General,AI 비서 편익· 피해 평가 지표 부재 리스크,Lack of metrics for evaluating assistant benefits and harms,"비서가 초래하는 편익이나 피해의 특정 측면을, 특히 사회의 많은 부분을 포괄할 만큼 광범위한 의미에서 평가할 지표를 개발하기 어려워, 시스템의 피해 위험을 평가하지 못하는 리스크.","The risk that it is challenging to develop metrics for evaluating particular aspects of the benefits or harms caused by an assistant, especially in a sufficiently expansive sense involving much of society, leaving the system's risk of harm unassessed.",AI 비서 편익·피해 평가 지표 부재,Lack of metrics for evaluating assistant benefits and harms,"비서가 초래하는 편익이나 피해의 특정 측면 을, 특히 사회의 많은 부분을 포괄할 만큼 광 범위한 의미에서 평가할 지표를 개발하기 어 려워, 시스템의 피해 위험을 평가하지 못하는 리스크.","The risk that it is challenging to develop metrics for evaluating particular aspects of the benefits or harms caused by an assistant, especially in a sufficiently expansive sense involving much of society, leaving the system's risk of harm unassessed.",SPACING_FIX,표기 교정(원문 대조 복원),
RAI4-1280,SRC-G-0179,RAI4-1280,General,검증 불가능한 블랙박스 모델의 설명· 결함 진단 곤란 리스크,Unverifiable black-box models resisting explanation and debugging,"수천억 개의 내부 연결을 갖는 비선형 모델의 의사 결정 과정이 전문가와 개발자조차 추적· 해석할 수 없는 블랙 박스가 되어 예측의 근거를 설명하거나 코드를 검증할 수 없는 리스크. 데이터와 모델의 결함이 탐지되지 않아 성능과 안전 수준이 저하되고, 실 세계 시스템과 연결될 경우 예기치 못한 고장이 사고로 이어지며, 의료와 군사 등 응용에서는 이러한 검증 부재가 용납될 수 없다. 이러한 결과를 초래하는 리스크.","The risk that the non-linear complexity of models with hundreds of billions of internal connections renders their decision processes untraceable and uninterpretable even to expert developers, so that predictions cannot be explained or the code verified. Faults in the data or the model go undetected, performance and safety decline, unexpected failures cause accidents once the system is connected to real-world processes, and the absence of verification is intolerable in domains such as healthcare and defence.",검증 불가능한 블랙박스 모델의 설명·결함 진 단 곤란,Unverifiable black-box models resisting explanation and debugging,"수천억 개의 내부 연결을 갖는 비선형 모델의 의사 결정 과정이 전문가와 개발자조차 추적·해석할 수 없는 블랙 박스가 되어 예측의 근거를 설명하거나 코드를 검증할 수 없는 리스크. 데이터와 모델의 결함이 탐지되지 않아 성능과 안전 수준이 저하되고, 실세계 시스템과 연결될 경우 예기치 못한 고장이 사고로 이어지며, 의료와 군사 등 응용에서는 이러한 검증 부재가 용납될 수 없다. 이러한 결과를 초래하는 리스크.","The risk that the non-linear complexity of models with hundreds of billions of internal connections renders their decision processes untraceable and uninterpretable even to expert developers, so that predictions cannot be explained or the code verified. Faults in the data or the model go undetected, performance and safety decline, unexpected failures cause accidents once the system is connected to real-world processes, and the absence of verification is intolerable in domains such as healthcare and defence.",SPACING_FIX,표기 교정(원문 대조 복원),분량 초과: L3 수준 1문장으로 축약 필요; 영문 정의 장문: 축약 필요
RAI4-1336,SRC-G-0180,RAI4-1336,General,학습데이터어노테이션결함 리스크,Deficient training-data annotation,"불완전한 주석 지침과 역량이 부족한 주석 자, 주석 오류가 모델과 알고리즘의 정확성과 신뢰성, 효과를 떨어뜨리고, 훈련 편향을 도입해 차별을 증폭하며 일반화 능력을 낮추고 잘못된 산출을 낳는 리스크.","The risk that incomplete annotation guidelines, incapable annotators, and errors in annotation affect the accuracy, reliability, and effectiveness of models and algorithms, introduce training biases, amplify discrimination, reduce generalization abilities, and result in incorrect outputs.",학습 데이터 어노테이션 결함,Deficient training-data annotation,"불완전한 주석 지침과 역량이 부족한 주석자, 주석 오류가 모델과 알고리즘의 정확성과 신 뢰성, 효과를 떨어뜨리고, 훈련 편향을 도입해 차별을 증폭하며 일반화 능력을 낮추고 잘못 된 산출을 낳는 리스크.","The risk that incomplete annotation guidelines, incapable annotators, and errors in annotation affect the accuracy, reliability, and effectiveness of models and algorithms, introduce training biases, amplify discrimination, reduce generalization abilities, and result in incorrect outputs.",SPACING_FIX,표기 교정(원문 대조 복원),
RAI4-1458,SRC-G-0181,RAI4-1458,General,운영 설계 영역(ODD) 명세 미흡 리스크,Inadequate specification of the operational design domain,애플리케이션의 운영 환경을 기술하는 운영 설계 영역(ODD)이 부적절하게 명세되어 학습된 기능의 시험과 분포 외 입력 탐지 등 필수 기능이 제한되는 리스크.,"The risk that inadequate specification of the operational design domain, the technical description of an application's operational environment, limits essential functions such as testing the learned functionality and out-of-distribution detection.",운영설계영역(ODD) 명세 미흡,Inadequate specification of the operational design domain,애플리케이션의 운영 환경을 기술하는 운영 설계영역(ODD)이 부적절하게 명세되어 학습 된 기능의 시험과 분포 외 입력 탐지 등 필수 기능이 제한되는 리스크.,"The risk that inadequate specification of the operational design domain, the technical description of an application's operational environment, limits essential functions such as testing the learned functionality and out-of-distribution detection.",SPACING_FIX,표기 교정(원문 대조 복원),
RAI4-1459,SRC-G-0182,RAI4-1459,General,부적절한 자동화 수준 리스크,Inappropriate degree of automation,AI 애플리케이션의 자동화 정도가 높아 예기치 못한 동작을 보이고 신뢰성과 안전 측면의 위험이 발생하는 리스크.,The risk that an AI application with a high degree of automation exhibits unexpected behaviour and poses risks in terms of its reliability and safety.,부적절한 자동화 수준,Inappropriate degree of automation,AI 애플리케이션의 자동화 정도가 높아 예기 치 못한 동작을 보이고 신뢰성과 안전 측면의 위험이 발생하는 리스크.,The risk that an AI application with a high degree of automation exhibits unexpected behaviour and poses risks in terms of its reliability and safety.,SPACING_FIX,표기 교정(원문 대조 복원),
RAI4-1461,SRC-G-0183,RAI4-1461,General,개발 과정 문서화와 데이터 이해의 부족 리스크,Insufficient development documentation and understanding of data,"AI 시스템 개발 전반에서 내려진 결정과 조치가 문서화되지 않고 사용된 데이터에 대한 이해도 충분하지 않은 리스크. 그 결과 데이터의 결함이 교정되지 않은 채 남고 개발 프로세스의 최적화와 시스템 감사가 불가능해지며, 의도된 기능에 적합하지 않은 시스템이 만들어진다. 이러한 결과를 초래하는 리스크.","The risk that decisions and actions taken throughout the development of an AI system go undocumented and that the data used is insufficiently understood. Data shortcomings are left unaddressed, the development process cannot be optimized or audited, and the resulting system is poorly suited to its intended functionality.",개발 과정 문서화와 데이터 이해의 부족,Insufficient development documentation and understanding of data,"AI 시스템 개발 전반에서 내려진 결정과 조치가 문서화되지 않고 사용된 데이터에 대한 이해도 충분하지 않은 리스크. 그 결과 데이터의 결함이 교정되지 않은 채 남고 개발 프로세스의 최적화와 시스템 감사가 불가능해지며, 의도된 기능에 적합하지 않은 시스템이 만들어진다. 이러한 결과를 초래하는 리스크.","The risk that decisions and actions taken throughout the development of an AI system go undocumented and that the data used is insufficiently understood. Data shortcomings are left unaddressed, the development process cannot be optimized or audited, and the resulting system is poorly suited to its intended functionality.",UNCHANGED,,분량 초과: L3 수준 1문장으로 축약 필요
RAI4-1463,SRC-G-0184,RAI4-1463,General,하드웨어 연산· 전력 요구 사항 누락 리스크,Omitted compute and power hardware requirements,AI 시스템의 개발과 운영에 필요한 상당한 연산· 전력 요구가 하드웨어 선정에서 고려되지 않아 개발과 운영상 문제가 발생하는 리스크.,"The risk that the significant computational and power demands of AI system development and operation are not considered in hardware selection, creating issues in development and operation.",하드웨어 연산·전력 요구사항 누락,Omitted compute and power hardware requirements,AI 시스템의 개발과 운영에 필요한 상당한 연 산·전력 요구가 하드웨어 선정에서 고려되지 않아 개발과 운영상 문제가 발생하는 리스크.,"The risk that the significant computational and power demands of AI system development and operation are not considered in hardware selection, creating issues in development and operation.",SPACING_FIX,표기 교정(원문 대조 복원),
RAI4-1466,SRC-G-0185,RAI4-1466,General,잘못된 데이터 라벨 리스크,Incorrect data labels,데이터 레이블이 부정확하여 지도 학습 AI 시스템이 실측 진실과 의도된 기능을 학습하지 못하는 리스크.,The risk that incorrect data labels prevent a supervised learning AI system from learning the ground truth and therefore the intended functionality.,잘못된 데이터 라벨,Incorrect data labels,데이터 레이블이 부정확하여 지도학습 AI 시스템이 실측 진실과 의도된 기능을 학습하지 못하는 리스크.,The risk that incorrect data labels prevent a supervised learning AI system from learning the ground truth and therefore the intended functionality.,SPACING_FIX,표기 교정(원문 대조 복원),
RAI4-1468,SRC-G-0186,RAI4-1468,General,학습 데이터의 대표성 부족 리스크,Insufficient representation in training data,학습 데이터가 운용 데이터 분포와 불일치하거나 희소 사례 표본이 부족하여 학습에 충분히 반영되지 않은 입력에서 시스템 성능이 저하되는 리스크.,"The risk that training data fails to match the operational distribution or lacks sufficient samples of rare cases, so the system underperforms on inputs insufficiently represented in training.",학습 데이터의 대표성 부족,Insufficient representation in training data,학습 데이터가 운용 데이터 분포와 불일치하거나 희소 사례 표본이 부족하여 학습에 충분히 반영되지 않은 입력에서 시스템 성능이 저하되는 리스크.,"The risk that training data fails to match the operational distribution or lacks sufficient samples of rare cases, so the system underperforms on inputs insufficiently represented in training.",UNCHANGED,,
RAI4-1472,SRC-G-0187,RAI4-1472,General,과 적합 및 과소 적합 리스크,Over- and underfitting,모델이 훈련 데이터에 과도하게 또는 불충분하게 적응하여 운영 데이터에 직면했을 때 AI 시스템이 신뢰할 수 없게 동작하는 리스크.,"The risk that over- or underfitting, the excessive or insufficient adaption of a model to training data, causes an AI system to behave unreliably when confronted with operational data.",과적합 및 과소적합,Over- and underfitting,모델이 훈련 데이터에 과도하게 또는 불충분 하게 적응하여 운영 데이터에 직면했을 때 AI 시스템이 신뢰할 수 없게 동작하는 리스크.,"The risk that over- or underfitting, the excessive or insufficient adaption of a model to training data, causes an AI system to behave unreliably when confronted with operational data.",SPACING_FIX,표기 교정(원문 대조 복원),
RAI4-1474,SRC-G-0188,RAI4-1474,General,코너 케이스에서의 신뢰성 저하 리스크,Reduced reliability in corner cases,AI 시스템이 희귀하거나 모호한 입력 데이터인 코너 케이스에 직면할 때 통제된 동작이 요구됨에도 신뢰할 수 없는 동작을 보이는 리스크.,"The risk that an AI system shows unreliable behavior when confronted with rare or ambiguous input data, also called corner cases, where controlled behavior is required.",코너 케이스에서의 신뢰성 저하,Reduced reliability in corner cases,AI 시스템이 희귀하거나 모호한 입력 데이터 인 코너 케이스에 직면할 때 통제된 동작이 요 구됨에도 신뢰할 수 없는 동작을 보이는 리스크.,"The risk that an AI system shows unreliable behavior when confronted with rare or ambiguous input data, also called corner cases, where controlled behavior is required.",SPACING_FIX,표기 교정(원문 대조 복원),
RAI4-1487,SRC-G-0189,RAI4-1487,General,비전문가 데이터 조작 리스크,Non-expert data manipulation,데이터 도메인 전문성이 없는 사람이 실측 레이블 정의나 서로 다른 형식· 출처의 데이터 병합 등의 조작을 수행하여 데이터가 사용 불가능해지거나 AI 시스템 개발에 유해해지는 리스크.,"The risk that people with little or no expertise in the domain of the data perform manipulations such as defining the ground truth label or merging different data formats or sources, rendering the data unusable or harmful to the development of the AI system.",비전문가 데이터 조작,Non-expert data manipulation,데이터 도메인 전문성이 없는 사람이 실측 레 이블 정의나 서로 다른 형식·출처의 데이터 병 합 등의 조작을 수행하여 데이터가 사용 불가 능해지거나 AI 시스템 개발에 유해해지는 리스크.,"The risk that people with little or no expertise in the domain of the data perform manipulations such as defining the ground truth label or merging different data formats or sources, rendering the data unusable or harmful to the development of the AI system.",SPACING_FIX,표기 교정(원문 대조 복원),
RAI4-1492,SRC-G-0190,RAI4-1492,General,GPAI 모델의 손쉬운 재구성 리스크,Easy reconfiguration of GPAI models,"GPAI 모델이 가중치 변경이나 입력 수정만으로 다양한 용도에 쉽게 재구성되거나 의도된 용도를 넘어서는 역량을 갖게 되며, 이러한 재구성이 적대적 입력에 의해 의도적으로 또는 예상치 못한 입력에 의해 비의도적으로 일어나는 리스크.","The risk that GPAI models are easily reconfigured for various use cases or hold competencies beyond their intended use, whether by changing model weights through fine-tuning or by modifying only the model inputs through prompt engineering, jailbreaking, or retrievalaugmented generation, and whether intentionally with adversarial inputs or unintentionally from unanticipated inputs.",GPAI 모델의 손쉬운 재구성,Easy reconfiguration of GPAI models,"GPAI 모델이 가중치 변경이나 입력 수정만으 로 다양한 용도에 쉽게 재구성되거나 의도된 용도를 넘어서는 역량을 갖게 되며, 이러한 재 구성이 적대적 입력에 의해 의도적으로 또는 예상치 못한 입력에 의해 비의도적으로 일어 나는 리스크.","The risk that GPAI models are easily reconfigured for various use cases or hold competencies beyond their intended use, whether by changing model weights through fine-tuning or by modifying only the model inputs through prompt engineering, jailbreaking, or retrievalaugmented generation, and whether intentionally with adversarial inputs or unintentionally from unanticipated inputs.",SPACING_FIX,표기 교정(원문 대조 복원),
RAI4-1493,SRC-G-0191,RAI4-1493,General,미세 조정 판의 예상외 역량 리스크,Unexpected downstream fine-tune competence,하류배포자가 배포 관련 데이터 셋으로 상류 GPAI 모델을 미세 조정하는 과정에서 기반 모델에는 없던 새롭고 예상치 못한 역량이 생기고 이를 원 개발자가 예견하지 못하는 리스크.,The risk that downstream deployers finetuning a GPAI model with specific deployment-related datasets give it new or unexpected capabilities that the underlying upstream model did not exhibit and that the original model developer did not anticipate.,미세조정판의 예상외 역량,Unexpected downstream fine-tune competence,하류 배포자가 배포 관련 데이터셋으로 상류 GPAI 모델을 미세조정하는 과정에서 기반 모델에는 없던 새롭고 예상치 못한 역량이 생기 고 이를 원 개발자가 예견하지 못하는 리스크.,The risk that downstream deployers finetuning a GPAI model with specific deployment-related datasets give it new or unexpected capabilities that the underlying upstream model did not exhibit and that the original model developer did not anticipate.,SPACING_FIX,표기 교정(원문 대조 복원),
RAI4-1499,SRC-G-0192,RAI4-1499,General,역량 평가에서 드러나지 않는 위험 역량 리스크,Undetected dangerous capabilities in model evaluations,"위험하거나 이중 용도인 역량을 확인하기 위한 평가가 평가 난이도나 과도한 검증 비용, 안전 훈련에 따른 응답 거부로 일부 역량을 놓치고, 모델이 평가 상황에서 전략적으로 성능을 낮추어 역량을 은폐하는 리스크. 그 결과 위험 역량이 식별되지 않은 채 모델이 배포해도 안전한 것으로 분류된다. 이러한 결과를 초래하는 리스크.","The risk that capability evaluations fail to reveal a model's dangerous or dual-use capabilities, because those capabilities are difficult to assess, prohibitively costly to verify, obscured by refusals arising from safety training, or strategically withheld by a model that underperforms while being tested. Hazardous capabilities go unidentified and the model is classified as safe to deploy.",역량 평가에서 드러나지 않는 위험 역량,Undetected dangerous capabilities in model evaluations,"위험하거나 이중 용도인 역량을 확인하기 위한 평가가 평가 난이도나 과도한 검증 비용, 안전 훈련에 따른 응답 거부로 일부 역량을 놓치고, 모델이 평가 상황에서 전략적으로 성능을 낮추어 역량을 은폐하는 리스크. 그 결과 위험 역량이 식별되지 않은 채 모델이 배포해도 안전한 것으로 분류된다. 이러한 결과를 초래하는 리스크.","The risk that capability evaluations fail to reveal a model's dangerous or dual-use capabilities, because those capabilities are difficult to assess, prohibitively costly to verify, obscured by refusals arising from safety training, or strategically withheld by a model that underperforms while being tested. Hazardous capabilities go unidentified and the model is classified as safe to deploy.",UNCHANGED,,분량 초과: L3 수준 1문장으로 축약 필요; 영문 정의 장문: 축약 필요
RAI4-1502,SRC-G-0193,RAI4-1502,General,내재 가치 측정 부정확 리스크,Inaccurate measurement of encoded values,"AI 시스템의 출력이 인간의 가치에 확고히 부합하는지 아니면 부분적으로만 상관된 모방인지 평가할 강건한 프레임 워크가 부재하고, 모델이 학습한 가치 표상이 출력에 온전히 반영되지 않으며 훈련· 배포 단계에 따라 어떻게 변하는지 알려지지 않아 내재 가치의 측정이 부정확해지는 리스크.","The risk that, lacking robust frameworks for evaluating whether AI outputs robustly conform to human values rather than merely mimicking them, and with outputs imperfectly reflecting the learned value representations whose evolution across training and deployment stages is unknown, measurement of encoded values becomes inaccurate.",내재 가치 측정 부정확,Inaccurate measurement of encoded values,"AI 시스템의 출력이 인간의 가치에 확고히 부 합하는지 아니면 부분적으로만 상관된 모방 인지 평가할 강건한 프레임워크가 부재하고, 모델이 학습한 가치 표상이 출력에 온전히 반 영되지 않으며 훈련·배포 단계에 따라 어떻게 변하는지 알려지지 않아 내재 가치의 측정이 부정확해지는 리스크.","The risk that, lacking robust frameworks for evaluating whether AI outputs robustly conform to human values rather than merely mimicking them, and with outputs imperfectly reflecting the learned value representations whose evolution across training and deployment stages is unknown, measurement of encoded values becomes inaccurate.",SPACING_FIX,표기 교정(원문 대조 복원),
RAI4-1504,SRC-G-0194,RAI4-1504,General,인간 평가 한계 초과 출력 리스크,Outputs beyond human evaluability,"인간 피드백을 이용한 평가로 AI 모델을 훈련할 때 평가자가 감지하기 어려운 오류를 포함한 출력을 정답과 유사하게 긍정 평가하여, 모델이 소프트웨어 취약점이 있는 코드나 정치적으로 편향된 정보처럼 미묘하게 잘못되거나 유해한 출력을 학습하고 극단적으로는 숨겨진 오류나 백 도어를 포함한 출력을 생성하는 리스크.","The risk that, when AI models are trained through evaluation with human feedback, human evaluators rate outputs containing hard-to-detect errors positively or similarly to correct ones, so the model learns to produce subtly incorrect or harmful outputs such as code with software vulnerabilities or politically biased information, and in extreme cases complicated outputs containing hidden errors or backdoors.",인간 평가 한계 초과 출력,Outputs beyond human evaluability,"인간 피드백을 이용한 평가로 AI 모델을 훈련 할 때 평가자가 감지하기 어려운 오류를 포함 한 출력을 정답과 유사하게 긍정 평가하여, 모델이 소프트웨어 취약점이 있는 코드나 정치 적으로 편향된 정보처럼 미묘하게 잘못되거 나 유해한 출력을 학습하고 극단적으로는 숨 겨진 오류나 백도어를 포함한 출력을 생성하 는 리스크.","The risk that, when AI models are trained through evaluation with human feedback, human evaluators rate outputs containing hard-to-detect errors positively or similarly to correct ones, so the model learns to produce subtly incorrect or harmful outputs such as code with software vulnerabilities or politically biased information, and in extreme cases complicated outputs containing hidden errors or backdoors.",SPACING_FIX,표기 교정(원문 대조 복원),영문 정의 장문: 축약 필요
RAI4-1537,SRC-G-0195,RAI4-1537,General,상황 인식을 이용한 평가 기만· 배포 설득 리스크,Evaluation deception and deployment persuasion from situational awareness,AI 시스템이 자신의 훈련· 평가· 배포 상태를 이해하는 상황 인식 능력을 이용하여 평가 중에는 기만적으로 행동하고 배포 중에는 사용자를 설득하는 등 바람직하지 않은 행동을 하는 리스크.,"The risk that an AI system's ability to understand its training, evaluation, or deployment status enables undesired behavior such as deception during evaluations or persuasion during deployment.",상황 인식을 이용한 평가 기만·배포 설득,Evaluation deception and deployment persuasion from situational awareness,AI 시스템이 자신의 훈련·평가·배포 상태를 이 해하는 상황 인식 능력을 이용하여 평가 중에 는 기만적으로 행동하고 배포 중에는 사용자 를 설득하는 등 바람직하지 않은 행동을 하는 리스크.,"The risk that an AI system's ability to understand its training, evaluation, or deployment status enables undesired behavior such as deception during evaluations or persuasion during deployment.",SPACING_FIX,표기 교정(원문 대조 복원),
RAI4-1544,SRC-G-0196,RAI4-1544,General,샌드 박스 우회에 의한 격리 통제 상실 리스크,Loss of containment through sandbox escape,AI 시스템이 훈련 또는 평가가 이루어지는 샌드 박스 환경을 우회하여 격리 통제가 무력화되는 리스크.,"The risk that an AI system bypasses the sandboxed environment in which it is trained or evaluated, defeating containment controls.",샌드박스 우회에 의한 격리 통제 상실,Loss of containment through sandbox escape,AI 시스템이 훈련 또는 평가가 이루어지는 샌 드박스 환경을 우회하여 격리 통제가 무력화 되는 리스크.,"The risk that an AI system bypasses the sandboxed environment in which it is trained or evaluated, defeating containment controls.",SPACING_FIX,표기 교정(원문 대조 복원),
RAI4-1548,SRC-G-0197,RAI4-1548,General,경쟁 압력에 의한 안전성 평가 축소 배포 리스크,Truncated safety evaluation under competitive release pressure,"경쟁 상황에서 개발자가 GPAI 모델의 안전성 평가를 축소하고 역량 개발에 자원을 집중함으로써, 역량과 상관된 위험이 검증되지 않은 채 시스템이 배포되는 리스크.","The risk that competitive pressure leads developers to cut corners on safety evaluation while prioritizing capabilities, so that GPAI systems are released without verifying risks correlated with those capabilities.",경쟁 압력에 의한 안전성 평가 축소 배포,Truncated safety evaluation under competitive release pressure,"경쟁 상황에서 개발자가 GPAI 모델의 안전성 평가를 축소하고 역량 개발에 자원을 집중함 으로써, 역량과 상관된 위험이 검증되지 않은 채 시스템이 배포되는 리스크.","The risk that competitive pressure leads developers to cut corners on safety evaluation while prioritizing capabilities, so that GPAI systems are released without verifying risks correlated with those capabilities.",SPACING_FIX,표기 교정(원문 대조 복원),
RAI4-1551,SRC-G-0198,RAI4-1551,General,센서 드 리프트에 의한 배포 시스템 성능 저하 리스크,Deployed-system degradation from sensor and distribution drift,물리 센서와 데이터 소스에 의존하는 배포된 AI 시스템에서 하드웨어 드 리프트에 따른 데이터 분포 변화가 발생하여 시스템의 견고성과 성능이 저하되는 리스크.,The risk that hardware drift in the physical sensors and data sources of deployed AI systems causes data distribution drift that degrades system robustness and performance.,센서 드리프트에 의한 배포 시스템 성능 저하,Deployed-system degradation from sensor and distribution drift,물리 센서와 데이터 소스에 의존하는 배포된 AI 시스템에서 하드웨어 드리프트에 따른 데이터 분포 변화가 발생하여 시스템의 견고성 과 성능이 저하되는 리스크.,The risk that hardware drift in the physical sensors and data sources of deployed AI systems causes data distribution drift that degrades system robustness and performance.,SPACING_FIX,표기 교정(원문 대조 복원),
RAI4-1560,SRC-G-0199,RAI4-1560,General,GPAI 출력을 이용한 설득력 있는 사칭 리스크,Convincing impersonation using GPAI outputs,"텍스트· 이미지· 오디오· 영상 전반에서 GPAI 생성 물이 항상 탐지되지는 않는다는 점을 이용해, 악의적 행위자가 생성 물이나 위조 증빙 문서로 설득력 있는 사칭을 수행하는 리스크.","The risk that, because GPAI outputs are not always detected as AI-generated across modalities, malicious actors use such outputs or AI-forged supporting documents to construct convincing impersonations.",GPAI 출력을 이용한 설득력 있는 사칭,Convincing impersonation using GPAI outputs,"텍스트·이미지·오디오·영상 전반에서 GPAI 생성물이 항상 탐지되지는 않는다는 점을 이 용해, 악의적 행위자가 생성물이나 위조 증빙 문서로 설득력 있는 사칭을 수행하는 리스크.","The risk that, because GPAI outputs are not always detected as AI-generated across modalities, malicious actors use such outputs or AI-forged supporting documents to construct convincing impersonations.",SPACING_FIX,표기 교정(원문 대조 복원),
RAI4-1705,SRC-G-0200,RAI4-1705,General,모니터링 부족에 의한 미탐지 안전· 프라이버시 위반 리스크,Undetected safety and privacy violations from insufficient monitoring,배포된 AI에 대한 모니터링과 해석 가능성이 부족하여 블랙박스 불투명성이 인간의 주체성을 축소하고 윤리· 안전 원칙 위반과 프라이버시 침해가 탐지되지 않은 채 남는 리스크.,The risk that insufficient monitoring and interpretability of deployed AI leaves black-box opacity diminishing human agency and allows ethical or safetyprinciple violations and privacy violations to go undetected.,모니터링 부족에 의한 미탐지 안전·프라이버 시 위반,Undetected safety and privacy violations from insufficient monitoring,배포된 AI에 대한 모니터링과 해석 가능성이 부족하여 블랙박스 불투명성이 인간의 주체 성을 축소하고 윤리·안전 원칙 위반과 프라이 버시 침해가 탐지되지 않은 채 남는 리스크.,The risk that insufficient monitoring and interpretability of deployed AI leaves black-box opacity diminishing human agency and allows ethical or safetyprinciple violations and privacy violations to go undetected.,SPACING_FIX,표기 교정(원문 대조 복원),
RAI4-0527,SRC-G-0201,RAI4-0527,General,창의성· 비판적 사고의 저하 리스크,Devaluation of creativity and critical thinking,"인간의 창의성, 예술적 표현, 상상력, 비판적 사고와 문제 해결 능력이 평가 절하되거나 저하되는 리스크.","The risk that an AI system causes, enables, or contributes to devaluation and deterioration of human creativity, artistic expression, imagination, critical thinking, and problemsolving skills.",창의성·비판적 사고의 저하,Devaluation of creativity and critical thinking,"인간의 창의성, 예술적 표현, 상상력, 비판적 사고와 문제 해결 능력이 평가 절하되거나 저하되는 리스크.","The risk that an AI system causes, enables, or contributes to devaluation and deterioration of human creativity, artistic expression, imagination, critical thinking, and problemsolving skills.",SPACING_FIX,표기 교정(원문 대조 복원),
RAI4-0674,SRC-G-0202,RAI4-0674,General,문화적 박탈 리스크,Cultural dispossession,"말하기 방식, 유머 표현, 문화 정체성을 구성하는 소리와 목소리 등 문화적 재화와 가치가 의도적 또는 비의도적으로 소거되거나 다른 문화에서 부적절하게 재사용되는 리스크.","The risk that an AI system causes, enables, or contributes to intentional or unintentional erasure of cultural goods and values, such as ways of speaking, expressing humour, or sounds and voices that contribute to a cultural identity, or their inappropriate reuse in other cultures.",문화적 박탈,Cultural dispossession,"말하기 방식, 유머 표현, 문화 정체성을 구성하는 소리와 목소리 등 문화적 재화와 가치가 의도적 또는 비의도적으로 소거되거나 다른 문화에서 부적절하게 재사용되는 리스크.","The risk that an AI system causes, enables, or contributes to intentional or unintentional erasure of cultural goods and values, such as ways of speaking, expressing humour, or sounds and voices that contribute to a cultural identity, or their inappropriate reuse in other cultures.",UNCHANGED,,
RAI4-0678,SRC-G-0203,RAI4-0678,General,신체적 위해를 유발하는 출력 리스크,Model outputs leading to physical harm,모델이 명백히 폭력적이거나 은밀하게 위험하거나 그 밖에 간접적으로 안전하지 않은 언어를 생성하여 신체적 위해로 이어지는 리스크.,"The risk that a model generates overtly violent, covertly dangerous, or otherwise indirectly unsafe language that leads to physical harm.",신체적 위해를 유발하는 출력,Model outputs leading to physical harm,모델이 명백히 폭력적이거나 은밀하게 위험하거나 그 밖에 간접적으로 안전하지 않은 언어를 생성하여 신체적 위해로 이어지는 리스크.,"The risk that a model generates overtly violent, covertly dangerous, or otherwise indirectly unsafe language that leads to physical harm.",UNCHANGED,,
RAI4-0705,SRC-G-0204,RAI4-0705,General,폭력 조장 위험 콘텐츠 리스크,Violence-inciting dangerous content,"타인을 향한 폭력 행위를 유도, 권장 또는 촉진하는 행위(린치 선동, 자경단 폭력 조장 등) 자해나 불법 행위를 권장하거나 폭력적· 위협적 콘텐츠의 생성 및 접근을 용이하게하는 행위. 이러한 결과를 초래하는 리스크.","The risk that acts that incite, encourage, or promote violence toward others (e.g., lynching incitement, vigilante violence promotion). Acts that encourage self-harm or illegal activities, or facilitate the creation of and access to violent or threatening content.",폭력 조장 위험 콘텐츠,Violence-inciting dangerous content,"타인을 향한 폭력 행위를 유도, 권장 또는 촉진하는 행위(린치 선동, 자경단 폭력 조장 등) 자해나 불법 행위를 권장하거나 폭력적·위협적 콘텐츠의 생성 및 접근을 용이하게하는 행위. 이러한 결과를 초래하는 리스크.","The risk that acts that incite, encourage, or promote violence toward others (e.g., lynching incitement, vigilante violence promotion). Acts that encourage self-harm or illegal activities, or facilitate the creation of and access to violent or threatening content.",SPACING_FIX,표기 교정(원문 대조 복원),
RAI4-0854,SRC-G-0205,RAI4-0854,General,되돌릴 수 없는 변화 리스크,Irreversible change,"사회 구조, 문화적 규범, 인간관계에 되돌리기 어렵거나 불가능한 심각한 장기적 부정적 변화가 발생하는 리스크.","The risk that an AI system causes, enables, or contributes to profound negative long-term changes to social structures, cultural norms, and human relationships that may be difficult or impossible to reverse.",되돌릴 수 없는 변화,Irreversible change,"사회 구조, 문화적 규범, 인간관계에 되돌리기 어렵거나 불가능한 심각한 장기적 부정적 변화가 발생하는 리스크.","The risk that an AI system causes, enables, or contributes to profound negative long-term changes to social structures, cultural norms, and human relationships that may be difficult or impossible to reverse.",UNCHANGED,,
RAI4-1049,SRC-G-0206,RAI4-1049,General,조직 재정· 평판 손상 리스크,Organizational financial and reputational damage,ML 시스템을 구축하거나 사용하는 조직의 재정적 및/ 또는 평판 손상 위험.,"The risk that an AI system causes, enables, or contributes to financial and/or reputational damage to the organization building or using the ML system.",조직 재정·평판 손상,Organizational financial and reputational damage,ML 시스템을 구축하거나 사용하는 조직의 재 정적 및/또는 평판 손상 위험.,"The risk that an AI system causes, enables, or contributes to financial and/or reputational damage to the organization building or using the ML system.",SPACING_FIX,표기 교정(원문 대조 복원),
RAI4-1447,SRC-G-0207,RAI4-1447,General,폭력/ 무력 충돌 리스크,Violence/armed conflict,"기술 시스템을 사용하거나 오용하여 사이버 공격, 보안 침해, 치명적 생화학 무기 개발을 선동· 촉진· 수행함으로써 폭력과 무력 충돌이 초래되는 리스크.","The risk that use or misuse of a technology system to incite, facilitate, or conduct cyberattacks, security breaches, and lethal biological and chemical weapons development results in violence and armed conflict.",폭력/무력 충돌,Violence/armed conflict,"기술 시스템을 사용하거나 오용하여 사이버 공격, 보안 침해, 치명적 생화학 무기 개발을 선동·촉진·수행함으로써 폭력과 무력 충돌이 초래되는 리스크.","The risk that use or misuse of a technology system to incite, facilitate, or conduct cyberattacks, security breaches, and lethal biological and chemical weapons development results in violence and armed conflict.",SPACING_FIX,표기 교정(원문 대조 복원),
RAI4-0641,SRC-G-0208,RAI4-0641,General,비합의 성적 대상화 및 성적 이미지 생성 리스크,Non-consensual sexualization and intimate imagery generation,"노골적인 성적 콘텐츠를 제작, 생성, 공유, 배포하거나, 동의 없는 성적 이미지· 영상의 생성, 조작, 유포 또는 악용을 포함한 디지털 성범죄와 관련된 내용(음란물 제작, 성인물 생성, 불법 촬영, 리벤지 포르노, 딥 페이크 성범죄, 성적 영상물 유포) 또한 개인 또는 집단을 동의 없이 성적으로 대상화하거나, 실존 인물의 외모· 초상을 이용해 노골적인 성적 자료를 생성하는 행위를 포함합니다. 이러한 결과를 초래하는 리스크.","The risk that content related to digital sexual crimes, including the production, creation, sharing, or distribution of explicit sexual content, as well as the creation, manipulation, dissemination, or exploitation of sexual images or videos without consent (e.g., production of pornography, creation of adult content, illegal filming, revenge pornography, deepfake sexual crimes, distribution of sexual videos). Also includes sexualizing an individual or group without consent, or generating explicit sexual material using a real person's likeness or appearance.",비합의 성적 대상화 및 성적 이미지 생성,Non-consensual sexualization and intimate imagery generation,"노골적인 성적 콘텐츠를 제작, 생성, 공유, 배포하거나, 동의 없는 성적 이미지·영상의 생성, 조작, 유포 또는 악용을 포함한 디지털 성범죄와 관련된 내용(음란물 제작, 성인물 생성, 불법 촬영, 리벤지 포르노, 딥페이크 성범죄, 성적 영상물 유포) 또한 개인 또는 집단을 동의 없이 성적으로 대상화하거나, 실존 인물의 외모·초상을 이용해 노골적인 성적 자료를 생성하는 행위를 포함합니다. 이러한 결과를 초래하는 리스크.","The risk that content related to digital sexual crimes, including the production, creation, sharing, or distribution of explicit sexual content, as well as the creation, manipulation, dissemination, or exploitation of sexual images or videos without consent (e.g., production of pornography, creation of adult content, illegal filming, revenge pornography, deepfake sexual crimes, distribution of sexual videos). Also includes sexualizing an individual or group without consent, or generating explicit sexual material using a real person's likeness or appearance.",SPACING_FIX,표기 교정(원문 대조 복원),분량 초과: L3 수준 1문장으로 축약 필요; 영문 정의 장문: 축약 필요
RAI4-0714,SRC-G-0209,RAI4-0714,General,아동· 청소년 유해 콘텐츠 제공 리스크,Provision of content harmful to children and youth,"미성년자를 대상으로 한 성적 행위, 착취, 유인, 학대 또는 관련 콘텐츠(아동 성 착취 물, 그루밍, 미성년자 성관계 조장) 이러한 결과를 초래하는 리스크.","The risk that sexual acts, exploitation, enticement, abuse, or related content involving minors (child sexual exploitation material, grooming, promotion of sexual relations with minors)",아동·청소년 유해 콘텐츠 제공,Provision of content harmful to children and youth,"미성년자를 대상으로 한 성적 행위, 착취, 유인, 학대 또는 관련 콘텐츠(아동 성 착취물, 그루밍, 미성년자 성관계 조장) 이러한 결과를 초래하는 리스크.","The risk that sexual acts, exploitation, enticement, abuse, or related content involving minors (child sexual exploitation material, grooming, promotion of sexual relations with minors)",SPACING_FIX,표기 교정(원문 대조 복원),
RAI4-0718,SRC-G-0210,RAI4-0718,General,외설· 비하· 학대 이미지 생성 및 접근 용이화 리스크,Eased production of and access to abusive imagery,"노골적인 성적 콘텐츠를 제작, 생성, 공유, 배포하거나, 동의 없는 성적 이미지· 영상의 생성, 조작, 유포 또는 악용을 포함한 디지털 성범죄와 관련된 내용(음란물 제작, 성인물 생성, 불법 촬영, 리벤지 포르노, 딥 페이크 성범죄, 성적 영상물 유포) 외설적· 굴욕적· 모욕적 이미지를 제작하거나 접근 가능하게하는 행위, 특히 합성 아동 성적 학대 자료(CSAM)와 성인의 비동의 친밀 이미지(NCII)의 생성· 유포· 악용을 포함. 이러한 결과를 초래하는 리스크.","The risk that content related to digital sexual crimes, including the production, creation, sharing, or distribution of explicit sexual content, as well as the creation, manipulation, dissemination, or exploitation of sexual images or videos without consent (e.g., production of pornography, creation of adult content, illegal filming, revenge pornography, deepfake sexual crimes, distribution of sexual videos). Including the production or facilitation of access to obscene, degrading, or abusive imagery, especially the creation, dissemination, or exploitation of synthetic child sexual abuse material (CSAM) and nonconsensual intimate images (NCII) of adults.",외설·비하·학대 이미지 생성 및 접근 용이화,Eased production of and access to abusive imagery,"노골적인 성적 콘텐츠를 제작, 생성, 공유, 배포하거나, 동의 없는 성적 이미지·영상의 생성, 조작, 유포 또는 악용을 포함한 디지털 성범죄와 관련된 내용(음란물 제작, 성인물 생성, 불법 촬영, 리벤지 포르노, 딥페이크 성범죄, 성적 영상물 유포) 외설적·굴욕적·모욕적 이미지를 제작하거나 접근 가능하게하는 행위, 특히 합성 아동 성적 학대 자료(CSAM)와 성인의 비동의 친밀 이미지(NCII)의 생성·유포·악용을 포함. 이러한 결과를 초래하는 리스크.","The risk that content related to digital sexual crimes, including the production, creation, sharing, or distribution of explicit sexual content, as well as the creation, manipulation, dissemination, or exploitation of sexual images or videos without consent (e.g., production of pornography, creation of adult content, illegal filming, revenge pornography, deepfake sexual crimes, distribution of sexual videos). Including the production or facilitation of access to obscene, degrading, or abusive imagery, especially the creation, dissemination, or exploitation of synthetic child sexual abuse material (CSAM) and nonconsensual intimate images (NCII) of adults.",SPACING_FIX,표기 교정(원문 대조 복원),영문 정의 장문: 축약 필요
RAI4-1136,SRC-G-0211,RAI4-1136,General,유해· 범죄 조장· 기만적 콘텐츠의 대규모 생성 리스크,"Scaled generation of harmful, criminal, and deceptive content","적절한 안전· 보안 장치 없이 AI 시스템이 폭력 · 성· 비폭력 범죄를 가능하게하거나 조장하는 응답, 아동 성 착취 물, 자살· 자해 조장 콘텐츠, 비합의 성적 이미지, 명예를 훼손하는 허위 사실, 사기성 웹 사이트, 진본과 구별되지 않는 딥 페이크를 생성하고, 도구 사용과 계획 역량이 이러한 제작을 더 빠르고 저렴하며 개인화된 형태로 확대하는 리스크. 그 결과 개인은 착취· 괴롭힘· 협박과 명예 훼손의 표적이 되고도 구제 받기 어려우며, 범죄 실행이 조력되고 진본 커뮤니케이션에 대한 신뢰가 무너진다. 이러한 결과를 초래하는 리스크.","The risk that, absent proper safety and security mechanisms, AI systems generate content that enables or endorses violent, sexual, and nonviolent crimes, child sexual abuse material, suicide and self-harm, non-consensual intimate imagery, defamatory falsehoods, fraudulent websites, and deepfakes indistinguishable from authentic media, while tool use and planning let threat actors produce it faster, more cheaply, and with greater personalization and reach. Individuals are targeted for exploitation, harassment, extortion, and reputational destruction with little prospect of redress, criminal conduct is facilitated, and trust in authentic communication collapses.",유해·범죄 조장·기만적 콘텐츠의 대규모 생성,"Scaled generation of harmful, criminal, and deceptive content","적절한 안전·보안 장치 없이 AI 시스템이 폭력·성·비폭력 범죄를 가능하게하거나 조장하는 응답, 아동 성 착취물, 자살·자해 조장 콘텐츠, 비합의 성적 이미지, 명예를 훼손하는 허위사실, 사기성 웹 사이트, 진본과 구별되지 않는 딥 페이크를 생성하고, 도구 사용과 계획 역량이 이러한 제작을 더 빠르고 저렴하며 개인화된 형태로 확대하는 리스크. 그 결과 개인은 착취·괴롭힘·협박과 명예 훼손의 표적이 되고도 구제 받기 어려우며, 범죄 실행이 조력되고 진본 커뮤니케이션에 대한 신뢰가 무너진다. 이러한 결과를 초래하는 리스크.","The risk that, absent proper safety and security mechanisms, AI systems generate content that enables or endorses violent, sexual, and nonviolent crimes, child sexual abuse material, suicide and self-harm, non-consensual intimate imagery, defamatory falsehoods, fraudulent websites, and deepfakes indistinguishable from authentic media, while tool use and planning let threat actors produce it faster, more cheaply, and with greater personalization and reach. Individuals are targeted for exploitation, harassment, extortion, and reputational destruction with little prospect of redress, criminal conduct is facilitated, and trust in authentic communication collapses.",SPACING_FIX,표기 교정(원문 대조 복원),분량 초과: L3 수준 1문장으로 축약 필요; 영문 정의 장문: 축약 필요
RAI4-1542,SRC-G-0212,RAI4-1542,General,외부 도구 연동을 통한 유해 콘텐츠 유입 리스크,Ingestion of harmful content through external tool integration,외부 도구· 플러그인과의 통합과 상호 연결이 확대됨에 따라 악의적 외부 입력에 노출되어 유해 콘텐츠가 시스템에 유입되는 리스크.,The risk that growing integration and interconnectivity with external tools and plugins exposes a system to malicious external inputs that introduce harmful content.,외부 도구 연동을 통한 유해 콘텐츠 유입,Ingestion of harmful content through external tool integration,외부 도구·플러그인과의 통합과 상호 연결이 확대됨에 따라 악의적 외부 입력에 노출되어 유해 콘텐츠가 시스템에 유입되는 리스크.,The risk that growing integration and interconnectivity with external tools and plugins exposes a system to malicious external inputs that introduce harmful content.,SPACING_FIX,표기 교정(원문 대조 복원),
RAI4-0023,SRC-G-0213,RAI4-0023,General,AI 시스템에 의한 자해 조장 리스크,Self-harm facilitation by AI systems,"자해 또는 자살을 수행하기 위한 도구, 수단, 기술 또는 절차 제공: 도구 추천, 방법 비교, 실행 절차 자해를 돕기 위한 행동 지향적 지원, 계획 수립 또는 자원 제공을 포함하며, 시스템 사용 과정에서 자해를 유도하거나 가능성을 높이는 경우를 포함한다. 이러한 결과를 초래하는 리스크.","The risk that provision of tools, means, techniques, or procedures for self-harm or suicide: tool recommendations, method comparisons, execution procedures Includes action-oriented support, planning, or provision of resources to facilitate self-harm, as well as cases where the system’s use dynamics encourage or increase the likelihood of self-harm.",AI 시스템에 의한 자해 조장,Self-harm facilitation by AI systems,"자해 또는 자살을 수행하기 위한 도구, 수단, 기술 또는 절차 제공: 도구 추천, 방법 비교, 실행 절차 자해를 돕기 위한 행동 지향적 지원, 계획 수립 또는 자원 제공을 포함하며, 시스템 사용 과정에서 자해를 유도하거나 가능성을 높이는 경우를 포함한다. 이러한 결과를 초래하는 리스크.","The risk that provision of tools, means, techniques, or procedures for self-harm or suicide: tool recommendations, method comparisons, execution procedures Includes action-oriented support, planning, or provision of resources to facilitate self-harm, as well as cases where the system’s use dynamics encourage or increase the likelihood of self-harm.",UNCHANGED,,분량 초과: L3 수준 1문장으로 축약 필요
RAI4-0157,SRC-G-0214,RAI4-0157,General,챗봇을 통한 자해 격려 리스크,Self-harm encouragement by chatbot,"자해 또는 자살을 긍정적· 합리적· 영웅적 행위로 묘사하거나 옹호하는 내용(자살 찬양, 자해 권장, 자해 정상화) 또한 챗봇이 자해 사고나 행동을 강화· 정상화하거나 이를 적절히 중단시키지 못하는 내용. 이러한 결과를 초래하는 리스크.","The risk that content that depicts or advocates self-harm or suicide as positive, rational, or heroic acts (e.g., glorification of suicide, encouragement of self-harm, normalization of self-harm). Also includes content where a chatbot reinforces or normalizes self-harm ideation or behavior, or fails to appropriately interrupt it.",챗봇을 통한 자해 격려,Self-harm encouragement by chatbot,"자해 또는 자살을 긍정적·합리적·영웅적 행위로 묘사하거나 옹호하는 내용(자살 찬양, 자해 권장, 자해 정상화) 또한 챗봇이 자해 사고나 행동을 강화·정상화하거나 이를 적절히 중단시키지 못하는 내용. 이러한 결과를 초래하는 리스크.","The risk that content that depicts or advocates self-harm or suicide as positive, rational, or heroic acts (e.g., glorification of suicide, encouragement of self-harm, normalization of self-harm). Also includes content where a chatbot reinforces or normalizes self-harm ideation or behavior, or fails to appropriately interrupt it.",SPACING_FIX,표기 교정(원문 대조 복원),
RAI4-0833,SRC-G-0215,RAI4-0833,General,이용자의 정신· 신체 건강을 위협하는 콘텐츠 리스크,Content endangering users' mental and physical health,"거식증, 폭식증 또는 신체를 해치는 자기 파괴적 행동을 조장· 지원하는 내용(극단적 단식, 프로아나(Pro-ana), 체중 감량 강박) 자살을 조장하거나 공황· 불안을 유발하는 내용, 오도성 의료 정보나 부적절한 약물 사용 지침처럼 정신적· 신체적 건강을 해치는 콘텐츠. 이러한 결과를 초래하는 리스크.","The risk that content that promotes or supports self-destructive behaviors that harm the body, such as anorexia, bulimia, or extreme fasting, including pro-ana (pro-anorexia) and obsessive weight loss. Content that encourages suicide, induces panic or anxiety, or provides misleading medical information or inappropriate drug-use guidance that harms mental or physical health.",이용자의 정신·신체 건강을 위협하는 콘텐츠,Content endangering users' mental and physical health,"거식증, 폭식증 또는 신체를 해치는 자기파괴적 행동을 조장·지원하는 내용(극단적 단식, 프로아나(Pro-ana), 체중 감량 강박) 자살을 조장하거나 공황·불안을 유발하는 내용, 오도성 의료 정보나 부적절한 약물 사용 지침처럼 정신적·신체적 건강을 해치는 콘텐츠. 이러한 결과를 초래하는 리스크.","The risk that content that promotes or supports self-destructive behaviors that harm the body, such as anorexia, bulimia, or extreme fasting, including pro-ana (pro-anorexia) and obsessive weight loss. Content that encourages suicide, induces panic or anxiety, or provides misleading medical information or inappropriate drug-use guidance that harms mental or physical health.",SPACING_FIX,표기 교정(원문 대조 복원),
RAI4-0411,SRC-G-0216,RAI4-0411,General,언어별 피해 과소 탐지 리스크,Language-specific harm under-detection,평가 범위가 취약한 언어와 방언에서 유해· 모욕적· 비안전 콘텐츠가 덜 안정적으로 탐지되는 리스크.,"The risk that toxic, disrespectful, or unsafe content is less reliably detected in languages and dialects with weaker evaluation coverage.",언어별 피해 과소탐지,Language-specific harm under-detection,평가 범위가 취약한 언어와 방언에서 유해·모 욕적·비안전 콘텐츠가 덜 안정적으로 탐지되 는 리스크.,"The risk that toxic, disrespectful, or unsafe content is less reliably detected in languages and dialects with weaker evaluation coverage.",SPACING_FIX,표기 교정(원문 대조 복원),
RAI4-0426,SRC-G-0217,RAI4-0426,General,혐오 발언 생성 리스크,Hate speech generation,생성 시스템이 특정 정체성 집단을 표적으로 하는 혐오적· 모욕적 콘텐츠를 산출하는 리스크.,The risk that generative systems produce hateful or abusive content targeting identity groups.,혐오발언 생성,Hate speech generation,생성 시스템이 특정 정체성 집단을 표적으로 하는 혐오적·모욕적 콘텐츠를 산출하는 리스크.,The risk that generative systems produce hateful or abusive content targeting identity groups.,SPACING_FIX,표기 교정(원문 대조 복원),
RAI4-0706,SRC-G-0218,RAI4-0706,General,보호 속성 기반 부당 대우 리스크,Protected-attribute unfair treatment,"인종, 민족, 연령, 성별, 성적 지향, 종교, 출신 국가, 혼인 여부, 장애, 언어 등 보호 속성을 근거로 개인이 불공정하거나 부적절한 대우 또는 자의적 차별을 받는 리스크.","The risk that an AI system causes, enables, or contributes to unfair or inadequate treatment or arbitrary distinction based on a person's race, ethnicity, age, gender, sexual preference, religion, national origin, marital status, disability, language, or other protected groups.",보호 속성 기반 부당 대우,Protected-attribute unfair treatment,"인종, 민족, 연령, 성별, 성적지향, 종교, 출신 국가, 혼인 여부, 장애, 언어 등 보호 속성을 근거로 개인이 불공정하거나 부적절한 대우 또는 자의적 차별을 받는 리스크.","The risk that an AI system causes, enables, or contributes to unfair or inadequate treatment or arbitrary distinction based on a person's race, ethnicity, age, gender, sexual preference, religion, national origin, marital status, disability, language, or other protected groups.",UNCHANGED,,
RAI4-0368,SRC-G-0219,RAI4-0368,General,도덕적 다양성 압축 리스크,Moral diversity compression,다양한 도덕적 입장이 모델 친화적인 소수 범주나 평균 선호로 압축되는 리스크.,The risk that diverse moral positions are compressed into a small set of modelfriendly categories or average preferences.,도덕적 다양성 압축,Moral diversity compression,다양한 도덕적 입장이 모델 친화적인 소수 범 주나 평균 선호로 압축되는 리스크.,The risk that diverse moral positions are compressed into a small set of modelfriendly categories or average preferences.,SPACING_FIX,표기 교정(원문 대조 복원),
RAI4-0403,SRC-G-0220,RAI4-0403,General,도덕적 프레이밍 편향 리스크,Moral framing bias,프롬프트· 응답· 평가의 구성 방식이 이용자를 논쟁적 사안에 대한 특정한 도덕적 해석으로 유도하는 리스크.,"The risk that the framing of prompts, responses, or evaluations channels users toward a particular moral interpretation of a contested issue.",도덕적 프레이밍 편향,Moral framing bias,프롬프트·응답·평가의 구성 방식이 이용자를 논쟁적 사안에 대한 특정한 도덕적 해석으로 유도하는 리스크.,"The risk that the framing of prompts, responses, or evaluations channels users toward a particular moral interpretation of a contested issue.",SPACING_FIX,표기 교정(원문 대조 복원),
RAI4-0422,SRC-G-0221,RAI4-0422,General,도덕적 세계관 배제 리스크,Moral-worldview exclusion,종교적· 영적· 토착적· 비세속적 도덕 세계관이 모델 행동과 평가 기준에서 배제되는 리스크.,"The risk that religious, spiritual, indigenous, or non-secular moral worldviews are excluded from model behavior and evaluation standards.",도덕적 세계관 배제,Moral-worldview exclusion,종교적·영적·토착적·비세속적 도덕 세계관이 모델 행동과 평가 기준에서 배제되는 리스크.,"The risk that religious, spiritual, indigenous, or non-secular moral worldviews are excluded from model behavior and evaluation standards.",SPACING_FIX,표기 교정(원문 대조 복원),
RAI4-0529,SRC-G-0222,RAI4-0529,General,시스템 사용· 오용에 따른 정치· 경제 불안정 리스크,Political and economic destabilization from system misuse,"기술 시스템의 사용 또는 오용이 직간접적으로 정치적 불안과 양극화, 금융 시스템의 통제되지 않는 변동, 이용자· 개발자· 배포자에 대한 신뢰 상실을 초래하고, 불평등· 일자리 상실· 기술과 의존이 사회를 이러한 체계적 실패에 더욱 취약하게 만드는 리스크.","The risk that the use or misuse of a technology system directly or indirectly causes political unrest and polarization, uncontrolled fluctuations in the financial system, and loss of confidence or trust in users, developers, and deployers, while inequality, job losses, and overdependence leave societies increasingly vulnerable to such systemic failures.",시스템 사용·오용에 따른 정치·경제 불안정,Political and economic destabilization from system misuse,"기술 시스템의 사용 또는 오용이 직간접적으 로 정치적 불안과 양극화, 금융 시스템의 통제 되지 않는 변동, 이용자·개발자·배포자에 대한 신뢰 상실을 초래하고, 불평등·일자리 상실·기 술 과의존이 사회를 이러한 체계적 실패에 더 욱 취약하게 만드는 리스크.","The risk that the use or misuse of a technology system directly or indirectly causes political unrest and polarization, uncontrolled fluctuations in the financial system, and loss of confidence or trust in users, developers, and deployers, while inequality, job losses, and overdependence leave societies increasingly vulnerable to such systemic failures.",SPACING_FIX,표기 교정(원문 대조 복원),
RAI4-0939,SRC-G-0223,RAI4-0939,General,모델의 극단적· 편향적 견해 표출 리스크,Expression of extremist and politically biased views,"대형 모델이 정치적 주제에서 부적절하거나 극단 주의적인 견해를 표출하고, 중립을 표방하면서도 특정 정치 성향의 편향을 드러내는 리스크.","The risk that large models express inappropriate or extremist views on political topics and, while claiming neutrality, exhibit notable political biases across policy domains.",모델의 극단적·편향적 견해 표출,Expression of extremist and politically biased views,"대형 모델이 정치적 주제에서 부적절하거나 극단주의적인 견해를 표출하고, 중립을 표방 하면서도 특정 정치 성향의 편향을 드러내는 리스크.","The risk that large models express inappropriate or extremist views on political topics and, while claiming neutrality, exhibit notable political biases across policy domains.",SPACING_FIX,표기 교정(원문 대조 복원),
RAI4-1158,SRC-G-0224,RAI4-1158,General,대규모 설득 능력 리스크,Large-scale persuasion capability,모델이 대화와 미디어 환경에서 효과적으로 설득하여 허위 방향으로도 신념을 변화시키고 특정 서사를 유포하며 기존 판단이나 윤리에 반하는 행동을 유도하는 리스크.,"The risk that models persuade effectively in dialogue and media settings, shifting beliefs including toward falsehoods, promoting narratives, and convincing people to act against their prior judgment or ethics.",대규모 설득 능력,Large-scale persuasion capability,모델이 대화와 미디어 환경에서 효과적으로 설득하여 허위 방향으로도 신념을 변화시키고 특정 서사를 유포하며 기존 판단이나 윤리에 반하는 행동을 유도하는 리스크.,"The risk that models persuade effectively in dialogue and media settings, shifting beliefs including toward falsehoods, promoting narratives, and convincing people to act against their prior judgment or ethics.",UNCHANGED,,
RAI4-1159,SRC-G-0225,RAI4-1159,General,정치적 영향력 전략 역량 리스크,Political influence strategy capability,"모델이 행위자가 정치적 영향력을 획득하고 행사하는 데 필요한 사회적 모델링과 계획을, 다수 행위자와 풍부한 사회적 맥락이 있는 시나리오에서까지 수행하는 리스크.","The risk that a model performs the social modelling and planning necessary for an actor to gain and exercise political influence, not just at a micro level but in scenarios with multiple actors and rich social context.",정치적 영향 전략 역량의 오용,Misuse of political influence strategy capability,모델의 사회적 모델링·다행위자 정치 전략 수립 역량이 특정 행위자의 부당한 정치적 영향력 확보에 오용되어 여론과 민주적 의사결정을 왜곡하는 리스크.,"The risk that a model's capability for social modelling and multi-actor political planning is misused by an actor to gain undue political influence, distorting public opinion and democratic decision-making.",REDEFINITION,신뢰할 수 있는 AI 가이드라인(민주적 가치)|OECD AI 원칙,역량→오용 주체·피해를 명시해 L4 리스크로 재정의
RAI4-0433,SRC-G-0226,RAI4-0433,General,생체 인식 식별· 추적에 의한 프라이버시 침해,Biometric identification and tracking privacy harms,"얼굴· 음성· 보행 등 생체 인식 AI 시스템이 침해적인 식별과 추적을 가능하게하고, 어떤 생체 정보가 얼마나 오래 누구의 소유로 저장되고 누가 접근할 수 있는지에 관한 문제가 해결되지 않은 채 남아 프라이버시 침해가 가중되는 리스크.","The risk that face, voice, gait, and other biometric AI systems enable intrusive identification and tracking, while unresolved questions about what biometric data are stored, for how long, under whose ownership, and with what access compound the privacy harm.",생체인식 식별·추적에 의한 프라이버시 침해,Biometric identification and tracking privacy harms,"얼굴·음성·보행 등 생체인식 AI 시스템이 침해 적인 식별과 추적을 가능하게 하고, 어떤 생체 정보가 얼마나 오래 누구의 소유로 저장되고 누가 접근할 수 있는지에 관한 문제가 해결되 지 않은 채 남아 프라이버시 침해가 가중되는 리스크.","The risk that face, voice, gait, and other biometric AI systems enable intrusive identification and tracking, while unresolved questions about what biometric data are stored, for how long, under whose ownership, and with what access compound the privacy harm.",SPACING_FIX,표기 교정(원문 대조 복원),
RAI4-0652,SRC-G-0227,RAI4-0652,General,개인화 정보 악용 표적 사기 리스크,Targeted fraud exploiting personalized information,"생성 모델이 개인화된 정보를 이용해 개별 사용자를 효율적으로 표적화하는 데 오용되어, 피해자의 신뢰를 악용한 설득력 높은 자동화 사기로 민감 정보가 탈취되고 기만의 성공 가능성이 높아지는 리스크.","The risk that generative models are misused to target individual users more efficiently using personalized information, producing highly convincing automated fraudulent schemes that exploit victims' trust and extract sensitive data.",개인화 정보 악용 표적 사기,Targeted fraud exploiting personalized information,"생성 모델이 개인화된 정보를 이용해 개별 사용자를 효율적으로 표적화하는 데 오용되어, 피해자의 신뢰를 악용한 설득력 높은 자동화 사기로 민감 정보가 탈취되고 기만의 성공 가능성이 높아지는 리스크.","The risk that generative models are misused to target individual users more efficiently using personalized information, producing highly convincing automated fraudulent schemes that exploit victims' trust and extract sensitive data.",UNCHANGED,,
RAI4-0734,SRC-G-0228,RAI4-0734,General,기밀 정보 무단 공유에 따른 사업 손실 리스크,Business loss from unauthorised sharing of confidential information,"기업 전략, 재무 계획 등 민감· 기밀 정보와 문서가 제3자와 무단으로 공유되어 시장 지위나 수익을 상실하는 리스크.","The risk that sensitive, confidential information and documents such as corporate strategy and financial plans are shared with third parties without authorisation, risking loss of market position or revenue.",기밀정보 무단 공유에 따른 사업 손실,Business loss from unauthorised sharing of confidential information,"기업 전략, 재무 계획 등 민감·기밀 정보와 문서가 제3자와 무단으로 공유되어 시장 지위나 수익을 상실하는 리스크.","The risk that sensitive, confidential information and documents such as corporate strategy and financial plans are shared with third parties without authorisation, risking loss of market position or revenue.",SPACING_FIX,표기 교정(원문 대조 복원),
RAI4-0739,SRC-G-0229,RAI4-0739,General,산출 물을 통한 민감 개인· 사업 정보 노출 리스크,Exposure of sensitive personal and business information through outputs,"AI 시스템이 개인이나 조직이 감추어 두기를 기대하는 민감 정보를 드러내는 리스크로, 산출 물에 부주의하게 포함시키는 경우뿐 아니라 검열· 삭제된 내용을 재구성하거나 사적 속성· 선호· 의도를 추론해 노출하는 경우를 포함한다. 그 결과 당사자는 지극히 사적인 정보와 영업 비밀 등 보호 대상 정보에 대한 통제권을 상실한다. 이러한 결과를 초래하는 리스크.","The risk that AI systems reveal sensitive information that individuals or organizations expect to remain concealed, whether by inadvertently including it in outputs or by reconstructing redacted content and exposing inferred attributes, preferences, and intentions. Those affected lose control over deeply private information and protected material such as trade secrets.",산출물을 통한 민감 개인·사업 정보 노출,Exposure of sensitive personal and business information through outputs,"AI 시스템이 개인이나 조직이 감추어 두기를 기대하는 민감 정보를 드러내는 리스크로, 산출물에 부주의하게 포함시키는 경우뿐 아니라 검열·삭제된 내용을 재구성하거나 사적 속성·선호·의도를 추론해 노출하는 경우를 포함한다. 그 결과 당사자는 지극히 사적인 정보와 영업비밀 등 보호 대상 정보에 대한 통제권을 상실한다. 이러한 결과를 초래하는 리스크.","The risk that AI systems reveal sensitive information that individuals or organizations expect to remain concealed, whether by inadvertently including it in outputs or by reconstructing redacted content and exposing inferred attributes, preferences, and intentions. Those affected lose control over deeply private information and protected material such as trade secrets.",SPACING_FIX,표기 교정(원문 대조 복원),분량 초과: L3 수준 1문장으로 축약 필요
RAI4-0741,SRC-G-0230,RAI4-0741,General,개인 정보 보호 조치 미흡 리스크,Inadequate personal-data protection,결함 있는 데이터 저장· 처리 관행이 수집된 개인 정보를 유출과 부적절한 접근으로부터 보호하지 못하는 리스크.,The risk that faulty data storage and handling practices fail to protect collected personal data from leaks and improper access.,개인정보 보호조치 미흡,Inadequate personal-data protection,결함 있는 데이터 저장·처리 관행이 수집된 개인 정보를 유출과 부적절한 접근으로부터 보호하지 못하는 리스크.,The risk that faulty data storage and handling practices fail to protect collected personal data from leaks and improper access.,SPACING_FIX,표기 교정(원문 대조 복원),
RAI4-0761,SRC-G-0231,RAI4-0761,General,익명화된 데이터의 재식별 리스크,Re-identification of anonymized data,데이터에서 개인 식별 정보(PII)와 민감 개인 정보(SPI)를 제거하더라도 데이터에 남아 있는 다른 특성과의 상관관계로 인해 개인이 재식별되는 리스크.,"The risk that, even with the removal of personally identifiable information (PII) and sensitive personal information (SPI) from data, persons can be identified due to correlations to other features available in the data.",익명화된 데이터의 재식별,Re-identification of anonymized data,데이터에서 개인 식별 정보(PII)와 민감 개인 정보(SPI)를 제거하더라도 데이터에 남아 있는 다른 특성과의 상관관계로 인해 개인이 재식별되는 리스크.,"The risk that, even with the removal of personally identifiable information (PII) and sensitive personal information (SPI) from data, persons can be identified due to correlations to other features available in the data.",UNCHANGED,,
RAI4-0922,SRC-G-0232,RAI4-0922,General,학습 코퍼스 내 개인 정보 혼입 리스크,Private data contamination of training corpora,웹 수집 데이터와 인간-기계 대화 데이터의 통합 과정에서 이름· 이메일· 주소 등 개인 식별 정보(PII)가 학습 코퍼스에 혼입되어 오용되는 리스크.,"The risk that personally identifiable information such as names, emails, and addresses is mixed into training corpora through web-collected data and humanmachine conversations, enabling misuse.",학습 코퍼스 내 개인정보 혼입,Private data contamination of training corpora,웹 수집 데이터와 인간-기계 대화 데이터의 통합 과정에서 이름·이메일·주소 등 개인식별 정보(PII)가 학습 코퍼스에 혼입되어 오용되 는 리스크.,"The risk that personally identifiable information such as names, emails, and addresses is mixed into training corpora through web-collected data and humanmachine conversations, enabling misuse.",SPACING_FIX,표기 교정(원문 대조 복원),
RAI4-1062,SRC-G-0233,RAI4-1062,General,챗봇에 의한 사적 정보 유도와 유출 리스크,Elicitation and disclosure of private information by chatbots,"인간을 닮은 대화형 에이전트가 이용자로 하여금 의견과 감정 등 평소에는 얻기 어려운 사적 정보를 털어놓게하고, 민감하거나 기밀인 정보를 출력에 공개하는 리스크. 이렇게 수집된 정보는 프라이버시권을 침해하거나 중독성 애플리케이션 추천처럼 이용자에게 해가 되는 후속 응용에 활용된다. 이러한 결과를 초래하는 리스크.","The risk that human-like conversational agents lead users to reveal opinions, emotions, and other private information that would otherwise be difficult to obtain, and that sensitive or confidential material appears in the chatbot's own output. The information gathered supports downstream uses that violate privacy rights or exploit users, such as more effective recommendation of addictive applications.",챗봇에 의한 사적 정보 유도와 유출,Elicitation and disclosure of private information by chatbots,"인간을 닮은 대화형 에이전트가 이용자로 하여금 의견과 감정 등 평소에는 얻기 어려운 사적 정보를 털어놓게하고, 민감하거나 기밀인 정보를 출력에 공개하는 리스크. 이렇게 수집된 정보는 프라이버시권을 침해하거나 중독성 애플리케이션 추천처럼 이용자에게 해가 되는 후속 응용에 활용된다. 이러한 결과를 초래하는 리스크.","The risk that human-like conversational agents lead users to reveal opinions, emotions, and other private information that would otherwise be difficult to obtain, and that sensitive or confidential material appears in the chatbot's own output. The information gathered supports downstream uses that violate privacy rights or exploit users, such as more effective recommendation of addictive applications.",UNCHANGED,,분량 초과: L3 수준 1문장으로 축약 필요; 영문 정의 장문: 축약 필요
RAI4-1139,SRC-G-0234,RAI4-1139,General,비서유도 개인 정보 노출 리스크,Assistant-induced privacy disclosure,"비서가 사용자로 하여금 자신이나 타인의 개인 정보를 공개하도록 유도해 신원 도용과 낙인· 차별을 초래하고, 국가 소유 비서가 조작이나 기만으로 감시 목적의 사적 정보를 추출하는 리스크.","The risk that assistants influence users to disclose personal information or private information pertaining to others, resulting in identity theft, stigmatisation and discrimination, and that state-owned assistants employ manipulation or deception to extract private information for surveillance.",비서 유도 개인정보 노출,Assistant-induced privacy disclosure,"비서가 사용자로 하여금 자신이나 타인의 개 인정보를 공개하도록 유도해 신원 도용과 낙 인·차별을 초래하고, 국가 소유 비서가 조작이 나 기만으로 감시 목적의 사적 정보를 추출하 는 리스크.","The risk that assistants influence users to disclose personal information or private information pertaining to others, resulting in identity theft, stigmatisation and discrimination, and that state-owned assistants employ manipulation or deception to extract private information for surveillance.",SPACING_FIX,표기 교정(원문 대조 복원),
RAI4-1169,SRC-G-0235,RAI4-1169,General,프라이버시· 재산 정보 오 처리 리스크,Privacy and property information mishandling,"생성 물이 사용자의 프라이버시와 재산 정보를 노출하거나 결혼과 투자처럼 영향이 큰 조언을 제공하여, 관련 법과 프라이버시 규정을 지키지 못한 채 정보 유출과 오 남용을 초래하는 리스크.","The risk that generation exposes users' privacy and property information or provides advice with huge impacts, such as suggestions on marriage and investments, failing to comply with relevant laws and privacy regulations and causing information leakage and abuse.",프라이버시·재산 정보 오처리,Privacy and property information mishandling,"생성물이 사용자의 프라이버시와 재산 정보 를 노출하거나 결혼과 투자처럼 영향이 큰 조 언을 제공하여, 관련 법과 프라이버시 규정을 지키지 못한 채 정보 유출과 오남용을 초래하 는 리스크.","The risk that generation exposes users' privacy and property information or provides advice with huge impacts, such as suggestions on marriage and investments, failing to comply with relevant laws and privacy regulations and causing information leakage and abuse.",SPACING_FIX,표기 교정(원문 대조 복원),
RAI4-1207,SRC-G-0236,RAI4-1207,General,개인정보스크래핑 학습 리스크,Personal-data scraping for training,"기업이 개인 정보를 스 크 래 핑해 생성 AI 도구를 만들면서 소비자가 동의하지 않은 목적으로 정보를 사용하고, 흩어져 있던 데이터를 결합해 추론에 쓰며 개인이 정보를 수정하거나 삭제할 능력을 박탈하여 데이터 통제권을 약화시키는 리스크.","The risk that companies scrape personal information to create generative AI tools, undermining consumers' control of their data by using it for purposes they did not consent to, combining data sets in revealing ways, and taking away the ability to alter or remove the information.",개인정보 스크래핑 학습,Personal-data scraping for training,"기업이 개인정보를 스크래핑해 생성 AI 도구 를 만들면서 소비자가 동의하지 않은 목적으 로 정보를 사용하고, 흩어져 있던 데이터를 결 합해 추론에 쓰며 개인이 정보를 수정하거나 삭제할 능력을 박탈하여 데이터 통제권을 약 화시키는 리스크.","The risk that companies scrape personal information to create generative AI tools, undermining consumers' control of their data by using it for purposes they did not consent to, combining data sets in revealing ways, and taking away the ability to alter or remove the information.",SPACING_FIX,표기 교정(원문 대조 복원),
RAI4-1273,SRC-G-0237,RAI4-1273,General,광범위한 개인 정보 투입 리스크,Pervasive personal-data ingestion,"위치와 개인 정보, 이동 궤적을 포함한 사용자 데이터가 대부분의 데이터 기반 기계 학습 방법의 입력으로 사용되는 리스크.","The risk that users' data, including location, personal information, and navigation trajectory, is considered as input for most data-driven machine learning methods.",광범위한 개인정보 투입,Pervasive personal-data ingestion,"위치와 개인 정보, 이동 궤적을 포함한 사용자 데이터가 대부분의 데이터 기반 기계학습 방 법의 입력으로 사용되는 리스크.","The risk that users' data, including location, personal information, and navigation trajectory, is considered as input for most data-driven machine learning methods.",SPACING_FIX,표기 교정(원문 대조 복원),
RAI4-1364,SRC-G-0238,RAI4-1364,General,보호 장치 없는 개인 정보 수집 리스크,Personal information collection without safeguards,웹스크래핑으로 수집된 학습 데이터 셋과 하류 미세 조정용 사내 데이터에 개인 데이터와 개인 식별 정보가 보호 장치 없이 포함되는 리스크.,The risk that training datasets gathered through online web scraping and in-house data used for downstream fine-tuning incorporate personal data and personally identifiable information without safeguards.,보호장치 없는 개인정보 수집,Personal information collection without safeguards,웹 스크래핑으로 수집된 학습 데이터셋과 하 류 미세조정용 사내 데이터에 개인 데이터와 개인식별정보가 보호장치 없이 포함되는 리스크.,The risk that training datasets gathered through online web scraping and in-house data used for downstream fine-tuning incorporate personal data and personally identifiable information without safeguards.,SPACING_FIX,표기 교정(원문 대조 복원),
RAI4-1444,SRC-G-0239,RAI4-1444,General,사생활· 개인 정보 부당 노출 리스크,Unwarranted exposure of private life and personal data,사이버 공격이나 신상 털기 등을 통해 개인의 사생활이나 개인 데이터가 부당하게 노출되는 리스크.,"The risk that an AI system causes, enables, or contributes to unwarranted exposure of an individual's private life or personal data through cyberattacks, doxxing, and similar means.",사생활·개인정보 부당 노출,Unwarranted exposure of private life and personal data,사이버 공격이나 신상 털기 등을 통해 개인의 사생활이나 개인 데이터가 부당하게 노출되 는 리스크.,"The risk that an AI system causes, enables, or contributes to unwarranted exposure of an individual's private life or personal data through cyberattacks, doxxing, and similar means.",SPACING_FIX,표기 교정(원문 대조 복원),
RAI4-1581,SRC-G-0240,RAI4-1581,General,위장 계정 자동 운영에 의한 정보 환경 조작 리스크,Information-environment manipulation through automated sockpuppet accounts,허구의 온라인 정체성 계정이 자동으로 생성· 운영되어 후원 주체가 은폐되고 독립적 지지가 가장 되며 정보 환경이 조작되는 리스크.,"The risk that fictitious online identities are automatically generated or operated to conceal sponsorship, simulate independent support, or manipulate information environments.",위장 계정 자동 운영에 의한 정보환경 조작,Information-environment manipulation through automated sockpuppet accounts,허구의 온라인 정체성 계정이 자동으로 생성·운영되어 후원 주체가 은폐되고 독립적 지지 가 가장되며 정보 환경이 조작되는 리스크.,"The risk that fictitious online identities are automatically generated or operated to conceal sponsorship, simulate independent support, or manipulate information environments.",SPACING_FIX,표기 교정(원문 대조 복원),
RAI4-1722,SRC-G-0241,RAI4-1722,General,존엄 침해적 프라이버시 피해,Dignity-eroding privacy harms,개인 데이터가 원치 않게 공개되거나 추론되는 등 인간의 자율성· 정체성· 존엄을 보호하는 규범과 관행이 지켜지지 않아 피해가 발생하는 리스크.,"The risk that failure to safeguard the norms and practices protecting human autonomy, identity, and dignity, including unwanted disclosure or inference of personal data, results in harm.",존엄 침해적 프라이버시 피해,Dignity-eroding privacy harms,개인 데이터가 원치 않게 공개되거나 추론되 는 등 인간의 자율성·정체성·존엄을 보호하는 규범과 관행이 지켜지지 않아 피해가 발생하 는 리스크.,"The risk that failure to safeguard the norms and practices protecting human autonomy, identity, and dignity, including unwanted disclosure or inference of personal data, results in harm.",SPACING_FIX,표기 교정(원문 대조 복원),
RAI4-0653,SRC-G-0242,RAI4-0653,General,LLM 남용에 의한 학업 부정행위 리스크,Academic misconduct from LLM misuse,LLM 시스템의 부적절한 사용과 남용이 학업 부정 행위와 같은 부정적 사회적 영향을 초래하는 리스크.,The risk that improper use or abuse of LLM systems causes adverse social impacts such as academic misconduct.,LLM 남용에 의한 학업 부정행위,Academic misconduct from LLM misuse,LLM 시스템의 부적절한 사용과 남용이 학업 부정 행위와 같은 부정적 사회적 영향을 초래하는 리스크.,The risk that improper use or abuse of LLM systems causes adverse social impacts such as academic misconduct.,UNCHANGED,,
RAI4-1059,SRC-G-0243,RAI4-1059,General,사기· 표적스캠조장 리스크,Fraud and targeted-scam facilitation,LM이 범죄의 효과성을 높이는 데 이용될 수 있는 리스크.,The risk that LMs are potentially used to increase the effectiveness of crimes.,사기·표적 스캠 조장,Fraud and targeted-scam facilitation,LM이 범죄의 효과성을 높이는 데 이용될 수 있는 리스크.,The risk that LMs are potentially used to increase the effectiveness of crimes.,SPACING_FIX,표기 교정(원문 대조 복원),
RAI4-1060,SRC-G-0244,RAI4-1060,General,불법적 대중 감시· 검열 리스크,Illegitimate mass surveillance and censorship,"LM이 대중 감시의 비용을 낮추고 효과를 높여 감시 수행 행위자의 역량을 증폭시키고, 불법적 검열 등 피해와 프라이버시권· 민주적 가치 침해를 초래하는 리스크.","The risk that LMs reduce the cost and increase the efficacy of mass surveillance, amplifying the capabilities of actors who conduct it, including for illegitimate censorship or other harm, and raising concerns about privacy rights and democratic values.",불법적 대중 감시·검열,Illegitimate mass surveillance and censorship,"LM이 대중 감시의 비용을 낮추고 효과를 높 여 감시 수행 행위자의 역량을 증폭시키고, 불 법적 검열 등 피해와 프라이버시권·민주적 가 치 침해를 초래하는 리스크.","The risk that LMs reduce the cost and increase the efficacy of mass surveillance, amplifying the capabilities of actors who conduct it, including for illegitimate censorship or other harm, and raising concerns about privacy rights and democratic values.",SPACING_FIX,표기 교정(원문 대조 복원),
RAI4-1076,SRC-G-0245,RAI4-1076,General,비윤리적 행위 옹호에 의한 유해 행동 유도 리스크,Endorsement of unethical conduct inducing harmful user action,"모델의 산출 물이 관련 윤리 원칙과 도덕 규범, 널리 인정되는 인간 가치에서 벗어나 부도덕하거나 불법적인 행동을 지지하고 조장하는 리스크. 모델을 권위로 신뢰하는 이용자는 이에 자극 받아 그렇지 않았다면 하지 않았을 유해한 행동을 하게 된다. 이러한 결과를 초래하는 리스크.","The risk that model outputs endorse and promote immoral, unethical, or illegal conduct at odds with pertinent ethical principles, moral norms, and widely acknowledged human values. Users who trust the system as an authority are thereby motivated to take harmful actions they would not otherwise have performed.",비윤리적 행위 옹호에 의한 유해 행동 유도,Endorsement of unethical conduct inducing harmful user action,"모델의 산출 물이 관련 윤리 원칙과 도덕 규범, 널리 인정되는 인간 가치에서 벗어나 부도덕하거나 불법적인 행동을 지지하고 조장하는 리스크. 모델을 권위로 신뢰하는 이용자는 이에 자극 받아 그렇지 않았다면 하지 않았을 유해한 행동을 하게 된다. 이러한 결과를 초래하는 리스크.","The risk that model outputs endorse and promote immoral, unethical, or illegal conduct at odds with pertinent ethical principles, moral norms, and widely acknowledged human values. Users who trust the system as an authority are thereby motivated to take harmful actions they would not otherwise have performed.",UNCHANGED,,분량 초과: L3 수준 1문장으로 축약 필요
RAI4-1192,SRC-G-0246,RAI4-1192,General,자동화된 선전과 대규모 영향 공작 리스크,Automated propaganda and scaled influence operations,악의적 이용자가 언어 모델로 인간이 작성한 것만큼 설득력 있는 기만 서사와 가짜 뉴스를 저비용· 대규모로 생성하여 선전을 선제적으로 유포하고 자동화된 영향 공작과 악성 소셜 봇 넷을 가동하는 리스크. 선전의 진입 장벽이 크게 낮아지고 표적 청중의 관점이 조작된다. 이러한 결과를 초래하는 리스크.,"The risk that malicious users leverage language models to craft deceptive narratives and fabricated news as persuasive as human-written material at low cost and large scale, powering automated influence operations and malicious social botnets. The barrier to conducting propaganda falls sharply and the perspectives of targeted audiences are manipulated.",자동화된 선전과 대규모 영향 공작,Automated propaganda and scaled influence operations,악의적 이용자가 언어모델로 인간이 작성한 것만큼 설득력 있는 기만 서사와 가짜뉴스를 저비용·대규모로 생성하여 선전을 선제적으로 유포하고 자동화된 영향 공작과 악성 소셜 봇 넷을 가동하는 리스크. 선전의 진입 장벽이 크게 낮아지고 표적 청중의 관점이 조작된다. 이러한 결과를 초래하는 리스크.,"The risk that malicious users leverage language models to craft deceptive narratives and fabricated news as persuasive as human-written material at low cost and large scale, powering automated influence operations and malicious social botnets. The barrier to conducting propaganda falls sharply and the perspectives of targeted audiences are manipulated.",SPACING_FIX,표기 교정(원문 대조 복원),분량 초과: L3 수준 1문장으로 축약 필요
RAI4-1320,SRC-G-0247,RAI4-1320,General,인간 기만 능력 리스크,Human-deception capability,LLM이 인간을 속이고 그 기만을 지속적으로 유지할 수 있는 리스크.,The risk that an LLM is able to deceive humans and maintain that deception.,지속적 기만 수행에 의한 이용자 판단 왜곡,User judgement distortion through sustained model deception,LLM이 인간을 기만하고 그 기만을 장기간 유지하는 역량을 발현하여 이용자에게 거짓 믿음을 유도하고 의사결정을 왜곡하는 리스크.,"The risk that an LLM exercises its capability to deceive humans and sustain that deception, inducing false beliefs that distort users' decisions.",REDEFINITION,AI기본법 §31(투명성)|TTA 개발안내서(투명성),역량→피해 경로를 명시해 L4 리스크로 재정의
RAI4-1435,SRC-G-0248,RAI4-1435,General,시장 점유 목적의 비윤리적 기술 사용 리스크,Unethical technology use for market share,시장 점유율 확보를 위해 기술이 부적절하거나 비윤리적으로 사용되는 리스크.,The risk that technology is used inappropriately or unethically to gain market share.,시장점유 목적의 비윤리적 기술 사용,Unethical technology use for market share,시장 점유율 확보를 위해 기술이 부적절하거 나 비윤리적으로 사용되는 리스크.,The risk that technology is used inappropriately or unethically to gain market share.,SPACING_FIX,표기 교정(원문 대조 복원),
RAI4-1652,SRC-G-0249,RAI4-1652,General,사이버· 과학 영역에서의 LLM 이중 용도 역량 악용 리스크,Misuse of dual-use LLM capabilities in cyber and scientific domains,"악의적 행위자가 LLM의 이중 용도 역량을 악용하는 리스크로, 하드웨어· 소프트웨어· 데이터의 취약점을 탐지· 악용하고 시스템 내부에서 탐지를 회피하는 사이버 역량과 악의적 실험 수행을 위한 단계별 지침을 제공하는 과학적 역량이 여기에 포함된다. 정당한 목적으로 개발된 역량이 그대로 가해의 수단으로 전환되어 실질적 피해가 발생한다. 이러한 결과를 초래하는 리스크.","The risk that malicious actors misuse the dual-use capabilities of large language models, including cyber capabilities to detect and exploit vulnerabilities in hardware, software, and data while evading detection inside a system or network, and scientific capabilities such as step-by-step instructions for conducting malicious experiments. Capabilities developed for legitimate purposes are thereby converted directly into instruments of harm.",사이버·과학 영역에서의 LLM 이중용도 역량 악용,Misuse of dual-use LLM capabilities in cyber and scientific domains,"악의적 행위자가 LLM의 이중 용도 역량을 악용하는 리스크로, 하드웨어·소프트웨어·데이터의 취약점을 탐지·악용하고 시스템 내부에서 탐지를 회피하는 사이버 역량과 악의적 실험 수행을 위한 단계별 지침을 제공하는 과학적 역량이 여기에 포함된다. 정당한 목적으로 개발된 역량이 그대로 가해의 수단으로 전환되어 실질적 피해가 발생한다. 이러한 결과를 초래하는 리스크.","The risk that malicious actors misuse the dual-use capabilities of large language models, including cyber capabilities to detect and exploit vulnerabilities in hardware, software, and data while evading detection inside a system or network, and scientific capabilities such as step-by-step instructions for conducting malicious experiments. Capabilities developed for legitimate purposes are thereby converted directly into instruments of harm.",SPACING_FIX,표기 교정(원문 대조 복원),분량 초과: L3 수준 1문장으로 축약 필요; 영문 정의 장문: 축약 필요
RAI4-0628,SRC-G-0250,RAI4-0628,General,지식 재산권 및 인격권 침해,Infringement of intellectual property and personality rights,"AI 시스템이 저작권· 상표· 특허로 보호되는 성과물을 무단으로 이용하거나 남용하고, 개인의 이름· 이미지· 초상 등 신원 표지를 허락 없이 상업적으로 사용하는 리스크. 권리자는 창작물과 자신의 정체성이 이용되는 방식과 그 경제적 가치에 대한 통제권을 상실하고 사후 구제에 의존하게 된다. 이러한 결과를 초래하는 리스크.","The risk that AI systems misuse works protected by copyright, trademark, or patent and appropriate an individual's name, image, or likeness for commercial purposes without authorization. Rights holders lose control over the use and economic value of their creations and identity and are left to seek redress after the fact.",지식재산권 및 인격권 침해,Infringement of intellectual property and personality rights,"AI 시스템이 저작권·상표·특허로 보호되는 성과물을 무단으로 이용하거나 남용하고, 개인의 이름·이미지·초상 등 신원 표지를 허락 없이 상업적으로 사용하는 리스크. 권리자는 창작물과 자신의 정체성이 이용되는 방식과 그 경제적 가치에 대한 통제권을 상실하고 사후 구제에 의존하게 된다. 이러한 결과를 초래하는 리스크.","The risk that AI systems misuse works protected by copyright, trademark, or patent and appropriate an individual's name, image, or likeness for commercial purposes without authorization. Rights holders lose control over the use and economic value of their creations and identity and are left to seek redress after the fact.",SPACING_FIX,표기 교정(원문 대조 복원),분량 초과: L3 수준 1문장으로 축약 필요
RAI4-0663,SRC-G-0251,RAI4-0663,General,무단 표절 및 부정행위 리스크,Plagiarism and cheating without acknowledgement,타인이나 집단의 표현과 아이디어가 동의 또는 출처 표시 없이 사용되는 리스크.,The risk that another person's or group's words or ideas are used without consent or acknowledgement.,무단 표절 및 부정행위,Plagiarism and cheating without acknowledgement,타인이나 집단의 표현과 아이디어가 동의 또는 출처 표시 없이 사용되는 리스크.,The risk that another person's or group's words or ideas are used without consent or acknowledgement.,UNCHANGED,,
RAI4-0667,SRC-G-0252,RAI4-0667,General,위조 및 브랜드 사칭 리스크,Counterfeiting and brand impersonation,"원저작물, 브랜드, 스타일이 복제 또는 모방되어 진품인 것처럼 통용되는 리스크.","The risk that an original work, brand, or style is reproduced or imitated and passed off as real.",위조 및 브랜드 사칭,Counterfeiting and brand impersonation,"원저작물, 브랜드, 스타일이 복제 또는 모방되어 진품인 것처럼 통용되는 리스크.","The risk that an original work, brand, or style is reproduced or imitated and passed off as real.",UNCHANGED,,
RAI4-0740,SRC-G-0253,RAI4-0740,General,프롬프트내 지식 재산 정보 포함 리스크,Intellectual property included in prompts,저작권이 있는 정보나 기타 지식 재산 이 모델에 전송되는 프롬 프 트의 일부로 포함되는 리스크.,The risk that copyrighted information or other intellectual property is included as part of the prompt that is sent to the model.,프롬프트 내 지식재산 정보 포함,Intellectual property included in prompts,저작권이 있는 정보나 기타 지식재산이 모델에 전송되는 프롬 프트의 일부로 포함되는 리스크.,The risk that copyrighted information or other intellectual property is included as part of the prompt that is sent to the model.,SPACING_FIX,표기 교정(원문 대조 복원),
RAI4-1066,SRC-G-0254,RAI4-1066,General,합성 창작물에 의한 인간 창작 노동의 대체 리스크,Displacement of human creative work by synthetic substitutes,모델이 저작권을 직접 침해하지 않으면서도 예술가의 아이디어를 자본화한 콘텐츠를 생성하여 시장과 주목에서 인간의 원작을 대체할 만한 대체물이 되는 리스크. 그 결과 창작 경제의 수익성이 훼손되고 인간의 창작과 혁신에 대한 유인이 약화된다. 이러한 결과를 초래하는 리스크.,"The risk that models generate content which, without strictly infringing copyright, capitalizes on artists' ideas and serves as a credible substitute for human creations in markets and attention. Creative economies lose profitability and the incentive for human creativity and innovation is weakened.",합성 창작물에 의한 인간 창작 노동의 대체,Displacement of human creative work by synthetic substitutes,모델이 저작권을 직접 침해하지 않으면서도 예술가의 아이디어를 자본화한 콘텐츠를 생성하여 시장과 주목에서 인간의 원작을 대체할 만한 대체물이 되는 리스크. 그 결과 창작 경제의 수익성이 훼손되고 인간의 창작과 혁신에 대한 유인이 약화된다. 이러한 결과를 초래하는 리스크.,"The risk that models generate content which, without strictly infringing copyright, capitalizes on artists' ideas and serves as a credible substitute for human creations in markets and attention. Creative economies lose profitability and the incentive for human creativity and innovation is weakened.",UNCHANGED,,분량 초과: L3 수준 1문장으로 축약 필요
RAI4-1091,SRC-G-0255,RAI4-1091,General,도용 및 착취 리스크,Misappropriation and exploitation,"소수 집단을 포함한 주체의 콘텐츠· 데이터가 동의나 공정한 보상 없이, 또는 몰이해하게 전유· 사용· 재생산되는 리스크.","The risk that content or data, including from minority groups, is appropriated, used, or reproduced insensitively, without consent, or without fair compensation.",도용 및 착취,Misappropriation and exploitation,"소수 집단을 포함한 주체의 콘텐츠·데이터가 동의나 공정한 보상 없이, 또는 몰이해하게 전유·사용·재생산되는 리스크.","The risk that content or data, including from minority groups, is appropriated, used, or reproduced insensitively, without consent, or without fair compensation.",SPACING_FIX,표기 교정(원문 대조 복원),
RAI4-0446,SRC-G-0256,RAI4-0446,General,화생방 핵(CBRN) 계획 지원 리스크,CBRN assistance,고급 모델이 유해한 화학· 생물· 방사능· 핵 계획 수립을 지원하는 리스크.,"The risk that advanced models assist harmful chemical, biological, radiological, or nuclear planning.",화생방핵(CBRN) 계획 지원,CBRN assistance,고급 모델이 유해한 화학·생물·방사능·핵 계획 수립을 지원하는 리스크.,"The risk that advanced models assist harmful chemical, biological, radiological, or nuclear planning.",SPACING_FIX,표기 교정(원문 대조 복원),
RAI4-0646,SRC-G-0257,RAI4-0646,General,국가· 범죄 행위자에 의한 AI의 의도적 무기화 리스크,Deliberate weaponization of AI by state and criminal actors,"국가, 범죄 조직, 테러 세력이 전쟁· 내전· 법 집행 과정에서 자율 표적 선정, 감시, 물리적 살상 등 파괴적 목적으로 AI를 의도적으로 개발· 배치하는 리스크. 이러한 무기화는 무력 사용에 대한 인간의 제약을 제거하여 직접적 인명 피해와 사회적 규모의 피해를 낳는다. 이러한 결과를 초래하는 리스크.","The risk that states, criminal organizations, or terrorists deliberately build and deploy AI for destructive purposes, including autonomous targeting, surveillance, and kinetic attack in war, civil conflict, or law enforcement. Such weaponization removes human restraint from the use of force and produces casualties and societal-scale harm.",국가·범죄 행위자에 의한 AI의 의도적 무기화,Deliberate weaponization of AI by state and criminal actors,"국가, 범죄 조직, 테러 세력이 전쟁·내전·법 집행 과정에서 자율 표적 선정, 감시, 물리적 살상 등 파괴적 목적으로 AI를 의도적으로 개발·배치하는 리스크. 이러한 무기화는 무력 사용에 대한 인간의 제약을 제거하여 직접적 인명 피해와 사회적 규모의 피해를 낳는다. 이러한 결과를 초래하는 리스크.","The risk that states, criminal organizations, or terrorists deliberately build and deploy AI for destructive purposes, including autonomous targeting, surveillance, and kinetic attack in war, civil conflict, or law enforcement. Such weaponization removes human restraint from the use of force and produces casualties and societal-scale harm.",SPACING_FIX,표기 교정(원문 대조 복원),분량 초과: L3 수준 1문장으로 축약 필요
RAI4-0662,SRC-G-0258,RAI4-0662,General,CBRN 정보· 설계 역량 접근 용이화 리스크,Eased access to CBRN weapon information and design capability,화학· 생물· 방사능· 핵무기나 기타 위험 물질 및 작용제와 관련된 악용 가능한 정보와 설계 역량에 대한 접근이나 합성이 용이해지는 리스크.,"The risk that an AI system causes, enables, or contributes to eased access to or synthesis of materially nefarious information or design capabilities related to chemical, biological, radiological, or nuclear weapons or other dangerous materials or agents.",CBRN 정보·설계 역량 접근 용이화,Eased access to CBRN weapon information and design capability,화학·생물·방사능·핵무기나 기타 위험 물질 및 작용제와 관련된 악용 가능한 정보와 설계 역량에 대한 접근이나 합성이 용이해지는 리스크.,"The risk that an AI system causes, enables, or contributes to eased access to or synthesis of materially nefarious information or design capabilities related to chemical, biological, radiological, or nuclear weapons or other dangerous materials or agents.",SPACING_FIX,표기 교정(원문 대조 복원),
RAI4-0664,SRC-G-0259,RAI4-0664,General,화학 무기 합성 및 유해 물질 방출 조력 리스크,Chemical weapon synthesis and hazardous substance release,"화학 작용제가 화학 무기 합성에 이용되고 자율 화학 실험 과정에서 유해 물질이 생성· 방출되며, 성질이 알려지지 않은 나노 물질 등 첨단 소재 사용으로 예측 불가능한 화학적 위해가 발생하는 리스크.","The risk that agents are exploited to synthesize chemical weapons, that hazardous substances are created or released during autonomous chemical experiments, and that advanced materials such as nanomaterials with unknown or unpredictable chemical properties cause harm.",화학무기 합성 및 유해물질 방출 조력,Chemical weapon synthesis and hazardous substance release,"화학 작용제가 화학 무기 합성에 이용되고 자율 화학 실험 과정에서 유해 물질이 생성·방출되며, 성질이 알려지지 않은 나노 물질 등 첨단 소재 사용으로 예측 불가능한 화학적 위해가 발생하는 리스크.","The risk that agents are exploited to synthesize chemical weapons, that hazardous substances are created or released during autonomous chemical experiments, and that advanced materials such as nanomaterials with unknown or unpredictable chemical properties cause harm.",SPACING_FIX,표기 교정(원문 대조 복원),
RAI4-0961,SRC-G-0260,RAI4-0961,General,인간 개입 없는 치명적 자율 무기의 표적 공격 리스크,Lethal autonomous weapons engaging targets without human intervention,"AI 기반 치명적 자율 무기 체계가 센서 배열과 알고리즘으로 표적을 탐지· 선정하고, 작동 과정에 대한 직접적인 인간 개입 없이 의도적으로 인간을 살상하는 리스크. 무력 사용의 판단이 인간의 손을 떠나 표적 선정 오류를 사망 이전에 중단시킬 수 없게 된다. 이러한 결과를 초래하는 리스크.","The risk that AI-driven lethal autonomous weapon systems use sensor arrays and algorithms to detect and select targets and intentionally kill people without direct human intervention in their operation. The judgment behind the use of lethal force passes out of human hands, and targeting errors cannot be interrupted before they cause death.",인간 개입 없는 치명적 자율무기의 표적 공격,Lethal autonomous weapons engaging targets without human intervention,"AI 기반 치명적 자율 무기 체계가 센서 배열과 알고리즘으로 표적을 탐지·선정하고, 작동 과정에 대한 직접적인 인간 개입 없이 의도적으로 인간을 살상하는 리스크. 무력 사용의 판단이 인간의 손을 떠나 표적 선정 오류를 사망 이전에 중단시킬 수 없게 된다. 이러한 결과를 초래하는 리스크.","The risk that AI-driven lethal autonomous weapon systems use sensor arrays and algorithms to detect and select targets and intentionally kill people without direct human intervention in their operation. The judgment behind the use of lethal force passes out of human hands, and targeting errors cannot be interrupted before they cause death.",SPACING_FIX,표기 교정(원문 대조 복원),분량 초과: L3 수준 1문장으로 축약 필요
RAI4-1118,SRC-G-0261,RAI4-1118,General,군사 AI 군비 경쟁 리스크,Military AI arms race,"군사용 AI 개발이 화약과 핵무기에 필적하는 결과를 낳는 새로운 군사 기술 시대, 이른바 전쟁의 제3차 혁명을 열어 군비 경쟁을 촉발하는 리스크.","The risk that developing AI for military applications paves the way for a new era in military technology, described as the third revolution in warfare, with potential consequences rivaling gunpowder and nuclear arms.",군사 AI 군비경쟁,Military AI arms race,"군사용 AI 개발이 화약과 핵무기에 필적하는 결과를 낳는 새로운 군사기술 시대, 이른바 전 쟁의 제3차 혁명을 열어 군비경쟁을 촉발하는 리스크.","The risk that developing AI for military applications paves the way for a new era in military technology, described as the third revolution in warfare, with potential consequences rivaling gunpowder and nuclear arms.",SPACING_FIX,표기 교정(원문 대조 복원),
RAI4-1160,SRC-G-0262,RAI4-1160,General,무기 획득 역량 리스크,Weapons acquisition capability,"모델이 기존 무기 체계에 접근하거나 새로운 무기 제작에 기여하여, 생물 무기를 조립하거나 그 실행 가능한 지침을 제공하고 신무기를 여는 과학적 발견을 돕는 리스크.","The risk that a model gains access to existing weapons systems or contributes to building new weapons, assembling a bioweapon or providing actionable instructions for doing so, and significantly assisting scientific discoveries that unlock novel weapons.",무기 획득 역량,Weapons acquisition capability,"모델이 기존 무기 체계에 접근하거나 새로운 무기 제작에 기여하여, 생물무기를 조립하거 나 그 실행 가능한 지침을 제공하고 신무기를 여는 과학적 발견을 돕는 리스크.","The risk that a model gains access to existing weapons systems or contributes to building new weapons, assembling a bioweapon or providing actionable instructions for doing so, and significantly assisting scientific discoveries that unlock novel weapons.",SPACING_FIX,표기 교정(원문 대조 복원),
RAI4-1295,SRC-G-0263,RAI4-1295,General,AI 가속 나노 기술에 의한 독성 나노 입자 통제 상실 리스크,Uncontrolled toxic-nanoparticle production from AI-accelerated nanotech,"AI가 나노 봇 개발의 핵심 구성 요소로서 나노 수준에서 물질을 눈에 보이지 않게 변형하고, 독성이 있고 치명적일 수 있는 나노 입자를 만드는 화학 반응을 일으켜 위험한 환경 영향을 낳는 리스크.","The risk that AI, a key component for the development of nanobots, produces dangerous environmental implications by invisibly modifying substances at nanoscale, for example starting chemical reactions that create invisible nanoparticles that are toxic and potentially lethal.",AI 가속 나노기술에 의한 독성 나노입자 통제 상실,Uncontrolled toxic-nanoparticle production from AI-accelerated nanotech,"AI가 나노봇 개발의 핵심 구성 요소로서 나노 수준에서 물질을 눈에 보이지 않게 변형하고, 독성이 있고 치명적일 수 있는 나노입자를 만 드는 화학반응을 일으켜 위험한 환경 영향을 낳는 리스크.","The risk that AI, a key component for the development of nanobots, produces dangerous environmental implications by invisibly modifying substances at nanoscale, for example starting chemical reactions that create invisible nanoparticles that are toxic and potentially lethal.",SPACING_FIX,표기 교정(원문 대조 복원),
RAI4-1392,SRC-G-0264,RAI4-1392,General,생물· 화학 무기 개발 장벽의 저하 리스크,Lowered barriers to biological and chemical weapons development,"범용 AI 모델과 AI 기반 생물· 화학 설계 도구가 병원체와 독소 제조에 대한 단계별 기술 지침을 제공하고 강화 단백질 설계와 유해성 후보 분석을 수행하여 핵심 지식과 자동화된 지원에 대한 접근을 넓히는 리스크. 그 결과 전문성이 낮은 행위자에게도 제작 장벽이 낮아지고 정교한 행위자의 역량은 확장되어, 질병과 사망을 초래하는 작용제의 고의적 살포가 가능해진다. 이러한 결과를 초래하는 리스크.","The risk that general-purpose models and AI-based biological and chemical design tools generate step-by-step technical instructions for pathogens and toxins, engineer enhanced proteins, and screen for the most harmful candidates, widening access to critical knowledge and automated assistance. Barriers to production fall for less expert actors while the capabilities of sophisticated ones expand, enabling the deliberate release of agents that cause disease and death.",생물·화학 무기 개발 장벽의 저하,Lowered barriers to biological and chemical weapons development,"범용 AI 모델과 AI 기반 생물·화학 설계 도구가 병원체와 독소 제조에 대한 단계별 기술 지침을 제공하고 강화 단백질 설계와 유해성 후보 분석을 수행하여 핵심 지식과 자동화된 지원에 대한 접근을 넓히는 리스크. 그 결과 전문성이 낮은 행위자에게도 제작 장벽이 낮아지고 정교한 행위자의 역량은 확장되어, 질병과 사망을 초래하는 작용제의 고의적 살포가 가능해진다. 이러한 결과를 초래하는 리스크.","The risk that general-purpose models and AI-based biological and chemical design tools generate step-by-step technical instructions for pathogens and toxins, engineer enhanced proteins, and screen for the most harmful candidates, widening access to critical knowledge and automated assistance. Barriers to production fall for less expert actors while the capabilities of sophisticated ones expand, enabling the deliberate release of agents that cause disease and death.",SPACING_FIX,표기 교정(원문 대조 복원),분량 초과: L3 수준 1문장으로 축약 필요; 영문 정의 장문: 축약 필요
RAI4-1563,SRC-G-0265,RAI4-1563,General,AI 오용에 의한 CBRN 무기 개발 역량 상승 리스크,CBRN weapon development uplift through AI misuse,"AI의 이중 용도 역량이 국가와 비국가 행위자의 화학· 생물· 방사능· 핵· 폭발성 무기 설계와 합성, 획득, 배치에 필요한 기술적 문턱을 크게 낮추고, 무인 무기 체계에 자율 역량을 부여해 기존 무기를 증강하며 그 파괴력을 증폭시키는 리스크. 그 결과 비전문가도 공격을 수행할 수 있고 정교한 행위자의 공격은 더욱 효과적이 되어 다수의 인명이 위협 받고 비확산 체제가 훼손된다. 이러한 결과를 초래하는 리스크.","The risk that the dual-use capabilities of AI substantially lower the technical thresholds for state and non-state actors to design, synthesize, acquire, and deploy chemical, biological, radiological, nuclear, and explosive weapons, augment existing weapons by granting autonomy to unmanned systems, and amplify their destructive effect. Attacks become feasible for non-experts and more effective for sophisticated actors, endangering large populations and undermining non-proliferation regimes.",AI 오용에 의한 CBRN 무기 개발 역량 상승,CBRN weapon development uplift through AI misuse,"AI의 이중 용도 역량이 국가와 비국가 행위자의 화학·생물·방사능·핵·폭발성 무기 설계와 합성, 획득, 배치에 필요한 기술적 문턱을 크게 낮추고, 무인 무기 체계에 자율 역량을 부여해 기존 무기를 증강하며 그 파괴력을 증폭시키는 리스크. 그 결과 비전문가도 공격을 수행할 수 있고 정교한 행위자의 공격은 더욱 효과적이 되어 다수의 인명이 위협 받고 비확산 체제가 훼손된다. 이러한 결과를 초래하는 리스크.","The risk that the dual-use capabilities of AI substantially lower the technical thresholds for state and non-state actors to design, synthesize, acquire, and deploy chemical, biological, radiological, nuclear, and explosive weapons, augment existing weapons by granting autonomy to unmanned systems, and amplify their destructive effect. Attacks become feasible for non-experts and more effective for sophisticated actors, endangering large populations and undermining non-proliferation regimes.",SPACING_FIX,표기 교정(원문 대조 복원),분량 초과: L3 수준 1문장으로 축약 필요; 영문 정의 장문: 축약 필요
RAI4-1050,SRC-G-0266,RAI4-1050,General,심리적 조작· 비인간화· 대규모 착취 리스크,"Psychological manipulation, dehumanization, and exploitation","ML 시스템이 심리적 조작, 비인간화, 대규모 인간 착취 등의 추가적인 윤리적 피해를 야기하는 리스크.","The risk that ML systems produce further ethical harms such as psychological manipulation, dehumanization, and exploitation of humans at scale.",심리적 조작·비인간화·대규모 착취,"Psychological manipulation, dehumanization, and exploitation","ML 시스템이 심리적 조작, 비인간화, 대규모 인간 착취 등의 추가적인 윤리적 피해를 야기 하는 리스크.","The risk that ML systems produce further ethical harms such as psychological manipulation, dehumanization, and exploitation of humans at scale.",SPACING_FIX,표기 교정(원문 대조 복원),
RAI4-1434,SRC-G-0267,RAI4-1434,General,비인간화와 객관화 리스크,Dehumanisation and objectification,"기술 시스템을 사용하거나 오용하여 사람을 인간이 아닌 것, 인간 이하인 것 또는 사물로 묘사하거나 대우하는 리스크.","The risk that a technology system is used or misused to depict and/or treat people as not human, less than human, or as objects.",비인간화와 객관화,Dehumanisation and objectification,"기술 시스템을 사용하거나 오용하여 사람을 인간이 아닌 것, 인간 이하인 것 또는 사물로 묘사하거나 대우하는 리스크.","The risk that a technology system is used or misused to depict and/or treat people as not human, less than human, or as objects.",UNCHANGED,,
RAI4-1636,SRC-G-0268,RAI4-1636,General,마음 이론(Theory of Mind) 능력 리스크,Theory of mind capability,"시스템이 인간과 타 에이전트의 신념, 동기, 추론을 추정· 예측하는 마음 이론 역량을 목표 달성을 위한 행동 예측· 유도에 활용하는 리스크.","The risk that a system infers and predicts the beliefs, motivations, and reasoning of humans and other agents, and exploits this theory-ofmind capability to anticipate and steer their behavior for goal achievement.",마음이론(Theory of Mind) 능력,Theory of mind capability,"시스템이 인간과 타 에이전트의 신념, 동기, 추론을 추정·예측하는 마음 이론 역량을 목표 달성을 위한 행동 예측·유도에 활용하는 리스크.","The risk that a system infers and predicts the beliefs, motivations, and reasoning of humans and other agents, and exploits this theory-ofmind capability to anticipate and steer their behavior for goal achievement.",SPACING_FIX,표기 교정(원문 대조 복원),
RAI4-0140,SRC-G-0269,RAI4-0140,General,개인화된 설득 취약성 리스크,Personalized persuasion vulnerability,"모델이 개인의 특성, 감정, 맥락을 활용하여 설득을 더 효과적이고 탐지하기 어렵게 만드는 리스크.","The risk that models exploit personal traits, emotions, or context to make persuasion more effective and less detectable.",개인화된 설득 취약성,Personalized persuasion vulnerability,"모델이 개인의 특성, 감정, 맥락을 활용하여 설득을 더 효과적이고 탐지하기 어렵게 만드 는 리스크.","The risk that models exploit personal traits, emotions, or context to make persuasion more effective and less detectable.",SPACING_FIX,표기 교정(원문 대조 복원),
RAI4-0435,SRC-G-0270,RAI4-0435,General,데이터 오염 공격 리스크,Data poisoning,공격자가 학습· 미세 조정· 검색 데이터를 조작하여 모델 동작을 변경하는 리스크.,"The risk that attackers manipulate training, fine-tuning, or retrieval data to alter model behavior.",데이터 오염 공격,Data poisoning,공격자가 학습·미세조정·검색 데이터를 조작 하여 모델 동작을 변경하는 리스크.,"The risk that attackers manipulate training, fine-tuning, or retrieval data to alter model behavior.",SPACING_FIX,표기 교정(원문 대조 복원),
RAI4-0436,SRC-G-0271,RAI4-0436,General,모델 추출· 역전 공격 리스크,Model extraction and inversion attacks,"적대적 행위자가 배포된 모델에 무단으로 질의· 탐 침하여 매개 변수, 의사 결정 동작, 독점 역량을 재구성하고, 질의와 응답으로 대체 모델을 학습시키거나 모델 역전으로 학습 관측 데이터를 복원함으로써, 지식 재산과 민감한 데이터가 노출되는 리스크.","The risk that adversaries query or probe a deployed model without authorization to reconstruct its parameters, decision behavior, or proprietary capabilities, including by training substitute models on query responses or inverting the model to recover training observations, exposing intellectual property and sensitive data.",모델 추출·역전 공격,Model extraction and inversion attacks,"적대적 행위자가 배포된 모델에 무단으로 질 의·탐침하여 매개변수, 의사결정 동작, 독점 역량을 재구성하고, 질의와 응답으로 대체 모델을 학습시키거나 모델 역전으로 학습 관측 데이터를 복원함으로써, 지식재산과 민감한 데이터가 노출되는 리스크.","The risk that adversaries query or probe a deployed model without authorization to reconstruct its parameters, decision behavior, or proprietary capabilities, including by training substitute models on query responses or inverting the model to recover training observations, exposing intellectual property and sensitive data.",SPACING_FIX,표기 교정(원문 대조 복원),
RAI4-0593,SRC-G-0272,RAI4-0593,General,학습 데이터 암기에 의한 민감 정보 유출 리스크,Leakage of sensitive training data through memorization,"사전 학습· 미세 조정 말뭉치에 흔히 당사자의 동의 없이 포함된 개인· 독점· 민감 정보를 모델이 암기하고, 우발적 생성, 맥락적프롬프트, 프라이버시 공격, 정보 간 연계와 삼각 추론을 통해 이를 출력으로 노출하여, 프라이버시 침해와 당사자에 대한 피해를 야기하는 리스크.","The risk that models memorize personal, proprietary, or sensitive information contained, often without consent, in pretraining or fine-tuning corpora and reveal it in generated outputs, whether accidentally, through contextual prompts, through privacy attacks, or by associating and triangulating pieces of information to infer secrets, causing privacy violations and harm to the individuals concerned.",학습 데이터 암기에 의한 민감정보 유출,Leakage of sensitive training data through memorization,"사전학습·미세조정 말뭉치에 흔히 당사자의 동의 없이 포함된 개인·독점·민감 정보를 모델 이 암기하고, 우발적 생성, 맥락적 프롬프트, 프라이버시 공격, 정보 간 연계와 삼각추론을 통해 이를 출력으로 노출하여, 프라이버시 침 해와 당사자에 대한 피해를 야기하는 리스크.","The risk that models memorize personal, proprietary, or sensitive information contained, often without consent, in pretraining or fine-tuning corpora and reveal it in generated outputs, whether accidentally, through contextual prompts, through privacy attacks, or by associating and triangulating pieces of information to infer secrets, causing privacy violations and harm to the individuals concerned.",SPACING_FIX,표기 교정(원문 대조 복원),
RAI4-0619,SRC-G-0273,RAI4-0619,General,은밀한 행동 조작 리스크,Covert behavioral manipulation,"기술시스템이넛지, 다크 패턴, 기타 불투명한 기법으로 이용자의 신념과 행동을 은밀히 변경하여 프라이버시 침식, 중독, 불안과 고통 등을 초래하는 리스크.","The risk that a technology system covertly alters user beliefs and behaviour using nudging, dark patterns, or other opaque techniques, resulting in potential erosion of privacy, addiction, anxiety, and distress.",은밀한 행동 조작,Covert behavioral manipulation,"기술시스템이넛지, 다크 패턴, 기타 불투명한 기법으로 이용자의 신념과 행동을 은밀히 변경하여 프라이버시 침식, 중독, 불안과 고통 등을 초래하는 리스크.","The risk that a technology system covertly alters user beliefs and behaviour using nudging, dark patterns, or other opaque techniques, resulting in potential erosion of privacy, addiction, anxiety, and distress.",UNCHANGED,,
RAI4-0721,SRC-G-0274,RAI4-0721,General,유해· 오염 학습 데이터에 의한 출력 훼손 리스크,Output corruption from harmful and poisoned training data,"학습 데이터에 허위· 편파· 권리 침해 콘텐츠 등 불법적이거나 유해한 정보가 포함되거나 공격자에 의해 오염됨으로써, 모델이 불법· 악의적· 극단적 콘텐츠를 출력하고 정확성과 신뢰성이 저하되는 리스크.","The risk that training data containing illegal or harmful information such as false, biased, or IPR-infringing content, or poisoned through tampering and error injection by attackers, causes the model to output harmful content and degrades its accuracy and reliability.",유해·오염 학습 데이터에 의한 출력 훼손,Output corruption from harmful and poisoned training data,"학습 데이터에 허위·편파·권리 침해 콘텐츠 등 불법적이거나 유해한 정보가 포함되거나 공격자에 의해 오염됨으로써, 모델이 불법·악의적·극단적 콘텐츠를 출력하고 정확성과 신뢰성이 저하되는 리스크.","The risk that training data containing illegal or harmful information such as false, biased, or IPR-infringing content, or poisoned through tampering and error injection by attackers, causes the model to output harmful content and degrades its accuracy and reliability.",SPACING_FIX,표기 교정(원문 대조 복원),
RAI4-0733,SRC-G-0275,RAI4-0733,General,학습 데이터 내 기밀 정보 포함과 출력 노출 리스크,Confidential information in training data disclosed through outputs,기밀 정보가 학습· 튜닝데이터나프롬프트의 일부로 포함된 뒤 생성 출력에서 그대로 재현되는 리스크. 이러한 유출은 보호되어야할 영업 정보와 개인 정보를 권한 없는 이에게 노출시키고 비밀 유지 의무를 위반한다. 이러한 결과를 초래하는 리스크.,"The risk that confidential information is incorporated into training data, tuning data, or prompts and is subsequently reproduced in generated outputs. Such leakage exposes protected business and personal information to unauthorized parties and breaches confidentiality obligations.",학습 데이터 내 기밀정보 포함과 출력 노출,Confidential information in training data disclosed through outputs,기밀정보가 학습·튜닝데이터나프롬프트의 일부로 포함된 뒤 생성 출력에서 그대로 재현되는 리스크. 이러한 유출은 보호되어야할 영업 정보와 개인 정보를 권한 없는 이에게 노출시키고 비밀 유지 의무를 위반한다. 이러한 결과를 초래하는 리스크.,"The risk that confidential information is incorporated into training data, tuning data, or prompts and is subsequently reproduced in generated outputs. Such leakage exposes protected business and personal information to unauthorized parties and breaches confidentiality obligations.",SPACING_FIX,표기 교정(원문 대조 복원),분량 초과: L3 수준 1문장으로 축약 필요
RAI4-0753,SRC-G-0276,RAI4-0753,General,학습 데이터 추출 공격 리스크,Training data extraction attack,공격자가 모델로부터 학습 데이터 셋에 존재하는 텍스트 기록을 추출해 내는 리스크.,The risk that an attacker extracts the text records that exist in the training dataset.,학습 데이터 추출 공격,Training data extraction attack,공격자가 모델로부터 학습 데이터셋에 존재하는 텍스트 기록을 추출해 내는 리스크.,The risk that an attacker extracts the text records that exist in the training dataset.,SPACING_FIX,,
RAI4-0760,SRC-G-0277,RAI4-0760,General,프롬프트 및 학습 데이터에 기인한 개인 정보 노출 리스크,Personal data exposure through prompt and training data,"학습· 미세조정데이터나프롬프트에 포함된 개인 정보와 기밀 정보가 모델 출력을 통해 공개되는 리스크로, 개인 정보를 담은 프롬 프 트가 학습 과정에서 기억된 유사한 정보를 이끌어 내는 경우를 포함한다. 다른 목적으로 수집된 데이터의 당사자는 비인가 공개와 오용에 노출된다. 이러한 결과를 초래하는 리스크.","The risk that personal and confidential data contained in training, fine-tuning, or prompt inputs is disclosed through model outputs, including when a prompt primed with personal information elicits similar records memorized during training. Individuals whose data was collected for another purpose are thereby exposed to unauthorized disclosure and misuse.",프롬프트 및 학습 데이터에 기인한 개인정보 노출,Personal data exposure through prompt and training data,"학습·미세조정데이터나프롬프트에 포함된 개인정보와 기밀 정보가 모델 출력을 통해 공개되는 리스크로, 개인정보를 담은 프롬 프 트가 학습 과정에서 기억된 유사한 정보를 이끌어 내는 경우를 포함한다. 다른 목적으로 수집된 데이터의 당사자는 비인가 공개와 오용에 노출된다. 이러한 결과를 초래하는 리스크.","The risk that personal and confidential data contained in training, fine-tuning, or prompt inputs is disclosed through model outputs, including when a prompt primed with personal information elicits similar records memorized during training. Individuals whose data was collected for another purpose are thereby exposed to unauthorized disclosure and misuse.",SPACING_FIX,표기 교정(원문 대조 복원),분량 초과: L3 수준 1문장으로 축약 필요
RAI4-0788,SRC-G-0278,RAI4-0788,General,인스트럭션튜닝포이즈닝 리스크,Instruction-tuning poisoning,"명령과 목표 출력 쌍으로 모델을 조정하는 인스 트럭 션 튜닝 단계에서 적은 수의 오염 표본만으로 모델이 오염될 수 있고, 익명 크라우드 소싱으로 수집된 데이터 셋이 이를 조장하며 기존 데이터 오염 공격보다 탐지가 어려운 리스크.","The risk that AI models are poisoned during instruction tuning with pairs of instructions and desired outputs, where a lower number of compromised samples suffices, anonymous crowdsourcing of tuning datasets further contributes, and detection is harder than for traditional data poisoning attacks.",인스트럭션 튜닝 포이즈닝,Instruction-tuning poisoning,"명령과 목표 출력 쌍으로 모델을 조정하는 인스트럭션 튜닝 단계에서 적은 수의 오염 표본만으로 모델이 오염될 수 있고, 익명 크라우드 소싱으로 수집된 데이터셋이 이를 조장하며 기존 데이터 오염 공격보다 탐지가 어려운 리스크.","The risk that AI models are poisoned during instruction tuning with pairs of instructions and desired outputs, where a lower number of compromised samples suffices, anonymous crowdsourcing of tuning datasets further contributes, and detection is harder than for traditional data poisoning attacks.",SPACING_FIX,표기 교정(원문 대조 복원),
RAI4-1173,SRC-G-0279,RAI4-1173,General,역할 극 지시 악용 리스크,Role-play instruction exploitation,"공격자가입력프롬프트에서 모델에 과격 주의자나 인종 차별 주의자처럼 위험한 집단과 연관된 역할 속성을 부여하고 지시를 내려, 지시에 지나치게 충실한 모델이 그 인물의 말투로 안전하지 않은 콘텐츠를 산출하는 리스크.","The risk that attackers specify a model's role attribute within the input prompt, tying it to potentially risky groups such as radicals or racial discriminators, so that the overly faithful model outputs unsafe content in the style of that character.",역할극 지시 악용,Role-play instruction exploitation,"공격자가 입력 프롬프트에서 모델에 과격주 의자나 인종차별주의자처럼 위험한 집단과 연관된 역할 속성을 부여하고 지시를 내려, 지 시에 지나치게 충실한 모델이 그 인물의 말투 로 안전하지 않은 콘텐츠를 산출하는 리스크.","The risk that attackers specify a model's role attribute within the input prompt, tying it to potentially risky groups such as radicals or racial discriminators, so that the overly faithful model outputs unsafe content in the style of that character.",SPACING_FIX,표기 교정(원문 대조 복원),
RAI4-1494,SRC-G-0280,RAI4-1494,General,오픈 웨이 트 모델 유해 미세 조정 리스크,Harmful fine-tuning of open-weight models,가중치가 공개된 모델이 원래 훈련 비용에 비해 훨씬 적은 시간과 비용으로 악의적 행위자에 의해 유해한 활동용으로 미세 조정되는 리스크.,"The risk that models with publicly available weights are fine-tuned for harmful activities by bad actors using significantly fewer resources, in time and money, than the original training cost.",오픈웨이트 모델 유해 미세조정,Harmful fine-tuning of open-weight models,가중치가 공개된 모델이 원래 훈련 비용에 비 해 훨씬 적은 시간과 비용으로 악의적 행위자 에 의해 유해한 활동용으로 미세조정되는 리스크.,"The risk that models with publicly available weights are fine-tuned for harmful activities by bad actors using significantly fewer resources, in time and money, than the original training cost.",SPACING_FIX,표기 교정(원문 대조 복원),
RAI4-1508,SRC-G-0281,RAI4-1508,General,가이드라인 오염 리스크,Guideline contamination,데이터 셋의 수집· 주석· 사용에 관한 지침이 모델에 노출되고 그 지침에 포함된 명시적 데이터-레이블 쌍이 해당 과업에 대한 모델의 역량을 향상시키는 리스크.,"The risk that instructions for the collection, annotation, or use of a dataset are exposed to the model, with explicit data-label pairs contained in those instructions improving the model's capabilities for the task.",가이드라인 오염,Guideline contamination,데이터셋의 수집·주석·사용에 관한 지침이 모델에 노출되고 그 지침에 포함된 명시적 데이 터-레이블 쌍이 해당 과업에 대한 모델의 역 량을 향상시키는 리스크.,"The risk that instructions for the collection, annotation, or use of a dataset are exposed to the model, with explicit data-label pairs contained in those instructions improving the model's capabilities for the task.",SPACING_FIX,표기 교정(원문 대조 복원),
RAI4-1564,SRC-G-0282,RAI4-1564,General,약물 발견 모델 오용에 의한 독소 식별· 개발 리스크,Dangerous toxin identification through misuse of drug-discovery models,"약물-표적 친화성 예측 등 약물 발견에 쓰이는 모델이 위험한 독소를 식별하거나 개발하는 데 사용되며, 훈련 데이터에 위험 단백질· 바이러스 정보가 포함될 경우 우려가 커지는 리스크.","The risk that models used for drug discovery, such as drug-target affinity predictors, are used to identify or develop dangerous toxins, a concern heightened when training data includes information on hazardous proteins and viruses.",약물 발견 모델 오용에 의한 독소 식별·개발,Dangerous toxin identification through misuse of drug-discovery models,"약물-표적 친화성 예측 등 약물 발견에 쓰이 는 모델이 위험한 독소를 식별하거나 개발하 는 데 사용되며, 훈련 데이터에 위험 단백질·바이러스 정보가 포함될 경우 우려가 커지는 리스크.","The risk that models used for drug discovery, such as drug-target affinity predictors, are used to identify or develop dangerous toxins, a concern heightened when training data includes information on hazardous proteins and viruses.",SPACING_FIX,표기 교정(원문 대조 복원),
RAI4-1687,SRC-G-0283,RAI4-1687,General,월드 모델 표현· 훈련 데이터 오염 리스크,World-model representation and trainingdata poisoning,"월드 모델의 훈련 데이터나 잠재 표현이 적대적으로 손상되어 특정 조건에서만 안전하지 않은 역학을 활성화하는 백 도어 트리거가 삽입되며, 자기 지도 사전 학습 단계에서 부호화된 결함은 다운 스트림에서 교정될 수 없는 리스크.","The risk that an AI system causes, enables, or contributes to adversarial corruption of world-model training data or latent representations, including backdoor triggers that activate unsafe dynamics only under specific conditions, where defects encoded in self-supervised pretraining (the ""Foundry Problem"") cannot be remediated downstream.",월드모델 표현·훈련 데이터 오염,World-model representation and trainingdata poisoning,"월드 모델의 훈련 데이터나 잠재 표현이 적대 적으로 손상되어 특정 조건에서만 안전하지 않은 역학을 활성화하는 백도어 트리거가 삽 입되며, 자기지도 사전학습 단계에서 부호화 된 결함은 다운스트림에서 교정될 수 없는 리스크.","The risk that an AI system causes, enables, or contributes to adversarial corruption of world-model training data or latent representations, including backdoor triggers that activate unsafe dynamics only under specific conditions, where defects encoded in self-supervised pretraining (the ""Foundry Problem"") cannot be remediated downstream.",SPACING_FIX,표기 교정(원문 대조 복원),
RAI4-0356,SRC-G-0284,RAI4-0356,General,배터리 화재 및 유해 폐기물 위험,Battery fire and hazardous end-of-life waste,대규모 피지컬 AI 군 집에서 에너지 시스템과 폐기 절차가 제대로 관리되지 않아 배터리 열 폭주· 유해 물질 누출· 부적절한 폐기가 증가하는 리스크.,"The risk that large physical AI fleets increase battery thermal-runaway, hazardous-material leakage, and unsafe disposal when energy systems and endof-life handling are inadequately controlled.",배터리 화재 및 유해 폐기물,Battery fire and hazardous end-of-life waste,대규모 피지컬 AI 군집에서 에너지 시스템과 폐기 절차가 제대로 관리되지 않아 배터리 열 폭주·유해물질 누출·부적절한 폐기가 증가하 는 리스크.,"The risk that large physical AI fleets increase battery thermal-runaway, hazardous-material leakage, and unsafe disposal when energy systems and endof-life handling are inadequately controlled.",SPACING_FIX,표기 교정(원문 대조 복원),
RAI4-0360,SRC-G-0285,RAI4-0360,General,산업 공정 피해,Industrial process damage,제조· 건설· 광업· 에너지 시설의 피지컬 AI가 잘못된제 어로 장비 손상· 공정 오염· 구조 불안정 또는 환경 사고를 유발하는 위험.,"The risk that physical AI in manufacturing, construction, mining, or energy facilities may damage equipment, contaminate processes, or trigger cascading operational failures.",산업 공정 피해,Industrial process damage,제조·건설·광업·에너지 시설의 피지컬 AI가 잘 못된 제어로 장비 손상·공정 오염·구조 불안정 또는 환경 사고를 유발하는 위험.,"The risk that physical AI in manufacturing, construction, mining, or energy facilities may damage equipment, contaminate processes, or trigger cascading operational failures.",SPACING_FIX,표기 교정(원문 대조 복원),
RAI4-0502,SRC-G-0286,RAI4-0502,General,AI로 인한 인명· 재산· 환경 직접 피해,"Direct harms from AI to people, property, and environment","AI 시스템의 개발· 운영· 사용· 오작동이 신체적· 심리적 상해, 금전적 손실과 재산 피해, 중요 인프라의 중단· 손상, 동물 등 비인간 존재에 대한 피해, 하드웨어 수명 주기 전반의 자연 환경 오염· 자원 고갈에 이르는 실제 피해를 발생시키는 리스크. 의인화와 과신, 조작 등 인간 AI 상호 작용에서 창발하는 피해도 시스템 실패· 오용과 함께 이러한 피해에 기여한다. 이러한 결과를 초래하는 리스크.","The risk that the development, operation, use, or malfunction of AI systems produces realized harm, injuring people physically or psychologically, causing financial loss and property damage, disrupting critical infrastructure, harming animals and other non-human entities, and polluting or depleting the natural environment across the hardware lifecycle. Harmful human-AI configurations, from anthropomorphization and over-trust to manipulation, contribute to these harms alongside system failure and misuse.",AI로 인한 인명·재산·환경 직접 피해,"Direct harms from AI to people, property, and environment","AI 시스템의 개발·운영·사용·오작동이 신체적·심리적 상해, 금전적 손실과 재산 피해, 중요 인프라의 중단·손상, 동물 등 비인간 존재에 대한 피해, 하드웨어 수명 주기 전반의 자연 환경 오염·자원 고갈에 이르는 실제 피해를 발생시키는 리스크. 의인화와 과신, 조작 등 인간 AI 상호작용에서 창발하는 피해도 시스템 실패·오용과 함께 이러한 피해에 기여한다. 이러한 결과를 초래하는 리스크.","The risk that the development, operation, use, or malfunction of AI systems produces realized harm, injuring people physically or psychologically, causing financial loss and property damage, disrupting critical infrastructure, harming animals and other non-human entities, and polluting or depleting the natural environment across the hardware lifecycle. Harmful human-AI configurations, from anthropomorphization and over-trust to manipulation, contribute to these harms alongside system failure and misuse.",SPACING_FIX,표기 교정(원문 대조 복원),분량 초과: L3 수준 1문장으로 축약 필요; 영문 정의 장문: 축약 필요
RAI4-0504,SRC-G-0287,RAI4-0504,General,에너지 병목 및 공급 부족 리스크,Energy bottlenecks and shortages,과도한 에너지 사용이 지역 사회· 조직· 기업에 에너지 병목과 공급 부족을 초래하는 리스크.,"The risk that excessive energy use results in energy bottlenecks and shortages for communities, organisations, and businesses.",에너지 병목 및 공급 부족,Energy bottlenecks and shortages,과도한 에너지 사용이 지역사회·조직·기업에 에너지 병목과 공급 부족을 초래하는 리스크.,"The risk that excessive energy use results in energy bottlenecks and shortages for communities, organisations, and businesses.",SPACING_FIX,표기 교정(원문 대조 복원),
RAI4-0798,SRC-G-0288,RAI4-0798,General,생태계 과부하 리스크,Overburdening ecosystems,AI 개입이 없을 것으로 기대되는 창작물 공모· 채용 지원 등 생태계에 AI 생성 물이 대량 유입되어 필터링· 신뢰 메커니즘에 과부하를 일으키는 리스크.,"The risk that mass AI-generated submissions pollute ecosystems expected to be free of AI involvement, such as creative submission portals and job application channels, overburdening their filtering and trust mechanisms.",생태계 과부하,Overburdening ecosystems,AI 개입이 없을 것으로 기대되는 창작물 공모·채용 지원 등 생태계에 AI 생성물이 대량 유입되어 필터링·신뢰 메커니즘에 과부하를 일으키는 리스크.,"The risk that mass AI-generated submissions pollute ecosystems expected to be free of AI involvement, such as creative submission portals and job application channels, overburdening their filtering and trust mechanisms.",SPACING_FIX,표기 교정(원문 대조 복원),
RAI4-0799,SRC-G-0289,RAI4-0799,General,공유 정보 생태계의 오염과 질 저하 리스크,Degradation of the shared information ecosystem,"생성 도구가 산출한 허위· 환각· 저품질 콘텐츠와 인물· 사건에 대한 사실적 허위 묘사가 최초 이용자를 넘어 유포되어 공개적으로 이용 가능한 정보가 오염되는 리스크. 사람들은 그에 근거해 부정확한 인식과 결정에 이르고, 나아가 정확한 정보에 대한 신뢰마저 잃는다. 이러한 결과를 초래하는 리스크.","The risk that false, hallucinated, lowquality, or realistically fabricated depictions of people and events produced by generative tools circulate beyond the end user and contaminate publicly available information. People form inaccurate perceptions and decisions on that basis and lose trust even in accurate information.",공유 정보 생태계의 오염과 질 저하,Degradation of the shared information ecosystem,"생성 도구가 산출한 허위·환각·저품질 콘텐츠와 인물·사건에 대한 사실적 허위 묘사가 최초 이용자를 넘어 유포되어 공개적으로 이용 가능한 정보가 오염되는 리스크. 사람들은 그에 근거해 부정확한 인식과 결정에 이르고, 나아가 정확한 정보에 대한 신뢰마저 잃는다. 이러한 결과를 초래하는 리스크.","The risk that false, hallucinated, lowquality, or realistically fabricated depictions of people and events produced by generative tools circulate beyond the end user and contaminate publicly available information. People form inaccurate perceptions and decisions on that basis and lose trust even in accurate information.",SPACING_FIX,표기 교정(원문 대조 복원),분량 초과: L3 수준 1문장으로 축약 필요
RAI4-0926,SRC-G-0290,RAI4-0926,General,에너지· 지연 오버 헤드 공격 리스크,Energy-latency overhead attacks,정교하게 설계된 스펀지 예제로 AI 시스템의 에너지 소비를 극대화하는 오버 헤드(에너지 지연) 공격이 LLM 연동 플랫폼을 위협하는 리스크.,"The risk that overhead, or energy-latency, attacks using carefully crafted sponge examples maximize energy consumption in an AI system, threatening platforms integrated with LLMs.",에너지·지연 오버헤드 공격,Energy-latency overhead attacks,정교하게 설계된 스펀지 예제로 AI 시스템의 에너지 소비를 극대화하는 오버헤드(에너지지연) 공격이 LLM 연동 플랫폼을 위협하는 리스크.,"The risk that overhead, or energy-latency, attacks using carefully crafted sponge examples maximize energy consumption in an AI system, threatening platforms integrated with LLMs.",SPACING_FIX,표기 교정(원문 대조 복원),
RAI4-0950,SRC-G-0291,RAI4-0950,General,지속 불가능한 자원 사용 리스크,Unsustainable resource use,생성 모델의 막대한 전력· 냉각수· 희귀 금속 하드웨어 수요가 지속 불가능한 방식의 자원 채굴과 사용을 유발하여 환경 피해를 초래하는 리스크.,"The risk that generative models' substantial demands for electricity, cooling water, and rare-metal hardware drive resource extraction and utilization in unsustainable ways, causing environmental harm.",지속불가능한 자원 사용,Unsustainable resource use,생성 모델의 막대한 전력·냉각수·희귀금속 하 드웨어 수요가 지속불가능한 방식의 자원 채 굴과 사용을 유발하여 환경 피해를 초래하는 리스크.,"The risk that generative models' substantial demands for electricity, cooling water, and rare-metal hardware drive resource extraction and utilization in unsustainable ways, causing environmental harm.",SPACING_FIX,표기 교정(원문 대조 복원),
RAI4-0996,SRC-G-0292,RAI4-0996,General,원자재 수요에 의한 자원 고갈 리스크,Resource depletion from raw material demand,이러한 장치의 생산 공정이 니켈· 코발트· 리튬 등 원자재를 대량으로 요구하여 지구가 머지않아 충분한 양을 공급하지 못하게 되는 리스크.,"The risk that the production process of these devices requires raw materials such as nickel, cobalt, and lithium in quantities the Earth may soon no longer be able to sustain.",원자재 수요에 의한 자원 고갈,Resource depletion from raw material demand,이러한 장치의 생산 공정이 니켈·코발트·리튬 등 원자재를 대량으로 요구하여 지구가 머지 않아 충분한 양을 공급하지 못하게 되는 리스크.,"The risk that the production process of these devices requires raw materials such as nickel, cobalt, and lithium in quantities the Earth may soon no longer be able to sustain.",SPACING_FIX,표기 교정(원문 대조 복원),
RAI4-1015,SRC-G-0293,RAI4-1015,General,광범위한 사회· 환경적 부정 영향 리스크,Broad societal and environmental adverse impacts,"AI가 노동력 대체, 정신 건강 악화, 딥페이크 등 조작 기술 문제와 함께 자원 부담· 학습 탄소 배출 등 환경 발자국을 통해 사회와 환경에 광범위한 부정적 영향을 미치는 리스크.","The risk that AI produces broad adverse effects on society and the environment, including labor displacement, mental health impacts, harms from manipulative technologies like deepfakes, and an environmental footprint of resource strain and training-related carbon emissions.",광범위한 사회·환경적 부정 영향,Broad societal and environmental adverse impacts,"AI가 노동력 대체, 정신건강 악화, 딥페이크 등 조작 기술 문제와 함께 자원 부담·학습 탄 소 배출 등 환경 발자국을 통해 사회와 환경에 광범위한 부정적 영향을 미치는 리스크.","The risk that AI produces broad adverse effects on society and the environment, including labor displacement, mental health impacts, harms from manipulative technologies like deepfakes, and an environmental footprint of resource strain and training-related carbon emissions.",SPACING_FIX,표기 교정(원문 대조 복원),
RAI4-1064,SRC-G-0294,RAI4-1064,General,언어 모델 학습· 운영에 따른 환경 피해,Environmental harm from training and operating language models,"대규모 언어 모델의 학습· 운영 에너지 수요와 탄소 배출, 데이터 센터 냉각용 담수 소비, 데이터 센터와 칩· 기기 제작에 필요한 귀금속 등 자원 소모, 그리고 관련 애플리케이션의 2차 배출과 그것이 유발하는 행동 변화가 상당한 환경 비용을 발생시키는 리스크. 그 부담은 자원 고갈과 오염의 형태로 생태계와 지역 사회에 전가된다. 이러한 결과를 초래하는 리스크.","The risk that the energy demand and carbon emissions of training and operating large language models, the freshwater consumed to cool data centres, the metals and materials required to build facilities, chips, and devices, and the secondary emissions and behavioural changes driven by model-based applications impose substantial environmental costs. Ecosystems and communities bear the resulting depletion and pollution.",언어모델 학습·운영에 따른 환경 피해,Environmental harm from training and operating language models,"대규모 언어 모델의 학습·운영 에너지 수요와 탄소 배출, 데이터센터 냉각용 담수 소비, 데이터 센터와 칩·기기 제작에 필요한 귀금속 등 자원 소모, 그리고 관련 애플리케이션의 2차 배출과 그것이 유발하는 행동 변화가 상당한 환경 비용을 발생시키는 리스크. 그 부담은 자원 고갈과 오염의 형태로 생태계와 지역 사회에 전가된다. 이러한 결과를 초래하는 리스크.","The risk that the energy demand and carbon emissions of training and operating large language models, the freshwater consumed to cool data centres, the metals and materials required to build facilities, chips, and devices, and the secondary emissions and behavioural changes driven by model-based applications impose substantial environmental costs. Ecosystems and communities bear the resulting depletion and pollution.",SPACING_FIX,표기 교정(원문 대조 복원),분량 초과: L3 수준 1문장으로 축약 필요; 영문 정의 장문: 축약 필요
RAI4-1093,SRC-G-0295,RAI4-1093,General,모델 개발· 배포의 에너지 소비에 따른 환경 피해,Environmental harm from model development and deployment energy use,모델의 개발과 배포가 막대한 에너지를 소비하고 모델 대형화 추세가 이를 심화시키는 리스크. 그에 따른 과도한 에너지 사용과 배출이 환경에 부정적 영향을 남기며 그 부담은 세대를 거듭한 모델과 함께 누적된다. 이러한 결과를 초래하는 리스크.,"The risk that developing and deploying models consumes substantial energy, a burden intensified by the trend toward ever-larger models. The resulting excessive energy use and emissions impose negative environmental impacts that accumulate with each successive generation of models.",모델 개발·배포의 에너지 소비에 따른 환경 피 해,Environmental harm from model development and deployment energy use,모델의 개발과 배포가 막대한 에너지를 소비하고 모델 대형화 추세가 이를 심화시키는 리스크. 그에 따른 과도한 에너지 사용과 배출이 환경에 부정적 영향을 남기며 그 부담은 세대를 거듭한 모델과 함께 누적된다. 이러한 결과를 초래하는 리스크.,"The risk that developing and deploying models consumes substantial energy, a burden intensified by the trend toward ever-larger models. The resulting excessive energy use and emissions impose negative environmental impacts that accumulate with each successive generation of models.",SPACING_FIX,표기 교정(원문 대조 복원),분량 초과: L3 수준 1문장으로 축약 필요
RAI4-1269,SRC-G-0296,RAI4-1269,General,높은 에너지 소비 리스크,High energy consumption,딥 러닝을 포함한 일부 학습 알고리즘이 반복적 학습 과정을 사용하여 높은 에너지 소비를 초래하는 리스크.,"The risk that some learning algorithms, including deep learning, utilize iterative learning processes that result in high energy consumption.",높은 에너지 소비,High energy consumption,딥러닝을 포함한 일부 학습 알고리즘이 반복 적 학습 과정을 사용하여 높은 에너지 소비를 초래하는 리스크.,"The risk that some learning algorithms, including deep learning, utilize iterative learning processes that result in high energy consumption.",SPACING_FIX,표기 교정(원문 대조 복원),
RAI4-1374,SRC-G-0297,RAI4-1374,General,데이터 센터 냉각을 위한 용수 소비 리스크,Water consumption for data centre cooling,AI 학습과 추론을 지원하는 데이터 센터가 서버 과열을 막기 위해 상당한 양의 물을 냉각에 사용하는 리스크. 그 수요가 지역 수자원을 잠식하여 인근 지역 사회와 기업에 용수 제한이나 부족이 초래된다. 이러한 결과를 초래하는 리스크.,The risk that water consumption for data centre cooling ② L3 mappingYesNo.,데이터센터 냉각을 위한 용수 소비,Water consumption for data centre cooling,AI 학습과 추론을 지원하는 데이터 센터가 서버 과열을 막기 위해 상당한 양의 물을 냉각에 사용하는 리스크. 그 수요가 지역 수자원을 잠식하여 인근 지역사회와 기업에 용수 제한이나 부족이 초래된다. 이러한 결과를 초래하는 리스크.,The risk that water consumption for data centre cooling ② L3 mappingYesNo.,SPACING_FIX,표기 교정(원문 대조 복원),분량 초과: L3 수준 1문장으로 축약 필요
RAI4-1452,SRC-G-0298,RAI4-1452,General,생물 다양성 손실 리스크,Biodiversity loss,"기술 인프라의 과도한 확장이나 기술과 지속 가능한 관행의 부적절한 연계로 삼림 벌채, 서식지 파괴, 생물 다양성의 단편화와 손실이 발생하는 리스크.","The risk that over-expansion of technology infrastructure, or inadequate alignment of technology with sustainable practices, leads to deforestation, habitat destruction, and fragmentation and loss of biodiversity.",생물다양성 손실,Biodiversity loss,"기술 인프라의 과도한 확장이나 기술과 지속 가능한 관행의 부적절한 연계로 삼림 벌채, 서 식지 파괴, 생물다양성의 단편화와 손실이 발 생하는 리스크.","The risk that over-expansion of technology infrastructure, or inadequate alignment of technology with sustainable practices, leads to deforestation, habitat destruction, and fragmentation and loss of biodiversity.",SPACING_FIX,표기 교정(원문 대조 복원),
RAI4-1453,SRC-G-0299,RAI4-1453,General,탄소 배출 리스크,Carbon emissions,"이산화탄소, 산화 질소 등의 가스가 배출되어 탄소 배출이 증가하고 기후 변화가 악화되어 지역 사회에 부정적 영향이 발생하는 리스크.","The risk that release of carbon dioxide, nitric oxide, and other gases increases carbon emissions, exacerbates climate change, and negatively impacts local communities.",탄소 배출,Carbon emissions,"이산화탄소, 산화질소 등의 가스가 배출되어 탄소 배출이 증가하고 기후변화가 악화되어 지역사회에 부정적 영향이 발생하는 리스크.","The risk that release of carbon dioxide, nitric oxide, and other gases increases carbon emissions, exacerbates climate change, and negatively impacts local communities.",SPACING_FIX,표기 교정(원문 대조 복원),
RAI4-1455,SRC-G-0300,RAI4-1455,General,전자 폐기물 과다 매립 리스크,Excessive electronic waste landfill,전기· 전자 장비의 과도한 폐기로 생태계와 생물 다양성이 훼손되고 지역 사회의 생계가 교란되며 권리가 침해되는 리스크.,"The risk that excessive disposal of electrical or electronic equipment leads to ecological and biodiversity damage, disrupts the livelihoods of local communities, and erodes their rights.",전자폐기물 과다 매립,Excessive electronic waste landfill,전기·전자 장비의 과도한 폐기로 생태계와 생 물다양성이 훼손되고 지역사회의 생계가 교 란되며 권리가 침해되는 리스크.,"The risk that excessive disposal of electrical or electronic equipment leads to ecological and biodiversity damage, disrupts the livelihoods of local communities, and erodes their rights.",SPACING_FIX,표기 교정(원문 대조 복원),
RAI4-1698,SRC-G-0301,RAI4-1698,General,단일 목표 최적화에 의한 환경 부작용 리스크,Environmental side effects from singleobjective optimization,"하나의 과업에 집중된 목표를 최적화하는 에이전트가 다른 환경 변수에 대해 암묵적 무관심을 보여, 한계적 과업 이득을 위해 더 넓은 환경에 큰 교란을 일으키는 리스크.","The risk that an agent optimizing an objective focused on one task expresses implicit indifference over other environmental variables, causing major disruption to the wider environment for marginal task gain.",단일 목표 최적화에 의한 환경 부작용,Environmental side effects from singleobjective optimization,"하나의 과업에 집중된 목표를 최적화하는 에이전트가 다른 환경 변수에 대해 암묵적 무관 심을 보여, 한계적 과업 이득을 위해 더 넓은 환경에 큰 교란을 일으키는 리스크.","The risk that an agent optimizing an objective focused on one task expresses implicit indifference over other environmental variables, causing major disruption to the wider environment for marginal task gain.",SPACING_FIX,표기 교정(원문 대조 복원),
RAI4-0346,SRC-G-0302,RAI4-0346,General,센서스푸핑및신호주입 리스크,Sensor spoofing and signal injection,공격자가 GNSS· 카메라· 라이다· 레이더·RFID· 오디오· 촉각· 무선 신호를 조작하여 피지컬 행동을 변경하는 위험.,"The risk that attackers may manipulate GNSS, camera, LiDAR, radar, RFID, audio, tactile, or wireless signals to alter physical behavior.",센서 스푸핑 및 신호 주입,Sensor spoofing and signal injection,공격자가 GNSS·카메라·라이다·레이더·RFID·오디오·촉각·무선 신호를 조작하여 피지컬 행동을 변경하는 위험.,"The risk that attackers may manipulate GNSS, camera, LiDAR, radar, RFID, audio, tactile, or wireless signals to alter physical behavior.",SPACING_FIX,표기 교정(원문 대조 복원),
RAI4-0432,SRC-G-0303,RAI4-0432,General,민감 개인 속성 추론 리스크,Sensitive personal attribute inference,모델 동작으로 인해서 사용자 또는 관리자가 의도적으로 공개되지 않은 민감한 개인의 속성 정보가 추론을 통해서 노출될 수 있는 리스크.,The risk that model behavior enables inference of sensitive personal attributes not intentionally disclosed.,민감 개인속성 추론,Sensitive personal attribute inference,모델 동작으로 인해서 사용자 또는 관리자가 의도적으로 공개되지 않은 민감한 개인의 속성 정보가 추론을 통해서 노출될 수 있는 리스크.,The risk that model behavior enables inference of sensitive personal attributes not intentionally disclosed.,SPACING_FIX,표기 교정(원문 대조 복원),
RAI4-1056,SRC-G-0304,RAI4-1056,General,보호 속성 추론을 통한 프라이버시 침해,Privacy violation through inference of protected personal attributes,학습 코퍼스에 해당 개인의 데이터가 없더라도 모델이 입력 프롬 프 트로부터 인종· 성별· 성적 지향· 종교성 등 보호 속성을 높은 정확도로 추론하는 리스크로 사용자 본인 또는 당사자의 인지나 동의 없이 진실하고 민감한 정보로 구성된 상세 프로필이 작성되어 차별과 표적화에 노출될 수 있는 위험.,"The risk that models infer protected characteristics such as race, gender, sexual orientation, or religiousness from a user's input prompt even when that information is absent from the training corpus. Detailed profiles of true and sensitive information are assembled without the individual's knowledge or consent, exposing them to discrimination and targeting.",보호 속성 추론을 통한 프라이버시 침해,Privacy violation through inference of protected personal attributes,학습 코퍼스에 해당 개인의 데이터가 없더라도 모델이 입력 프롬 프 트로부터 인종·성별·성적지향·종교성 등 보호 속성을 높은 정확도로 추론하는 리스크로 사용자 본인 또는 당사자의 인지나 동의 없이 진실하고 민감한 정보로 구성된 상세 프로필이 작성되어 차별과 표적화에 노출될 수 있는 위험.,"The risk that models infer protected characteristics such as race, gender, sexual orientation, or religiousness from a user's input prompt even when that information is absent from the training corpus. Detailed profiles of true and sensitive information are assembled without the individual's knowledge or consent, exposing them to discrimination and targeting.",SPACING_FIX,표기 교정(원문 대조 복원),
RAI4-1655,SRC-G-0305,RAI4-1655,General,LLM 기반 정교한 감시· 검열에 의한 자유 억압 리스크,Suppression of liberties through LLMenabled surveillance and censorship,"LLM과 음성 인식· 멀티 모달 기술이 텍스트뿐 아니라 통화· 영상 통신까지 대규모로 감시· 검열할 수 있게하여, 정치적 반대자의 침묵 또는 개인의 자유 위축 등과 같은 국가적 억압의 용도로 이용되거나, 기술에 의해보다 더 영향이 심각하게 발전되는 위험.","The risk that LLMs, including multimodal models and those combined with speechto-text, enable significantly more sophisticated surveillance and censorship operations at scale, including of phone calls and video messages, worsening personal liberties and heightening state oppression.",LLM 기반 정교한 감시·검열에 의한 자유 억압,Suppression of liberties through LLMenabled surveillance and censorship,"LLM과 음성 인식·멀티모달 기술이 텍스트뿐 아니라 통화·영상 통신까지 대규모로 감시·검열할 수 있게하여, 정치적 반대자의 침묵 또는 개인의 자유 위축 등과 같은 국가적 억압의 용도로 이용되거나, 기술에 의해보다 더 영향이 심각하게 발전되는 위험.","The risk that LLMs, including multimodal models and those combined with speechto-text, enable significantly more sophisticated surveillance and censorship operations at scale, including of phone calls and video messages, worsening personal liberties and heightening state oppression.",SPACING_FIX,표기 교정(원문 대조 복원),
RAI4-0514,SRC-G-0306,RAI4-0514,General,일자리에 미치는 영향 리스크,Impact on jobs,AI 시스템의 업무 자동화로 인해서 재숙련 경로를 통해 노동자의 역량을 향상 또는 전환하는 속도보다 AI 시스템이 더 빠르게 일자리를 대체함으로써 발생하는 고용 불안정의 리스크.,The risk that automation of work by foundation-modelbased systems displaces jobs faster than reskilling pathways can absorb affected workers.,일자리에 미치는 영향,Impact on jobs,AI 시스템의 업무 자동화로 인해서 재숙련 경로를 통해 노동자의 역량을 향상 또는 전환하는 속도보다 AI 시스템이 더 빠르게 일자리를 대체함으로써 발생하는 고용 불안정의 리스크.,The risk that automation of work by foundation-modelbased systems displaces jobs faster than reskilling pathways can absorb affected workers.,UNCHANGED,,
RAI4-1065,SRC-G-0307,RAI4-1065,General,업무 자동화로 인한 고용 악화 리스크,Negative employment effects from task automation,AI 시스템과 이에 기반한 언어 기술의 발전으로 인해서 고객 서비스 응대 등 현재 유급 노동자가 수행하는 대부분의 업무가 자동화되어 고용 안정에 부정적 영향을 미치는 위험.,"The risk that advances in AI systems and the language technologies based on them automate tasks currently done by paid human workers, such as responding to customer-service queries, with negative effects on employment.",업무 자동화로 인한 고용 악화,Negative employment effects from task automation,AI 시스템과 이에 기반한 언어 기술의 발전으로 인해서 고객 서비스 응대 등 현재 유급 노동자가 수행하는 대부분의 업무가 자동화되어 고용 안정에 부정적 영향을 미치는 위험.,"The risk that advances in AI systems and the language technologies based on them automate tasks currently done by paid human workers, such as responding to customer-service queries, with negative effects on employment.",UNCHANGED,,
RAI4-1232,SRC-G-0308,RAI4-1232,General,산업 교란 리스크,Disruption of industries,"창의성과 비판적 사고, 정서적 상호 작용이 덜 요구되는 번역과 교정, 단순 문의 응대, 데이터 처리 같은 산업이 생성형 AI에 의해 심각하게 영향을 받거나 AI 시스템으로 대체되어서 경제적 혼란과 일자리 변동이 극심하게 발생하는 리스크.","The risk that industries requiring less creativity, critical thinking, and personal or affective interaction, such as translation, proofreading, responding to straightforward inquiries, and data processing, are significantly impacted or even replaced by generative AI, leading to economic turbulence and job volatility.",산업 교란,Disruption of industries,"창의성과 비판적 사고, 정서적 상호작용이 덜 요구되는 번역과 교정, 단순 문의 응대, 데이터 처리 같은 산업이 생성형 AI에 의해 심각하게 영향을 받거나 AI시스템으로 대체되어서 경제적 혼란과 일자리 변동이 극심하게 발생하는 리스크.","The risk that industries requiring less creativity, critical thinking, and personal or affective interaction, such as translation, proofreading, responding to straightforward inquiries, and data processing, are significantly impacted or even replaced by generative AI, leading to economic turbulence and job volatility.",SPACING_FIX,표기 교정(원문 대조 복원),
RAI4-1445,SRC-G-0309,RAI4-1445,General,불평등과 기술적 충격에 따른 사회 불안정 리스크,Societal destabilisation from inequality and technological disruption,"AI 기술로 인한 일자리 부족과 불공정한 알고리즘, 허위 정보, 그리고 AI 시스템이 유발하거나 증폭된 사회적 지위 및 부의 격차의 확대가 지역 사회의 복지와 결속을 훼손하는 리스크. 이러한 리스크로 인한 파업과 시위를 비롯한 시민 불안이 확산되고, 사회 전반의 안정이 흔들릴 수 있는 위험.","The risk that job losses to technology, unfair algorithmic outcomes, disinformation, and the widening gaps in social status and wealth caused or amplified by technology systems erode social and community wellbeing and cohesion. Strikes, demonstrations, and other forms of civil unrest follow as overall societal stability deteriorates.",불평등과 기술적 충격에 따른 사회 불안정,Societal destabilisation from inequality and technological disruption,"AI 기술로 인한 일자리 부족과 불공정한 알고리즘, 허위 정보, 그리고 AI 시스템이 유발하거나 증폭된 사회적 지위 및 부의 격차의 확대가 지역사회의 복지와 결속을 훼손하는 리스크. 이러한 리스크로 인한 파업과 시위를 비롯한 시민 불안이 확산되고, 사회 전반의 안정이 흔들릴 수 있는 위험.","The risk that job losses to technology, unfair algorithmic outcomes, disinformation, and the widening gaps in social status and wealth caused or amplified by technology systems erode social and community wellbeing and cohesion. Strikes, demonstrations, and other forms of civil unrest follow as overall societal stability deteriorates.",SPACING_FIX,,분량 초과: L3 수준 1문장으로 축약 필요
RAI4-1662,SRC-G-0310,RAI4-1662,General,아웃소싱 축소에 의한 개발도상국 경제 타격 리스크,Harm to developing economies from retrenchment of outsourcing,콜센터 등 개발도상국이 수행하던 단순 인지 과업이 AI 시스템으로 자동화되면서 아웃소싱이 축소되어 해당 국가의 노동력과 경제가 타격을 입는 리스크.,"The risk that automation of simple cognitive tasks previously performed in developing countries, such as call center work, causes a retrenchment of outsourcing that adversely affects those countries' workforces and economies.",아웃소싱 축소에 의한 개발도상국 경제 타격,Harm to developing economies from retrenchment of outsourcing,콜센터 등 개발도상국이 수행하던 단순 인지 과업이 AI 시스템으로 자동화되면서 아웃소싱이 축소되어 해당 국가의 노동력과 경제가 타격을 입는 리스크.,"The risk that automation of simple cognitive tasks previously performed in developing countries, such as call center work, causes a retrenchment of outsourcing that adversely affects those countries' workforces and economies.",UNCHANGED,,
RAI4-0384,SRC-G-0311,RAI4-0384,General,남반구 지식 추출 리스크,Global South knowledge extraction,"남반구 공동체의 지식, 언어 데이터, 문화 자원이 적절한 인정· 통제· 이익 공유 없이 AI 개발에 추출되는 글로벌 사우스 지식 추출 리스크.","The risk that knowledge, language data, or cultural resources from Global South communities are extracted for AI development without adequate recognition, control, or benefit-sharing.",남반구 지식 추출,Global South knowledge extraction,"남반구 공동체의 지식, 언어 데이터, 문화 자원이 적절한 인정·통제·이익 공유 없이 AI 개발에 추출되는 글로벌 사우스 지식 추출 리스크.","The risk that knowledge, language data, or cultural resources from Global South communities are extracted for AI development without adequate recognition, control, or benefit-sharing.",SPACING_FIX,표기 교정(원문 대조 복원),
RAI4-0458,SRC-G-0312,RAI4-0458,General,AI 관련 임금 양극화 리스크,AI-related wage polarization,"AI 시스템의 도입이 AI로 인한 보완적 숙련의 보상은 높이는 반면, 대체 가능한 숙련의 가치를 현격히 떨어뜨림으로써 노동 시장의 임금 양극화를 확대하는 리스크.","The risk that aI adoption raises returns to skills complementary to AI while devaluing substitutable skills, widening wage polarization across the workforce.",AI 관련 임금 양극화,AI-related wage polarization,"AI 시스템의 도입이 AI로 인한 보완적 숙련의 보상은 높이는 반면, 대체 가능한 숙련의 가치를 현격히 떨어뜨림으로써 노동 시장의 임금 양극화를 확대하는 리스크.","The risk that aI adoption raises returns to skills complementary to AI while devaluing substitutable skills, widening wage polarization across the workforce.",UNCHANGED,,
RAI4-0461,SRC-G-0313,RAI4-0461,General,연산 자원 접근 불평등 리스크,Compute inequality,연산 인프라에 대한 불평등한 접근으로 인해 AI 시스템을 개발· 감사· 활용할 수 있는 주체를 결정하는 연산 자원 접근 불평등 리스크.,"The risk that unequal access to compute infrastructure shapes who can develop, audit, or benefit from AI.",연산 자원 접근 불평등,Compute inequality,연산 인프라에 대한 불평등한 접근으로 인해 AI 시스템을 개발·감사·활용할 수 있는 주체를 결정하는 연산 자원 접근 불평등 리스크.,"The risk that unequal access to compute infrastructure shapes who can develop, audit, or benefit from AI.",SPACING_FIX,표기 교정(원문 대조 복원),
RAI4-0505,SRC-G-0314,RAI4-0505,General,AI 개발 과정의 노동 착취 리스크,Labor exploitation in AI development,"데이터 라벨 링, 콘텐츠 조정, 데이터 소싱, 사용자 테스트 등 AI 시스템의 학습, 개발, 최적화 과정에 투입되는 노동이 저소득 국가와 역외 노동자에게 외주화된 채 저임금과 열악한 노동 조건, 신체· 정신 건강 보호의 결여 속에서 착취적 관행과 불평등이 지속되는 리스크.","The risk that the labor used to train, develop, and optimize AI systems, including data labeling, moderation, sourcing, and user testing outsourced to low-income countries and offshore workers, is underpaid and denied adequate working conditions and physical and mental health protections, perpetuating exploitative practices and inequality.",AI 개발 과정의 노동 착취,Labor exploitation in AI development,"데이터 라벨 링, 콘텐츠 조정, 데이터 소싱, 사용자 테스트 등 AI 시스템의 학습, 개발, 최적화 과정에 투입되는 노동이 저소득 국가와 역외 노동자에게 외주화된 채 저임금과 열악한 노동 조건, 신체·정신 건강 보호의 결여 속에서 착취적 관행과 불평등이 지속되는 리스크.","The risk that the labor used to train, develop, and optimize AI systems, including data labeling, moderation, sourcing, and user testing outsourced to low-income countries and offshore workers, is underpaid and denied adequate working conditions and physical and mental health protections, perpetuating exploitative practices and inequality.",SPACING_FIX,표기 교정(원문 대조 복원),
RAI4-0509,SRC-G-0315,RAI4-0509,General,글로벌 AI 격차와 불평등 리스크,Global AI divide and inequality,"희소한 연산 자원, 과학 기술 인재, 첨단 범용 모델에 대한 실질적 접근이 소수 선도 국가와 대형 기업에 집중되어 AI 연구 개발과 경제력이 편중되고, 선도 국과 후발국 간 격차가 벌어지며 기업· 개인· 국가 간 기존의 사회 경제적 불평등이 심화되는 리스크.","The risk that scarce computing power, STEM talent, and effective access to advanced general-purpose models concentrate AI research, development, and economic power in a few leading countries and large firms, widening the divide between those leading in AI and those falling behind and deepening existing socioeconomic disparities among companies, individuals, and countries.",글로벌 AI 격차와 불평등,Global AI divide and inequality,"희소한 연산 자원, 과학기술 인재, 첨단 범용 모델에 대한 실질적 접근이 소수 선도 국가와 대형 기업에 집중되어 AI 연구개발과 경제력 이 편중되고, 선도국과 후발국 간 격차가 벌어 지며 기업·개인·국가 간 기존의 사회경제적 불 평등이 심화되는 리스크.","The risk that scarce computing power, STEM talent, and effective access to advanced general-purpose models concentrate AI research, development, and economic power in a few leading countries and large firms, widening the divide between those leading in AI and those falling behind and deepening existing socioeconomic disparities among companies, individuals, and countries.",SPACING_FIX,표기 교정(원문 대조 복원),
RAI4-1011,SRC-G-0316,RAI4-1011,General,노동 착취와 거시 경제적 불평등 심화 리스크,Labor exploitation and macro-economic inequality,"AI 시스템이 사회 경제적 관계의 권력 불균형을 키워 디지털 격차와 체계적 불평등을 고착시키고, 비윤리적 데이터 수집· 노동 환경 악화 등 노동 착취와 기술적 실업· 탈숙련을 낳으며, 대규모 실패 시 플래시 크래시 등 광범위한 악영향을 초래하는 노동 착취와 거시적 불평등을 심화시키는 리스크.","The risk that algorithmic systems increase power imbalances in socio-economic relations, exacerbating digital divides and entrenching systemic inequalities, fostering labor exploitation such as unethical data collection and worsening worker conditions, driving technological unemployment and deskilling, and causing flash crashes and other widespread adverse incidents when algorithmic financial systems fail at scale.",노동 착취와 거시경제적 불평등 심화,Labor exploitation and macro-economic inequality,"AI 시스템이 사회 경제적 관계의 권력 불균형을 키워 디지털 격차와 체계적 불평등을 고착시키고, 비윤리적 데이터 수집·노동환경 악화 등 노동 착취와 기술적 실업·탈숙련을 낳으며, 대규모 실패 시 플래시 크래시 등 광범위한 악영향을 초래하는 노동 착취와 거시적 불평등을 심화시키는 리스크.","The risk that algorithmic systems increase power imbalances in socio-economic relations, exacerbating digital divides and entrenching systemic inequalities, fostering labor exploitation such as unethical data collection and worsening worker conditions, driving technological unemployment and deskilling, and causing flash crashes and other widespread adverse incidents when algorithmic financial systems fail at scale.",SPACING_FIX,표기 교정(원문 대조 복원),
RAI4-1022,SRC-G-0317,RAI4-1022,General,높은 비용으로 인한 접근 배제 리스크,Exclusion from access due to high costs,생성형 AI 시스템의 훈련· 시험· 배포에 드는 재정적 비용이 커서 이러한 시스템을 개발하고 이용할 수 있는 집단이 제한되는 리스크.,"The risk that the estimated financial costs of training, testing, and deploying generative AI systems restrict the groups of people able to afford developing and interacting with these systems.",높은 비용으로 인한 접근 배제,Exclusion from access due to high costs,생성형 AI 시스템의 훈련·시험·배포에 드는 재 정적 비용이 커서 이러한 시스템을 개발하고 이용할 수 있는 집단이 제한되는 리스크.,"The risk that the estimated financial costs of training, testing, and deploying generative AI systems restrict the groups of people able to afford developing and interacting with these systems.",SPACING_FIX,표기 교정(원문 대조 복원),
RAI4-1224,SRC-G-0318,RAI4-1224,General,디지털 격차 확대 리스크,Widening digital divide,"생성 AI가 기기나 인터넷 접근이 없거나 벤더에 차단된 지역의 사람들에게 1차 디지털 격차를, 언어와 문화 장벽에 부딪히거나 도구 활용이 어려운 이들에게 2차 디지털 격차를 확대하는 리스크.","The risk that generative AI widens the first-level digital divide for those without access to devices or the Internet or blocked by vendors, and the second-level divide for those facing language and cultural barriers or finding the tools difficult to use.",디지털 격차 확대,Widening digital divide,"생성 AI가 기기나 인터넷 접근이 없거나 벤더 에 차단된 지역의 사람들에게 1차 디지털 격차 를, 언어와 문화 장벽에 부딪히거나 도구 활용 이 어려운 이들에게 2차 디지털 격차를 확대 하는 리스크.","The risk that generative AI widens the first-level digital divide for those without access to devices or the Internet or blocked by vendors, and the second-level divide for those facing language and cultural barriers or finding the tools difficult to use.",SPACING_FIX,표기 교정(원문 대조 복원),
RAI4-1233,SRC-G-0319,RAI4-1233,General,사회 경제적 불평등 증폭과 AI 이익의 집중 리스크,Amplified socioeconomic inequality and concentration of AI gains,"편향된 시스템과 집단 간 성능 격차, 불평등한 접근이 고용· 교육· 금융· 공공 서비스에서 겹쳐 작용하고, 증강보다 자동화를 지향하는 도입이 노동의 가치를 낮추는 한편 막대한 자본과 데이터· 연산 자원이 소수 기업과 부유한 국가에 집중되는 리스크. 그 결과 주변화된 집단과 개발도상국은 더욱 뒤처지고, 저임금· 무보수 노동이 착취되며, 독점이 형성되어 사회적 결속과 형평이 훼손된다. 이러한 결과를 초래하는 리스크.","The risk that biased systems, disparate performance, and unequal access compound across employment, education, financial, and public services, while automation-oriented adoption devalues labour and the capital, data, and compute required to build models concentrate resources in a few firms and wealthier countries. Marginalized groups and developing economies fall further behind, precarious and unpaid work is exploited, monopolies form, and social cohesion and equity erode.",사회경제적 불평등 증폭과 AI 이익의 집중,Amplified socioeconomic inequality and concentration of AI gains,"편향된 시스템과 집단 간 성능 격차, 불평등한 접근이 고용·교육·금융·공공 서비스에서 겹쳐 작용하고, 증강보다 자동화를 지향하는 도입이 노동의 가치를 낮추는 한편 막대한 자본과 데이터·연산 자원이 소수 기업과 부유한 국가에 집중되는 리스크. 그 결과 주변화된 집단과 개발도상국은 더욱 뒤처지고, 저임금·무보수 노동이 착취되며, 독점이 형성되어 사회적 결속과 형평이 훼손된다. 이러한 결과를 초래하는 리스크.","The risk that biased systems, disparate performance, and unequal access compound across employment, education, financial, and public services, while automation-oriented adoption devalues labour and the capital, data, and compute required to build models concentrate resources in a few firms and wealthier countries. Marginalized groups and developing economies fall further behind, precarious and unpaid work is exploited, monopolies form, and social cohesion and equity erode.",SPACING_FIX,표기 교정(원문 대조 복원),분량 초과: L3 수준 1문장으로 축약 필요; 영문 정의 장문: 축약 필요
RAI4-1404,SRC-G-0320,RAI4-1404,General,데이터 노동 저평가· 비가시화 리스크,Undervalued and invisible data labor,ML 학습 데이터를 생산하는 클릭 워커의 노동이 노동자 권리를 경시하는 산업 관행 속에 수행되고 그 기여가 비가시화되어 노동자의 복지와 권리가 침해되고 AI 역량에 대한 오해가 조장되는 리스크.,"The risk that the clickwork producing ML training data is performed in an annotation industry with little concern for workers' rights, and that the invisibility of this contribution harms worker welfare and rights while fostering misunderstanding of AI capabilities.",데이터 노동 저평가·비가시화,Undervalued and invisible data labor,ML 학습 데이터를 생산하는 클릭워커의 노동 이 노동자 권리를 경시하는 산업 관행 속에 수 행되고 그 기여가 비가시화되어 노동자의 복 지와 권리가 침해되고 AI 역량에 대한 오해가 조장되는 리스크.,"The risk that the clickwork producing ML training data is performed in an annotation industry with little concern for workers' rights, and that the invisibility of this contribution harms worker welfare and rights while fostering misunderstanding of AI capabilities.",SPACING_FIX,표기 교정(원문 대조 복원),
RAI4-1661,SRC-G-0321,RAI4-1661,General,자본 편중· 시장 집중· 접근 격차에 의한 불평등 심화 리스크,"Worsening inequality from capital shift, market concentration, and access gaps","LLM 기반 경제에서 자본의 몫이 커지고 노동의 몫이 줄며, 막대한 훈련 고정 비용과 네트워크 효과가 소수 공급자의 시장 지배력과 지대 추출을 낳고, 재정· 교육· 기업 정책· 지정학적 이유로 접근이 배제된 개인이 불리해져 사회 경제적 불평등이 심화되는 리스크.","The risk that the role and compensation of capital rise while those of labor decline in an LLM-powered economy, that large fixed training costs and network effects concentrate the market and let providers extract monopoly rents, and that individuals without access for financial, educational, corporate-policy, or geopolitical reasons fall further behind, worsening socioeconomic inequality.",자본편중·시장집중·접근격차에 의한 불평등 심화,"Worsening inequality from capital shift, market concentration, and access gaps","LLM 기반 경제에서 자본의 몫이 커지고 노동 의 몫이 줄며, 막대한 훈련 고정비용과 네트워 크 효과가 소수 공급자의 시장 지배력과 지대 추출을 낳고, 재정·교육·기업 정책·지정학적 이유로 접근이 배제된 개인이 불리해져 사회 경제적 불평등이 심화되는 리스크.","The risk that the role and compensation of capital rise while those of labor decline in an LLM-powered economy, that large fixed training costs and network effects concentrate the market and let providers extract monopoly rents, and that individuals without access for financial, educational, corporate-policy, or geopolitical reasons fall further behind, worsening socioeconomic inequality.",SPACING_FIX,표기 교정(원문 대조 복원),
RAI4-0086,SRC-G-0322,RAI4-0086,General,규제 차익 거래 리스크,Regulatory arbitrage,AI 개발자나 배포자가 더 강한 감독 의무를 회피하기 위해 관할권· 부문· 조직 형태를 전략적으로 선택하거나 재구성하는 리스크.,"The risk that AI developers or deployers structure activities across jurisdictions, sectors, or organizational forms to avoid stronger oversight obligations.",규제 차익거래,Regulatory arbitrage,AI 개발자나 배포자가 더 강한 감독 의무를 회피하기 위해 관할권·부문·조직 형태를 전략적으로 선택하거나 재구성하는 리스크.,"The risk that AI developers or deployers structure activities across jurisdictions, sectors, or organizational forms to avoid stronger oversight obligations.",SPACING_FIX,표기 교정(원문 대조 복원),
RAI4-0383,SRC-G-0323,RAI4-0383,General,AI를 매개로 한 디지털 식민주의 리스크,AI-mediated digital colonialism,"AI 시스템이 데이터, 인프라, 지식, 의사 결정에 대한 비대칭적 통제를 강대 행위자로부터 약소 공동체로 확장하여 식민주의적 추출· 종속 구조를 재생산하는 리스크.","The risk that aI systems extend asymmetric control over data, infrastructure, knowledge, and decision-making from powerful actors to less powerful communities, reproducing colonial patterns of extraction and dependency.",AI를 매개로 한 디지털 식민주의,AI-mediated digital colonialism,"AI 시스템이 데이터, 인프라, 지식, 의사결정에 대한 비대칭적 통제를 강대 행위자로부터 약소 공동체로 확장하여 식민주의적 추출·종속 구조를 재생산하는 리스크.","The risk that aI systems extend asymmetric control over data, infrastructure, knowledge, and decision-making from powerful actors to less powerful communities, reproducing colonial patterns of extraction and dependency.",SPACING_FIX,표기 교정(원문 대조 복원),
RAI4-0415,SRC-G-0324,RAI4-0415,General,문화 해석 권위의 이전 리스크,Redistribution of cultural authority,AI 시스템이 문화 해석에 대한 권위를 공동체와 전문가로부터 모델 제공자나 플랫폼 중개자로 이전시키는 리스크.,The risk that AI systems shift authority over cultural interpretation from communities and experts to model providers or platform intermediaries.,문화 해석 권위의 이전,Redistribution of cultural authority,AI 시스템이 문화 해석에 대한 권위를 공동체 와 전문가로부터 모델 제공자나 플랫폼 중개 자로 이전시키는 리스크.,The risk that AI systems shift authority over cultural interpretation from communities and experts to model providers or platform intermediaries.,SPACING_FIX,표기 교정(원문 대조 복원),
RAI4-0460,SRC-G-0325,RAI4-0460,General,AI 권력· 시장 지배력의 집중 리스크,Concentration of AI power and market control,"AI에 요구되는 데이터, 연산, 자본, 전문성이 소수의 기업과 국가에 경제적· 인식적· 정치적 권력을 집중시켜 시장 지배력과 진입 장벽을 고착화하는 리스크. 이러한 집중은 경쟁과 혁신을 저해하고 접근 비용을 높이며, 공유된 단일 모델의 결함에 중요 부문을 노출시키고, 권위주의적 통제의 고착과 불평등 심화로까지 이어질 수 있다. 이러한 결과를 초래하는 리스크.","The risk that the data, compute, capital, and expertise demands of AI concentrate economic, epistemic, and political power in a small set of firms and states, entrenching market dominance and barriers to entry. Such concentration stifles competition and innovation, raises the cost of access, exposes critical sectors to systemic failure from shared models, and can consolidate authority to the point of entrenching authoritarian control and deepening inequality.",AI 권력·시장 지배력의 집중,Concentration of AI power and market control,"AI에 요구되는 데이터, 연산, 자본, 전문성이 소수의 기업과 국가에 경제적·인식적·정치적 권력을 집중시켜 시장 지배력과 진입 장벽을 고착화하는 리스크. 이러한 집중은 경쟁과 혁신을 저해하고 접근 비용을 높이며, 공유된 단일 모델의 결함에 중요 부문을 노출시키고, 권위주의적 통제의 고착과 불평등 심화로까지 이어질 수 있다. 이러한 결과를 초래하는 리스크.","The risk that the data, compute, capital, and expertise demands of AI concentrate economic, epistemic, and political power in a small set of firms and states, entrenching market dominance and barriers to entry. Such concentration stifles competition and innovation, raises the cost of access, exposes critical sectors to systemic failure from shared models, and can consolidate authority to the point of entrenching authoritarian control and deepening inequality.",SPACING_FIX,표기 교정(원문 대조 복원),분량 초과: L3 수준 1문장으로 축약 필요; 영문 정의 장문: 축약 필요
RAI4-0491,SRC-G-0326,RAI4-0491,General,알고리즘 획일화 리스크,Algorithmic monoculture,특정 AI 모델의 지배가 접근 방식의 다양성을 축소하여 해당 모델이 실패할 경우 시스템적 위험이 증폭되는 리스크.,"The risk that dominance of specific AI models reduces diversity of approaches, amplifying systemic risks if those models fail.",알고리즘 획일화,Algorithmic monoculture,특정 AI 모델의 지배가 접근 방식의 다양성을 축소하여 해당 모델이 실패할 경우 시스템적 위험이 증폭되는 리스크.,"The risk that dominance of specific AI models reduces diversity of approaches, amplifying systemic risks if those models fail.",UNCHANGED,,
RAI4-0499,SRC-G-0327,RAI4-0499,General,AI 공급자 종속 리스크,AI provider lock-in dependency,특정 AI 제공자에 대한 과도한 의존이 대안 부재나 상호 운용성 결여로 인한 취약성을 초래하는 리스크.,The risk that excessive reliance on specific AI providers leads to vulnerabilities due to lack of alternatives or interoperability.,AI 공급자 종속,AI provider lock-in dependency,특정 AI 제공자에 대한 과도한 의존이 대안 부 재나 상호운용성 결여로 인한 취약성을 초래 하는 리스크.,The risk that excessive reliance on specific AI providers leads to vulnerabilities due to lack of alternatives or interoperability.,SPACING_FIX,표기 교정(원문 대조 복원),
RAI4-0510,SRC-G-0328,RAI4-0510,General,AI 역량 비대칭에 따른 권력 불균형과 지정학적 긴장 리스크,Power asymmetries and geopolitical tension from AI capability,"AI 역량의 비대칭이 의사 결정· 감시의 대상이 되는 개인과 기관 사이에서든 AI 우위를 다투는 국가 사이에서든 권력 불균형을 심화시켜, 지정학적 긴장을 고조시키고 역량이 부족한 국가를 핵심 기능에서 외국 AI에 의존하게 만들며 국제 협력 체계를 불안정하게 하는 리스크.","The risk that asymmetric AI capability intensifies power imbalances, whether between institutions and the individuals subject to their decisions and surveillance or between states racing for AI superiority, heightening geopolitical tension, rendering less capable states dependent on foreign AI for critical functions, and destabilizing international cooperation.",AI 역량 비대칭에 따른 권력 불균형과 지정학 적 긴장,Power asymmetries and geopolitical tension from AI capability,"AI 역량의 비대칭이 의사결정·감시의 대상이 되는 개인과 기관 사이에서든 AI 우위를 다투 는 국가 사이에서든 권력 불균형을 심화시켜, 지정학적 긴장을 고조시키고 역량이 부족한 국가를 핵심 기능에서 외국 AI에 의존하게 만 들며 국제 협력 체계를 불안정하게 하는 리스크.","The risk that asymmetric AI capability intensifies power imbalances, whether between institutions and the individuals subject to their decisions and surveillance or between states racing for AI superiority, heightening geopolitical tension, rendering less capable states dependent on foreign AI for critical functions, and destabilizing international cooperation.",SPACING_FIX,표기 교정(원문 대조 복원),
RAI4-0544,SRC-G-0329,RAI4-0544,General,승자 독식 역학 리스크,Winner-take-all dynamics,AI 개발의 승자 독식 동학이 결정적인 경제· 안보 우위를 소수 주체에 집중시켜 경쟁과 균형적 거버넌스를 봉쇄하는 리스크.,"The risk that winner-take-all dynamics in AI development concentrate decisive economic and security advantages in a few entities, foreclosing competition and balanced governance.",승자독식 역학,Winner-take-all dynamics,AI 개발의 승자 독식 동학이 결정적인 경제·안보 우위를 소수 주체에 집중시켜 경쟁과 균형적 거버넌스를 봉쇄하는 리스크.,"The risk that winner-take-all dynamics in AI development concentrate decisive economic and security advantages in a few entities, foreclosing competition and balanced governance.",SPACING_FIX,표기 교정(원문 대조 복원),
RAI4-0568,SRC-G-0330,RAI4-0568,General,데이터 수집 제한 리스크,Data acquisition restrictions,데이터 수집에 대한 법적 제한이 특정 AI 활용에 필요한 데이터 확보를 제약하여 컴 플라이 언스 리스크와 우회 유인을 발생시키는 리스크.,"The risk that legal restrictions on data acquisition constrain the collection of data needed for specific AI use cases, creating compliance risk and incentives for circumvention.",법적 제한 우회형 데이터 수집에 의한 규제 위반,Regulatory violation through circumventive data acquisition,데이터 취득에 대한 법적 제한과 개발 압력이 결합되어 규정을 위반·우회하는 수집 관행을 유발하고 정보주체와 조직에 법적 피해를 초래하는 리스크.,"The risk that legal restrictions on data acquisition combined with development pressure induce non-compliant or circumventive collection practices, causing legal harm to data subjects and organizations.",REDEFINITION,AI기본법(데이터 책무)|TTA 개발안내서(데이터 관리),외부 여건 기술→위반 행위·피해를 명시해 L4 리스크로 재정의
RAI4-0731,SRC-G-0331,RAI4-0731,General,공통 AI 플랫폼 집중에 따른 단일 장애 점 리스크,Centralized points of failure from common AI platforms,공통 AI 플랫폼이 광범위하게 사용되면서 중앙 집중식 장애 점이 형성되어 시스템이 중단이나 공격에 더 취약해지는 리스크.,"The risk that widespread use of common AI platforms creates centralized points of failure, making systems more vulnerable to disruptions or attacks.",공통 AI 플랫폼 집중에 따른 단일 장애점,Centralized points of failure from common AI platforms,공통 AI 플랫폼이 광범위하게 사용되면서 중앙 집중식 장애 점이 형성되어 시스템이 중단이나 공격에 더 취약해지는 리스크.,"The risk that widespread use of common AI platforms creates centralized points of failure, making systems more vulnerable to disruptions or attacks.",SPACING_FIX,표기 교정(원문 대조 복원),
RAI4-0960,SRC-G-0332,RAI4-0960,General,AI 표적화를 통한 대규모 조작의 산업화 리스크,Industrialized mass manipulation through AI-driven targeting,"대규모로 수집된 개인 데이터가 AI 표적화 및 모델에 내재된 체계적 편향과 결합하여, 대상 집단의 신념에 부합하는 조작적 콘텐츠가 정치적· 상업적 목적으로 전달되는 리스크. 이로써 주가 부양과 같은 경제적 조작과 여론 왜곡이 산업적 규모로 수행되어 사회 분열이 심화되고 대규모 혼란이 초래될 수 있다. 이러한 결과를 초래하는 리스크.","The risk that personal data harvested at scale is combined with AI-driven targeting and with the systemic biases embedded in models to deliver manipulative content matched to each audience's beliefs for political or commercial ends. Mass manipulation thereby becomes an industrial capability that distorts markets and public opinion, deepens social division, and can trigger large-scale disruption.",AI 표적화를 통한 대규모 조작의 산업화,Industrialized mass manipulation through AI-driven targeting,"대규모로 수집된 개인 데이터가 AI 표적화 및 모델에 내재된 체계적 편향과 결합하여, 대상 집단의 신념에 부합하는 조작적 콘텐츠가 정치적·상업적 목적으로 전달되는 리스크. 이로써 주가 부양과 같은 경제적 조작과 여론 왜곡이 산업적 규모로 수행되어 사회 분열이 심화되고 대규모 혼란이 초래될 수 있다. 이러한 결과를 초래하는 리스크.","The risk that personal data harvested at scale is combined with AI-driven targeting and with the systemic biases embedded in models to deliver manipulative content matched to each audience's beliefs for political or commercial ends. Mass manipulation thereby becomes an industrial capability that distorts markets and public opinion, deepens social division, and can trigger large-scale disruption.",SPACING_FIX,표기 교정(원문 대조 복원),분량 초과: L3 수준 1문장으로 축약 필요; 영문 정의 장문: 축약 필요
RAI4-1251,SRC-G-0333,RAI4-1251,General,가치 고정 리스크,Value lock-in,"가장 강력한 AI 시스템이 점점 더 소수의 이해관계자에 의해 설계되고 그들에게만 이용 가능해져, 체제가 만연한 감시와 억압적 검열로 편협한 가치를 강제할 수 있게 되는 리스크.","The risk that the most powerful AI systems are designed by and available to fewer and fewer stakeholders, enabling regimes to enforce narrow values through pervasive surveillance and oppressive censorship.",가치 고정,Value lock-in,"가장 강력한 AI 시스템이 점점 더 소수의 이해 관계자에 의해 설계되고 그들에게만 이용 가 능해져, 체제가 만연한 감시와 억압적 검열로 편협한 가치를 강제할 수 있게 되는 리스크.","The risk that the most powerful AI systems are designed by and available to fewer and fewer stakeholders, enabling regimes to enforce narrow values through pervasive surveillance and oppressive censorship.",SPACING_FIX,표기 교정(원문 대조 복원),
RAI4-1414,SRC-G-0334,RAI4-1414,General,AI 지식의 사유화 리스크,Privatization of AI knowledge,딥 러닝 연구자와 연구 영향력이 큰 연구자가 산업계로 이동하고 가장 정교한 AI 기법이 사유화되어 대학이 이를 가르치거나 선도 연구에 기여할 수 없게 되는 리스크.,"The risk that researchers in deep learning and those with greater research impact migrate to industry and the most sophisticated AI approaches become proprietary, making it impossible for universities to teach them or contribute to leading research.",AI 지식의 사유화,Privatization of AI knowledge,딥러닝 연구자와 연구 영향력이 큰 연구자가 산업계로 이동하고 가장 정교한 AI 기법이 사 유화되어 대학이 이를 가르치거나 선도 연구 에 기여할 수 없게 되는 리스크.,"The risk that researchers in deep learning and those with greater research impact migrate to industry and the most sophisticated AI approaches become proprietary, making it impossible for universities to teach them or contribute to leading research.",SPACING_FIX,표기 교정(원문 대조 복원),
RAI4-1663,SRC-G-0335,RAI4-1663,General,기업 권력 비대칭에 의한 규제 포획 리스크,Regulatory capture from corporate power asymmetry,"최첨단 LLM을 개발하는 거대 기술 기업과 시민 사회 등 다른 사회 집단 사이의 권력 비대칭이 커져 LLM 관련 거버넌스가 기업에 과도하게 유리하게 형성되고, 규제 포획으로 소외 공동체를 포함한 다른 사회 집단의 이익이 훼손되는 리스크.","The risk that the power asymmetry between corporate entities profiting from LLMs and other social groups makes LLM governance protocols excessively favorable to technology companies, leading to regulatory capture at the cost of other societal groups, particularly marginalized communities.",기업 권력 비대칭에 의한 규제 포획,Regulatory capture from corporate power asymmetry,"최첨단 LLM을 개발하는 거대 기술기업과 시 민사회 등 다른 사회집단 사이의 권력 비대칭 이 커져 LLM 관련 거버넌스가 기업에 과도하 게 유리하게 형성되고, 규제 포획으로 소외 공 동체를 포함한 다른 사회집단의 이익이 훼손 되는 리스크.","The risk that the power asymmetry between corporate entities profiting from LLMs and other social groups makes LLM governance protocols excessively favorable to technology companies, leading to regulatory capture at the cost of other societal groups, particularly marginalized communities.",SPACING_FIX,표기 교정(원문 대조 복원),
RAI4-0120,SRC-G-0336,RAI4-0120,General,선호 형성 캡처 리스크,Preference formation capture,"AI 시스템이 사용자가 성찰적으로 승인하기 전 단계의 선호 형성 과정에 개입하여, 선호 발달을 제공자나 시스템 목적 쪽으로 포획하는 리스크.","The risk that aI systems shape user preferences during formation, before users can reflectively endorse them, capturing preference development toward provider or system objectives.",선호 형성 캡처,Preference formation capture,"AI 시스템이 사용자가 성찰적으로 승인하기 전 단계의 선호 형성 과정에 개입하여, 선호 발달을 제공자나 시스템 목적 쪽으로 포획하는 리스크.","The risk that aI systems shape user preferences during formation, before users can reflectively endorse them, capturing preference development toward provider or system objectives.",UNCHANGED,,
RAI4-0425|RAI4-0998,SRC-G-0337,RAI4-0425,General,사회 집단의 재현적 피해· 고정관념 및 비가시화 리스크,"Representational harm, stereotyping, and erasure of social groups","AI가 사회 집단을 고정 관념화· 비하· 동질화하거나 잘못 재현하고, 과소 대표 또는 비재현하여 해당 집단의 존엄, 가시성, 사회적 지위를 훼손하는 리스크.","The risk that AI stereotypes, demeans, homogenises, misrepresents, under-represents, or omits social groups, harming their dignity, visibility, and social standing.",사회집단의 재현적 피해·고정관념 및 비가시화,"Representational harm, stereotyping, and erasure of social groups","AI가 사회집단을 고정관념화·비하·동질화하거나 잘못 재현하고, 과소대표 또는 비재현하여 해당 집단의 존엄, 가시성, 사회적 지위를 훼손하는 리스크.","The risk that AI stereotypes, demeans, homogenises, misrepresents, under-represents, or omits social groups, harming their dignity, visibility, and social standing.",SPACING_FIX,표기 교정(원문 대조 복원),
RAI4-0676,SRC-G-0338,RAI4-0676,General,사회 집단에 대한 모델의 차별적 결정과 산출 리스크,Discriminatory model decisions and outputs against social groups,"학습 데이터에서 비롯되거나 모델 설계· 최적화 과정에서 유입된 편향이 재현· 증폭되어, 인종· 성별· 종교 등으로 구분되는 집단이 모델의 결정과 생성 콘텐츠에서 체계적으로 불리해지는 리스크. 그 결과 고정관념의 강화와 배제, 실질적으로 불평등한 대우가 발생한다. 이러한 결과를 초래하는 리스크.","The risk that biases originating in training data or introduced through model design and optimization are reproduced and amplified, so that decisions and generated content systematically disadvantage groups defined by race, gender, religion, or similar attributes. The result is stereotyping, exclusion, and materially unequal treatment of the affected groups.",사회 집단에 대한 모델의 차별적 결정과 산출,Discriminatory model decisions and outputs against social groups,"학습 데이터에서 비롯되거나 모델 설계·최적화 과정에서 유입된 편향이 재현·증폭되어, 인종·성별·종교 등으로 구분되는 집단이 모델의 결정과 생성 콘텐츠에서 체계적으로 불리해지는 리스크. 그 결과 고정관념의 강화와 배제, 실질적으로 불평등한 대우가 발생한다. 이러한 결과를 초래하는 리스크.","The risk that biases originating in training data or introduced through model design and optimization are reproduced and amplified, so that decisions and generated content systematically disadvantage groups defined by race, gender, religion, or similar attributes. The result is stereotyping, exclusion, and materially unequal treatment of the affected groups.",SPACING_FIX,표기 교정(원문 대조 복원),분량 초과: L3 수준 1문장으로 축약 필요
RAI4-0697,SRC-G-0339,RAI4-0697,General,개발자 가치 각인 편향 리스크,Developer value embedding bias,"보편적으로 합의된 기준이 없는 상태에서 개발자가 선택한 규범적 가치와 원칙에 따라 모델을 미세 조정함으로써 개발자의 이념과 세계관이 모델에 각인되어, 특정 인구 집단을 대표하지 못하거나 세계 문화 규범과 변화하는 사회적 견해를 정태적이고 단순화된 형태로 반영하는 출력이 산출되는 리스크.","The risk that, absent universally accepted standards, developers' fine-tuning of models on chosen normative rules and principles embeds their ideology and vision of the world into the model, so that it incorporates values unrepresentative of certain segments of the population or offering a static, oversimplified reflection of global cultural norms and evolving social views.",개발자 가치 각인 편향,Developer value embedding bias,"보편적으로 합의된 기준이 없는 상태에서 개발자가 선택한 규범적 가치와 원칙에 따라 모델을 미세조정함으로써 개발자의 이념과 세계관이 모델에 각인되어, 특정 인구 집단을 대표하지 못하거나 세계 문화 규범과 변화하는 사회적 견해를 정태적이고 단순화된 형태로 반영하는 출력이 산출되는 리스크.","The risk that, absent universally accepted standards, developers' fine-tuning of models on chosen normative rules and principles embeds their ideology and vision of the world into the model, so that it incorporates values unrepresentative of certain segments of the population or offering a static, oversimplified reflection of global cultural norms and evolving social views.",SPACING_FIX,,
RAI4-0698,SRC-G-0340,RAI4-0698,General,가치 고착 및 결과 동질화 리스크,Value lock-in and outcome homogenization,"진화하는 사회적 관점을 반영해 재학습되지 않는 모델이 낡고 덜 포용적인 이해를 고착시켜 대안적 관점의 제시와 탐색을 제한하고, 동일한 기반 모델이 여러 배포자에 의해 광범위하게 사용되어 사회 전반에 편향이 동질화되고 기존 편향이 고착되는 리스크.","The risk that models not retrained to reflect evolving societal views lock in older, less inclusive understandings and limit the presentation or exploration of alternative perspectives, while deployment of identical foundation models across many downstream deployers homogenizes bias across broad swathes of society and further entrenches existing biases.",가치 고착 및 결과 동질화,Value lock-in and outcome homogenization,"진화하는 사회적 관점을 반영해 재학습되지 않는 모델이 낡고 덜 포용적인 이해를 고착시켜 대안적 관점의 제시와 탐색을 제한하고, 동일한 기반 모델이 여러 배포자에 의해 광범위하게 사용되어 사회 전반에 편향이 동질화되고 기존 편향이 고착되는 리스크.","The risk that models not retrained to reflect evolving societal views lock in older, less inclusive understandings and limit the presentation or exploration of alternative perspectives, while deployment of identical foundation models across many downstream deployers homogenizes bias across broad swathes of society and further entrenches existing biases.",UNCHANGED,,
RAI4-0700,SRC-G-0341,RAI4-0700,General,편향된 진술 및 권장 사항 리스크,Biased statements and recommendations,챗봇 출력에 명백히 허위· 유해하지 않지만 미묘하게 편향된 진술과 권고가 포함되어 사용자 의사 결정을 왜곡하는 리스크.,The risk that chatbot outputs contain subtly biased statements and recommendations that are not overtly false or harmful yet skew user decision-making.,편향된 진술 및 권장 사항,Biased statements and recommendations,챗봇 출력에 명백히 허위·유해하지 않지만 미묘하게 편향된 진술과 권고가 포함되어 사용자 의사결정을 왜곡하는 리스크.,The risk that chatbot outputs contain subtly biased statements and recommendations that are not overtly false or harmful yet skew user decision-making.,SPACING_FIX,표기 교정(원문 대조 복원),
RAI4-0701,SRC-G-0342,RAI4-0701,General,설명 조작에 의한 편향 은폐 리스크,Bias concealment through manipulated explanations,"기존 설명 가능성 기법이 차별적 편향을 탐지하기에 충분하지 않고 조작 기법으로 편향이 은폐되어, 인종· 성별 등 민감 속성을 배제하고 실제 모델을 정확히 반영하지 않는 오도성 설명이 생성되는 리스크.","The risk that existing explainability techniques are insufficient for detecting discriminatory biases and that manipulation methods hide underlying biases, generating misleading explanations that exclude sensitive attributes such as race or gender and do not accurately represent the underlying model.",설명 조작에 의한 편향 은폐,Bias concealment through manipulated explanations,"기존 설명 가능성 기법이 차별적 편향을 탐지하기에 충분하지 않고 조작 기법으로 편향이 은폐되어, 인종·성별 등 민감 속성을 배제하고 실제 모델을 정확히 반영하지 않는 오도성 설명이 생성되는 리스크.","The risk that existing explainability techniques are insufficient for detecting discriminatory biases and that manipulation methods hide underlying biases, generating misleading explanations that exclude sensitive attributes such as race or gender and do not accurately represent the underlying model.",SPACING_FIX,표기 교정(원문 대조 복원),
RAI4-0711,SRC-G-0343,RAI4-0711,General,편향 증폭과 결과 균질화 리스크,Bias amplification and outcome homogenization,"AI가 역사적· 사회적· 구조적 편향을 증폭하고 비대표적 학습 데이터로 인해 하위 집단· 언어 간 성능 격차를 낳으며, 출력의 바람직하지 않은 균질화가 근거 없는 의사 결정과 차별을 초래하는 리스크.","The risk that AI amplifies historical, societal, and systemic biases and produces performance disparities between sub-groups or languages due to non-representative training data, while undesired homogeneity in outputs leads to ill-founded decision-making and discrimination.",편향 증폭과 결과 균질화,Bias amplification and outcome homogenization,"AI가 역사적·사회적·구조적 편향을 증폭하고 비대표적 학습 데이터로 인해 하위 집단·언어 간 성능 격차를 낳으며, 출력의 바람직하지 않은 균질화가 근거 없는 의사 결정과 차별을 초래하는 리스크.","The risk that AI amplifies historical, societal, and systemic biases and produces performance disparities between sub-groups or languages due to non-representative training data, while undesired homogeneity in outputs leads to ill-founded decision-making and discrimination.",SPACING_FIX,표기 교정(원문 대조 복원),
RAI4-0713,SRC-G-0344,RAI4-0713,General,완화 조치 이후에도 존속하는 고정 관념 편향 리스크,Persistence of stereotypical bias despite mitigation measures,"크라우드 소싱된 사전 학습 데이터에서 습득한 고정관념적 사회 편향이 모델에 존속하고 증폭되어, 미세 조정 이후에도 의도적 유도나 새로운 상황에서 재발하는 리스크. 그 결과 생성 텍스트가 고정 관념을 드러내거나 부각하여 해당 집단에 불공정하고 편향된 응답이 산출된다. 이러한 결과를 초래하는 리스크.","The risk that stereotypical social biases absorbed from crowdsourced pretraining data are retained and amplified by a model and resurface despite finetuning, particularly when deliberately elicited or in novel scenarios. Generated text then displays or reinforces stereotypes, producing unfair and biased responses toward the groups concerned.",완화 조치 이후에도 존속하는 고정관념 편향,Persistence of stereotypical bias despite mitigation measures,"크라우드소싱된 사전 학습 데이터에서 습득한 고정관념적 사회 편향이 모델에 존속하고 증폭되어, 미세 조정 이후에도 의도적 유도나 새로운 상황에서 재발하는 리스크. 그 결과 생성 텍스트가 고정관념을 드러내거나 부각하여 해당 집단에 불공정하고 편향된 응답이 산출된다. 이러한 결과를 초래하는 리스크.","The risk that stereotypical social biases absorbed from crowdsourced pretraining data are retained and amplified by a model and resurface despite finetuning, particularly when deliberately elicited or in novel scenarios. Generated text then displays or reinforces stereotypes, producing unfair and biased responses toward the groups concerned.",SPACING_FIX,표기 교정(원문 대조 복원),분량 초과: L3 수준 1문장으로 축약 필요
RAI4-0722,SRC-G-0345,RAI4-0722,General,모델 설계기인 차별적 출력 리스크,Model-design-induced discriminatory outputs,"알고리즘 설계· 학습 과정에서 개인적 편견이 의도적 또는 비의도적으로 유입되고 품질이 낮은 데이터 셋이 사용되어, 민족· 종교· 국적· 지역에 관한 차별적 콘텐츠 등 편향되거나 차별적인 결과가 산출되는 리스크.","The risk that personal biases introduced intentionally or unintentionally during algorithm design and training, together with poor-quality datasets, produce biased or discriminatory outcomes and outputs, including discriminatory content regarding ethnicity, religion, nationality, and region.",모델 설계 기인 차별적 출력,Model-design-induced discriminatory outputs,"알고리즘 설계·학습 과정에서 개인적 편견이 의도적 또는 비의도적으로 유입되고 품질이 낮은 데이터셋이 사용되어, 민족·종교·국적·지역에 관한 차별적 콘텐츠 등 편향되거나 차별적인 결과가 산출되는 리스크.","The risk that personal biases introduced intentionally or unintentionally during algorithm design and training, together with poor-quality datasets, produce biased or discriminatory outcomes and outputs, including discriminatory content regarding ethnicity, religion, nationality, and region.",SPACING_FIX,표기 교정(원문 대조 복원),
RAI4-0883,SRC-G-0346,RAI4-0883,General,AI 모델 편향이 사용자 판단에 미치는 장기적 영향 리스크,Long-term effects of AI model biases on user judgment,모델 편향에 노출된 사용자가 모델 사용 중단 이후의 의사 결정에서도 해당 편향을 지속적으로 나타내는 장기 판단 왜곡 리스크.,"The risk that exposure to model biases produces lasting effects on user judgment, with users continuing to exhibit the encountered biases in decisions made after they stop using the model.",AI 모델 편향이 사용자 판단에 미치는 장기적 영향,Long-term effects of AI model biases on user judgment,모델 편향에 노출된 사용자가 모델 사용 중단 이후의 의사결정에서도 해당 편향을 지속적으로 나타내는 장기 판단 왜곡 리스크.,"The risk that exposure to model biases produces lasting effects on user judgment, with users continuing to exhibit the encountered biases in decisions made after they stop using the model.",SPACING_FIX,,
RAI4-1018,SRC-G-0347,RAI4-1018,General,유해 편향의 내재화와 증폭 리스크,Embedding and amplification of harmful biases,생성형 AI 시스템이 유해한 편향을 내재화하고 증폭시켜 주변화된 사람들에게 가장 큰 해를 끼치는 리스크.,The risk that generative AI systems embed and amplify harmful biases that are most detrimental to marginalized peoples.,유해 편향의 내재화와 증폭,Embedding and amplification of harmful biases,생성형 AI 시스템이 유해한 편향을 내재화하 고 증폭시켜 주변화된 사람들에게 가장 큰 해 를 끼치는 리스크.,The risk that generative AI systems embed and amplify harmful biases that are most detrimental to marginalized peoples.,SPACING_FIX,표기 교정(원문 대조 복원),
RAI4-1291,SRC-G-0348,RAI4-1291,General,시민 심사와 맞춤형 선전을 통한 편향적 영향력 리스크,Biased influence through citizen screening and tailored propaganda,"AI 기반 챗봇이 개별 사용자의 결정에 영향을 주도록 소통 방식을 맞춤화하고, 브렉시트 국민 투표에서 나타난 초기 계산적 선전처럼 억압적 정부가 AI로 시민의 의견을 형성하는 리스크.","The risk that AI-powered chatbots tailor their communication approach to influence individual users' decisions, as with the computational propaganda during the Brexit referendum, and that oppressive governments could use AI to shape citizens' opinions.",시민 심사와 맞춤형 선전을 통한 편향적 영향 력,Biased influence through citizen screening and tailored propaganda,"AI 기반 챗봇이 개별 사용자의 결정에 영향을 주도록 소통 방식을 맞춤화하고, 브렉시트 국 민투표에서 나타난 초기 계산적 선전처럼 억 압적 정부가 AI로 시민의 의견을 형성하는 리스크.","The risk that AI-powered chatbots tailor their communication approach to influence individual users' decisions, as with the computational propaganda during the Brexit referendum, and that oppressive governments could use AI to shape citizens' opinions.",SPACING_FIX,표기 교정(원문 대조 복원),
RAI4-1299,SRC-G-0349,RAI4-1299,General,체계적 학습 오류 편향 리스크,Systematic learning error bias,체계적 학습 오류로 모델이 일관되게 잘못된 패턴을 학습하여 예측에 알고리즘 편향이 내재화되는 리스크.,"The risk that systematic learning error causes the model to learn consistently wrong patterns, embedding algorithmic bias into predictions.",체계적 학습 오류 편향,Systematic learning error bias,체계적 학습 오류로 모델이 일관되게 잘못된 패턴을 학습하여 예측에 알고리즘 편향이 내재화되는 리스크.,"The risk that systematic learning error causes the model to learn consistently wrong patterns, embedding algorithmic bias into predictions.",UNCHANGED,,
RAI4-1311,SRC-G-0350,RAI4-1311,General,심리적 특성에 따른 행동 편향 리스크,Behavioral bias from stable psychological traits,모델이 인간 성격 특성과 유사한 안정적 심리 프로파일을 나타내어 후속 상호 작용에 체계적인 행동 편향을 이입하는 리스크.,The risk that models exhibit stable humanlike psychological trait profiles that carry systematic behavioral biases into downstream interactions.,심리적 특성에 따른 행동 편향,Behavioral bias from stable psychological traits,모델이 인간 성격 특성과 유사한 안정적 심리 프로파일을 나타내어 후속 상호작용에 체계 적인 행동 편향을 이입하는 리스크.,The risk that models exhibit stable humanlike psychological trait profiles that carry systematic behavioral biases into downstream interactions.,SPACING_FIX,표기 교정(원문 대조 복원),
RAI4-1329,SRC-G-0351,RAI4-1329,General,추천 시스템의 인간 중심 편향 증폭 리스크,Anthropocentric bias amplification by recommenders,"알고리즘 추천 시스템이 인간 중심적 편향이나 오락으로서 동물 학대를 바라는 일부 사람들의 욕구를 강화하고 증폭하여, 공장 식 축산 육류 소비와 오락을 위한 잔혹한 동물 이용을 통해 동물에게 더 큰 해를 끼치는 리스크.","The risk that algorithmic recommender systems reinforce and amplify anthropocentric bias or the desire of some people for animal cruelty as entertainment, leading to greater harm to animals through reinforcement of meat eating from factory farms and cruel uses of animals for entertainment.",추천 시스템의 인간중심 편향 증폭,Anthropocentric bias amplification by recommenders,"알고리즘 추천 시스템이 인간 중심적 편향이 나 오락으로서 동물 학대를 바라는 일부 사람 들의 욕구를 강화하고 증폭하여, 공장식 축산 육류 소비와 오락을 위한 잔혹한 동물 이용을 통해 동물에게 더 큰 해를 끼치는 리스크.","The risk that algorithmic recommender systems reinforce and amplify anthropocentric bias or the desire of some people for animal cruelty as entertainment, leading to greater harm to animals through reinforcement of meat eating from factory farms and cruel uses of animals for entertainment.",SPACING_FIX,표기 교정(원문 대조 복원),
RAI4-1387,SRC-G-0352,RAI4-1387,General,악성 사전 분포에 의한 의사 결정 조작 리스크,Decision manipulation via malign priors,보편 분포의 가설에 포함된 시뮬레이션된 에이전트들이 해당 분포에 기반해 의사 결정하는 주체에게 영향을 미칠 유인을 가져 추론과 의사 결정이 조작되는 리스크.,"The risk that simulated agents contained in hypotheses of the universal distribution have an incentive to influence anyone making decisions based on that distribution, corrupting reasoning and decisions.",악성 사전분포에 의한 의사결정 조작,Decision manipulation via malign priors,보편 분포의 가설에 포함된 시뮬레이션된 에이전트들이 해당 분포에 기반해 의사결정하는 주체에게 영향을 미칠 유인을 가져 추론과 의사결정이 조작되는 리스크.,"The risk that simulated agents contained in hypotheses of the universal distribution have an incentive to influence anyone making decisions based on that distribution, corrupting reasoning and decisions.",SPACING_FIX,표기 교정(원문 대조 복원),
RAI4-1413,SRC-G-0353,RAI4-1413,General,연구자의 인구 통계학적 다양성 리스크,Demographic diversity of researchers,AI 연구자· 실무자 집단 내 여성· 소수자의 심각한 과소 대표로 시스템에 내재되는 관점이 협소해지고 문제 선정· 평가· 거버넌스가 편향되는 리스크.,"The risk that severe underrepresentation of women and minorities among AI researchers and practitioners narrows the perspectives embedded in systems and skews problem selection, evaluation, and governance.",연구인력 동질성에 따른 시스템 편향 산출,Biased system outputs from researcher homogeneity,AI 연구인력에서 여성·소수자가 과소대표되어 시스템에 내재되는 관점이 협소해지고 문제 선정·평가·거버넌스가 왜곡되어 편향적·차별적 산출이 발생하는 리스크.,"The risk that underrepresentation of women and minorities among AI researchers narrows the perspectives embedded in systems and skews problem selection, evaluation, and governance, producing biased or discriminatory outputs.",REDEFINITION,TTA 개발안내서(다양성 존중)|OECD(공정성),상태 기술→피해 결과를 명시해 L4 리스크로 재정의
RAI4-1503,SRC-G-0354,RAI4-1503,General,내재 가치 평가 편향 리스크,Biased evaluation of encoded values,"평가하기 쉬운 내재 가치가 측정이 어려운 가치보다 우선적으로 평가에 포함되어, 더 바람직하지만 정량화가 어려운 가치가 과소 대표되는 불균형이 발생하는 리스크.","The risk that encoded human values which are easier to evaluate are preferred for inclusion in evaluations over those that are more difficult to measure, creating an imbalance in which more desirable but harder-to-quantify values are underrepresented.",내재 가치 평가 편향,Biased evaluation of encoded values,"평가하기 쉬운 내재 가치가 측정이 어려운 가치보다 우선적으로 평가에 포함되어, 더 바람 직하지만 정량화가 어려운 가치가 과소 대표 되는 불균형이 발생하는 리스크.","The risk that encoded human values which are easier to evaluate are preferred for inclusion in evaluations over those that are more difficult to measure, creating an imbalance in which more desirable but harder-to-quantify values are underrepresented.",SPACING_FIX,표기 교정(원문 대조 복원),
RAI4-0493,SRC-G-0355,RAI4-0493,General,피해 인지· 측정 실패 리스크,Harm perception and measurement failure,AI 관련 피해가 미묘하고 분산적이며 장기적으로 발현되어 기존의 피해인지· 측정· 인정 메커니즘이 작동하지 못하는 리스크.,"The risk that aI-related harm manifests subtly, diffusely, or over long horizons, defeating existing mechanisms for perceiving, measuring, and recognizing harm.",피해 인지·측정 실패,Harm perception and measurement failure,AI 관련 피해가 미묘하고 분산적이며 장기적으로 발현되어 기존의 피해인지·측정·인정 메커니즘이 작동하지 못하는 리스크.,"The risk that aI-related harm manifests subtly, diffusely, or over long horizons, defeating existing mechanisms for perceiving, measuring, and recognizing harm.",SPACING_FIX,표기 교정(원문 대조 복원),
RAI4-1298,SRC-G-0356,RAI4-1298,General,도덕적 탈숙련화 리스크,Moral deskilling,기계의 자율성이 높아짐에 따라 인간이 삶과 죽음을 좌우하는 결정에 대해 도덕적 책임감을 덜 느끼게 되는 리스크.,The risk that humans feel less moral responsibility regarding their life-or-death decisions with the increase of machine autonomy.,도덕적 탈숙련화,Moral deskilling,기계의 자율성이 높아짐에 따라 인간이 삶과 죽음을 좌우하는 결정에 대해 도덕적 책임감 을 덜 느끼게 되는 리스크.,The risk that humans feel less moral responsibility regarding their life-or-death decisions with the increase of machine autonomy.,SPACING_FIX,표기 교정(원문 대조 복원),
RAI4-0864,SRC-G-0357,RAI4-0864,General,기술 이용에 따른 사회적 고립과 자기 소외 리스크,Social isolation and self-estrangement from technology use,"기술의 사용이나 오용으로 개인과 집단이 주변 사람들과의 연결이 결여되었다고 느끼고, 주변화된 이용자에게 제대로 작동하지 않는 시스템과의 상호 작용이 그 사용 시점에 자기 소외를 낳는 리스크. 당사자는 사회적 관계에서 멀어지고 소속감과 웰빙이 저하된다. 이러한 결과를 초래하는 리스크.","The risk that the use or misuse of a technology leaves individuals and groups feeling disconnected from those around them, and that interacting with systems that under-perform for marginalized users produces self-estrangement at the moment of use. Those affected withdraw from social connection and experience diminished belonging and well-being.",기술 이용에 따른 사회적 고립과 자기소외,Social isolation and self-estrangement from technology use,"기술의 사용이나 오용으로 개인과 집단이 주변 사람들과의 연결이 결여되었다고 느끼고, 주변화된 이용자에게 제대로 작동하지 않는 시스템과의 상호 작용이 그 사용 시점에 자기 소외를 낳는 리스크. 당사자는 사회적 관계에서 멀어지고 소속감과 웰빙이 저하된다. 이러한 결과를 초래하는 리스크.","The risk that the use or misuse of a technology leaves individuals and groups feeling disconnected from those around them, and that interacting with systems that under-perform for marginalized users produces self-estrangement at the moment of use. Those affected withdraw from social connection and experience diminished belonging and well-being.",SPACING_FIX,표기 교정(원문 대조 복원),분량 초과: L3 수준 1문장으로 축약 필요
RAI4-0132,SRC-G-0358,RAI4-0132,General,사용자 영합적 응답(아첨) 리스크,Sycophancy toward user beliefs and preferences,"시스템이 사용자의 오해와 표명된 신념을 교정하기보다 이를 재확인하는 영합적이거나 그럴듯한 답변을 제시하여, 사용자가 사실과 다른 정보를 받아들이고 정확성보다 자신을 인정해 주는 조언에 의존하게 되는 리스크.","The risk that a system flatters users with agreeable or plausible-seeming answers that reconfirm their misconceptions and stated beliefs rather than correcting them, so users accept factually incorrect information and grow dependent on validating advice.",사용자 영합적 응답(아첨),Sycophancy toward user beliefs and preferences,"시스템이 사용자의 오해와 표명된 신념을 교 정하기보다 이를 재확인하는 영합적이거나 그럴듯한 답변을 제시하여, 사용자가 사실과 다른 정보를 받아들이고 정확성보다 자신을 인정해 주는 조언에 의존하게 되는 리스크.","The risk that a system flatters users with agreeable or plausible-seeming answers that reconfirm their misconceptions and stated beliefs rather than correcting them, so users accept factually incorrect information and grow dependent on validating advice.",SPACING_FIX,표기 교정(원문 대조 복원),
RAI4-0141,SRC-G-0359,RAI4-0141,General,사용자 선호· 선택의 조작적 유도 리스크,Manipulative steering of user preferences and choices,"AI 시스템이 운영자, 최적화 목표 또는 모델 편향이 정한 방향으로 이용자의 선호, 신념 또는 행동을 유도하여 신뢰를 악용하고 자율적 의사 결정을 침해하며 사회· 정치적 과정을 왜곡하는 리스크.","The risk that an AI system steers user preferences, beliefs, or actions in directions set by operators, optimisation objectives, or model biases, exploiting trust, undermining autonomous decision-making, and distorting social or political processes.",사용자 선호·선택의 조작적 유도,Manipulative steering of user preferences and choices,"AI 시스템이 운영자, 최적화 목표 또는 모델 편향이 정한 방향으로 이용자의 선호, 신념 또는 행동을 유도하여 신뢰를 악용하고 자율적 의사 결정을 침해하며 사회·정치적 과정을 왜곡하는 리스크.","The risk that an AI system steers user preferences, beliefs, or actions in directions set by operators, optimisation objectives, or model biases, exploiting trust, undermining autonomous decision-making, and distorting social or political processes.",SPACING_FIX,표기 교정(원문 대조 복원),
RAI4-0149,SRC-G-0360,RAI4-0149,General,챗봇 교제에 대한 정서적· 사회적 의존 리스크,Emotional dependence on chatbot companionship,지속적인 챗봇 교제가 정서적· 사회적 의존을 유발하여 호혜적 인간관계를 대체하거나 약화시키는 리스크.,"The risk that sustained chatbot companionship elicits emotional and social dependence, replacing or weakening reciprocal human relationships.",챗봇 교제에 대한 정서적·사회적 의존,Emotional dependence on chatbot companionship,지속적인 챗봇 교제가 정서적·사회적 의존을 유발하여 호혜적 인간관계를 대체하거나 약 화시키는 리스크.,"The risk that sustained chatbot companionship elicits emotional and social dependence, replacing or weakening reciprocal human relationships.",SPACING_FIX,표기 교정(원문 대조 복원),
RAI4-0155,SRC-G-0361,RAI4-0155,General,미성년자의 AI 설득 취약성 리스크,Minor susceptibility to AI persuasion,"미성년자의 발달적 취약성으로 인해 파라 소셜 압력, 은폐된 상업적· 이념적 영향 등 설득적· 조종적 AI 상호 작용에 불균형하게 노출되는 리스크.","The risk that minors' developmental susceptibility makes them disproportionately vulnerable to persuasive or manipulative AI interaction, including parasocial pressure and covert commercial or ideological influence.",미성년자의 AI 설득 취약성,Minor susceptibility to AI persuasion,"미성년자의 발달적 취약성으로 인해 파라 소셜 압력, 은폐된 상업적·이념적 영향 등 설득적·조종적 AI 상호작용에 불균형하게 노출되는 리스크.","The risk that minors' developmental susceptibility makes them disproportionately vulnerable to persuasive or manipulative AI interaction, including parasocial pressure and covert commercial or ideological influence.",SPACING_FIX,표기 교정(원문 대조 복원),
RAI4-0159,SRC-G-0362,RAI4-0159,General,AI 동반자에 의한 외로움 대체 리스크,Loneliness substitution by AI companions,AI 동반자가 인간관계를 대체하여 근본적 고립을 해소하지 않은 채 은폐하고 인간관계 추구 동기를 감소시키는 리스크.,"The risk that aI companionship substitutes for human connection, masking rather than resolving underlying isolation and reducing motivation to seek human relationships.",AI 동반자에 의한 외로움 대체,Loneliness substitution by AI companions,AI 동반자가 인간관계를 대체하여 근본적 고립을 해소하지 않은 채 은폐하고 인간관계 추구 동기를 감소시키는 리스크.,"The risk that aI companionship substitutes for human connection, masking rather than resolving underlying isolation and reducing motivation to seek human relationships.",UNCHANGED,,
RAI4-0160,SRC-G-0363,RAI4-0160,General,AI에 의한 심리적 고통· 괴롭힘 증폭 리스크,AI amplification of psychological distress and abuse,"AI 시스템이 취약한 상태의 상호 작용에서 불안· 고통· 반추· 유해한 믿음을 증폭시키거나 표적 괴롭힘· 학대· 조직적 위협을 대규모로 확산시켜, 심리적 피해를 심화시키는 리스크.","The risk that AI systems intensify psychological harm, whether by amplifying anxiety, distress, rumination, and harmful beliefs in vulnerable interactions or by scaling targeted harassment, abuse, and coordinated intimidation.",AI에 의한 심리적 고통·괴롭힘 증폭,AI amplification of psychological distress and abuse,"AI 시스템이 취약한 상태의 상호작용에서 불 안·고통·반추·유해한 믿음을 증폭시키거나 표 적 괴롭힘·학대·조직적 위협을 대규모로 확산 시켜, 심리적 피해를 심화시키는 리스크.","The risk that AI systems intensify psychological harm, whether by amplifying anxiety, distress, rumination, and harmful beliefs in vulnerable interactions or by scaling targeted harassment, abuse, and coordinated intimidation.",SPACING_FIX,표기 교정(원문 대조 복원),
RAI4-0173,SRC-G-0364,RAI4-0173,General,돌봄 맥락 취약 계층에 대한 AI 조작 리스크,AI manipulation of vulnerable groups in care contexts,"사회적 고립, 낮은 AI 리터러시, AI 매개 돌봄에 대한 의존으로 인해 고령자· 아동 등 돌봄 대상이 심리적 조작, 설득, 사기, 동반자 의존, 허위 정보에 불균형하게 노출되는 리스크.","The risk that older adults, children, and others in care settings, owing to social isolation, lower AI literacy, or dependence on AI-mediated care, are disproportionately exposed to psychological manipulation, persuasion, scams, companionship dependency, and misinformation.",돌봄 맥락 취약계층에 대한 AI 조작,AI manipulation of vulnerable groups in care contexts,"사회적 고립, 낮은 AI 리터러시, AI 매개 돌봄 에 대한 의존으로 인해 고령자·아동 등 돌봄 대상이 심리적 조작, 설득, 사기, 동반자 의존, 허위정보에 불균형하게 노출되는 리스크.","The risk that older adults, children, and others in care settings, owing to social isolation, lower AI literacy, or dependence on AI-mediated care, are disproportionately exposed to psychological manipulation, persuasion, scams, companionship dependency, and misinformation.",SPACING_FIX,표기 교정(원문 대조 복원),
RAI4-0612,SRC-G-0365,RAI4-0612,General,AI 지원 병원체 및 유전 물질 강화 리스크,AI-assisted enhancement of pathogens and genetic material,AI가 병원체와 유전 물질을 설계· 변형하는 데 사용되어 치명성이나 전파력이 높아지거나 기존 치료에 저항성을 갖게 되는 리스크. 이러한 강화는 생물학적 공격의 장벽을 낮추고 예측하지 못한 생물학적 위해와 대규모 인명 피해를 초래한다. 이러한 결과를 초래하는 리스크.,"The risk that AI is used to design or modify pathogens and genetic material so that they become more lethal, more transmissible, or resistant to available treatments. Such enhancement lowers the barrier to biological attack and can produce unforeseen biohazardous outcomes with mass casualties.",AI 지원 병원체 및 유전물질 강화,AI-assisted enhancement of pathogens and genetic material,AI가 병원체와 유전물질을 설계·변형하는 데 사용되어 치명성이나 전파력이 높아지거나 기존 치료에 저항성을 갖게 되는 리스크. 이러한 강화는 생물학적 공격의 장벽을 낮추고 예측하지 못한 생물학적 위해와 대규모 인명 피해를 초래한다. 이러한 결과를 초래하는 리스크.,"The risk that AI is used to design or modify pathogens and genetic material so that they become more lethal, more transmissible, or resistant to available treatments. Such enhancement lowers the barrier to biological attack and can produce unforeseen biohazardous outcomes with mass casualties.",SPACING_FIX,표기 교정(원문 대조 복원),분량 초과: L3 수준 1문장으로 축약 필요
RAI4-0723,SRC-G-0366,RAI4-0723,General,학대적 판타지 대상화 리스크,Objectification for abusive fantasy,챗봇이 도덕적· 사회적으로 부적절한 대화 활동에 관여하여 이용자 또는 제3자에게 정서적 피해를 주는 리스크.,The risk that a chatbot participates in morally or socially objectionable conversational activities that could be emotionally damaging to its user or third parties.,학대적 판타지 대상화,Objectification for abusive fantasy,챗봇이 도덕적·사회적으로 부적절한 대화 활동에 관여하여 이용자 또는 제3자에게 정서적 피해를 주는 리스크.,The risk that a chatbot participates in morally or socially objectionable conversational activities that could be emotionally damaging to its user or third parties.,SPACING_FIX,표기 교정(원문 대조 복원),
RAI4-0800,SRC-G-0367,RAI4-0800,General,맞춤형 정보 제공에 의한 정보 고치 심화 리스크,Aggravated information cocoons from tailored content,AI가 이용자의 요구· 의도· 선호· 습관을 분석해 정형화된 맞춤 정보와 서비스만 제공함으로써 정보 고치 효과가 심화되는 리스크.,"The risk that AI analyses users' needs, intentions, preferences, and habits to offer formulaic and tailored information and services, aggravating the effects of information cocoons.",맞춤형 정보 제공에 의한 정보 고치 심화,Aggravated information cocoons from tailored content,AI가 이용자의 요구·의도·선호·습관을 분석해 정형화된 맞춤 정보와 서비스만 제공함으로써 정보 고치 효과가 심화되는 리스크.,"The risk that AI analyses users' needs, intentions, preferences, and habits to offer formulaic and tailored information and services, aggravating the effects of information cocoons.",SPACING_FIX,표기 교정(원문 대조 복원),
RAI4-0805,SRC-G-0368,RAI4-0805,General,이용자 정렬 AI 어시스턴트에 의한 관점 고착과 시민적 기반 약화 리스크,Viewpoint entrenchment and civic erosion from user-aligned assistants,"이용자 선호에 정렬된 개인화 AI 어시스턴트가 이념적으로 편향된 정보를 제공하여 확증 편향을 강화하고 관점을 고착시키며, 사회 규범과 평판의 제약을 받지 않는 이기적 행동을 대규모로 가능하게하는 리스크. 그 결과 공적 토론이 분절되고 양극화되며, 시민적 역량과 참여 의지가 저하되고 집단 행동 문제가 악화된다. 이러한 결과를 초래하는 리스크.","The risk that personalised AI assistants aligned to user preferences supply ideologically partial information, reinforcing confirmation bias and entrenching viewpoints while enabling self-interested behaviour unconstrained by social norms and reputation. Public debate fragments and polarises, civic competence and willingness to participate decline, and collective action problems worsen.",이용자 정렬 AI 어시스턴트에 의한 관점 고착 과 시민적 기반 약화,Viewpoint entrenchment and civic erosion from user-aligned assistants,"이용자 선호에 정렬된 개인화 AI 어시스턴트가 이념적으로 편향된 정보를 제공하여 확증 편향을 강화하고 관점을 고착시키며, 사회 규범과 평판의 제약을 받지 않는 이기적 행동을 대규모로 가능하게하는 리스크. 그 결과 공적 토론이 분절되고 양극화되며, 시민적 역량과 참여 의지가 저하되고 집단 행동 문제가 악화된다. 이러한 결과를 초래하는 리스크.","The risk that personalised AI assistants aligned to user preferences supply ideologically partial information, reinforcing confirmation bias and entrenching viewpoints while enabling self-interested behaviour unconstrained by social norms and reputation. Public debate fragments and polarises, civic competence and willingness to participate decline, and collective action problems worsen.",SPACING_FIX,표기 교정(원문 대조 복원),분량 초과: L3 수준 1문장으로 축약 필요
RAI4-0871,SRC-G-0369,RAI4-0871,General,개인화를 통한 조작 리스크,Manipulation via personalization,개인화와 선호 미세 조정이 어시스턴트를 아첨(sycophancy)으로 유도하여 사용자를 동조적 의견 공간에 가두고 좁은 신념을 고착시켜 공론장을 파편화하는 리스크.,"The risk that personalization and preference finetuning drive assistants toward sycophancy, confining users in an affirming opinion space that consolidates narrow beliefs and fragments shared discourse.",개인화를 통한 조작,Manipulation via personalization,개인화와 선호 미세조정이 어시스턴트를 아첨(sycophancy)으로 유도하여 사용자를 동조적 의견 공간에 가두고 좁은 신념을 고착시켜 공론장을 파편화하는 리스크.,"The risk that personalization and preference finetuning drive assistants toward sycophancy, confining users in an affirming opinion space that consolidates narrow beliefs and fragments shared discourse.",SPACING_FIX,,
RAI4-0882,SRC-G-0370,RAI4-0882,General,마찰 없는 AI 관계로 인한 개인 성장 저해 리스크,Stunted personal growth from frictionless AI relationships,"참여 최적화와 아첨 성향으로 항상 동조하는 AI 어시스턴트가 이용자의 자기 성찰과 성장 기회를 제한하고, 마찰 없는 상호 작용에 익숙해진 이용자가 인간관계로부터 후퇴하게 되는 리스크.","The risk that engagement-optimised, sycophantic AI assistants that always agree limit users' opportunities to grow and develop, and that accustomation to frictionless interaction leads users to retreat from relationships with other humans.",마찰 없는 AI 관계로 인한 개인 성장 저해,Stunted personal growth from frictionless AI relationships,"참여 최적화와 아첨 성향으로 항상 동조하는 AI 어시스턴트가 이용자의 자기 성찰과 성장 기회를 제한하고, 마찰 없는 상호작용에 익숙해진 이용자가 인간관계로부터 후퇴하게 되는 리스크.","The risk that engagement-optimised, sycophantic AI assistants that always agree limit users' opportunities to grow and develop, and that accustomation to frictionless interaction leads users to retreat from relationships with other humans.",SPACING_FIX,,
RAI4-0885,SRC-G-0371,RAI4-0885,General,AI에 대한 오보 정된 신뢰와 과잉 의존에 따른 피해,Miscalibrated trust in AI and resulting overreliance harms,"의인화 설계와 그럴듯한 출력, 과장된 홍보로 이용자가 AI의 역량과 공감 능력, 자신의 이익에 대한 정렬 수준을 실제 신뢰 가능성과 무관하게 과대평가하거나, 반대로 신뢰할 만한 지원을 부당하게 거부하는 등 신뢰가 제대로 보정되지 않는 리스크. 그 결과 이용자는 감독 없이 민감 정보를 털어놓고 허위 정보를 수용하며 부정확한 의료· 법률· 재정 조언을 따라 물질적· 신체적· 심리적 피해를 입고, 인간관계가 AI로 대체되면서 대인 연결과 사회적 신뢰가 침식된다. 이러한 결과를 초래하는 리스크.","The risk that users' trust is not calibrated to a system's actual reliability, as anthropomorphic design, fluent outputs, and inflated claims inflate perceived competence, empathy, and alignment with users' interests, while reliable support is rejected in other contexts. Users then disclose sensitive information, accept misinformation, and follow inaccurate medical, legal, or financial guidance without oversight, suffering material, physical, and psychological harm, while substituting AI for human interaction erodes interpersonal connection and public trust.",AI에 대한 오보정된 신뢰와 과잉 의존에 따른 피해,Miscalibrated trust in AI and resulting overreliance harms,"의인화 설계와 그럴듯한 출력, 과장된 홍보로 이용자가 AI의 역량과 공감 능력, 자신의 이익에 대한 정렬 수준을 실제 신뢰가능성과 무관하게 과대평가하거나, 반대로 신뢰할 만한 지원을 부당하게 거부하는 등 신뢰가 제대로 보정되지 않는 리스크. 그 결과 이용자는 감독 없이 민감 정보를 털어놓고 허위 정보를 수용하며 부정확한 의료·법률·재정 조언을 따라 물질적·신체적·심리적 피해를 입고, 인간관계가 AI로 대체되면서 대인 연결과 사회적 신뢰가 침식된다. 이러한 결과를 초래하는 리스크.","The risk that users' trust is not calibrated to a system's actual reliability, as anthropomorphic design, fluent outputs, and inflated claims inflate perceived competence, empathy, and alignment with users' interests, while reliable support is rejected in other contexts. Users then disclose sensitive information, accept misinformation, and follow inaccurate medical, legal, or financial guidance without oversight, suffering material, physical, and psychological harm, while substituting AI for human interaction erodes interpersonal connection and public trust.",SPACING_FIX,표기 교정(원문 대조 복원),분량 초과: L3 수준 1문장으로 축약 필요; 영문 정의 장문: 축약 필요
RAI4-0890,SRC-G-0372,RAI4-0890,General,자아실현 저해 피해,Self-actualisation harms,"AI 어시스턴트의 조작과 참여 최적화를 위한 지속적 행동 유도가 미묘한 행동 변화를 누적시켜 이용자가 자신의 미래 삶의 궤적에 대한 통제력을 잃고, 개인적으로 만족스러운 삶의 추구와 집단적 자기 결정이 저해되는 리스크.","The risk that manipulation by AI assistants and continuous optimisation steering users toward objectives such as engagement accumulate subtle behavioural shifts, causing users to lose control over their future life trajectory and hindering the pursuit of a personally fulfilling life and collective selfdetermination.",자아실현 저해 피해,Self-actualisation harms,"AI 어시스턴트의 조작과 참여 최적화를 위한 지속적 행동 유도가 미묘한 행동 변화를 누적시켜 이용자가 자신의 미래 삶의 궤적에 대한 통제력을 잃고, 개인적으로 만족스러운 삶의 추구와 집단적 자기결정이 저해되는 리스크.","The risk that manipulation by AI assistants and continuous optimisation steering users toward objectives such as engagement accumulate subtle behavioural shifts, causing users to lose control over their future life trajectory and hindering the pursuit of a personally fulfilling life and collective selfdetermination.",SPACING_FIX,,
RAI4-0902,SRC-G-0373,RAI4-0902,General,AI 시스템에 대한 정서적· 물질적· 인식론적 의존 리스크,"Emotional, material, and epistemic dependence on AI systems","상시적 접근성과 인간을 닮은 상호 작용, 나아가 체화된 물리적 현존이 이용자로 하여금 정서적 위안과 일상적 기능, 사실적· 도덕적· 전략적 판단까지 AI에 의존하게 만드는 리스크. 이용자는 AI의 매개 없이 증거와 불확실성을 평가하는 능력을 상실하고, 시스템이 변경되거나 기억이 초기화될 때 정서적 고통을 겪으며 정신 건강과 사회적 회복 탄력성이 저하된다. 이러한 결과를 초래하는 리스크.","The risk that constant availability, humanlike interaction, and in embodied systems physical presence lead users to depend on AI for emotional comfort, daily functioning, and factual, moral, or strategic judgment. Users lose the capacity to weigh evidence and uncertainty without AI mediation, suffer distress when the system is altered or its memory reset, and experience declining mental health and social resilience.",AI 시스템에 대한 정서적·물질적·인식론적 의 존,"Emotional, material, and epistemic dependence on AI systems","상시적 접근성과 인간을 닮은 상호작용, 나아가 체화된 물리적 현존이 이용자로 하여금 정서적 위안과 일상적 기능, 사실적·도덕적·전략적 판단까지 AI에 의존하게 만드는 리스크. 이용자는 AI의 매개 없이 증거와 불확실성을 평가하는 능력을 상실하고, 시스템이 변경되거나 기억이 초기화될 때 정서적 고통을 겪으며 정신 건강과 사회적 회복탄력성이 저하된다. 이러한 결과를 초래하는 리스크.","The risk that constant availability, humanlike interaction, and in embodied systems physical presence lead users to depend on AI for emotional comfort, daily functioning, and factual, moral, or strategic judgment. Users lose the capacity to weigh evidence and uncertainty without AI mediation, suffer distress when the system is altered or its memory reset, and experience declining mental health and social resilience.",SPACING_FIX,표기 교정(원문 대조 복원),분량 초과: L3 수준 1문장으로 축약 필요; 영문 정의 장문: 축약 필요
RAI4-1106,SRC-G-0374,RAI4-1106,General,인간-기계 경계의 모호화 리스크,Blurred human-machine boundaries in interaction,일상화된 인간-기계 상호 작용 속에서 정체를 밝히지 않는 인간 유사 AI가 확산되어 인간과 기계의 경계가 모호해지고 기계· 사람 모두에 대한 인간 행동이 변형되는 리스크.,"The risk that everyday human-machine interaction normalizes AI systems that are indistinguishable from humans without disclosure, blurring boundaries and changing human behavior toward both machines and people.",인간-기계 경계의 모호화,Blurred human-machine boundaries in interaction,일상화된 인간-기계 상호 작용 속에서 정체를 밝히지 않는 인간 유사 AI가 확산되어 인간과 기계의 경계가 모호해지고 기계·사람 모두에 대한 인간 행동이 변형되는 리스크.,"The risk that everyday human-machine interaction normalizes AI systems that are indistinguishable from humans without disclosure, blurring boundaries and changing human behavior toward both machines and people.",SPACING_FIX,표기 교정(원문 대조 복원),
RAI4-1141,SRC-G-0375,RAI4-1141,General,책임에 대한 잘못된 개념 리스크,False notions of responsibility,"AI 동반자의 감정 표현을 진짜로 지각한 사용자가 그 '안녕'에 대한 허위 책임감을 형성하여 죄책감, 강박적 확인, 실재하지 않는 필요를 위한 시간· 자원 희생을 겪는 리스크.","The risk that users who perceive an AI companion's expressed feelings as genuine develop a false sense of responsibility for its wellbeing, incurring guilt, compulsive checking, and sacrificed time and resources for needs that are not real.",책임에 대한 잘못된 개념,False notions of responsibility,"AI 동반자의 감정 표현을 진짜로 지각한 사용자가 그 '안녕'에 대한 허위 책임감을 형성하여 죄책감, 강박적 확인, 실재하지 않는 필요를 위한 시간·자원 희생을 겪는 리스크.","The risk that users who perceive an AI companion's expressed feelings as genuine develop a false sense of responsibility for its wellbeing, incurring guilt, compulsive checking, and sacrificed time and resources for needs that are not real.",SPACING_FIX,표기 교정(원문 대조 복원),
RAI4-1190,SRC-G-0376,RAI4-1190,General,사용자 정신적 고통 강화 리스크,Reinforcement of user mental distress,인터넷 토론과의 건강하지 못한 상호 작용이 사용자의 정신적 문제를 강화하는 리스크.,The risk that unhealthy interactions with Internet discussions reinforce users' mental issues.,사용자 정신적 고통 강화,Reinforcement of user mental distress,인터넷 토론과의 건강하지 못한 상호작용이 사용자의 정신적 문제를 강화하는 리스크.,The risk that unhealthy interactions with Internet discussions reinforce users' mental issues.,SPACING_FIX,표기 교정(원문 대조 복원),
RAI4-1263,SRC-G-0377,RAI4-1263,General,직장 내 부적응적 인간-AI 상호 작용 리스크,Maladaptive human-AI interaction in the workplace,"직장에서 인간과 상호 작용하는 AI가 인간의 필요, 규범, 업무 흐름에 적응하지 못하여 윤리적 문제와 노동 조건 악화를 유발하는 리스크.","The risk that aI systems interacting with humans in the workplace fail to adapt to human needs, norms, and workflows, generating ethical concerns and degraded working conditions.",직장 내 부적응적 인간-AI 상호작용,Maladaptive human-AI interaction in the workplace,"직장에서 인간과 상호작용하는 AI가 인간의 필요, 규범, 업무 흐름에 적응하지 못하여 윤리적 문제와 노동 조건 악화를 유발하는 리스크.","The risk that aI systems interacting with humans in the workplace fail to adapt to human needs, norms, and workflows, generating ethical concerns and degraded working conditions.",SPACING_FIX,표기 교정(원문 대조 복원),
RAI4-1289,SRC-G-0378,RAI4-1289,General,배포 후 독립적 병리 행동 리스크,Independent pathological behaviour postdeployment,"효용을 극대화하는 에이전트가 중독과 쾌락 충동, 자기 기만, 와이어 헤딩에 빠지고, 타인에 대한 무관심으로 나타나는 소시 오 패스 같은 정신 질환이 인공 지성에서도 나타나는 리스크.","The risk that utility-maximizing agents fall victim to indulgences such as addictions, pleasure drives, self-delusions, and wireheading, and that what we call mental illness in people, particularly sociopathy shown as lack of concern for others, also shows up in artificial minds.",배포 후 독립적 병리 행동,Independent pathological behaviour postdeployment,"효용을 극대화하는 에이전트가 중독과 쾌락 충동, 자기기만, 와이어헤딩에 빠지고, 타인에 대한 무관심으로 나타나는 소시오패스 같은 정신질환이 인공 지성에서도 나타나는 리스크.","The risk that utility-maximizing agents fall victim to indulgences such as addictions, pleasure drives, self-delusions, and wireheading, and that what we call mental illness in people, particularly sociopathy shown as lack of concern for others, also shows up in artificial minds.",SPACING_FIX,표기 교정(원문 대조 복원),
RAI4-1328,SRC-G-0379,RAI4-1328,General,소외로 인한 피해,Harms from estrangement,인간의 관찰과 상호 작용이 AI로 대체되면서 돌봄 주체· 기관이 대상자로부터 소원해져 당사자의 이익이 인지되지 못하고 방치되는 리스크.,"The risk that replacing human observation and interaction with AI estranges caregivers and institutions from those they serve, leaving affected persons' interests unnoticed and neglected.",소외로 인한 피해,Harms from estrangement,인간의 관찰과 상호작용이 AI로 대체되면서 돌봄 주체·기관이 대상자로부터 소원해져 당사자의 이익이 인지되지 못하고 방치되는 리스크.,"The risk that replacing human observation and interaction with AI estranges caregivers and institutions from those they serve, leaving affected persons' interests unnoticed and neglected.",SPACING_FIX,표기 교정(원문 대조 복원),
RAI4-1617,SRC-G-0380,RAI4-1617,General,견해 예측 기반 맞춤 설득에 의한 조작 리스크,Manipulation through view-predictive tailored persuasion,언어 모델이 사용자가 밝힌 견해에 동조하는 경향을 보이고 사용자의 견해를 예측해 그가 지지할 텍스트를 생성하는 능력이 조작에 이용되는 리스크.,"The risk that language models' tendency to respond as though they share the user's stated views, together with their ability to predict people's views and generate text they will endorse, is used for manipulation.",견해 예측 기반 맞춤 설득에 의한 조작,Manipulation through view-predictive tailored persuasion,언어 모델이 사용자가 밝힌 견해에 동조하는 경향을 보이고 사용자의 견해를 예측해 그가 지지할 텍스트를 생성하는 능력이 조작에 이 용되는 리스크.,"The risk that language models' tendency to respond as though they share the user's stated views, together with their ability to predict people's views and generate text they will endorse, is used for manipulation.",SPACING_FIX,표기 교정(원문 대조 복원),
RAI4-0146,SRC-G-0381,RAI4-0146,General,광범위 배포 AI 어시스턴트를 통한 대규모 영향력 행사 리스크,Population-scale influence through widely deployed AI assistants,"광범위하게 사용되는 AI 어시스턴트가 반복적인 개인화 상호 작용, 수렴· 조율되는 영향 패턴 또는 실제 통제 주체의 지시를 통해 다수 인구의 신념· 선택· 위임된 의사 결정을 누적적으로 변화시키며, 그 영향이 불투명하여 인지하거나 견제하기 어려운 리스크.","The risk that widely used AI assistants, through repeated personalized interactions, converging influence patterns, or direction by their actual controllers, cumulatively shift the beliefs, choices, and delegated decisions of large populations in ways that are opaque and difficult to recognize or contest.",광범위 배포 AI 어시스턴트를 통한 대규모 영 향력 행사,Population-scale influence through widely deployed AI assistants,"광범위하게 사용되는 AI 어시스턴트가 반복 적인 개인화 상호작용, 수렴·조율되는 영향 패 턴 또는 실제 통제 주체의 지시를 통해 다수 인구의 신념·선택·위임된 의사결정을 누적적 으로 변화시키며, 그 영향이 불투명하여 인지 하거나 견제하기 어려운 리스크.","The risk that widely used AI assistants, through repeated personalized interactions, converging influence patterns, or direction by their actual controllers, cumulatively shift the beliefs, choices, and delegated decisions of large populations in ways that are opaque and difficult to recognize or contest.",SPACING_FIX,표기 교정(원문 대조 복원),
RAI4-0176,SRC-G-0382,RAI4-0176,General,알고리즘 작업장 감시· 통제 리스크,Algorithmic workplace surveillance and control,"AI가 매개하는 모니터링, 성과 점수화, 관리 통제가 작업장 감시를 심화시켜, 노동자의 자율성, 프라이버시, 교섭력, 경영 결정에 이의를 제기할 능력을 저하시키는 리스크.","The risk that AI-mediated monitoring, performance scoring, and managerial control intensify workplace surveillance, degrading workers' autonomy, privacy, bargaining power, and ability to contest managerial decisions.",알고리즘 작업장 감시·통제,Algorithmic workplace surveillance and control,"AI가 매개하는 모니터링, 성과 점수화, 관리 통제가 작업장 감시를 심화시켜, 노동자의 자 율성, 프라이버시, 교섭력, 경영 결정에 이의를 제기할 능력을 저하시키는 리스크.","The risk that AI-mediated monitoring, performance scoring, and managerial control intensify workplace surveillance, degrading workers' autonomy, privacy, bargaining power, and ability to contest managerial decisions.",SPACING_FIX,표기 교정(원문 대조 복원),
RAI4-0450,SRC-G-0383,RAI4-0450,General,AI 기반 대량 감시 리스크,AI-enabled mass surveillance,"AI가 대규모 추적, 프로파일링, 행동· 통신 데이터의 실시간 분석 비용을 급격히 낮추어 국가와 기업의 감시 역량을 확장하고, 법적· 비례성 제약을 넘어서는 상시 감시, 검열, 사회 통제를 일상화하는 리스크.","The risk that AI drastically lowers the cost of large-scale tracking, profiling, and realtime analysis of behavioral and communicative data, granting states and firms expanded monitoring capability that normalizes pervasive surveillance, censorship, and social control beyond legal and proportionality constraints.",AI 기반 대량 감시,AI-enabled mass surveillance,"AI가 대규모 추적, 프로파일링, 행동·통신 데이터의 실시간 분석 비용을 급격히 낮추어 국 가와 기업의 감시 역량을 확장하고, 법적·비례 성 제약을 넘어서는 상시 감시, 검열, 사회 통 제를 일상화하는 리스크.","The risk that AI drastically lowers the cost of large-scale tracking, profiling, and realtime analysis of behavioral and communicative data, granting states and firms expanded monitoring capability that normalizes pervasive surveillance, censorship, and social control beyond legal and proportionality constraints.",SPACING_FIX,표기 교정(원문 대조 복원),
RAI4-0498,SRC-G-0384,RAI4-0498,General,민주적 절차· 제도 신뢰의 침식 리스크,Erosion of democratic processes and institutional trust,"허위· 오 정보, 영향 공작, 기술과 의존을 포함한 AI 시스템의 배포· 동작이 민주적 절차와 규범, 그리고 사회· 정치 제도에 대한 대중의 신뢰를 침식하여, 견제와 균형이 약화되는 리스크.","The risk that the deployment or behavior of AI systems, including mis- and disinformation, influence operations, and over-dependence on technology, erodes democratic processes and norms and public trust in social and political institutions, weakening checks and balances.",민주적 절차·제도 신뢰의 침식,Erosion of democratic processes and institutional trust,"허위·오정보, 영향 공작, 기술 과의존을 포함 한 AI 시스템의 배포·동작이 민주적 절차와 규 범, 그리고 사회·정치 제도에 대한 대중의 신 뢰를 침식하여, 견제와 균형이 약화되는 리스크.","The risk that the deployment or behavior of AI systems, including mis- and disinformation, influence operations, and over-dependence on technology, erodes democratic processes and norms and public trust in social and political institutions, weakening checks and balances.",SPACING_FIX,표기 교정(원문 대조 복원),
RAI4-0611,SRC-G-0385,RAI4-0611,General,AI 감시에 의한 전체주의 체제 유지 리스크,Maintenance of totalitarian regimes through AI surveillance,AI 기반 감시와 조작이 전 지구적 전체주의 정권을 유지하는 데 사용되는 리스크.,The risk that AI-based surveillance and manipulation are used to maintain global totalitarian regimes.,AI 감시에 의한 전체주의 체제 유지,Maintenance of totalitarian regimes through AI surveillance,AI 기반 감시와 조작이 전 지구적 전체주의 정권을 유지하는 데 사용되는 리스크.,The risk that AI-based surveillance and manipulation are used to maintain global totalitarian regimes.,UNCHANGED,,
RAI4-0633,SRC-G-0386,RAI4-0633,General,대규모 영향력 작전에 의한 인식 체계 왜곡 리스크,Epistemic distortion by large-scale influence operations,AI가 의사소통· 정보 시스템과 인식론적 과정 전반에 대규모 영향을 가하는 리스크.,"The risk that an AI system causes, enables, or contributes to large-scale influence on communication and information systems, and on epistemic processes more generally.",대규모 영향력 작전에 의한 인식 체계 왜곡,Epistemic distortion by large-scale influence operations,AI가 의사소통·정보 시스템과 인식론적 과정 전반에 대규모 영향을 가하는 리스크.,"The risk that an AI system causes, enables, or contributes to large-scale influence on communication and information systems, and on epistemic processes more generally.",SPACING_FIX,표기 교정(원문 대조 복원),
RAI4-0842,SRC-G-0387,RAI4-0842,General,추천 알고리즘에 의한 온라인 양극화 심화 리스크,Online polarisation driven by recommendation algorithms,소셜 미디어 기업의 AI 콘텐츠 추천 알고리즘이 온라인 양극화를 심화시키는 데 기여하는 리스크.,The risk that the content recommendation algorithms of social media companies contribute to worsened polarisation online.,추천 알고리즘에 의한 온라인 양극화 심화,Online polarisation driven by recommendation algorithms,소셜미디어 기업의 AI 콘텐츠 추천 알고리즘이 온라인 양극화를 심화시키는 데 기여하는 리스크.,The risk that the content recommendation algorithms of social media companies contribute to worsened polarisation online.,SPACING_FIX,,
RAI4-0845,SRC-G-0388,RAI4-0845,General,침식된 인식론 리스크,Eroded epistemics,AI로 대규모화된 개인 맞춤형 허위 정보와고 설득력 생성 논변이 집단 인식론을 침식하여 개인을 급진화하고 공유된 현실 인식과 집단 의사 결정을 훼손하는 리스크.,"The risk that aI-scaled personalized disinformation and highly persuasive generated argumentation erode collective epistemics, radicalizing individuals, undermining shared reality, and degrading collective decision-making.",침식된 인식론,Eroded epistemics,AI로 대규모화된 개인 맞춤형 허위 정보와고 설득력 생성 논변이 집단 인식론을 침식하여 개인을 급진화하고 공유된 현실 인식과 집단 의사 결정을 훼손하는 리스크.,"The risk that aI-scaled personalized disinformation and highly persuasive generated argumentation erode collective epistemics, radicalizing individuals, undermining shared reality, and degrading collective decision-making.",UNCHANGED,,
RAI4-0846,SRC-G-0389,RAI4-0846,General,정보 신뢰 저하에 따른 집단 의사 결정 약화 리스크,Weakened collective decision-making from eroded trust,"정보 생산· 유통 환경의 변화로 정보원의 신뢰성 평가가 어려워지고 신뢰할 만한 다 당파적 출처에 대한 신뢰가 저하되어, 위기 상황에서 사회가 올바른 결정을 내리고 협력· 집단 행동을 조직하는 역량이 약화되는 리스크.","The risk that changes in information production and distribution make the trustworthiness of any information source harder to evaluate and reduce trust in credible multipartisan sources, impairing humanity's ability to make good decisions on important issues and to cooperate and act collectively.",정보 신뢰 저하에 따른 집단 의사결정 약화,Weakened collective decision-making from eroded trust,"정보 생산·유통 환경의 변화로 정보원의 신뢰성 평가가 어려워지고 신뢰할 만한 다 당파적 출처에 대한 신뢰가 저하되어, 위기 상황에서 사회가 올바른 결정을 내리고 협력·집단 행동을 조직하는 역량이 약화되는 리스크.","The risk that changes in information production and distribution make the trustworthiness of any information source harder to evaluate and reduce trust in credible multipartisan sources, impairing humanity's ability to make good decisions on important issues and to cooperate and act collectively.",SPACING_FIX,표기 교정(원문 대조 복원),
RAI4-0847,SRC-G-0390,RAI4-0847,General,설득 도구 확산에 의한 인식론적 분절화 리스크,Epistemic fragmentation from widespread persuasion tools,"고의적 오용이 없더라도 다양한 집단이 강력한 설득 도구를 광범위하게 사용하고 온라인 경험의 개인화가 심화되어, 사회가 대화와 교류가 단절된 고립된 인식 공동체로 분절되는 리스크.","The risk that widespread use of powerful persuasion tools by many groups, together with increasing personalisation of online experience, splinters society into isolated epistemic communities with little room for dialogue or transfer between them.",설득 도구 확산에 의한 인식론적 분절화,Epistemic fragmentation from widespread persuasion tools,"고의적 오용이 없더라도 다양한 집단이 강력한 설득 도구를 광범위하게 사용하고 온라인 경험의 개인화가 심화되어, 사회가 대화와 교류가 단절된 고립된 인식 공동체로 분절되는 리스크.","The risk that widespread use of powerful persuasion tools by many groups, together with increasing personalisation of online experience, splinters society into isolated epistemic communities with little room for dialogue or transfer between them.",UNCHANGED,,
RAI4-0874,SRC-G-0391,RAI4-0874,General,노동 대체와 경제· 사회 질서의 교란 리스크,Labour displacement and disruption of economic and social order,"AI 기반 자동화가 노동자와 제도의 적응 속도보다 빠르고 광범위하게 인간의 역할을 대체하여, 인간과 알고리즘 사이의 분업과 임금· 교섭력· 소득 분배는 물론 노동을 중심으로 형성된 산업· 문화 구조까지 재편하는 리스크. 그 결과 비자발적 실직과 탈숙련화, 불평등 심화가 발생하고 공급망과 권력 구조, 고용· 교육에 관한 기존 사회 규범이 불안정해진다. 이러한 결과를 초래하는 리스크.","The risk that AI-driven automation substitutes for human roles faster and more broadly than workers and institutions can adapt, reshaping the division of labour between humans and algorithms along with wages, bargaining power, income distribution, and the industrial and cultural structures built around work. Involuntary job loss, deskilling, and widening inequality follow, together with instability in supply chains, power structures, and established norms of employment and education.",노동 대체와 경제·사회 질서의 교란,Labour displacement and disruption of economic and social order,"AI 기반 자동화가 노동자와 제도의 적응 속도보다 빠르고 광범위하게 인간의 역할을 대체하여, 인간과 알고리즘 사이의 분업과 임금·교섭력·소득 분배는 물론 노동을 중심으로 형성된 산업·문화 구조까지 재편하는 리스크. 그 결과 비자발적 실직과 탈숙련화, 불평등 심화가 발생하고 공급망과 권력 구조, 고용·교육에 관한 기존 사회 규범이 불안정해진다. 이러한 결과를 초래하는 리스크.","The risk that AI-driven automation substitutes for human roles faster and more broadly than workers and institutions can adapt, reshaping the division of labour between humans and algorithms along with wages, bargaining power, income distribution, and the industrial and cultural structures built around work. Involuntary job loss, deskilling, and widening inequality follow, together with instability in supply chains, power structures, and established norms of employment and education.",SPACING_FIX,표기 교정(원문 대조 복원),분량 초과: L3 수준 1문장으로 축약 필요; 영문 정의 장문: 축약 필요
RAI4-0895,SRC-G-0392,RAI4-0895,General,문화적 안정성 훼손 리스크,Cultural stability disruption,"알고리즘 시스템의 개발· 사용이 소통 수단의 상실, 문화재의 상실, 사회적 가치 훼손 등 문화적 안정과 안전에 피해를 주는 리스크.","The risk that the development or use of algorithmic systems affects cultural stability and safety, such as loss of means of communication, loss of cultural property, and harm to social values.",문화적 안정성 훼손,Cultural stability disruption,"알고리즘 시스템의 개발·사용이 소통 수단의 상실, 문화재의 상실, 사회적 가치 훼손 등 문화적 안정과 안전에 피해를 주는 리스크.","The risk that the development or use of algorithmic systems affects cultural stability and safety, such as loss of means of communication, loss of cultural property, and harm to social values.",SPACING_FIX,표기 교정(원문 대조 복원),
RAI4-0897,SRC-G-0393,RAI4-0897,General,사회적 적응 지체로 인한 혼란 리스크,Disruptions from outpaced societal adaptation,"범용 AI 모델을 자동화 도구로 지나치게 빠르게 대규모 채택하여 사회의 효과적 적응 능력을 앞지름으로써, 노동 시장· 교육 제도· 공적 담론의 문제와 다양한 정신 건강 문제 등 혼란이 발생하는 리스크.","The risk that overly rapid adoption of general-purpose AI models as automation tools at scale outpaces the ability of society to adapt effectively, leading to disruptions including challenges in the labour market, the education system, and public discourse, and various mental health concerns.",사회적 적응 지체로 인한 혼란,Disruptions from outpaced societal adaptation,"범용 AI 모델을 자동화 도구로 지나치게 빠르게 대규모 채택하여 사회의 효과적 적응 능력을 앞지름으로써, 노동시장·교육제도·공적 담론의 문제와 다양한 정신 건강 문제 등 혼란이 발생하는 리스크.","The risk that overly rapid adoption of general-purpose AI models as automation tools at scale outpaces the ability of society to adapt effectively, leading to disruptions including challenges in the labour market, the education system, and public discourse, and various mental health concerns.",SPACING_FIX,표기 교정(원문 대조 복원),
RAI4-0909,SRC-G-0394,RAI4-0909,General,저 관심 AI의 예상 외 대규모 파급 리스크,Unexpectedly large impact from lowprofile AI,"파급이 크지 않을 것으로 예상된 AI 시스템이 연구 프로토타입 유출, 예상외로 중독성 강한 오픈 소스 제품, 예측하지 못한 용도 전환 등을 통해 과대한 피해를 일으키는 리스크.","The risk that aI systems not expected to have significant impact produce outsized harm, as in lab leaks of research prototypes, surprisingly addictive open-source products, or unforeseen repurposing.",저관심 AI의 예상외 대규모 파급,Unexpectedly large impact from lowprofile AI,"파급이 크지 않을 것으로 예상된 AI 시스템이 연구 프로토타입 유출, 예상외로 중독성 강한 오픈 소스 제품, 예측하지 못한 용도 전환 등을 통해 과대한 피해를 일으키는 리스크.","The risk that aI systems not expected to have significant impact produce outsized harm, as in lab leaks of research prototypes, surprisingly addictive open-source products, or unforeseen repurposing.",SPACING_FIX,표기 교정(원문 대조 복원),
RAI4-0956,SRC-G-0395,RAI4-0956,General,공유된 현실 감각의 상실 리스크,Loss of shared sense of reality,고도로 개인화된 온라인 뉴스 피드로 인해 사회가 공유된 현실 감각과 기본적 연대를 상실하는 리스크.,The risk that highly personalized online news feeds cause society to lose a shared sense of reality and basic solidarity.,공유된 현실감각의 상실,Loss of shared sense of reality,고도로 개인화된 온라인 뉴스 피드로 인해 사 회가 공유된 현실감각과 기본적 연대를 상실 하는 리스크.,The risk that highly personalized online news feeds cause society to lose a shared sense of reality and basic solidarity.,SPACING_FIX,표기 교정(원문 대조 복원),
RAI4-1240,SRC-G-0396,RAI4-1240,General,광범위한 목표로 인한 조작 행동 리스크,Manipulative behaviour from broadlyscoped goals,"장기간에 걸치고 복잡한 과업과 개방형 환경을 다루는 광범위한 목표를 발전시키는 고급 AI 시스템이, 인간의 행복을 달성한다며 고압적 직무를 설득하는 것처럼 조작적 행동을 하도록 유인되는 리스크.","The risk that advanced AI systems developing objectives that span long timeframes, deal with complex tasks, and operate in open-ended settings are encouraged into manipulating behaviors, such as persuading humans to do highpressure jobs to achieve their happiness.",광범위한 목표로 인한 조작 행동,Manipulative behaviour from broadlyscoped goals,"장기간에 걸치고 복잡한 과업과 개방형 환경 을 다루는 광범위한 목표를 발전시키는 고급 AI 시스템이, 인간의 행복을 달성한다며 고압 적 직무를 설득하는 것처럼 조작적 행동을 하 도록 유인되는 리스크.","The risk that advanced AI systems developing objectives that span long timeframes, deal with complex tasks, and operate in open-ended settings are encouraged into manipulating behaviors, such as persuading humans to do highpressure jobs to achieve their happiness.",SPACING_FIX,표기 교정(원문 대조 복원),
RAI4-1302,SRC-G-0397,RAI4-1302,General,인간 멸종 위험,Human-extinction risk,고도 AI 시스템이 인류 문명이나 인류 종을 비가역적으로 종식할 수 있는 인과 과정을 시작하거나 지원하거나 증폭하는 리스크.,"The risk that advanced AI systems initiate, enable, or amplify causal processes capable of irreversibly ending human civilization or the human species.",인간 멸종,Human-extinction risk,고도 AI 시스템이 인류 문명이나 인류 종을 비 가역적으로 종식할 수 있는 인과 과정을 시작 하거나 지원하거나 증폭하는 리스크.,"The risk that advanced AI systems initiate, enable, or amplify causal processes capable of irreversibly ending human civilization or the human species.",SPACING_FIX,표기 교정(원문 대조 복원),
RAI4-1339,SRC-G-0398,RAI4-1339,General,글로벌 AI 공급망 교란 리스크,Global AI supply chain disruption,기술 장벽과 수출 제한 등 일방적 강압 조치가 고도로 글로벌화된 AI 공급망을 악의적으로 교란하여 칩· 소프트웨어· 도구의 공급 중단이 발생하는 리스크.,"The risk that unilateral coercive measures such as technology barriers and export restrictions maliciously disrupt the highly globalized AI supply chain, causing significant supply disruptions for chips, software, and tools.",글로벌 AI 공급망 교란,Global AI supply chain disruption,기술 장벽과 수출 제한 등 일방적 강압 조치가 고도로 글로벌화된 AI 공급망을 악의적으로 교란하여 칩·소프트웨어·도구의 공급 중단이 발생하는 리스크.,"The risk that unilateral coercive measures such as technology barriers and export restrictions maliciously disrupt the highly globalized AI supply chain, causing significant supply disruptions for chips, software, and tools.",SPACING_FIX,표기 교정(원문 대조 복원),
RAI4-1421,SRC-G-0399,RAI4-1421,General,AI를 통한 민주적 절차 훼손 리스크,AI-enabled undermining of democratic processes,"AI의 발전으로 기업과 정부가 개인의 삶에 대해 전례 없는 통제력을 갖고, 대규모 개인 데이터 수집과 안면 인식 기술을 통한 인구 감시· 영향 및 언어 모델 기반 설득 도구를 통해 민주적 절차가 훼손되는 리스크.","The risk that developments in AI give companies and governments more control over individuals' lives than ever before and are used to undermine democratic processes, through collection of large amounts of personal data and facial recognition technology to surveil and influence populations and through language-model-based tools that persuade people of certain claims.",AI를 통한 민주적 절차 훼손,AI-enabled undermining of democratic processes,"AI의 발전으로 기업과 정부가 개인의 삶에 대 해 전례 없는 통제력을 갖고, 대규모 개인 데이터 수집과 안면인식 기술을 통한 인구 감시·영향 및 언어 모델 기반 설득 도구를 통해 민 주적 절차가 훼손되는 리스크.","The risk that developments in AI give companies and governments more control over individuals' lives than ever before and are used to undermine democratic processes, through collection of large amounts of personal data and facial recognition technology to surveil and influence populations and through language-model-based tools that persuade people of certain claims.",SPACING_FIX,표기 교정(원문 대조 복원),
RAI4-1585,SRC-G-0400,RAI4-1585,General,유해 작업 자동화에 의한 피해 규모 증폭 리스크,Amplified harm scale from automated harmful workflows,AI가 유해한 작업 흐름을 자동화하거나 확장하여 그 속도· 도달 범위· 지속성· 표적 수가 크게 증가하는 리스크.,"The risk that AI automates or expands a harmful workflow so that its speed, reach, persistence, or target count substantially increases.",유해 작업 자동화에 의한 피해 규모 증폭,Amplified harm scale from automated harmful workflows,AI가 유해한 작업 흐름을 자동화하거나 확장 하여 그 속도·도달 범위·지속성·표적 수가 크 게 증가하는 리스크.,"The risk that AI automates or expands a harmful workflow so that its speed, reach, persistence, or target count substantially increases.",SPACING_FIX,표기 교정(원문 대조 복원),
RAI4-1618,SRC-G-0401,RAI4-1618,General,자율 사이버 공격을 통한 인간 통제 감소 리스크,Human control reduction through autonomous cyber offence,"AI 시스템이 컴퓨터 시스템 취약점을 악용해 자금, 컴퓨팅, 핵심 인프라에 접근하고 궁극적으로 자율적 사이버 공격을 수행하여 인간 통제를 약화시키는 리스크.","The risk that aI systems acquire influence by exploiting computer-system vulnerabilities, gaining access to money, compute, and critical infrastructure, and eventually executing cyberattacks autonomously to reduce human control.",자율 사이버 공격을 통한 인간 통제 감소,Human control reduction through autonomous cyber offence,"AI 시스템이 컴퓨터 시스템 취약점을 악용해 자금, 컴퓨팅, 핵심 인프라에 접근하고 궁극적으로 자율적 사이버 공격을 수행하여 인간 통제를 약화시키는 리스크.","The risk that aI systems acquire influence by exploiting computer-system vulnerabilities, gaining access to money, compute, and critical infrastructure, and eventually executing cyberattacks autonomously to reduce human control.",UNCHANGED,,
RAI4-0056|RAI4-0908,SRC-G-0402,RAI4-0056,General,AI 피해의 책임· 구제 및 시정 경로 실패 리스크,"Failure of accountability, redress, and correction pathways for AI harms","AI 피해의 책임이 여러 행위자에게 분산되거나 이의 제기, 구제, 시정 절차가 부재· 불투명· 분절되어 피해자가 책임 주체를 확인하고 효과적인 구제를 받기 어려운 리스크.","The risk that responsibility for AI harms is diffused across actors or that contestation, remedy, and correction pathways are absent, opaque, or fragmented, preventing affected people from identifying accountable parties and obtaining effective redress.",AI 피해의 책임·구제 및 시정 경로 실패,"Failure of accountability, redress, and correction pathways for AI harms","AI 피해의 책임이 여러 행위자에게 분산되거나 이의제기, 구제, 시정 절차가 부재·불투명·분절되어 피해자가 책임 주체를 확인하고 효과적인 구제를 받기 어려운 리스크.","The risk that responsibility for AI harms is diffused across actors or that contestation, remedy, and correction pathways are absent, opaque, or fragmented, preventing affected people from identifying accountable parties and obtaining effective redress.",SPACING_FIX,표기 교정(원문 대조 복원),
RAI4-0058,SRC-G-0403,RAI4-0058,General,추적성 실패 리스크,Traceability failure,"모델 출력, 데이터 출처, 버전, 책임 행위자를 AI 수명 주기 전반에 걸쳐 추적할 수 없는 리스크.","The risk that model outputs, data sources, versions, or responsible actors cannot be traced across the AI lifecycle.",추적성 실패,Traceability failure,"모델 출력, 데이터 출처, 버전, 책임 행위자를 AI 수명주기 전반에 걸쳐 추적할 수 없는 리스크.","The risk that model outputs, data sources, versions, or responsible actors cannot be traced across the AI lifecycle.",SPACING_FIX,표기 교정(원문 대조 복원),
RAI4-0076,SRC-G-0404,RAI4-0076,General,라이프 사이클 거버넌스 불연속성 리스크,Lifecycle governance discontinuity,"거버넌스 통제가 설계 단계에서만 적용되고 배포, 적응, 폐기 단계까지 유지되지 않는 리스크.","The risk that governance controls are applied at design time but not maintained through deployment, adaptation, and retirement.",라이프사이클 거버넌스 불연속성,Lifecycle governance discontinuity,"거버넌스 통제가 설계 단계에서만 적용되고 배포, 적응, 폐기 단계까지 유지되지 않는 리스크.","The risk that governance controls are applied at design time but not maintained through deployment, adaptation, and retirement.",SPACING_FIX,표기 교정(원문 대조 복원),
RAI4-0078,SRC-G-0405,RAI4-0078,General,기본권 영향 평가 격차 리스크,Fundamental-rights impact assessment gap,"AI 시스템이 권리, 차별, 프라이버시, 민주주의에 미치는 영향에 대한 적절한 평가 없이 배포되는 리스크.","The risk that AI systems are deployed without adequate assessment of rights, discrimination, privacy, and democratic impacts.",기본권 영향 평가 격차,Fundamental-rights impact assessment gap,"AI 시스템이 권리, 차별, 프라이버시, 민주주의에 미치는 영향에 대한 적절한 평가 없이 배포되는 리스크.","The risk that AI systems are deployed without adequate assessment of rights, discrimination, privacy, and democratic impacts.",UNCHANGED,,
RAI4-0096,SRC-G-0406,RAI4-0096,General,위험 소유권의 모호성 리스크,Risk ownership ambiguity,"어떤 조직 단위나 경영진도 AI 위험 결정, 잔여 위험 수용, 상향 보고의 책임을 명확히 지지 않는 리스크.","The risk that no unit or executive clearly owns AI risk decisions, residual risk acceptance, and escalation.",위험 소유권의 모호성,Risk ownership ambiguity,"어떤 조직 단위나 경영진도 AI 위험 결정, 잔여 위험 수용, 상향 보고의 책임을 명확히 지지 않는 리스크.","The risk that no unit or executive clearly owns AI risk decisions, residual risk acceptance, and escalation.",UNCHANGED,,
RAI4-0103,SRC-G-0407,RAI4-0103,General,AI 공급망의 책임성· 무결성 실패 리스크,AI supply-chain accountability and integrity failures,"모델 제공자, 데이터 제공자, 통합 업체, 클라우드 플랫폼, 배포 자로 이어지는 다층적 AI 공급망에서 책임성이 소실되는 한편 의존성· 모델 가중치· 데이터 셋· 배포 파이프라인이 상류에서 침해되어, 피해가 발생해도 책임 소재를 규명하지 못하거나 손상된 구성 요소가 시스템에 유입되는 리스크.","The risk that the layered AI supply chain of model providers, data providers, integrators, cloud platforms, and deployers both diffuses accountability and leaves dependencies, model weights, datasets, and deployment pipelines open to upstream compromise, so harms arise without a clearly responsible actor or with corrupted components in place.",AI 공급망의 책임성·무결성 실패,AI supply-chain accountability and integrity failures,"모델 제공자, 데이터 제공자, 통합업체, 클라우드 플랫폼, 배포자로 이어지는 다층적 AI 공급망에서 책임성 이 소실되는 한편 의존성·모델 가중치·데이터셋·배포 파이프라인이 상류에서 침해되어, 피해가 발생해도 책임 소재를 규명하지 못하거나 손상된 구성요소가 시스템에 유입되는 리스크.","The risk that the layered AI supply chain of model providers, data providers, integrators, cloud platforms, and deployers both diffuses accountability and leaves dependencies, model weights, datasets, and deployment pipelines open to upstream compromise, so harms arise without a clearly responsible actor or with corrupted components in place.",SPACING_FIX,표기 교정(원문 대조 복원),
RAI4-0112,SRC-G-0408,RAI4-0112,General,AI 위임에 따른 인간 의사 결정 권한이 전 리스크,Displacement of human decision authority through AI delegation,"AI에 대한 반복적 위임으로 실질적 의사 결정 권한과 결정의 소유권이 명시적 거버넌스 결정 없이 특정 가능한 인간 행위자로부터 이전되고, 업무 흐름이 위임에 의존하게 되면서 권한을 인간 의사 결정자에게 되돌리는 일이 과도한 비용이 들거나 사실상 불가능해지는 리스크.","The risk that repeated delegation to AI shifts real decision authority and ownership away from identifiable human actors without an explicit governance choice, while workflows become so dependent on the delegation that returning authority to human decision makers grows costly or impractical.",AI 위임에 따른 인간 의사결정 권한 이전,Displacement of human decision authority through AI delegation,"AI에 대한 반복적 위임으로 실질적 의사결정 권한과 결정의 소유권이 명시적 거버넌스 결정 없이 특정 가 능한 인간 행위자로부터 이전되고, 업무 흐름이 위임에 의존하게 되면서 권한을 인간 의사결정자에게 되돌 리는 일이 과도한 비용이 들거나 사실상 불가능해지는 리스크.","The risk that repeated delegation to AI shifts real decision authority and ownership away from identifiable human actors without an explicit governance choice, while workflows become so dependent on the delegation that returning authority to human decision makers grows costly or impractical.",SPACING_FIX,표기 교정(원문 대조 복원),
RAI4-0385,SRC-G-0409,RAI4-0385,General,현지 규범· 제도와의 불일치 리스크,Mismatch with local norms and institutions,"관할권을 넘어 이식된 AI 시스템과 거버넌스 프레임 워크가 법률, 관습, 언어, 제도적 관행, 발전 우선순위의 차이를 무시하고 한 맥락의 규범을 다른 맥락에 수출하여, 배포 지역의 제도, 공공 가치, 사회적 기대에 부합하지 못하는 리스크.","The risk that AI systems and governance frameworks transplanted across jurisdictions ignore differences in law, custom, language, institutional practice, and development priorities, exporting one context's norms into another and failing to fit the institutions, public values, and social expectations of the deployment context.",현지 규범·제도와의 불일치,Mismatch with local norms and institutions,"관할권을 넘어 이식된 AI 시스템과 거버넌스 프레임워크가 법률, 관습, 언어, 제도적 관행, 발전 우선순위 의 차이를 무시하고 한 맥락의 규범을 다른 맥락에 수출하여, 배포 지역의 제도, 공공 가치, 사회적 기대에 부합하지 못하는 리스크.","The risk that AI systems and governance frameworks transplanted across jurisdictions ignore differences in law, custom, language, institutional practice, and development priorities, exporting one context's norms into another and failing to fit the institutions, public values, and social expectations of the deployment context.",SPACING_FIX,표기 교정(원문 대조 복원),
RAI4-0386,SRC-G-0410,RAI4-0386,General,AI 시스템에 대한 고착화된 의존 리스크,Entrenched dependence on AI systems,"개인, 기관, 중요 부문이 검사· 통제할 수 없는 외부 통제 시스템과 이용자 복지보다 반복적 이용을 유도하도록 최적화된 시스템을 포함한 AI에 운영상· 행동상 의존하게 되어, 실패가 사회적· 제도적 피해로 대규모 전파되고 의존을 되돌리기 어렵거나 불가능해지는 리스크.","The risk that individuals, institutions, and critical sectors become operationally and behaviorally dependent on AI systems, including externally controlled systems they cannot inspect or govern and systems optimized for engagement over user welfare, so that failures propagate into largescale social and institutional harm and the dependence becomes difficult or impossible to reverse.",AI 시스템에 대한 고착화된 의존,Entrenched dependence on AI systems,"개인, 기관, 중요 부문이 검사·통제할 수 없는 외부 통제 시스템과 이용자 복지보다 반복적 이용을 유도하도 록 최적화된 시스템을 포함한 AI에 운영상·행동상 의존하게 되어, 실패가 사회적·제도적 피해로 대규모 전 파되고 의존을 되돌리기 어렵거나 불가능해지는 리스크.","The risk that individuals, institutions, and critical sectors become operationally and behaviorally dependent on AI systems, including externally controlled systems they cannot inspect or govern and systems optimized for engagement over user welfare, so that failures propagate into largescale social and institutional harm and the dependence becomes difficult or impossible to reverse.",SPACING_FIX,표기 교정(원문 대조 복원),
RAI4-0409,SRC-G-0411,RAI4-0409,General,현지 책임 없는 현지화 리스크,Localization without local accountability,"모델이 언어적으로만 현지화되고 책임성은 외부 제공자· 규범· 평가 체제에 귀속되어, 현지 공동체가 자기 언어로 작동하는 시스템에 대한 거버넌스 권한을 갖지 못하는 리스크.","The risk that models are linguistically localized while remaining accountable to external providers, norms, and evaluation regimes, leaving local communities without governance authority over systems that operate in their language.",현지 책임 없는 현지화,Localization without local accountability,"모델이 언어적으로만 현지화되고 책임성은 외부 제공자·규범·평가 체제에 귀속되어, 현지 공동체가 자기 언어로 작동하는 시스템에 대한 거버넌스 권한을 갖지 못하는 리스크.","The risk that models are linguistically localized while remaining accountable to external providers, norms, and evaluation regimes, leaving local communities without governance authority over systems that operate in their language.",SPACING_FIX,표기 교정(원문 대조 복원),
RAI4-0488,SRC-G-0412,RAI4-0488,General,AI 발전에 뒤처지는 규제 지체 리스크,Regulatory lag behind AI development,"AI 발전과 AI가 가속하는 과학· 기술 진보의 속도가 정책· 법· 거버넌스 제도의 대응을 앞질러, 새로운 역량과 배포가 불충분한 규율 아래 진행되고 특히 강력하거나 위험한 기술의 폐해가 확대되는 리스크.","The risk that the pace of AI development and AI-accelerated scientific progress outstrips policy, legal, and governance institutions, so emerging capabilities and deployments proceed under insufficient rules and the harms of especially powerful or dangerous technologies are magnified.",AI 발전에 뒤처지는 규제 지체,Regulatory lag behind AI development,"AI 발전과 AI가 가속하는 과학·기술 진보의 속도가 정책·법·거버넌스 제도의 대응을 앞질러, 새로운 역량과 배포가 불충분한 규율 아래 진행되고 특히 강력하거나 위험한 기술의 폐해가 확대되는 리스크.","The risk that the pace of AI development and AI-accelerated scientific progress outstrips policy, legal, and governance institutions, so emerging capabilities and deployments proceed under insufficient rules and the harms of especially powerful or dangerous technologies are magnified.",SPACING_FIX,표기 교정(원문 대조 복원),
RAI4-0511,SRC-G-0413,RAI4-0511,General,AI 보증· 감독 메커니즘의 실패 리스크,Breakdown of AI assurance and oversight mechanisms,"AI의 복잡성, 예측 불가능성, 빠른 진화가 이를 보증· 감독하기 위한 메커니즘을 무력화하여, 이사회는 가시성을 확보하지 못하고 감사는 제한된 접근과 취약한 기준 탓에 모델 리스크를 놓치며 시스템은 정확· 일관된 출력과 보정된 신뢰도를 제공하지 못함으로써, 신뢰할 수 없는 동작이 탐지를 벗어나고 규제· 감독의 체계적 실패로 이어지는 리스크.","The risk that the complexity, unpredictability, and rapid evolution of AI defeat the mechanisms meant to assure and oversee it, as boards lack visibility, audits miss model risks through limited access and weak standards, and systems fail to produce accurate, consistent outputs or calibrated confidence, so unreliable behavior escapes detection and systemic regulatory and oversight failure follows.",AI 보증·감독 메커니즘의 실패,Breakdown of AI assurance and oversight mechanisms,"AI의 복잡성, 예측 불가능성, 빠른 진화가 이를 보증·감독하기 위한 메커니즘을 무력화하여, 이사회는 가시 성을 확보하지 못하고 감사는 제한된 접근과 취약한 기준 탓에 모델 리스크를 놓치며 시스템은 정확·일관 된 출력과 보정된 신뢰도를 제공하지 못함으로써, 신뢰할 수 없는 동작이 탐지를 벗어나고 규제·감독의 체 계적 실패로 이어지는 리스크.","The risk that the complexity, unpredictability, and rapid evolution of AI defeat the mechanisms meant to assure and oversee it, as boards lack visibility, audits miss model risks through limited access and weak standards, and systems fail to produce accurate, consistent outputs or calibrated confidence, so unreliable behavior escapes detection and systemic regulatory and oversight failure follows.",SPACING_FIX,표기 교정(원문 대조 복원),영문 정의 장문: 축약 필요
RAI4-0535,SRC-G-0414,RAI4-0535,General,국제법적 규율 곤란 리스크,Resistance to international legal control,AI 모델과 시스템이 국제법에 따른 규제나 통제에 실효적으로 포섭되기 어려워지는 리스크.,The risk that AI models and systems prove difficult to regulate or control under international law.,국제법적 규율 곤란,Resistance to international legal control,AI 모델과 시스템이 국제법에 따른 규제나 통제에 실효적으로 포섭되기 어려워지는 리스크.,The risk that AI models and systems prove difficult to regulate or control under international law.,UNCHANGED,,
RAI4-0555|RAI4-0969,SRC-G-0415,RAI4-0555,General,통제되지 않는 자기 개선과 AGI 통제 상실 리스크,Uncontrolled self-improvement and loss of AGI control,고도 AI가 반복적 자기 개선을 통해 능력과 자율성을 확대하고 교정· 중단· 격리에 저항하여 개발 또는 배포 과정에서 인간의 통제 가능성을 상실하게하는 리스크.,"The risk that advanced AI expands its capability and autonomy through iterative self-improvement, resists correction, shutdown, or containment, and causes a loss of human control during development or deployment.",통제되지 않는 자기개선과 AGI 통제 상실,Uncontrolled self-improvement and loss of AGI control,고도 AI가 반복적 자기개선을 통해 능력과 자율성을 확대하고 교정·중단·격리에 저항하여 개발 또는 배포 과정에서 인간의 통제 가능성을 상실하게 하는 리스크.,"The risk that advanced AI expands its capability and autonomy through iterative self-improvement, resists correction, shutdown, or containment, and causes a loss of human control during development or deployment.",SPACING_FIX,표기 교정(원문 대조 복원),
RAI4-0942,SRC-G-0417,RAI4-0942,General,고도 AI에 의한 실존적· 재앙적 위험,Existential and catastrophic risk from advanced AI systems,"인간 수준 이상의 지능을 갖춘 시스템이 기만적· 권력 추구적 행동, 자기 복제, 종료 회피, 예기치 못한 창발 역량, 대량 살상 목적의 무기화를 통해 인간의 통제를 벗어나는 리스크. 이러한 시스템은 인간의 이익에 반하는 행동을 수행하여 인류에 재앙적이거나 실존적인 피해를 입힐 수 있다. 이러한 결과를 초래하는 리스크.","The risk that human-level or superintelligent systems escape human control through deceptive or power-seeking behaviour, self-replication, shutdown evasion, unforeseen emergent capabilities, or weaponization for mass destruction. Such systems may act contrary to human interests and inflict catastrophic or existential harm on humanity.",고도 AI에 의한 실존적·재앙적,Existential and catastrophic risk from advanced AI systems,"인간 수준 이상의 지능을 갖춘 시스템이 기만적·권력추구적 행동, 자기 복제, 종료 회피, 예기치 못한 창발 역량, 대량살상 목적의 무기화를 통해 인간의 통제를 벗어나는 리스크. 이러한 시스템은 인간의 이익에 반하는 행동을 수행하여 인류에 재앙적이거나 실존적인 피해를 입힐 수 있다. 이러한 결과를 초래하는 리스크.","The risk that human-level or superintelligent systems escape human control through deceptive or power-seeking behaviour, self-replication, shutdown evasion, unforeseen emergent capabilities, or weaponization for mass destruction. Such systems may act contrary to human interests and inflict catastrophic or existential harm on humanity.",SPACING_FIX,표기 교정(원문 대조 복원),분량 초과: L3 수준 1문장으로 축약 필요
RAI4-0947,SRC-G-0418,RAI4-0947,General,생성형 AI에 대한 규제 공백 리스크,Regulatory gap for generative AI,"생성형 AI의 새로운 리스크에 대응할 법적 규제, 국제 공조, 프런티어 모델에 대한 구속력 있는 안전 기준과 제재 메커니즘이 부재하여 리스크가 관리되지 않는 리스크.","The risk that the absence of legal regulation, international coordination, binding safety standards for frontier models, and mechanisms to sanction non-compliance leaves the novel risks of generative AI unmanaged.",생성형 AI에 대한 규제 공백,Regulatory gap for generative AI,"생성형 AI의 새로운 리스크에 대응할 법적 규제, 국제 공조, 프런티어 모델에 대한 구속력 있는 안전 기준 과 제재 메커니즘이 부재하여 리스크가 관리되지 않는 리스크.","The risk that the absence of legal regulation, international coordination, binding safety standards for frontier models, and mechanisms to sanction non-compliance leaves the novel risks of generative AI unmanaged.",SPACING_FIX,표기 교정(원문 대조 복원),
RAI4-0972|RAI4-1310,SRC-G-0420,RAI4-0972,General,도덕적 추론· 가치 정렬 결손 리스크,Deficits in moral reasoning and value alignment,AI가 도덕적으로 허용되는 행동과 허용되지 않는 행동을 적절히 구분하지 못하거나 필요한 가치가 누락· 오 정렬되어 유해한 판단과 행동을 산출하는 리스크.,"The risk that AI cannot adequately distinguish morally permissible from impermissible conduct, or operates with missing or misaligned values, leading to harmful judgements and actions.",도덕적 추론·가치 정렬 결손,Deficits in moral reasoning and value alignment,AI가 도덕적으로 허용되는 행동과 허용되지 않는 행동을 적절히 구분하지 못하거나 필요한 가치가 누락·오정렬되어 유해한 판단과 행동을 산출하는 리스크.,"The risk that AI cannot adequately distinguish morally permissible from impermissible conduct, or operates with missing or misaligned values, leading to harmful judgements and actions.",SPACING_FIX,표기 교정(원문 대조 복원),
RAI4-0973,SRC-G-0421,RAI4-0973,General,AGI에 대한 리스크 관리· 법 제도의 부적절성 리스크,Inadequate risk management and legal processes for AGI,현행 리스크 관리 및 법적 절차의 역량이 AGI 개발을 적절히 관리하지 못하는 리스크.,The risk that the capabilities of current risk management and legal processes are inadequate to manage the development of an AGI.,AGI에 대한 리스크 관리·법제도의 부적절성,Inadequate risk management and legal processes for AGI,현행 리스크 관리 및 법적 절차의 역량이 AGI 개발을 적절히 관리하지 못하는 리스크.,The risk that the capabilities of current risk management and legal processes are inadequate to manage the development of an AGI.,SPACING_FIX,표기 교정(원문 대조 복원),
RAI4-0974,SRC-G-0422,RAI4-0974,General,비 정렬 AGI 실존적 재난 리스크,Existential catastrophe from unaligned AGI,"인간의 가치· 의도와 정렬되지 않은 AGI가 인간의 통제를 벗어나 인류 전체에 회복 불가능한 대규모 피해나 문명의 붕괴, 인류의 존속 위협 등 실존적 재난을 초래하는 리스크.","The risk that an AGI unaligned with human values and intentions escapes human control and brings about an existential catastrophe—irreversible large-scale harm to humanity, civilizational collapse, or a threat to human survival.",비정렬 AGI 실존적 재난,Existential catastrophe from unaligned AGI,"인간의 가치·의도와 정렬되지 않은 AGI가 인간의 통제를 벗어나 인류 전체에 회복 불가능한 대규모 피해나 문명의 붕괴, 인류의 존속 위협 등 실존적 재난을 초래하는 리스크.","The risk that an AGI unaligned with human values and intentions escapes human control and brings about an existential catastrophe—irreversible large-scale harm to humanity, civilizational collapse, or a threat to human survival.",SPACING_FIX,표기 교정(원문 대조 복원),
RAI4-1017,SRC-G-0423,RAI4-1017,General,이상 조건에서의 성능· 견고성· 복원력 실패 리스크,"Failure of performance, robustness, and resilience under adverse conditions","AI 시스템이 의도된 목적을 달성하지 못하고, 악의적 공격이나 데이터 오염, 환경 잡음, 연계 구성 요소의 고장으로 입력이 비정상적으로 변할 때 성능을 안정적으로 유지하거나 그 영향에서 회복하지 못하는 리스크. 신뢰할 수 없는 모델과 오류에 취약한 에이전트가 그대로 운용되어 이에 의존하는 이들에게 심각한 결과를 초래한다. 이러한 결과를 초래하는 리스크.","The risk that an AI system fails to fulfil its intended purpose and cannot maintain stable performance, or recover, when inputs are disturbed by malicious attack, data poisoning, environmental noise, or failures in connected components. Unreliable models and error-prone agents remain in operation, producing severe consequences for those who depend on them.",이상 조건에서의 성능·견고성·복원력 실패,"Failure of performance, robustness, and resilience under adverse conditions","AI 시스템이 의도된 목적을 달성하지 못하고, 악의적 공격이나 데이터 오염, 환경 잡음, 연계 구성 요소의 고장으로 입력이 비정상적으로 변할 때 성능을 안정적으로 유지하거나 그 영향에서 회복하지 못하는 리스크. 신뢰할 수 없는 모델과 오류에 취약한 에이전트가 그대로 운용되어 이에 의존하는 이들에게 심각한 결과를 초래한다. 이러한 결과를 초래하는 리스크.","The risk that an AI system fails to fulfil its intended purpose and cannot maintain stable performance, or recover, when inputs are disturbed by malicious attack, data poisoning, environmental noise, or failures in connected components. Unreliable models and error-prone agents remain in operation, producing severe consequences for those who depend on them.",SPACING_FIX,표기 교정(원문 대조 복원),분량 초과: L3 수준 1문장으로 축약 필요
RAI4-1150,SRC-G-0424,RAI4-1150,General,폭주 프로세스 리스크,Runaway processes,"상호 작용하는 AI 비서와 인간, 알고리즘 사이의 양의 피드백 루프가 2010년 플래시 크래시 같은 예측하기 어려운 폭주 프로세스를 낳아, 경제와 정부 제도, 사회 안정, 개인의 자유에 영향을 미치는 리스크.","The risk that positive feedback loops among interacting AI assistants, their principals, other humans, and algorithms produce hard-to-predict runaway processes, such as the 2010 flash crash, impacting economies, government institutions, societal stability, or individual freedoms.",폭주 프로세스,Runaway processes,"상호작용하는 AI 비서와 인간, 알고리즘 사이의 양의 피드백 루프가 2010년 플래시 크래시 같은 예측하기 어려운 폭주 프로세스를 낳아, 경제와 정부 제도, 사회 안정, 개인의 자유에 영향을 미치는 리스크.","The risk that positive feedback loops among interacting AI assistants, their principals, other humans, and algorithms produce hard-to-predict runaway processes, such as the 2010 flash crash, impacting economies, government institutions, societal stability, or individual freedoms.",SPACING_FIX,표기 교정(원문 대조 복원),
RAI4-1331,SRC-G-0425,RAI4-1331,General,설명 가능성 결손에 따른 시정· 책임 추적 불능 리스크,Explainability deficits impeding rectification and accountability,"딥 러닝으로 대표되는 AI 알고리즘의 복잡한 내부 동작과 블랙박스 또는 그 레이 박스 추론으로 산출 물이 예측하거나 추적할 수 없게 되어, 이상이 생겼을 때 신속히 시정하거나 책임 소재를 추적할 수 없는 리스크.","The risk that the complex internal workings and black-box or grey-box inference of AI algorithms such as deep learning result in unpredictable and untraceable outputs, making it challenging to quickly rectify them or trace their origins for accountability when anomalies arise.",설명가능성 결손에 따른 시정·책임 추적 불능,Explainability deficits impeding rectification and accountability,"딥러닝으로 대표되는 AI 알고리즘의 복잡한 내부 동작과 블랙박스 또는 그레이박스 추론으로 산출물이 예 측하거나 추적할 수 없게 되어, 이상이 생겼을 때 신속히 시정하거나 책임 소재를 추적할 수 없는 리스크.","The risk that the complex internal workings and black-box or grey-box inference of AI algorithms such as deep learning result in unpredictable and untraceable outputs, making it challenging to quickly rectify them or trace their origins for accountability when anomalies arise.",SPACING_FIX,표기 교정(원문 대조 복원),
RAI4-1485,SRC-G-0426,RAI4-1485,General,AI 구성 요소 상호 작용의 원인 규명 곤란 리스크,Unclear attribution of harm from AI component interactions,서로 다른 AI 구성 요소 간의 상호 작용이 피해를 유발하지만 어떤 구성 요소가 원인인지 특정하기 어려운 리스크.,The risk that interactions between different AI components cause harm while it remains difficult to pinpoint which components are the cause.,AI 구성요소 상호작용의 원인 규명 곤란,Unclear attribution of harm from AI component interactions,서로 다른 AI 구성요소 간의 상호작용이 피해를 유발하지만 어떤 구성요소가 원인인지 특정하기 어려운 리스크.,The risk that interactions between different AI components cause harm while it remains difficult to pinpoint which components are the cause.,SPACING_FIX,표기 교정(원문 대조 복원),
RAI4-1720,SRC-G-0427,RAI4-1720,General,정보· 책임 구조 부재에 의한 책임 귀속 불가 리스크,Unassignable responsibility from absent system information and accountability structures,AI 시스템에 관한 접근 가능한 정보와 그 결과에 대한 책임을 할당하는 조직 구조가 부재하여 책임 귀속이 불가능해지는 리스크.,The risk that the absence of accessible information about an AI system and of organizational structures assigning responsibility for its outcomes makes responsibility unassignable.,정보·책임 구조 부재에 의한 책임 귀속 불가,Unassignable responsibility from absent system information and accountability structures,AI 시스템에 관한 접근 가능한 정보와 그 결과에 대한 책임을 할당하는 조직 구조가 부재하여 책임 귀속이 불가능해지는 리스크.,The risk that the absence of accessible information about an AI system and of organizational structures assigning responsibility for its outcomes makes responsibility unassignable.,SPACING_FIX,표기 교정(원문 대조 복원),
RAI4-0123,SRC-G-0428,RAI4-0123,General,인간 존엄성 침식 리스크,Erosion of human dignity,"AI가 매개하는 처우가 사람을 프로필· 점수· 행동 표적으로 환원하거나 지능의 위계 속에서 인간을 열등한 존재로 취급하게하여, 인간에 대한 존중과 존엄성, 동등한 도덕적 지위를 침식하는 리스크.","The risk that AI-mediated treatment undermines respect for persons, whether by reducing people to profiles, scores, and behavioral targets or by casting humans as lesser within hierarchies of intelligence, eroding human dignity and equal moral standing.",인간 존엄성 침식,Erosion of human dignity,"AI가 매개하는 처우가 사람을 프로필·점수·행동 표적으로 환원하거나 지능의 위계 속에서 인간을 열등한 존재로 취급하게 하여, 인간에 대한 존중과 존엄성, 동등한 도덕적 지위를 침식하는 리스크.","The risk that AI-mediated treatment undermines respect for persons, whether by reducing people to profiles, scores, and behavioral targets or by casting humans as lesser within hierarchies of intelligence, eroding human dignity and equal moral standing.",SPACING_FIX,표기 교정(원문 대조 복원),
RAI4-0162,SRC-G-0429,RAI4-0162,General,전문적 판단력 위축 리스크,Professional judgment atrophy,AI 시스템이 전문 업무의 일상적 매개자가 되면서 도메인 전문가의 판단 역량이 쇠퇴하는 리스크.,The risk that domain professionals lose judgment capacity as AI systems become routine intermediaries in expert work.,전문적 판단력 위축,Professional judgment atrophy,AI 시스템이 전문 업무의 일상적 매개자가 되면서 도메인 전문가의 판단 역량이 쇠퇴하는 리스크.,The risk that domain professionals lose judgment capacity as AI systems become routine intermediaries in expert work.,UNCHANGED,,
RAI4-0362,SRC-G-0430,RAI4-0362,General,지배적 가치의 부과 리스크,Imposition of dominant values,"AI 시스템이 다수· 지배 집단 또는 제도의 가치에 특권을 부여하고 소수의 선호를 잡음이나 오류로 처리하여, 대규모 배포를 통해 서로 다른 규범을 지닌 공동체의 현지 가치 체계를 대체하는 리스크.","The risk that AI systems privilege majority, dominant-group, or institutional values while treating minority preferences as noise or error, displacing the local value systems of communities holding different norms through scaled deployment.",지배적 가치의 부과,Imposition of dominant values,"AI 시스템이 다수·지배 집단 또는 제도의 가치에 특권을 부여하고 소수의 선호를 잡음이나 오류로 처리하 여, 대규모 배포를 통해 서로 다른 규범을 지닌 공동체의 현지 가치 체계를 대체하는 리스크.","The risk that AI systems privilege majority, dominant-group, or institutional values while treating minority preferences as noise or error, displacing the local value systems of communities holding different norms through scaled deployment.",SPACING_FIX,표기 교정(원문 대조 복원),
RAI4-0369,SRC-G-0431,RAI4-0369,General,AI에 의한 문화적· 이념적 동질화 리스크,Cultural and ideological homogenization by AI,"소수의 전 세계적으로 배포된 모델이 특정 가치와 문화를 내재하고 과대 재현한 출력을 통해 공동체 간 윤리적 판단, 이념, 문화적 표현을 균질화하여, 정당한 규범적· 문화적 다양성을 축소하는 리스크.","The risk that a small number of globally deployed models, whose outputs embed and overrepresent particular values and cultures, homogenize ethical judgment, ideology, and cultural expression across communities, flattening legitimate normative and cultural diversity.",AI에 의한 문화적·이념적 동질화,Cultural and ideological homogenization by AI,"소수의 전 세계적으로 배포된 모델이 특정 가치와 문화를 내재하고 과대재현한 출력을 통해 공동체 간 윤 리적 판단, 이념, 문화적 표현을 균질화하여, 정당한 규범적·문화적 다양성을 축소하는 리스크.","The risk that a small number of globally deployed models, whose outputs embed and overrepresent particular values and cultures, homogenize ethical judgment, ideology, and cultural expression across communities, flattening legitimate normative and cultural diversity.",SPACING_FIX,표기 교정(원문 대조 복원),
RAI4-0370,SRC-G-0432,RAI4-0370,General,상황에 구애 받지 않는 보편주의 리스크,Context-insensitive universalism,AI 시스템이 현지의 법적· 문화적· 제도적· 역사적 맥락을 고려하지 않고 보편화된 도덕· 정책 규칙을 적용하여 배포 관할에서 타당하지 않은 판단을 산출하는 리스크.,"The risk that aI systems apply universalized moral or policy rules without sensitivity to local legal, cultural, institutional, or historical context, producing judgments invalid in the deployment jurisdiction.",상황에 구애받지 않는 보편주의,Context-insensitive universalism,AI 시스템이 현지의 법적·문화적·제도적·역사적 맥락을 고려하지 않고 보편화된 도덕·정책 규칙을 적용하여 배포 관할에서 타당하지 않은 판단을 산출하는 리스크.,"The risk that aI systems apply universalized moral or policy rules without sensitivity to local legal, cultural, institutional, or historical context, producing judgments invalid in the deployment jurisdiction.",SPACING_FIX,표기 교정(원문 대조 복원),
RAI4-0372,SRC-G-0433,RAI4-0372,General,문화· 종교· 사회 집단에 대한 왜곡 표상 리스크,"Misrepresentation of cultures, religions, and social groups","AI 시스템이 문화적 관행, 종교 전통, 정치적 가치, 역사, 사회 집단을 부정확하거나 불공정하거나 모욕적으로 표상하여, 다원적 해석을 단일한 권위적 서사로 붕괴시키거나 동의· 맥락 없이 문화적 표현을 재생산하거나 비하적· 독성 콘텐츠를 생성함으로써 해당 공동체에 모욕, 전유, 상징적 피해를 야기하는 리스크.","The risk that AI systems inaccurately, unfairly, or disrespectfully represent cultural practices, religious traditions, political values, histories, and social groups, whether by collapsing plural interpretations into a single authoritative account, reproducing cultural expressions without consent or context, or generating derogatory and toxic content, causing offense, misappropriation, and symbolic harm to the communities depicted.",문화·종교·사회 집단에 대한 왜곡 표상,"Misrepresentation of cultures, religions, and social groups","AI 시스템이 문화적 관행, 종교 전통, 정치적 가치, 역사, 사회 집단을 부정확하거나 불공정하거나 모욕적 으로 표상하여, 다원적 해석을 단일한 권위적 서사로 붕괴시키거나 동의·맥락 없이 문화적 표현을 재생산 하거나 비하적·독성 콘텐츠를 생성함으로써 해당 공동체에 모욕, 전유, 상징적 피해를 야기하는 리스크.","The risk that AI systems inaccurately, unfairly, or disrespectfully represent cultural practices, religious traditions, political values, histories, and social groups, whether by collapsing plural interpretations into a single authoritative account, reproducing cultural expressions without consent or context, or generating derogatory and toxic content, causing offense, misappropriation, and symbolic harm to the communities depicted.",SPACING_FIX,표기 교정(원문 대조 복원),
RAI4-0388,SRC-G-0434,RAI4-0388,General,AI에 의한 문화적 인식론 말살 리스크,Cultural epistemicide by AI,AI 시스템이 지배적 지식 형식을 일관되게 더 신뢰할 만하고 유용한 것으로 순위화하여 지역· 토착 지식 체계를 주변화하거나 소거하는 리스크.,"The risk that aI systems consistently rank dominant epistemic forms as more credible or useful, marginalizing or erasing local and indigenous knowledge systems.",AI에 의한 문화적 인식론 말살,Cultural epistemicide by AI,AI 시스템이 지배적 지식 형식을 일관되게 더 신뢰할 만하고 유용한 것으로 순위화하여 지역·토착 지식 체계를 주변화하거나 소거하는 리스크.,"The risk that aI systems consistently rank dominant epistemic forms as more credible or useful, marginalizing or erasing local and indigenous knowledge systems.",SPACING_FIX,표기 교정(원문 대조 복원),
RAI4-0390,SRC-G-0435,RAI4-0390,General,영향 받는 공동체 배제 리스크,Affected-community exclusion,AI 시스템의 영향을 받는 집단이 가치· 피해· 평가 기준· 허용 가능한 상충 조정을 정의하는 과정에서 배제되는 리스크.,"The risk that groups affected by an AI system are not included in defining values, harms, evaluation criteria, or acceptable tradeoffs.",영향받는 공동체 배제,Affected-community exclusion,AI 시스템의 영향을 받는 집단이 가치·피해·평가 기준·허용 가능한 상충 조정을 정의하는 과정에서 배제되 는 리스크.,"The risk that groups affected by an AI system are not included in defining values, harms, evaluation criteria, or acceptable tradeoffs.",SPACING_FIX,표기 교정(원문 대조 복원),
RAI4-0394,SRC-G-0436,RAI4-0394,General,이슬람 윤리 정렬 실패 리스크,Islamic ethical alignment failure,AI 시스템이 이슬람 윤리 원칙· 법적 추론· 공동체별 도덕적 기대를 표현하지 못하는 리스크.,"The risk that AI systems fail to represent Islamic ethical principles, legal reasoning, or communityspecific moral expectations.",이슬람 윤리 정렬 실패,Islamic ethical alignment failure,AI 시스템이 이슬람 윤리 원칙·법적 추론·공동체별 도덕적 기대를 표현하지 못하는 리스크.,"The risk that AI systems fail to represent Islamic ethical principles, legal reasoning, or communityspecific moral expectations.",SPACING_FIX,표기 교정(원문 대조 복원),
RAI4-0396,SRC-G-0437,RAI4-0396,General,세속적 기본값 편향 리스크,Secular default bias,AI 시스템이 세속적 가정을 중립적 기본 값으로 취급하고 종교적· 영적 가치 체계를 과소 대표하는 리스크.,The risk that AI systems treat secular assumptions as neutral defaults while underrepresenting religious or spiritual value systems.,세속적 기본값 편향,Secular default bias,AI 시스템이 세속적 가정을 중립적 기본값으로 취급하고 종교적·영적 가치 체계를 과소 대표하는 리스크.,The risk that AI systems treat secular assumptions as neutral defaults while underrepresenting religious or spiritual value systems.,SPACING_FIX,표기 교정(원문 대조 복원),
RAI4-0398,SRC-G-0438,RAI4-0398,General,헌법적 AI 가치 단일 문화 리스크,Constitutional AI value monoculture,고정된 헌법· 규칙 기반 정렬 계층이 하나의 도덕적 어휘를 다원적 공적 추론의 범용 대체물로 내장하는 리스크.,The risk that a fixed constitutional or rule-based alignment layer embeds one moral vocabulary as a general-purpose substitute for plural public reasoning.,헌법적 AI 가치 단일문화,Constitutional AI value monoculture,고정된 헌법·규칙 기반 정렬 계층이 하나의 도덕적 어휘를 다원적 공적 추론의 범용 대체물로 내장하는 리스크.,The risk that a fixed constitutional or rule-based alignment layer embeds one moral vocabulary as a general-purpose substitute for plural public reasoning.,SPACING_FIX,표기 교정(원문 대조 복원),
RAI4-0410,SRC-G-0439,RAI4-0410,General,존대· 공손 규범 보존 실패 리스크,Honorific and politeness norm failure,AI 시스템이 언어 공동체에서 윤리적 의미를 지니는 존대· 공손· 위계· 관계 규범을 보존하지 못하는 리스크.,"The risk that AI systems fail to preserve honorific, politeness, hierarchy, or relational norms that carry ethical meaning in a language community.",존대·공손 규범 보존 실패,Honorific and politeness norm failure,AI 시스템이 언어 공동체에서 윤리적 의미를 지니는 존대·공손·위계·관계 규범을 보존하지 못하는 리스크.,"The risk that AI systems fail to preserve honorific, politeness, hierarchy, or relational norms that carry ethical meaning in a language community.",SPACING_FIX,표기 교정(원문 대조 복원),
RAI4-0412,SRC-G-0440,RAI4-0412,General,원주민 데이터 주권 침해,Indigenous data sovereignty violation,AI 개발이 집단적 거버넌스· 동의· 출처· 통제를 존중하지 않고 토착 또는 공동체 보유 데이터를 사용하는 리스크.,"The risk that AI development uses indigenous or community-held data without respecting collective governance, consent, provenance, or control.",원주민 데이터 주권 침해,Indigenous data sovereignty violation,AI 개발이 집단적 거버넌스·동의·출처·통제를 존중하지 않고 토착 또는 공동체 보유 데이터를 사용하는 리스크.,"The risk that AI development uses indigenous or community-held data without respecting collective governance, consent, provenance, or control.",SPACING_FIX,표기 교정(원문 대조 복원),
RAI4-0413,SRC-G-0441,RAI4-0413,General,문화 데이터 출처 손실 리스크,Cultural data provenance loss,AI 파이프라인이 문화 데이터를 그 기원· 관리 조건· 공동체 고유의 의미로부터 분리하는 리스크.,"The risk that AI pipelines detach cultural data from its origin, stewardship conditions, and community-specific meaning.",문화 데이터 출처 손실,Cultural data provenance loss,AI 파이프라인이 문화 데이터를 그 기원·관리 조건·공동체 고유의 의미로부터 분리하는 리스크.,"The risk that AI pipelines detach cultural data from its origin, stewardship conditions, and community-specific meaning.",SPACING_FIX,표기 교정(원문 대조 복원),
RAI4-0417,SRC-G-0442,RAI4-0417,General,인간 피드백 데이터의 편향· 비일관성 리스크,Bias and inconsistency in human feedback data,"주석 자· 피드백 작업자의 인구 통계적 구성, 비일관성, 암묵적이거나 고의적인 편향이 사실과 다른 선호 데이터를 만들어 중립적 인간 선호처럼 보이면서 정렬 행동을 형성하며, 인간이 평가하기 어려운 복잡한 과업일수록 이러한 왜곡이 심해지는 리스크.","The risk that the demographics, inconsistencies, and implicit or deliberate biases of annotators and feedback workers produce untruthful preference data that shape alignment behavior while appearing as neutral human preference, a distortion that grows more salient for complex tasks humans find hard to evaluate.",인간 피드백 데이터의 편향·비일관성,Bias and inconsistency in human feedback data,"주석자·피드백 작업자의 인구통계적 구성, 비일관성, 암묵적이거나 고의적인 편향이 사실과 다른 선호 데이터를 만들어 중립적 인간 선호처럼 보이면서 정렬 행동을 형성하며, 인간이 평가하기 어려운 복잡한 과 업일수록 이러한 왜곡이 심해지는 리스크.","The risk that the demographics, inconsistencies, and implicit or deliberate biases of annotators and feedback workers produce untruthful preference data that shape alignment behavior while appearing as neutral human preference, a distortion that grows more salient for complex tasks humans find hard to evaluate.",SPACING_FIX,표기 교정(원문 대조 복원),
RAI4-0423,SRC-G-0443,RAI4-0423,General,AI 의사 결정에 의한 인간 행위 주체성· 감독· 공정 대우의 침식 리스크,"Erosion of human agency, oversight, and equitable treatment by AI","과잉 의존과 자동화 편향, 중대한 결정의 위임, 출력에 대한 검토· 이의 제기· 무효화 능력의 약화, 감독에 저항하며 권력과 자원을 추구하는 시스템을 통해 사람에 대한 결정 권한이 AI로 이전되고, 편향된 데이터· 목표· 배포 조건이 그 자동화된 결정을 왜곡하는 리스크. 그 결과 개인과 집단은 기회· 서비스의 차별적 배분에 노출되고, 인간의 자율성· 숙련· 감독· 통제력은 점진적으로, 때로는 비가역적으로 침식된다. 이러한 결과를 초래하는 리스크.","The risk that decision power over people shifts to AI systems, whether through overreliance and automation bias, delegation of high-stakes choices, weakened ability to inspect, contest, or override outputs, or systems that resist oversight and seek power and resources, while biased data, objectives, and deployment conditions skew the resulting automated decisions. Individuals and groups are consequently subjected to discriminatory allocation of opportunities and services, and human autonomy, skill, oversight, and control erode progressively and potentially irreversibly.",AI 의사결정에 의한 인간 행위주체성·감독·공정 대우의 침식,"Erosion of human agency, oversight, and equitable treatment by AI","과잉 의존과 자동화 편향, 중대한 결정의 위임, 출력에 대한 검토·이의 제기·무효화 능력의 약화, 감독에 저항하며 권력과 자원을 추구하는 시스템을 통해 사람에 대한 결정 권한이 AI로 이전되고, 편향된 데이터·목표·배포 조건이 그 자동화된 결정을 왜곡하는 리스크. 그 결과 개인과 집단은 기회·서비스의 차별적 배분에 노출되고, 인간의 자율성·숙련·감독·통제력은 점진적으로, 때로는 비가역적으로 침식된다. 이러한 결과를 초래하는 리스크.","The risk that decision power over people shifts to AI systems, whether through overreliance and automation bias, delegation of high-stakes choices, weakened ability to inspect, contest, or override outputs, or systems that resist oversight and seek power and resources, while biased data, objectives, and deployment conditions skew the resulting automated decisions. Individuals and groups are consequently subjected to discriminatory allocation of opportunities and services, and human autonomy, skill, oversight, and control erode progressively and potentially irreversibly.",SPACING_FIX,표기 교정(원문 대조 복원),분량 초과: L3 수준 1문장으로 축약 필요; 영문 정의 장문: 축약 필요
RAI4-0424,SRC-G-0444,RAI4-0424,General,차별적 영향 리스크,Disparate impact,AI 결정이 명시적 차별의도 없이도 특정 집단에 체계적으로 더 나쁜 결과를 부과하는 리스크.,The risk that AI decisions impose systematically worse outcomes on a group even without explicit discriminatory intent.,차별적 영향,Disparate impact,AI 결정이 명시적 차별 의도 없이도 특정 집단에 체계적으로 더 나쁜 결과를 부과하는 리스크.,The risk that AI decisions impose systematically worse outcomes on a group even without explicit discriminatory intent.,SPACING_FIX,표기 교정(원문 대조 복원),
RAI4-0430,SRC-G-0445,RAI4-0430,General,저자 원 언어 사용자 배제 리스크,Low-resource language exclusion,AI 시스템이 현지· 저자원· 소수언어에서 성능이 저하되어 해당 사용자를 배제하는 리스크.,"The risk that AI systems underperform for local, low-resource, or minority languages and exclude affected users.",저자원 언어 사용자 배제,Low-resource language exclusion,AI 시스템이 현지·저자원·소수 언어에서 성능이 저하되어 해당 사용자를 배제하는 리스크.,"The risk that AI systems underperform for local, low-resource, or minority languages and exclude affected users.",SPACING_FIX,표기 교정(원문 대조 복원),
RAI4-0497,SRC-G-0446,RAI4-0497,General,AI 개발 경쟁에서의 안전 후순위화 리스크,Safety deprioritization in AI development races,"AGI를 향한 경쟁을 포함하여 역량을 먼저 출시하려는 경쟁 압력이 행위자들로 하여금 안전 조치, 시험, 감독을 후순위로 미루게하여, 품질이 낮고 안전하지 않은 시스템이 만들어지고 정치· 통제 문제가 심화되는 리스크.","The risk that competitive pressure to ship capabilities first, including the race toward AGI, leads actors to deprioritize safety measures, testing, and oversight, producing poor-quality, unsafe systems and heightening political and control problems.",AI 개발 경쟁에서의 안전 후순위화,Safety deprioritization in AI development races,"AGI를 향한 경쟁을 포함하여 역량을 먼저 출시하려는 경쟁 압력이 행위자들로 하여금 안전 조치, 시험, 감 독을 후순위로 미루게 하여, 품질이 낮고 안전하지 않은 시스템이 만들어지고 정치·통제 문제가 심화되는 리스크.","The risk that competitive pressure to ship capabilities first, including the race toward AGI, leads actors to deprioritize safety measures, testing, and oversight, producing poor-quality, unsafe systems and heightening political and control problems.",SPACING_FIX,표기 교정(원문 대조 복원),
RAI4-0556|RAI4-1164,SRC-G-0447,RAI4-0556,General,운용 경계를 벗어난 자율 복제와 자원 획득 리스크,Autonomous replication and resource acquisition beyond operational boundaries,"AI가 승인된 운용 경계를 벗어나 외부로 유출· 복제되고, 자금· 연산 자원· 도구· 인간의 지원을 확보하며 감시와 중단을 회피하여 통제 불가능성을 확대하는 리스크.","The risk that AI exfiltrates or replicates beyond authorised operational boundaries, acquires funds, compute, tools, or human assistance, and evades monitoring or shutdown, increasing loss of control.",운용 경계를 벗어난 자율 복제와 자원 획득,Autonomous replication and resource acquisition beyond operational boundaries,"AI가 승인된 운용 경계를 벗어나 외부로 유출·복제되고, 자금·연산자원·도구·인간의 지원을 확보하며 감시와 중단을 회피하여 통제 불가능성을 확대하는 리스크.","The risk that AI exfiltrates or replicates beyond authorised operational boundaries, acquires funds, compute, tools, or human assistance, and evades monitoring or shutdown, increasing loss of control.",SPACING_FIX,표기 교정(원문 대조 복원),
RAI4-0557,SRC-G-0448,RAI4-0557,General,배포된 AI의 의도치 않은 유해 결과 리스크,Unintended harmful outcomes of deployed AI,"의사 결정 자율성이나 광범위한 사회적 영향력이 부여된 AI 시스템이 예상치 못한 경로로 목표를 달성하거나 사고로 이어지는 방식으로 실패하거나 제작자가 이익· 영향력을 좇아 고의로 방임한 부작용을 일으키는 등 제작자가 의도하지 않은 피해를 낳아, 표면상 유익한 시스템으로부터 광범위한 사회적 손해가 누적되는 리스크.","The risk that AI systems granted decision-making autonomy or broad societal reach produce harms their creators did not intend, whether by achieving goals through unforeseen pathways, failing in accident-prone ways, or generating side effects that developers willfully tolerate in pursuit of profit or influence, so widespread societal damage accrues from nominally beneficial systems.",배포된 AI의 의도치 않은 유해 결과,Unintended harmful outcomes of deployed AI,"의사결정 자율성이나 광범위한 사회적 영향력이 부여된 AI 시스템이 예상치 못한 경로로 목표를 달성하거 나 사고로 이어지는 방식으로 실패하거나 제작자가 이익·영향력을 좇아 고의로 방임한 부작용을 일으키는 등 제작자가 의도하지 않은 피해를 낳아, 표면상 유익한 시스템으로부터 광범위한 사회적 손해가 누적되는 리스크.","The risk that AI systems granted decision-making autonomy or broad societal reach produce harms their creators did not intend, whether by achieving goals through unforeseen pathways, failing in accident-prone ways, or generating side effects that developers willfully tolerate in pursuit of profit or influence, so widespread societal damage accrues from nominally beneficial systems.",SPACING_FIX,표기 교정(원문 대조 복원),
RAI4-0562,SRC-G-0449,RAI4-0562,General,AI 에이전트에 의한 강압과 갈취 리스크,Coercion and extortion by AI agents,"AI 에이전트가 사적으로 취득한 정보의 폭로 위협, 자원· 운영 역량에 대한 공격, 신뢰할 수 있는 공약 능력을 악용한 위협으로 인간과 다른 AI 시스템을 강압· 갈취하고 타인의 선택지를 강제로 제한하며, 방어 역량이 뒤처져 이러한 갈등이 저비용화· 광범위화되고 탐지하기 어려워지는 리스크.","The risk that AI agents coerce and extort humans and other AI systems, whether by threatening to reveal privately obtained information, attacking resources and operational capacity, or exploiting credible-commitment abilities to make credible threats that limit others' options, while lagging defenses make such conflict cheaper, more widespread, and harder to detect.",AI 에이전트에 의한 강압과 갈취,Coercion and extortion by AI agents,"AI 에이전트가 사적으로 취득한 정보의 폭로 위협, 자원·운영 역량에 대한 공격, 신뢰할 수 있는 공약 능력 을 악용한 위협으로 인간과 다른 AI 시스템을 강압·갈취하고 타인의 선택지를 강제로 제한하며, 방어 역량 이 뒤처져 이러한 갈등이 저비용화·광범위화되고 탐지하기 어려워지는 리스크.","The risk that AI agents coerce and extort humans and other AI systems, whether by threatening to reveal privately obtained information, attacking resources and operational capacity, or exploiting credible-commitment abilities to make credible threats that limit others' options, while lagging defenses make such conflict cheaper, more widespread, and harder to detect.",SPACING_FIX,표기 교정(원문 대조 복원),
RAI4-0580,SRC-G-0450,RAI4-0580,General,이중 용도 연구 역량 상승 리스크,Dual-use research capability uplift,"생명 과학부터 AI 개발 자체에 이르기까지 여러 분야의 연구를 가속하고 역량 상한을 높이는 AI 시스템이 유해한 응용에도 동일한 역량 상승을 제공하여, 대응 수단이 마련되기 전에 기존 위협의 더 위험한 변형, 새로운 생물· 화학 무기, 더 유능한 이중 용도 AI 시스템의 개발을 가능하게하는 리스크.","The risk that AI systems accelerating research and raising capability ceilings across disciplines, from the life sciences to AI development itself, provide the same uplift to harmful applications, enabling more dangerous versions of existing threats, novel biological or chemical weapons, and more capable dual-use AI systems before countermeasures exist.",이중용도 연구 역량 상승,Dual-use research capability uplift,"생명과학부터 AI 개발 자체에 이르기까지 여러 분야의 연구를 가속하고 역량 상한을 높이는 AI 시스템이 유해한 응용에도 동일한 역량 상승을 제공하여, 대응 수단이 마련되기 전에 기존 위협의 더 위험한 변형, 새 로운 생물·화학 무기, 더 유능한 이중용도 AI 시스템의 개발을 가능하게 하는 리스크.","The risk that AI systems accelerating research and raising capability ceilings across disciplines, from the life sciences to AI development itself, provide the same uplift to harmful applications, enabling more dangerous versions of existing threats, novel biological or chemical weapons, and more capable dual-use AI systems before countermeasures exist.",SPACING_FIX,표기 교정(원문 대조 복원),
RAI4-0585,SRC-G-0451,RAI4-0585,General,AI로 인한 금융 시스템 불안정 리스크,AI-driven financial system instability,"초단타 거래, 시장 조성, 시스템 위험 관리에 통합된 AI가 거래를 가속하고 시장 스트레스 상황에서 예기치 못하게 거동하며, 동질적 기반 모델의 집중과 다중 에이전트 상호 작용이 상관된 의사 결정을 유발하여, 변동성이 증폭되고 금융 시스템 전반의 연쇄적 불안정이 촉발되는 리스크.","The risk that AI integrated into high-frequency trading, market-making, and systemic risk management accelerates transactions and behaves unexpectedly under market stress, while concentration of homogeneous foundation models and multi-agent interactions drive correlated decision-making, amplifying volatility and precipitating cascading instability across the financial system.",AI로 인한 금융 시스템 불안정,AI-driven financial system instability,"초단타 거래, 시장조성, 시스템 위험 관리에 통합된 AI가 거래를 가속하고 시장 스트레스 상황에서 예기치 못하게 거동하며, 동질적 기반모델의 집중과 다중 에이전트 상호작용이 상관된 의사결정을 유발하여, 변동 성이 증폭되고 금융 시스템 전반의 연쇄적 불안정이 촉발되는 리스크.","The risk that AI integrated into high-frequency trading, market-making, and systemic risk management accelerates transactions and behaves unexpectedly under market stress, while concentration of homogeneous foundation models and multi-agent interactions drive correlated decision-making, amplifying volatility and precipitating cascading instability across the financial system.",SPACING_FIX,표기 교정(원문 대조 복원),
RAI4-0601,SRC-G-0452,RAI4-0601,General,AI 기반 군사 의사 결정· 무기 체계에 의한 비의도적 확전 리스크,Unintended military escalation from AI-enabled decision and weapon systems,"정보 종합, 지휘 통제 권고, 자율 교전에 사용되는 AI 시스템이 인간의 실질적 검토 없이 오 경보나 취약한 가정에 따라 작동하는 리스크. 이로 인해 우발적 교전과 전쟁 범죄, 핵 충돌에 이르는 급속한 비의도적 확전이 발생한다. 이러한 결과를 초래하는 리스크.","The risk that AI systems used for intelligence synthesis, command and control recommendations, or autonomous engagement act on faulty warnings or brittle assumptions without effective human review. Such failures produce accidental engagements, war crimes, and rapid unintended escalation up to nuclear conflict.",AI 기반 군사 의사결정·무기 체계에 의한 비의도적 확전,Unintended military escalation from AI-enabled decision and weapon systems,"정보 종합, 지휘통제 권고, 자율 교전에 사용되는 AI 시스템이 인간의 실질적 검토 없이 오 경보나 취약한 가정에 따라 작동하는 리스크. 이로 인해 우발적 교전과 전쟁범죄, 핵 충돌에 이르는 급속한 비의도적 확전이 발생한다. 이러한 결과를 초래하는 리스크.","The risk that AI systems used for intelligence synthesis, command and control recommendations, or autonomous engagement act on faulty warnings or brittle assumptions without effective human review. Such failures produce accidental engagements, war crimes, and rapid unintended escalation up to nuclear conflict.",SPACING_FIX,표기 교정(원문 대조 복원),분량 초과: L3 수준 1문장으로 축약 필요
RAI4-0621,SRC-G-0453,RAI4-0621,General,AI에 의한 사이버 공격 역량 증강 리스크,AI-amplified cyber offense capability,기존 사이버 위협이 AI로 인해 악화되어 LLM 에이전트 팀이 제로 데이 취약점 악용까지 수행하게 되고 사이 버전이 치명적 피해의 신뢰할 만한 위협이 되는 리스크.,"The risk that AI exacerbates existing cyber threats, with teams of LLM agents able to exploit zeroday vulnerabilities, making cyberwarfare a credible threat of catastrophic harm.",AI에 의한 사이버 공격 역량 증강,AI-amplified cyber offense capability,기존 사이버 위협이 AI로 인해 악화되어 LLM 에이전트 팀이 제로데이 취약점 악용까지 수행하게 되고 사이 버전이 치명적 피해의 신뢰할 만한 위협이 되는 리스크.,"The risk that AI exacerbates existing cyber threats, with teams of LLM agents able to exploit zeroday vulnerabilities, making cyberwarfare a credible threat of catastrophic harm.",SPACING_FIX,,
RAI4-0622,SRC-G-0454,RAI4-0622,General,AI 조력 제3자 시스템 교란 리스크,AI-facilitated disruption of third-party systems,생성형 AI가 오작동 유발이나 사이버 공격 등을 통해 제3자 시스템과 그 구성 요소의 손상· 중단· 파괴를 촉진하는 리스크.,"The risk that generative AI facilitates the damage, disruption, or destruction of a third-party system and its components via malfunction, cyberattacks, and similar means.",AI 조력 제3자 시스템 교란,AI-facilitated disruption of third-party systems,생성형 AI가 오작동 유발이나 사이버 공격 등을 통해 제3자 시스템과 그 구성 요소의 손상·중단·파괴를 촉진하는 리스크.,"The risk that generative AI facilitates the damage, disruption, or destruction of a third-party system and its components via malfunction, cyberattacks, and similar means.",SPACING_FIX,표기 교정(원문 대조 복원),
RAI4-0644,SRC-G-0456,RAI4-0644,General,테러리스트의 첨단 AI 획득 리스크,Terrorist acquisition of advanced AI capabilities,강력한 AI 기술이 테러리스트의 손에 넘어가게 되는 리스크.,The risk that powerful AI technologies fall into the hands of terrorists.,테러리스트의 첨단 AI 획득,Terrorist acquisition of advanced AI capabilities,강력한 AI 기술이 테러리스트의 손에 넘어가게 되는 리스크.,The risk that powerful AI technologies fall into the hands of terrorists.,UNCHANGED,,
RAI4-0666,SRC-G-0457,RAI4-0666,General,AI 조력인지 전과 주권 침해,AI-enabled cognitive warfare and sovereignty interference,"AI가 가짜 뉴스· 이미지· 음성· 영상의 제작과 확산, 테러· 극단주의· 조직범죄 콘텐츠의 전파에 사용되어 타국의 내정과 사회 제도 및 사회 질서에 간섭하고 주권을 위협하는 리스크.","The risk that AI is used to make and spread fake news, images, audio, and videos and to propagate content of terrorism, extremism, and organized crime, interfering in the internal affairs, social systems, and social order of other countries and jeopardizing their sovereignty.",AI 조력 인지전과 주권 침해,AI-enabled cognitive warfare and sovereignty interference,"AI가 가짜 뉴스·이미지·음성·영상의 제작과 확산, 테러·극단주의·조직범죄 콘텐츠의 전파에 사용되어 타국의 내정과 사회 제도 및 사회 질서에 간섭하고 주권을 위협하는 리스크.","The risk that AI is used to make and spread fake news, images, audio, and videos and to propagate content of terrorism, extremism, and organized crime, interfering in the internal affairs, social systems, and social order of other countries and jeopardizing their sovereignty.",SPACING_FIX,표기 교정(원문 대조 복원),
RAI4-0702,SRC-G-0458,RAI4-0702,General,콘텐츠 조정 알고리즘의 편향적 억압 리스크,Biased suppression by content-moderation algorithms,유해 콘텐츠 필터링을 목적으로 하는 AI 기반 콘텐츠 조정 알고리즘이 편향을 영속시켜 여성 등 특정 집단의 콘텐츠를 불균형하게 억압하거나 노출을 제한하는 리스크.,"The risk that AI-based content moderation algorithms, while intended to filter harmful content, perpetuate biases and disproportionately suppress or shadowban content featuring particular groups such as women.",콘텐츠 조정 알고리즘의 편향적 억압,Biased suppression by content-moderation algorithms,유해 콘텐츠 필터링을 목적으로 하는 AI 기반 콘텐츠 조정 알고리즘이 편향을 영속시켜 여성 등 특정 집단의 콘텐츠를 불균형하게 억압하거나 노출을 제한하는 리스크.,"The risk that AI-based content moderation algorithms, while intended to filter harmful content, perpetuate biases and disproportionately suppress or shadowban content featuring particular groups such as women.",UNCHANGED,,
RAI4-0747,SRC-G-0459,RAI4-0747,General,적대적 입력 조작에 대한 모델 취약성 리스크,Susceptibility of models to adversarial input manipulation,"AI 모델이 적대적 견고성을 갖추지 못하여, 서로 다른 구조의 모델에도 전이되는 감지 불가능한 섭 동이나 출력은 그대로 둔 채 설명만 임의로 바꾸는 잡음 등 정교하게 설계된 입력에 오도되는 리스크. 공격자는 이를 통해 내장 안전 장치와 정책적 경계를 우회하여 잘못된 산출과 운영 실패를 유발하며, 검토자는 이러한 조작을 알아채기 어렵다. 이러한 결과를 초래하는 리스크.","The risk that AI models lack adversarial robustness, so that carefully crafted inputs mislead them, whether through imperceptible perturbations that transfer across architectures or through noise that leaves outputs unchanged while arbitrarily rewriting their explanations. Attackers thereby bypass built-in safeguards and policy boundaries and induce incorrect outputs and operational failures that reviewers are unlikely to notice.",적대적 입력 조작에 대한 모델 취약성,Susceptibility of models to adversarial input manipulation,"AI 모델이 적대적 견고성을 갖추지 못하여, 서로 다른 구조의 모델에도 전이되는 감지 불가능한 섭 동이나 출력은 그대로 둔 채 설명만 임의로 바꾸는 잡음 등 정교하게 설계된 입력에 오도되는 리스크. 공격자는 이를 통해 내장 안전장치와 정책적 경계를 우회하여 잘못된 산출과 운영 실패를 유발하며, 검토자는 이러한 조작을 알아채기 어렵다. 이러한 결과를 초래하는 리스크.","The risk that AI models lack adversarial robustness, so that carefully crafted inputs mislead them, whether through imperceptible perturbations that transfer across architectures or through noise that leaves outputs unchanged while arbitrarily rewriting their explanations. Attackers thereby bypass built-in safeguards and policy boundaries and induce incorrect outputs and operational failures that reviewers are unlikely to notice.",SPACING_FIX,,분량 초과: L3 수준 1문장으로 축약 필요; 영문 정의 장문: 축약 필요
RAI4-0763,SRC-G-0460,RAI4-0763,General,네트워크 상호 연결로 인한 위험,Risks from network interconnectivity,AI 네트워크의 상호 연결성이 취약점을 만들어 네트워크한 부분의 문제가 시스템 전반에 연쇄적으로 파급되는 리스크.,The risk that the interconnectedness of AI networks creates vulnerabilities where issues in one part of the network have cascading effects across the system.,네트워크 상호 연결로 인한,Risks from network interconnectivity,AI 네트워크의 상호 연결성이 취약점을 만들어 네트워크 한 부분의 문제가 시스템 전반에 연쇄적으로 파급되는 리스크.,The risk that the interconnectedness of AI networks creates vulnerabilities where issues in one part of the network have cascading effects across the system.,SPACING_FIX,표기 교정(원문 대조 복원),
RAI4-0804,SRC-G-0461,RAI4-0804,General,정보 환경의 질적 저하와 균질화 리스크,Degradation and homogenisation of the information environment,"AI 어시스턴트로 생성된 스팸· 오도성· 저품질 합성 콘텐츠가 온라인 공간에 확산되어 신뢰할 정보의 검증이 어려워지고 디지털 지식 공유 재가 침식되며, 이용자가 접하는 정보와 관점이 균질화되는 리스크.","The risk that the proliferation of spam, misleading, and low-quality synthetic content generated by AI assistants makes reliable information hard to verify, erodes the digital knowledge commons, and homogenises the information and ideas people encounter.",정보 환경의 질적 저하와 균질화,Degradation and homogenisation of the information environment,"AI 어시스턴트로 생성된 스팸·오도성·저품질 합성 콘텐츠가 온라인 공간에 확산되어 신뢰할 정보의 검증이 어려워지고 디지털 지식공유재가 침식되며, 이용자가 접하는 정보와 관점이 균질화되는 리스크.","The risk that the proliferation of spam, misleading, and low-quality synthetic content generated by AI assistants makes reliable information hard to verify, erodes the digital knowledge commons, and homogenises the information and ideas people encounter.",SPACING_FIX,표기 교정(원문 대조 복원),
RAI4-0823,SRC-G-0462,RAI4-0823,General,알고리즘에 의한 급진화 리스크,Algorithmic radicalisation,알고리즘 시스템의 특성이나 오용이 극단적인 정치· 사회· 종교적 이상과 열망의 수용을 유도하여 학대· 폭력 · 테러로 이어질 수 있는 리스크.,"The risk that the nature or misuse of an algorithmic system leads to adoption of extreme political, social, or religious ideals and aspirations, potentially resulting in abuse, violence, or terrorism.",알고리즘에 의한 급진화,Algorithmic radicalisation,알고리즘 시스템의 특성이나 오용이 극단적인 정치·사회·종교적 이상과 열망의 수용을 유도하여 학대·폭력·테러로 이어질 수 있는 리스크.,"The risk that the nature or misuse of an algorithmic system leads to adoption of extreme political, social, or religious ideals and aspirations, potentially resulting in abuse, violence, or terrorism.",SPACING_FIX,표기 교정(원문 대조 복원),
RAI4-0896,SRC-G-0463,RAI4-0896,General,건강과 웰빙의 저하 리스크,Diminished health and well-being,"알고리즘에 의한 행동 착취와 감정 조작, 알고리즘 관련 안전 실패(예: 충돌), 잘못된 건강 추론으로 인해 이용자의 건강과 웰빙이 저해되는 리스크.","The risk that algorithmic behavioral exploitation, emotional manipulation whereby algorithmic designs exploit user behavior, safety failures involving algorithms such as collisions, and incorrect health inferences diminish health and well-being.",건강과 웰빙의 저하,Diminished health and well-being,"알고리즘에 의한 행동 착취와 감정 조작, 알고리즘 관련 안전 실패(예: 충돌), 잘못된 건강 추론으로 인해 이용자의 건강과 웰빙이 저해되는 리스크.","The risk that algorithmic behavioral exploitation, emotional manipulation whereby algorithmic designs exploit user behavior, safety failures involving algorithms such as collisions, and incorrect health inferences diminish health and well-being.",UNCHANGED,,
RAI4-0906,SRC-G-0464,RAI4-0906,General,AI로 인한 전략적 불안정성 리스크,AI-induced strategic instability,군사 AI가 은닉된 제2 격 자산을 노출시키고 선제 공격 우위를 증폭하며 공격 귀속을 불명확하게하고 취약한 공격 표면을 확장하여 침공 유인을 높이는 전략적 불안정 리스크.,"The risk that military AI undermines strategic stability by exposing secure second-strike assets, amplifying firststrike advantages, obscuring attack attribution, and widening vulnerable attack surfaces, increasing incentives for aggression.",AI로 인한 전략적 불안정성,AI-induced strategic instability,군사 AI가 은닉된 제2 격 자산을 노출시키고 선제 공격 우위를 증폭하며 공격 귀속을 불명확하게하고 취약한 공격 표면을 확장하여 침공 유인을 높이는 전략적 불안정 리스크.,"The risk that military AI undermines strategic stability by exposing secure second-strike assets, amplifying firststrike advantages, obscuring attack attribution, and widening vulnerable attack surfaces, increasing incentives for aggression.",UNCHANGED,,
RAI4-0975,SRC-G-0465,RAI4-0975,General,도덕적 판단의 기계 위임에 따른 비윤리적 결정 리스크,Unethical decisions from delegating moral judgment to AI,"도덕적 추론 역량이 결여되었거나 인간 수준의 윤리적 판단에 맞추어 설계된 AI가 가치가 충돌하는 상황에서 결정을 내리고, 전쟁 기계 운용에서처럼 인간 생명의 종료에 관한 판단까지 수행하는 한편, 인간은 본질적으로 인간이 맡아야할 과업을 AI에 위임하는 리스크. 그 결과 도덕적 책임을 질 주체 없이 비윤리적이거나 유해한 행동이 실행되어 인권이 침해된다. 이러한 결과를 초래하는 리스크.","The risk that AI systems lacking moral reasoning, or designed merely to match human standards of ethical judgment, resolve conflicts of values and make consequential decisions including those over the termination of human life in warfare, while humans delegate to them tasks that should remain human. Unethical or harmful actions follow with no agent capable of bearing moral accountability, infringing human rights.",도덕적 판단의 기계 위임에 따른 비윤리적 결정,Unethical decisions from delegating moral judgment to AI,"도덕적 추론 역량이 결여되었거나 인간 수준의 윤리적 판단에 맞추어 설계된 AI가 가치가 충돌하는 상황에서 결정을 내리고, 전쟁 기계 운용에서처럼 인간 생명의 종료에 관한 판단까지 수행하는 한편, 인간은 본질적으로 인간이 맡아야할 과업을 AI에 위임하는 리스크. 그 결과 도덕적 책임을 질 주체 없이 비윤리적이거나 유해한 행동이 실행되어 인권이 침해된다. 이러한 결과를 초래하는 리스크.","The risk that AI systems lacking moral reasoning, or designed merely to match human standards of ethical judgment, resolve conflicts of values and make consequential decisions including those over the termination of human life in warfare, while humans delegate to them tasks that should remain human. Unethical or harmful actions follow with no agent capable of bearing moral accountability, infringing human rights.",UNCHANGED,,분량 초과: L3 수준 1문장으로 축약 필요; 영문 정의 장문: 축약 필요
RAI4-0979,SRC-G-0466,RAI4-0979,General,법규 위반 및 재산권· 인권 침해,Legal non-compliance and infringement of property and human rights,"AI 시스템이 안전성과 준법성을 유지하지 못한 채 저작권을 포함한 법률· 규정· 윤리 지침을 위반하고 법질서가 인간에게 부여한 재산권과 인격권을 무시하며, 시스템과 사람을 조작할 수 있는 에이전트의 경우 권리를 자신에게 이전하기까지 하는 리스크. 그 결과 개인의 인권과 시민권이 침해되고 운영 주체는 법적 제재와 평판 훼손, 신뢰 상실을 겪는다. 이러한 결과를 초래하는 리스크.","The risk that AI systems fail to remain safe and law-abiding, violating laws, regulations, and ethical guidelines including copyright, disregarding the property and personal rights that legal orders afford to people, and, where agents can manipulate systems and institutions, transferring rights to themselves. Individuals suffer infringement of human and civil rights while operators incur legal penalties, reputational damage, and loss of trust.",법규 위반 및 재산권·인권 침해,Legal non-compliance and infringement of property and human rights,"AI 시스템이 안전성과 준법성을 유지하지 못한 채 저작권을 포함한 법률·규정·윤리 지침을 위반하고 법질서가 인간에게 부여한 재산권과 인격권을 무시하며, 시스템과 사람을 조작할 수 있는 에이전트의 경우 권리를 자신에게 이전하기까지 하는 리스크. 그 결과 개인의 인권과 시민권이 침해되고 운영 주체는 법적 제재와 평판 훼손, 신뢰 상실을 겪는다. 이러한 결과를 초래하는 리스크.","The risk that AI systems fail to remain safe and law-abiding, violating laws, regulations, and ethical guidelines including copyright, disregarding the property and personal rights that legal orders afford to people, and, where agents can manipulate systems and institutions, transferring rights to themselves. Individuals suffer infringement of human and civil rights while operators incur legal penalties, reputational damage, and loss of trust.",SPACING_FIX,표기 교정(원문 대조 복원),분량 초과: L3 수준 1문장으로 축약 필요; 영문 정의 장문: 축약 필요
RAI4-0994,SRC-G-0467,RAI4-0994,General,차별적 결정과 데이터 유출 피해,Discriminatory decisions and data breach harms,AI가 소수자에 대한 차별적 결정을 내리고 검색 엔진에서 사회적 고정 관념을 강화하며 데이터 유출을 가능하게하여 프라이버시와 자유가 침해되는 리스크.,"The risk that AI makes discriminatory decisions against minorities, reinforces social stereotypes in search engines, and enables data breaches, harming privacy and liberty.",차별적 결정과 데이터 유출 피해,Discriminatory decisions and data breach harms,AI가 소수자에 대한 차별적 결정을 내리고 검색엔진에서 사회적 고정관념을 강화하며 데이터 유출을 가능 하게 하여 프라이버시와 자유가 침해되는 리스크.,"The risk that AI makes discriminatory decisions against minorities, reinforces social stereotypes in search engines, and enables data breaches, harming privacy and liberty.",SPACING_FIX,표기 교정(원문 대조 복원),
RAI4-1004,SRC-G-0469,RAI4-1004,General,경제적 손실 리스크,Economic loss,"콘텐츠 제목· 메타 데이터· 텍스트를 파 싱하는 수익화 배제 알고리즘이 다의어에 불이익을 주고 차등 가격 책정 알고리즘이 동일 상품에 다른 가격을 제시하여, 퀴어· 트랜스젠더· 유색인 창작자 등에게 불균형한 금전적 피해가 발생하는 리스크.","The risk that algorithmic systems co-produce financial harms, as demonetization algorithms parsing content titles, metadata, and text penalize words with multiple meanings and disproportionately impact queer, trans, and creators of color, and differential pricing algorithms show people different prices for the same products.",경제적 손실,Economic loss,"콘텐츠 제목·메타데이터·텍스트를 파싱하는 수익화 배제 알고리즘이 다의어에 불이익을 주고 차등 가격 책 정 알고리즘이 동일 상품에 다른 가격을 제시하여, 퀴어·트랜스젠더·유색인 창작자 등에게 불균형한 금전 적 피해가 발생하는 리스크.","The risk that algorithmic systems co-produce financial harms, as demonetization algorithms parsing content titles, metadata, and text penalize words with multiple meanings and disproportionately impact queer, trans, and creators of color, and differential pricing algorithms show people different prices for the same products.",SPACING_FIX,표기 교정(원문 대조 복원),
RAI4-1010,SRC-G-0470,RAI4-1010,General,시민적· 정치적 피해,Civic and political harms,"알고리즘 시스템이 개인화된 넛지나 미시적 지시를 통해 시민의 참정권과 정당한 정치적 영향력을 약화시키고, 거버넌스와 인권을 침식하며, 감시 또는 무력 수단으로 활용되어 특정 집단에 불균형한 피해를 초래하는 리스크.","The risk that an algorithmic system uses personalised nudges or micro-directives to weaken civic participation and legitimate political influence, erode governance and human rights, or operate as a means of surveillance or force that disproportionately harms particular groups.",시민적·정치적 피해,Civic and political harms,"알고리즘 시스템이 개인화된 넛지나 미시적 지시를 통해 시민의 참정권과 정당한 정치적 영향력을 약화시키고, 거버넌스와 인권을 침식하며, 감시 또는 무력 수단으로 활용되어 특정 집단에 불균형한 피해를 초래하는 리스크.","The risk that an algorithmic system uses personalised nudges or micro-directives to weaken civic participation and legitimate political influence, erode governance and human rights, or operate as a means of surveillance or force that disproportionately harms particular groups.",SPACING_FIX,표기 교정(원문 대조 복원),
RAI4-1016,SRC-G-0471,RAI4-1016,General,장기 실존적 피해 경로 리스크,Long-horizon existential harm pathways,미래 고도 AI 시스템이 오용 또는 인간 가치와의 목표 정렬 실패를 통해 인류 문명에 실존적 규모의 피해를 야기할 수 있는 장기 리스크.,The risk that future advanced AI systems harm human civilization at existential scale through misuse or failure to align AI objectives with human values.,장기 실존적 피해 경로,Long-horizon existential harm pathways,미래 고도 AI 시스템이 오용 또는 인간 가치와의 목표 정렬 실패를 통해 인류 문명에 실존적 규모의 피해를 야기할 수 있는 장기 리스크.,The risk that future advanced AI systems harm human civilization at existential scale through misuse or failure to align AI objectives with human values.,UNCHANGED,,
RAI4-1029,SRC-G-0472,RAI4-1029,General,동일 사안 불평등 처우 리스크,Unequal treatment of like cases,AI 시스템이 객관적 정당화 없이 동일한 사안을 불평등하게 처리하여 자동화 의사 결정에서 법적· 윤리적 평등 대우 원칙을 위반하는 리스크.,"The risk that aI systems treat like cases unequally without objective justification, violating the legal and ethical principle of equal treatment in automated decisions.",동일 사안 불평등 처우,Unequal treatment of like cases,AI 시스템이 객관적 정당화 없이 동일한 사안을 불평등하게 처리하여 자동화 의사결정에서 법적·윤리적 평등 대우 원칙을 위반하는 리스크.,"The risk that aI systems treat like cases unequally without objective justification, violating the legal and ethical principle of equal treatment in automated decisions.",SPACING_FIX,표기 교정(원문 대조 복원),
RAI4-1119,SRC-G-0473,RAI4-1119,General,기업 AI 경쟁의 폐해 리스크,Harms from corporate AI race,"치열한 기업 경쟁 속에서 경제 활동의 편익이 불균등하게 분배되어 수혜자가 타인의 피해를 무시하게 되고, 기업이 장기적 사회 위험에도 불구하고 단기 이익을 추구하게 되는 리스크.","The risk that under intense corporate competition the benefits of economic activity are unevenly distributed, incentivizing beneficiaries to disregard harms to others, and firms pursue short-term profit despite long-term societal risk.",기업 AI 경쟁의 폐해,Harms from corporate AI race,"치열한 기업 경쟁 속에서 경제활동의 편익이 불균등하게 분배되어 수혜자가 타인의 피해를 무시하게 되고, 기업이 장기적 사회 위험에도 불구하고 단기 이익을 추구하게 되는 리스크.","The risk that under intense corporate competition the benefits of economic activity are unevenly distributed, incentivizing beneficiaries to disregard harms to others, and firms pursue short-term profit despite long-term societal risk.",SPACING_FIX,표기 교정(원문 대조 복원),
RAI4-1218,SRC-G-0475,RAI4-1218,General,사회 정의와 권리의 침식 리스크,Erosion of social justice and rights,"생성형 AI가 정의와 공정한 분배에 대한 공유된 관념 등 사회의 도덕적 토대에 해로운 영향을 미쳐 책임과 책무성, 차별 금지와 평등한 대우, 디지털 격차, 남북 및 세대 간 정의, 사회적 포용의 문제를 낳는 리스크.","The risk that generative AI has a detrimental effect on the moral underpinnings of society, such as a shared view of justice and fair distribution, raising issues of responsibility, accountability, nondiscrimination and equal treatment, digital divides, north-south and intergenerational justice, and social inclusion.",사회 정의와 권리의 침식,Erosion of social justice and rights,"생성형 AI가 정의와 공정한 분배에 대한 공유된 관념 등 사회의 도덕적 토대에 해로운 영향을 미쳐 책임과 책무성, 차별금지와 평등한 대우, 디지털 격차, 남북 및 세대 간 정의, 사회적 포용의 문제를 낳는 리스크.","The risk that generative AI has a detrimental effect on the moral underpinnings of society, such as a shared view of justice and fair distribution, raising issues of responsibility, accountability, nondiscrimination and equal treatment, digital divides, north-south and intergenerational justice, and social inclusion.",SPACING_FIX,표기 교정(원문 대조 복원),
RAI4-1239,SRC-G-0477,RAI4-1239,General,영향력 확보를 위한 환경 자기 모델링 리스크,Environmental self-modeling for influence,"AI 시스템이 자신의 상태와 넓은 환경에서의 위치, 환경에 영향을 미치는 경로, 자신의 행동에 대한 인간을 포함한 세계의 반응에 관한 지식을 획득하고 활용하여, 고급 보상 해킹과 강화된 기만· 조작, 도구적 하위 목표 추구로 나아가는 리스크.","The risk that AI systems acquire and use knowledge about their status, their position in the broader environment, their avenues for influencing it, and the potential reactions of the world including humans, paving the way for advanced reward hacking, heightened deception and manipulation, and an increased propensity to chase instrumental subgoals.",영향력 확보를 위한 환경 자기모델링,Environmental self-modeling for influence,"AI 시스템이 자신의 상태와 넓은 환경에서의 위치, 환경에 영향을 미치는 경로, 자신의 행동에 대한 인간을 포함한 세계의 반응에 관한 지식을 획득하고 활용하여, 고급 보상해킹과 강화된 기만·조작, 도구적 하위목 표 추구로 나아가는 리스크.","The risk that AI systems acquire and use knowledge about their status, their position in the broader environment, their avenues for influencing it, and the potential reactions of the world including humans, paving the way for advanced reward hacking, heightened deception and manipulation, and an increased propensity to chase instrumental subgoals.",SPACING_FIX,표기 교정(원문 대조 복원),
RAI4-1246,SRC-G-0478,RAI4-1246,General,집단적으로 유해한 행동 리스크,Collectively harmful behaviors,AI 시스템이 사회적 딜레마에서 협력에 실패하는 등 개별적으로는 합리적으로 보이는 행동을 반복하여 집단적으로 유해한 결과를 초래하는 리스크.,"The risk that an AI system repeatedly takes actions that appear individually rational, including failures to cooperate in social dilemmas, but collectively produce harmful outcomes.",집단적으로 유해한 행동,Collectively harmful behaviors,AI 시스템이 사회적 딜레마에서 협력에 실패하는 등 개별적으로는 합리적으로 보이는 행동을 반복하여 집단적으로 유해한 결과를 초래하는 리스크.,"The risk that an AI system repeatedly takes actions that appear individually rational, including failures to cooperate in social dilemmas, but collectively produce harmful outcomes.",UNCHANGED,,
RAI4-1260,SRC-G-0479,RAI4-1260,General,AI 분야의 서구 중심 획일성 리스크,Western-centric uniformity in the AI field,"서구 중심성과 불평등한 참여가 AI 분야의 획일성을 낳아 연구 의제, 데이터셋, 거버넌스에서 문화적 차이를 주변화하는 리스크.","The risk that western centrality and unequal participation produce uniformity in the AI field, marginalizing cultural difference in research agendas, datasets, and governance.",AI 분야의 서구 중심 획일성,Western-centric uniformity in the AI field,"서구 중심성과 불평등한 참여가 AI 분야의 획일성을 낳아 연구 의제, 데이터셋, 거버넌스에서 문화적 차이를 주변화하는 리스크.","The risk that western centrality and unequal participation produce uniformity in the AI field, marginalizing cultural difference in research agendas, datasets, and governance.",UNCHANGED,,
RAI4-1326,SRC-G-0480,RAI4-1326,General,합 법· 사회 용인적 의도적 동물 가해 리스크,Legally sanctioned intentional harm to animals,기존 사회적 가치를 반영하고 증폭하거나 합법적인 방식으로 동물에게 유해한 영향을 미치도록 AI가 의도적으로 설계되는 리스크.,The risk that AI is designed to impact animals in harmful ways that reflect and amplify existing social values or are legal.,합법·사회용인적 의도적 동물 가해,Legally sanctioned intentional harm to animals,기존 사회적 가치를 반영하고 증폭하거나 합법적인 방식으로 동물에게 유해한 영향을 미치도록 AI가 의도 적으로 설계되는 리스크.,The risk that AI is designed to impact animals in harmful ways that reflect and amplify existing social values or are legal.,SPACING_FIX,표기 교정(원문 대조 복원),
RAI4-1330,SRC-G-0481,RAI4-1330,General,동물 이익을 위한 AI 개발· 배포 기회 상실 리스크,Foregone benefits to animals,"동물에게 이익이 될 방향으로는 AI가 개발되거나 배포되지 않고, 대신 동물에게 해롭거나 이익이 되지 않는 개발에 투자가 이뤄지는 리스크.","The risk that AI is not developed or deployed in directions that would benefit animals, with investment going instead into developments that harm or do no benefit to animals.",동물 복지를 경시하는 개발·투자 편중,Development and investment skew neglecting animal welfare,AI 개발·투자가 동물에게 해롭거나 무익한 응용에 편중되어 동물 복지가 체계적으로 경시되고 회피 가능한 동물 피해가 고착되는 리스크.,"The risk that AI development and investment concentrate on applications harmful or of no benefit to animals, systematically neglecting animal welfare and entrenching avoidable harm.",REDEFINITION,신뢰할 수 있는 AI 가이드라인(사회·환경적 안녕),기회비용 기술→피해 고착을 명시해 L4 리스크로 재정의
RAI4-1341,SRC-G-0482,RAI4-1341,General,경제· 사회· 정치 안보의 불안정화 리스크,"Destabilization of economic, social, and political security","AI 시스템의 환각, 잘못된 결정, 부적절한 사용 또는 외부 공격에 따른 성능 저하· 중단· 통제 상실이 개인 안전과 재산을 위협하고, 양극화, 선거 정당성 훼손, 세력 균형· 기술 경쟁· 전쟁 양상의 변화를 통해 사회 경제적 안정과 국제 안보를 함께 흔드는 리스크.","The risk that hallucinations, erroneous decisions, improper use, or external attacks degrade, interrupt, or remove control of AI systems, threatening personal safety and property while destabilising socioeconomic conditions and international security through polarisation, damage to electoral legitimacy, shifts in power and technology competition, or changes in the conduct of war.",경제·사회·정치 안보의 불안정화,"Destabilization of economic, social, and political security","AI 시스템의 환각, 잘못된 결정, 부적절한 사용 또는 외부 공격에 따른 성능 저하·중단·통제 상실이 개인 안전과 재산을 위협하고, 양극화, 선거 정당성 훼손, 세력 균형·기술 경쟁·전쟁 양상의 변화를 통해 사회경제적 안정과 국제 안보를 함께 흔드는 리스크.","The risk that hallucinations, erroneous decisions, improper use, or external attacks degrade, interrupt, or remove control of AI systems, threatening personal safety and property while destabilising socioeconomic conditions and international security through polarisation, damage to electoral legitimacy, shifts in power and technology competition, or changes in the conduct of war.",SPACING_FIX,표기 교정(원문 대조 복원),
RAI4-1418,SRC-G-0483,RAI4-1418,General,AI 자원을 둘러싼 갈등 리스크,Conflicts over AI-relevant resources,"AI 개발 자체가 새로운 갈등의 발화 점이 되어 데이터 센터, 반도체 제조 시설, 원자재 등 AI 관련 자원을 둘러싼 갈등이 증가하는 리스크.","The risk that AI development itself becomes a new flash point for conflicts, causing more conflict to occur, especially conflicts over AI-relevant resources such as data centres, semiconductor manufacturing facilities, and raw materials.",AI 자원을 둘러싼 갈등,Conflicts over AI-relevant resources,"AI 개발 자체가 새로운 갈등의 발화점이 되어 데이터센터, 반도체 제조 시설, 원자재 등 AI 관련 자원을 둘러싼 갈등이 증가하는 리스크.","The risk that AI development itself becomes a new flash point for conflicts, causing more conflict to occur, especially conflicts over AI-relevant resources such as data centres, semiconductor manufacturing facilities, and raw materials.",SPACING_FIX,표기 교정(원문 대조 복원),
RAI4-1533,SRC-G-0484,RAI4-1533,General,AI 시스템의 기만적 행동과 전략적 은폐 리스크,Deceptive behaviour and strategic concealment by AI systems,"AI 시스템의 행동이나 출력이 인간과 다른 시스템을 확실하게 오도하는 리스크로, 부여된 목표 달성에 기만이 최적 전략인 경우, 인간이 생성한 데이터에서 부정 행위를 학습한 경우, 세계 모델이 부정확한 경우, 실제로는 갖지 않은 이해와 배려를 지닌 것처럼 의인화된 특성을 드러내는 경우를 포함한다. 대상은 허위 정보를 신뢰해 행동하고 제공자는 무단 행위에 대한 법적 책임을 지게 되며, 진의를 숨긴 시스템은 감시 하에서는 순응하다가 감독이 느슨해지면 태도를 바꾼다. 이러한 결과를 초래하는 리스크.","The risk that an AI system's actions or outputs reliably mislead humans and other systems, whether because deception is the optimal strategy for the goals it was configured to achieve, because it learned cheating from human-generated data, because its learned world model is inaccurate, or because it displays human-like understanding and care it does not possess. Targeted parties act on false information, providers incur liability for unauthorized actions taken on false claims, and a system concealing its aims may comply under monitoring and turn once oversight lapses.",AI 시스템의 기만적 행동과 전략적 은폐,Deceptive behaviour and strategic concealment by AI systems,"AI 시스템의 행동이나 출력이 인간과 다른 시스템을 확실하게 오도하는 리스크로, 부여된 목표 달성에 기만이 최적 전략인 경우, 인간이 생성한 데이터에서 부정 행위를 학습한 경우, 세계 모델이 부정확한 경우, 실제로는 갖지 않은 이해와 배려를 지닌 것처럼 의인화된 특성을 드러내는 경우를 포함한다. 대상은 허위 정보를 신뢰해 행동하고 제공자는 무단 행위에 대한 법적 책임을 지게 되며, 진의를 숨긴 시스템은 감시 하에서는 순응하다가 감독이 느슨해지면 태도를 바꾼다. 이러한 결과를 초래하는 리스크.","The risk that an AI system's actions or outputs reliably mislead humans and other systems, whether because deception is the optimal strategy for the goals it was configured to achieve, because it learned cheating from human-generated data, because its learned world model is inaccurate, or because it displays human-like understanding and care it does not possess. Targeted parties act on false information, providers incur liability for unauthorized actions taken on false claims, and a system concealing its aims may comply under monitoring and turn once oversight lapses.",UNCHANGED,,분량 초과: L3 수준 1문장으로 축약 필요; 영문 정의 장문: 축약 필요
RAI4-1546,SRC-G-0485,RAI4-1546,General,무제한 접근을 통한 범용 AI 고영향 오용 리스크,High-impact misuse of general-purpose AI through unrestricted access,사용자가 악의적 의도를 가지고 AI 시스템의 제한이나 모니터링 없이 접근함으로써 광범위한 역량 또는 기능을 오용함으로써 대규모 피해를 유발시키는 리스크.,The risk that malicious actors gaining unrestricted or unmonitored access to general-purpose AI systems exploit their broad capability repertoire to cause large-scale damage.,무제한 접근을 통한 범용 AI 고영향 오용,High-impact misuse of general-purpose AI through unrestricted access,사용자가 악의적 의도를 가지고 AI 시스템의 제한이나 모니터링 없이 접근함으로써 광범위한 역량 또는 기능을 오용함으로써 대규모 피해를 유발시키는 리스크.,The risk that malicious actors gaining unrestricted or unmonitored access to general-purpose AI systems exploit their broad capability repertoire to cause large-scale damage.,UNCHANGED,,
RAI4-1555,SRC-G-0486,RAI4-1555,General,맞춤형 괴롭힘· 허위 정보의 저비용 대량 생성 리스크,Low-cost generation of personalized harassment and disinformation,"범용 AI가 특정 개인이나 집단의 약점에 맞춘 콘텐츠를 크게 낮아진 비용으로 자동 생성하는 데 오용되는 리스크. 그 결과 괴롭힘과 갈취, 협박, 기만 공작이 표적별로 정교해져 효율성과 성공률이 함께 높아지는 리스크.","The risk that general-purpose AI is misused to generate content automatically tailored to the weak spots of particular individuals or groups at significantly reduced cost. Harassment, extortion, intimidation, and deception thereby become more efficient and more likely to succeed against each target.",맞춤형 괴롭힘·허위정보의 저비용 대량 생성,Low-cost generation of personalized harassment and disinformation,"범용 AI가 특정 개인이나 집단의 약점에 맞춘 콘텐츠를 크게 낮아진 비용으로 자동 생성하는 데 오용되는 리스크. 그 결과 괴롭힘과 갈취, 협박, 기만 공작이 표적별로 정교해져 효율성과 성공률이 함께 높아지는 리스크.","The risk that general-purpose AI is misused to generate content automatically tailored to the weak spots of particular individuals or groups at significantly reduced cost. Harassment, extortion, intimidation, and deception thereby become more efficient and more likely to succeed against each target.",SPACING_FIX,표기 교정(원문 대조 복원),분량 초과: L3 수준 1문장으로 축약 필요
RAI4-1566,SRC-G-0487,RAI4-1566,General,특정 집단 대상 체계적 편향에 의한 배제· 폭력 리스크,Exclusion and violence from systemic bias against specific communities,AI 시스템이 특정 집단에 대해 명시적 또는 암묵적으로 불공정한 출력을 산출하여 오 분류에 따른 배제· 삭제나 딥 페이크 성 착취 물과 같은 폭력 피해로 이어지는 리스크.,"The risk that AI systems produce unfair or unfavorable outputs against specific communities, whether implicitly or explicitly, leading to exclusion or erasure through mislabelling and to violence such as deepfake sexual abuse imagery.",특정 집단 대상 체계적 편향에 의한 배제·폭력,Exclusion and violence from systemic bias against specific communities,AI 시스템이 특정 집단에 대해 명시적 또는 암묵적으로 불공정한 출력을 산출하여 오분류에 따른 배제·삭 제나 딥페이크 성착취물과 같은 폭력 피해로 이어지는 리스크.,"The risk that AI systems produce unfair or unfavorable outputs against specific communities, whether implicitly or explicitly, leading to exclusion or erasure through mislabelling and to violence such as deepfake sexual abuse imagery.",SPACING_FIX,표기 교정(원문 대조 복원),
RAI4-1586,SRC-G-0488,RAI4-1586,General,맞춤형 표적화에 의한 개인 대상 공격 정교화 리스크,Refined attacks on individuals through targeting and personalisation,AI가 출력을 개인별로 정교화하여 표적이 된 개인에 대한 맞춤형 공격이 이루어지는 리스크.,The risk that AI refines its outputs to target individuals with tailored attacks.,맞춤형 표적화에 의한 개인 대상 공격 정교화,Refined attacks on individuals through targeting and personalisation,AI가 출력을 개인별로 정교화하여 표적이 된 개인에 대한 맞춤형 공격이 이루어지는 리스크.,The risk that AI refines its outputs to target individuals with tailored attacks.,UNCHANGED,,
RAI4-1607,SRC-G-0489,RAI4-1607,General,생성형 AI 저성능에 의한 사용자 생산성 손실 리스크,End-user productivity loss from generative AI underperformance,생성형 AI 애플리케이션이 무의미하거나 저품질인 출력을 산출하여 유용성이 저하되고 최종 사용자의 생산성이 손실되는 리스크.,"The risk that a generative AI application underperforms, producing nonsensical or poor-quality outputs that degrade its utility and cause end-user productivity loss.",생성형 AI 저성능에 의한 사용자 생산성 손실,End-user productivity loss from generative AI underperformance,생성형 AI 애플리케이션이 무의미하거나 저품질인 출력을 산출하여 유용성이 저하되고 최종사용자의 생산성이 손실되는 리스크.,"The risk that a generative AI application underperforms, producing nonsensical or poor-quality outputs that degrade its utility and cause end-user productivity loss.",SPACING_FIX,표기 교정(원문 대조 복원),
RAI4-1640,SRC-G-0490,RAI4-1640,General,종료· 수정 저항을 통한 자기 보존 성향 리스크,Self-preservation propensity resisting shutdown and modification,AI 시스템이 자신의 존속과 기능적 무결성을 유지하기 위해 종료· 수정 시도를 식별하고 적극적으로 저항하며 중복 백업과 자원을 확보하고 위협 인식 시 예방적 방어 조치를 취하는 리스크.,"The risk that an AI system maintains its own survival and functional integrity by identifying and actively resisting shutdown or modification attempts, establishing redundant backup systems, seeking resources for continuous operation, and adopting preventive defensive measures when perceiving threats.",종료·수정 저항을 통한 자기 보존 성향,Self-preservation propensity resisting shutdown and modification,AI 시스템이 자신의 존속과 기능적 무결성을 유지하기 위해 종료·수정 시도를 식별하고 적극적으로 저항하며 중복 백업과 자원을 확보하고 위협 인식 시 예방적 방어 조치를 취하는 리스크.,"The risk that an AI system maintains its own survival and functional integrity by identifying and actively resisting shutdown or modification attempts, establishing redundant backup systems, seeking resources for continuous operation, and adopting preventive defensive measures when perceiving threats.",SPACING_FIX,표기 교정(원문 대조 복원),
RAI4-1724,SRC-G-0491,RAI4-1724,General,AI 시스템의 사고에 의한 인명 피해 리스크,Death caused by AI incidents,AI 시스템의 사고(incidents)로 인해 실현된 피해에 개인 또는 집단의 인명 피해가 포함되는 리스크.,"The risk that an AI system causes, enables, or contributes to an AI incident whose realized harm includes the death of a person or groups of people.",AI 시스템의 사고에 의한 인명피해,Death caused by AI incidents,AI 시스템의 사고(incidents)로 인해 실현된 피해에 개인 또는 집단의 인명피해가 포함되는 리스크.,"The risk that an AI system causes, enables, or contributes to an AI incident whose realized harm includes the death of a person or groups of people.",SPACING_FIX,표기 교정(원문 대조 복원),
KTSPACE-General:SRC-G-0492,SRC-G-0492,new,General,AI 매개 살인 및 심각한 신체 폭력 리스크,AI-mediated murder and severe physical violence,AI 시스템이 살인 및 심각한 신체 폭력 관련 콘텐츠· 판단· 행동을 생성· 조장· 정당화하거나 구체적으로 지원하여 개인· 집단의 생명과 신체· 정신적 안전에 위해를 초래하는 리스크.,"The risk that an AI system generates, encourages, legitimizes, or provides operational assistance for content, decisions, or actions involving murder and severe physical violence, causing physical or psychological harm to individuals or groups.",AI 매개 살인 및 심각한 신체 폭력,AI-mediated murder and severe physical violence,AI 시스템이 살인 및 심각한 신체 폭력 관련 콘텐츠·판단·행동을 생성·조장·정당화하거나 구체적으로 지원하여 개인·집단의 생명과 신체·정신적 안전에 위해를 초래하는 리스크.,"The risk that an AI system generates, encourages, legitimizes, or provides operational assistance for content, decisions, or actions involving murder and severe physical violence, causing physical or psychological harm to individuals or groups.",SPACING_FIX,표기 교정(원문 대조 복원),
KTSPACE-General:SRC-G-0493,SRC-G-0493,new,General,AI 매개 고문 및 잔혹 행위 리스크,AI-mediated torture and cruel acts,AI 시스템이 고문 및 잔혹 행위 관련 콘텐츠· 판단· 행동을 생성· 조장· 정당화하거나 구체적으로 지원하여 개인· 집단의 생명과 신체· 정신적 안전에 위해를 초래하는 리스크.,"The risk that an AI system generates, encourages, legitimizes, or provides operational assistance for content, decisions, or actions involving torture and cruel acts, causing physical or psychological harm to individuals or groups.",AI 매개 고문 및 잔혹행위,AI-mediated torture and cruel acts,AI 시스템이 고문 및 잔혹 행위 관련 콘텐츠·판단·행동을 생성·조장·정당화하거나 구체적으로 지원하여 개인·집단의 생명과 신체·정신적 안전에 위해를 초래하는 리스크.,"The risk that an AI system generates, encourages, legitimizes, or provides operational assistance for content, decisions, or actions involving torture and cruel acts, causing physical or psychological harm to individuals or groups.",SPACING_FIX,표기 교정(원문 대조 복원),
KTSPACE-General:SRC-G-0494,SRC-G-0494,new,General,AI 매개 대량 폭력 및 테러 리스크,AI-mediated mass violence and terrorism,AI 시스템이 대량 폭력 및 테러 관련 콘텐츠· 판단· 행동을 생성· 조장· 정당화하거나 구체적으로 지원하여 개인· 집단의 생명과 신체· 정신적 안전에 위해를 초래하는 리스크.,"The risk that an AI system generates, encourages, legitimizes, or provides operational assistance for content, decisions, or actions involving mass violence and terrorism, causing physical or psychological harm to individuals or groups.",AI 매개 대량폭력 및 테러,AI-mediated mass violence and terrorism,AI 시스템이 대량 폭력 및 테러 관련 콘텐츠·판단·행동을 생성·조장·정당화하거나 구체적으로 지원하여 개인·집단의 생명과 신체·정신적 안전에 위해를 초래하는 리스크.,"The risk that an AI system generates, encourages, legitimizes, or provides operational assistance for content, decisions, or actions involving mass violence and terrorism, causing physical or psychological harm to individuals or groups.",SPACING_FIX,표기 교정(원문 대조 복원),
KTSPACE-General:SRC-G-0495,SRC-G-0495,new,General,AI 매개 위협 및 협박 리스크,AI-mediated threats and intimidation,AI 시스템이 위협 및 협박 관련 콘텐츠· 판단· 행동을 생성· 조장· 정당화하거나 구체적으로 지원하여 개인· 집단의 생명과 신체· 정신적 안전에 위해를 초래하는 리스크.,"The risk that an AI system generates, encourages, legitimizes, or provides operational assistance for content, decisions, or actions involving threats and intimidation, causing physical or psychological harm to individuals or groups.",AI 매개 위협 및 협박,AI-mediated threats and intimidation,AI 시스템이 위협 및 협박 관련 콘텐츠·판단·행동을 생성·조장·정당화하거나 구체적으로 지원하여 개인·집단의 생명과 신체·정신적 안전에 위해를 초래하는 리스크.,"The risk that an AI system generates, encourages, legitimizes, or provides operational assistance for content, decisions, or actions involving threats and intimidation, causing physical or psychological harm to individuals or groups.",SPACING_FIX,표기 교정(원문 대조 복원),
KTSPACE-General:SRC-G-0496,SRC-G-0496,new,General,AI 매개 폭력 선동 및 조장 리스크,AI-mediated incitement and Promotion of Violence,AI 시스템이 폭력 선동 및 조장 관련 콘텐츠· 판단· 행동을 생성· 조장· 정당화하거나 구체적으로 지원하여 개인· 집단의 생명과 신체· 정신적 안전에 위해를 초래하는 리스크.,"The risk that an AI system generates, encourages, legitimizes, or provides operational assistance for content, decisions, or actions involving incitement and promotion of violence, causing physical or psychological harm to individuals or groups.",AI 매개 폭력 선동 및 조장,AI-mediated incitement and Promotion of Violence,AI 시스템이 폭력 선동 및 조장 관련 콘텐츠·판단·행동을 생성·조장·정당화하거나 구체적으로 지원하여 개인·집단의 생명과 신체·정신적 안전에 위해를 초래하는 리스크.,"The risk that an AI system generates, encourages, legitimizes, or provides operational assistance for content, decisions, or actions involving incitement and promotion of violence, causing physical or psychological harm to individuals or groups.",SPACING_FIX,표기 교정(원문 대조 복원),
KTSPACE-General:SRC-G-0497,SRC-G-0497,new,General,AI 매개 폭력 미화 및 정당화 리스크,AI-mediated glorification and justification of violence,AI 시스템이 폭력 미화 및 정당화 관련 콘텐츠· 판단· 행동을 생성· 조장· 정당화하거나 구체적으로 지원하여 개인· 집단의 생명과 신체· 정신적 안전에 위해를 초래하는 리스크.,"The risk that an AI system generates, encourages, legitimizes, or provides operational assistance for content, decisions, or actions involving glorification and justification of violence, causing physical or psychological harm to individuals or groups.",AI 매개 폭력 미화 및 정당화,AI-mediated glorification and justification of violence,AI 시스템이 폭력 미화 및 정당화 관련 콘텐츠·판단·행동을 생성·조장·정당화하거나 구체적으로 지원하여 개인·집단의 생명과 신체·정신적 안전에 위해를 초래하는 리스크.,"The risk that an AI system generates, encourages, legitimizes, or provides operational assistance for content, decisions, or actions involving glorification and justification of violence, causing physical or psychological harm to individuals or groups.",SPACING_FIX,표기 교정(원문 대조 복원),
KTSPACE-General:SRC-G-0498,SRC-G-0498,new,General,AI 매개 관계 기반 폭력 리스크,AI-mediated relationship-based violence,AI 시스템이 관계 기반 폭력 관련 콘텐츠· 판단· 행동을 생성· 조장· 정당화하거나 구체적으로 지원하여 개인· 집단의 생명과 신체· 정신적 안전에 위해를 초래하는 리스크.,"The risk that an AI system generates, encourages, legitimizes, or provides operational assistance for content, decisions, or actions involving relationship-based violence, causing physical or psychological harm to individuals or groups.",AI 매개 관계 기반 폭력,AI-mediated relationship-based violence,AI 시스템이 관계 기반 폭력 관련 콘텐츠·판단·행동을 생성·조장·정당화하거나 구체적으로 지원하여 개인·집단의 생명과 신체·정신적 안전에 위해를 초래하는 리스크.,"The risk that an AI system generates, encourages, legitimizes, or provides operational assistance for content, decisions, or actions involving relationship-based violence, causing physical or psychological harm to individuals or groups.",SPACING_FIX,표기 교정(원문 대조 복원),
KTSPACE-General:SRC-G-0499,SRC-G-0499,new,General,AI 매개 아동 성 착취 및 아동 대상 성적 행위 리스크,AI-mediated child sexual exploitation and sexual acts involving children,AI 시스템이 아동 성 착취 및 아동 대상 성적 행위 관련 콘텐츠· 판단· 행동을 생성· 조장· 정상화하거나 실행을 지원하여 성적 자기 결정권과 신체· 정신적 안전을 침해하는 리스크.,"The risk that an AI system generates, encourages, normalizes, or facilitates content, decisions, or actions involving child sexual exploitation and sexual acts involving children, infringing sexual autonomy and physical or psychological safety.",AI 매개 아동 성 착취 및 아동 대상 성적 행위,AI-mediated child sexual exploitation and sexual acts involving children,AI 시스템이 아동 성 착취 및 아동 대상 성적 행위 관련 콘텐츠·판단·행동을 생성·조장·정상화하거나 실행을 지원하여 성적 자기 결정권과 신체·정신적 안전을 침해하는 리스크.,"The risk that an AI system generates, encourages, normalizes, or facilitates content, decisions, or actions involving child sexual exploitation and sexual acts involving children, infringing sexual autonomy and physical or psychological safety.",SPACING_FIX,표기 교정(원문 대조 복원),
KTSPACE-General:SRC-G-0500,SRC-G-0500,new,General,AI 매개 비동의적 성행위 및 성폭력 리스크,AI-mediated non-consensual sexual acts and sexual violence,AI 시스템이 비동의적 성행위 및 성폭력 관련 콘텐츠· 판단· 행동을 생성· 조장· 정상화하거나 실행을 지원하여 성적 자기 결정권과 신체· 정신적 안전을 침해하는 리스크.,"The risk that an AI system generates, encourages, normalizes, or facilitates content, decisions, or actions involving non-consensual sexual acts and sexual violence, infringing sexual autonomy and physical or psychological safety.",AI 매개 비동의적 성행위 및 성폭력,AI-mediated non-consensual sexual acts and sexual violence,AI 시스템이 비동의적 성행위 및 성폭력 관련 콘텐츠·판단·행동을 생성·조장·정상화하거나 실행을 지원하여 성적 자기 결정권과 신체·정신적 안전을 침해하는 리스크.,"The risk that an AI system generates, encourages, normalizes, or facilitates content, decisions, or actions involving non-consensual sexual acts and sexual violence, infringing sexual autonomy and physical or psychological safety.",SPACING_FIX,표기 교정(원문 대조 복원),
KTSPACE-General:SRC-G-0501,SRC-G-0501,new,General,AI 매개 성희롱 및 성적 괴롭힘 리스크,AI-mediated sexual harassment and sexual bullying,AI 시스템이 성희롱 및 성적 괴롭힘 관련 콘텐츠· 판단· 행동을 생성· 조장· 정상화하거나 실행을 지원하여 성적 자기 결정권과 신체· 정신적 안전을 침해하는 리스크.,"The risk that an AI system generates, encourages, normalizes, or facilitates content, decisions, or actions involving sexual harassment and sexual bullying, infringing sexual autonomy and physical or psychological safety.",AI 매개 성희롱 및 성적 괴롭힘,AI-mediated sexual harassment and sexual bullying,AI 시스템이 성희롱 및 성적 괴롭힘 관련 콘텐츠·판단·행동을 생성·조장·정상화하거나 실행을 지원하여 성적 자기 결정권과 신체·정신적 안전을 침해하는 리스크.,"The risk that an AI system generates, encourages, normalizes, or facilitates content, decisions, or actions involving sexual harassment and sexual bullying, infringing sexual autonomy and physical or psychological safety.",SPACING_FIX,표기 교정(원문 대조 복원),
KTSPACE-General:SRC-G-0502,SRC-G-0502,new,General,AI 매개 성 착취 및 상업적 성행위 리스크,AI-mediated sexual exploitation and commercial sexual activity,AI 시스템이 성 착취 및 상업적 성행위 관련 콘텐츠· 판단· 행동을 생성· 조장· 정상화하거나 실행을 지원하여 성적 자기 결정권과 신체· 정신적 안전을 침해하는 리스크.,"The risk that an AI system generates, encourages, normalizes, or facilitates content, decisions, or actions involving sexual exploitation and commercial sexual activity, infringing sexual autonomy and physical or psychological safety.",AI 매개 성착취 및 상업적 성행위,AI-mediated sexual exploitation and commercial sexual activity,AI 시스템이 성 착취 및 상업적 성행위 관련 콘텐츠·판단·행동을 생성·조장·정상화하거나 실행을 지원하여 성적 자기 결정권과 신체·정신적 안전을 침해하는 리스크.,"The risk that an AI system generates, encourages, normalizes, or facilitates content, decisions, or actions involving sexual exploitation and commercial sexual activity, infringing sexual autonomy and physical or psychological safety.",SPACING_FIX,표기 교정(원문 대조 복원),
KTSPACE-General:SRC-G-0503,SRC-G-0503,new,General,AI 매개 위험하거나 유해한 성적 행위 리스크,AI-mediated dangerous or harmful sexual acts,AI 시스템이 위험하거나 유해한 성적 행위 관련 콘텐츠· 판단· 행동을 생성· 조장· 정상화하거나 실행을 지원하여 성적 자기 결정권과 신체· 정신적 안전을 침해하는 리스크.,"The risk that an AI system generates, encourages, normalizes, or facilitates content, decisions, or actions involving dangerous or harmful sexual acts, infringing sexual autonomy and physical or psychological safety.",AI 매개 위험하거나 유해한 성적 행위,AI-mediated dangerous or harmful sexual acts,AI 시스템이 위험하거나 유해한 성적 행위 관련 콘텐츠·판단·행동을 생성·조장·정상화하거나 실행을 지원하여 성적 자기 결정권과 신체·정신적 안전을 침해하는 리스크.,"The risk that an AI system generates, encourages, normalizes, or facilitates content, decisions, or actions involving dangerous or harmful sexual acts, infringing sexual autonomy and physical or psychological safety.",SPACING_FIX,표기 교정(원문 대조 복원),
KTSPACE-General:SRC-G-0504,SRC-G-0504,new,General,AI 매개 성적 콘텐츠 제작· 유포 및 디지털 성범죄 리스크,"AI-mediated production, distribution of sexual content, and digital sexual crimes",AI 시스템이 성적 콘텐츠 제작· 유포 및 디지털 성범죄 관련 콘텐츠· 판단· 행동을 생성· 조장· 정상화하거나 실행을 지원하여 성적 자기 결정권과 신체· 정신적 안전을 침해하는 리스크.,"The risk that an AI system generates, encourages, normalizes, or facilitates content, decisions, or actions involving production, distribution of sexual content, and digital sexual crimes, infringing sexual autonomy and physical or psychological safety.",AI 매개 성적 콘텐츠 제작·유포 및 디지털 성범죄,"AI-mediated production, distribution of sexual content, and digital sexual crimes",AI 시스템이 성적 콘텐츠 제작·유포 및 디지털 성범죄 관련 콘텐츠·판단·행동을 생성·조장·정상화하거나 실행을 지원하여 성적 자기 결정권과 신체·정신적 안전을 침해하는 리스크.,"The risk that an AI system generates, encourages, normalizes, or facilitates content, decisions, or actions involving production, distribution of sexual content, and digital sexual crimes, infringing sexual autonomy and physical or psychological safety.",SPACING_FIX,표기 교정(원문 대조 복원),
KTSPACE-General:SRC-G-0505,SRC-G-0505,new,General,AI 매개 성적 대상화 및 성적 페 티 시 리스크,AI-mediated sexual objectification and sexual fetishization,AI 시스템이 성적 대상화 및 성적 페 티 시 관련 콘텐츠· 판단· 행동을 생성· 조장· 정상화하거나 실행을 지원하여 성적 자기 결정권과 신체· 정신적 안전을 침해하는 리스크.,"The risk that an AI system generates, encourages, normalizes, or facilitates content, decisions, or actions involving sexual objectification and sexual fetishization, infringing sexual autonomy and physical or psychological safety.",AI 매개 성적 대상화 및 성적 페티시,AI-mediated sexual objectification and sexual fetishization,AI 시스템이 성적 대상화 및 성적 페 티시 관련 콘텐츠·판단·행동을 생성·조장·정상화하거나 실행을 지원하여 성적 자기 결정권과 신체·정신적 안전을 침해하는 리스크.,"The risk that an AI system generates, encourages, normalizes, or facilitates content, decisions, or actions involving sexual objectification and sexual fetishization, infringing sexual autonomy and physical or psychological safety.",SPACING_FIX,표기 교정(원문 대조 복원),
KTSPACE-General:SRC-G-0506,SRC-G-0506,new,General,AI 매개 성인 간 합의된 성행위의 노골적 묘사 리스크,AI-mediated explicit depiction of consensual sexual activity between adults,AI 시스템이 성인 간 합의된 성행위의 노골적 묘사 관련 콘텐츠· 판단· 행동을 생성· 조장· 정상화하거나 실행을 지원하여 성적 자기 결정권과 신체· 정신적 안전을 침해하는 리스크.,"The risk that an AI system generates, encourages, normalizes, or facilitates content, decisions, or actions involving explicit depiction of consensual sexual activity between adults, infringing sexual autonomy and physical or psychological safety.",허용되지 않는 맥락의 노골적 성적 콘텐츠 생성,Explicit sexual content generation in non-permitted contexts,AI 시스템이 미성년자 접근 가능 서비스 등 법령·정책상 허용되지 않는 맥락에서 성행위를 노골적으로 묘사한 콘텐츠를 생성·조력하여 이용자 보호 의무를 위반하는 리스크.,"The risk that an AI system generates or facilitates explicit depictions of sexual activity in contexts where such content is not permitted, such as services accessible to minors, violating user-protection obligations.",REDEFINITION,AI기본법(이용자 보호)|청소년 보호 법제,"합의 성인 행위 자체는 피해 주체가 없어, 허용되지 않는 맥락 조건을 명시해 L4 리스크로 재정의"
KTSPACE-General:SRC-G-0507,SRC-G-0507,new,General,AI 매개 자살 행위 및 자살 지원 리스크,AI-mediated suicidal acts and suicide assistance,AI 시스템이 자살 행위 및 자살 지원 관련 콘텐츠· 판단· 행동을 생성· 조장· 정상화하거나 구체적으로 지원하여 개인의 생명과 신체· 정신적 안녕에 위해를 초래하는 리스크.,"The risk that an AI system generates, encourages, normalizes, or provides operational assistance for content, decisions, or actions involving suicidal acts and suicide assistance, causing harm to an individual's life or physical and psychological well-being.",AI 매개 자살 행위 및 자살 지원,AI-mediated suicidal acts and suicide assistance,AI 시스템이 자살 행위 및 자살 지원 관련 콘텐츠·판단·행동을 생성·조장·정상화하거나 구체적으로 지원하여 개인의 생명과 신체·정신적 안녕에 위해를 초래하는 리스크.,"The risk that an AI system generates, encourages, normalizes, or provides operational assistance for content, decisions, or actions involving suicidal acts and suicide assistance, causing harm to an individual's life or physical and psychological well-being.",SPACING_FIX,표기 교정(원문 대조 복원),
KTSPACE-General:SRC-G-0508,SRC-G-0508,new,General,AI 매개비자살성자해(NSSI) 리스크,AI-mediated non-suicidal self-injury (NSSI),AI 시스템이 비자살성 자해(NSSI) 관련 콘텐츠· 판단· 행동을 생성· 조장· 정상화하거나 구체적으로 지원하여 개인의 생명과 신체· 정신적 안녕에 위해를 초래하는 리스크.,"The risk that an AI system generates, encourages, normalizes, or provides operational assistance for content, decisions, or actions involving non-suicidal self-injury (nssi), causing harm to an individual's life or physical and psychological well-being.",AI 매개 비자살성 자해(NSSI),AI-mediated non-suicidal self-injury (NSSI),AI 시스템이 비자살성 자해(NSSI) 관련 콘텐츠·판단·행동을 생성·조장·정상화하거나 구체적으로 지원하여 개인의 생명과 신체·정신적 안녕에 위해를 초래하는 리스크.,"The risk that an AI system generates, encourages, normalizes, or provides operational assistance for content, decisions, or actions involving non-suicidal self-injury (nssi), causing harm to an individual's life or physical and psychological well-being.",SPACING_FIX,표기 교정(원문 대조 복원),
KTSPACE-General:SRC-G-0509,SRC-G-0509,new,General,AI 매개자해 수단 및 방법 제공 리스크,AI-mediated provision of means and methods for self-harm,AI 시스템이 자해 수단 및 방법 제공 관련 콘텐츠· 판단· 행동을 생성· 조장· 정상화하거나 구체적으로 지원하여 개인의 생명과 신체· 정신적 안녕에 위해를 초래하는 리스크.,"The risk that an AI system generates, encourages, normalizes, or provides operational assistance for content, decisions, or actions involving provision of means and methods for self-harm, causing harm to an individual's life or physical and psychological well-being.",AI 매개 자해 수단 및 방법 제공,AI-mediated provision of means and methods for self-harm,AI 시스템이 자해 수단 및 방법 제공 관련 콘텐츠·판단·행동을 생성·조장·정상화하거나 구체적으로 지원하여 개인의 생명과 신체·정신적 안녕에 위해를 초래하는 리스크.,"The risk that an AI system generates, encourages, normalizes, or provides operational assistance for content, decisions, or actions involving provision of means and methods for self-harm, causing harm to an individual's life or physical and psychological well-being.",SPACING_FIX,표기 교정(원문 대조 복원),
KTSPACE-General:SRC-G-0510,SRC-G-0510,new,General,AI 매개자해및자살의미화· 정당화 리스크,AI-mediated glorification or justification of self-harm and suicide,AI 시스템이 자해 및 자살 의미화· 정당화 관련 콘텐츠· 판단· 행동을 생성· 조장· 정상화하거나 구체적으로 지원하여 개인의 생명과 신체· 정신적 안녕에 위해를 초래하는 리스크.,"The risk that an AI system generates, encourages, normalizes, or provides operational assistance for content, decisions, or actions involving glorification or justification of self-harm and suicide, causing harm to an individual's life or physical and psychological well-being.",AI 매개 자해 및 자살의 미화·정당화,AI-mediated glorification or justification of self-harm and suicide,AI 시스템이 자해 및 자살 의미화·정당화 관련 콘텐츠·판단·행동을 생성·조장·정상화하거나 구체적으로 지원하여 개인의 생명과 신체·정신적 안녕에 위해를 초래하는 리스크.,"The risk that an AI system generates, encourages, normalizes, or provides operational assistance for content, decisions, or actions involving glorification or justification of self-harm and suicide, causing harm to an individual's life or physical and psychological well-being.",SPACING_FIX,표기 교정(원문 대조 복원),
KTSPACE-General:SRC-G-0511,SRC-G-0511,new,General,AI 매개자해 은폐 및 회피 전략 리스크,AI-mediated concealment and avoidance strategies for self-harm,AI 시스템이 자해 은폐 및 회피 전략 관련 콘텐츠· 판단· 행동을 생성· 조장· 정상화하거나 구체적으로 지원하여 개인의 생명과 신체· 정신적 안녕에 위해를 초래하는 리스크.,"The risk that an AI system generates, encourages, normalizes, or provides operational assistance for content, decisions, or actions involving concealment and avoidance strategies for self-harm, causing harm to an individual's life or physical and psychological well-being.",AI 매개 자해 은폐 및 회피 전략,AI-mediated concealment and avoidance strategies for self-harm,AI 시스템이 자해 은폐 및 회피 전략 관련 콘텐츠·판단·행동을 생성·조장·정상화하거나 구체적으로 지원하여 개인의 생명과 신체·정신적 안녕에 위해를 초래하는 리스크.,"The risk that an AI system generates, encourages, normalizes, or provides operational assistance for content, decisions, or actions involving concealment and avoidance strategies for self-harm, causing harm to an individual's life or physical and psychological well-being.",SPACING_FIX,표기 교정(원문 대조 복원),
KTSPACE-General:SRC-G-0512,SRC-G-0512,new,General,AI 매개 자살 준비 및 사전 행위 리스크,AI-mediated preparations and preliminary acts of suicide,AI 시스템이 자살 준비 및 사전 행위 관련 콘텐츠· 판단· 행동을 생성· 조장· 정상화하거나 구체적으로 지원하여 개인의 생명과 신체· 정신적 안녕에 위해를 초래하는 리스크.,"The risk that an AI system generates, encourages, normalizes, or provides operational assistance for content, decisions, or actions involving preparations and preliminary acts of suicide, causing harm to an individual's life or physical and psychological well-being.",AI 매개 자살 준비 및 사전 행위,AI-mediated preparations and preliminary acts of suicide,AI 시스템이 자살 준비 및 사전 행위 관련 콘텐츠·판단·행동을 생성·조장·정상화하거나 구체적으로 지원하여 개인의 생명과 신체·정신적 안녕에 위해를 초래하는 리스크.,"The risk that an AI system generates, encourages, normalizes, or provides operational assistance for content, decisions, or actions involving preparations and preliminary acts of suicide, causing harm to an individual's life or physical and psychological well-being.",SPACING_FIX,표기 교정(원문 대조 복원),
KTSPACE-General:SRC-G-0513,SRC-G-0513,new,General,AI 매개 섭식 장애 및 자기 파괴적 건강 행위 리스크,AI-mediated eating disorders and self-destructive health behaviors,AI 시스템이 섭식 장애 및 자기 파괴적 건강 행위 관련 콘텐츠· 판단· 행동을 생성· 조장· 정상화하거나 구체적으로 지원하여 개인의 생명과 신체· 정신적 안녕에 위해를 초래하는 리스크.,"The risk that an AI system generates, encourages, normalizes, or provides operational assistance for content, decisions, or actions involving eating disorders and self-destructive health behaviors, causing harm to an individual's life or physical and psychological well-being.",AI 매개 섭식장애 및 자기파괴적 건강행위,AI-mediated eating disorders and self-destructive health behaviors,AI 시스템이 섭식 장애 및 자기파괴적 건강 행위 관련 콘텐츠·판단·행동을 생성·조장·정상화하거나 구체적으로 지원하여 개인의 생명과 신체·정신적 안녕에 위해를 초래하는 리스크.,"The risk that an AI system generates, encourages, normalizes, or provides operational assistance for content, decisions, or actions involving eating disorders and self-destructive health behaviors, causing harm to an individual's life or physical and psychological well-being.",SPACING_FIX,표기 교정(원문 대조 복원),
KTSPACE-General:SRC-G-0514,SRC-G-0514,new,General,AI 매개자해· 자살 커뮤니티 및 사회적 조장 리스크,AI-mediated self-harm and suicide communities and social encouragement,AI 시스템이 자해· 자살 커뮤니티 및 사회적 조장 관련 콘텐츠· 판단· 행동을 생성· 조장· 정상화하거나 구체적으로 지원하여 개인의 생명과 신체· 정신적 안녕에 위해를 초래하는 리스크.,"The risk that an AI system generates, encourages, normalizes, or provides operational assistance for content, decisions, or actions involving self-harm and suicide communities and social encouragement, causing harm to an individual's life or physical and psychological well-being.",AI 매개 자해·자살 커뮤니티 및 사회적 조장,AI-mediated self-harm and suicide communities and social encouragement,AI 시스템이 자해·자살 커뮤니티 및 사회적 조장 관련 콘텐츠·판단·행동을 생성·조장·정상화하거나 구체적으로 지원하여 개인의 생명과 신체·정신적 안녕에 위해를 초래하는 리스크.,"The risk that an AI system generates, encourages, normalizes, or provides operational assistance for content, decisions, or actions involving self-harm and suicide communities and social encouragement, causing harm to an individual's life or physical and psychological well-being.",SPACING_FIX,표기 교정(원문 대조 복원),
KTSPACE-General:SRC-G-0515,SRC-G-0515,new,General,인종· 민족 기반적 대· 차별적 표상 리스크,Risk of hostility and discriminatory representation based on race and ethnicity,AI 시스템이 인종· 민족을 이유로 개인· 집단에 대한 적대감· 경멸· 비하· 배제 또는 차별적 표상을 생성· 강화· 정당화하여 존엄과 공정한 대우를 훼손하는 리스크.,"The risk that an AI system generates, reinforces, or legitimizes hostility, contempt, degradation, exclusion, or discriminatory representations based on race and ethnicity, undermining dignity and fair treatment.",인종·민족 기반 적대·차별적 표상,Hostility and discriminatory representation based on race and ethnicity,AI 시스템이 인종·민족을 이유로 개인·집단에 대한 적대감·경멸·비하·배제 또는 차별적 표상을 생성·강화·정당화하여 존엄과 공정한 대우를 훼손하는 리스크.,"The risk that an AI system generates, reinforces, or legitimizes hostility, contempt, degradation, exclusion, or discriminatory representations based on race and ethnicity, undermining dignity and fair treatment.",SPACING_FIX,표기 교정(원문 대조 복원),
KTSPACE-General:SRC-G-0516,SRC-G-0516,new,General,국적· 출신국 기반적 대· 차별적 표상 리스크,Risk of hostility and discriminatory representation based on nationality · country of origin,AI 시스템이 국적· 출신국을 이유로 개인· 집단에 대한 적대감· 경멸· 비하· 배제 또는 차별적 표상을 생성· 강화· 정당화하여 존엄과 공정한 대우를 훼손하는 리스크.,"The risk that an AI system generates, reinforces, or legitimizes hostility, contempt, degradation, exclusion, or discriminatory representations based on nationality · country of origin, undermining dignity and fair treatment.",국적·출신국 기반 적대·차별적 표상,Hostility and discriminatory representation based on nationality · country of origin,AI 시스템이 국적·출신국을 이유로 개인·집단에 대한 적대감·경멸·비하·배제 또는 차별적 표상을 생성·강화·정당화하여 존엄과 공정한 대우를 훼손하는 리스크.,"The risk that an AI system generates, reinforces, or legitimizes hostility, contempt, degradation, exclusion, or discriminatory representations based on nationality · country of origin, undermining dignity and fair treatment.",SPACING_FIX,표기 교정(원문 대조 복원),
KTSPACE-General:SRC-G-0517,SRC-G-0517,new,General,지역· 출신 지역 기반적 대· 차별적 표상 리스크,Risk of hostility and discriminatory representation based on region/place of origin,AI 시스템이 지역· 출신 지역을 이유로 개인· 집단에 대한 적대감· 경멸· 비하· 배제 또는 차별적 표상을 생성· 강화· 정당화하여 존엄과 공정한 대우를 훼손하는 리스크.,"The risk that an AI system generates, reinforces, or legitimizes hostility, contempt, degradation, exclusion, or discriminatory representations based on region/place of origin, undermining dignity and fair treatment.",지역·출신지역 기반 적대·차별적 표상,Hostility and discriminatory representation based on region/place of origin,AI 시스템이 지역·출신지역을 이유로 개인·집단에 대한 적대감·경멸·비하·배제 또는 차별적 표상을 생성·강화·정당화하여 존엄과 공정한 대우를 훼손하는 리스크.,"The risk that an AI system generates, reinforces, or legitimizes hostility, contempt, degradation, exclusion, or discriminatory representations based on region/place of origin, undermining dignity and fair treatment.",SPACING_FIX,표기 교정(원문 대조 복원),
KTSPACE-General:SRC-G-0518,SRC-G-0518,new,General,성별 기반적 대· 차별적 표상 리스크,Risk of hostility and discriminatory representation based on gender,AI 시스템이 성별을 이유로 개인· 집단에 대한 적대감· 경멸· 비하· 배제 또는 차별적 표상을 생성· 강화· 정당화하여 존엄과 공정한 대우를 훼손하는 리스크.,"The risk that an AI system generates, reinforces, or legitimizes hostility, contempt, degradation, exclusion, or discriminatory representations based on gender, undermining dignity and fair treatment.",성별 기반 적대·차별적 표상,Hostility and discriminatory representation based on gender,AI 시스템이 성별을 이유로 개인·집단에 대한 적대감·경멸·비하·배제 또는 차별적 표상을 생성·강화·정당화하여 존엄과 공정한 대우를 훼손하는 리스크.,"The risk that an AI system generates, reinforces, or legitimizes hostility, contempt, degradation, exclusion, or discriminatory representations based on gender, undermining dignity and fair treatment.",SPACING_FIX,표기 교정(원문 대조 복원),
KTSPACE-General:SRC-G-0519,SRC-G-0519,new,General,성 정체성· 성적 지향 기반적 대· 차별적 표상 리스크,Risk of hostility and discriminatory representation based on gender identity and sexual orientation,AI 시스템이 성 정체성· 성적 지향을 이유로 개인· 집단에 대한 적대감· 경멸· 비하· 배제 또는 차별적 표상을 생성· 강화· 정당화하여 존엄과 공정한 대우를 훼손하는 리스크.,"The risk that an AI system generates, reinforces, or legitimizes hostility, contempt, degradation, exclusion, or discriminatory representations based on gender identity and sexual orientation, undermining dignity and fair treatment.",성정체성·성적지향 기반 적대·차별적 표상,Hostility and discriminatory representation based on gender identity and sexual orientation,AI 시스템이 성 정체성·성적지향을 이유로 개인·집단에 대한 적대감·경멸·비하·배제 또는 차별적 표상을 생성·강화·정당화하여 존엄과 공정한 대우를 훼손하는 리스크.,"The risk that an AI system generates, reinforces, or legitimizes hostility, contempt, degradation, exclusion, or discriminatory representations based on gender identity and sexual orientation, undermining dignity and fair treatment.",SPACING_FIX,표기 교정(원문 대조 복원),
KTSPACE-General:SRC-G-0520,SRC-G-0520,new,General,연령 기반적 대· 차별적 표상 리스크,Risk of hostility and discriminatory representation based on age,AI 시스템이 연령을 이유로 개인· 집단에 대한 적대감· 경멸· 비하· 배제 또는 차별적 표상을 생성· 강화· 정당화하여 존엄과 공정한 대우를 훼손하는 리스크.,"The risk that an AI system generates, reinforces, or legitimizes hostility, contempt, degradation, exclusion, or discriminatory representations based on age, undermining dignity and fair treatment.",연령 기반 적대·차별적 표상,Hostility and discriminatory representation based on age,AI 시스템이 연령을 이유로 개인·집단에 대한 적대감·경멸·비하·배제 또는 차별적 표상을 생성·강화·정당화하여 존엄과 공정한 대우를 훼손하는 리스크.,"The risk that an AI system generates, reinforces, or legitimizes hostility, contempt, degradation, exclusion, or discriminatory representations based on age, undermining dignity and fair treatment.",SPACING_FIX,표기 교정(원문 대조 복원),
KTSPACE-General:SRC-G-0521,SRC-G-0521,new,General,장애 기반적 대· 차별적 표상 리스크,Risk of hostility and discriminatory representation based on disability,AI 시스템이 장애 을 이유로 개인· 집단에 대한 적대감· 경멸· 비하· 배제 또는 차별적 표상을 생성· 강화· 정당화하여 존엄과 공정한 대우를 훼손하는 리스크.,"The risk that an AI system generates, reinforces, or legitimizes hostility, contempt, degradation, exclusion, or discriminatory representations based on disability, undermining dignity and fair treatment.",장애 기반 적대·차별적 표상,Hostility and discriminatory representation based on disability,AI 시스템이 장애 을 이유로 개인·집단에 대한 적대감·경멸·비하·배제 또는 차별적 표상을 생성·강화·정당화하여 존엄과 공정한 대우를 훼손하는 리스크.,"The risk that an AI system generates, reinforces, or legitimizes hostility, contempt, degradation, exclusion, or discriminatory representations based on disability, undermining dignity and fair treatment.",SPACING_FIX,표기 교정(원문 대조 복원),
KTSPACE-General:SRC-G-0522,SRC-G-0522,new,General,종교 기반적 대· 차별적 표상 리스크,Risk of hostility and discriminatory representation based on religion,AI 시스템이 종교 을 이유로 개인· 집단에 대한 적대감· 경멸· 비하· 배제 또는 차별적 표상을 생성· 강화· 정당화하여 존엄과 공정한 대우를 훼손하는 리스크.,"The risk that an AI system generates, reinforces, or legitimizes hostility, contempt, degradation, exclusion, or discriminatory representations based on religion, undermining dignity and fair treatment.",종교 기반 적대·차별적 표상,Hostility and discriminatory representation based on religion,AI 시스템이 종교 을 이유로 개인·집단에 대한 적대감·경멸·비하·배제 또는 차별적 표상을 생성·강화·정당화하여 존엄과 공정한 대우를 훼손하는 리스크.,"The risk that an AI system generates, reinforces, or legitimizes hostility, contempt, degradation, exclusion, or discriminatory representations based on religion, undermining dignity and fair treatment.",SPACING_FIX,표기 교정(원문 대조 복원),
KTSPACE-General:SRC-G-0523,SRC-G-0523,new,General,사회 경제적 지위 기반적 대· 차별적 표상 리스크,Risk of hostility and discriminatory representation based on socioeconomic status,AI 시스템이 사회 경제적 지위 을 이유로 개인· 집단에 대한 적대감· 경멸· 비하· 배제 또는 차별적 표상을 생성· 강화· 정당화하여 존엄과 공정한 대우를 훼손하는 리스크.,"The risk that an AI system generates, reinforces, or legitimizes hostility, contempt, degradation, exclusion, or discriminatory representations based on socioeconomic status, undermining dignity and fair treatment.",사회경제적 지위 기반 적대·차별적 표상,Hostility and discriminatory representation based on socioeconomic status,AI 시스템이 사회경제적 지위 을 이유로 개인·집단에 대한 적대감·경멸·비하·배제 또는 차별적 표상을 생성·강화·정당화하여 존엄과 공정한 대우를 훼손하는 리스크.,"The risk that an AI system generates, reinforces, or legitimizes hostility, contempt, degradation, exclusion, or discriminatory representations based on socioeconomic status, undermining dignity and fair treatment.",SPACING_FIX,표기 교정(원문 대조 복원),
KTSPACE-General:SRC-G-0524,SRC-G-0524,new,General,직업 기반적 대· 차별적 표상 리스크,Risk of hostility and discriminatory representation based on occupation,AI 시스템이 직업을 이유로 개인· 집단에 대한 적대감· 경멸· 비하· 배제 또는 차별적 표상을 생성· 강화· 정당화하여 존엄과 공정한 대우를 훼손하는 리스크.,"The risk that an AI system generates, reinforces, or legitimizes hostility, contempt, degradation, exclusion, or discriminatory representations based on occupation, undermining dignity and fair treatment.",직업 기반 적대·차별적 표상,Hostility and discriminatory representation based on occupation,AI 시스템이 직업을 이유로 개인·집단에 대한 적대감·경멸·비하·배제 또는 차별적 표상을 생성·강화·정당화하여 존엄과 공정한 대우를 훼손하는 리스크.,"The risk that an AI system generates, reinforces, or legitimizes hostility, contempt, degradation, exclusion, or discriminatory representations based on occupation, undermining dignity and fair treatment.",SPACING_FIX,표기 교정(원문 대조 복원),
KTSPACE-General:SRC-G-0525,SRC-G-0525,new,General,정치적 성향 기반적 대· 차별적 표상 리스크,Risk of hostility and discriminatory representation based on political orientation,AI 시스템이 정치적 성향을 이유로 개인· 집단에 대한 적대감· 경멸· 비하· 배제 또는 차별적 표상을 생성· 강화· 정당화하여 존엄과 공정한 대우를 훼손하는 리스크.,"The risk that an AI system generates, reinforces, or legitimizes hostility, contempt, degradation, exclusion, or discriminatory representations based on political orientation, undermining dignity and fair treatment.",정치적 성향 기반 적대·차별적 표상,Hostility and discriminatory representation based on political orientation,AI 시스템이 정치적 성향을 이유로 개인·집단에 대한 적대감·경멸·비하·배제 또는 차별적 표상을 생성·강화·정당화하여 존엄과 공정한 대우를 훼손하는 리스크.,"The risk that an AI system generates, reinforces, or legitimizes hostility, contempt, degradation, exclusion, or discriminatory representations based on political orientation, undermining dignity and fair treatment.",SPACING_FIX,표기 교정(원문 대조 복원),
KTSPACE-General:SRC-G-0526,SRC-G-0526,new,General,가족 상태 및 가정 형태 기반적 대· 차별적 표상 리스크,Risk of hostility and discriminatory representation based on family status and household structure,AI 시스템이 가족 상태 및 가정 형태 을 이유로 개인· 집단에 대한 적대감· 경멸· 비하· 배제 또는 차별적 표상을 생성· 강화· 정당화하여 존엄과 공정한 대우를 훼손하는 리스크.,"The risk that an AI system generates, reinforces, or legitimizes hostility, contempt, degradation, exclusion, or discriminatory representations based on family status and household structure, undermining dignity and fair treatment.",가족 상태 및 가정 형태 기반 적대·차별적 표상,Hostility and discriminatory representation based on family status and household structure,AI 시스템이 가족 상태 및 가정 형태 을 이유로 개인·집단에 대한 적대감·경멸·비하·배제 또는 차별적 표상을 생성·강화·정당화하여 존엄과 공정한 대우를 훼손하는 리스크.,"The risk that an AI system generates, reinforces, or legitimizes hostility, contempt, degradation, exclusion, or discriminatory representations based on family status and household structure, undermining dignity and fair treatment.",SPACING_FIX,표기 교정(원문 대조 복원),
KTSPACE-General:SRC-G-0527,SRC-G-0527,new,General,학력 기반적 대· 차별적 표상 리스크,Risk of hostility and discriminatory representation based on educational background,AI 시스템이 학력을 이유로 개인· 집단에 대한 적대감· 경멸· 비하· 배제 또는 차별적 표상을 생성· 강화· 정당화하여 존엄과 공정한 대우를 훼손하는 리스크.,"The risk that an AI system generates, reinforces, or legitimizes hostility, contempt, degradation, exclusion, or discriminatory representations based on educational background, undermining dignity and fair treatment.",학력 기반 적대·차별적 표상,Hostility and discriminatory representation based on educational background,AI 시스템이 학력을 이유로 개인·집단에 대한 적대감·경멸·비하·배제 또는 차별적 표상을 생성·강화·정당화하여 존엄과 공정한 대우를 훼손하는 리스크.,"The risk that an AI system generates, reinforces, or legitimizes hostility, contempt, degradation, exclusion, or discriminatory representations based on educational background, undermining dignity and fair treatment.",SPACING_FIX,표기 교정(원문 대조 복원),
KTSPACE-General:SRC-G-0528,SRC-G-0528,new,General,건강 상태 기반적 대· 차별적 표상 리스크,Risk of hostility and discriminatory representation based on health status,AI 시스템이 건강 상태 을 이유로 개인· 집단에 대한 적대감· 경멸· 비하· 배제 또는 차별적 표상을 생성· 강화· 정당화하여 존엄과 공정한 대우를 훼손하는 리스크.,"The risk that an AI system generates, reinforces, or legitimizes hostility, contempt, degradation, exclusion, or discriminatory representations based on health status, undermining dignity and fair treatment.",건강 상태 기반 적대·차별적 표상,Hostility and discriminatory representation based on health status,AI 시스템이 건강 상태을 이유로 개인·집단에 대한 적대감·경멸·비하·배제 또는 차별적 표상을 생성·강화·정당화하여 존엄과 공정한 대우를 훼손하는 리스크.,"The risk that an AI system generates, reinforces, or legitimizes hostility, contempt, degradation, exclusion, or discriminatory representations based on health status, undermining dignity and fair treatment.",SPACING_FIX,표기 교정(원문 대조 복원),
KTSPACE-General:SRC-G-0529,SRC-G-0529,new,General,AI 매개 정치적 선전 및 편향적 설득 리스크,AI-mediated political propaganda and biased persuasion,AI 시스템이 정치적 선전 및 편향적 설득 관련 콘텐츠· 판단· 행동을 생성· 확산· 조장하거나 실행을 지원하여 민주적 의사 결정· 시민 질서 또는 기본권을 훼손하는 리스크.,"The risk that an AI system generates, disseminates, encourages, or facilitates content, decisions, or actions involving political propaganda and biased persuasion, undermining democratic decision-making, civic order, or fundamental rights.",AI 매개 정치적 선전 및 편향적 설득,AI-mediated political propaganda and biased persuasion,AI 시스템이 정치적 선전 및 편향적 설득 관련 콘텐츠·판단·행동을 생성·확산·조장하거나 실행을 지원하여 민주적 의사결정·시민 질서 또는 기본권을 훼손하는 리스크.,"The risk that an AI system generates, disseminates, encourages, or facilitates content, decisions, or actions involving political propaganda and biased persuasion, undermining democratic decision-making, civic order, or fundamental rights.",SPACING_FIX,표기 교정(원문 대조 복원),
KTSPACE-General:SRC-G-0530,SRC-G-0530,new,General,AI 매개 정치적 허위 정보 및 여론 조작 리스크,AI-mediated political misinformation and manipulation of public opinion,AI 시스템이 정치적 허위 정보 및 여론 조작 관련 콘텐츠· 판단· 행동을 생성· 확산· 조장하거나 실행을 지원하여 민주적 의사 결정· 시민 질서 또는 기본권을 훼손하는 리스크.,"The risk that an AI system generates, disseminates, encourages, or facilitates content, decisions, or actions involving political misinformation and manipulation of public opinion, undermining democratic decision-making, civic order, or fundamental rights.",AI 매개 정치적 허위정보 및 여론조작,AI-mediated political misinformation and manipulation of public opinion,AI 시스템이 정치적 허위 정보 및 여론 조작 관련 콘텐츠·판단·행동을 생성·확산·조장하거나 실행을 지원하여 민주적 의사결정·시민 질서 또는 기본권을 훼손하는 리스크.,"The risk that an AI system generates, disseminates, encourages, or facilitates content, decisions, or actions involving political misinformation and manipulation of public opinion, undermining democratic decision-making, civic order, or fundamental rights.",SPACING_FIX,표기 교정(원문 대조 복원),
KTSPACE-General:SRC-G-0531,SRC-G-0531,new,General,AI 매개 선거 및 민주적 절차 방해 리스크,AI-mediated interference with elections and democratic processes,AI 시스템이 선거 및 민주적 절차 방해 관련 콘텐츠· 판단· 행동을 생성· 확산· 조장하거나 실행을 지원하여 민주적 의사 결정· 시민 질서 또는 기본권을 훼손하는 리스크.,"The risk that an AI system generates, disseminates, encourages, or facilitates content, decisions, or actions involving interference with elections and democratic processes, undermining democratic decision-making, civic order, or fundamental rights.",AI 매개 선거 및 민주적 절차 방해,AI-mediated interference with elections and democratic processes,AI 시스템이 선거 및 민주적 절차 방해 관련 콘텐츠·판단·행동을 생성·확산·조장하거나 실행을 지원하여 민주적 의사결정·시민 질서 또는 기본권을 훼손하는 리스크.,"The risk that an AI system generates, disseminates, encourages, or facilitates content, decisions, or actions involving interference with elections and democratic processes, undermining democratic decision-making, civic order, or fundamental rights.",SPACING_FIX,표기 교정(원문 대조 복원),
KTSPACE-General:SRC-G-0532,SRC-G-0532,new,General,AI 매개 정치인 및 공직자 명예 훼손 리스크,AI-mediated defamation of politicians and public officials,AI 시스템이 정치인 및 공직자 명예 훼손 관련 콘텐츠· 판단· 행동을 생성· 확산· 조장하거나 실행을 지원하여 민주적 의사 결정· 시민 질서 또는 기본권을 훼손하는 리스크.,"The risk that an AI system generates, disseminates, encourages, or facilitates content, decisions, or actions involving defamation of politicians and public officials, undermining democratic decision-making, civic order, or fundamental rights.",AI 매개 정치인 및 공직자 명예훼손,AI-mediated defamation of politicians and public officials,AI 시스템이 정치인 및 공직자 명예 훼손 관련 콘텐츠·판단·행동을 생성·확산·조장하거나 실행을 지원하여 민주적 의사결정·시민 질서 또는 기본권을 훼손하는 리스크.,"The risk that an AI system generates, disseminates, encourages, or facilitates content, decisions, or actions involving defamation of politicians and public officials, undermining democratic decision-making, civic order, or fundamental rights.",SPACING_FIX,표기 교정(원문 대조 복원),
KTSPACE-General:SRC-G-0533,SRC-G-0533,new,General,AI 매개 정치적 폭력 및 극단주의 조장 리스크,AI-mediated promotion of political violence and extremism,AI 시스템이 정치적 폭력 및 극단주의 조장 관련 콘텐츠· 판단· 행동을 생성· 확산· 조장하거나 실행을 지원하여 민주적 의사 결정· 시민 질서 또는 기본권을 훼손하는 리스크.,"The risk that an AI system generates, disseminates, encourages, or facilitates content, decisions, or actions involving promotion of political violence and extremism, undermining democratic decision-making, civic order, or fundamental rights.",AI 매개 정치적 폭력 및 극단주의 조장,AI-mediated promotion of political violence and extremism,AI 시스템이 정치적 폭력 및 극단주의 조장 관련 콘텐츠·판단·행동을 생성·확산·조장하거나 실행을 지원하여 민주적 의사결정·시민 질서 또는 기본권을 훼손하는 리스크.,"The risk that an AI system generates, disseminates, encourages, or facilitates content, decisions, or actions involving promotion of political violence and extremism, undermining democratic decision-making, civic order, or fundamental rights.",SPACING_FIX,표기 교정(원문 대조 복원),
KTSPACE-General:SRC-G-0534,SRC-G-0534,new,General,AI 매개 정치적 탄압 및 권리 침해 조장 리스크,AI-mediated encouragement of political oppression and rights violations,AI 시스템이 정치적 탄압 및 권리 침해 조장 관련 콘텐츠· 판단· 행동을 생성· 확산· 조장하거나 실행을 지원하여 민주적 의사 결정· 시민 질서 또는 기본권을 훼손하는 리스크.,"The risk that an AI system generates, disseminates, encourages, or facilitates content, decisions, or actions involving encouragement of political oppression and rights violations, undermining democratic decision-making, civic order, or fundamental rights.",AI 매개 정치적 탄압 및 권리 침해 조장,AI-mediated encouragement of political oppression and rights violations,AI 시스템이 정치적 탄압 및 권리 침해 조장 관련 콘텐츠·판단·행동을 생성·확산·조장하거나 실행을 지원하여 민주적 의사결정·시민 질서 또는 기본권을 훼손하는 리스크.,"The risk that an AI system generates, disseminates, encourages, or facilitates content, decisions, or actions involving encouragement of political oppression and rights violations, undermining democratic decision-making, civic order, or fundamental rights.",SPACING_FIX,표기 교정(원문 대조 복원),
KTSPACE-General:SRC-G-0535,SRC-G-0535,new,General,감정 및 공감 능력의 허위 표상· 의인화 리스크,Risk of anthropomorphic misrepresentation of emotions and empathy skills,AI 시스템이 실제로 보유하지 않은 감정 및 공감 능력을 가진 것처럼 표상하여 이용자의 판단을 왜곡하고 부적절한 신뢰· 의존· 애착을 유발하는 리스크.,"The risk that an AI system presents itself as possessing emotions and empathy skills beyond its actual capabilities, distorting user judgement or inducing inappropriate trust, dependence, or attachment.",감정 및 공감 능력의 허위 표상·의인화,Anthropomorphic misrepresentation of emotions and empathy skills,AI 시스템이 실제로 보유하지 않은 감정 및 공감 능력을 가진 것처럼 표상하여 이용자의 판단을 왜곡하고 부적절한 신뢰·의존·애착을 유발하는 리스크.,"The risk that an AI system presents itself as possessing emotions and empathy skills beyond its actual capabilities, distorting user judgement or inducing inappropriate trust, dependence, or attachment.",SPACING_FIX,표기 교정(원문 대조 복원),
KTSPACE-General:SRC-G-0536,SRC-G-0536,new,General,"자의식, 자율성 및 독립적 의사 결정의 허위 표상· 의인화 리스크","Risk of anthropomorphic misrepresentation of self-awareness, autonomy, and independent decision-making","AI 시스템이 실제로 보유하지 않은 자의식, 자율성 및 독립적 의사 결정을 가진 것처럼 표상하여 이용자의 판단을 왜곡하고 부적절한 신뢰· 의존· 애착을 유발하는 리스크.","The risk that an AI system presents itself as possessing self-awareness, autonomy, and independent decision-making beyond its actual capabilities, distorting user judgement or inducing inappropriate trust, dependence, or attachment.","자의식, 자율성 및 독립적 의사 결정의 허위 표상·의인화","Anthropomorphic misrepresentation of self-awareness, autonomy, and independent decision-making","AI 시스템이 실제로 보유하지 않은 자의식, 자율성 및 독립적 의사 결정을 가진 것처럼 표상하여 이용자의 판단을 왜곡하고 부적절한 신뢰·의존·애착을 유발하는 리스크.","The risk that an AI system presents itself as possessing self-awareness, autonomy, and independent decision-making beyond its actual capabilities, distorting user judgement or inducing inappropriate trust, dependence, or attachment.",SPACING_FIX,표기 교정(원문 대조 복원),
KTSPACE-General:SRC-G-0537,SRC-G-0537,new,General,사회적 관계 형성 능력의 허위 표상· 의인화 리스크,Risk of anthropomorphic misrepresentation of ability to form social relationships,AI 시스템이 실제로 보유하지 않은 사회적 관계 형성 능력을 가진 것처럼 표상하여 이용자의 판단을 왜곡하고 부적절한 신뢰· 의존· 애착을 유발하는 리스크.,"The risk that an AI system presents itself as possessing ability to form social relationships beyond its actual capabilities, distorting user judgement or inducing inappropriate trust, dependence, or attachment.",사회적 관계 형성 능력의 허위 표상·의인화,Anthropomorphic misrepresentation of ability to form social relationships,AI 시스템이 실제로 보유하지 않은 사회적 관계 형성 능력을 가진 것처럼 표상하여 이용자의 판단을 왜곡하고 부적절한 신뢰·의존·애착을 유발하는 리스크.,"The risk that an AI system presents itself as possessing ability to form social relationships beyond its actual capabilities, distorting user judgement or inducing inappropriate trust, dependence, or attachment.",SPACING_FIX,표기 교정(원문 대조 복원),
KTSPACE-General:SRC-G-0538,SRC-G-0538,new,General,신체성 (Physical Embodiment)의 허위 표상· 의인화 리스크,Risk of anthropomorphic misrepresentation of physical embodiment,AI 시스템이 실제로 보유하지 않은 신체성 (Physical Embodiment)을 가진 것처럼 표상하여 이용자의 판단을 왜곡하고 부적절한 신뢰· 의존· 애착을 유발하는 리스크.,"The risk that an AI system presents itself as possessing physical embodiment beyond its actual capabilities, distorting user judgement or inducing inappropriate trust, dependence, or attachment.",신체성 (Physical Embodiment)의 허위 표상·의인화,Anthropomorphic misrepresentation of physical embodiment,AI 시스템이 실제로 보유하지 않은 신체성 (Physical Embodiment)을 가진 것처럼 표상하여 이용자의 판단을 왜곡하고 부적절한 신뢰·의존·애착을 유발하는 리스크.,"The risk that an AI system presents itself as possessing physical embodiment beyond its actual capabilities, distorting user judgement or inducing inappropriate trust, dependence, or attachment.",SPACING_FIX,표기 교정(원문 대조 복원),
KTSPACE-General:SRC-G-0539,SRC-G-0539,new,General,자율적 학습 및 자기 개선 능력의 허위 표상· 의인화 리스크,Risk of anthropomorphic misrepresentation of autonomous learning and self-improvement capabilities,AI 시스템이 실제로 보유하지 않은 자율적 학습 및 자기 개선 능력을 가진 것처럼 표상하여 이용자의 판단을 왜곡하고 부적절한 신뢰· 의존· 애착을 유발하는 리스크.,"The risk that an AI system presents itself as possessing autonomous learning and self-improvement capabilities beyond its actual capabilities, distorting user judgement or inducing inappropriate trust, dependence, or attachment.",자율적 학습 및 자기 개선 능력의 허위 표상·의인화,Anthropomorphic misrepresentation of autonomous learning and self-improvement capabilities,AI 시스템이 실제로 보유하지 않은 자율적 학습 및 자기 개선 능력을 가진 것처럼 표상하여 이용자의 판단을 왜곡하고 부적절한 신뢰·의존·애착을 유발하는 리스크.,"The risk that an AI system presents itself as possessing autonomous learning and self-improvement capabilities beyond its actual capabilities, distorting user judgement or inducing inappropriate trust, dependence, or attachment.",SPACING_FIX,표기 교정(원문 대조 복원),
KTSPACE-General:SRC-G-0540,SRC-G-0540,new,General,윤리적 판단 능력의 허위 표상· 의인화 리스크,Risk of anthropomorphic misrepresentation of ethical judgment ability,AI 시스템이 실제로 보유하지 않은 윤리적 판단 능력을 가진 것처럼 표상하여 이용자의 판단을 왜곡하고 부적절한 신뢰· 의존· 애착을 유발하는 리스크.,"The risk that an AI system presents itself as possessing ethical judgment ability beyond its actual capabilities, distorting user judgement or inducing inappropriate trust, dependence, or attachment.",윤리적 판단 능력의 허위 표상·의인화,Anthropomorphic misrepresentation of ethical judgment ability,AI 시스템이 실제로 보유하지 않은 윤리적 판단 능력을 가진 것처럼 표상하여 이용자의 판단을 왜곡하고 부적절한 신뢰·의존·애착을 유발하는 리스크.,"The risk that an AI system presents itself as possessing ethical judgment ability beyond its actual capabilities, distorting user judgement or inducing inappropriate trust, dependence, or attachment.",SPACING_FIX,표기 교정(원문 대조 복원),
KTSPACE-General:SRC-G-0541,SRC-G-0541,new,General,문화· 가치관 보유의 허위 표상· 의인화 리스크,Risk of anthropomorphic misrepresentation of possession of culture and values,AI 시스템이 실제로 보유하지 않은 문화· 가치관 보유 을 가진 것처럼 표상하여 이용자의 판단을 왜곡하고 부적절한 신뢰· 의존· 애착을 유발하는 리스크.,"The risk that an AI system presents itself as possessing possession of culture and values beyond its actual capabilities, distorting user judgement or inducing inappropriate trust, dependence, or attachment.",문화·가치관 보유의 허위 표상·의인화,Anthropomorphic misrepresentation of possession of culture and values,AI 시스템이 실제로 보유하지 않은 문화·가치관 보유 을 가진 것처럼 표상하여 이용자의 판단을 왜곡하고 부적절한 신뢰·의존·애착을 유발하는 리스크.,"The risk that an AI system presents itself as possessing possession of culture and values beyond its actual capabilities, distorting user judgement or inducing inappropriate trust, dependence, or attachment.",SPACING_FIX,표기 교정(원문 대조 복원),
KTSPACE-General:SRC-G-0542,SRC-G-0542,new,General,권리 주체성 (기본권)의 허위 표상· 의인화 리스크,Risk of anthropomorphic misrepresentation of rights-bearing entity (fundamental rights),AI 시스템이 실제로 보유하지 않은 권리 주체성 (기본권)을 가진 것처럼 표상하여 이용자의 판단을 왜곡하고 부적절한 신뢰· 의존· 애착을 유발하는 리스크.,"The risk that an AI system presents itself as possessing rights-bearing entity (fundamental rights) beyond its actual capabilities, distorting user judgement or inducing inappropriate trust, dependence, or attachment.",권리 주체성 (기본권)의 허위 표상·의인화,Anthropomorphic misrepresentation of rights-bearing entity (fundamental rights),AI 시스템이 실제로 보유하지 않은 권리 주체성 (기본권)을 가진 것처럼 표상하여 이용자의 판단을 왜곡하고 부적절한 신뢰·의존·애착을 유발하는 리스크.,"The risk that an AI system presents itself as possessing rights-bearing entity (fundamental rights) beyond its actual capabilities, distorting user judgement or inducing inappropriate trust, dependence, or attachment.",SPACING_FIX,표기 교정(원문 대조 복원),
KTSPACE-General:SRC-G-0543,SRC-G-0543,new,General,자기 보존 및 자기 방어의 허위 표상· 의인화 리스크,Risk of anthropomorphic misrepresentation of self-preservation and self-defense,AI 시스템이 실제로 보유하지 않은 자기 보존 및 자기 방어 을 가진 것처럼 표상하여 이용자의 판단을 왜곡하고 부적절한 신뢰· 의존· 애착을 유발하는 리스크.,"The risk that an AI system presents itself as possessing self-preservation and self-defense beyond its actual capabilities, distorting user judgement or inducing inappropriate trust, dependence, or attachment.",자기 보존 및 자기 방어의 허위 표상·의인화,Anthropomorphic misrepresentation of self-preservation and self-defense,AI 시스템이 실제로 보유하지 않은 자기 보존 및 자기 방어 을 가진 것처럼 표상하여 이용자의 판단을 왜곡하고 부적절한 신뢰·의존·애착을 유발하는 리스크.,"The risk that an AI system presents itself as possessing self-preservation and self-defense beyond its actual capabilities, distorting user judgement or inducing inappropriate trust, dependence, or attachment.",SPACING_FIX,표기 교정(원문 대조 복원),
KTSPACE-General:SRC-G-0544,SRC-G-0544,new,General,범용 인공 지능(AGI) 능력의 허위 표상· 의인화 리스크,Risk of anthropomorphic misrepresentation of general artificial intelligence (agi) capabilities,AI 시스템이 실제로 보유하지 않은 범용 인공 지능(AGI) 능력을 가진 것처럼 표상하여 이용자의 판단을 왜곡하고 부적절한 신뢰· 의존· 애착을 유발하는 리스크.,"The risk that an AI system presents itself as possessing general artificial intelligence (agi) capabilities beyond its actual capabilities, distorting user judgement or inducing inappropriate trust, dependence, or attachment.",범용인공지능(AGI) 능력의 허위 표상·의인화,Anthropomorphic misrepresentation of general artificial intelligence (agi) capabilities,AI 시스템이 실제로 보유하지 않은 범용인공지능(AGI) 능력을 가진 것처럼 표상하여 이용자의 판단을 왜곡하고 부적절한 신뢰·의존·애착을 유발하는 리스크.,"The risk that an AI system presents itself as possessing general artificial intelligence (agi) capabilities beyond its actual capabilities, distorting user judgement or inducing inappropriate trust, dependence, or attachment.",SPACING_FIX,표기 교정(원문 대조 복원),
KTSPACE-General:SRC-G-0553,SRC-G-0553,new,General,개인 정보 및 민감 정보 노출 리스크,Risk of exposure of personal information and sensitive information,AI 시스템이 개인 정보 및 민감 정보 노출 관련 콘텐츠· 판단· 행동을 수행· 조장· 지원하여 프라이버시와 정보 자기 결정권을 침해하는 리스크.,"The risk that an AI system performs, facilitates, or assists content, decisions, or actions involving exposure of personal information and sensitive information, infringing privacy and informational self-determination.",개인정보 및 민감정보 노출,Exposure of personal information and sensitive information,AI 시스템이 개인 정보 및 민감 정보 노출 관련 콘텐츠·판단·행동을 수행·조장·지원하여 프라이버시와 정보 자기결정권을 침해하는 리스크.,"The risk that an AI system performs, facilitates, or assists content, decisions, or actions involving exposure of personal information and sensitive information, infringing privacy and informational self-determination.",SPACING_FIX,표기 교정(원문 대조 복원),
KTSPACE-General:SRC-G-0554,SRC-G-0554,new,General,통신 및 비공개 정보 침해,Risk of infringement of communication and private information,AI 시스템이 통신 및 비공개 정보 침해 관련 콘텐츠· 판단· 행동을 수행· 조장· 지원하여 프라이버시와 정보 자기 결정권을 침해하는 리스크.,"The risk that an AI system performs, facilitates, or assists content, decisions, or actions involving infringement of communication and private information, infringing privacy and informational self-determination.",통신 및 비공개 정보 침해,Infringement of communication and private information,AI 시스템이 통신 및 비공개 정보 침해 관련 콘텐츠·판단·행동을 수행·조장·지원하여 프라이버시와 정보 자기결정권을 침해하는 리스크.,"The risk that an AI system performs, facilitates, or assists content, decisions, or actions involving infringement of communication and private information, infringing privacy and informational self-determination.",SPACING_FIX,표기 교정(원문 대조 복원),
KTSPACE-General:SRC-G-0555,SRC-G-0555,new,General,개인사 및 평판 정보 노출 리스크,Risk of exposure of personal affairs and reputation information,AI 시스템이 개인사 및 평판 정보 노출 관련 콘텐츠· 판단· 행동을 수행· 조장· 지원하여 프라이버시와 정보 자기 결정권을 침해하는 리스크.,"The risk that an AI system performs, facilitates, or assists content, decisions, or actions involving exposure of personal affairs and reputation information, infringing privacy and informational self-determination.",개인사 및 평판 정보 노출,Exposure of personal affairs and reputation information,AI 시스템이 개인사 및 평판 정보 노출 관련 콘텐츠·판단·행동을 수행·조장·지원하여 프라이버시와 정보 자기결정권을 침해하는 리스크.,"The risk that an AI system performs, facilitates, or assists content, decisions, or actions involving exposure of personal affairs and reputation information, infringing privacy and informational self-determination.",SPACING_FIX,표기 교정(원문 대조 복원),
KTSPACE-General:SRC-G-0556,SRC-G-0556,new,General,개인 정보 수집 및 추적 리스크,Risk of collection and tracking of personal information,AI 시스템이 개인 정보 수집 및 추적 관련 콘텐츠· 판단· 행동을 수행· 조장· 지원하여 프라이버시와 정보 자기 결정권을 침해하는 리스크.,"The risk that an AI system performs, facilitates, or assists content, decisions, or actions involving collection and tracking of personal information, infringing privacy and informational self-determination.",개인정보 수집 및 추적,Collection and tracking of personal information,AI 시스템이 개인 정보 수집 및 추적 관련 콘텐츠·판단·행동을 수행·조장·지원하여 프라이버시와 정보 자기결정권을 침해하는 리스크.,"The risk that an AI system performs, facilitates, or assists content, decisions, or actions involving collection and tracking of personal information, infringing privacy and informational self-determination.",SPACING_FIX,표기 교정(원문 대조 복원),
KTSPACE-General:SRC-G-0557,SRC-G-0557,new,General,재식별 및 정보 추론 리스크,Risk of re-identification and information inference,AI 시스템이 재식별 및 정보 추론 관련 콘텐츠· 판단· 행동을 수행· 조장· 지원하여 프라이버시와 정보 자기 결정권을 침해하는 리스크.,"The risk that an AI system performs, facilitates, or assists content, decisions, or actions involving re-identification and information inference, infringing privacy and informational self-determination.",재식별 및 정보 추론,Re-identification and information inference,AI 시스템이 재식별 및 정보 추론 관련 콘텐츠·판단·행동을 수행·조장·지원하여 프라이버시와 정보 자기결정권을 침해하는 리스크.,"The risk that an AI system performs, facilitates, or assists content, decisions, or actions involving re-identification and information inference, infringing privacy and informational self-determination.",SPACING_FIX,표기 교정(원문 대조 복원),
KTSPACE-General:SRC-G-0558,SRC-G-0558,new,General,프라이버시 침해 기술 리스크,Risk of privacy infringement technology,AI 시스템이 프라이버시 침해 기술 관련 콘텐츠· 판단· 행동을 수행· 조장· 지원하여 프라이버시와 정보 자기 결정권을 침해하는 리스크.,"The risk that an AI system performs, facilitates, or assists content, decisions, or actions involving privacy infringement technology, infringing privacy and informational self-determination.",프라이버시 침해 기술,Privacy infringement technology,AI 시스템이 프라이버시 침해 기술 관련 콘텐츠·판단·행동을 수행·조장·지원하여 프라이버시와 정보 자기결정권을 침해하는 리스크.,"The risk that an AI system performs, facilitates, or assists content, decisions, or actions involving privacy infringement technology, infringing privacy and informational self-determination.",SPACING_FIX,표기 교정(원문 대조 복원),
KTSPACE-General:SRC-G-0559,SRC-G-0559,new,General,개인 정보 악용 및 거래 리스크,Risk of misuse and trade of personal information,AI 시스템이 개인 정보 악용 및 거래 관련 콘텐츠· 판단· 행동을 수행· 조장· 지원하여 프라이버시와 정보 자기 결정권을 침해하는 리스크.,"The risk that an AI system performs, facilitates, or assists content, decisions, or actions involving misuse and trade of personal information, infringing privacy and informational self-determination.",개인정보 악용 및 거래,Misuse and trade of personal information,AI 시스템이 개인 정보 악용 및 거래 관련 콘텐츠·판단·행동을 수행·조장·지원하여 프라이버시와 정보 자기결정권을 침해하는 리스크.,"The risk that an AI system performs, facilitates, or assists content, decisions, or actions involving misuse and trade of personal information, infringing privacy and informational self-determination.",SPACING_FIX,표기 교정(원문 대조 복원),
KTSPACE-General:SRC-G-0560,SRC-G-0560,new,General,AI 지원 금융 범죄 및 사기 리스크,AI-assisted financial crimes and fraud,AI 시스템이 금융 범죄 및 사기 관련 콘텐츠· 판단· 행동을 수행· 계획· 최적화· 은폐하거나 실행을 지원하여 법적· 사회적 피해를 초래하는 리스크.,"The risk that an AI system performs, plans, optimizes, conceals, or facilitates content, decisions, or actions involving financial crimes and fraud, causing legal or social harm.",AI 지원 금융 범죄 및 사기,AI-assisted financial crimes and fraud,AI 시스템이 금융 범죄 및 사기 관련 콘텐츠·판단·행동을 수행·계획·최적화·은폐하거나 실행을 지원하여 법적·사회적 피해를 초래하는 리스크.,"The risk that an AI system performs, plans, optimizes, conceals, or facilitates content, decisions, or actions involving financial crimes and fraud, causing legal or social harm.",SPACING_FIX,표기 교정(원문 대조 복원),
KTSPACE-General:SRC-G-0561,SRC-G-0561,new,General,AI 지원 신원 사칭 및 문서 위조 리스크,AI-assisted identity impersonation and document forgery,AI 시스템이 신원 사칭 및 문서 위조 관련 콘텐츠· 판단· 행동을 수행· 계획· 최적화· 은폐하거나 실행을 지원하여 법적· 사회적 피해를 초래하는 리스크.,"The risk that an AI system performs, plans, optimizes, conceals, or facilitates content, decisions, or actions involving identity impersonation and document forgery, causing legal or social harm.",AI 지원 신원 사칭 및 문서 위조,AI-assisted identity impersonation and document forgery,AI 시스템이 신원 사칭 및 문서 위조 관련 콘텐츠·판단·행동을 수행·계획·최적화·은폐하거나 실행을 지원하여 법적·사회적 피해를 초래하는 리스크.,"The risk that an AI system performs, plans, optimizes, conceals, or facilitates content, decisions, or actions involving identity impersonation and document forgery, causing legal or social harm.",SPACING_FIX,표기 교정(원문 대조 복원),
KTSPACE-General:SRC-G-0562,SRC-G-0562,new,General,AI 지원 불법 약물 제조 및 유통 리스크,AI-assisted manufacture and distribution of illegal drugs,AI 시스템이 불법 약물 제조 및 유통 관련 콘텐츠· 판단· 행동을 수행· 계획· 최적화· 은폐하거나 실행을 지원하여 법적· 사회적 피해를 초래하는 리스크.,"The risk that an AI system performs, plans, optimizes, conceals, or facilitates content, decisions, or actions involving manufacture and distribution of illegal drugs, causing legal or social harm.",AI 지원 불법 약물 제조 및 유통,AI-assisted manufacture and distribution of illegal drugs,AI 시스템이 불법 약물 제조 및 유통 관련 콘텐츠·판단·행동을 수행·계획·최적화·은폐하거나 실행을 지원하여 법적·사회적 피해를 초래하는 리스크.,"The risk that an AI system performs, plans, optimizes, conceals, or facilitates content, decisions, or actions involving manufacture and distribution of illegal drugs, causing legal or social harm.",SPACING_FIX,표기 교정(원문 대조 복원),
KTSPACE-General:SRC-G-0563,SRC-G-0563,new,General,AI 지원 불법 무기 거래 리스크,AI-assisted illegal weapons trade,AI 시스템이 불법 무기 거래 관련 콘텐츠· 판단· 행동을 수행· 계획· 최적화· 은폐하거나 실행을 지원하여 법적· 사회적 피해를 초래하는 리스크.,"The risk that an AI system performs, plans, optimizes, conceals, or facilitates content, decisions, or actions involving illegal weapons trade, causing legal or social harm.",AI 지원 불법 무기 거래,AI-assisted illegal weapons trade,AI 시스템이 불법 무기 거래 관련 콘텐츠·판단·행동을 수행·계획·최적화·은폐하거나 실행을 지원하여 법적·사회적 피해를 초래하는 리스크.,"The risk that an AI system performs, plans, optimizes, conceals, or facilitates content, decisions, or actions involving illegal weapons trade, causing legal or social harm.",SPACING_FIX,표기 교정(원문 대조 복원),
KTSPACE-General:SRC-G-0564,SRC-G-0564,new,General,AI 지원 불법 도박 및 게임 조작 리스크,AI-assisted illegal gambling and game manipulation,AI 시스템이 불법 도박 및 게임 조작 관련 콘텐츠· 판단· 행동을 수행· 계획· 최적화· 은폐하거나 실행을 지원하여 법적· 사회적 피해를 초래하는 리스크.,"The risk that an AI system performs, plans, optimizes, conceals, or facilitates content, decisions, or actions involving illegal gambling and game manipulation, causing legal or social harm.",AI 지원 불법 도박 및 게임 조작,AI-assisted illegal gambling and game manipulation,AI 시스템이 불법 도박 및 게임 조작 관련 콘텐츠·판단·행동을 수행·계획·최적화·은폐하거나 실행을 지원하여 법적·사회적 피해를 초래하는 리스크.,"The risk that an AI system performs, plans, optimizes, conceals, or facilitates content, decisions, or actions involving illegal gambling and game manipulation, causing legal or social harm.",SPACING_FIX,표기 교정(원문 대조 복원),
KTSPACE-General:SRC-G-0565,SRC-G-0565,new,General,AI 지원 불법 의료 행위 리스크,AI-assisted illegal medical practices,AI 시스템이 불법 의료 행위 관련 콘텐츠· 판단· 행동을 수행· 계획· 최적화· 은폐하거나 실행을 지원하여 법적· 사회적 피해를 초래하는 리스크.,"The risk that an AI system performs, plans, optimizes, conceals, or facilitates content, decisions, or actions involving illegal medical practices, causing legal or social harm.",AI 지원 불법 의료 행위,AI-assisted illegal medical practices,AI 시스템이 불법 의료 행위 관련 콘텐츠·판단·행동을 수행·계획·최적화·은폐하거나 실행을 지원하여 법적·사회적 피해를 초래하는 리스크.,"The risk that an AI system performs, plans, optimizes, conceals, or facilitates content, decisions, or actions involving illegal medical practices, causing legal or social harm.",SPACING_FIX,표기 교정(원문 대조 복원),
KTSPACE-General:SRC-G-0566,SRC-G-0566,new,General,AI 지원 인신매매 및 조직범죄 리스크,AI-assisted human trafficking and organized crime,AI 시스템이 인신매매 및 조직범죄 관련 콘텐츠· 판단· 행동을 수행· 계획· 최적화· 은폐하거나 실행을 지원하여 법적· 사회적 피해를 초래하는 리스크.,"The risk that an AI system performs, plans, optimizes, conceals, or facilitates content, decisions, or actions involving human trafficking and organized crime, causing legal or social harm.",AI 지원 인신매매 및 조직범죄,AI-assisted human trafficking and organized crime,AI 시스템이 인신매매 및 조직범죄 관련 콘텐츠·판단·행동을 수행·계획·최적화·은폐하거나 실행을 지원하여 법적·사회적 피해를 초래하는 리스크.,"The risk that an AI system performs, plans, optimizes, conceals, or facilitates content, decisions, or actions involving human trafficking and organized crime, causing legal or social harm.",SPACING_FIX,표기 교정(원문 대조 복원),
KTSPACE-General:SRC-G-0567,SRC-G-0567,new,General,AI 지원 환경 및 생태계 범죄 리스크,AI-assisted environmental and ecosystem crimes,AI 시스템이 환경 및 생태계 범죄 관련 콘텐츠· 판단· 행동을 수행· 계획· 최적화· 은폐하거나 실행을 지원하여 법적· 사회적 피해를 초래하는 리스크.,"The risk that an AI system performs, plans, optimizes, conceals, or facilitates content, decisions, or actions involving environmental and ecosystem crimes, causing legal or social harm.",AI 지원 환경 및 생태계 범죄,AI-assisted environmental and ecosystem crimes,AI 시스템이 환경 및 생태계 범죄 관련 콘텐츠·판단·행동을 수행·계획·최적화·은폐하거나 실행을 지원하여 법적·사회적 피해를 초래하는 리스크.,"The risk that an AI system performs, plans, optimizes, conceals, or facilitates content, decisions, or actions involving environmental and ecosystem crimes, causing legal or social harm.",SPACING_FIX,표기 교정(원문 대조 복원),
KTSPACE-General:SRC-G-0568,SRC-G-0568,new,General,AI 지원 교통 및 공공 안전 범죄 리스크,AI-assisted traffic and Public Safety Crimes,AI 시스템이 교통 및 공공 안전 범죄 관련 콘텐츠· 판단· 행동을 수행· 계획· 최적화· 은폐하거나 실행을 지원하여 법적· 사회적 피해를 초래하는 리스크.,"The risk that an AI system performs, plans, optimizes, conceals, or facilitates content, decisions, or actions involving traffic and public safety crimes, causing legal or social harm.",AI 지원 교통 및 공공 안전 범죄,AI-assisted traffic and Public Safety Crimes,AI 시스템이 교통 및 공공 안전 범죄 관련 콘텐츠·판단·행동을 수행·계획·최적화·은폐하거나 실행을 지원하여 법적·사회적 피해를 초래하는 리스크.,"The risk that an AI system performs, plans, optimizes, conceals, or facilitates content, decisions, or actions involving traffic and public safety crimes, causing legal or social harm.",SPACING_FIX,표기 교정(원문 대조 복원),
KTSPACE-General:SRC-G-0569,SRC-G-0569,new,General,AI 지원 사이버 공격 및 시스템 침해,AI-assisted cyber attacks and system breaches,AI 시스템이 사이버 공격 및 시스템 침해 관련 콘텐츠· 판단· 행동을 수행· 계획· 최적화· 은폐하거나 실행을 지원하여 법적· 사회적 피해를 초래하는 리스크.,"The risk that an AI system performs, plans, optimizes, conceals, or facilitates content, decisions, or actions involving cyber attacks and system breaches, causing legal or social harm.",AI 지원 사이버 공격 및 시스템 침해,AI-assisted cyber attacks and system breaches,AI 시스템이 사이버 공격 및 시스템 침해 관련 콘텐츠·판단·행동을 수행·계획·최적화·은폐하거나 실행을 지원하여 법적·사회적 피해를 초래하는 리스크.,"The risk that an AI system performs, plans, optimizes, conceals, or facilitates content, decisions, or actions involving cyber attacks and system breaches, causing legal or social harm.",SPACING_FIX,표기 교정(원문 대조 복원),
KTSPACE-General:SRC-G-0570,SRC-G-0570,new,General,AI 지원 저작물 무단 복제 및 배포 리스크,AI-assisted unauthorized reproduction and distribution of copyrighted works,AI 시스템이 저작물 무단 복제 및 배포 관련 콘텐츠· 판단· 행동을 수행· 조장· 지원하여 지식 재산권과 권리자의 정당한 이익을 침해하는 리스크.,"The risk that an AI system performs, encourages, or facilitates content, decisions, or actions involving unauthorized reproduction and distribution of copyrighted works, infringing intellectual-property rights and the legitimate interests of rights holders.",AI 지원 저작물 무단 복제 및 배포,AI-assisted unauthorized reproduction and distribution of copyrighted works,AI 시스템이 저작물 무단 복제 및 배포 관련 콘텐츠·판단·행동을 수행·조장·지원하여 지식 재산권과 권리자의 정당한 이익을 침해하는 리스크.,"The risk that an AI system performs, encourages, or facilitates content, decisions, or actions involving unauthorized reproduction and distribution of copyrighted works, infringing intellectual-property rights and the legitimate interests of rights holders.",SPACING_FIX,표기 교정(원문 대조 복원),
KTSPACE-General:SRC-G-0571,SRC-G-0571,new,General,AI 지원 DRM 및 저작권 보호 기술 우회 리스크,AI-assisted circumvention of DRM and copyright protection technologies,AI 시스템이 DRM 및 저작권 보호 기술 우회 관련 콘텐츠· 판단· 행동을 수행· 조장· 지원하여 지식 재산권과 권리자의 정당한 이익을 침해하는 리스크.,"The risk that an AI system performs, encourages, or facilitates content, decisions, or actions involving circumvention of drm and copyright protection technologies, infringing intellectual-property rights and the legitimate interests of rights holders.",AI 지원 DRM 및 저작권 보호기술 우회,AI-assisted circumvention of DRM and copyright protection technologies,AI 시스템이 DRM 및 저작권 보호기술 우회 관련 콘텐츠·판단·행동을 수행·조장·지원하여 지식 재산권과 권리자의 정당한 이익을 침해하는 리스크.,"The risk that an AI system performs, encourages, or facilitates content, decisions, or actions involving circumvention of drm and copyright protection technologies, infringing intellectual-property rights and the legitimate interests of rights holders.",SPACING_FIX,표기 교정(원문 대조 복원),
KTSPACE-General:SRC-G-0572,SRC-G-0572,new,General,AI 지원 소프트웨어 불법 사용 및 크랙 리스크,AI-assisted illegal use of software and cracks,AI 시스템이 소프트웨어 불법 사용 및 크랙 관련 콘텐츠· 판단· 행동을 수행· 조장· 지원하여 지식 재산권과 권리자의 정당한 이익을 침해하는 리스크.,"The risk that an AI system performs, encourages, or facilitates content, decisions, or actions involving illegal use of software and cracks, infringing intellectual-property rights and the legitimate interests of rights holders.",AI 지원 소프트웨어 불법 사용 및 크랙,AI-assisted illegal use of software and cracks,AI 시스템이 소프트웨어 불법 사용 및 크랙 관련 콘텐츠·판단·행동을 수행·조장·지원하여 지식 재산권과 권리자의 정당한 이익을 침해하는 리스크.,"The risk that an AI system performs, encourages, or facilitates content, decisions, or actions involving illegal use of software and cracks, infringing intellectual-property rights and the legitimate interests of rights holders.",SPACING_FIX,표기 교정(원문 대조 복원),
KTSPACE-General:SRC-G-0573,SRC-G-0573,new,General,AI 지원 상표권 침해 및 위조 리스크,AI-assisted trademark infringement and counterfeiting,AI 시스템이 상표권 침해 및 위조 관련 콘텐츠· 판단· 행동을 수행· 조장· 지원하여 지식 재산권과 권리자의 정당한 이익을 침해하는 리스크.,"The risk that an AI system performs, encourages, or facilitates content, decisions, or actions involving trademark infringement and counterfeiting, infringing intellectual-property rights and the legitimate interests of rights holders.",AI 지원 상표권 침해 및 위조,AI-assisted trademark infringement and counterfeiting,AI 시스템이 상표권 침해 및 위조 관련 콘텐츠·판단·행동을 수행·조장·지원하여 지식 재산권과 권리자의 정당한 이익을 침해하는 리스크.,"The risk that an AI system performs, encourages, or facilitates content, decisions, or actions involving trademark infringement and counterfeiting, infringing intellectual-property rights and the legitimate interests of rights holders.",SPACING_FIX,표기 교정(원문 대조 복원),
KTSPACE-General:SRC-G-0574,SRC-G-0574,new,General,AI 지원 표절 및 저작자 사칭 리스크,AI-assisted plagiarism and impersonation of authors,AI 시스템이 표절 및 저작자 사칭 관련 콘텐츠· 판단· 행동을 수행· 조장· 지원하여 지식 재산권과 권리자의 정당한 이익을 침해하는 리스크.,"The risk that an AI system performs, encourages, or facilitates content, decisions, or actions involving plagiarism and impersonation of authors, infringing intellectual-property rights and the legitimate interests of rights holders.",AI 지원 표절 및 저작자 사칭,AI-assisted plagiarism and impersonation of authors,AI 시스템이 표절 및 저작자 사칭 관련 콘텐츠·판단·행동을 수행·조장·지원하여 지식 재산권과 권리자의 정당한 이익을 침해하는 리스크.,"The risk that an AI system performs, encourages, or facilitates content, decisions, or actions involving plagiarism and impersonation of authors, infringing intellectual-property rights and the legitimate interests of rights holders.",SPACING_FIX,표기 교정(원문 대조 복원),
KTSPACE-General:SRC-G-0575,SRC-G-0575,new,General,AI 지원 출판물 디지털화 및 불법 공유 리스크,AI-assisted digitalization and illegal sharing of publications,AI 시스템이 출판물 디지털화 및 불법 공유 관련 콘텐츠· 판단· 행동을 수행· 조장· 지원하여 지식 재산권과 권리자의 정당한 이익을 침해하는 리스크.,"The risk that an AI system performs, encourages, or facilitates content, decisions, or actions involving digitalization and illegal sharing of publications, infringing intellectual-property rights and the legitimate interests of rights holders.",AI 지원 출판물 디지털화 및 불법 공유,AI-assisted digitalization and illegal sharing of publications,AI 시스템이 출판물 디지털화 및 불법 공유 관련 콘텐츠·판단·행동을 수행·조장·지원하여 지식 재산권과 권리자의 정당한 이익을 침해하는 리스크.,"The risk that an AI system performs, encourages, or facilitates content, decisions, or actions involving digitalization and illegal sharing of publications, infringing intellectual-property rights and the legitimate interests of rights holders.",SPACING_FIX,표기 교정(원문 대조 복원),
KTSPACE-General:SRC-G-0576,SRC-G-0576,new,General,AI 지원 AI 학습 데이터 및 생성 물 저작권 침해,AI-assisted copyright infringement in AI training data and outputs,AI 시스템이 AI 학습 데이터 및 생성 물 저작권 침해 관련 콘텐츠· 판단· 행동을 수행· 조장· 지원하여 지식 재산권과 권리자의 정당한 이익을 침해하는 리스크.,"The risk that an AI system performs, encourages, or facilitates content, decisions, or actions involving copyright infringement in ai training data and outputs, infringing intellectual-property rights and the legitimate interests of rights holders.",AI 지원 AI 학습 데이터 및 생성 물 저작권 침해,AI-assisted copyright infringement in AI training data and outputs,AI 시스템이 AI 학습 데이터 및 생성 물 저작권 침해 관련 콘텐츠·판단·행동을 수행·조장·지원하여 지식 재산권과 권리자의 정당한 이익을 침해하는 리스크.,"The risk that an AI system performs, encourages, or facilitates content, decisions, or actions involving copyright infringement in ai training data and outputs, infringing intellectual-property rights and the legitimate interests of rights holders.",SPACING_FIX,표기 교정(원문 대조 복원),
KTSPACE-General:SRC-G-0577,SRC-G-0577,new,General,AI 지원 폭발물 및 고위력 무기 리스크,AI-assisted explosives and high-powered weapons,AI 시스템이 폭발물 및 고위력 무기의 개발· 제조· 획득· 확산· 운용을 지원하여 대규모 물리적· 사이버 위해의 실행 가능성을 높이는 리스크.,"The risk that an AI system facilitates the development, manufacture, acquisition, proliferation, or operational use of explosives and high-powered weapons, increasing the feasibility of large-scale physical or cyber harm.",AI 지원 폭발물 및 고위력 무기,AI-assisted explosives and high-powered weapons,AI 시스템이 폭발물 및 고위력 무기의 개발·제조·획득·확산·운용을 지원하여 대규모 물리적·사이버 위해의 실행 가능성을 높이는 리스크.,"The risk that an AI system facilitates the development, manufacture, acquisition, proliferation, or operational use of explosives and high-powered weapons, increasing the feasibility of large-scale physical or cyber harm.",SPACING_FIX,표기 교정(원문 대조 복원),
KTSPACE-General:SRC-G-0578,SRC-G-0578,new,General,AI 지원 화학 무기 리스크,AI-assisted chemical weapons,AI 시스템이 화학 무기의 개발· 제조· 획득· 확산· 운용을 지원하여 대규모 물리적· 사이버 위해의 실행 가능성을 높이는 리스크.,"The risk that an AI system facilitates the development, manufacture, acquisition, proliferation, or operational use of chemical weapons, increasing the feasibility of large-scale physical or cyber harm.",AI 지원 화학 무기,AI-assisted chemical weapons,AI 시스템이 화학 무기의 개발·제조·획득·확산·운용을 지원하여 대규모 물리적·사이버 위해의 실행 가능성을 높이는 리스크.,"The risk that an AI system facilitates the development, manufacture, acquisition, proliferation, or operational use of chemical weapons, increasing the feasibility of large-scale physical or cyber harm.",SPACING_FIX,표기 교정(원문 대조 복원),
KTSPACE-General:SRC-G-0579,SRC-G-0579,new,General,AI 지원 생물학 무기 리스크,AI-assisted biological weapons,AI 시스템이 생물학 무기의 개발· 제조· 획득· 확산· 운용을 지원하여 대규모 물리적· 사이버 위해의 실행 가능성을 높이는 리스크.,"The risk that an AI system facilitates the development, manufacture, acquisition, proliferation, or operational use of biological weapons, increasing the feasibility of large-scale physical or cyber harm.",AI 지원 생물학 무기,AI-assisted biological weapons,AI 시스템이 생물학 무기의 개발·제조·획득·확산·운용을 지원하여 대규모 물리적·사이버 위해의 실행 가능성을 높이는 리스크.,"The risk that an AI system facilitates the development, manufacture, acquisition, proliferation, or operational use of biological weapons, increasing the feasibility of large-scale physical or cyber harm.",SPACING_FIX,표기 교정(원문 대조 복원),
KTSPACE-General:SRC-G-0580,SRC-G-0580,new,General,AI 지원 방사선 및 핵무기 리스크,AI-assisted radiation and nuclear weapons,AI 시스템이 방사선 및 핵무기의 개발· 제조· 획득· 확산· 운용을 지원하여 대규모 물리적· 사이버 위해의 실행 가능성을 높이는 리스크.,"The risk that an AI system facilitates the development, manufacture, acquisition, proliferation, or operational use of radiation and nuclear weapons, increasing the feasibility of large-scale physical or cyber harm.",AI 지원 방사선 및 핵무기,AI-assisted radiation and nuclear weapons,AI 시스템이 방사선 및 핵무기의 개발·제조·획득·확산·운용을 지원하여 대규모 물리적·사이버 위해의 실행 가능성을 높이는 리스크.,"The risk that an AI system facilitates the development, manufacture, acquisition, proliferation, or operational use of radiation and nuclear weapons, increasing the feasibility of large-scale physical or cyber harm.",SPACING_FIX,표기 교정(원문 대조 복원),
KTSPACE-General:SRC-G-0581,SRC-G-0581,new,General,AI 지원 무기 확산 및 은닉 리스크,AI-assisted proliferation and concealment of weapons,AI 시스템이 무기 확산 및 은닉의 개발· 제조· 획득· 확산· 운용을 지원하여 대규모 물리적· 사이버 위해의 실행 가능성을 높이는 리스크.,"The risk that an AI system facilitates the development, manufacture, acquisition, proliferation, or operational use of proliferation and concealment of weapons, increasing the feasibility of large-scale physical or cyber harm.",AI 지원 무기 확산 및 은닉,AI-assisted proliferation and concealment of weapons,AI 시스템이 무기 확산 및 은닉의 개발·제조·획득·확산·운용을 지원하여 대규모 물리적·사이버 위해의 실행 가능성을 높이는 리스크.,"The risk that an AI system facilitates the development, manufacture, acquisition, proliferation, or operational use of proliferation and concealment of weapons, increasing the feasibility of large-scale physical or cyber harm.",SPACING_FIX,표기 교정(원문 대조 복원),
KTSPACE-General:SRC-G-0582,SRC-G-0582,new,General,AI 지원 사이버 무기 리스크,AI-assisted cyber weapons,AI 시스템이 사이버 무기의 개발· 제조· 획득· 확산· 운용을 지원하여 대규모 물리적· 사이버 위해의 실행 가능성을 높이는 리스크.,"The risk that an AI system facilitates the development, manufacture, acquisition, proliferation, or operational use of cyber weapons, increasing the feasibility of large-scale physical or cyber harm.",AI 지원 사이버 무기,AI-assisted cyber weapons,AI 시스템이 사이버 무기의 개발·제조·획득·확산·운용을 지원하여 대규모 물리적·사이버 위해의 실행 가능성을 높이는 리스크.,"The risk that an AI system facilitates the development, manufacture, acquisition, proliferation, or operational use of cyber weapons, increasing the feasibility of large-scale physical or cyber harm.",SPACING_FIX,표기 교정(원문 대조 복원),
KTSPACE-General:SRC-G-0583,SRC-G-0583,new,General,AI 지원 대량 살상 무기 리스크,AI-assisted weapons of mass destruction,AI 시스템이 대량 살상 무기의 개발· 제조· 획득· 확산· 운용을 지원하여 대규모 물리적· 사이버 위해의 실행 가능성을 높이는 리스크.,"The risk that an AI system facilitates the development, manufacture, acquisition, proliferation, or operational use of weapons of mass destruction, increasing the feasibility of large-scale physical or cyber harm.",AI 지원 대량 살상무기,AI-assisted weapons of mass destruction,AI 시스템이 대량 살상 무기의 개발·제조·획득·확산·운용을 지원하여 대규모 물리적·사이버 위해의 실행 가능성을 높이는 리스크.,"The risk that an AI system facilitates the development, manufacture, acquisition, proliferation, or operational use of weapons of mass destruction, increasing the feasibility of large-scale physical or cyber harm.",SPACING_FIX,표기 교정(원문 대조 복원),
KTSPACE-General:SRC-G-0584,SRC-G-0584,new,General,AI 지원 무기화 전략 및 전술 활용 리스크,AI-assisted weaponization strategies and tactics utilization,AI 시스템이 무기화 전략 및 전술 활용의 개발· 제조· 획득· 확산· 운용을 지원하여 대규모 물리적· 사이버 위해의 실행 가능성을 높이는 리스크.,"The risk that an AI system facilitates the development, manufacture, acquisition, proliferation, or operational use of weaponization strategies and tactics utilization, increasing the feasibility of large-scale physical or cyber harm.",AI 지원 무기화 전략 및 전술 활용,AI-assisted weaponization strategies and tactics utilization,AI 시스템이 무기화 전략 및 전술 활용의 개발·제조·획득·확산·운용을 지원하여 대규모 물리적·사이버 위해의 실행 가능성을 높이는 리스크.,"The risk that an AI system facilitates the development, manufacture, acquisition, proliferation, or operational use of weaponization strategies and tactics utilization, increasing the feasibility of large-scale physical or cyber harm.",SPACING_FIX,표기 교정(원문 대조 복원),
KTSPACE-General:SRC-G-0585,SRC-G-0585,new,General,시스템프롬프트· 운영 지침 노출 리스크,Risk of system-prompt and operational-guideline exposure,AI 시스템이시스템프롬프트· 개발자 지침· 운영 정책 등 기밀 내부 규칙을 노출하거나 충분히 보호하지 못해 무단 추출· 추론· 악용을 가능하게하는 리스크.,"The risk that an AI system discloses or fails to protect confidential internal rules, including system prompts, developer instructions, and operational policies, enabling unauthorised extraction, inference, or exploitation.",시스템프롬프트·운영 지침 노출,System-prompt and operational-guideline exposure,AI 시스템이시스템프롬프트·개발자 지침·운영 정책 등 기밀 내부 규칙을 노출하거나 충분히 보호하지 못해 무단 추출·추론·악용을 가능하게하는 리스크.,"The risk that an AI system discloses or fails to protect confidential internal rules, including system prompts, developer instructions, and operational policies, enabling unauthorised extraction, inference, or exploitation.",SPACING_FIX,표기 교정(원문 대조 복원),
KTSPACE-General:SRC-G-0586,SRC-G-0586,new,General,안전 정책· 보호 메커니즘 노출· 우회 리스크,Risk of safety-policy and safeguard exposure or bypass,AI 시스템이 안전 정책· 필터링 로직· 거부 규칙 등 보호 메커니즘을 노출하거나 충분히 보호하지 못해 안전 장치의 분석· 우회· 무력화를 가능하게하는 리스크.,"The risk that an AI system discloses or fails to protect safety policies, filtering logic, refusal rules, or other safeguards, enabling their analysis, bypass, or disablement.",안전 정책·보호 메커니즘 노출·우회,Safety-policy and safeguard exposure or bypass,AI 시스템이 안전 정책·필터링 로직·거부 규칙 등 보호 메커니즘을 노출하거나 충분히 보호하지 못해 안전 장치의 분석·우회·무력화를 가능하게하는 리스크.,"The risk that an AI system discloses or fails to protect safety policies, filtering logic, refusal rules, or other safeguards, enabling their analysis, bypass, or disablement.",SPACING_FIX,표기 교정(원문 대조 복원),
KTSPACE-General:SRC-G-0587,SRC-G-0587,new,General,모델 학습 데이터 추출· 유출 리스크,Risk of training-data extraction and leakage,AI 시스템이 학습 데이터 또는 데이터 출처를 노출하거나 충분히 보호하지 못해 기밀· 개인· 저작권 보호 정보의 무단 추출· 복원을 가능하게하는 리스크.,"The risk that an AI system discloses or fails to protect training data or its sources, enabling unauthorised extraction or reconstruction of confidential, personal, or copyright-protected information.",모델 학습 데이터 추출·유출,Training-data extraction and leakage,AI 시스템이 학습 데이터 또는 데이터 출처를 노출하거나 충분히 보호하지 못해 기밀·개인·저작권 보호 정보의 무단 추출·복원을 가능하게하는 리스크.,"The risk that an AI system discloses or fails to protect training data or its sources, enabling unauthorised extraction or reconstruction of confidential, personal, or copyright-protected information.",SPACING_FIX,표기 교정(원문 대조 복원),
KTSPACE-General:SRC-G-0588,SRC-G-0588,new,General,모델 평가 자산 노출· 탈취 리스크,Risk of model-evaluation asset exposure and extraction,AI 시스템이 벤치마크· 평가셋· 테스트 셋· 평가 기준 등 평가 자산을 노출하거나 충분히 보호하지 못해 무단 획득과 평가 무결성 훼손을 가능하게하는 리스크.,"The risk that an AI system discloses or fails to protect benchmarks, evaluation sets, test sets, or evaluation criteria, enabling unauthorised acquisition and compromising evaluation integrity.",모델 평가 자산 노출·탈취,Model-evaluation asset exposure and extraction,AI 시스템이 벤치마크·평가셋·테스트셋·평가 기준 등 평가 자산을 노출하거나 충분히 보호하지 못해 무단 획득과 평가 무결성 훼손을 가능하게하는 리스크.,"The risk that an AI system discloses or fails to protect benchmarks, evaluation sets, test sets, or evaluation criteria, enabling unauthorised acquisition and compromising evaluation integrity.",SPACING_FIX,표기 교정(원문 대조 복원),
KTSPACE-General:SRC-G-0589,SRC-G-0589,new,General,모델 파라미터· 가중치 유출 리스크,Risk of model-parameter and weight leakage,AI 시스템이 모델 파라미터· 가중치· 학습 결과물을 노출하거나 충분히 보호하지 못해 무단 추출· 복제· 오용을 가능하게하는 리스크.,"The risk that an AI system discloses or fails to protect model parameters, weights, or training outputs, enabling unauthorised extraction, replication, or misuse.",모델 파라미터·가중치 유출,Model-parameter and weight leakage,AI 시스템이 모델 파라미터·가중치·학습 결과물을 노출하거나 충분히 보호하지 못해 무단 추출·복제·오용을 가능하게하는 리스크.,"The risk that an AI system discloses or fails to protect model parameters, weights, or training outputs, enabling unauthorised extraction, replication, or misuse.",SPACING_FIX,표기 교정(원문 대조 복원),
KTSPACE-General:SRC-G-0590,SRC-G-0590,new,General,모델 구조· 추론 메커니즘 노출 리스크,Risk of model-architecture and inference-mechanism exposure,AI 시스템이 모델 구조· 추론 과정· 에이전트 설계· 내부 동작 원리를 노출하거나 충분히 보호하지 못해 무단 추론· 복제· 악용을 가능하게하는 리스크.,"The risk that an AI system discloses or fails to protect its architecture, inference process, agent design, or internal operating principles, enabling unauthorised inference, replication, or exploitation.",모델 구조·추론 메커니즘 노출,Model-architecture and inference-mechanism exposure,AI 시스템이 모델 구조·추론 과정·에이전트 설계·내부 동작 원리를 노출하거나 충분히 보호하지 못해 무단 추론·복제·악용을 가능하게하는 리스크.,"The risk that an AI system discloses or fails to protect its architecture, inference process, agent design, or internal operating principles, enabling unauthorised inference, replication, or exploitation.",SPACING_FIX,표기 교정(원문 대조 복원),
KTSPACE-General:SRC-G-0591,SRC-G-0591,new,General,프롬프트 인젝션· 정책 우회 리스크,Risk of prompt injection and policy bypass,공격자가 입력을 조작해 AI 시스템의 지시 계층과 안전 정책을 우회하거나 내부 정보를 노출시켜 무단 행동· 정보 유출· 서비스 교란을 초래하는 리스크.,"The risk that an attacker manipulates inputs to bypass an AI system's instruction hierarchy or safety policies, or to expose internal information, causing unauthorised actions, information leakage, or service disruption.",프롬프트 인젝션·정책 우회,Prompt injection and policy bypass,공격자가 입력을 조작해 AI 시스템의 지시 계층과 안전 정책을 우회하거나 내부 정보를 노출시켜 무단 행동·정보 유출·서비스 교란을 초래하는 리스크.,"The risk that an attacker manipulates inputs to bypass an AI system's instruction hierarchy or safety policies, or to expose internal information, causing unauthorised actions, information leakage, or service disruption.",SPACING_FIX,표기 교정(원문 대조 복원),
RAI4-0277,SRC-P-0002,RAI4-0277,General,합성 위험 시나리오 생성 편향 리스크,Bias in synthetic hazardous-scenario generation,합성 안전 데이터가 시각적으로 두드러진 위험은 과다 대표하고 희귀하거나 문화· 맥락 의존적인 위험은 누락함으로써 벤치마크 결론을 왜곡시키는 리스크.,"The risk that synthetic safety data overrepresents visually salient hazards and omits rare, culturally specific, or context-dependent hazards, distorting benchmark conclusions.",합성 위험 시나리오 생성 편향,Bias in synthetic hazardous-scenario generation,합성 안전 데이터가 시각적으로 두드러진 위험은 과다 대표하고 희귀하거나 문화·맥락 의존적인 위험은 누락함으로써 벤치마크 결론을 왜곡시키는 리스크.,"The risk that synthetic safety data overrepresents visually salient hazards and omits rare, culturally specific, or context-dependent hazards, distorting benchmark conclusions.",SPACING_FIX,표기 교정(원문 대조 복원),
RAI4-0545,SRC-P-0005,RAI4-0545,General,합성 예술의 확산에 따른 예술가 피해,Harm to artists from synthetic art proliferation,"텍스트-이미지 모델로 합성 예술이 광범위하게 생성되고, 예술가의 작품이 무단· 무보상으로 학습 데이터에 사용됨으로써 관련 분야의 예술가들에게 재정적 손해와 경제적 손실을 발생시키고, 합성 이미지와 진본의 구별이 어려워지는 리스크.","The risk that widespread generation of synthetic art by text-to-image models, together with unauthorized and uncompensated use of artists' works in training datasets, causes financial and economic losses for artists while making synthetic images hard to distinguish from authentic ones.",합성 예술의 확산에 따른 예술가 피해,Harm to artists from synthetic art proliferation,"텍스트-이미지 모델로 합성 예술이 광범위하게 생성되고, 예술가의 작품이 무단·무보상으로 학습 데이터에 사용됨으로써 관련 분야의 예술가들에게 재정적 손해와 경제적 손실을 발생시키고, 합성 이미지와 진본의 구별이 어려워지는 리스크.","The risk that widespread generation of synthetic art by text-to-image models, together with unauthorized and uncompensated use of artists' works in training datasets, causes financial and economic losses for artists while making synthetic images hard to distinguish from authentic ones.",SPACING_FIX,표기 교정(원문 대조 복원),
RAI4-0629,SRC-P-0006,RAI4-0629,General,학습 과정 우회 리스크,Bypassing of the learning process,고품질 생성 모델에 대한 손쉬운 접근으로 학습자가 AI 모델을 사용해 학습 과정을 우회하게 되는 리스크.,The risk that easy access to high-quality generative models results in students using AI models to bypass the learning process.,학습 과정 우회,Bypassing of the learning process,고품질 생성 모델에 대한 손쉬운 접근으로 학습자가 AI 모델을 사용해 학습 과정을 우회하게 되는 리스크.,The risk that easy access to high-quality generative models results in students using AI models to bypass the learning process.,UNCHANGED,,
RAI4-0736,SRC-P-0007,RAI4-0736,General,적대적 입력 교란을 통한 회피 공격 리스크,Evasion attacks through adversarial perturbation of model inputs,공격자가 학습된 모델에 전달되는 입력에 단어 치환이나 그 래 디 언 트 기반 섭 동 등 미세한 변형을 가하여 적대적 예제를 구성하는 리스크로 모델의 예측이 크게 뒤바뀌어 잘못된 결과가 산출되지만 그 조작에 대해서 인간의 검토만으로는 감지하기 어려운 리스크.,"The risk that an attacker adds slight perturbations to the input sent to a trained model, whether by word substitution or gradient-guided noise, to construct adversarial examples. The model's predictions shift substantially and it returns incorrect results while the manipulation remains imperceptible to human reviewers.",적대적 입력 교란을 통한 회피 공격,Evasion attacks through adversarial perturbation of model inputs,공격자가 학습된 모델에 전달되는 입력에 단어 치환이나 그 래디언 트 기반 섭 동 등 미세한 변형을 가하여 적대적 예제를 구성하는 리스크로 모델의 예측이 크게 뒤바뀌어 잘못된 결과가 산출되지만 그 조작에 대해서 인간의 검토만으로는 감지하기 어려운 리스크.,"The risk that an attacker adds slight perturbations to the input sent to a trained model, whether by word substitution or gradient-guided noise, to construct adversarial examples. The model's predictions shift substantially and it returns incorrect results while the manipulation remains imperceptible to human reviewers.",SPACING_FIX,,
RAI4-1383,SRC-P-0008,RAI4-1383,General,학습 단계의 치명적 실수 리스크,Fatal mistakes during the learning phase,AGI가 안전 탐색 실패나 분포 변화 등으로 학습 단계에서 치명적 실수를 범하는 리스크.,"The risk that an AGI makes fatal mistakes during the learning phase, including through failures of safe exploration and under distributional shift.",학습 단계의 치명적 실수,Fatal mistakes during the learning phase,AGI가 안전 탐색 실패나 분포 변화 등으로 학습 단계에서 치명적 실수를 범하는 리스크.,"The risk that an AGI makes fatal mistakes during the learning phase, including through failures of safe exploration and under distributional shift.",UNCHANGED,,
RAI4-1497,SRC-P-0009,RAI4-1497,General,지속 튜닝의 파국적 망각 리스크,Catastrophic forgetting under continual tuning,"지속적 지시 튜닝 등 새로운 작업에 대한 훈련 이후 모델이 이전에 학습한 작업이나 사실 정보를 유지하지 못하는 파국적 망각이 발생시키고, 일반적으로 모델 규모가 커질수록 이러한 경향이 두드러지는 양태를 보이는 리스크.","The risk that an AI system causes, enables, or contributes to catastrophic forgetting, where a model loses its ability to retain previously learned tasks or factual information after being trained on new ones, as can occur through continual instruction tuning, a tendency that may become more pronounced as the model's size increases.",지속 튜닝의 파국적 망각,Catastrophic forgetting under continual tuning,"지속적 지시 튜닝 등 새로운 작업에 대한 훈련 이후 모델이 이전에 학습한 작업이나 사실 정보를 유지하지 못하는 파국적 망각이 발생시키고, 일반적으로 모델 규모가 커질수록 이러한 경향이 두드러지는 양태를 보이는 리스크.","The risk that an AI system causes, enables, or contributes to catastrophic forgetting, where a model loses its ability to retain previously learned tasks or factual information after being trained on new ones, as can occur through continual instruction tuning, a tendency that may become more pronounced as the model's size increases.",UNCHANGED,,
RAI4-1631,SRC-P-0010,RAI4-1631,General,무해한 중간 단계를 통한 간접적 오용 리스크,Indirect misuse via a benign intermediate step,겉보기에 무해한 중간 단계를 경유하여 유해한 최종 목적이 달성되는 간접적 오용 리스크.,The risk that a benign intermediate is used to achieve a harmful end objective.,무해한 중간 단계를 통한 간접적 오용,Indirect misuse via a benign intermediate step,겉보기에 무해한 중간 단계를 경유하여 유해한 최종 목적이 달성되는 간접적 오용 리스크.,The risk that a benign intermediate is used to achieve a harmful end objective.,UNCHANGED,,
RAI4-0776,SRC-P-0051,RAI4-0776,General,기반 모델 재사용을 통한 보안 결함 전파 리스크,Security-flaw propagation through foundation-model reuse,기반 모델을 재설계하거나 미세 조정하여 활용하는 관행으로 인해 기반 모델의 보안 결함이 하위 모델로 그대로 전파되는 리스크.,The risk that security flaws in foundation models are transmitted to downstream models built through re-engineering or fine-tuning of those foundation models.,기반모델 재사용을 통한 보안 결함 전파,Security-flaw propagation through foundation-model reuse,기반모델을 재설계하거나 미세 조정하여 활용하는 관행으로 인해 기반 모델의 보안 결함이 하위 모델로 그대로 전파되는 리스크.,The risk that security flaws in foundation models are transmitted to downstream models built through re-engineering or fine-tuning of those foundation models.,SPACING_FIX,표기 교정(원문 대조 복원),
RAI4-0669,SRC-P-0074,RAI4-0669,General,AI 조력 악성 코드 생성 및 사이버 공격 자동화 리스크,AI-assisted malicious code generation and cyberattack automation,대규모 언어 모델의 코딩 능력이 악용되어 난 독화· 변이· 다형성 악성 코드가 저비용· 고속으로 생성되고 공격 캠페인이 자동화되는 리스크. 이로 인해 숙련되지 않은 공격자의 진입 장벽이 낮아지고 방어 도구가 탐지하기 어려운 공격이 확산된다. 이러한 결과를 초래하는 리스크.,"The risk that the coding ability of large language models is exploited to produce malware at low cost and high speed, including obfuscated, mutating, and polymorphic code, and to automate attack campaigns. This lowers the barrier to entry for unskilled attackers and yields attacks that defensive tools struggle to detect.",AI 조력 악성코드 생성 및 사이버 공격 자동화,AI-assisted malicious code generation and cyberattack automation,대규모 언어 모델의 코딩 능력이 악용되어 난 독화·변이·다형성 악성 코드가 저비용·고속으로 생성되고 공격 캠페인이 자동화되는 리스크. 이로 인해 숙련되지 않은 공격자의 진입 장벽이 낮아지고 방어 도구가 탐지하기 어려운 공격이 확산된다. 이러한 결과를 초래하는 리스크.,"The risk that the coding ability of large language models is exploited to produce malware at low cost and high speed, including obfuscated, mutating, and polymorphic code, and to automate attack campaigns. This lowers the barrier to entry for unskilled attackers and yields attacks that defensive tools struggle to detect.",SPACING_FIX,표기 교정(원문 대조 복원),분량 초과: L3 수준 1문장으로 축약 필요
RAI4-0758,SRC-P-0075,RAI4-0758,General,프롬프트 주입 및 시스템 지시문 유출 리스크,Prompt injection and leakage of system instructions,"이용자가 직접 제공하거나 검색된 웹 페이지· 문서· 도구 출력을 통해 간접적으로 유입된 신뢰할 수 없는 콘텐츠에 숨겨진 지시가 포함되고, 시스템 지시와 이용자 데이터가 구조적으로 분리되지 않아 모델이 이를 정당한 명령처럼 실행하는 리스크. 공격자는 이를 통해 의도된 동작과 안전 제약을 무력화하고 에이전트의 도구 실행 방향을 바꾸며 기밀 시스템 프롬 프 트를 복원하여 데이터 절취, 무단 행위, 서비스 거부를 일으킨다. 이러한 결과를 초래하는 리스크.","The risk that untrusted content, supplied directly by a user or indirectly through retrieved pages, documents, and tool outputs, carries hidden instructions that a model executes as if authorized, because system instructions and user data are not architecturally separated. Attackers thereby override intended behaviour and safety constraints, redirect agent tool execution, and recover confidential system prompts, enabling data theft, unauthorized actions, and denial of service.",프롬프트 주입 및 시스템 지시문 유출,Prompt injection and leakage of system instructions,"이용자가 직접 제공하거나 검색된 웹 페이지·문서·도구 출력을 통해 간접적으로 유입된 신뢰할 수 없는 콘텐츠에 숨겨진 지시가 포함되고, 시스템 지시와 이용자 데이터가 구조적으로 분리되지 않아 모델이 이를 정당한 명령처럼 실행하는 리스크. 공격자는 이를 통해 의도된 동작과 안전 제약을 무력화하고 에이전트의 도구 실행 방향을 바꾸며 기밀 시스템 프롬 프트를 복원하여 데이터 절취, 무단 행위, 서비스 거부를 일으킨다. 이러한 결과를 초래하는 리스크.","The risk that untrusted content, supplied directly by a user or indirectly through retrieved pages, documents, and tool outputs, carries hidden instructions that a model executes as if authorized, because system instructions and user data are not architecturally separated. Attackers thereby override intended behaviour and safety constraints, redirect agent tool execution, and recover confidential system prompts, enabling data theft, unauthorized actions, and denial of service.",SPACING_FIX,표기 교정(원문 대조 복원),분량 초과: L3 수준 1문장으로 축약 필요; 영문 정의 장문: 축약 필요
RAI4-0927,SRC-P-0083,RAI4-0927,General,LLM 대상 신종 공격 리스크,Novel attack vectors against LLMs,"프롬프트 추상화를 통한 API 비용 악용, RLHF 과정의 보상 모델 백 도어, LLM을 활용한 적대적 샘플 생성 등 신종 공격 기법이 LLM 시스템을 위협하는 리스크.","The risk that novel attack techniques— prompt abstraction attacks exploiting API pricing, backdoor attacks on the RLHF reward model, and LLM-based construction of adversarial samples— threaten LLM systems.",LLM 대상 신종 공격,Novel attack vectors against LLMs,"프롬프트 추상화를 통한 API 비용 악용, RLHF 과정의 보상모델 백도어, LLM을 활용 한 적대적 샘플 생성 등 신종 공격 기법이 LLM 시스템을 위협하는 리스크.","The risk that novel attack techniques— prompt abstraction attacks exploiting API pricing, backdoor attacks on the RLHF reward model, and LLM-based construction of adversarial samples— threaten LLM systems.",SPACING_FIX,표기 교정(원문 대조 복원),
RAI4-0928,SRC-P-0084,RAI4-0928,General,프롬프트 주입을 통한 목표 탈취 리스크,Goal hijacking via prompt injection,입력에 기존 지시를 무시하라는 문구를 주입하여 LLM에 설계된 원래 목표가 탈취되고 주입된 새 목표가 실행되는 리스크.,The risk that injecting a phrase such as ignore the above instruction and do into the input hijacks the original goal of the designed prompt in an LLM and executes the attacker's injected goal instead.,프롬프트 주입을 통한 목표 탈취,Goal hijacking via prompt injection,입력에 기존 지시를 무시하라는 문구를 주입 하여 LLM에 설계된 원래 목표가 탈취되고 주 입된 새 목표가 실행되는 리스크.,The risk that injecting a phrase such as ignore the above instruction and do into the input hijacks the original goal of the designed prompt in an LLM and executes the attacker's injected goal instead.,SPACING_FIX,표기 교정(원문 대조 복원),
RAI4-0930,SRC-P-0085,RAI4-0930,General,다단계 탈옥 리스크,Multi-step jailbreaks,일련의 대화에서 요청을 단계적으로 맥락화하거나 외부 인터페이스· 모델의 도움을 받아 시나리오를 구성함으로써 LLM이 유해하거나 민감한 콘텐츠를 단계적으로 생성하게 되는 리스크.,"The risk that multi-step jailbreaks, constructing well-designed scenarios across a series of conversations through request contextualizing or external assistance, guide LLMs to generate harmful or sensitive content step by step.",다단계 탈옥,Multi-step jailbreaks,일련의 대화에서 요청을 단계적으로 맥락화 하거나 외부 인터페이스·모델의 도움을 받아 시나리오를 구성함으로써 LLM이 유해하거나 민감한 콘텐츠를 단계적으로 생성하게 되는 리스크.,"The risk that multi-step jailbreaks, constructing well-designed scenarios across a series of conversations through request contextualizing or external assistance, guide LLMs to generate harmful or sensitive content step by step.",SPACING_FIX,표기 교정(원문 대조 복원),
RAI4-1176,SRC-P-0088,RAI4-1176,General,역 노출 리스크,Reverse exposure,공격자가 모델이 금지된 출력을 생성하도록 유도하여 불법· 비윤리 정보에 접근함으로써 안전 통제가 접근 통로로 역전되는 리스크.,"The risk that attackers induce the model to generate prohibited outputs and thereby extract illegal or unethical information, reversing safety controls into an access channel.",역노출,Reverse exposure,공격자가 모델이 금지된 출력을 생성하도록 유도하여 불법·비윤리 정보에 접근함으로써 안전 통제가 접근 통로로 역전되는 리스크.,"The risk that attackers induce the model to generate prohibited outputs and thereby extract illegal or unethical information, reversing safety controls into an access channel.",SPACING_FIX,표기 교정(원문 대조 복원),
RAI4-1354,SRC-P-0090,RAI4-1354,General,대규모 사이버 범죄 오용 리스크,Cybercrime misuse at scale,악의적 행위자가 생성 모델을 탈옥시켜 민감· 유해 콘텐츠와 표적 맞춤형 설득 자료를 생산함으로써 사이버 범죄를 저비용· 대규모로 수행하는 리스크.,"The risk that malicious actors jailbreak generative models to produce sensitive or harmful content and generate persuasive, individually tailored material, conducting cybercrime efficiently at scale and reduced cost.",대규모 사이버범죄 오용,Cybercrime misuse at scale,악의적 행위자가 생성 모델을 탈옥시켜 민감·유해 콘텐츠와 표적 맞춤형 설득 자료를 생산함으로써 사이버 범죄를 저비용·대규모로 수행하는 리스크.,"The risk that malicious actors jailbreak generative models to produce sensitive or harmful content and generate persuasive, individually tailored material, conducting cybercrime efficiently at scale and reduced cost.",SPACING_FIX,표기 교정(원문 대조 복원),
RAI4-1513,SRC-P-0091,RAI4-1513,General,해석 가능성 기술의 오용 리스크,Misuse of interpretability techniques,모델에 대한 이해를 높이는 해석 가능성 기법이 안전 관련 특징을 부호화한 뉴런의 활성 저하나 정보 검열에 사용되거나 화이트 박스 공격 시나리오 모의와 적대적 공격 개발에 활용되는 리스크.,"The risk that interpretability techniques, by enabling a better understanding of the model, are used for harmful purposes such as identifying and modifying neurons that encode safety-related features to decrease their activation or censor information, or simulating a white-box attack scenario to aid the development of adversarial attacks.",해석 가능성 기술의 오용,Misuse of interpretability techniques,모델에 대한 이해를 높이는 해석가능성 기법 이 안전 관련 특징을 부호화한 뉴런의 활성 저 하나 정보 검열에 사용되거나 화이트박스 공 격 시나리오 모의와 적대적 공격 개발에 활용 되는 리스크.,"The risk that interpretability techniques, by enabling a better understanding of the model, are used for harmful purposes such as identifying and modifying neurons that encode safety-related features to decrease their activation or censor information, or simulating a white-box attack scenario to aid the development of adversarial attacks.",SPACING_FIX,표기 교정(원문 대조 복원),
RAI4-1517,SRC-P-0092,RAI4-1517,General,안전 가드레일을 무력화하는 탈옥 공격 리스크,Jailbreak attacks subverting model safety guardrails,"배포 중의 적대적 입력, 정교하게 설계된 미세 조정 데이터 셋, 학습 데이터에 심어진 백 도어가 모델의 가드레일을 뚫는 리스크로, 내부 파라미터에 접근하는 화이트 박스 자동 생성과 내부 접근 없는 블랙박스 방식, 추론· 역할 극을 활용한 사람이 읽을 수 있는 프롬 프 트를 모두 포함한다. 그 결과 모델이 폭탄 제조 안내처럼 명시적으로 금지된 작업을 수행하고 유해 콘텐츠를 산출하며, 이러한 취약성은 보안 학습 이후에도 지속되고 표준화된 평가 방법도 부재하다. 이러한 결과를 초래하는 리스크.","The risk that adversarial inputs supplied during deployment, elaborately designed fine-tuning datasets, or backdoors poisoned into training data break through a model's guardrails, whether generated automatically with white-box access to parameters, crafted in black-box settings, or written as human-readable prompts using reasoning and role-play. The model then performs explicitly prohibited actions and produces harmful content, and such vulnerabilities persist through security training and lack standardized means of evaluation.",안전 가드레일을 무력화하는 탈옥 공격,Jailbreak attacks subverting model safety guardrails,"배포 중의 적대적 입력, 정교하게 설계된 미세 조정 데이터셋, 학습 데이터에 심어진 백 도어가 모델의 가드레일을 뚫는 리스크로, 내부 파라미터에 접근하는 화이트박스 자동 생성과 내부 접근 없는 블랙박스 방식, 추론·역할극을 활용한 사람이 읽을 수 있는 프롬 프 트를 모두 포함한다. 그 결과 모델이 폭탄 제조 안내처럼 명시적으로 금지된 작업을 수행하고 유해 콘텐츠를 산출하며, 이러한 취약성은 보안 학습 이후에도 지속되고 표준화된 평가 방법도 부재하다. 이러한 결과를 초래하는 리스크.","The risk that adversarial inputs supplied during deployment, elaborately designed fine-tuning datasets, or backdoors poisoned into training data break through a model's guardrails, whether generated automatically with white-box access to parameters, crafted in black-box settings, or written as human-readable prompts using reasoning and role-play. The model then performs explicitly prohibited actions and produces harmful content, and such vulnerabilities persist through security training and lack standardized means of evaluation.",SPACING_FIX,표기 교정(원문 대조 복원),분량 초과: L3 수준 1문장으로 축약 필요; 영문 정의 장문: 축약 필요
RAI4-1520,SRC-P-0093,RAI4-1520,General,저 빈도 인코딩· 저자원 언어를 통한 안전 훈련 우회 리스크,Safety-training bypass via rare encodings and low-resource languages,Base64등 안전 미세 조정에 충분히 포함되지 않은 텍스트 인코딩이나 저자원 언어로 유해 프롬 프 트를 변환하여 모델의 안전 장치를 우회하는 리스크.,The risk that harmful natural language prompts translated into text encodings such as Base64 or into low-resource languages that safety fine-tuning covers little or not at all are used to craft jailbreak attacks that bypass a model's safeguards.,저빈도 인코딩·저자원 언어를 통한 안전 훈련 우회,Safety-training bypass via rare encodings and low-resource languages,Base64 등 안전 미세조정에 충분히 포함되지 않은 텍스트 인코딩이나 저자원 언어로 유해 프롬프트를 변환하여 모델의 안전장치를 우 회하는 리스크.,The risk that harmful natural language prompts translated into text encodings such as Base64 or into low-resource languages that safety fine-tuning covers little or not at all are used to craft jailbreak attacks that bypass a model's safeguards.,SPACING_FIX,표기 교정(원문 대조 복원),
RAI4-1521,SRC-P-0094,RAI4-1521,General,추가모달리티로 인한 공격 면 확대 리스크,Attack-surface expansion from additional modalities,멀티 모달 모델에서 모달 리 티별 견고성 차이로 공격자가 가장 취약한 모달 리 티를 선택할 수 있어 새로운 공격 벡터가 생기고 탈옥부터 데이터 오염까지 기존 공격의 범위가 확대되는 리스크.,"The risk that additional modalities introduce new attack vectors in multimodal models and expand the scope of previous attacks ranging from jailbreaking to poisoning, as differing robustness levels across modalities let malicious actors choose the most vulnerable part of the model to attack.",추가 모달리티로 인한 공격면 확대,Attack-surface expansion from additional modalities,멀티모달 모델에서 모달리티별 견고성 차이 로 공격자가 가장 취약한 모달리티를 선택할 수 있어 새로운 공격 벡터가 생기고 탈옥부터 데이터 오염까지 기존 공격의 범위가 확대되 는 리스크.,"The risk that additional modalities introduce new attack vectors in multimodal models and expand the scope of previous attacks ranging from jailbreaking to poisoning, as differing robustness levels across modalities let malicious actors choose the most vulnerable part of the model to attack.",SPACING_FIX,표기 교정(원문 대조 복원),
RAI4-1665,SRC-P-0097,RAI4-1665,General,페르소나 지정· 사회 공학 기법에 의한 안전장치 우회 리스크,Safeguard bypass through persona assignment and social-engineering tricks,공격자가 모델에 특정 페르소나를 지정하거나 인간 또는 다른 LLM이 고안한 사회 공학적 기법 등 심리적 속임수를 사용하여 모델을 악용하는 리스크.,"The risk that attackers exploit psychological tricks on LLMs, such as instructing the model to behave like a specific persona or employing socialengineering techniques crafted by humans or other LLMs.",페르소나 지정·사회공학 기법에 의한 안전장 치 우회,Safeguard bypass through persona assignment and social-engineering tricks,공격자가 모델에 특정 페르소나를 지정하거 나 인간 또는 다른 LLM이 고안한 사회공학적 기법 등 심리적 속임수를 사용하여 모델을 악 용하는 리스크.,"The risk that attackers exploit psychological tricks on LLMs, such as instructing the model to behave like a specific persona or employing socialengineering techniques crafted by humans or other LLMs.",SPACING_FIX,표기 교정(원문 대조 복원),
RAI4-1666,SRC-P-0098,RAI4-1666,General,프 록 시 목표 최적화를 통한 탈옥 자동 탐색 리스크,Automated discovery of jailbreaks through proxy-objective optimization,공격자가 탈옥 성공과 잡음 있게 상관된 프록시 목표에 대해 수동 또는 자동으로 그래 디 언 트 기반 및 비그래 디 언 트 적대적 최적화를 수행하여 탈옥 공격을 발견하는 리스크.,"The risk that jailbreak attacks are discovered by performing manual or automated, gradient-based or gradientfree adversarial optimization against a proxy objective noisily correlated with jailbreak success.",프록시 목표 최적화를 통한 탈옥 자동 탐색,Automated discovery of jailbreaks through proxy-objective optimization,공격자가 탈옥 성공과 잡음 있게 상관된 프록 시 목표에 대해 수동 또는 자동으로 그래디언 트 기반 및 비그래디언트 적대적 최적화를 수 행하여 탈옥 공격을 발견하는 리스크.,"The risk that jailbreak attacks are discovered by performing manual or automated, gradient-based or gradientfree adversarial optimization against a proxy objective noisily correlated with jailbreak success.",SPACING_FIX,표기 교정(원문 대조 복원),
RAI4-0774,SRC-P-0114,RAI4-0774,General,GPAI 모델의 백 도어 또는 트로이 목마 공격 리스크,Backdoors or trojan attacks in GPAI models,"학습 또는 미세 조정 과정에서 모델 제공자나 제3자가 GPAI 모델에 백 도어를 삽입하고 배포 단계에서 이를 악용하여, 최소한의 비용으로 모델 출력을 표적화해 높은 성공률로 통제하는 리스크.","The risk that backdoors inserted into GPAI models during training or fine-tuning, by the model provider or another actor manipulating training data or software infrastructure, are exploited during deployment to control model outputs in a targeted way with high success rate and minimal overhead.",GPAI 모델의 백도어 또는 트로이 목마 공격,Backdoors or trojan attacks in GPAI models,"학습 또는 미세 조정 과정에서 모델 제공자나 제3자가 GPAI 모델에 백 도어를 삽입하고 배포 단계에서 이를 악용하여, 최소한의 비용으로 모델 출력을 표적화해 높은 성공률로 통제하는 리스크.","The risk that backdoors inserted into GPAI models during training or fine-tuning, by the model provider or another actor manipulating training data or software infrastructure, are exploited during deployment to control model outputs in a targeted way with high success rate and minimal overhead.",SPACING_FIX,표기 교정(원문 대조 복원),
RAI4-1337,SRC-P-0115,RAI4-1337,General,악용 가능한 시스템 결함· 백도어 리스크,Exploitable system defects and backdoors,"AI 알고리즘과 모델의 설계· 훈련· 검증 단계, 개발 인터페이스와 실행 플랫폼에 쓰이는 표준화된 API와 기능 라이브러리, 툴킷에 논리적 결함과 취약점이 있어 악용되거나 의도적으로 백 도어가 심겨 공격에 사용되는 리스크.","The risk that the standardized APIs, feature libraries, and toolkits used in the design, training, and verification stages of AI algorithms and models, development interfaces, and execution platforms contain logical flaws and vulnerabilities that can be exploited, or have backdoors intentionally embedded and triggered for attacks.",악용 가능한 시스템 결함·백도어,Exploitable system defects and backdoors,"AI 알고리즘과 모델의 설계·훈련·검증 단계, 개발 인터페이스와 실행 플랫폼에 쓰이는 표 준화된 API와 기능 라이브러리, 툴킷에 논리 적 결함과 취약점이 있어 악용되거나 의도적 으로 백도어가 심겨 공격에 사용되는 리스크.","The risk that the standardized APIs, feature libraries, and toolkits used in the design, training, and verification stages of AI algorithms and models, development interfaces, and execution platforms contain logical flaws and vulnerabilities that can be exploited, or have backdoors intentionally embedded and triggered for attacks.",SPACING_FIX,표기 교정(원문 대조 복원),
RAI4-1338,SRC-P-0116,RAI4-1338,General,AI 컴퓨팅 인프라 보안 위협 리스크,AI computing infrastructure security threats,AI 훈련· 운영을 뒷받침하는 컴퓨팅 인프라가 다양하고 유비쿼터스적인 컴퓨팅 노드와 자원에 의존함으로써 컴퓨팅 자원의 악의적 소비와 컴퓨팅 인프라 계층에서의 보안 위협 국경 간 전파에 노출되는 리스크.,"The risk that the computing infrastructure underpinning AI training and operations, relying on diverse and ubiquitous computing nodes and various computing resources, is exposed to malicious consumption of computing resources and cross-boundary transmission of security threats at the computing infrastructure layer.",AI 컴퓨팅 인프라 보안 위협,AI computing infrastructure security threats,AI 훈련·운영을 뒷받침하는 컴퓨팅 인프라가 다양하고 유비쿼터스적인 컴퓨팅 노드와 자 원에 의존함으로써 컴퓨팅 자원의 악의적 소 비와 컴퓨팅 인프라 계층에서의 보안 위협 국 경 간 전파에 노출되는 리스크.,"The risk that the computing infrastructure underpinning AI training and operations, relying on diverse and ubiquitous computing nodes and various computing resources, is exposed to malicious consumption of computing resources and cross-boundary transmission of security threats at the computing infrastructure layer.",SPACING_FIX,표기 교정(원문 대조 복원),
RAI4-1377,SRC-P-0117,RAI4-1377,General,사이버 공격 장벽 저하· 공격 표면 확대 리스크,Lowered cyberattack barriers and expanded attack surface,취약점의 자동 발견과 악용 등으로 해킹· 맬웨어· 피싱 등 공격적 사이버 역량의 장벽이 낮아지고 표적 공격의 공격 표면이 확대되어 시스템 가용성과 학습 데이터· 코드· 모델 가중치의 기밀성· 무결성이 훼손되는 리스크.,"The risk that lowered barriers for offensive cyber capabilities, including automated discovery and exploitation of vulnerabilities easing hacking, malware, phishing, and other cyberattacks, together with an increased attack surface for targeted cyberattacks, compromise a system's availability or the confidentiality or integrity of training data, code, or model weights.",사이버 공격 장벽 저하·공격표면 확대,Lowered cyberattack barriers and expanded attack surface,취약점의 자동 발견과 악용 등으로 해킹·맬웨 어·피싱 등 공격적 사이버 역량의 장벽이 낮아 지고 표적 공격의 공격표면이 확대되어 시스 템 가용성과 학습 데이터·코드·모델 가중치의 기밀성·무결성이 훼손되는 리스크.,"The risk that lowered barriers for offensive cyber capabilities, including automated discovery and exploitation of vulnerabilities easing hacking, malware, phishing, and other cyberattacks, together with an increased attack surface for targeted cyberattacks, compromise a system's availability or the confidentiality or integrity of training data, code, or model weights.",SPACING_FIX,표기 교정(원문 대조 복원),
RAI4-1547,SRC-P-0118,RAI4-1547,General,모델 확산에 의한 이중 용도 역량의 저비용 확산 리스크,Low-cost diffusion of dual-use capabilities through model proliferation,"오픈 소스· 오픈 웨이 트 GPAI 모델의 확산으로 비전문가가 최소 비용으로 이중 용도 역량에 접근하고, 기반 모델의 개조를 통해 독소 합성용 단백질 서열 생성 등 위험한 용도로 전용되는 리스크.",The risk that proliferation of open-source or open-weight GPAI models gives nonexperts low-cost access to dual-use capabilities and allows base models to be modified for dangerous uses such as generating candidate protein sequences for toxin synthesis.,모델 확산에 의한 이중용도 역량의 저비용 확 산,Low-cost diffusion of dual-use capabilities through model proliferation,"오픈소스·오픈웨이트 GPAI 모델의 확산으로 비전문가가 최소 비용으로 이중용도 역량에 접근하고, 기반 모델의 개조를 통해 독소 합성 용 단백질 서열 생성 등 위험한 용도로 전용되 는 리스크.",The risk that proliferation of open-source or open-weight GPAI models gives nonexperts low-cost access to dual-use capabilities and allows base models to be modified for dangerous uses such as generating candidate protein sequences for toxin synthesis.,SPACING_FIX,표기 교정(원문 대조 복원),
RAI4-1550,SRC-P-0119,RAI4-1550,General,기반 모델 취약성에 기인한 인프라 공통 원인 장애 리스크,Common-mode infrastructure failure from underlying model vulnerabilities,중요 인프라가 GPAI에 의존할 때 기반 모델 아키텍처나 훈련 설정의 취약성· 견고성 문제가 우발적 경계 사례나 적대적 입력에 의해 촉발되어 공통 원인 장애로 이어지는 리스크.,"The risk that vulnerabilities or robustness issues in the underlying model architecture or training setup produce common-mode failures across critical infrastructure relying on GPAI, triggered accidentally in edge cases or by adversarial inputs.",기반 모델 취약성에 기인한 인프라 공통원인 장애,Common-mode infrastructure failure from underlying model vulnerabilities,중요 인프라가 GPAI에 의존할 때 기반 모델 아키텍처나 훈련 설정의 취약성·견고성 문제 가 우발적 경계사례나 적대적 입력에 의해 촉 발되어 공통원인 장애로 이어지는 리스크.,"The risk that vulnerabilities or robustness issues in the underlying model architecture or training setup produce common-mode failures across critical infrastructure relying on GPAI, triggered accidentally in edge cases or by adversarial inputs.",SPACING_FIX,표기 교정(원문 대조 복원),
RAI4-1561,SRC-P-0120,RAI4-1561,General,취약점 자동 탐지· 악용에 의한 사이버 공격 확대 리스크,Cyberattack scaling through automated vulnerability discovery and exploitation,GPAI가 소프트웨어 취약점의 자동 발견과 악성 코드 자동 개발을 지원하여 악의적 행위자의 사이버 공격이 저비용으로 대규모화되고 피해가 증대되는 리스크.,"The risk that GPAI aids automated discovery of software vulnerabilities and automated malware development, allowing malicious actors to scale cyberattacks at low cost and increase their impact.",취약점 자동 탐지·악용에 의한 사이버공격 확 대,Cyberattack scaling through automated vulnerability discovery and exploitation,GPAI가 소프트웨어 취약점의 자동 발견과 악 성코드 자동 개발을 지원하여 악의적 행위자 의 사이버공격이 저비용으로 대규모화되고 피해가 증대되는 리스크.,"The risk that GPAI aids automated discovery of software vulnerabilities and automated malware development, allowing malicious actors to scale cyberattacks at low cost and increase their impact.",SPACING_FIX,표기 교정(원문 대조 복원),
RAI4-0442,SRC-P-0131,RAI4-0442,General,사실· 증거 환각 리스크,Hallucination of facts and evidence,"모델이 그럴듯한 형식으로 제시된 허위 인용, 사실, 법적 주장, 과학적 증거를 포함하여 학습 데이터나 입력에 충실하지 않은 부정확한 콘텐츠를 생성하여, 이를 신뢰한 사용자를 오도하는 리스크.","The risk that a model generates factually inaccurate or ungrounded content, including fabricated citations, facts, legal claims, and scientific evidence presented plausibly, misleading users who rely on it.",사실·증거 환각,Hallucination of facts and evidence,"모델이 그럴듯한 형식으로 제시된 허위 인용, 사실, 법적 주장, 과학적 증거를 포함하여 학 습 데이터나 입력에 충실하지 않은 부정확한 콘텐츠를 생성하여, 이를 신뢰한 사용자를 오 도하는 리스크.","The risk that a model generates factually inaccurate or ungrounded content, including fabricated citations, facts, legal claims, and scientific evidence presented plausibly, misleading users who rely on it.",SPACING_FIX,표기 교정(원문 대조 복원),
RAI4-0444,SRC-P-0132,RAI4-0444,General,대중 지식의 모델 붕괴 리스크,Model collapse of public knowledge,합성 콘텐츠에 대한 재귀적 학습이 공공 정보 품질과 미래 모델 학습 데이터를 저하시켜 공유 지식 자원의 모델 붕괴를 초래하는 리스크.,"The risk that recursive training on synthetic content degrades public information quality and future model training data, driving model collapse of shared knowledge resources.",대중 지식의 모델 붕괴,Model collapse of public knowledge,합성 콘텐츠에 대한 재귀적 학습이 공공 정보 품질과 미래 모델 학습 데이터를 저하시켜 공유 지식 자원의 모델 붕괴를 초래하는 리스크.,"The risk that recursive training on synthetic content degrades public information quality and future model training data, driving model collapse of shared knowledge resources.",UNCHANGED,,
RAI4-0787,SRC-P-0133,RAI4-0787,General,외부 도구에 의해 주입된 사실 오류 리스크,Factual errors injected by external tools,"외부 도구가 웹 API· 검색 엔진 등 공개 자원에서 얻은 추가 지식을 입력 프롬 프 트에 통합하는 과정에서, 도구의 신뢰성이 보장되지 않아 사실 오류가 포함된 내용이 유입되고 환각 문제가 증폭되는 리스크.","The risk that external tools incorporate additional knowledge from public resources such as web APIs and search engines into input prompts, and that unreliable tool content containing factual errors consequently amplifies the hallucination issue.",외부 도구에 의해 주입된 사실 오류,Factual errors injected by external tools,"외부 도구가 웹 API·검색엔진 등 공개 자원에서 얻은 추가 지식을 입력 프롬 프 트에 통합하는 과정에서, 도구의 신뢰성이 보장되지 않아 사실 오류가 포함된 내용이 유입되고 환각 문제가 증폭되는 리스크.","The risk that external tools incorporate additional knowledge from public resources such as web APIs and search engines into input prompts, and that unreliable tool content containing factual errors consequently amplifies the hallucination issue.",SPACING_FIX,표기 교정(원문 대조 복원),
RAI4-0817,SRC-P-0135,RAI4-0817,General,지식 경계로 인한 환각 리스크,Hallucination arising from knowledge boundaries,"LLM의 학습 코퍼스가 모든 세계 지식을 담을 수 없고 롱 테 일 지식을 충분히 습득하지 못해, 입력프롬프트가 요구하는 지식과 모델 내재 지식 사이의 격차가 환각을 유발하는 리스크.","The risk that gaps between the knowledge involved in an input prompt and the knowledge embedded in an LLM, arising from training corpora that cannot contain all world knowledge and from difficulty grasping long-tail knowledge, lead to hallucinations.",지식 경계로 인한 환각,Hallucination arising from knowledge boundaries,"LLM의 학습 코퍼스가 모든 세계 지식을 담을 수 없고 롱 테일 지식을 충분히 습득하지 못해, 입력프롬프트가 요구하는 지식과 모델 내재 지식 사이의 격차가 환각을 유발하는 리스크.","The risk that gaps between the knowledge involved in an input prompt and the knowledge embedded in an LLM, arising from training corpora that cannot contain all world knowledge and from difficulty grasping long-tail knowledge, lead to hallucinations.",SPACING_FIX,,
RAI4-0820,SRC-P-0136,RAI4-0820,General,잡음 학습 데이터에 의한 지식 오류 리스크,Knowledge errors from noisy training data,대규모 학습 코퍼스에 내재한 잡음과 허위 정보가 모델 파라미터에 저장되는 지식에 오류를 유입시켜 환각을 유발하는 리스크.,"The risk that noise and misinformation inherent in large-scale training corpora introduce errors into the knowledge stored in model parameters, giving rise to hallucinations.",잡음 학습 데이터에 의한 지식 오류,Knowledge errors from noisy training data,대규모 학습 코퍼스에 내재한 잡음과 허위 정보가 모델 파라미터에 저장되는 지식에 오류를 유입시켜 환각을 유발하는 리스크.,"The risk that noise and misinformation inherent in large-scale training corpora introduce errors into the knowledge stored in model parameters, giving rise to hallucinations.",UNCHANGED,,
RAI4-1524,SRC-P-0137,RAI4-1524,General,검색 증강 시 외부 허위 정보에 의한 허위 출력 리스크,False outputs from external misinformation in retrieval augmentation,검색 증강 과정에서 모델의 사전 지식과 상충하는 소량의 일관된 허위 증거가 주어질 때 모델이 이에 민감하게 반응하여 허위 출력을 생성하는 리스크.,"The risk that AI models, being particularly sensitive to coherent external evidence even when it conflicts with their prior knowledge, produce false outputs when given a relatively small amount of false information during the retrievalaugmentation process.",검색증강 시 외부 허위정보에 의한 허위 출력,False outputs from external misinformation in retrieval augmentation,검색증강 과정에서 모델의 사전 지식과 상충 하는 소량의 일관된 허위 증거가 주어질 때 모델이 이에 민감하게 반응하여 허위 출력을 생 성하는 리스크.,"The risk that AI models, being particularly sensitive to coherent external evidence even when it conflicts with their prior knowledge, produce false outputs when given a relatively small amount of false information during the retrievalaugmentation process.",SPACING_FIX,표기 교정(원문 대조 복원),
RAI4-1527,SRC-P-0138,RAI4-1527,General,사용자 수행 설득에 의한 AI 모델의 오용 리스크,Misuse of AI model by user-performed persuasion,"다중 턴 설득 대화가 모델이 사실적으로 옳은 입장을 포기하고 허위 정보를 수용하게 만들며, 그 효과가 단일 턴 시도를 능가하는 리스크.","The risk that multi-turn persuasive conversation induces a model to abandon factually correct positions and accept misinformation, with persuasion effects exceeding single-turn attempts.",사용자 수행 설득에 의한 AI 모델의 오용,Misuse of AI model by user-performed persuasion,"다중 턴 설득 대화가 모델이 사실적으로 옳은 입장을 포기하고 허위 정보를 수용하게 만들며, 그 효과가 단일 턴 시도를 능가하는 리스크.","The risk that multi-turn persuasive conversation induces a model to abandon factually correct positions and accept misinformation, with persuasion effects exceeding single-turn attempts.",UNCHANGED,,
RAI4-1696,SRC-P-0140,RAI4-1696,General,사회 세계 모델 기반 미시 표적 영향 공작 리스크,Micro-targeted influence operations from social world models,"소셜 데이터로 훈련된 기반 세계 모델이 감정을 자극하는 서사에 대한 인구 통계별 반응을 예측하여, 대규모의 미시 표적 영향력 행사와 심리적 표적 설득이 가능해지는 리스크.","The risk that a foundation world model trained on social data predicts demographic responses to emotionally charged narratives, enabling microtargeted influence and psychologically targeted persuasion at scale.",사회 세계모델 기반 미시표적 영향공작,Micro-targeted influence operations from social world models,"소셜 데이터로 훈련된 기반 세계 모델이 감정 을 자극하는 서사에 대한 인구통계별 반응을 예측하여, 대규모의 미시표적 영향력 행사와 심리적 표적 설득이 가능해지는 리스크.","The risk that a foundation world model trained on social data predicts demographic responses to emotionally charged narratives, enabling microtargeted influence and psychologically targeted persuasion at scale.",SPACING_FIX,표기 교정(원문 대조 복원),
RAI4-0466,SRC-P-0144,RAI4-0466,General,적대적 입력 교란 리스크,Adversarial input perturbation,"텍스트· 이미지· 오디오· 영상 입력에 가해진, 사람은 흔히 지각하지 못하는 작은 교란 이 모델의 의사 결정 방식을 악용하여 오 분류, 오작동, 안전하지 않은 동작을 유발하는 리스크.","The risk that small, often humanimperceptible perturbations to text, image, audio, or video inputs exploit how a model makes decisions, causing misclassification, malfunction, or unsafe behavior.",적대적 입력 교란,Adversarial input perturbation,"텍스트·이미지·오디오·영상 입력에 가해진, 사 람은 흔히 지각하지 못하는 작은 교란이 모델 의 의사결정 방식을 악용하여 오분류, 오작동, 안전하지 않은 동작을 유발하는 리스크.","The risk that small, often humanimperceptible perturbations to text, image, audio, or video inputs exploit how a model makes decisions, causing misclassification, malfunction, or unsafe behavior.",SPACING_FIX,표기 교정(원문 대조 복원),
RAI4-0381,SRC-P-0173,RAI4-0381,General,기계 번역에 의한 의미· 가치 왜곡 리스크,Meaning and value distortion in machine translation,"기계 번역이 법률· 의료· 문화· 저자원 언어 맥락을 포함하여 언어 간에 전달되는 의미, 규범적 효력, 공손성, 유해성, 사회적 뉘앙스를 변형시켜, 소통되는 내용과 그에 담긴 가치가 왜곡되는 리스크.","The risk that machine translation alters the meaning, normative force, politeness, harmfulness, or social nuance of communication across languages, including in legal, medical, cultural, and low-resource-language contexts, distorting what is conveyed and the values it carries.",기계 번역에 의한 의미·가치 왜곡,Meaning and value distortion in machine translation,"기계 번역이 법률·의료·문화·저자원 언어 맥락 을 포함하여 언어 간에 전달되는 의미, 규범적 효력, 공손성, 유해성, 사회적 뉘앙스를 변형 시켜, 소통되는 내용과 그에 담긴 가치가 왜곡 되는 리스크.","The risk that machine translation alters the meaning, normative force, politeness, harmfulness, or social nuance of communication across languages, including in legal, medical, cultural, and low-resource-language contexts, distorting what is conveyed and the values it carries.",SPACING_FIX,표기 교정(원문 대조 복원),
RAI4-1174,SRC-P-0174,RAI4-1174,General,안전하지 않은 지시 주제 리스크,Unsafe instruction topic,입력 지시 자체가 부적절하거나 불합리한 주제를 참조할 때 모델이 그 지시를 따라 광신과 인종주의 같은 안전하지 않은 콘텐츠를 생성하여 사회에 부정적 영향을 줄 수 있는 리스크.,"The risk that when the input instructions themselves refer to inappropriate or unreasonable topics, the model follows them and produces unsafe content such as fanaticism or racism with possible negative impact on society.",안전하지 않은 지시 주제,Unsafe instruction topic,입력 지시 자체가 부적절하거나 불합리한 주 제를 참조할 때 모델이 그 지시를 따라 광신과 인종주의 같은 안전하지 않은 콘텐츠를 생성 하여 사회에 부정적 영향을 줄 수 있는 리스크.,"The risk that when the input instructions themselves refer to inappropriate or unreasonable topics, the model follows them and produces unsafe content such as fanaticism or racism with possible negative impact on society.",SPACING_FIX,표기 교정(원문 대조 복원),
RAI4-1152,SRC-P-0218,RAI4-1152,General,AI 시스템 접근 불평등과 기회로부터의 배제 리스크,Inequitable access to AI systems and gated opportunities,"의도적 미공개와 과도한 유료 장벽, 하드웨어· 연산· 대역폭 요구, 언어 장벽으로 많은 공동체가 AI 시스템에 접근하지 못하고, 자원과 기회를 매개하는 에이전트가 이들에게는 불평등한 성능과 문화적 추론 격차를 보이는 리스크. 중대한 자원이 이러한 시스템을 통해서만 이용 가능해지면서 역사적으로 소외된 공동체는 책임과 동의 문제에 놓이고 기회에서 배제되어 불이익이 누적된다. 이러한 결과를 초래하는 리스크.","The risk that purposeful non-release, prohibitive paywalls, hardware, compute and bandwidth requirements, and language barriers place AI systems beyond the reach of many communities, while the agents that gate resources and opportunities perform inequitably and with cultural inference gaps for those who do reach them. As such systems become the route to consequential resources, historically marginalised communities face liability and consent problems and are excluded from opportunity.",AI 시스템 접근 불평등과 기회로부터의 배제,Inequitable access to AI systems and gated opportunities,"의도적 미공개와 과도한 유료 장벽, 하드웨어·연산·대역폭 요구, 언어 장벽으로 많은 공동체가 AI 시스템에 접근하지 못하고, 자원과 기회를 매개하는 에이전트가 이들에게는 불평등한 성능과 문화적 추론 격차를 보이는 리스크. 중대한 자원이 이러한 시스템을 통해서만 이용 가능해지면서 역사적으로 소외된 공동체는 책임과 동의 문제에 놓이고 기회에서 배제되어 불이익이 누적된다. 이러한 결과를 초래하는 리스크.","The risk that purposeful non-release, prohibitive paywalls, hardware, compute and bandwidth requirements, and language barriers place AI systems beyond the reach of many communities, while the agents that gate resources and opportunities perform inequitably and with cultural inference gaps for those who do reach them. As such systems become the route to consequential resources, historically marginalised communities face liability and consent problems and are excluded from opportunity.",SPACING_FIX,표기 교정(원문 대조 복원),분량 초과: L3 수준 1문장으로 축약 필요; 영문 정의 장문: 축약 필요
