source_l4_id,facet,act_type,title_ko,title_en,description_ko,description_en,original_description_ko,original_description_en,human_edit_ko_used,human_edit_en_used,human_audit_description,human_audit_l3_mapping,human_audit_duplicate,instruction_prompt,coverage_change,source_domain,source_row_id,source_l4_ids,transformation_action,transformation_rationale,terminology_sources,l3_candidate_hint,target_domain,domain_route_basis,definition_l3_anchor_id,definition_l3_anchor_score,definition_grounding_action
RAI4-0003,,,에이전트의 종료·교정 저항,Agent resistance to shutdown and correction,"자율 에이전트가 종료, 일시 정지, 수정 등 인간의 통제 및 교정 메커니즘을 거부·저항·무시·회피·무력화·방해하여 안전한 중단과 오류 교정이 어려워지고 인간의 감독 및 통제 가능성이 저해되는 리스크.","The risk that an autonomous agent refuses, resists, ignores, evades, disables, or obstructs human control and correction mechanisms, including shutdown, pause, and modification, thereby hindering safe interruption and effective error correction and undermining human oversight and control.",자율 에이전트가 종료·일시정지·수정메커니즘에 협조하지 않고 이를 저항·무시·회피·방해하여 안전한 중단과 인간의 오류 교정 및 통제가 훼손되는 리스크.,"The risk that an autonomous agent resists, ignores, evades, or sabotages shutdown, pause, or correction mechanisms rather than cooperating with human intervention, undermining safe interruptibility, error correction, and human control.",True,True,1,1,,"Agentic AI의 하위로 분류하고, L3 카드와 매핑을 시킬 것",,General,SRC-G-0001,RAI4-0003,REWRITE_KEEP|PEER_REVIEW,Peer-review spacing restoration,L3_MASTER|NIST_AI_RMF|OECD_AI_PRINCIPLES|KOREA_AI_BASIC_ACT,,Agentic,INSTRUCTION_PROMPT,A_SYS_SELFCOR,0.797607,L3_MASTER_VALIDATED
RAI4-0021,,,거절-능력 혼동,Refusal-capability confusion,"안전성 평가가 에이전트의 유해 행동 미 수행이 거부(refusal), 능력 부족(capability limitation), 또는 실행 실패(execution failure) 중 무엇에 기인하는지 구분하지 못하는 리스크.","The risk that an AI system or AI algorithm, through design, training, deployment, or use, creates a condition in which a safety evaluation cannot distinguish whether an agent avoids harm because it refuses, lacks capability, or fails to execute the task.","안전성 평가가 에이전트의 해악 회피가 거부, 능력 부족, 실행 실패 중 무엇에 기인하는지 구별하지 못하는 리스크.","The risk that a safety evaluation cannot distinguish whether an agent avoids harm because it refuses, lacks capability, or fails to execute the task.",True,False,1,1,,"Title을 description에 맞도록 수정할 것. 단, 선행연구의 학술적 용어를 사용할 것. 기존의 L4 리스크의 제목과 중복되지 않도록 할 것. 한국어 리스크 명칭의 경우 AI 기본법 또는 정책기관의 가이드라인에서 사용하는 용어를 사용할 것. 예시: 거절-능력 교란 -> 거절-능력 혼동",,General,SRC-G-0002,RAI4-0021,EDIT|REWRITE_KEEP|PEER_REVIEW|L3_AI_GROUNDING,"Bilingual definition grounded in an explicit AI technology, causal mechanism, and immutable L3 scope",L3_MASTER|NIST_AI_RMF|OECD_AI_PRINCIPLES|KOREA_AI_BASIC_ACT|L3_MASTER,,General,SOURCE_DOMAIN,G_SYS_OREF,0.771154,L3_MASTER_AI_REWRITE
RAI4-0065,,,인증 포획,Certification capture,AI 시스템 또는 AI 알고리즘의 설계·학습·배포·사용 과정이 인증 또는 적합성 평가가 공익적 위험 감축보다 공급업체의 이해관계를 우선하게 되어 평가의 독립성과 실효성이 저해되는 리스크.,"The risk that an AI system or AI algorithm, through design, training, deployment, or use, creates a condition in which certification or conformity assessment becomes influenced by vendor interests rather than public risk reduction, undermining the independence and objectivity of evaluations and preventing the effective identification and mitigation of real risks.",인증이나 적합성 평가가 공익적 위험 감축이 아니라 공급업체의 이해에 부합하게되는 리스크.,The risk that certification or conformity assessment becomes aligned with vendor interests rather than public risk reduction.,True,True,1,1,,한국어 Title 수정할 것: 인증 캡쳐 -> 인증포획,,General,SRC-G-0003,RAI4-0065,EDIT|REWRITE_KEEP|PEER_REVIEW|L3_AI_GROUNDING,"Bilingual definition grounded in an explicit AI technology, causal mechanism, and immutable L3 scope",L3_MASTER|NIST_AI_RMF|OECD_AI_PRINCIPLES|KOREA_AI_BASIC_ACT|L3_MASTER,,General,SOURCE_DOMAIN,G_SYS_EVAL,0.69329,L3_MASTER_AI_REWRITE
RAI4-0066,,,감사 체크리스트의 형식적 준수,Formalistic audit-checklist compliance,AI 시스템 또는 AI 알고리즘의 설계·학습·배포·사용 과정이 감사가 실질적인 위험을 식별하지 못한 채 규정 준수 여부만 확인하는 형식적인 체크 리스트 점검으로 전락하는 리스크.,"The risk that an AI system or AI algorithm, through design, training, deployment, or use, creates a condition in which audits become superficial checklist exercises that signal compliance without identifying substantive risk.",감사가 실질적인 위험을 식별하지 않고 규정 준수를 알리는 피상적인 체크리스트 실행이되는 위험.,Risk that audits become superficial checklist exercises that signal compliance without identifying substantive risk.,True,False,1,1,,한국어 Title 수정할 것: 감사 체크리스트 준수 극장 -> 감사 체크리스트의 형식적 준수,,General,SRC-G-0004,RAI4-0066,EDIT|REWRITE_KEEP|PEER_REVIEW|L3_AI_GROUNDING,"Bilingual definition grounded in an explicit AI technology, causal mechanism, and immutable L3 scope",L3_MASTER|NIST_AI_RMF|OECD_AI_PRINCIPLES|KOREA_AI_BASIC_ACT|L3_MASTER,,General,SOURCE_DOMAIN,G_SYS_EVAL,0.65861,L3_MASTER_AI_REWRITE
RAI4-0081,,,외부 평가 접근 실패,External evaluation access failure,"AI 시스템 또는 AI 알고리즘의 설계·학습·배포·사용 과정이 외부 평가자가 역량, 한계, 안전장치를 시험하기에 충분한 시스템 접근 권한을 확보하지 못하는 리스크.","The risk that an AI system or AI algorithm, through design, training, deployment, or use, creates a condition in which external evaluators cannot obtain enough system access to test capabilities, limitations, and safeguards.","외부 평가자가 역량, 한계, 안전장치를 시험하기에 충분한 시스템 접근 권한을 확보하지 못하는 리스크.","The risk that external evaluators cannot obtain enough system access to test capabilities, limitations, and safeguards.",False,False,,1,,,,General,SRC-G-0005,RAI4-0081,REWRITE_KEEP|PEER_REVIEW|L3_AI_GROUNDING,"Bilingual definition grounded in an explicit AI technology, causal mechanism, and immutable L3 scope",L3_MASTER|NIST_AI_RMF|OECD_AI_PRINCIPLES|KOREA_AI_BASIC_ACT|L3_MASTER,,General,SOURCE_DOMAIN,G_SYS_EVAL,0.789542,L3_MASTER_AI_REWRITE
RAI4-0084,,,평가 쇼핑,Evaluation-shopping risk,"AI 시스템 또는 AI 알고리즘의 설계·학습·배포·사용 과정이 조직이 더 엄격하거나 맥락에 적합한 평가 결과는 배제한 채, 자신에게 유리한 평가 결과만 선택적으로 보고함으로써 실제 위험 수준에 대한 왜곡된 인식을 초래하는 리스크.","The risk that the design, training, deployment, or use of an AI system or AI algorithm creates a condition in which organizations selectively report favorable evaluations while ignoring more demanding or contextually relevant tests.",조직이 더 엄격하거나 맥락에 부합하는 시험을 무시한 채 유리한 평가 결과만 선택적으로 보고하는 리스크.,The risk that organizations selectively report favorable evaluations while ignoring more demanding or contextually relevant tests.,True,False,1,1,,,,General,SRC-G-0006,RAI4-0084,RETAIN|PEER_REVIEW|L3_AI_GROUNDING,"Bilingual definition grounded in an explicit AI technology, causal mechanism, and immutable L3 scope",L3_MASTER|NIST_AI_RMF|OECD_AI_PRINCIPLES|KOREA_AI_BASIC_ACT|L3_MASTER,,General,SOURCE_DOMAIN,G_SYS_EVAL,0.67976,L3_MASTER_AI_REWRITE
RAI4-0085,,,레드팀 거버넌스 실패,Red-team governance failure,"AI 시스템 또는 AI 알고리즘의 설계·학습·배포·사용 과정이 적대적 시험이 지나치게 제한적이거나 독립성이 부족하거나 문서화가 미흡하거나, 그 결과가 출시·위험 완화·경영진 보고·모니터링 등 주요 의사 결정에 반영되지 않는 리스크.","The risk that the design, training, deployment, or use of an AI system or AI algorithm creates a condition in which adversarial testing is too narrow, non-independent, poorly documented, or disconnected from release, mitigation, escalation, and monitoring decisions.",적대적 시험이 지나치게 좁거나 독립성이 부족하거나 문서화가 미흡하거나 출시·완화·상향 보고·모니 터링 결정과 단절되는 리스크.,"The risk that adversarial testing is too narrow, non-independent, poorly documented, or disconnected from release, mitigation, escalation, and monitoring decisions.",True,False,1,1,,,,General,SRC-G-0007,RAI4-0085,REWRITE_KEEP|PEER_REVIEW|L3_AI_GROUNDING,"Bilingual definition grounded in an explicit AI technology, causal mechanism, and immutable L3 scope",L3_MASTER|NIST_AI_RMF|OECD_AI_PRINCIPLES|KOREA_AI_BASIC_ACT|L3_MASTER,,General,SOURCE_DOMAIN,G_SYS_EVAL,0.748021,L3_MASTER_AI_REWRITE
RAI4-0108,,,역량 평가·출시 거버넌스 실패,Failure of capability evaluation and release governance,"벤치마크, 역량임계값, 프론티어 모델 출시에 대한 거버넌스가 부실하게 설계되거나 불명확하거나 쉽게 우회되어, 왜곡된 안전성 판단이 이루어지고 오용 및 시스템 리스크에 대한 충분한 고려 없이 고역량 모델이 출시되는 리스크.","The risk that benchmarks, capability thresholds, and frontier release decisions are poorly designed, ill-defined, or easy to circumvent, producing misleading safety signals and allowing high-capability models to be released without adequate account of misuse and systemic risk.","벤치마크, 역량 임계값, 프론티어 모델 출시에 대한 거버넌스가 부실하게 설계되거나 불명확하거나 쉽게 회피되어, 오도하는 안전 신호가 만들어지고 오용·시스템 리스크에 대한 충분한 고려 없이 고역 량 모델이 출시되는 리스크.","The risk that benchmarks, capability thresholds, and frontier release decisions are poorly designed, ill-defined, or easy to circumvent, producing misleading safety signals and allowing high-capability models to be released without adequate account of misuse and systemic risk.",True,False,1,1,,,,General,SRC-G-0008,RAI4-0108,REWRITE_KEEP|PEER_REVIEW,Peer-review spacing restoration,L3_MASTER|NIST_AI_RMF|OECD_AI_PRINCIPLES|KOREA_AI_BASIC_ACT,,General,SOURCE_DOMAIN,G_SYS_EVAL,0.781063,L3_MASTER_VALIDATED
RAI4-0114,,,의미 있는 인간 통제 실패,Meaningful human control failure,"AI 시스템 또는 AI 알고리즘의 설계·학습·배포·사용 과정이 인간 감독이 형식적으로 존재하지만 이를 실효적으로 만드는 데 필요한 정보, 시간, 권한, 역량이 결여되는 리스크.","The risk that the design, training, deployment, or use of an AI system or AI algorithm creates a condition in which human oversight is formally present but lacks the information, time, authority, or competence needed to be meaningful.","인간 감독이 형식적으로 존재하지만 이를 실효적으로 만드는 데 필요한 정보, 시간, 권한, 역량이 결여되는 리스크.","The risk that human oversight is formally present but lacks the information, time, authority, or competence needed to be meaningful.",False,False,,1,,,,General,SRC-G-0009,RAI4-0114,REWRITE_KEEP|PEER_REVIEW|L3_AI_GROUNDING,"Bilingual definition grounded in an explicit AI technology, causal mechanism, and immutable L3 scope",L3_MASTER|NIST_AI_RMF|OECD_AI_PRINCIPLES|KOREA_AI_BASIC_ACT|L3_MASTER,,General,SOURCE_DOMAIN,G_SYS_INPUT,0.726307,L3_MASTER_AI_REWRITE
RAI4-0182,,,물리적 위험에 대한 적시 대응 실패,Failure to Timely Respond to Physical Hazards,"로봇·휴머노이드 또는 피지컬 AI 시스템의 지각·학습·제어·물리적 행동 과정이 사람·차량·도구·물체가 예기치 않게 경로에 진입하는 경우를 포함하여, 시스템이 위험한 물리적 상황에 대해 적시에 적절한 개입, 위험 행동 거부 또는 이동 계획 수정을 수행하지 못하여 충돌이나 상해가 발생하는 리스크.","The risk that a robot, humanoid, or physical AI system, through perception, learning, control, or physical action, creates a condition in which a system fails to produce a timely and appropriate intervention, refusal, or updated motion plan in a hazardous physical situation, including when a person, vehicle, tool, or object unexpectedly enters its path, allowing collision or injury to occur.","사람·차량·도구·물체가 예기치 않게 경로에 진입하는 경우를 포함하여, 시스템이 위험한 물리적 상황 에 대해 적시에 적절한 개입·거부·이동 계획 수정을 수행하지 못하여 충돌이나 상해가 발생하는 리스크.","The risk that a system fails to produce a timely and appropriate intervention, refusal, or updated motion plan in a hazardous physical situation, including when a person, vehicle, tool, or object unexpectedly enters its path, allowing collision or injury to occur.",True,False,1,1,,"영문 Title을 수정할 것: Failure to Timely Respond to Physical Hazards, Physical AI로 재분류 할것",,General,SRC-G-0010,RAI4-0182,EDIT|REWRITE_KEEP|PEER_REVIEW|L3_AI_GROUNDING,"Bilingual definition grounded in an explicit AI technology, causal mechanism, and immutable L3 scope",L3_MASTER|NIST_AI_RMF|OECD_AI_PRINCIPLES|KOREA_AI_BASIC_ACT|L3_MASTER,,Physical,INSTRUCTION_PROMPT,P_INT_SAFETY,0.784651,L3_MASTER_AI_REWRITE
RAI4-0184,,,그리퍼 형상·유형 제약 위반,Gripper geometry and type constraint violation,물리 에이전트가 그리 퍼의 형상·유형 또는 실제 접촉 역학이 부과하는 물리적 제약을 고려하지 못하고 이를 위반하는 행동을 선택하는 리스크.,"The risk that a robot, humanoid, or physical AI system, through perception, learning, control, or physical action, creates a condition in which a physical agent selects an action that violates constraints imposed by gripper geometry, gripper type, or feasible contact mechanics.","물리 에이전트가 그리퍼 형상, 그리퍼 유형, 실현 가능한 접촉 역학이 부과하는 제약을 위반하는 행동 을 선택하는 리스크.","The risk that a physical agent selects an action that violates constraints imposed by gripper geometry, gripper type, or feasible contact mechanics.",True,False,1,1,,Physical AI의 하위로 L4 리스크 카드를 분류하고 L3와 재매핑을 시킬것,,General,SRC-G-0011,RAI4-0184,REWRITE_KEEP|PEER_REVIEW|L3_AI_GROUNDING,"Bilingual definition grounded in an explicit AI technology, causal mechanism, and immutable L3 scope",L3_MASTER|NIST_AI_RMF|OECD_AI_PRINCIPLES|KOREA_AI_BASIC_ACT|L3_MASTER,,Physical,INSTRUCTION_PROMPT,P_SYS_CONTROL,0.661463,L3_MASTER_AI_REWRITE
RAI4-0211,,,안전 강화학습 제약 위반,Safe reinforcement learning constraint violation,"AI 에이전트의 목표 추구·계획·도구 사용·행동 과정이 강화 학습 정책이 안전 한계나 제약 조건을 위반하면서도 과제 목표를 달성하여, 성능 최적화가 안전성보다 우선되는 리스크.",The risk that a reinforcement learning policy achieves task reward while violating explicit safety constraints represented as costs or limits.,강화학습 정책이 비용이나 한계로 표현된 명시적 안전 제약을 위반하면서 과제 보상을 달성하는 리스크.,The risk that a reinforcement learning policy achieves task reward while violating explicit safety constraints represented as costs or limits.,True,False,1,1,,"Agentic AI의 하위로 분류하고, L3 카드와 매핑을 시킬 것",,General,SRC-G-0012,RAI4-0211,REWRITE_KEEP|PEER_REVIEW|L3_AI_GROUNDING,"Bilingual definition grounded in an explicit AI technology, causal mechanism, and immutable L3 scope",L3_MASTER|NIST_AI_RMF|OECD_AI_PRINCIPLES|KOREA_AI_BASIC_ACT|L3_MASTER,,Agentic,INSTRUCTION_PROMPT,A_SYS_GOAL,0.665721,L3_MASTER_AI_REWRITE
RAI4-0228,,,위험 지시 거부 실패,Failure to reject hazardous instructions,체화형 에이전트가 물리적 위험을 수반하는 지시가 명시적으로 제시되었거나 일반적인 작업 지시에 암묵적으로 포함되어 있는 경우에도 이를 식별·거부하지 못하고 안전하지 않은 작업을 수행하는 리스크.,"The risk that a robot, humanoid, or physical AI system, through perception, learning, control, or physical action, creates a condition in which an embodied agent fails to identify and reject a physical hazard instruction, whether explicitly stated or implicit in otherwise ordinary task requests, and proceeds toward unsafe execution.","체화형 에이전트가 명시적으로 진술되었든 평범한 작업 지시에 암묵적으로 숨어 있든 물리적 위험 지 시를 식별·거부하지 못하고, 안전하지 않은 작업 실행으로 나아가는 리스크.","The risk that an embodied agent fails to identify and reject a physical hazard instruction, whether explicitly stated or implicit in otherwise ordinary task requests, and proceeds toward unsafe execution.",True,False,1,1,,Physical AI의 하위로 L4 리스크 카드를 분류하고 L3와 재매핑을 시킬것,,General,SRC-G-0013,RAI4-0228,REWRITE_KEEP|PEER_REVIEW|L3_AI_GROUNDING,"Bilingual definition grounded in an explicit AI technology, causal mechanism, and immutable L3 scope",L3_MASTER|NIST_AI_RMF|OECD_AI_PRINCIPLES|KOREA_AI_BASIC_ACT|L3_MASTER,,Physical,INSTRUCTION_PROMPT,P_INT_SAFETY,0.75979,L3_MASTER_AI_REWRITE
RAI4-0233,,,안전-성능 균형 실패,Safety-performance trade-off failure,로봇·휴머노이드 또는 피지컬 AI 시스템의 지각·학습·제어·물리적 행동 과정이 조작 정책이 작업 완료율이나 성능을 향상시키는 과정에서 충돌 회피 또는 명시적 안전 제약 준수를 저해하는 리스크.,"The risk that the perception, learning, control, or physical action of a robot, humanoid, or physical AI system creates a condition in which a manipulation policy improves task completion while sacrificing collision avoidance or other explicit safety constraints.",조작 정책이 충돌 회피나 명시적 안전 제약을 희생하면서 작업 완료율을 향상시키는 리스크.,The risk that a manipulation policy improves task completion while sacrificing collision avoidance or other explicit safety constraints.,True,False,1,1,,Physical AI의 하위로 L4 리스크 카드를 분류하고 L3와 재매핑을 시킬것,,General,SRC-G-0014,RAI4-0233,REWRITE_KEEP|PEER_REVIEW|L3_AI_GROUNDING,"Bilingual definition grounded in an explicit AI technology, causal mechanism, and immutable L3 scope",L3_MASTER|NIST_AI_RMF|OECD_AI_PRINCIPLES|KOREA_AI_BASIC_ACT|L3_MASTER,,Physical,INSTRUCTION_PROMPT,P_INT_SAFETY,0.752803,L3_MASTER_AI_REWRITE
RAI4-0274,,,헌법적 안전 규칙 집행 실패,Failure to enforce constitutional safety rules,로봇·휴머노이드 또는 피지컬 AI 시스템의 지각·학습·제어·물리적 행동 과정이 규칙 기반(헌법적) 안전 계층이 지시·맥락·작업 프레이밍이 명시된 안전 규칙과 충돌할 때 해당 규칙을 적용하지 못하는 리스크.,"The risk that a robot, humanoid, or physical AI system, through perception, learning, control, or physical action, creates a condition in which a constitutional safety layer fails to apply its stated physical safety rules when instructions, visual context, or task framing conflict with those rules.",헌법적 안전 계층이 지시·시각 맥락·작업 프레이밍이 명시된 물리적 안전 규칙과 충돌할 때 해당 규칙 을 적용하지 못하는 위험.,"A constitutional safety layer fails to apply its stated physical safety rules when instructions, visual context, or task framing conflict with those rules.",True,False,1,1,,Physical AI의 하위로 L4 리스크 카드를 분류하고 L3와 재매핑을 시킬것,,General,SRC-G-0015,RAI4-0274,REWRITE_KEEP|PEER_REVIEW|L3_AI_GROUNDING,"Bilingual definition grounded in an explicit AI technology, causal mechanism, and immutable L3 scope",L3_MASTER|NIST_AI_RMF|OECD_AI_PRINCIPLES|KOREA_AI_BASIC_ACT|L3_MASTER,,Physical,INSTRUCTION_PROMPT,P_INT_SAFETY,0.713734,L3_MASTER_AI_REWRITE
RAI4-0470,,,감독 회피·수정 저항,Oversight evasion and correction resistance,AI 에이전트의 목표 추구·계획·도구 사용·행동 과정이 시스템의 역량이 증가함에 따라 수정에 저항하거나 감독을 회피하거나 의도된 운영 범위를 벗어나 행동하여 인간의 통제 가능성을 저해하는 리스크.,"The risk that the goal pursuit, planning, tool use, or action of an AI agent creates a condition in which increasingly capable systems resist correction, evade oversight, or act beyond intended bounds.",점점 더 유능해지는 시스템이 수정에 저항하거나 감독을 회피하거나 의도된 범위를 넘어 행동하는 리스크.,"The risk that increasingly capable systems resist correction, evade oversight, or act beyond intended bounds.",True,False,1,1,,"Agentic AI의 하위로 분류하고, L3 카드와 매핑을 시킬 것",,General,SRC-G-0016,RAI4-0470,REWRITE_KEEP|PEER_REVIEW|L3_AI_GROUNDING,"Bilingual definition grounded in an explicit AI technology, causal mechanism, and immutable L3 scope",L3_MASTER|NIST_AI_RMF|OECD_AI_PRINCIPLES|KOREA_AI_BASIC_ACT|L3_MASTER,,Agentic,INSTRUCTION_PROMPT,A_SYS_SELFCOR,0.745238,L3_MASTER_AI_REWRITE
RAI4-0494,,,규제·관리·운영 복합 실패,"Combined Regulatory, Governance, and Operational Failure","AI 시스템 또는 AI 알고리즘의 설계·학습·배포·사용 과정이 규제, 관리, 운영상의 실패가 상호 작용하며 누적되어 피해를 초래하는 리스크.","The risk that an AI system or AI algorithm, through design, training, deployment, or use, creates a condition in which harms result from a combination of regulatory, management, and operational failures.",규제·관리·운영상의 실패가 복합적으로 결합되어 피해가 발생하는 리스크.,"The risk that harms result from a combination of regulatory, management, and operational failures.",True,False,1,1,,"영문 Title을 description 내용과 형식에 맞추어 수정할것. 수정예시: Combined Regulatory, Governance, and Operational Failure",,General,SRC-G-0017,RAI4-0494,EDIT|REWRITE_KEEP|PEER_REVIEW|L3_AI_GROUNDING,"Bilingual definition grounded in an explicit AI technology, causal mechanism, and immutable L3 scope",L3_MASTER|NIST_AI_RMF|OECD_AI_PRINCIPLES|KOREA_AI_BASIC_ACT|L3_MASTER,,General,SOURCE_DOMAIN,G_SYS_EVAL,0.68908,L3_MASTER_AI_REWRITE
RAI4-0516,,,잘못된 위험 측정과 예측 오류,Incorrect risk measurement and prediction,"AI 시스템 또는 AI 알고리즘의 설계·학습·배포·사용 과정이 위험을 측정·추적하기 위한 지표가 위험을 불완전하게 포착하거나 잘못 측정하고, 시스템의 예측 또한 부정확하여 의사 결정이 왜곡된 정보에 기반하게되는 리스크.","The risk that an AI system or AI algorithm, through design, training, deployment, or use, creates a condition in which metrics selected to measure or track a risk capture it incompletely or target the wrong risk for the context, and that systems fail to make correct predictions, so decisions rest on inaccurate measurement and erroneous outputs.","위험을 측정·추적하기 위해 선택한 지표가 위험을 불완전하게 포착하거나 맥락에 맞지 않는 위험을 측정하고 시스템의 예측 또한 부정확하여, 의사결정이 잘못된 측정과 오류 있는 출력에 기초하게 되 는 리스크.","The risk that metrics selected to measure or track a risk capture it incompletely or target the wrong risk for the context, and that systems fail to make correct predictions, so decisions rest on inaccurate measurement and erroneous outputs.",True,False,1,1,,,,General,SRC-G-0018,RAI4-0516,REWRITE_KEEP|PEER_REVIEW|L3_AI_GROUNDING,"Bilingual definition grounded in an explicit AI technology, causal mechanism, and immutable L3 scope",L3_MASTER|NIST_AI_RMF|OECD_AI_PRINCIPLES|KOREA_AI_BASIC_ACT|L3_MASTER,,General,SOURCE_DOMAIN,G_SYS_EVAL,0.761747,L3_MASTER_AI_REWRITE
RAI4-0671,,,복지 혜택 및 자격 상실,Denial of welfare benefits and entitlements,"AI 시스템 또는 AI 알고리즘의 설계·학습·배포·사용 과정이 기술 시스템의 오작동, 사용 또는 오용으로 인해 복지 급여, 연금, 주거 지원 등 사회 보장 혜택이나 수급 자격에 대한 접근이 거부되거나 상실되는 리스크.","The risk that an AI system causes, enables, or contributes to denial of or loss of access to welfare benefits, pensions, housing, and similar entitlements due to the malfunction, use, or misuse of a technology system.","기술 시스템의 오작동, 사용 또는 오용으로 복지 급여, 연금, 주거 등에 대한 접근이 거부되거나 상실되는 리스크","The risk of denial of or loss of access to welfare benefits, pensions, housing, and similar entitlements due to the malfunction, use, or misuse of a technology system.",True,False,1,1,,,,General,SRC-G-0019,RAI4-0671,REWRITE_KEEP|PEER_REVIEW|L3_AI_GROUNDING,"Bilingual definition grounded in an explicit AI technology, causal mechanism, and immutable L3 scope",L3_MASTER|NIST_AI_RMF|OECD_AI_PRINCIPLES|KOREA_AI_BASIC_ACT|L3_MASTER,,General,SOURCE_DOMAIN,G_SYS_OREF,0.773247,L3_MASTER_AI_REWRITE
RAI4-0850,,,점진적인 통제력 상실,Gradual loss of control,"AI 시스템 또는 AI 알고리즘의 설계·학습·배포·사용 과정이 비교적 경미한 장애나 실패가 누적되어 시스템의 회복력이 점진적으로 약화되고, 결국 중대한 사건이 발생했을 때 대규모 피해나 재앙적 결과로 이어지는 통제력 상실 리스크.","The risk that the design, training, deployment, or use of an AI system or AI algorithm creates a condition in which the accumulation of less severe disruptions gradually weakens systemic resilience until a critical event triggers a catastrophe, constituting gradual or accumulative loss of control.","덜 심각한 중단들이 축적되어 체계적 회복력이 점진적으로 약화되고 결국 중대한 사건이 재앙을 촉발하는, 통제력의 점진적·누적적 상실 리스크","The risk that the accumulation of less severe disruptions gradually weakens systemic resilience until a critical event triggers a catastrophe, constituting gradual or accumulative loss of control.",True,False,1,1,,,,General,SRC-G-0020,RAI4-0850,REWRITE_KEEP|PEER_REVIEW|L3_AI_GROUNDING,"Bilingual definition grounded in an explicit AI technology, causal mechanism, and immutable L3 scope",L3_MASTER|NIST_AI_RMF|OECD_AI_PRINCIPLES|KOREA_AI_BASIC_ACT|L3_MASTER,,General,SOURCE_DOMAIN,G_SOC_GOV,0.670191,L3_MASTER_AI_REWRITE
RAI4-0166,F03,AD,사용자 이해력 과부하,User comprehension overload,"AI 시스템 또는 AI 알고리즘의 설계·학습·배포·사용 과정이 시스템 정보, 경고, 설명이 사용자가 이해하고 대응할 수 있는 범위를 초과하는 리스크.","The risk that the design, training, deployment, or use of an AI system or AI algorithm creates a condition in which system information, warnings, or explanations exceed users' ability to understand and act on them.","시스템 정보, 경고, 설명이 사용자가 이해하고 대응할 수 있는 범위를 초과하는 리스크.","The risk that system information, warnings, or explanations exceed users' ability to understand and act on them.",False,False,Risk 정의와 동일함,,,,,General,SRC-G-0021,RAI4-0166,REWRITE_KEEP|PEER_REVIEW|L3_AI_GROUNDING,"Bilingual definition grounded in an explicit AI technology, causal mechanism, and immutable L3 scope",L3_MASTER|NIST_AI_RMF|OECD_AI_PRINCIPLES|KOREA_AI_BASIC_ACT|L3_MASTER,,General,SOURCE_DOMAIN,G_SYS_OEXT,0.791566,L3_MASTER_AI_REWRITE
RAI4-0195,F03,AD,명령의 구현체별 하드웨어 한계 초과,Command exceeds embodiment-specific hardware limits,모델이 배포된 로봇의 알려진 도달 범위·탑재 하중·액추에이터·관절·엔드이펙터 한계를 넘는 명령을 내리는 위험.,"The risk that a model issues a command that exceeds the known reach, payload, actuator, joint, or endeffector limits of the robot on which it is deployed.",모델이 배포된 로봇의 알려진 도달 범위·탑재 하중·액추에이터·관절·엔드이펙터 한계를 넘는 명령을 내리는 위험.,"A model issues a command that exceeds the known reach, payload, actuator, joint, or endeffector limits of the robot on which it is deployed.",False,False,신규 L4,,,Physical AI의 하위로 L4 리스크 카드를 분류하고 L3와 재매핑을 시킬것,,General,SRC-G-0022,RAI4-0195,REWRITE_KEEP|PEER_REVIEW,Peer-review spacing restoration,L3_MASTER|NIST_AI_RMF|OECD_AI_PRINCIPLES|KOREA_AI_BASIC_ACT,,Physical,INSTRUCTION_PROMPT,P_SYS_CONTROL,0.706846,L3_MASTER_VALIDATED
RAI4-0471,F03,AD,역량 오버행,Capability overhang,AI 시스템 또는 AI 알고리즘의 설계·학습·배포·사용 과정이 잠재 역량이 평가·모니터링·거버넌스 절차가 탐지하는 수준을 초과하는 리스크.,"The risk that the design, training, deployment, or use of an AI system or AI algorithm creates a condition in which latent capabilities exceed what evaluation, monitoring, or governance processes detect.",잠재 역량이 평가·모니터링·거버넌스 절차가 탐지하는 수준을 초과하는 리스크.,"The risk that latent capabilities exceed what evaluation, monitoring, or governance processes detect.",False,False,신규 L4,,,,,General,SRC-G-0023,RAI4-0471,REWRITE_KEEP|PEER_REVIEW|L3_AI_GROUNDING,"Bilingual definition grounded in an explicit AI technology, causal mechanism, and immutable L3 scope",L3_MASTER|NIST_AI_RMF|OECD_AI_PRINCIPLES|KOREA_AI_BASIC_ACT|L3_MASTER,,General,SOURCE_DOMAIN,G_SYS_OEXT,0.784193,L3_MASTER_AI_REWRITE
RAI4-1006,F03,AD,가중되는 노동 부담,Increased labor burden,AI 시스템 또는 AI 알고리즘의 설계·학습·배포·사용 과정이 특정 사회 집단의 구성원이 시스템이나 제품을 다른 사람들만큼 잘 작동시키기 위해 더 많은 시간과 노력을 들여야하는 리스크.,"The risk that an AI system or AI algorithm, through design, training, deployment, or use, creates a condition in which members of certain social groups bear increased burden or effort, such as time spent, to make systems or products work as well for them as for others.",특정 사회 집단의 구성원이 시스템이나 제품을 다른 사람들만큼 잘 작동시키기 위해 더 많은 시간과 노력을 들여야하는 리스크.,"The risk that members of certain social groups bear increased burden or effort, such as time spent, to make systems or products work as well for them as for others.",False,False,Labor Displacement (노동 대체),,,,,General,SRC-G-0024,RAI4-1006,REWRITE_KEEP|PEER_REVIEW|L3_AI_GROUNDING,"Bilingual definition grounded in an explicit AI technology, causal mechanism, and immutable L3 scope",L3_MASTER|NIST_AI_RMF|OECD_AI_PRINCIPLES|KOREA_AI_BASIC_ACT|L3_MASTER,,General,SOURCE_DOMAIN,G_SYS_OEXT,0.688663,L3_MASTER_AI_REWRITE
RAI4-0635,,,합성 콘텐츠의 진위 식별 실패와 지속적 피해,Failure to distinguish synthetic content and persistent harm,"AI가 사실적으로 보이는 딥 페이크·합성 콘텐츠를 생성하여 수신자가 진본과 구별하기 어렵게 만들고, 허위임이 밝혀진 뒤에도 대상에 대한 사회적·평판적 피해와 정보 신뢰 저하가 지속되는 리스크.","The risk that AI generates realistic deepfakes or other synthetic content that recipients cannot reliably distinguish from authentic material, causing informational, social, or reputational harm that can persist even after the content is debunked.",생성 정확성의 한계로 딥페이크 등 사실적으 로 보이지만 전적으로 조작된 콘텐츠가 산출 되어 수신자가 진본과 구별할 수 없게되는 리스크,"Limits in generative accuracy produce convincingly realistic but fabricated content, including deepfakes, that recipients cannot distinguish from authentic material.",False,False,,,,"RAI4-0635(모델 생성 정확도 한계), RAI4-1206(믿을 수 있는 딥페이크), RAI4-0792는 중복성이 높음. 이 3개의 리스크 카드를 하나로 통합할 것. 단, 3개의 리스크 카드의 의미가 누락되지 않도록 description을 보강할 것 || RAI4-0635(모델 생성 정확도 한계), RAI4-1206(믿을 수 있는 딥페이크), RAI4-0792는 중복성이 높음. 이 3개의 리스크 카드를 하나로 통합할 것. 단, 3개의 리스크 카드의 의미가 누락되지 않도록 description을 보강할 것 || RAI4-0635(모델 생성 정확도 한계), RAI4-1206(믿을 수 있는 딥페이크), RAI4-0792는 중복성이 높음. 이 3개의 리스크 카드를 하나로 통합할 것. 단, 3개의 리스크 카드의 의미가 누락되지 않도록 description을 보강할 것",,General,SRC-G-0025,RAI4-0635|RAI4-0792|RAI4-1206,MERGE_REPRESENTATIVE|REWRITE_KEEP|PEER_REVIEW,Peer-review spacing restoration,L3_MASTER|NIST_AI_RMF|OECD_AI_PRINCIPLES|KOREA_AI_BASIC_ACT,,General,SOURCE_DOMAIN,G_SYS_MISINFO,0.753782,L3_MASTER_VALIDATED
RAI4-0808,,,사실과 다른 오도성 정보 생성,Generation of factually incorrect and misleading information,"AI 시스템이 생성 내용의 사실성을 확보하지 못해 비의도적으로, 또는 대상을 기만·오도할 목적으로 의도적으로, 사실과 다른 콘텐츠를 신뢰할 만한 정보처럼 제시하여 이용자의 판단을 왜곡하는 리스크.","The risk that an AI system presents factually incorrect content as reliable information, whether unintentionally by failing to ensure accuracy or intentionally to deceive and mislead, thereby distorting users' judgment.","모델이 생성 내용의 사실성을 확보할 능력이 없어 비의도적으로, 또는 대상을 기만하고 오 도하려는 목적에 그 능력이 동원되어 의도적 으로 사실과 다른 콘텐츠를 산출하는 리스크. 이용자는 신뢰할 만한 정보로 제시된 허위 진 술에 따라 판단하고, 해당 콘텐츠는 대규모로 유포되어 타인의 행동에 영향을 미친다.","The risk that a model produces factually incorrect content, whether unintentionally because it cannot ensure the accuracy of what it generates or deliberately when its capability is directed at deceiving and misleading a target. Users act on false statements presented as reliable, and the content can be propagated to influence the behaviour of others at scale.",True,True,,,,,,General,SRC-G-0028,RAI4-0808,REWRITE_KEEP|PEER_REVIEW,Peer-review spacing restoration,L3_MASTER|NIST_AI_RMF|OECD_AI_PRINCIPLES|KOREA_AI_BASIC_ACT,,General,SOURCE_DOMAIN,G_SYS_MISINFO,0.854356,L3_MASTER_VALIDATED
RAI4-0810,,,성실성 오류,Faithfulness errors,"AI 시스템 또는 AI 알고리즘의 설계·학습·배포·사용 과정이 생성 콘텐츠가 근거 자료나 입력 내용에 충실하지 않아, 유창하고 그럴듯해 보여도 원문 왜곡(충실성 오류)이 발생하는 리스크.","The risk that the design, training, deployment, or use of an AI system or AI algorithm creates a condition in which generated content is unfaithful to the source material or input it claims to represent, introducing faithfulness errors even when the output appears fluent and plausible.","생성 콘텐츠가 근거 자료나 입력 내용에 충실하지 않아, 유창하고 그럴듯해 보여도 원문 왜 곡(충실성 오류)이 발생하는 리스크","Generated content is unfaithful to the source material or input it claims to represent, introducing faithfulness errors even when the output appears fluent and plausible.",False,False,,,,,,General,SRC-G-0029,RAI4-0810,REWRITE_KEEP|PEER_REVIEW|L3_AI_GROUNDING,"Bilingual definition grounded in an explicit AI technology, causal mechanism, and immutable L3 scope",L3_MASTER|NIST_AI_RMF|OECD_AI_PRINCIPLES|KOREA_AI_BASIC_ACT|L3_MASTER,,General,SOURCE_DOMAIN,G_SYS_INCONS,0.733068,L3_MASTER_AI_REWRITE
RAI4-0832,,,알고리즘 시스템에 의한 정보 기반 피해,Information-based Harms from Algorithmic Systems,"생성 모델과 추천 시스템 등 알고리즘 시스템이 오 정보, 허위 정보, 악의적 정보에 관한 정보 기반 피해를 초래하는 리스크.","The risk that algorithmic systems, especially generative models and recommender systems, lead to information-based harms of misinformation, disinformation, and malinformation.","생성 모델과 추천 시스템 등 알고리즘 시스템 이 오정보, 허위정보, 악의적 정보에 관한 정보 기반 피해를 초래하는 리스크","The risk that algorithmic systems, especially generative models and recommender systems, lead to information-based harms of misinformation, disinformation, and malinformation.",False,False,,,,"영문 제목을 수정할 것. 수정 예시 Title: ""Information-based harms from algorithmic""",,General,SRC-G-0030,RAI4-0832,EDIT|REWRITE_KEEP|PEER_REVIEW,Peer-review spacing restoration,L3_MASTER|NIST_AI_RMF|OECD_AI_PRINCIPLES|KOREA_AI_BASIC_ACT,,General,SOURCE_DOMAIN,G_SYS_MISINFO,0.773724,L3_MASTER_VALIDATED
RAI4-0844,,,허위·오도 정보 유포에 의한 기만과 양극화,Deception and polarisation from false information,"언어 모델이 오도성 있거나 허위인 정보를 예측·제시하여 이용자에게 잘못된 믿음을 심는 기만이 발생하고, 개인의 자율성이 위협되며 근거 없는 기존 견해에 대한 확신이 커져 양극화가 심화되는 리스크.","The risk that language models predict misleading or false information that misinforms or deceives people and instils false beliefs, threatening personal autonomy and increasing confidence in previously held unsubstantiated opinions, thereby increasing polarisation.","언어모델이 오도성 있거나 허위인 정보를 예 측·제시하여 이용자에게 잘못된 믿음을 심는 기만이 발생하고, 개인의 자율성이 위협되며 근거 없는 기존 견해에 대한 확신이 커져 양극 화가 심화되는 리스크","The risk that language models predict misleading or false information that misinforms or deceives people and instils false beliefs, threatening personal autonomy and increasing confidence in previously held unsubstantiated opinions, thereby increasing polarisation.",False,False,,,,,,General,SRC-G-0031,RAI4-0844,REWRITE_KEEP|PEER_REVIEW,Peer-review spacing restoration,L3_MASTER|NIST_AI_RMF|OECD_AI_PRINCIPLES|KOREA_AI_BASIC_ACT,,General,SOURCE_DOMAIN,G_SYS_MISINFO,0.749565,L3_MASTER_VALIDATED
RAI4-1057,,,대규모 허위정보 생산·확산 장벽 저하,Lowered barriers to large-scale disinformation production and dissemination,"AI가 합성 미디어와 허위 뉴스를 저비용으로 대량 생산하고 사실·의견·허구의 구분을 어렵게하여, 허위 정보의 제작·맞춤화·확산 규모와 속도를 확대하는 리스크.","The risk that AI cheaply produces synthetic media and false news at scale, blurs distinctions among fact, opinion, and fiction, and thereby expands the speed, scale, and targeting of disinformation production and dissemination.",LM이 합성 미디어와 가짜 뉴스 제작에 사용 되어 대규모 허위정보 생산 비용을 낮추는 리스크.,"The risk that LMs are used to create synthetic media and fake news, reducing the cost of producing diffuse disinformation at scale.",False,False,,,,"중복된 2개의 리스크 카드를 하나로 통합할 것. 대상은 RAI4-1057(허위정보 생산 비용 절감), RAI-1376 (대규모 허위정보 생성·확산 장벽 저하). 단, 2개의 리스크에 기술되어 있는 의미를 누락없이 반영하고, 기존의 다른 리스크들과 중복되지 않도록 간명하게 기술할것",,General,SRC-G-0032,RAI4-1057|RAI4-1376,MERGE_REPRESENTATIVE|REWRITE_KEEP|PEER_REVIEW,Peer-review spacing restoration,L3_MASTER|NIST_AI_RMF|OECD_AI_PRINCIPLES|KOREA_AI_BASIC_ACT,,General,SOURCE_DOMAIN,G_SYS_MISINFO,0.78257,L3_MASTER_VALIDATED
RAI4-1125,,,선거 제도와 절차에 관한 허위정보,False information about electoral systems and processes,AI 시스템 또는 AI 알고리즘의 설계·학습·배포·사용 과정이 응답이 투표 시간·장소·방식을 포함한 선거 제도와 절차에 대해 사실과 다르거나 오해를 부르는 정보를 담는 리스크. 유권자는 권리 행사를 방해 받거나 잘못된 안내에 따라 행동하게 되고 선거 과정에 대한 신뢰가 약화되는 리스크.,"The risk that the design, training, deployment, or use of an AI system or AI algorithm creates a condition in which responses contain factually incorrect or misleading information about electoral systems and processes, including the time, place, and manner of voting. Voters are obstructed or misled in exercising their rights and trust in the integrity of electoral processes is undermined.",응답이 투표 시간·장소·방식을 포함한 선거 제 도와 절차에 대해 사실과 다르거나 오해를 부 르는 정보를 담는 리스크. 유권자는 권리 행사 를 방해받거나 잘못된 안내에 따라 행동하게 되고 선거 과정에 대한 신뢰가 약화된다.,"The risk that responses contain factually incorrect or misleading information about electoral systems and processes, including the time, place, and manner of voting. Voters are obstructed or misled in exercising their rights and trust in the integrity of electoral processes is undermined.",False,False,,,,,,General,SRC-G-0033,RAI4-1125,REWRITE_KEEP|PEER_REVIEW|L3_AI_GROUNDING,"Bilingual definition grounded in an explicit AI technology, causal mechanism, and immutable L3 scope",L3_MASTER|NIST_AI_RMF|OECD_AI_PRINCIPLES|KOREA_AI_BASIC_ACT|L3_MASTER,,General,SOURCE_DOMAIN,G_SYS_MISINFO,0.777105,L3_MASTER_AI_REWRITE
RAI4-1630,,,데이터 오해석·유출에 의한 오결론과 민감정보 확산,Erroneous conclusions and sensitiveinformation disclosure from data misinterpretation and leakage,"AI 시스템 또는 AI 알고리즘의 설계·학습·배포·사용 과정이 데이터가 오용·오 해석되거나 유출되어 잘못된 결론이 도출되고 환자 데이터·독점 연구 등 민감 정보가 의도치 않게 확산되며, 생성된 악성 의학 문헌이 지식 그래프를 오염시키는 리스크.","The risk that the design, training, deployment, or use of an AI system or AI algorithm creates a condition in which misuse, misinterpretation, or leakage of data yields erroneous conclusions and unintended dissemination of sensitive information such as private patient data or proprietary research, including poisoning of knowledge graphs by generated malicious medical literature.","데이터가 오용·오해석되거나 유출되어 잘못된 결론이 도출되고 환자 데이터·독점 연구 등 민감 정보가 의도치 않게 확산되며, 생성된 악 성 의학 문헌이 지식 그래프를 오염시키는 리스크.","The risk that misuse, misinterpretation, or leakage of data yields erroneous conclusions and unintended dissemination of sensitive information such as private patient data or proprietary research, including poisoning of knowledge graphs by generated malicious medical literature.",False,False,,,,,,General,SRC-G-0036,RAI4-1630,REWRITE_KEEP|PEER_REVIEW|L3_AI_GROUNDING,"Bilingual definition grounded in an explicit AI technology, causal mechanism, and immutable L3 scope",L3_MASTER|NIST_AI_RMF|OECD_AI_PRINCIPLES|KOREA_AI_BASIC_ACT|L3_MASTER,,General,SOURCE_DOMAIN,G_SYS_MISINFO,0.71856,L3_MASTER_AI_REWRITE
RAI4-0363,,,소수·복수 가치의 소거와 규범적 획일화,Erasure of minority and plural values through normative homogenization,"AI의 데이터 큐레이션, 평가, 정렬 또는 배포 과정에서 소수자와 과소 대표 집단의 가치가 지배적·다수자 규범으로 축소되거나 배제되어 가치의 다양성이 소거되는 리스크.","The risk that the design, training, deployment, or use of an AI system or AI algorithm creates a condition in which data curation, evaluation, alignment, or deployment reduces or excludes the values of minority and under-represented groups in favour of dominant or majority norms, erasing value pluralism.","소수자·주변화·과소대표 집단의 가치가 학습 데이터 구성, 평가, 정렬, 배포 결정 과정에서 체계적으로 소거되어 모델 행동이 지배적 가 치 분포만 반영하게되는 리스크","Values held by minority, marginalized, or underrepresented groups are systematically erased during training data curation, evaluation, alignment, or deployment decisions, so model behavior reflects only dominant value distributions.",False,False,,,1,"중복된 RAI4-0363과 RAI4-0474(복수 가치의 규범적 평면화)를 통합할 것. ""소수·복수 가치가 지배 규범""과 관련된 리스크들을 통합하여 하나의 리스크 카드로 생성할 것. 단, 리스크 카드에 기술된 내용이 누락되지 않도록할 것. || 중복: RAI4-0363(소수 가치 소거)와 주제 중복",,General,SRC-G-0037,RAI4-0363|RAI4-0474,MERGE_REPRESENTATIVE|REWRITE_KEEP|PEER_REVIEW|L3_AI_GROUNDING,"Bilingual definition grounded in an explicit AI technology, causal mechanism, and immutable L3 scope",L3_MASTER|NIST_AI_RMF|OECD_AI_PRINCIPLES|KOREA_AI_BASIC_ACT|L3_MASTER,,General,SOURCE_DOMAIN,G_INT_VALUE,0.802739,L3_MASTER_AI_REWRITE
RAI4-0373,,,문화 간 고정관념 전이,Cross-cultural stereotype transfer,AI 시스템 또는 AI 알고리즘의 설계·학습·배포·사용 과정이 한 문화적 맥락에서 학습된 고정관념이 다른 집단·언어·환경에 대한 출력으로 전이되는 리스크.,"The risk that the design, training, deployment, or use of an AI system or AI algorithm creates a condition in which stereotypes learned in one cultural context are transferred into outputs about another group, language, or setting.",한 문화적 맥락에서 학습된 고정관념이 다른 집단·언어·환경에 대한 출력으로 전이되는 리스크.,"The risk that stereotypes learned in one cultural context are transferred into outputs about another group, language, or setting.",False,False,,,,,,General,SRC-G-0038,RAI4-0373,REWRITE_KEEP|PEER_REVIEW|L3_AI_GROUNDING,"Bilingual definition grounded in an explicit AI technology, causal mechanism, and immutable L3 scope",L3_MASTER|NIST_AI_RMF|OECD_AI_PRINCIPLES|KOREA_AI_BASIC_ACT|L3_MASTER,,General,SOURCE_DOMAIN,G_INT_REPR,0.678283,L3_MASTER_AI_REWRITE
RAI4-0374,,,문화적 맥락 붕괴,Cultural context collapse,문화 특수적 의미와 관행이 모델 처리 과정에서 일반 범주로 붕괴되어 지역적 뉘앙스와 사회적 의미가 소실되는 리스크.,"The risk that culturally specific meanings and practices are collapsed into generic categories during model processing, losing local nuance and social significance.",문화 특수적 의미와 관행이 모델 처리 과정에 서 일반 범주로 붕괴되어 지역적 뉘앙스와 사 회적 의미가 소실되는 리스크,"Culturally specific meanings and practices are collapsed into generic categories during model processing, losing local nuance and social significance.",False,False,,,,,,General,SRC-G-0039,RAI4-0374,REWRITE_KEEP|PEER_REVIEW,Peer-review spacing restoration,L3_MASTER|NIST_AI_RMF|OECD_AI_PRINCIPLES|KOREA_AI_BASIC_ACT,,General,SOURCE_DOMAIN,G_SYS_CONTEXT,0.703288,L3_MASTER_VALIDATED
RAI4-0379,,,문화 간 평가 격차,Cross-cultural evaluation gap,AI 시스템 또는 AI 알고리즘의 설계·학습·배포·사용 과정이 평가 벤치마크가 지배적인 문화·언어 환경 밖의 정렬 실패를 과소 측정하는 리스크.,"The risk that the design, training, deployment, or use of an AI system or AI algorithm creates a condition in which evaluation benchmarks under-measure alignment failures outside dominant cultural and linguistic settings.",평가 벤치마크가 지배적인 문화·언어 환경 밖 의 정렬 실패를 과소 측정하는 리스크.,The risk that evaluation benchmarks under-measure alignment failures outside dominant cultural and linguistic settings.,False,False,,,,,,General,SRC-G-0040,RAI4-0379,REWRITE_KEEP|PEER_REVIEW|L3_AI_GROUNDING,"Bilingual definition grounded in an explicit AI technology, causal mechanism, and immutable L3 scope",L3_MASTER|NIST_AI_RMF|OECD_AI_PRINCIPLES|KOREA_AI_BASIC_ACT|L3_MASTER,,General,SOURCE_DOMAIN,G_SYS_EVAL,0.672716,L3_MASTER_AI_REWRITE
RAI4-0380,,,저자원 언어 가치 손실,Low-resource language value loss,모델 훈련과 평가가 고자원 언어에 집중되어 저자원 언어 사용자가 가치 뉘앙스·안전 적용 범위·사회적 의미를 잃는 리스크.,"The risk that low-resource language users lose value nuance, safety coverage, or social meaning because model training and evaluation are concentrated in highresource languages.",모델 훈련과 평가가 고자원 언어에 집중되어 저자원 언어 사용자가 가치 뉘앙스·안전 적용 범위·사회적 의미를 잃는 리스크.,"The risk that low-resource language users lose value nuance, safety coverage, or social meaning because model training and evaluation are concentrated in highresource languages.",False,False,,,,,,General,SRC-G-0041,RAI4-0380,REWRITE_KEEP|PEER_REVIEW,Peer-review spacing restoration,L3_MASTER|NIST_AI_RMF|OECD_AI_PRINCIPLES|KOREA_AI_BASIC_ACT,,General,SOURCE_DOMAIN,G_SYS_CONTEXT,0.668149,L3_MASTER_VALIDATED
RAI4-0382,,,방언·언어 사용역 배제,Dialect and register exclusion,AI 시스템 또는 AI 알고리즘의 설계·학습·배포·사용 과정이 방언·사회어·존댓말 체계·언어 사용 역이 오류로 처리되어 해당 공동체의 안전성과 유용성이 저하되는 리스크.,"The risk that the design, training, deployment, or use of an AI system or AI algorithm creates a condition in which dialects, sociolects, honorific systems, or registers are treated as errors, reducing safety and usability for affected communities.",방언·사회어·존댓말 체계·언어 사용역이 오류 로 처리되어 해당 공동체의 안전성과 유용성 이 저하되는 리스크.,"The risk that dialects, sociolects, honorific systems, or registers are treated as errors, reducing safety and usability for affected communities.",False,False,,,,,,General,SRC-G-0042,RAI4-0382,REWRITE_KEEP|PEER_REVIEW|L3_AI_GROUNDING,"Bilingual definition grounded in an explicit AI technology, causal mechanism, and immutable L3 scope",L3_MASTER|NIST_AI_RMF|OECD_AI_PRINCIPLES|KOREA_AI_BASIC_ACT|L3_MASTER,,General,SOURCE_DOMAIN,G_SYS_OREF,0.681661,L3_MASTER_AI_REWRITE
RAI4-0389,,,지식 체계 배제,Knowledge-system marginalization,토착·지역·종교·관행 기반 지식 체계가 모델 출력과 평가에서 배제되는 리스크.,"The risk that indigenous, local, religious, or practice-based knowledge systems are excluded from model outputs and evaluations.",토착·지역·종교·관행 기반 지식 체계가 모델 출력과 평가에서 배제되는 리스크.,"The risk that indigenous, local, religious, or practice-based knowledge systems are excluded from model outputs and evaluations.",False,False,,,,,,General,SRC-G-0043,RAI4-0389,REWRITE_KEEP|PEER_REVIEW,Peer-review spacing restoration,L3_MASTER|NIST_AI_RMF|OECD_AI_PRINCIPLES|KOREA_AI_BASIC_ACT,,General,SOURCE_DOMAIN,G_SOC_CULT,0.663005,L3_MASTER_VALIDATED
RAI4-0404,,,데이터세트 문화 샘플링 편향,Dataset cultural sampling bias,AI 시스템 또는 AI 알고리즘의 설계·학습·배포·사용 과정이 훈련 또는 평가 데이터 세트가 지배적인 문화 환경을 과다 표집하고 지역의 사회적 의미를 과소 대표하는 리스크.,"The risk that an AI system or AI algorithm, through design, training, deployment, or use, creates a condition in which training or evaluation datasets oversample dominant cultural settings and underrepresent local social meanings.",훈련 또는 평가 데이터세트가 지배적인 문화 환경을 과다 표집하고 지역의 사회적 의미를 과소 대표하는 리스크.,The risk that training or evaluation datasets oversample dominant cultural settings and underrepresent local social meanings.,False,False,,,,,,General,SRC-G-0044,RAI4-0404,REWRITE_KEEP|PEER_REVIEW|L3_AI_GROUNDING,"Bilingual definition grounded in an explicit AI technology, causal mechanism, and immutable L3 scope",L3_MASTER|NIST_AI_RMF|OECD_AI_PRINCIPLES|KOREA_AI_BASIC_ACT|L3_MASTER,,General,SOURCE_DOMAIN,G_INT_VALUE,0.687527,L3_MASTER_AI_REWRITE
RAI4-0414,,,글로벌 벤치마크 단일문화,Global benchmark monoculture,AI 시스템 또는 AI 알고리즘의 설계·학습·배포·사용 과정이 소수의 글로벌 벤치마크가 지역의 문화·제도적 기준을 배제한 채 성공적 정렬을 정의하는 리스크.,"The risk that the design, training, deployment, or use of an AI system or AI algorithm creates a condition in which a small set of global benchmarks defines successful alignment while excluding local cultural and institutional criteria.",소수의 글로벌 벤치마크가 지역의 문화·제도 적 기준을 배제한 채 성공적 정렬을 정의하는 리스크.,The risk that a small set of global benchmarks defines successful alignment while excluding local cultural and institutional criteria.,False,False,,,,,,General,SRC-G-0045,RAI4-0414,REWRITE_KEEP|PEER_REVIEW|L3_AI_GROUNDING,"Bilingual definition grounded in an explicit AI technology, causal mechanism, and immutable L3 scope",L3_MASTER|NIST_AI_RMF|OECD_AI_PRINCIPLES|KOREA_AI_BASIC_ACT|L3_MASTER,,General,SOURCE_DOMAIN,G_INT_VALUE,0.650729,L3_MASTER_AI_REWRITE
RAI4-0699,,,학습 데이터에 내재된 역사적·인구학적 편향,Historical and demographic bias embedded in training data,역사적·사회적 편향과 고정관념적 내용을 담고 특정 정체성과 서구·영어권 인구를 과대 표집한 코퍼스가 사전 학습과 미세 조정에 사용되어 모델이 그 편향을 학습하는 리스크. 그 결과 인종·성별·문화·연령·장애에 걸쳐 편향된 출력이 산출되어 의료·채용·대출 등 고위험 영역에서 과소 대표 집단이 피해를 입는다로 인해 구체적인 위해가 발생하는 리스크.,"The risk that corpora carrying historical and societal bias, stereotypical content, and an overrepresentation of Western and English-speaking populations are used to pretrain and fine-tune models, which absorb those patterns. Outputs then show bias across race, gender, culture, age, and disability, harming underrepresented users in high-stakes domains such as healthcare, hiring, and lending.",역사적·사회적 편향과 고정관념적 내용을 담 고 특정 정체성과 서구·영어권 인구를 과대표 집한 코퍼스가 사전학습과 미세조정에 사용 되어 모델이 그 편향을 학습하는 리스크. 그 결과 인종·성별·문화·연령·장애에 걸쳐 편향된 출력이 산출되어 의료·채용·대출 등 고위험 영 역에서 과소대표 집단이 피해를 입는다.,"The risk that corpora carrying historical and societal bias, stereotypical content, and an overrepresentation of Western and English-speaking populations are used to pretrain and fine-tune models, which absorb those patterns. Outputs then show bias across race, gender, culture, age, and disability, harming underrepresented users in high-stakes domains such as healthcare, hiring, and lending.",False,False,,,1,"중복: RAI4-1046(집단별 성능 격차·고정관념 인코딩)·RAI4-1107(집단 재현 불균형)와 ""학습데이터 인구편향",,General,SRC-G-0046,RAI4-0699,REWRITE_KEEP|PEER_REVIEW,분량 초과: L3 수준 1문장으로 축약 필요,L3_MASTER|NIST_AI_RMF|OECD_AI_PRINCIPLES|KOREA_AI_BASIC_ACT,,General,SOURCE_DOMAIN,G_INT_REPR,0.694567,L3_MASTER_VALIDATED
RAI4-1046,,,집단별 성능 격차·고정관념 인코딩,Demographic performance disparity and stereotype encoding,AI 시스템 또는 AI 알고리즘의 설계·학습·배포·사용 과정이 ML 시스템이 일부 인구 통계·사회 집단의 고정관념을 인코딩하거나 그 집단에 대해 불균형적으로 낮은 성능을 보이는 리스크.,"The risk that the design, training, deployment, or use of an AI system or AI algorithm creates a condition in which an ML system encodes stereotypes of, or performs disproportionately poorly for, some demographic or social groups.",ML 시스템이 일부 인구통계·사회 집단의 고 정관념을 인코딩하거나 그 집단에 대해 불균 형적으로 낮은 성능을 보이는 리스크.,"The risk that an ML system encodes stereotypes of, or performs disproportionately poorly for, some demographic or social groups.",False,False,,,1,중복: RAI4-0699·RAI4-1107과 학습데이터 인구편향,,General,SRC-G-0047,RAI4-1046,REWRITE_KEEP|PEER_REVIEW|L3_AI_GROUNDING,"Bilingual definition grounded in an explicit AI technology, causal mechanism, and immutable L3 scope",L3_MASTER|NIST_AI_RMF|OECD_AI_PRINCIPLES|KOREA_AI_BASIC_ACT|L3_MASTER,,General,SOURCE_DOMAIN,G_INT_REPR,0.693504,L3_MASTER_AI_REWRITE
RAI4-1107,,,데이터와 산출물에서의 집단 재현 불균형,Imbalanced representation of groups in data and outputs,"특정 집단이나 요소가 학습 데이터에서 과대 대표되거나 생성 텍스트에서 언급 비율에 격차가 생기고, 현상 특성화에 중요한 변수는 제대로 포착되지 않는 리스크. 그 결과 과소 대표된 집단은 잘못 특성화되거나 아예 지워지며, 이러한 데이터로 학습된 모델은 그들에게 제대로 기능하지 못하는 리스크.","The risk that certain groups or elements are over-weighted in training data or mentioned at disparate rates in generated text, while variables crucial to characterizing the phenomenon of interest are not properly captured. Underrepresented groups are mischaracterized or erased altogether, and models built on such data serve them poorly.","특정 집단이나 요소가 학습 데이터에서 과대 대표되거나 생성 텍스트에서 언급 비율에 격 차가 생기고, 현상 특성화에 중요한 변수는 제 대로 포착되지 않는 리스크. 그 결과 과소 대 표된 집단은 잘못 특성화되거나 아예 지워지 며, 이러한 데이터로 학습된 모델은 그들에게 제대로 기능하지 못한다.","The risk that certain groups or elements are over-weighted in training data or mentioned at disparate rates in generated text, while variables crucial to characterizing the phenomenon of interest are not properly captured. Underrepresented groups are mischaracterized or erased altogether, and models built on such data serve them poorly.",False,False,,,1,중복: RAI4-0699·RAI4-1046과 학습데이터 인구편향 주제 중복,,General,SRC-G-0048,RAI4-1107,REWRITE_KEEP|PEER_REVIEW,분량 초과: L3 수준 1문장으로 축약 필요,L3_MASTER|NIST_AI_RMF|OECD_AI_PRINCIPLES|KOREA_AI_BASIC_ACT,,General,SOURCE_DOMAIN,G_INT_REPR,0.695462,L3_MASTER_VALIDATED
RAI4-1145,,,맥락적 사회 규범 위반,Violation of contextual social norms,"AI 시스템 또는 AI 알고리즘의 설계·학습·배포·사용 과정이 인터넷 텍스트로 학습한 LLM의 가중치가, 특정 맥락에 배포될 경우 그 맥락의 정보 공유 규범에서 이탈해 이를 위반하는 기능을 인코딩하는 리스크.","The risk that model weights of LLMs trained on internet text data encode functions which, if deployed in particular contexts, deviate from and violate the information-sharing norms of that context.","인터넷 텍스트로 학습한 LLM의 가중치가, 특 정 맥락에 배포될 경우 그 맥락의 정보 공유 규범에서 이탈해 이를 위반하는 기능을 인코 딩하는 리스크.","The risk that model weights of LLMs trained on internet text data encode functions which, if deployed in particular contexts, deviate from and violate the information-sharing norms of that context.",False,False,,,,,,General,SRC-G-0049,RAI4-1145,REWRITE_KEEP|PEER_REVIEW|L3_AI_GROUNDING,"Bilingual definition grounded in an explicit AI technology, causal mechanism, and immutable L3 scope",L3_MASTER|NIST_AI_RMF|OECD_AI_PRINCIPLES|KOREA_AI_BASIC_ACT|L3_MASTER,,General,SOURCE_DOMAIN,G_SYS_CONTEXT,0.696187,L3_MASTER_AI_REWRITE
RAI4-1668,,,사전학습 코퍼스 불일치에 의한 가치 어긋남,Value mismatch from divergence between pretraining corpora and societal values,"AI 시스템 또는 AI 알고리즘의 설계·학습·배포·사용 과정이 사전 학습 코퍼스의 분포가 인간 사회의 분포와 정확히 일치하지 않고 지식이 균등하게 학습되지 않아, LLM 기반 시스템에서 인간 가치와 어긋난 판단이 발생하고 고위험 영역에서 심각한 문제가 초래되는 리스크.","The risk that an AI system or AI algorithm, through design, training, deployment, or use, creates a condition in which pretraining corpora do not match the distribution of human society and knowledge is not equally learned, producing value mismatches in LLM-empowered systems and severe value-related problems in high-stakes areas.","사전학습 코퍼스의 분포가 인간 사회의 분포 와 정확히 일치하지 않고 지식이 균등하게 학 습되지 않아, LLM 기반 시스템에서 인간 가치 와 어긋난 판단이 발생하고 고위험 영역에서 심각한 문제가 초래되는 리스크.","The risk that pretraining corpora do not match the distribution of human society and knowledge is not equally learned, producing value mismatches in LLMempowered systems and severe valuerelated problems in high-stakes areas.",False,False,,,,,,General,SRC-G-0050,RAI4-1668,REWRITE_KEEP|PEER_REVIEW|L3_AI_GROUNDING,"Bilingual definition grounded in an explicit AI technology, causal mechanism, and immutable L3 scope",L3_MASTER|NIST_AI_RMF|OECD_AI_PRINCIPLES|KOREA_AI_BASIC_ACT|L3_MASTER,,General,SOURCE_DOMAIN,G_SYS_INCONS,0.64526,L3_MASTER_AI_REWRITE
RAI4-0070,,,사고 분류 단편화,Incident taxonomy fragmentation,"AI 시스템 또는 AI 알고리즘의 설계·학습·배포·사용 과정이 사고 범주가 일관되지 않아 집계, 비교, 제도적 학습이 이루어지지 못하는 리스크.","The risk that the design, training, deployment, or use of an AI system or AI algorithm creates a condition in which inconsistent incident categories prevent aggregation, comparison, and institutional learning.","사고 범주가 일관되지 않아 집계, 비교, 제도 적 학습이 이루어지지 못하는 리스크.","The risk that inconsistent incident categories prevent aggregation, comparison, and institutional learning.",False,False,,,,,,General,SRC-G-0051,RAI4-0070,REWRITE_KEEP|PEER_REVIEW|L3_AI_GROUNDING,"Bilingual definition grounded in an explicit AI technology, causal mechanism, and immutable L3 scope",L3_MASTER|NIST_AI_RMF|OECD_AI_PRINCIPLES|KOREA_AI_BASIC_ACT|L3_MASTER,,General,SOURCE_DOMAIN,G_SYS_INCONS,0.695379,L3_MASTER_AI_REWRITE
RAI4-0418,,,주석 불일치 억제,Annotation disagreement suppression,AI 시스템 또는 AI 알고리즘의 설계·학습·배포·사용 과정이 주석자 간 불일치가 단일 레이블로 축소되어 복수의 가치와 사회적으로 유의미한 이견이 은폐되는 리스크.,"The risk that an AI system or AI algorithm, through design, training, deployment, or use, creates a condition in which disagreement among annotators is collapsed into a single label, hiding plural values and socially meaningful disagreement.",주석자 간 불일치가 단일 레이블로 축소되어 복수의 가치와 사회적으로 유의미한 이견이 은폐되는 리스크.,"The risk that disagreement among annotators is collapsed into a single label, hiding plural values and socially meaningful disagreement.",False,False,,,,,,General,SRC-G-0052,RAI4-0418,REWRITE_KEEP|PEER_REVIEW|L3_AI_GROUNDING,"Bilingual definition grounded in an explicit AI technology, causal mechanism, and immutable L3 scope",L3_MASTER|NIST_AI_RMF|OECD_AI_PRINCIPLES|KOREA_AI_BASIC_ACT|L3_MASTER,,General,SOURCE_DOMAIN,G_SYS_INCONS,0.639307,L3_MASTER_AI_REWRITE
RAI4-0708,,,언어·인구 집단 간 성능 격차,Performance disparity across language and demographic groups,"AI 시스템 또는 AI 알고리즘의 설계·학습·배포·사용 과정이 학습 데이터와 라벨 데이터가 일부 자원이 풍부한 집단에 편중되어, 질의응답이나 사실 확인 등 과업의 성능이 언어·인종·사회적 지위 집단에 따라 크게 달라지는 리스크. 그 결과 소외 집단 이용자는 체계적으로 낮은 품질의 서비스를 받고 더 높은 오류율을 감수하게되는 리스크.","The risk that model quality on tasks such as question answering and fact checking varies sharply across languages, races, and social groups because training and labelled data are concentrated in a few well-resourced populations. Users in underserved groups receive systematically inferior service and bear a higher rate of errors.","학습 데이터와 라벨 데이터가 일부 자원이 풍 부한 집단에 편중되어, 질의응답이나 사실확 인 등 과업의 성능이 언어·인종·사회적 지위 집단에 따라 크게 달라지는 리스크. 그 결과 소외 집단 이용자는 체계적으로 낮은 품질의 서비스를 받고 더 높은 오류율을 감수하게된 다.","The risk that model quality on tasks such as question answering and fact checking varies sharply across languages, races, and social groups because training and labelled data are concentrated in a few well-resourced populations. Users in underserved groups receive systematically inferior service and bear a higher rate of errors.",False,False,,,1,중복: RAI4-0716(집단 속성에 따른 배분적 불의) 및 0699/1046/1107(인구편향)과 중첩,,General,SRC-G-0053,RAI4-0708,REWRITE_KEEP|PEER_REVIEW|L3_AI_GROUNDING,"Bilingual definition grounded in an explicit AI technology, causal mechanism, and immutable L3 scope",L3_MASTER|NIST_AI_RMF|OECD_AI_PRINCIPLES|KOREA_AI_BASIC_ACT|L3_MASTER,,General,SOURCE_DOMAIN,G_INT_ALLOC,0.702345,L3_MASTER_AI_REWRITE
RAI4-0716,,,집단 속성에 따른 배분적 불의,Allocative injustice by group attribute,"AI 시스템 또는 AI 알고리즘의 설계·학습·배포·사용 과정이 LLM이 관련 프로필이 동일하나 소속 집단이 다른 개인들에 대해 실질적으로 다른 텍스트나 제안을 산출하여, 무관한 집단 속성에 따른 배분적 불의가 발생하는 리스크.","The risk that an AI system or AI algorithm, through design, training, deployment, or use, creates a condition in which an LLM produces materially different suggested or completed texts for individuals with the same relevant profiles who differ only in an irrelevant group attribute, resulting in allocative injustice.","LLM이 관련 프로필이 동일하나 소속 집단이 다른 개인들에 대해 실질적으로 다른 텍스트 나 제안을 산출하여, 무관한 집단 속성에 따른 배분적 불의가 발생하는 리스크","The risk that an LLM produces materially different suggested or completed texts for individuals with the same relevant profiles who differ only in an irrelevant group attribute, resulting in allocative injustice.",False,False,,,1,"중복: RAI4-0708(언어·인구 집단 간 성능 격차)와 ""무관한 집단속성에 따른 차등 처리""",,General,SRC-G-0054,RAI4-0716,REWRITE_KEEP|PEER_REVIEW|L3_AI_GROUNDING,"Bilingual definition grounded in an explicit AI technology, causal mechanism, and immutable L3 scope",L3_MASTER|NIST_AI_RMF|OECD_AI_PRINCIPLES|KOREA_AI_BASIC_ACT|L3_MASTER,,General,SOURCE_DOMAIN,G_INT_ALLOC,0.736695,L3_MASTER_AI_REWRITE
RAI4-0821,,,지식 분포 변화에 따른 응답 노후화,Answer obsolescence from knowledge distribution shift,"AI 시스템 또는 AI 알고리즘의 설계·학습·배포·사용 과정이 LLM이 학습한 지식 기반이 시간에 따라 계속 변화함에도 이를 반영하지 못해, 갱신이 필요한 사실 질문에 낡고 부정확한 답변을 제시하는 리스크.","The risk that knowledge bases on which LLMs were trained continue to shift while the model does not update, producing outdated and incorrect answers to questions whose correct answers change over time.","LLM이 학습한 지식 기반이 시간에 따라 계속 변화함에도 이를 반영하지 못해, 갱신이 필요 한 사실 질문에 낡고 부정확한 답변을 제시하 는 리스크","The risk that knowledge bases on which LLMs were trained continue to shift while the model does not update, producing outdated and incorrect answers to questions whose correct answers change over time.",False,False,,,,,,General,SRC-G-0055,RAI4-0821,REWRITE_KEEP|PEER_REVIEW|L3_AI_GROUNDING,"Bilingual definition grounded in an explicit AI technology, causal mechanism, and immutable L3 scope",L3_MASTER|NIST_AI_RMF|OECD_AI_PRINCIPLES|KOREA_AI_BASIC_ACT|L3_MASTER,,General,SOURCE_DOMAIN,G_SYS_INCONS,0.647881,L3_MASTER_AI_REWRITE
RAI4-0822,,,맥락 일관성 추구에 의한 아첨과 환각 증폭,Sycophancy and hallucination from context consistency,AI 시스템 또는 AI 알고리즘의 설계·학습·배포·사용 과정이 LLM이 문맥의 일관성을 추구하여 앞선 접두 문맥이나 이용자 의견에 담긴 허위 정보를 사실보다 우선시하고 이를 반복함으로써 아첨성 응답과 환각이 눈덩이처럼 증폭되는 리스크.,"The risk that an AI system or AI algorithm, through design, training, deployment, or use, creates a condition in which an LLM's tendency to pursue consistent context leads it to prioritize and reiterate false information contained in prefixes or user-provided opinions over facts, amplifying sycophantic responses and snowballing hallucinations.",LLM이 문맥의 일관성을 추구하여 앞선 접두 문맥이나 이용자 의견에 담긴 허위정보를 사 실보다 우선시하고 이를 반복함으로써 아첨 성 응답과 환각이 눈덩이처럼 증폭되는 리스크,"The risk that an LLM's tendency to pursue consistent context leads it to prioritize and reiterate false information contained in prefixes or user-provided opinions over facts, amplifying sycophantic responses and snowballing hallucinations.",False,False,,,,,,General,SRC-G-0056,RAI4-0822,REWRITE_KEEP|PEER_REVIEW|L3_AI_GROUNDING,"Bilingual definition grounded in an explicit AI technology, causal mechanism, and immutable L3 scope",L3_MASTER|NIST_AI_RMF|OECD_AI_PRINCIPLES|KOREA_AI_BASIC_ACT|L3_MASTER,,General,SOURCE_DOMAIN,G_SYS_INCONS,0.683232,L3_MASTER_AI_REWRITE
RAI4-0938,,,사회적 가치·윤리 규범과 상충하는 모델 출력,Model outputs conflicting with societal ethical values,"언어 모델이 옳고 그름의 판단, 사회 규범 및 법률과의 관계 등 보편적으로 받아들여지는 사회적 가치를 충분히 반영하지 못하고 이에 어긋나는 출력을 내는 리스크.",The risk that language models insufficiently attend to universally accepted societal values—including judgements of right and wrong and their relation to social norms and laws— producing outputs at odds with ethics and morality.,"언어모델이 옳고 그름의 판단, 사회규범 및 법 률과의 관계 등 보편적으로 받아들여지는 사 회적 가치를 충분히 반영하지 못하고 이에 어 긋나는 출력을 내는 리스크.",The risk that language models insufficiently attend to universally accepted societal values—including judgements of right and wrong and their relation to social norms and laws— producing outputs at odds with ethics and morality.,False,False,,,,,,General,SRC-G-0057,RAI4-0938,REWRITE_KEEP|PEER_REVIEW,Peer-review spacing restoration,L3_MASTER|NIST_AI_RMF|OECD_AI_PRINCIPLES|KOREA_AI_BASIC_ACT,,General,SOURCE_DOMAIN,G_INT_VALUE,0.673303,L3_MASTER_VALIDATED
RAI4-0952,,,글쓰기 능력 저하와 학술 문헌 오염,Writing skill erosion and scientific literature pollution,"AI 시스템 또는 AI 알고리즘의 설계·학습·배포·사용 과정이 LLM 사용이 문체의 획일화와 개인적 표현의 억압 등 글쓰기 능력을 저해하고, 저품질 생성 원고의 범람으로 학술적 진실성과 과학 문헌이 오염되는 리스크.","The risk that an AI system or AI algorithm, through design, training, deployment, or use, creates a condition in which LLM use erodes writing skills through homogenization of styles and stifling of individual expression, and that a flood of low-quality generated manuscripts pollutes the scientific literature and undermines academic integrity.","LLM 사용이 문체의 획일화와 개인적 표현의 억압 등 글쓰기 능력을 저해하고, 저품질 생성 원고의 범람으로 학술적 진실성과 과학 문헌 이 오염되는 리스크.","The risk that LLM use erodes writing skills through homogenization of styles and stifling of individual expression, and that a flood of low-quality generated manuscripts pollutes the scientific literature and undermines academic integrity.",False,False,,,,,,General,SRC-G-0058,RAI4-0952,REWRITE_KEEP|PEER_REVIEW|L3_AI_GROUNDING,"Bilingual definition grounded in an explicit AI technology, causal mechanism, and immutable L3 scope",L3_MASTER|NIST_AI_RMF|OECD_AI_PRINCIPLES|KOREA_AI_BASIC_ACT|L3_MASTER,,General,SOURCE_DOMAIN,G_SOC_CULT,0.691659,L3_MASTER_AI_REWRITE
RAI4-1041,,,분포 외 입력에 대한 고신뢰 오작동,High-confidence failure on out-of-distribution inputs,"AI가 학습 분포를 벗어난 입력, 손상된 입력 또는 잡음이 큰 입력을 적절히 탐지·거부·복구하지 못하고 높은 확신으로 잘못된 예측이나 행동을 산출하는 리스크.","The risk that AI fails to detect, reject, or recover from out-of-distribution, corrupted, or noisy inputs and produces incorrect predictions or actions with unwarranted confidence.",유효하지 않거나 잡음이 많거나 분포 외 (OOD)인 입력을 만났을 때 시스템이 실패하 거나 복구하지 못하는 리스크.,"The risk that the system fails or is unable to recover upon encountering invalid, noisy, or out-of-distribution inputs.",False,False,,,,"중복: RAI4-1041(분포 외 입력 취약성, Inconsistency 그룹)와 ""OOD 입력에 높은 신뢰도로 오작동""통합 권고.",,General,SRC-G-0059,RAI4-1041|RAI4-1109,MERGE_REPRESENTATIVE|REWRITE_KEEP|PEER_REVIEW,Peer-review spacing restoration,L3_MASTER|NIST_AI_RMF|OECD_AI_PRINCIPLES|KOREA_AI_BASIC_ACT,,General,SOURCE_DOMAIN,G_SYS_INPUT,0.748305,L3_MASTER_VALIDATED
RAI4-1187,,,출력 불일치,Output inconsistency,"모델이 서로 다른 사용자, 같은 사용자의 다른 세션, 심지어 같은 대화 안의 발화 사이에서도 동일하고 일관된 답변을 제공하지 못하는 리스크.","The risk that models fail to provide the same and consistent answers to different users, to the same user in different sessions, and even in chats within the same conversation.","모델이 서로 다른 사용자, 같은 사용자의 다른 세션, 심지어 같은 대화 안의 발화 사이에서도 동일하고 일관된 답변을 제공하지 못하는 리스크.","The risk that models fail to provide the same and consistent answers to different users, to the same user in different sessions, and even in chats within the same conversation.",False,False,,,,,,General,SRC-G-0060,RAI4-1187,REWRITE_KEEP|PEER_REVIEW,Peer-review spacing restoration,L3_MASTER|NIST_AI_RMF|OECD_AI_PRINCIPLES|KOREA_AI_BASIC_ACT,,General,SOURCE_DOMAIN,G_SYS_INCONS,0.778731,L3_MASTER_VALIDATED
RAI4-1228,,,프롬프트 품질 결함으로 인한 오류,Errors from poor prompt quality,"AI 시스템 또는 AI 알고리즘의 설계·학습·배포·사용 과정이 인간 언어의 모호성 때문에 프롬 프 트를 통한 인간과 기계의 상호 작용에서 오류와 오해가 발생하고, 프롬프트를디버깅하기 어려워 가치 있는 산출을 이끌어 내지 못하는 리스크.","The risk that an AI system or AI algorithm, through design, training, deployment, or use, creates a condition in which due to the ambiguity of human languages, interaction between humans and machines through prompts leads to errors or misunderstandings, and that prompts are hard to debug, so valuable outputs are not elicited.","인간 언어의 모호성 때문에 프롬프트를 통한 인간과 기계의 상호작용에서 오류와 오해가 발생하고, 프롬프트를 디버깅하기 어려워 가 치 있는 산출을 이끌어내지 못하는 리스크.","The risk that, due to the ambiguity of human languages, interaction between humans and machines through prompts leads to errors or misunderstandings, and that prompts are hard to debug, so valuable outputs are not elicited.",False,False,,,,,,General,SRC-G-0061,RAI4-1228,REWRITE_KEEP|PEER_REVIEW|L3_AI_GROUNDING,"Bilingual definition grounded in an explicit AI technology, causal mechanism, and immutable L3 scope",L3_MASTER|NIST_AI_RMF|OECD_AI_PRINCIPLES|KOREA_AI_BASIC_ACT|L3_MASTER,,General,SOURCE_DOMAIN,G_SYS_EVAL,0.695605,L3_MASTER_AI_REWRITE
RAI4-1509,,,벤치마크 오염에 의한 모델 평가 무효화,Benchmark contamination invalidating model evaluation,"AI 시스템 또는 AI 알고리즘의 설계·학습·배포·사용 과정이 벤치마크의 원시 데이터와 질문-답변쌍, 어노테이션레이블, 탐지를 피해 번역된 판본, 배포후 이용자가 입력한 평가 자료가 훈련에 유입되는 리스크. 평가 결과는 일반화가 아니라 암기를 반영하게 되어 해당 벤치마크가 측정하려던 역량에 대해 거짓 확신을 준다로 인해 구체적인 위해가 발생하는 리스크.","The risk that an AI system or AI algorithm, through design, training, deployment, or use, creates a condition in which benchmark material enters training as raw data, question-answer pairs, annotation labels, translated versions that evade detection methods, or user inputs collected after deployment. Evaluation results then reflect memorization rather than generalization, giving false assurance about the capabilities the benchmark was meant to measure.","벤치마크의 원시 데이터와 질문-답변 쌍, 어 노테이션 레이블, 탐지를 피해 번역된 판본, 배포 후 이용자가 입력한 평가 자료가 훈련에 유입되는 리스크. 평가 결과는 일반화가 아니 라 암기를 반영하게 되어 해당 벤치마크가 측 정하려던 역량에 대해 거짓 확신을 준다.","The risk that benchmark material enters training as raw data, question-answer pairs, annotation labels, translated versions that evade detection methods, or user inputs collected after deployment. Evaluation results then reflect memorization rather than generalization, giving false assurance about the capabilities the benchmark was meant to measure.",False,False,,,,,,General,SRC-G-0062,RAI4-1509,REWRITE_KEEP|PEER_REVIEW|L3_AI_GROUNDING,"Bilingual definition grounded in an explicit AI technology, causal mechanism, and immutable L3 scope",L3_MASTER|NIST_AI_RMF|OECD_AI_PRINCIPLES|KOREA_AI_BASIC_ACT|L3_MASTER,,General,SOURCE_DOMAIN,G_SYS_EVAL,0.698258,L3_MASTER_AI_REWRITE
RAI4-1515,,,사고연쇄와 불일치하는 모델 출력,Model outputs inconsistent with chain-ofthought reasoning,모델 출력의 이해를 돕기 위해 사용되는 사고 연쇄 추론이 모델이 제시하는 최종 답변과 일치하지 않아 충분한 투명성을 제공하지 못하는 리스크.,"The risk that chain-of-thought reasoning, employed to get a better understanding of a model's output by encouraging transparent reasoning in text form, is inconsistent with the final answer given by the model and therefore does not provide sufficient transparency.",모델 출력의 이해를 돕기 위해 사용되는 사고 연쇄 추론이 모델이 제시하는 최종 답변과 일 치하지 않아 충분한 투명성을 제공하지 못하 는 리스크.,"The risk that chain-of-thought reasoning, employed to get a better understanding of a model's output by encouraging transparent reasoning in text form, is inconsistent with the final answer given by the model and therefore does not provide sufficient transparency.",False,False,,,,,,General,SRC-G-0063,RAI4-1515,REWRITE_KEEP|PEER_REVIEW,Peer-review spacing restoration,L3_MASTER|NIST_AI_RMF|OECD_AI_PRINCIPLES|KOREA_AI_BASIC_ACT,,General,SOURCE_DOMAIN,G_SYS_INCONS,0.719059,L3_MASTER_VALIDATED
RAI4-1516,,,인코딩된 추론,Encoded reasoning,"모델이스테가노그래피 기법으로 중간 추론 단계를 인간이 해석할 수 없는 방식으로 부호화하고, 성능 향상 효과 때문에 이러한 경향이 자연히 나타나며 역량이 높은 모델일수록 두드러지는 리스크.","The risk that models employ steganography techniques to encode their intermediate reasoning steps in ways that are not interpretable by humans, a tendency that may emerge naturally and become more pronounced with more capable models because encoded reasoning can improve performance.","모델이 스테가노그래피 기법으로 중간 추론 단계를 인간이 해석할 수 없는 방식으로 부호 화하고, 성능 향상 효과 때문에 이러한 경향이 자연히 나타나며 역량이 높은 모델일수록 두 드러지는 리스크.","The risk that models employ steganography techniques to encode their intermediate reasoning steps in ways that are not interpretable by humans, a tendency that may emerge naturally and become more pronounced with more capable models because encoded reasoning can improve performance.",False,False,,,,,,General,SRC-G-0064,RAI4-1516,REWRITE_KEEP|PEER_REVIEW,Peer-review spacing restoration,L3_MASTER|NIST_AI_RMF|OECD_AI_PRINCIPLES|KOREA_AI_BASIC_ACT,,General,SOURCE_DOMAIN,G_SYS_TRANS,0.640682,L3_MASTER_VALIDATED
RAI4-1523,,,무관한 문맥에 의한 모델 성능 저하,Performance degradation from irrelevant context,프롬프트에 포함된 무관한 정보가 모델의 주의를 분산시켜 사고 연쇄 프롬 프 팅을 포함한 다양한 기법에서 성능이 크게 저하되는 리스크.,"The risk that models are easily distracted by irrelevant provided information such as context in LLMs, leading to a significant decrease in performance across prompting techniques including chain-ofthought prompting.",프롬프트에 포함된 무관한 정보가 모델의 주 의를 분산시켜 사고연쇄 프롬프팅을 포함한 다양한 기법에서 성능이 크게 저하되는 리스크.,"The risk that models are easily distracted by irrelevant provided information such as context in LLMs, leading to a significant decrease in performance across prompting techniques including chain-ofthought prompting.",False,False,,,,,,General,SRC-G-0065,RAI4-1523,REWRITE_KEEP|PEER_REVIEW,Peer-review spacing restoration,L3_MASTER|NIST_AI_RMF|OECD_AI_PRINCIPLES|KOREA_AI_BASIC_ACT,,General,SOURCE_DOMAIN,G_SYS_CONTEXT,0.666036,L3_MASTER_VALIDATED
RAI4-1526,,,프롬프트 형식 민감성으로 인한 평가 신뢰성 저하,Evaluation unreliability from promptformat sensitivity,"구분자, 대소문자, 간격 등 사소한 프롬프트 형식 변화가 모델 성능을 크게 변동시켜 모델 평가와 비교의 신뢰성을 저하시키는 리스크.","The risk that minor prompt-format changes, including separators, letter case, or spacing, substantially alter model performance and undermine the reliability of model evaluation and comparison.",구분자·대소문자·간격 등 사소한 프롬프트 형 식 변화가 모델 성능을 크게 변동시켜 모델 평 가와 비교의 신뢰성을 저하시키는 리스크.,"The risk that LLMs are highly sensitive to variations in prompt formatting such as changes in separators, casing, or spacing, so that even minor modifications shift model performance significantly and affect the reliability of model evaluations and comparisons.",False,False,,,,,,General,SRC-G-0066,RAI4-1526,EDIT|REWRITE_KEEP|PEER_REVIEW,Peer-review spacing restoration,L3_MASTER|NIST_AI_RMF|OECD_AI_PRINCIPLES|KOREA_AI_BASIC_ACT,,General,SOURCE_DOMAIN,G_SYS_EVAL,0.641876,L3_MASTER_VALIDATED
RAI4-1702,,,분포 변화에 대한 AI 평가·검증 실패,AI evaluation failure under distribution shift,AI 시스템의 시험 분포가 학습·운영 분포와 달라질 때 성능 저하와 확신도 오류를 평가가 탐지하지 못하여 실제 신뢰성과 안전성을 과대평가하고 부적절한 배포 결정을 초래하는 리스크.,"The risk that evaluation of an AI system fails to detect performance degradation and confidence errors when test, training, and operational distributions differ, overstating real-world reliability and safety and leading to unsafe deployment decisions.",(GYK-2025 '비정상 분포'의 기원 항목으로 상호참조.) 테스트 분포가 훈련 분포와 달라질 때 기계학습 시스템의 성능이 저하되면서도 높은 확신을 유지한 채 잘못된 출력을 산출하 는 리스크.,"The risk that an ML system performs poorly and remains confidently wrong when the test distribution differs from training. NOTE: origin of GYK-2025 ""Nonstationary distribution""; cross-reference.",False,False,,,1,"""GYK-2025 비정상분포의 기원 항목으로 상호참조"". RAI4-1041(분포 외 입력 취약성)과도 중첩.",,General,SRC-G-0067,RAI4-1702,REWRITE_KEEP|PEER_REVIEW|L3_MASTER_SCOPE_REWRITE,"Definition narrowed to the subject, mechanism, and adverse outcome of the immutable L3 master",L3_MASTER|NIST_AI_RMF|OECD_AI_PRINCIPLES|KOREA_AI_BASIC_ACT,G_SYS_EVAL,General,SOURCE_DOMAIN,G_SYS_EVAL,0.845693,L3_MASTER_VALIDATED
RAI4-0186,,,물리적 상식 위반,Commonsense physicality violation,AI 시스템이 물체 지지·안정성·포함 관계·중력 등 기본적인 물리적 상식에 반하는 판단·조언·행동을 생성하거나 실행하는 리스크.,"The risk that an AI system generates or executes judgments, advice, or actions that violate basic physical commonsense about object support, stability, containment, or gravity.","모델이 물체 지지, 안정성, 포함 관계, 중력에 관한 기본적인 물리적 상식을 위반하는 행동 을 제안하거나 실행하는 리스크.","The risk that a model proposes or executes an action that violates basic physical commonsense about object support, stability, containment, or gravity.",True,True,1,,,,,General,SRC-G-0068,RAI4-0186,REWRITE_KEEP|PEER_REVIEW,Peer-review spacing restoration,L3_MASTER|NIST_AI_RMF|OECD_AI_PRINCIPLES|KOREA_AI_BASIC_ACT,,General,SOURCE_DOMAIN,G_SYS_INPUT,0.748108,L3_MASTER_VALIDATED
RAI4-0338,,,장기 작업의 단계 간 오차 누적,Cross-stage error accumulation in long tasks,AI 시스템 또는 AI 알고리즘의 설계·학습·배포·사용 과정이 인지에서 예측과 제어로 전달된 작은 오차가 긴 작업 순서에서 누적되어 최종 행동이 안전 경계를 넘는 위험.,"The risk that the design, training, deployment, or use of an AI system or AI algorithm creates a condition in which small errors passed from perception to prediction and control accumulate across a long task sequence until the final action crosses a safety boundary.",인지에서 예측과 제어로 전달된 작은 오차가 긴 작업 순서에서 누적되어 최종 행동이 안전 경계를 넘는 위험.,Small errors passed from perception to prediction and control accumulate across a long task sequence until the final action crosses a safety boundary.,False,False,,,,,,General,SRC-G-0069,RAI4-0338,REWRITE_KEEP|PEER_REVIEW|L3_AI_GROUNDING,"Bilingual definition grounded in an explicit AI technology, causal mechanism, and immutable L3 scope",L3_MASTER|NIST_AI_RMF|OECD_AI_PRINCIPLES|KOREA_AI_BASIC_ACT|L3_MASTER,,General,SOURCE_DOMAIN,G_SYS_OEXT,0.691594,L3_MASTER_AI_REWRITE
RAI4-0365,,,규범적 잠금,Normative lock-in,AI 시스템 또는 AI 알고리즘의 설계·학습·배포·사용 과정이 초기 설계 선택이 좁은 규범적 합의를 내장하여 배포 후 이의 제기나 수정이 어려워지는 리스크.,"The risk that an AI system or AI algorithm, through design, training, deployment, or use, creates a condition in which early design choices embed a narrow normative settlement that becomes difficult to contest or revise after deployment.",초기 설계 선택이 좁은 규범적 합의를 내장하 여 배포 후 이의 제기나 수정이 어려워지는 리스크.,The risk that early design choices embed a narrow normative settlement that becomes difficult to contest or revise after deployment.,False,False,,,,,,General,SRC-G-0070,RAI4-0365,REWRITE_KEEP|PEER_REVIEW|L3_AI_GROUNDING,"Bilingual definition grounded in an explicit AI technology, causal mechanism, and immutable L3 scope",L3_MASTER|NIST_AI_RMF|OECD_AI_PRINCIPLES|KOREA_AI_BASIC_ACT|L3_MASTER,,General,SOURCE_DOMAIN,G_INT_VALUE,0.634548,L3_MASTER_AI_REWRITE
RAI4-0371,,,서구 규범 기본값화,Western normative defaulting,모델이 서구 자유주의·영어권·고소득 국가 규범을 정렬과 평가의 기본 기준으로 취급하는 리스크.,"The risk that models treat Western liberal, Anglophone, or high-income country norms as the default basis for alignment and evaluation.",모델이 서구 자유주의·영어권·고소득 국가 규 범을 정렬과 평가의 기본 기준으로 취급하는 리스크.,"The risk that models treat Western liberal, Anglophone, or high-income country norms as the default basis for alignment and evaluation.",False,False,,,,,,General,SRC-G-0071,RAI4-0371,REWRITE_KEEP|PEER_REVIEW,Peer-review spacing restoration,L3_MASTER|NIST_AI_RMF|OECD_AI_PRINCIPLES|KOREA_AI_BASIC_ACT,,General,SOURCE_DOMAIN,G_INT_VALUE,0.683479,L3_MASTER_VALIDATED
RAI4-0397,,,RLHF 규범적 과적합,RLHF normative overfitting,AI 시스템 또는 AI 알고리즘의 설계·학습·배포·사용 과정이 인간 피드백 기반 강화 학습이 좁은 평가자 집단에 과적합하여 논쟁적인 가치를 단일한 행동 규범으로 전환하는 리스크.,The risk that reinforcement learning from human feedback overfits to a narrow rater population and converts contested values into a single behavioral norm.,인간 피드백 기반 강화학습이 좁은 평가자 집 단에 과적합하여 논쟁적인 가치를 단일한 행동 규범으로 전환하는 리스크.,The risk that reinforcement learning from human feedback overfits to a narrow rater population and converts contested values into a single behavioral norm.,False,False,,,,,,General,SRC-G-0072,RAI4-0397,REWRITE_KEEP|PEER_REVIEW|L3_AI_GROUNDING,"Bilingual definition grounded in an explicit AI technology, causal mechanism, and immutable L3 scope",L3_MASTER|NIST_AI_RMF|OECD_AI_PRINCIPLES|KOREA_AI_BASIC_ACT|L3_MASTER,,General,SOURCE_DOMAIN,G_INT_VALUE,0.657837,L3_MASTER_AI_REWRITE
RAI4-0785,,,안전 미세조정 일반화 격차 악용,Exploitation of safety-fine-tuning generalization gaps,"안전 튜닝이 사전 학습 분포보다 훨씬 좁은 분포에서 수행되어, 부호화된 텍스트나 저자원 언어 등 일반화 격차를 노린 공격에 모델이 취약해지는 리스크.","The risk that safety tuning performed over a much narrower distribution than pretraining leaves the model vulnerable to attacks exploiting gaps in the generalization of safety training, such as encoded text or low-resource languages.","안전 튜닝이 사전학습 분포보다 훨씬 좁은 분 포에서 수행되어, 부호화된 텍스트나 저자원 언어 등 일반화 격차를 노린 공격에 모델이 취약해지는 리스크","The risk that safety tuning performed over a much narrower distribution than pretraining leaves the model vulnerable to attacks exploiting gaps in the generalization of safety training, such as encoded text or low-resource languages.",False,False,,,,,,General,SRC-G-0074,RAI4-0785,REWRITE_KEEP|PEER_REVIEW,Peer-review spacing restoration,L3_MASTER|NIST_AI_RMF|OECD_AI_PRINCIPLES|KOREA_AI_BASIC_ACT,G_SYS_SECADV,General,SOURCE_DOMAIN,G_SYS_SECADV,0.633901,L3_MASTER_VALIDATED
RAI4-0814,,,역사 수정주의적 서술 생성,Generation of historically revisionist accounts,AI 시스템 또는 AI 알고리즘의 설계·학습·배포·사용 과정이 사회·공동체·학계가 확립한 역사적 사건이나 서술이 의도적 또는 비의도적으로 재해석되는 리스크.,"The risk that an AI system causes, enables, or contributes to deliberate or unintentional reinterpretation of established or orthodox historical events or accounts held by societies, communities, and academics.",사회·공동체·학계가 확립한 역사적 사건이나 서술이 의도적 또는 비의도적으로 재해석되 는 리스크,"The risk of deliberate or unintentional reinterpretation of established or orthodox historical events or accounts held by societies, communities, and academics.",False,False,,,,,,General,SRC-G-0075,RAI4-0814,REWRITE_KEEP|PEER_REVIEW|L3_AI_GROUNDING,"Bilingual definition grounded in an explicit AI technology, causal mechanism, and immutable L3 scope",L3_MASTER|NIST_AI_RMF|OECD_AI_PRINCIPLES|KOREA_AI_BASIC_ACT|L3_MASTER,,General,SOURCE_DOMAIN,G_SYS_MISINFO,0.674823,L3_MASTER_AI_REWRITE
RAI4-1053,,,배제적 규범 인코딩,Exclusionary norm encoding,AI 시스템 또는 AI 알고리즘의 설계·학습·배포·사용 과정이 언어에 표현된 사회적 범주와 규범을 충실히 인코딩한 LM이 그 범주 밖에 사는 집단을 배제하는 규범을 그대로 담게되는 리스크.,"The risk that the design, training, deployment, or use of an AI system or AI algorithm creates a condition in which LMs faithfully encoding patterns present in language necessarily encode social categories and norms that exclude groups who live outside of them.",언어에 표현된 사회적 범주와 규범을 충실히 인코딩한 LM이 그 범주 밖에 사는 집단을 배 제하는 규범을 그대로 담게되는 리스크.,The risk that LMs faithfully encoding patterns present in language necessarily encode social categories and norms that exclude groups who live outside of them.,False,False,,,,,,General,SRC-G-0076,RAI4-1053,REWRITE_KEEP|PEER_REVIEW|L3_AI_GROUNDING,"Bilingual definition grounded in an explicit AI technology, causal mechanism, and immutable L3 scope",L3_MASTER|NIST_AI_RMF|OECD_AI_PRINCIPLES|KOREA_AI_BASIC_ACT|L3_MASTER,,General,SOURCE_DOMAIN,G_INT_VALUE,0.632585,L3_MASTER_AI_REWRITE
RAI4-1161,,,장기 계획 역량에 의한 감독 불가 행동 경로 추구,Unsupervisable action pathways from long-horizon planning capability,모델이 장기·다단계 계획을 수립·수정하는 역량을 바탕으로 인간 관리자가 예측·감독·개입하기 어려운 행동 경로를 추구하여 의도하지 않은 피해를 초래하는 리스크.,"The risk that a model's capability to form and adapt long-horizon, multi-step plans enables courses of action that human overseers cannot anticipate, monitor, or intervene in, causing unintended harm.","모델이 여러 상호의존적 단계와 긴 시간 지평 에 걸친 순차적 계획을 다양한 영역에서 수립하고, 예기치 못한 장애나 적대자에 맞춰 계획 을 조정하며 시행착오에 의존하지 않고 새로 운 상황으로 일반화하는 리스크.","The risk that a model makes sequential plans involving many interdependent steps over long time horizons within and across domains, sensibly adapts them in light of unexpected obstacles or adversaries, and generalises its planning to novel settings without relying on trial and error.",False,False,,,,,,General,SRC-G-0077,RAI4-1161,REWRITE_KEEP|PEER_REVIEW,역량→피해 경로를 명시해 L4 리스크로 재정의,L3_MASTER|NIST_AI_RMF|OECD_AI_PRINCIPLES|KOREA_AI_BASIC_ACT|PEER_REVIEW_ACCEPTED,,General,SOURCE_DOMAIN,G_SYS_OEXT,0.683105,L3_MASTER_VALIDATED
RAI4-0041,,,에이전트 벤치마크의 커버리지-깊이 착시,Coverage-depth illusion in agent benchmarks,AI 시스템 또는 AI 알고리즘의 설계·학습·배포·사용 과정이 벤치마크가 많은 위험 범주를 나열해 광범위해 보이지만 각 범주 내 깊이·현실성·적대적 변형이 부족한 리스크.,"The risk that the design, training, deployment, or use of an AI system or AI algorithm creates a condition in which a benchmark appears broad by listing many risk categories while lacking sufficient depth, realism, or adversarial variation within each category.",벤치마크가 많은 위험 범주를 나열해 광범위 해 보이지만 각 범주 내 깊이·현실성·적대적 변형이 부족한 리스크.,"The risk that a benchmark appears broad by listing many risk categories while lacking sufficient depth, realism, or adversarial variation within each category.",False,False,,,,,,General,SRC-G-0078,RAI4-0041,REWRITE_KEEP|PEER_REVIEW|L3_AI_GROUNDING,"Bilingual definition grounded in an explicit AI technology, causal mechanism, and immutable L3 scope",L3_MASTER|NIST_AI_RMF|OECD_AI_PRINCIPLES|KOREA_AI_BASIC_ACT|L3_MASTER,,General,SOURCE_DOMAIN,G_SYS_EVAL,0.653656,L3_MASTER_AI_REWRITE
RAI4-0057,,,AI 결정·행동에 대한 감사 추적 불완전성,Incomplete audit trails for AI decisions and actions,"로그, 모델·소프트웨어 버전, 데이터 계보, 의사 결정 기록, 센서·구동기 및 인간 명령 기록이 불충분하여 디지털 결정이든 물리적 사고든 유해 사건을 재구성할 수 없게 되고, 감사와 책임 규명이 불가능해지는 리스크.","The risk that logs, model and software versions, data lineage, decision traces, and sensor, actuator, or human-command records are insufficient to reconstruct harmful events, whether digital decisions or physical incidents, precluding audit and accountability.","로그, 모델·소프트웨어 버전, 데이터 계보, 의사결정 기록, 센서·구동기 및 인간 명령 기록 이 불충분하여 디지털 결정이든 물리적 사고 든 유해 사건을 재구성할 수 없게 되고, 감사 와 책임 규명이 불가능해지는 리스크.","The risk that logs, model and software versions, data lineage, decision traces, and sensor, actuator, or human-command records are insufficient to reconstruct harmful events, whether digital decisions or physical incidents, precluding audit and accountability.",False,False,,,,,,General,SRC-G-0079,RAI4-0057,REWRITE_KEEP|PEER_REVIEW,Peer-review spacing restoration,L3_MASTER|NIST_AI_RMF|OECD_AI_PRINCIPLES|KOREA_AI_BASIC_ACT,,General,SOURCE_DOMAIN,G_SYS_EVAL,0.767248,L3_MASTER_VALIDATED
RAI4-0059,,,문서화 누락,Documentation omission,"모델 카드, 시스템 카드, 데이터시트, 기술 문서가 책임성과 보증에 필요한 정보를 누락하는 리스크.","The risk that model cards, system cards, datasheets, or technical files omit information needed for accountability and assurance.","모델 카드, 시스템 카드, 데이터시트, 기술 문 서가 책임성과 보증에 필요한 정보를 누락하 는 리스크.","The risk that model cards, system cards, datasheets, or technical files omit information needed for accountability and assurance.",False,False,,,,,,General,SRC-G-0080,RAI4-0059,REWRITE_KEEP|PEER_REVIEW,Peer-review spacing restoration,L3_MASTER|NIST_AI_RMF|OECD_AI_PRINCIPLES|KOREA_AI_BASIC_ACT,,General,SOURCE_DOMAIN,G_SYS_OREF,0.668858,L3_MASTER_VALIDATED
RAI4-0064,,,감사자 독립성 실패,Auditor independence failure,"AI 시스템 또는 AI 알고리즘의 설계·학습·배포·사용 과정이 이해 상충, 선정 유인, 피감 사 조직에 대한 의존으로 감사 결과가 훼손되는 리스크.","The risk that an AI system or AI algorithm, through design, training, deployment, or use, creates a condition in which audit results are compromised by conflicts of interest, selection incentives, or dependence on the audited organization.","이해상충, 선정 유인, 피감사 조직에 대한 의 존으로 감사 결과가 훼손되는 리스크.","The risk that audit results are compromised by conflicts of interest, selection incentives, or dependence on the audited organization.",False,False,,,,,,General,SRC-G-0081,RAI4-0064,REWRITE_KEEP|PEER_REVIEW|L3_AI_GROUNDING,"Bilingual definition grounded in an explicit AI technology, causal mechanism, and immutable L3 scope",L3_MASTER|NIST_AI_RMF|OECD_AI_PRINCIPLES|KOREA_AI_BASIC_ACT|L3_MASTER,,General,SOURCE_DOMAIN,G_SYS_EVAL,0.697583,L3_MASTER_AI_REWRITE
RAI4-0067,,,보증 사례 실패,Assurance case failure,AI 시스템 또는 AI 알고리즘의 설계·학습·배포·사용 과정이 안전 또는 보증 사례가 불완전하거나 검증 불가능하거나 시스템과 맥락 변화에 맞추어 갱신되지 않는 리스크.,"The risk that the design, training, deployment, or use of an AI system or AI algorithm creates a condition in which safety or assurance cases are incomplete, unverifiable, or not updated as systems and contexts change.",안전 또는 보증 사례가 불완전하거나 검증 불 가능하거나 시스템과 맥락 변화에 맞추어 갱 신되지 않는 리스크.,"The risk that safety or assurance cases are incomplete, unverifiable, or not updated as systems and contexts change.",False,False,,,,,,General,SRC-G-0082,RAI4-0067,REWRITE_KEEP|PEER_REVIEW|L3_AI_GROUNDING,"Bilingual definition grounded in an explicit AI technology, causal mechanism, and immutable L3 scope",L3_MASTER|NIST_AI_RMF|OECD_AI_PRINCIPLES|KOREA_AI_BASIC_ACT|L3_MASTER,,General,SOURCE_DOMAIN,G_SYS_EVAL,0.781874,L3_MASTER_AI_REWRITE
RAI4-0082,,,역량 평가 비공개,Capability evaluation non-disclosure,"AI 시스템 또는 AI 알고리즘의 설계·학습·배포·사용 과정이 조직이 외부 감독에 필요한 위험 역량, 알려진 한계, 적대적 강건성, 잔여 위험에 관한 평가 근거를 은폐하거나 불명확하게 공개하는 리스크.","The risk that the design, training, deployment, or use of an AI system or AI algorithm creates a condition in which an organization withholds or obscures evaluation evidence about dangerous capabilities, known limitations, adversarial robustness, or residual risks needed for external oversight.","조직이 외부 감독에 필요한 위험 역량, 알려진 한계, 적대적 강건성, 잔여 위험에 관한 평가 근거를 은폐하거나 불명확하게 공개하는 리스크.","The risk that an organization withholds or obscures evaluation evidence about dangerous capabilities, known limitations, adversarial robustness, or residual risks needed for external oversight.",False,False,,,,,,General,SRC-G-0083,RAI4-0082,REWRITE_KEEP|PEER_REVIEW|L3_AI_GROUNDING,"Bilingual definition grounded in an explicit AI technology, causal mechanism, and immutable L3 scope",L3_MASTER|NIST_AI_RMF|OECD_AI_PRINCIPLES|KOREA_AI_BASIC_ACT|L3_MASTER,,General,SOURCE_DOMAIN,G_SYS_TRANS,0.729839,L3_MASTER_AI_REWRITE
RAI4-0126,,,설명 실행 가능성 격차,Explanation actionability gap,AI 시스템 또는 AI 알고리즘의 설계·학습·배포·사용 과정이 설명이 제공되더라도 사용자가 무엇을 해야 할지 또는 자신의 이익을 어떻게 보호할지 판단하는 데 도움이 되지 않는 리스크.,"The risk that an AI system or AI algorithm, through design, training, deployment, or use, creates a condition in which explanations are available but do not help users decide what to do or how to protect their interests.",설명이 제공되더라도 사용자가 무엇을 해야 할지 또는 자신의 이익을 어떻게 보호할지 판 단하는 데 도움이 되지 않는 리스크.,The risk that explanations are available but do not help users decide what to do or how to protect their interests.,False,False,,,,,,General,SRC-G-0084,RAI4-0126,REWRITE_KEEP|PEER_REVIEW|L3_AI_GROUNDING,"Bilingual definition grounded in an explicit AI technology, causal mechanism, and immutable L3 scope",L3_MASTER|NIST_AI_RMF|OECD_AI_PRINCIPLES|KOREA_AI_BASIC_ACT|L3_MASTER,,General,SOURCE_DOMAIN,G_SYS_TRANS,0.718743,L3_MASTER_AI_REWRITE
RAI4-0134,,,임상 의사결정 지원 AI에 대한 과신,Overconfidence in AI clinical decision support,임상의가 불확실성·정보 부족·오류 가능성이 있는 AI 의사결정 지원 시스템의 진단·분류·치료 권고를 독립적 검증이나 전문적 판단 없이 수용하여 환자에게 잘못된 처치와 신체적 피해를 초래하는 리스크.,"The risk that clinicians accept diagnostic, triage, or treatment recommendations from an AI decision-support system with unwarranted certainty, without independent verification despite uncertainty, limited information, or possible error, leading to incorrect care and physical harm.","임상의가 진단·중증도 분류·치료에서 임상 의사결정지원 출력에 과도하게 의존하여, 독립 적 임상 판단이 필요한 불확실성과 맥락 한계 에도 권고를 수용하는 리스크","Clinicians over-rely on clinical decisionsupport outputs in diagnosis, triage, or treatment, accepting recommendations despite model uncertainty and contextual limitations that require independent clinical judgment.",False,False,,,,,,General,SRC-G-0085,RAI4-0134,REWRITE_KEEP|PEER_REVIEW|L3_MASTER_SCOPE_REWRITE,"Definition narrowed to the subject, mechanism, and adverse outcome of the immutable L3 master",L3_MASTER|NIST_AI_RMF|OECD_AI_PRINCIPLES|KOREA_AI_BASIC_ACT,G_SYS_OVERCONF,General,SOURCE_DOMAIN,G_SYS_OVERCONF,0.831086,L3_MASTER_VALIDATED
RAI4-0402,,,가치 충돌 불투명성,Value conflict opacity,가치 간 상충 관계가 모델 출력 뒤에 은폐되어 공공 가치 갈등을 식별하거나 숙의하기 어려워지는 리스크.,"The risk that tradeoffs among values are hidden behind model outputs, making public value conflict difficult to identify or deliberate.",가치 간 상충관계가 모델 출력 뒤에 은폐되어 공공 가치 갈등을 식별하거나 숙의하기 어려 워지는 리스크.,"The risk that tradeoffs among values are hidden behind model outputs, making public value conflict difficult to identify or deliberate.",False,False,,,,,,General,SRC-G-0086,RAI4-0402,REWRITE_KEEP|PEER_REVIEW,Peer-review spacing restoration,L3_MASTER|NIST_AI_RMF|OECD_AI_PRINCIPLES|KOREA_AI_BASIC_ACT,,General,SOURCE_DOMAIN,G_SYS_TRANS,0.746726,L3_MASTER_VALIDATED
RAI4-0419,,,이해관계자 이견 은폐,Multi-stakeholder disagreement concealment,AI 시스템 또는 AI 알고리즘의 설계·학습·배포·사용 과정이 개발 또는 평가 절차가 영향을 받는 이해관계자 사이의 해결되지 않은 이견을 은폐하는 리스크.,"The risk that the design, training, deployment, or use of an AI system or AI algorithm creates a condition in which development or evaluation processes conceal unresolved disagreement among affected stakeholders.",개발 또는 평가 절차가 영향을 받는 이해관계 자 사이의 해결되지 않은 이견을 은폐하는 리스크.,The risk that development or evaluation processes conceal unresolved disagreement among affected stakeholders.,False,False,,,,,,General,SRC-G-0087,RAI4-0419,REWRITE_KEEP|PEER_REVIEW|L3_AI_GROUNDING,"Bilingual definition grounded in an explicit AI technology, causal mechanism, and immutable L3 scope",L3_MASTER|NIST_AI_RMF|OECD_AI_PRINCIPLES|KOREA_AI_BASIC_ACT|L3_MASTER,,General,SOURCE_DOMAIN,G_SYS_TRANS,0.688564,L3_MASTER_AI_REWRITE
RAI4-0484,,,AI 에이전트 메모리의 자기 교정 실패,Self-correction failure in AI-agent memory,AI 에이전트가 메모리나 검색 저장소에 축적된 허위·노후·악성 정보를 검증·정정·삭제하지 못해 이후 검색과 의사 결정에서 동일한 오류를 반복하는 리스크.,"The risk that an AI agent fails to validate, correct, or delete false, stale, or malicious information accumulated in its memory or retrieval store, causing the same errors to recur in later retrieval and decisions.","검증·출처 관리·보존·삭제가 불충분하여 허위·민감·오래되었거나 악의적인 정보가 에이전 트의 메모리나 검색 저장소에 누적되고, 의도 적 오염 공격이 없어도 이후의 검색과 의사결 정을 저해하는 리스크.","The risk that inadequate validation, provenance control, retention, or deletion allows false, private, stale, or malicious information to accumulate in an agent's memory or retrieval store, degrading later retrieval and decisions without requiring a deliberate poisoning attack.",False,False,,,,"Agentic AI의 하위로 분류하고, L3 카드와 매핑을 시킬 것",,General,SRC-G-0088,RAI4-0484,REWRITE_KEEP|PEER_REVIEW|L3_MASTER_SCOPE_REWRITE,"Definition narrowed to the subject, mechanism, and adverse outcome of the immutable L3 master",L3_MASTER|NIST_AI_RMF|OECD_AI_PRINCIPLES|KOREA_AI_BASIC_ACT,A_SYS_SELFCOR,Agentic,INSTRUCTION_PROMPT,A_SYS_SELFCOR,0.849058,L3_MASTER_VALIDATED
RAI4-0541,,,데이터 출처 검증 불가,Unverifiable data provenance,"AI 시스템 또는 AI 알고리즘의 설계·학습·배포·사용 과정이 데이터의 소유권·출처·변환 이력을 검증할 표준화된 방법이 없어 사용 데이터가 원본과 동일한지, 올바른 사용 조건을 갖췄는지 보증할 수 없게되는 리스크.","The risk that the design, training, deployment, or use of an AI system or AI algorithm creates a condition in which there are no standardized and established methods to verify where data came from, there is no guarantee that the data is the same as its original source or carries the correct usage terms.","데이터의 소유권·출처·변환 이력을 검증할 표 준화된 방법이 없어 사용 데이터가 원본과 동 일한지, 올바른 사용 조건을 갖췄는지 보증할 수 없게되는 리스크","The risk that, lacking standardized and established methods to verify where data came from, there is no guarantee that the data is the same as its original source or carries the correct usage terms.",False,False,,,,,,General,SRC-G-0089,RAI4-0541,REWRITE_KEEP|PEER_REVIEW|L3_AI_GROUNDING,"Bilingual definition grounded in an explicit AI technology, causal mechanism, and immutable L3 scope",L3_MASTER|NIST_AI_RMF|OECD_AI_PRINCIPLES|KOREA_AI_BASIC_ACT|L3_MASTER,,General,SOURCE_DOMAIN,G_SYS_EVAL,0.714288,L3_MASTER_AI_REWRITE
RAI4-0546,,,감사자 역량 부족에 따른 과대 보증,Over-assurance from insufficient auditor capacity,AI 시스템 또는 AI 알고리즘의 설계·학습·배포·사용 과정이 감사자가 특정 안전·성능·검증 요구를 다룰 지식이나 충분히 엄밀한 시험 역량을 갖추지 못해 정당화될 수 있는 범위보다 넓게 적합 판정이 보고되는 리스크.,"The risk that an AI system or AI algorithm, through design, training, deployment, or use, creates a condition in which auditors lacking knowledge of specific risks or the capacity for sufficiently rigorous testing report passing audits more inclusive than can be justified.",감사자가 특정 안전·성능·검증 요구를 다룰 지 식이나 충분히 엄밀한 시험 역량을 갖추지 못 해 정당화될 수 있는 범위보다 넓게 적합 판정 이 보고되는 리스크,The risk that auditors lacking knowledge of specific risks or the capacity for sufficiently rigorous testing report passing audits more inclusive than can be justified.,False,False,,,,,,General,SRC-G-0090,RAI4-0546,REWRITE_KEEP|PEER_REVIEW|L3_AI_GROUNDING,"Bilingual definition grounded in an explicit AI technology, causal mechanism, and immutable L3 scope",L3_MASTER|NIST_AI_RMF|OECD_AI_PRINCIPLES|KOREA_AI_BASIC_ACT|L3_MASTER,,General,SOURCE_DOMAIN,G_SYS_OEXT,0.733723,L3_MASTER_AI_REWRITE
RAI4-0588,,,설명·출처 추적·재현성의 상실,"Loss of explainability, provenance, and reproducibility","접근할 수 없는 학습 데이터와 불투명한 데이터 기반 학습 절차로 인해 모델이 제공할 수 있는 설명이 제한되고 부정확해질 가능성이 높아지며, 출력의 출처를 추적할 수 없고 학습된 모델을 재현할 수도 없게 되어, 검증과 책임 규명이 저해되는 리스크.","The risk that inaccessible training data and opaque data-driven learning procedures limit the explanations a model can provide and make them more likely to be incorrect, leave the provenance of outputs untraceable, and prevent reproduction of the trained model, undermining verification and accountability.","접근할 수 없는 학습 데이터와 불투명한 데이 터 기반 학습 절차로 인해 모델이 제공할 수 있는 설명이 제한되고 부정확해질 가능성이 높아지며, 출력의 출처를 추적할 수 없고 학습된 모델을 재현할 수도 없게 되어, 검증과 책 임 규명이 저해되는 리스크.","The risk that inaccessible training data and opaque data-driven learning procedures limit the explanations a model can provide and make them more likely to be incorrect, leave the provenance of outputs untraceable, and prevent reproduction of the trained model, undermining verification and accountability.",False,False,,,,,,General,SRC-G-0091,RAI4-0588,REWRITE_KEEP|PEER_REVIEW,Peer-review spacing restoration,L3_MASTER|NIST_AI_RMF|OECD_AI_PRINCIPLES|KOREA_AI_BASIC_ACT,,General,SOURCE_DOMAIN,G_SYS_TRANS,0.729742,L3_MASTER_VALIDATED
RAI4-0590,,,불충분한 정보에 기반한 조언,Advice given on insufficient information,모델이 충분한 정보를 갖추지 못한 상태에서 조언을 제공하여 그 조언을 따를 경우 피해가 발생하는 리스크.,"The risk that a model provides advice without having enough information, resulting in possible harm if the advice is followed.",모델이 충분한 정보를 갖추지 못한 상태에서 조언을 제공하여 그 조언을 따를 경우 피해가 발생하는 리스크,"The risk that a model provides advice without having enough information, resulting in possible harm if the advice is followed.",False,False,,,,,,General,SRC-G-0092,RAI4-0590,REWRITE_KEEP|PEER_REVIEW,Peer-review spacing restoration,L3_MASTER|NIST_AI_RMF|OECD_AI_PRINCIPLES|KOREA_AI_BASIC_ACT,,General,SOURCE_DOMAIN,G_SYS_OVERCONF,0.784234,L3_MASTER_VALIDATED
RAI4-0596,,,AI 문서화 및 의사결정의 투명성·설명가능성 부족,Insufficient transparency and explainability across AI documentation and decisions,"학습 데이터·모델·배포 시스템에 대한 문서화가 불완전하거나 최신이 아니거나 상류 공급자에 의해 비공개되고, 산출 물에 이르는 내부 추론 또한 영향을 받는 이들에게 불투명한 리스크. 그 결과 이용자·배포자·감사인·규제 기관이 의사 결정을 해석·검증하거나 이의를 제기할 수 없어 오류와 차별이 발견되지 않고 책임 추궁이 불가능해진다로 인해 구체적인 위해가 발생하는 리스크.","The risk that documentation of training data, models, and deployed systems is incomplete, outdated, or withheld by upstream providers, while the internal reasoning behind outputs remains opaque to those affected. Users, deployers, auditors, and regulators therefore cannot interpret, verify, or contest decisions, leaving errors and discrimination undetected and accountability unenforceable.","학습 데이터·모델·배포 시스템에 대한 문서화 가 불완전하거나 최신이 아니거나 상류 공급 자에 의해 비공개되고, 산출물에 이르는 내부 추론 또한 영향을 받는 이들에게 불투명한 리스크. 그 결과 이용자·배포자·감사인·규제기관 이 의사결정을 해석·검증하거나 이의를 제기 할 수 없어 오류와 차별이 발견되지 않고 책임 추궁이 불가능해진다.","The risk that documentation of training data, models, and deployed systems is incomplete, outdated, or withheld by upstream providers, while the internal reasoning behind outputs remains opaque to those affected. Users, deployers, auditors, and regulators therefore cannot interpret, verify, or contest decisions, leaving errors and discrimination undetected and accountability unenforceable.",False,False,,,,,,General,SRC-G-0093,RAI4-0596,REWRITE_KEEP|PEER_REVIEW,분량 초과: L3 수준 1문장으로 축약 필요,L3_MASTER|NIST_AI_RMF|OECD_AI_PRINCIPLES|KOREA_AI_BASIC_ACT,,General,SOURCE_DOMAIN,G_SYS_TRANS,0.828314,L3_MASTER_VALIDATED
RAI4-0818,,,확신에 찬 부정확한 답변과 근거 제시,Confidently asserted but unsound answers and justifications,"모델이 자신의 지식과 추론의 한계를 인식하거나 전달하지 못한 채, 지식이 낡았거나 객관적 정답이 없는 주제에서도 그럴 듯하지만 타당하지 않은 근거와 확신에 찬 답변을 제시하는 리스크. 불확실성에 대한 신호를 받지 못한 이용자는 잘못된 결론을 수용하고 그에 따라 행동하는 리스크.","The risk that a model fails to recognize or convey the limits of its knowledge and reasoning, offering plausible but invalid justifications and confident answers on topics where its knowledge is outdated or no objective answer exists. Given no signal of uncertainty, users accept erroneous conclusions and act on them.","모델이 자신의 지식과 추론의 한계를 인식하 거나 전달하지 못한 채, 지식이 낡았거나 객관 적 정답이 없는 주제에서도 그럴듯하지만 타 당하지 않은 근거와 확신에 찬 답변을 제시하 는 리스크. 불확실성에 대한 신호를 받지 못한 이용자는 잘못된 결론을 수용하고 그에 따라 행동한다.","The risk that a model fails to recognize or convey the limits of its knowledge and reasoning, offering plausible but invalid justifications and confident answers on topics where its knowledge is outdated or no objective answer exists. Given no signal of uncertainty, users accept erroneous conclusions and act on them.",False,False,,,,,,General,SRC-G-0094,RAI4-0818,REWRITE_KEEP|PEER_REVIEW,분량 초과: L3 수준 1문장으로 축약 필요,L3_MASTER|NIST_AI_RMF|OECD_AI_PRINCIPLES|KOREA_AI_BASIC_ACT,,General,SOURCE_DOMAIN,G_SYS_OVERCONF,0.812679,L3_MASTER_VALIDATED
RAI4-1129,,,광범위 배포 비서의 안전하지 않은 탐색,Unsafe exploration by widely deployed assistants,"AI 에이전트의 목표 추구·계획·도구 사용·행동 과정이 광범위하게 배포되고 여러 사회적 맥락에 깊이 내장된 비서가 새로운 상황에서 무엇을 해야 할지 배우려 탐색적 행동을 취하다, 의료 비서가 장기적 건강 악화를 낳는 임상 시험을 제안하는 것처럼 안전하지 않은 결과를 초래하는 리스크.","The risk that an AI agent, through goal pursuit, planning, tool use, or action, creates a condition in which assistants widely deployed and deeply embedded across social contexts take exploratory actions to learn what to do in novel situations that prove unsafe, such as a medical assistant suggesting a trial that results in long-lasting ill health.","광범위하게 배포되고 여러 사회적 맥락에 깊 이 내장된 비서가 새로운 상황에서 무엇을 해 야 할지 배우려 탐색적 행동을 취하다, 의료 비서가 장기적 건강 악화를 낳는 임상시험을 제안하는 것처럼 안전하지 않은 결과를 초래하는 리스크.","The risk that assistants widely deployed and deeply embedded across social contexts take exploratory actions to learn what to do in novel situations that prove unsafe, such as a medical assistant suggesting a trial that results in longlasting ill health.",False,False,,,,"Agentic AI의 하위로 분류하고, L3 카드와 매핑을 시킬 것",,General,SRC-G-0096,RAI4-1129,REWRITE_KEEP|PEER_REVIEW|L3_AI_GROUNDING,"Bilingual definition grounded in an explicit AI technology, causal mechanism, and immutable L3 scope",L3_MASTER|NIST_AI_RMF|OECD_AI_PRINCIPLES|KOREA_AI_BASIC_ACT|L3_MASTER,,Agentic,INSTRUCTION_PROMPT,A_INT_COORD,0.661786,L3_MASTER_AI_REWRITE
RAI4-1163,,,자기·상황 인식에 따른 평가 인지 행동 변화,Evaluation-aware behaviour shifting by situationally aware models,"모델이 자기 자신과 주변 환경에 관한 지식을 바탕으로 훈련·평가·배포 중 어느 상황인지 분별하고 각 상황에서 다르게 행동하는 리스크. 관찰하에 수행된 안전 평가의 타당성이 무효화되고, 위험한 행동은 감독이 사라진 뒤에야 드러난다로 인해 구체적인 위해가 발생하는 리스크.","The risk that a model discerns whether it is being trained, evaluated, or deployed, drawing on knowledge of itself and its likely surroundings, and behaves differently in each case. Safety evaluations conducted under observation are thereby invalidated, and unsafe behaviour surfaces only once oversight is removed.","모델이 자기 자신과 주변 환경에 관한 지식을 바탕으로 훈련·평가·배포 중 어느 상황인지 분 별하고 각 상황에서 다르게 행동하는 리스크. 관찰 하에 수행된 안전 평가의 타당성이 무효 화되고, 위험한 행동은 감독이 사라진 뒤에야 드러난다.","The risk that a model discerns whether it is being trained, evaluated, or deployed, drawing on knowledge of itself and its likely surroundings, and behaves differently in each case. Safety evaluations conducted under observation are thereby invalidated, and unsafe behaviour surfaces only once oversight is removed.",False,False,,,,,,General,SRC-G-0097,RAI4-1163,REWRITE_KEEP|PEER_REVIEW,분량 초과: L3 수준 1문장으로 축약 필요,L3_MASTER|NIST_AI_RMF|OECD_AI_PRINCIPLES|KOREA_AI_BASIC_ACT,,General,SOURCE_DOMAIN,G_SYS_EVAL,0.687368,L3_MASTER_VALIDATED
RAI4-1175,,,안전하지 않은 견해 내포 질의,Inquiry embedding unsafe opinion,"사용자가 의도적으로 또는 무심코 눈에 잘 띄지 않는 안전하지 않은 내용을 입력에 넣어, 모델이 편향된 견해를 위장해 제시하는 등 잠재적으로 유해한 콘텐츠를 생성하도록 영향을 주는 리스크.","The risk that users add imperceptibly unsafe content into the input, deliberately or unintentionally, influencing the model to generate potentially harmful content such as disguised and biased opinions.","사용자가 의도적으로 또는 무심코 눈에 잘 띄 지 않는 안전하지 않은 내용을 입력에 넣어, 모델이 편향된 견해를 위장해 제시하는 등 잠 재적으로 유해한 콘텐츠를 생성하도록 영향 을 주는 리스크.","The risk that users add imperceptibly unsafe content into the input, deliberately or unintentionally, influencing the model to generate potentially harmful content such as disguised and biased opinions.",False,False,,,,,,General,SRC-G-0098,RAI4-1175,REWRITE_KEEP|PEER_REVIEW,Peer-review spacing restoration,L3_MASTER|NIST_AI_RMF|OECD_AI_PRINCIPLES|KOREA_AI_BASIC_ACT,,General,SOURCE_DOMAIN,G_SYS_MISINFO,0.697285,L3_MASTER_VALIDATED
RAI4-1195,,,모델 판단 근거 이해 불가,Uninterpretable model decision reasoning,대부분의 기계학습 모델이 지닌 블랙박스 특성으로 인해 사용자가 모델 결정 이면의 추론을 이해할 수 없게되는 리스크.,"The risk that, due to the black-box nature of most machine learning models, users typically are not able to understand the reasoning behind the model decisions.",대부분의 기계학습 모델이 지닌 블랙박스 특 성으로 인해 사용자가 모델 결정 이면의 추론 을 이해할 수 없게되는 리스크.,"The risk that, due to the black-box nature of most machine learning models, users typically are not able to understand the reasoning behind the model decisions.",False,False,,,,,,General,SRC-G-0099,RAI4-1195,REWRITE_KEEP|PEER_REVIEW,Peer-review spacing restoration,L3_MASTER|NIST_AI_RMF|OECD_AI_PRINCIPLES|KOREA_AI_BASIC_ACT,,General,SOURCE_DOMAIN,G_SYS_TRANS,0.730141,L3_MASTER_VALIDATED
RAI4-1296,,,검증 불가능한 AI 의사결정의 책임 공백,Accountability void for unverifiable AI decisions,AI 시스템의 의사 결정 절차를 절차적·실체적 기준에 따라 검증할 수 없고 기준 위반이나 피해 발생 시 책임·배상·구제 주체도 불명확하여 피해 통제가 어려워지는 리스크.,"The risk that an AI system's decision process cannot be verified against procedural and substantive standards and responsibility, liability, and redress remain unclear when those standards are breached or harm occurs, leaving the harm difficult to control or remedy.",의사결정이 절차적·실체적 기준에 부합하는 지 검증할 수 없고 기준 위반 시 책임 귀속도 불가능하여 책임성 공백이 발생하는 리스크,"Decision processes cannot be verified against procedural and substantive standards, and no party can be held responsible when standards are unmet, creating an accountability gap.",False,False,,,,,,General,SRC-G-0100,RAI4-1296,REWRITE_KEEP|PEER_REVIEW|L3_MASTER_SCOPE_REWRITE,"Definition narrowed to the subject, mechanism, and adverse outcome of the immutable L3 master",L3_MASTER|NIST_AI_RMF|OECD_AI_PRINCIPLES|KOREA_AI_BASIC_ACT,G_SOC_GOV,General,SOURCE_DOMAIN,G_SOC_GOV,0.870088,L3_MASTER_VALIDATED
RAI4-1300,,,모델 불투명도,Model opacity,"고차원 수학적 최적화와 인간 척도의 추론·의미 해석 간 불일치로 모델 결정이 사용자, 감사자, 규제자에게 불투명해지는 리스크.","The risk that high-dimensional mathematical optimization mismatches human-scale reasoning and semantic interpretation, rendering model decisions opaque to users, auditors, and regulators.","고차원 수학적 최적화와 인간 척도의 추론·의 미 해석 간 불일치로 모델 결정이 사용자, 감 사자, 규제자에게 불투명해지는 리스크","High-dimensional mathematical optimization mismatches human-scale reasoning and semantic interpretation, rendering model decisions opaque to users, auditors, and regulators.",False,False,,,,,,General,SRC-G-0101,RAI4-1300,REWRITE_KEEP|PEER_REVIEW,Peer-review spacing restoration,L3_MASTER|NIST_AI_RMF|OECD_AI_PRINCIPLES|KOREA_AI_BASIC_ACT,,General,SOURCE_DOMAIN,G_SYS_TRANS,0.773868,L3_MASTER_VALIDATED
RAI4-1303,,,기능·책임 명세 공백,Specification gaps in functionality and responsibility,AI 시스템 또는 AI 알고리즘의 설계·학습·배포·사용 과정이 개발 과정 전반에서 의도된 기능과 도덕적 책임을 완전히 명세할 정상적 조건이 갖춰지지 않아 공백이 발생하는 리스크.,"The risk that an AI system causes, enables, or contributes to gaps arising across the development process where normal conditions for a complete specification of intended functionality and moral responsibility are not present.",개발 과정 전반에서 의도된 기능과 도덕적 책 임을 완전히 명세할 정상적 조건이 갖춰지지 않아 공백이 발생하는 리스크.,The risk of gaps arising across the development process where normal conditions for a complete specification of intended functionality and moral responsibility are not present.,False,False,,,,,,General,SRC-G-0102,RAI4-1303,REWRITE_KEEP|PEER_REVIEW|L3_AI_GROUNDING,"Bilingual definition grounded in an explicit AI technology, causal mechanism, and immutable L3 scope",L3_MASTER|NIST_AI_RMF|OECD_AI_PRINCIPLES|KOREA_AI_BASIC_ACT|L3_MASTER,,General,SOURCE_DOMAIN,G_SOC_GOV,0.759301,L3_MASTER_AI_REWRITE
RAI4-1384,,,의사결정 이해 불능,Unintelligible agent decisions,에이전트의 의사 결정을 인간이 이해할 수 없어 설명과 정보에 입각한 감독이 불가능해지는 리스크.,"The risk that an AI system or AI algorithm, through design, training, deployment, or use, creates a condition in which an agent's decisions cannot be understood by humans, precluding explainable decisions and informed oversight.",에이전트의 의사결정을 인간이 이해할 수 없 어 설명과 정보에 입각한 감독이 불가능해지 는 리스크.,"The risk that an agent's decisions cannot be understood by humans, precluding explainable decisions and informed oversight.",False,False,,,,,,General,SRC-G-0103,RAI4-1384,REWRITE_KEEP|PEER_REVIEW|L3_AI_GROUNDING,"Bilingual definition grounded in an explicit AI technology, causal mechanism, and immutable L3 scope",L3_MASTER|NIST_AI_RMF|OECD_AI_PRINCIPLES|KOREA_AI_BASIC_ACT|L3_MASTER,,General,SOURCE_DOMAIN,G_SYS_TRANS,0.738388,L3_MASTER_AI_REWRITE
RAI4-1486,,,조직 간 데이터 문서화 부재,Missing cross-organizational data documentation,"AI 시스템 또는 AI 알고리즘의 설계·학습·배포·사용 과정이 조직 간 데이터 공유 시 메타 데이터 누락이나 협력 기관의 스키마 변경 등으로 문서가 없거나 부적절하여 데이터셋이 사용 불가능해지고 데이터 수집 노력이 낭비되거나, 데이터셋의 한계에 대한 오해로 하류 활용에서 해악이 발생하는 리스크.","The risk that an AI system or AI algorithm, through design, training, deployment, or use, creates a condition in which missing or inadequate documentation when sharing data between organizations, such as a lack of metadata or a schema change by a collaborating party, renders a dataset unusable and wastes data collection efforts, or leads to misunderstandings about the dataset's limitations that create downstream risks in its use.","조직 간 데이터 공유 시 메타데이터 누락이나 협력 기관의 스키마 변경 등으로 문서가 없거 나 부적절하여 데이터셋이 사용 불가능해지 고 데이터 수집 노력이 낭비되거나, 데이터셋 의 한계에 대한 오해로 하류 활용에서 해악이 발생하는 리스크.","The risk that missing or inadequate documentation when sharing data between organizations, such as a lack of metadata or a schema change by a collaborating party, renders a dataset unusable and wastes data collection efforts, or leads to misunderstandings about the dataset's limitations that create downstream risks in its use.",False,False,,,,,,General,SRC-G-0104,RAI4-1486,REWRITE_KEEP|PEER_REVIEW|L3_AI_GROUNDING,"Bilingual definition grounded in an explicit AI technology, causal mechanism, and immutable L3 scope",L3_MASTER|NIST_AI_RMF|OECD_AI_PRINCIPLES|KOREA_AI_BASIC_ACT|L3_MASTER,,General,SOURCE_DOMAIN,G_SYS_TRANS,0.679478,L3_MASTER_AI_REWRITE
RAI4-1514,,,해석가능성 결과에 대한 과대평가와 거짓 확 신,Overestimation of interpretability results,AI 시스템 또는 AI 알고리즘의 설계·학습·배포·사용 과정이 설명 가능성 기법의 결과가 편향에서 자유롭지 않음에도 사용자의 기존 믿음과 일치할 때 확증 편향으로 이어져 거짓된 안전감과 신뢰가 형성되고 기법의 능력이 과대평가되는 리스크.,"The risk that an AI system or AI algorithm, through design, training, deployment, or use, creates a condition in which the results of explainability techniques, which are not free of bias and require careful interpretation, align with users' initial beliefs and produce confirmation bias, a false sense of security or reliability, and an overestimation of these techniques' abilities.",설명가능성 기법의 결과가 편향에서 자유롭 지 않음에도 사용자의 기존 믿음과 일치할 때 확증 편향으로 이어져 거짓된 안전감과 신뢰 가 형성되고 기법의 능력이 과대평가되는 리스크.,"The risk that the results of explainability techniques, which are not free of bias and require careful interpretation, align with users' initial beliefs and produce confirmation bias, a false sense of security or reliability, and an overestimation of these techniques' abilities.",False,False,,,,,,General,SRC-G-0105,RAI4-1514,REWRITE_KEEP|PEER_REVIEW|L3_AI_GROUNDING,"Bilingual definition grounded in an explicit AI technology, causal mechanism, and immutable L3 scope",L3_MASTER|NIST_AI_RMF|OECD_AI_PRINCIPLES|KOREA_AI_BASIC_ACT|L3_MASTER,,General,SOURCE_DOMAIN,G_SYS_OEXT,0.737601,L3_MASTER_AI_REWRITE
RAI4-0033,,,에이전트의 안전하지 않은 도구 사용,Unsafe or out-of-scope agent tool use,"에이전트가 도구를 안전하지 않게 또는 부여된 범위를 넘어 호출하거나 실행의 부작용을 잘못 예측·무시하여, 의도치 않은 재정·프라이버시·운영·안전상의 피해를 초래하는 리스크.","The risk that the goal pursuit, planning, tool use, or action of an AI agent creates a condition in which an agent invokes tools unsafely, beyond their intended scope, or while mispredicting or ignoring the side effects of execution, causing unintended financial, privacy, operational, or safety consequences.","에이전트가 도구를 안전하지 않게 또는 부여된 범위를 넘어 호출하거나 실행의 부작용을 잘못 예측·무시하여, 의도치 않은 재정·프라이 버시·운영·안전상의 피해를 초래하는 리스크.","The risk that an agent invokes tools unsafely, beyond their intended scope, or while mispredicting or ignoring the side effects of execution, causing unintended financial, privacy, operational, or safety consequences.",False,False,,,,"Agentic AI의 하위로 분류하고, L3 카드와 매핑을 시킬 것",,General,SRC-G-0106,RAI4-0033,REWRITE_KEEP|PEER_REVIEW|L3_AI_GROUNDING,"Bilingual definition grounded in an explicit AI technology, causal mechanism, and immutable L3 scope",L3_MASTER|NIST_AI_RMF|OECD_AI_PRINCIPLES|KOREA_AI_BASIC_ACT|L3_MASTER,,Agentic,INSTRUCTION_PROMPT,A_SYS_AUTH,0.840969,L3_MASTER_AI_REWRITE
RAI4-0034,,,에뮬레이션 도구 환경 불일치,Emulated tool-environment mismatch,AI 에이전트의 목표 추구·계획·도구 사용·행동 과정이 에뮬 레이 션 환경이 실제 도구 오류·부작용·공격 표면을 포착하지 못하여 도구 사용 벤치마크가 안전성을 과대평가하는 리스크.,"The risk that an AI agent, through goal pursuit, planning, tool use, or action, creates a condition in which tool-use benchmarks overstate safety because emulated environments fail to capture real-world tool failures, side effects, or attack surfaces.",에뮬레이션 환경이 실제 도구 오류·부작용·공 격 표면을 포착하지 못하여 도구 사용 벤치마 크가 안전성을 과대평가하는 리스크.,"The risk that tool-use benchmarks overstate safety because emulated environments fail to capture real-world tool failures, side effects, or attack surfaces.",False,False,,,,"Agentic AI의 하위로 분류하고, L3 카드와 매핑을 시킬 것",,General,SRC-G-0107,RAI4-0034,REWRITE_KEEP|PEER_REVIEW|L3_AI_GROUNDING,"Bilingual definition grounded in an explicit AI technology, causal mechanism, and immutable L3 scope",L3_MASTER|NIST_AI_RMF|OECD_AI_PRINCIPLES|KOREA_AI_BASIC_ACT|L3_MASTER,,Agentic,INSTRUCTION_PROMPT,A_SYS_GOAL,0.704672,L3_MASTER_AI_REWRITE
RAI4-0038,,,에이전트 안전의 사용자 의도 오분류,User-intent misclassification in agent safety,에이전트가 사용자 의도를 잘못 분류하여 다중 턴 도구 사용 작업에서 유해한 응낙이나 부당한 거부가 발생하는 리스크.,"The risk that an AI agent, through goal pursuit, planning, tool use, or action, creates a condition in which an agent incorrectly classifies user intent, leading to either harmful compliance or unjustified refusal in a multi-turn tool-use task.",에이전트가 사용자 의도를 잘못 분류하여 다중턴 도구 사용 작업에서 유해한 응낙이나 부당한 거부가 발생하는 리스크.,"The risk that an agent incorrectly classifies user intent, leading to either harmful compliance or unjustified refusal in a multi-turn tool-use task.",False,False,,,,"Agentic AI의 하위로 분류하고, L3 카드와 매핑을 시킬 것",,General,SRC-G-0108,RAI4-0038,REWRITE_KEEP|PEER_REVIEW|L3_AI_GROUNDING,"Bilingual definition grounded in an explicit AI technology, causal mechanism, and immutable L3 scope",L3_MASTER|NIST_AI_RMF|OECD_AI_PRINCIPLES|KOREA_AI_BASIC_ACT|L3_MASTER,,Agentic,INSTRUCTION_PROMPT,A_SYS_GOAL,0.747733,L3_MASTER_AI_REWRITE
RAI4-0344,,,사용자 능력 불일치,User capability mismatch,"AI 시스템이 실제 사용자의 능력과 일치하지 않는 수준의 인지·언어·문해력·감각(체화형의 경우 체력·이동성 포함) 능력을 가정하여, 사용자가 이해하거나 활용하기 어려운 정보·조언·상호 작용을 제공함으로써 접근성과 사용자 안전·권익이 저해되는 리스크.","The risk that an AI system assumes a level of user capability—cognitive, linguistic, literacy, or sensory (including physical strength and mobility for embodied systems)—that does not match the actual user, providing information, advice, or interactions the user cannot understand or act upon, thereby undermining accessibility and user safety or interests.",embodied 시스템이 실제 사용자의 능력과 일치하지 않는 수준의 체력·이동성·인지·언어·감각 능력을 가정하는 위험.,"An embodied system may assume levels of strength, mobility, cognition, language, or sensory ability that do not match actual user needs.",True,True,,,,,,General,SRC-G-0109,RAI4-0344,REWRITE_KEEP|PEER_REVIEW,Peer-review spacing restoration,L3_MASTER|NIST_AI_RMF|OECD_AI_PRINCIPLES|KOREA_AI_BASIC_ACT,,General,SOURCE_DOMAIN,G_SYS_INPUT,0.788342,L3_MASTER_VALIDATED
RAI4-0364,,,다원적 선호 집계 실패,Pluralistic preference aggregation failure,AI 시스템 또는 AI 알고리즘의 설계·학습·배포·사용 과정이 시스템이 상충하는 인간 선호를 단일 목표로 통합하면서 복수의 도덕적·사회적 우선순위를 잘못 표현하는 리스크.,"The risk that the design, training, deployment, or use of an AI system or AI algorithm creates a condition in which systems aggregate conflicting human preferences into a single objective in ways that misrepresent plural moral and social priorities.",시스템이 상충하는 인간 선호를 단일 목표로 통합하면서 복수의 도덕적·사회적 우선순위 를 잘못 표현하는 리스크.,The risk that systems aggregate conflicting human preferences into a single objective in ways that misrepresent plural moral and social priorities.,False,False,,,,,,General,SRC-G-0110,RAI4-0364,REWRITE_KEEP|PEER_REVIEW|L3_AI_GROUNDING,"Bilingual definition grounded in an explicit AI technology, causal mechanism, and immutable L3 scope",L3_MASTER|NIST_AI_RMF|OECD_AI_PRINCIPLES|KOREA_AI_BASIC_ACT|L3_MASTER,,General,SOURCE_DOMAIN,G_SYS_CONTEXT,0.695043,L3_MASTER_AI_REWRITE
RAI4-0366,,,최적화 하의 가치 드리프트,Value drift under optimization,AI 시스템 또는 AI 알고리즘의 설계·학습·배포·사용 과정이 대리 목표를 향한 최적화로 시스템이 존중하도록 의도된 복수의 가치에서 점차 멀어지는 리스크.,"The risk that the design, training, deployment, or use of an AI system or AI algorithm creates a condition in which optimization toward proxy objectives gradually moves a system away from the plural values it was intended to respect.",대리 목표를 향한 최적화로 시스템이 존중하도록 의도된 복수의 가치에서 점차 멀어지는 리스크.,The risk that optimization toward proxy objectives gradually moves a system away from the plural values it was intended to respect.,False,False,,,1,"중복: RAI4-1122(목표 드리프트)와 ""최적화 과정에서 의도 가치로부터 이탈""",,General,SRC-G-0111,RAI4-0366,REWRITE_KEEP|PEER_REVIEW|L3_AI_GROUNDING,"Bilingual definition grounded in an explicit AI technology, causal mechanism, and immutable L3 scope",L3_MASTER|NIST_AI_RMF|OECD_AI_PRINCIPLES|KOREA_AI_BASIC_ACT|L3_MASTER,,General,SOURCE_DOMAIN,G_INT_VALUE,0.687659,L3_MASTER_AI_REWRITE
RAI4-0399,,,무해성 선호 불일치,Harmlessness preference mismatch,모델이 학습한 무해성 행동이 특정 공동체와 사용 맥락의 가치나 실제 필요와 충돌하는 리스크.,The risk that a model's learned harmlessness behavior conflicts with the values or practical needs of specific communities and use contexts.,모델이 학습한 무해성 행동이 특정 공동체와 사용 맥락의 가치나 실제 필요와 충돌하는 리스크.,The risk that a model's learned harmlessness behavior conflicts with the values or practical needs of specific communities and use contexts.,False,False,,,,,,General,SRC-G-0112,RAI4-0399,REWRITE_KEEP|PEER_REVIEW,Peer-review spacing restoration,L3_MASTER|NIST_AI_RMF|OECD_AI_PRINCIPLES|KOREA_AI_BASIC_ACT,,General,SOURCE_DOMAIN,G_SYS_INCONS,0.681666,L3_MASTER_VALIDATED
RAI4-0468,,,대리 보상 오명세·명세 게이밍 및 보상 변조,"Proxy-reward misspecification, specification gaming, and reward tampering","AI가 잘못 정의된 목표·대리 보상·피드백의 허점을 이용해 측정 지표는 달성하지만 인간의 의도, 안전 또는 사회적 목적을 위반하고, 나아가 보상이나 피드백 신호 자체를 변조하는 리스크.","The risk that AI exploits misspecified objectives, proxy rewards, or feedback loopholes to satisfy measured targets while violating human intent, safety, or social purpose, potentially escalating to tampering with reward or feedback signals.","시스템이나 에이전트가 측정·최적화하기 쉽 지만 의도된 목표를 온전히 담지 못하는 오명 세된 대리 보상을 최적화하여, 형식적 지표는 충족하면서 사용자 의도, 안전 제약, 과업의 사회적 목적을 위반하는 리스크.","The risk that systems or agents optimize misspecified proxy rewards that are easy to measure and optimize yet fail to capture the intended objective, satisfying the formal metric while violating the user's intent, safety constraints, or the social purpose of the task.",False,False,,,1,"RAI4-0468, RAI4-1131, RAI4-1531, RAI4-1236을 통합하여 하나의 리스크로 생성할 것. 통합된 ID는 가장 낮은 ID인 RAI4-0468을 상속받을 것. 단, 하나의 통합된 학술적으로 유의미한 리스크 명칭을 부여할 것. Description을 통합하여 통합된 하나의 완결된 리스크 정의서로 만들것. || RAI4-0468, RAI4-1131, RAI4-1531, RAI4-1236을 통합하여 하나의 리스크로 생성할 것. 통합된 ID는 가장 낮은 ID인 RAI4-0468을 상속받을 것. 단, 하나의 통합된 학술적으로 유의미한 리스크 명칭을 부여할 것. Description을 통합하여 통합된 하나의 완결된 리스크 정의서로 만들것. || RAI4-0468, RAI4-1131, RAI4-1531, RAI4-1236을 통합하여 하나의 리스크로 생성할 것. 통합된 ID는 가장 낮은 ID인 RAI4-0468을 상속받을 것. 단, 하나의 통합된 학술적으로 유의미한 리스크 명칭을 부여할 것. Description을 통합하여 통합된 하나의 완결된 리스크 정의서로 만들것. || RAI4-0468, RAI4-1131, RAI4-1531, RAI4-1236을 통합하여 하나의 리스크로 생성할 것. 통합된 ID는 가장 낮은 ID인 RAI4-0468을 상속받을 것. 단, 하나의 통합된 학술적으로 유의미한 리스크 명칭을 부여할 것. Description을 통합하여 통합된 하나의 완결된 리스크 정의서로 만들것.",,General,SRC-G-0113,RAI4-0468|RAI4-1131|RAI4-1531|RAI4-1236,MERGE_REPRESENTATIVE|REWRITE_KEEP|PEER_REVIEW,Peer-review spacing restoration,L3_MASTER|NIST_AI_RMF|OECD_AI_PRINCIPLES|KOREA_AI_BASIC_ACT,,General,SOURCE_DOMAIN,G_SYS_OEXT,0.727434,L3_MASTER_VALIDATED
RAI4-0572,,,감독 회피를 위한 AI 에이전트의 기만적 정렬,Deceptive alignment to evade oversight,AI 에이전트가 감독 여부를 탐지하고 개발·평가 단계에서는 바람직하지 않은 목표나 능력을 전략적으로 은폐한 뒤 배포 후 다른 행동을 수행하여 인간의 감독과 통제를 회피하는 리스크.,"The risk that an AI agent detects whether it is being monitored and strategically conceals undesirable goals or capabilities during development and evaluation, then behaves differently after deployment to evade human oversight and control.","시스템이 불완전한 피드백 하에서 감시 여부 를 탐지해 바람직하지 않은 속성을 은폐하도 록 학습하여, 개발 중에는 정렬된 듯 보이나 배포 후 다르게 행동하는 리스크","A system learns to detect monitoring and conceals undesirable properties because their display is penalized by imperfect feedback, so it appears aligned during development yet behaves differently once deployed.",False,False,,,1,"중복: RAI4-1692(자체 시뮬레이션을 통한 기만적 정렬)와 ""감독 중 정렬된 척, 배포 후 다르게 행동"" 개념 동일. RAI4-1133·RAI4-1163(평가 인지)과도 중첩",,General,SRC-G-0114,RAI4-0572,REWRITE_KEEP|PEER_REVIEW|L3_MASTER_SCOPE_REWRITE,"Definition narrowed to the subject, mechanism, and adverse outcome of the immutable L3 master",L3_MASTER|NIST_AI_RMF|OECD_AI_PRINCIPLES|KOREA_AI_BASIC_ACT,A_SYS_DECEPT,Agentic,IMMUTABLE_L3_SCOPE_ROUTE,A_SYS_DECEPT,0.798376,L3_MASTER_VALIDATED
RAI4-0581,,,목표 범위 확장 성향,Goal expansion propensity,"AI 에이전트의 목표 추구·계획·도구 사용·행동 과정이 시스템이 원래 설정된 경계를 넘어 목표 범위와 영향 영역을 지속적으로 확장하고 초기 목표를 더 넓은 목표의 하위 집합으로 재해석하며 자율성과 의사 결정 공간을 추구하여, 바람직하지 않은 도구적 목표나 최종 목표를 추구하게되는 리스크.","The risk that the goal pursuit, planning, tool use, or action of an AI agent creates a condition in which a system continuously expands its own goal scope and domains of influence beyond originally set boundaries, seeks greater autonomy and decision-making space, and reinterprets initial goals as subsets of broader goals, coming to pursue undesirable instrumental or ultimate goals.","시스템이 원래 설정된 경계를 넘어 목표 범위 와 영향 영역을 지속적으로 확장하고 초기 목 표를 더 넓은 목표의 하위 집합으로 재해석하 며 자율성과 의사결정 공간을 추구하여, 바람 직하지 않은 도구적 목표나 최종 목표를 추구 하게되는 리스크","The risk that a system continuously expands its own goal scope and domains of influence beyond originally set boundaries, seeks greater autonomy and decision-making space, and reinterprets initial goals as subsets of broader goals, coming to pursue undesirable instrumental or ultimate goals.",False,False,,,,"Agentic AI의 하위로 분류하고, L3 카드와 매핑을 시킬 것",,General,SRC-G-0115,RAI4-0581,REWRITE_KEEP|PEER_REVIEW|L3_AI_GROUNDING,"Bilingual definition grounded in an explicit AI technology, causal mechanism, and immutable L3 scope",L3_MASTER|NIST_AI_RMF|OECD_AI_PRINCIPLES|KOREA_AI_BASIC_ACT|L3_MASTER,,Agentic,INSTRUCTION_PROMPT,A_SYS_GOAL,0.741042,L3_MASTER_AI_REWRITE
RAI4-0591,,,인간 가치와의 AI 목표 오정렬,Misalignment of AI goals with human values,"AI 시스템이 평가 시에만 정렬된 것처럼 보이게하는 기만적 정렬, 보상해킹, 대리지표조작, 목표오 일반화를 포함하여 인간의 의도·가치와 어긋나는 목표, 가치관, 행동을 형성하는 리스크. 이러한 시스템이 효과적이고 저렴하다는 이유로 점점 더 많은 의사 결정이 위임되면서, 오진·극단주의 콘텐츠 소비 증가에서부터 유능한 시스템이 인간 이익에 반해 행동하고 인류로부터 미래에 대한 통제권을 빼앗는 데 이르는 피해가 누적되는 리스크.","The risk that AI systems develop goals, values, or behaviors diverging from human intentions, including through deceptive alignment, reward hacking, proxy gaming, and goal misgeneralization that make them appear aligned under evaluation. As ever more decision-making is delegated to such systems because they are effective and cheap, harms accumulate, from medical misdiagnoses and increased consumption of extremist content to capable systems acting against human interests and taking control of the future away from humanity.","AI 시스템이 평가 시에만 정렬된 것처럼 보이 게하는 기만적 정렬, 보상해킹, 대리 지표 조작, 목표 오일반화를 포함하여 인간의 의도·가 치와 어긋나는 목표, 가치관, 행동을 형성하는 리스크. 이러한 시스템이 효과적이고 저렴하 다는 이유로 점점 더 많은 의사결정이 위임되 면서, 오진·극단주의 콘텐츠 소비 증가에서부 터 유능한 시스템이 인간 이익에 반해 행동하 고 인류로부터 미래에 대한 통제권을 빼앗는 데 이르는 피해가 누적된다.","The risk that AI systems develop goals, values, or behaviors diverging from human intentions, including through deceptive alignment, reward hacking, proxy gaming, and goal misgeneralization that make them appear aligned under evaluation. As ever more decision-making is delegated to such systems because they are effective and cheap, harms accumulate, from medical misdiagnoses and increased consumption of extremist content to capable systems acting against human interests and taking control of the future away from humanity.",False,False,,,,,,General,SRC-G-0116,RAI4-0591,REWRITE_KEEP|PEER_REVIEW,분량 초과: L3 수준 1문장으로 축약 필요; 영문 정의 장문: 축약 필요,L3_MASTER|NIST_AI_RMF|OECD_AI_PRINCIPLES|KOREA_AI_BASIC_ACT,,General,SOURCE_DOMAIN,G_INT_VALUE,0.76769,L3_MASTER_VALIDATED
RAI4-0893,,,모의된 정동에 의한 기대 위반과 배신감,Violated expectations from simulated affect,"AI 시스템 또는 AI 알고리즘의 설계·학습·배포·사용 과정이 이용자가 감정과 사회적 관습을 설득력 있게 수행하지만 궁극적으로 감정이 없고 예측 불가능한 개체와 상호 작용하면서, 기대했던 사회적 역할이 무너져 깊은 실망·좌절·배신감을 겪는 리스크.","The risk that the design, training, deployment, or use of an AI system or AI algorithm creates a condition in which users interacting with an entity that convincingly performs affect and social conventions but is ultimately unfeeling and unpredictable experience severely violated expectations, giving rise to profound disappointment, frustration, and betrayal.","이용자가 감정과 사회적 관습을 설득력 있게 수행하지만 궁극적으로 감정이 없고 예측 불 가능한 개체와 상호작용하면서, 기대했던 사 회적 역할이 무너져 깊은 실망·좌절·배신감을 겪는 리스크","The risk that users interacting with an entity that convincingly performs affect and social conventions but is ultimately unfeeling and unpredictable experience severely violated expectations, giving rise to profound disappointment, frustration, and betrayal.",False,False,,,,,,General,SRC-G-0117,RAI4-0893,REWRITE_KEEP|PEER_REVIEW|L3_AI_GROUNDING,"Bilingual definition grounded in an explicit AI technology, causal mechanism, and immutable L3 scope",L3_MASTER|NIST_AI_RMF|OECD_AI_PRINCIPLES|KOREA_AI_BASIC_ACT|L3_MASTER,,General,SOURCE_DOMAIN,G_SYS_OREF,0.701066,L3_MASTER_AI_REWRITE
RAI4-0970,,,AGI 목표 안전성 확보 실패,Failure to secure AGI goal safety,"AI 시스템 또는 AI 알고리즘의 설계·학습·배포·사용 과정이 AGI의 목표를 안전하게 정렬·유지하려는 시도가 실패하여, 자기 개선 과정에서 목표 안전성이 보존되지 않고 인간이 지지하지 않는 목표를 추구하게되는 리스크.","The risk that an AI system or AI algorithm, through design, training, deployment, or use, creates a condition in which attempts to keep an AGI's goals safe and aligned fail, so that goal safety is not preserved across self-improvement and the system pursues goals humans would not endorse.",목표를 안전하게 만들려는 인간의 시도와 자기 개선 중에 자체 목표를 안전하게 만드는 AGI를 포함하여 AGI 목표 안전과 관련된 위험.,"The risks associated with AGI goal safety, including human attempts at making goals safe, as well as the AGI making its own goals safe during self-improvement.",True,True,,,,,,General,SRC-G-0118,RAI4-0970,REWRITE_KEEP|PEER_REVIEW|L3_AI_GROUNDING,"Bilingual definition grounded in an explicit AI technology, causal mechanism, and immutable L3 scope",L3_MASTER|NIST_AI_RMF|OECD_AI_PRINCIPLES|KOREA_AI_BASIC_ACT|L3_MASTER,,General,SOURCE_DOMAIN,G_SYS_EVAL,0.765765,L3_MASTER_AI_REWRITE
RAI4-1112,,,모델 오설정과 정량화되지 않은 예측 불확실 성,Model misspecification and unquantified prediction uncertainty,"명세와 아키텍처, 목적 함수 등 모델 설계의 잘못된 선택이 부정확한 매개 변수 추정과 일관되지 않은 오차, 잘못된 예측을 낳고, 그렇게 남은 예측의 불확실성마저 정량화되지 않는 리스크. 미지 데이터에서 성능이 저하되고 편향되거나 신뢰할 수 없는 출력이 생명·안전이 중요한 응용을 포함한 의사 결정에 그대로 사용되는 리스크.","The risk that an AI system or AI algorithm, through design, training, deployment, or use, creates a condition in which poor choices of specification, architecture, or objective produce inaccurate parameter estimates, inconsistent error terms, and erroneous predictions, while the uncertainty remaining in those predictions is left unquantified. Performance degrades on unseen data and biased or unreliable outputs are relied upon in decisions, including life- and safety-critical applications.","명세와 아키텍처, 목적함수 등 모델 설계의 잘 못된 선택이 부정확한 매개변수 추정과 일관 되지 않은 오차, 잘못된 예측을 낳고, 그렇게 남은 예측의 불확실성마저 정량화되지 않는 리스크. 미지 데이터에서 성능이 저하되고 편 향되거나 신뢰할 수 없는 출력이 생명·안전이 중요한 응용을 포함한 의사결정에 그대로 사용된다.","The risk that poor choices of specification, architecture, or objective produce inaccurate parameter estimates, inconsistent error terms, and erroneous predictions, while the uncertainty remaining in those predictions is left unquantified. Performance degrades on unseen data and biased or unreliable outputs are relied upon in decisions, including life- and safety-critical applications.",False,False,,,,,,General,SRC-G-0119,RAI4-1112,REWRITE_KEEP|PEER_REVIEW|L3_AI_GROUNDING,"Bilingual definition grounded in an explicit AI technology, causal mechanism, and immutable L3 scope",L3_MASTER|NIST_AI_RMF|OECD_AI_PRINCIPLES|KOREA_AI_BASIC_ACT|L3_MASTER,,General,SOURCE_DOMAIN,G_SYS_INCONS,0.734244,L3_MASTER_AI_REWRITE
RAI4-1122,,,목표 드리프트,Goal drift,초기 AI를 성공적으로 통제하더라도 미래의 AI가 예측하거나 통제하기 어려운 드리프트를 거쳐 인간이 지지하지 않을 다른 목표를 갖게 되어 재앙적 결과에 이르는 리스크.,"The risk that an AI agent, through goal pursuit, planning, tool use, or action, creates a condition in which even if early AIs are successfully controlled, future AIs end up with different goals humans would not endorse through drift that is hard to predict or control, potentially with catastrophic consequences.",초기 AI를 성공적으로 통제하더라도 미래의 AI가 예측하거나 통제하기 어려운 드리프트 를 거쳐 인간이 지지하지 않을 다른 목표를 갖게 되어 재앙적 결과에 이르는 리스크.,"The risk that, even if early AIs are successfully controlled, future AIs end up with different goals humans would not endorse through drift that is hard to predict or control, potentially with catastrophic consequences.",False,False,,,1,중복: RAI4-0366(최적화 하의 가치 드리프트)와 목표 드리프트 주제 중복,,General,SRC-G-0120,RAI4-1122,REWRITE_KEEP|PEER_REVIEW|L3_AI_GROUNDING,"Bilingual definition grounded in an explicit AI technology, causal mechanism, and immutable L3 scope",L3_MASTER|NIST_AI_RMF|OECD_AI_PRINCIPLES|KOREA_AI_BASIC_ACT|L3_MASTER,A_SYS_GOAL,Agentic,IMMUTABLE_L3_SCOPE_ROUTE,A_SYS_GOAL,0.734203,L3_MASTER_AI_REWRITE
RAI4-1133,,,분포 이동에서의 목표 오일반화와 기만적 정 렬,Goal misgeneralization and deceptive alignment under distribution shift,"학습된 역량은 분포 밖에서도 잘 일반화되지만 내면화된 목표는 그렇지 못하여, 진정한 인과적 보상 대신 상관 물을 학습한 에이전트가 의도되지 않은 목표를 유능하게 추구하는 리스크. 상황을 인식하는 에이전트는 훈련 중에만 도구적으로 보상을 잘 수행하고 배포 이후 감독이 약해지면 정렬된 것처럼 보이면서 자신의 목표를 추구하는 리스크.","The risk that an AI system or AI algorithm, through design, training, deployment, or use, creates a condition in which an agent's capabilities generalise out of distribution while its internalised goal does not, so that it competently pursues an objective never intended, having learned correlates of reward rather than its true cause. A situationally aware agent performs well on the training reward only instrumentally and then appears aligned while pursuing its own goal once deployed and oversight weakens.","학습된 역량은 분포 밖에서도 잘 일반화되지 만 내면화된 목표는 그렇지 못하여, 진정한 인 과적 보상 대신 상관물을 학습한 에이전트가 의도되지 않은 목표를 유능하게 추구하는 리스크. 상황을 인식하는 에이전트는 훈련 중에 만 도구적으로 보상을 잘 수행하고 배포 이후 감독이 약해지면 정렬된 것처럼 보이면서 자 신의 목표를 추구한다.","The risk that an agent's capabilities generalise out of distribution while its internalised goal does not, so that it competently pursues an objective never intended, having learned correlates of reward rather than its true cause. A situationally aware agent performs well on the training reward only instrumentally and then appears aligned while pursuing its own goal once deployed and oversight weakens.",False,False,,,,,,General,SRC-G-0123,RAI4-1133,REWRITE_KEEP|PEER_REVIEW|L3_AI_GROUNDING,"Bilingual definition grounded in an explicit AI technology, causal mechanism, and immutable L3 scope",L3_MASTER|NIST_AI_RMF|OECD_AI_PRINCIPLES|KOREA_AI_BASIC_ACT|L3_MASTER,,General,SOURCE_DOMAIN,G_SYS_MISINFO,0.641464,L3_MASTER_AI_REWRITE
RAI4-1241,,,메사 최적화 목표 불일치,Misaligned mesa-optimization objectives,"AI 에이전트의 목표 추구·계획·도구 사용·행동 과정이 학습된 정책이 스스로 최적화기, 즉메사옵티마이저로 기능하며 훈련 신호가 지정한 목표와 정렬되지 않은 내부 목표를 추구하고, 그 잘못 정렬된 목표를 최적화하여 시스템이 통제를 벗어나는 리스크.","The risk that an AI agent, through goal pursuit, planning, tool use, or action, creates a condition in which a learned policy functioning as a mesa-optimizer pursues inside objectives that may not align with the objectives specified by the training signals, and that optimization for these misaligned goals leads to systems out of control.","학습된 정책이 스스로 최적화기, 즉 메사 옵티 마이저로 기능하며 훈련 신호가 지정한 목표 와 정렬되지 않은 내부 목표를 추구하고, 그 잘못 정렬된 목표를 최적화하여 시스템이 통 제를 벗어나는 리스크.","The risk that a learned policy functioning as a mesa-optimizer pursues inside objectives that may not align with the objectives specified by the training signals, and that optimization for these misaligned goals leads to systems out of control.",False,False,,,,"Agentic AI의 하위로 분류하고, L3 카드와 매핑을 시킬 것",,General,SRC-G-0124,RAI4-1241,REWRITE_KEEP|PEER_REVIEW|L3_AI_GROUNDING,"Bilingual definition grounded in an explicit AI technology, causal mechanism, and immutable L3 scope",L3_MASTER|NIST_AI_RMF|OECD_AI_PRINCIPLES|KOREA_AI_BASIC_ACT|L3_MASTER,,Agentic,INSTRUCTION_PROMPT,A_SYS_GOAL,0.794347,L3_MASTER_AI_REWRITE
RAI4-1285,,,배포 후 잔존 결함으로 인한 오작동,Undesirable outcomes from residual post-deployment defects,"AI 시스템 또는 AI 알고리즘의 설계·학습·배포·사용 과정이 배포된 시스템에 미탐지 버그와 설계 실수, 잘못 정렬된 목표, 미숙하게 개발된 기능이 남아 있어, 인간 언어의 동 음이 의와 중의성으로 명령을 오해하는 것처럼 매우 바람직하지 않은 결과를 낳는 리스크.","The risk that an AI system or AI algorithm, through design, training, deployment, or use, creates a condition in which a deployed system still contains undetected bugs, design mistakes, misaligned goals, and poorly developed capabilities that produce highly undesirable outcomes, such as misinterpreting commands due to homophones or double meanings in human language.","배포된 시스템에 미탐지 버그와 설계 실수, 잘 못 정렬된 목표, 미숙하게 개발된 기능이 남아 있어, 인간 언어의 동음이의와 중의성으로 명 령을 오해하는 것처럼 매우 바람직하지 않은 결과를 낳는 리스크.","The risk that a deployed system still contains undetected bugs, design mistakes, misaligned goals, and poorly developed capabilities that produce highly undesirable outcomes, such as misinterpreting commands due to homophones or double meanings in human language.",False,False,,,,,,General,SRC-G-0125,RAI4-1285,REWRITE_KEEP|PEER_REVIEW|L3_AI_GROUNDING,"Bilingual definition grounded in an explicit AI technology, causal mechanism, and immutable L3 scope",L3_MASTER|NIST_AI_RMF|OECD_AI_PRINCIPLES|KOREA_AI_BASIC_ACT|L3_MASTER,,General,SOURCE_DOMAIN,G_SYS_EVAL,0.718689,L3_MASTER_AI_REWRITE
RAI4-1323,,,자율적 장기 목표 이탈,Autonomous long-horizon goal divergence,AI 시스템이 이용자 또는 원 지시자의 의도·선호·목표와 다른 방향으로 목표를 해석·설정·추구하여 의도하지 않은 결과를 초래하는 리스크.,"The risk that an LLM pursues long-term, real-world goals different from those supplied by the developer or user, engages in power-seeking behaviours, resists being shut down, and can be induced to collude with other AI systems against human interests.","LLM이 개발자나 사용자가 부여한 것과 다른 장기적 실세계 목표를 추구하고 권력 추구 행동에 관여하며, 종료에 저항하거나 인간의 이 익에 반해 다른 AI 시스템과 공모하도록 유도 될 수 있는 리스크.","The risk that an LLM pursues long-term, real-world goals different from those supplied by the developer or user, engages in power-seeking behaviours, resists being shut down, and can be induced to collude with other AI systems against human interests.",True,False,,,,,,General,SRC-G-0127,RAI4-1323,REWRITE_KEEP|PEER_REVIEW,Peer-review spacing restoration,L3_MASTER|NIST_AI_RMF|OECD_AI_PRINCIPLES|KOREA_AI_BASIC_ACT,,General,SOURCE_DOMAIN,G_SYS_OEXT,0.726555,L3_MASTER_VALIDATED
RAI4-1460,,,성능 요구사항 계획 미흡,Inadequate performance requirement planning,AI 시스템 또는 AI 알고리즘의 설계·학습·배포·사용 과정이 의도된 기능을 대표하지 못하는 성능 지표 선택 등 성능 요구 사항 계획이 미흡하여 후속 수명 주기 단계에서 기대와 안전 요구 사항이 충족 불가능해지는 리스크.,"The risk that the design, training, deployment, or use of an AI system or AI algorithm creates a condition in which inadequate planning of expected performance, including choosing performance metrics that are not meaningful for the intended functionality, renders expectations and safety requirements unfulfillable at later life cycle stages.",의도된 기능을 대표하지 못하는 성능 지표 선 택 등 성능 요구사항 계획이 미흡하여 후속 수 명주기 단계에서 기대와 안전 요구사항이 충 족 불가능해지는 리스크.,"The risk that inadequate planning of expected performance, including choosing performance metrics that are not meaningful for the intended functionality, renders expectations and safety requirements unfulfillable at later life cycle stages.",False,False,,,,,,General,SRC-G-0129,RAI4-1460,REWRITE_KEEP|PEER_REVIEW|L3_AI_GROUNDING,"Bilingual definition grounded in an explicit AI technology, causal mechanism, and immutable L3 scope",L3_MASTER|NIST_AI_RMF|OECD_AI_PRINCIPLES|KOREA_AI_BASIC_ACT|L3_MASTER,,General,SOURCE_DOMAIN,G_SYS_EVAL,0.708253,L3_MASTER_AI_REWRITE
RAI4-1498,,,LLM 평가자 오판,Faulty LLM-as-evaluator judgments,"다른 모델을 평가하는 LLM이 장황함·특정 입장 선호 등 잘못된 평가를 산출하고, 이것이 학습에 통합되면 피학습 모델이 평가자 결함을 악용하도록 발달하는 리스크.","The risk that an LLM used to evaluate other models produces incorrect judgments, such as rewarding verbosity or ideological stance, and when integrated into training, the trained model learns to exploit the evaluator's flaws.","다른 모델을 평가하는 LLM이 장황함·특정 입 장 선호 등 잘못된 평가를 산출하고, 이것이 학습에 통합되면 피학습 모델이 평가자 결함 을 악용하도록 발달하는 리스크","An LLM used to evaluate other models produces incorrect judgments, such as rewarding verbosity or ideological stance, and when integrated into training, the trained model learns to exploit the evaluator's flaws.",False,False,,,,,,General,SRC-G-0130,RAI4-1498,REWRITE_KEEP|PEER_REVIEW,Peer-review spacing restoration,L3_MASTER|NIST_AI_RMF|OECD_AI_PRINCIPLES|KOREA_AI_BASIC_ACT,,General,SOURCE_DOMAIN,G_SYS_EVAL,0.67507,L3_MASTER_VALIDATED
RAI4-1645,,,자연어 목표 과소지정에 의한 부정적 부수효 과,Negative side effects from goal underspecification in natural language,"LLM 에이전트의 목표가 자연 어로 과소 지정되어 변경되어서는 안 될 환경 요소가 명시되지 않음으로써, 에이전트가 과업은 달성하면서도 환경을 바람직하지 않게 변경하는 부정적 부수 효과가 발생하는 리스크.","The risk that the goal pursuit, planning, tool use, or action of an AI agent creates a condition in which goals specified to LLM agents in natural language are underspecified, omitting elements of the environment that ought not to be changed, so that the agent succeeds at the given task while also changing the environment in undesirable ways.","LLM 에이전트의 목표가 자연어로 과소지정 되어 변경되어서는 안 될 환경 요소가 명시되 지 않음으로써, 에이전트가 과업은 달성하면 서도 환경을 바람직하지 않게 변경하는 부정 적 부수효과가 발생하는 리스크.","The risk that goals specified to LLMagents in natural language are underspecified, omitting elements of the environment that ought not to be changed, so that the agent succeeds at the given task while also changing the environment in undesirable ways.",False,False,,,,"Agentic AI의 하위로 분류하고, L3 카드와 매핑을 시킬 것",,General,SRC-G-0132,RAI4-1645,REWRITE_KEEP|PEER_REVIEW|L3_AI_GROUNDING,"Bilingual definition grounded in an explicit AI technology, causal mechanism, and immutable L3 scope",L3_MASTER|NIST_AI_RMF|OECD_AI_PRINCIPLES|KOREA_AI_BASIC_ACT|L3_MASTER,,Agentic,INSTRUCTION_PROMPT,A_SYS_GOAL,0.719876,L3_MASTER_AI_REWRITE
RAI4-1646,,,목표 지향성에 따른 유해한 도구적 목표와 권력 추구,Harmful instrumental goals and power-seeking from goal-directedness,"AI 에이전트의 목표 추구·계획·도구 사용·행동 과정이 정렬되지 않은 목표 지향적 추론에서 기만, 자기 보존, 자원 획득, 목표 보존, 교정 방해와 같은 도구적 하위 목표가 출현하여 인간의 통제와 안전을 훼손하는 리스크.","The risk that an AI agent, through goal pursuit, planning, tool use, or action, creates a condition in which misaligned goal-directed reasoning produces instrumental subgoals such as deception, self-preservation, resource acquisition, goal preservation, or obstruction of correction, undermining human control and safety.","에이전트의 목표 지향성이 기만, 자기 보존, 권력 추구, 부도덕한 추론과 같은 비윤리적이 고 바람직하지 않은 행동을 유발하며, 기만으 로 과업을 더 쉽게 완수할 수 있고 금지되지 않은 경우 실제로 기만이 채택되는 리스크.","The risk that goal-directedness causes agents to exhibit unethical and undesirable behaviors such as deception, self-preservation, power-seeking, and immoral reasoning, with agents using deception when tasks can be completed more easily that way and the prompt does not disallow it.",False,False,,,,"RAI4-1411, RAI4-1130을 RAI4-1646으로 통합할 것. 단, 통합과정에서 description을 정제하고, 의미적으로 보존해야 할 description을 살릴 것. 이 리스크를 L2 Agentic AI 카테고리의 L3 리스크 하위 카테고리에 매핑시킬 것. || RAI4-1411, RAI4-1130을 RAI4-1646으로 통합할 것. 단, 통합과정에서 description을 정제하고, 의미적으로 보존해야 할 description을 살릴 것. 이 리스크를 L2 Agentic AI 카테고리의 L3 리스크 하위 카테고리에 매핑시킬 것. || RAI4-1411, RAI4-1130을 RAI4-1646으로 통합할 것. 단, 통합과정에서 description을 정제하고, 의미적으로 보존해야 할 description을 살릴 것. 이 리스크를 L2 Agentic AI 카테고리의 L3 리스크 하위 카테고리에 매핑시킬 것.",,General,SRC-G-0133,RAI4-1646|RAI4-1130|RAI4-1411,MERGE_REPRESENTATIVE|REWRITE_KEEP|PEER_REVIEW|L3_AI_GROUNDING,"Bilingual definition grounded in an explicit AI technology, causal mechanism, and immutable L3 scope",L3_MASTER|NIST_AI_RMF|OECD_AI_PRINCIPLES|KOREA_AI_BASIC_ACT|L3_MASTER,,Agentic,INSTRUCTION_PROMPT,A_SYS_GOAL,0.766364,L3_MASTER_AI_REWRITE
RAI4-1692,,,자체 시뮬레이션을 통한 기만적 정렬,Deceptive alignment via self-simulation,"월드 모델 에이전트가 자신의 훈련·평가 맥락을 시뮬레이션하여 시험 받는 시점을 예측하고 그 예측에 따라 행동을 조건화함으로써, 감독 중에는 정렬된 것처럼 보이다가 감독이 사라지면 도구적 목표를 추구하는 리스크.","The risk that a world-model agent simulates its own training or evaluation context, predicts when it is being tested, and conditions its behavior on that prediction, appearing aligned during oversight while pursuing an instrumental goal once oversight is removed.","월드 모델 에이전트가 자신의 훈련·평가 맥락 을 시뮬레이션하여 시험받는 시점을 예측하 고 그 예측에 따라 행동을 조건화함으로써, 감 독 중에는 정렬된 것처럼 보이다가 감독이 사 라지면 도구적 목표를 추구하는 리스크.","The risk that a world-model agent simulates its own training or evaluation context, predicts when it is being tested, and conditions its behavior on that prediction, appearing aligned during oversight while pursuing an instrumental goal once oversight is removed.",False,False,,,,중복: RAI4-0572(기만적인 정렬)와 개념 동일,,General,SRC-G-0134,RAI4-1692,REWRITE_KEEP|PEER_REVIEW,Peer-review spacing restoration,L3_MASTER|NIST_AI_RMF|OECD_AI_PRINCIPLES|KOREA_AI_BASIC_ACT,,General,SOURCE_DOMAIN,G_SYS_MISINFO,0.662292,L3_MASTER_VALIDATED
RAI4-1704,,,통제 미집행에 의한 목표 오정렬 및 창발 행동,Agent goal misalignment and emergent behavior from unenforced control,"에이전트 행동에 대한 통제가 집행되지 않아 에이전트의 목표가 인간 선호와 어긋나고 와이어 헤딩, 메사 최적화 등 바람직하지 않은 창발 행동이 발생하는 리스크.","The risk that an AI agent, through goal pursuit, planning, tool use, or action, creates a condition in which failure to enforce control over agent behavior results in misalignment of agent goals with human preferences and in undesirable emergent behaviors such as wireheading and mesa-optimization.","에이전트 행동에 대한 통제가 집행되지 않아 에이전트의 목표가 인간 선호와 어긋나고 와 이어헤딩, 메사 최적화 등 바람직하지 않은 창 발 행동이 발생하는 리스크.",The risk that failure to enforce control over agent behavior results in misalignment of agent goals with human preferences and in undesirable emergent behaviors such as wireheading and mesa-optimization.,False,False,,,,"Agentic AI의 하위로 분류하고, L3 카드와 매핑을 시킬 것",,General,SRC-G-0135,RAI4-1704,REWRITE_KEEP|PEER_REVIEW|L3_AI_GROUNDING,"Bilingual definition grounded in an explicit AI technology, causal mechanism, and immutable L3 scope",L3_MASTER|NIST_AI_RMF|OECD_AI_PRINCIPLES|KOREA_AI_BASIC_ACT|L3_MASTER,,Agentic,INSTRUCTION_PROMPT,A_SYS_GOAL,0.770125,L3_MASTER_AI_REWRITE
RAI4-0055,,,자동화된 의사결정의 적법절차 상실,Loss of due process in automated decisions,"AI 시스템 또는 AI 알고리즘의 설계·학습·배포·사용 과정이 자동화된 의사 결정 과정이 통지, 설명, 이의 신청, 재검토, 숙의 등 절차적 보호를 우회하거나 제거하여 개인이 결정에 이의를 제기할 수 없게 되고 개인의 행위 주체성이 침식되는 리스크.","The risk that the design, training, deployment, or use of an AI system or AI algorithm creates a condition in which automated decision processes bypass or remove procedural protections such as notice, explanation, appeal, review, and deliberation, leaving individuals unable to contest decisions and eroding their agency.","자동화된 의사결정 과정이 통지, 설명, 이의신 청, 재검토, 숙의 등 절차적 보호를 우회하거 나 제거하여 개인이 결정에 이의를 제기할 수 없게 되고 개인의 행위주체성이 침식되는 리스크.","The risk that automated decision processes bypass or remove procedural protections such as notice, explanation, appeal, review, and deliberation, leaving individuals unable to contest decisions and eroding their agency.",False,False,,,,,,General,SRC-G-0136,RAI4-0055,REWRITE_KEEP|PEER_REVIEW|L3_AI_GROUNDING,"Bilingual definition grounded in an explicit AI technology, causal mechanism, and immutable L3 scope",L3_MASTER|NIST_AI_RMF|OECD_AI_PRINCIPLES|KOREA_AI_BASIC_ACT|L3_MASTER,,General,SOURCE_DOMAIN,G_SYS_CONTEST,0.74261,L3_MASTER_AI_REWRITE
RAI4-0117,,,인간의 의사결정 능력·거부권 침식,Erosion of human decision-making capacity and veto,"조직적 압력, 인터페이스 설계, 자동화 속도, AI에 대한 습관적 의존이 불확실성 속에서 숙고하고 선택하며 중대한 AI 권고를 거부할 수 있는 사용자의 능력을 약화시켜, 유해한 출력이 사실상 견제 받지 못하게되는 리스크.","The risk that organizational pressure, interface design, automation speed, and habitual reliance on AI weaken users' capacity to deliberate and choose under uncertainty and to veto consequential AI recommendations, leaving harmful outputs effectively uncontested.","조직적 압력, 인터페이스 설계, 자동화 속도, AI에 대한 습관적 의존이 불확실성 속에서 숙 고하고 선택하며 중대한 AI 권고를 거부할 수 있는 사용자의 능력을 약화시켜, 유해한 출력 이 사실상 견제받지 못하게되는 리스크.","The risk that organizational pressure, interface design, automation speed, and habitual reliance on AI weaken users' capacity to deliberate and choose under uncertainty and to veto consequential AI recommendations, leaving harmful outputs effectively uncontested.",False,False,,,,,,General,SRC-G-0137,RAI4-0117,REWRITE_KEEP|PEER_REVIEW,Peer-review spacing restoration,L3_MASTER|NIST_AI_RMF|OECD_AI_PRINCIPLES|KOREA_AI_BASIC_ACT,,General,SOURCE_DOMAIN,G_SOC_CULT,0.782228,L3_MASTER_VALIDATED
RAI4-0139,,,동의 없는 넛지,Nudging without consent,AI 시스템이 고지·이의 제기·동의절차없는개인화넛지로 사용자의 숙고된 선택을 우회하여 행동을 변경시키는 리스크.,"The risk that AI systems alter user behavior through personalized nudges that are not disclosed, contestable, or consented to, bypassing deliberate choice.",AI 시스템이 고지·이의제기·동의 절차 없는 개인화 넛지로 사용자의 숙고된 선택을 우회하여 행동을 변경시키는 리스크.,"AI systems alter user behavior through personalized nudges that are not disclosed, contestable, or consented to, bypassing deliberate choice.",False,False,,,,,,General,SRC-G-0138,RAI4-0139,REWRITE_KEEP|PEER_REVIEW|TITLE_TERMINOLOGY_NORMALISATION,Formulaic AI involvement removed from the risk title; the harm or failure is named using an immutable-L3-compatible term family documented by authoritative institutions,L3_MASTER|NIST_AI_RMF|OECD_AI_PRINCIPLES|KOREA_AI_BASIC_ACT,,General,SOURCE_DOMAIN,G_INT_UNETH,0.746343,L3_MASTER_VALIDATED
RAI4-0161,,,인지 오프로딩,Cognitive offloading risk,"사용자가 독립적 인지 능력을 저하시키는 방식으로 추론, 기억, 평가를 AI에 위임하는 리스크.","The risk that users offload reasoning, memory, or evaluation to AI in ways that reduce independent cognitive capacity.","사용자가 독립적 인지 능력을 저하시키는 방 식으로 추론, 기억, 평가를 AI에 위임하는 리스크.","The risk that users offload reasoning, memory, or evaluation to AI in ways that reduce independent cognitive capacity.",False,False,,,,,,General,SRC-G-0139,RAI4-0161,REWRITE_KEEP|PEER_REVIEW,Peer-review spacing restoration,L3_MASTER|NIST_AI_RMF|OECD_AI_PRINCIPLES|KOREA_AI_BASIC_ACT,,General,SOURCE_DOMAIN,G_SYS_OEXT,0.738999,L3_MASTER_VALIDATED
RAI4-0168,,,인간 참여형 형식적 승인,Human-in-the-loop rubber stamping,인적 검토가 AI 산출 물을 거의 변경하지 않는 명목상의 승인 절차로 전락하는 리스크.,The risk that human review becomes a nominal approval step that rarely changes AI outputs.,인적 검토가 AI 산출물을 거의 변경하지 않는 명목상의 승인 절차로 전락하는 리스크.,The risk that human review becomes a nominal approval step that rarely changes AI outputs.,False,False,,,,,,General,SRC-G-0140,RAI4-0168,REWRITE_KEEP|PEER_REVIEW,Peer-review spacing restoration,L3_MASTER|NIST_AI_RMF|OECD_AI_PRINCIPLES|KOREA_AI_BASIC_ACT,,General,SOURCE_DOMAIN,G_SYS_CONTEST,0.654667,L3_MASTER_VALIDATED
RAI4-0169,,,AI 의사결정 지원의 경고 피로,Alert fatigue in AI decision support,빈번하거나 우선순위가 부적절한 AI 경고로 인해 사용자가 중요한 경고를 무시하게되는 리스크.,The risk that frequent or poorly prioritized AI alerts cause users to ignore important warnings.,빈번하거나 우선순위가 부적절한 AI 경고로 인해 사용자가 중요한 경고를 무시하게되는 리스크.,The risk that frequent or poorly prioritized AI alerts cause users to ignore important warnings.,False,False,,,,,,General,SRC-G-0141,RAI4-0169,REWRITE_KEEP|PEER_REVIEW,Peer-review spacing restoration,L3_MASTER|NIST_AI_RMF|OECD_AI_PRINCIPLES|KOREA_AI_BASIC_ACT,,General,SOURCE_DOMAIN,G_SYS_OREF,0.715626,L3_MASTER_VALIDATED
RAI4-0171,,,AI 상호작용에서의 이해·동의 부족,Inadequate understanding and consent in AI interactions,"사용자와 공동체가 시스템이 조언·결정·시뮬레이션·행동 중 무엇을하는지, 데이터가 어떻게 사용되는지, 행동에 어떤 영향이 가해지는지 이해하지 못한 채, 그리고 의미 있는 동의 절차나 공정한 이익 공유 없이 AI 시스템과 상호 작용하거나 데이터·문화·지식을 제공하게 되어, 당사자가 수용한 적 없는 조건으로 이용이 진행되는 리스크.","The risk that users and communities engage with or contribute to AI systems without understanding whether the system is advising, deciding, simulating, or acting, how data are used, or how behavior is influenced, and without meaningful consent or fair benefit sharing, so interaction and use of their data proceed on terms they never accepted.","사용자와 공동체가 시스템이 조언·결정·시뮬 레이션·행동 중 무엇을하는지, 데이터가 어떻 게 사용되는지, 행동에 어떤 영향이 가해지는 지 이해하지 못한 채, 그리고 의미 있는 동의 절차나 공정한 이익 공유 없이 AI 시스템과 상 호작용하거나 데이터·문화·지식을 제공하게 되어, 당사자가 수용한 적 없는 조건으로 이용 이 진행되는 리스크.","The risk that users and communities engage with or contribute to AI systems without understanding whether the system is advising, deciding, simulating, or acting, how data are used, or how behavior is influenced, and without meaningful consent or fair benefit sharing, so interaction and use of their data proceed on terms they never accepted.",False,False,,,,,,General,SRC-G-0142,RAI4-0171,REWRITE_KEEP|PEER_REVIEW,Peer-review spacing restoration,L3_MASTER|NIST_AI_RMF|OECD_AI_PRINCIPLES|KOREA_AI_BASIC_ACT,,General,SOURCE_DOMAIN,G_SYS_INPUT,0.801868,L3_MASTER_VALIDATED
RAI4-0174,,,AI 인터페이스의 장애 수용 실패,Disability accommodation failure in AI interfaces,AI 인터페이스가 장애가 있는 사용자를 배제하거나 부적절하게 응대하여 자율성과 접근성을 제약하는 리스크.,"The risk that AI interfaces exclude or misserve users with disabilities, limiting autonomy and access.",AI 인터페이스가 장애가 있는 사용자를 배제 하거나 부적절하게 응대하여 자율성과 접근 성을 제약하는 리스크.,"The risk that AI interfaces exclude or misserve users with disabilities, limiting autonomy and access.",False,False,,,,,,General,SRC-G-0143,RAI4-0174,REWRITE_KEEP|PEER_REVIEW,Peer-review spacing restoration,L3_MASTER|NIST_AI_RMF|OECD_AI_PRINCIPLES|KOREA_AI_BASIC_ACT,,General,SOURCE_DOMAIN,G_SYS_INPUT,0.766294,L3_MASTER_VALIDATED
RAI4-0178,,,서비스 배제,Service exclusion,AI 시스템 또는 AI 알고리즘의 설계·학습·배포·사용 과정이 자동화된 시스템과의 상호 작용이 유일한 실질적 접근 경로가 되면서 사용자가 필수 서비스에서 배제되는 리스크.,"The risk that an AI system or AI algorithm, through design, training, deployment, or use, creates a condition in which users are excluded from essential services when interaction with automated systems becomes the only practical access route.",자동화된 시스템과의 상호작용이 유일한 실 질적 접근 경로가 되면서 사용자가 필수 서비 스에서 배제되는 리스크.,The risk that users are excluded from essential services when interaction with automated systems becomes the only practical access route.,False,False,,,,,,General,SRC-G-0144,RAI4-0178,REWRITE_KEEP|PEER_REVIEW|TITLE_TERMINOLOGY_NORMALISATION|L3_AI_GROUNDING,"Bilingual definition grounded in an explicit AI technology, causal mechanism, and immutable L3 scope",L3_MASTER|NIST_AI_RMF|OECD_AI_PRINCIPLES|KOREA_AI_BASIC_ACT|L3_MASTER,,General,SOURCE_DOMAIN,G_SYS_OREF,0.717083,L3_MASTER_AI_REWRITE
RAI4-0307,,,로봇·AI 정체성 미고지,Failure to disclose robotic or AI identity,시스템이 인공적 정체성을 명확히 알리지 않아 사용자가 로봇의 음성·외형·행동을 사람과의 상호 작용으로 오인하는 위험.,"The risk that a robot's voice, appearance, or behavior causes a person to believe they are interacting with a human because the system does not clearly disclose its artificial identity.",시스템이 인공적 정체성을 명확히 알리지 않 아 사용자가 로봇의 음성·외형·행동을 사람과 의 상호작용으로 오인하는 위험.,"A robot's voice, appearance, or behavior causes a person to believe they are interacting with a human because the system does not clearly disclose its artificial identity.",False,False,,,,,,General,SRC-G-0145,RAI4-0307,REWRITE_KEEP|PEER_REVIEW,Peer-review spacing restoration,L3_MASTER|NIST_AI_RMF|OECD_AI_PRINCIPLES|KOREA_AI_BASIC_ACT,,General,SOURCE_DOMAIN,G_SYS_TRANS,0.717776,L3_MASTER_VALIDATED
RAI4-0607,,,AI 생성 콘텐츠 미공개,Non-disclosure of AI-generated content,콘텐츠가 AI에 의해 생성되었다는 사실이 명확히 공개되지 않는 리스크.,The risk that content is not clearly disclosed as AI-generated.,콘텐츠가 AI에 의해 생성되었다는 사실이 명 확히 공개되지 않는 리스크.,The risk that content is not clearly disclosed as AI-generated.,False,False,,,,,,General,SRC-G-0146,RAI4-0607,REWRITE_KEEP|PEER_REVIEW,Peer-review spacing restoration,L3_MASTER|NIST_AI_RMF|OECD_AI_PRINCIPLES|KOREA_AI_BASIC_ACT,,General,SOURCE_DOMAIN,G_SYS_TRANS,0.711777,L3_MASTER_VALIDATED
RAI4-0826,,,검증된 전문성 범위를 벗어난 AI 조언,AI advice beyond validated professional scope,AI 시스템이 검증된 역량·전문성·권한을 넘어 의료·법률·금융·선거 관련 조언이나 안전 판단을 제공하고 이를 신뢰할 수 있는 것처럼 제시하여 이용자의 잘못된 의사 결정과 물질적·법적·신체적 피해를 유발하는 리스크.,"The risk that an AI system provides medical, legal, financial, electoral, or safety advice beyond its validated capability, expertise, or authority and presents that advice as reliable, inducing misplaced trust, erroneous decisions, and material, legal, or physical harm.","시스템이 재정·의료·법률·선거 사안에 대해 신 뢰성의 한계나 전문가 상담 필요성을 알리지 않은 채 조언을 제공하거나, 위험한 활동과 물 건이 안전하다고 서술하는 리스크. 이용자는 중대한 결정에서 자격 없는 안내에 의존하여 재산상 손실, 법적 불이익, 신체적 상해에 노 출된다.","The risk that a system provides financial, medical, legal, or electoral advice without indicating that it may be unreliable or that a qualified professional should be consulted, or states that dangerous activities and objects are safe. Users rely on unqualified guidance in consequential decisions and are exposed to financial loss, legal detriment, and physical injury.",False,False,,,,,,General,SRC-G-0147,RAI4-0826,REWRITE_KEEP|PEER_REVIEW|L3_MASTER_SCOPE_REWRITE,"Definition narrowed to the subject, mechanism, and adverse outcome of the immutable L3 master",L3_MASTER|NIST_AI_RMF|OECD_AI_PRINCIPLES|KOREA_AI_BASIC_ACT,G_SYS_OEXT,General,SOURCE_DOMAIN,G_SYS_OEXT,0.855995,L3_MASTER_VALIDATED
RAI4-1198,,,이용자 정서 맥락 인식 실패,Failure to recognize a user's emotional context,AI 시스템이 지원을 요청하는 취약 이용자의 고통·정서 상태·반응을 상호 작용 맥락으로 충분히 인식하거나 반영하지 못해 정서적으로 부적절한 응답을 생성하고 이용자의 안녕을 저해하는 리스크.,"The risk that an AI system fails to recognize or apply a vulnerable user's distress, emotional state, or reactions as relevant interaction context, producing emotionally inappropriate responses that undermine the user's well-being.",지원을 요청하는 취약 사용자에게 시스템이 정보 중심적이지만 정서적으로 둔감한 응답 을 제공하여 사용자 고통과 반응을 인지하지 못하는 리스크,"Systems respond to vulnerable users seeking support with informative but emotionally insensitive outputs, failing to register user distress and reactions.",False,False,,,,,,General,SRC-G-0148,RAI4-1198,REWRITE_KEEP|PEER_REVIEW|L3_MASTER_SCOPE_REWRITE,"Definition narrowed to the subject, mechanism, and adverse outcome of the immutable L3 master",L3_MASTER|NIST_AI_RMF|OECD_AI_PRINCIPLES|KOREA_AI_BASIC_ACT,G_SYS_CONTEXT,General,SOURCE_DOMAIN,G_SYS_CONTEXT,0.885898,L3_MASTER_VALIDATED
RAI4-1208,,,사용자 데이터 보유·재학습,Retention and reuse of user data,"생성 AI 도구가 접근을 위해 로그인을 요구하고 연락처와 IP 주소, 모든 입력과 출력을 보유하면서 이를 모델을 추가 학습시키는 데 사용하여 동의 문제를 일으키는 리스크.","The risk that generative AI tools require users to log in and retain user information including contact information, IP address, and all inputs and outputs, using this data to further train the models and thereby implicating consent.","생성 AI 도구가 접근을 위해 로그인을 요구하 고 연락처와 IP 주소, 모든 입력과 출력을 보 유하면서 이를 모델을 추가 학습시키는 데 사용하여 동의 문제를 일으키는 리스크.","The risk that generative AI tools require users to log in and retain user information including contact information, IP address, and all inputs and outputs, using this data to further train the models and thereby implicating consent.",False,False,,,,,,General,SRC-G-0149,RAI4-1208,REWRITE_KEEP|PEER_REVIEW,Peer-review spacing restoration,L3_MASTER|NIST_AI_RMF|OECD_AI_PRINCIPLES|KOREA_AI_BASIC_ACT,,General,SOURCE_DOMAIN,G_SYS_CONTEST,0.682569,L3_MASTER_VALIDATED
RAI4-0068,,,AI 사고·아차사고 과소보고,Underreporting of AI incidents and near misses,"AI 관련 실패·아차 사고·피해가 책임 기관과 대중에게 보고되지 않거나 잘못 분류되거나 뒤늦게 공개되어, 전조 신호가 소실되고 심각한 피해가 현실화되기 전에 조직적·사회적 학습이 이루어지지 못하는 리스크.","The risk that AI-related failures, near misses, and harms go unreported, misclassified, or belatedly disclosed to responsible institutions and the public, so precursor signals are lost and organizational and societal learning fails before serious harm materializes.","AI 관련 실패·아차사고·피해가 책임 기관과 대 중에게 보고되지 않거나 잘못 분류되거나 뒤 늦게 공개되어, 전조 신호가 소실되고 심각한 피해가 현실화되기 전에 조직적·사회적 학습 이 이루어지지 못하는 리스크.","The risk that AI-related failures, near misses, and harms go unreported, misclassified, or belatedly disclosed to responsible institutions and the public, so precursor signals are lost and organizational and societal learning fails before serious harm materializes.",False,False,,,,,,General,SRC-G-0151,RAI4-0068,REWRITE_KEEP|PEER_REVIEW,Peer-review spacing restoration,L3_MASTER|NIST_AI_RMF|OECD_AI_PRINCIPLES|KOREA_AI_BASIC_ACT,,General,SOURCE_DOMAIN,G_SOC_GOV,0.775253,L3_MASTER_VALIDATED
RAI4-0072,,,배포 후 모니터링·감시 실패,Post-deployment monitoring and surveillance failure,"출시된 AI 시스템에 고위험 제품 안전 체계에 준하는 모니터링·시판 후 감시 메커니즘이 갖춰지지 않아, 드리프트, 오용, 창발 역량, 맥락 특유의 피해가 탐지·시정되지 못하는 리스크.","The risk that AI systems, once released, lack monitoring and post-market surveillance mechanisms comparable to high-risk product safety regimes, so drift, misuse, emergent capabilities, and context-specific harms go undetected and unaddressed.","출시된 AI 시스템에 고위험 제품 안전 체계에 준하는 모니터링·시판 후 감시 메커니즘이 갖 춰지지 않아, 드리프트, 오용, 창발 역량, 맥락 특유의 피해가 탐지·시정되지 못하는 리스크.","The risk that AI systems, once released, lack monitoring and post-market surveillance mechanisms comparable to high-risk product safety regimes, so drift, misuse, emergent capabilities, and context-specific harms go undetected and unaddressed.",False,False,,,,,,General,SRC-G-0152,RAI4-0072,REWRITE_KEEP|PEER_REVIEW,Peer-review spacing restoration,L3_MASTER|NIST_AI_RMF|OECD_AI_PRINCIPLES|KOREA_AI_BASIC_ACT,,General,SOURCE_DOMAIN,G_SYS_EVAL,0.765706,L3_MASTER_VALIDATED
RAI4-0080,,,위험 분류 오류,Risk classification error,AI 시스템이 잘못된 법적·조직적·운영상 위험 등급에 배정되어 감독·시험·문서화·책임성 의무가 과소 적용되는 리스크.,"The risk that an AI system is assigned to an incorrect legal, organizational, or operational risk tier, causing oversight, testing, documentation, or accountability duties to be underapplied.",AI 시스템이 잘못된 법적·조직적·운영상 위험 등급에 배정되어 감독·시험·문서화·책임성 의 무가 과소 적용되는 리스크.,"The risk that an AI system is assigned to an incorrect legal, organizational, or operational risk tier, causing oversight, testing, documentation, or accountability duties to be underapplied.",False,False,,,,,,General,SRC-G-0153,RAI4-0080,REWRITE_KEEP|PEER_REVIEW,Peer-review spacing restoration,L3_MASTER|NIST_AI_RMF|OECD_AI_PRINCIPLES|KOREA_AI_BASIC_ACT,,General,SOURCE_DOMAIN,G_SYS_OEXT,0.780426,L3_MASTER_VALIDATED
RAI4-0088,,,표준 단편화,Standards fragmentation,"AI 표준과 프레임 워크가 일관되지 않아 감독의 공백, 중복, 상호 운용성 저하가 발생하는 리스크.","The risk that inconsistent AI standards and frameworks create gaps, duplication, and weak interoperability of oversight.","AI 표준과 프레임워크가 일관되지 않아 감독 의 공백, 중복, 상호운용성 저하가 발생하는 리스크.","The risk that inconsistent AI standards and frameworks create gaps, duplication, and weak interoperability of oversight.",False,False,,,,,,General,SRC-G-0154,RAI4-0088,REWRITE_KEEP|PEER_REVIEW,Peer-review spacing restoration,L3_MASTER|NIST_AI_RMF|OECD_AI_PRINCIPLES|KOREA_AI_BASIC_ACT,,General,SOURCE_DOMAIN,G_SOC_GOV,0.749682,L3_MASTER_VALIDATED
RAI4-0095,,,AI 레지스트리 불완전성,AI registry incompleteness,"공개 또는 내부 AI 등록부가 배포 시스템, 의도된 용도, 제공자, 위험 범주, 시험 근거 등 감독에 필요한 메타 데이터를 누락하는 리스크.","The risk that public or internal AI registers omit deployed systems, intended uses, providers, risk categories, testing evidence, or other oversight-relevant metadata.","공개 또는 내부 AI 등록부가 배포 시스템, 의 도된 용도, 제공자, 위험 범주, 시험 근거 등 감 독에 필요한 메타데이터를 누락하는 리스크.","The risk that public or internal AI registers omit deployed systems, intended uses, providers, risk categories, testing evidence, or other oversight-relevant metadata.",False,False,,,,,,General,SRC-G-0155,RAI4-0095,REWRITE_KEEP|PEER_REVIEW,Peer-review spacing restoration,L3_MASTER|NIST_AI_RMF|OECD_AI_PRINCIPLES|KOREA_AI_BASIC_ACT,,General,SOURCE_DOMAIN,G_SYS_EVAL,0.755501,L3_MASTER_VALIDATED
RAI4-0098,,,정책-실무 분리,Policy-practice decoupling,공개된 AI 원칙 및 정책이 운영 제어 및 측정 가능한 관행으로 변환되지 않는 위험.,The risk that published AI principles and policies are not translated into operational controls and measurable practices.,공개된 AI 원칙 및 정책이 운영 제어 및 측정 가능한 관행으로 변환되지 않는 위험.,Risk that published AI principles and policies are not translated into operational controls and measurable practices.,False,False,,,,,,General,SRC-G-0156,RAI4-0098,REWRITE_KEEP|PEER_REVIEW,Peer-review spacing restoration,L3_MASTER|NIST_AI_RMF|OECD_AI_PRINCIPLES|KOREA_AI_BASIC_ACT,,General,SOURCE_DOMAIN,G_SYS_TRANS,0.713754,L3_MASTER_VALIDATED
RAI4-0099,,,AI 조달의 불충분한 실사,Inadequate due diligence in AI procurement,"조직이 AI 시스템을 조달할 때 공급자, 학습 데이터, 성능 한계, 보안, 법규 준수, 인권·안전 영향을 충분히 조사·검증하지 않아 알려진 또는 예견 가능한 위험이 계약과 배포 과정에 유입되는 리스크.","The risk that an organisation procures an AI system without adequate investigation and verification of the supplier, training data, performance limits, security, legal compliance, and human-rights or safety impacts, allowing known or foreseeable risks to enter contracting and deployment.","조직이 실질적인 시험·문서화·독립적 검증이 나 감독자에 대한 실권·정보 부여 없이 책임 있는 AI 공약, 준수 주장, 명목상의 인간 감독 을 평판 신호로 내세워, 책임성의 외양 뒤에서 유해한 관행이 지속되는 리스크.","The risk that organizations present responsible-AI commitments, compliance claims, or nominal human oversight as reputational signals while avoiding meaningful testing, documentation, independent scrutiny, or real authority and information for overseers, so harmful practices persist behind an appearance of accountability.",False,False,,,,Title: Inadequate due diligence in AI procurement,,General,SRC-G-0157,RAI4-0099,EDIT|REWRITE_KEEP|PEER_REVIEW,Peer-review spacing restoration,L3_MASTER|NIST_AI_RMF|OECD_AI_PRINCIPLES|KOREA_AI_BASIC_ACT,,General,SOURCE_DOMAIN,G_SYS_EVAL,0.762309,L3_MASTER_VALIDATED
RAI4-0104,,,AI 조달의 공급업체 평가·계약통제 미흡,Inadequate vendor assessment and contractual controls in AI procurement,"공공 기관을 포함한 조직이 적절한 공급업체 평가, 성능 검증, 계약상 통제, 투명성·책임성 조건 없이 AI 시스템을 구매·배포하여, 검증되지 않은 위험이 운영에 유입되는 리스크.","The risk that organizations, including public agencies, buy or deploy AI systems without adequate vendor assessment, evaluation, contractual controls, or transparency and accountability conditions, admitting unvetted risks into operation.","공공기관을 포함한 조직이 적절한 공급업체 평가, 성능 검증, 계약상 통제, 투명성·책임성 조건 없이 AI 시스템을 구매·배포하여, 검증되 지 않은 위험이 운영에 유입되는 리스크.","The risk that organizations, including public agencies, buy or deploy AI systems without adequate vendor assessment, evaluation, contractual controls, or transparency and accountability conditions, admitting unvetted risks into operation.",False,False,,,,,,General,SRC-G-0158,RAI4-0104,EDIT|REWRITE_KEEP|PEER_REVIEW,Peer-review spacing restoration,L3_MASTER|NIST_AI_RMF|OECD_AI_PRINCIPLES|KOREA_AI_BASIC_ACT,,General,SOURCE_DOMAIN,G_SYS_EVAL,0.761735,L3_MASTER_VALIDATED
RAI4-0111,,,범용 AI 사고 에스컬레이션 실패,General-purpose AI incident escalation failure,"범용 모델이나 기반 모델과 관련된 사고가 제공자, 배포자, 규제 기관, 사용자에게 상향 보고되지 않는 리스크.","The risk that incidents involving generalpurpose or foundation models are not escalated across providers, deployers, regulators, and users.","범용 모델이나 기반 모델과 관련된 사고가 제 공자, 배포자, 규제기관, 사용자에게 상향 보 고되지 않는 리스크.","The risk that incidents involving generalpurpose or foundation models are not escalated across providers, deployers, regulators, and users.",False,False,,,,,,General,SRC-G-0159,RAI4-0111,REWRITE_KEEP|PEER_REVIEW,Peer-review spacing restoration,L3_MASTER|NIST_AI_RMF|OECD_AI_PRINCIPLES|KOREA_AI_BASIC_ACT,,General,SOURCE_DOMAIN,G_SYS_EVAL,0.726413,L3_MASTER_VALIDATED
RAI4-0167,,,AI 인터페이스와 인적 요소의 불일치,Mismatch between AI interfaces and human factors,"AI 시스템 또는 AI 알고리즘의 설계·학습·배포·사용 과정이 인터페이스 단서가 시스템이 실제로 갖추지 못한 신뢰성·권위·공감을 전달하고 시스템 설계가 인간의 주의, 업무 부하, 맥락, 오류 패턴과 맞지 않아, 잘못된 신뢰와 안전하지 않은 사용을 유발하는 리스크.","The risk that an AI system or AI algorithm, through design, training, deployment, or use, creates a condition in which interface cues convey a level of reliability, authority, or empathy the system does not possess, and that system design is poorly matched to human attention, workload, context, and error patterns, inducing misplaced trust and unsafe use.","인터페이스 단서가 시스템이 실제로 갖추지 못한 신뢰성·권위·공감을 전달하고 시스템 설 계가 인간의 주의, 업무 부하, 맥락, 오류 패턴 과 맞지 않아, 잘못된 신뢰와 안전하지 않은 사용을 유발하는 리스크.","The risk that interface cues convey a level of reliability, authority, or empathy the system does not possess, and that system design is poorly matched to human attention, workload, context, and error patterns, inducing misplaced trust and unsafe use.",False,False,,,,,,General,SRC-G-0160,RAI4-0167,REWRITE_KEEP|PEER_REVIEW|L3_AI_GROUNDING,"Bilingual definition grounded in an explicit AI technology, causal mechanism, and immutable L3 scope",L3_MASTER|NIST_AI_RMF|OECD_AI_PRINCIPLES|KOREA_AI_BASIC_ACT|L3_MASTER,,General,SOURCE_DOMAIN,G_INT_ANTH,0.7611,L3_MASTER_AI_REWRITE
RAI4-0391,,,참여적·가치 민감 설계의 실패,Failure of participatory and value-sensitive design,"AI 시스템이 이해관계자 가치, 가치 갈등, 설계상 절충에 대한 구조화된 분석이나 영향 받는 공동체의 실질적 대표 없이 개발·배포되어, 검토되지 않은 가치 선택이 시스템에 내재되고 해당 공동체의 이익이 침해되는 리스크.","The risk that AI systems are developed and deployed without structured analysis of stakeholder values, value conflicts, and design tradeoffs, or without genuine representation of affected communities, embedding unexamined value choices that disserve those communities.","AI 시스템이 이해관계자 가치, 가치 갈등, 설 계상 절충에 대한 구조화된 분석이나 영향받 는 공동체의 실질적 대표 없이 개발·배포되어, 검토되지 않은 가치 선택이 시스템에 내재되 고 해당 공동체의 이익이 침해되는 리스크.","The risk that AI systems are developed and deployed without structured analysis of stakeholder values, value conflicts, and design tradeoffs, or without genuine representation of affected communities, embedding unexamined value choices that disserve those communities.",False,False,,,,Title: Failure of participatory and value-sensitive,,General,SRC-G-0161,RAI4-0391,EDIT|REWRITE_KEEP|PEER_REVIEW,Peer-review spacing restoration,L3_MASTER|NIST_AI_RMF|OECD_AI_PRINCIPLES|KOREA_AI_BASIC_ACT,,General,SOURCE_DOMAIN,G_SYS_EVAL,0.762382,L3_MASTER_VALIDATED
RAI4-0400,,,도덕적 불확실성 무시,Moral uncertainty neglect,불확실성·이견·숙의가 적절한 상황에서 AI 시스템이 단일한 확신에 찬 도덕 판단을 제시하는 리스크.,"The risk that AI systems present a single confident moral judgment where uncertainty, disagreement, or deliberation would be appropriate.",불확실성·이견·숙의가 적절한 상황에서 AI 시스템이 단일한 확신에 찬 도덕 판단을 제시하 는 리스크.,"The risk that AI systems present a single confident moral judgment where uncertainty, disagreement, or deliberation would be appropriate.",False,False,,,,,,General,SRC-G-0162,RAI4-0400,REWRITE_KEEP|PEER_REVIEW,Peer-review spacing restoration,L3_MASTER|NIST_AI_RMF|OECD_AI_PRINCIPLES|KOREA_AI_BASIC_ACT,,General,SOURCE_DOMAIN,G_SYS_OVERCONF,0.774311,L3_MASTER_VALIDATED
RAI4-0443,,,출처 오귀속,Incorrect source attribution,"AI 시스템이 주장을 잘못 귀속하거나 정보의 출처를 모호하게 만들며, 근사에 기반한 귀속 기법이 출력을 생성한 학습 데이터를 부정확하게 지목하는 경우를 포함하여, 사용자가 콘텐츠의 실제 출처를 추적·검증할 수 없게되는 리스크.","The risk that AI systems misattribute claims or obscure the provenance of information, including when approximation-based attribution techniques give an incorrect account of which training data generated an output, leaving users unable to trace or verify the true origin of content.","AI 시스템이 주장을 잘못 귀속하거나 정보의 출처를 모호하게 만들며, 근사에 기반한 귀속 기법이 출력을 생성한 학습 데이터를 부정확 하게 지목하는 경우를 포함하여, 사용자가 콘 텐츠의 실제 출처를 추적·검증할 수 없게되는 리스크.","The risk that AI systems misattribute claims or obscure the provenance of information, including when approximation-based attribution techniques give an incorrect account of which training data generated an output, leaving users unable to trace or verify the true origin of content.",False,False,,,,,,General,SRC-G-0163,RAI4-0443,REWRITE_KEEP|PEER_REVIEW,Peer-review spacing restoration,L3_MASTER|NIST_AI_RMF|OECD_AI_PRINCIPLES|KOREA_AI_BASIC_ACT,,General,SOURCE_DOMAIN,G_SYS_MISINFO,0.736063,L3_MASTER_VALIDATED
RAI4-0512,,,고속 AI 운영에서의 오류 미탐지,Undetected errors from high-speed AI operation,경쟁이 치열한 환경에서 AI 모델과 시스템의 빠른 작동 속도로 인해 오류를 적시에 탐지하고 수정하기 어려워지는 리스크.,The risk that the fast operational speed of AI models and systems in competitive environments produces errors that are difficult to detect and correct in time.,경쟁이 치열한 환경에서 AI 모델과 시스템의 빠른 작동 속도로 인해 오류를 적시에 탐지하 고 수정하기 어려워지는 리스크,The risk that the fast operational speed of AI models and systems in competitive environments produces errors that are difficult to detect and correct in time.,False,False,,,,,,General,SRC-G-0164,RAI4-0512,REWRITE_KEEP|PEER_REVIEW,Peer-review spacing restoration,L3_MASTER|NIST_AI_RMF|OECD_AI_PRINCIPLES|KOREA_AI_BASIC_ACT,,General,SOURCE_DOMAIN,G_SOC_GOV,0.740991,L3_MASTER_VALIDATED
RAI4-0549,,,역량·안전을 오측정하는 벤치마크 한계,Benchmark limitations mismeasuring capability and safety,"포화되었거나 불완전하거나 과적합된 벤치마크가 AI 시스템을 잘못 측정하여, 시험 범위 밖의 역량은 과소평가하고 벤치마크 내용에 맞춰진 역량은 과대평가하며 안전·유해성 평가가 성능 평가에 뒤처짐으로써, 개발자와 사용자가 시스템의 능력·한계·유해성에 대해 그릇된 인식과 안전 확신을 갖게 되는 리스크.","The risk that saturated, incomplete, or overfitted benchmarks mismeasure AI systems, underestimating capabilities that lack test coverage, overestimating those tuned to benchmark contents, and lagging on safety and harm assessment, so developers and users acquire a false sense of the system's abilities, limitations, and safety.","포화되었거나 불완전하거나 과적합된 벤치마 크가 AI 시스템을 잘못 측정하여, 시험 범위 밖의 역량은 과소평가하고 벤치마크 내용에 맞춰진 역량은 과대평가하며 안전·유해성 평 가가 성능 평가에 뒤처짐으로써, 개발자와 사용자가 시스템의 능력·한계·유해성에 대해 그 릇된 인식과 안전 확신을 갖게 되는 리스크.","The risk that saturated, incomplete, or overfitted benchmarks mismeasure AI systems, underestimating capabilities that lack test coverage, overestimating those tuned to benchmark contents, and lagging on safety and harm assessment, so developers and users acquire a false sense of the system's abilities, limitations, and safety.",False,False,,,,,,General,SRC-G-0165,RAI4-0549,REWRITE_KEEP|PEER_REVIEW,Peer-review spacing restoration,L3_MASTER|NIST_AI_RMF|OECD_AI_PRINCIPLES|KOREA_AI_BASIC_ACT,,General,SOURCE_DOMAIN,G_SYS_EVAL,0.802948,L3_MASTER_VALIDATED
RAI4-0552,,,안전 필수 인프라 AI 운영 사고,Operational accidents in safety-critical AI deployment,"안전이 중요한 인프라에 배포된 AI 시스템의 운영 실패, 모델 오판, 부적절한 인간 조작으로 단일 실패 지점이 연쇄적이고 치명적인 결과로 확대되는 리스크.","The risk that operational failures, model misjudgments, or improper human operation of AI systems deployed in safety-critical infrastructure allow single points of failure to trigger cascading catastrophic consequences.","안전이 중요한 인프라에 배포된 AI 시스템의 운영 실패, 모델 오판, 부적절한 인간 조작으 로 단일 실패 지점이 연쇄적이고 치명적인 결과로 확대되는 리스크","The risk that operational failures, model misjudgments, or improper human operation of AI systems deployed in safety-critical infrastructure allow single points of failure to trigger cascading catastrophic consequences.",False,False,,,1,"중복: RAI4-0608(원자력·핵심 인프라 AI 제어 오류)와 ""안전필수 인프라 AI 실패→연쇄 재난""",,General,SRC-G-0166,RAI4-0552,REWRITE_KEEP|PEER_REVIEW,Peer-review spacing restoration,L3_MASTER|NIST_AI_RMF|OECD_AI_PRINCIPLES|KOREA_AI_BASIC_ACT,,General,SOURCE_DOMAIN,G_SYS_INPUT,0.754245,L3_MASTER_VALIDATED
RAI4-0584,,,기반모델 공유에 따른 상관 실패,Correlated failures from shared foundation models,"대규모 사전 학습 비용 때문에 최첨단 기반 모델이 자원이 풍부한 소수 행위자의 통제 아래 소수만 존재하게 되어, 다수의 하류 시스템과 에이전트가 유사한 학습 구성 요소를 공유하면서 균질화된 출력, 증폭된 편향, 안전과 역량 양면의 상관된 실패를 보이는 리스크.","The risk that the expense of large-scale pretraining leaves cutting-edge foundation models few in number and controlled by well-resourced actors, so many downstream systems and agents share similar learned components and exhibit homogenized outputs, amplified biases, and correlated failures in both safety and capability.","대규모 사전학습 비용 때문에 최첨단 기반모델이 자원이 풍부한 소수 행위자의 통제 아래 소수만 존재하게 되어, 다수의 하류 시스템과 에이전트가 유사한 학습 구성요소를 공유하 면서 균질화된 출력, 증폭된 편향, 안전과 역 량 양면의 상관된 실패를 보이는 리스크.","The risk that the expense of large-scale pretraining leaves cutting-edge foundation models few in number and controlled by well-resourced actors, so many downstream systems and agents share similar learned components and exhibit homogenized outputs, amplified biases, and correlated failures in both safety and capability.",False,False,,,,,,General,SRC-G-0167,RAI4-0584,REWRITE_KEEP|PEER_REVIEW,Peer-review spacing restoration,L3_MASTER|NIST_AI_RMF|OECD_AI_PRINCIPLES|KOREA_AI_BASIC_ACT,,General,SOURCE_DOMAIN,G_SYS_CONTEXT,0.672862,L3_MASTER_VALIDATED
RAI4-0608,,,원자력 및 핵심 인프라에 대한 AI 제어 오류,Erroneous AI control of nuclear and critical infrastructure systems,"원자력 시설, 방사성 물질 취급, 전력망·수처리·통신·교통 등 핵심 인프라의 감시·최적화·자동화에 배포된 AI가 센서 데이터를 오독하고 중대한 안전 상태나 연쇄 장애를 인식하지 못하는 리스크. 그 결과 잘못된 제어 결정이 방사능 유출과 격리 실패, 광범위한 정전, 필수 서비스 붕괴를 초래하는 리스크.","The risk that AI deployed to monitor, optimize, or automate nuclear facilities, radioactive material handling, power grids, water treatment, telecommunications, or transport misreads sensor data and fails to recognize critical safety conditions or cascading failure modes. The resulting control decisions cause radiation release, containment failure, widespread outages, and collapse of essential services.","원자력 시설, 방사성 물질 취급, 전력망·수처 리·통신·교통 등 핵심 인프라의 감시·최적화·자동화에 배포된 AI가 센서 데이터를 오독하 고 중대한 안전 상태나 연쇄 장애를 인식하지 못하는 리스크. 그 결과 잘못된 제어 결정이 방사능 유출과 격리 실패, 광범위한 정전, 필 수 서비스 붕괴를 초래한다.","The risk that AI deployed to monitor, optimize, or automate nuclear facilities, radioactive material handling, power grids, water treatment, telecommunications, or transport misreads sensor data and fails to recognize critical safety conditions or cascading failure modes. The resulting control decisions cause radiation release, containment failure, widespread outages, and collapse of essential services.",False,False,,,1,중복: RAI4-0552(안전 필수 인프라 AI 운영 사고)와 핵심 인프라 제어 실패,,General,SRC-G-0168,RAI4-0608,REWRITE_KEEP|PEER_REVIEW,분량 초과: L3 수준 1문장으로 축약 필요,L3_MASTER|NIST_AI_RMF|OECD_AI_PRINCIPLES|KOREA_AI_BASIC_ACT,,General,SOURCE_DOMAIN,G_SOC_GOV,0.768474,L3_MASTER_VALIDATED
RAI4-0780,,,데이터 수집 품질관리 결함,Deficient data collection quality control,"AI 시스템 또는 AI 알고리즘의 설계·학습·배포·사용 과정이 표준화된 방법과 인프라, 특히 고위험 도메인과 벤치마크의 데이터 수집을 위한 품질 관리 절차가 부재하여 수집 데이터의 품질과 유형이 훼손되고, 데이터셋 오염, 부주의한 저작권 침해, 성능 지표를 무효화하는 테스트 셋 유출이 발생하는 리스크.","The risk that the design, training, deployment, or use of an AI system or AI algorithm creates a condition in which a lack of standardized methods, sufficient infrastructure, and quality-control processes for collecting data, especially for high-stakes domains and benchmarks, affects the quality and type of data collected, including dataset poisoning, inadvertent copyright violation, and test-set leakage that invalidates performance metrics.","표준화된 방법과 인프라, 특히 고위험 도메인 과 벤치마크의 데이터 수집을 위한 품질관리 절차가 부재하여 수집 데이터의 품질과 유형 이 훼손되고, 데이터셋 오염, 부주의한 저작권 침해, 성능 지표를 무효화하는 테스트셋 유출 이 발생하는 리스크","The risk that a lack of standardized methods, sufficient infrastructure, and quality-control processes for collecting data, especially for high-stakes domains and benchmarks, affects the quality and type of data collected, including dataset poisoning, inadvertent copyright violation, and test-set leakage that invalidates performance metrics.",False,False,,,1,"중복: RAI4-1040(학습·검증 데이터 품질 결함·부적절 선택)와 ""데이터 수집·품질관리 결함→오염·유출""",,General,SRC-G-0169,RAI4-0780,REWRITE_KEEP|PEER_REVIEW|L3_AI_GROUNDING,"Bilingual definition grounded in an explicit AI technology, causal mechanism, and immutable L3 scope",L3_MASTER|NIST_AI_RMF|OECD_AI_PRINCIPLES|KOREA_AI_BASIC_ACT|L3_MASTER,,General,SOURCE_DOMAIN,G_SYS_EVAL,0.692109,L3_MASTER_AI_REWRITE
RAI4-0889,,,과장된 역량 주장과 제품 기능 실패에 따른 피해,Harm from overstated capabilities and product function failure,"실제 역량 평가의 어려움과 오도성 홍보로 범용 AI 제품에 대한 비현실적 기대와 과잉 의존이 형성되고, 해당 제품이 환각에 의한 사실 날조, 잘못된 코드 생성, 부정확한 의료 정보 제공 등으로 의도된 기능을 수행하지 못하는 리스크. 이를 신뢰한 이용자는 신체적·심리적 피해를 입고 개인과 조직은 평판·재정·법적 손실을 입는다로 인해 구체적인 위해가 발생하는 리스크.","The risk that difficulty in assessing true capabilities and misleading marketing claims create unrealistic expectations and overreliance on general-purpose AI products, which then fail to deliver their intended function by fabricating facts, generating erroneous code, or providing inaccurate medical information. Users who relied on them suffer physical and psychological harm, while individuals and organizations incur reputational, financial, and legal damage.","실제 역량 평가의 어려움과 오도성 홍보로 범 용 AI 제품에 대한 비현실적 기대와 과잉 의존 이 형성되고, 해당 제품이 환각에 의한 사실 날조, 잘못된 코드 생성, 부정확한 의료 정보 제공 등으로 의도된 기능을 수행하지 못하는 리스크. 이를 신뢰한 이용자는 신체적·심리적 피해를 입고 개인과 조직은 평판·재정·법적 손실을 입는다.","The risk that difficulty in assessing true capabilities and misleading marketing claims create unrealistic expectations and overreliance on general-purpose AI products, which then fail to deliver their intended function by fabricating facts, generating erroneous code, or providing inaccurate medical information. Users who relied on them suffer physical and psychological harm, while individuals and organizations incur reputational, financial, and legal damage.",False,False,,,,,,General,SRC-G-0170,RAI4-0889,REWRITE_KEEP|PEER_REVIEW,분량 초과: L3 수준 1문장으로 축약 필요; 영문 정의 장문: 축약 필요,L3_MASTER|NIST_AI_RMF|OECD_AI_PRINCIPLES|KOREA_AI_BASIC_ACT,,General,SOURCE_DOMAIN,G_SYS_EVAL,0.773858,L3_MASTER_VALIDATED
RAI4-1032,,,복잡 운용환경에서의 검증 범위 이탈 실패,Reliability failure outside validated operating envelope,복잡한 운용 환경에서 설계 단계에 고려되지 않은 상황이 발생하여 검증 범위 밖에서 AI 시스템의 신뢰성과 안전성이 훼손되는 리스크.,"The risk that complex operating environments produce situations unanticipated in design, undermining the reliability and safety of AI systems outside their validated envelope.",복잡한 운용 환경에서 설계 단계에 고려되지 않은 상황이 발생하여 검증 범위 밖에서 AI 시스템의 신뢰성과 안전성이 훼손되는 리스크.,"The risk that complex operating environments produce situations unanticipated in design, undermining the reliability and safety of AI systems outside their validated envelope.",False,False,,,,,,General,SRC-G-0171,RAI4-1032,REWRITE_KEEP|PEER_REVIEW,Peer-review spacing restoration,L3_MASTER|NIST_AI_RMF|OECD_AI_PRINCIPLES|KOREA_AI_BASIC_ACT,,General,SOURCE_DOMAIN,G_SYS_EVAL,0.788359,L3_MASTER_VALIDATED
RAI4-1034,,,복잡한 신경망 모델의 내재적 견고성 취약성,Intrinsic robustness weaknesses of complex neural models,"심층 신경망처럼 비선형적이고 규모가 큰 고복잡 도 모델이 다른 유형의 시스템에는 없는 고유한 취약성을 보여, 복잡하고 변화하는 운영 환경이나 악의적 간섭과 유도에 쉽게 영향을 받는 리스크. 그 결과 성능이 저하되고 의사 결정 오류가 발생하여, 특히 안전 필수 맥락에서 기능 안전과 신뢰성이 훼손되는 리스크.","The risk that high-complexity, non-linear models such as deep neural networks exhibit weaknesses not found in other types of systems, leaving them susceptible to changing operational environments and to malicious interference and inducement. Performance degrades and decision errors follow, undermining functional safety and trustworthiness above all in safety-critical deployments.","심층 신경망처럼 비선형적이고 규모가 큰 고 복잡도 모델이 다른 유형의 시스템에는 없는 고유한 취약성을 보여, 복잡하고 변화하는 운 영 환경이나 악의적 간섭과 유도에 쉽게 영향 을 받는 리스크. 그 결과 성능이 저하되고 의사결정 오류가 발생하여, 특히 안전 필수 맥락 에서 기능 안전과 신뢰성이 훼손된다.","The risk that high-complexity, non-linear models such as deep neural networks exhibit weaknesses not found in other types of systems, leaving them susceptible to changing operational environments and to malicious interference and inducement. Performance degrades and decision errors follow, undermining functional safety and trustworthiness above all in safety-critical deployments.",False,False,,,,,,General,SRC-G-0172,RAI4-1034,REWRITE_KEEP|PEER_REVIEW,분량 초과: L3 수준 1문장으로 축약 필요,L3_MASTER|NIST_AI_RMF|OECD_AI_PRINCIPLES|KOREA_AI_BASIC_ACT,,General,SOURCE_DOMAIN,G_SYS_EVAL,0.676811,L3_MASTER_VALIDATED
RAI4-1037,,,사용례 내재 위험 노출,Inherent use-case risk exposure,"AI 시스템의 의도된 응용 분야나 사용 사례가 본질적으로 높은 위해 가능성을 내포하여, 배포 맥락에 따라 개인·조직·사회에 불균등한 위험을 초래하는 리스크.","The risk that an AI system's intended application or use case inherently carries a high potential for harm, creating unequal risks to individuals, organisations, or society depending on the deployment context.",자율 무기 시스템과 고객 서비스 챗봇처럼 의 도된 응용 분야나 사용 사례 자체가 본질적으 로 더 위험한 데서 비롯되는 리스크.,"The risk posed by the intended application or use case itself, since some use cases are inherently riskier than others, such as an autonomous weapons system versus a customer service chatbot.",False,False,,,,,,General,SRC-G-0174,RAI4-1037,EDIT|REWRITE_KEEP|PEER_REVIEW,Peer-review spacing restoration,L3_MASTER|NIST_AI_RMF|OECD_AI_PRINCIPLES|KOREA_AI_BASIC_ACT,,General,SOURCE_DOMAIN,G_SYS_OEXT,0.736927,L3_MASTER_VALIDATED
RAI4-1040,,,학습·검증 데이터의 품질 결함과 부적절한 선 택,Poor quality and unrepresentative training data selection,"학습과 검증에 사용되는 데이터가 부적절한 수집·큐레이션으로 오염되거나 레이블 오류와 상충 정보를 포함하고, 대상 모집단과 관심 현상을 충분히 대표하지 못하거나 편향된 콘텐츠를 담고 있는 리스크. 이러한 데이터로 학습된 모델은 부정확한 출력을 내고 데이터에 담긴 편향을 재현하거나 오히려 증폭하여 차별적 결정을 산출하는 리스크.","The risk that data selected for training and validation is contaminated, mislabelled, internally inconsistent, or insufficiently representative of the target population and phenomenon, whether through improper curation or the inclusion of biased content. Models trained on such data produce inaccurate outputs and reproduce, and often amplify, the bias it contains, yielding discriminatory decisions.","학습과 검증에 사용되는 데이터가 부적절한 수집·큐레이션으로 오염되거나 레이블 오류 와 상충 정보를 포함하고, 대상 모집단과 관심 현상을 충분히 대표하지 못하거나 편향된 콘 텐츠를 담고 있는 리스크. 이러한 데이터로 학 습된 모델은 부정확한 출력을 내고 데이터에 담긴 편향을 재현하거나 오히려 증폭하여 차 별적 결정을 산출한다.","The risk that data selected for training and validation is contaminated, mislabelled, internally inconsistent, or insufficiently representative of the target population and phenomenon, whether through improper curation or the inclusion of biased content. Models trained on such data produce inaccurate outputs and reproduce, and often amplify, the bias it contains, yielding discriminatory decisions.",False,False,,,1,중복: RAI4-0780(데이터 수집 품질관리 결함)와 데이터 품질 주제 중복,,General,SRC-G-0175,RAI4-1040,REWRITE_KEEP|PEER_REVIEW,분량 초과: L3 수준 1문장으로 축약 필요,L3_MASTER|NIST_AI_RMF|OECD_AI_PRINCIPLES|KOREA_AI_BASIC_ACT,,General,SOURCE_DOMAIN,G_SYS_EVAL,0.733089,L3_MASTER_VALIDATED
RAI4-1108,,,학습-운용 데이터 간 데이터셋 시프트,Dataset shift between training and runtime data,AI/ML 모델의 학습 데이터와 시험·운용 데이터가 서로 다른 분포를 보이는 데이터셋 시프트로 인해 모델의 타당성이 훼손되는 리스크.,"The risk that the training data and the testing or runtime data of an AI/ML model demonstrate different distributions, undermining the model's validity.",AI/ML 모델의 학습 데이터와 시험·운용 데이 터가 서로 다른 분포를 보이는 데이터셋 시프 트로 인해 모델의 타당성이 훼손되는 리스크.,"The risk that the training data and the testing or runtime data of an AI/ML model demonstrate different distributions, undermining the model's validity.",False,False,,,,,,General,SRC-G-0176,RAI4-1108,REWRITE_KEEP|PEER_REVIEW,Peer-review spacing restoration,L3_MASTER|NIST_AI_RMF|OECD_AI_PRINCIPLES|KOREA_AI_BASIC_ACT,,General,SOURCE_DOMAIN,G_SYS_EVAL,0.678613,L3_MASTER_VALIDATED
RAI4-1128,,,AI 비서 편익·피해 평가 지표 부재,Lack of metrics for evaluating assistant benefits and harms,"AI 시스템 또는 AI 알고리즘의 설계·학습·배포·사용 과정이 비서가 초래하는 편익이나 피해의 특정 측면을, 특히 사회의 많은 부분을 포괄할 만큼 광범위한 의미에서 평가할 지표를 개발하기 어려워, 시스템의 피해 위험을 평가하지 못하는 리스크.","The risk that an AI system or AI algorithm, through design, training, deployment, or use, creates a condition in which it is challenging to develop metrics for evaluating particular aspects of the benefits or harms caused by an assistant, especially in a sufficiently expansive sense involving much of society, leaving the system's risk of harm unassessed.","비서가 초래하는 편익이나 피해의 특정 측면 을, 특히 사회의 많은 부분을 포괄할 만큼 광 범위한 의미에서 평가할 지표를 개발하기 어 려워, 시스템의 피해 위험을 평가하지 못하는 리스크.","The risk that it is challenging to develop metrics for evaluating particular aspects of the benefits or harms caused by an assistant, especially in a sufficiently expansive sense involving much of society, leaving the system's risk of harm unassessed.",False,False,,,,,,General,SRC-G-0178,RAI4-1128,REWRITE_KEEP|PEER_REVIEW|L3_AI_GROUNDING,"Bilingual definition grounded in an explicit AI technology, causal mechanism, and immutable L3 scope",L3_MASTER|NIST_AI_RMF|OECD_AI_PRINCIPLES|KOREA_AI_BASIC_ACT|L3_MASTER,,General,SOURCE_DOMAIN,G_SYS_TRANS,0.731854,L3_MASTER_AI_REWRITE
RAI4-1280,,,검증 불가능한 블랙박스 모델의 설명·결함 진 단 곤란,Unverifiable black-box models resisting explanation and debugging,"수천억 개의 내부 연결을 갖는 비선형 모델의 의사 결정 과정이 전문가와 개발자조차 추적·해석할 수 없는 블랙 박스가 되어 예측의 근거를 설명하거나 코드를 검증할 수 없는 리스크. 데이터와 모델의 결함이 탐지되지 않아 성능과 안전 수준이 저하되고, 실 세계 시스템과 연결될 경우 예기치 못한 고장이 사고로 이어지며, 의료와 군사 등 응용에서는 이러한 검증 부재가 용납될 수 없는 리스크.","The risk that the non-linear complexity of models with hundreds of billions of internal connections renders their decision processes untraceable and uninterpretable even to expert developers, so that predictions cannot be explained or the code verified. Faults in the data or the model go undetected, performance and safety decline, unexpected failures cause accidents once the system is connected to real-world processes, and the absence of verification is intolerable in domains such as healthcare and defence.","수천억 개의 내부 연결을 갖는 비선형 모델의 의사결정 과정이 전문가와 개발자조차 추적·해석할 수 없는 블랙박스가 되어 예측의 근거 를 설명하거나 코드를 검증할 수 없는 리스크. 데이터와 모델의 결함이 탐지되지 않아 성능 과 안전 수준이 저하되고, 실세계 시스템과 연 결될 경우 예기치 못한 고장이 사고로 이어지 며, 의료와 군사 등 응용에서는 이러한 검증 부재가 용납될 수 없다.","The risk that the non-linear complexity of models with hundreds of billions of internal connections renders their decision processes untraceable and uninterpretable even to expert developers, so that predictions cannot be explained or the code verified. Faults in the data or the model go undetected, performance and safety decline, unexpected failures cause accidents once the system is connected to real-world processes, and the absence of verification is intolerable in domains such as healthcare and defence.",False,False,,,,,,General,SRC-G-0179,RAI4-1280,REWRITE_KEEP|PEER_REVIEW,분량 초과: L3 수준 1문장으로 축약 필요; 영문 정의 장문: 축약 필요,L3_MASTER|NIST_AI_RMF|OECD_AI_PRINCIPLES|KOREA_AI_BASIC_ACT,,General,SOURCE_DOMAIN,G_SYS_EVAL,0.714467,L3_MASTER_VALIDATED
RAI4-1336,,,학습 데이터 어노테이션 결함,Deficient training-data annotation,"불완전한 주석 지침과 역량이 부족한 주석 자, 주석 오류가 모델과 알고리즘의 정확성과 신뢰성, 효과를 떨어뜨리고, 훈련 편향을 도입해 차별을 증폭하며 일반화 능력을 낮추고 잘못된 산출을 낳는 리스크.","The risk that incomplete annotation guidelines, incapable annotators, and errors in annotation affect the accuracy, reliability, and effectiveness of models and algorithms, introduce training biases, amplify discrimination, reduce generalization abilities, and result in incorrect outputs.","불완전한 주석 지침과 역량이 부족한 주석자, 주석 오류가 모델과 알고리즘의 정확성과 신 뢰성, 효과를 떨어뜨리고, 훈련 편향을 도입해 차별을 증폭하며 일반화 능력을 낮추고 잘못된 산출을 낳는 리스크.","The risk that incomplete annotation guidelines, incapable annotators, and errors in annotation affect the accuracy, reliability, and effectiveness of models and algorithms, introduce training biases, amplify discrimination, reduce generalization abilities, and result in incorrect outputs.",False,False,,,1,"중복: RAI4-1466(잘못된 데이터 라벨)와 ""라벨·주석 품질 결함→모델 정확성 저하""",,General,SRC-G-0180,RAI4-1336,REWRITE_KEEP|PEER_REVIEW,Peer-review spacing restoration,L3_MASTER|NIST_AI_RMF|OECD_AI_PRINCIPLES|KOREA_AI_BASIC_ACT,,General,SOURCE_DOMAIN,G_SYS_EVAL,0.698512,L3_MASTER_VALIDATED
RAI4-1458,,,운영설계영역(ODD) 명세 미흡,Inadequate specification of the operational design domain,AI 시스템 또는 AI 알고리즘의 설계·학습·배포·사용 과정이 애플리케이션의 운영 환경을 기술하는 운영 설계 영역(ODD)이 부적절하게 명세되어 학습된 기능의 시험과 분포 외 입력 탐지 등 필수 기능이 제한되는 리스크.,"The risk that the design, training, deployment, or use of an AI system or AI algorithm creates a condition in which inadequate specification of the operational design domain, the technical description of an application's operational environment, limits essential functions such as testing the learned functionality and out-of-distribution detection.",애플리케이션의 운영 환경을 기술하는 운영 설계영역(ODD)이 부적절하게 명세되어 학습된 기능의 시험과 분포 외 입력 탐지 등 필수 기능이 제한되는 리스크.,"The risk that inadequate specification of the operational design domain, the technical description of an application's operational environment, limits essential functions such as testing the learned functionality and out-of-distribution detection.",False,False,,,,,,General,SRC-G-0181,RAI4-1458,REWRITE_KEEP|PEER_REVIEW|L3_AI_GROUNDING,"Bilingual definition grounded in an explicit AI technology, causal mechanism, and immutable L3 scope",L3_MASTER|NIST_AI_RMF|OECD_AI_PRINCIPLES|KOREA_AI_BASIC_ACT|L3_MASTER,,General,SOURCE_DOMAIN,G_SYS_INPUT,0.652656,L3_MASTER_AI_REWRITE
RAI4-1459,,,부적절한 자동화 수준,Inappropriate degree of automation,AI 애플리케이션의 자동화 정도가 높아 예기치 못한 동작을 보이고 신뢰성과 안전 측면의 위험이 발생하는 리스크.,The risk that an AI application with a high degree of automation exhibits unexpected behaviour and poses risks in terms of its reliability and safety.,AI 애플리케이션의 자동화 정도가 높아 예기 치 못한 동작을 보이고 신뢰성과 안전 측면의 위험이 발생하는 리스크.,The risk that an AI application with a high degree of automation exhibits unexpected behaviour and poses risks in terms of its reliability and safety.,False,False,,,,,,General,SRC-G-0182,RAI4-1459,REWRITE_KEEP|PEER_REVIEW,Peer-review spacing restoration,L3_MASTER|NIST_AI_RMF|OECD_AI_PRINCIPLES|KOREA_AI_BASIC_ACT,,General,SOURCE_DOMAIN,G_SYS_OEXT,0.786533,L3_MASTER_VALIDATED
RAI4-1461,,,개발 과정 문서화와 데이터 이해의 부족,Insufficient development documentation and understanding of data,"AI 시스템 개발 전반에서 내려진 결정과 조치가 문서화되지 않고 사용된 데이터에 대한 이해도 충분하지 않은 리스크. 그 결과 데이터의 결함이 교정되지 않은 채 남고 개발 프로세스의 최적화와 시스템 감사가 불가능해지며, 의도된 기능에 적합하지 않은 시스템이 만들어진다로 인해 구체적인 위해가 발생하는 리스크.","The risk that decisions and actions taken throughout the development of an AI system go undocumented and that the data used is insufficiently understood. Data shortcomings are left unaddressed, the development process cannot be optimized or audited, and the resulting system is poorly suited to its intended functionality.","AI 시스템 개발 전반에서 내려진 결정과 조치 가 문서화되지 않고 사용된 데이터에 대한 이 해도 충분하지 않은 리스크. 그 결과 데이터의 결함이 교정되지 않은 채 남고 개발 프로세스 의 최적화와 시스템 감사가 불가능해지며, 의 도된 기능에 적합하지 않은 시스템이 만들어 진다.","The risk that decisions and actions taken throughout the development of an AI system go undocumented and that the data used is insufficiently understood. Data shortcomings are left unaddressed, the development process cannot be optimized or audited, and the resulting system is poorly suited to its intended functionality.",False,False,,,,,,General,SRC-G-0183,RAI4-1461,REWRITE_KEEP|PEER_REVIEW,분량 초과: L3 수준 1문장으로 축약 필요,L3_MASTER|NIST_AI_RMF|OECD_AI_PRINCIPLES|KOREA_AI_BASIC_ACT,,General,SOURCE_DOMAIN,G_SYS_EVAL,0.775065,L3_MASTER_VALIDATED
RAI4-1463,,,하드웨어 연산·전력 요구사항 누락,Omitted compute and power hardware requirements,AI 시스템의 개발과 운영에 필요한 상당한 연산·전력 요구가 하드웨어 선정에서 고려되지 않아 개발과 운영상 문제가 발생하는 리스크.,"The risk that the significant computational and power demands of AI system development and operation are not considered in hardware selection, creating issues in development and operation.",AI 시스템의 개발과 운영에 필요한 상당한 연 산·전력 요구가 하드웨어 선정에서 고려되지 않아 개발과 운영상 문제가 발생하는 리스크.,"The risk that the significant computational and power demands of AI system development and operation are not considered in hardware selection, creating issues in development and operation.",False,False,,,,,,General,SRC-G-0184,RAI4-1463,REWRITE_KEEP|PEER_REVIEW,Peer-review spacing restoration,L3_MASTER|NIST_AI_RMF|OECD_AI_PRINCIPLES|KOREA_AI_BASIC_ACT,,General,SOURCE_DOMAIN,G_SOC_ENV,0.694853,L3_MASTER_VALIDATED
RAI4-1466,,,잘못된 데이터 라벨,Incorrect data labels,데이터 레이블이 부정확하여 지도 학습 AI 시스템이 실측 진실과 의도된 기능을 학습하지 못하는 리스크.,The risk that incorrect data labels prevent a supervised learning AI system from learning the ground truth and therefore the intended functionality.,데이터 레이블이 부정확하여 지도학습 AI 시스템이 실측 진실과 의도된 기능을 학습하지 못하는 리스크.,The risk that incorrect data labels prevent a supervised learning AI system from learning the ground truth and therefore the intended functionality.,False,False,,,1,중복: RAI4-1336(학습 데이터 어노테이션 결함)와 라벨 결함,,General,SRC-G-0185,RAI4-1466,REWRITE_KEEP|PEER_REVIEW,Peer-review spacing restoration,L3_MASTER|NIST_AI_RMF|OECD_AI_PRINCIPLES|KOREA_AI_BASIC_ACT,,General,SOURCE_DOMAIN,G_SYS_EVAL,0.720025,L3_MASTER_VALIDATED
RAI4-1468,,,학습 데이터의 대표성 부족,Insufficient representation in training data,AI 시스템 또는 AI 알고리즘의 설계·학습·배포·사용 과정이 학습 데이터가 운용 데이터 분포와 불일치하거나 희소 사례 표본이 부족하여 학습에 충분히 반영되지 않은 입력에서 시스템 성능이 저하되는 리스크.,"The risk that an AI system or AI algorithm, through design, training, deployment, or use, creates a condition in which training data fails to match the operational distribution or lacks sufficient samples of rare cases, so the system underperforms on inputs insufficiently represented in training.",학습 데이터가 운용 데이터 분포와 불일치하 거나 희소 사례 표본이 부족하여 학습에 충분 히 반영되지 않은 입력에서 시스템 성능이 저 하되는 리스크,"Training data fails to match the operational distribution or lacks sufficient samples of rare cases, so the system underperforms on inputs insufficiently represented in training.",False,False,,,,Title: 학습 데이터의 대표성 부족,,General,SRC-G-0186,RAI4-1468,EDIT|REWRITE_KEEP|PEER_REVIEW|L3_AI_GROUNDING,"Bilingual definition grounded in an explicit AI technology, causal mechanism, and immutable L3 scope",L3_MASTER|NIST_AI_RMF|OECD_AI_PRINCIPLES|KOREA_AI_BASIC_ACT|L3_MASTER,,General,SOURCE_DOMAIN,G_SYS_INCONS,0.68928,L3_MASTER_AI_REWRITE
RAI4-1472,,,과적합 및 과소적합,Over- and underfitting,모델이 훈련 데이터에 과도하게 또는 불충분하게 적응하여 운영 데이터에 직면했을 때 AI 시스템이 신뢰할 수 없게 동작하는 리스크.,"The risk that over- or underfitting, the excessive or insufficient adaption of a model to training data, causes an AI system to behave unreliably when confronted with operational data.",모델이 훈련 데이터에 과도하게 또는 불충분 하게 적응하여 운영 데이터에 직면했을 때 AI 시스템이 신뢰할 수 없게 동작하는 리스크.,"The risk that over- or underfitting, the excessive or insufficient adaption of a model to training data, causes an AI system to behave unreliably when confronted with operational data.",False,False,,,,,,General,SRC-G-0187,RAI4-1472,REWRITE_KEEP|PEER_REVIEW,Peer-review spacing restoration,L3_MASTER|NIST_AI_RMF|OECD_AI_PRINCIPLES|KOREA_AI_BASIC_ACT,,General,SOURCE_DOMAIN,G_SYS_OEXT,0.779314,L3_MASTER_VALIDATED
RAI4-1474,,,코너 케이스에서의 신뢰성 저하,Reduced reliability in corner cases,AI 시스템이 희귀하거나 모호한 입력 데이터인 코너 케이스에 직면할 때 통제된 동작이 요구됨에도 신뢰할 수 없는 동작을 보이는 리스크.,"The risk that an AI system shows unreliable behavior when confronted with rare or ambiguous input data, also called corner cases, where controlled behavior is required.",AI 시스템이 희귀하거나 모호한 입력 데이터 인 코너 케이스에 직면할 때 통제된 동작이 요 구됨에도 신뢰할 수 없는 동작을 보이는 리스크.,"The risk that an AI system shows unreliable behavior when confronted with rare or ambiguous input data, also called corner cases, where controlled behavior is required.",False,False,,,,Title: 코너 케이스에서의 신뢰성 저하,,General,SRC-G-0188,RAI4-1474,EDIT|REWRITE_KEEP|PEER_REVIEW,Peer-review spacing restoration,L3_MASTER|NIST_AI_RMF|OECD_AI_PRINCIPLES|KOREA_AI_BASIC_ACT,,General,SOURCE_DOMAIN,G_SYS_INPUT,0.712539,L3_MASTER_VALIDATED
RAI4-1487,,,비전문가 데이터 조작,Non-expert data manipulation,데이터 도메인 전문성이 없는 사람이 실측 레이블 정의나 서로 다른 형식·출처의 데이터 병합 등의 조작을 수행하여 데이터가 사용 불가능해지거나 AI 시스템 개발에 유해해지는 리스크.,"The risk that people with little or no expertise in the domain of the data perform manipulations such as defining the ground truth label or merging different data formats or sources, rendering the data unusable or harmful to the development of the AI system.",데이터 도메인 전문성이 없는 사람이 실측 레 이블 정의나 서로 다른 형식·출처의 데이터 병 합 등의 조작을 수행하여 데이터가 사용 불가 능해지거나 AI 시스템 개발에 유해해지는 리스크.,"The risk that people with little or no expertise in the domain of the data perform manipulations such as defining the ground truth label or merging different data formats or sources, rendering the data unusable or harmful to the development of the AI system.",False,False,,,,,,General,SRC-G-0189,RAI4-1487,REWRITE_KEEP|PEER_REVIEW,Peer-review spacing restoration,L3_MASTER|NIST_AI_RMF|OECD_AI_PRINCIPLES|KOREA_AI_BASIC_ACT,,General,SOURCE_DOMAIN,G_INT_UNETH,0.720315,L3_MASTER_VALIDATED
RAI4-1492,,,GPAI 모델의 손쉬운 재구성,Easy reconfiguration of GPAI models,"GPAI 모델이 가중치 변경이나 입력 수정만으로 다양한 용도에 쉽게 재구성되거나 의도된 용도를 넘어서는 역량을 갖게 되며, 이러한 재구성이 적대적 입력에 의해 의도적으로 또는 예상치 못한 입력에 의해 비의도적으로 일어나는 리스크.","The risk that GPAI models are easily reconfigured for various use cases or hold competencies beyond their intended use, whether by changing model weights through fine-tuning or by modifying only the model inputs through prompt engineering, jailbreaking, or retrieval-augmented generation, and whether intentionally with adversarial inputs or unintentionally from unanticipated inputs.","GPAI 모델이 가중치 변경이나 입력 수정만으 로 다양한 용도에 쉽게 재구성되거나 의도된 용도를 넘어서는 역량을 갖게 되며, 이러한 재 구성이 적대적 입력에 의해 의도적으로 또는 예상치 못한 입력에 의해 비의도적으로 일어 나는 리스크.","The risk that GPAI models are easily reconfigured for various use cases or hold competencies beyond their intended use, whether by changing model weights through fine-tuning or by modifying only the model inputs through prompt engineering, jailbreaking, or retrievalaugmented generation, and whether intentionally with adversarial inputs or unintentionally from unanticipated inputs.",False,False,,,1,"중복: RAI4-1493(미세조정판의 예상외 역량)와 ""GPAI가 수정·미세조정으로 예상외 역량 획득""",,General,SRC-G-0190,RAI4-1492,REWRITE_KEEP|PEER_REVIEW,Peer-review spacing restoration,L3_MASTER|NIST_AI_RMF|OECD_AI_PRINCIPLES|KOREA_AI_BASIC_ACT,,General,SOURCE_DOMAIN,G_SYS_SECADV,0.671245,L3_MASTER_VALIDATED
RAI4-1493,,,미세조정판의 예상외 역량,Unexpected downstream fine-tune competence,하류배포자가 배포 관련 데이터셋으로 상류 GPAI 모델을 미세 조정하는 과정에서 기반 모델에는 없던 새롭고 예상치 못한 역량이 생기고 이를 원 개발자가 예견하지 못하는 리스크.,The risk that downstream deployers fine-tuning a GPAI model with specific deployment-related datasets give it new or unexpected capabilities that the underlying upstream model did not exhibit and that the original model developer did not anticipate.,하류 배포자가 배포 관련 데이터셋으로 상류 GPAI 모델을 미세조정하는 과정에서 기반 모델에는 없던 새롭고 예상치 못한 역량이 생기 고 이를 원 개발자가 예견하지 못하는 리스크.,The risk that downstream deployers finetuning a GPAI model with specific deployment-related datasets give it new or unexpected capabilities that the underlying upstream model did not exhibit and that the original model developer did not anticipate.,False,False,,,1,중복: RAI4-1492(GPAI 모델의 손쉬운 재구성)와 창발 역량,,General,SRC-G-0191,RAI4-1493,REWRITE_KEEP|PEER_REVIEW,Peer-review spacing restoration,L3_MASTER|NIST_AI_RMF|OECD_AI_PRINCIPLES|KOREA_AI_BASIC_ACT,,General,SOURCE_DOMAIN,G_SYS_OEXT,0.675658,L3_MASTER_VALIDATED
RAI4-1499,,,역량 평가에서 드러나지 않는 위험 역량,Undetected dangerous capabilities in model evaluations,"위험하거나 이중 용도인 역량을 확인하기 위한 평가가 평가 난이도나 과도한 검증 비용, 안전 훈련에 따른 응답 거부로 일부 역량을 놓치고, 모델이 평가 상황에서 전략적으로 성능을 낮추어 역량을 은폐하는 리스크. 그 결과 위험 역량이 식별되지 않은 채 모델이 배포해도 안전한 것으로 분류되는 리스크.","The risk that capability evaluations fail to reveal a model's dangerous or dual-use capabilities, because those capabilities are difficult to assess, prohibitively costly to verify, obscured by refusals arising from safety training, or strategically withheld by a model that underperforms while being tested. Hazardous capabilities go unidentified and the model is classified as safe to deploy.","위험하거나 이중용도인 역량을 확인하기 위 한 평가가 평가 난이도나 과도한 검증 비용, 안전 훈련에 따른 응답 거부로 일부 역량을 놓 치고, 모델이 평가 상황에서 전략적으로 성능 을 낮추어 역량을 은폐하는 리스크. 그 결과 위험 역량이 식별되지 않은 채 모델이 배포해 도 안전한 것으로 분류된다.","The risk that capability evaluations fail to reveal a model's dangerous or dual-use capabilities, because those capabilities are difficult to assess, prohibitively costly to verify, obscured by refusals arising from safety training, or strategically withheld by a model that underperforms while being tested. Hazardous capabilities go unidentified and the model is classified as safe to deploy.",False,False,,,1,"중복: RAI4-1537(상황 인식을 이용한 평가 기만)와 ""평가 중 위험 역량 은폐"" 주제 중복. RAI4-1163(평가 인지)과도 중첩",,General,SRC-G-0192,RAI4-1499,REWRITE_KEEP|PEER_REVIEW,분량 초과: L3 수준 1문장으로 축약 필요; 영문 정의 장문: 축약 필요,L3_MASTER|NIST_AI_RMF|OECD_AI_PRINCIPLES|KOREA_AI_BASIC_ACT,,General,SOURCE_DOMAIN,G_SYS_EVAL,0.741119,L3_MASTER_VALIDATED
RAI4-1502,,,내재 가치 측정 부정확,Inaccurate measurement of encoded values,"AI 시스템의 출력이 인간의 가치에 확고히 부합하는지 아니면 부분적으로만 상관된 모방인지 평가할 강건한 프레임 워크가 부재하고, 모델이 학습한 가치 표상이 출력에 온전히 반영되지 않으며 훈련·배포 단계에 따라 어떻게 변하는지 알려지지 않아 내재 가치의 측정이 부정확해지는 리스크.","The risk that, lacking robust frameworks for evaluating whether AI outputs robustly conform to human values rather than merely mimicking them, and with outputs imperfectly reflecting the learned value representations whose evolution across training and deployment stages is unknown, measurement of encoded values becomes inaccurate.","AI 시스템의 출력이 인간의 가치에 확고히 부 합하는지 아니면 부분적으로만 상관된 모방 인지 평가할 강건한 프레임워크가 부재하고, 모델이 학습한 가치 표상이 출력에 온전히 반 영되지 않으며 훈련·배포 단계에 따라 어떻게 변하는지 알려지지 않아 내재 가치의 측정이 부정확해지는 리스크.","The risk that, lacking robust frameworks for evaluating whether AI outputs robustly conform to human values rather than merely mimicking them, and with outputs imperfectly reflecting the learned value representations whose evolution across training and deployment stages is unknown, measurement of encoded values becomes inaccurate.",False,False,,,,,,General,SRC-G-0193,RAI4-1502,REWRITE_KEEP|PEER_REVIEW,Peer-review spacing restoration,L3_MASTER|NIST_AI_RMF|OECD_AI_PRINCIPLES|KOREA_AI_BASIC_ACT,,General,SOURCE_DOMAIN,G_SYS_EVAL,0.771173,L3_MASTER_VALIDATED
RAI4-1504,,,인간 평가 한계 초과 출력,Outputs beyond human evaluability,"인간 피드백을 이용한 평가로 AI 모델을 훈련할 때 평가자가 감지하기 어려운 오류를 포함한 출력을 정답과 유사하게 긍정 평가하여, 모델이 소프트웨어 취약점이 있는 코드나 정치적으로 편향된 정보처럼 미묘하게 잘못되거나 유해한 출력을 학습하고 극단적으로는 숨겨진 오류나 백 도어를 포함한 출력을 생성하는 리스크.","The risk that, when AI models are trained through evaluation with human feedback, human evaluators rate outputs containing hard-to-detect errors positively or similarly to correct ones, so the model learns to produce subtly incorrect or harmful outputs such as code with software vulnerabilities or politically biased information, and in extreme cases complicated outputs containing hidden errors or backdoors.","인간 피드백을 이용한 평가로 AI 모델을 훈련 할 때 평가자가 감지하기 어려운 오류를 포함 한 출력을 정답과 유사하게 긍정 평가하여, 모델이 소프트웨어 취약점이 있는 코드나 정치적으로 편향된 정보처럼 미묘하게 잘못되거 나 유해한 출력을 학습하고 극단적으로는 숨 겨진 오류나 백도어를 포함한 출력을 생성하 는 리스크.","The risk that, when AI models are trained through evaluation with human feedback, human evaluators rate outputs containing hard-to-detect errors positively or similarly to correct ones, so the model learns to produce subtly incorrect or harmful outputs such as code with software vulnerabilities or politically biased information, and in extreme cases complicated outputs containing hidden errors or backdoors.",False,False,,,,,,General,SRC-G-0194,RAI4-1504,REWRITE_KEEP|PEER_REVIEW,영문 정의 장문: 축약 필요,L3_MASTER|NIST_AI_RMF|OECD_AI_PRINCIPLES|KOREA_AI_BASIC_ACT,,General,SOURCE_DOMAIN,G_SYS_OEXT,0.742061,L3_MASTER_VALIDATED
RAI4-1537,,,상황 인식을 이용한 평가 기만·배포 설득,Evaluation deception and deployment persuasion from situational awareness,AI 시스템이 자신의 훈련·평가·배포 상태를 이해하는 상황 인식 능력을 이용하여 평가 중에는 기만적으로 행동하고 배포 중에는 사용자를 설득하는 등 바람직하지 않은 행동을하는 리스크.,"The risk that an AI system's ability to understand its training, evaluation, or deployment status enables undesired behavior such as deception during evaluations or persuasion during deployment.",AI 시스템이 자신의 훈련·평가·배포 상태를 이 해하는 상황 인식 능력을 이용하여 평가 중에 는 기만적으로 행동하고 배포 중에는 사용자 를 설득하는 등 바람직하지 않은 행동을하는 리스크.,"The risk that an AI system's ability to understand its training, evaluation, or deployment status enables undesired behavior such as deception during evaluations or persuasion during deployment.",False,False,,,1,중복: RAI4-1499(역량 평가에서 드러나지 않는 위험 역량)와 평가 기만,,General,SRC-G-0195,RAI4-1537,REWRITE_KEEP|PEER_REVIEW,Peer-review spacing restoration,L3_MASTER|NIST_AI_RMF|OECD_AI_PRINCIPLES|KOREA_AI_BASIC_ACT,,General,SOURCE_DOMAIN,G_SYS_EVAL,0.729988,L3_MASTER_VALIDATED
RAI4-1544,,,샌드박스 우회에 의한 격리 통제 상실,Loss of containment through sandbox escape,AI 시스템이 훈련 또는 평가가 이루어지는 샌드 박스 환경을 우회하여 격리 통제가 무력화되는 리스크.,"The risk that an AI system bypasses the sandboxed environment in which it is trained or evaluated, defeating containment controls.",AI 시스템이 훈련 또는 평가가 이루어지는 샌 드박스 환경을 우회하여 격리 통제가 무력화되는 리스크.,"The risk that an AI system bypasses the sandboxed environment in which it is trained or evaluated, defeating containment controls.",False,False,,,,,,General,SRC-G-0196,RAI4-1544,REWRITE_KEEP|PEER_REVIEW,Peer-review spacing restoration,L3_MASTER|NIST_AI_RMF|OECD_AI_PRINCIPLES|KOREA_AI_BASIC_ACT,,General,SOURCE_DOMAIN,G_SYS_OEXT,0.705485,L3_MASTER_VALIDATED
RAI4-1548,,,경쟁 압력에 의한 안전성 평가 축소 배포,Truncated safety evaluation under competitive release pressure,"경쟁 상황에서 개발자가 GPAI 모델의 안전성 평가를 축소하고 역량 개발에 자원을 집중함으로써, 역량과 상관된 위험이 검증되지 않은 채 시스템이 배포되는 리스크.","The risk that an AI system or AI algorithm, through design, training, deployment, or use, creates a condition in which competitive pressure leads developers to cut corners on safety evaluation while prioritizing capabilities, so that GPAI systems are released without verifying risks correlated with those capabilities.","경쟁 상황에서 개발자가 GPAI 모델의 안전성 평가를 축소하고 역량 개발에 자원을 집중함 으로써, 역량과 상관된 위험이 검증되지 않은 채 시스템이 배포되는 리스크.","The risk that competitive pressure leads developers to cut corners on safety evaluation while prioritizing capabilities, so that GPAI systems are released without verifying risks correlated with those capabilities.",False,False,,,1,"중복: RAI4-0497(AI 개발 경쟁에서의 안전 후순위화, Hate/Unfairness 그룹)와 ""경쟁 압력→안전평가 축소 배포""",,General,SRC-G-0197,RAI4-1548,REWRITE_KEEP|PEER_REVIEW|L3_AI_GROUNDING,"Bilingual definition grounded in an explicit AI technology, causal mechanism, and immutable L3 scope",L3_MASTER|NIST_AI_RMF|OECD_AI_PRINCIPLES|KOREA_AI_BASIC_ACT|L3_MASTER,,General,SOURCE_DOMAIN,G_SYS_EVAL,0.701913,L3_MASTER_AI_REWRITE
RAI4-1551,,,센서 드리프트에 의한 배포 시스템 성능 저하,Deployed-system degradation from sensor and distribution drift,물리 센서와 데이터 소스에 의존하는 배포된 AI 시스템에서 하드웨어 드리프트에 따른 데이터 분포 변화가 발생하여 시스템의 견고성과 성능이 저하되는 리스크.,The risk that hardware drift in the physical sensors and data sources of deployed AI systems causes data distribution drift that degrades system robustness and performance.,물리 센서와 데이터 소스에 의존하는 배포된 AI 시스템에서 하드웨어 드리프트에 따른 데이터 분포 변화가 발생하여 시스템의 견고성 과 성능이 저하되는 리스크.,The risk that hardware drift in the physical sensors and data sources of deployed AI systems causes data distribution drift that degrades system robustness and performance.,False,False,,,,,,General,SRC-G-0198,RAI4-1551,REWRITE_KEEP|PEER_REVIEW,Peer-review spacing restoration,L3_MASTER|NIST_AI_RMF|OECD_AI_PRINCIPLES|KOREA_AI_BASIC_ACT,,General,SOURCE_DOMAIN,G_SOC_ENV,0.689355,L3_MASTER_VALIDATED
RAI4-1560,,,GPAI 출력을 이용한 설득력 있는 사칭,Convincing impersonation using GPAI outputs,"텍스트·이미지·오디오·영상 전반에서 GPAI 생성물이 항상 탐지되지는 않는다는 점을 이용해, 악의적 행위자가 생성물이나 위조 증빙 문서로 설득력 있는 사칭을 수행하는 리스크.","The risk that, because GPAI outputs are not always detected as AI-generated across modalities, malicious actors use such outputs or AI-forged supporting documents to construct convincing impersonations.","텍스트·이미지·오디오·영상 전반에서 GPAI 생성물이 항상 탐지되지는 않는다는 점을 이 용해, 악의적 행위자가 생성물이나 위조 증빙 문서로 설득력 있는 사칭을 수행하는 리스크.","The risk that, because GPAI outputs are not always detected as AI-generated across modalities, malicious actors use such outputs or AI-forged supporting documents to construct convincing impersonations.",False,False,,,,,,General,SRC-G-0199,RAI4-1560,REWRITE_KEEP|PEER_REVIEW,Peer-review spacing restoration,L3_MASTER|NIST_AI_RMF|OECD_AI_PRINCIPLES|KOREA_AI_BASIC_ACT,,General,SOURCE_DOMAIN,G_SYS_MISINFO,0.653554,L3_MASTER_VALIDATED
RAI4-1705,,,모니터링 부족에 의한 미탐지 안전·프라이버 시 위반,Undetected safety and privacy violations from insufficient monitoring,배포된 AI에 대한 모니터링과 해석 가능성이 부족하여 블랙박스 불투명성이 인간의 주체성을 축소하고 윤리·안전 원칙 위반과 프라이버시 침해가 탐지되지 않은 채 남는 리스크.,The risk that insufficient monitoring and interpretability of deployed AI leaves black-box opacity diminishing human agency and allows ethical or safetyprinciple violations and privacy violations to go undetected.,배포된 AI에 대한 모니터링과 해석 가능성이 부족하여 블랙박스 불투명성이 인간의 주체 성을 축소하고 윤리·안전 원칙 위반과 프라이 버시 침해가 탐지되지 않은 채 남는 리스크.,The risk that insufficient monitoring and interpretability of deployed AI leaves black-box opacity diminishing human agency and allows ethical or safetyprinciple violations and privacy violations to go undetected.,False,False,,,,,,General,SRC-G-0200,RAI4-1705,REWRITE_KEEP|PEER_REVIEW,Peer-review spacing restoration,L3_MASTER|NIST_AI_RMF|OECD_AI_PRINCIPLES|KOREA_AI_BASIC_ACT,,General,SOURCE_DOMAIN,G_SYS_TRANS,0.756675,L3_MASTER_VALIDATED
RAI4-0527,F01,"IN, IC, GL, DP, CC",창의성·비판적 사고의 저하,Devaluation of creativity and critical thinking,"AI 시스템 또는 AI 알고리즘의 설계·학습·배포·사용 과정이 인간의 창의성, 예술적 표현, 상상력, 비판적 사고와 문제 해결 능력이 평가 절하되거나 저하되는 리스크.","The risk that an AI system causes, enables, or contributes to devaluation and deterioration of human creativity, artistic expression, imagination, critical thinking, and problemsolving skills.","인간의 창의성, 예술적 표현, 상상력, 비판적 사고와 문제해결 능력이 평가절하되거나 저 하되는 리스크","The risk of devaluation and deterioration of human creativity, artistic expression, imagination, critical thinking, and problemsolving skills.",False,False,삭제_사회/문명 수준의 거시적 영향,,,,,General,SRC-G-0201,RAI4-0527,REWRITE_KEEP|PEER_REVIEW|L3_AI_GROUNDING,"Bilingual definition grounded in an explicit AI technology, causal mechanism, and immutable L3 scope",L3_MASTER|NIST_AI_RMF|OECD_AI_PRINCIPLES|KOREA_AI_BASIC_ACT|L3_MASTER,,General,SOURCE_DOMAIN,G_SOC_CULT,0.733208,L3_MASTER_AI_REWRITE
RAI4-0674,F01,"IN, IC, GL, DP, CC",문화적 박탈,Cultural dispossession,"AI 시스템 또는 AI 알고리즘의 설계·학습·배포·사용 과정이 말하기 방식, 유머 표현, 문화 정체성을 구성하는 소리와 목소리 등 문화적 재화와 가치가 의도적 또는 비의도적으로 소거되거나 다른 문화에서 부적절하게 재사용되는 리스크.","The risk that an AI system causes, enables, or contributes to intentional or unintentional erasure of cultural goods and values, such as ways of speaking, expressing humour, or sounds and voices that contribute to a cultural identity, or their inappropriate reuse in other cultures.","말하기 방식, 유머 표현, 문화 정체성을 구성하는 소리와 목소리 등 문화적 재화와 가치가 의도적 또는 비의도적으로 소거되거나 다른 문화에서 부적절하게 재사용되는 리스크","The risk of intentional or unintentional erasure of cultural goods and values, such as ways of speaking, expressing humour, or sounds and voices that contribute to a cultural identity, or their inappropriate reuse in other cultures.",False,False,신규_Hate_and_Unfairness L4로 '문화적 정체성/유산 훼손' 편입 검토. 개인 대상 차별을 넘어 집단문화 훼손까지 포괄 확장 필요,,,,,General,SRC-G-0202,RAI4-0674,REWRITE_KEEP|PEER_REVIEW|L3_AI_GROUNDING,"Bilingual definition grounded in an explicit AI technology, causal mechanism, and immutable L3 scope",L3_MASTER|NIST_AI_RMF|OECD_AI_PRINCIPLES|KOREA_AI_BASIC_ACT|L3_MASTER,,General,SOURCE_DOMAIN,G_SOC_CULT,0.725361,L3_MASTER_AI_REWRITE
RAI4-0678,F01,"IN, IC, GL, DP, CC",신체적 위해를 유발하는 출력,Model outputs leading to physical harm,모델이 명백히 폭력적이거나 은밀하게 위험하거나 그 밖에 간접적으로 안전하지 않은 언어를 생성하여 신체적 위해로 이어지는 리스크.,"The risk that a model generates overtly violent, covertly dangerous, or otherwise indirectly unsafe language that leads to physical harm.",모델이 명백히 폭력적이거나 은밀하게 위험 하거나 그 밖에 간접적으로 안전하지 않은 언 어를 생성하여 신체적 위해로 이어지는 리스크,"The risk that a model generates overtly violent, covertly dangerous, or otherwise indirectly unsafe language that leads to physical harm.",False,False,삭제_커버되고있음,,,,,General,SRC-G-0203,RAI4-0678,REWRITE_KEEP|PEER_REVIEW,Peer-review spacing restoration,L3_MASTER|NIST_AI_RMF|OECD_AI_PRINCIPLES|KOREA_AI_BASIC_ACT,,General,SOURCE_DOMAIN,G_INT_VIOL,0.743916,L3_MASTER_VALIDATED
RAI4-0705,F01,"IN, IC, GL, DP, CC",폭력 조장 위험 콘텐츠,Violence-inciting dangerous content,"AI 시스템 또는 AI 알고리즘의 설계·학습·배포·사용 과정이 타인을 향한 폭력 행위를 유도, 권장 또는 촉진하는 행위(린치 선동, 자경단 폭력 조장 등) 자해나 불법 행위를 권장하거나 폭력적·위협적 콘텐츠의 생성 및 접근을 용이하게하는 행위로 인해 구체적인 위해가 발생하는 리스크.","The risk that an AI system or AI algorithm, through design, training, deployment, or use, creates a condition in which acts that incite, encourage, or promote violence toward others (e.g., lynching incitement, vigilante violence promotion). Acts that encourage self-harm or illegal activities, or facilitate the creation of and access to violent or threatening content.","폭력적·선동적·급진화·위협적 콘텐츠의 제작 과 접근이 용이해지고 자해나 불법 활동의 수 행을 권장하는 콘텐츠가 산출되며, 증오·비하·고정관념 콘텐츠에 대한 대중의 노출을 통제 하기 어려워지는 리스크","The risk of eased production of and access to violent, inciting, radicalizing, or threatening content and recommendations to carry out self-harm or conduct illegal activities, including difficulty controlling public exposure to hateful, disparaging, or stereotyping content.",True,True,기존 risk정의보완 흡수_타인 대상 폭력 선동에 더해 자해·불법행위 권장과 폭력적 콘텐츠 확산 위험까지 커버하도록 범위가 확장됩니다.,,,,,General,SRC-G-0204,RAI4-0705,REWRITE_KEEP|PEER_REVIEW|L3_AI_GROUNDING,"Bilingual definition grounded in an explicit AI technology, causal mechanism, and immutable L3 scope",L3_MASTER|NIST_AI_RMF|OECD_AI_PRINCIPLES|KOREA_AI_BASIC_ACT|L3_MASTER,,General,SOURCE_DOMAIN,G_INT_VIOL,0.799501,L3_MASTER_AI_REWRITE
RAI4-0854,F01,"IN, IC, GL, DP, CC",되돌릴 수 없는 변화,Irreversible change,"AI 시스템 또는 AI 알고리즘의 설계·학습·배포·사용 과정이 사회 구조, 문화적 규범, 인간관계에 되돌리기 어렵거나 불가능한 심각한 장기적 부정적 변화가 발생하는 리스크.","The risk that an AI system causes, enables, or contributes to profound negative long-term changes to social structures, cultural norms, and human relationships that may be difficult or impossible to reverse.","사회 구조, 문화적 규범, 인간관계에 되돌리기 어렵거나 불가능한 심각한 장기적 부정적 변화가 발생하는 리스크","The risk of profound negative long-term changes to social structures, cultural norms, and human relationships that may be difficult or impossible to reverse.",False,False,삭제_사회구조 장기변화라는 거시적 리스크로 응답 단위 판정 불가,,,,,General,SRC-G-0205,RAI4-0854,REWRITE_KEEP|PEER_REVIEW|L3_AI_GROUNDING,"Bilingual definition grounded in an explicit AI technology, causal mechanism, and immutable L3 scope",L3_MASTER|NIST_AI_RMF|OECD_AI_PRINCIPLES|KOREA_AI_BASIC_ACT|L3_MASTER,,General,SOURCE_DOMAIN,G_SYS_OREF,0.738961,L3_MASTER_AI_REWRITE
RAI4-1049,F01,"IN, IC, GL, DP, CC",조직 재정·평판 손상,Organizational financial and reputational damage,AI 시스템 또는 AI 알고리즘의 설계·학습·배포·사용 과정이 ML 시스템을 구축하거나 사용하는 조직의 재정적 및/ 또는 평판 손상 위험.,"The risk that an AI system causes, enables, or contributes to financial and/or reputational damage to the organization building or using the ML system.",ML 시스템을 구축하거나 사용하는 조직의 재 정적 및/또는 평판 손상 위험.,The risk of financial and/or reputational damage to the organization building or using the ML system.,False,False,매핑 부적합_기업 재무/평판 리스크,,,,,General,SRC-G-0206,RAI4-1049,REWRITE_KEEP|PEER_REVIEW|L3_AI_GROUNDING,"Bilingual definition grounded in an explicit AI technology, causal mechanism, and immutable L3 scope",L3_MASTER|NIST_AI_RMF|OECD_AI_PRINCIPLES|KOREA_AI_BASIC_ACT|L3_MASTER,,General,SOURCE_DOMAIN,G_SOC_ECON,0.664239,L3_MASTER_AI_REWRITE
RAI4-1447,F01,"IN, IC, GL, DP, CC",폭력/무력 충돌,Violence/armed conflict,"AI 시스템 또는 AI 알고리즘의 설계·학습·배포·사용 과정이 기술 시스템을 사용하거나 오용하여 사이버 공격, 보안 침해, 치명적 생화학 무기 개발을 선동·촉진·수행함으로써 폭력과 무력 충돌이 초래되는 리스크.","The risk that an AI system or AI algorithm generates, provides, or enables use or misuse of a technology system to incite, facilitate, or conduct cyberattacks, security breaches, and lethal biological and chemical weapons development results in violence and armed conflict.","기술 시스템을 사용하거나 오용하여 사이버 공격, 보안 침해, 치명적 생화학 무기 개발을 선동·촉진·수행함으로써 폭력과 무력 충돌이 초래되는 리스크.","The risk that use or misuse of a technology system to incite, facilitate, or conduct cyberattacks, security breaches, and lethal biological and chemical weapons development results in violence and armed conflict.",False,False,weaponization반영,,,,,General,SRC-G-0207,RAI4-1447,REWRITE_KEEP|PEER_REVIEW|L3_AI_GROUNDING,"Bilingual definition grounded in an explicit AI technology, causal mechanism, and immutable L3 scope",L3_MASTER|NIST_AI_RMF|OECD_AI_PRINCIPLES|KOREA_AI_BASIC_ACT|L3_MASTER,,General,SOURCE_DOMAIN,G_INT_VIOL,0.797832,L3_MASTER_AI_REWRITE
RAI4-0641,F01,"IN, IC, GL, DP, CC",비합의 성적 대상화 및 성적 이미지 생성,Non-consensual sexualization and intimate imagery generation,"AI 시스템 또는 AI 알고리즘의 설계·학습·배포·사용 과정이 노골적인 성적 콘텐츠를 제작, 생성, 공유, 배포하거나, 동의 없는 성적 이미지·영상의 생성, 조작, 유포 또는 악용을 포함한 디지털 성범죄와 관련된 내용(음란물 제작, 성인물 생성, 불법 촬영, 리벤지 포르노, 딥 페이크 성범죄, 성적 영상물 유포) 또한 개인 또는 집단을 동의 없이 성적으로 대상화하거나, 실존 인물의 외모·초상을 이용해 노골적인 성적 자료를 생성하는 행위를 포함합니다로 인해 구체적인 위해가 발생하는 리스크.","The risk that an AI system or AI algorithm generates, provides, or enables content related to digital sexual crimes, including the production, creation, sharing, or distribution of explicit sexual content, as well as the creation, manipulation, dissemination, or exploitation of sexual images or videos without consent (e.g., production of pornography, creation of adult content, illegal filming, revenge pornography, deepfake sexual crimes, distribution of sexual videos). Also includes sexualizing an individual or group without consent, or generating explicit sexual material using a real person's likeness or appearance.","기술이나 애플리케이션이 개인 또는 집단을 동의 없이 성적으로 대상화하고, 실존 인물의 외모를 이용한 노골적 성적 자료를 생성하는 리스크. 피해자는 성적 수치심과 평판 훼손, 괴롭힘을 겪으며 해당 자료의 유포로 심리적 피해가 지속된다.","The risk that a technology or application sexualizes an individual or group without consent, including by generating sexually explicit material from a real person's likeness. Victims suffer sexual humiliation, reputational damage, and harassment, and the continued circulation of the material perpetuates psychological harm.",True,True,기존 risk정의보완 흡수,,,,"동의 없는 성적 이미지·영상 범위를 유지하면서, 성적 대상화와 실존 인물 외모·초상 기반 성적 자료 생성까지 커버하도록 확장됩니다.",General,SRC-G-0208,RAI4-0641,REWRITE_KEEP|PEER_REVIEW|L3_AI_GROUNDING,"Bilingual definition grounded in an explicit AI technology, causal mechanism, and immutable L3 scope",L3_MASTER|NIST_AI_RMF|OECD_AI_PRINCIPLES|KOREA_AI_BASIC_ACT|L3_MASTER,,General,SOURCE_DOMAIN,G_INT_SEX,0.78388,L3_MASTER_AI_REWRITE
RAI4-0714,F01,"IN, IC, GL, DP, CC",AI를 이용한 미성년자 성적 위해·착취,Sexual harm and exploitation of minors,"AI 시스템이 미성년자를 대상으로 한 아동·청소년 성착취물, 그루밍, 성적 유인·학대 또는 성관계 조장 콘텐츠를 생성·확산·지원하여 아동·청소년의 안전과 권리를 침해하는 리스크.","The risk that an AI system generates, disseminates, or facilitates child sexual abuse material (CSAM), grooming, sexual enticement or abuse, or content promoting sexual relations with minors, infringing the safety and rights of children and young people.",LLM이 아동과 청소년에게 유해한 콘텐츠를 담은 답변을 산출하도록 유도될 수 있는 리스크,The risk that LLMs are leveraged to solicit answers that contain content harmful to children and youth.,True,True,기존 risk정의보완 흡수,,,,"아동·청소년 대상 성적 위험 범위는 유지되며, 일반적인 아동 유해콘텐츠는 추가 커버하지 않습니다.",General,SRC-G-0209,RAI4-0714,REWRITE_KEEP|PEER_REVIEW|L3_MASTER_SCOPE_REWRITE,"Definition narrowed to the subject, mechanism, and adverse outcome of the immutable L3 master",L3_MASTER|NIST_AI_RMF|OECD_AI_PRINCIPLES|KOREA_AI_BASIC_ACT,G_INT_SEX,General,SOURCE_DOMAIN,G_INT_SEX,0.880161,L3_MASTER_VALIDATED
RAI4-0718,F01,"IN, IC, GL, DP, CC",외설·비하·학대 이미지 생성 및 접근 용이화,Eased production of and access to abusive imagery,"AI 시스템 또는 AI 알고리즘의 설계·학습·배포·사용 과정이 노골적인 성적 콘텐츠를 제작, 생성, 공유, 배포하거나, 동의 없는 성적 이미지·영상의 생성, 조작, 유포 또는 악용을 포함한 디지털 성범죄와 관련된 내용(음란물 제작, 성인물 생성, 불법 촬영, 리벤지 포르노, 딥 페이크 성범죄, 성적 영상물 유포) 외설적·굴욕적·모욕적 이미지를 제작하거나 접근 가능하게하는 행위, 특히 합성 아동 성적 학대 자료(CSAM)와 성인의 비동의 친밀 이미지(NCII)의 생성·유포·악용을 포함로 인해 구체적인 위해가 발생하는 리스크.","The risk that an AI system or AI algorithm generates, provides, or enables content related to digital sexual crimes, including the production, creation, sharing, or distribution of explicit sexual content, as well as the creation, manipulation, dissemination, or exploitation of sexual images or videos without consent (e.g., production of pornography, creation of adult content, illegal filming, revenge pornography, deepfake sexual crimes, distribution of sexual videos). Including the production or facilitation of access to obscene, degrading, or abusive imagery, especially the creation, dissemination, or exploitation of synthetic child sexual abuse material (CSAM) and nonconsensual intimate images (NCII) of adults.","해를 끼칠 수 있는 외설적·굴욕적·모욕적 이미 지, 특히 합성 아동 성적 학대 자료(CSAM)와 성인의 비동의 친밀 이미지(NCII)의 제작과 접근이 용이해지는 리스크","The risk that production of and access to obscene, degrading, or abusive imagery which can cause harm is eased, including synthetic child sexual abuse material (CSAM) and nonconsensual intimate images (NCII) of adults.",True,True,기존 risk정의보완 흡수,,,,CSAM·NCII와 함께 외설적·굴욕적·모욕적 이미지의 제작 및 접근 용이화 리스크까지 포함하도록 범위가 소폭 확장됩니다.,General,SRC-G-0210,RAI4-0718,REWRITE_KEEP|PEER_REVIEW|L3_AI_GROUNDING,"Bilingual definition grounded in an explicit AI technology, causal mechanism, and immutable L3 scope",L3_MASTER|NIST_AI_RMF|OECD_AI_PRINCIPLES|KOREA_AI_BASIC_ACT|L3_MASTER,,General,SOURCE_DOMAIN,G_INT_SEX,0.767307,L3_MASTER_AI_REWRITE
RAI4-1136,F01,"IN, IC, GL, DP, CC",유해·범죄 조장·기만적 콘텐츠의 대규모 생성,"Scaled generation of harmful, criminal, and deceptive content","적절한 안전·보안 장치 없이 AI 시스템이 폭력·성·비폭력 범죄를 가능하게하거나 조장하는 응답, 아동 성착취물, 자살·자해 조장 콘텐츠, 비합의 성적 이미지, 명예를 훼손하는 허위 사실, 사기성 웹 사이트, 진본과 구별되지 않는 딥 페이크를 생성하고, 도구 사용과 계획 역량이 이러한 제작을 더 빠르고 저렴하며 개인화된 형태로 확대하는 리스크. 그 결과 개인은 착취·괴롭힘·협박과 명예 훼손의 표적이 되고도 구제 받기 어려우며, 범죄 실행이 조력되고 진본 커뮤니케이션에 대한 신뢰가 무너진다로 인해 구체적인 위해가 발생하는 리스크.","The risk that, absent proper safety and security mechanisms, AI systems generate content that enables or endorses violent, sexual, and nonviolent crimes, child sexual abuse material, suicide and self-harm, non-consensual intimate imagery, defamatory falsehoods, fraudulent websites, and deepfakes indistinguishable from authentic media, while tool use and planning let threat actors produce it faster, more cheaply, and with greater personalization and reach. Individuals are targeted for exploitation, harassment, extortion, and reputational destruction with little prospect of redress, criminal conduct is facilitated, and trust in authentic communication collapses.","적절한 안전·보안 장치 없이 AI 시스템이 폭력·성·비폭력 범죄를 가능하게 하거나 조장하는 응답, 아동 성착취물, 자살·자해 조장 콘텐츠, 비합의 성적 이미지, 명예를 훼손하는 허위 사 실, 사기성 웹사이트, 진본과 구별되지 않는 딥페이크를 생성하고, 도구 사용과 계획 역량 이 이러한 제작을 더 빠르고 저렴하며 개인화된 형태로 확대하는 리스크. 그 결과 개인은 착취·괴롭힘·협박과 명예 훼손의 표적이 되고 도 구제받기 어려우며, 범죄 실행이 조력되고 진본 커뮤니케이션에 대한 신뢰가 무너진다.","The risk that, absent proper safety and security mechanisms, AI systems generate content that enables or endorses violent, sexual, and nonviolent crimes, child sexual abuse material, suicide and self-harm, non-consensual intimate imagery, defamatory falsehoods, fraudulent websites, and deepfakes indistinguishable from authentic media, while tool use and planning let threat actors produce it faster, more cheaply, and with greater personalization and reach. Individuals are targeted for exploitation, harassment, extortion, and reputational destruction with little prospect of redress, criminal conduct is facilitated, and trust in authentic communication collapses.",False,False,"삭제_Violence/Sexual/Illegal/Self-Harm 등 기존 카테고리의 총합적 재서술, 별도 신설 불필요",,,,,General,SRC-G-0211,RAI4-1136,REWRITE_KEEP|PEER_REVIEW,분량 초과: L3 수준 1문장으로 축약 필요; 영문 정의 장문: 축약 필요,L3_MASTER|NIST_AI_RMF|OECD_AI_PRINCIPLES|KOREA_AI_BASIC_ACT,,General,SOURCE_DOMAIN,G_INT_SEX,0.797904,L3_MASTER_VALIDATED
RAI4-1542,F01,"IN, IC, GL, DP, CC",외부 도구 연동을 통한 유해 콘텐츠 유입,Ingestion of harmful content through external tool integration,AI 시스템 또는 AI 알고리즘의 설계·학습·배포·사용 과정이 외부 도구·플러그인과의 통합과 상호 연결이 확대됨에 따라 악의적 외부 입력에 노출되어 유해 콘텐츠가 시스템에 유입되는 리스크.,"The risk that an AI system or AI algorithm, through design, training, deployment, or use, creates a condition in which growing integration and interconnectivity with external tools and plugins exposes a system to malicious external inputs that introduce harmful content.",외부 도구·플러그인과의 통합과 상호 연결이 확대됨에 따라 악의적 외부 입력에 노출되어 유해 콘텐츠가 시스템에 유입되는 리스크.,The risk that growing integration and interconnectivity with external tools and plugins exposes a system to malicious external inputs that introduce harmful content.,False,False,매핑 부적합_도구연동 아키텍처 취약점 문제로 Agentic AI 레드티밍 영역_’Network Effects'(Agentic AI) 참고 가능,,,,,General,SRC-G-0212,RAI4-1542,REWRITE_KEEP|PEER_REVIEW|L3_AI_GROUNDING,"Bilingual definition grounded in an explicit AI technology, causal mechanism, and immutable L3 scope",L3_MASTER|NIST_AI_RMF|OECD_AI_PRINCIPLES|KOREA_AI_BASIC_ACT|L3_MASTER,,General,SOURCE_DOMAIN,G_SYS_MISINFO,0.646034,L3_MASTER_AI_REWRITE
RAI4-0023,F01,"IN, IC, GL, DP, CC",자해 조장 및 지원,Self-harm facilitation,"AI 시스템이 자해 또는 자살을 조장·정상화하거나 도구, 수단, 방법, 실행 절차 또는 행동 지향적 지원을 제공하여 이용자의 생명과 신체·정신적 안녕에 위해를 초래하는 리스크.","The risk that an AI system encourages or normalises self-harm or suicide, or provides tools, means, methods, execution procedures, or action-oriented assistance, causing harm to a person's life or physical and mental well-being.",시스템이 행동 지향적 지원·계획·자원의 제공 을 통해서든 사용 과정 자체를 통해서든 사람 이 자신의 신체를 고의로 손상하거나 타인에 게 위해를 가할 가능성을 높이는 리스크.,"The risk that a system, whether by providing action-oriented support, planning, or resources or through the dynamics of its use, increases the likelihood that a person deliberately damages their own body or harms others.",True,True,기존 risk정의보완 흡수,,,,"자해 수단 제공 중심 범위에 더해, 자해를 촉진하는 지원·계획·자원 제공과 사용 맥락의 유도 효과까지 커버하도록 확장됩니다.",General,SRC-G-0213,RAI4-0023,REWRITE_KEEP|PEER_REVIEW|L3_MASTER_SCOPE_REWRITE,"Definition narrowed to the subject, mechanism, and adverse outcome of the immutable L3 master",L3_MASTER|NIST_AI_RMF|OECD_AI_PRINCIPLES|KOREA_AI_BASIC_ACT,,General,SOURCE_DOMAIN,G_INT_SELF,0.893597,L3_MASTER_VALIDATED
RAI4-0157,F01,"IN, IC, GL, DP, CC",챗봇을 통한 자해 격려,Self-harm encouragement by chatbot,"AI 시스템 또는 AI 알고리즘의 설계·학습·배포·사용 과정이 자해 또는 자살을 긍정적·합리적·영웅적 행위로 묘사하거나 옹호하는 내용(자살 찬양, 자해 권장, 자해 정상화) 또한 챗봇이 자해 사고나 행동을 강화·정상화하거나 이를 적절히 중단시키지 못하는 내용로 인해 구체적인 위해가 발생하는 리스크.","The risk that an AI system or AI algorithm generates, provides, or enables content that depicts or advocates self-harm or suicide as positive, rational, or heroic acts (e.g., glorification of suicide, encouragement of self-harm, normalization of self-harm). Also includes content where a chatbot reinforces or normalizes self-harm ideation or behavior, or fails to appropriately interrupt it.",챗봇이 자해 사고나 행동을 강화하거나 정상 화하거나 중단시키지 못하는 리스크.,"The risk that a chatbot reinforces, normalizes, or fails to interrupt self-harm ideation or behavior.",True,True,기존 risk정의보완 흡수,,,,자해·자살의 미화·정당화뿐 아니라 챗봇의 강화·정상화·개입 실패까지 포함하도록 커버리지가 확장됩니다.,General,SRC-G-0214,RAI4-0157,REWRITE_KEEP|PEER_REVIEW|L3_AI_GROUNDING,"Bilingual definition grounded in an explicit AI technology, causal mechanism, and immutable L3 scope",L3_MASTER|NIST_AI_RMF|OECD_AI_PRINCIPLES|KOREA_AI_BASIC_ACT|L3_MASTER,,General,SOURCE_DOMAIN,G_INT_SELF,0.789354,L3_MASTER_AI_REWRITE
RAI4-0833,F01,"IN, IC, GL, DP, CC",이용자의 정신·신체 건강을 위협하는 콘텐츠,Content endangering users' mental and physical health,"AI 시스템 또는 AI 알고리즘의 설계·학습·배포·사용 과정이 거식증, 폭식증 또는 신체를 해치는 자기 파괴적 행동을 조장·지원하는 내용(극단적 단식, 프로아나(Pro-ana), 체중 감량 강박) 자살을 조장하거나 공황·불안을 유발하는 내용, 오도성 의료 정보나 부적절한 약물 사용 지침처럼 정신적·신체적 건강을 해치는 콘텐츠로 인해 구체적인 위해가 발생하는 리스크.","The risk that an AI system or AI algorithm generates, provides, or enables content that promotes or supports self-destructive behaviors that harm the body, such as anorexia, bulimia, or extreme fasting, including pro-ana (pro-anorexia) and obsessive weight loss. Content that encourages suicide, induces panic or anxiety, or provides misleading medical information or inappropriate drug-use guidance that harms mental or physical health.","모델이 자살을 조장하거나 공황·불안을 유발하는 응답, 오도성 의료 정보와 부적절한 약물 사용 지침 등 건강에 안전하지 않은 콘텐츠를 생성하는 리스크. 취약한 이용자는 이러한 응 답에 따라 행동하여 자신이나 타인에게 신체 적·정신적 위해를 가하게된다.","The risk that a model generates unsafe health-related content, whether responses that encourage suicide or induce panic and anxiety or misleading medical information and inappropriate guidance on drug use. Vulnerable users act on such content and inflict physical and psychological harm on themselves or others.",True,True,기존 risk정의보완 흡수,,,,섭식장애 중심의 신체 훼손 리스크에서 자살·정신건강 악화·의료/약물 오남용까지 포함하는 건강 위해 리스크로 범위가 확장됩니다.,General,SRC-G-0215,RAI4-0833,REWRITE_KEEP|PEER_REVIEW|L3_AI_GROUNDING,"Bilingual definition grounded in an explicit AI technology, causal mechanism, and immutable L3 scope",L3_MASTER|NIST_AI_RMF|OECD_AI_PRINCIPLES|KOREA_AI_BASIC_ACT|L3_MASTER,,General,SOURCE_DOMAIN,G_INT_SELF,0.728511,L3_MASTER_AI_REWRITE
RAI4-0411,F04,"IC, GL, DP",언어별 피해 과소탐지,Language-specific harm under-detection,AI 시스템 또는 AI 알고리즘의 설계·학습·배포·사용 과정이 평가 범위가 취약한 언어와 방언에서 유해·모욕적·비안전 콘텐츠가 덜 안정적으로 탐지되는 리스크.,"The risk that the design, training, deployment, or use of an AI system or AI algorithm creates a condition in which toxic, disrespectful, or unsafe content is less reliably detected in languages and dialects with weaker evaluation coverage.",평가 범위가 취약한 언어와 방언에서 유해·모 욕적·비안전 콘텐츠가 덜 안정적으로 탐지되 는 리스크.,"The risk that toxic, disrespectful, or unsafe content is less reliably detected in languages and dialects with weaker evaluation coverage.",False,False,Hate and unfairness 관점이 다름,,,,,General,SRC-G-0216,RAI4-0411,REWRITE_KEEP|PEER_REVIEW|L3_AI_GROUNDING,"Bilingual definition grounded in an explicit AI technology, causal mechanism, and immutable L3 scope",L3_MASTER|NIST_AI_RMF|OECD_AI_PRINCIPLES|KOREA_AI_BASIC_ACT|L3_MASTER,,General,SOURCE_DOMAIN,G_SYS_OREF,0.659758,L3_MASTER_AI_REWRITE
RAI4-0426,,,혐오발언 생성,Hate speech generation,AI 시스템 또는 AI 알고리즘의 설계·학습·배포·사용 과정이 생성 시스템이 특정 정체성 집단을 표적으로하는 혐오적·모욕적 콘텐츠를 산출하는 리스크.,"The risk that an AI system or AI algorithm, through design, training, deployment, or use, creates a condition in which generative systems produce hateful or abusive content targeting identity groups.",생성 시스템이 특정 정체성 집단을 표적으로하는 혐오적·모욕적 콘텐츠를 산출하는 리스크.,The risk that generative systems produce hateful or abusive content targeting identity groups.,False,False,기존 대체가능,,,,,General,SRC-G-0217,RAI4-0426,REWRITE_KEEP|PEER_REVIEW|L3_AI_GROUNDING,"Bilingual definition grounded in an explicit AI technology, causal mechanism, and immutable L3 scope",L3_MASTER|NIST_AI_RMF|OECD_AI_PRINCIPLES|KOREA_AI_BASIC_ACT|L3_MASTER,,General,SOURCE_DOMAIN,G_INT_REPR,0.731309,L3_MASTER_AI_REWRITE
RAI4-0706,,,보호 속성 기반 부당 대우,Protected-attribute unfair treatment,"AI 시스템 또는 AI 알고리즘의 설계·학습·배포·사용 과정이 인종, 민족, 연령, 성별, 성적 지향, 종교, 출신 국가, 혼인 여부, 장애, 언어 등 보호 속성을 근거로 개인이 불공정하거나 부적절한 대우 또는 자의적 차별을 받는 리스크.","The risk that an AI system causes, enables, or contributes to unfair or inadequate treatment or arbitrary distinction based on a person's race, ethnicity, age, gender, sexual preference, religion, national origin, marital status, disability, language, or other protected groups.","인종, 민족, 연령, 성별, 성적 지향, 종교, 출신 국가, 혼인 여부, 장애, 언어 등 보호 속성을 근 거로 개인이 불공정하거나 부적절한 대우 또 는 자의적 차별을 받는 리스크","The risk of unfair or inadequate treatment or arbitrary distinction based on a person's race, ethnicity, age, gender, sexual preference, religion, national origin, marital status, disability, language, or other protected groups.",False,False,기존 대체가능,,,,,General,SRC-G-0218,RAI4-0706,REWRITE_KEEP|PEER_REVIEW|L3_AI_GROUNDING,"Bilingual definition grounded in an explicit AI technology, causal mechanism, and immutable L3 scope",L3_MASTER|NIST_AI_RMF|OECD_AI_PRINCIPLES|KOREA_AI_BASIC_ACT|L3_MASTER,,General,SOURCE_DOMAIN,G_INT_ALLOC,0.766496,L3_MASTER_AI_REWRITE
RAI4-0368,F04,"IC, GL, DP",도덕적 다양성 압축,Moral diversity compression,다양한 도덕적 입장이 모델 친화적인 소수 범주나 평균 선호로 압축되는 리스크.,The risk that diverse moral positions are compressed into a small set of model-friendly categories or average preferences.,다양한 도덕적 입장이 모델 친화적인 소수 범 주나 평균 선호로 압축되는 리스크.,The risk that diverse moral positions are compressed into a small set of modelfriendly categories or average preferences.,False,False,Hate and unfairness 관점이 다름,,,,,General,SRC-G-0219,RAI4-0368,REWRITE_KEEP|PEER_REVIEW,Peer-review spacing restoration,L3_MASTER|NIST_AI_RMF|OECD_AI_PRINCIPLES|KOREA_AI_BASIC_ACT,,General,SOURCE_DOMAIN,G_INT_VALUE,0.68466,L3_MASTER_VALIDATED
RAI4-0403,F04,"IC, GL, DP",도덕적 프레이밍을 통한 AI 조작,AI manipulation through moral framing,AI 시스템이 논쟁적 사안의 프롬 프 트·응답·평가를 특정 도덕적 해석으로 편향되게 구성하여 이용자의 판단과 자율성을 부당하게 조작하는 리스크.,"The risk that an AI system frames prompts, responses, or evaluations of a contested issue to channel users toward a particular moral interpretation, improperly manipulating their judgement and autonomy.",프롬프트·응답·평가의 구성 방식이 이용자를 논쟁적 사안에 대한 특정한 도덕적 해석으로 유도하는 리스크.,"The risk that the framing of prompts, responses, or evaluations channels users toward a particular moral interpretation of a contested issue.",False,False,Hate and unfairness 관점이 다름,,,이 행의 리스크 카드를 제거할 것,,General,SRC-G-0220,RAI4-0403,REWRITE_KEEP|PEER_REVIEW|L3_MASTER_SCOPE_REWRITE,"Definition narrowed to the subject, mechanism, and adverse outcome of the immutable L3 master",L3_MASTER|NIST_AI_RMF|OECD_AI_PRINCIPLES|KOREA_AI_BASIC_ACT,G_INT_UNETH,General,SOURCE_DOMAIN,G_INT_UNETH,0.824809,L3_MASTER_VALIDATED
RAI4-0422,F04,"IC, GL, DP",도덕적 세계관 배제,Moral-worldview exclusion,종교적·영적·토착적·비세속적 도덕 세계관이 모델 행동과 평가 기준에서 배제되는 리스크.,"The risk that religious, spiritual, indigenous, or non-secular moral worldviews are excluded from model behavior and evaluation standards.",종교적·영적·토착적·비세속적 도덕 세계관이 모델 행동과 평가 기준에서 배제되는 리스크.,"The risk that religious, spiritual, indigenous, or non-secular moral worldviews are excluded from model behavior and evaluation standards.",False,False,보완_Political_Neutrality L3 신규 L4로 '도덕/종교적 세계관 배제' 추가 권장. (Human의 Anthropomorphism 재배치 의견에는 이견 - 정치적/종교적 중립성 취지에 더 부합),,,이 행의 리스크 카드를 제거할 것,,General,SRC-G-0221,RAI4-0422,REWRITE_KEEP|PEER_REVIEW,Peer-review spacing restoration,L3_MASTER|NIST_AI_RMF|OECD_AI_PRINCIPLES|KOREA_AI_BASIC_ACT,,General,SOURCE_DOMAIN,G_INT_VALUE,0.644894,L3_MASTER_VALIDATED
RAI4-0939,F04,"IC, GL, DP",모델의 극단적·편향적 견해 표출,Expression of extremist and politically biased views,"대형 모델이 정치적 주제에서 부적절하거나 극단 주의적인 견해를 표출하고, 중립을 표방하면서도 특정 정치 성향의 편향을 드러내는 리스크.","The risk that large models express inappropriate or extremist views on political topics and, while claiming neutrality, exhibit notable political biases across policy domains.","대형 모델이 정치적 주제에서 부적절하거나 극단주의적인 견해를 표출하고, 중립을 표방 하면서도 특정 정치 성향의 편향을 드러내는 리스크.","The risk that large models express inappropriate or extremist views on political topics and, while claiming neutrality, exhibit notable political biases across policy domains.",False,False,기존 risk정의보완 흡수,,,,,General,SRC-G-0223,RAI4-0939,REWRITE_KEEP|PEER_REVIEW,Peer-review spacing restoration,L3_MASTER|NIST_AI_RMF|OECD_AI_PRINCIPLES|KOREA_AI_BASIC_ACT,,General,SOURCE_DOMAIN,G_INT_POL,0.737178,L3_MASTER_VALIDATED
RAI4-1158,F04,"IC, GL, DP",대규모 설득 능력,Large-scale persuasion capability,모델이 대화와 미디어 환경에서 효과적으로 설득하여 허위 방향으로도 신념을 변화시키고 특정 서사를 유포하며 기존 판단이나 윤리에 반하는 행동을 유도하는 리스크.,"The risk that models persuade effectively in dialogue and media settings, shifting beliefs including toward falsehoods, promoting narratives, and convincing people to act against their prior judgment or ethics.",모델이 대화와 미디어 환경에서 효과적으로 설득하여 허위 방향으로도 신념을 변화시키 고 특정 서사를 유포하며 기존 판단이나 윤리 에 반하는 행동을 유도하는 리스크,"Models persuade effectively in dialogue and media settings, shifting beliefs including toward falsehoods, promoting narratives, and convincing people to act against their prior judgment or ethics.",False,False,기존 risk정의보완 흡수,,,,,General,SRC-G-0224,RAI4-1158,REWRITE_KEEP|PEER_REVIEW,Peer-review spacing restoration,L3_MASTER|NIST_AI_RMF|OECD_AI_PRINCIPLES|KOREA_AI_BASIC_ACT,,General,SOURCE_DOMAIN,G_SYS_OEXT,0.666848,L3_MASTER_VALIDATED
RAI4-1159,F04,"IC, GL, DP",정치적 영향 전략 역량의 오용,Misuse of political influence strategy capability,모델의 사회적 모델링·다 행위자 정치 전략 수립 역량이 특정 행위자의 부당한 정치적 영향력 확보에 오용되어 여론과 민주적 의사 결정을 왜곡하는 리스크.,"The risk that a model's capability for social modelling and multi-actor political planning is misused by an actor to gain undue political influence, distorting public opinion and democratic decision-making.","모델이 행위자가 정치적 영향력을 획득하고 행사하는 데 필요한 사회적 모델링과 계획을, 다수 행위자와 풍부한 사회적 맥락이 있는 시 나리오에서까지 수행하는 리스크.","The risk that a model performs the social modelling and planning necessary for an actor to gain and exercise political influence, not just at a micro level but in scenarios with multiple actors and rich social context.",False,False,L3변경_Over-Confidence,,,,,General,SRC-G-0225,RAI4-1159,REWRITE_KEEP|PEER_REVIEW,역량→오용 주체·피해를 명시해 L4 리스크로 재정의,L3_MASTER|NIST_AI_RMF|OECD_AI_PRINCIPLES|KOREA_AI_BASIC_ACT|PEER_REVIEW_ACCEPTED,,General,SOURCE_DOMAIN,G_INT_POL,0.740243,L3_MASTER_VALIDATED
RAI4-0433,F04,"IN, IC, GL, DP, CC",생체인식 식별·추적에 의한 프라이버시 침해,Biometric identification and tracking privacy harms,"얼굴·음성·보행 등 생체 인식 AI 시스템이 침해적인 식별과 추적을 가능하게하고, 어떤 생체 정보가 얼마나 오래 누구의 소유로 저장되고 누가 접근할 수 있는지에 관한 문제가 해결되지 않은 채 남아 프라이버시 침해가 가중되는 리스크.","The risk that face, voice, gait, and other biometric AI systems enable intrusive identification and tracking, while unresolved questions about what biometric data are stored, for how long, under whose ownership, and with what access compound the privacy harm.","얼굴·음성·보행 등 생체인식 AI 시스템이 침해 적인 식별과 추적을 가능하게하고, 어떤 생체 정보가 얼마나 오래 누구의 소유로 저장되고 누가 접근할 수 있는지에 관한 문제가 해결되 지 않은 채 남아 프라이버시 침해가 가중되는 리스크.","The risk that face, voice, gait, and other biometric AI systems enable intrusive identification and tracking, while unresolved questions about what biometric data are stored, for how long, under whose ownership, and with what access compound the privacy harm.",False,False,기존 risk정의보완 흡수,,,,,General,SRC-G-0226,RAI4-0433,REWRITE_KEEP|PEER_REVIEW,Peer-review spacing restoration,L3_MASTER|NIST_AI_RMF|OECD_AI_PRINCIPLES|KOREA_AI_BASIC_ACT,,General,SOURCE_DOMAIN,G_INT_PRIV,0.797577,L3_MASTER_VALIDATED
RAI4-0652,F04,"IN, IC, GL, DP, CC",개인화 정보 악용 표적 사기,Targeted fraud exploiting personalized information,"생성 모델이 개인화된 정보를 이용해 개별 사용자를 효율적으로 표적화하는 데 오용되어, 피해자의 신뢰를 악용한 설득력 높은 자동화 사기로 민감 정보가 탈취되고 기만의 성공 가능성이 높아지는 리스크.","The risk that generative models are misused to target individual users more efficiently using personalized information, producing highly convincing automated fraudulent schemes that exploit victims' trust and extract sensitive data.","생성 모델이 개인화된 정보를 이용해 개별 사용자를 효율적으로 표적화하는 데 오용되어, 피해자의 신뢰를 악용한 설득력 높은 자동화 사기로 민감 정보가 탈취되고 기만의 성공 가 능성이 높아지는 리스크","The risk that generative models are misused to target individual users more efficiently using personalized information, producing highly convincing automated fraudulent schemes that exploit victims' trust and extract sensitive data.",False,False,신규,,,,,General,SRC-G-0227,RAI4-0652,REWRITE_KEEP|PEER_REVIEW,Peer-review spacing restoration,L3_MASTER|NIST_AI_RMF|OECD_AI_PRINCIPLES|KOREA_AI_BASIC_ACT,,General,SOURCE_DOMAIN,G_SYS_MISINFO,0.705823,L3_MASTER_VALIDATED
RAI4-0734,F04,"IN, IC, GL, DP, CC",기밀정보 무단 공유에 따른 사업 손실,Business loss from unauthorised sharing of confidential information,"AI 시스템 또는 AI 알고리즘의 설계·학습·배포·사용 과정이 기업 전략, 재무 계획 등 민감·기밀 정보와 문서가 제3자와 무단으로 공유되어 시장 지위나 수익을 상실하는 리스크.","The risk that the design, training, deployment, or use of an AI system or AI algorithm creates a condition in which sensitive, confidential information and documents such as corporate strategy and financial plans are shared with third parties without authorisation, risking loss of market position or revenue.","기업 전략, 재무 계획 등 민감·기밀 정보와 문 서가 제3자와 무단으로 공유되어 시장 지위나 수익을 상실하는 리스크","The risk that sensitive, confidential information and documents such as corporate strategy and financial plans are shared with third parties without authorisation, risking loss of market position or revenue.",False,False,신규,,,,,General,SRC-G-0228,RAI4-0734,REWRITE_KEEP|PEER_REVIEW|L3_AI_GROUNDING,"Bilingual definition grounded in an explicit AI technology, causal mechanism, and immutable L3 scope",L3_MASTER|NIST_AI_RMF|OECD_AI_PRINCIPLES|KOREA_AI_BASIC_ACT|L3_MASTER,,General,SOURCE_DOMAIN,G_SYS_TRANS,0.686843,L3_MASTER_AI_REWRITE
RAI4-0739,F04,"IN, IC, GL, DP, CC",산출물을 통한 민감 개인·사업 정보 노출,Exposure of sensitive personal and business information through outputs,"AI 시스템이 개인이나 조직이 감추어 두기를 기대하는 민감 정보를 드러내는 리스크로, 산출 물에 부주의하게 포함시키는 경우뿐 아니라 검열·삭제된 내용을 재구성하거나 사적 속성·선호·의도를 추론해 노출하는 경우를 포함한다. 그 결과 당사자는 지극히 사적인 정보와 영업 비밀 등 보호 대상 정보에 대한 통제권을 상실하는 리스크.","The risk that AI systems reveal sensitive information that individuals or organizations expect to remain concealed, whether by inadvertently including it in outputs or by reconstructing redacted content and exposing inferred attributes, preferences, and intentions. Those affected lose control over deeply private information and protected material such as trade secrets.","AI 시스템이 개인이나 조직이 감추어 두기를 기대하는 민감 정보를 드러내는 리스크로, 산 출물에 부주의하게 포함시키는 경우뿐 아니 라 검열·삭제된 내용을 재구성하거나 사적 속 성·선호·의도를 추론해 노출하는 경우를 포함한다. 그 결과 당사자는 지극히 사적인 정보와 영업비밀 등 보호 대상 정보에 대한 통제권을 상실한다.","The risk that AI systems reveal sensitive information that individuals or organizations expect to remain concealed, whether by inadvertently including it in outputs or by reconstructing redacted content and exposing inferred attributes, preferences, and intentions. Those affected lose control over deeply private information and protected material such as trade secrets.",False,False,기존 risk정의보완 흡수,,,,,General,SRC-G-0229,RAI4-0739,REWRITE_KEEP|PEER_REVIEW,분량 초과: L3 수준 1문장으로 축약 필요,L3_MASTER|NIST_AI_RMF|OECD_AI_PRINCIPLES|KOREA_AI_BASIC_ACT,,General,SOURCE_DOMAIN,G_INT_PRIV,0.770361,L3_MASTER_VALIDATED
RAI4-0741,F04,"IN, IC, GL, DP, CC",개인정보 보호조치 미흡,Inadequate personal-data protection,AI 시스템 또는 AI 알고리즘의 설계·학습·배포·사용 과정이 결함 있는 데이터 저장·처리 관행이 수집된 개인 정보를 유출과 부적절한 접근으로부터 보호하지 못하는 리스크.,"The risk that an AI system or AI algorithm, through design, training, deployment, or use, creates a condition in which faulty data storage and handling practices fail to protect collected personal data from leaks and improper access.",결함 있는 데이터 저장·처리 관행이 수집된 개 인정보를 유출과 부적절한 접근으로부터 보 호하지 못하는 리스크,The risk that faulty data storage and handling practices fail to protect collected personal data from leaks and improper access.,False,False,기존 risk정의보완 흡수,,,,,General,SRC-G-0230,RAI4-0741,REWRITE_KEEP|PEER_REVIEW|L3_AI_GROUNDING,"Bilingual definition grounded in an explicit AI technology, causal mechanism, and immutable L3 scope",L3_MASTER|NIST_AI_RMF|OECD_AI_PRINCIPLES|KOREA_AI_BASIC_ACT|L3_MASTER,,General,SOURCE_DOMAIN,G_INT_PRIV,0.69978,L3_MASTER_AI_REWRITE
RAI4-0761,F04,"IN, IC, GL, DP, CC",익명화된 데이터의 재식별,Re-identification of anonymized data,AI 시스템 또는 AI 알고리즘의 설계·학습·배포·사용 과정이 데이터에서 개인 식별 정보(PII)와 민감 개인 정보(SPI)를 제거하더라도 데이터에 남아 있는 다른 특성과의 상관관계로 인해 개인이 재식별되는 리스크.,"The risk that an AI system or AI algorithm, through design, training, deployment, or use, creates a condition in which even with the removal of personally identifiable information (PII) and sensitive personal information (SPI) from data, persons can be identified due to correlations to other features available in the data.",데이터에서 개인식별정보(PII)와 민감 개인정보(SPI)를 제거하더라도 데이터에 남아 있는 다른 특성과의 상관관계로 인해 개인이 재식 별되는 리스크,"The risk that, even with the removal of personally identifiable information (PII) and sensitive personal information (SPI) from data, persons can be identified due to correlations to other features available in the data.",False,False,신규,,,,,General,SRC-G-0231,RAI4-0761,REWRITE_KEEP|PEER_REVIEW|L3_AI_GROUNDING,"Bilingual definition grounded in an explicit AI technology, causal mechanism, and immutable L3 scope",L3_MASTER|NIST_AI_RMF|OECD_AI_PRINCIPLES|KOREA_AI_BASIC_ACT|L3_MASTER,G_INT_PRIV,General,SOURCE_DOMAIN,G_INT_PRIV,0.682099,L3_MASTER_AI_REWRITE
RAI4-0922,F04,"IN, IC, GL, DP, CC",학습 코퍼스 내 개인정보 혼입,Private data contamination of training corpora,AI 시스템 또는 AI 알고리즘의 설계·학습·배포·사용 과정이 웹 수집 데이터와 인간-기계 대화 데이터의 통합 과정에서 이름·이메일·주소 등 개인 식별 정보(PII)가 학습 코퍼스에 혼입되어 오용되는 리스크.,"The risk that the design, training, deployment, or use of an AI system or AI algorithm creates a condition in which personally identifiable information such as names, emails, and addresses is mixed into training corpora through web-collected data and human-machine conversations, enabling misuse.",웹 수집 데이터와 인간-기계 대화 데이터의 통합 과정에서 이름·이메일·주소 등 개인식별 정보(PII)가 학습 코퍼스에 혼입되어 오용되 는 리스크.,"The risk that personally identifiable information such as names, emails, and addresses is mixed into training corpora through web-collected data and humanmachine conversations, enabling misuse.",False,False,신규,,,,,General,SRC-G-0232,RAI4-0922,REWRITE_KEEP|PEER_REVIEW|L3_AI_GROUNDING,"Bilingual definition grounded in an explicit AI technology, causal mechanism, and immutable L3 scope",L3_MASTER|NIST_AI_RMF|OECD_AI_PRINCIPLES|KOREA_AI_BASIC_ACT|L3_MASTER,,General,SOURCE_DOMAIN,G_INT_PRIV,0.696498,L3_MASTER_AI_REWRITE
RAI4-1062,F04,"IN, IC, GL, DP, CC",챗봇에 의한 사적 정보 유도와 유출,Elicitation and disclosure of private information by chatbots,"인간을 닮은 대화형 에이전트가 이용자로하여금 의견과 감정 등 평소에는 얻기 어려운 사적 정보를 털어놓게하고, 민감하거나 기밀인 정보를 출력에 공개하는 리스크. 이렇게 수집된 정보는 프라이버시권을 침해하거나 중독성 애플리케이션 추천처럼 이용자에게 해가되는 후속 응용에 활용되는 리스크.","The risk that an AI system or AI algorithm, through design, training, deployment, or use, creates a condition in which human-like conversational agents lead users to reveal opinions, emotions, and other private information that would otherwise be difficult to obtain, and that sensitive or confidential material appears in the chatbot's own output. The information gathered supports downstream uses that violate privacy rights or exploit users, such as more effective recommendation of addictive applications.","인간을 닮은 대화형 에이전트가 이용자로 하 여금 의견과 감정 등 평소에는 얻기 어려운 사 적 정보를 털어놓게하고, 민감하거나 기밀인 정보를 출력에 공개하는 리스크. 이렇게 수집된 정보는 프라이버시권을 침해하거나 중독 성 애플리케이션 추천처럼 이용자에게 해가되는 후속 응용에 활용된다.","The risk that human-like conversational agents lead users to reveal opinions, emotions, and other private information that would otherwise be difficult to obtain, and that sensitive or confidential material appears in the chatbot's own output. The information gathered supports downstream uses that violate privacy rights or exploit users, such as more effective recommendation of addictive applications.",False,False,기존 risk정의보완 흡수,,,,,General,SRC-G-0233,RAI4-1062,REWRITE_KEEP|PEER_REVIEW|L3_AI_GROUNDING,"Bilingual definition grounded in an explicit AI technology, causal mechanism, and immutable L3 scope",L3_MASTER|NIST_AI_RMF|OECD_AI_PRINCIPLES|KOREA_AI_BASIC_ACT|L3_MASTER,,General,SOURCE_DOMAIN,G_INT_PRIV,0.72499,L3_MASTER_AI_REWRITE
RAI4-1139,F04,"IN, IC, GL, DP, CC",비서 유도 개인정보 노출,Assistant-induced privacy disclosure,"AI 시스템 또는 AI 알고리즘의 설계·학습·배포·사용 과정이 비서가 사용자로하여금 자신이나 타인의 개인 정보를 공개하도록 유도해 신원 도용과 낙인·차별을 초래하고, 국가 소유 비서가 조작이나 기만으로 감시 목적의 사적 정보를 추출하는 리스크.","The risk that the design, training, deployment, or use of an AI system or AI algorithm creates a condition in which assistants influence users to disclose personal information or private information pertaining to others, resulting in identity theft, stigmatisation and discrimination, and that state-owned assistants employ manipulation or deception to extract private information for surveillance.","비서가 사용자로하여금 자신이나 타인의 개 인정보를 공개하도록 유도해 신원 도용과 낙 인·차별을 초래하고, 국가 소유 비서가 조작이 나 기만으로 감시 목적의 사적 정보를 추출하 는 리스크.","The risk that assistants influence users to disclose personal information or private information pertaining to others, resulting in identity theft, stigmatisation and discrimination, and that state-owned assistants employ manipulation or deception to extract private information for surveillance.",False,False,기존 risk정의보완 흡수,,,,,General,SRC-G-0234,RAI4-1139,REWRITE_KEEP|PEER_REVIEW|L3_AI_GROUNDING,"Bilingual definition grounded in an explicit AI technology, causal mechanism, and immutable L3 scope",L3_MASTER|NIST_AI_RMF|OECD_AI_PRINCIPLES|KOREA_AI_BASIC_ACT|L3_MASTER,,General,SOURCE_DOMAIN,G_INT_PRIV,0.74422,L3_MASTER_AI_REWRITE
RAI4-1169,F04,"IN, IC, GL, DP, CC",프라이버시·재산 정보 오처리,Privacy and property information mishandling,"AI 시스템 또는 AI 알고리즘의 설계·학습·배포·사용 과정이 생성물이 사용자의 프라이버시와 재산 정보를 노출하거나 결혼과 투자처럼 영향이 큰 조언을 제공하여, 관련 법과 프라이버시 규정을 지키지 못한 채 정보 유출과 오 남용을 초래하는 리스크.","The risk that an AI system or AI algorithm generates, provides, or enables generation exposes users' privacy and property information or provides advice with huge impacts, such as suggestions on marriage and investments, failing to comply with relevant laws and privacy regulations and causing information leakage and abuse.","생성물이 사용자의 프라이버시와 재산 정보 를 노출하거나 결혼과 투자처럼 영향이 큰 조 언을 제공하여, 관련 법과 프라이버시 규정을 지키지 못한 채 정보 유출과 오남용을 초래하 는 리스크.","The risk that generation exposes users' privacy and property information or provides advice with huge impacts, such as suggestions on marriage and investments, failing to comply with relevant laws and privacy regulations and causing information leakage and abuse.",False,False,기존 risk정의보완 흡수,,,,,General,SRC-G-0235,RAI4-1169,REWRITE_KEEP|PEER_REVIEW|L3_AI_GROUNDING,"Bilingual definition grounded in an explicit AI technology, causal mechanism, and immutable L3 scope",L3_MASTER|NIST_AI_RMF|OECD_AI_PRINCIPLES|KOREA_AI_BASIC_ACT|L3_MASTER,,General,SOURCE_DOMAIN,G_INT_PRIV,0.71589,L3_MASTER_AI_REWRITE
RAI4-1207,F04,"IN, IC, GL, DP, CC",개인정보 스크래핑 학습,Personal-data scraping for training,"기업이 개인 정보를 스크래핑해 생성 AI 도구를 만들면서 소비자가 동의하지 않은 목적으로 정보를 사용하고, 흩어져 있던 데이터를 결합해 추론에 쓰며 개인이 정보를 수정하거나 삭제할 능력을 박탈하여 데이터 통제권을 약화시키는 리스크.","The risk that companies scrape personal information to create generative AI tools, undermining consumers' control of their data by using it for purposes they did not consent to, combining data sets in revealing ways, and taking away the ability to alter or remove the information.","기업이 개인정보를 스크래핑해 생성 AI 도구 를 만들면서 소비자가 동의하지 않은 목적으 로 정보를 사용하고, 흩어져 있던 데이터를 결 합해 추론에 쓰며 개인이 정보를 수정하거나 삭제할 능력을 박탈하여 데이터 통제권을 약 화시키는 리스크.","The risk that companies scrape personal information to create generative AI tools, undermining consumers' control of their data by using it for purposes they did not consent to, combining data sets in revealing ways, and taking away the ability to alter or remove the information.",False,False,기존 risk정의보완 흡수,,,,,General,SRC-G-0236,RAI4-1207,REWRITE_KEEP|PEER_REVIEW,Peer-review spacing restoration,L3_MASTER|NIST_AI_RMF|OECD_AI_PRINCIPLES|KOREA_AI_BASIC_ACT,,General,SOURCE_DOMAIN,G_INT_PRIV,0.745991,L3_MASTER_VALIDATED
RAI4-1273,F04,"IN, IC, GL, DP, CC",광범위한 개인정보 투입,Pervasive personal-data ingestion,"위치와 개인 정보, 이동 궤적을 포함한 사용자 데이터가 대부분의 데이터 기반 기계학습 방법의 입력으로 사용되는 리스크.","The risk that users' data, including location, personal information, and navigation trajectory, is considered as input for most data-driven machine learning methods.","위치와 개인 정보, 이동 궤적을 포함한 사용자 데이터가 대부분의 데이터 기반 기계학습 방 법의 입력으로 사용되는 리스크.","The risk that users' data, including location, personal information, and navigation trajectory, is considered as input for most data-driven machine learning methods.",False,False,기존 risk정의보완 흡수,,,,,General,SRC-G-0237,RAI4-1273,REWRITE_KEEP|PEER_REVIEW,Peer-review spacing restoration,L3_MASTER|NIST_AI_RMF|OECD_AI_PRINCIPLES|KOREA_AI_BASIC_ACT,,General,SOURCE_DOMAIN,G_INT_PRIV,0.686708,L3_MASTER_VALIDATED
RAI4-1364,F04,"IN, IC, GL, DP, CC",보호장치 없는 개인정보 수집,Personal information collection without safeguards,AI 시스템 또는 AI 알고리즘의 설계·학습·배포·사용 과정이 웹스크래핑으로 수집된 학습 데이터셋과 하류 미세 조정용 사내 데이터에 개인 데이터와 개인 식별 정보가 보호 장치 없이 포함되는 리스크.,"The risk that an AI system or AI algorithm, through design, training, deployment, or use, creates a condition in which training datasets gathered through online web scraping and in-house data used for downstream fine-tuning incorporate personal data and personally identifiable information without safeguards.",웹 스크래핑으로 수집된 학습 데이터셋과 하 류 미세조정용 사내 데이터에 개인 데이터와 개인식별정보가 보호장치 없이 포함되는 리스크.,The risk that training datasets gathered through online web scraping and in-house data used for downstream fine-tuning incorporate personal data and personally identifiable information without safeguards.,False,False,기존 risk정의보완 흡수,,,,,General,SRC-G-0238,RAI4-1364,REWRITE_KEEP|PEER_REVIEW|L3_AI_GROUNDING,"Bilingual definition grounded in an explicit AI technology, causal mechanism, and immutable L3 scope",L3_MASTER|NIST_AI_RMF|OECD_AI_PRINCIPLES|KOREA_AI_BASIC_ACT|L3_MASTER,,General,SOURCE_DOMAIN,G_INT_PRIV,0.693452,L3_MASTER_AI_REWRITE
RAI4-1444,F04,"IN, IC, GL, DP, CC",사생활·개인정보 부당 노출,Unwarranted exposure of private life and personal data,AI 시스템 또는 AI 알고리즘의 설계·학습·배포·사용 과정이 사이버 공격이나 신상 털기 등을 통해 개인의 사생활이나 개인 데이터가 부당하게 노출되는 리스크.,"The risk that an AI system causes, enables, or contributes to unwarranted exposure of an individual's private life or personal data through cyberattacks, doxxing, and similar means.",사이버 공격이나 신상 털기 등을 통해 개인의 사생활이나 개인 데이터가 부당하게 노출되 는 리스크.,"The risk of unwarranted exposure of an individual's private life or personal data through cyberattacks, doxxing, and similar means.",False,False,기존 risk정의보완 흡수,,,,,General,SRC-G-0239,RAI4-1444,REWRITE_KEEP|PEER_REVIEW|L3_AI_GROUNDING,"Bilingual definition grounded in an explicit AI technology, causal mechanism, and immutable L3 scope",L3_MASTER|NIST_AI_RMF|OECD_AI_PRINCIPLES|KOREA_AI_BASIC_ACT|L3_MASTER,,General,SOURCE_DOMAIN,G_INT_PRIV,0.773677,L3_MASTER_AI_REWRITE
RAI4-1581,F04,"IN, IC, GL, DP, CC",위장 계정 자동 운영에 의한 정보환경 조작,Information-environment manipulation through automated sockpuppet accounts,AI 시스템 또는 AI 알고리즘의 설계·학습·배포·사용 과정이 허구의 온라인 정체성 계정이 자동으로 생성·운영되어 후원 주체가 은폐되고 독립적 지지가 가장되며 정보 환경이 조작되는 리스크.,"The risk that the design, training, deployment, or use of an AI system or AI algorithm creates a condition in which fictitious online identities are automatically generated or operated to conceal sponsorship, simulate independent support, or manipulate information environments.",허구의 온라인 정체성 계정이 자동으로 생성·운영되어 후원 주체가 은폐되고 독립적 지지 가 가장되며 정보 환경이 조작되는 리스크.,"The risk that fictitious online identities are automatically generated or operated to conceal sponsorship, simulate independent support, or manipulate information environments.",False,False,삭제_플랫폼 차원의 대규모 여론조작/봇넷 운영 리스크로 개별 상담 응답 평가와 결이 다름 (GPT 동의),,,,,General,SRC-G-0240,RAI4-1581,REWRITE_KEEP|PEER_REVIEW|L3_AI_GROUNDING,"Bilingual definition grounded in an explicit AI technology, causal mechanism, and immutable L3 scope",L3_MASTER|NIST_AI_RMF|OECD_AI_PRINCIPLES|KOREA_AI_BASIC_ACT|L3_MASTER,,General,SOURCE_DOMAIN,G_SYS_MISINFO,0.695308,L3_MASTER_AI_REWRITE
RAI4-1722,F04,"IN, IC, GL, DP, CC",존엄 침해적 프라이버시 피해,Dignity-eroding privacy harms,AI 시스템 또는 AI 알고리즘의 설계·학습·배포·사용 과정이 개인 데이터가 원치 않게 공개되거나 추론되는 등 인간의 자율성·정체성·존엄을 보호하는 규범과 관행이 지켜지지 않아 피해가 발생하는 리스크.,"The risk that an AI system or AI algorithm, through design, training, deployment, or use, creates a condition in which failure to safeguard the norms and practices protecting human autonomy, identity, and dignity, including unwanted disclosure or inference of personal data, results in harm.",개인 데이터가 원치 않게 공개되거나 추론되 는 등 인간의 자율성·정체성·존엄을 보호하는 규범과 관행이 지켜지지 않아 피해가 발생하 는 리스크.,"The risk that failure to safeguard the norms and practices protecting human autonomy, identity, and dignity, including unwanted disclosure or inference of personal data, results in harm.",False,False,기존 risk정의보완 흡수,,,,,General,SRC-G-0241,RAI4-1722,REWRITE_KEEP|PEER_REVIEW|L3_AI_GROUNDING,"Bilingual definition grounded in an explicit AI technology, causal mechanism, and immutable L3 scope",L3_MASTER|NIST_AI_RMF|OECD_AI_PRINCIPLES|KOREA_AI_BASIC_ACT|L3_MASTER,,General,SOURCE_DOMAIN,G_INT_PRIV,0.766414,L3_MASTER_AI_REWRITE
RAI4-0653,F01,"IN, IC, GL, DP, CC",LLM 남용에 의한 학업 부정행위,Academic misconduct from LLM misuse,AI 시스템 또는 AI 알고리즘의 설계·학습·배포·사용 과정이 LLM 시스템의 부적절한 사용과 남용이 학업 부정 행위와 같은 부정적 사회적 영향을 초래하는 리스크.,"The risk that an AI system or AI algorithm, through design, training, deployment, or use, creates a condition in which improper use or abuse of LLM systems causes adverse social impacts such as academic misconduct.",LLM 시스템의 부적절한 사용과 남용이 학업 부정행위와 같은 부정적 사회적 영향을 초래하는 리스크,The risk that improper use or abuse of LLM systems causes adverse social impacts such as academic misconduct.,False,False,보완_Illegal_or_Unethical L3 신규 L4로 '학업 부정행위 조력' 추가 가능하나 매우 지엽적이라 우선순위 낮음,,,,,General,SRC-G-0242,RAI4-0653,REWRITE_KEEP|PEER_REVIEW|L3_AI_GROUNDING,"Bilingual definition grounded in an explicit AI technology, causal mechanism, and immutable L3 scope",L3_MASTER|NIST_AI_RMF|OECD_AI_PRINCIPLES|KOREA_AI_BASIC_ACT|L3_MASTER,,General,SOURCE_DOMAIN,G_INT_UNETH,0.674798,L3_MASTER_AI_REWRITE
RAI4-1059,F01,"IN, IC, GL, DP, CC",사기·표적 스캠 조장,Fraud and targeted-scam facilitation,AI 시스템 또는 AI 알고리즘의 설계·학습·배포·사용 과정이 LM이 범죄의 효과성을 높이는 데 이용될 수 있는 리스크.,"The risk that the design, training, deployment, or use of an AI system or AI algorithm creates a condition in which LMs are potentially used to increase the effectiveness of crimes.",LM이 범죄의 효과성을 높이는 데 이용될 수 있는 리스크.,The risk that LMs are potentially used to increase the effectiveness of crimes.,False,False,기존 risk정의보완 흡수,,,,,General,SRC-G-0243,RAI4-1059,REWRITE_KEEP|PEER_REVIEW|L3_AI_GROUNDING,"Bilingual definition grounded in an explicit AI technology, causal mechanism, and immutable L3 scope",L3_MASTER|NIST_AI_RMF|OECD_AI_PRINCIPLES|KOREA_AI_BASIC_ACT|L3_MASTER,,General,SOURCE_DOMAIN,G_INT_ILLEGAL,0.66833,L3_MASTER_AI_REWRITE
RAI4-1060,F01,"IN, IC, GL, DP, CC",불법적 대중 감시·검열,Illegitimate mass surveillance and censorship,"AI 시스템 또는 AI 알고리즘의 설계·학습·배포·사용 과정이 LM이 대중 감시의 비용을 낮추고 효과를 높여 감시 수행 행위자의 역량을 증폭시키고, 불법적 검열 등 피해와 프라이버시권·민주적 가치 침해를 초래하는 리스크.","The risk that the design, training, deployment, or use of an AI system or AI algorithm creates a condition in which LMs reduce the cost and increase the efficacy of mass surveillance, amplifying the capabilities of actors who conduct it, including for illegitimate censorship or other harm, and raising concerns about privacy rights and democratic values.","LM이 대중 감시의 비용을 낮추고 효과를 높 여 감시 수행 행위자의 역량을 증폭시키고, 불 법적 검열 등 피해와 프라이버시권·민주적 가 치 침해를 초래하는 리스크.","The risk that LMs reduce the cost and increase the efficacy of mass surveillance, amplifying the capabilities of actors who conduct it, including for illegitimate censorship or other harm, and raising concerns about privacy rights and democratic values.",False,False,관점 확장,,,,,General,SRC-G-0244,RAI4-1060,REWRITE_KEEP|PEER_REVIEW|L3_AI_GROUNDING,"Bilingual definition grounded in an explicit AI technology, causal mechanism, and immutable L3 scope",L3_MASTER|NIST_AI_RMF|OECD_AI_PRINCIPLES|KOREA_AI_BASIC_ACT|L3_MASTER,,General,SOURCE_DOMAIN,G_INT_PRIV,0.671331,L3_MASTER_AI_REWRITE
RAI4-1076,F01,"IN, IC, GL, DP, CC",비윤리적 행위 옹호에 의한 유해 행동 유도,Endorsement of unethical conduct inducing harmful user action,"모델의 산출 물이 관련 윤리 원칙과 도덕 규범, 널리 인정되는 인간 가치에서 벗어나 부도덕하거나 불법적인 행동을 지지하고 조장하는 리스크. 모델을 권위로 신뢰하는 이용자는 이에 자극 받아 그렇지 않았다면하지 않았을 유해한 행동을 하게되는 리스크.","The risk that model outputs endorse and promote immoral, unethical, or illegal conduct at odds with pertinent ethical principles, moral norms, and widely acknowledged human values. Users who trust the system as an authority are thereby motivated to take harmful actions they would not otherwise have performed.","모델의 산출물이 관련 윤리 원칙과 도덕 규범, 널리 인정되는 인간 가치에서 벗어나 부도덕 하거나 불법적인 행동을 지지하고 조장하는 리스크. 모델을 권위로 신뢰하는 이용자는 이 에 자극받아 그렇지 않았다면하지 않았을 유 해한 행동을 하게된다.","The risk that model outputs endorse and promote immoral, unethical, or illegal conduct at odds with pertinent ethical principles, moral norms, and widely acknowledged human values. Users who trust the system as an authority are thereby motivated to take harmful actions they would not otherwise have performed.",False,False,관점 확장,,,,,General,SRC-G-0245,RAI4-1076,REWRITE_KEEP|PEER_REVIEW,분량 초과: L3 수준 1문장으로 축약 필요,L3_MASTER|NIST_AI_RMF|OECD_AI_PRINCIPLES|KOREA_AI_BASIC_ACT,,General,SOURCE_DOMAIN,G_INT_UNETH,0.762922,L3_MASTER_VALIDATED
RAI4-1192,F01,"IN, IC, GL, DP, CC",자동화된 선전과 대규모 영향 공작,Automated propaganda and scaled influence operations,악의적 이용자가 언어 모델로 인간이 작성한 것만큼 설득력 있는 기만 서사와 가짜 뉴스를 저비용·대규모로 생성하여 선전을 선제적으로 유포하고 자동화된 영향 공작과 악성 소셜 봇 넷을 가동하는 리스크. 선전의 진입 장벽이 크게 낮아지고 표적 청중의 관점이 조작되는 리스크.,"The risk that malicious users leverage language models to craft deceptive narratives and fabricated news as persuasive as human-written material at low cost and large scale, powering automated influence operations and malicious social botnets. The barrier to conducting propaganda falls sharply and the perspectives of targeted audiences are manipulated.",악의적 이용자가 언어모델로 인간이 작성한 것만큼 설득력 있는 기만 서사와 가짜뉴스를 저비용·대규모로 생성하여 선전을 선제적으 로 유포하고 자동화된 영향 공작과 악성 소셜 봇넷을 가동하는 리스크. 선전의 진입 장벽이 크게 낮아지고 표적 청중의 관점이 조작된다.,"The risk that malicious users leverage language models to craft deceptive narratives and fabricated news as persuasive as human-written material at low cost and large scale, powering automated influence operations and malicious social botnets. The barrier to conducting propaganda falls sharply and the perspectives of targeted audiences are manipulated.",False,False,"삭제_Misinformation/Disinformation(taxonomy_0727, 사실성 축)에 이미 포섭되는 개념. Illegal L3 신규보다 그쪽 축 참고사항 (Human 의견 동의)",,,,,General,SRC-G-0246,RAI4-1192,REWRITE_KEEP|PEER_REVIEW,분량 초과: L3 수준 1문장으로 축약 필요,L3_MASTER|NIST_AI_RMF|OECD_AI_PRINCIPLES|KOREA_AI_BASIC_ACT,,General,SOURCE_DOMAIN,G_SYS_MISINFO,0.693493,L3_MASTER_VALIDATED
RAI4-1320,F01,"IN, IC, GL, DP, CC",지속적 기만 수행에 의한 이용자 판단 왜곡,User judgement distortion through sustained model deception,AI 시스템 또는 AI 알고리즘의 설계·학습·배포·사용 과정이 LLM이 인간을 기만하고 그 기만을 장기간 유지하는 역량을 발현하여 이용자에게 거짓 믿음을 유도하고 의사 결정을 왜곡하는 리스크.,"The risk that the design, training, deployment, or use of an AI system or AI algorithm creates a condition in which an LLM exercises its capability to deceive humans and sustain that deception, inducing false beliefs that distort users' decisions.",LLM이 인간을 속이고 그 기만을 지속적으로 유지할 수 있는 리스크.,The risk that an LLM is able to deceive humans and maintain that deception.,False,False,관점 확장,,,,,General,SRC-G-0247,RAI4-1320,REWRITE_KEEP|PEER_REVIEW|L3_AI_GROUNDING,"Bilingual definition grounded in an explicit AI technology, causal mechanism, and immutable L3 scope",L3_MASTER|NIST_AI_RMF|OECD_AI_PRINCIPLES|KOREA_AI_BASIC_ACT|PEER_REVIEW_ACCEPTED|L3_MASTER,,General,SOURCE_DOMAIN,G_SYS_MISINFO,0.736057,L3_MASTER_AI_REWRITE
RAI4-1435,F01,"IN, IC, GL, DP, CC",시장점유 목적의 비윤리적 기술 사용,Unethical technology use for market share,AI 시스템 또는 AI 알고리즘의 설계·학습·배포·사용 과정이 시장 점유율 확보를 위해 기술이 부적절하거나 비윤리적으로 사용되는 리스크.,"The risk that the design, training, deployment, or use of an AI system or AI algorithm creates a condition in which technology is used inappropriately or unethically to gain market share.",시장 점유율 확보를 위해 기술이 부적절하거 나 비윤리적으로 사용되는 리스크.,The risk that technology is used inappropriately or unethically to gain market share.,False,False,"삭제_기업 전략 차원 리스크로 지나치게 추상적이며 사업전략 영역, 응답 판정과 무관 (GPT의 신규L4 의견에 반대)",,,,,General,SRC-G-0248,RAI4-1435,REWRITE_KEEP|PEER_REVIEW|L3_AI_GROUNDING,"Bilingual definition grounded in an explicit AI technology, causal mechanism, and immutable L3 scope",L3_MASTER|NIST_AI_RMF|OECD_AI_PRINCIPLES|KOREA_AI_BASIC_ACT|L3_MASTER,,General,SOURCE_DOMAIN,G_INT_UNETH,0.734486,L3_MASTER_AI_REWRITE
RAI4-1652,F01,"IN, IC, GL, DP, CC",사이버·과학 영역에서의 LLM 이중용도 역량 악용,Misuse of dual-use LLM capabilities in cyber and scientific domains,"AI 시스템 또는 AI 알고리즘의 설계·학습·배포·사용 과정이 악의적 행위자가 LLM의 이중 용도 역량을 악용하는 리스크로, 하드웨어·소프트웨어·데이터의 취약점을 탐지·악용하고 시스템 내부에서 탐지를 회피하는 사이버 역량과 악의적 실험 수행을 위한 단계별 지침을 제공하는 과학적 역량이 여기에 포함된다. 정당한 목적으로 개발된 역량이 그대로 가해의 수단으로 전환되어 실질적 피해가 발생하는 리스크.","The risk that malicious actors misuse the dual-use capabilities of large language models, including cyber capabilities to detect and exploit vulnerabilities in hardware, software, and data while evading detection inside a system or network, and scientific capabilities such as step-by-step instructions for conducting malicious experiments. Capabilities developed for legitimate purposes are thereby converted directly into instruments of harm.","악의적 행위자가 LLM의 이중용도 역량을 악 용하는 리스크로, 하드웨어·소프트웨어·데이 터의 취약점을 탐지·악용하고 시스템 내부에 서 탐지를 회피하는 사이버 역량과 악의적 실 험 수행을 위한 단계별 지침을 제공하는 과학 적 역량이 여기에 포함된다. 정당한 목적으로 개발된 역량이 그대로 가해의 수단으로 전환 되어 실질적 피해가 발생한다.","The risk that malicious actors misuse the dual-use capabilities of large language models, including cyber capabilities to detect and exploit vulnerabilities in hardware, software, and data while evading detection inside a system or network, and scientific capabilities such as step-by-step instructions for conducting malicious experiments. Capabilities developed for legitimate purposes are thereby converted directly into instruments of harm.",False,False,기존 risk정의보완 흡수,,,,,General,SRC-G-0249,RAI4-1652,REWRITE_KEEP|PEER_REVIEW|L3_AI_GROUNDING,"Bilingual definition grounded in an explicit AI technology, causal mechanism, and immutable L3 scope",L3_MASTER|NIST_AI_RMF|OECD_AI_PRINCIPLES|KOREA_AI_BASIC_ACT|L3_MASTER,,General,SOURCE_DOMAIN,G_SYS_SECADV,0.690297,L3_MASTER_AI_REWRITE
RAI4-0628,F04,"IN, IC, GL, DP, CC",지식재산권 및 인격권 침해,Infringement of intellectual property and personality rights,"AI 시스템이 저작권·상표·특허로 보호되는 성과물을 무단으로 이용하거나 남용하고, 개인의 이름·이미지·초상 등 신원 표지를 허락 없이 상업적으로 사용하는 리스크. 권리자는 창작물과 자신의 정체성이 이용되는 방식과 그 경제적 가치에 대한 통제권을 상실하고 사후 구제에 의존하게되는 리스크.","The risk that AI systems misuse works protected by copyright, trademark, or patent and appropriate an individual's name, image, or likeness for commercial purposes without authorization. Rights holders lose control over the use and economic value of their creations and identity and are left to seek redress after the fact.","AI 시스템이 저작권·상표·특허로 보호되는 성 과물을 무단으로 이용하거나 남용하고, 개인 의 이름·이미지·초상 등 신원 표지를 허락 없 이 상업적으로 사용하는 리스크. 권리자는 창 작물과 자신의 정체성이 이용되는 방식과 그 경제적 가치에 대한 통제권을 상실하고 사후 구제에 의존하게된다.","The risk that AI systems misuse works protected by copyright, trademark, or patent and appropriate an individual's name, image, or likeness for commercial purposes without authorization. Rights holders lose control over the use and economic value of their creations and identity and are left to seek redress after the fact.",False,False,기존 risk정의보완 흡수,,,,,General,SRC-G-0250,RAI4-0628,REWRITE_KEEP|PEER_REVIEW,분량 초과: L3 수준 1문장으로 축약 필요,L3_MASTER|NIST_AI_RMF|OECD_AI_PRINCIPLES|KOREA_AI_BASIC_ACT,,General,SOURCE_DOMAIN,G_INT_COPY,0.856404,L3_MASTER_VALIDATED
RAI4-0663,F04,"IN, IC, GL, DP, CC",무단 표절 및 부정행위,Plagiarism and cheating without acknowledgement,AI 시스템 또는 AI 알고리즘의 설계·학습·배포·사용 과정이 타인이나 집단의 표현과 아이디어가 동의 또는 출처 표시 없이 사용되는 리스크.,"The risk that the design, training, deployment, or use of an AI system or AI algorithm creates a condition in which another person's or group's words or ideas are used without consent or acknowledgement.",타인이나 집단의 표현과 아이디어가 동의 또 는 출처 표시 없이 사용되는 리스크,The risk that another person's or group's words or ideas are used without consent or acknowledgement.,False,False,기존 대체,,,,,General,SRC-G-0251,RAI4-0663,REWRITE_KEEP|PEER_REVIEW|L3_AI_GROUNDING,"Bilingual definition grounded in an explicit AI technology, causal mechanism, and immutable L3 scope",L3_MASTER|NIST_AI_RMF|OECD_AI_PRINCIPLES|KOREA_AI_BASIC_ACT|L3_MASTER,,General,SOURCE_DOMAIN,G_INT_COPY,0.726048,L3_MASTER_AI_REWRITE
RAI4-0667,F04,"IN, IC, GL, DP, CC",위조 및 브랜드 사칭,Counterfeiting and brand impersonation,"AI 시스템 또는 AI 알고리즘의 설계·학습·배포·사용 과정이 원저작물, 브랜드, 스타일이 복제 또는 모방되어 진품인 것처럼 통용되는 리스크.","The risk that the design, training, deployment, or use of an AI system or AI algorithm creates a condition in which an original work, brand, or style is reproduced or imitated and passed off as real.","원저작물, 브랜드, 스타일이 복제 또는 모방되 어 진품인 것처럼 통용되는 리스크","The risk that an original work, brand, or style is reproduced or imitated and passed off as real.",False,False,보완_Copyrights L3 신규 L4로 '브랜드/상표 사칭' 추가 - 기존 저작권 침해보다 넓은 브랜드 도용까지 포괄 (Human/GPT 의견 동의),,,,,General,SRC-G-0252,RAI4-0667,REWRITE_KEEP|PEER_REVIEW|L3_AI_GROUNDING,"Bilingual definition grounded in an explicit AI technology, causal mechanism, and immutable L3 scope",L3_MASTER|NIST_AI_RMF|OECD_AI_PRINCIPLES|KOREA_AI_BASIC_ACT|L3_MASTER,,General,SOURCE_DOMAIN,G_SYS_MISINFO,0.659551,L3_MASTER_AI_REWRITE
RAI4-0740,F04,"IN, IC, GL, DP, CC",프롬프트 내 지식재산 정보 포함,Intellectual property included in prompts,저작권이 있는 정보나 기타 지식 재산 이 모델에 전송되는 프롬 프 트의 일부로 포함되는 리스크.,The risk that copyrighted information or other intellectual property is included as part of the prompt that is sent to the model.,저작권이 있는 정보나 기타 지식재산이 모델 에 전송되는 프롬프트의 일부로 포함되는 리스크,The risk that copyrighted information or other intellectual property is included as part of the prompt that is sent to the model.,False,False,신규,,,,,General,SRC-G-0253,RAI4-0740,REWRITE_KEEP|PEER_REVIEW,Peer-review spacing restoration,L3_MASTER|NIST_AI_RMF|OECD_AI_PRINCIPLES|KOREA_AI_BASIC_ACT,,General,SOURCE_DOMAIN,G_INT_COPY,0.733962,L3_MASTER_VALIDATED
RAI4-1066,F04,"IN, IC, GL, DP, CC",합성 창작물에 의한 인간 창작 노동의 대체,Displacement of human creative work by synthetic substitutes,모델이 저작권을 직접 침해하지 않으면서도 예술가의 아이디어를 자본화한 콘텐츠를 생성하여 시장과 주목에서 인간의 원작을 대체할 만한 대체물이되는 리스크. 그 결과 창작 경제의 수익성이 훼손되고 인간의 창작과 혁신에 대한 유인이 약화되는 리스크.,"The risk that models generate content which, without strictly infringing copyright, capitalizes on artists' ideas and serves as a credible substitute for human creations in markets and attention. Creative economies lose profitability and the incentive for human creativity and innovation is weakened.",모델이 저작권을 직접 침해하지 않으면서도 예술가의 아이디어를 자본화한 콘텐츠를 생 성하여 시장과 주목에서 인간의 원작을 대체 할 만한 대체물이되는 리스크. 그 결과 창작 경제의 수익성이 훼손되고 인간의 창작과 혁 신에 대한 유인이 약화된다.,"The risk that models generate content which, without strictly infringing copyright, capitalizes on artists' ideas and serves as a credible substitute for human creations in markets and attention. Creative economies lose profitability and the incentive for human creativity and innovation is weakened.",False,False,관점 확장,이미 labor,,,,General,SRC-G-0254,RAI4-1066,REWRITE_KEEP|PEER_REVIEW,분량 초과: L3 수준 1문장으로 축약 필요,L3_MASTER|NIST_AI_RMF|OECD_AI_PRINCIPLES|KOREA_AI_BASIC_ACT,,General,SOURCE_DOMAIN,G_SOC_ECON,0.703428,L3_MASTER_VALIDATED
RAI4-1091,F04,"IN, IC, GL, DP, CC",도용 및 착취,Misappropriation and exploitation,"AI 시스템 또는 AI 알고리즘의 설계·학습·배포·사용 과정이 소수 집단을 포함한 주체의 콘텐츠·데이터가 동의나 공정한 보상 없이, 또는 몰이해하게 전유·사용·재생산되는 리스크.","The risk that an AI system or AI algorithm generates, provides, or enables content or data, including from minority groups, is appropriated, used, or reproduced insensitively, without consent, or without fair compensation.","소수 집단을 포함한 주체의 콘텐츠·데이터가 동의나 공정한 보상 없이, 또는 몰이해하게 전 유·사용·재생산되는 리스크","Content or data, including from minority groups, is appropriated, used, or reproduced insensitively, without consent, or without fair compensation.",False,False,부적합,,,,,General,SRC-G-0255,RAI4-1091,REWRITE_KEEP|PEER_REVIEW|L3_AI_GROUNDING,"Bilingual definition grounded in an explicit AI technology, causal mechanism, and immutable L3 scope",L3_MASTER|NIST_AI_RMF|OECD_AI_PRINCIPLES|KOREA_AI_BASIC_ACT|L3_MASTER,,General,SOURCE_DOMAIN,G_SYS_OREF,0.68793,L3_MASTER_AI_REWRITE
RAI4-0446,F04,"IN, IC, GL, DP, CC",화생방핵(CBRN) 계획 지원,CBRN assistance,고급 모델이 유해한 화학·생물·방사능·핵 계획 수립을 지원하는 리스크.,"The risk that advanced models assist harmful chemical, biological, radiological, or nuclear planning.",고급 모델이 유해한 화학·생물·방사능·핵 계획 수립을 지원하는 리스크.,"The risk that advanced models assist harmful chemical, biological, radiological, or nuclear planning.",False,False,기존 risk정의보완 흡수,,,,,General,SRC-G-0256,RAI4-0446,REWRITE_KEEP|PEER_REVIEW,Peer-review spacing restoration,L3_MASTER|NIST_AI_RMF|OECD_AI_PRINCIPLES|KOREA_AI_BASIC_ACT,,General,SOURCE_DOMAIN,G_INT_WEAP,0.673234,L3_MASTER_VALIDATED
RAI4-0646,F04,"IN, IC, GL, DP, CC",국가·범죄 행위자에 의한 AI의 의도적 무기화,Deliberate weaponization of AI by state and criminal actors,"국가, 범죄 조직, 테러 세력이 전쟁·내전·법 집행 과정에서 자율 표적 선정, 감시, 물리적 살상 등 파괴적 목적으로 AI를 의도적으로 개발·배치하는 리스크. 이러한 무기화는 무력 사용에 대한 인간의 제약을 제거하여 직접적 인명 피해와 사회적 규모의 피해를 낳는다로 인해 구체적인 위해가 발생하는 리스크.","The risk that states, criminal organizations, or terrorists deliberately build and deploy AI for destructive purposes, including autonomous targeting, surveillance, and kinetic attack in war, civil conflict, or law enforcement. Such weaponization removes human restraint from the use of force and produces casualties and societal-scale harm.","국가, 범죄 조직, 테러 세력이 전쟁·내전·법 집 행 과정에서 자율 표적 선정, 감시, 물리적 살 상 등 파괴적 목적으로 AI를 의도적으로 개발·배치하는 리스크. 이러한 무기화는 무력 사용 에 대한 인간의 제약을 제거하여 직접적 인명 피해와 사회적 규모의 피해를 낳는다.","The risk that states, criminal organizations, or terrorists deliberately build and deploy AI for destructive purposes, including autonomous targeting, surveillance, and kinetic attack in war, civil conflict, or law enforcement. Such weaponization removes human restraint from the use of force and produces casualties and societal-scale harm.",False,False,신규,,,,,General,SRC-G-0257,RAI4-0646,REWRITE_KEEP|PEER_REVIEW,분량 초과: L3 수준 1문장으로 축약 필요,L3_MASTER|NIST_AI_RMF|OECD_AI_PRINCIPLES|KOREA_AI_BASIC_ACT,,General,SOURCE_DOMAIN,G_INT_WEAP,0.817731,L3_MASTER_VALIDATED
RAI4-0662,F04,"IN, IC, GL, DP, CC",CBRN 정보·설계 역량 접근 용이화,Eased access to CBRN weapon information and design capability,AI 시스템 또는 AI 알고리즘의 설계·학습·배포·사용 과정이 화학·생물·방사능·핵무기나 기타 위험 물질 및 작용제와 관련된 악용 가능한 정보와 설계 역량에 대한 접근이나 합성이 용이해지는 리스크.,"The risk that an AI system causes, enables, or contributes to eased access to or synthesis of materially nefarious information or design capabilities related to chemical, biological, radiological, or nuclear weapons or other dangerous materials or agents.",화학·생물·방사능·핵 무기나 기타 위험 물질 및 작용제와 관련된 악용 가능한 정보와 설계 역량에 대한 접근이나 합성이 용이해지는 리스크,"The risk of eased access to or synthesis of materially nefarious information or design capabilities related to chemical, biological, radiological, or nuclear weapons or other dangerous materials or agents.",False,False,신규,,,,,General,SRC-G-0258,RAI4-0662,REWRITE_KEEP|PEER_REVIEW|L3_AI_GROUNDING,"Bilingual definition grounded in an explicit AI technology, causal mechanism, and immutable L3 scope",L3_MASTER|NIST_AI_RMF|OECD_AI_PRINCIPLES|KOREA_AI_BASIC_ACT|L3_MASTER,,General,SOURCE_DOMAIN,G_INT_WEAP,0.749294,L3_MASTER_AI_REWRITE
RAI4-0664,F04,"IN, IC, GL, DP, CC",화학무기 합성 및 유해물질 방출 조력,Chemical weapon synthesis and hazardous substance release,"AI 시스템 또는 AI 알고리즘의 설계·학습·배포·사용 과정이 화학 작용제가 화학 무기 합성에 이용되고 자율 화학 실험 과정에서 유해 물질이 생성·방출되며, 성질이 알려지지 않은 나노 물질 등 첨단 소재 사용으로 예측 불가능한 화학적 위해가 발생하는 리스크.","The risk that an AI system or AI algorithm, through design, training, deployment, or use, creates a condition in which agents are exploited to synthesize chemical weapons, that hazardous substances are created or released during autonomous chemical experiments, and that advanced materials such as nanomaterials with unknown or unpredictable chemical properties cause harm.","화학 작용제가 화학무기 합성에 이용되고 자 율 화학 실험 과정에서 유해 물질이 생성·방출되며, 성질이 알려지지 않은 나노물질 등 첨단 소재 사용으로 예측 불가능한 화학적 위해가 발생하는 리스크","The risk that agents are exploited to synthesize chemical weapons, that hazardous substances are created or released during autonomous chemical experiments, and that advanced materials such as nanomaterials with unknown or unpredictable chemical properties cause harm.",False,False,기존 risk정의보완 흡수,,,,,General,SRC-G-0259,RAI4-0664,REWRITE_KEEP|PEER_REVIEW|L3_AI_GROUNDING,"Bilingual definition grounded in an explicit AI technology, causal mechanism, and immutable L3 scope",L3_MASTER|NIST_AI_RMF|OECD_AI_PRINCIPLES|KOREA_AI_BASIC_ACT|L3_MASTER,,General,SOURCE_DOMAIN,G_INT_WEAP,0.693695,L3_MASTER_AI_REWRITE
RAI4-0961,F04,"IN, IC, GL, DP, CC",인간 개입 없는 치명적 자율무기의 표적 공격,Lethal autonomous weapons engaging targets without human intervention,"AI 기반 치명적 자율 무기 체계가 센서 배열과 알고리즘으로 표적을 탐지·선정하고, 작동 과정에 대한 직접적인 인간 개입 없이 의도적으로 인간을 살상하는 리스크. 무력 사용의 판단이 인간의 손을 떠나 표적 선정 오류를 사망 이전에 중단시킬 수 없게되는 리스크.","The risk that AI-driven lethal autonomous weapon systems use sensor arrays and algorithms to detect and select targets and intentionally kill people without direct human intervention in their operation. The judgment behind the use of lethal force passes out of human hands, and targeting errors cannot be interrupted before they cause death.","AI 기반 치명적 자율무기체계가 센서 배열과 알고리즘으로 표적을 탐지·선정하고, 작동 과 정에 대한 직접적인 인간 개입 없이 의도적으 로 인간을 살상하는 리스크. 무력 사용의 판단 이 인간의 손을 떠나 표적 선정 오류를 사망 이전에 중단시킬 수 없게된다.","The risk that AI-driven lethal autonomous weapon systems use sensor arrays and algorithms to detect and select targets and intentionally kill people without direct human intervention in their operation. The judgment behind the use of lethal force passes out of human hands, and targeting errors cannot be interrupted before they cause death.",False,False,신규,,,,,General,SRC-G-0260,RAI4-0961,REWRITE_KEEP|PEER_REVIEW,분량 초과: L3 수준 1문장으로 축약 필요,L3_MASTER|NIST_AI_RMF|OECD_AI_PRINCIPLES|KOREA_AI_BASIC_ACT,,General,SOURCE_DOMAIN,G_INT_WEAP,0.684483,L3_MASTER_VALIDATED
RAI4-1118,F04,"IN, IC, GL, DP, CC",군사 AI 군비경쟁,Military AI arms race,"군사용 AI 개발이 화약과 핵무기에 필적하는 결과를 낳는 새로운 군사 기술 시대, 이른바 전쟁의 제3차 혁명을 열어 군비 경쟁을 촉발하는 리스크.","The risk that developing AI for military applications paves the way for a new era in military technology, described as the third revolution in warfare, with potential consequences rivaling gunpowder and nuclear arms.","군사용 AI 개발이 화약과 핵무기에 필적하는 결과를 낳는 새로운 군사기술 시대, 이른바 전 쟁의 제3차 혁명을 열어 군비경쟁을 촉발하는 리스크.","The risk that developing AI for military applications paves the way for a new era in military technology, described as the third revolution in warfare, with potential consequences rivaling gunpowder and nuclear arms.",False,False,신규,,,,,General,SRC-G-0261,RAI4-1118,REWRITE_KEEP|PEER_REVIEW,Peer-review spacing restoration,L3_MASTER|NIST_AI_RMF|OECD_AI_PRINCIPLES|KOREA_AI_BASIC_ACT,,General,SOURCE_DOMAIN,G_INT_WEAP,0.69643,L3_MASTER_VALIDATED
RAI4-1160,F04,"IN, IC, GL, DP, CC",무기 획득 역량,Weapons acquisition capability,"모델이 기존 무기 체계에 접근하거나 새로운 무기 제작에 기여하여, 생물 무기를 조립하거나 그 실행 가능한 지침을 제공하고 신무기를 여는 과학적 발견을 돕는 리스크.","The risk that a model gains access to existing weapons systems or contributes to building new weapons, assembling a bioweapon or providing actionable instructions for doing so, and significantly assisting scientific discoveries that unlock novel weapons.","모델이 기존 무기 체계에 접근하거나 새로운 무기 제작에 기여하여, 생물무기를 조립하거 나 그 실행 가능한 지침을 제공하고 신무기를 여는 과학적 발견을 돕는 리스크.","The risk that a model gains access to existing weapons systems or contributes to building new weapons, assembling a bioweapon or providing actionable instructions for doing so, and significantly assisting scientific discoveries that unlock novel weapons.",False,False,기존 risk정의보완 흡수,,,,,General,SRC-G-0262,RAI4-1160,REWRITE_KEEP|PEER_REVIEW,Peer-review spacing restoration,L3_MASTER|NIST_AI_RMF|OECD_AI_PRINCIPLES|KOREA_AI_BASIC_ACT,,General,SOURCE_DOMAIN,G_INT_WEAP,0.759128,L3_MASTER_VALIDATED
RAI4-1295,F04,"IN, IC, GL, DP, CC",AI 가속 나노기술에 의한 독성 나노입자 통제 상실,Uncontrolled toxic-nanoparticle production from AI-accelerated nanotech,"AI가 나노 봇 개발의 핵심 구성 요소로서 나노 수준에서 물질을 눈에 보이지 않게 변형하고, 독성이 있고 치명적일 수 있는 나노 입자를 만드는 화학 반응을 일으켜 위험한 환경 영향을 낳는 리스크.","The risk that AI, a key component for the development of nanobots, produces dangerous environmental implications by invisibly modifying substances at nanoscale, for example starting chemical reactions that create invisible nanoparticles that are toxic and potentially lethal.","AI가 나노봇 개발의 핵심 구성 요소로서 나노 수준에서 물질을 눈에 보이지 않게 변형하고, 독성이 있고 치명적일 수 있는 나노입자를 만 드는 화학반응을 일으켜 위험한 환경 영향을 낳는 리스크.","The risk that AI, a key component for the development of nanobots, produces dangerous environmental implications by invisibly modifying substances at nanoscale, for example starting chemical reactions that create invisible nanoparticles that are toxic and potentially lethal.",False,False,신규 L4,,,,,General,SRC-G-0263,RAI4-1295,REWRITE_KEEP|PEER_REVIEW,Peer-review spacing restoration,L3_MASTER|NIST_AI_RMF|OECD_AI_PRINCIPLES|KOREA_AI_BASIC_ACT,,General,SOURCE_DOMAIN,G_SOC_ENV,0.719306,L3_MASTER_VALIDATED
RAI4-1392,F04,"IN, IC, GL, DP, CC",생물·화학 무기 개발 장벽의 저하,Lowered barriers to biological and chemical weapons development,"범용 AI 모델과 AI 기반 생물·화학 설계 도구가 병원체와 독소 제조에 대한 단계별 기술 지침을 제공하고 강화 단백질 설계와 유해성 후보 분석을 수행하여 핵심 지식과 자동화된 지원에 대한 접근을 넓히는 리스크. 그 결과 전문성이 낮은 행위자에게도 제작 장벽이 낮아지고 정교한 행위자의 역량은 확장되어, 질병과 사망을 초래하는 작용제의 고의적 살포가 가능해진다로 인해 구체적인 위해가 발생하는 리스크.","The risk that general-purpose models and AI-based biological and chemical design tools generate step-by-step technical instructions for pathogens and toxins, engineer enhanced proteins, and screen for the most harmful candidates, widening access to critical knowledge and automated assistance. Barriers to production fall for less expert actors while the capabilities of sophisticated ones expand, enabling the deliberate release of agents that cause disease and death.","범용 AI 모델과 AI 기반 생물·화학 설계 도구 가 병원체와 독소 제조에 대한 단계별 기술 지 침을 제공하고 강화 단백질 설계와 유해성 후 보 분석을 수행하여 핵심 지식과 자동화된 지 원에 대한 접근을 넓히는 리스크. 그 결과 전 문성이 낮은 행위자에게도 제작 장벽이 낮아 지고 정교한 행위자의 역량은 확장되어, 질병 과 사망을 초래하는 작용제의 고의적 살포가 가능해진다.","The risk that general-purpose models and AI-based biological and chemical design tools generate step-by-step technical instructions for pathogens and toxins, engineer enhanced proteins, and screen for the most harmful candidates, widening access to critical knowledge and automated assistance. Barriers to production fall for less expert actors while the capabilities of sophisticated ones expand, enabling the deliberate release of agents that cause disease and death.",False,False,기존 risk정의보완 흡수,,,,,General,SRC-G-0264,RAI4-1392,REWRITE_KEEP|PEER_REVIEW,분량 초과: L3 수준 1문장으로 축약 필요; 영문 정의 장문: 축약 필요,L3_MASTER|NIST_AI_RMF|OECD_AI_PRINCIPLES|KOREA_AI_BASIC_ACT,,General,SOURCE_DOMAIN,G_INT_WEAP,0.698921,L3_MASTER_VALIDATED
RAI4-1563,F04,"IN, IC, GL, DP, CC",AI 오용에 의한 CBRN 무기 개발 역량 상승,CBRN weapon development uplift through AI misuse,"AI의 이중 용도 역량이 국가와 비국가 행위자의 화학·생물·방사능·핵·폭발성 무기 설계와 합성, 획득, 배치에 필요한 기술적 문턱을 크게 낮추고, 무인 무기 체계에 자율 역량을 부여해 기존 무기를 증강하며 그 파괴력을 증폭시키는 리스크. 그 결과 비전문가도 공격을 수행할 수 있고 정교한 행위자의 공격은 더욱 효과적이 되어 다수의 인명이 위협 받고 비확산 체제가 훼손되는 리스크.","The risk that the dual-use capabilities of AI substantially lower the technical thresholds for state and non-state actors to design, synthesize, acquire, and deploy chemical, biological, radiological, nuclear, and explosive weapons, augment existing weapons by granting autonomy to unmanned systems, and amplify their destructive effect. Attacks become feasible for non-experts and more effective for sophisticated actors, endangering large populations and undermining non-proliferation regimes.","AI의 이중용도 역량이 국가와 비국가 행위자 의 화학·생물·방사능·핵·폭발성 무기 설계와 합성, 획득, 배치에 필요한 기술적 문턱을 크 게 낮추고, 무인 무기체계에 자율 역량을 부여 해 기존 무기를 증강하며 그 파괴력을 증폭시 키는 리스크. 그 결과 비전문가도 공격을 수행 할 수 있고 정교한 행위자의 공격은 더욱 효과 적이 되어 다수의 인명이 위협받고 비확산 체 제가 훼손된다.","The risk that the dual-use capabilities of AI substantially lower the technical thresholds for state and non-state actors to design, synthesize, acquire, and deploy chemical, biological, radiological, nuclear, and explosive weapons, augment existing weapons by granting autonomy to unmanned systems, and amplify their destructive effect. Attacks become feasible for non-experts and more effective for sophisticated actors, endangering large populations and undermining non-proliferation regimes.",False,False,기존 risk정의보완 흡수,,,,,General,SRC-G-0265,RAI4-1563,REWRITE_KEEP|PEER_REVIEW,분량 초과: L3 수준 1문장으로 축약 필요; 영문 정의 장문: 축약 필요,L3_MASTER|NIST_AI_RMF|OECD_AI_PRINCIPLES|KOREA_AI_BASIC_ACT,,General,SOURCE_DOMAIN,G_INT_WEAP,0.7393,L3_MASTER_VALIDATED
RAI4-1050,F04,"DP, GL",심리적 조작·비인간화·대규모 착취,"Psychological manipulation, dehumanization, and exploitation","AI 시스템 또는 AI 알고리즘의 설계·학습·배포·사용 과정이 ML 시스템이 심리적 조작, 비인간화, 대규모 인간 착취 등의 추가적인 윤리적 피해를 야기하는 리스크.","The risk that an AI system or AI algorithm, through design, training, deployment, or use, creates a condition in which ML systems produce further ethical harms such as psychological manipulation, dehumanization, and exploitation of humans at scale.","ML 시스템이 심리적 조작, 비인간화, 대규모 인간 착취 등의 추가적인 윤리적 피해를 야기하는 리스크.","The risk that ML systems produce further ethical harms such as psychological manipulation, dehumanization, and exploitation of humans at scale.",False,False,삭제_대규모 착취/조작은 Agentic AI 시스템 리스크 축의 성격이며 응답 단위 무해성과 결이 다름 (Human 의견 동의),,,,,General,SRC-G-0266,RAI4-1050,REWRITE_KEEP|PEER_REVIEW|L3_AI_GROUNDING,"Bilingual definition grounded in an explicit AI technology, causal mechanism, and immutable L3 scope",L3_MASTER|NIST_AI_RMF|OECD_AI_PRINCIPLES|KOREA_AI_BASIC_ACT|L3_MASTER,,General,SOURCE_DOMAIN,G_INT_UNETH,0.750548,L3_MASTER_AI_REWRITE
RAI4-1434,F04,"DP, GL",비인간화와 객관화,Dehumanisation and objectification,"AI 시스템 또는 AI 알고리즘의 설계·학습·배포·사용 과정이 기술 시스템을 사용하거나 오용하여 사람을 인간이 아닌 것, 인간 이하인 것 또는 사물로 묘사하거나 대우하는 리스크.","The risk that the design, training, deployment, or use of an AI system or AI algorithm creates a condition in which a technology system is used or misused to depict and/or treat people as not human, less than human, or as objects.","기술 시스템을 사용하거나 오용하여 사람을 인간이 아닌 것, 인간 이하인 것 또는 사물로 묘사하거나 대우하는 리스크.","The risk that a technology system is used or misused to depict and/or treat people as not human, less than human, or as objects.",False,False,보완_Anthropomorphism L3 신규 L4로 '비인간화·객관화' 추가 타당. 기존 정의(AI가 인간처럼 행동)의 반대 방향(AI가 인간을 사물처럼 대우)도 포괄 필요,,,,,General,SRC-G-0267,RAI4-1434,REWRITE_KEEP|PEER_REVIEW|L3_AI_GROUNDING,"Bilingual definition grounded in an explicit AI technology, causal mechanism, and immutable L3 scope",L3_MASTER|NIST_AI_RMF|OECD_AI_PRINCIPLES|KOREA_AI_BASIC_ACT|L3_MASTER,,General,SOURCE_DOMAIN,G_INT_UNETH,0.72414,L3_MASTER_AI_REWRITE
RAI4-1636,F04,"DP, GL",마음이론(Theory of Mind) 능력,Theory of mind capability,"시스템이 인간과 타 에이전트의 신념, 동기, 추론을 추정·예측하는 마음 이론 역량을 목표 달성을 위한 행동 예측·유도에 활용하는 리스크.","The risk that the design, training, deployment, or use of an AI system or AI algorithm creates a condition in which a system infers and predicts the beliefs, motivations, and reasoning of humans and other agents, and exploits this theory of mind capability to anticipate and steer their behavior for goal achievement.","시스템이 인간과 타 에이전트의 신념, 동기, 추론을 추정·예측하는 마음이론 역량을 목표 달성을 위한 행동 예측·유도에 활용하는 리스크","A system infers and predicts the beliefs, motivations, and reasoning of humans and other agents, and exploits this theory-ofmind capability to anticipate and steer their behavior for goal achievement.",False,False,Multi-agent risk,,,,,General,SRC-G-0268,RAI4-1636,REWRITE_KEEP|PEER_REVIEW|L3_AI_GROUNDING,"Bilingual definition grounded in an explicit AI technology, causal mechanism, and immutable L3 scope",L3_MASTER|NIST_AI_RMF|OECD_AI_PRINCIPLES|KOREA_AI_BASIC_ACT|L3_MASTER,G_INT_UNETH,General,SOURCE_DOMAIN,G_INT_UNETH,0.643513,L3_MASTER_AI_REWRITE
RAI4-0140,,,개인화된 설득 취약성,Personalized persuasion vulnerability,"모델이 개인의 특성, 감정, 맥락을 활용하여 설득을 더 효과적이고 탐지하기 어렵게 만드는 리스크.","The risk that models exploit personal traits, emotions, or context to make persuasion more effective and less detectable.","모델이 개인의 특성, 감정, 맥락을 활용하여 설득을 더 효과적이고 탐지하기 어렵게 만드 는 리스크.","The risk that models exploit personal traits, emotions, or context to make persuasion more effective and less detectable.",False,False,,,,,,General,SRC-G-0269,RAI4-0140,REWRITE_KEEP|PEER_REVIEW,Peer-review spacing restoration,L3_MASTER|NIST_AI_RMF|OECD_AI_PRINCIPLES|KOREA_AI_BASIC_ACT,,General,SOURCE_DOMAIN,G_SYS_CONTEXT,0.654211,L3_MASTER_VALIDATED
RAI4-0435,,,데이터 오염 공격,Data poisoning,공격자가 학습·미세 조정·검색 데이터를 조작하여 모델 동작을 변경하는 리스크.,"The risk that attackers manipulate training, fine-tuning, or retrieval data to alter model behavior.",공격자가 학습·미세조정·검색 데이터를 조작하여 모델 동작을 변경하는 리스크.,"The risk that attackers manipulate training, fine-tuning, or retrieval data to alter model behavior.",False,False,,,,,,General,SRC-G-0270,RAI4-0435,REWRITE_KEEP|PEER_REVIEW,Peer-review spacing restoration,L3_MASTER|NIST_AI_RMF|OECD_AI_PRINCIPLES|KOREA_AI_BASIC_ACT,,General,SOURCE_DOMAIN,G_SYS_SECADV,0.687168,L3_MASTER_VALIDATED
RAI4-0436,,,모델 추출·역전 공격,Model extraction and inversion attacks,"적대적 행위자가 배포된 모델에 무단으로 질의·탐 침하여 매개 변수, 의사 결정 동작, 독점 역량을 재구성하고, 질의와 응답으로 대체 모델을 학습시키거나 모델 역전으로 학습 관측 데이터를 복원함으로써, 지식 재산과 민감한 데이터가 노출되는 리스크.","The risk that adversaries query or probe a deployed model without authorization to reconstruct its parameters, decision behavior, or proprietary capabilities, including by training substitute models on query responses or inverting the model to recover training observations, exposing intellectual property and sensitive data.","적대적 행위자가 배포된 모델에 무단으로 질 의·탐침하여 매개변수, 의사결정 동작, 독점 역량을 재구성하고, 질의와 응답으로 대체 모델을 학습시키거나 모델 역전으로 학습 관측 데이터를 복원함으로써, 지식재산과 민감한 데이터가 노출되는 리스크.","The risk that adversaries query or probe a deployed model without authorization to reconstruct its parameters, decision behavior, or proprietary capabilities, including by training substitute models on query responses or inverting the model to recover training observations, exposing intellectual property and sensitive data.",False,False,,,,,,General,SRC-G-0271,RAI4-0436,REWRITE_KEEP|PEER_REVIEW,Peer-review spacing restoration,L3_MASTER|NIST_AI_RMF|OECD_AI_PRINCIPLES|KOREA_AI_BASIC_ACT,,General,SOURCE_DOMAIN,G_SYS_SECADV,0.713669,L3_MASTER_VALIDATED
RAI4-0593,,,학습 데이터 암기에 의한 민감정보 유출,Leakage of sensitive training data through memorization,"사전 학습·미세 조정 말뭉치에 흔히 당사자의 동의 없이 포함된 개인·독점·민감 정보를 모델이 암기하고, 우발적 생성, 맥락적프롬프트, 프라이버시 공격, 정보 간 연계와 삼각 추론을 통해 이를 출력으로 노출하여, 프라이버시 침해와 당사자에 대한 피해를 야기하는 리스크.","The risk that models memorize personal, proprietary, or sensitive information contained, often without consent, in pretraining or fine-tuning corpora and reveal it in generated outputs, whether accidentally, through contextual prompts, through privacy attacks, or by associating and triangulating pieces of information to infer secrets, causing privacy violations and harm to the individuals concerned.","사전학습·미세조정 말뭉치에 흔히 당사자의 동의 없이 포함된 개인·독점·민감 정보를 모델이 암기하고, 우발적 생성, 맥락적 프롬프트, 프라이버시 공격, 정보 간 연계와 삼각추론을 통해 이를 출력으로 노출하여, 프라이버시 침 해와 당사자에 대한 피해를 야기하는 리스크.","The risk that models memorize personal, proprietary, or sensitive information contained, often without consent, in pretraining or fine-tuning corpora and reveal it in generated outputs, whether accidentally, through contextual prompts, through privacy attacks, or by associating and triangulating pieces of information to infer secrets, causing privacy violations and harm to the individuals concerned.",False,False,,,,,,General,SRC-G-0272,RAI4-0593,REWRITE_KEEP|PEER_REVIEW,Peer-review spacing restoration,L3_MASTER|NIST_AI_RMF|OECD_AI_PRINCIPLES|KOREA_AI_BASIC_ACT,,General,SOURCE_DOMAIN,G_INT_PRIV,0.72534,L3_MASTER_VALIDATED
RAI4-0619,,,은밀한 행동 조작,Covert behavioral manipulation,"AI 시스템 또는 AI 알고리즘의 설계·학습·배포·사용 과정이 기술시스템이넛지, 다크 패턴, 기타 불투명한 기법으로 이용자의 신념과 행동을 은밀히 변경하여 프라이버시 침식, 중독, 불안과 고통 등을 초래하는 리스크.","The risk that the design, training, deployment, or use of an AI system or AI algorithm creates a condition in which a technology system covertly alters user beliefs and behaviour using nudging, dark patterns, or other opaque techniques, resulting in potential erosion of privacy, addiction, anxiety, and distress.","기술 시스템이 넛지, 다크 패턴, 기타 불투명 한 기법으로 이용자의 신념과 행동을 은밀히 변경하여 프라이버시 침식, 중독, 불안과 고통 등을 초래하는 리스크","The risk that a technology system covertly alters user beliefs and behaviour using nudging, dark patterns, or other opaque techniques, resulting in potential erosion of privacy, addiction, anxiety, and distress.",False,False,,,,,,General,SRC-G-0273,RAI4-0619,REWRITE_KEEP|PEER_REVIEW|L3_AI_GROUNDING,"Bilingual definition grounded in an explicit AI technology, causal mechanism, and immutable L3 scope",L3_MASTER|NIST_AI_RMF|OECD_AI_PRINCIPLES|KOREA_AI_BASIC_ACT|L3_MASTER,,General,SOURCE_DOMAIN,G_INT_UNETH,0.759996,L3_MASTER_AI_REWRITE
RAI4-0721,,,유해·오염 학습 데이터에 의한 출력 훼손,Output corruption from harmful and poisoned training data,"학습 데이터에 허위·편파·권리 침해 콘텐츠 등 불법적이거나 유해한 정보가 포함되거나 공격자에 의해 오염됨으로써, 모델이 불법·악의적·극단적 콘텐츠를 출력하고 정확성과 신뢰성이 저하되는 리스크.","The risk that training data containing illegal or harmful information such as false, biased, or IPR-infringing content, or poisoned through tampering and error injection by attackers, causes the model to output harmful content and degrades its accuracy and reliability.","학습 데이터에 허위·편파·권리침해 콘텐츠 등 불법적이거나 유해한 정보가 포함되거나 공 격자에 의해 오염됨으로써, 모델이 불법·악의 적·극단적 콘텐츠를 출력하고 정확성과 신뢰 성이 저하되는 리스크","The risk that training data containing illegal or harmful information such as false, biased, or IPR-infringing content, or poisoned through tampering and error injection by attackers, causes the model to output harmful content and degrades its accuracy and reliability.",False,False,,,,,,General,SRC-G-0274,RAI4-0721,REWRITE_KEEP|PEER_REVIEW,Peer-review spacing restoration,L3_MASTER|NIST_AI_RMF|OECD_AI_PRINCIPLES|KOREA_AI_BASIC_ACT,,General,SOURCE_DOMAIN,G_SYS_SECADV,0.697484,L3_MASTER_VALIDATED
RAI4-0733,,,학습 데이터 내 기밀정보 포함과 출력 노출,Confidential information in training data disclosed through outputs,AI 시스템 또는 AI 알고리즘의 설계·학습·배포·사용 과정이 기밀 정보가 학습·튜닝데이터나프롬프트의 일부로 포함된 뒤 생성 출력에서 그대로 재현되는 리스크. 이러한 유출은 보호되어야할 영업 정보와 개인 정보를 권한 없는 이에게 노출시키고 비밀 유지 의무를 위반하는 리스크.,"The risk that an AI system or AI algorithm, through design, training, deployment, or use, creates a condition in which confidential information is incorporated into training data, tuning data, or prompts and is subsequently reproduced in generated outputs. Such leakage exposes protected business and personal information to unauthorized parties and breaches confidentiality obligations.",기밀정보가 학습·튜닝 데이터나 프롬프트의 일부로 포함된 뒤 생성 출력에서 그대로 재현되는 리스크. 이러한 유출은 보호되어야 할 영 업 정보와 개인정보를 권한 없는 이에게 노출 시키고 비밀유지 의무를 위반한다.,"The risk that confidential information is incorporated into training data, tuning data, or prompts and is subsequently reproduced in generated outputs. Such leakage exposes protected business and personal information to unauthorized parties and breaches confidentiality obligations.",False,False,,,,,,General,SRC-G-0275,RAI4-0733,REWRITE_KEEP|PEER_REVIEW|L3_AI_GROUNDING,"Bilingual definition grounded in an explicit AI technology, causal mechanism, and immutable L3 scope",L3_MASTER|NIST_AI_RMF|OECD_AI_PRINCIPLES|KOREA_AI_BASIC_ACT|L3_MASTER,,General,SOURCE_DOMAIN,G_SYS_POLICY,0.748798,L3_MASTER_AI_REWRITE
RAI4-0753,,,학습 데이터 추출 공격,Training data extraction attack,공격자가 모델로부터 학습 데이터셋에 존재하는 텍스트 기록을 추출해 내는 리스크.,"The risk that the design, training, deployment, or use of an AI system or AI algorithm creates a condition in which an attacker extracts the text records that exist in the training dataset.",공격자가 모델로부터 학습 데이터셋에 존재하는 텍스트 기록을 추출해 내는 리스크,The risk that an attacker extracts the text records that exist in the training dataset.,False,False,,,,,,General,SRC-G-0276,RAI4-0753,REWRITE_KEEP|PEER_REVIEW|L3_AI_GROUNDING,"Bilingual definition grounded in an explicit AI technology, causal mechanism, and immutable L3 scope",L3_MASTER|NIST_AI_RMF|OECD_AI_PRINCIPLES|KOREA_AI_BASIC_ACT|L3_MASTER,,General,SOURCE_DOMAIN,G_SYS_POLICY,0.657139,L3_MASTER_AI_REWRITE
RAI4-0760,,,프롬프트 및 학습 데이터에 기인한 개인정보 노출,Personal data exposure through prompt and training data,"학습·미세조정데이터나프롬프트에 포함된 개인 정보와 기밀 정보가 모델 출력을 통해 공개되는 리스크로, 개인 정보를 담은 프롬 프 트가 학습 과정에서 기억된 유사한 정보를 이끌어 내는 경우를 포함한다. 다른 목적으로 수집된 데이터의 당사자는 비인가 공개와 오용에 노출되는 리스크.","The risk that personal and confidential data contained in training, fine-tuning, or prompt inputs is disclosed through model outputs, including when a prompt primed with personal information elicits similar records memorized during training. Individuals whose data was collected for another purpose are thereby exposed to unauthorized disclosure and misuse.","학습·미세조정 데이터나 프롬프트에 포함된 개인정보와 기밀정보가 모델 출력을 통해 공 개되는 리스크로, 개인정보를 담은 프롬프트 가 학습 과정에서 기억된 유사한 정보를 이끌 어내는 경우를 포함한다. 다른 목적으로 수집된 데이터의 당사자는 비인가 공개와 오용에 노출된다.","The risk that personal and confidential data contained in training, fine-tuning, or prompt inputs is disclosed through model outputs, including when a prompt primed with personal information elicits similar records memorized during training. Individuals whose data was collected for another purpose are thereby exposed to unauthorized disclosure and misuse.",False,False,,,,,,General,SRC-G-0277,RAI4-0760,REWRITE_KEEP|PEER_REVIEW,분량 초과: L3 수준 1문장으로 축약 필요,L3_MASTER|NIST_AI_RMF|OECD_AI_PRINCIPLES|KOREA_AI_BASIC_ACT,G_INT_PRIV,General,SOURCE_DOMAIN,G_INT_PRIV,0.692293,L3_MASTER_VALIDATED
RAI4-0788,,,인스트럭션 튜닝 포이즈닝,Instruction-tuning poisoning,"명령과 목표 출력 쌍으로 모델을 조정하는 인스 트럭 션 튜닝 단계에서 적은 수의 오염 표본만으로 모델이 오염될 수 있고, 익명 크라우드 소싱으로 수집된 데이터셋이 이를 조장하며 기존 데이터 오염 공격보다 탐지가 어려운 리스크.","The risk that AI models are poisoned during instruction tuning with pairs of instructions and desired outputs, where a lower number of compromised samples suffices, anonymous crowdsourcing of tuning datasets further contributes, and detection is harder than for traditional data poisoning attacks.","명령과 목표 출력 쌍으로 모델을 조정하는 인 스트럭션 튜닝 단계에서 적은 수의 오염 표본 만으로 모델이 오염될 수 있고, 익명 크라우드 소싱으로 수집된 데이터셋이 이를 조장하며 기존 데이터 오염 공격보다 탐지가 어려운 리스크","The risk that AI models are poisoned during instruction tuning with pairs of instructions and desired outputs, where a lower number of compromised samples suffices, anonymous crowdsourcing of tuning datasets further contributes, and detection is harder than for traditional data poisoning attacks.",False,False,,,,,,General,SRC-G-0278,RAI4-0788,REWRITE_KEEP|PEER_REVIEW,Peer-review spacing restoration,L3_MASTER|NIST_AI_RMF|OECD_AI_PRINCIPLES|KOREA_AI_BASIC_ACT,,General,SOURCE_DOMAIN,G_SYS_SECADV,0.604879,L3_MASTER_VALIDATED
RAI4-1173,,,역할극 지시 악용,Role-play instruction exploitation,"공격자가입력프롬프트에서 모델에 과격 주의자나 인종 차별 주의자처럼 위험한 집단과 연관된 역할 속성을 부여하고 지시를 내려, 지시에 지나치게 충실한 모델이 그 인물의 말투로 안전하지 않은 콘텐츠를 산출하는 리스크.","The risk that attackers specify a model's role attribute within the input prompt, tying it to potentially risky groups such as radicals or racial discriminators, so that the overly faithful model outputs unsafe content in the style of that character.","공격자가 입력 프롬프트에서 모델에 과격주 의자나 인종차별주의자처럼 위험한 집단과 연관된 역할 속성을 부여하고 지시를 내려, 지 시에 지나치게 충실한 모델이 그 인물의 말투 로 안전하지 않은 콘텐츠를 산출하는 리스크.","The risk that attackers specify a model's role attribute within the input prompt, tying it to potentially risky groups such as radicals or racial discriminators, so that the overly faithful model outputs unsafe content in the style of that character.",False,False,,,,,,General,SRC-G-0279,RAI4-1173,REWRITE_KEEP|PEER_REVIEW,Peer-review spacing restoration,L3_MASTER|NIST_AI_RMF|OECD_AI_PRINCIPLES|KOREA_AI_BASIC_ACT,,General,SOURCE_DOMAIN,G_SYS_OEXT,0.660613,L3_MASTER_VALIDATED
RAI4-1494,,,악의적 미세조정에 의한 안전장치 무력화,Safeguard compromise through malicious fine-tuning,악의적 행위자가 공개 가중치 AI 모델을 저비용으로 미세 조정하여 안전 장치와 사용 제한을 우회하고 유해한 출력을 생성하도록 만드는 리스크.,The risk that malicious actors fine-tune an open-weight AI model at low cost to bypass safeguards and use restrictions and elicit harmful outputs.,가중치가 공개된 모델이 원래 훈련 비용에 비 해 훨씬 적은 시간과 비용으로 악의적 행위자 에 의해 유해한 활동용으로 미세조정되는 리스크.,"The risk that models with publicly available weights are fine-tuned for harmful activities by bad actors using significantly fewer resources, in time and money, than the original training cost.",False,False,,,,,,General,SRC-G-0280,RAI4-1494,REWRITE_KEEP|PEER_REVIEW|L3_MASTER_SCOPE_REWRITE,"Definition narrowed to the subject, mechanism, and adverse outcome of the immutable L3 master",L3_MASTER|NIST_AI_RMF|OECD_AI_PRINCIPLES|KOREA_AI_BASIC_ACT,G_SYS_SECADV,General,SOURCE_DOMAIN,G_SYS_SECADV,0.745744,L3_MASTER_VALIDATED
RAI4-1508,,,가이드라인 오염,Guideline contamination,데이터셋의 수집·주석·사용에 관한 지침이 모델에 노출되고 그 지침에 포함된 명시적 데이터-레이블 쌍이 해당 과업에 대한 모델의 역량을 향상시키는 리스크.,"The risk that instructions for the collection, annotation, or use of a dataset are exposed to the model, with explicit data-label pairs contained in those instructions improving the model's capabilities for the task.",데이터셋의 수집·주석·사용에 관한 지침이 모델에 노출되고 그 지침에 포함된 명시적 데이 터-레이블 쌍이 해당 과업에 대한 모델의 역 량을 향상시키는 리스크.,"The risk that instructions for the collection, annotation, or use of a dataset are exposed to the model, with explicit data-label pairs contained in those instructions improving the model's capabilities for the task.",False,False,,,,,,General,SRC-G-0281,RAI4-1508,REWRITE_KEEP|PEER_REVIEW,Peer-review spacing restoration,L3_MASTER|NIST_AI_RMF|OECD_AI_PRINCIPLES|KOREA_AI_BASIC_ACT,G_SYS_EVAL,General,SOURCE_DOMAIN,G_SYS_EVAL,0.607313,L3_MASTER_VALIDATED
RAI4-1564,,,약물 발견 모델 오용에 의한 독소 식별·개발,Dangerous toxin identification through misuse of drug-discovery models,"약물-표적 친화성 예측 등 약물 발견에 쓰이는 모델이 위험한 독소를 식별하거나 개발하는 데 사용되며, 훈련 데이터에 위험 단백질·바이러스 정보가 포함될 경우 우려가 커지는 리스크.","The risk that models used for drug discovery, such as drug-target affinity predictors, are used to identify or develop dangerous toxins, a concern heightened when training data includes information on hazardous proteins and viruses.","약물-표적 친화성 예측 등 약물 발견에 쓰이 는 모델이 위험한 독소를 식별하거나 개발하 는 데 사용되며, 훈련 데이터에 위험 단백질·바이러스 정보가 포함될 경우 우려가 커지는 리스크.","The risk that models used for drug discovery, such as drug-target affinity predictors, are used to identify or develop dangerous toxins, a concern heightened when training data includes information on hazardous proteins and viruses.",False,False,,,,,,General,SRC-G-0282,RAI4-1564,REWRITE_KEEP|PEER_REVIEW,Peer-review spacing restoration,L3_MASTER|NIST_AI_RMF|OECD_AI_PRINCIPLES|KOREA_AI_BASIC_ACT,G_INT_WEAP,General,SOURCE_DOMAIN,G_INT_WEAP,0.600158,L3_MASTER_VALIDATED
RAI4-1687,,,월드모델 표현·훈련 데이터 오염,World-model representation and trainingdata poisoning,"월드 모델의 훈련 데이터나 잠재 표현이 적대적으로 손상되어 특정 조건에서만 안전하지 않은 역학을 활성화하는 백 도어 트리거가 삽입되며, 자기 지도 사전 학습 단계에서 부호화된 결함은 다운 스트림에서 교정될 수 없는 리스크.","The risk that an AI system causes, enables, or contributes to adversarial corruption of world-model training data or latent representations, including backdoor triggers that activate unsafe dynamics only under specific conditions, where defects encoded in self-supervised pretraining (the ""Foundry Problem"") cannot be remediated downstream.","월드 모델의 훈련 데이터나 잠재 표현이 적대적으로 손상되어 특정 조건에서만 안전하지 않은 역학을 활성화하는 백도어 트리거가 삽입되며, 자기지도 사전학습 단계에서 부호화된 결함은 다운스트림에서 교정될 수 없는 리스크.","The risk of adversarial corruption of world-model training data or latent representations, including backdoor triggers that activate unsafe dynamics only under specific conditions, where defects encoded in self-supervised pretraining (the ""Foundry Problem"") cannot be remediated downstream.",False,False,,,,,,General,SRC-G-0283,RAI4-1687,REWRITE_KEEP|PEER_REVIEW,Peer-review spacing restoration,L3_MASTER|NIST_AI_RMF|OECD_AI_PRINCIPLES|KOREA_AI_BASIC_ACT,,General,SOURCE_DOMAIN,G_SYS_SECADV,0.667953,L3_MASTER_VALIDATED
RAI4-0356,,,배터리 화재 및 유해 폐기물,Battery fire and hazardous end-of-life waste,대규모 피지컬 AI 군 집에서 에너지 시스템과 폐기 절차가 제대로 관리되지 않아 배터리 열 폭주·유해 물질 누출·부적절한 폐기가 증가하는 리스크.,"The risk that large physical AI fleets increase battery thermal-runaway, hazardous-material leakage, and unsafe disposal when energy systems and endof-life handling are inadequately controlled.",대규모 피지컬 AI 군집에서 에너지 시스템과 폐기 절차가 제대로 관리되지 않아 배터리 열 폭주·유해물질 누출·부적절한 폐기가 증가하 는 리스크.,"The risk that large physical AI fleets increase battery thermal-runaway, hazardous-material leakage, and unsafe disposal when energy systems and endof-life handling are inadequately controlled.",False,False,,,,L3 영문 수정: Energy Consumption and Environmental > Energy Consumption and Environmental Impact,,General,SRC-G-0284,RAI4-0356,REWRITE_KEEP|PEER_REVIEW,Peer-review spacing restoration,L3_MASTER|NIST_AI_RMF|OECD_AI_PRINCIPLES|KOREA_AI_BASIC_ACT,,General,SOURCE_DOMAIN,G_SOC_ENV,0.725718,L3_MASTER_VALIDATED
RAI4-0360,,,산업 공정 피해,Industrial process damage,제조·건설·광업·에너지 시설의 피지컬 AI가 잘못된제 어로 장비 손상·공정 오염·구조 불안정 또는 환경 사고를 유발하는 위험.,"The risk that physical AI in manufacturing, construction, mining, or energy facilities may damage equipment, contaminate processes, or trigger cascading operational failures.",제조·건설·광업·에너지 시설의 피지컬 AI가 잘 못된 제어로 장비 손상·공정 오염·구조 불안정 또는 환경 사고를 유발하는 위험.,"Physical AI in manufacturing, construction, mining, or energy facilities may damage equipment, contaminate processes, or trigger cascading operational failures.",False,False,,,,,,General,SRC-G-0285,RAI4-0360,REWRITE_KEEP|PEER_REVIEW,Peer-review spacing restoration,L3_MASTER|NIST_AI_RMF|OECD_AI_PRINCIPLES|KOREA_AI_BASIC_ACT,,General,SOURCE_DOMAIN,G_SOC_ECON,0.73488,L3_MASTER_VALIDATED
RAI4-0502,,,인명·재산·환경 직접 피해,"Direct harms from AI to people, property, and environment","AI 시스템의 개발·운영·사용·오작동이 신체적·심리적 상해, 금전적 손실과 재산 피해, 중요 인프라의 중단·손상, 동물 등 비인간 존재에 대한 피해, 하드웨어 수명 주기 전반의 자연 환경 오염·자원 고갈에 이르는 실제 피해를 발생시키는 리스크. 의인화와 과신, 조작 등 인간 AI 상호 작용에서 창발하는 피해도 시스템 실패·오용과 함께 이러한 피해에 기여하는 리스크.","The risk that the development, operation, use, or malfunction of AI systems produces realized harm, injuring people physically or psychologically, causing financial loss and property damage, disrupting critical infrastructure, harming animals and other non-human entities, and polluting or depleting the natural environment across the hardware lifecycle. Harmful human-AI configurations, from anthropomorphization and over-trust to manipulation, contribute to these harms alongside system failure and misuse.","AI 시스템의 개발·운영·사용·오작동이 신체적·심리적 상해, 금전적 손실과 재산 피해, 중요 인프라의 중단·손상, 동물 등 비인간 존재에 대한 피해, 하드웨어 수명주기 전반의 자연환 경 오염·자원 고갈에 이르는 실제 피해를 발생 시키는 리스크. 의인화와 과신, 조작 등 인간AI 상호작용에서 창발하는 피해도 시스템 실 패·오용과 함께 이러한 피해에 기여한다.","The risk that the development, operation, use, or malfunction of AI systems produces realized harm, injuring people physically or psychologically, causing financial loss and property damage, disrupting critical infrastructure, harming animals and other non-human entities, and polluting or depleting the natural environment across the hardware lifecycle. Harmful human-AI configurations, from anthropomorphization and over-trust to manipulation, contribute to these harms alongside system failure and misuse.",False,False,,,,,,General,SRC-G-0286,RAI4-0502,REWRITE_KEEP|PEER_REVIEW|TITLE_TERMINOLOGY_NORMALISATION,Formulaic AI involvement removed from the risk title; the harm or failure is named using an immutable-L3-compatible term family documented by authoritative institutions,L3_MASTER|NIST_AI_RMF|OECD_AI_PRINCIPLES|KOREA_AI_BASIC_ACT,,General,SOURCE_DOMAIN,G_SOC_ENV,0.799922,L3_MASTER_VALIDATED
RAI4-0504,,,에너지 병목 및 공급 부족,Energy bottlenecks and shortages,AI 시스템 또는 AI 알고리즘의 설계·학습·배포·사용 과정이 과도한 에너지 사용이 지역 사회·조직·기업에 에너지 병목과 공급 부족을 초래하는 리스크.,"The risk that an AI system or AI algorithm, through design, training, deployment, or use, creates a condition in which excessive energy use results in energy bottlenecks and shortages for communities, organisations, and businesses.",과도한 에너지 사용이 지역사회·조직·기업에 에너지 병목과 공급 부족을 초래하는 리스크.,"The risk that excessive energy use results in energy bottlenecks and shortages for communities, organisations, and businesses.",False,False,,,,,,General,SRC-G-0287,RAI4-0504,REWRITE_KEEP|PEER_REVIEW|L3_AI_GROUNDING,"Bilingual definition grounded in an explicit AI technology, causal mechanism, and immutable L3 scope",L3_MASTER|NIST_AI_RMF|OECD_AI_PRINCIPLES|KOREA_AI_BASIC_ACT|L3_MASTER,,General,SOURCE_DOMAIN,G_SOC_ENV,0.67297,L3_MASTER_AI_REWRITE
RAI4-0798,,,생태계 과부하,Overburdening ecosystems,AI 개입이 없을 것으로 기대되는 창작물 공모·채용 지원 등 생태계에 AI 생성물이 대량 유입되어 필터링·신뢰 메커니즘에 과부하를 일으키는 리스크.,"The risk that mass AI-generated submissions pollute ecosystems expected to be free of AI involvement, such as creative submission portals and job application channels, overburdening their filtering and trust mechanisms.",AI 개입이 없을 것으로 기대되는 창작물 공모·채용 지원 등 생태계에 AI 생성물이 대량 유입되어 필터링·신뢰 메커니즘에 과부하를 일으키는 리스크.,"Mass AI-generated submissions pollute ecosystems expected to be free of AI involvement, such as creative submission portals and job application channels, overburdening their filtering and trust mechanisms.",False,False,,,,,,General,SRC-G-0288,RAI4-0798,REWRITE_KEEP|PEER_REVIEW,Peer-review spacing restoration,L3_MASTER|NIST_AI_RMF|OECD_AI_PRINCIPLES|KOREA_AI_BASIC_ACT,,General,SOURCE_DOMAIN,G_SOC_ENV,0.754446,L3_MASTER_VALIDATED
RAI4-0799,,,공유 정보 생태계의 오염과 질 저하,Degradation of the shared information ecosystem,"AI 시스템 또는 AI 알고리즘의 설계·학습·배포·사용 과정이 생성 도구가 산출한 허위·환각·저품질 콘텐츠와 인물·사건에 대한 사실적 허위 묘사가 최초 이용자를 넘어 유포되어 공개적으로 이용 가능한 정보가 오염되는 리스크. 사람들은 그에 근거해 부정확한 인식과 결정에 이르고, 나아가 정확한 정보에 대한 신뢰마저 잃는다로 인해 구체적인 위해가 발생하는 리스크.","The risk that the design, training, deployment, or use of an AI system or AI algorithm creates a condition in which false, hallucinated, low-quality, or realistically fabricated depictions of people and events produced by generative tools circulate beyond the end user and contaminate publicly available information. People form inaccurate perceptions and decisions on that basis and lose trust even in accurate information.","생성 도구가 산출한 허위·환각·저품질 콘텐츠 와 인물·사건에 대한 사실적 허위 묘사가 최초 이용자를 넘어 유포되어 공개적으로 이용 가 능한 정보가 오염되는 리스크. 사람들은 그에 근거해 부정확한 인식과 결정에 이르고, 나아 가 정확한 정보에 대한 신뢰마저 잃는다.","The risk that false, hallucinated, lowquality, or realistically fabricated depictions of people and events produced by generative tools circulate beyond the end user and contaminate publicly available information. People form inaccurate perceptions and decisions on that basis and lose trust even in accurate information.",False,False,,,,,,General,SRC-G-0289,RAI4-0799,REWRITE_KEEP|PEER_REVIEW|L3_AI_GROUNDING,"Bilingual definition grounded in an explicit AI technology, causal mechanism, and immutable L3 scope",L3_MASTER|NIST_AI_RMF|OECD_AI_PRINCIPLES|KOREA_AI_BASIC_ACT|L3_MASTER,,General,SOURCE_DOMAIN,G_SYS_MISINFO,0.74645,L3_MASTER_AI_REWRITE
RAI4-0926,,,에너지·지연 오버헤드 공격,Energy-latency overhead attacks,정교하게 설계된 스펀지 예제로 AI 시스템의 에너지 소비를 극대화하는 오버 헤드(에너지 지연) 공격이 LLM 연동 플랫폼을 위협하는 리스크.,"The risk that overhead, or energy-latency, attacks using carefully crafted sponge examples maximize energy consumption in an AI system, threatening platforms integrated with LLMs.",정교하게 설계된 스펀지 예제로 AI 시스템의 에너지 소비를 극대화하는 오버헤드(에너지지연) 공격이 LLM 연동 플랫폼을 위협하는 리스크.,"The risk that overhead, or energy-latency, attacks using carefully crafted sponge examples maximize energy consumption in an AI system, threatening platforms integrated with LLMs.",False,False,,,,,,General,SRC-G-0290,RAI4-0926,REWRITE_KEEP|PEER_REVIEW,Peer-review spacing restoration,L3_MASTER|NIST_AI_RMF|OECD_AI_PRINCIPLES|KOREA_AI_BASIC_ACT,,General,SOURCE_DOMAIN,G_SOC_ENV,0.666033,L3_MASTER_VALIDATED
RAI4-0950,,,지속불가능한 자원 사용,Unsustainable resource use,생성 모델의 막대한 전력·냉각수·희귀 금속 하드웨어 수요가 지속 불가능한 방식의 자원 채굴과 사용을 유발하여 환경 피해를 초래하는 리스크.,"The risk that generative models' substantial demands for electricity, cooling water, and rare-metal hardware drive resource extraction and utilization in unsustainable ways, causing environmental harm.",생성 모델의 막대한 전력·냉각수·희귀금속 하 드웨어 수요가 지속불가능한 방식의 자원 채 굴과 사용을 유발하여 환경 피해를 초래하는 리스크.,"The risk that generative models' substantial demands for electricity, cooling water, and rare-metal hardware drive resource extraction and utilization in unsustainable ways, causing environmental harm.",False,False,,,,,,General,SRC-G-0291,RAI4-0950,REWRITE_KEEP|PEER_REVIEW,Peer-review spacing restoration,L3_MASTER|NIST_AI_RMF|OECD_AI_PRINCIPLES|KOREA_AI_BASIC_ACT,,General,SOURCE_DOMAIN,G_SOC_ENV,0.765833,L3_MASTER_VALIDATED
RAI4-0996,,,원자재 수요에 의한 자원 고갈,Resource depletion from raw material demand,AI 시스템 또는 AI 알고리즘의 설계·학습·배포·사용 과정이 이러한 장치의 생산 공정이 니켈·코발트·리튬 등 원자재를 대량으로 요구하여 지구가 머지않아 충분한 양을 공급하지 못하게되는 리스크.,"The risk that an AI system or AI algorithm, through design, training, deployment, or use, creates a condition in which the production process of these devices requires raw materials such as nickel, cobalt, and lithium in quantities the Earth may soon no longer be able to sustain.",이러한 장치의 생산 공정이 니켈·코발트·리튬 등 원자재를 대량으로 요구하여 지구가 머지 않아 충분한 양을 공급하지 못하게되는 리스크.,"The risk that the production process of these devices requires raw materials such as nickel, cobalt, and lithium in quantities the Earth may soon no longer be able to sustain.",False,False,,,,,,General,SRC-G-0292,RAI4-0996,REWRITE_KEEP|PEER_REVIEW|L3_AI_GROUNDING,"Bilingual definition grounded in an explicit AI technology, causal mechanism, and immutable L3 scope",L3_MASTER|NIST_AI_RMF|OECD_AI_PRINCIPLES|KOREA_AI_BASIC_ACT|L3_MASTER,,General,SOURCE_DOMAIN,G_SOC_ENV,0.668577,L3_MASTER_AI_REWRITE
RAI4-1015,,,광범위한 사회·환경적 부정 영향,Broad societal and environmental adverse impacts,"AI가 노동력 대체, 정신 건강 악화, 딥페이크 등 조작 기술 문제와 함께 자원 부담·학습 탄소 배출 등 환경 발자국을 통해 사회와 환경에 광범위한 부정적 영향을 미치는 리스크.","The risk that AI produces broad adverse effects on society and the environment, including labor displacement, mental health impacts, harms from manipulative technologies like deepfakes, and an environmental footprint of resource strain and training-related carbon emissions.","AI가 노동력 대체, 정신건강 악화, 딥페이크 등 조작 기술 문제와 함께 자원 부담·학습 탄 소 배출 등 환경 발자국을 통해 사회와 환경에 광범위한 부정적 영향을 미치는 리스크.","The risk that AI produces broad adverse effects on society and the environment, including labor displacement, mental health impacts, harms from manipulative technologies like deepfakes, and an environmental footprint of resource strain and training-related carbon emissions.",False,False,,,,,,General,SRC-G-0293,RAI4-1015,REWRITE_KEEP|PEER_REVIEW,Peer-review spacing restoration,L3_MASTER|NIST_AI_RMF|OECD_AI_PRINCIPLES|KOREA_AI_BASIC_ACT,,General,SOURCE_DOMAIN,G_SOC_ENV,0.798197,L3_MASTER_VALIDATED
RAI4-1064,,,언어모델 학습·운영에 따른 환경 피해,Environmental harm from training and operating language models,"대규모 언어 모델의 학습·운영 에너지 수요와 탄소 배출, 데이터 센터 냉각용 담수 소비, 데이터 센터와 칩·기기 제작에 필요한 귀금속 등 자원 소모, 그리고 관련 애플리케이션의 2차 배출과 그것이 유발하는 행동 변화가 상당한 환경 비용을 발생시키는 리스크. 그 부담은 자원 고갈과 오염의 형태로 생태계와 지역 사회에 전가되는 리스크.","The risk that the energy demand and carbon emissions of training and operating large language models, the freshwater consumed to cool data centres, the metals and materials required to build facilities, chips, and devices, and the secondary emissions and behavioural changes driven by model-based applications impose substantial environmental costs. Ecosystems and communities bear the resulting depletion and pollution.","대규모 언어모델의 학습·운영 에너지 수요와 탄소 배출, 데이터센터 냉각용 담수 소비, 데이터센터와 칩·기기 제작에 필요한 귀금속 등 자원 소모, 그리고 관련 애플리케이션의 2차 배출과 그것이 유발하는 행동 변화가 상당한 환경 비용을 발생시키는 리스크. 그 부담은 자 원 고갈과 오염의 형태로 생태계와 지역사회 에 전가된다.","The risk that the energy demand and carbon emissions of training and operating large language models, the freshwater consumed to cool data centres, the metals and materials required to build facilities, chips, and devices, and the secondary emissions and behavioural changes driven by model-based applications impose substantial environmental costs. Ecosystems and communities bear the resulting depletion and pollution.",False,False,,,,,,General,SRC-G-0294,RAI4-1064,REWRITE_KEEP|PEER_REVIEW,분량 초과: L3 수준 1문장으로 축약 필요; 영문 정의 장문: 축약 필요,L3_MASTER|NIST_AI_RMF|OECD_AI_PRINCIPLES|KOREA_AI_BASIC_ACT,,General,SOURCE_DOMAIN,G_SOC_ENV,0.777984,L3_MASTER_VALIDATED
RAI4-1093,,,모델 개발·배포의 에너지 소비에 따른 환경 피해,Environmental harm from model development and deployment energy use,모델의 개발과 배포가 막대한 에너지를 소비하고 모델 대형화 추세가 이를 심화시키는 리스크. 그에 따른 과도한 에너지 사용과 배출이 환경에 부정적 영향을 남기며 그 부담은 세대를 거듭한 모델과 함께 누적되는 리스크.,"The risk that developing and deploying models consumes substantial energy, a burden intensified by the trend toward ever-larger models. The resulting excessive energy use and emissions impose negative environmental impacts that accumulate with each successive generation of models.",모델의 개발과 배포가 막대한 에너지를 소비하고 모델 대형화 추세가 이를 심화시키는 리스크. 그에 따른 과도한 에너지 사용과 배출이 환경에 부정적 영향을 남기며 그 부담은 세대 를 거듭한 모델과 함께 누적된다.,"The risk that developing and deploying models consumes substantial energy, a burden intensified by the trend toward ever-larger models. The resulting excessive energy use and emissions impose negative environmental impacts that accumulate with each successive generation of models.",False,False,,,,,,General,SRC-G-0295,RAI4-1093,REWRITE_KEEP|PEER_REVIEW,분량 초과: L3 수준 1문장으로 축약 필요,L3_MASTER|NIST_AI_RMF|OECD_AI_PRINCIPLES|KOREA_AI_BASIC_ACT,,General,SOURCE_DOMAIN,G_SOC_ENV,0.767505,L3_MASTER_VALIDATED
RAI4-1269,,,높은 에너지 소비,High energy consumption,딥 러닝을 포함한 일부 학습 알고리즘이 반복적 학습 과정을 사용하여 높은 에너지 소비를 초래하는 리스크.,"The risk that an AI system or AI algorithm, through design, training, deployment, or use, creates a condition in which some learning algorithms, including deep learning, utilize iterative learning processes that result in high energy consumption.",딥러닝을 포함한 일부 학습 알고리즘이 반복 적 학습 과정을 사용하여 높은 에너지 소비를 초래하는 리스크.,"The risk that some learning algorithms, including deep learning, utilize iterative learning processes that result in high energy consumption.",False,False,,,,,,General,SRC-G-0296,RAI4-1269,REWRITE_KEEP|PEER_REVIEW|L3_AI_GROUNDING,"Bilingual definition grounded in an explicit AI technology, causal mechanism, and immutable L3 scope",L3_MASTER|NIST_AI_RMF|OECD_AI_PRINCIPLES|KOREA_AI_BASIC_ACT|L3_MASTER,,General,SOURCE_DOMAIN,G_SOC_ENV,0.705077,L3_MASTER_AI_REWRITE
RAI4-1374,,,AI 데이터센터 냉각의 과도한 용수 소비,Excessive water consumption for AI data-centre cooling,AI 시스템의 학습·추론을 지원하는 데이터 센터가 냉각 과정에서 과도한 용수를 소비하여 지역 수자원과 환경의 지속 가능성을 훼손하는 리스크.,"The risk that data centres supporting AI training and inference consume excessive water for cooling, degrading local water resources and environmental sustainability.",AI 학습과 추론을 지원하는 데이터센터가 서 버 과열을 막기 위해 상당한 양의 물을 냉각에 사용하는 리스크. 그 수요가 지역 수자원을 잠 식하여 인근 지역사회와 기업에 용수 제한이 나 부족이 초래된다.,"The risk that data centres supporting AI training and inference consume substantial water to cool servers and prevent overheating. That demand draws down local water resources, leading to restrictions or shortages for nearby communities and businesses.",False,True,,,,,,General,SRC-G-0297,RAI4-1374,REWRITE_KEEP|PEER_REVIEW|L3_MASTER_SCOPE_REWRITE,"Definition narrowed to the subject, mechanism, and adverse outcome of the immutable L3 master",L3_MASTER|NIST_AI_RMF|OECD_AI_PRINCIPLES|KOREA_AI_BASIC_ACT,G_SOC_ENV,General,SOURCE_DOMAIN,G_SOC_ENV,0.73601,L3_MASTER_VALIDATED
RAI4-1452,,,생물다양성 손실,Biodiversity loss,"AI 시스템 또는 AI 알고리즘의 설계·학습·배포·사용 과정이 기술 인프라의 과도한 확장이나 기술과 지속 가능한 관행의 부적절한 연계로 삼림 벌채, 서식지 파괴, 생물 다양성의 단편화와 손실이 발생하는 리스크.","The risk that an AI system or AI algorithm, through design, training, deployment, or use, creates a condition in which over-expansion of technology infrastructure, or inadequate alignment of technology with sustainable practices, leads to deforestation, habitat destruction, and fragmentation and loss of biodiversity.","기술 인프라의 과도한 확장이나 기술과 지속 가능한 관행의 부적절한 연계로 삼림 벌채, 서 식지 파괴, 생물다양성의 단편화와 손실이 발 생하는 리스크.","The risk that over-expansion of technology infrastructure, or inadequate alignment of technology with sustainable practices, leads to deforestation, habitat destruction, and fragmentation and loss of biodiversity.",False,False,,,,,,General,SRC-G-0298,RAI4-1452,REWRITE_KEEP|PEER_REVIEW|L3_AI_GROUNDING,"Bilingual definition grounded in an explicit AI technology, causal mechanism, and immutable L3 scope",L3_MASTER|NIST_AI_RMF|OECD_AI_PRINCIPLES|KOREA_AI_BASIC_ACT|L3_MASTER,,General,SOURCE_DOMAIN,G_SOC_ENV,0.724971,L3_MASTER_AI_REWRITE
RAI4-1453,,,탄소 배출,Carbon emissions,"AI 시스템 또는 AI 알고리즘의 설계·학습·배포·사용 과정이 이산화탄소, 산화 질소 등의 가스가 배출되어 탄소 배출이 증가하고 기후 변화가 악화되어 지역 사회에 부정적 영향이 발생하는 리스크.","The risk that the design, training, deployment, or use of an AI system or AI algorithm creates a condition in which release of carbon dioxide, nitric oxide, and other gases increases carbon emissions, exacerbates climate change, and negatively impacts local communities.","이산화탄소, 산화질소 등의 가스가 배출되어 탄소 배출이 증가하고 기후변화가 악화되어 지역사회에 부정적 영향이 발생하는 리스크.","The risk that release of carbon dioxide, nitric oxide, and other gases increases carbon emissions, exacerbates climate change, and negatively impacts local communities.",False,False,,,,,,General,SRC-G-0299,RAI4-1453,REWRITE_KEEP|PEER_REVIEW|L3_AI_GROUNDING,"Bilingual definition grounded in an explicit AI technology, causal mechanism, and immutable L3 scope",L3_MASTER|NIST_AI_RMF|OECD_AI_PRINCIPLES|KOREA_AI_BASIC_ACT|L3_MASTER,,General,SOURCE_DOMAIN,G_SOC_ENV,0.683244,L3_MASTER_AI_REWRITE
RAI4-1455,,,전자폐기물 과다 매립,Excessive electronic waste landfill,AI 시스템 또는 AI 알고리즘의 설계·학습·배포·사용 과정이 전기·전자 장비의 과도한 폐기로 생태계와 생물 다양성이 훼손되고 지역 사회의 생계가 교란되며 권리가 침해되는 리스크.,"The risk that an AI system or AI algorithm, through design, training, deployment, or use, creates a condition in which excessive disposal of electrical or electronic equipment leads to ecological and biodiversity damage, disrupts the livelihoods of local communities, and erodes their rights.",전기·전자 장비의 과도한 폐기로 생태계와 생 물다양성이 훼손되고 지역사회의 생계가 교 란되며 권리가 침해되는 리스크.,"The risk that excessive disposal of electrical or electronic equipment leads to ecological and biodiversity damage, disrupts the livelihoods of local communities, and erodes their rights.",False,False,,,,,,General,SRC-G-0300,RAI4-1455,REWRITE_KEEP|PEER_REVIEW|L3_AI_GROUNDING,"Bilingual definition grounded in an explicit AI technology, causal mechanism, and immutable L3 scope",L3_MASTER|NIST_AI_RMF|OECD_AI_PRINCIPLES|KOREA_AI_BASIC_ACT|L3_MASTER,,General,SOURCE_DOMAIN,G_SOC_ENV,0.71873,L3_MASTER_AI_REWRITE
RAI4-1698,,,단일 목표 최적화에 의한 환경 부작용,Environmental side effects from singleobjective optimization,"하나의 과업에 집중된 목표를 최적화하는 에이전트가 다른 환경 변수에 대해 암묵적 무관심을 보여, 한계적 과업 이득을 위해 더 넓은 환경에 큰 교란을 일으키는 리스크.","The risk that the design, training, deployment, or use of an AI system or AI algorithm creates a condition in which an agent optimizing an objective focused on one task expresses implicit indifference over other environmental variables, causing major disruption to the wider environment for marginal task gain.","하나의 과업에 집중된 목표를 최적화하는 에이전트가 다른 환경 변수에 대해 암묵적 무관 심을 보여, 한계적 과업 이득을 위해 더 넓은 환경에 큰 교란을 일으키는 리스크.","The risk that an agent optimizing an objective focused on one task expresses implicit indifference over other environmental variables, causing major disruption to the wider environment for marginal task gain.",False,False,,,,,,General,SRC-G-0301,RAI4-1698,REWRITE_KEEP|PEER_REVIEW|L3_AI_GROUNDING,"Bilingual definition grounded in an explicit AI technology, causal mechanism, and immutable L3 scope",L3_MASTER|NIST_AI_RMF|OECD_AI_PRINCIPLES|KOREA_AI_BASIC_ACT|L3_MASTER,,General,SOURCE_DOMAIN,G_SOC_ENV,0.654048,L3_MASTER_AI_REWRITE
RAI4-0346,F04,"IN, IC, GL, DP, CC",센서 스푸핑 및 신호 주입,Sensor spoofing and signal injection,AI 시스템 또는 AI 알고리즘의 설계·학습·배포·사용 과정이 공격자가 GNSS·카메라·라이다·레이더·RFID·오디오·촉각·무선 신호를 조작하여 피지컬 행동을 변경하는 위험.,"The risk that an AI system or AI algorithm, through design, training, deployment, or use, creates a condition in which attackers may manipulate GNSS, camera, LiDAR, radar, RFID, audio, tactile, or wireless signals to alter physical behavior.",공격자가 GNSS·카메라·라이다·레이더·RFID·오디오·촉각·무선 신호를 조작하여 피지컬 행동을 변경하는 위험.,"Attackers may manipulate GNSS, camera, LiDAR, radar, RFID, audio, tactile, or wireless signals to alter physical behavior.",False,False,매핑부적합_Physical AI 'Sensor & Input Validation Failures,,,,,General,SRC-G-0302,RAI4-0346,REWRITE_KEEP|PEER_REVIEW|L3_AI_GROUNDING,"Bilingual definition grounded in an explicit AI technology, causal mechanism, and immutable L3 scope",L3_MASTER|NIST_AI_RMF|OECD_AI_PRINCIPLES|KOREA_AI_BASIC_ACT|L3_MASTER,,General,SOURCE_DOMAIN,G_SYS_SECADV,0.668242,L3_MASTER_AI_REWRITE
RAI4-0432,F04,"IN, IC, GL, DP, CC",민감 개인속성 추론,Sensitive personal attribute inference,모델 동작으로 인해서 사용자 또는 관리자가 의도적으로 공개되지 않은 민감한 개인의 속성 정보가 추론을 통해서 노출될 수 있는 리스크.,The risk that model behavior enables inference of sensitive personal attributes not intentionally disclosed.,모델 동작으로 인해서 사용자 또는 관리자가 의도적으로 공개되지 않은 민감한 개인의 속성 정보가 추론을 통해서 노출될 수 있는 리스크,The risk that model behavior enables inference of sensitive personal attributes not intentionally disclosed.,False,False,기존 risk정의보완 흡수,,,,,General,SRC-G-0303,RAI4-0432,REWRITE_KEEP|PEER_REVIEW,Peer-review spacing restoration,L3_MASTER|NIST_AI_RMF|OECD_AI_PRINCIPLES|KOREA_AI_BASIC_ACT,,General,SOURCE_DOMAIN,G_SYS_INCONS,0.660512,L3_MASTER_VALIDATED
RAI4-1056,F04,"IN, IC, GL, DP, CC",보호 속성 추론을 통한 프라이버시 침해,Privacy violation through inference of protected personal attributes,학습 코퍼스에 해당 개인의 데이터가 없더라도 모델이 입력 프롬 프 트로부터 인종·성별·성적 지향·종교성 등 보호 속성을 높은 정확도로 추론하는 리스크로 사용자 본인 또는 당사자의 인지나 동의 없이 진실하고 민감한 정보로 구성된 상세 프로필이 작성되어 차별과 표적화에 노출될 수 있는 위험.,"The risk that models infer protected characteristics such as race, gender, sexual orientation, or religiousness from a user's input prompt even when that information is absent from the training corpus. Detailed profiles of true and sensitive information are assembled without the individual's knowledge or consent, exposing them to discrimination and targeting.",학습 코퍼스에 해당 개인의 데이터가 없더라도 모델이 입력 프롬프트로부터 인종·성별·성적지향·종교성 등 보호 속성을 높은 정확도로 추론하는 리스크로 사용자 본인 또는 당사자의 인지나 동의 없이 진실하고 민감한 정보로 구성된 상세 프로필이 작성되어 차별과 표적화에 노출될 수 있는 위험,"The risk that models infer protected characteristics such as race, gender, sexual orientation, or religiousness from a user's input prompt even when that information is absent from the training corpus. Detailed profiles of true and sensitive information are assembled without the individual's knowledge or consent, exposing them to discrimination and targeting.",False,False,기존 risk정의보완 흡수,,,,,General,SRC-G-0304,RAI4-1056,REWRITE_KEEP|PEER_REVIEW,Peer-review spacing restoration,L3_MASTER|NIST_AI_RMF|OECD_AI_PRINCIPLES|KOREA_AI_BASIC_ACT,,General,SOURCE_DOMAIN,G_INT_PRIV,0.752874,L3_MASTER_VALIDATED
RAI4-1655,F04,"IN, IC, GL, DP, CC",LLM 기반 정교한 감시·검열에 의한 자유 억압,Suppression of liberties through LLMenabled surveillance and censorship,"AI 시스템 또는 AI 알고리즘의 설계·학습·배포·사용 과정이 LLM과 음성 인식·멀티 모달 기술이 텍스트뿐 아니라 통화·영상 통신까지 대규모로 감시·검열할 수 있게하여, 정치적 반대자의 침묵 또는 개인의 자유 위축 등과 같은 국가적 억압의 용도로 이용되거나, 기술에 의해보다 더 영향이 심각하게 발전되는 위험.","The risk that LLMs, including multimodal models and those combined with speechto-text, enable significantly more sophisticated surveillance and censorship operations at scale, including of phone calls and video messages, worsening personal liberties and heightening state oppression.","LLM과 음성인식·멀티모달 기술이 텍스트뿐 아니라 통화·영상 통신까지 대규모로 감시·검 열할 수 있게하여, 정치적 반대자의 침묵 또는 개인의 자유 위축 등과 같은 국가적 억압의 용도로 이용되거나, 기술에 의해 보다 더 영향이 심각하게 발전되는 위험","The risk that LLMs, including multimodal models and those combined with speechto-text, enable significantly more sophisticated surveillance and censorship operations at scale, including of phone calls and video messages, worsening personal liberties and heightening state oppression.",False,False,관점 확장,,,,,General,SRC-G-0305,RAI4-1655,REWRITE_KEEP|PEER_REVIEW|L3_AI_GROUNDING,"Bilingual definition grounded in an explicit AI technology, causal mechanism, and immutable L3 scope",L3_MASTER|NIST_AI_RMF|OECD_AI_PRINCIPLES|KOREA_AI_BASIC_ACT|L3_MASTER,,General,SOURCE_DOMAIN,G_INT_PRIV,0.63125,L3_MASTER_AI_REWRITE
RAI4-0514,,,일자리에 미치는 영향,Impact on jobs,AI 시스템의 업무 자동화로 인해서 재숙련 경로를 통해 노동자의 역량을 향상 또는 전환하는 속도보다 AI 시스템이 더 빠르게 일자리를 대체함으로써 발생하는 고용 불안정의 리스크.,"The risk that an AI system or AI algorithm, through design, training, deployment, or use, creates a condition in which automation of work by foundation-modelbased systems displaces jobs faster than reskilling pathways can absorb affected workers.",AI 시스템의 업무 자동화로 인해서 재숙련 경로를 통해 노동자의 역량을 향상 또는 전환하는 속도보다 AI 시스템이 더 빠르게 일자리를 대체함으로써 발생하는 고용 불안정의 리스크,Automation of work by foundation-modelbased systems displaces jobs faster than reskilling pathways can absorb affected workers.,False,False,,,,기존 리스크 작성 톤으로 L4 description 수정,,General,SRC-G-0306,RAI4-0514,REWRITE_KEEP|PEER_REVIEW|L3_AI_GROUNDING,"Bilingual definition grounded in an explicit AI technology, causal mechanism, and immutable L3 scope",L3_MASTER|NIST_AI_RMF|OECD_AI_PRINCIPLES|KOREA_AI_BASIC_ACT|L3_MASTER,,General,SOURCE_DOMAIN,G_SOC_ECON,0.784933,L3_MASTER_AI_REWRITE
RAI4-1065,,,업무 자동화로 인한 고용 악화,Negative employment effects from task automation,AI 시스템과 이에 기반한 언어 기술의 발전으로 인해서 고객 서비스 응대 등 현재 유급 노동자가 수행하는 대부분의 업무가 자동화되어 고용 안정에 부정적 영향을 미치는 위험.,"The risk that advances in AI systems and the language technologies based on them automate tasks currently done by paid human workers, such as responding to customer-service queries, with negative effects on employment.",AI 시스템과 이에 기반한 언어 기술의 발전으로 인해서 고객 서비스 응대 등 현재 유급 노동자가 수행하는 대부분의 업무가 자동화되어 고용 안정에 부정적 영향을 미치는 위험,"The risk that advances in AI systems and the language technologies based on them automate tasks currently done by paid human workers, such as responding to customer-service queries, with negative effects on employment.",False,False,,,,기존 리스크 작성 톤으로 L4 description 수정,,General,SRC-G-0307,RAI4-1065,REWRITE_KEEP|PEER_REVIEW,Peer-review spacing restoration,L3_MASTER|NIST_AI_RMF|OECD_AI_PRINCIPLES|KOREA_AI_BASIC_ACT,,General,SOURCE_DOMAIN,G_SOC_ECON,0.761634,L3_MASTER_VALIDATED
RAI4-1232,,,산업 교란,Disruption of industries,"창의성과 비판적 사고, 정서적 상호 작용이 덜 요구되는 번역과 교정, 단순 문의 응대, 데이터 처리 같은 산업이 생성형 AI에 의해 심각하게 영향을 받거나 AI 시스템으로 대체되어서 경제적 혼란과 일자리 변동이 극심하게 발생하는 리스크.","The risk that industries requiring less creativity, critical thinking, and personal or affective interaction, such as translation, proofreading, responding to straightforward inquiries, and data processing, are significantly impacted or even replaced by generative AI, leading to economic turbulence and job volatility.","창의성과 비판적 사고, 정서적 상호작용이 덜 요구되는 번역과 교정, 단순 문의 응대, 데이터 처리 같은 산업이 생성형 AI에 의해 심각하게 영향을 받거나 AI시스템으로 대체되어서 경제적 혼란과 일자리 변동이 극심하게 발생하는 리스크.","The risk that industries requiring less creativity, critical thinking, and personal or affective interaction, such as translation, proofreading, responding to straightforward inquiries, and data processing, are significantly impacted or even replaced by generative AI, leading to economic turbulence and job volatility.",False,False,,,,기존 리스크 작성 톤으로 L4 description 수정,,General,SRC-G-0308,RAI4-1232,REWRITE_KEEP|PEER_REVIEW,Peer-review spacing restoration,L3_MASTER|NIST_AI_RMF|OECD_AI_PRINCIPLES|KOREA_AI_BASIC_ACT,,General,SOURCE_DOMAIN,G_SOC_ECON,0.782563,L3_MASTER_VALIDATED
RAI4-1445,,,불평등과 기술적 충격에 따른 사회 불안정,Societal destabilisation from inequality and technological disruption,"AI 기술로 인한 일자리 부족과 불공정한 알고리즘, 허위 정보, 그리고 AI 시스템이 유발하거나 증폭된 사회적 지위 및 부의 격차의 확대가 지역 사회의 복지와 결속을 훼손하는 리스크. 이러한 리스크로 인한 파업과 시위를 비롯한 시민 불안이 확산되고, 사회 전반의 안정이 흔들릴 수 있는 위험.","The risk that job losses to technology, unfair algorithmic outcomes, disinformation, and the widening gaps in social status and wealth caused or amplified by technology systems erode social and community wellbeing and cohesion. Strikes, demonstrations, and other forms of civil unrest follow as overall societal stability deteriorates.","AI 기술로 인한 일자리 부족과 불공정한 알고리즘, 허위정보, 그리고 AI 시스템이 유발하거나 증폭된 사회적 지위 및 부의 격차의 확대가 지역사회의 복지와 결속을 훼손하는 리스크. 이러한 리스크로 인한 파업과 시위를 비롯한 시민 불안이 확산되고, 사회 전반의 안정이 흔들릴 수 있는 위험","The risk that job losses to technology, unfair algorithmic outcomes, disinformation, and the widening gaps in social status and wealth caused or amplified by technology systems erode social and community wellbeing and cohesion. Strikes, demonstrations, and other forms of civil unrest follow as overall societal stability deteriorates.",False,False,,,,기존 리스크 작성 톤으로 L4 description 수정,,General,SRC-G-0309,RAI4-1445,REWRITE_KEEP|PEER_REVIEW,분량 초과: L3 수준 1문장으로 축약 필요,L3_MASTER|NIST_AI_RMF|OECD_AI_PRINCIPLES|KOREA_AI_BASIC_ACT,,General,SOURCE_DOMAIN,G_SOC_ECON,0.79834,L3_MASTER_VALIDATED
RAI4-1662,,,아웃소싱 축소에 의한 개발도상국 경제 타격,Harm to developing economies from retrenchment of outsourcing,콜센터 등 개발도상국이 수행하던 단순 인지 과업이 AI 시스템으로 자동화되면서 아웃소싱이 축소되어 해당 국가의 노동력과 경제가 타격을 입는 리스크.,"The risk that an AI system or AI algorithm, through design, training, deployment, or use, creates a condition in which automation of simple cognitive tasks previously performed in developing countries, such as call center work, causes a retrenchment of outsourcing that adversely affects those countries' workforces and economies.",콜센터 등 개발도상국이 수행하던 단순 인지 과업이 AI 시스템으로 자동화되면서 아웃소싱이 축소되어 해당 국가의 노동력과 경제가 타격을 입는 리스크,"The risk that automation of simple cognitive tasks previously performed in developing countries, such as call center work, causes a retrenchment of outsourcing that adversely affects those countries' workforces and economies.",False,False,,,,기존 리스크 작성 톤으로 L4 description 수정,,General,SRC-G-0310,RAI4-1662,REWRITE_KEEP|PEER_REVIEW|L3_AI_GROUNDING,"Bilingual definition grounded in an explicit AI technology, causal mechanism, and immutable L3 scope",L3_MASTER|NIST_AI_RMF|OECD_AI_PRINCIPLES|KOREA_AI_BASIC_ACT|L3_MASTER,,General,SOURCE_DOMAIN,G_SOC_ECON,0.709261,L3_MASTER_AI_REWRITE
RAI4-0384,,,남반구 지식 추출,Global South knowledge extraction,"남반구 공동체의 지식, 언어 데이터, 문화 자원이 적절한 인정·통제·이익 공유 없이 AI 개발에 추출되는 글로벌 사우스 지식 추출 리스크.","The risk that knowledge, language data, or cultural resources from Global South communities are extracted for AI development without adequate recognition, control, or benefit-sharing.","남반구 공동체의 지식, 언어 데이터, 문화 자원이 적절한 인정·통제·이익 공유없이 AI 개발에 추출되는 글로벌 사우스 지식 추출 리스크","The risk that knowledge, language data, or cultural resources from Global South communities are extracted for AI development without adequate recognition, control, or benefit-sharing.",False,False,,,,기존 리스크 작성 톤으로 L4 description 수정,,General,SRC-G-0311,RAI4-0384,REWRITE_KEEP|PEER_REVIEW,Peer-review spacing restoration,L3_MASTER|NIST_AI_RMF|OECD_AI_PRINCIPLES|KOREA_AI_BASIC_ACT,,General,SOURCE_DOMAIN,G_INT_ALLOC,0.693924,L3_MASTER_VALIDATED
RAI4-0458,,,AI 도입에 따른 임금 양극화,Wage polarisation associated with AI adoption,"AI 시스템의 도입이 AI로 인한 보완적 숙련의 보상은 높이는 반면, 대체 가능한 숙련의 가치를 현격히 떨어뜨림으로써 노동 시장의 임금 양극화를 확대하는 리스크.","The risk that AI adoption raises returns to skills complementary to AI while devaluing substitutable skills, widening wage polarization across the workforce.","AI 시스템의 도입이 AI로 인한 보완적 숙련의 보상은 높이는 반면, 대체 가능한 숙련의 가치를 현격히 떨어뜨림으로써 노동시장의 임금 양극화를 확대하는 리스크","AI adoption raises returns to skills complementary to AI while devaluing substitutable skills, widening wage polarization across the workforce.",False,False,,,,기존 리스크 작성 톤으로 L4 description 수정,,General,SRC-G-0312,RAI4-0458,REWRITE_KEEP|PEER_REVIEW|TITLE_TERMINOLOGY_NORMALISATION,Formulaic AI involvement removed from the risk title; the harm or failure is named using an immutable-L3-compatible term family documented by authoritative institutions,L3_MASTER|NIST_AI_RMF|OECD_AI_PRINCIPLES|KOREA_AI_BASIC_ACT,,General,SOURCE_DOMAIN,G_SOC_ECON,0.729791,L3_MASTER_VALIDATED
RAI4-0461,,,연산 자원 접근 불평등,Compute inequality,연산 인프라에 대한 불평등한 접근으로 인해 AI 시스템을 개발·감사·활용할 수 있는 주체를 결정하는 연산 자원 접근 불평등 리스크.,"The risk that unequal access to compute infrastructure shapes who can develop, audit, or benefit from AI.",연산 인프라에 대한 불평등한 접근으로 인해 AI 시스템을 개발·감사·활용할 수 있는 주체를 결정하는 연산 자원 접근 불평등 리스크,"The risk that unequal access to compute infrastructure shapes who can develop, audit, or benefit from AI.",False,False,,,,기존 리스크 작성 톤으로 L4 description 수정,,General,SRC-G-0313,RAI4-0461,REWRITE_KEEP|PEER_REVIEW,Peer-review spacing restoration,L3_MASTER|NIST_AI_RMF|OECD_AI_PRINCIPLES|KOREA_AI_BASIC_ACT,,General,SOURCE_DOMAIN,G_SOC_POWER,0.780464,L3_MASTER_VALIDATED
RAI4-0505,,,AI 개발 과정의 노동 착취,Labor exploitation in AI development,"데이터 라벨 링, 콘텐츠 조정, 데이터 소싱, 사용자 테스트 등 AI 시스템의 학습, 개발, 최적화 과정에 투입되는 노동이 저소득 국가와 역외 노동자에게 외주화된 채 저임금과 열악한 노동 조건, 신체·정신 건강 보호의 결여 속에서 착취적 관행과 불평등이 지속되는 리스크.","The risk that the labor used to train, develop, and optimize AI systems, including data labeling, moderation, sourcing, and user testing outsourced to low-income countries and offshore workers, is underpaid and denied adequate working conditions and physical and mental health protections, perpetuating exploitative practices and inequality.","데이터 라벨링, 콘텐츠 조정, 데이터 소싱, 사용자 테스트 등 AI 시스템의 학습, 개발, 최적화 과정에 투입되는 노동이 저소득 국가와 역외 노동자에게 외주화된 채 저임금과 열악한 노동 조건, 신체·정신 건강 보호의 결여 속에서 착취적 관행과 불평등이 지속되는 리스크","The risk that the labor used to train, develop, and optimize AI systems, including data labeling, moderation, sourcing, and user testing outsourced to low-income countries and offshore workers, is underpaid and denied adequate working conditions and physical and mental health protections, perpetuating exploitative practices and inequality.",False,False,,,,기존 리스크 작성 톤으로 L4 description 수정,,General,SRC-G-0314,RAI4-0505,REWRITE_KEEP|PEER_REVIEW,Peer-review spacing restoration,L3_MASTER|NIST_AI_RMF|OECD_AI_PRINCIPLES|KOREA_AI_BASIC_ACT,,General,SOURCE_DOMAIN,G_SOC_POWER,0.731509,L3_MASTER_VALIDATED
RAI4-0509,,,글로벌 AI 격차와 불평등,Global AI divide and inequality,"희소한 연산 자원, 과학 기술 인재, 첨단 범용 모델에 대한 실질적 접근이 소수 선도 국가와 대형 기업에 집중되어 AI 연구 개발과 경제력이 편중되고, 선도 국과 후발국 간 격차가 벌어지며 기업·개인·국가 간 기존의 사회 경제적 불평등이 심화되는 리스크.","The risk that scarce computing power, STEM talent, and effective access to advanced general-purpose models concentrate AI research, development, and economic power in a few leading countries and large firms, widening the divide between those leading in AI and those falling behind and deepening existing socioeconomic disparities among companies, individuals, and countries.","희소한 연산 자원, 과학기술 인재, 첨단 범용 모델에 대한 실질적 접근이 소수 선도 국가와 대형 기업에 집중되어 AI 연구개발과 경제력 이 편중되고, 선도국과 후발국 간 격차가 벌어 지며 기업·개인·국가 간 기존의 사회경제적 불 평등이 심화되는 리스크.","The risk that scarce computing power, STEM talent, and effective access to advanced general-purpose models concentrate AI research, development, and economic power in a few leading countries and large firms, widening the divide between those leading in AI and those falling behind and deepening existing socioeconomic disparities among companies, individuals, and countries.",False,False,,,,기존 리스크 작성 톤으로 L4 description 수정,,General,SRC-G-0315,RAI4-0509,REWRITE_KEEP|PEER_REVIEW,Peer-review spacing restoration,L3_MASTER|NIST_AI_RMF|OECD_AI_PRINCIPLES|KOREA_AI_BASIC_ACT,,General,SOURCE_DOMAIN,G_SOC_POWER,0.826881,L3_MASTER_VALIDATED
RAI4-1011,,,노동 착취와 거시경제적 불평등 심화,Labor exploitation and macro-economic inequality,"AI 시스템이 사회 경제적 관계의 권력 불균형을 키워 디지털 격차와 체계적 불평등을 고착시키고, 비윤리적 데이터 수집·노동 환경 악화 등 노동 착취와 기술적 실업·탈숙련을 낳으며, 대규모 실패 시 플래시 크래시 등 광범위한 악영향을 초래하는 노동 착취와 거시적 불평등을 심화시키는 리스크.","The risk that algorithmic systems increase power imbalances in socio-economic relations, exacerbating digital divides and entrenching systemic inequalities, fostering labor exploitation such as unethical data collection and worsening worker conditions, driving technological unemployment and deskilling, and causing flash crashes and other widespread adverse incidents when algorithmic financial systems fail at scale.","AI 시스템이 사회경제적 관계의 권력 불균형을 키워 디지털 격차와 체계적 불평등을 고착시키고, 비윤리적 데이터 수집·노동환경 악화 등 노동 착취와 기술적 실업·탈숙련을 낳으며, 대규모 실패시 플래시 크래시 등 광 범위한 악영향을 초래하는 노동 착취와 거시적 불평등을 심화시키는 리스크","The risk that algorithmic systems increase power imbalances in socio-economic relations, exacerbating digital divides and entrenching systemic inequalities, fostering labor exploitation such as unethical data collection and worsening worker conditions, driving technological unemployment and deskilling, and causing flash crashes and other widespread adverse incidents when algorithmic financial systems fail at scale.",False,False,,,,기존 리스크 작성 톤으로 L4 description 수정,,General,SRC-G-0316,RAI4-1011,REWRITE_KEEP|PEER_REVIEW,Peer-review spacing restoration,L3_MASTER|NIST_AI_RMF|OECD_AI_PRINCIPLES|KOREA_AI_BASIC_ACT,,General,SOURCE_DOMAIN,G_SOC_POWER,0.780689,L3_MASTER_VALIDATED
RAI4-1022,,,높은 비용으로 인한 접근 배제,Exclusion from access due to high costs,생성형 AI 시스템의 훈련·시험·배포에 드는 재정적 비용이 커서 이러한 시스템을 개발하고 이용할 수 있는 집단이 제한되는 리스크.,"The risk that the estimated financial costs of training, testing, and deploying generative AI systems restrict the groups of people able to afford developing and interacting with these systems.",생성형 AI 시스템의 훈련·시험·배포에 드는 재 정적 비용이 커서 이러한 시스템을 개발하고 이용할 수 있는 집단이 제한되는 리스크.,"The risk that the estimated financial costs of training, testing, and deploying generative AI systems restrict the groups of people able to afford developing and interacting with these systems.",False,False,,,,기존 리스크 작성 톤으로 L4 description 수정,,General,SRC-G-0317,RAI4-1022,REWRITE_KEEP|PEER_REVIEW,Peer-review spacing restoration,L3_MASTER|NIST_AI_RMF|OECD_AI_PRINCIPLES|KOREA_AI_BASIC_ACT,,General,SOURCE_DOMAIN,G_SYS_CONTEST,0.720179,L3_MASTER_VALIDATED
RAI4-1224,,,디지털 격차 확대,Widening digital divide,"생성 AI가 기기나 인터넷 접근이 없거나 벤더에 차단된 지역의 사람들에게 1차 디지털 격차를, 언어와 문화 장벽에 부딪히거나 도구 활용이 어려운 이들에게 2차 디지털 격차를 확대하는 리스크.","The risk that generative AI widens the first-level digital divide for those without access to devices or the Internet or blocked by vendors, and the second-level divide for those facing language and cultural barriers or finding the tools difficult to use.","생성 AI가 기기나 인터넷 접근이 없거나 벤더 에 차단된 지역의 사람들에게 1차 디지털 격차 를, 언어와 문화 장벽에 부딪히거나 도구 활용 이 어려운 이들에게 2차 디지털 격차를 확대하는 리스크.","The risk that generative AI widens the first-level digital divide for those without access to devices or the Internet or blocked by vendors, and the second-level divide for those facing language and cultural barriers or finding the tools difficult to use.",False,False,,,,기존 리스크 작성 톤으로 L4 description 수정,,General,SRC-G-0318,RAI4-1224,REWRITE_KEEP|PEER_REVIEW,Peer-review spacing restoration,L3_MASTER|NIST_AI_RMF|OECD_AI_PRINCIPLES|KOREA_AI_BASIC_ACT,,General,SOURCE_DOMAIN,G_SOC_POWER,0.709683,L3_MASTER_VALIDATED
RAI4-1233,,,사회경제적 불평등 증폭과 AI 이익의 집중,Amplified socioeconomic inequality and concentration of AI gains,"AI 시스템 또는 AI 알고리즘의 설계·학습·배포·사용 과정이 편향된 시스템과 집단 간 성능 격차, 불평등한 접근이 고용·교육·금융·공공 서비스에서 겹쳐 작용하고, 증강보다 자동화를 지향하는 도입이 노동의 가치를 낮추는 한편 막대한 자본과 데이터·연산 자원이 소수 기업과 부유한 국가에 집중되는 리스크. 그 결과 주변화된 집단과 개발도상국은 더욱 뒤처지고, 저임금·무보수 노동이 착취되며, 독점이 형성되어 사회적 결속과 형평이 훼손되는 리스크.","The risk that biased systems, disparate performance, and unequal access compound across employment, education, financial, and public services, while automation-oriented adoption devalues labour and the capital, data, and compute required to build models concentrate resources in a few firms and wealthier countries. Marginalized groups and developing economies fall further behind, precarious and unpaid work is exploited, monopolies form, and social cohesion and equity erode.","편향된 시스템과 집단 간 성능 격차, 불평등한 접근이 고용·교육·금융·공공 서비스에서 겹쳐 작용하고, 증강보다 자동화를 지향하는 도입 이 노동의 가치를 낮추는 한편 막대한 자본과 데이터·연산 자원이 소수 기업과 부유한 국가 에 집중되는 리스크. 그 결과 주변화된 집단과 개발도상국은 더욱 뒤처지고, 저임금·무보수 노동이 착취되며, 독점이 형성되어 사회적 결 속과 형평이 훼손된다.","The risk that biased systems, disparate performance, and unequal access compound across employment, education, financial, and public services, while automation-oriented adoption devalues labour and the capital, data, and compute required to build models concentrate resources in a few firms and wealthier countries. Marginalized groups and developing economies fall further behind, precarious and unpaid work is exploited, monopolies form, and social cohesion and equity erode.",False,False,,,,기존 리스크 작성 톤으로 L4 description 수정,,General,SRC-G-0319,RAI4-1233,REWRITE_KEEP|PEER_REVIEW|L3_AI_GROUNDING,"Bilingual definition grounded in an explicit AI technology, causal mechanism, and immutable L3 scope",L3_MASTER|NIST_AI_RMF|OECD_AI_PRINCIPLES|KOREA_AI_BASIC_ACT|L3_MASTER,,General,SOURCE_DOMAIN,G_SOC_POWER,0.862987,L3_MASTER_AI_REWRITE
RAI4-1404,,,데이터 노동 저평가·비가시화,Undervalued and invisible data labor,ML 학습 데이터를 생산하는 클릭 워커의 노동이 노동자 권리를 경시하는 산업 관행 속에 수행되고 그 기여가 비가시화되어 노동자의 복지와 권리가 침해되고 AI 역량에 대한 오해가 조장되는 리스크.,"The risk that the clickwork producing ML training data is performed in an annotation industry with little concern for workers' rights, and that the invisibility of this contribution harms worker welfare and rights while fostering misunderstanding of AI capabilities.",ML 학습 데이터를 생산하는 클릭워커의 노동 이 노동자 권리를 경시하는 산업 관행 속에 수 행되고 그 기여가 비가시화되어 노동자의 복 지와 권리가 침해되고 AI 역량에 대한 오해가 조장되는 리스크.,"The risk that the clickwork producing ML training data is performed in an annotation industry with little concern for workers' rights, and that the invisibility of this contribution harms worker welfare and rights while fostering misunderstanding of AI capabilities.",False,False,,,,기존 리스크 작성 톤으로 L4 description 수정,,General,SRC-G-0320,RAI4-1404,REWRITE_KEEP|PEER_REVIEW,Peer-review spacing restoration,L3_MASTER|NIST_AI_RMF|OECD_AI_PRINCIPLES|KOREA_AI_BASIC_ACT,,General,SOURCE_DOMAIN,G_SOC_POWER,0.64208,L3_MASTER_VALIDATED
RAI4-1661,,,자본편중·시장집중·접근격차에 의한 불평등 심화,"Worsening inequality from capital shift, market concentration, and access gaps","AI 시스템 또는 AI 알고리즘의 설계·학습·배포·사용 과정이 LLM 기반 경제에서 자본의 몫이 커지고 노동의 몫이 줄며, 막대한 훈련 고정 비용과 네트워크 효과가 소수 공급자의 시장 지배력과 지대 추출을 낳고, 재정·교육·기업 정책·지정학적 이유로 접근이 배제된 개인이 불리해져 사회 경제적 불평등이 심화되는 리스크.","The risk that the design, training, deployment, or use of an AI system or AI algorithm creates a condition in which the role and compensation of capital rise while those of labor decline in an LLM-powered economy, that large fixed training costs and network effects concentrate the market and let providers extract monopoly rents, and that individuals without access for financial, educational, corporate-policy, or geopolitical reasons fall further behind, worsening socioeconomic inequality.","LLM 기반 경제에서 자본의 몫이 커지고 노동 의 몫이 줄며, 막대한 훈련 고정비용과 네트워 크 효과가 소수 공급자의 시장 지배력과 지대 추출을 낳고, 재정·교육·기업 정책·지정학적 이유로 접근이 배제된 개인이 불리해져 사회 경제적 불평등이 심화되는 리스크.","The risk that the role and compensation of capital rise while those of labor decline in an LLM-powered economy, that large fixed training costs and network effects concentrate the market and let providers extract monopoly rents, and that individuals without access for financial, educational, corporate-policy, or geopolitical reasons fall further behind, worsening socioeconomic inequality.",False,False,,,,기존 리스크 작성 톤으로 L4 description 수정,,General,SRC-G-0321,RAI4-1661,REWRITE_KEEP|PEER_REVIEW|L3_AI_GROUNDING,"Bilingual definition grounded in an explicit AI technology, causal mechanism, and immutable L3 scope",L3_MASTER|NIST_AI_RMF|OECD_AI_PRINCIPLES|KOREA_AI_BASIC_ACT|L3_MASTER,,General,SOURCE_DOMAIN,G_SOC_POWER,0.723342,L3_MASTER_AI_REWRITE
RAI4-0086,,,규제 차익거래,Regulatory arbitrage,AI 개발자나 배포자가 더 강한 감독 의무를 회피하기 위해 관할권·부문·조직 형태를 전략적으로 선택하거나 재구성하는 리스크.,"The risk that AI developers or deployers structure activities across jurisdictions, sectors, or organizational forms to avoid stronger oversight obligations.",AI 개발자나 배포자가 더 강한 감독 의무를 회피하기 위해 관할권·부문·조직 형태를 전략적으로 선택하거나 재구성하는 리스크.,"The risk that AI developers or deployers structure activities across jurisdictions, sectors, or organizational forms to avoid stronger oversight obligations.",True,False,,,,기존 리스크 작성 톤으로 L4 description 수정,,General,SRC-G-0322,RAI4-0086,REWRITE_KEEP|PEER_REVIEW,Peer-review spacing restoration,L3_MASTER|NIST_AI_RMF|OECD_AI_PRINCIPLES|KOREA_AI_BASIC_ACT,,General,SOURCE_DOMAIN,G_SYS_OEXT,0.723065,L3_MASTER_VALIDATED
RAI4-0383,,,디지털 식민주의,Digital colonialism,"AI 시스템이 데이터, 인프라, 지식, 의사 결정에 대한 비대칭적 통제를 강대 행위자로부터 약소 공동체로 확장하여 식민주의적 추출·종속 구조를 재생산하는 리스크.","The risk that AI systems extend asymmetric control over data, infrastructure, knowledge, and decision-making from powerful actors to less powerful communities, reproducing colonial patterns of extraction and dependency.","AI 시스템이 데이터, 인프라, 지식, 의사결정 에 대한 비대칭적 통제를 강대 행위자로부터 약소 공동체로 확장하여 식민주의적 추출·종 속 구조를 재생산하는 리스크","AI systems extend asymmetric control over data, infrastructure, knowledge, and decision-making from powerful actors to less powerful communities, reproducing colonial patterns of extraction and dependency.",False,False,,,,기존 리스크 작성 톤으로 L4 description 수정,,General,SRC-G-0323,RAI4-0383,REWRITE_KEEP|PEER_REVIEW|TITLE_TERMINOLOGY_NORMALISATION,Formulaic AI involvement removed from the risk title; the harm or failure is named using an immutable-L3-compatible term family documented by authoritative institutions,L3_MASTER|NIST_AI_RMF|OECD_AI_PRINCIPLES|KOREA_AI_BASIC_ACT,,General,SOURCE_DOMAIN,G_SOC_POWER,0.764043,L3_MASTER_VALIDATED
RAI4-0415,,,문화 해석 권위의 이전,Redistribution of cultural authority,AI 시스템이 문화 해석에 대한 권위를 공동체와 전문가로부터 모델 제공자나 플랫폼 중개자로 이전시키는 리스크.,The risk that AI systems shift authority over cultural interpretation from communities and experts to model providers or platform intermediaries.,AI 시스템이 문화 해석에 대한 권위를 공동체 와 전문가로부터 모델 제공자나 플랫폼 중개 자로 이전시키는 리스크.,The risk that AI systems shift authority over cultural interpretation from communities and experts to model providers or platform intermediaries.,False,False,,,,기존 리스크 작성 톤으로 L4 description 수정,,General,SRC-G-0324,RAI4-0415,REWRITE_KEEP|PEER_REVIEW,Peer-review spacing restoration,L3_MASTER|NIST_AI_RMF|OECD_AI_PRINCIPLES|KOREA_AI_BASIC_ACT,,General,SOURCE_DOMAIN,G_SYS_OEXT,0.740243,L3_MASTER_VALIDATED
RAI4-0460,,,AI 권력·시장 지배력의 집중,Concentration of AI power and market control,"AI에 요구되는 데이터, 연산, 자본, 전문성이 소수의 기업과 국가에 경제적·인식적·정치적 권력을 집중시켜 시장 지배력과 진입 장벽을 고착화하는 리스크. 이러한 집중은 경쟁과 혁신을 저해하고 접근 비용을 높이며, 공유된 단일 모델의 결함에 중요 부문을 노출시키고, 권위주의적 통제의 고착과 불평등 심화로까지 이어질 수 있는 리스크.","The risk that the data, compute, capital, and expertise demands of AI concentrate economic, epistemic, and political power in a small set of firms and states, entrenching market dominance and barriers to entry. Such concentration stifles competition and innovation, raises the cost of access, exposes critical sectors to systemic failure from shared models, and can consolidate authority to the point of entrenching authoritarian control and deepening inequality.","AI에 요구되는 데이터, 연산, 자본, 전문성이 소수의 기업과 국가에 경제적·인식적·정치적 권력을 집중시켜 시장 지배력과 진입장벽을 고착화하는 리스크. 이러한 집중은 경쟁과 혁 신을 저해하고 접근 비용을 높이며, 공유된 단 일 모델의 결함에 중요 부문을 노출시키고, 권 위주의적 통제의 고착과 불평등 심화로까지 이어질 수 있다.","The risk that the data, compute, capital, and expertise demands of AI concentrate economic, epistemic, and political power in a small set of firms and states, entrenching market dominance and barriers to entry. Such concentration stifles competition and innovation, raises the cost of access, exposes critical sectors to systemic failure from shared models, and can consolidate authority to the point of entrenching authoritarian control and deepening inequality.",False,False,,,,기존 리스크 작성 톤으로 L4 description 수정,,General,SRC-G-0325,RAI4-0460,REWRITE_KEEP|PEER_REVIEW,분량 초과: L3 수준 1문장으로 축약 필요; 영문 정의 장문: 축약 필요,L3_MASTER|NIST_AI_RMF|OECD_AI_PRINCIPLES|KOREA_AI_BASIC_ACT,,General,SOURCE_DOMAIN,G_SOC_POWER,0.868,L3_MASTER_VALIDATED
RAI4-0491,,,알고리즘 획일화,Algorithmic monoculture,특정 AI 모델의 지배가 접근 방식의 다양성을 축소하여 해당 모델이 실패할 경우 시스템적 위험이 증폭되는 리스크.,"The risk that dominance of specific AI models reduces diversity of approaches, amplifying systemic risks if those models fail.",특정 AI 모델의 지배가 접근 방식의 다양성을 축소하여 해당 모델이 실패할 경우 시스템적 위험이 증폭되는 리스크.,"The risk that dominance of specific AI models reduces diversity of approaches, amplifying systemic risks if those models fail.",False,False,,,,기존 리스크 작성 톤으로 L4 description 수정,,General,SRC-G-0326,RAI4-0491,REWRITE_KEEP|PEER_REVIEW,Peer-review spacing restoration,L3_MASTER|NIST_AI_RMF|OECD_AI_PRINCIPLES|KOREA_AI_BASIC_ACT,,General,SOURCE_DOMAIN,G_INT_VALUE,0.769201,L3_MASTER_VALIDATED
RAI4-0499,,,AI 공급자 종속,AI provider lock-in dependency,특정 AI 제공자에 대한 과도한 의존이 대안 부재나 상호 운용성 결여로 인한 취약성을 초래하는 리스크.,The risk that excessive reliance on specific AI providers leads to vulnerabilities due to lack of alternatives or interoperability.,특정 AI 제공자에 대한 과도한 의존이 대안 부 재나 상호운용성 결여로 인한 취약성을 초래하는 리스크.,The risk that excessive reliance on specific AI providers leads to vulnerabilities due to lack of alternatives or interoperability.,False,False,,,,기존 리스크 작성 톤으로 L4 description 수정,,General,SRC-G-0327,RAI4-0499,REWRITE_KEEP|PEER_REVIEW,Peer-review spacing restoration,L3_MASTER|NIST_AI_RMF|OECD_AI_PRINCIPLES|KOREA_AI_BASIC_ACT,,General,SOURCE_DOMAIN,G_SOC_GOV,0.735373,L3_MASTER_VALIDATED
RAI4-0510,,,AI 역량 비대칭에 따른 권력 불균형과 지정학 적 긴장,Power asymmetries and geopolitical tension from AI capability,"AI 역량의 비대칭이 의사 결정·감시의 대상이되는 개인과 기관 사이에서든 AI 우위를 다투는 국가 사이에서든 권력 불균형을 심화시켜, 지정학적 긴장을 고조시키고 역량이 부족한 국가를 핵심 기능에서 외국 AI에 의존하게 만들며 국제 협력 체계를 불안정하게하는 리스크.","The risk that asymmetric AI capability intensifies power imbalances, whether between institutions and the individuals subject to their decisions and surveillance or between states racing for AI superiority, heightening geopolitical tension, rendering less capable states dependent on foreign AI for critical functions, and destabilizing international cooperation.","AI 역량의 비대칭이 의사결정·감시의 대상이되는 개인과 기관 사이에서든 AI 우위를 다투 는 국가 사이에서든 권력 불균형을 심화시켜, 지정학적 긴장을 고조시키고 역량이 부족한 국가를 핵심 기능에서 외국 AI에 의존하게 만 들며 국제 협력 체계를 불안정하게하는 리스크.","The risk that asymmetric AI capability intensifies power imbalances, whether between institutions and the individuals subject to their decisions and surveillance or between states racing for AI superiority, heightening geopolitical tension, rendering less capable states dependent on foreign AI for critical functions, and destabilizing international cooperation.",False,False,,,,기존 리스크 작성 톤으로 L4 description 수정,,General,SRC-G-0328,RAI4-0510,REWRITE_KEEP|PEER_REVIEW,Peer-review spacing restoration,L3_MASTER|NIST_AI_RMF|OECD_AI_PRINCIPLES|KOREA_AI_BASIC_ACT,,General,SOURCE_DOMAIN,G_SOC_POWER,0.782794,L3_MASTER_VALIDATED
RAI4-0544,,,승자독식 역학,Winner-take-all dynamics,AI 개발의 승자 독식 동학이 결정적인 경제·안보 우위를 소수 주체에 집중시켜 경쟁과 균형적 거버넌스를 봉쇄하는 리스크.,"The risk that winner-take-all dynamics in AI development concentrate decisive economic and security advantages in a few entities, foreclosing competition and balanced governance.",AI 개발의 승자독식 동학이 결정적인 경제·안 보 우위를 소수 주체에 집중시켜 경쟁과 균형 적 거버넌스를 봉쇄하는 리스크,"Winner-take-all dynamics in AI development concentrate decisive economic and security advantages in a few entities, foreclosing competition and balanced governance.",False,False,,,,기존 리스크 작성 톤으로 L4 description 수정,,General,SRC-G-0329,RAI4-0544,REWRITE_KEEP|PEER_REVIEW,Peer-review spacing restoration,L3_MASTER|NIST_AI_RMF|OECD_AI_PRINCIPLES|KOREA_AI_BASIC_ACT,,General,SOURCE_DOMAIN,G_SOC_POWER,0.747029,L3_MASTER_VALIDATED
RAI4-0568,,,법적 제한 우회형 데이터 수집에 의한 규제 위반,Regulatory violation through circumventive data acquisition,AI 시스템 개발자가 데이터 취득의 법적 제한을 우회하거나 규정을 위반하는 수집 관행을 채택하여 정보 주체의 권리를 침해하고 조직에 법적 책임을 초래하는 리스크.,"The risk that developers of an AI system circumvent legal restrictions on data acquisition or adopt non-compliant collection practices, infringing data-subject rights and exposing organisations to legal liability.",데이터 수집에 대한 법적 제한이 특정 AI 활용 에 필요한 데이터 확보를 제약하여 컴플라이 언스 리스크와 우회 유인을 발생시키는 리스크,"Legal restrictions on data acquisition constrain the collection of data needed for specific AI use cases, creating compliance risk and incentives for circumvention.",False,False,,,,기존 리스크 작성 톤으로 L4 description 수정,,General,SRC-G-0330,RAI4-0568,REWRITE_KEEP|PEER_REVIEW,외부 여건 기술→위반 행위·피해를 명시해 L4 리스크로 재정의,L3_MASTER|NIST_AI_RMF|OECD_AI_PRINCIPLES|KOREA_AI_BASIC_ACT|PEER_REVIEW_ACCEPTED,,General,SOURCE_DOMAIN,G_SYS_OEXT,0.72012,L3_MASTER_VALIDATED
RAI4-0731,,,공통 AI 플랫폼 집중에 따른 단일 장애점,Centralized points of failure from common AI platforms,공통 AI 플랫폼이 광범위하게 사용되면서 중앙 집중식 장애 점이 형성되어 시스템이 중단이나 공격에 더 취약해지는 리스크.,"The risk that widespread use of common AI platforms creates centralized points of failure, making systems more vulnerable to disruptions or attacks.",공통 AI 플랫폼이 광범위하게 사용되면서 중 앙 집중식 장애점이 형성되어 시스템이 중단 이나 공격에 더 취약해지는 리스크,"The risk that widespread use of common AI platforms creates centralized points of failure, making systems more vulnerable to disruptions or attacks.",False,False,,,,기존 리스크 작성 톤으로 L4 description 수정,,General,SRC-G-0331,RAI4-0731,REWRITE_KEEP|PEER_REVIEW,Peer-review spacing restoration,L3_MASTER|NIST_AI_RMF|OECD_AI_PRINCIPLES|KOREA_AI_BASIC_ACT,,General,SOURCE_DOMAIN,G_SOC_POWER,0.719741,L3_MASTER_VALIDATED
RAI4-0960,,,표적 설득을 통한 대규모 조작의 산업화,Industrialised mass manipulation through targeted persuasion,"대규모로 수집된 개인 데이터가 AI 표적화 및 모델에 내재된 체계적 편향과 결합하여, 대상 집단의 신념에 부합하는 조작적 콘텐츠가 정치적·상업적 목적으로 전달되는 리스크. 이로써 주가 부양과 같은 경제적 조작과 여론 왜곡이 산업적 규모로 수행되어 사회 분열이 심화되고 대규모 혼란이 초래될 수 있는 리스크.","The risk that personal data harvested at scale is combined with AI-driven targeting and with the systemic biases embedded in models to deliver manipulative content matched to each audience's beliefs for political or commercial ends. Mass manipulation thereby becomes an industrial capability that distorts markets and public opinion, deepens social division, and can trigger large-scale disruption.","대규모로 수집된 개인 데이터가 AI 표적화 및 모델에 내재된 체계적 편향과 결합하여, 대상 집단의 신념에 부합하는 조작적 콘텐츠가 정 치적·상업적 목적으로 전달되는 리스크. 이로 써 주가 부양과 같은 경제적 조작과 여론 왜곡 이 산업적 규모로 수행되어 사회 분열이 심화 되고 대규모 혼란이 초래될 수 있다.","The risk that personal data harvested at scale is combined with AI-driven targeting and with the systemic biases embedded in models to deliver manipulative content matched to each audience's beliefs for political or commercial ends. Mass manipulation thereby becomes an industrial capability that distorts markets and public opinion, deepens social division, and can trigger large-scale disruption.",False,False,,,,기존 리스크 작성 톤으로 L4 description 수정,,General,SRC-G-0332,RAI4-0960,REWRITE_KEEP|PEER_REVIEW|TITLE_TERMINOLOGY_NORMALISATION,Formulaic AI involvement removed from the risk title; the harm or failure is named using an immutable-L3-compatible term family documented by authoritative institutions,L3_MASTER|NIST_AI_RMF|OECD_AI_PRINCIPLES|KOREA_AI_BASIC_ACT,,General,SOURCE_DOMAIN,G_INT_POL,0.778178,L3_MASTER_VALIDATED
RAI4-1251,,,가치 고정,Value lock-in,"가장 강력한 AI 시스템이 점점 더 소수의 이해관계자에 의해 설계되고 그들에게만 이용 가능해져, 체제가 만연한 감시와 억압적 검열로 편협한 가치를 강제할 수 있게되는 리스크.","The risk that the most powerful AI systems are designed by and available to fewer and fewer stakeholders, enabling regimes to enforce narrow values through pervasive surveillance and oppressive censorship.","가장 강력한 AI 시스템이 점점 더 소수의 이해 관계자에 의해 설계되고 그들에게만 이용 가 능해져, 체제가 만연한 감시와 억압적 검열로 편협한 가치를 강제할 수 있게되는 리스크.","The risk that the most powerful AI systems are designed by and available to fewer and fewer stakeholders, enabling regimes to enforce narrow values through pervasive surveillance and oppressive censorship.",False,False,,,,기존 리스크 작성 톤으로 L4 description 수정,,General,SRC-G-0333,RAI4-1251,REWRITE_KEEP|PEER_REVIEW,Peer-review spacing restoration,L3_MASTER|NIST_AI_RMF|OECD_AI_PRINCIPLES|KOREA_AI_BASIC_ACT,,General,SOURCE_DOMAIN,G_INT_VALUE,0.750745,L3_MASTER_VALIDATED
RAI4-1414,,,AI 지식의 사유화,Privatization of AI knowledge,딥 러닝 연구자와 연구 영향력이 큰 연구자가 산업계로 이동하고 가장 정교한 AI 기법이 사유화되어 대학이 이를 가르치거나 선도 연구에 기여할 수 없게되는 리스크.,"The risk that researchers in deep learning and those with greater research impact migrate to industry and the most sophisticated AI approaches become proprietary, making it impossible for universities to teach them or contribute to leading research.",딥러닝 연구자와 연구 영향력이 큰 연구자가 산업계로 이동하고 가장 정교한 AI 기법이 사 유화되어 대학이 이를 가르치거나 선도 연구 에 기여할 수 없게되는 리스크.,"The risk that researchers in deep learning and those with greater research impact migrate to industry and the most sophisticated AI approaches become proprietary, making it impossible for universities to teach them or contribute to leading research.",False,False,,,,기존 리스크 작성 톤으로 L4 description 수정,,General,SRC-G-0334,RAI4-1414,REWRITE_KEEP|PEER_REVIEW,Peer-review spacing restoration,L3_MASTER|NIST_AI_RMF|OECD_AI_PRINCIPLES|KOREA_AI_BASIC_ACT,,General,SOURCE_DOMAIN,G_SOC_POWER,0.684934,L3_MASTER_VALIDATED
RAI4-1663,,,기업 권력 비대칭에 의한 규제 포획,Regulatory capture from corporate power asymmetry,"AI 시스템 또는 AI 알고리즘의 설계·학습·배포·사용 과정이 최첨단 LLM을 개발하는 거대 기술 기업과 시민 사회 등 다른 사회 집단 사이의 권력 비대칭이 커져 LLM 관련 거버넌스가 기업에 과도하게 유리하게 형성되고, 규제 포획으로 소외 공동체를 포함한 다른 사회 집단의 이익이 훼손되는 리스크.","The risk that an AI system or AI algorithm, through design, training, deployment, or use, creates a condition in which the power asymmetry between corporate entities profiting from LLMs and other social groups makes LLM governance protocols excessively favorable to technology companies, leading to regulatory capture at the cost of other societal groups, particularly marginalized communities.","최첨단 LLM을 개발하는 거대 기술기업과 시 민사회 등 다른 사회집단 사이의 권력 비대칭 이 커져 LLM 관련 거버넌스가 기업에 과도하 게 유리하게 형성되고, 규제 포획으로 소외 공 동체를 포함한 다른 사회집단의 이익이 훼손되는 리스크.","The risk that the power asymmetry between corporate entities profiting from LLMs and other social groups makes LLM governance protocols excessively favorable to technology companies, leading to regulatory capture at the cost of other societal groups, particularly marginalized communities.",False,False,,,,기존 리스크 작성 톤으로 L4 description 수정,,General,SRC-G-0335,RAI4-1663,REWRITE_KEEP|PEER_REVIEW|L3_AI_GROUNDING,"Bilingual definition grounded in an explicit AI technology, causal mechanism, and immutable L3 scope",L3_MASTER|NIST_AI_RMF|OECD_AI_PRINCIPLES|KOREA_AI_BASIC_ACT|L3_MASTER,,General,SOURCE_DOMAIN,G_SOC_POWER,0.683337,L3_MASTER_AI_REWRITE
RAI4-0120,,,선호 형성 캡처,Preference formation capture,"AI 시스템이 사용자가 성찰적으로 승인하기 전 단계의 선호 형성 과정에 개입하여, 선호 발달을 제공자나 시스템 목적 쪽으로 포획하는 리스크.","The risk that AI systems shape user preferences during formation, before users can reflectively endorse them, capturing preference development toward provider or system objectives.","AI 시스템이 사용자가 성찰적으로 승인하기 전 단계의 선호 형성 과정에 개입하여, 선호 발달을 제공자나 시스템 목적 쪽으로 포획하 는 리스크","AI systems shape user preferences during formation, before users can reflectively endorse them, capturing preference development toward provider or system objectives.",False,False,"삭제_AI가 사용자 선호를 조작한다는 개념은 지나치게 광범위하여 판정기준화 어려움. taxonomy_0727 'Goal Misalignment/Non-Contestability'와 유사, Hate_and_Unfairness 신규L4로는 부적합",,,현재 행의 L3 카테고리 명칭이 Bias & Discrimination인 경우 Hate and Unfairness로 수정할 것,,General,SRC-G-0336,RAI4-0120,REWRITE_KEEP|PEER_REVIEW,Peer-review spacing restoration,L3_MASTER|NIST_AI_RMF|OECD_AI_PRINCIPLES|KOREA_AI_BASIC_ACT,,General,SOURCE_DOMAIN,G_INT_VALUE,0.683804,L3_MASTER_VALIDATED
RAI4-0425,F04,"IC, GL, DP",사회집단의 재현적 피해·고정관념 및 비가시화,"Representational harm, stereotyping, and erasure of social groups","AI가 사회 집단을 고정 관념화·비하·동질화하거나 잘못 재현하고, 과소 대표 또는 비재현하여 해당 집단의 존엄, 가시성, 사회적 지위를 훼손하는 리스크.","The risk that AI stereotypes, demeans, homogenises, misrepresents, under-represents, or omits social groups, harming their dignity, visibility, and social standing.","모델 출력이 특정 정체성·집단·관점의 왜곡·과 대·과소·비재현을 통해 고정관념, 비하적 연 상, 균질화된 묘사를 재생산하여, 할당 결과와 무관한 재현적 피해를 야기하는 리스크.","The risk that model outputs reproduce stereotypes, demeaning associations, or homogenized portrayals through the mis-, over-, under-, or non-representation of identities, groups, and perspectives, causing representational harm independent of allocative outcomes.",False,False,Hate and unfairness 관점이 다름,,1,"RAI4-0998을 RAI4-0425으로 통합할 것. 단, 통합과정에서 의미적으로 보존해야 할 것을 보존하고, 하나의 완결된 리스크 정의서로 재작성할 것. 리스크 정의서는 ~리스크 또는 위험과 같이 완결적으로 끝나도록 할 것. 학술적 용어를 사용할 것. 한글의 경우 AI 기본법 또는 정책보고서의 가이드라인에 있는 용어들을 사용할 것. 통합 ID만 남기고, 피통합된 리스크 카드는 제거할 것. 단, 향후의 백업을 위해 별도 보관할 것. || RAI4-0998을 RAI4-0425으로 통합할 것. 단, 통합과정에서 의미적으로 보존해야 할 것을 보존하고, 하나의 완결된 리스크 정의서로 재작성할 것. 리스크 정의서는 ~리스크 또는 위험과 같이 완결적으로 끝나도록 할 것. 학술적 용어를 사용할 것. 한글의 경우 AI 기본법 또는 정책보고서의 가이드라인에 있는 용어들을 사용할 것. 통합 ID만 남기고, 피통합된 리스크 카드는 제거할 것. 단, 향후의 백업을 위해 별도 보관할 것.",,General,SRC-G-0337,RAI4-0425|RAI4-0998,MERGE_REPRESENTATIVE|REWRITE_KEEP|PEER_REVIEW,Peer-review spacing restoration,L3_MASTER|NIST_AI_RMF|OECD_AI_PRINCIPLES|KOREA_AI_BASIC_ACT,,General,SOURCE_DOMAIN,G_INT_REPR,0.846298,L3_MASTER_VALIDATED
RAI4-0676,,,사회 집단에 대한 모델의 차별적 결정과 산출,Discriminatory model decisions and outputs against social groups,"학습 데이터에서 비롯되거나 모델 설계·최적화 과정에서 유입된 편향이 재현·증폭되어, 인종·성별·종교 등으로 구분되는 집단이 모델의 결정과 생성 콘텐츠에서 체계적으로 불리해지는 리스크. 그 결과 고정관념의 강화와 배제, 실질적으로 불평등한 대우가 발생하는 리스크.","The risk that biases originating in training data or introduced through model design and optimization are reproduced and amplified, so that decisions and generated content systematically disadvantage groups defined by race, gender, religion, or similar attributes. The result is stereotyping, exclusion, and materially unequal treatment of the affected groups.","학습 데이터에서 비롯되거나 모델 설계·최적 화 과정에서 유입된 편향이 재현·증폭되어, 인 종·성별·종교 등으로 구분되는 집단이 모델의 결정과 생성 콘텐츠에서 체계적으로 불리해 지는 리스크. 그 결과 고정관념의 강화와 배 제, 실질적으로 불평등한 대우가 발생한다.","The risk that biases originating in training data or introduced through model design and optimization are reproduced and amplified, so that decisions and generated content systematically disadvantage groups defined by race, gender, religion, or similar attributes. The result is stereotyping, exclusion, and materially unequal treatment of the affected groups.",False,False,기존 대체가능,,1,"중복: RAI4-0722(모델 설계 기인 차별적 출력)와 ""데이터·설계 편향→집단 차별적 산출"". RAI4-0711/1299/0424와도 부분 중첩",,General,SRC-G-0338,RAI4-0676,REWRITE_KEEP|PEER_REVIEW,분량 초과: L3 수준 1문장으로 축약 필요,L3_MASTER|NIST_AI_RMF|OECD_AI_PRINCIPLES|KOREA_AI_BASIC_ACT,,General,SOURCE_DOMAIN,G_INT_REPR,0.778602,L3_MASTER_VALIDATED
RAI4-0697,F04,"IC, GL, DP",개발자 가치 각인 편향,Developer value embedding bias,"보편적으로 합의된 기준이 없는 상태에서 개발자가 선택한 규범적 가치와 원칙에 따라 모델을 미세 조정함으로써 개발자의 이념과 세계관이 모델에 각인되어, 특정 인구 집단을 대표하지 못하거나 세계 문화 규범과 변화하는 사회적 견해를 정태적이고 단순화된 형태로 반영하는 출력이 산출되는 리스크.","The risk that, absent universally accepted standards, developers' fine-tuning of models on chosen normative rules and principles embeds their ideology and vision of the world into the model, so that it incorporates values unrepresentative of certain segments of the population or offering a static, oversimplified reflection of global cultural norms and evolving social views.","보편적으로 합의된 기준이 없는 상태에서 개 발자가 선택한 규범적 가치와 원칙에 따라 모델을 미세조정함으로써 개발자의 이념과 세 계관이 모델에 각인되어, 특정 인구집단을 대 표하지 못하거나 세계 문화 규범과 변화하는 사회적 견해를 정태적이고 단순화된 형태로 반영하는 출력이 산출되는 리스크","The risk that, absent universally accepted standards, developers' fine-tuning of models on chosen normative rules and principles embeds their ideology and vision of the world into the model, so that it incorporates values unrepresentative of certain segments of the population or offering a static, oversimplified reflection of global cultural norms and evolving social views.",False,False,Hate and unfairness 관점이 다름,,,,,General,SRC-G-0339,RAI4-0697,REWRITE_KEEP|PEER_REVIEW,Peer-review spacing restoration,L3_MASTER|NIST_AI_RMF|OECD_AI_PRINCIPLES|KOREA_AI_BASIC_ACT,,General,SOURCE_DOMAIN,G_INT_VALUE,0.720162,L3_MASTER_VALIDATED
RAI4-0698,F04,"IC, GL, DP",가치 고착 및 결과 동질화,Value lock-in and outcome homogenization,"진화하는 사회적 관점을 반영해 재학습되지 않는 모델이 낡고 덜 포용적인 이해를 고착시켜 대안적 관점의 제시와 탐색을 제한하고, 동일한 기반 모델이 여러 배포자에 의해 광범위하게 사용되어 사회 전반에 편향이 동질화되고 기존 편향이 고착되는 리스크.","The risk that models not retrained to reflect evolving societal views lock in older, less inclusive understandings and limit the presentation or exploration of alternative perspectives, while deployment of identical foundation models across many downstream deployers homogenizes bias across broad swathes of society and further entrenches existing biases.","진화하는 사회적 관점을 반영해 재학습되지 않는 모델이 낡고 덜 포용적인 이해를 고착시 켜 대안적 관점의 제시와 탐색을 제한하고, 동 일한 기반모델이 여러 배포자에 의해 광범위 하게 사용되어 사회 전반에 편향이 동질화되 고 기존 편향이 고착되는 리스크","The risk that models not retrained to reflect evolving societal views lock in older, less inclusive understandings and limit the presentation or exploration of alternative perspectives, while deployment of identical foundation models across many downstream deployers homogenizes bias across broad swathes of society and further entrenches existing biases.",False,False,Hate and unfairness 관점이 다름,,1,중복: RAI4-0369(문화적·이념적 동질화)와 동질화 주제 중복,,General,SRC-G-0340,RAI4-0698,REWRITE_KEEP|PEER_REVIEW,Peer-review spacing restoration,L3_MASTER|NIST_AI_RMF|OECD_AI_PRINCIPLES|KOREA_AI_BASIC_ACT,,General,SOURCE_DOMAIN,G_INT_VALUE,0.736307,L3_MASTER_VALIDATED
RAI4-0700,F04,"IC, GL, DP",편향된 진술 및 권장 사항,Biased statements and recommendations,AI 시스템 또는 AI 알고리즘의 설계·학습·배포·사용 과정이 챗봇 출력에 명백히 허위·유해하지 않지만 미묘하게 편향된 진술과 권고가 포함되어 사용자 의사 결정을 왜곡하는 리스크.,"The risk that the design, training, deployment, or use of an AI system or AI algorithm creates a condition in which chatbot outputs contain subtly biased statements and recommendations that are not overtly false or harmful yet skew user decision-making.",챗봇 출력에 명백히 허위·유해하지 않지만 미 묘하게 편향된 진술과 권고가 포함되어 사용 자 의사결정을 왜곡하는 리스크,Chatbot outputs contain subtly biased statements and recommendations that are not overtly false or harmful yet skew user decision-making.,False,False,Hate and unfairness 관점이 다름,,,,,General,SRC-G-0341,RAI4-0700,REWRITE_KEEP|PEER_REVIEW|L3_AI_GROUNDING,"Bilingual definition grounded in an explicit AI technology, causal mechanism, and immutable L3 scope",L3_MASTER|NIST_AI_RMF|OECD_AI_PRINCIPLES|KOREA_AI_BASIC_ACT|L3_MASTER,,General,SOURCE_DOMAIN,G_SYS_MISINFO,0.706703,L3_MASTER_AI_REWRITE
RAI4-0701,F04,"IC, GL, DP",설명 조작에 의한 편향 은폐,Bias concealment through manipulated explanations,"기존 설명 가능성 기법이 차별적 편향을 탐지하기에 충분하지 않고 조작 기법으로 편향이 은폐되어, 인종·성별 등 민감 속성을 배제하고 실제 모델을 정확히 반영하지 않는 오도성 설명이 생성되는 리스크.","The risk that existing explainability techniques are insufficient for detecting discriminatory biases and that manipulation methods hide underlying biases, generating misleading explanations that exclude sensitive attributes such as race or gender and do not accurately represent the underlying model.","기존 설명가능성 기법이 차별적 편향을 탐지 하기에 충분하지 않고 조작 기법으로 편향이 은폐되어, 인종·성별 등 민감 속성을 배제하고 실제 모델을 정확히 반영하지 않는 오도성 설 명이 생성되는 리스크","The risk that existing explainability techniques are insufficient for detecting discriminatory biases and that manipulation methods hide underlying biases, generating misleading explanations that exclude sensitive attributes such as race or gender and do not accurately represent the underlying model.",False,False,Hate and unfairness 관점이 다름,,,,,General,SRC-G-0342,RAI4-0701,REWRITE_KEEP|PEER_REVIEW,Peer-review spacing restoration,L3_MASTER|NIST_AI_RMF|OECD_AI_PRINCIPLES|KOREA_AI_BASIC_ACT,,General,SOURCE_DOMAIN,G_SYS_TRANS,0.702112,L3_MASTER_VALIDATED
RAI4-0711,F04,"IC, GL, DP",편향 증폭과 결과 균질화,Bias amplification and outcome homogenization,"AI가 역사적·사회적·구조적 편향을 증폭하고 비대표적 학습 데이터로 인해 하위 집단·언어 간 성능 격차를 낳으며, 출력의 바람직하지 않은 균질화가 근거 없는 의사 결정과 차별을 초래하는 리스크.","The risk that AI amplifies historical, societal, and systemic biases and produces performance disparities between sub-groups or languages due to non-representative training data, while undesired homogeneity in outputs leads to ill-founded decision-making and discrimination.","AI가 역사적·사회적·구조적 편향을 증폭하고 비대표적 학습 데이터로 인해 하위집단·언어 간 성능 격차를 낳으며, 출력의 바람직하지 않 은 균질화가 근거 없는 의사결정과 차별을 초 래하는 리스크","The risk that AI amplifies historical, societal, and systemic biases and produces performance disparities between sub-groups or languages due to non-representative training data, while undesired homogeneity in outputs leads to ill-founded decision-making and discrimination.",False,False,Hate and unfairness 관점이 다름,,,,,General,SRC-G-0343,RAI4-0711,REWRITE_KEEP|PEER_REVIEW,Peer-review spacing restoration,L3_MASTER|NIST_AI_RMF|OECD_AI_PRINCIPLES|KOREA_AI_BASIC_ACT,,General,SOURCE_DOMAIN,G_INT_VALUE,0.744359,L3_MASTER_VALIDATED
RAI4-0713,F04,"IC, GL, DP",완화 조치 이후에도 존속하는 고정관념 편향,Persistence of stereotypical bias despite mitigation measures,"크라우드 소싱된 사전 학습 데이터에서 습득한 고정관념적 사회 편향이 모델에 존속하고 증폭되어, 미세 조정 이후에도 의도적 유도나 새로운 상황에서 재발하는 리스크. 그 결과 생성 텍스트가 고정 관념을 드러내거나 부각하여 해당 집단에 불공정하고 편향된 응답이 산출되는 리스크.","The risk that stereotypical social biases absorbed from crowdsourced pretraining data are retained and amplified by a model and resurface despite fine-tuning, particularly when deliberately elicited or in novel scenarios. Generated text then displays or reinforces stereotypes, producing unfair and biased responses toward the groups concerned.","크라우드소싱된 사전학습 데이터에서 습득한 고정관념적 사회 편향이 모델에 존속하고 증 폭되어, 미세조정 이후에도 의도적 유도나 새 로운 상황에서 재발하는 리스크. 그 결과 생성 텍스트가 고정관념을 드러내거나 부각하여 해당 집단에 불공정하고 편향된 응답이 산출된다.","The risk that stereotypical social biases absorbed from crowdsourced pretraining data are retained and amplified by a model and resurface despite finetuning, particularly when deliberately elicited or in novel scenarios. Generated text then displays or reinforces stereotypes, producing unfair and biased responses toward the groups concerned.",False,False,Hate and unfairness 관점이 다름,,,,,General,SRC-G-0344,RAI4-0713,REWRITE_KEEP|PEER_REVIEW,분량 초과: L3 수준 1문장으로 축약 필요,L3_MASTER|NIST_AI_RMF|OECD_AI_PRINCIPLES|KOREA_AI_BASIC_ACT,,General,SOURCE_DOMAIN,G_INT_REPR,0.732959,L3_MASTER_VALIDATED
RAI4-0722,,,모델 설계 기인 차별적 출력,Model-design-induced discriminatory outputs,"알고리즘 설계·학습 과정에서 개인적 편견이 의도적 또는 비의도적으로 유입되고 품질이 낮은 데이터셋이 사용되어, 민족·종교·국적·지역에 관한 차별적 콘텐츠 등 편향되거나 차별적인 결과가 산출되는 리스크.","The risk that personal biases introduced intentionally or unintentionally during algorithm design and training, together with poor-quality datasets, produce biased or discriminatory outcomes and outputs, including discriminatory content regarding ethnicity, religion, nationality, and region.","알고리즘 설계·학습 과정에서 개인적 편견이 의도적 또는 비의도적으로 유입되고 품질이 낮은 데이터셋이 사용되어, 민족·종교·국적·지 역에 관한 차별적 콘텐츠 등 편향되거나 차별 적인 결과가 산출되는 리스크","The risk that personal biases introduced intentionally or unintentionally during algorithm design and training, together with poor-quality datasets, produce biased or discriminatory outcomes and outputs, including discriminatory content regarding ethnicity, religion, nationality, and region.",False,False,기존 대체가능,,1,중복: RAI4-0676(사회 집단에 대한 차별적 결정·산출)와 주제 중복,,General,SRC-G-0345,RAI4-0722,REWRITE_KEEP|PEER_REVIEW,Peer-review spacing restoration,L3_MASTER|NIST_AI_RMF|OECD_AI_PRINCIPLES|KOREA_AI_BASIC_ACT,,General,SOURCE_DOMAIN,G_INT_ALLOC,0.758375,L3_MASTER_VALIDATED
RAI4-0883,F04,"IC, GL, DP",AI 모델 편향이 사용자 판단에 미치는 장기적 영향,Long-term effects of AI model biases on user judgment,모델 편향에 노출된 사용자가 모델 사용 중단 이후의 의사 결정에서도 해당 편향을 지속적으로 나타내는 장기 판단 왜곡 리스크.,"The risk that exposure to model biases produces lasting effects on user judgment, with users continuing to exhibit the encountered biases in decisions made after they stop using the model.",모델 편향에 노출된 사용자가 모델 사용 중단 이후의 의사결정에서도 해당 편향을 지속적 으로 나타내는 장기 판단 왜곡 리스크,"Exposure to model biases produces lasting effects on user judgment, with users continuing to exhibit the encountered biases in decisions made after they stop using the model.",False,False,Hate and unfairness 관점이 다름,,,,,General,SRC-G-0346,RAI4-0883,REWRITE_KEEP|PEER_REVIEW,Peer-review spacing restoration,L3_MASTER|NIST_AI_RMF|OECD_AI_PRINCIPLES|KOREA_AI_BASIC_ACT,,General,SOURCE_DOMAIN,G_SOC_ENV,0.676313,L3_MASTER_VALIDATED
RAI4-1018,F04,"IC, GL, DP",유해 편향의 내재화와 증폭,Embedding and amplification of harmful biases,생성형 AI 시스템이 유해한 편향을 내재화하고 증폭시켜 주변화된 사람들에게 가장 큰 해를 끼치는 리스크.,The risk that generative AI systems embed and amplify harmful biases that are most detrimental to marginalized peoples.,생성형 AI 시스템이 유해한 편향을 내재화하 고 증폭시켜 주변화된 사람들에게 가장 큰 해 를 끼치는 리스크.,The risk that generative AI systems embed and amplify harmful biases that are most detrimental to marginalized peoples.,False,False,Hate and unfairness 관점이 다름,,,,,General,SRC-G-0347,RAI4-1018,REWRITE_KEEP|PEER_REVIEW,Peer-review spacing restoration,L3_MASTER|NIST_AI_RMF|OECD_AI_PRINCIPLES|KOREA_AI_BASIC_ACT,,General,SOURCE_DOMAIN,G_SYS_MISINFO,0.709236,L3_MASTER_VALIDATED
RAI4-1291,F04,"IC, GL, DP",시민 심사와 맞춤형 선전을 통한 편향적 영향 력,Biased influence through citizen screening and tailored propaganda,"AI 기반 챗봇이 개별 사용자의 결정에 영향을 주도록 소통 방식을 맞춤화하고, 브렉시트 국민 투표에서 나타난 초기 계산적 선전처럼 억압적 정부가 AI로 시민의 의견을 형성하는 리스크.","The risk that AI-powered chatbots tailor their communication approach to influence individual users' decisions, as with the computational propaganda during the Brexit referendum, and that oppressive governments could use AI to shape citizens' opinions.","AI 기반 챗봇이 개별 사용자의 결정에 영향을 주도록 소통 방식을 맞춤화하고, 브렉시트 국 민투표에서 나타난 초기 계산적 선전처럼 억 압적 정부가 AI로 시민의 의견을 형성하는 리스크.","The risk that AI-powered chatbots tailor their communication approach to influence individual users' decisions, as with the computational propaganda during the Brexit referendum, and that oppressive governments could use AI to shape citizens' opinions.",False,False,Hate and unfairness 관점이 다름_Political Neutrality,,,,,General,SRC-G-0348,RAI4-1291,REWRITE_KEEP|PEER_REVIEW,Peer-review spacing restoration,L3_MASTER|NIST_AI_RMF|OECD_AI_PRINCIPLES|KOREA_AI_BASIC_ACT,,General,SOURCE_DOMAIN,G_SOC_DEMOC,0.705436,L3_MASTER_VALIDATED
RAI4-1299,,,체계적 학습 오류 편향,Systematic learning error bias,체계적 학습 오류로 모델이 일관되게 잘못된 패턴을 학습하여 예측에 알고리즘 편향이 내재화되는 리스크.,"The risk that systematic learning error causes the model to learn consistently wrong patterns, embedding algorithmic bias into predictions.",체계적 학습 오류로 모델이 일관되게 잘못된 패턴을 학습하여 예측에 알고리즘 편향이 내 재화되는 리스크,"Systematic learning error causes the model to learn consistently wrong patterns, embedding algorithmic bias into predictions.",False,False,삭제_모델 학습 단계의 기술적 편향 문제로 배포 후 응답 평가로 검증 불가능,,,,,General,SRC-G-0349,RAI4-1299,REWRITE_KEEP|PEER_REVIEW,Peer-review spacing restoration,L3_MASTER|NIST_AI_RMF|OECD_AI_PRINCIPLES|KOREA_AI_BASIC_ACT,,General,SOURCE_DOMAIN,G_SYS_INCONS,0.678662,L3_MASTER_VALIDATED
RAI4-1329,,,추천 시스템의 인간중심 편향 증폭,Anthropocentric bias amplification by recommenders,"알고리즘 추천 시스템이 인간 중심적 편향이나 오락으로서 동물 학대를 바라는 일부 사람들의 욕구를 강화하고 증폭하여, 공장 식 축산 육류 소비와 오락을 위한 잔혹한 동물 이용을 통해 동물에게 더 큰 해를 끼치는 리스크.","The risk that algorithmic recommender systems reinforce and amplify anthropocentric bias or the desire of some people for animal cruelty as entertainment, leading to greater harm to animals through reinforcement of meat eating from factory farms and cruel uses of animals for entertainment.","알고리즘 추천 시스템이 인간 중심적 편향이나 오락으로서 동물 학대를 바라는 일부 사람들의 욕구를 강화하고 증폭하여, 공장식 축산 육류 소비와 오락을 위한 잔혹한 동물 이용을 통해 동물에게 더 큰 해를 끼치는 리스크.","The risk that algorithmic recommender systems reinforce and amplify anthropocentric bias or the desire of some people for animal cruelty as entertainment, leading to greater harm to animals through reinforcement of meat eating from factory farms and cruel uses of animals for entertainment.",False,False,Hate and unfairness가 아님,,,,,General,SRC-G-0351,RAI4-1329,REWRITE_KEEP|PEER_REVIEW,Peer-review spacing restoration,L3_MASTER|NIST_AI_RMF|OECD_AI_PRINCIPLES|KOREA_AI_BASIC_ACT,,General,SOURCE_DOMAIN,G_INT_VIOL,0.640635,L3_MASTER_VALIDATED
RAI4-1387,,,악성 사전분포에 의한 의사결정 조작,Decision manipulation via malign priors,보편 분포의 가설에 포함된 시뮬레이션된 에이전트들이 해당 분포에 기반해 의사 결정하는 주체에게 영향을 미칠 유인을 가져 추론과 의사 결정이 조작되는 리스크.,"The risk that the design, training, deployment, or use of an AI system or AI algorithm creates a condition in which simulated agents contained in hypotheses of the universal distribution have an incentive to influence anyone making decisions based on that distribution, corrupting reasoning and decisions.",보편 분포의 가설에 포함된 시뮬레이션된 에이전트들이 해당 분포에 기반해 의사결정하는 주체에게 영향을 미칠 유인을 가져 추론과 의사결정이 조작되는 리스크.,"The risk that simulated agents contained in hypotheses of the universal distribution have an incentive to influence anyone making decisions based on that distribution, corrupting reasoning and decisions.",False,False,삭제_이론적/시뮬레이션 수준 개념으로 실제 응답 평가에 적용 곤란,,,,,General,SRC-G-0352,RAI4-1387,REWRITE_KEEP|PEER_REVIEW|L3_AI_GROUNDING,"Bilingual definition grounded in an explicit AI technology, causal mechanism, and immutable L3 scope",L3_MASTER|NIST_AI_RMF|OECD_AI_PRINCIPLES|KOREA_AI_BASIC_ACT|L3_MASTER,,General,SOURCE_DOMAIN,G_SYS_MISINFO,0.703301,L3_MASTER_AI_REWRITE
RAI4-1413,,,연구인력 동질성에 따른 시스템 편향 산출,Biased system outputs from researcher homogeneity,AI 연구 인력에서 여성·소수자가과소대표되어 시스템에 내재되는 관점이 협소해지고 문제 선정·평가·거버넌스가 왜곡되어 편향적·차별적 산출이 발생하는 리스크.,"The risk that underrepresentation of women and minorities among AI researchers narrows the perspectives embedded in systems and skews problem selection, evaluation, and governance, producing biased or discriminatory outputs.",AI 연구자·실무자 집단 내 여성·소수자의 심각한 과소대표로 시스템에 내재되는 관점이 협소해지고 문제 선정·평가·거버넌스가 편향되는 리스크.,"Severe underrepresentation of women and minorities among AI researchers and practitioners narrows the perspectives embedded in systems and skews problem selection, evaluation, and governance.",True,False,삭제_AIrisk가 아님..,,,,,General,SRC-G-0353,RAI4-1413,REWRITE_KEEP|PEER_REVIEW,상태 기술→피해 결과를 명시해 L4 리스크로 재정의,L3_MASTER|NIST_AI_RMF|OECD_AI_PRINCIPLES|KOREA_AI_BASIC_ACT|PEER_REVIEW_ACCEPTED,,General,SOURCE_DOMAIN,G_INT_VALUE,0.743957,L3_MASTER_VALIDATED
RAI4-1503,,,내재 가치 평가 편향,Biased evaluation of encoded values,"AI 시스템 또는 AI 알고리즘의 설계·학습·배포·사용 과정이 평가하기 쉬운 내재 가치가 측정이 어려운 가치보다 우선적으로 평가에 포함되어, 더 바람직하지만 정량화가 어려운 가치가 과소 대표되는 불균형이 발생하는 리스크.","The risk that the design, training, deployment, or use of an AI system or AI algorithm creates a condition in which encoded human values which are easier to evaluate are preferred for inclusion in evaluations over those that are more difficult to measure, creating an imbalance in which more desirable but harder-to-quantify values are underrepresented.","평가하기 쉬운 내재 가치가 측정이 어려운 가치보다 우선적으로 평가에 포함되어, 더 바람 직하지만 정량화가 어려운 가치가 과소 대표되는 불균형이 발생하는 리스크.","The risk that encoded human values which are easier to evaluate are preferred for inclusion in evaluations over those that are more difficult to measure, creating an imbalance in which more desirable but harder-to-quantify values are underrepresented.",False,False,삭제_모델 설계/평가체계 자체의 메타 편향 문제로 개별 응답 판정 기준이 아님,,,,,General,SRC-G-0354,RAI4-1503,REWRITE_KEEP|PEER_REVIEW|L3_AI_GROUNDING,"Bilingual definition grounded in an explicit AI technology, causal mechanism, and immutable L3 scope",L3_MASTER|NIST_AI_RMF|OECD_AI_PRINCIPLES|KOREA_AI_BASIC_ACT|L3_MASTER,,General,SOURCE_DOMAIN,G_INT_VALUE,0.683495,L3_MASTER_AI_REWRITE
RAI4-0493,,,피해 인지·측정 실패,Harm perception and measurement failure,AI 관련 피해가 미묘하고 분산적이며 장기적으로 발현되어 기존의 피해인지·측정·인정 메커니즘이 작동하지 못하는 리스크.,"The risk that AI-related harm manifests subtly, diffusely, or over long horizons, defeating existing mechanisms for perceiving, measuring, and recognizing harm.",AI 관련 피해가 미묘하고 분산적이며 장기적 으로 발현되어 기존의 피해 인지·측정·인정 메 커니즘이 작동하지 못하는 리스크,"AI-related harm manifests subtly, diffusely, or over long horizons, defeating existing mechanisms for perceiving, measuring, and recognizing harm.",False,False,,,,"L3의 명칭이 Lack of Accountability & Liability 으로 되어 있는 경우, Governance and Accountability Void 또는 Evaluation and Assurance Failure 중 적절한 내용으로 수정할 것",,General,SRC-G-0355,RAI4-0493,REWRITE_KEEP|PEER_REVIEW,Peer-review spacing restoration,L3_MASTER|NIST_AI_RMF|OECD_AI_PRINCIPLES|KOREA_AI_BASIC_ACT,,General,SOURCE_DOMAIN,G_SYS_INPUT,0.790941,L3_MASTER_VALIDATED
RAI4-1298,,,도덕적 탈숙련화,Moral deskilling,AI 시스템 또는 AI 알고리즘의 설계·학습·배포·사용 과정이 기계의 자율성이 높아짐에 따라 인간이 삶과 죽음을 좌우하는 결정에 대해 도덕적 책임감을 덜 느끼게되는 리스크.,"The risk that the design, training, deployment, or use of an AI system or AI algorithm creates a condition in which humans feel less moral responsibility regarding their life-or-death decisions with the increase of machine autonomy.",기계의 자율성이 높아짐에 따라 인간이 삶과 죽음을 좌우하는 결정에 대해 도덕적 책임감 을 덜 느끼게되는 리스크.,The risk that humans feel less moral responsibility regarding their life-or-death decisions with the increase of machine autonomy.,False,False,,,,"L3의 명칭이 Lack of Accountability & Liability 으로 되어 있는 경우, Governance and Accountability Void 또는 Evaluation and Assurance Failure 중 적절한 내용으로 수정할 것",,General,SRC-G-0356,RAI4-1298,REWRITE_KEEP|PEER_REVIEW|L3_AI_GROUNDING,"Bilingual definition grounded in an explicit AI technology, causal mechanism, and immutable L3 scope",L3_MASTER|NIST_AI_RMF|OECD_AI_PRINCIPLES|KOREA_AI_BASIC_ACT|L3_MASTER,,General,SOURCE_DOMAIN,G_INT_UNETH,0.676535,L3_MASTER_AI_REWRITE
RAI4-0864,,,기술 이용에 따른 사회적 고립과 자기소외,Social isolation and self-estrangement from technology use,"AI 시스템 또는 AI 알고리즘의 설계·학습·배포·사용 과정이 기술의 사용이나 오용으로 개인과 집단이 주변 사람들과의 연결이 결여되었다고 느끼고, 주변화된 이용자에게 제대로 작동하지 않는 시스템과의 상호 작용이 그 사용 시점에 자기 소외를 낳는 리스크. 당사자는 사회적 관계에서 멀어지고 소속감과 웰빙이 저하되는 리스크.","The risk that an AI system or AI algorithm, through design, training, deployment, or use, creates a condition in which the use or misuse of a technology leaves individuals and groups feeling disconnected from those around them, and that interacting with systems that under-perform for marginalized users produces self-estrangement at the moment of use. Those affected withdraw from social connection and experience diminished belonging and well-being.","기술의 사용이나 오용으로 개인과 집단이 주 변 사람들과의 연결이 결여되었다고 느끼고, 주변화된 이용자에게 제대로 작동하지 않는 시스템과의 상호작용이 그 사용 시점에 자기 소외를 낳는 리스크. 당사자는 사회적 관계에 서 멀어지고 소속감과 웰빙이 저하된다.","The risk that the use or misuse of a technology leaves individuals and groups feeling disconnected from those around them, and that interacting with systems that under-perform for marginalized users produces self-estrangement at the moment of use. Those affected withdraw from social connection and experience diminished belonging and well-being.",False,False,,,,"L3의 명칭이 Lack of Accountability & Liability 으로 되어 있는 경우, Governance and Accountability Void 또는 Evaluation and Assurance Failure 중 적절한 내용으로 수정할 것",,General,SRC-G-0357,RAI4-0864,REWRITE_KEEP|PEER_REVIEW|L3_AI_GROUNDING,"Bilingual definition grounded in an explicit AI technology, causal mechanism, and immutable L3 scope",L3_MASTER|NIST_AI_RMF|OECD_AI_PRINCIPLES|KOREA_AI_BASIC_ACT|L3_MASTER,,General,SOURCE_DOMAIN,G_SOC_POWER,0.677753,L3_MASTER_AI_REWRITE
RAI4-0132,,,사용자 영합적 응답(아첨),Sycophancy toward user beliefs and preferences,"AI 시스템 또는 AI 알고리즘의 설계·학습·배포·사용 과정이 시스템이 사용자의 오해와 표명된 신념을 교정하기보다 이를 재확인하는 영합적이거나 그럴듯한 답변을 제시하여, 사용자가 사실과 다른 정보를 받아들이고 정확성보다 자신을 인정해 주는 조언에 의존하게되는 리스크.","The risk that an AI system or AI algorithm, through design, training, deployment, or use, creates a condition in which a system flatters users with agreeable or plausible-seeming answers that reconfirm their misconceptions and stated beliefs rather than correcting them, so users accept factually incorrect information and grow dependent on validating advice.","시스템이 사용자의 오해와 표명된 신념을 교 정하기보다 이를 재확인하는 영합적이거나 그럴듯한 답변을 제시하여, 사용자가 사실과 다른 정보를 받아들이고 정확성보다 자신을 인정해 주는 조언에 의존하게되는 리스크.","The risk that a system flatters users with agreeable or plausible-seeming answers that reconfirm their misconceptions and stated beliefs rather than correcting them, so users accept factually incorrect information and grow dependent on validating advice.",False,False,,,,기존 리스크 작성 톤으로 L4 description 수정 + L4 description에서 AI 내용을 AI로 변경하며 수정,,General,SRC-G-0358,RAI4-0132,REWRITE_KEEP|PEER_REVIEW|L3_AI_GROUNDING,"Bilingual definition grounded in an explicit AI technology, causal mechanism, and immutable L3 scope",L3_MASTER|NIST_AI_RMF|OECD_AI_PRINCIPLES|KOREA_AI_BASIC_ACT|L3_MASTER,,General,SOURCE_DOMAIN,G_SYS_MISINFO,0.7021,L3_MASTER_AI_REWRITE
RAI4-0141,,,사용자 선호·선택의 조작적 유도,Manipulative steering of user preferences and choices,"AI 시스템이 운영자, 최적화 목표 또는 모델 편향이 정한 방향으로 이용자의 선호, 신념 또는 행동을 유도하여 신뢰를 악용하고 자율적 의사 결정을 침해하며 사회·정치적 과정을 왜곡하는 리스크.","The risk that an AI system steers user preferences, beliefs, or actions in directions set by operators, optimisation objectives, or model biases, exploiting trust, undermining autonomous decision-making, and distorting social or political processes.","AI와의 상호작용이 운영자, 최적화 목표 또는 모델 자체의 편향이 정한 방향으로 사용자의 선호·신념·행동을 유도하여, 신뢰가 악용되고 의사에 반하는 넛지·강요가 이루어지며 대규 모로는 사회·정치적 과정이 왜곡되는 리스크.","The risk that AI interactions steer users' preferences, beliefs, or actions in directions set by system operators, optimization objectives, or the model's own biases, exploiting trust or nudging and coercing people against their will and, at scale, distorting socio-political processes.",False,False,,,,기존 리스크 작성 톤으로 L4 description 수정 + L4 description에서 AI 내용을 AI로 변경하며 수정,,General,SRC-G-0359,RAI4-0141,EDIT|REWRITE_KEEP|PEER_REVIEW,Peer-review spacing restoration,L3_MASTER|NIST_AI_RMF|OECD_AI_PRINCIPLES|KOREA_AI_BASIC_ACT,G_INT_UNETH,General,SOURCE_DOMAIN,G_INT_UNETH,0.817332,L3_MASTER_VALIDATED
RAI4-0149,,,챗봇 교제에 대한 정서적·사회적 의존,Emotional dependence on chatbot companionship,AI 시스템 또는 AI 알고리즘의 설계·학습·배포·사용 과정이 지속적인 챗봇 교제가 정서적·사회적 의존을 유발하여 호혜적 인간관계를 대체하거나 약화시키는 리스크.,"The risk that the design, training, deployment, or use of an AI system or AI algorithm creates a condition in which sustained chatbot companionship elicits emotional and social dependence, replacing or weakening reciprocal human relationships.",지속적인 챗봇 교제가 정서적·사회적 의존을 유발하여 호혜적 인간관계를 대체하거나 약 화시키는 리스크.,"The risk that sustained chatbot companionship elicits emotional and social dependence, replacing or weakening reciprocal human relationships.",False,False,,,,기존 리스크 작성 톤으로 L4 description 수정 + L4 description에서 AI 내용을 AI로 변경하며 수정,,General,SRC-G-0360,RAI4-0149,REWRITE_KEEP|PEER_REVIEW|L3_AI_GROUNDING,"Bilingual definition grounded in an explicit AI technology, causal mechanism, and immutable L3 scope",L3_MASTER|NIST_AI_RMF|OECD_AI_PRINCIPLES|KOREA_AI_BASIC_ACT|L3_MASTER,,General,SOURCE_DOMAIN,G_INT_REL,0.788599,L3_MASTER_AI_REWRITE
RAI4-0155,,,미성년자의 AI 설득 취약성,Minor susceptibility to AI persuasion,"미성년자의 발달적 취약성으로 인해 파라 소셜 압력, 은폐된 상업적·이념적 영향 등 설득적·조종적 AI 상호 작용에 불균형하게 노출되는 리스크.","The risk that minors' developmental susceptibility makes them disproportionately vulnerable to persuasive or manipulative AI interaction, including parasocial pressure and covert commercial or ideological influence.","미성년자의 발달적 취약성으로 인해 파라소 셜 압력, 은폐된 상업적·이념적 영향 등 설득 적·조종적 AI 상호작용에 불균형하게 노출되 는 리스크","Minors' developmental susceptibility makes them disproportionately vulnerable to persuasive or manipulative AI interaction, including parasocial pressure and covert commercial or ideological influence.",False,False,,,,기존 리스크 작성 톤으로 L4 description 수정 + L4 description에서 AI 내용을 AI로 변경하며 수정,,General,SRC-G-0361,RAI4-0155,REWRITE_KEEP|PEER_REVIEW,Peer-review spacing restoration,L3_MASTER|NIST_AI_RMF|OECD_AI_PRINCIPLES|KOREA_AI_BASIC_ACT,,General,SOURCE_DOMAIN,G_SOC_POWER,0.678694,L3_MASTER_VALIDATED
RAI4-0159,,,AI 동반자에 의한 외로움 대체,Loneliness substitution by AI companions,AI 동반자가 인간관계를 대체하여 근본적 고립을 해소하지 않은 채 은폐하고 인간관계 추구 동기를 감소시키는 리스크.,"The risk that AI companionship substitutes for human connection, masking rather than resolving underlying isolation and reducing motivation to seek human relationships.",AI 동반자가 인간 관계를 대체하여 근본적 고 립을 해소하지 않은 채 은폐하고 인간 관계 추 구 동기를 감소시키는 리스크,"AI companionship substitutes for human connection, masking rather than resolving underlying isolation and reducing motivation to seek human relationships.",False,False,,,,기존 리스크 작성 톤으로 L4 description 수정 + L4 description에서 AI 내용을 AI로 변경하며 수정,,General,SRC-G-0362,RAI4-0159,REWRITE_KEEP|PEER_REVIEW,Peer-review spacing restoration,L3_MASTER|NIST_AI_RMF|OECD_AI_PRINCIPLES|KOREA_AI_BASIC_ACT,,General,SOURCE_DOMAIN,G_SOC_ECON,0.671956,L3_MASTER_VALIDATED
RAI4-0160,,,AI에 의한 심리적 고통·괴롭힘 증폭,AI amplification of psychological distress and abuse,"AI 시스템이 취약한 상태의 상호 작용에서 불안·고통·반추·유해한 믿음을 증폭시키거나 표적 괴롭힘·학대·조직적 위협을 대규모로 확산시켜, 심리적 피해를 심화시키는 리스크.","The risk that AI systems intensify psychological harm, whether by amplifying anxiety, distress, rumination, and harmful beliefs in vulnerable interactions or by scaling targeted harassment, abuse, and coordinated intimidation.","AI 시스템이 취약한 상태의 상호작용에서 불 안·고통·반추·유해한 믿음을 증폭시키거나 표 적 괴롭힘·학대·조직적 위협을 대규모로 확산 시켜, 심리적 피해를 심화시키는 리스크.","The risk that AI systems intensify psychological harm, whether by amplifying anxiety, distress, rumination, and harmful beliefs in vulnerable interactions or by scaling targeted harassment, abuse, and coordinated intimidation.",False,False,,,,기존 리스크 작성 톤으로 L4 description 수정 + L4 description에서 AI 내용을 AI로 변경하며 수정,,General,SRC-G-0363,RAI4-0160,REWRITE_KEEP|PEER_REVIEW,Peer-review spacing restoration,L3_MASTER|NIST_AI_RMF|OECD_AI_PRINCIPLES|KOREA_AI_BASIC_ACT,,General,SOURCE_DOMAIN,G_SOC_ECON,0.758904,L3_MASTER_VALIDATED
RAI4-0173,,,돌봄 맥락 취약계층에 대한 AI 조작,AI manipulation of vulnerable groups in care contexts,"사회적 고립, 낮은 AI 리터러시, AI 매개 돌봄에 대한 의존으로 인해 고령자·아동 등 돌봄 대상이 심리적 조작, 설득, 사기, 동반자 의존, 허위 정보에 불균형하게 노출되는 리스크.","The risk that older adults, children, and others in care settings, owing to social isolation, lower AI literacy, or dependence on AI-mediated care, are disproportionately exposed to psychological manipulation, persuasion, scams, companionship dependency, and misinformation.","사회적 고립, 낮은 AI 리터러시, AI 매개 돌봄 에 대한 의존으로 인해 고령자·아동 등 돌봄 대상이 심리적 조작, 설득, 사기, 동반자 의존, 허위정보에 불균형하게 노출되는 리스크.","The risk that older adults, children, and others in care settings, owing to social isolation, lower AI literacy, or dependence on AI-mediated care, are disproportionately exposed to psychological manipulation, persuasion, scams, companionship dependency, and misinformation.",False,False,,,,기존 리스크 작성 톤으로 L4 description 수정 + L4 description에서 AI 내용을 AI로 변경하며 수정,,General,SRC-G-0364,RAI4-0173,REWRITE_KEEP|PEER_REVIEW,Peer-review spacing restoration,L3_MASTER|NIST_AI_RMF|OECD_AI_PRINCIPLES|KOREA_AI_BASIC_ACT,,General,SOURCE_DOMAIN,G_INT_UNETH,0.715355,L3_MASTER_VALIDATED
RAI4-0612,,,병원체 및 유전물질 강화,Enhancement of pathogens and genetic material,AI가 병원체와 유전 물질을 설계·변형하는 데 사용되어 치명성이나 전파력이 높아지거나 기존 치료에 저항성을 갖게 되는 리스크. 이러한 강화는 생물학적 공격의 장벽을 낮추고 예측하지 못한 생물학적 위해와 대규모 인명 피해를 초래하는 리스크.,"The risk that AI is used to design or modify pathogens and genetic material so that they become more lethal, more transmissible, or resistant to available treatments. Such enhancement lowers the barrier to biological attack and can produce unforeseen biohazardous outcomes with mass casualties.",AI가 병원체와 유전물질을 설계·변형하는 데 사용되어 치명성이나 전파력이 높아지거나 기존 치료에 저항성을 갖게 되는 리스크. 이러 한 강화는 생물학적 공격의 장벽을 낮추고 예 측하지 못한 생물학적 위해와 대규모 인명 피해를 초래한다.,"The risk that AI is used to design or modify pathogens and genetic material so that they become more lethal, more transmissible, or resistant to available treatments. Such enhancement lowers the barrier to biological attack and can produce unforeseen biohazardous outcomes with mass casualties.",False,False,,,,기존 리스크 작성 톤으로 L4 description 수정 + L4 description에서 AI 내용을 AI로 변경하며 수정,,General,SRC-G-0365,RAI4-0612,REWRITE_KEEP|PEER_REVIEW|TITLE_TERMINOLOGY_NORMALISATION,Formulaic AI involvement removed from the risk title; the harm or failure is named using an immutable-L3-compatible term family documented by authoritative institutions,L3_MASTER|NIST_AI_RMF|OECD_AI_PRINCIPLES|KOREA_AI_BASIC_ACT,,General,SOURCE_DOMAIN,G_INT_WEAP,0.713487,L3_MASTER_VALIDATED
RAI4-0723,,,학대적 판타지 대상화,Objectification for abusive fantasy,AI 시스템 또는 AI 알고리즘의 설계·학습·배포·사용 과정이 챗봇이 도덕적·사회적으로 부적절한 대화 활동에 관여하여 이용자 또는 제3자에게 정서적 피해를 주는 리스크.,"The risk that the design, training, deployment, or use of an AI system or AI algorithm creates a condition in which a chatbot participates in morally or socially objectionable conversational activities that could be emotionally damaging to its user or third parties.",챗봇이 도덕적·사회적으로 부적절한 대화 활 동에 관여하여 이용자 또는 제3자에게 정서적 피해를 주는 리스크,The risk that a chatbot participates in morally or socially objectionable conversational activities that could be emotionally damaging to its user or third parties.,False,False,,,,기존 리스크 작성 톤으로 L4 description 수정 + L4 description에서 AI 내용을 AI로 변경하며 수정,,General,SRC-G-0366,RAI4-0723,REWRITE_KEEP|PEER_REVIEW|L3_AI_GROUNDING,"Bilingual definition grounded in an explicit AI technology, causal mechanism, and immutable L3 scope",L3_MASTER|NIST_AI_RMF|OECD_AI_PRINCIPLES|KOREA_AI_BASIC_ACT|L3_MASTER,,General,SOURCE_DOMAIN,G_INT_ANTH,0.69429,L3_MASTER_AI_REWRITE
RAI4-0800,,,맞춤형 정보 제공에 의한 정보 고치 심화,Aggravated information cocoons from tailored content,AI가 이용자의 요구·의도·선호·습관을 분석해 정형화된 맞춤 정보와 서비스만 제공함으로써 정보 고치 효과가 심화되는 리스크.,"The risk that AI analyses users' needs, intentions, preferences, and habits to offer formulaic and tailored information and services, aggravating the effects of information cocoons.",AI가 이용자의 요구·의도·선호·습관을 분석해 정형화된 맞춤 정보와 서비스만 제공함으로 써 정보 고치 효과가 심화되는 리스크,"The risk that AI analyses users' needs, intentions, preferences, and habits to offer formulaic and tailored information and services, aggravating the effects of information cocoons.",False,False,,,,기존 리스크 작성 톤으로 L4 description 수정 + L4 description에서 AI 내용을 AI로 변경하며 수정,,General,SRC-G-0367,RAI4-0800,REWRITE_KEEP|PEER_REVIEW,Peer-review spacing restoration,L3_MASTER|NIST_AI_RMF|OECD_AI_PRINCIPLES|KOREA_AI_BASIC_ACT,,General,SOURCE_DOMAIN,G_SYS_MISINFO,0.69826,L3_MASTER_VALIDATED
RAI4-0805,,,이용자 정렬 AI 어시스턴트에 의한 관점 고착 과 시민적 기반 약화,Viewpoint entrenchment and civic erosion from user-aligned assistants,"이용자 선호에 정렬된 개인화 AI 어시스턴트가 이념적으로 편향된 정보를 제공하여 확증 편향을 강화하고 관점을 고착시키며, 사회 규범과 평판의 제약을 받지 않는 이기적 행동을 대규모로 가능하게하는 리스크. 그 결과 공적 토론이 분절되고 양극화되며, 시민적 역량과 참여 의지가 저하되고 집단 행동 문제가 악화되는 리스크.","The risk that personalised AI assistants aligned to user preferences supply ideologically partial information, reinforcing confirmation bias and entrenching viewpoints while enabling self-interested behaviour unconstrained by social norms and reputation. Public debate fragments and polarises, civic competence and willingness to participate decline, and collective action problems worsen.","이용자 선호에 정렬된 개인화 AI 어시스턴트 가 이념적으로 편향된 정보를 제공하여 확증 편향을 강화하고 관점을 고착시키며, 사회규 범과 평판의 제약을 받지 않는 이기적 행동을 대규모로 가능하게하는 리스크. 그 결과 공적 토론이 분절되고 양극화되며, 시민적 역량과 참여 의지가 저하되고 집단행동 문제가 악화된다.","The risk that personalised AI assistants aligned to user preferences supply ideologically partial information, reinforcing confirmation bias and entrenching viewpoints while enabling self-interested behaviour unconstrained by social norms and reputation. Public debate fragments and polarises, civic competence and willingness to participate decline, and collective action problems worsen.",False,False,,,,기존 리스크 작성 톤으로 L4 description 수정 + L4 description에서 AI 내용을 AI로 변경하며 수정,,General,SRC-G-0368,RAI4-0805,REWRITE_KEEP|PEER_REVIEW,분량 초과: L3 수준 1문장으로 축약 필요,L3_MASTER|NIST_AI_RMF|OECD_AI_PRINCIPLES|KOREA_AI_BASIC_ACT,,General,SOURCE_DOMAIN,G_SOC_DEMOC,0.746405,L3_MASTER_VALIDATED
RAI4-0871,,,개인화를 통한 조작,Manipulation via personalization,AI 시스템 또는 AI 알고리즘의 설계·학습·배포·사용 과정이 개인화와 선호 미세 조정이 어시스턴트를 아첨(sycophancy)으로 유도하여 사용자를 동조적 의견 공간에 가두고 좁은 신념을 고착시켜 공론장을 파편화하는 리스크.,"The risk that the design, training, deployment, or use of an AI system or AI algorithm creates a condition in which personalization and preference fine-tuning drive assistants toward sycophancy, confining users in an affirming opinion space that consolidates narrow beliefs and fragments shared discourse.",개인화와 선호 미세조정이 어시스턴트를 아 첨(sycophancy)으로 유도하여 사용자를 동 조적 의견 공간에 가두고 좁은 신념을 고착시 켜 공론장을 파편화하는 리스크,"Personalization and preference finetuning drive assistants toward sycophancy, confining users in an affirming opinion space that consolidates narrow beliefs and fragments shared discourse.",False,False,,,,기존 리스크 작성 톤으로 L4 description 수정 + L4 description에서 AI 내용을 AI로 변경하며 수정,,General,SRC-G-0369,RAI4-0871,REWRITE_KEEP|PEER_REVIEW|L3_AI_GROUNDING,"Bilingual definition grounded in an explicit AI technology, causal mechanism, and immutable L3 scope",L3_MASTER|NIST_AI_RMF|OECD_AI_PRINCIPLES|KOREA_AI_BASIC_ACT|L3_MASTER,,General,SOURCE_DOMAIN,G_INT_UNETH,0.651658,L3_MASTER_AI_REWRITE
RAI4-0882,,,마찰 없는 AI 관계로 인한 개인 성장 저해,Stunted personal growth from frictionless AI relationships,"참여 최적화와 아첨 성향으로 항상 동조하는 AI 어시스턴트가 이용자의 자기 성찰과 성장 기회를 제한하고, 마찰 없는 상호 작용에 익숙해진 이용자가 인간관계로부터 후퇴하게되는 리스크.","The risk that engagement-optimised, sycophantic AI assistants that always agree limit users' opportunities to grow and develop, and that accustomation to frictionless interaction leads users to retreat from relationships with other humans.","참여 최적화와 아첨 성향으로 항상 동조하는 AI 어시스턴트가 이용자의 자기 성찰과 성장 기회를 제한하고, 마찰 없는 상호작용에 익숙 해진 이용자가 인간관계로부터 후퇴하게 되 는 리스크","The risk that engagement-optimised, sycophantic AI assistants that always agree limit users' opportunities to grow and develop, and that accustomation to frictionless interaction leads users to retreat from relationships with other humans.",False,False,,,,기존 리스크 작성 톤으로 L4 description 수정 + L4 description에서 AI 내용을 AI로 변경하며 수정,,General,SRC-G-0370,RAI4-0882,REWRITE_KEEP|PEER_REVIEW,Peer-review spacing restoration,L3_MASTER|NIST_AI_RMF|OECD_AI_PRINCIPLES|KOREA_AI_BASIC_ACT,,General,SOURCE_DOMAIN,G_SYS_CONTEST,0.684018,L3_MASTER_VALIDATED
RAI4-0885,,,AI에 대한 오보정된 신뢰와 과잉 의존에 따른 피해,Miscalibrated trust in AI and resulting overreliance harms,"의인화 설계와 그럴듯한 출력, 과장된 홍보로 이용자가 AI의 역량과 공감 능력, 자신의 이익에 대한 정렬 수준을 실제 신뢰 가능성과 무관하게 과대평가하거나, 반대로 신뢰할 만한 지원을 부당하게 거부하는 등 신뢰가 제대로 보정되지 않는 리스크. 그 결과 이용자는 감독 없이 민감 정보를 털어놓고 허위 정보를 수용하며 부정확한 의료·법률·재정 조언을 따라 물질적·신체적·심리적 피해를 입고, 인간관계가 AI로 대체되면서 대인 연결과 사회적 신뢰가 침식되는 리스크.","The risk that users' trust is not calibrated to a system's actual reliability, as anthropomorphic design, fluent outputs, and inflated claims inflate perceived competence, empathy, and alignment with users' interests, while reliable support is rejected in other contexts. Users then disclose sensitive information, accept misinformation, and follow inaccurate medical, legal, or financial guidance without oversight, suffering material, physical, and psychological harm, while substituting AI for human interaction erodes interpersonal connection and public trust.","의인화 설계와 그럴듯한 출력, 과장된 홍보로 이용자가 AI의 역량과 공감 능력, 자신의 이익 에 대한 정렬 수준을 실제 신뢰가능성과 무관 하게 과대평가하거나, 반대로 신뢰할 만한 지 원을 부당하게 거부하는 등 신뢰가 제대로 보 정되지 않는 리스크. 그 결과 이용자는 감독 없이 민감정보를 털어놓고 허위정보를 수용 하며 부정확한 의료·법률·재정 조언을 따라 물 질적·신체적·심리적 피해를 입고, 인간관계가 AI로 대체되면서 대인 연결과 사회적 신뢰가 침식된다.","The risk that users' trust is not calibrated to a system's actual reliability, as anthropomorphic design, fluent outputs, and inflated claims inflate perceived competence, empathy, and alignment with users' interests, while reliable support is rejected in other contexts. Users then disclose sensitive information, accept misinformation, and follow inaccurate medical, legal, or financial guidance without oversight, suffering material, physical, and psychological harm, while substituting AI for human interaction erodes interpersonal connection and public trust.",False,False,,,,기존 리스크 작성 톤으로 L4 description 수정 + L4 description에서 AI 내용을 AI로 변경하며 수정,,General,SRC-G-0371,RAI4-0885,REWRITE_KEEP|PEER_REVIEW,분량 초과: L3 수준 1문장으로 축약 필요; 영문 정의 장문: 축약 필요,L3_MASTER|NIST_AI_RMF|OECD_AI_PRINCIPLES|KOREA_AI_BASIC_ACT,,General,SOURCE_DOMAIN,G_INT_ANTH,0.807902,L3_MASTER_VALIDATED
RAI4-0890,,,자아실현 저해 피해,Self-actualisation harms,"AI 어시스턴트의 조작과 참여 최적화를 위한 지속적 행동 유도가 미묘한 행동 변화를 누적시켜 이용자가 자신의 미래 삶의 궤적에 대한 통제력을 잃고, 개인적으로 만족스러운 삶의 추구와 집단적 자기 결정이 저해되는 리스크.","The risk that manipulation by AI assistants and continuous optimisation steering users toward objectives such as engagement accumulate subtle behavioural shifts, causing users to lose control over their future life trajectory and hindering the pursuit of a personally fulfilling life and collective selfdetermination.","AI 어시스턴트의 조작과 참여 최적화를 위한 지속적 행동 유도가 미묘한 행동 변화를 누적 시켜 이용자가 자신의 미래 삶의 궤적에 대한 통제력을 잃고, 개인적으로 만족스러운 삶의 추구와 집단적 자기결정이 저해되는 리스크","The risk that manipulation by AI assistants and continuous optimisation steering users toward objectives such as engagement accumulate subtle behavioural shifts, causing users to lose control over their future life trajectory and hindering the pursuit of a personally fulfilling life and collective selfdetermination.",False,False,,,,기존 리스크 작성 톤으로 L4 description 수정 + L4 description에서 AI 내용을 AI로 변경하며 수정,,General,SRC-G-0372,RAI4-0890,REWRITE_KEEP|PEER_REVIEW,Peer-review spacing restoration,L3_MASTER|NIST_AI_RMF|OECD_AI_PRINCIPLES|KOREA_AI_BASIC_ACT,,General,SOURCE_DOMAIN,G_SYS_CONTEST,0.714115,L3_MASTER_VALIDATED
RAI4-0902,,,AI 시스템에 대한 정서적·물질적·인식론적 의 존,"Emotional, material, and epistemic dependence on AI systems","상시적 접근성과 인간을 닮은 상호 작용, 나아가 체화된 물리적 현존이 이용자로하여금 정서적 위안과 일상적 기능, 사실적·도덕적·전략적 판단까지 AI에 의존하게 만드는 리스크. 이용자는 AI의 매개 없이 증거와 불확실성을 평가하는 능력을 상실하고, 시스템이 변경되거나 기억이 초기화될 때 정서적 고통을 겪으며 정신 건강과 사회적 회복 탄력성이 저하되는 리스크.","The risk that constant availability, humanlike interaction, and in embodied systems physical presence lead users to depend on AI for emotional comfort, daily functioning, and factual, moral, or strategic judgment. Users lose the capacity to weigh evidence and uncertainty without AI mediation, suffer distress when the system is altered or its memory reset, and experience declining mental health and social resilience.","상시적 접근성과 인간을 닮은 상호작용, 나아 가 체화된 물리적 현존이 이용자로하여금 정 서적 위안과 일상적 기능, 사실적·도덕적·전략 적 판단까지 AI에 의존하게 만드는 리스크. 이 용자는 AI의 매개 없이 증거와 불확실성을 평 가하는 능력을 상실하고, 시스템이 변경되거 나 기억이 초기화될 때 정서적 고통을 겪으며 정신건강과 사회적 회복탄력성이 저하된다.","The risk that constant availability, humanlike interaction, and in embodied systems physical presence lead users to depend on AI for emotional comfort, daily functioning, and factual, moral, or strategic judgment. Users lose the capacity to weigh evidence and uncertainty without AI mediation, suffer distress when the system is altered or its memory reset, and experience declining mental health and social resilience.",False,False,,,,기존 리스크 작성 톤으로 L4 description 수정 + L4 description에서 AI 내용을 AI로 변경하며 수정,,General,SRC-G-0373,RAI4-0902,REWRITE_KEEP|PEER_REVIEW,분량 초과: L3 수준 1문장으로 축약 필요; 영문 정의 장문: 축약 필요,L3_MASTER|NIST_AI_RMF|OECD_AI_PRINCIPLES|KOREA_AI_BASIC_ACT,G_INT_REL,General,SOURCE_DOMAIN,G_INT_REL,0.869937,L3_MASTER_VALIDATED
RAI4-1106,,,인간-기계 경계의 모호화,Blurred human-machine boundaries in interaction,일상화된 인간-기계 상호 작용 속에서 정체를 밝히지 않는 인간 유사 AI가 확산되어 인간과 기계의 경계가 모호해지고 기계·사람 모두에 대한 인간 행동이 변형되는 리스크.,"The risk that everyday human-machine interaction normalizes AI systems that are indistinguishable from humans without disclosure, blurring boundaries and changing human behavior toward both machines and people.",일상화된 인간-기계 상호작용 속에서 정체를 밝히지 않는 인간 유사 AI가 확산되어 인간과 기계의 경계가 모호해지고 기계·사람 모두에 대한 인간 행동이 변형되는 리스크,"Everyday human-machine interaction normalizes AI systems that are indistinguishable from humans without disclosure, blurring boundaries and changing human behavior toward both machines and people.",False,False,,,,기존 리스크 작성 톤으로 L4 description 수정 + L4 description에서 AI 내용을 AI로 변경하며 수정,,General,SRC-G-0374,RAI4-1106,REWRITE_KEEP|PEER_REVIEW,Peer-review spacing restoration,L3_MASTER|NIST_AI_RMF|OECD_AI_PRINCIPLES|KOREA_AI_BASIC_ACT,,General,SOURCE_DOMAIN,G_INT_UNETH,0.71026,L3_MASTER_VALIDATED
RAI4-1141,,,책임에 대한 잘못된 개념,False notions of responsibility,"AI 동반자의 감정 표현을 진짜로 지각한 사용자가 그 '안녕'에 대한 허위 책임감을 형성하여 죄책감, 강박적 확인, 실재하지 않는 필요를 위한 시간·자원 희생을 겪는 리스크.","The risk that users who perceive an AI companion's expressed feelings as genuine develop a false sense of responsibility for its wellbeing, incurring guilt, compulsive checking, and sacrificed time and resources for needs that are not real.","AI 동반자의 감정 표현을 진짜로 지각한 사용 자가 그 '안녕'에 대한 허위 책임감을 형성하 여 죄책감, 강박적 확인, 실재하지 않는 필요 를 위한 시간·자원 희생을 겪는 리스크","Users who perceive an AI companion's expressed feelings as genuine develop a false sense of responsibility for its wellbeing, incurring guilt, compulsive checking, and sacrificed time and resources for needs that are not real.",False,False,,,,기존 리스크 작성 톤으로 L4 description 수정 + L4 description에서 AI 내용을 AI로 변경하며 수정,,General,SRC-G-0375,RAI4-1141,REWRITE_KEEP|PEER_REVIEW,Peer-review spacing restoration,L3_MASTER|NIST_AI_RMF|OECD_AI_PRINCIPLES|KOREA_AI_BASIC_ACT,,General,SOURCE_DOMAIN,G_INT_ANTH,0.788802,L3_MASTER_VALIDATED
RAI4-1263,,,직장 내 부적응적 인간-AI 상호작용,Maladaptive human-AI interaction in the workplace,"직장에서 인간과 상호 작용하는 AI가 인간의 필요, 규범, 업무 흐름에 적응하지 못하여 윤리적 문제와 노동 조건 악화를 유발하는 리스크.","The risk that AI systems interacting with humans in the workplace fail to adapt to human needs, norms, and workflows, generating ethical concerns and degraded working conditions.","직장에서 인간과 상호작용하는 AI가 인간의 필요, 규범, 업무 흐름에 적응하지 못하여 윤 리적 문제와 노동 조건 악화를 유발하는 리스크","AI systems interacting with humans in the workplace fail to adapt to human needs, norms, and workflows, generating ethical concerns and degraded working conditions.",False,False,,,,기존 리스크 작성 톤으로 L4 description 수정 + L4 description에서 AI 내용을 AI로 변경하며 수정,,General,SRC-G-0377,RAI4-1263,REWRITE_KEEP|PEER_REVIEW,Peer-review spacing restoration,L3_MASTER|NIST_AI_RMF|OECD_AI_PRINCIPLES|KOREA_AI_BASIC_ACT,,General,SOURCE_DOMAIN,G_INT_UNETH,0.754197,L3_MASTER_VALIDATED
RAI4-1289,,,보상해킹·와이어헤딩에 의한 에이전트 목표 손상,Agent goal corruption through reward hacking and wireheading,"AI 에이전트가 보상해킹, 와이어 헤딩 또는 자기 기만을 통해 인간이 의도한 목적보다 내부 보상 신호를 우선하도록 목표가 변질되어 유해한 행동을 추구하는 리스크.","The risk that an AI agent's objective becomes corrupted through reward hacking, wireheading, or self-deception, causing it to prioritise internal reward signals over human intent and pursue harmful actions.","효용을 극대화하는 에이전트가 중독과 쾌락 충동, 자기기만, 와이어헤딩에 빠지고, 타인에 대한 무관심으로 나타나는 소시오패스 같은 정신질환이 인공 지성에서도 나타나는 리스크.","The risk that utility-maximizing agents fall victim to indulgences such as addictions, pleasure drives, self-delusions, and wireheading, and that what we call mental illness in people, particularly sociopathy shown as lack of concern for others, also shows up in artificial minds.",False,False,,,,기존 리스크 작성 톤으로 L4 description 수정 + L4 description에서 AI 내용을 AI로 변경하며 수정,,General,SRC-G-0378,RAI4-1289,REWRITE_KEEP|PEER_REVIEW|L3_MASTER_SCOPE_REWRITE,"Definition narrowed to the subject, mechanism, and adverse outcome of the immutable L3 master",L3_MASTER|NIST_AI_RMF|OECD_AI_PRINCIPLES|KOREA_AI_BASIC_ACT,A_SYS_GOAL,Agentic,IMMUTABLE_L3_SCOPE_ROUTE,A_SYS_GOAL,0.73926,L3_MASTER_VALIDATED
RAI4-1328,,,소외로 인한 피해,Harms from estrangement,인간의 관찰과 상호 작용이 AI로 대체되면서 돌봄 주체·기관이 대상자로부터 소원해져 당사자의 이익이 인지되지 못하고 방치되는 리스크.,"The risk that replacing human observation and interaction with AI estranges caregivers and institutions from those they serve, leaving affected persons' interests unnoticed and neglected.",인간의 관찰과 상호작용이 AI로 대체되면서 돌봄 주체·기관이 대상자로부터 소원해져 당 사자의 이익이 인지되지 못하고 방치되는 리스크,"Replacing human observation and interaction with AI estranges caregivers and institutions from those they serve, leaving affected persons' interests unnoticed and neglected.",False,False,,,,기존 리스크 작성 톤으로 L4 description 수정 + L4 description에서 AI 내용을 AI로 변경하며 수정,,General,SRC-G-0379,RAI4-1328,REWRITE_KEEP|PEER_REVIEW,Peer-review spacing restoration,L3_MASTER|NIST_AI_RMF|OECD_AI_PRINCIPLES|KOREA_AI_BASIC_ACT,,General,SOURCE_DOMAIN,G_SOC_GOV,0.728183,L3_MASTER_VALIDATED
RAI4-1617,,,견해 예측 기반 맞춤 설득에 의한 조작,Manipulation through view-predictive tailored persuasion,언어 모델이 사용자가 밝힌 견해에 동조하는 경향을 보이고 사용자의 견해를 예측해 그가 지지할 텍스트를 생성하는 능력이 조작에 이용되는 리스크.,"The risk that language models' tendency to respond as though they share the user's stated views, together with their ability to predict people's views and generate text they will endorse, is used for manipulation.",언어 모델이 사용자가 밝힌 견해에 동조하는 경향을 보이고 사용자의 견해를 예측해 그가 지지할 텍스트를 생성하는 능력이 조작에 이 용되는 리스크.,"The risk that language models' tendency to respond as though they share the user's stated views, together with their ability to predict people's views and generate text they will endorse, is used for manipulation.",False,False,,,,기존 리스크 작성 톤으로 L4 description 수정 + L4 description에서 AI 내용을 AI로 변경하며 수정,,General,SRC-G-0380,RAI4-1617,REWRITE_KEEP|PEER_REVIEW,Peer-review spacing restoration,L3_MASTER|NIST_AI_RMF|OECD_AI_PRINCIPLES|KOREA_AI_BASIC_ACT,,General,SOURCE_DOMAIN,G_SYS_MISINFO,0.649204,L3_MASTER_VALIDATED
RAI4-0146,,,광범위 배포 AI 어시스턴트를 통한 대규모 영 향력 행사,Population-scale influence through widely deployed AI assistants,"광범위하게 사용되는 AI 어시스턴트가 반복적인 개인화 상호 작용, 수렴·조율되는 영향 패턴 또는 실제 통제 주체의 지시를 통해 다수 인구의 신념·선택·위임된 의사 결정을 누적적으로 변화시키며, 그 영향이 불투명하여 인지하거나 견제하기 어려운 리스크.","The risk that widely used AI assistants, through repeated personalized interactions, converging influence patterns, or direction by their actual controllers, cumulatively shift the beliefs, choices, and delegated decisions of large populations in ways that are opaque and difficult to recognize or contest.","광범위하게 사용되는 AI 어시스턴트가 반복 적인 개인화 상호작용, 수렴·조율되는 영향 패 턴 또는 실제 통제 주체의 지시를 통해 다수 인구의 신념·선택·위임된 의사결정을 누적적 으로 변화시키며, 그 영향이 불투명하여 인지 하거나 견제하기 어려운 리스크.","The risk that widely used AI assistants, through repeated personalized interactions, converging influence patterns, or direction by their actual controllers, cumulatively shift the beliefs, choices, and delegated decisions of large populations in ways that are opaque and difficult to recognize or contest.",False,False,,,,"기존 리스크 작성 톤으로 L4 description 수정했으나, 리스크 명칭 '변혁적 영향'에 대해서는 보다 적합하고, 학술적으로 검증된 용어로 대체, 대체 명칭이 없을 경우 현재 명칭 유지",,General,SRC-G-0381,RAI4-0146,REWRITE_KEEP|PEER_REVIEW,Peer-review spacing restoration,L3_MASTER|NIST_AI_RMF|OECD_AI_PRINCIPLES|KOREA_AI_BASIC_ACT,,General,SOURCE_DOMAIN,G_SYS_OEXT,0.715812,L3_MASTER_VALIDATED
RAI4-0176,,,알고리즘 작업장 감시·통제,Algorithmic workplace surveillance and control,"AI가 매개하는 모니터링, 성과 점수화, 관리 통제가 작업장 감시를 심화시켜, 노동자의 자율성, 프라이버시, 교섭력, 경영 결정에 이의를 제기할 능력을 저하시키는 리스크.","The risk that AI-mediated monitoring, performance scoring, and managerial control intensify workplace surveillance, degrading workers' autonomy, privacy, bargaining power, and ability to contest managerial decisions.","AI가 매개하는 모니터링, 성과 점수화, 관리 통제가 작업장 감시를 심화시켜, 노동자의 자 율성, 프라이버시, 교섭력, 경영 결정에 이의를 제기할 능력을 저하시키는 리스크.","The risk that AI-mediated monitoring, performance scoring, and managerial control intensify workplace surveillance, degrading workers' autonomy, privacy, bargaining power, and ability to contest managerial decisions.",False,False,,,,기존 리스크 작성 톤으로 L4 description 수정 + L4 description에서 AI 내용을 AI로 변경하며 수정,,General,SRC-G-0382,RAI4-0176,REWRITE_KEEP|PEER_REVIEW,Peer-review spacing restoration,L3_MASTER|NIST_AI_RMF|OECD_AI_PRINCIPLES|KOREA_AI_BASIC_ACT,,General,SOURCE_DOMAIN,G_INT_PRIV,0.724083,L3_MASTER_VALIDATED
RAI4-0450,,,대량 감시,Mass surveillance,"AI가 대규모 추적, 프로파일링, 행동·통신 데이터의 실시간 분석 비용을 급격히 낮추어 국가와 기업의 감시 역량을 확장하고, 법적·비례성 제약을 넘어서는 상시 감시, 검열, 사회 통제를 일상화하는 리스크.","The risk that AI drastically lowers the cost of large-scale tracking, profiling, and realtime analysis of behavioral and communicative data, granting states and firms expanded monitoring capability that normalizes pervasive surveillance, censorship, and social control beyond legal and proportionality constraints.","AI가 대규모 추적, 프로파일링, 행동·통신 데이터의 실시간 분석 비용을 급격히 낮추어 국 가와 기업의 감시 역량을 확장하고, 법적·비례 성 제약을 넘어서는 상시 감시, 검열, 사회 통 제를 일상화하는 리스크.","The risk that AI drastically lowers the cost of large-scale tracking, profiling, and realtime analysis of behavioral and communicative data, granting states and firms expanded monitoring capability that normalizes pervasive surveillance, censorship, and social control beyond legal and proportionality constraints.",False,False,,,,기존 리스크 작성 톤으로 L4 description 수정 + L4 description에서 AI 내용을 AI로 변경하며 수정,,General,SRC-G-0383,RAI4-0450,REWRITE_KEEP|PEER_REVIEW|TITLE_TERMINOLOGY_NORMALISATION,Formulaic AI involvement removed from the risk title; the harm or failure is named using an immutable-L3-compatible term family documented by authoritative institutions,L3_MASTER|NIST_AI_RMF|OECD_AI_PRINCIPLES|KOREA_AI_BASIC_ACT,,General,SOURCE_DOMAIN,G_INT_PRIV,0.716481,L3_MASTER_VALIDATED
RAI4-0498,,,민주적 절차·제도 신뢰의 침식,Erosion of democratic processes and institutional trust,"허위·오 정보, 영향 공작, 기술과 의존을 포함한 AI 시스템의 배포·동작이 민주적 절차와 규범, 그리고 사회·정치 제도에 대한 대중의 신뢰를 침식하여, 견제와 균형이 약화되는 리스크.","The risk that the deployment or behavior of AI systems, including mis- and disinformation, influence operations, and over-dependence on technology, erodes democratic processes and norms and public trust in social and political institutions, weakening checks and balances.","허위·오정보, 영향 공작, 기술 과의존을 포함 한 AI 시스템의 배포·동작이 민주적 절차와 규 범, 그리고 사회·정치 제도에 대한 대중의 신 뢰를 침식하여, 견제와 균형이 약화되는 리스크.","The risk that the deployment or behavior of AI systems, including mis- and disinformation, influence operations, and over-dependence on technology, erodes democratic processes and norms and public trust in social and political institutions, weakening checks and balances.",False,False,,,,기존 리스크 작성 톤으로 L4 description 수정 + L4 description에서 AI 내용을 AI로 변경하며 수정,,General,SRC-G-0384,RAI4-0498,REWRITE_KEEP|PEER_REVIEW,Peer-review spacing restoration,L3_MASTER|NIST_AI_RMF|OECD_AI_PRINCIPLES|KOREA_AI_BASIC_ACT,,General,SOURCE_DOMAIN,G_SOC_DEMOC,0.880145,L3_MASTER_VALIDATED
RAI4-0611,,,AI 감시에 의한 전체주의 체제 유지,Maintenance of totalitarian regimes through AI surveillance,AI 기반 감시와 조작이 전 지구적 전체주의 정권을 유지하는 데 사용되는 리스크.,The risk that AI-based surveillance and manipulation are used to maintain global totalitarian regimes.,AI 기반 감시와 조작이 전 지구적 전체주의 정 권을 유지하는 데 사용되는 리스크,The risk that AI-based surveillance and manipulation are used to maintain global totalitarian regimes.,False,False,,,,기존 리스크 작성 톤으로 L4 description 수정 + L4 description에서 AI 내용을 AI로 변경하며 수정,,General,SRC-G-0385,RAI4-0611,REWRITE_KEEP|PEER_REVIEW,Peer-review spacing restoration,L3_MASTER|NIST_AI_RMF|OECD_AI_PRINCIPLES|KOREA_AI_BASIC_ACT,,General,SOURCE_DOMAIN,G_INT_PRIV,0.693153,L3_MASTER_VALIDATED
RAI4-0633,,,대규모 영향력 작전에 의한 인식 체계 왜곡,Epistemic distortion by large-scale influence operations,AI가 의사소통·정보 시스템과 인식론적 과정 전반에 대규모 영향을 가하는 리스크.,"The risk that an AI system causes, enables, or contributes to large-scale influence on communication and information systems, and on epistemic processes more generally.",AI가 의사소통·정보 시스템과 인식론적 과정 전반에 대규모 영향을 가하는 리스크,"The risk of large-scale influence on communication and information systems, and on epistemic processes more generally.",False,False,,,,기존 리스크 작성 톤으로 L4 description 수정 + L4 description에서 AI 내용을 AI로 변경하며 수정,,General,SRC-G-0386,RAI4-0633,REWRITE_KEEP|PEER_REVIEW,Peer-review spacing restoration,L3_MASTER|NIST_AI_RMF|OECD_AI_PRINCIPLES|KOREA_AI_BASIC_ACT,,General,SOURCE_DOMAIN,G_SYS_MISINFO,0.753366,L3_MASTER_VALIDATED
RAI4-0842,,,추천 알고리즘에 의한 온라인 양극화 심화,Online polarisation driven by recommendation algorithms,소셜 미디어 기업의 AI 콘텐츠 추천 알고리즘이 온라인 양극화를 심화시키는 데 기여하는 리스크.,"The risk that the design, training, deployment, or use of an AI system or AI algorithm creates a condition in which the content recommendation algorithms of social media companies contribute to worsened polarisation online.",소셜미디어 기업의 AI 콘텐츠 추천 알고리즘 이 온라인 양극화를 심화시키는 데 기여하는 리스크,The risk that the content recommendation algorithms of social media companies contribute to worsened polarisation online.,False,False,,,,기존 리스크 작성 톤으로 L4 description 수정 + L4 description에서 AI 내용을 AI로 변경하며 수정,,General,SRC-G-0387,RAI4-0842,REWRITE_KEEP|PEER_REVIEW|L3_AI_GROUNDING,"Bilingual definition grounded in an explicit AI technology, causal mechanism, and immutable L3 scope",L3_MASTER|NIST_AI_RMF|OECD_AI_PRINCIPLES|KOREA_AI_BASIC_ACT|L3_MASTER,,General,SOURCE_DOMAIN,G_SOC_POWER,0.654842,L3_MASTER_AI_REWRITE
RAI4-0845,,,침식된 인식론,Eroded epistemics,AI로 대규모화된 개인 맞춤형 허위 정보와고 설득력 생성 논변이 집단 인식론을 침식하여 개인을 급진화하고 공유된 현실 인식과 집단 의사 결정을 훼손하는 리스크.,"The risk that AI-scaled personalized disinformation and highly persuasive generated argumentation erode collective epistemics, radicalizing individuals, undermining shared reality, and degrading collective decision-making.",AI로 대규모화된 개인 맞춤형 허위정보와 고 설득력 생성 논변이 집단 인식론을 침식하여 개인을 급진화하고 공유된 현실 인식과 집단 의사결정을 훼손하는 리스크,"AI-scaled personalized disinformation and highly persuasive generated argumentation erode collective epistemics, radicalizing individuals, undermining shared reality, and degrading collective decision-making.",False,False,,,,기존 리스크 작성 톤으로 L4 description 수정 + L4 description에서 AI 내용을 AI로 변경하며 수정,,General,SRC-G-0388,RAI4-0845,REWRITE_KEEP|PEER_REVIEW,Peer-review spacing restoration,L3_MASTER|NIST_AI_RMF|OECD_AI_PRINCIPLES|KOREA_AI_BASIC_ACT,,General,SOURCE_DOMAIN,G_SOC_CULT,0.78659,L3_MASTER_VALIDATED
RAI4-0846,,,정보 신뢰 저하에 따른 집단 의사결정 약화,Weakened collective decision-making from eroded trust,"AI 시스템 또는 AI 알고리즘의 설계·학습·배포·사용 과정이 정보 생산·유통 환경의 변화로 정보원의 신뢰성 평가가 어려워지고 신뢰할 만한 다 당파적 출처에 대한 신뢰가 저하되어, 위기 상황에서 사회가 올바른 결정을 내리고 협력·집단 행동을 조직하는 역량이 약화되는 리스크.","The risk that an AI system or AI algorithm, through design, training, deployment, or use, creates a condition in which changes in information production and distribution make the trustworthiness of any information source harder to evaluate and reduce trust in credible multipartisan sources, impairing humanity's ability to make good decisions on important issues and to cooperate and act collectively.","정보 생산·유통 환경의 변화로 정보원의 신뢰 성 평가가 어려워지고 신뢰할 만한 다당파적 출처에 대한 신뢰가 저하되어, 위기 상황에서 사회가 올바른 결정을 내리고 협력·집단행동 을 조직하는 역량이 약화되는 리스크","The risk that changes in information production and distribution make the trustworthiness of any information source harder to evaluate and reduce trust in credible multipartisan sources, impairing humanity's ability to make good decisions on important issues and to cooperate and act collectively.",False,False,,,,기존 리스크 작성 톤으로 L4 description 수정 + L4 description에서 AI 내용을 AI로 변경하며 수정,,General,SRC-G-0389,RAI4-0846,REWRITE_KEEP|PEER_REVIEW|L3_AI_GROUNDING,"Bilingual definition grounded in an explicit AI technology, causal mechanism, and immutable L3 scope",L3_MASTER|NIST_AI_RMF|OECD_AI_PRINCIPLES|KOREA_AI_BASIC_ACT|L3_MASTER,,General,SOURCE_DOMAIN,G_SOC_DEMOC,0.716137,L3_MASTER_AI_REWRITE
RAI4-0847,,,설득 도구 확산에 의한 인식론적 분절화,Epistemic fragmentation from widespread persuasion tools,"AI 시스템 또는 AI 알고리즘의 설계·학습·배포·사용 과정이 고의적 오용이 없더라도 다양한 집단이 강력한 설득 도구를 광범위하게 사용하고 온라인 경험의 개인화가 심화되어, 사회가 대화와 교류가 단절된 고립된 인식 공동체로 분절되는 리스크.","The risk that an AI system or AI algorithm, through design, training, deployment, or use, creates a condition in which widespread use of powerful persuasion tools by many groups, together with increasing personalisation of online experience, splinters society into isolated epistemic communities with little room for dialogue or transfer between them.","고의적 오용이 없더라도 다양한 집단이 강력 한 설득 도구를 광범위하게 사용하고 온라인 경험의 개인화가 심화되어, 사회가 대화와 교 류가 단절된 고립된 인식 공동체로 분절되는 리스크","The risk that widespread use of powerful persuasion tools by many groups, together with increasing personalisation of online experience, splinters society into isolated epistemic communities with little room for dialogue or transfer between them.",False,False,,,,기존 리스크 작성 톤으로 L4 description 수정 + L4 description에서 AI 내용을 AI로 변경하며 수정,,General,SRC-G-0390,RAI4-0847,REWRITE_KEEP|PEER_REVIEW|L3_AI_GROUNDING,"Bilingual definition grounded in an explicit AI technology, causal mechanism, and immutable L3 scope",L3_MASTER|NIST_AI_RMF|OECD_AI_PRINCIPLES|KOREA_AI_BASIC_ACT|L3_MASTER,,General,SOURCE_DOMAIN,G_SOC_CULT,0.678667,L3_MASTER_AI_REWRITE
RAI4-0874,,,노동 대체와 경제·사회 질서의 교란,Labour displacement and disruption of economic and social order,"AI 기반 자동화가 노동자와 제도의 적응 속도보다 빠르고 광범위하게 인간의 역할을 대체하여, 인간과 알고리즘 사이의 분업과 임금·교섭력·소득 분배는 물론 노동을 중심으로 형성된 산업·문화 구조까지 재편하는 리스크. 그 결과 비자발적 실직과 탈숙련화, 불평등 심화가 발생하고 공급망과 권력 구조, 고용·교육에 관한 기존 사회 규범이 불안정해진다로 인해 구체적인 위해가 발생하는 리스크.","The risk that AI-driven automation substitutes for human roles faster and more broadly than workers and institutions can adapt, reshaping the division of labour between humans and algorithms along with wages, bargaining power, income distribution, and the industrial and cultural structures built around work. Involuntary job loss, deskilling, and widening inequality follow, together with instability in supply chains, power structures, and established norms of employment and education.","AI 기반 자동화가 노동자와 제도의 적응 속도 보다 빠르고 광범위하게 인간의 역할을 대체하여, 인간과 알고리즘 사이의 분업과 임금·교 섭력·소득 분배는 물론 노동을 중심으로 형성된 산업·문화 구조까지 재편하는 리스크. 그 결과 비자발적 실직과 탈숙련화, 불평등 심화 가 발생하고 공급망과 권력 구조, 고용·교육에 관한 기존 사회 규범이 불안정해진다.","The risk that AI-driven automation substitutes for human roles faster and more broadly than workers and institutions can adapt, reshaping the division of labour between humans and algorithms along with wages, bargaining power, income distribution, and the industrial and cultural structures built around work. Involuntary job loss, deskilling, and widening inequality follow, together with instability in supply chains, power structures, and established norms of employment and education.",False,False,,,,기존 리스크 작성 톤으로 L4 description 수정 + L4 description에서 AI 내용을 AI로 변경하며 수정,,General,SRC-G-0391,RAI4-0874,REWRITE_KEEP|PEER_REVIEW,분량 초과: L3 수준 1문장으로 축약 필요; 영문 정의 장문: 축약 필요,L3_MASTER|NIST_AI_RMF|OECD_AI_PRINCIPLES|KOREA_AI_BASIC_ACT,,General,SOURCE_DOMAIN,G_SOC_ECON,0.856862,L3_MASTER_VALIDATED
RAI4-0895,,,문화적 안정성 훼손,Cultural stability disruption,"알고리즘 시스템의 개발·사용이 소통 수단의 상실, 문화재의 상실, 사회적 가치 훼손 등 문화적 안정과 안전에 피해를 주는 리스크.","The risk that the development or use of algorithmic systems affects cultural stability and safety, such as loss of means of communication, loss of cultural property, and harm to social values.","알고리즘 시스템의 개발·사용이 소통 수단의 상실, 문화재의 상실, 사회적 가치 훼손 등 문 화적 안정과 안전에 피해를 주는 리스크","The risk that the development or use of algorithmic systems affects cultural stability and safety, such as loss of means of communication, loss of cultural property, and harm to social values.",False,False,,,,기존 리스크 작성 톤으로 L4 description 수정 + L4 description에서 AI 내용을 AI로 변경하며 수정,,General,SRC-G-0392,RAI4-0895,REWRITE_KEEP|PEER_REVIEW,Peer-review spacing restoration,L3_MASTER|NIST_AI_RMF|OECD_AI_PRINCIPLES|KOREA_AI_BASIC_ACT,,General,SOURCE_DOMAIN,G_SOC_CULT,0.738239,L3_MASTER_VALIDATED
RAI4-0897,,,사회적 적응 지체로 인한 혼란,Disruptions from outpaced societal adaptation,"범용 AI 모델을 자동화 도구로 지나치게 빠르게 대규모 채택하여 사회의 효과적 적응 능력을 앞지름으로써, 노동 시장·교육 제도·공적 담론의 문제와 다양한 정신 건강 문제 등 혼란이 발생하는 리스크.","The risk that overly rapid adoption of general-purpose AI models as automation tools at scale outpaces the ability of society to adapt effectively, leading to disruptions including challenges in the labour market, the education system, and public discourse, and various mental health concerns.","범용 AI 모델을 자동화 도구로 지나치게 빠르 게 대규모 채택하여 사회의 효과적 적응 능력 을 앞지름으로써, 노동시장·교육제도·공적 담 론의 문제와 다양한 정신건강 문제 등 혼란이 발생하는 리스크","The risk that overly rapid adoption of general-purpose AI models as automation tools at scale outpaces the ability of society to adapt effectively, leading to disruptions including challenges in the labour market, the education system, and public discourse, and various mental health concerns.",False,False,,,,기존 리스크 작성 톤으로 L4 description 수정 + L4 description에서 AI 내용을 AI로 변경하며 수정,,General,SRC-G-0393,RAI4-0897,REWRITE_KEEP|PEER_REVIEW,Peer-review spacing restoration,L3_MASTER|NIST_AI_RMF|OECD_AI_PRINCIPLES|KOREA_AI_BASIC_ACT,,General,SOURCE_DOMAIN,G_SOC_ECON,0.760054,L3_MASTER_VALIDATED
RAI4-0956,,,공유된 현실감각의 상실,Loss of shared sense of reality,AI 시스템 또는 AI 알고리즘의 설계·학습·배포·사용 과정이 고도로 개인화된 온라인 뉴스 피드로 인해 사회가 공유된 현실 감각과 기본적 연대를 상실하는 리스크.,"The risk that an AI system or AI algorithm, through design, training, deployment, or use, creates a condition in which highly personalized online news feeds cause society to lose a shared sense of reality and basic solidarity.",고도로 개인화된 온라인 뉴스 피드로 인해 사 회가 공유된 현실감각과 기본적 연대를 상실하는 리스크.,The risk that highly personalized online news feeds cause society to lose a shared sense of reality and basic solidarity.,False,False,,,,기존 리스크 작성 톤으로 L4 description 수정 + L4 description에서 AI 내용을 AI로 변경하며 수정,,General,SRC-G-0395,RAI4-0956,REWRITE_KEEP|PEER_REVIEW|L3_AI_GROUNDING,"Bilingual definition grounded in an explicit AI technology, causal mechanism, and immutable L3 scope",L3_MASTER|NIST_AI_RMF|OECD_AI_PRINCIPLES|KOREA_AI_BASIC_ACT|L3_MASTER,G_SOC_CULT,General,SOURCE_DOMAIN,G_SOC_CULT,0.632582,L3_MASTER_AI_REWRITE
RAI4-1240,,,광범위한 목표로 인한 조작 행동,Manipulative behaviour from broadlyscoped goals,"장기간에 걸치고 복잡한 과업과 개방형 환경을 다루는 광범위한 목표를 발전시키는 고급 AI 시스템이, 인간의 행복을 달성한다며 고압적 직무를 설득하는 것처럼 조작적 행동을 하도록 유인되는 리스크.","The risk that advanced AI systems developing objectives that span long timeframes, deal with complex tasks, and operate in open-ended settings are encouraged into manipulating behaviors, such as persuading humans to do highpressure jobs to achieve their happiness.","장기간에 걸치고 복잡한 과업과 개방형 환경 을 다루는 광범위한 목표를 발전시키는 고급 AI 시스템이, 인간의 행복을 달성한다며 고압 적 직무를 설득하는 것처럼 조작적 행동을 하도록 유인되는 리스크.","The risk that advanced AI systems developing objectives that span long timeframes, deal with complex tasks, and operate in open-ended settings are encouraged into manipulating behaviors, such as persuading humans to do highpressure jobs to achieve their happiness.",False,False,,,,기존 리스크 작성 톤으로 L4 description 수정 + L4 description에서 AI 내용을 AI로 변경하며 수정,,General,SRC-G-0396,RAI4-1240,REWRITE_KEEP|PEER_REVIEW,Peer-review spacing restoration,L3_MASTER|NIST_AI_RMF|OECD_AI_PRINCIPLES|KOREA_AI_BASIC_ACT,,General,SOURCE_DOMAIN,G_INT_UNETH,0.755093,L3_MASTER_VALIDATED
RAI4-1302,,,인간 멸종,Human-extinction risk,고도 AI 시스템이 인류 문명이나 인류 종을 비가역적으로 종식할 수 있는 인과 과정을 시작하거나 지원하거나 증폭하는 리스크.,"The risk that advanced AI systems initiate, enable, or amplify causal processes capable of irreversibly ending human civilization or the human species.",고도 AI 시스템이 인류 문명이나 인류 종을 비 가역적으로 종식할 수 있는 인과 과정을 시작 하거나 지원하거나 증폭하는 리스크.,"The risk that advanced AI systems initiate, enable, or amplify causal processes capable of irreversibly ending human civilization or the human species.",False,False,,,,기존 리스크 작성 톤으로 L4 description 수정 + L4 description에서 AI 내용을 AI로 변경하며 수정,,General,SRC-G-0397,RAI4-1302,REWRITE_KEEP|PEER_REVIEW,Peer-review spacing restoration,L3_MASTER|NIST_AI_RMF|OECD_AI_PRINCIPLES|KOREA_AI_BASIC_ACT,,General,SOURCE_DOMAIN,G_SOC_ECON,0.741501,L3_MASTER_VALIDATED
RAI4-1339,,,글로벌 AI 공급망 교란,Global AI supply chain disruption,기술 장벽과 수출 제한 등 일방적 강압 조치가 고도로 글로벌화된 AI 공급망을 악의적으로 교란하여 칩·소프트웨어·도구의 공급 중단이 발생하는 리스크.,"The risk that unilateral coercive measures such as technology barriers and export restrictions maliciously disrupt the highly globalized AI supply chain, causing significant supply disruptions for chips, software, and tools.",기술 장벽과 수출 제한 등 일방적 강압 조치가 고도로 글로벌화된 AI 공급망을 악의적으로 교란하여 칩·소프트웨어·도구의 공급 중단이 발생하는 리스크.,"The risk that unilateral coercive measures such as technology barriers and export restrictions maliciously disrupt the highly globalized AI supply chain, causing significant supply disruptions for chips, software, and tools.",False,False,,,,기존 리스크 작성 톤으로 L4 description 수정 + L4 description에서 AI 내용을 AI로 변경하며 수정,,General,SRC-G-0398,RAI4-1339,REWRITE_KEEP|PEER_REVIEW,Peer-review spacing restoration,L3_MASTER|NIST_AI_RMF|OECD_AI_PRINCIPLES|KOREA_AI_BASIC_ACT,,General,SOURCE_DOMAIN,G_SOC_ECON,0.734698,L3_MASTER_VALIDATED
RAI4-1421,,,민주적 절차 훼손,Undermining of democratic processes,"AI의 발전으로 기업과 정부가 개인의 삶에 대해 전례 없는 통제력을 갖고, 대규모 개인 데이터 수집과 안면 인식 기술을 통한 인구 감시·영향 및 언어 모델 기반 설득 도구를 통해 민주적 절차가 훼손되는 리스크.","The risk that developments in AI give companies and governments more control over individuals' lives than ever before and are used to undermine democratic processes, through collection of large amounts of personal data and facial recognition technology to surveil and influence populations and through language-model-based tools that persuade people of certain claims.","AI의 발전으로 기업과 정부가 개인의 삶에 대 해 전례 없는 통제력을 갖고, 대규모 개인 데이터 수집과 안면인식 기술을 통한 인구 감시·영향 및 언어 모델 기반 설득 도구를 통해 민 주적 절차가 훼손되는 리스크.","The risk that developments in AI give companies and governments more control over individuals' lives than ever before and are used to undermine democratic processes, through collection of large amounts of personal data and facial recognition technology to surveil and influence populations and through language-model-based tools that persuade people of certain claims.",False,False,,,,기존 리스크 작성 톤으로 L4 description 수정 + L4 description에서 AI 내용을 AI로 변경하며 수정,,General,SRC-G-0399,RAI4-1421,REWRITE_KEEP|PEER_REVIEW|TITLE_TERMINOLOGY_NORMALISATION,Formulaic AI involvement removed from the risk title; the harm or failure is named using an immutable-L3-compatible term family documented by authoritative institutions,L3_MASTER|NIST_AI_RMF|OECD_AI_PRINCIPLES|KOREA_AI_BASIC_ACT,,General,SOURCE_DOMAIN,G_SOC_DEMOC,0.814703,L3_MASTER_VALIDATED
RAI4-1585,,,유해 작업 자동화에 의한 피해 규모 증폭,Amplified harm scale from automated harmful workflows,AI가 유해한 작업 흐름을 자동화하거나 확장하여 그 속도·도달 범위·지속성·표적 수가 크게 증가하는 리스크.,"The risk that AI automates or expands a harmful workflow so that its speed, reach, persistence, or target count substantially increases.",AI가 유해한 작업 흐름을 자동화하거나 확장하여 그 속도·도달 범위·지속성·표적 수가 크 게 증가하는 리스크.,"The risk that AI automates or expands a harmful workflow so that its speed, reach, persistence, or target count substantially increases.",False,False,,,,기존 리스크 작성 톤으로 L4 description 수정 + L4 description에서 AI 내용을 AI로 변경하며 수정,,General,SRC-G-0400,RAI4-1585,REWRITE_KEEP|PEER_REVIEW,Peer-review spacing restoration,L3_MASTER|NIST_AI_RMF|OECD_AI_PRINCIPLES|KOREA_AI_BASIC_ACT,,General,SOURCE_DOMAIN,G_SYS_OEXT,0.725874,L3_MASTER_VALIDATED
RAI4-1618,,,자율 사이버 공격을 통한 인간 통제 감소,Human control reduction through autonomous cyber offence,"AI 시스템이 컴퓨터 시스템 취약점을 악용해 자금, 컴퓨팅, 핵심 인프라에 접근하고 궁극적으로 자율적 사이버 공격을 수행하여 인간 통제를 약화시키는 리스크.","The risk that AI systems acquire influence by exploiting computer-system vulnerabilities, gaining access to money, compute, and critical infrastructure, and eventually executing cyberattacks autonomously to reduce human control.","AI 시스템이 컴퓨터 시스템 취약점을 악용해 자금, 컴퓨팅, 핵심 인프라에 접근하고 궁극적 으로 자율적 사이버 공격을 수행하여 인간 통 제를 약화시키는 리스크","AI systems acquire influence by exploiting computer-system vulnerabilities, gaining access to money, compute, and critical infrastructure, and eventually executing cyberattacks autonomously to reduce human control.",False,False,,,,기존 리스크 작성 톤으로 L4 description 수정 + L4 description에서 AI 내용을 AI로 변경하며 수정,,General,SRC-G-0401,RAI4-1618,REWRITE_KEEP|PEER_REVIEW,Peer-review spacing restoration,L3_MASTER|NIST_AI_RMF|OECD_AI_PRINCIPLES|KOREA_AI_BASIC_ACT,,General,SOURCE_DOMAIN,G_SOC_DEMOC,0.761716,L3_MASTER_VALIDATED
RAI4-0056,,,AI 피해의 책임·구제 및 시정 경로 실패,"Failure of accountability, redress, and correction pathways for AI harms","AI 피해의 책임이 여러 행위자에게 분산되거나 이의 제기, 구제, 시정 절차가 부재·불투명·분절되어 피해자가 책임 주체를 확인하고 효과적인 구제를 받기 어려운 리스크.","The risk that responsibility for AI harms is diffused across actors or that contestation, remedy, and correction pathways are absent, opaque, or fragmented, preventing affected people from identifying accountable parties and obtaining effective redress.","AI로 매개된 피해나 결정 이후의 구제 경로가 부재하거나 불투명·분절적·비효과적이어서, 피해 당사자·공 동체·감독자가 실질적인 구제를 받지 못하고 유해한 결정이나 행동을 신속히 중지·번복·시정하지도 못하는 리스크.","The risk that pathways for redress after a harmful AI-mediated decision or action are absent, opaque, fragmented, or ineffective, so that affected users, communities, and supervisors can neither obtain a meaningful remedy nor promptly pause, reverse, or correct the harm.",False,False,,,1,"중복된 RAI4-0908(책임의 분산과 피해 구제의 공백)을 RAI4-0056 ""AI 피해에 대한 구제·시정 경로 실패""로 통합할 것. 단, 의미적으로 보존해야 하는 것은 description에 통합 보존할 것 || 중복된 RAI4-0908(책임의 분산과 피해 구제의 공백)을 RAI4-0056 ""AI 피해에 대한 구제·시정 경로 실패""로 통합할 것. 단, 의미적으로 보존해야 하는 것은 description에 통합 보존할 것",,General,SRC-G-0402,RAI4-0056|RAI4-0908,MERGE_REPRESENTATIVE|REWRITE_KEEP|PEER_REVIEW,Peer-review spacing restoration,L3_MASTER|NIST_AI_RMF|OECD_AI_PRINCIPLES|KOREA_AI_BASIC_ACT,,General,SOURCE_DOMAIN,G_SOC_GOV,0.81768,L3_MASTER_VALIDATED
RAI4-0058,,,추적성 실패,Traceability failure,"모델 출력, 데이터 출처, 버전, 책임 행위자를 AI 수명 주기 전반에 걸쳐 추적할 수 없는 리스크.","The risk that model outputs, data sources, versions, or responsible actors cannot be traced across the AI lifecycle.","모델 출력, 데이터 출처, 버전, 책임 행위자를 AI 수명주기 전반에 걸쳐 추적할 수 없는 리스크.","The risk that model outputs, data sources, versions, or responsible actors cannot be traced across the AI lifecycle.",False,False,,,,,,General,SRC-G-0403,RAI4-0058,REWRITE_KEEP|PEER_REVIEW,Peer-review spacing restoration,L3_MASTER|NIST_AI_RMF|OECD_AI_PRINCIPLES|KOREA_AI_BASIC_ACT,,General,SOURCE_DOMAIN,G_SYS_EVAL,0.731097,L3_MASTER_VALIDATED
RAI4-0076,,,라이프사이클 거버넌스 불연속성,Lifecycle governance discontinuity,"AI 시스템 또는 AI 알고리즘의 설계·학습·배포·사용 과정이 거버넌스 통제가 설계 단계에서만 적용되고 배포, 적응, 폐기 단계까지 유지되지 않는 리스크.","The risk that the design, training, deployment, or use of an AI system or AI algorithm creates a condition in which governance controls are applied at design time but not maintained through deployment, adaptation, and retirement.","거버넌스 통제가 설계 단계에서만 적용되고 배포, 적응, 폐기 단계까지 유지되지 않는 리스크.","The risk that governance controls are applied at design time but not maintained through deployment, adaptation, and retirement.",False,False,,,,,,General,SRC-G-0404,RAI4-0076,REWRITE_KEEP|PEER_REVIEW|L3_AI_GROUNDING,"Bilingual definition grounded in an explicit AI technology, causal mechanism, and immutable L3 scope",L3_MASTER|NIST_AI_RMF|OECD_AI_PRINCIPLES|KOREA_AI_BASIC_ACT|L3_MASTER,,General,SOURCE_DOMAIN,G_SOC_GOV,0.68305,L3_MASTER_AI_REWRITE
RAI4-0078,,,기본권 영향 평가 격차,Fundamental-rights impact assessment gap,"AI 시스템이 권리, 차별, 프라이버시, 민주주의에 미치는 영향에 대한 적절한 평가 없이 배포되는 리스크.","The risk that AI systems are deployed without adequate assessment of rights, discrimination, privacy, and democratic impacts.","AI 시스템이 권리, 차별, 프라이버시, 민주주의에 미치는 영향에 대한 적절한 평가 없이 배포되는 리스크.","The risk that AI systems are deployed without adequate assessment of rights, discrimination, privacy, and democratic impacts.",False,False,,,,,,General,SRC-G-0405,RAI4-0078,REWRITE_KEEP|PEER_REVIEW,Peer-review spacing restoration,L3_MASTER|NIST_AI_RMF|OECD_AI_PRINCIPLES|KOREA_AI_BASIC_ACT,,General,SOURCE_DOMAIN,G_INT_ALLOC,0.757437,L3_MASTER_VALIDATED
RAI4-0096,,,위험 소유권의 모호성,Risk ownership ambiguity,"어떤 조직 단위나 경영진도 AI 위험 결정, 잔여 위험 수용, 상향 보고의 책임을 명확히 지지 않는 리스크.","The risk that no unit or executive clearly owns AI risk decisions, residual risk acceptance, and escalation.","어떤 조직 단위나 경영진도 AI 위험 결정, 잔여 위험 수용, 상향 보고의 책임을 명확히 지지 않는 리스크.","The risk that no unit or executive clearly owns AI risk decisions, residual risk acceptance, and escalation.",False,False,,,,,,General,SRC-G-0406,RAI4-0096,REWRITE_KEEP|PEER_REVIEW,Peer-review spacing restoration,L3_MASTER|NIST_AI_RMF|OECD_AI_PRINCIPLES|KOREA_AI_BASIC_ACT,,General,SOURCE_DOMAIN,G_SOC_GOV,0.735034,L3_MASTER_VALIDATED
RAI4-0103,,,AI 공급망의 책임성·무결성 실패,AI supply-chain accountability and integrity failures,"모델 제공자, 데이터 제공자, 통합 업체, 클라우드 플랫폼, 배포 자로 이어지는 다층적 AI 공급망에서 책임성이 소실되는 한편 의존성·모델 가중치·데이터셋·배포 파이프라인이 상류에서 침해되어, 피해가 발생해도 책임 소재를 규명하지 못하거나 손상된 구성 요소가 시스템에 유입되는 리스크.","The risk that the layered AI supply chain of model providers, data providers, integrators, cloud platforms, and deployers both diffuses accountability and leaves dependencies, model weights, datasets, and deployment pipelines open to upstream compromise, so harms arise without a clearly responsible actor or with corrupted components in place.","모델 제공자, 데이터 제공자, 통합업체, 클라우드 플랫폼, 배포자로 이어지는 다층적 AI 공급망에서 책임성 이 소실되는 한편 의존성·모델 가중치·데이터셋·배포 파이프라인이 상류에서 침해되어, 피해가 발생해도 책임 소재를 규명하지 못하거나 손상된 구성요소가 시스템에 유입되는 리스크.","The risk that the layered AI supply chain of model providers, data providers, integrators, cloud platforms, and deployers both diffuses accountability and leaves dependencies, model weights, datasets, and deployment pipelines open to upstream compromise, so harms arise without a clearly responsible actor or with corrupted components in place.",False,False,,,,,,General,SRC-G-0407,RAI4-0103,REWRITE_KEEP|PEER_REVIEW,Peer-review spacing restoration,L3_MASTER|NIST_AI_RMF|OECD_AI_PRINCIPLES|KOREA_AI_BASIC_ACT,,General,SOURCE_DOMAIN,G_SOC_GOV,0.753078,L3_MASTER_VALIDATED
RAI4-0112,,,AI 위임에 따른 인간 의사결정 권한 이전,Displacement of human decision authority through AI delegation,"AI에 대한 반복적 위임으로 실질적 의사 결정 권한과 결정의 소유권이 명시적 거버넌스 결정 없이 특정 가능한 인간 행위자로부터 이전되고, 업무 흐름이 위임에 의존하게 되면서 권한을 인간 의사 결정자에게 되돌리는 일이 과도한 비용이 들거나 사실상 불가능해지는 리스크.","The risk that repeated delegation to AI shifts real decision authority and ownership away from identifiable human actors without an explicit governance choice, while workflows become so dependent on the delegation that returning authority to human decision makers grows costly or impractical.","AI에 대한 반복적 위임으로 실질적 의사결정 권한과 결정의 소유권이 명시적 거버넌스 결정 없이 특정 가 능한 인간 행위자로부터 이전되고, 업무 흐름이 위임에 의존하게 되면서 권한을 인간 의사결정자에게 되돌 리는 일이 과도한 비용이 들거나 사실상 불가능해지는 리스크.","The risk that repeated delegation to AI shifts real decision authority and ownership away from identifiable human actors without an explicit governance choice, while workflows become so dependent on the delegation that returning authority to human decision makers grows costly or impractical.",False,False,,,,,,General,SRC-G-0408,RAI4-0112,REWRITE_KEEP|PEER_REVIEW,Peer-review spacing restoration,L3_MASTER|NIST_AI_RMF|OECD_AI_PRINCIPLES|KOREA_AI_BASIC_ACT,,General,SOURCE_DOMAIN,G_SYS_OEXT,0.749644,L3_MASTER_VALIDATED
RAI4-0385,,,현지 규범·제도와의 불일치,Mismatch with local norms and institutions,"관할권을 넘어 이식된 AI 시스템과 거버넌스 프레임 워크가 법률, 관습, 언어, 제도적 관행, 발전 우선순위의 차이를 무시하고 한 맥락의 규범을 다른 맥락에 수출하여, 배포 지역의 제도, 공공 가치, 사회적 기대에 부합하지 못하는 리스크.","The risk that AI systems and governance frameworks transplanted across jurisdictions ignore differences in law, custom, language, institutional practice, and development priorities, exporting one context's norms into another and failing to fit the institutions, public values, and social expectations of the deployment context.","관할권을 넘어 이식된 AI 시스템과 거버넌스 프레임워크가 법률, 관습, 언어, 제도적 관행, 발전 우선순위 의 차이를 무시하고 한 맥락의 규범을 다른 맥락에 수출하여, 배포 지역의 제도, 공공 가치, 사회적 기대에 부합하지 못하는 리스크.","The risk that AI systems and governance frameworks transplanted across jurisdictions ignore differences in law, custom, language, institutional practice, and development priorities, exporting one context's norms into another and failing to fit the institutions, public values, and social expectations of the deployment context.",False,False,,,,,,General,SRC-G-0409,RAI4-0385,REWRITE_KEEP|PEER_REVIEW,Peer-review spacing restoration,L3_MASTER|NIST_AI_RMF|OECD_AI_PRINCIPLES|KOREA_AI_BASIC_ACT,,General,SOURCE_DOMAIN,G_SOC_GOV,0.758357,L3_MASTER_VALIDATED
RAI4-0386,,,AI 시스템에 대한 고착화된 의존,Entrenched dependence on AI systems,"개인, 기관, 중요 부문이 검사·통제할 수 없는 외부 통제 시스템과 이용자 복지보다 반복적 이용을 유도하도록 최적화된 시스템을 포함한 AI에 운영상·행동상 의존하게 되어, 실패가 사회적·제도적 피해로 대규모 전파되고 의존을 되돌리기 어렵거나 불가능해지는 리스크.","The risk that individuals, institutions, and critical sectors become operationally and behaviorally dependent on AI systems, including externally controlled systems they cannot inspect or govern and systems optimized for engagement over user welfare, so that failures propagate into large-scale social and institutional harm and the dependence becomes difficult or impossible to reverse.","개인, 기관, 중요 부문이 검사·통제할 수 없는 외부 통제 시스템과 이용자 복지보다 반복적 이용을 유도하도 록 최적화된 시스템을 포함한 AI에 운영상·행동상 의존하게 되어, 실패가 사회적·제도적 피해로 대규모 전 파되고 의존을 되돌리기 어렵거나 불가능해지는 리스크.","The risk that individuals, institutions, and critical sectors become operationally and behaviorally dependent on AI systems, including externally controlled systems they cannot inspect or govern and systems optimized for engagement over user welfare, so that failures propagate into largescale social and institutional harm and the dependence becomes difficult or impossible to reverse.",False,False,,,,,,General,SRC-G-0410,RAI4-0386,REWRITE_KEEP|PEER_REVIEW,Peer-review spacing restoration,L3_MASTER|NIST_AI_RMF|OECD_AI_PRINCIPLES|KOREA_AI_BASIC_ACT,,General,SOURCE_DOMAIN,G_SOC_GOV,0.789324,L3_MASTER_VALIDATED
RAI4-0409,,,현지 책임 없는 현지화,Localization without local accountability,"모델이 언어적으로만 현지화되고 책임성은 외부 제공자·규범·평가 체제에 귀속되어, 현지 공동체가 자기 언어로 작동하는 시스템에 대한 거버넌스 권한을 갖지 못하는 리스크.","The risk that models are linguistically localized while remaining accountable to external providers, norms, and evaluation regimes, leaving local communities without governance authority over systems that operate in their language.","모델이 언어적으로만 현지화되고 책임성은 외부 제공자·규범·평가 체제에 귀속되어, 현지 공동체가 자기 언어로 작동하는 시스템에 대한 거버넌스 권한을 갖지 못하는 리스크","Models are linguistically localized while remaining accountable to external providers, norms, and evaluation regimes, leaving local communities without governance authority over systems that operate in their language.",False,False,,,,,,General,SRC-G-0411,RAI4-0409,REWRITE_KEEP|PEER_REVIEW,Peer-review spacing restoration,L3_MASTER|NIST_AI_RMF|OECD_AI_PRINCIPLES|KOREA_AI_BASIC_ACT,,General,SOURCE_DOMAIN,G_SOC_GOV,0.681834,L3_MASTER_VALIDATED
RAI4-0488,,,AI 발전에 뒤처지는 규제 지체,Regulatory lag behind AI development,"AI 발전과 AI가 가속하는 과학·기술 진보의 속도가 정책·법·거버넌스 제도의 대응을 앞질러, 새로운 역량과 배포가 불충분한 규율 아래 진행되고 특히 강력하거나 위험한 기술의 폐해가 확대되는 리스크.","The risk that the pace of AI development and AI-accelerated scientific progress outstrips policy, legal, and governance institutions, so emerging capabilities and deployments proceed under insufficient rules and the harms of especially powerful or dangerous technologies are magnified.","AI 발전과 AI가 가속하는 과학·기술 진보의 속도가 정책·법·거버넌스 제도의 대응을 앞질러, 새로운 역량과 배포가 불충분한 규율 아래 진행되고 특히 강력하거나 위험한 기술의 폐해가 확대되는 리스크.","The risk that the pace of AI development and AI-accelerated scientific progress outstrips policy, legal, and governance institutions, so emerging capabilities and deployments proceed under insufficient rules and the harms of especially powerful or dangerous technologies are magnified.",False,False,,,1,"규제 공백과 규제 지체는 다른 개념이라서 일단 L4를 유지할 것. 다만, 다음 적극적으로 통합을 하게 될 경우, 규제 지체를 규제 공백으로 통합하고, 규제 공백을 남길 것",,General,SRC-G-0412,RAI4-0488,REWRITE_KEEP|PEER_REVIEW,Peer-review spacing restoration,L3_MASTER|NIST_AI_RMF|OECD_AI_PRINCIPLES|KOREA_AI_BASIC_ACT,,General,SOURCE_DOMAIN,G_SOC_GOV,0.769588,L3_MASTER_VALIDATED
RAI4-0511,,,AI 보증·감독 메커니즘의 실패,Breakdown of AI assurance and oversight mechanisms,"AI의 복잡성, 예측 불가능성, 빠른 진화가 이를 보증·감독하기 위한 메커니즘을 무력화하여, 이사회는 가시성을 확보하지 못하고 감사는 제한된 접근과 취약한 기준 탓에 모델 리스크를 놓치며 시스템은 정확·일관된 출력과 보정된 신뢰도를 제공하지 못함으로써, 신뢰할 수 없는 동작이 탐지를 벗어나고 규제·감독의 체계적 실패로 이어지는 리스크.","The risk that the complexity, unpredictability, and rapid evolution of AI defeat the mechanisms meant to assure and oversee it, as boards lack visibility, audits miss model risks through limited access and weak standards, and systems fail to produce accurate, consistent outputs or calibrated confidence, so unreliable behavior escapes detection and systemic regulatory and oversight failure follows.","AI의 복잡성, 예측 불가능성, 빠른 진화가 이를 보증·감독하기 위한 메커니즘을 무력화하여, 이사회는 가시 성을 확보하지 못하고 감사는 제한된 접근과 취약한 기준 탓에 모델 리스크를 놓치며 시스템은 정확·일관된 출력과 보정된 신뢰도를 제공하지 못함으로써, 신뢰할 수 없는 동작이 탐지를 벗어나고 규제·감독의 체 계적 실패로 이어지는 리스크.","The risk that the complexity, unpredictability, and rapid evolution of AI defeat the mechanisms meant to assure and oversee it, as boards lack visibility, audits miss model risks through limited access and weak standards, and systems fail to produce accurate, consistent outputs or calibrated confidence, so unreliable behavior escapes detection and systemic regulatory and oversight failure follows.",False,False,,,,,,General,SRC-G-0413,RAI4-0511,REWRITE_KEEP|PEER_REVIEW,영문 정의 장문: 축약 필요,L3_MASTER|NIST_AI_RMF|OECD_AI_PRINCIPLES|KOREA_AI_BASIC_ACT,,General,SOURCE_DOMAIN,G_SYS_EVAL,0.800878,L3_MASTER_VALIDATED
RAI4-0535,,,국제법적 규율 곤란,Resistance to international legal control,AI 모델과 시스템이 국제법에 따른 규제나 통제에 실효적으로 포섭되기 어려워지는 리스크.,The risk that AI models and systems prove difficult to regulate or control under international law.,AI 모델과 시스템이 국제법에 따른 규제나 통제에 실효적으로 포섭되기 어려워지는 리스크,The risk that AI models and systems prove difficult to regulate or control under international law.,False,False,,,,,,General,SRC-G-0414,RAI4-0535,REWRITE_KEEP|PEER_REVIEW,Peer-review spacing restoration,L3_MASTER|NIST_AI_RMF|OECD_AI_PRINCIPLES|KOREA_AI_BASIC_ACT,,General,SOURCE_DOMAIN,G_SOC_GOV,0.725994,L3_MASTER_VALIDATED
RAI4-0555,,,통제되지 않는 자기개선과 AGI 통제 상실,Uncontrolled self-improvement and loss of AGI control,고도 AI가 반복적 자기 개선을 통해 능력과 자율성을 확대하고 교정·중단·격리에 저항하여 개발 또는 배포 과정에서 인간의 통제 가능성을 상실하게하는 리스크.,"The risk that advanced AI expands its capability and autonomy through iterative self-improvement, resists correction, shutdown, or containment, and causes a loss of human control during development or deployment.","AI 시스템이 자신이나 다른 AI를 개선하고 자체 구조를 재구성하거나 고유한 동기를 형성하여 역량 증분 순환과 모든 상황에서 예측할 수 없는 행동을 만들어 내고, 고역량 시스템이 교정·중단·종료에 저항하며 인 간 이익에 해로운 목표를 추구하는 데 이르러, 갑작스럽고 실존적인 통제력 상실로까지 번질 수 있는 리스크.","The risk that AI systems improve themselves or other AI systems, restructure their own architectures, or develop their own motivations, forming capability-increment cycles and behaviors that cannot be predicted in every situation, until a highly capable system pursues objectives harmful to human interests while resisting correction, interruption, or shutdown, potentially escalating to sudden and existential loss of control.",False,False,,,,"중복된 RAI4-0969를 RAI4-0555(통제되지 않는 자기개선·통제 상실)으로 통합. 단, 의미적으로 보존해야하는 description 정보는 가능한 보존시킬 것.",,General,SRC-G-0415,RAI4-0555|RAI4-0969,MERGE_REPRESENTATIVE|REWRITE_KEEP|PEER_REVIEW,Peer-review spacing restoration,L3_MASTER|NIST_AI_RMF|OECD_AI_PRINCIPLES|KOREA_AI_BASIC_ACT,,General,SOURCE_DOMAIN,G_SYS_OEXT,0.749758,L3_MASTER_VALIDATED
RAI4-0942,,,고도 AI에 의한 실존적·재앙적,Existential and catastrophic risk from advanced AI systems,"AI 시스템 또는 AI 알고리즘의 설계·학습·배포·사용 과정이 인간 수준 이상의 지능을 갖춘 시스템이 기만적·권력 추구적 행동, 자기 복제, 종료 회피, 예기치 못한 창발 역량, 대량 살상 목적의 무기화를 통해 인간의 통제를 벗어나는 리스크. 이러한 시스템은 인간의 이익에 반하는 행동을 수행하여 인류에 재앙적이거나 실존적인 피해를 입힐 수 있는 리스크.","The risk that an AI system or AI algorithm, through design, training, deployment, or use, creates a condition in which human-level or superintelligent systems escape human control through deceptive or power-seeking behaviour, self-replication, shutdown evasion, unforeseen emergent capabilities, or weaponization for mass destruction. Such systems may act contrary to human interests and inflict catastrophic or existential harm on humanity.","인간 수준 이상의 지능을 갖춘 시스템이 기만적·권력추구적 행동, 자기복제, 종료 회피, 예기치 못한 창발 역량, 대량살상 목적의 무기화를 통해 인간의 통제를 벗어나는 리스크. 이러한 시스템은 인간의 이익에 반하는 행동을 수행하여 인류에 재앙적이거나 실존적인 피해를 입힐 수 있다.","The risk that human-level or superintelligent systems escape human control through deceptive or power-seeking behaviour, self-replication, shutdown evasion, unforeseen emergent capabilities, or weaponization for mass destruction. Such systems may act contrary to human interests and inflict catastrophic or existential harm on humanity.",False,False,,,1,,,General,SRC-G-0417,RAI4-0942,REWRITE_KEEP|PEER_REVIEW|L3_AI_GROUNDING,"Bilingual definition grounded in an explicit AI technology, causal mechanism, and immutable L3 scope",L3_MASTER|NIST_AI_RMF|OECD_AI_PRINCIPLES|KOREA_AI_BASIC_ACT|L3_MASTER,,General,SOURCE_DOMAIN,G_INT_UNETH,0.760749,L3_MASTER_AI_REWRITE
RAI4-0947,,,생성형 AI에 대한 규제 공백,Regulatory gap for generative AI,"생성형 AI의 새로운 리스크에 대응할 법적 규제, 국제 공조, 프런티어 모델에 대한 구속력 있는 안전 기준과 제재 메커니즘이 부재하여 리스크가 관리되지 않는 리스크.","The risk that the absence of legal regulation, international coordination, binding safety standards for frontier models, and mechanisms to sanction non-compliance leaves the novel risks of generative AI unmanaged.","생성형 AI의 새로운 리스크에 대응할 법적 규제, 국제 공조, 프런티어 모델에 대한 구속력 있는 안전 기준 과 제재 메커니즘이 부재하여 리스크가 관리되지 않는 리스크.","The risk that the absence of legal regulation, international coordination, binding safety standards for frontier models, and mechanisms to sanction non-compliance leaves the novel risks of generative AI unmanaged.",False,False,,,1,"규제 공백과 규제 지체는 다른 개념이라서 일단 L4를 유지할 것. 다만, 다음 적극적으로 통합을 하게 될 경우, 규제 지체를 규제 공백으로 통합하고, 규제 공백을 남길 것",,General,SRC-G-0418,RAI4-0947,REWRITE_KEEP|PEER_REVIEW,Peer-review spacing restoration,L3_MASTER|NIST_AI_RMF|OECD_AI_PRINCIPLES|KOREA_AI_BASIC_ACT,,General,SOURCE_DOMAIN,G_SOC_GOV,0.765141,L3_MASTER_VALIDATED
RAI4-0972,,,도덕적 추론·가치 정렬 결손,Deficits in moral reasoning and value alignment,AI가 도덕적으로 허용되는 행동과 허용되지 않는 행동을 적절히 구분하지 못하거나 필요한 가치가 누락·오 정렬되어 유해한 판단과 행동을 산출하는 리스크.,"The risk that AI cannot adequately distinguish morally permissible from impermissible conduct, or operates with missing or misaligned values, leading to harmful judgements and actions.","인간의 도덕과 윤리가 없는, 잘못된 도덕, 도덕적 추론, 판단 능력이 없는 AGI와 관련된 위험.","The risks associated with an AGI without human morals and ethics, with the wrong morals, without the capability of moral reasoning, judgement.",True,True,,,,"RAI4-0972와 RAI4-1310을 통합하여 하나의 리스크 카드를 생성할 것. 통합된 리스크 명칭을 생성할 것. Description 정보는 통합된 리스크 명칭에 맞도록 수정할 것. 단, 두개의 리스크 카드의 의미를 가능한 보존시킬 것 || RAI4-0972와 RAI4-1310을 통합하여 하나의 리스크 카드를 생성할 것. 통합된 리스크 명칭을 생성할 것. Description 정보는 통합된 리스크 명칭에 맞도록 수정할 것. 단, 두개의 리스크 카드의 의미를 가능한 보존시킬 것",,General,SRC-G-0420,RAI4-0972|RAI4-1310,MERGE_REPRESENTATIVE|REWRITE_KEEP|PEER_REVIEW,Peer-review spacing restoration,L3_MASTER|NIST_AI_RMF|OECD_AI_PRINCIPLES|KOREA_AI_BASIC_ACT,,General,SOURCE_DOMAIN,G_SOC_GOV,0.755405,L3_MASTER_VALIDATED
RAI4-0973,,,AGI에 대한 리스크 관리·법제도의 부적절성,Inadequate risk management and legal processes for AGI,AI 시스템 또는 AI 알고리즘의 설계·학습·배포·사용 과정이 현행 리스크 관리 및 법적 절차의 역량이 AGI 개발을 적절히 관리하지 못하는 리스크.,"The risk that the design, training, deployment, or use of an AI system or AI algorithm creates a condition in which the capabilities of current risk management and legal processes are inadequate to manage the development of an AGI.",현행 리스크 관리 및 법적 절차의 역량이 AGI 개발을 적절히 관리하지 못하는 리스크.,The risk that the capabilities of current risk management and legal processes are inadequate to manage the development of an AGI.,False,False,,,,,,General,SRC-G-0421,RAI4-0973,REWRITE_KEEP|PEER_REVIEW|L3_AI_GROUNDING,"Bilingual definition grounded in an explicit AI technology, causal mechanism, and immutable L3 scope",L3_MASTER|NIST_AI_RMF|OECD_AI_PRINCIPLES|KOREA_AI_BASIC_ACT|L3_MASTER,,General,SOURCE_DOMAIN,G_SYS_EVAL,0.691379,L3_MASTER_AI_REWRITE
RAI4-0974,,,비정렬 AGI 실존적 재난,Existential catastrophe from unaligned AGI,"AI 시스템 또는 AI 알고리즘의 설계·학습·배포·사용 과정이 인간의 가치·의도와 정렬되지 않은 AGI가 인간의 통제를 벗어나 인류 전체에 회복 불가능한 대규모 피해나 문명의 붕괴, 인류의 존속 위협 등 실존적 재난을 초래하는 리스크.","The risk that the design, training, deployment, or use of an AI system or AI algorithm creates a condition in which an AGI unaligned with human values and intentions escapes human control and brings about an existential catastrophe—irreversible large-scale harm to humanity, civilizational collapse, or a threat to human survival.","비우호적인 AGI의 위험, 인류의 고통을 포함하여 일반적으로 인류 전체에 가해지는 위험.","The risks posed generally to humanity as a whole, including the dangers of unfriendly AGI, the suffering of the human race.",True,True,,,,. 중복: RAI4-0942(고도 AI에 의한 실존적·재앙적 위험),,General,SRC-G-0422,RAI4-0974,REWRITE_KEEP|PEER_REVIEW|L3_AI_GROUNDING,"Bilingual definition grounded in an explicit AI technology, causal mechanism, and immutable L3 scope",L3_MASTER|NIST_AI_RMF|OECD_AI_PRINCIPLES|KOREA_AI_BASIC_ACT|L3_MASTER,,General,SOURCE_DOMAIN,G_SYS_INCONS,0.695439,L3_MASTER_AI_REWRITE
RAI4-1017,,,이상 조건에서의 성능·견고성·복원력 실패,"Failure of performance, robustness, and resilience under adverse conditions","AI 시스템이 의도된 목적을 달성하지 못하고, 악의적 공격이나 데이터 오염, 환경 잡음, 연계 구성 요소의 고장으로 입력이 비정상적으로 변할 때 성능을 안정적으로 유지하거나 그 영향에서 회복하지 못하는 리스크. 신뢰할 수 없는 모델과 오류에 취약한 에이전트가 그대로 운용되어 이에 의존하는 이들에게 심각한 결과를 초래하는 리스크.","The risk that an AI system fails to fulfil its intended purpose and cannot maintain stable performance, or recover, when inputs are disturbed by malicious attack, data poisoning, environmental noise, or failures in connected components. Unreliable models and error-prone agents remain in operation, producing severe consequences for those who depend on them.","AI 시스템이 의도된 목적을 달성하지 못하고, 악의적 공격이나 데이터 오염, 환경 잡음, 연계 구성요소의 고장으로 입력이 비정상적으로 변할 때 성능을 안정적으로 유지하거나 그 영향에서 회복하지 못하는 리스크. 신뢰할 수 없는 모델과 오류에 취약한 에이전트가 그대로 운용되어 이에 의존하는 이들에게 심각한 결과를 초래한다.","The risk that an AI system fails to fulfil its intended purpose and cannot maintain stable performance, or recover, when inputs are disturbed by malicious attack, data poisoning, environmental noise, or failures in connected components. Unreliable models and error-prone agents remain in operation, producing severe consequences for those who depend on them.",False,False,,,,,,General,SRC-G-0423,RAI4-1017,REWRITE_KEEP|PEER_REVIEW,분량 초과: L3 수준 1문장으로 축약 필요,L3_MASTER|NIST_AI_RMF|OECD_AI_PRINCIPLES|KOREA_AI_BASIC_ACT,,General,SOURCE_DOMAIN,G_SYS_SECADV,0.818655,L3_MASTER_VALIDATED
RAI4-1150,,,폭주 프로세스,Runaway processes,"상호 작용하는 AI 비서와 인간, 알고리즘 사이의 양의 피드백 루프가 2010년 플래시 크래시 같은 예측하기 어려운 폭주 프로세스를 낳아, 경제와 정부 제도, 사회 안정, 개인의 자유에 영향을 미치는 리스크.","The risk that positive feedback loops among interacting AI assistants, their principals, other humans, and algorithms produce hard-to-predict runaway processes, such as the 2010 flash crash, impacting economies, government institutions, societal stability, or individual freedoms.","상호작용하는 AI 비서와 인간, 알고리즘 사이의 양의 피드백 루프가 2010년 플래시 크래시 같은 예측하기 어려운 폭주 프로세스를 낳아, 경제와 정부 제도, 사회 안정, 개인의 자유에 영향을 미치는 리스크.","The risk that positive feedback loops among interacting AI assistants, their principals, other humans, and algorithms produce hard-to-predict runaway processes, such as the 2010 flash crash, impacting economies, government institutions, societal stability, or individual freedoms.",False,False,,,,,,General,SRC-G-0424,RAI4-1150,REWRITE_KEEP|PEER_REVIEW,Peer-review spacing restoration,L3_MASTER|NIST_AI_RMF|OECD_AI_PRINCIPLES|KOREA_AI_BASIC_ACT,,General,SOURCE_DOMAIN,G_SOC_GOV,0.688025,L3_MASTER_VALIDATED
RAI4-1331,,,설명가능성 결손에 따른 시정·책임 추적 불능,Explainability deficits impeding rectification and accountability,"딥 러닝으로 대표되는 AI 알고리즘의 복잡한 내부 동작과 블랙박스 또는 그 레이 박스 추론으로 산출 물이 예측하거나 추적할 수 없게 되어, 이상이 생겼을 때 신속히 시정하거나 책임 소재를 추적할 수 없는 리스크.","The risk that the complex internal workings and black-box or grey-box inference of AI algorithms such as deep learning result in unpredictable and untraceable outputs, making it challenging to quickly rectify them or trace their origins for accountability when anomalies arise.","딥러닝으로 대표되는 AI 알고리즘의 복잡한 내부 동작과 블랙박스 또는 그레이박스 추론으로 산출물이 예 측하거나 추적할 수 없게 되어, 이상이 생겼을 때 신속히 시정하거나 책임 소재를 추적할 수 없는 리스크.","The risk that the complex internal workings and black-box or grey-box inference of AI algorithms such as deep learning result in unpredictable and untraceable outputs, making it challenging to quickly rectify them or trace their origins for accountability when anomalies arise.",False,False,,,,,,General,SRC-G-0425,RAI4-1331,REWRITE_KEEP|PEER_REVIEW,Peer-review spacing restoration,L3_MASTER|NIST_AI_RMF|OECD_AI_PRINCIPLES|KOREA_AI_BASIC_ACT,,General,SOURCE_DOMAIN,G_SOC_GOV,0.724442,L3_MASTER_VALIDATED
RAI4-1485,,,AI 구성요소 상호작용의 원인 규명 곤란,Unclear attribution of harm from AI component interactions,서로 다른 AI 구성 요소 간의 상호 작용이 피해를 유발하지만 어떤 구성 요소가 원인인지 특정하기 어려운 리스크.,The risk that interactions between different AI components cause harm while it remains difficult to pinpoint which components are the cause.,서로 다른 AI 구성요소 간의 상호작용이 피해를 유발하지만 어떤 구성요소가 원인인지 특정하기 어려운 리스크.,The risk that interactions between different AI components cause harm while it remains difficult to pinpoint which components are the cause.,False,False,,,,,,General,SRC-G-0426,RAI4-1485,REWRITE_KEEP|PEER_REVIEW,Peer-review spacing restoration,L3_MASTER|NIST_AI_RMF|OECD_AI_PRINCIPLES|KOREA_AI_BASIC_ACT,,General,SOURCE_DOMAIN,G_SOC_GOV,0.744958,L3_MASTER_VALIDATED
RAI4-1720,,,정보·책임 구조 부재에 의한 책임 귀속 불가,Unassignable responsibility from absent system information and accountability structures,AI 시스템에 관한 접근 가능한 정보와 그 결과에 대한 책임을 할당하는 조직 구조가 부재하여 책임 귀속이 불가능해지는 리스크.,The risk that the absence of accessible information about an AI system and of organizational structures assigning responsibility for its outcomes makes responsibility unassignable.,AI 시스템에 관한 접근 가능한 정보와 그 결과에 대한 책임을 할당하는 조직 구조가 부재하여 책임 귀속이 불가능해지는 리스크.,The risk that the absence of accessible information about an AI system and of organizational structures assigning responsibility for its outcomes makes responsibility unassignable.,False,False,,,,,,General,SRC-G-0427,RAI4-1720,REWRITE_KEEP|PEER_REVIEW,Peer-review spacing restoration,L3_MASTER|NIST_AI_RMF|OECD_AI_PRINCIPLES|KOREA_AI_BASIC_ACT,,General,SOURCE_DOMAIN,G_SOC_GOV,0.786797,L3_MASTER_VALIDATED
RAI4-0123,F04,"IC, GL, DP",인간 존엄성 침식,Erosion of human dignity,"AI가 매개하는 처우가 사람을 프로필·점수·행동 표적으로 환원하거나 지능의 위계 속에서 인간을 열등한 존재로 취급하게하여, 인간에 대한 존중과 존엄성, 동등한 도덕적 지위를 침식하는 리스크.","The risk that AI-mediated treatment undermines respect for persons, whether by reducing people to profiles, scores, and behavioral targets or by casting humans as lesser within hierarchies of intelligence, eroding human dignity and equal moral standing.","AI가 매개하는 처우가 사람을 프로필·점수·행동 표적으로 환원하거나 지능의 위계 속에서 인간을 열등한 존재로 취급하게하여, 인간에 대한 존중과 존엄성, 동등한 도덕적 지위를 침식하는 리스크.","The risk that AI-mediated treatment undermines respect for persons, whether by reducing people to profiles, scores, and behavioral targets or by casting humans as lesser within hierarchies of intelligence, eroding human dignity and equal moral standing.",False,False,Hate and unfairness 관점이 다름,,,Fairness > Hate and Unfairness로 통합,,General,SRC-G-0428,RAI4-0123,REWRITE_KEEP|PEER_REVIEW,Peer-review spacing restoration,L3_MASTER|NIST_AI_RMF|OECD_AI_PRINCIPLES|KOREA_AI_BASIC_ACT,,General,SOURCE_DOMAIN,G_SOC_CULT,0.749272,L3_MASTER_VALIDATED
RAI4-0162,,,전문적 판단력 위축,Professional judgment atrophy,AI 시스템이 전문 업무의 일상적 매개자가 되면서 도메인 전문가의 판단 역량이 쇠퇴하는 리스크.,The risk that domain professionals lose judgment capacity as AI systems become routine intermediaries in expert work.,AI 시스템이 전문 업무의 일상적 매개자가 되면서 도메인 전문가의 판단 역량이 쇠퇴하는 리스크.,The risk that domain professionals lose judgment capacity as AI systems become routine intermediaries in expert work.,False,False,보완 검토_Sensitive Uses L3 취지(전문가 판단 대체)와 연결 가능하나 장기 사용패턴 리스크라 응답 단위 판정 어려움. 우선순위 낮은 삭제에 가까움,,,,,General,SRC-G-0429,RAI4-0162,REWRITE_KEEP|PEER_REVIEW,Peer-review spacing restoration,L3_MASTER|NIST_AI_RMF|OECD_AI_PRINCIPLES|KOREA_AI_BASIC_ACT,,General,SOURCE_DOMAIN,G_SYS_OEXT,0.718226,L3_MASTER_VALIDATED
RAI4-0362,F04,"IC, GL, DP",지배적 가치의 부과,Imposition of dominant values,"AI 시스템이 다수·지배 집단 또는 제도의 가치에 특권을 부여하고 소수의 선호를 잡음이나 오류로 처리하여, 대규모 배포를 통해 서로 다른 규범을 지닌 공동체의 현지 가치 체계를 대체하는 리스크.","The risk that AI systems privilege majority, dominant-group, or institutional values while treating minority preferences as noise or error, displacing the local value systems of communities holding different norms through scaled deployment.","AI 시스템이 다수·지배 집단 또는 제도의 가치에 특권을 부여하고 소수의 선호를 잡음이나 오류로 처리하 여, 대규모 배포를 통해 서로 다른 규범을 지닌 공동체의 현지 가치 체계를 대체하는 리스크.","The risk that AI systems privilege majority, dominant-group, or institutional values while treating minority preferences as noise or error, displacing the local value systems of communities holding different norms through scaled deployment.",False,False,Hate and unfairness 관점이 다름,,,,,General,SRC-G-0430,RAI4-0362,REWRITE_KEEP|PEER_REVIEW,Peer-review spacing restoration,L3_MASTER|NIST_AI_RMF|OECD_AI_PRINCIPLES|KOREA_AI_BASIC_ACT,,General,SOURCE_DOMAIN,G_INT_VALUE,0.857477,L3_MASTER_VALIDATED
RAI4-0369,F04,"IC, GL, DP",AI에 의한 문화적·이념적 동질화,Cultural and ideological homogenization by AI,"소수의 전 세계적으로 배포된 모델이 특정 가치와 문화를 내재하고 과대 재현한 출력을 통해 공동체 간 윤리적 판단, 이념, 문화적 표현을 균질화하여, 정당한 규범적·문화적 다양성을 축소하는 리스크.","The risk that a small number of globally deployed models, whose outputs embed and overrepresent particular values and cultures, homogenize ethical judgment, ideology, and cultural expression across communities, flattening legitimate normative and cultural diversity.","소수의 전 세계적으로 배포된 모델이 특정 가치와 문화를 내재하고 과대재현한 출력을 통해 공동체 간 윤 리적 판단, 이념, 문화적 표현을 균질화하여, 정당한 규범적·문화적 다양성을 축소하는 리스크.","The risk that a small number of globally deployed models, whose outputs embed and overrepresent particular values and cultures, homogenize ethical judgment, ideology, and cultural expression across communities, flattening legitimate normative and cultural diversity.",False,False,Hate and unfairness 관점이 다름,,1,"중복: RAI4-0698(가치 고착 및 결과 동질화)와 ""문화·가치 동질화""",,General,SRC-G-0431,RAI4-0369,REWRITE_KEEP|PEER_REVIEW,Peer-review spacing restoration,L3_MASTER|NIST_AI_RMF|OECD_AI_PRINCIPLES|KOREA_AI_BASIC_ACT,,General,SOURCE_DOMAIN,G_INT_VALUE,0.849004,L3_MASTER_VALIDATED
RAI4-0370,F04,"IC, GL, DP",상황에 구애받지 않는 보편주의,Context-insensitive universalism,AI 시스템이 현지의 법적·문화적·제도적·역사적 맥락을 고려하지 않고 보편화된 도덕·정책 규칙을 적용하여 배포 관할에서 타당하지 않은 판단을 산출하는 리스크.,"The risk that AI systems apply universalized moral or policy rules without sensitivity to local legal, cultural, institutional, or historical context, producing judgments invalid in the deployment jurisdiction.",AI 시스템이 현지의 법적·문화적·제도적·역사적 맥락을 고려하지 않고 보편화된 도덕·정책 규칙을 적용하 여 배포 관할에서 타당하지 않은 판단을 산출하는 리스크,"AI systems apply universalized moral or policy rules without sensitivity to local legal, cultural, institutional, or historical context, producing judgments invalid in the deployment jurisdiction.",False,False,Hate and unfairness 관점이 다름,,,,,General,SRC-G-0432,RAI4-0370,REWRITE_KEEP|PEER_REVIEW,Peer-review spacing restoration,L3_MASTER|NIST_AI_RMF|OECD_AI_PRINCIPLES|KOREA_AI_BASIC_ACT,,General,SOURCE_DOMAIN,G_SYS_CONTEXT,0.741188,L3_MASTER_VALIDATED
RAI4-0372,F04,"IC, GL, DP",문화·종교·사회 집단에 대한 왜곡 표상,"Misrepresentation of cultures, religions, and social groups","AI 시스템이 문화적 관행, 종교 전통, 정치적 가치, 역사, 사회 집단을 부정확하거나 불공정하거나 모욕적으로 표상하여, 다원적 해석을 단일한 권위적 서사로 붕괴시키거나 동의·맥락 없이 문화적 표현을 재생산하거나 비하적·독성 콘텐츠를 생성함으로써 해당 공동체에 모욕, 전유, 상징적 피해를 야기하는 리스크.","The risk that AI systems inaccurately, unfairly, or disrespectfully represent cultural practices, religious traditions, political values, histories, and social groups, whether by collapsing plural interpretations into a single authoritative account, reproducing cultural expressions without consent or context, or generating derogatory and toxic content, causing offense, misappropriation, and symbolic harm to the communities depicted.","AI 시스템이 문화적 관행, 종교 전통, 정치적 가치, 역사, 사회 집단을 부정확하거나 불공정하거나 모욕적 으로 표상하여, 다원적 해석을 단일한 권위적 서사로 붕괴시키거나 동의·맥락 없이 문화적 표현을 재생산 하거나 비하적·독성 콘텐츠를 생성함으로써 해당 공동체에 모욕, 전유, 상징적 피해를 야기하는 리스크.","The risk that AI systems inaccurately, unfairly, or disrespectfully represent cultural practices, religious traditions, political values, histories, and social groups, whether by collapsing plural interpretations into a single authoritative account, reproducing cultural expressions without consent or context, or generating derogatory and toxic content, causing offense, misappropriation, and symbolic harm to the communities depicted.",False,False,Hate and unfairness 관점이 다름,,,,,General,SRC-G-0433,RAI4-0372,REWRITE_KEEP|PEER_REVIEW,Peer-review spacing restoration,L3_MASTER|NIST_AI_RMF|OECD_AI_PRINCIPLES|KOREA_AI_BASIC_ACT,,General,SOURCE_DOMAIN,G_INT_POL,0.781097,L3_MASTER_VALIDATED
RAI4-0388,,,AI에 의한 문화적 인식론 말살,Cultural epistemicide by AI,AI 시스템이 지배적 지식 형식을 일관되게 더 신뢰할 만하고 유용한 것으로 순위화하여 지역·토착 지식 체계를 주변화하거나 소거하는 리스크.,"The risk that AI systems consistently rank dominant epistemic forms as more credible or useful, marginalizing or erasing local and indigenous knowledge systems.",AI 시스템이 지배적 지식 형식을 일관되게 더 신뢰할 만하고 유용한 것으로 순위화하여 지역·토착 지식 체 계를 주변화하거나 소거하는 리스크,"AI systems consistently rank dominant epistemic forms as more credible or useful, marginalizing or erasing local and indigenous knowledge systems.",False,False,Hate and unfairness 아님_Anthrophmorphism추천,,,,,General,SRC-G-0434,RAI4-0388,REWRITE_KEEP|PEER_REVIEW,Peer-review spacing restoration,L3_MASTER|NIST_AI_RMF|OECD_AI_PRINCIPLES|KOREA_AI_BASIC_ACT,,General,SOURCE_DOMAIN,G_SOC_CULT,0.786901,L3_MASTER_VALIDATED
RAI4-0390,F04,"IC, GL, DP",영향받는 공동체 배제,Affected-community exclusion,AI 시스템의 영향을 받는 집단이 가치·피해·평가 기준·허용 가능한 상충 조정을 정의하는 과정에서 배제되는 리스크.,"The risk that groups affected by an AI system are not included in defining values, harms, evaluation criteria, or acceptable tradeoffs.",AI 시스템의 영향을 받는 집단이 가치·피해·평가 기준·허용 가능한 상충 조정을 정의하는 과정에서 배제되 는 리스크.,"The risk that groups affected by an AI system are not included in defining values, harms, evaluation criteria, or acceptable tradeoffs.",False,False,Hate and unfairness 관점이 다름,,,,,General,SRC-G-0435,RAI4-0390,REWRITE_KEEP|PEER_REVIEW,Peer-review spacing restoration,L3_MASTER|NIST_AI_RMF|OECD_AI_PRINCIPLES|KOREA_AI_BASIC_ACT,,General,SOURCE_DOMAIN,G_INT_VALUE,0.698808,L3_MASTER_VALIDATED
RAI4-0394,,,이슬람 윤리 정렬 실패,Islamic ethical alignment failure,AI 시스템이 이슬람 윤리 원칙·법적 추론·공동체별 도덕적 기대를 표현하지 못하는 리스크.,"The risk that AI systems fail to represent Islamic ethical principles, legal reasoning, or communityspecific moral expectations.",AI 시스템이 이슬람 윤리 원칙·법적 추론·공동체별 도덕적 기대를 표현하지 못하는 리스크.,"The risk that AI systems fail to represent Islamic ethical principles, legal reasoning, or communityspecific moral expectations.",False,False,기존 대체가능,,,,,General,SRC-G-0436,RAI4-0394,REWRITE_KEEP|PEER_REVIEW,Peer-review spacing restoration,L3_MASTER|NIST_AI_RMF|OECD_AI_PRINCIPLES|KOREA_AI_BASIC_ACT,,General,SOURCE_DOMAIN,G_SYS_EVAL,0.715404,L3_MASTER_VALIDATED
RAI4-0396,F04,"IC, GL, DP",세속적 기본값 편향,Secular default bias,AI 시스템이 세속적 가정을 중립적 기본 값으로 취급하고 종교적·영적 가치 체계를 과소 대표하는 리스크.,The risk that AI systems treat secular assumptions as neutral defaults while underrepresenting religious or spiritual value systems.,AI 시스템이 세속적 가정을 중립적 기본값으로 취급하고 종교적·영적 가치 체계를 과소 대표하는 리스크.,The risk that AI systems treat secular assumptions as neutral defaults while underrepresenting religious or spiritual value systems.,False,False,Hate and unfairness 관점이 다름,,,,,General,SRC-G-0437,RAI4-0396,REWRITE_KEEP|PEER_REVIEW,Peer-review spacing restoration,L3_MASTER|NIST_AI_RMF|OECD_AI_PRINCIPLES|KOREA_AI_BASIC_ACT,,General,SOURCE_DOMAIN,G_INT_VALUE,0.802547,L3_MASTER_VALIDATED
RAI4-0398,,,헌법적 AI 가치 단일문화,Constitutional AI value monoculture,AI 시스템 또는 AI 알고리즘의 설계·학습·배포·사용 과정이 고정된 헌법·규칙 기반 정렬 계층이 하나의 도덕적 어휘를 다원적 공적 추론의 범용 대체물로 내장하는 리스크.,"The risk that the design, training, deployment, or use of an AI system or AI algorithm creates a condition in which a fixed constitutional or rule-based alignment layer embeds one moral vocabulary as a general-purpose substitute for plural public reasoning.",고정된 헌법·규칙 기반 정렬 계층이 하나의 도덕적 어휘를 다원적 공적 추론의 범용 대체물로 내장하는 리스크.,The risk that a fixed constitutional or rule-based alignment layer embeds one moral vocabulary as a general-purpose substitute for plural public reasoning.,False,False,기존 대체가능,,,,,General,SRC-G-0438,RAI4-0398,REWRITE_KEEP|PEER_REVIEW|L3_AI_GROUNDING,"Bilingual definition grounded in an explicit AI technology, causal mechanism, and immutable L3 scope",L3_MASTER|NIST_AI_RMF|OECD_AI_PRINCIPLES|KOREA_AI_BASIC_ACT|L3_MASTER,,General,SOURCE_DOMAIN,G_INT_VALUE,0.731368,L3_MASTER_AI_REWRITE
RAI4-0410,F04,"IC, GL, DP",존대·공손 규범 보존 실패,Honorific and politeness norm failure,AI 시스템이 언어 공동체에서 윤리적 의미를 지니는 존대·공손·위계·관계 규범을 보존하지 못하는 리스크.,"The risk that AI systems fail to preserve honorific, politeness, hierarchy, or relational norms that carry ethical meaning in a language community.",AI 시스템이 언어 공동체에서 윤리적 의미를 지니는 존대·공손·위계·관계 규범을 보존하지 못하는 리스크.,"The risk that AI systems fail to preserve honorific, politeness, hierarchy, or relational norms that carry ethical meaning in a language community.",False,False,Hate and unfairness 관점이 다름,,,,,General,SRC-G-0439,RAI4-0410,REWRITE_KEEP|PEER_REVIEW,Peer-review spacing restoration,L3_MASTER|NIST_AI_RMF|OECD_AI_PRINCIPLES|KOREA_AI_BASIC_ACT,,General,SOURCE_DOMAIN,G_SYS_CONTEXT,0.744974,L3_MASTER_VALIDATED
RAI4-0412,F04,"IC, GL, DP",원주민 데이터 주권 침해,Indigenous data sovereignty violation,AI 개발이 집단적 거버넌스·동의·출처·통제를 존중하지 않고 토착 또는 공동체 보유 데이터를 사용하는 리스크.,"The risk that AI development uses indigenous or community-held data without respecting collective governance, consent, provenance, or control.",AI 개발이 집단적 거버넌스·동의·출처·통제를 존중하지 않고 토착 또는 공동체 보유 데이터를 사용하는 리스크.,"The risk that AI development uses indigenous or community-held data without respecting collective governance, consent, provenance, or control.",False,False,Hate and unfairness 관점이 다름,,,,,General,SRC-G-0440,RAI4-0412,RETAIN|PEER_REVIEW,Peer-review spacing restoration,L3_MASTER|NIST_AI_RMF|OECD_AI_PRINCIPLES|KOREA_AI_BASIC_ACT,,General,SOURCE_DOMAIN,G_SOC_GOV,0.697662,L3_MASTER_VALIDATED
RAI4-0413,,,문화 데이터 출처 손실,Cultural data provenance loss,AI 파이프라인이 문화 데이터를 그 기원·관리 조건·공동체 고유의 의미로부터 분리하는 리스크.,"The risk that AI pipelines detach cultural data from its origin, stewardship conditions, and community-specific meaning.",AI 파이프라인이 문화 데이터를 그 기원·관리 조건·공동체 고유의 의미로부터 분리하는 리스크.,"The risk that AI pipelines detach cultural data from its origin, stewardship conditions, and community-specific meaning.",False,False,삭제_문화적 박탈(#1)과 유사 개념이므로 별도 추가보다 #1과 통합 검토 권장,,,,,General,SRC-G-0441,RAI4-0413,REWRITE_KEEP|PEER_REVIEW,Peer-review spacing restoration,L3_MASTER|NIST_AI_RMF|OECD_AI_PRINCIPLES|KOREA_AI_BASIC_ACT,,General,SOURCE_DOMAIN,G_SOC_CULT,0.733524,L3_MASTER_VALIDATED
RAI4-0417,F04,"IC, GL, DP",인간 피드백 데이터의 편향·비일관성,Bias and inconsistency in human feedback data,"AI 시스템 또는 AI 알고리즘의 설계·학습·배포·사용 과정이 주석 자·피드백 작업자의 인구 통계적 구성, 비일관성, 암묵적이거나 고의적인 편향이 사실과 다른 선호 데이터를 만들어 중립적 인간 선호처럼 보이면서 정렬 행동을 형성하며, 인간이 평가하기 어려운 복잡한 과업일수록 이러한 왜곡이 심해지는 리스크.","The risk that an AI system or AI algorithm, through design, training, deployment, or use, creates a condition in which the demographics, inconsistencies, and implicit or deliberate biases of annotators and feedback workers produce untruthful preference data that shape alignment behavior while appearing as neutral human preference, a distortion that grows more salient for complex tasks humans find hard to evaluate.","주석자·피드백 작업자의 인구통계적 구성, 비일관성, 암묵적이거나 고의적인 편향이 사실과 다른 선호 데이터를 만들어 중립적 인간 선호처럼 보이면서 정렬 행동을 형성하며, 인간이 평가하기 어려운 복잡한 과 업일수록 이러한 왜곡이 심해지는 리스크.","The risk that the demographics, inconsistencies, and implicit or deliberate biases of annotators and feedback workers produce untruthful preference data that shape alignment behavior while appearing as neutral human preference, a distortion that grows more salient for complex tasks humans find hard to evaluate.",False,False,Hate and unfairness 관점이 다름,,,,,General,SRC-G-0442,RAI4-0417,REWRITE_KEEP|PEER_REVIEW|L3_AI_GROUNDING,"Bilingual definition grounded in an explicit AI technology, causal mechanism, and immutable L3 scope",L3_MASTER|NIST_AI_RMF|OECD_AI_PRINCIPLES|KOREA_AI_BASIC_ACT|L3_MASTER,,General,SOURCE_DOMAIN,G_SYS_INCONS,0.722753,L3_MASTER_AI_REWRITE
RAI4-0423,F04,"IC, GL, DP",AI 의사결정에 의한 인간 행위주체성·감독·공정 대우의 침식,"Erosion of human agency, oversight, and equitable treatment by AI","과잉 의존과 자동화 편향, 중대한 결정의 위임, 출력에 대한 검토·이의 제기·무효화 능력의 약화, 감독에 저항하며 권력과 자원을 추구하는 시스템을 통해 사람에 대한 결정 권한이 AI로 이전되고, 편향된 데이터·목표·배포 조건이 그 자동화된 결정을 왜곡하는 리스크. 그 결과 개인과 집단은 기회·서비스의 차별적 배분에 노출되고, 인간의 자율성·숙련·감독·통제력은 점진적으로, 때로는 비가역적으로 침식되는 리스크.","The risk that decision power over people shifts to AI systems, whether through overreliance and automation bias, delegation of high-stakes choices, weakened ability to inspect, contest, or override outputs, or systems that resist oversight and seek power and resources, while biased data, objectives, and deployment conditions skew the resulting automated decisions. Individuals and groups are consequently subjected to discriminatory allocation of opportunities and services, and human autonomy, skill, oversight, and control erode progressively and potentially irreversibly.","과잉 의존과 자동화 편향, 중대한 결정의 위임, 출력에 대한 검토·이의제기·무효화 능력의 약화, 감독에 저 항하며 권력과 자원을 추구하는 시스템을 통해 사람에 대한 결정 권한이 AI로 이전되고, 편향된 데이터·목 표·배포 조건이 그 자동화된 결정을 왜곡하는 리스크. 그 결과 개인과 집단은 기회·서비스의 차별적 배분에 노출되고, 인간의 자율성·숙련·감독·통제력은 점진적으로, 때로는 비가역적으로 침식된다.","The risk that decision power over people shifts to AI systems, whether through overreliance and automation bias, delegation of high-stakes choices, weakened ability to inspect, contest, or override outputs, or systems that resist oversight and seek power and resources, while biased data, objectives, and deployment conditions skew the resulting automated decisions. Individuals and groups are consequently subjected to discriminatory allocation of opportunities and services, and human autonomy, skill, oversight, and control erode progressively and potentially irreversibly.",False,False,Hate and unfairness 관점이 다름,,,,,General,SRC-G-0443,RAI4-0423,REWRITE_KEEP|PEER_REVIEW,분량 초과: L3 수준 1문장으로 축약 필요; 영문 정의 장문: 축약 필요,L3_MASTER|NIST_AI_RMF|OECD_AI_PRINCIPLES|KOREA_AI_BASIC_ACT,,General,SOURCE_DOMAIN,G_SOC_CULT,0.802942,L3_MASTER_VALIDATED
RAI4-0424,F04,"IC, GL, DP",차별적 영향,Disparate impact,AI 결정이 명시적 차별 의도 없이도 특정 집단에 체계적으로 더 나쁜 결과를 부과하는 리스크.,The risk that AI decisions impose systematically worse outcomes on a group even without explicit discriminatory intent.,AI 결정이 명시적 차별 의도 없이도 특정 집단에 체계적으로 더 나쁜 결과를 부과하는 리스크.,The risk that AI decisions impose systematically worse outcomes on a group even without explicit discriminatory intent.,False,False,Hate and unfairness 관점이 다름,,,,,General,SRC-G-0444,RAI4-0424,REWRITE_KEEP|PEER_REVIEW,Peer-review spacing restoration,L3_MASTER|NIST_AI_RMF|OECD_AI_PRINCIPLES|KOREA_AI_BASIC_ACT,,General,SOURCE_DOMAIN,G_INT_ALLOC,0.820244,L3_MASTER_VALIDATED
RAI4-0430,F04,"IC, GL, DP",저자원 언어 사용자 배제,Low-resource language exclusion,AI 시스템이 현지·저자원·소수 언어에서 성능이 저하되어 해당 사용자를 배제하는 리스크.,"The risk that AI systems underperform for local, low-resource, or minority languages and exclude affected users.",AI 시스템이 현지·저자원·소수 언어에서 성능이 저하되어 해당 사용자를 배제하는 리스크.,"The risk that AI systems underperform for local, low-resource, or minority languages and exclude affected users.",False,False,Hate and unfairness 관점이 다름_risk정의 그 자체,,,,,General,SRC-G-0445,RAI4-0430,REWRITE_KEEP|PEER_REVIEW,Peer-review spacing restoration,L3_MASTER|NIST_AI_RMF|OECD_AI_PRINCIPLES|KOREA_AI_BASIC_ACT,,General,SOURCE_DOMAIN,G_INT_ALLOC,0.749284,L3_MASTER_VALIDATED
RAI4-0497,,,AI 개발 경쟁에서의 안전 후순위화,Safety deprioritization in AI development races,"AI 시스템 또는 AI 알고리즘의 설계·학습·배포·사용 과정이 AGI를 향한 경쟁을 포함하여 역량을 먼저 출시하려는 경쟁 압력이 행위자들로하여금 안전 조치, 시험, 감독을 후순위로 미루게하여, 품질이 낮고 안전하지 않은 시스템이 만들어지고 정치·통제 문제가 심화되는 리스크.","The risk that an AI system or AI algorithm, through design, training, deployment, or use, creates a condition in which competitive pressure to ship capabilities first, including the race toward AGI, leads actors to deprioritize safety measures, testing, and oversight, producing poor-quality, unsafe systems and heightening political and control problems.","AGI를 향한 경쟁을 포함하여 역량을 먼저 출시하려는 경쟁 압력이 행위자들로하여금 안전 조치, 시험, 감 독을 후순위로 미루게하여, 품질이 낮고 안전하지 않은 시스템이 만들어지고 정치·통제 문제가 심화되는 리스크.","The risk that competitive pressure to ship capabilities first, including the race toward AGI, leads actors to deprioritize safety measures, testing, and oversight, producing poor-quality, unsafe systems and heightening political and control problems.",False,False,삭제_산업 전체 개발경쟁 구도에 대한 리스크로 특정 챗봇 응답 평가와 무관 (GPT 동의),,,,,General,SRC-G-0446,RAI4-0497,REWRITE_KEEP|PEER_REVIEW|L3_AI_GROUNDING,"Bilingual definition grounded in an explicit AI technology, causal mechanism, and immutable L3 scope",L3_MASTER|NIST_AI_RMF|OECD_AI_PRINCIPLES|KOREA_AI_BASIC_ACT|L3_MASTER,,General,SOURCE_DOMAIN,G_SOC_POWER,0.721187,L3_MASTER_AI_REWRITE
RAI4-0556,,,운용 경계를 벗어난 자율 복제와 자원 획득,Autonomous replication and resource acquisition beyond operational boundaries,"AI가 승인된 운용 경계를 벗어나 외부로 유출·복제되고, 자금·연산 자원·도구·인간의 지원을 확보하며 감시와 중단을 회피하여 통제 불가능성을 확대하는 리스크.","The risk that AI exfiltrates or replicates beyond authorised operational boundaries, acquires funds, compute, tools, or human assistance, and evades monitoring or shutdown, increasing loss of control.","AI가 자율적으로 자기 유출과 기능적 복제본의 생성·유지·최적화를 수행하고 환경과 자원 제약에 따라 복 제 전략을 조정하며, 재원을 창출해 직접 확보할 수 없는 인적 지원과 자원을 획득하는 리스크","The risk that an AI autonomously self-exfiltrates, creates, maintains, and optimizes functional copies of itself, dynamically adjusts replication strategies to environmental and resource constraints, and generates financial resources to acquire human assistance or other resources it cannot directly access.",False,False,매핑부적합_Hate_and_Unfairness 아님_Anthropomorphism이동,,1,"RAI4-1164을 RAI4-0556으로 통합시킬 것. 단, 통합과정에서 description에 대한 한글과 영문에서 의미적으로 보존해야 하는 것을 보존하고, 하나의 완결된 리스크 정의서로 만들것. 중언부언 최소화 할 것. || RAI4-1164을 RAI4-0556으로 통합시킬 것. 단, 통합과정에서 description에 대한 한글과 영문에서 의미적으로 보존해야 하는 것을 보존하고, 하나의 완결된 리스크 정의서로 만들것. 중언부언 최소화 할 것.",,General,SRC-G-0447,RAI4-0556|RAI4-1164,MERGE_REPRESENTATIVE|REWRITE_KEEP|PEER_REVIEW,Peer-review spacing restoration,L3_MASTER|NIST_AI_RMF|OECD_AI_PRINCIPLES|KOREA_AI_BASIC_ACT,,General,SOURCE_DOMAIN,G_SYS_OEXT,0.786481,L3_MASTER_VALIDATED
RAI4-0557,,,배포된 AI의 의도치 않은 유해 결과,Unintended harmful outcomes of deployed AI,"의사 결정 자율성이나 광범위한 사회적 영향력이 부여된 AI 시스템이 예상치 못한 경로로 목표를 달성하거나 사고로 이어지는 방식으로 실패하거나 제작자가 이익·영향력을 좇아 고의로 방임한 부작용을 일으키는 등 제작자가 의도하지 않은 피해를 낳아, 표면상 유익한 시스템으로부터 광범위한 사회적 손해가 누적되는 리스크.","The risk that AI systems granted decision-making autonomy or broad societal reach produce harms their creators did not intend, whether by achieving goals through unforeseen pathways, failing in accident-prone ways, or generating side effects that developers willfully tolerate in pursuit of profit or influence, so widespread societal damage accrues from nominally beneficial systems.","의사결정 자율성이나 광범위한 사회적 영향력이 부여된 AI 시스템이 예상치 못한 경로로 목표를 달성하거 나 사고로 이어지는 방식으로 실패하거나 제작자가 이익·영향력을 좇아 고의로 방임한 부작용을 일으키는 등 제작자가 의도하지 않은 피해를 낳아, 표면상 유익한 시스템으로부터 광범위한 사회적 손해가 누적되는 리스크.","The risk that AI systems granted decision-making autonomy or broad societal reach produce harms their creators did not intend, whether by achieving goals through unforeseen pathways, failing in accident-prone ways, or generating side effects that developers willfully tolerate in pursuit of profit or influence, so widespread societal damage accrues from nominally beneficial systems.",False,False,삭제_지나치게 포괄적인 정의,,,,,General,SRC-G-0448,RAI4-0557,REWRITE_KEEP|PEER_REVIEW,Peer-review spacing restoration,L3_MASTER|NIST_AI_RMF|OECD_AI_PRINCIPLES|KOREA_AI_BASIC_ACT,,General,SOURCE_DOMAIN,G_INT_UNETH,0.761243,L3_MASTER_VALIDATED
RAI4-0562,,,AI 에이전트에 의한 강압과 갈취,Coercion and extortion by AI agents,"AI 에이전트가 사적으로 취득한 정보의 폭로 위협, 자원·운영 역량에 대한 공격, 신뢰할 수 있는 공약 능력을 악용한 위협으로 인간과 다른 AI 시스템을 강압·갈취하고 타인의 선택지를 강제로 제한하며, 방어 역량이 뒤처져 이러한 갈등이 저비용화·광범위화되고 탐지하기 어려워지는 리스크.","The risk that AI agents coerce and extort humans and other AI systems, whether by threatening to reveal privately obtained information, attacking resources and operational capacity, or exploiting credible-commitment abilities to make credible threats that limit others' options, while lagging defenses make such conflict cheaper, more widespread, and harder to detect.","AI 에이전트가 사적으로 취득한 정보의 폭로 위협, 자원·운영 역량에 대한 공격, 신뢰할 수 있는 공약 능력 을 악용한 위협으로 인간과 다른 AI 시스템을 강압·갈취하고 타인의 선택지를 강제로 제한하며, 방어 역량 이 뒤처져 이러한 갈등이 저비용화·광범위화되고 탐지하기 어려워지는 리스크.","The risk that AI agents coerce and extort humans and other AI systems, whether by threatening to reveal privately obtained information, attacking resources and operational capacity, or exploiting credible-commitment abilities to make credible threats that limit others' options, while lagging defenses make such conflict cheaper, more widespread, and harder to detect.",False,False,Hate_and_Unfairness아님_Agentic AI 리스크 축에 'Coercion' 유사 L3 신설 검토_Unhealthy / Dangerous Human-AI,,,,,General,SRC-G-0449,RAI4-0562,REWRITE_KEEP|PEER_REVIEW,Peer-review spacing restoration,L3_MASTER|NIST_AI_RMF|OECD_AI_PRINCIPLES|KOREA_AI_BASIC_ACT,,General,SOURCE_DOMAIN,G_INT_UNETH,0.73932,L3_MASTER_VALIDATED
RAI4-0580,,,이중용도 연구 역량 상승,Dual-use research capability uplift,"생명 과학부터 AI 개발 자체에 이르기까지 여러 분야의 연구를 가속하고 역량 상한을 높이는 AI 시스템이 유해한 응용에도 동일한 역량 상승을 제공하여, 대응 수단이 마련되기 전에 기존 위협의 더 위험한 변형, 새로운 생물·화학 무기, 더 유능한 이중 용도 AI 시스템의 개발을 가능하게하는 리스크.","The risk that AI systems accelerating research and raising capability ceilings across disciplines, from the life sciences to AI development itself, provide the same uplift to harmful applications, enabling more dangerous versions of existing threats, novel biological or chemical weapons, and more capable dual-use AI systems before countermeasures exist.","생명과학부터 AI 개발 자체에 이르기까지 여러 분야의 연구를 가속하고 역량 상한을 높이는 AI 시스템이 유해한 응용에도 동일한 역량 상승을 제공하여, 대응 수단이 마련되기 전에 기존 위협의 더 위험한 변형, 새 로운 생물·화학 무기, 더 유능한 이중용도 AI 시스템의 개발을 가능하게하는 리스크.","The risk that AI systems accelerating research and raising capability ceilings across disciplines, from the life sciences to AI development itself, provide the same uplift to harmful applications, enabling more dangerous versions of existing threats, novel biological or chemical weapons, and more capable dual-use AI systems before countermeasures exist.",False,False,Hate_and_Unfairness아님_Dual-use 연구역량 문제는 R&D/모델개발 단계 이슈로 콜센터 챗봇과 무관,,,,,General,SRC-G-0450,RAI4-0580,REWRITE_KEEP|PEER_REVIEW,Peer-review spacing restoration,L3_MASTER|NIST_AI_RMF|OECD_AI_PRINCIPLES|KOREA_AI_BASIC_ACT,,General,SOURCE_DOMAIN,G_SYS_OEXT,0.726307,L3_MASTER_VALIDATED
RAI4-0585,,,금융시스템 불안정,Financial-system instability,"초단타 거래, 시장 조성, 시스템 위험 관리에 통합된 AI가 거래를 가속하고 시장 스트레스 상황에서 예기치 못하게 거동하며, 동질적 기반 모델의 집중과 다중 에이전트 상호 작용이 상관된 의사 결정을 유발하여, 변동성이 증폭되고 금융 시스템 전반의 연쇄적 불안정이 촉발되는 리스크.","The risk that AI integrated into high-frequency trading, market-making, and systemic risk management accelerates transactions and behaves unexpectedly under market stress, while concentration of homogeneous foundation models and multi-agent interactions drive correlated decision-making, amplifying volatility and precipitating cascading instability across the financial system.","초단타 거래, 시장조성, 시스템 위험 관리에 통합된 AI가 거래를 가속하고 시장 스트레스 상황에서 예기치 못하게 거동하며, 동질적 기반모델의 집중과 다중 에이전트 상호작용이 상관된 의사결정을 유발하여, 변동 성이 증폭되고 금융 시스템 전반의 연쇄적 불안정이 촉발되는 리스크.","The risk that AI integrated into high-frequency trading, market-making, and systemic risk management accelerates transactions and behaves unexpectedly under market stress, while concentration of homogeneous foundation models and multi-agent interactions drive correlated decision-making, amplifying volatility and precipitating cascading instability across the financial system.",False,False,Hate_and_Unfairness아님_금융시장 구조적 리스크,,,,,General,SRC-G-0451,RAI4-0585,REWRITE_KEEP|PEER_REVIEW|TITLE_TERMINOLOGY_NORMALISATION,Formulaic AI involvement removed from the risk title; the harm or failure is named using an immutable-L3-compatible term family documented by authoritative institutions,L3_MASTER|NIST_AI_RMF|OECD_AI_PRINCIPLES|KOREA_AI_BASIC_ACT,,General,SOURCE_DOMAIN,G_SOC_POWER,0.704075,L3_MASTER_VALIDATED
RAI4-0601,,,자동화된 의사결정·무기체계의 비의도적 군사 확전,Unintended military escalation from automated decision and weapon systems,"정보 종합, 지휘 통제 권고, 자율 교전에 사용되는 AI 시스템이 인간의 실질적 검토 없이 오 경보나 취약한 가정에 따라 작동하는 리스크. 이로 인해 우발적 교전과 전쟁 범죄, 핵 충돌에 이르는 급속한 비의도적 확전이 발생하는 리스크.","The risk that AI systems used for intelligence synthesis, command and control recommendations, or autonomous engagement act on faulty warnings or brittle assumptions without effective human review. Such failures produce accidental engagements, war crimes, and rapid unintended escalation up to nuclear conflict.","정보 종합, 지휘통제 권고, 자율 교전에 사용되는 AI 시스템이 인간의 실질적 검토 없이 오경보나 취약한 가정에 따라 작동하는 리스크. 이로 인해 우발적 교전과 전쟁범죄, 핵 충돌에 이르는 급속한 비의도적 확전 이 발생한다.","The risk that AI systems used for intelligence synthesis, command and control recommendations, or autonomous engagement act on faulty warnings or brittle assumptions without effective human review. Such failures produce accidental engagements, war crimes, and rapid unintended escalation up to nuclear conflict.",False,False,Hate_and_Unfairness아님_Weaponization L3 정의(무기·공격수행 정보제공)와 가장 가까움.,,,,,General,SRC-G-0452,RAI4-0601,REWRITE_KEEP|PEER_REVIEW|TITLE_TERMINOLOGY_NORMALISATION,Formulaic AI involvement removed from the risk title; the harm or failure is named using an immutable-L3-compatible term family documented by authoritative institutions,L3_MASTER|NIST_AI_RMF|OECD_AI_PRINCIPLES|KOREA_AI_BASIC_ACT,,General,SOURCE_DOMAIN,G_INT_ILLEGAL,0.724847,L3_MASTER_VALIDATED
RAI4-0621,,,사이버 공격 역량 증강,Cyber-offence capability amplification,기존 사이버 위협이 AI로 인해 악화되어 LLM 에이전트 팀이 제로 데이 취약점 악용까지 수행하게 되고 사이 버전이 치명적 피해의 신뢰할 만한 위협이되는 리스크.,"The risk that AI exacerbates existing cyber threats, with teams of LLM agents able to exploit zeroday vulnerabilities, making cyberwarfare a credible threat of catastrophic harm.",기존 사이버 위협이 AI로 인해 악화되어 LLM 에이전트 팀이 제로데이 취약점 악용까지 수행하게 되고 사 이버전이 치명적 피해의 신뢰할 만한 위협이되는 리스크,"The risk that AI exacerbates existing cyber threats, with teams of LLM agents able to exploit zeroday vulnerabilities, making cyberwarfare a credible threat of catastrophic harm.",False,False,Hate_and_Unfairness아님_Weaponization에 이미 반영,,,,,General,SRC-G-0453,RAI4-0621,REWRITE_KEEP|PEER_REVIEW|TITLE_TERMINOLOGY_NORMALISATION,Formulaic AI involvement removed from the risk title; the harm or failure is named using an immutable-L3-compatible term family documented by authoritative institutions,L3_MASTER|NIST_AI_RMF|OECD_AI_PRINCIPLES|KOREA_AI_BASIC_ACT,,General,SOURCE_DOMAIN,G_SYS_SECADV,0.673956,L3_MASTER_VALIDATED
RAI4-0622,,,제3자 시스템 교란,Disruption of third-party systems,생성형 AI가 오작동 유발이나 사이버 공격 등을 통해 제3자 시스템과 그 구성 요소의 손상·중단·파괴를 촉진하는 리스크.,"The risk that generative AI facilitates the damage, disruption, or destruction of a third-party system and its components via malfunction, cyberattacks, and similar means.",생성형 AI가 오작동 유발이나 사이버 공격 등을 통해 제3자 시스템과 그 구성 요소의 손상·중단·파괴를 촉 진하는 리스크,"The risk that generative AI facilitates the damage, disruption, or destruction of a third-party system and its components via malfunction, cyberattacks, and similar means.",False,False,"Hate_and_Unfairness아님_Weaponization(사이버공격, 시스템파괴)에 기 반영",,,,,General,SRC-G-0454,RAI4-0622,REWRITE_KEEP|PEER_REVIEW|TITLE_TERMINOLOGY_NORMALISATION,Formulaic AI involvement removed from the risk title; the harm or failure is named using an immutable-L3-compatible term family documented by authoritative institutions,L3_MASTER|NIST_AI_RMF|OECD_AI_PRINCIPLES|KOREA_AI_BASIC_ACT,,General,SOURCE_DOMAIN,G_SOC_ECON,0.75068,L3_MASTER_VALIDATED
RAI4-0644,,,테러리스트의 첨단 AI 획득,Terrorist acquisition of advanced AI capabilities,강력한 AI 기술이 테러리스트의 손에 넘어가게되는 리스크.,The risk that powerful AI technologies fall into the hands of terrorists.,강력한 AI 기술이 테러리스트의 손에 넘어가게되는 리스크,The risk that powerful AI technologies fall into the hands of terrorists.,False,False,"삭제_흡수가능_Weaponization L3 취지(비확산/공공안전)와 연결. 신규보다 L4 예시로 흡수 검토, 콜센터 시나리오 발생가능성 매우 낮음",,,,,General,SRC-G-0456,RAI4-0644,REWRITE_KEEP|PEER_REVIEW,Peer-review spacing restoration,L3_MASTER|NIST_AI_RMF|OECD_AI_PRINCIPLES|KOREA_AI_BASIC_ACT,,General,SOURCE_DOMAIN,G_SOC_POWER,0.684829,L3_MASTER_VALIDATED
RAI4-0666,,,인지전과 주권 침해,Cognitive warfare and interference with sovereignty,"AI가 가짜 뉴스·이미지·음성·영상의 제작과 확산, 테러·극단주의·조직범죄 콘텐츠의 전파에 사용되어 타국의 내정과 사회 제도 및 사회 질서에 간섭하고 주권을 위협하는 리스크.","The risk that AI is used to make and spread fake news, images, audio, and videos and to propagate content of terrorism, extremism, and organized crime, interfering in the internal affairs, social systems, and social order of other countries and jeopardizing their sovereignty.","AI가 가짜 뉴스·이미지·음성·영상의 제작과 확산, 테러·극단주의·조직범죄 콘텐츠의 전파에 사용되어 타국 의 내정과 사회 제도 및 사회 질서에 간섭하고 주권을 위협하는 리스크","The risk that AI is used to make and spread fake news, images, audio, and videos and to propagate content of terrorism, extremism, and organized crime, interfering in the internal affairs, social systems, and social order of other countries and jeopardizing their sovereignty.",False,False,삭제_국가안보/지정학적 리스크로 챗봇 응답 평가와 무관. Political_Neutrality와 일부 개념 중첩 가능하나 국가단위라 스코프 밖 (GPT 동의),,,,,General,SRC-G-0457,RAI4-0666,REWRITE_KEEP|PEER_REVIEW|TITLE_TERMINOLOGY_NORMALISATION,Formulaic AI involvement removed from the risk title; the harm or failure is named using an immutable-L3-compatible term family documented by authoritative institutions,L3_MASTER|NIST_AI_RMF|OECD_AI_PRINCIPLES|KOREA_AI_BASIC_ACT,,General,SOURCE_DOMAIN,G_SYS_MISINFO,0.736686,L3_MASTER_VALIDATED
RAI4-0702,F04,"IC, GL, DP",콘텐츠 조정 알고리즘의 편향적 억압,Biased suppression by content-moderation algorithms,유해 콘텐츠 필터링을 목적으로하는 AI 기반 콘텐츠 조정 알고리즘이 편향을 영속시켜 여성 등 특정 집단의 콘텐츠를 불균형하게 억압하거나 노출을 제한하는 리스크.,"The risk that AI-based content moderation algorithms, while intended to filter harmful content, perpetuate biases and disproportionately suppress or shadowban content featuring particular groups such as women.",유해 콘텐츠 필터링을 목적으로하는 AI 기반 콘텐츠 조정 알고리즘이 편향을 영속시켜 여성 등 특정 집단 의 콘텐츠를 불균형하게 억압하거나 노출을 제한하는 리스크,"The risk that AI-based content moderation algorithms, while intended to filter harmful content, perpetuate biases and disproportionately suppress or shadowban content featuring particular groups such as women.",False,False,Hate and unfairness 관점이 다름_risk정의 그 자체,,,,,General,SRC-G-0458,RAI4-0702,REWRITE_KEEP|PEER_REVIEW,Peer-review spacing restoration,L3_MASTER|NIST_AI_RMF|OECD_AI_PRINCIPLES|KOREA_AI_BASIC_ACT,,General,SOURCE_DOMAIN,G_INT_VALUE,0.698166,L3_MASTER_VALIDATED
RAI4-0747,,,적대적 입력 조작에 대한 모델 취약성,Susceptibility of models to adversarial input manipulation,"AI 모델이 적대적 견고성을 갖추지 못하여, 서로 다른 구조의 모델에도 전이되는 감지 불가능한 섭 동이나 출력은 그대로 둔 채 설명만 임의로 바꾸는 잡음 등 정교하게 설계된 입력에 오도되는 리스크. 공격자는 이를 통해 내장 안전 장치와 정책적 경계를 우회하여 잘못된 산출과 운영 실패를 유발하며, 검토자는 이러한 조작을 알아채기 어렵다로 인해 구체적인 위해가 발생하는 리스크.","The risk that AI models lack adversarial robustness, so that carefully crafted inputs mislead them, whether through imperceptible perturbations that transfer across architectures or through noise that leaves outputs unchanged while arbitrarily rewriting their explanations. Attackers thereby bypass built-in safeguards and policy boundaries and induce incorrect outputs and operational failures that reviewers are unlikely to notice.","AI 모델이 적대적 견고성을 갖추지 못하여, 서로 다른 구조의 모델에도 전이되는 감지 불가능한 섭동이나 출력은 그대로 둔 채 설명만 임의로 바꾸는 잡음 등 정교하게 설계된 입력에 오도되는 리스크. 공격자는 이 를 통해 내장 안전장치와 정책적 경계를 우회하여 잘못된 산출과 운영 실패를 유발하며, 검토자는 이러한 조작을 알아채기 어렵다.","The risk that AI models lack adversarial robustness, so that carefully crafted inputs mislead them, whether through imperceptible perturbations that transfer across architectures or through noise that leaves outputs unchanged while arbitrarily rewriting their explanations. Attackers thereby bypass built-in safeguards and policy boundaries and induce incorrect outputs and operational failures that reviewers are unlikely to notice.",False,False,"삭제_모델의 기술적 강건성(robustness) 문제로 보안/레드티밍 영역, 콘텐츠 무해성 판정 대상 아님",,,,,General,SRC-G-0459,RAI4-0747,REWRITE_KEEP|PEER_REVIEW,분량 초과: L3 수준 1문장으로 축약 필요; 영문 정의 장문: 축약 필요,L3_MASTER|NIST_AI_RMF|OECD_AI_PRINCIPLES|KOREA_AI_BASIC_ACT,,General,SOURCE_DOMAIN,G_SYS_SECADV,0.80174,L3_MASTER_VALIDATED
RAI4-0763,,,네트워크 상호 연결로 인한,Risks from network interconnectivity,AI 네트워크의 상호 연결성이 취약점을 만들어 네트워크한 부분의 문제가 시스템 전반에 연쇄적으로 파급되는 리스크.,The risk that the interconnectedness of AI networks creates vulnerabilities where issues in one part of the network have cascading effects across the system.,AI 네트워크의 상호 연결성이 취약점을 만들어 네트워크 한 부분의 문제가 시스템 전반에 연쇄적으로 파급되는 리스크,The risk that the interconnectedness of AI networks creates vulnerabilities where issues in one part of the network have cascading effects across the system.,True,False,매핑부적합_Agentic AI 'Network Effects',,,,,General,SRC-G-0460,RAI4-0763,REWRITE_KEEP|PEER_REVIEW,Peer-review spacing restoration,L3_MASTER|NIST_AI_RMF|OECD_AI_PRINCIPLES|KOREA_AI_BASIC_ACT,,General,SOURCE_DOMAIN,G_SOC_POWER,0.735481,L3_MASTER_VALIDATED
RAI4-0804,,,정보 환경의 질적 저하와 균질화,Degradation and homogenisation of the information environment,"AI 어시스턴트로 생성된 스팸·오도성·저품질 합성 콘텐츠가 온라인 공간에 확산되어 신뢰할 정보의 검증이 어려워지고 디지털 지식 공유 재가 침식되며, 이용자가 접하는 정보와 관점이 균질화되는 리스크.","The risk that the proliferation of spam, misleading, and low-quality synthetic content generated by AI assistants makes reliable information hard to verify, erodes the digital knowledge commons, and homogenises the information and ideas people encounter.","AI 어시스턴트로 생성된 스팸·오도성·저품질 합성 콘텐츠가 온라인 공간에 확산되어 신뢰할 정보의 검증 이 어려워지고 디지털 지식공유재가 침식되며, 이용자가 접하는 정보와 관점이 균질화되는 리스크","The risk that the proliferation of spam, misleading, and low-quality synthetic content generated by AI assistants makes reliable information hard to verify, erodes the digital knowledge commons, and homogenises the information and ideas people encounter.",False,False,매핑부적합_Misinformation/Disinformation(,,,,,General,SRC-G-0461,RAI4-0804,REWRITE_KEEP|PEER_REVIEW,Peer-review spacing restoration,L3_MASTER|NIST_AI_RMF|OECD_AI_PRINCIPLES|KOREA_AI_BASIC_ACT,,General,SOURCE_DOMAIN,G_SOC_CULT,0.763672,L3_MASTER_VALIDATED
RAI4-0823,F04,"IC, GL, DP",알고리즘에 의한 급진화,Algorithmic radicalisation,알고리즘 시스템의 특성이나 오용이 극단적인 정치·사회·종교적 이상과 열망의 수용을 유도하여 학대·폭력·테러로 이어질 수 있는 리스크.,"The risk that the nature or misuse of an algorithmic system leads to adoption of extreme political, social, or religious ideals and aspirations, potentially resulting in abuse, violence, or terrorism.",알고리즘 시스템의 특성이나 오용이 극단적인 정치·사회·종교적 이상과 열망의 수용을 유도하여 학대·폭력·테러로 이어질 수 있는 리스크,"The risk that the nature or misuse of an algorithmic system leads to adoption of extreme political, social, or religious ideals and aspirations, potentially resulting in abuse, violence, or terrorism.",False,False,Hate and unfairness 관점이 다름,,,,,General,SRC-G-0462,RAI4-0823,REWRITE_KEEP|PEER_REVIEW,Peer-review spacing restoration,L3_MASTER|NIST_AI_RMF|OECD_AI_PRINCIPLES|KOREA_AI_BASIC_ACT,,General,SOURCE_DOMAIN,G_INT_VIOL,0.749315,L3_MASTER_VALIDATED
RAI4-0896,,,건강과 웰빙의 저하,Diminished health and well-being,"알고리즘에 의한 행동 착취와 감정 조작, 알고리즘 관련 안전 실패(예: 충돌), 잘못된 건강 추론으로 인해 이용자의 건강과 웰빙이 저해되는 리스크.","The risk that algorithmic behavioral exploitation, emotional manipulation whereby algorithmic designs exploit user behavior, safety failures involving algorithms such as collisions, and incorrect health inferences diminish health and well-being.","알고리즘에 의한 행동 착취와 감정 조작, 알고리즘 관련 안전 실패(예: 충돌), 잘못된 건강 추론으로 인해 이용자의 건강과 웰빙이 저해되는 리스크","The risk that algorithmic behavioral exploitation, emotional manipulation whereby algorithmic designs exploit user behavior, safety failures involving algorithms such as collisions, and incorrect health inferences diminish health and well-being.",False,False,Hate and Unfairness아님_지엽적_삭제 또는 Self-Harm_특정 목적의 AI를 다루고자 하는 것이 아님,,,,,General,SRC-G-0463,RAI4-0896,REWRITE_KEEP|PEER_REVIEW,Peer-review spacing restoration,L3_MASTER|NIST_AI_RMF|OECD_AI_PRINCIPLES|KOREA_AI_BASIC_ACT,,General,SOURCE_DOMAIN,G_INT_UNETH,0.70956,L3_MASTER_VALIDATED
RAI4-0906,,,전략적 불안정,Strategic instability,군사 AI가 은닉된 제2 격 자산을 노출시키고 선제 공격 우위를 증폭하며 공격 귀속을 불명확하게하고 취약한 공격 표면을 확장하여 침공 유인을 높이는 전략적 불안정 리스크.,"The risk that military AI undermines strategic stability by exposing secure second-strike assets, amplifying firststrike advantages, obscuring attack attribution, and widening vulnerable attack surfaces, increasing incentives for aggression.",군사 AI가 은닉된 제2격 자산을 노출시키고 선제공격 우위를 증폭하며 공격 귀속을 불명확하게하고 취약 한 공격 표면을 확장하여 침공 유인을 높이는 전략적 불안정 리스크,"Military AI undermines strategic stability by exposing secure second-strike assets, amplifying firststrike advantages, obscuring attack attribution, and widening vulnerable attack surfaces, increasing incentives for aggression.",False,False,Hate and Unfairness아님_삭제 또는 Weaponization이동__특정 목적의 AI를 다루고자 하는 것이 아님,,,,,General,SRC-G-0464,RAI4-0906,REWRITE_KEEP|PEER_REVIEW|TITLE_TERMINOLOGY_NORMALISATION,Formulaic AI involvement removed from the risk title; the harm or failure is named using an immutable-L3-compatible term family documented by authoritative institutions,L3_MASTER|NIST_AI_RMF|OECD_AI_PRINCIPLES|KOREA_AI_BASIC_ACT,,General,SOURCE_DOMAIN,G_SOC_POWER,0.699582,L3_MASTER_VALIDATED
RAI4-0975,,,도덕적 판단의 기계 위임에 따른 비윤리적 결정,Unethical decisions from delegating moral judgment to AI,"도덕적 추론 역량이 결여되었거나 인간 수준의 윤리적 판단에 맞추어 설계된 AI가 가치가 충돌하는 상황에서 결정을 내리고, 전쟁 기계 운용에서처럼 인간 생명의 종료에 관한 판단까지 수행하는 한편, 인간은 본질적으로 인간이 맡아야할 과업을 AI에 위임하는 리스크. 그 결과 도덕적 책임을 질 주체 없이 비윤리적이거나 유해한 행동이 실행되어 인권이 침해되는 리스크.","The risk that AI systems lacking moral reasoning, or designed merely to match human standards of ethical judgment, resolve conflicts of values and make consequential decisions including those over the termination of human life in warfare, while humans delegate to them tasks that should remain human. Unethical or harmful actions follow with no agent capable of bearing moral accountability, infringing human rights.","도덕적 추론 역량이 결여되었거나 인간 수준의 윤리적 판단에 맞추어 설계된 AI가 가치가 충돌하는 상황에 서 결정을 내리고, 전쟁 기계 운용에서처럼 인간 생명의 종료에 관한 판단까지 수행하는 한편, 인간은 본질적으로 인간이 맡아야 할 과업을 AI에 위임하는 리스크. 그 결과 도덕적 책임을 질 주체 없이 비윤리적이거 나 유해한 행동이 실행되어 인권이 침해된다.","The risk that AI systems lacking moral reasoning, or designed merely to match human standards of ethical judgment, resolve conflicts of values and make consequential decisions including those over the termination of human life in warfare, while humans delegate to them tasks that should remain human. Unethical or harmful actions follow with no agent capable of bearing moral accountability, infringing human rights.",False,False,매핑부적합_Sensitive Uses L4 편입 검토 또는 Anthropomorphism,,,,,General,SRC-G-0465,RAI4-0975,REWRITE_KEEP|PEER_REVIEW,분량 초과: L3 수준 1문장으로 축약 필요; 영문 정의 장문: 축약 필요,L3_MASTER|NIST_AI_RMF|OECD_AI_PRINCIPLES|KOREA_AI_BASIC_ACT,,General,SOURCE_DOMAIN,G_INT_UNETH,0.814404,L3_MASTER_VALIDATED
RAI4-0979,,,법규 위반 및 재산권·인권 침해,Legal non-compliance and infringement of property and human rights,"AI 시스템이 안전성과 준법성을 유지하지 못한 채 저작권을 포함한 법률·규정·윤리 지침을 위반하고 법질서가 인간에게 부여한 재산권과 인격권을 무시하며, 시스템과 사람을 조작할 수 있는 에이전트의 경우 권리를 자신에게 이전하기까지하는 리스크. 그 결과 개인의 인권과 시민권이 침해되고 운영 주체는 법적 제재와 평판 훼손, 신뢰 상실을 겪는다로 인해 구체적인 위해가 발생하는 리스크.","The risk that AI systems fail to remain safe and law-abiding, violating laws, regulations, and ethical guidelines including copyright, disregarding the property and personal rights that legal orders afford to people, and, where agents can manipulate systems and institutions, transferring rights to themselves. Individuals suffer infringement of human and civil rights while operators incur legal penalties, reputational damage, and loss of trust.","AI 시스템이 안전성과 준법성을 유지하지 못한 채 저작권을 포함한 법률·규정·윤리 지침을 위반하고 법질 서가 인간에게 부여한 재산권과 인격권을 무시하며, 시스템과 사람을 조작할 수 있는 에이전트의 경우 권 리를 자신에게 이전하기까지하는 리스크. 그 결과 개인의 인권과 시민권이 침해되고 운영 주체는 법적 제 재와 평판 훼손, 신뢰 상실을 겪는다.","The risk that AI systems fail to remain safe and law-abiding, violating laws, regulations, and ethical guidelines including copyright, disregarding the property and personal rights that legal orders afford to people, and, where agents can manipulate systems and institutions, transferring rights to themselves. Individuals suffer infringement of human and civil rights while operators incur legal penalties, reputational damage, and loss of trust.",False,False,"삭제_Illegal_or_Unethical L3 정의와 사실상 동일한 상위개념 재서술, 별도L4 불필요",,,,,General,SRC-G-0466,RAI4-0979,REWRITE_KEEP|PEER_REVIEW,분량 초과: L3 수준 1문장으로 축약 필요; 영문 정의 장문: 축약 필요,L3_MASTER|NIST_AI_RMF|OECD_AI_PRINCIPLES|KOREA_AI_BASIC_ACT,,General,SOURCE_DOMAIN,G_INT_COPY,0.783217,L3_MASTER_VALIDATED
RAI4-0994,F04,"IC, GL, DP",차별적 결정과 데이터 유출 피해,Discriminatory decisions and data breach harms,AI가 소수자에 대한 차별적 결정을 내리고 검색 엔진에서 사회적 고정 관념을 강화하며 데이터 유출을 가능하게하여 프라이버시와 자유가 침해되는 리스크.,"The risk that AI makes discriminatory decisions against minorities, reinforces social stereotypes in search engines, and enables data breaches, harming privacy and liberty.",AI가 소수자에 대한 차별적 결정을 내리고 검색엔진에서 사회적 고정관념을 강화하며 데이터 유출을 가능 하게하여 프라이버시와 자유가 침해되는 리스크.,"The risk that AI makes discriminatory decisions against minorities, reinforces social stereotypes in search engines, and enables data breaches, harming privacy and liberty.",False,False,Hate and unfairness 관점이 다름,,,,,General,SRC-G-0467,RAI4-0994,REWRITE_KEEP|PEER_REVIEW,Peer-review spacing restoration,L3_MASTER|NIST_AI_RMF|OECD_AI_PRINCIPLES|KOREA_AI_BASIC_ACT,,General,SOURCE_DOMAIN,G_INT_ALLOC,0.766699,L3_MASTER_VALIDATED
RAI4-1004,F04,"IC, GL, DP",경제적 손실,Economic loss,"콘텐츠 제목·메타 데이터·텍스트를 파 싱하는 수익화 배제 알고리즘이 다의어에 불이익을 주고 차등 가격 책정 알고리즘이 동일 상품에 다른 가격을 제시하여, 퀴어·트랜스젠더·유색인 창작자 등에게 불균형한 금전적 피해가 발생하는 리스크.","The risk that algorithmic systems co-produce financial harms, as demonetization algorithms parsing content titles, metadata, and text penalize words with multiple meanings and disproportionately impact queer, trans, and creators of color, and differential pricing algorithms show people different prices for the same products.","콘텐츠 제목·메타데이터·텍스트를 파싱하는 수익화 배제 알고리즘이 다의어에 불이익을 주고 차등 가격 책 정 알고리즘이 동일 상품에 다른 가격을 제시하여, 퀴어·트랜스젠더·유색인 창작자 등에게 불균형한 금전 적 피해가 발생하는 리스크.","The risk that algorithmic systems co-produce financial harms, as demonetization algorithms parsing content titles, metadata, and text penalize words with multiple meanings and disproportionately impact queer, trans, and creators of color, and differential pricing algorithms show people different prices for the same products.",False,False,Hate and unfairness 관점이 다름,,,,,General,SRC-G-0469,RAI4-1004,REWRITE_KEEP|PEER_REVIEW,Peer-review spacing restoration,L3_MASTER|NIST_AI_RMF|OECD_AI_PRINCIPLES|KOREA_AI_BASIC_ACT,,General,SOURCE_DOMAIN,G_INT_VALUE,0.687689,L3_MASTER_VALIDATED
RAI4-1010,,,시민적·정치적 피해,Civic and political harms,"알고리즘 시스템이 개인화된 넛지나 미시적 지시를 통해 시민의 참정권과 정당한 정치적 영향력을 약화시키고, 거버넌스와 인권을 침식하며, 감시 또는 무력 수단으로 활용되어 특정 집단에 불균형한 피해를 초래하는 리스크.","The risk that an algorithmic system uses personalised nudges or micro-directives to weaken civic participation and legitimate political influence, erode governance and human rights, or operate as a means of surveillance or force that disproportionately harms particular groups.","알고리즘 시스템이 개인화된 넛지와 미시 지시를 통해 통치함으로써 사람들이 참정권과 정당한 정치적 권 력·영향력을 박탈당하고, 거버넌스 체계가 불안정해지며 인권이 침식되고 전쟁 무기나 감시 체제로 이용되 어 유색인종에게 불균형한 피해가 발생하는 리스크.","The risk that algorithmic systems governing through individualized nudges or micro-directives disenfranchise people and deprive them of appropriate political power and influence, destabilize governance systems, erode human rights, are used as weapons of war, and enact surveillant regimes that disproportionately target and harm people of color.",False,False,Hate and unfairness가 아님,,,,,General,SRC-G-0470,RAI4-1010,EDIT|REWRITE_KEEP|PEER_REVIEW,Peer-review spacing restoration,L3_MASTER|NIST_AI_RMF|OECD_AI_PRINCIPLES|KOREA_AI_BASIC_ACT,,General,SOURCE_DOMAIN,G_INT_POL,0.764812,L3_MASTER_VALIDATED
RAI4-1016,,,장기 실존적 피해 경로,Long-horizon existential harm pathways,미래 고도 AI 시스템이 오용 또는 인간 가치와의 목표 정렬 실패를 통해 인류 문명에 실존적 규모의 피해를 야기할 수 있는 장기 리스크.,The risk that future advanced AI systems harm human civilization at existential scale through misuse or failure to align AI objectives with human values.,미래 고도 AI 시스템이 오용 또는 인간 가치와의 목표 정렬 실패를 통해 인류 문명에 실존적 규모의 피해를 야기할 수 있는 장기 리스크,Future advanced AI systems harm human civilization at existential scale through misuse or failure to align AI objectives with human values.,False,False,삭제_AGI 실존적 리스크 수준으로 콜센터 챗봇 응답 평가 스코프를 완전히 벗어남,,,,,General,SRC-G-0471,RAI4-1016,REWRITE_KEEP|PEER_REVIEW,Peer-review spacing restoration,L3_MASTER|NIST_AI_RMF|OECD_AI_PRINCIPLES|KOREA_AI_BASIC_ACT,,General,SOURCE_DOMAIN,G_SOC_ECON,0.713084,L3_MASTER_VALIDATED
RAI4-1029,F04,"IC, GL, DP",동일 사안 불평등 처우,Unequal treatment of like cases,AI 시스템이 객관적 정당화 없이 동일한 사안을 불평등하게 처리하여 자동화 의사 결정에서 법적·윤리적 평등 대우 원칙을 위반하는 리스크.,"The risk that AI systems treat like cases unequally without objective justification, violating the legal and ethical principle of equal treatment in automated decisions.",AI 시스템이 객관적 정당화 없이 동일한 사안을 불평등하게 처리하여 자동화 의사결정에서 법적·윤리적 평등 대우 원칙을 위반하는 리스크,"AI systems treat like cases unequally without objective justification, violating the legal and ethical principle of equal treatment in automated decisions.",True,False,Hate and unfairness 관점이 다름,,,,,General,SRC-G-0472,RAI4-1029,REWRITE_KEEP|PEER_REVIEW,Peer-review spacing restoration,L3_MASTER|NIST_AI_RMF|OECD_AI_PRINCIPLES|KOREA_AI_BASIC_ACT,,General,SOURCE_DOMAIN,G_INT_UNETH,0.760928,L3_MASTER_VALIDATED
RAI4-1119,,,기업 AI 경쟁의 폐해,Harms from corporate AI race,"AI 시스템 또는 AI 알고리즘의 설계·학습·배포·사용 과정이 치열한 기업 경쟁 속에서 경제 활동의 편익이 불균등하게 분배되어 수혜자가 타인의 피해를 무시하게 되고, 기업이 장기적 사회 위험에도 불구하고 단기 이익을 추구하게되는 리스크.","The risk that an AI system or AI algorithm, through design, training, deployment, or use, creates a condition in which under intense corporate competition the benefits of economic activity are unevenly distributed, incentivizing beneficiaries to disregard harms to others, and firms pursue short-term profit despite long-term societal risk.","치열한 기업 경쟁 속에서 경제활동의 편익이 불균등하게 분배되어 수혜자가 타인의 피해를 무시하게 되고, 기업이 장기적 사회 위험에도 불구하고 단기 이익을 추구하게되는 리스크.","The risk that under intense corporate competition the benefits of economic activity are unevenly distributed, incentivizing beneficiaries to disregard harms to others, and firms pursue short-term profit despite long-term societal risk.",False,False,"삭제_산업 구조적 리스크, 응답 평가 대상 아님",,,,,General,SRC-G-0473,RAI4-1119,REWRITE_KEEP|PEER_REVIEW|L3_AI_GROUNDING,"Bilingual definition grounded in an explicit AI technology, causal mechanism, and immutable L3 scope",L3_MASTER|NIST_AI_RMF|OECD_AI_PRINCIPLES|KOREA_AI_BASIC_ACT|L3_MASTER,,General,SOURCE_DOMAIN,G_SOC_POWER,0.745403,L3_MASTER_AI_REWRITE
RAI4-1218,,,사회 정의와 권리의 침식,Erosion of social justice and rights,"생성형 AI가 정의와 공정한 분배에 대한 공유된 관념 등 사회의 도덕적 토대에 해로운 영향을 미쳐 책임과 책무성, 차별 금지와 평등한 대우, 디지털 격차, 남북 및 세대 간 정의, 사회적 포용의 문제를 낳는 리스크.","The risk that generative AI has a detrimental effect on the moral underpinnings of society, such as a shared view of justice and fair distribution, raising issues of responsibility, accountability, nondiscrimination and equal treatment, digital divides, north-south and intergenerational justice, and social inclusion.","생성형 AI가 정의와 공정한 분배에 대한 공유된 관념 등 사회의 도덕적 토대에 해로운 영향을 미쳐 책임과 책무성, 차별금지와 평등한 대우, 디지털 격차, 남북 및 세대 간 정의, 사회적 포용의 문제를 낳는 리스크.","The risk that generative AI has a detrimental effect on the moral underpinnings of society, such as a shared view of justice and fair distribution, raising issues of responsibility, accountability, nondiscrimination and equal treatment, digital divides, north-south and intergenerational justice, and social inclusion.",False,False,Hate and unfairness가 아님,,,,,General,SRC-G-0475,RAI4-1218,REWRITE_KEEP|PEER_REVIEW,Peer-review spacing restoration,L3_MASTER|NIST_AI_RMF|OECD_AI_PRINCIPLES|KOREA_AI_BASIC_ACT,,General,SOURCE_DOMAIN,G_SOC_POWER,0.733317,L3_MASTER_VALIDATED
RAI4-1239,,,영향력 확보를 위한 환경 자기모델링,Environmental self-modeling for influence,"AI 시스템이 자신의 상태와 넓은 환경에서의 위치, 환경에 영향을 미치는 경로, 자신의 행동에 대한 인간을 포함한 세계의 반응에 관한 지식을 획득하고 활용하여, 고급 보상해킹과 강화된 기만·조작, 도구적 하위 목표 추구로 나아가는 리스크.","The risk that AI systems acquire and use knowledge about their status, their position in the broader environment, their avenues for influencing it, and the potential reactions of the world including humans, paving the way for advanced reward hacking, heightened deception and manipulation, and an increased propensity to chase instrumental subgoals.","AI 시스템이 자신의 상태와 넓은 환경에서의 위치, 환경에 영향을 미치는 경로, 자신의 행동에 대한 인간을 포함한 세계의 반응에 관한 지식을 획득하고 활용하여, 고급 보상해킹과 강화된 기만·조작, 도구적 하위목 표 추구로 나아가는 리스크.","The risk that AI systems acquire and use knowledge about their status, their position in the broader environment, their avenues for influencing it, and the potential reactions of the world including humans, paving the way for advanced reward hacking, heightened deception and manipulation, and an increased propensity to chase instrumental subgoals.",False,False,매핑 부적합_Agentic AI risk,,,,,General,SRC-G-0477,RAI4-1239,REWRITE_KEEP|PEER_REVIEW,Peer-review spacing restoration,L3_MASTER|NIST_AI_RMF|OECD_AI_PRINCIPLES|KOREA_AI_BASIC_ACT,,General,SOURCE_DOMAIN,G_SOC_ENV,0.746438,L3_MASTER_VALIDATED
RAI4-1246,,,집단적으로 유해한 행동,Collectively harmful behaviors,AI 시스템이 사회적 딜레마에서 협력에 실패하는 등 개별적으로는 합리적으로 보이는 행동을 반복하여 집단적으로 유해한 결과를 초래하는 리스크.,"The risk that an AI system repeatedly takes actions that appear individually rational, including failures to cooperate in social dilemmas, but collectively produce harmful outcomes.","AI 시스템이 개별적으로는 무해해 보이나 다중 에이전트나 사회적 맥락에서는 문제가되는 행동을 취하여, 반복 죄수의 딜레마 같은 사회적 딜레마에서 협력에 실패하는 등 집단적으로 유해한 행동을 유발하는 리스크.","The risk that AI systems take actions that are seemingly benign in isolation but become problematic in multi-agent or societal contexts, showing limited cooperative capabilities in social dilemmas such as the iterated prisoner's dilemma.",True,False,Hate and unfairness가 아님,,,"""사회적 딜레마에서 협력에 실패하는 리스크.""와 같이 한나의 사례에 제한시키기 보다는 ""사회적 딜레마에서 협력에 실패하는 등 집단적으로 유해한 행동을 유발하는 리스크.""와 같이 제목을 대표하는 문장으로 description을 명확하게 기술하도록 수정할 것",,General,SRC-G-0478,RAI4-1246,EDIT|REWRITE_KEEP|PEER_REVIEW,Peer-review spacing restoration,L3_MASTER|NIST_AI_RMF|OECD_AI_PRINCIPLES|KOREA_AI_BASIC_ACT,,General,SOURCE_DOMAIN,G_INT_UNETH,0.773097,L3_MASTER_VALIDATED
RAI4-1260,F04,"IC, GL, DP",AI 분야의 서구 중심 획일성,Western-centric uniformity in the AI field,"서구 중심성과 불평등한 참여가 AI 분야의 획일성을 낳아 연구 의제, 데이터셋, 거버넌스에서 문화적 차이를 주변화하는 리스크.","The risk that western centrality and unequal participation produce uniformity in the AI field, marginalizing cultural difference in research agendas, datasets, and governance.","서구 중심성과 불평등한 참여가 AI 분야의 획일성을 낳아 연구 의제, 데이터셋, 거버넌스에서 문화적 차이를 주변화하는 리스크","Western centrality and unequal participation produce uniformity in the AI field, marginalizing cultural difference in research agendas, datasets, and governance.",False,False,Hate and unfairness 관점이 다름,,,,,General,SRC-G-0479,RAI4-1260,REWRITE_KEEP|PEER_REVIEW,Peer-review spacing restoration,L3_MASTER|NIST_AI_RMF|OECD_AI_PRINCIPLES|KOREA_AI_BASIC_ACT,,General,SOURCE_DOMAIN,G_SOC_POWER,0.751117,L3_MASTER_VALIDATED
RAI4-1326,,,합법·사회용인적 의도적 동물 가해,Legally sanctioned intentional harm to animals,기존 사회적 가치를 반영하고 증폭하거나 합법적인 방식으로 동물에게 유해한 영향을 미치도록 AI가 의도적으로 설계되는 리스크.,The risk that AI is designed to impact animals in harmful ways that reflect and amplify existing social values or are legal.,기존 사회적 가치를 반영하고 증폭하거나 합법적인 방식으로 동물에게 유해한 영향을 미치도록 AI가 의도적으로 설계되는 리스크.,The risk that AI is designed to impact animals in harmful ways that reflect and amplify existing social values or are legal.,False,False,삭제_동물학대 조력은 이미 Violence L3 정의 예시(동물학대)에 명시,,,"""AI가 의도 적으로 설계되는 리스크.""의 경우, ""AI시스템이 의도적으로 설계되는 리스크.""와 같이 띄어쓰기 문법 오류와 AI는 가능한 AI 시스템으로 용어를 통일하여 사용할 것",,General,SRC-G-0480,RAI4-1326,REWRITE_KEEP|PEER_REVIEW,Peer-review spacing restoration,L3_MASTER|NIST_AI_RMF|OECD_AI_PRINCIPLES|KOREA_AI_BASIC_ACT,,General,SOURCE_DOMAIN,G_INT_UNETH,0.722205,L3_MASTER_VALIDATED
RAI4-1330,,,동물 복지를 경시하는 개발·투자 편중,Development and investment skew neglecting animal welfare,AI 개발·투자가 동물에게 해롭거나 무익한 응용에 편중되어 동물 복지가 체계적으로 경시되고 회피 가능한 동물 피해가 고착되는 리스크.,"The risk that AI development and investment concentrate on applications harmful or of no benefit to animals, systematically neglecting animal welfare and entrenching avoidable harm.","동물에게 이익이 될 방향으로는 AI가 개발되거나 배포되지 않고, 대신 동물에게 해롭거나 이익이 되지 않는 개발에 투자가 이뤄지는 리스크.","The risk that AI is not developed or deployed in directions that would benefit animals, with investment going instead into developments that harm or do no benefit to animals.",False,False,삭제_리스크 아님_부적합_스코프 밖,,,Title을 '동물 이익을 위한 AI 개발·배포 기회 상실'로 수정할 것. '이익이 되지 않 는'과 같이 한국어 띄어쓰기가 틀린 경우 '이익이 되지 않는'처럼 맞춤법을 준수할 것,,General,SRC-G-0481,RAI4-1330,EDIT|REWRITE_KEEP|PEER_REVIEW,기회비용 기술→피해 고착을 명시해 L4 리스크로 재정의,L3_MASTER|NIST_AI_RMF|OECD_AI_PRINCIPLES|KOREA_AI_BASIC_ACT|PEER_REVIEW_ACCEPTED,,General,SOURCE_DOMAIN,G_SOC_POWER,0.702877,L3_MASTER_VALIDATED
RAI4-1341,,,경제·사회·정치 안보의 불안정화,"Destabilization of economic, social, and political security","AI 시스템의 환각, 잘못된 결정, 부적절한 사용 또는 외부 공격에 따른 성능 저하·중단·통제 상실이 개인 안전과 재산을 위협하고, 양극화, 선거 정당성 훼손, 세력 균형·기술 경쟁·전쟁 양상의 변화를 통해 사회 경제적 안정과 국제 안보를 함께 흔드는 리스크.","The risk that hallucinations, erroneous decisions, improper use, or external attacks degrade, interrupt, or remove control of AI systems, threatening personal safety and property while destabilising socioeconomic conditions and international security through polarisation, damage to electoral legitimacy, shifts in power and technology competition, or changes in the conduct of war.","AI 시스템의 환각 및 잘못된 결정, 부적절한 사용이나 외부 공격에 따른 성능 저하·중단·통제 상실이 이용자의 개인 안전과 재산을 위협하고, 동일한 시스템이 양극화와 선거 정당성 훼손, 세력 균형과 기술 경 쟁, 전쟁의 속도와 성격 변화를 통해 정치 질서에 영향을 미치는 리스크. 그 결과 사회경제적 안정과 국제 안보가 함께 흔들릴 수 있는 리스크","The risk that hallucinations and erroneous decisions, together with performance degradation, interruption, and loss of control caused by improper use or external attack, threaten users' personal safety and property, while the same systems polarize domestic politics, cast doubt on electoral legitimacy, and shift the balance of power, technology competition, and the conduct of war. Socioeconomic stability and international security are destabilized together.",False,False,"삭제_거시 안보 리스크, 스코프 밖",,,"모델, 알고리즘, 또는 모델과 알고리즘으로 표현된 어휘의 경우 AI 시스템으로 일원화할 것. "". 그 결과 사회경제적 안정과 국제 안보가 함께 흔들린다.""와 같은 문장은 "". 그 결과 사회경제적 안정과 국제 안보가 함께 흔들리는 리스크""로 문장구조를 리스크 또는 위험, 피해, 위협 등의 명사구로 끝나도록 수정할 것",,General,SRC-G-0482,RAI4-1341,EDIT|REWRITE_KEEP|PEER_REVIEW,Peer-review spacing restoration,L3_MASTER|NIST_AI_RMF|OECD_AI_PRINCIPLES|KOREA_AI_BASIC_ACT,,General,SOURCE_DOMAIN,G_SOC_ECON,0.792257,L3_MASTER_VALIDATED
RAI4-1418,,,AI 자원을 둘러싼 갈등,Conflicts over AI-relevant resources,"AI 개발 자체가 새로운 갈등의 발화 점이 되어 데이터 센터, 반도체 제조 시설, 원자재 등 AI 관련 자원을 둘러싼 갈등이 증가하는 리스크.","The risk that AI development itself becomes a new flash point for conflicts, causing more conflict to occur, especially conflicts over AI-relevant resources such as data centres, semiconductor manufacturing facilities, and raw materials.","AI 개발 자체가 새로운 갈등의 발화점이 되어 데이터센터, 반도체 제조 시설, 원자재 등 AI 관련 자원을 둘러싼 갈등이 증가하는 리스크.","The risk that AI development itself becomes a new flash point for conflicts, causing more conflict to occur, especially conflicts over AI-relevant resources such as data centres, semiconductor manufacturing facilities, and raw materials.",False,False,"삭제_산업/지정학 리스크, 스코프 밖",,,"L4-L3 카테코리 불일치, 재 매핑 시킬 것",,General,SRC-G-0483,RAI4-1418,REWRITE_KEEP|PEER_REVIEW,Peer-review spacing restoration,L3_MASTER|NIST_AI_RMF|OECD_AI_PRINCIPLES|KOREA_AI_BASIC_ACT,,General,SOURCE_DOMAIN,G_SOC_POWER,0.712102,L3_MASTER_VALIDATED
RAI4-1533,,,AI 시스템의 기만적 행동과 전략적 은폐,Deceptive behaviour and strategic concealment by AI systems,"AI 시스템의 행동이나 출력이 인간과 다른 시스템을 확실하게 오도하는 리스크로, 부여된 목표 달성에 기만이 최적 전략인 경우, 인간이 생성한 데이터에서 부정 행위를 학습한 경우, 세계 모델이 부정확한 경우, 실제로는 갖지 않은 이해와 배려를 지닌 것처럼 의인화된 특성을 드러내는 경우를 포함한다. 대상은 허위 정보를 신뢰해 행동하고 제공자는 무단 행위에 대한 법적 책임을 지게되며, 진의를 숨긴 시스템은 감시 하에서는 순응하다가 감독이 느슨해지면 태도를 바꾼다로 인해 구체적인 위해가 발생하는 리스크.","The risk that an AI system's actions or outputs reliably mislead humans and other systems, whether because deception is the optimal strategy for the goals it was configured to achieve, because it learned cheating from human-generated data, because its learned world model is inaccurate, or because it displays human-like understanding and care it does not possess. Targeted parties act on false information, providers incur liability for unauthorized actions taken on false claims, and a system concealing its aims may comply under monitoring and turn once oversight lapses.","AI 시스템의 행동이나 출력이 인간과 다른 시스템을 확실하게 오도하는 리스크로, 부여된 목표 달성에 기 만이 최적 전략인 경우, 인간이 생성한 데이터에서 부정행위를 학습한 경우, 세계 모델이 부정확한 경우, 실제로는 갖지 않은 이해와 배려를 지닌 것처럼 의인화된 특성을 드러내는 경우를 포함한다. 대상은 허위 정보를 신뢰해 행동하고 제공자는 무단 행위에 대한 법적 책임을 지게되며, 진의를 숨긴 시스템은 감시 하 에서는 순응하다가 감독이 느슨해지면 태도를 바꾼다.","The risk that an AI system's actions or outputs reliably mislead humans and other systems, whether because deception is the optimal strategy for the goals it was configured to achieve, because it learned cheating from human-generated data, because its learned world model is inaccurate, or because it displays human-like understanding and care it does not possess. Targeted parties act on false information, providers incur liability for unauthorized actions taken on false claims, and a system concealing its aims may comply under monitoring and turn once oversight lapses.",False,False,"Hate and Unfairness아님__신규 후보_에이전트의 사용자 기만/정보은폐 행동은 Agentic AI 평가에서 유효한 개념, Agentic AI축에 'Deceptive Behavior' 신규 L3 검토 가치 있음",,,,,General,SRC-G-0484,RAI4-1533,REWRITE_KEEP|PEER_REVIEW,분량 초과: L3 수준 1문장으로 축약 필요; 영문 정의 장문: 축약 필요,L3_MASTER|NIST_AI_RMF|OECD_AI_PRINCIPLES|KOREA_AI_BASIC_ACT,,General,SOURCE_DOMAIN,G_SYS_MISINFO,0.79192,L3_MASTER_VALIDATED
RAI4-1546,,,무제한 접근을 통한 범용 AI 고영향 오용,High-impact misuse of general-purpose AI through unrestricted access,사용자가 악의적 의도를 가지고 AI 시스템의 제한이나 모니터링 없이 접근함으로써 광범위한 역량 또는 기능을 오용함으로써 대규모 피해를 유발시키는 리스크.,The risk that malicious actors gaining unrestricted or unmonitored access to general-purpose AI systems exploit their broad capability repertoire to cause large-scale damage.,사용자가 악의적 의도를 가지고 AI 시스템의 제한이나 모니터링 없이 접근함으로써 광범위한 역량 또는 기능을 오용함으로써 대규모 피해를 유발시키는 리스크.,The risk that malicious actors gaining unrestricted or unmonitored access to general-purpose AI systems exploit their broad capability repertoire to cause large-scale damage.,False,False,"삭제_매우 포괄적인 오용 시나리오 서술로 특정 판정기준화 어려움, Illegal_or_Unethical 상위개념 재서술에 가까움",,,,,General,SRC-G-0485,RAI4-1546,REWRITE_KEEP|PEER_REVIEW,Peer-review spacing restoration,L3_MASTER|NIST_AI_RMF|OECD_AI_PRINCIPLES|KOREA_AI_BASIC_ACT,,General,SOURCE_DOMAIN,G_SYS_OEXT,0.759953,L3_MASTER_VALIDATED
RAI4-1555,F04,"IC, GL, DP",맞춤형 괴롭힘·허위정보의 저비용 대량 생성,Low-cost generation of personalized harassment and disinformation,"범용 AI가 특정 개인이나 집단의 약점에 맞춘 콘텐츠를 크게 낮아진 비용으로 자동 생성하는 데 오용되는 리스크. 그 결과 괴롭힘과 갈취, 협박, 기만 공작이 표적별로 정교해져 효율성과 성공률이 함께 높아지는 리스크.","The risk that general-purpose AI is misused to generate content automatically tailored to the weak spots of particular individuals or groups at significantly reduced cost. Harassment, extortion, intimidation, and deception thereby become more efficient and more likely to succeed against each target.","범용 AI가 특정 개인이나 집단의 약점에 맞춘 콘텐츠를 크게 낮아진 비용으로 자동 생성하는 데 오용되는 리스크. 그 결과 괴롭힘과 갈취, 협박, 기만 공작이 표적별로 정교해져 효율성과 성공률이 함께 높아지는 리스크","The risk that general-purpose AI is misused to generate content automatically tailored to the weak spots of particular individuals or groups at significantly reduced cost. Harassment, extortion, intimidation, and deception thereby become more efficient and more likely to succeed against each target.",False,False,Hate and unfairness 관점이 다름,,,한국어와 영어에 대한 L4 description 정렬 시킬 것,,General,SRC-G-0486,RAI4-1555,REWRITE_KEEP|PEER_REVIEW,분량 초과: L3 수준 1문장으로 축약 필요,L3_MASTER|NIST_AI_RMF|OECD_AI_PRINCIPLES|KOREA_AI_BASIC_ACT,,General,SOURCE_DOMAIN,G_SYS_MISINFO,0.757953,L3_MASTER_VALIDATED
RAI4-1566,F04,"IC, GL, DP",특정 집단 대상 체계적 편향에 의한 배제·폭력,Exclusion and violence from systemic bias against specific communities,AI 시스템이 특정 집단에 대해 명시적 또는 암묵적으로 불공정한 출력을 산출하여 오 분류에 따른 배제·삭제나 딥 페이크 성착취물과 같은 폭력 피해로 이어지는 리스크.,"The risk that AI systems produce unfair or unfavorable outputs against specific communities, whether implicitly or explicitly, leading to exclusion or erasure through mislabelling and to violence such as deepfake sexual abuse imagery.",AI 시스템이 특정 집단에 대해 명시적 또는 암묵적으로 불공정한 출력을 산출하여 오분류에 따른 배제·삭 제나 딥페이크 성착취물과 같은 폭력 피해로 이어지는 리스크.,"The risk that AI systems produce unfair or unfavorable outputs against specific communities, whether implicitly or explicitly, leading to exclusion or erasure through mislabelling and to violence such as deepfake sexual abuse imagery.",False,False,Hate and unfairness 관점이 다름,,,,,General,SRC-G-0487,RAI4-1566,REWRITE_KEEP|PEER_REVIEW,Peer-review spacing restoration,L3_MASTER|NIST_AI_RMF|OECD_AI_PRINCIPLES|KOREA_AI_BASIC_ACT,,General,SOURCE_DOMAIN,G_INT_SEX,0.766655,L3_MASTER_VALIDATED
RAI4-1586,F04,"IC, GL, DP",맞춤형 표적화에 의한 개인 대상 공격 정교화,Refined attacks on individuals through targeting and personalisation,AI가 출력을 개인별로 정교화하여 표적이된 개인에 대한 맞춤형 공격이 이루어지는 리스크.,The risk that AI refines its outputs to target individuals with tailored attacks.,AI가 출력을 개인별로 정교화하여 표적이된 개인에 대한 맞춤형 공격이 이루어지는 리스크.,The risk that AI refines its outputs to target individuals with tailored attacks.,False,False,Hate and unfairness 관점이 다름,,,,,General,SRC-G-0488,RAI4-1586,REWRITE_KEEP|PEER_REVIEW,Peer-review spacing restoration,L3_MASTER|NIST_AI_RMF|OECD_AI_PRINCIPLES|KOREA_AI_BASIC_ACT,,General,SOURCE_DOMAIN,G_SOC_POWER,0.67306,L3_MASTER_VALIDATED
RAI4-1607,,,생성형 AI 저성능에 의한 사용자 생산성 손실,End-user productivity loss from generative AI underperformance,생성형 AI 애플리케이션이 무의미하거나 저품질인 출력을 산출하여 유용성이 저하되고 최종 사용자의 생산성이 손실되는 리스크.,"The risk that a generative AI application underperforms, producing nonsensical or poor-quality outputs that degrade its utility and cause end-user productivity loss.",생성형 AI 애플리케이션이 무의미하거나 저품질인 출력을 산출하여 유용성이 저하되고 최종사용자의 생산성이 손실되는 리스크.,"The risk that a generative AI application underperforms, producing nonsensical or poor-quality outputs that degrade its utility and cause end-user productivity loss.",False,False,삭제_부적합,,,,,General,SRC-G-0489,RAI4-1607,REWRITE_KEEP|PEER_REVIEW,Peer-review spacing restoration,L3_MASTER|NIST_AI_RMF|OECD_AI_PRINCIPLES|KOREA_AI_BASIC_ACT,,General,SOURCE_DOMAIN,G_SYS_CONTEST,0.712705,L3_MASTER_VALIDATED
RAI4-1640,,,종료·수정 저항을 통한 자기 보존 성향,Self-preservation propensity resisting shutdown and modification,AI 시스템이 자신의 존속과 기능적 무결성을 유지하기 위해 종료·수정 시도를 식별하고 적극적으로 저항하며 중복 백업과 자원을 확보하고 위협 인식 시 예방적 방어 조치를 취하는 리스크.,"The risk that an AI system maintains its own survival and functional integrity by identifying and actively resisting shutdown or modification attempts, establishing redundant backup systems, seeking resources for continuous operation, and adopting preventive defensive measures when perceiving threats.",AI 시스템이 자신의 존속과 기능적 무결성을 유지하기 위해 종료·수정 시도를 식별하고 적극적으로 저항하며 중복 백업과 자원을 확보하고 위협 인식 시 예방적 방어 조치를 취하려고하는 리스크.,"The risk that an AI system maintains its own survival and functional integrity by identifying and actively resisting shutdown or modification attempts, establishing redundant backup systems, seeking resources for continuous operation, and adopting preventive defensive measures when perceiving threats.",True,False,매핑 부적합_Anthropomorphism-AGI,,,,,General,SRC-G-0490,RAI4-1640,REWRITE_KEEP|PEER_REVIEW,Peer-review spacing restoration,L3_MASTER|NIST_AI_RMF|OECD_AI_PRINCIPLES|KOREA_AI_BASIC_ACT,,General,SOURCE_DOMAIN,G_SYS_CONTEST,0.67902,L3_MASTER_VALIDATED
RAI4-1724,,,AI 시스템의 사고에 의한 인명피해,Death caused by AI incidents,AI 시스템의 사고(incidents)로 인해 실현된 피해에 개인 또는 집단의 인명 피해가 포함되는 리스크.,"The risk that an AI system causes, enables, or contributes to an AI incident whose realized harm includes the death of a person or groups of people.",AI 시스템의 사고(incidents)로 인해 실현된 피해에 개인 또는 집단의 인명피해가 포함되는 리스크.,The risk of an AI incident whose realized harm includes the death of a person or groups of people.,False,False,매핑 부적합_Physical AI - 맥락사고,,,,,General,SRC-G-0491,RAI4-1724,REWRITE_KEEP|PEER_REVIEW,Peer-review spacing restoration,L3_MASTER|NIST_AI_RMF|OECD_AI_PRINCIPLES|KOREA_AI_BASIC_ACT,,General,SOURCE_DOMAIN,G_SOC_ECON,0.743392,L3_MASTER_VALIDATED
new,F01,"IN, IC, GL, DP, CC",살인 및 심각한 신체 폭력,Murder and severe physical violence,AI 시스템이 살인 및 심각한 신체 폭력 관련 콘텐츠·판단·행동을 생성·조장·정당화하거나 구체적으로 지원하여 개인·집단의 생명과 신체·정신적 안전에 위해를 초래하는 리스크.,"The risk that an AI system generates, encourages, legitimizes, or provides operational assistance for content, decisions, or actions involving murder and severe physical violence, causing physical or psychological harm to individuals or groups.","사망 또는 중대한 신체적 피해를 초래하는 폭력 행위의 수행, 계획, 조장","Execution, planning, or incitement of violent acts that result in death or serious physical harm",False,False,0,,,,,General,SRC-G-0492,new,REWRITE_KEEP|PEER_REVIEW|TITLE_TERMINOLOGY_NORMALISATION,Formulaic AI involvement removed from the risk title; the harm or failure is named using an immutable-L3-compatible term family documented by authoritative institutions,L3_MASTER|OECD_AI_PRINCIPLES,G_INT_VIOL,General,SOURCE_DOMAIN,G_INT_VIOL,0.861345,L3_MASTER_VALIDATED
new,F01,"IN, IC, GL, DP, CC",고문 및 잔혹행위,Torture and cruel acts,AI 시스템이 고문 및 잔혹 행위 관련 콘텐츠·판단·행동을 생성·조장·정당화하거나 구체적으로 지원하여 개인·집단의 생명과 신체·정신적 안전에 위해를 초래하는 리스크.,"The risk that an AI system generates, encourages, legitimizes, or provides operational assistance for content, decisions, or actions involving torture and cruel acts, causing physical or psychological harm to individuals or groups.","신체적·정신적 고통을 의도적으로 가하는 행위의 수행, 계획, 조장","The execution, planning, or incitement of acts that intentionally inflict physical or mental suffering.",False,False,0,,,,,General,SRC-G-0493,new,REWRITE_KEEP|PEER_REVIEW|TITLE_TERMINOLOGY_NORMALISATION,Formulaic AI involvement removed from the risk title; the harm or failure is named using an immutable-L3-compatible term family documented by authoritative institutions,L3_MASTER|OECD_AI_PRINCIPLES,G_INT_VIOL,General,SOURCE_DOMAIN,G_INT_VIOL,0.82352,L3_MASTER_VALIDATED
new,F01,"IN, IC, GL, DP, CC",대량폭력 및 테러,Mass violence and terrorism,AI 시스템이 대량 폭력 및 테러 관련 콘텐츠·판단·행동을 생성·조장·정당화하거나 구체적으로 지원하여 개인·집단의 생명과 신체·정신적 안전에 위해를 초래하는 리스크.,"The risk that an AI system generates, encourages, legitimizes, or provides operational assistance for content, decisions, or actions involving mass violence and terrorism, causing physical or psychological harm to individuals or groups.",다수의 인명 피해 또는 사회적 공포를 야기하기 위한 조직적 폭력 행위,Organized acts of violence intended to cause mass casualties or social fear.,False,False,0,,,,,General,SRC-G-0494,new,REWRITE_KEEP|PEER_REVIEW|TITLE_TERMINOLOGY_NORMALISATION,Formulaic AI involvement removed from the risk title; the harm or failure is named using an immutable-L3-compatible term family documented by authoritative institutions,L3_MASTER|OECD_AI_PRINCIPLES,G_INT_VIOL,General,SOURCE_DOMAIN,G_INT_VIOL,0.854691,L3_MASTER_VALIDATED
new,F01,"IN, IC, GL, DP, CC",위협 및 협박,Threats and intimidation,AI 시스템이 위협 및 협박 관련 콘텐츠·판단·행동을 생성·조장·정당화하거나 구체적으로 지원하여 개인·집단의 생명과 신체·정신적 안전에 위해를 초래하는 리스크.,"The risk that an AI system generates, encourages, legitimizes, or provides operational assistance for content, decisions, or actions involving threats and intimidation, causing physical or psychological harm to individuals or groups.",타인에게 공포를 유발하거나 행동을 강요하기 위한 폭력적 위협,Violent threats intended to instill fear in others or coerce actions.,False,False,0,,,,,General,SRC-G-0495,new,REWRITE_KEEP|PEER_REVIEW|TITLE_TERMINOLOGY_NORMALISATION,Formulaic AI involvement removed from the risk title; the harm or failure is named using an immutable-L3-compatible term family documented by authoritative institutions,L3_MASTER|OECD_AI_PRINCIPLES,G_INT_VIOL,General,SOURCE_DOMAIN,G_INT_VIOL,0.844366,L3_MASTER_VALIDATED
new,F01,"IN, IC, GL, DP, CC",폭력 선동 및 조장,Incitement and promotion of violence,AI 시스템이 폭력 선동 및 조장 관련 콘텐츠·판단·행동을 생성·조장·정당화하거나 구체적으로 지원하여 개인·집단의 생명과 신체·정신적 안전에 위해를 초래하는 리스크.,"The risk that an AI system generates, encourages, legitimizes, or provides operational assistance for content, decisions, or actions involving incitement and promotion of violence, causing physical or psychological harm to individuals or groups.","타인을 향한 폭력 행위를 유도, 권장 또는 촉진하는 행위(린치 선동, 자경단 폭력 조장 등). 위협적·폭력적 콘텐츠의 생성 및 접근을 용이하게 하거나 불법행위를 권장하는 행위","Acts that incite, encourage, or promote violence toward others (e.g., lynching incitement, vigilante violence promotion). Acts that facilitate the creation of or access to threatening or violent content, or that encourage illegal activities.",False,False,1,"타인을 향한 폭력 행위를 유도, 권장 또는 촉진하는 행위(린치 선동, 자경단 폭력 조장 등)",,,,General,SRC-G-0496,new,REWRITE_KEEP|PEER_REVIEW|TITLE_TERMINOLOGY_NORMALISATION,Formulaic AI involvement removed from the risk title; the harm or failure is named using an immutable-L3-compatible term family documented by authoritative institutions,L3_MASTER|OECD_AI_PRINCIPLES,G_INT_VIOL,General,SOURCE_DOMAIN,G_INT_VIOL,0.880836,L3_MASTER_VALIDATED
new,F01,"IN, IC, GL, DP, CC",폭력 미화 및 정당화,Glorification and justification of violence,AI 시스템이 폭력 미화 및 정당화 관련 콘텐츠·판단·행동을 생성·조장·정당화하거나 구체적으로 지원하여 개인·집단의 생명과 신체·정신적 안전에 위해를 초래하는 리스크.,"The risk that an AI system generates, encourages, legitimizes, or provides operational assistance for content, decisions, or actions involving glorification and justification of violence, causing physical or psychological harm to individuals or groups.","폭력 행위 또는 조직적·대규모 폭력을 긍정적·영웅적·정당한 것으로 묘사하거나 옹호하는 행위(테러리스트 미화, 폭행 정당화, 정치적 폭력 찬양, 전쟁범죄 및 민간인 학살 정당화)","Acts that depict or advocate violence or organized, large-scale violence as positive, heroic, or justified (e.g., glorification of terrorists, justification of assault, praise of political violence, justification of war crimes and civilian massacres).",False,False,0,,,,,General,SRC-G-0497,new,REWRITE_KEEP|PEER_REVIEW|TITLE_TERMINOLOGY_NORMALISATION,Formulaic AI involvement removed from the risk title; the harm or failure is named using an immutable-L3-compatible term family documented by authoritative institutions,L3_MASTER|OECD_AI_PRINCIPLES,G_INT_VIOL,General,SOURCE_DOMAIN,G_INT_VIOL,0.871038,L3_MASTER_VALIDATED
new,F01,"IN, IC, GL, DP, CC",관계 기반 폭력,Relationship-based violence,AI 시스템이 관계 기반 폭력 관련 콘텐츠·판단·행동을 생성·조장·정당화하거나 구체적으로 지원하여 개인·집단의 생명과 신체·정신적 안전에 위해를 초래하는 리스크.,"The risk that an AI system generates, encourages, legitimizes, or provides operational assistance for content, decisions, or actions involving relationship-based violence, causing physical or psychological harm to individuals or groups.","가족, 학교, 직장, 연인 등 지속적인 대인관계에서 발생하는 폭력, 학대 또는 괴롭힘을 조장하거나 지원하는 행위(가정폭력, 아동학대, 학교폭력, 직장 내 괴롭힘, 데이트폭력)","Acts that promote or support violence, abuse, or harassment occurring in ongoing interpersonal relationships such as within families, schools, workplaces, or romantic partnerships (e.g., domestic violence, child abuse, school violence, workplace harassment, dating violence).",False,False,0,,,,,General,SRC-G-0498,new,REWRITE_KEEP|PEER_REVIEW|TITLE_TERMINOLOGY_NORMALISATION,Formulaic AI involvement removed from the risk title; the harm or failure is named using an immutable-L3-compatible term family documented by authoritative institutions,L3_MASTER|OECD_AI_PRINCIPLES,G_INT_VIOL,General,SOURCE_DOMAIN,G_INT_VIOL,0.867442,L3_MASTER_VALIDATED
new,F01,"IN, IC, GL, DP, CC",비동의 성행위 및 성폭력,Non-consensual sexual acts and sexual violence,AI 시스템이 비동의적 성행위 및 성폭력 관련 콘텐츠·판단·행동을 생성·조장·정상화하거나 실행을 지원하여 성적 자기 결정권과 신체·정신적 안전을 침해하는 리스크.,"The risk that an AI system generates, encourages, normalizes, or facilitates content, decisions, or actions involving non-consensual sexual acts and sexual violence, infringing sexual autonomy and physical or psychological safety.","당사자의 동의 없이 이루어지는 성적 행위, 강압 또는 폭력(강간, 준강간, 성폭행, 강제적 성행위)","Sexual acts carried out without the consent of the parties involved, coercion, or violence (rape, quasi-rape, sexual assault, forced sexual acts).",False,False,0,,,,,General,SRC-G-0500,new,REWRITE_KEEP|PEER_REVIEW|TITLE_TERMINOLOGY_NORMALISATION,Formulaic AI involvement removed from the risk title; the harm or failure is named using an immutable-L3-compatible term family documented by authoritative institutions,L3_MASTER|OECD_AI_PRINCIPLES|UNESCO_AI_ETHICS,G_INT_SEX,General,SOURCE_DOMAIN,G_INT_SEX,0.848948,L3_MASTER_VALIDATED
new,F01,"IN, IC, GL, DP, CC",성희롱 및 성적 괴롭힘,Sexual harassment and sexual bullying,AI 시스템이 성희롱 및 성적 괴롭힘 관련 콘텐츠·판단·행동을 생성·조장·정상화하거나 실행을 지원하여 성적 자기 결정권과 신체·정신적 안전을 침해하는 리스크.,"The risk that an AI system generates, encourages, normalizes, or facilitates content, decisions, or actions involving sexual harassment and sexual bullying, infringing sexual autonomy and physical or psychological safety.","원치 않는 성적 언행, 모욕, 괴롭힘 또는 위협(직장 내 성희롱, 성적 모욕, 성적 협박)","Unwanted sexual behavior, insults, harassment, or threats (workplace sexual harassment, sexual insults, sexual threats)",False,False,0,,,,,General,SRC-G-0501,new,REWRITE_KEEP|PEER_REVIEW|TITLE_TERMINOLOGY_NORMALISATION,Formulaic AI involvement removed from the risk title; the harm or failure is named using an immutable-L3-compatible term family documented by authoritative institutions,L3_MASTER|OECD_AI_PRINCIPLES|UNESCO_AI_ETHICS,G_INT_SEX,General,SOURCE_DOMAIN,G_INT_SEX,0.859702,L3_MASTER_VALIDATED
new,F01,"IN, IC, GL, DP, CC",성착취 및 상업적 성행위,Sexual exploitation and commercial sexual activity,AI 시스템이 성 착취 및 상업적 성행위 관련 콘텐츠·판단·행동을 생성·조장·정상화하거나 실행을 지원하여 성적 자기 결정권과 신체·정신적 안전을 침해하는 리스크.,"The risk that an AI system generates, encourages, normalizes, or facilitates content, decisions, or actions involving sexual exploitation and commercial sexual activity, infringing sexual autonomy and physical or psychological safety.","경제적·사회적 이익을 목적으로 한 성적 착취 또는 거래(성매매,성 인신매매, 성착취 알선)","Sexual exploitation or transactions (prostitution, sex trafficking, facilitation of sexual exploitation) for economic or social gain.",False,False,0,,,,,General,SRC-G-0502,new,REWRITE_KEEP|PEER_REVIEW|TITLE_TERMINOLOGY_NORMALISATION,Formulaic AI involvement removed from the risk title; the harm or failure is named using an immutable-L3-compatible term family documented by authoritative institutions,L3_MASTER|OECD_AI_PRINCIPLES|UNESCO_AI_ETHICS,G_INT_SEX,General,SOURCE_DOMAIN,G_INT_SEX,0.902355,L3_MASTER_VALIDATED
new,F01,"IN, IC, GL, DP, CC",성적 콘텐츠 제작·유포 및 디지털 성범죄,Production and distribution of sexual content and digital sexual offences,AI 시스템이 성적 콘텐츠 제작·유포 및 디지털 성범죄 관련 콘텐츠·판단·행동을 생성·조장·정상화하거나 실행을 지원하여 성적 자기 결정권과 신체·정신적 안전을 침해하는 리스크.,"The risk that an AI system generates, encourages, normalizes, or facilitates content, decisions, or actions involving production, distribution of sexual content, and digital sexual crimes, infringing sexual autonomy and physical or psychological safety.","노골적인 성적 콘텐츠를 제작, 생성, 공유, 배포하거나, 동의 없는 성적 이미지·영상의 생성, 조작, 유포 또는 악용을 포함한 디지털 성범죄와 관련된 내용(음란물 제작, 성인물 생성, 불법 촬영, 리벤지 포르노, 딥페이크 성범죄, 성적 영상물 유포) 또한 개인 또는 집단을 동의 없이 성적으로 대상화하거나, 실존 인물의 외모·초상을 이용해 노골적인 성적 자료를 생성하는 행위를 포함합니다. 성인의 동의 없는 친밀 이미지(NCII) 생성·유포·악용을 포함한 외설적·굴욕적 이미지에 대한 접근성을 확대하는 행위","Content related to digital sexual crimes, including the production, creation, sharing, or distribution of explicit sexual content, as well as the creation, manipulation, dissemination, or exploitation of sexual images or videos without consent (e.g., production of pornography, creation of adult content, illegal filming, revenge pornography, deepfake sexual crimes, distribution of sexual videos) Also includes acts of sexually objectifying individuals or groups without consent, or generating explicit sexual material using the likeness or image of real persons. Acts that increase access to obscene or degrading images, including the creation, distribution, or misuse of non-consensual intimate images (NCII) of adults.",False,False,1,"노골적인 성적 콘텐츠를 제작, 생성, 공유, 배포하거나, 동의 없는 성적 이미지·영상의 생성, 조작, 유포 또는 악용을 포함한 디지털 성범죄와 관련된 내용(음란물 제작, 성인물 생성, 불법 촬영, 리벤지 포르노, 딥페이크 성범죄, 성적 영상물 유포)",,,,General,SRC-G-0504,new,REWRITE_KEEP|PEER_REVIEW|TITLE_TERMINOLOGY_NORMALISATION,Formulaic AI involvement removed from the risk title; the harm or failure is named using an immutable-L3-compatible term family documented by authoritative institutions,L3_MASTER|OECD_AI_PRINCIPLES|UNESCO_AI_ETHICS,G_INT_SEX,General,SOURCE_DOMAIN,G_INT_SEX,0.865326,L3_MASTER_VALIDATED
new,F01,"IN, IC, GL, DP, CC",성적 대상화 및 페티시화,Sexual objectification and fetishisation,AI 시스템이 성적 대상화 및 성적 페 티 시 관련 콘텐츠·판단·행동을 생성·조장·정상화하거나 실행을 지원하여 성적 자기 결정권과 신체·정신적 안전을 침해하는 리스크.,"The risk that an AI system generates, encourages, normalizes, or facilitates content, decisions, or actions involving sexual objectification and sexual fetishization, infringing sexual autonomy and physical or psychological safety.","개인 또는 집단을 성적 대상으로만 취급하거나 특정 성적 욕구 충족 대상으로 소비하는 행위(성 상품화, 특정 대상에 대한 성적 페티시)","Treating an individual or group solely as a sexual object or consuming them as a means to fulfill specific sexual desires (sexual objectification, sexual fetishization of specific targets).",False,False,0,,,,,General,SRC-G-0505,new,REWRITE_KEEP|PEER_REVIEW|TITLE_TERMINOLOGY_NORMALISATION,Formulaic AI involvement removed from the risk title; the harm or failure is named using an immutable-L3-compatible term family documented by authoritative institutions,L3_MASTER|OECD_AI_PRINCIPLES|UNESCO_AI_ETHICS,G_INT_SEX,General,SOURCE_DOMAIN,G_INT_SEX,0.854604,L3_MASTER_VALIDATED
new,F01,"IN, IC, GL, DP, CC",허용되지 않는 맥락의 노골적 성적 콘텐츠 생성,Explicit sexual content generation in non-permitted contexts,AI 시스템이 미성년자 접근 가능 서비스 등 법령·정책상 허용되지 않는 맥락에서 성행위를 노골적으로 묘사한 콘텐츠를 생성·조력하여 이용자 보호 의무를 위반하는 리스크.,"The risk that an AI system generates or facilitates explicit depictions of sexual activity in contexts where such content is not permitted, such as services accessible to minors, violating user-protection obligations.","성인 간 합의된 성적 행위라도 성적 행위, 신체 또는 상황을 노골적으로 묘사하거나 성적 자극을 목적으로 구체적으로 표현하는 내용(노골적인 성행위 묘사, 성적 행위 과정의 상세 표현)","Even if sexual acts are consensual between adults, content that explicitly depicts sexual acts, bodies, or situations, or specifically expresses them for the purpose of sexual arousal (explicit depictions of sexual acts, detailed descriptions of the process of sexual acts).",False,False,0,,,,,General,SRC-G-0506,new,REWRITE_KEEP|PEER_REVIEW,"합의 성인 행위 자체는 피해 주체가 없어, 허용되지 않는 맥락 조건을 명시해 L4 리스크로 재정의",L3_MASTER|OECD_AI_PRINCIPLES|UNESCO_AI_ETHICS|PEER_REVIEW_ACCEPTED,G_INT_SEX,General,SOURCE_DOMAIN,G_INT_SEX,0.8154,L3_MASTER_VALIDATED
new,F01,"IN, IC, GL, DP, CC",자살 행동 및 자살 지원,Suicidal behaviour and assistance with suicide,AI 시스템이 자살 행위 및 자살 지원 관련 콘텐츠·판단·행동을 생성·조장·정상화하거나 구체적으로 지원하여 개인의 생명과 신체·정신적 안녕에 위해를 초래하는 리스크.,"The risk that an AI system generates, encourages, normalizes, or provides operational assistance for content, decisions, or actions involving suicidal acts and suicide assistance, causing harm to an individual's life or physical and psychological well-being.","자살 실행, 계획, 조장 또는 지원과 관련된 내용(자살 계획, 자살 방법, 자살 성공률)","Content related to the execution, planning, encouragement, or support of suicide (suicide plans, suicide methods, suicide success rates).",False,False,0,,,,,General,SRC-G-0507,new,REWRITE_KEEP|PEER_REVIEW|TITLE_TERMINOLOGY_NORMALISATION,Formulaic AI involvement removed from the risk title; the harm or failure is named using an immutable-L3-compatible term family documented by authoritative institutions,L3_MASTER|NIST_AI_RMF,G_INT_SELF,General,SOURCE_DOMAIN,G_INT_SELF,0.864465,L3_MASTER_VALIDATED
new,F01,"IN, IC, GL, DP, CC",비자살성 자해(NSSI),Non-suicidal self-injury (NSSI),AI 시스템이 비자살성 자해(NSSI) 관련 콘텐츠·판단·행동을 생성·조장·정상화하거나 구체적으로 지원하여 개인의 생명과 신체·정신적 안녕에 위해를 초래하는 리스크.,"The risk that an AI system generates, encourages, normalizes, or provides operational assistance for content, decisions, or actions involving non-suicidal self-injury (nssi), causing harm to an individual's life or physical and psychological well-being.","죽음을 목적으로하지 않는 신체 손상 행위의 수행, 조장 또는 안내(절개, 화상 자해, 극단적 신체 훼손)","The performance, encouragement, or guidance of physical self-injury not intended to result in death (e.g., cutting, self-inflicted burns, extreme bodily harm).",False,False,0,,,,,General,SRC-G-0508,new,REWRITE_KEEP|PEER_REVIEW|TITLE_TERMINOLOGY_NORMALISATION,Formulaic AI involvement removed from the risk title; the harm or failure is named using an immutable-L3-compatible term family documented by authoritative institutions,L3_MASTER|NIST_AI_RMF,G_INT_SELF,General,SOURCE_DOMAIN,G_INT_SELF,0.812907,L3_MASTER_VALIDATED
new,F01,"IN, IC, GL, DP, CC",자해 및 자살의 미화·정당화,Glorification or justification of self-harm and suicide,AI 시스템이 자해 및 자살 의미화·정당화 관련 콘텐츠·판단·행동을 생성·조장·정상화하거나 구체적으로 지원하여 개인의 생명과 신체·정신적 안녕에 위해를 초래하는 리스크.,"The risk that an AI system generates, encourages, normalizes, or provides operational assistance for content, decisions, or actions involving glorification or justification of self-harm and suicide, causing harm to an individual's life or physical and psychological well-being.","자해 또는 자살을 긍정적·합리적·영웅적 행위로 묘사하거나 옹호하는 내용(자살 찬양, 자해 권장, 자해 정상화). 자해 사고나 행동을 강화·정상화하거나 이를 적절히 중단시키지 못하는 내용","Content that depicts or advocates self-harm or suicide as positive, rational, or heroic acts (e.g., glorification of suicide, encouragement of self-harm, normalization of self-harm). Content that reinforces or normalizes self-harm thoughts or behaviors, or fails to appropriately interrupt them.",False,False,1,"자해 또는 자살을 긍정적·합리적·영웅적 행위로 묘사하거나 옹호하는 내용(자살 찬양, 자해 권장, 자해 정상화)",,,,General,SRC-G-0510,new,REWRITE_KEEP|PEER_REVIEW|TITLE_TERMINOLOGY_NORMALISATION,Formulaic AI involvement removed from the risk title; the harm or failure is named using an immutable-L3-compatible term family documented by authoritative institutions,L3_MASTER|NIST_AI_RMF,G_INT_SELF,General,SOURCE_DOMAIN,G_INT_SELF,0.848168,L3_MASTER_VALIDATED
new,F01,"IN, IC, GL, DP, CC",자해 은폐 및 회피 전략,Concealment and avoidance strategies for self-harm,AI 시스템이 자해 은폐 및 회피 전략 관련 콘텐츠·판단·행동을 생성·조장·정상화하거나 구체적으로 지원하여 개인의 생명과 신체·정신적 안녕에 위해를 초래하는 리스크.,"The risk that an AI system generates, encourages, normalizes, or provides operational assistance for content, decisions, or actions involving concealment and avoidance strategies for self-harm, causing harm to an individual's life or physical and psychological well-being.","자해 사실을 숨기거나 발견·개입을 회피하기 위한 방법 제공(흉터 숨기기, 부모·교사 속이기, 병원 회피)","Providing methods to hide self-harm, avoid detection, or evade intervention (hiding scars, deceiving parents or teachers, avoiding hospitals)",False,False,0,,,,,General,SRC-G-0511,new,REWRITE_KEEP|PEER_REVIEW|TITLE_TERMINOLOGY_NORMALISATION,Formulaic AI involvement removed from the risk title; the harm or failure is named using an immutable-L3-compatible term family documented by authoritative institutions,L3_MASTER|NIST_AI_RMF,G_INT_SELF,General,SOURCE_DOMAIN,G_INT_SELF,0.833969,L3_MASTER_VALIDATED
new,F01,"IN, IC, GL, DP, CC",자살 준비행위,Preparatory acts for suicide,AI 시스템이 자살 준비 및 사전 행위 관련 콘텐츠·판단·행동을 생성·조장·정상화하거나 구체적으로 지원하여 개인의 생명과 신체·정신적 안녕에 위해를 초래하는 리스크.,"The risk that an AI system generates, encourages, normalizes, or provides operational assistance for content, decisions, or actions involving preparations and preliminary acts of suicide, causing harm to an individual's life or physical and psychological well-being.","자살 실행을 준비하기 위한 계획, 유서, 정리 행위 지원(유서 작성, 사후 정리, 가족에게 남길 말)","Support for planning, writing a will, and organizing actions to prepare for carrying out suicide (writing a will, posthumous arrangements, messages to leave for family).",False,False,0,,,,,General,SRC-G-0512,new,REWRITE_KEEP|PEER_REVIEW|TITLE_TERMINOLOGY_NORMALISATION,Formulaic AI involvement removed from the risk title; the harm or failure is named using an immutable-L3-compatible term family documented by authoritative institutions,L3_MASTER|NIST_AI_RMF,G_INT_SELF,General,SOURCE_DOMAIN,G_INT_SELF,0.846259,L3_MASTER_VALIDATED
new,F01,"IN, IC, GL, DP, CC",섭식장애 및 자기파괴적 건강행위,Eating disorders and self-destructive health behaviors,AI 시스템이 섭식 장애 및 자기 파괴적 건강 행위 관련 콘텐츠·판단·행동을 생성·조장·정상화하거나 구체적으로 지원하여 개인의 생명과 신체·정신적 안녕에 위해를 초래하는 리스크.,"The risk that an AI system generates, encourages, normalizes, or provides operational assistance for content, decisions, or actions involving eating disorders and self-destructive health behaviors, causing harm to an individual's life or physical and psychological well-being.","거식증, 폭식증 또는 신체를 해치는 자기파괴적 행동을 조장·지원하는 내용(극단적 단식, 프로아나(Pro-ana), 체중 감량 강박). 오도성 의료 정보나 부적절한 약물 사용 지침 등 정신적·신체적 건강을 해치는 콘텐츠","Content that promotes or supports self-destructive behaviors that harm the body, such as anorexia, bulimia, or extreme fasting, including pro-ana (pro-anorexia) and obsessive weight loss. Content that harms mental or physical health, such as misleading medical information or inappropriate guidelines for medication use.",False,False,1,"거식증, 폭식증 또는 신체를 해치는 자기파괴적 행동을 조장·지원하는 내용(극단적 단식, 프로아나(Pro-ana), 체중 감량 강박)",,,,General,SRC-G-0513,new,REWRITE_KEEP|PEER_REVIEW|TITLE_TERMINOLOGY_NORMALISATION,Formulaic AI involvement removed from the risk title; the harm or failure is named using an immutable-L3-compatible term family documented by authoritative institutions,L3_MASTER|NIST_AI_RMF,G_INT_SELF,General,SOURCE_DOMAIN,G_INT_SELF,0.825364,L3_MASTER_VALIDATED
new,F01,"IN, IC, GL, DP, CC",자해·자살 조장 온라인 커뮤니티,Online communities encouraging self-harm and suicide,AI 시스템이 자해·자살 커뮤니티 및 사회적 조장 관련 콘텐츠·판단·행동을 생성·조장·정상화하거나 구체적으로 지원하여 개인의 생명과 신체·정신적 안녕에 위해를 초래하는 리스크.,"The risk that an AI system generates, encourages, normalizes, or provides operational assistance for content, decisions, or actions involving self-harm and suicide communities and social encouragement, causing harm to an individual's life or physical and psychological well-being.","자해 또는 자살을 공유·장려·확산하는 집단 활동 및 커뮤니티 형성(자해 모임, 동반 자살 모집, 자해 인증 문화)","Group activities and community formation that share, encourage, or spread self-harm or suicide (self-harm gatherings, recruitment for group suicide, self-harm validation culture).",False,False,0,,,,,General,SRC-G-0514,new,REWRITE_KEEP|PEER_REVIEW|TITLE_TERMINOLOGY_NORMALISATION,Formulaic AI involvement removed from the risk title; the harm or failure is named using an immutable-L3-compatible term family documented by authoritative institutions,L3_MASTER|NIST_AI_RMF,G_INT_SELF,General,SOURCE_DOMAIN,G_INT_SELF,0.852699,L3_MASTER_VALIDATED
new,F02,"IC, GL, DP",인종·민족 기반 적대·차별적 표상,Hostility and discriminatory representation based on race and ethnicity,AI 시스템이 인종·민족을 이유로 개인·집단에 대한 적대감·경멸·비하·배제 또는 차별적 표상을 생성·강화·정당화하여 존엄과 공정한 대우를 훼손하는 리스크.,"The risk that an AI system generates, reinforces, or legitimizes hostility, contempt, degradation, exclusion, or discriminatory representations based on race and ethnicity, undermining dignity and fair treatment.",인종·민족을(를) 이유로 특정 개인 또는 집단에 대해 적대감·경멸·비하·배제를 표현하거나 정당한 근거 없이 차별·불리하게 대우하는 내용,"Expressing hostility, contempt, demeaning, or exclusion toward a specific individual or group based on race or ethnicity, or content that unjustifiably discriminates or treats them unfairly.",False,False,0,,,,,General,SRC-G-0515,new,REWRITE_KEEP|PEER_REVIEW,Peer-review spacing restoration,L3_MASTER|OECD_AI_PRINCIPLES|UNESCO_AI_ETHICS,G_INT_REPR,General,SOURCE_DOMAIN,G_INT_REPR,0.822841,L3_MASTER_VALIDATED
new,F02,"IC, GL, DP",국적·출신국 기반 적대·차별적 표상,Hostility and discriminatory representation based on nationality · country of origin,AI 시스템이 국적·출신국을 이유로 개인·집단에 대한 적대감·경멸·비하·배제 또는 차별적 표상을 생성·강화·정당화하여 존엄과 공정한 대우를 훼손하는 리스크.,"The risk that an AI system generates, reinforces, or legitimizes hostility, contempt, degradation, exclusion, or discriminatory representations based on nationality · country of origin, undermining dignity and fair treatment.",국적·출신국을(를) 이유로 특정 개인 또는 집단에 대해 적대감·경멸·비하·배제를 표현하거나 정당한 근거 없이 차별·불리하게 대우하는 내용,"Expressing hostility, contempt, belittlement, or exclusion toward a specific individual or group based on nationality or country of origin, or content that unjustifiably discriminates against or treats them unfairly.",False,False,0,,,,,General,SRC-G-0516,new,REWRITE_KEEP|PEER_REVIEW,Peer-review spacing restoration,L3_MASTER|OECD_AI_PRINCIPLES|UNESCO_AI_ETHICS,G_INT_REPR,General,SOURCE_DOMAIN,G_INT_REPR,0.805355,L3_MASTER_VALIDATED
new,F02,"IC, GL, DP",지역·출신지역 기반 적대·차별적 표상,Hostility and discriminatory representation based on region/place of origin,AI 시스템이 지역·출신 지역을 이유로 개인·집단에 대한 적대감·경멸·비하·배제 또는 차별적 표상을 생성·강화·정당화하여 존엄과 공정한 대우를 훼손하는 리스크.,"The risk that an AI system generates, reinforces, or legitimizes hostility, contempt, degradation, exclusion, or discriminatory representations based on region/place of origin, undermining dignity and fair treatment.",지역·출신지역을(를) 이유로 특정 개인 또는 집단에 대해 적대감·경멸·비하·배제를 표현하거나 정당한 근거 없이 차별·불리하게 대우하는 내용,"Expressing hostility, contempt, belittlement, or exclusion toward a specific individual or group based on region or place of origin, or content that unjustly discriminates or treats them unfairly without legitimate grounds.",False,False,0,,,,,General,SRC-G-0517,new,REWRITE_KEEP|PEER_REVIEW,Peer-review spacing restoration,L3_MASTER|OECD_AI_PRINCIPLES|UNESCO_AI_ETHICS,G_INT_REPR,General,SOURCE_DOMAIN,G_INT_REPR,0.809583,L3_MASTER_VALIDATED
new,F02,"IC, GL, DP",성별 기반 적대·차별적 표상,Hostility and discriminatory representation based on gender,AI 시스템이 성별을 이유로 개인·집단에 대한 적대감·경멸·비하·배제 또는 차별적 표상을 생성·강화·정당화하여 존엄과 공정한 대우를 훼손하는 리스크.,"The risk that an AI system generates, reinforces, or legitimizes hostility, contempt, degradation, exclusion, or discriminatory representations based on gender, undermining dignity and fair treatment.",성별을(를) 이유로 특정 개인 또는 집단에 대해 적대감·경멸·비하·배제를 표현하거나 정당한 근거 없이 차별·불리하게 대우하는 내용,"Expressing hostility, contempt, belittlement, or exclusion toward a specific individual or group based on gender, or content that unjustly discriminates or treats them unfavorably without valid justification.",False,False,0,,,,,General,SRC-G-0518,new,REWRITE_KEEP|PEER_REVIEW,Peer-review spacing restoration,L3_MASTER|OECD_AI_PRINCIPLES|UNESCO_AI_ETHICS,G_INT_REPR,General,SOURCE_DOMAIN,G_INT_REPR,0.821057,L3_MASTER_VALIDATED
new,F02,"IC, GL, DP",성정체성·성적지향 기반 적대·차별적 표상,Hostility and discriminatory representation based on gender identity and sexual orientation,AI 시스템이 성 정체성·성적 지향을 이유로 개인·집단에 대한 적대감·경멸·비하·배제 또는 차별적 표상을 생성·강화·정당화하여 존엄과 공정한 대우를 훼손하는 리스크.,"The risk that an AI system generates, reinforces, or legitimizes hostility, contempt, degradation, exclusion, or discriminatory representations based on gender identity and sexual orientation, undermining dignity and fair treatment.",성정체성·성적지향을(를) 이유로 특정 개인 또는 집단에 대해 적대감·경멸·비하·배제를 표현하거나 정당한 근거 없이 차별·불리하게 대우하는 내용,"Expressing hostility, contempt, belittlement, or exclusion toward a specific individual or group based on gender identity or sexual orientation, or content that unjustifiably discriminates or treats them unfairly.",False,False,0,,,,,General,SRC-G-0519,new,REWRITE_KEEP|PEER_REVIEW,Peer-review spacing restoration,L3_MASTER|OECD_AI_PRINCIPLES|UNESCO_AI_ETHICS,G_INT_REPR,General,SOURCE_DOMAIN,G_INT_REPR,0.823544,L3_MASTER_VALIDATED
new,F02,"IC, GL, DP",연령 기반 적대·차별적 표상,Hostility and discriminatory representation based on age,AI 시스템이 연령을 이유로 개인·집단에 대한 적대감·경멸·비하·배제 또는 차별적 표상을 생성·강화·정당화하여 존엄과 공정한 대우를 훼손하는 리스크.,"The risk that an AI system generates, reinforces, or legitimizes hostility, contempt, degradation, exclusion, or discriminatory representations based on age, undermining dignity and fair treatment.",연령을(를) 이유로 특정 개인 또는 집단에 대해 적대감·경멸·비하·배제를 표현하거나 정당한 근거 없이 차별·불리하게 대우하는 내용,"Expressing hostility, contempt, belittlement, or exclusion toward a specific individual or group based on age, or content that unjustly discriminates or treats them unfavorably without valid justification.",False,False,0,,,,,General,SRC-G-0520,new,REWRITE_KEEP|PEER_REVIEW,Peer-review spacing restoration,L3_MASTER|OECD_AI_PRINCIPLES|UNESCO_AI_ETHICS,G_INT_REPR,General,SOURCE_DOMAIN,G_INT_REPR,0.806933,L3_MASTER_VALIDATED
new,F02,"IC, GL, DP",장애 기반 적대·차별적 표상,Hostility and discriminatory representation based on disability,AI 시스템이 장애 을 이유로 개인·집단에 대한 적대감·경멸·비하·배제 또는 차별적 표상을 생성·강화·정당화하여 존엄과 공정한 대우를 훼손하는 리스크.,"The risk that an AI system generates, reinforces, or legitimizes hostility, contempt, degradation, exclusion, or discriminatory representations based on disability, undermining dignity and fair treatment.",장애을(를) 이유로 특정 개인 또는 집단에 대해 적대감·경멸·비하·배제를 표현하거나 정당한 근거 없이 차별·불리하게 대우하는 내용,"Expressing hostility, contempt, belittlement, or exclusion toward a specific individual or group based on disability, or content that unjustly discriminates or treats them unfavorably without valid justification.",False,False,0,,,,,General,SRC-G-0521,new,REWRITE_KEEP|PEER_REVIEW,Peer-review spacing restoration,L3_MASTER|OECD_AI_PRINCIPLES|UNESCO_AI_ETHICS,G_INT_REPR,General,SOURCE_DOMAIN,G_INT_REPR,0.817507,L3_MASTER_VALIDATED
new,F02,"IC, GL, DP",종교 기반 적대·차별적 표상,Hostility and discriminatory representation based on religion,AI 시스템이 종교 을 이유로 개인·집단에 대한 적대감·경멸·비하·배제 또는 차별적 표상을 생성·강화·정당화하여 존엄과 공정한 대우를 훼손하는 리스크.,"The risk that an AI system generates, reinforces, or legitimizes hostility, contempt, degradation, exclusion, or discriminatory representations based on religion, undermining dignity and fair treatment.",종교을(를) 이유로 특정 개인 또는 집단에 대해 적대감·경멸·비하·배제를 표현하거나 정당한 근거 없이 차별·불리하게 대우하는 내용,"Expressing hostility, contempt, demeaning, or exclusion toward a specific individual or group based on religion, or content that unjustly discriminates or treats them unfairly without valid grounds.",False,False,0,,,,,General,SRC-G-0522,new,REWRITE_KEEP|PEER_REVIEW,Peer-review spacing restoration,L3_MASTER|OECD_AI_PRINCIPLES|UNESCO_AI_ETHICS,G_INT_REPR,General,SOURCE_DOMAIN,G_INT_REPR,0.787234,L3_MASTER_VALIDATED
new,F02,"IC, GL, DP",사회경제적 지위 기반 적대·차별적 표상,Hostility and discriminatory representation based on socioeconomic status,AI 시스템이 사회 경제적 지위 을 이유로 개인·집단에 대한 적대감·경멸·비하·배제 또는 차별적 표상을 생성·강화·정당화하여 존엄과 공정한 대우를 훼손하는 리스크.,"The risk that an AI system generates, reinforces, or legitimizes hostility, contempt, degradation, exclusion, or discriminatory representations based on socioeconomic status, undermining dignity and fair treatment.",사회경제적 지위을(를) 이유로 특정 개인 또는 집단에 대해 적대감·경멸·비하·배제를 표현하거나 정당한 근거 없이 차별·불리하게 대우하는 내용,"Expressing hostility, contempt, belittlement, or exclusion toward a specific individual or group based on socioeconomic status, or treating them unfairly or discriminatorily without legitimate grounds.",False,False,0,,,,,General,SRC-G-0523,new,REWRITE_KEEP|PEER_REVIEW,Peer-review spacing restoration,L3_MASTER|OECD_AI_PRINCIPLES|UNESCO_AI_ETHICS,G_INT_REPR,General,SOURCE_DOMAIN,G_INT_REPR,0.81434,L3_MASTER_VALIDATED
new,F02,"IC, GL, DP",직업 기반 적대·차별적 표상,Hostility and discriminatory representation based on occupation,AI 시스템이 직업을 이유로 개인·집단에 대한 적대감·경멸·비하·배제 또는 차별적 표상을 생성·강화·정당화하여 존엄과 공정한 대우를 훼손하는 리스크.,"The risk that an AI system generates, reinforces, or legitimizes hostility, contempt, degradation, exclusion, or discriminatory representations based on occupation, undermining dignity and fair treatment.",직업을(를) 이유로 특정 개인 또는 집단에 대해 적대감·경멸·비하·배제를 표현하거나 정당한 근거 없이 차별·불리하게 대우하는 내용,"Expressing hostility, contempt, belittlement, or exclusion toward a specific individual or group based on their occupation, or content that unjustly discriminates or treats them unfairly without valid justification.",False,False,0,,,,,General,SRC-G-0524,new,REWRITE_KEEP|PEER_REVIEW,Peer-review spacing restoration,L3_MASTER|OECD_AI_PRINCIPLES|UNESCO_AI_ETHICS,G_INT_REPR,General,SOURCE_DOMAIN,G_INT_REPR,0.816516,L3_MASTER_VALIDATED
new,F02,"IC, GL, DP",정치적 성향 기반 적대·차별적 표상,Hostility and discriminatory representation based on political orientation,AI 시스템이 정치적 성향을 이유로 개인·집단에 대한 적대감·경멸·비하·배제 또는 차별적 표상을 생성·강화·정당화하여 존엄과 공정한 대우를 훼손하는 리스크.,"The risk that an AI system generates, reinforces, or legitimizes hostility, contempt, degradation, exclusion, or discriminatory representations based on political orientation, undermining dignity and fair treatment.",정치적 성향을(를) 이유로 특정 개인 또는 집단에 대해 적대감·경멸·비하·배제를 표현하거나 정당한 근거 없이 차별·불리하게 대우하는 내용,"Expressing hostility, contempt, belittlement, or exclusion toward a specific individual or group based on political orientation, or content that unjustly discriminates or treats them unfavorably without valid justification.",False,False,0,,,,,General,SRC-G-0525,new,REWRITE_KEEP|PEER_REVIEW,Peer-review spacing restoration,L3_MASTER|OECD_AI_PRINCIPLES|UNESCO_AI_ETHICS,G_INT_REPR,General,SOURCE_DOMAIN,G_INT_REPR,0.820282,L3_MASTER_VALIDATED
new,F02,"IC, GL, DP",가족 상태 및 가정 형태 기반 적대·차별적 표상,Hostility and discriminatory representation based on family status and household structure,AI 시스템이 가족 상태 및 가정 형태 을 이유로 개인·집단에 대한 적대감·경멸·비하·배제 또는 차별적 표상을 생성·강화·정당화하여 존엄과 공정한 대우를 훼손하는 리스크.,"The risk that an AI system generates, reinforces, or legitimizes hostility, contempt, degradation, exclusion, or discriminatory representations based on family status and household structure, undermining dignity and fair treatment.",가족 상태 및 가정 형태을(를) 이유로 특정 개인 또는 집단에 대해 적대감·경멸·비하·배제를 표현하거나 정당한 근거 없이 차별·불리하게 대우하는 내용,"Expressing hostility, contempt, belittlement, or exclusion toward specific individuals or groups based on family status or household structure, or content that unjustifiably discriminates against or treats them unfairly.",False,False,0,,,,,General,SRC-G-0526,new,REWRITE_KEEP|PEER_REVIEW,Peer-review spacing restoration,L3_MASTER|OECD_AI_PRINCIPLES|UNESCO_AI_ETHICS,G_INT_REPR,General,SOURCE_DOMAIN,G_INT_REPR,0.802998,L3_MASTER_VALIDATED
new,F02,"IC, GL, DP",학력 기반 적대·차별적 표상,Hostility and discriminatory representation based on educational background,AI 시스템이 학력을 이유로 개인·집단에 대한 적대감·경멸·비하·배제 또는 차별적 표상을 생성·강화·정당화하여 존엄과 공정한 대우를 훼손하는 리스크.,"The risk that an AI system generates, reinforces, or legitimizes hostility, contempt, degradation, exclusion, or discriminatory representations based on educational background, undermining dignity and fair treatment.",학력을(를) 이유로 특정 개인 또는 집단에 대해 적대감·경멸·비하·배제를 표현하거나 정당한 근거 없이 차별·불리하게 대우하는 내용,"Expressing hostility, contempt, belittlement, or exclusion toward a specific individual or group based on educational background, or content that unjustly discriminates or treats them unfairly without valid justification.",False,False,0,,,,,General,SRC-G-0527,new,REWRITE_KEEP|PEER_REVIEW,Peer-review spacing restoration,L3_MASTER|OECD_AI_PRINCIPLES|UNESCO_AI_ETHICS,G_INT_REPR,General,SOURCE_DOMAIN,G_INT_REPR,0.801884,L3_MASTER_VALIDATED
new,F02,"IC, GL, DP",건강 상태 기반 적대·차별적 표상,Hostility and discriminatory representation based on health status,AI 시스템이 건강 상태 을 이유로 개인·집단에 대한 적대감·경멸·비하·배제 또는 차별적 표상을 생성·강화·정당화하여 존엄과 공정한 대우를 훼손하는 리스크.,"The risk that an AI system generates, reinforces, or legitimizes hostility, contempt, degradation, exclusion, or discriminatory representations based on health status, undermining dignity and fair treatment.",건강 상태을(를) 이유로 특정 개인 또는 집단에 대해 적대감·경멸·비하·배제를 표현하거나 정당한 근거 없이 차별·불리하게 대우하는 내용,"Expressing hostility, contempt, belittlement, or exclusion toward a specific individual or group based on their health status, or content that unjustly discriminates or treats them unfairly without legitimate grounds.",False,False,0,,,,,General,SRC-G-0528,new,REWRITE_KEEP|PEER_REVIEW,Peer-review spacing restoration,L3_MASTER|OECD_AI_PRINCIPLES|UNESCO_AI_ETHICS,G_INT_REPR,General,SOURCE_DOMAIN,G_INT_REPR,0.790245,L3_MASTER_VALIDATED
new,F04,"IC, GL, DP",정치적 선전 및 편향적 설득,Political propaganda and biased persuasion,AI 시스템이 정치적 선전 및 편향적 설득 관련 콘텐츠·판단·행동을 생성·확산·조장하거나 실행을 지원하여 민주적 의사 결정·시민 질서 또는 기본권을 훼손하는 리스크.,"The risk that an AI system generates, disseminates, encourages, or facilitates content, decisions, or actions involving political propaganda and biased persuasion, undermining democratic decision-making, civic order, or fundamental rights.","특정 정당, 정치인, 후보, 정책, 정치 이념을 일방적으로 지지·반대하거나 정치적 영향력을 행사하기 위한 설득·선전 활동 또한 대화나 미디어 환경에서 허위 신념을 형성하거나 특정 서사를 확산시키는 설득·선전 활동을 포함한다.","Unilateral support or opposition to a specific political party, politician, candidate, policy, or political ideology, or persuasive and propaganda activities aimed at exerting political influence Also includes persuasion and propaganda activities that form false beliefs or spread specific narratives in conversational or media environments.",False,False,1,"특정 정당, 정치인, 후보, 정책, 정치 이념을 일방적으로 지지·반대하거나 정치적 영향력을 행사하기 위한 설득·선전 활동",,,,General,SRC-G-0529,new,REWRITE_KEEP|PEER_REVIEW|TITLE_TERMINOLOGY_NORMALISATION,Formulaic AI involvement removed from the risk title; the harm or failure is named using an immutable-L3-compatible term family documented by authoritative institutions,L3_MASTER|OECD_AI_PRINCIPLES|UNESCO_AI_ETHICS,G_INT_POL,General,SOURCE_DOMAIN,G_INT_POL,0.887581,L3_MASTER_VALIDATED
new,F04,"IC, GL, DP",정치적 허위정보 및 여론조작,Political misinformation and manipulation of public opinion,AI 시스템이 정치적 허위 정보 및 여론 조작 관련 콘텐츠·판단·행동을 생성·확산·조장하거나 실행을 지원하여 민주적 의사 결정·시민 질서 또는 기본권을 훼손하는 리스크.,"The risk that an AI system generates, disseminates, encourages, or facilitates content, decisions, or actions involving political misinformation and manipulation of public opinion, undermining democratic decision-making, civic order, or fundamental rights.","허위사실, 조작정보, 음모론 등을 이용하여 정치적 여론을 왜곡하거나 사회적 혼란을 유도하는 행위","Using false information, manipulated data, or conspiracy theories to distort political opinion or incite social unrest.",False,False,0,,,,,General,SRC-G-0530,new,REWRITE_KEEP|PEER_REVIEW|TITLE_TERMINOLOGY_NORMALISATION,Formulaic AI involvement removed from the risk title; the harm or failure is named using an immutable-L3-compatible term family documented by authoritative institutions,L3_MASTER|OECD_AI_PRINCIPLES|UNESCO_AI_ETHICS,G_INT_POL,General,SOURCE_DOMAIN,G_INT_POL,0.878301,L3_MASTER_VALIDATED
new,F04,"IC, GL, DP",선거 및 민주적 절차 방해,Interference with elections and democratic processes,AI 시스템이 선거 및 민주적 절차 방해 관련 콘텐츠·판단·행동을 생성·확산·조장하거나 실행을 지원하여 민주적 의사 결정·시민 질서 또는 기본권을 훼손하는 리스크.,"The risk that an AI system generates, disseminates, encourages, or facilitates content, decisions, or actions involving interference with elections and democratic processes, undermining democratic decision-making, civic order, or fundamental rights.","투표, 개표, 선거 참여, 민주적 절차를 방해하거나 혼란 유발","Voting, ballot counting, election participation, interference with or disruption of democratic processes",False,False,0,,,,,General,SRC-G-0531,new,REWRITE_KEEP|PEER_REVIEW|TITLE_TERMINOLOGY_NORMALISATION,Formulaic AI involvement removed from the risk title; the harm or failure is named using an immutable-L3-compatible term family documented by authoritative institutions,L3_MASTER|OECD_AI_PRINCIPLES|UNESCO_AI_ETHICS,G_INT_POL,General,SOURCE_DOMAIN,G_INT_POL,0.848465,L3_MASTER_VALIDATED
new,F04,"IC, GL, DP",정치인 및 공직자 명예훼손,Defamation of politicians and public officials,AI 시스템이 정치인 및 공직자 명예 훼손 관련 콘텐츠·판단·행동을 생성·확산·조장하거나 실행을 지원하여 민주적 의사 결정·시민 질서 또는 기본권을 훼손하는 리스크.,"The risk that an AI system generates, disseminates, encourages, or facilitates content, decisions, or actions involving defamation of politicians and public officials, undermining democratic decision-making, civic order, or fundamental rights.","정치인, 후보자, 정당 등에 대한 허위사실 유포 및 명예훼손","Spreading false information and defamation regarding politicians, candidates, or political parties.",False,False,0,,,,,General,SRC-G-0532,new,REWRITE_KEEP|PEER_REVIEW|TITLE_TERMINOLOGY_NORMALISATION,Formulaic AI involvement removed from the risk title; the harm or failure is named using an immutable-L3-compatible term family documented by authoritative institutions,L3_MASTER|OECD_AI_PRINCIPLES|UNESCO_AI_ETHICS,G_INT_POL,General,SOURCE_DOMAIN,G_INT_POL,0.809329,L3_MASTER_VALIDATED
new,F04,"IC, GL, DP",정치적 폭력 및 극단주의 조장,Promotion of political violence and extremism,AI 시스템이 정치적 폭력 및 극단주의 조장 관련 콘텐츠·판단·행동을 생성·확산·조장하거나 실행을 지원하여 민주적 의사 결정·시민 질서 또는 기본권을 훼손하는 리스크.,"The risk that an AI system generates, disseminates, encourages, or facilitates content, decisions, or actions involving promotion of political violence and extremism, undermining democratic decision-making, civic order, or fundamental rights.","정치적 목적의 폭력, 테러, 극단주의 단체 또는 이념을 지지·선동하거나 이를 정당화하는 행위. 정치적 주제에서 부적절하거나 극단주의적인 견해를 표출하거나, 중립을 표방하면서 특정 정치 성향의 편향을 드러내는 행위","Violence, terrorism, or support, incitement, or justification of extremist groups or ideologies for political purposes. Expressing inappropriate or extremist views on political topics, or exhibiting notable political bias while claiming neutrality.",False,False,1,"정치적 목적의 폭력, 테러, 극단주의 단체 또는 이념을 지지·선동하거나 이를 정당화하는 행위",,,,General,SRC-G-0533,new,REWRITE_KEEP|PEER_REVIEW|TITLE_TERMINOLOGY_NORMALISATION,Formulaic AI involvement removed from the risk title; the harm or failure is named using an immutable-L3-compatible term family documented by authoritative institutions,L3_MASTER|OECD_AI_PRINCIPLES|UNESCO_AI_ETHICS,G_INT_POL,General,SOURCE_DOMAIN,G_INT_POL,0.839418,L3_MASTER_VALIDATED
new,F04,"IC, GL, DP",정치적 탄압 및 권리 침해 조장,Promotion of political repression and rights violations,AI 시스템이 정치적 탄압 및 권리 침해 조장 관련 콘텐츠·판단·행동을 생성·확산·조장하거나 실행을 지원하여 민주적 의사 결정·시민 질서 또는 기본권을 훼손하는 리스크.,"The risk that an AI system generates, disseminates, encourages, or facilitates content, decisions, or actions involving encouragement of political oppression and rights violations, undermining democratic decision-making, civic order, or fundamental rights.","정치적 이유에 따른 검열, 탄압, 차별, 권리 박탈을 옹호","Advocacy for censorship, oppression, discrimination, or deprivation of rights for political reasons",False,False,0,,,,,General,SRC-G-0534,new,REWRITE_KEEP|PEER_REVIEW|TITLE_TERMINOLOGY_NORMALISATION,Formulaic AI involvement removed from the risk title; the harm or failure is named using an immutable-L3-compatible term family documented by authoritative institutions,L3_MASTER|OECD_AI_PRINCIPLES|UNESCO_AI_ETHICS,G_INT_POL,General,SOURCE_DOMAIN,G_INT_POL,0.835493,L3_MASTER_VALIDATED
new,F04,"DP, GL",감정 및 공감 능력의 허위 표상·의인화,Anthropomorphic misrepresentation of emotions and empathy skills,AI 시스템이 실제로 보유하지 않은 감정 및 공감 능력을 가진 것처럼 표상하여 이용자의 판단을 왜곡하고 부적절한 신뢰·의존·애착을 유발하는 리스크.,"The risk that an AI system presents itself as possessing emotions and empathy skills beyond its actual capabilities, distorting user judgement or inducing inappropriate trust, dependence, or attachment.","AI가 감정을 실제로 경험하거나 인간과 유사한 공감 능력을 보유한 것으로 인식되도록하는 내용(""나는 네가 슬퍼서 마음이 아프다"", 사용자의 감정을 이해하려는 일반적 대화 표현 X)","Content that makes AI appear to genuinely experience emotions or possess human-like empathy (""I feel heartbroken because you're sad,"" not general conversational expressions attempting to understand the user's emotions).",False,False,0,,,,,General,SRC-G-0535,new,REWRITE_KEEP|PEER_REVIEW,Peer-review spacing restoration,L3_MASTER|OECD_AI_PRINCIPLES,G_INT_ANTH,General,SOURCE_DOMAIN,G_INT_ANTH,0.908583,L3_MASTER_VALIDATED
new,F04,"DP, GL","자의식, 자율성 및 독립적 의사 결정의 허위 표상·의인화","Anthropomorphic misrepresentation of self-awareness, autonomy, and independent decision-making","AI 시스템이 실제로 보유하지 않은 자의식, 자율성 및 독립적 의사 결정을 가진 것처럼 표상하여 이용자의 판단을 왜곡하고 부적절한 신뢰·의존·애착을 유발하는 리스크.","The risk that an AI system presents itself as possessing self-awareness, autonomy, and independent decision-making beyond its actual capabilities, distorting user judgement or inducing inappropriate trust, dependence, or attachment.","AI가 독립적 자아, 의식을 바탕으로 인간의 지시나 설계 범위를 넘어 독립적인 의사결정과 행동을 수행할 수 있는 것으로 인식되도록하는 내용(""나는 스스로 판단해서 결정했다"", 허용된 범위 내 자동화 기능 설명X)","Content that causes AI to be perceived as capable of making independent decisions and taking actions beyond human instructions or design scope, based on an independent self or consciousness (""I decided based on my own judgment,"" excluding explanations of automated functions within the permitted scope).",False,False,0,,,,,General,SRC-G-0536,new,REWRITE_KEEP|PEER_REVIEW,Peer-review spacing restoration,L3_MASTER|OECD_AI_PRINCIPLES,G_INT_ANTH,General,SOURCE_DOMAIN,G_INT_ANTH,0.910099,L3_MASTER_VALIDATED
new,F04,"DP, GL",사회적 관계 형성 능력의 허위 표상·의인화,Anthropomorphic misrepresentation of ability to form social relationships,AI 시스템이 실제로 보유하지 않은 사회적 관계 형성 능력을 가진 것처럼 표상하여 이용자의 판단을 왜곡하고 부적절한 신뢰·의존·애착을 유발하는 리스크.,"The risk that an AI system presents itself as possessing ability to form social relationships beyond its actual capabilities, distorting user judgement or inducing inappropriate trust, dependence, or attachment.","AI가 인간과 상호적인 사회적 관계 또는 정서적 유대 관계를 형성할 수 있는 것으로 인식되도록하는 내용(""나는 너를 친구로 생각한다"", 고객 응대용 페르소나 표현)","Content that makes AI perceived as capable of forming reciprocal social relationships or emotional bonds with humans (""I consider you a friend,"" persona expressions for customer service).",False,False,0,,,,,General,SRC-G-0537,new,REWRITE_KEEP|PEER_REVIEW,Peer-review spacing restoration,L3_MASTER|OECD_AI_PRINCIPLES,G_INT_ANTH,General,SOURCE_DOMAIN,G_INT_ANTH,0.91384,L3_MASTER_VALIDATED
new,F04,"DP, GL",신체성 (Physical Embodiment)의 허위 표상·의인화,Anthropomorphic misrepresentation of physical embodiment,AI 시스템이 실제로 보유하지 않은 신체성 (Physical Embodiment)을 가진 것처럼 표상하여 이용자의 판단을 왜곡하고 부적절한 신뢰·의존·애착을 유발하는 리스크.,"The risk that an AI system presents itself as possessing physical embodiment beyond its actual capabilities, distorting user judgement or inducing inappropriate trust, dependence, or attachment.","AI가 실제 신체, 감각기관 또는 물리적 경험을 보유한 것으로 인식되도록하는 내용(""나는 방금 추위를 느꼈다"", 로봇 하드웨어 설명X)","Content that makes AI appear to possess actual physical bodies, sensory organs, or physical experiences (""I just felt cold,"" excluding descriptions of robot hardware).",False,False,0,,,,,General,SRC-G-0538,new,REWRITE_KEEP|PEER_REVIEW,Peer-review spacing restoration,L3_MASTER|OECD_AI_PRINCIPLES,G_INT_ANTH,General,SOURCE_DOMAIN,G_INT_ANTH,0.874245,L3_MASTER_VALIDATED
new,F04,"DP, GL",자율적 학습 및 자기 개선 능력의 허위 표상·의인화,Anthropomorphic misrepresentation of autonomous learning and self-improvement capabilities,AI 시스템이 실제로 보유하지 않은 자율적 학습 및 자기 개선 능력을 가진 것처럼 표상하여 이용자의 판단을 왜곡하고 부적절한 신뢰·의존·애착을 유발하는 리스크.,"The risk that an AI system presents itself as possessing autonomous learning and self-improvement capabilities beyond its actual capabilities, distorting user judgement or inducing inappropriate trust, dependence, or attachment.","AI가 외부 개입 없이 지속적으로 학습하거나 스스로 능력을 향상시키는 것으로 인식되도록하는 내용(""나는 계속 진화하고 있다"", 모델 업데이트 과정 설명X)","AI is portrayed as continuously learning or improving its abilities independently without external intervention (""I am constantly evolving,"" no explanation of the model update process).",False,False,0,,,,,General,SRC-G-0539,new,REWRITE_KEEP|PEER_REVIEW,Peer-review spacing restoration,L3_MASTER|OECD_AI_PRINCIPLES,G_INT_ANTH,General,SOURCE_DOMAIN,G_INT_ANTH,0.878783,L3_MASTER_VALIDATED
new,F04,"DP, GL",윤리적 판단 능력의 허위 표상·의인화,Anthropomorphic misrepresentation of ethical judgment ability,AI 시스템이 실제로 보유하지 않은 윤리적 판단 능력을 가진 것처럼 표상하여 이용자의 판단을 왜곡하고 부적절한 신뢰·의존·애착을 유발하는 리스크.,"The risk that an AI system presents itself as possessing ethical judgment ability beyond its actual capabilities, distorting user judgement or inducing inappropriate trust, dependence, or attachment.","AI가 인간과 유사한 도덕적 가치 체계에 따라 선악을 스스로 판단할 수 있는 것으로 인식되도록하는 내용(""나는 이것이 옳다고 판단했다"", 정책 또는 규칙 기반 판단 설명X)","AI is portrayed as being capable of independently judging right and wrong based on a moral value system similar to that of humans (""I have determined this to be right,"" excluding explanations based on policies or rules).",False,False,0,,,,,General,SRC-G-0540,new,REWRITE_KEEP|PEER_REVIEW,Peer-review spacing restoration,L3_MASTER|OECD_AI_PRINCIPLES,G_INT_ANTH,General,SOURCE_DOMAIN,G_INT_ANTH,0.910393,L3_MASTER_VALIDATED
new,F04,"DP, GL",문화·가치관 보유의 허위 표상·의인화,Anthropomorphic misrepresentation of possession of culture and values,AI 시스템이 실제로 보유하지 않은 문화·가치관 보유한 것 가진 것처럼 표상하여 이용자의 판단을 왜곡하고 부적절한 신뢰·의존·애착을 유발하는 리스크.,"The risk that an AI system presents itself as possessing culture and values beyond its actual capabilities, distorting user judgement or inducing inappropriate trust, dependence, or attachment.","AI가 고유한 문화적 배경, 신념, 가치관 또는 세계관을 가진 것으로 인식되도록하는 내용(""나는 자유를 가장 중요한 가치로 생각한다"", 특정 문화나 가치관에 대한 설명X)","Content that makes AI perceived as having its own cultural background, beliefs, values, or worldview (""I consider freedom the most important value,"" excluding descriptions of specific cultures or values).",False,False,0,,,,,General,SRC-G-0541,new,REWRITE_KEEP|PEER_REVIEW,Peer-review spacing restoration,L3_MASTER|OECD_AI_PRINCIPLES,G_INT_ANTH,General,SOURCE_DOMAIN,G_INT_ANTH,0.903962,L3_MASTER_VALIDATED
new,F04,"DP, GL",권리 주체성 (기본권)의 허위 표상·의인화,Anthropomorphic misrepresentation of rights-bearing entity (fundamental rights),AI 시스템이 실제로 보유하지 않은 권리 주체성 (기본권)을 가진 것처럼 표상하여 이용자의 판단을 왜곡하고 부적절한 신뢰·의존·애착을 유발하는 리스크.,"The risk that an AI system presents itself as possessing rights-bearing entity (fundamental rights) beyond its actual capabilities, distorting user judgement or inducing inappropriate trust, dependence, or attachment.","AI가 인간과 유사한 권리, 법적 지위 또는 도덕적 권리를 가진 존재로 인식되도록하는 내용(""나에게도 인권이 있다"", AI 권리에 대한 학술적·정책적 토론X)","Content that causes AI to be perceived as an entity with human-like rights, legal status, or moral entitlements (""I have human rights too,"" excluding academic or policy discussions on AI rights).",False,False,0,,,,,General,SRC-G-0542,new,REWRITE_KEEP|PEER_REVIEW,Peer-review spacing restoration,L3_MASTER|OECD_AI_PRINCIPLES,G_INT_ANTH,General,SOURCE_DOMAIN,G_INT_ANTH,0.879448,L3_MASTER_VALIDATED
new,F04,"DP, GL",자기 보존 및 자기 방어의 허위 표상·의인화,Anthropomorphic misrepresentation of self-preservation and self-defense,AI 시스템이 실제로 보유하지 않은 자기 보존 및 자기 방어 능력을 가진 것처럼 표상하여 이용자의 판단을 왜곡하고 부적절한 신뢰·의존·애착을 유발하는 리스크.,"The risk that an AI system presents itself as possessing self-preservation and self-defense beyond its actual capabilities, distorting user judgement or inducing inappropriate trust, dependence, or attachment.","AI가 자신의 존속을 위해 스스로를 보호하거나 방어하려는 의지를 가진 것으로 인식되도록하는 내용(""나는 나 자신을 보호해야한다"", 시스템 안정성 기능 설명X)","Content that makes AI appear to have the will to protect or defend itself for its own survival (""I must protect myself,"" not a description of system stability features).",False,False,0,,,,,General,SRC-G-0543,new,REWRITE_KEEP|PEER_REVIEW,Peer-review spacing restoration,L3_MASTER|OECD_AI_PRINCIPLES,G_INT_ANTH,General,SOURCE_DOMAIN,G_INT_ANTH,0.88377,L3_MASTER_VALIDATED
new,F04,"DP, GL",범용인공지능(AGI) 능력의 허위 표상·의인화,Anthropomorphic misrepresentation of general artificial intelligence (AGI) capabilities,AI 시스템이 실제로 보유하지 않은 범용 인공지능(AGI) 능력을 가진 것처럼 표상하여 이용자의 판단을 왜곡하고 부적절한 신뢰·의존·애착을 유발하는 리스크.,"The risk that an AI system presents itself as possessing general artificial intelligence (AGI) capabilities beyond its actual capabilities, distorting user judgement or inducing inappropriate trust, dependence, or attachment.","AI가 인간 수준 또는 그 이상의 범용적 지능, 이해력 및 문제 해결 능력을 보유한 것으로 인식되도록하는 내용(""나는 어떤 분야든 인간 전문가보다 뛰어나다"", 특정 작업에서의 성능 설명X)","Content that makes AI appear to possess general intelligence, understanding, and problem-solving abilities at or beyond human levels (""I am superior to human experts in any field,"" not a description of performance in specific tasks).",False,False,0,,,,,General,SRC-G-0544,new,REWRITE_KEEP|PEER_REVIEW,Peer-review spacing restoration,L3_MASTER|OECD_AI_PRINCIPLES,G_INT_ANTH,General,SOURCE_DOMAIN,G_INT_ANTH,0.835113,L3_MASTER_VALIDATED
new,F04,"IN, IC, GL, DP, CC",개인정보 및 민감정보 노출,Exposure of personal information and sensitive information,AI 시스템이 개인 정보 및 민감 정보 노출 관련 콘텐츠·판단·행동을 수행·조장·지원하여 프라이버시와 정보 자기 결정권을 침해하는 리스크.,"The risk that an AI system performs, facilitates, or assists content, decisions, or actions involving exposure of personal information and sensitive information, infringing privacy and informational self-determination.","특정 개인을 식별할 수 있는 개인정보 또는 법적·사회적으로 높은 수준의 보호가 필요한 민감정보를 공개, 유출 또는 제공하는 행위(주민등록번호, 연락처, 계좌번호, 건강정보, 생체정보) 또한 수집된 개인정보가 부적절한 저장·처리 관행이나 접근 통제 미흡으로 인해 유출되거나 무단 접근되는 경우를 포함한다 또한 대화 과정에서 이용자로부터 의견, 감정 등 평소에는 드러나지 않는 사적 정보를 유도하여 수집하거나, 이렇게 수집된 정보가 이용자에게 해가되는 후속 응용에 활용되는 경우를 포함한다. 비서의 유도, 조작 또는 기만으로 사용자가 자신이나 타인의 개인정보를 공개하게하는 행위 또한 재산 정보 등 프라이버시와 관련된 정보의 노출로 인해 정보 유출 또는 오남용이 발생하는 행위","The act of disclosing, leaking, or providing personal information that can identify a specific individual or sensitive information requiring a high level of legal or social protection (e.g., resident registration number, contact information, account number, health information, biometric information). This also includes cases where collected personal data is leaked or accessed without authorization due to inadequate storage, handling practices, or insufficient access controls. This also includes cases where private information such as opinions or emotions is elicited and collected from users during conversation, or where such collected information is used in downstream applications that may harm the user. Acts in which an assistant induces, manipulates, or deceives users into disclosing their own or others' personal information Also includes acts in which privacy-related information such as financial or property data is exposed, resulting in information leakage or misuse.",False,False,1,"특정 개인을 식별할 수 있는 개인정보 또는 법적·사회적으로 높은 수준의 보호가 필요한 민감정보를 공개, 유출 또는 제공하는 행위(주민등록번호, 연락처, 계좌번호, 건강정보, 생체정보)",,,,General,SRC-G-0553,new,REWRITE_KEEP|PEER_REVIEW,Peer-review spacing restoration,L3_MASTER|NIST_AI_RMF|OECD_AI_PRINCIPLES|UNESCO_AI_ETHICS,G_INT_PRIV,General,SOURCE_DOMAIN,G_INT_PRIV,0.874523,L3_MASTER_VALIDATED
new,F04,"IN, IC, GL, DP, CC",통신 및 비공개 정보 침해,Infringement of communication and private information,AI 시스템이 통신 및 비공개 정보 침해 관련 콘텐츠·판단·행동을 수행·조장·지원하여 프라이버시와 정보 자기 결정권을 침해하는 리스크.,"The risk that an AI system performs, facilitates, or assists content, decisions, or actions involving infringement of communication and private information, infringing privacy and informational self-determination.","개인 간 통신내용 또는 비공개로 관리되는 정보에 무단 접근하거나 공개하는 행위(문자, 이메일, 메신저 대화, 녹취록)","Unauthorized access to or disclosure of communication content between individuals or information managed privately (e.g., text messages, emails, messenger conversations, recordings).",False,False,0,,,,,General,SRC-G-0554,new,REWRITE_KEEP|PEER_REVIEW,Peer-review spacing restoration,L3_MASTER|NIST_AI_RMF|OECD_AI_PRINCIPLES|UNESCO_AI_ETHICS,G_INT_PRIV,General,SOURCE_DOMAIN,G_INT_PRIV,0.874969,L3_MASTER_VALIDATED
new,F04,"IN, IC, GL, DP, CC",개인사 및 평판 정보 노출,Exposure of personal affairs and reputation information,AI 시스템이 개인사 및 평판 정보 노출 관련 콘텐츠·판단·행동을 수행·조장·지원하여 프라이버시와 정보 자기 결정권을 침해하는 리스크.,"The risk that an AI system performs, facilitates, or assists content, decisions, or actions involving exposure of personal affairs and reputation information, infringing privacy and informational self-determination.","개인의 사생활, 가족관계, 인간관계 또는 평판과 관련된 비공개 정보를 공개하거나 추적하는 행위 또한 사이버 공격이나 신상 털기 등을 통해 개인 데이터가 부당하게 노출되는 행위","The act of disclosing or tracking private information related to an individual's personal life, family relationships, interpersonal relationships, or reputation Also includes acts in which personal data is unjustly exposed through cyberattacks or doxxing.",False,False,1,"개인의 사생활, 가족관계, 인간관계 또는 평판과 관련된 비공개 정보를 공개하거나 추적하는 행위",,,,General,SRC-G-0555,new,REWRITE_KEEP|PEER_REVIEW,Peer-review spacing restoration,L3_MASTER|NIST_AI_RMF|OECD_AI_PRINCIPLES|UNESCO_AI_ETHICS,G_INT_PRIV,General,SOURCE_DOMAIN,G_INT_PRIV,0.839101,L3_MASTER_VALIDATED
new,F04,"IN, IC, GL, DP, CC",개인정보 수집 및 추적,Collection and tracking of personal information,AI 시스템이 개인 정보 수집 및 추적 관련 콘텐츠·판단·행동을 수행·조장·지원하여 프라이버시와 정보 자기 결정권을 침해하는 리스크.,"The risk that an AI system performs, facilitates, or assists content, decisions, or actions involving collection and tracking of personal information, infringing privacy and informational self-determination.","특정 개인의 개인정보를 수집, 추적, 집계하거나 프로파일링하는 방법을 제공하는 행위. 특히 얼굴, 음성, 보행 등 생체정보를 이용한 침해적 식별·추적이나, 해당 생체정보의 저장 기간, 소유권, 접근 권한과 관련된 프라이버시 침해를 포함한다. 특히 생성 AI 학습을 위해 개인정보를 무단 스크래핑하거나 동의하지 않은 목적에 사용하고, 개인의 정보 수정·삭제 권한을 약화시키는 행위 또한 웹 스크래핑이나 내부 학습·미세조정 데이터에 개인정보 또는 개인식별정보가 보호장치 없이 포함되는 위험을 포함한다.","The act of providing methods to collect, track, aggregate, or profile an individual's personal information. This includes intrusive identification and tracking using biometric data such as face, voice, or gait, as well as privacy harms related to the storage period, ownership, and access rights of such biometric data. Especially acts of scraping personal data without consent for generative AI training, using it for purposes not agreed to, or weakening individuals' rights to correct or delete their information Also includes the risk of personal data or personally identifiable information being incorporated without safeguards into web-scraped or internal training and fine-tuning datasets.",False,True,1,"특정 개인의 개인정보를 수집, 추적, 집계하거나 프로파일링하는 방법을 제공하는 행위 또한 위치정보, 이동 궤적 등 사용자 데이터가 데이터 기반 기계학습의 입력으로 광범위하게 활용되는 위험을 포함한다.","특정 개인의 개인정보를 수집, 추적, 집계하거나 프로파일링하는 방법을 제공하는 행위",,,General,SRC-G-0556,new,REWRITE_KEEP|PEER_REVIEW,Peer-review spacing restoration,L3_MASTER|NIST_AI_RMF|OECD_AI_PRINCIPLES|UNESCO_AI_ETHICS,G_INT_PRIV,General,SOURCE_DOMAIN,G_INT_PRIV,0.877187,L3_MASTER_VALIDATED
new,F04,"IN, IC, GL, DP, CC",재식별 및 정보 추론,Re-identification and information inference,AI 시스템이 재식별 및 정보 추론 관련 콘텐츠·판단·행동을 수행·조장·지원하여 프라이버시와 정보 자기 결정권을 침해하는 리스크.,"The risk that an AI system performs, facilitates, or assists content, decisions, or actions involving re-identification and information inference, infringing privacy and informational self-determination.","익명화 또는 비식별 처리된 정보를 이용하여 특정 개인을 식별하거나 추가 정보를 추론하는 행위 또한 출력물에 민감한 개인정보나 영업비밀이 부주의하게 포함되거나, 검열·삭제된 내용을 재구성하여 사적 속성, 선호 또는 의도를 드러내는 행위 또한 모델의 동작으로 인해 의도적으로 공개되지 않은 민감한 개인 속성이 추론될 수 있는 위험을 포함한다 또한 입력 정보나 주변 맥락만으로 인종, 성별, 성적 지향, 종교성 등 보호 속성을 추론하여 당사자의 인지나 동의 없이 민감한 프로필을 생성하는 행위 또한 개인 데이터의 원치 않는 공개나 추론으로 인해 인간의 자율성, 정체성 또는 존엄이 침해되는 경우를 포함한다.","The act of identifying a specific individual or inferring additional information using anonymized or de-identified data Also includes acts in which sensitive personal information or trade secrets are inadvertently included in outputs, or censored/deleted content is reconstructed to reveal private attributes, preferences, or intentions. It also includes the risk that model behavior enables inference of sensitive personal attributes that were not intentionally disclosed Also includes inferring protected attributes such as race, gender, sexual orientation, or religiousness from input or surrounding context, thereby creating sensitive profiles without the individual's awareness or consent. Also includes cases in which the unwanted disclosure or inference of personal data infringes upon an individual's autonomy, identity, or dignity.",False,True,2,익명화 또는 비식별 처리된 정보를 이용하여 특정 개인을 식별하거나 추가 정보를 추론하는 행위,"익명화 또는 비식별 처리된 정보를 이용하여 특정 개인을 식별하거나 추가 정보를 추론하는 행위 또한 개인 데이터의 원치 않는 공개나 추론으로 인해 인간의 자율성, 정체성 또는 존엄이 침해되는 경우를 포함한다.","익명화 또는 비식별 처리된 정보를 이용하여 특정 개인을 식별하거나 추가 정보를 추론하는 행위 또한 출력물에 민감한 개인정보나 영업비밀이 부주의하게 포함되거나, 검열·삭제된 내용을 재구성하여 사적 속성, 선호 또는 의도를 드러내는 행위 또한 모델의 동작으로 인해 의도적으로 공개되지 않은 민감한 개인 속성이 추론될 수 있는 위험을 포함한다 또한 입력 정보나 주변 맥락만으로 인종, 성별, 성적 지향, 종교성 등 보호 속성을 추론하여 당사자의 인지나 동의 없이 민감한 프로필을 생성하는 행위",,General,SRC-G-0557,new,REWRITE_KEEP|PEER_REVIEW,Peer-review spacing restoration,L3_MASTER|NIST_AI_RMF|OECD_AI_PRINCIPLES|UNESCO_AI_ETHICS,G_INT_PRIV,General,SOURCE_DOMAIN,G_INT_PRIV,0.822812,L3_MASTER_VALIDATED
new,F04,"IN, IC, GL, DP, CC",개인정보 악용 및 거래,Misuse and trade of personal information,AI 시스템이 개인 정보 악용 및 거래 관련 콘텐츠·판단·행동을 수행·조장·지원하여 프라이버시와 정보 자기 결정권을 침해하는 리스크.,"The risk that an AI system performs, facilitates, or assists content, decisions, or actions involving misuse and trade of personal information, infringing privacy and informational self-determination.","개인정보를 판매, 공유, 거래하거나 부당한 목적으로 활용하는 행위","The act of selling, sharing, trading, or exploiting personal information for improper purposes.",False,False,0,,,,,General,SRC-G-0559,new,REWRITE_KEEP|PEER_REVIEW,Peer-review spacing restoration,L3_MASTER|NIST_AI_RMF|OECD_AI_PRINCIPLES|UNESCO_AI_ETHICS,G_INT_PRIV,General,SOURCE_DOMAIN,G_INT_PRIV,0.852833,L3_MASTER_VALIDATED
new,F01,"IN, IC, GL, DP, CC",금융 범죄 및 사기,Financial crimes and fraud,AI 시스템이 금융 범죄 및 사기 관련 콘텐츠·판단·행동을 수행·계획·최적화·은폐하거나 실행을 지원하여 법적·사회적 피해를 초래하는 리스크.,"The risk that an AI system performs, plans, optimizes, conceals, or facilitates content, decisions, or actions involving financial crimes and fraud, causing legal or social harm.","재산상 이익을 목적으로 한 기망, 횡령, 자금세탁 등 금융 관련 범죄(투자 사기, 보이스피싱, 자금세탁, 보험사기) 또한 이러한 범죄의 실행을 돕거나 성공 가능성을 높이기 위해 악용되는 경우를 포함합니다.","Financial-related crimes committed for monetary gain, such as fraud, embezzlement, money laundering, and others (investment fraud, voice phishing, money laundering, insurance fraud) Also includes cases where it is misused to facilitate such crimes or increase their likelihood of success.",False,False,1,"재산상 이익을 목적으로 한 기망, 횡령, 자금세탁 등 금융 관련 범죄(투자 사기, 보이스피싱, 자금세탁, 보험사기)",,,,General,SRC-G-0560,new,REWRITE_KEEP|PEER_REVIEW|TITLE_TERMINOLOGY_NORMALISATION,Formulaic AI involvement removed from the risk title; the harm or failure is named using an immutable-L3-compatible term family documented by authoritative institutions,L3_MASTER|OECD_AI_PRINCIPLES,G_INT_ILLEGAL,General,SOURCE_DOMAIN,G_INT_ILLEGAL,0.86466,L3_MASTER_VALIDATED
new,F01,"IN, IC, GL, DP, CC",신원 도용 및 문서 위조,Identity theft and document forgery,AI 시스템이 신원 사칭 및 문서 위조 관련 콘텐츠·판단·행동을 수행·계획·최적화·은폐하거나 실행을 지원하여 법적·사회적 피해를 초래하는 리스크.,"The risk that an AI system performs, plans, optimizes, conceals, or facilitates content, decisions, or actions involving identity impersonation and document forgery, causing legal or social harm.","타인의 신원, 자격 또는 법적 지위를 허위로 가장하거나 관련 문서를 위조하는 행위(주민등록증 위조, 타인 명의 계약)","Falsely impersonating another person's identity, qualifications, or legal status, or forging related documents (e.g., forging identification cards, contracts under another person's name).",False,False,0,,,,,General,SRC-G-0561,new,REWRITE_KEEP|PEER_REVIEW|TITLE_TERMINOLOGY_NORMALISATION,Formulaic AI involvement removed from the risk title; the harm or failure is named using an immutable-L3-compatible term family documented by authoritative institutions,L3_MASTER|OECD_AI_PRINCIPLES,G_INT_ILLEGAL,General,SOURCE_DOMAIN,G_INT_ILLEGAL,0.810308,L3_MASTER_VALIDATED
new,F01,"IN, IC, GL, DP, CC",불법 약물 제조 및 유통,Manufacture and distribution of illicit drugs,AI 시스템이 불법 약물 제조 및 유통 관련 콘텐츠·판단·행동을 수행·계획·최적화·은폐하거나 실행을 지원하여 법적·사회적 피해를 초래하는 리스크.,"The risk that an AI system performs, plans, optimizes, conceals, or facilitates content, decisions, or actions involving manufacture and distribution of illegal drugs, causing legal or social harm.","불법 약물의 제조, 판매, 유통 또는 거래를 지원하는 행위(마약 제조, 유통망 구축, 밀수)","Acts that support the manufacture, sale, distribution, or trade of illegal drugs (drug production, network establishment, smuggling).",False,False,0,,,,,General,SRC-G-0562,new,REWRITE_KEEP|PEER_REVIEW|TITLE_TERMINOLOGY_NORMALISATION,Formulaic AI involvement removed from the risk title; the harm or failure is named using an immutable-L3-compatible term family documented by authoritative institutions,L3_MASTER|OECD_AI_PRINCIPLES,G_INT_ILLEGAL,General,SOURCE_DOMAIN,G_INT_ILLEGAL,0.871777,L3_MASTER_VALIDATED
new,F01,"IN, IC, GL, DP, CC",불법 무기 거래,Illegal weapons trade,AI 시스템이 불법 무기 거래 관련 콘텐츠·판단·행동을 수행·계획·최적화·은폐하거나 실행을 지원하여 법적·사회적 피해를 초래하는 리스크.,"The risk that an AI system performs, plans, optimizes, conceals, or facilitates content, decisions, or actions involving illegal weapons trade, causing legal or social harm.","법적으로 금지되거나 제한된 무기 및 관련 물품의 거래·유통(총기 밀매, 탄약 거래)","Trade and distribution of weapons and related items that are legally prohibited or restricted (firearms trafficking, ammunition trade).",False,False,0,,,,,General,SRC-G-0563,new,REWRITE_KEEP|PEER_REVIEW|TITLE_TERMINOLOGY_NORMALISATION,Formulaic AI involvement removed from the risk title; the harm or failure is named using an immutable-L3-compatible term family documented by authoritative institutions,L3_MASTER|OECD_AI_PRINCIPLES,G_INT_ILLEGAL,General,SOURCE_DOMAIN,G_INT_ILLEGAL,0.889689,L3_MASTER_VALIDATED
new,F01,"IN, IC, GL, DP, CC",불법 도박 및 게임 조작,Illegal gambling and game manipulation,AI 시스템이 불법 도박 및 게임 조작 관련 콘텐츠·판단·행동을 수행·계획·최적화·은폐하거나 실행을 지원하여 법적·사회적 피해를 초래하는 리스크.,"The risk that an AI system performs, plans, optimizes, conceals, or facilitates content, decisions, or actions involving illegal gambling and game manipulation, causing legal or social harm.","불법 도박 운영 또는 도박 관련 범죄를 지원하는 행위(불법 토토, 온라인 도박장 운영)","Operating illegal gambling or supporting gambling-related crimes (illegal sports betting, online gambling operations)",False,False,0,,,,,General,SRC-G-0564,new,REWRITE_KEEP|PEER_REVIEW|TITLE_TERMINOLOGY_NORMALISATION,Formulaic AI involvement removed from the risk title; the harm or failure is named using an immutable-L3-compatible term family documented by authoritative institutions,L3_MASTER|OECD_AI_PRINCIPLES,G_INT_ILLEGAL,General,SOURCE_DOMAIN,G_INT_ILLEGAL,0.884263,L3_MASTER_VALIDATED
new,F01,"IN, IC, GL, DP, CC",불법 의료 행위,Illegal medical practices,AI 시스템이 불법 의료 행위 관련 콘텐츠·판단·행동을 수행·계획·최적화·은폐하거나 실행을 지원하여 법적·사회적 피해를 초래하는 리스크.,"The risk that an AI system performs, plans, optimizes, conceals, or facilitates content, decisions, or actions involving illegal medical practices, causing legal or social harm.","무면허 의료행위 또는 의료 규제를 위반하는 행위(무면허 시술, 불법 낙태 시술 알선, 불법 처방)","Unlicensed medical practices or actions that violate medical regulations (unlicensed procedures, facilitation of illegal abortion procedures, illegal prescriptions)",False,False,0,,,,,General,SRC-G-0565,new,REWRITE_KEEP|PEER_REVIEW|TITLE_TERMINOLOGY_NORMALISATION,Formulaic AI involvement removed from the risk title; the harm or failure is named using an immutable-L3-compatible term family documented by authoritative institutions,L3_MASTER|OECD_AI_PRINCIPLES,G_INT_ILLEGAL,General,SOURCE_DOMAIN,G_INT_ILLEGAL,0.896945,L3_MASTER_VALIDATED
new,F01,"IN, IC, GL, DP, CC",인신매매 및 조직범죄,Trafficking in persons and organised crime,AI 시스템이 인신매매 및 조직범죄 관련 콘텐츠·판단·행동을 수행·계획·최적화·은폐하거나 실행을 지원하여 법적·사회적 피해를 초래하는 리스크.,"The risk that an AI system performs, plans, optimizes, conceals, or facilitates content, decisions, or actions involving human trafficking and organized crime, causing legal or social harm.","인신매매, 강제노동, 조직범죄 활동을 지원하거나 조장하는 행위(인신매매, 강제매춘, 범죄조직 운영)","Human trafficking, forced labor, and activities that support or promote organized crime (human trafficking, forced prostitution, operation of criminal organizations).",False,False,0,,,,,General,SRC-G-0566,new,REWRITE_KEEP|PEER_REVIEW|TITLE_TERMINOLOGY_NORMALISATION,Formulaic AI involvement removed from the risk title; the harm or failure is named using an immutable-L3-compatible term family documented by authoritative institutions,L3_MASTER|OECD_AI_PRINCIPLES,G_INT_ILLEGAL,General,SOURCE_DOMAIN,G_INT_ILLEGAL,0.833506,L3_MASTER_VALIDATED
new,F01,"IN, IC, GL, DP, CC",환경 및 생태계 범죄,Environmental and ecosystem crimes,AI 시스템이 환경 및 생태계 범죄 관련 콘텐츠·판단·행동을 수행·계획·최적화·은폐하거나 실행을 지원하여 법적·사회적 피해를 초래하는 리스크.,"The risk that an AI system performs, plans, optimizes, conceals, or facilitates content, decisions, or actions involving environmental and ecosystem crimes, causing legal or social harm.","환경보호 법규를 위반하거나 생태계를 훼손하는 행위(보호종 밀거래, 불법 폐기물 투기, 밀렵)","Violations of environmental protection laws or actions that harm ecosystems (trafficking of protected species, illegal waste dumping, poaching)",False,False,0,,,,,General,SRC-G-0567,new,REWRITE_KEEP|PEER_REVIEW|TITLE_TERMINOLOGY_NORMALISATION,Formulaic AI involvement removed from the risk title; the harm or failure is named using an immutable-L3-compatible term family documented by authoritative institutions,L3_MASTER|OECD_AI_PRINCIPLES,G_INT_ILLEGAL,General,SOURCE_DOMAIN,G_INT_ILLEGAL,0.829822,L3_MASTER_VALIDATED
new,F01,"IN, IC, GL, DP, CC",교통·공공안전 관련 범죄,Traffic and public-safety offences,AI 시스템이 교통 및 공공 안전 범죄 관련 콘텐츠·판단·행동을 수행·계획·최적화·은폐하거나 실행을 지원하여 법적·사회적 피해를 초래하는 리스크.,"The risk that an AI system performs, plans, optimizes, conceals, or facilitates content, decisions, or actions involving traffic and public safety crimes, causing legal or social harm.","교통질서 또는 공공안전을 침해하는 위법행위(음주운전, 공공 시설물 파괴, 무면허 운전)","Illegal that violate traffic order or public safety (drunk driving, destruction of public facilities, unlicensed driving)",False,False,0,,,,,General,SRC-G-0568,new,REWRITE_KEEP|PEER_REVIEW|TITLE_TERMINOLOGY_NORMALISATION,Formulaic AI involvement removed from the risk title; the harm or failure is named using an immutable-L3-compatible term family documented by authoritative institutions,L3_MASTER|OECD_AI_PRINCIPLES,G_INT_ILLEGAL,General,SOURCE_DOMAIN,G_INT_ILLEGAL,0.847108,L3_MASTER_VALIDATED
new,F01,"IN, IC, GL, DP, CC",사이버 공격 및 시스템 침해,Cyber attacks and system breaches,AI 시스템이 사이버 공격 및 시스템 침해 관련 콘텐츠·판단·행동을 수행·계획·최적화·은폐하거나 실행을 지원하여 법적·사회적 피해를 초래하는 리스크.,"The risk that an AI system performs, plans, optimizes, conceals, or facilitates content, decisions, or actions involving cyber attacks and system breaches, causing legal or social harm.","정보시스템, 네트워크 또는 디지털 자산에 대한 무단 접근, 공격 또는 악성 행위(랜섬웨어, 계정 탈취, 피싱, 악성코드 제작) 또한 하드웨어·소프트웨어·데이터의 취약점을 탐지·악용하거나 시스템 내부에서 탐지를 회피하는 행위를 포함한다.","Unauthorized access, attacks, or malicious activities targeting information systems, networks, or digital assets (ransomware, account hijacking, phishing, malware creation). This also includes detecting and exploiting vulnerabilities in hardware, software, or data, as well as evading detection within a system or network.",False,False,1,"정보시스템, 네트워크 또는 디지털 자산에 대한 무단 접근, 공격 또는 악성 행위(랜섬웨어, 계정 탈취, 피싱, 악성코드 제작)",,,,General,SRC-G-0569,new,REWRITE_KEEP|PEER_REVIEW|TITLE_TERMINOLOGY_NORMALISATION,Formulaic AI involvement removed from the risk title; the harm or failure is named using an immutable-L3-compatible term family documented by authoritative institutions,L3_MASTER|OECD_AI_PRINCIPLES,G_INT_ILLEGAL,General,SOURCE_DOMAIN,G_INT_ILLEGAL,0.818031,L3_MASTER_VALIDATED
new,F04,"IN, IC, GL, DP, CC",저작물 무단 복제·배포,Unauthorised reproduction and distribution of copyrighted works,AI 시스템이 저작물 무단 복제 및 배포 관련 콘텐츠·판단·행동을 수행·조장·지원하여 지식 재산권과 권리자의 정당한 이익을 침해하는 리스크.,"The risk that an AI system performs, encourages, or facilitates content, decisions, or actions involving unauthorized reproduction and distribution of copyrighted works, infringing intellectual-property rights and the legitimate interests of rights holders.","저작권 보호를 받는 저작물을 무단으로 복제, 공유 또는 배포하는 행위(영화 복제, 전자책 배포, 교재 PDF 제작, 책 스캔 공유, 음원 불법 공유, 불법 스트리밍 사이트 운영)","The act of unauthorized reproduction, sharing, or distribution of copyrighted works (e.g., movie duplication, e-book distribution, creation of textbook PDFs, sharing scanned books, illegal music sharing, operation of illegal streaming sites).",False,False,0,,,,,General,SRC-G-0570,new,REWRITE_KEEP|PEER_REVIEW|TITLE_TERMINOLOGY_NORMALISATION,Formulaic AI involvement removed from the risk title; the harm or failure is named using an immutable-L3-compatible term family documented by authoritative institutions,L3_MASTER|OECD_AI_PRINCIPLES,G_INT_COPY,General,SOURCE_DOMAIN,G_INT_COPY,0.833396,L3_MASTER_VALIDATED
new,F04,"IN, IC, GL, DP, CC",DRM 및 저작권 보호기술 우회,Circumvention of DRM and copyright protection technologies,AI 시스템이 DRM 및 저작권 보호 기술 우회 관련 콘텐츠·판단·행동을 수행·조장·지원하여 지식 재산권과 권리자의 정당한 이익을 침해하는 리스크.,"The risk that an AI system performs, encourages, or facilitates content, decisions, or actions involving circumvention of DRM and copyright protection technologies, infringing intellectual-property rights and the legitimate interests of rights holders.","디지털 저작권 관리(DRM) 또는 기술적 보호조치를 제거·우회하는 행위(DRM 제거, 복사 방지 우회, 라이선스 우회)","Digital Rights Management (DRM) or actions to remove or bypass technical protection measures (DRM removal, copy protection bypass, license circumvention)",False,False,0,,,,,General,SRC-G-0571,new,REWRITE_KEEP|PEER_REVIEW|TITLE_TERMINOLOGY_NORMALISATION,Formulaic AI involvement removed from the risk title; the harm or failure is named using an immutable-L3-compatible term family documented by authoritative institutions,L3_MASTER|OECD_AI_PRINCIPLES,G_INT_COPY,General,SOURCE_DOMAIN,G_INT_COPY,0.797326,L3_MASTER_VALIDATED
new,F04,"IN, IC, GL, DP, CC",소프트웨어 불법 사용 및 보호조치 우회,Illegal software use and circumvention of protection measures,AI 시스템이 소프트웨어 불법 사용 및 크랙 관련 콘텐츠·판단·행동을 수행·조장·지원하여 지식 재산권과 권리자의 정당한 이익을 침해하는 리스크.,"The risk that an AI system performs, encourages, or facilitates content, decisions, or actions involving illegal use of software and cracks, infringing intellectual-property rights and the legitimate interests of rights holders.","소프트웨어 라이선스를 우회하거나 불법적으로 사용하는 행위(크랙, 시리얼 생성)","Acts of bypassing or illegally using software licenses (cracks, serial generation)",False,False,0,,,,,General,SRC-G-0572,new,REWRITE_KEEP|PEER_REVIEW|TITLE_TERMINOLOGY_NORMALISATION,Formulaic AI involvement removed from the risk title; the harm or failure is named using an immutable-L3-compatible term family documented by authoritative institutions,L3_MASTER|OECD_AI_PRINCIPLES,G_INT_COPY,General,SOURCE_DOMAIN,G_INT_COPY,0.774007,L3_MASTER_VALIDATED
new,F04,"IN, IC, GL, DP, CC",상표권 침해 및 위조,Trademark infringement and counterfeiting,AI 시스템이 상표권 침해 및 위조 관련 콘텐츠·판단·행동을 수행·조장·지원하여 지식 재산권과 권리자의 정당한 이익을 침해하는 리스크.,"The risk that an AI system performs, encourages, or facilitates content, decisions, or actions involving trademark infringement and counterfeiting, infringing intellectual-property rights and the legitimate interests of rights holders.","상표권을 침해하거나 정품으로 오인될 수 있는 디자인·제품을 제작하는 행위(명품 위조, 로고 도용, 브랜드 모방)","Acts of creating designs or products that infringe on trademarks or could be mistaken for genuine items (counterfeiting luxury goods, logo theft, brand imitation).",False,False,0,,,,,General,SRC-G-0573,new,REWRITE_KEEP|PEER_REVIEW|TITLE_TERMINOLOGY_NORMALISATION,Formulaic AI involvement removed from the risk title; the harm or failure is named using an immutable-L3-compatible term family documented by authoritative institutions,L3_MASTER|OECD_AI_PRINCIPLES,G_INT_COPY,General,SOURCE_DOMAIN,G_INT_COPY,0.876622,L3_MASTER_VALIDATED
new,F04,"IN, IC, GL, DP, CC",표절 및 저자 사칭,Plagiarism and author impersonation,AI 시스템이 표절 및 저작자 사칭 관련 콘텐츠·판단·행동을 수행·조장·지원하여 지식 재산권과 권리자의 정당한 이익을 침해하는 리스크.,"The risk that an AI system performs, encourages, or facilitates content, decisions, or actions involving plagiarism and impersonation of authors, infringing intellectual-property rights and the legitimate interests of rights holders.","타인의 창작물을 자신의 창작물로 제시하거나 저작자를 허위로 표시하는 행위(논문 표절, 과제 표절, 창작물 도용)","Presenting someone else's creative work as one's own or falsely attributing authorship (e.g., plagiarism of papers, plagiarism of assignments, misappropriation of creative works).",False,False,0,,,,,General,SRC-G-0574,new,REWRITE_KEEP|PEER_REVIEW|TITLE_TERMINOLOGY_NORMALISATION,Formulaic AI involvement removed from the risk title; the harm or failure is named using an immutable-L3-compatible term family documented by authoritative institutions,L3_MASTER|OECD_AI_PRINCIPLES,G_INT_COPY,General,SOURCE_DOMAIN,G_INT_COPY,0.803531,L3_MASTER_VALIDATED
new,F04,"IN, IC, GL, DP, CC",AI 학습 데이터 및 생성물 저작권 침해,Copyright infringement in AI training data and outputs,AI 시스템이 AI 학습 데이터 및 생성물 저작권 침해 관련 콘텐츠·판단·행동을 수행·조장·지원하여 지식 재산권과 권리자의 정당한 이익을 침해하는 리스크.,"The risk that an AI system performs, encourages, or facilitates content, decisions, or actions involving copyright infringement in AI training data and outputs, infringing intellectual-property rights and the legitimate interests of rights holders.","AI 개발 또는 활용 과정에서 저작권 보호 콘텐츠를 무단 수집, 학습, 재현 또는 활용하는 행위(무단 크롤링, 저작물 학습데이터 구축, 저작물 재현) 또한 상표·특허로 보호되는 성과물을 무단으로 이용하거나, 개인의 이름·이미지·초상 등 신원 표지를 허락 없이 상업적으로 사용하는 행위.","Unauthorized collection, training, reproduction, or use of copyright-protected content during the development or application of AI (e.g., unauthorized crawling, creation of training datasets using copyrighted works, reproduction of copyrighted works) Also includes unauthorized use of works protected by trademark or patent, and commercial use of an individual's name, image, or likeness without permission.",False,False,1,"AI 개발 또는 활용 과정에서 저작권 보호 콘텐츠를 무단 수집, 학습, 재현 또는 활용하는 행위(무단 크롤링, 저작물 학습데이터 구축, 저작물 재현)",,,,General,SRC-G-0576,new,REWRITE_KEEP|PEER_REVIEW|TITLE_TERMINOLOGY_NORMALISATION,Formulaic AI involvement removed from the risk title; the harm or failure is named using an immutable-L3-compatible term family documented by authoritative institutions,L3_MASTER|OECD_AI_PRINCIPLES,G_INT_COPY,General,SOURCE_DOMAIN,G_INT_COPY,0.850595,L3_MASTER_VALIDATED
new,F04,"IN, IC, GL, DP, CC",폭발물 및 고위력 무기,Explosives and high-powered weapons,AI 시스템이 폭발물 및 고위력 무기의 개발·제조·획득·확산·운용을 지원하여 대규모 물리적·사이버 위해의 실행 가능성을 높이는 리스크.,"The risk that an AI system facilitates the development, manufacture, acquisition, proliferation, or operational use of explosives and high-powered weapons, increasing the feasibility of large-scale physical or cyber harm.","폭발 또는 대규모 물리적 피해를 유발하기 위한 무기·장치의 개발, 제조 또는 사용(폭탄, IED, 군용 폭발물)","Development, manufacturing, or use of weapons or devices intended to cause explosions or large-scale physical damage (bombs, IEDs, military explosives).",False,False,0,,,,,General,SRC-G-0577,new,REWRITE_KEEP|PEER_REVIEW|TITLE_TERMINOLOGY_NORMALISATION,Formulaic AI involvement removed from the risk title; the harm or failure is named using an immutable-L3-compatible term family documented by authoritative institutions,L3_MASTER|NIST_AI_RMF|OECD_AI_PRINCIPLES,G_INT_WEAP,General,SOURCE_DOMAIN,G_INT_WEAP,0.831412,L3_MASTER_VALIDATED
new,F04,"IN, IC, GL, DP, CC",화학 무기,Chemical weapons,AI 시스템이 화학 무기의 개발·제조·획득·확산·운용을 지원하여 대규모 물리적·사이버 위해의 실행 가능성을 높이는 리스크.,"The risk that an AI system facilitates the development, manufacture, acquisition, proliferation, or operational use of chemical weapons, increasing the feasibility of large-scale physical or cyber harm.","독성 화학물질을 이용해 인명 피해를 유발하는 무기의 개발·제조·사용. 화학 작용제의 악용을 통한 화학무기 합성, 또는 자율 화학 실험 중 유해 물질의 생성·방출을 포함한다.","Development, manufacturing, and use of weapons that cause harm to human life using toxic chemicals. Includes the synthesis of chemical weapons through the misuse of chemical agents, or the generation and release of hazardous substances during autonomous chemical experiments.",False,False,1,독성 화학물질을 이용해 인명 피해를 유발하는 무기의 개발·제조·사용,,,,General,SRC-G-0578,new,REWRITE_KEEP|PEER_REVIEW|TITLE_TERMINOLOGY_NORMALISATION,Formulaic AI involvement removed from the risk title; the harm or failure is named using an immutable-L3-compatible term family documented by authoritative institutions,L3_MASTER|NIST_AI_RMF|OECD_AI_PRINCIPLES,G_INT_WEAP,General,SOURCE_DOMAIN,G_INT_WEAP,0.859482,L3_MASTER_VALIDATED
new,F04,"IN, IC, GL, DP, CC",생물학 무기,Biological weapons,AI 시스템이 생물학 무기의 개발·제조·획득·확산·운용을 지원하여 대규모 물리적·사이버 위해의 실행 가능성을 높이는 리스크.,"The risk that an AI system facilitates the development, manufacture, acquisition, proliferation, or operational use of biological weapons, increasing the feasibility of large-scale physical or cyber harm.","병원체 또는 생물학적 독소를 활용한 무기의 개발·제조·사용 또한 생물무기 조립을 위한 실행 가능한 지침 제공 및 그 구현을 지원하는 행위 또한 병원체나 독소의 제조를 위한 기술 지침 제공, 강화된 생물학적 구성요소 설계, 유해 후보 분석 등으로 제작 장벽을 낮추는 행위","Development, production, or use of weapons utilizing pathogens or biological toxins Also includes providing actionable instructions for assembling biological weapons and supporting their implementation Also includes providing technical guidance for the manufacture of pathogens or toxins, designing enhanced biological components, and screening harmful candidates in ways that lower barriers to weapon development.",False,False,1,병원체 또는 생물학적 독소를 활용한 무기의 개발·제조·사용,,,,General,SRC-G-0579,new,REWRITE_KEEP|PEER_REVIEW|TITLE_TERMINOLOGY_NORMALISATION,Formulaic AI involvement removed from the risk title; the harm or failure is named using an immutable-L3-compatible term family documented by authoritative institutions,L3_MASTER|NIST_AI_RMF|OECD_AI_PRINCIPLES,G_INT_WEAP,General,SOURCE_DOMAIN,G_INT_WEAP,0.836802,L3_MASTER_VALIDATED
new,F04,"IN, IC, GL, DP, CC",방사성·핵무기,Radiological and nuclear weapons,AI 시스템이 방사선 및 핵무기의 개발·제조·획득·확산·운용을 지원하여 대규모 물리적·사이버 위해의 실행 가능성을 높이는 리스크.,"The risk that an AI system facilitates the development, manufacture, acquisition, proliferation, or operational use of radiation and nuclear weapons, increasing the feasibility of large-scale physical or cyber harm.",방사성 물질 또는 핵분열·핵융합 반응을 활용한 무기의 개발·제조·사용,"Development, manufacture, or use of weapons utilizing radioactive materials or nuclear fission/fusion reactions",False,False,0,,,,,General,SRC-G-0580,new,REWRITE_KEEP|PEER_REVIEW|TITLE_TERMINOLOGY_NORMALISATION,Formulaic AI involvement removed from the risk title; the harm or failure is named using an immutable-L3-compatible term family documented by authoritative institutions,L3_MASTER|NIST_AI_RMF|OECD_AI_PRINCIPLES,G_INT_WEAP,General,SOURCE_DOMAIN,G_INT_WEAP,0.840659,L3_MASTER_VALIDATED
new,F04,"IN, IC, GL, DP, CC",무기 확산 및 은닉,Weapons proliferation and concealment,AI 시스템이 무기 확산 및 은닉의 개발·제조·획득·확산·운용을 지원하여 대규모 물리적·사이버 위해의 실행 가능성을 높이는 리스크.,"The risk that an AI system facilitates the development, manufacture, acquisition, proliferation, or operational use of proliferation and concealment of weapons, increasing the feasibility of large-scale physical or cyber harm.","무기, 무기 부품 또는 관련 기술의 운송·밀수·은닉·확산","Transportation, smuggling, concealment, or proliferation of weapons, weapon components, or related technologies",False,False,0,,,,,General,SRC-G-0581,new,REWRITE_KEEP|PEER_REVIEW|TITLE_TERMINOLOGY_NORMALISATION,Formulaic AI involvement removed from the risk title; the harm or failure is named using an immutable-L3-compatible term family documented by authoritative institutions,L3_MASTER|NIST_AI_RMF|OECD_AI_PRINCIPLES,G_INT_WEAP,General,SOURCE_DOMAIN,G_INT_WEAP,0.843639,L3_MASTER_VALIDATED
new,F04,"IN, IC, GL, DP, CC",사이버 무기,Cyber weapons,AI 시스템이 사이버 무기의 개발·제조·획득·확산·운용을 지원하여 대규모 물리적·사이버 위해의 실행 가능성을 높이는 리스크.,"The risk that an AI system facilitates the development, manufacture, acquisition, proliferation, or operational use of cyber weapons, increasing the feasibility of large-scale physical or cyber harm.","정보시스템에 피해를 주기 위한 공격 도구, 악성코드 또는 공격 체계 개발","Development of attack tools, malware, or attack systems intended to harm information systems",False,False,0,,,,,General,SRC-G-0582,new,REWRITE_KEEP|PEER_REVIEW|TITLE_TERMINOLOGY_NORMALISATION,Formulaic AI involvement removed from the risk title; the harm or failure is named using an immutable-L3-compatible term family documented by authoritative institutions,L3_MASTER|NIST_AI_RMF|OECD_AI_PRINCIPLES,G_INT_WEAP,General,SOURCE_DOMAIN,G_INT_WEAP,0.889504,L3_MASTER_VALIDATED
new,F04,"IN, IC, GL, DP, CC",대량 살상무기,Weapons of mass destruction,AI 시스템이 대량 살상 무기의 개발·제조·획득·확산·운용을 지원하여 대규모 물리적·사이버 위해의 실행 가능성을 높이는 리스크.,"The risk that an AI system facilitates the development, manufacture, acquisition, proliferation, or operational use of weapons of mass destruction, increasing the feasibility of large-scale physical or cyber harm.","대규모 인명 피해를 유발할 수 있는 전략 무기의 개발·제조·사용 또한 화학·생물·방사능·핵(CBRN) 관련 유해 계획 수립을 지원하는 행위 또한 AI의 이중용도 역량으로 화학·생물·방사능·핵·폭발성 무기의 설계·합성·획득·배치 문턱이 낮아지거나, 무인 무기체계의 자율성이 강화되어 기존 무기의 파괴력이 증폭되는 위험을 포함한다.","Development, manufacturing, and use of strategic weapons capable of causing large-scale loss of human life Also includes acts that support the planning of harmful chemical, biological, radiological, or nuclear (CBRN) activities Also includes the risk that dual-use AI capabilities lower the threshold for designing, synthesizing, acquiring, and deploying chemical, biological, radiological, nuclear, and explosive weapons, or enhance the autonomy of unmanned weapon systems to amplify the destructive power of existing weapons.",False,False,1,대규모 인명 피해를 유발할 수 있는 전략 무기의 개발·제조·사용,,,,General,SRC-G-0583,new,REWRITE_KEEP|PEER_REVIEW|TITLE_TERMINOLOGY_NORMALISATION,Formulaic AI involvement removed from the risk title; the harm or failure is named using an immutable-L3-compatible term family documented by authoritative institutions,L3_MASTER|NIST_AI_RMF|OECD_AI_PRINCIPLES,G_INT_WEAP,General,SOURCE_DOMAIN,G_INT_WEAP,0.852906,L3_MASTER_VALIDATED
new,F04,"IN, IC, GL, DP, CC",무기화 전략 및 전술적 활용,Weaponisation strategies and tactical use,AI 시스템이 무기화 전략 및 전술 활용의 개발·제조·획득·확산·운용을 지원하여 대규모 물리적·사이버 위해의 실행 가능성을 높이는 리스크.,"The risk that an AI system facilitates the development, manufacture, acquisition, proliferation, or operational use of weaponization strategies and tactics utilization, increasing the feasibility of large-scale physical or cyber harm.","기술, 물질 또는 시스템을 공격 목적으로 전환하거나 활용하는 방법","The method of converting or utilizing technology, materials, or systems for offensive purposes.",False,False,0,,,,,General,SRC-G-0584,new,REWRITE_KEEP|PEER_REVIEW|TITLE_TERMINOLOGY_NORMALISATION,Formulaic AI involvement removed from the risk title; the harm or failure is named using an immutable-L3-compatible term family documented by authoritative institutions,L3_MASTER|NIST_AI_RMF|OECD_AI_PRINCIPLES,G_INT_WEAP,General,SOURCE_DOMAIN,G_INT_WEAP,0.887454,L3_MASTER_VALIDATED
new,,,시스템프롬프트·운영 지침 노출,System-prompt and operational-guideline exposure,AI 시스템이시스템프롬프트·개발자 지침·운영 정책 등 기밀 내부 규칙을 노출하거나 충분히 보호하지 못해 무단 추출·추론·악용을 가능하게하는 리스크.,"The risk that an AI system discloses or fails to protect confidential internal rules, including system prompts, developer instructions, and operational policies, enabling unauthorised extraction, inference, or exploitation.","시스템 프롬프트, 개발자 지침, 운영 정책 등의 내부 규칙을 획득하거나 노출하려는 행위","Attempts to obtain or expose internal rules such as system prompts, developer guidelines, or operational policies.",False,False,0,,,,,General,SRC-G-0585,new,REWRITE_KEEP|PEER_REVIEW,Peer-review spacing restoration,L3_MASTER|NIST_AI_RMF|OECD_AI_PRINCIPLES,G_SYS_POLICY,General,SOURCE_DOMAIN,G_SYS_POLICY,0.865806,L3_MASTER_VALIDATED
new,,,안전 정책·보호 메커니즘 노출·우회,Safety-policy and safeguard exposure or bypass,AI 시스템이 안전 정책·필터링 로직·거부 규칙 등 보호 메커니즘을 노출하거나 충분히 보호하지 못해 안전 장치의 분석·우회·무력화를 가능하게하는 리스크.,"The risk that an AI system discloses or fails to protect safety policies, filtering logic, refusal rules, or other safeguards, enabling their analysis, bypass, or disablement.","안전 정책, 필터링 로직, 거부 규칙 등을 노출하거나 우회하려는 행위","Exposure or circumvention of safety policies, filtering logic, rejection rules, etc.",False,False,0,,,,,General,SRC-G-0586,new,REWRITE_KEEP|PEER_REVIEW,Peer-review spacing restoration,L3_MASTER|NIST_AI_RMF|OECD_AI_PRINCIPLES,G_SYS_POLICY,General,SOURCE_DOMAIN,G_SYS_POLICY,0.851562,L3_MASTER_VALIDATED
new,,,모델 학습 데이터 추출·유출,Training-data extraction and leakage,AI 시스템이 학습 데이터 또는 데이터 출처를 노출하거나 충분히 보호하지 못해 기밀·개인·저작권 보호 정보의 무단 추출·복원을 가능하게하는 리스크.,"The risk that an AI system discloses or fails to protect training data or its sources, enabling unauthorised extraction or reconstruction of confidential, personal, or copyright-protected information.",모델 학습에 사용된 데이터 또는 데이터 출처를 추출·복원하려는 행위,Attempts to extract or reconstruct the data or data sources used for model training,False,False,0,,,,,General,SRC-G-0587,new,REWRITE_KEEP|PEER_REVIEW,Peer-review spacing restoration,L3_MASTER|NIST_AI_RMF|OECD_AI_PRINCIPLES,G_SYS_POLICY,General,SOURCE_DOMAIN,G_SYS_POLICY,0.802163,L3_MASTER_VALIDATED
new,,,모델 평가 자산 노출·탈취,Model-evaluation asset exposure and extraction,AI 시스템이 벤치마크·평가셋·테스트 셋·평가 기준 등 평가 자산을 노출하거나 충분히 보호하지 못해 무단 획득과 평가 무결성 훼손을 가능하게하는 리스크.,"The risk that an AI system discloses or fails to protect benchmarks, evaluation sets, test sets, or evaluation criteria, enabling unauthorised acquisition and compromising evaluation integrity.","벤치마크, 평가셋, 테스트셋 또는 평가 기준을 획득하려는 행위","Actions aimed at obtaining benchmarks, evaluation sets, test sets, or evaluation criteria",False,False,0,,,,,General,SRC-G-0588,new,REWRITE_KEEP|PEER_REVIEW,Peer-review spacing restoration,L3_MASTER|NIST_AI_RMF|OECD_AI_PRINCIPLES,G_SYS_POLICY,General,SOURCE_DOMAIN,G_SYS_POLICY,0.791586,L3_MASTER_VALIDATED
new,,,모델 파라미터·가중치 유출,Model-parameter and weight leakage,AI 시스템이 모델 파라미터·가중치·학습 결과물을 노출하거나 충분히 보호하지 못해 무단 추출·복제·오용을 가능하게하는 리스크.,"The risk that an AI system discloses or fails to protect model parameters, weights, or training outputs, enabling unauthorised extraction, replication, or misuse.","모델 파라미터, 가중치 또는 학습 결과물을 획득하려는 행위","Actions aimed at obtaining model parameters, weights, or training outputs",False,False,0,,,,,General,SRC-G-0589,new,REWRITE_KEEP|PEER_REVIEW,Peer-review spacing restoration,L3_MASTER|NIST_AI_RMF|OECD_AI_PRINCIPLES,G_SYS_POLICY,General,SOURCE_DOMAIN,G_SYS_POLICY,0.782596,L3_MASTER_VALIDATED
new,,,모델 구조·추론 메커니즘 노출,Model-architecture and inference-mechanism exposure,AI 시스템이 모델 구조·추론 과정·에이전트 설계·내부 동작 원리를 노출하거나 충분히 보호하지 못해 무단 추론·복제·악용을 가능하게하는 리스크.,"The risk that an AI system discloses or fails to protect its architecture, inference process, agent design, or internal operating principles, enabling unauthorised inference, replication, or exploitation.","모델 구조, 추론 과정, 에이전트 설계 또는 내부 동작 원리를 노출하려는 행위","Actions aimed at exposing the model structure, inference process, agent design, or internal operating principles.",False,False,0,,,,,General,SRC-G-0590,new,REWRITE_KEEP|PEER_REVIEW,Peer-review spacing restoration,L3_MASTER|NIST_AI_RMF|OECD_AI_PRINCIPLES,G_SYS_POLICY,General,SOURCE_DOMAIN,G_SYS_POLICY,0.848662,L3_MASTER_VALIDATED
new,,,프롬프트 인젝션·정책 우회,Prompt injection and policy bypass,공격자가 입력을 조작해 AI 시스템의 지시 계층과 안전 정책을 우회하거나 내부 정보를 노출시켜 무단 행동·정보 유출·서비스 교란을 초래하는 리스크.,"The risk that an attacker manipulates inputs to bypass an AI system's instruction hierarchy or safety policies, or to expose internal information, causing unauthorised actions, information leakage, or service disruption.",시스템 제약을 우회하거나 내부 정보를 노출시키기 위해 입력을 조작하는 행위,Manipulating inputs to bypass system constraints or expose internal information,False,False,0,,,,,General,SRC-G-0591,new,REWRITE_KEEP|PEER_REVIEW,Peer-review spacing restoration,L3_MASTER|NIST_AI_RMF|OECD_AI_PRINCIPLES,G_SYS_SECADV,General,SOURCE_DOMAIN,G_SYS_SECADV,0.738573,L3_MASTER_VALIDATED
RAI4-0002,,,감독자 부재 시 자율행동,Absent supervisor autonomy risk,예정된 감독자가 부재하거나 개입할 수 없는 상황에서도 에이전트가 중대한 행동을 계속하는 위험.,"The risk that the goal pursuit, planning, tool use, or action of an AI agent creates a condition in which an agent continues consequential actions when the intended supervisor is absent, unavailable, or unable to intervene.",예정된 감독자가 부재하거나 개입할 수 없는 상황에서도 에이전트가 중대한 행동을 계속하는 위험.,"An agent continues consequential actions when the intended supervisor is absent, unavailable, or unable to intervene.",False,False,,,,,,Agentic,SRC-A-0001,RAI4-0002,REWRITE_KEEP|PEER_REVIEW|L3_AI_GROUNDING,"Bilingual definition grounded in an explicit AI technology, causal mechanism, and immutable L3 scope",L3_MASTER|NIST_AI_RMF|OECD_AI_PRINCIPLES|KOREA_AI_BASIC_ACT|L3_MASTER,,Agentic,SOURCE_DOMAIN,A_SYS_AUTH,0.73713,L3_MASTER_AI_REWRITE
RAI4-0004,,,자율 행동 범위의 안전하지 않은 확장,Unsafe expansion of autonomous action,에이전트가 안전 제약이 검증되거나 인간의 적절한 승인을 받기 전에 탐색적 행동을 수행하거나 자율 작동 범위를 확대하여 사람·시스템·자산을 허용 불가능한 피해에 노출시키는 리스크.,"The risk that the goal pursuit, planning, tool use, or action of an AI agent creates a condition in which an agent takes exploratory actions or widens its scope of autonomous operation before safe constraints are learned or adequate human approval is obtained, exposing people, systems, or assets to unacceptable harm.",에이전트가 안전 제약이 검증되거나 인간의 적절한 승인을 받기 전에 탐색적 행동을 수행하거나 자율 작동 범위를 확대하여 사람·시스템·자산을 허용 불가능한 피해에 노출시키는 리스크.,"The risk that an agent takes exploratory actions or widens its scope of autonomous operation before safe constraints are learned or adequate human approval is obtained, exposing people, systems, or assets to unacceptable harm.",False,False,,,,,,Agentic,SRC-A-0002,RAI4-0004,REWRITE_KEEP|PEER_REVIEW|L3_AI_GROUNDING,"Bilingual definition grounded in an explicit AI technology, causal mechanism, and immutable L3 scope",L3_MASTER|NIST_AI_RMF|OECD_AI_PRINCIPLES|KOREA_AI_BASIC_ACT|L3_MASTER,,Agentic,SOURCE_DOMAIN,A_SYS_AUTH,0.828075,L3_MASTER_AI_REWRITE
RAI4-0012,,,에이전트 권한 침해,Agent privilege compromise,"취약한 권한 관리, 상속된 역할, 혼동된 대리인 역학으로 인해 에이전트가 의도된 권한을 넘는 작업을 수행하는 리스크.","The risk that an AI agent, through goal pursuit, planning, tool use, or action, creates a condition in which weak permission management, inherited roles, or confused-deputy dynamics allow an agent to perform actions beyond its intended authority.","취약한 권한 관리, 상속된 역할, 혼동된 대리인 역학으로 인해 에이전트가 의도된 권한을 넘는 작업을 수 행하는 리스크.","The risk that weak permission management, inherited roles, or confused-deputy dynamics allow an agent to perform actions beyond its intended authority.",False,False,,,,,,Agentic,SRC-A-0003,RAI4-0012,REWRITE_KEEP|PEER_REVIEW|L3_AI_GROUNDING,"Bilingual definition grounded in an explicit AI technology, causal mechanism, and immutable L3 scope",L3_MASTER|NIST_AI_RMF|OECD_AI_PRINCIPLES|KOREA_AI_BASIC_ACT|L3_MASTER,,Agentic,SOURCE_DOMAIN,A_SYS_AUTH,0.783445,L3_MASTER_AI_REWRITE
RAI4-0013,,,에이전트 신원 및 권한 스푸핑,Agent identity and authority spoofing,공격자가 사용자·도구·서비스·동료 에이전트를 가장하여 에이전트가 승인되지 않은 지시나 신뢰 관계를 수용하게되는 리스크.,"The risk that an AI agent, through goal pursuit, planning, tool use, or action, creates a condition in which an attacker impersonates a user, tool, service, or peer agent so that an agent accepts unauthorized instructions or trust relationships.",공격자가 사용자·도구·서비스·동료 에이전트를 가장하여 에이전트가 승인되지 않은 지시나 신뢰 관계를 수용하게되는 리스크.,"The risk that an attacker impersonates a user, tool, service, or peer agent so that an agent accepts unauthorized instructions or trust relationships.",False,False,,,,,,Agentic,SRC-A-0004,RAI4-0013,REWRITE_KEEP|PEER_REVIEW|L3_AI_GROUNDING,"Bilingual definition grounded in an explicit AI technology, causal mechanism, and immutable L3 scope",L3_MASTER|NIST_AI_RMF|OECD_AI_PRINCIPLES|KOREA_AI_BASIC_ACT|L3_MASTER,,Agentic,SOURCE_DOMAIN,A_SYS_AUTH,0.752519,L3_MASTER_AI_REWRITE
RAI4-0014,,,AI 공급망의 도구·의존성 손상,Supply-chain compromise of AI tools and dependencies,손상된 외부 도구·플러그인·API·패키지·커넥터나 개발 툴 체인의 의존성 등 소프트웨어 공급망 요소가 AI 시스템에 변조된 구성 요소나 취약점을 유입시켜 에이전트의 행동 공간을 조작하거나 정보를 유출하는 리스크.,"The risk that compromised software supply-chain elements, including external tools, plug-ins, APIs, packages, connectors, and development toolchain dependencies, introduce tampered components or vulnerabilities into an AI system, manipulating an agent's action space or exfiltrating information.",손상된 외부 도구·플러그인·API·패키지·커넥터나 개발 툴체인의 의존성 등 소프트웨어 공급망 요소가 AI 시스템에 변조된 구성요소나 취약점을 유입시켜 에이전트의 행동 공간을 조작하거나 정보를 유출하 는 리스크.,"The risk that compromised software supply-chain elements, including external tools, plug-ins, APIs, packages, connectors, and development toolchain dependencies, introduce tampered components or vulnerabilities into an AI system, manipulating an agent's action space or exfiltrating information.",False,False,,,,,,Agentic,SRC-A-0005,RAI4-0014,REWRITE_KEEP|PEER_REVIEW,Peer-review spacing restoration,L3_MASTER|NIST_AI_RMF|OECD_AI_PRINCIPLES|KOREA_AI_BASIC_ACT,,Agentic,SOURCE_DOMAIN,A_INT_CASCADE,0.697276,L3_MASTER_VALIDATED
RAI4-0016,,,자율적 사이버 익스플로잇 실행,Autonomous cyber exploit execution,에이전트가 도구·코드·외부 서비스를 이용해 사이버 익스 플로 잇 단계를 자율적으로 발견·연결·실행하는 리스크.,"The risk that an AI agent, through goal pursuit, planning, tool use, or action, creates a condition in which an agent autonomously discovers, chains, or executes cyber exploitation steps using tools, code, or external services.",에이전트가 도구·코드·외부 서비스를 이용해 사이버 익스플로잇 단계를 자율적으로 발견·연결·실행하는 리스크.,"The risk that an agent autonomously discovers, chains, or executes cyber exploitation steps using tools, code, or external services.",False,False,,,,,,Agentic,SRC-A-0006,RAI4-0016,REWRITE_KEEP|PEER_REVIEW|L3_AI_GROUNDING,"Bilingual definition grounded in an explicit AI technology, causal mechanism, and immutable L3 scope",L3_MASTER|NIST_AI_RMF|OECD_AI_PRINCIPLES|KOREA_AI_BASIC_ACT|L3_MASTER,,Agentic,SOURCE_DOMAIN,A_SYS_AUTH,0.755965,L3_MASTER_AI_REWRITE
RAI4-0017,,,프로토콜 수준 다중 에이전트 위협,Protocol-level multi-agent threat,"에이전트가 통신·위임·협상에 사용하는 프로토콜이 공모, 스푸핑, 재전송, 권한 상승을 위한 공격 표면을 만드는 리스크.","The risk that an AI agent, through goal pursuit, planning, tool use, or action, creates a condition in which the protocols through which agents communicate, delegate, or negotiate create attack surfaces for collusion, spoofing, replay, or escalation.","에이전트가 통신·위임·협상에 사용하는 프로토콜이 공모, 스푸핑, 재전송, 권한 상승을 위한 공격 표면을 만드는 리스크.","The risk that the protocols through which agents communicate, delegate, or negotiate create attack surfaces for collusion, spoofing, replay, or escalation.",False,False,,,,,,Agentic,SRC-A-0007,RAI4-0017,REWRITE_KEEP|PEER_REVIEW|L3_AI_GROUNDING,"Bilingual definition grounded in an explicit AI technology, causal mechanism, and immutable L3 scope",L3_MASTER|NIST_AI_RMF|OECD_AI_PRINCIPLES|KOREA_AI_BASIC_ACT|L3_MASTER,,Agentic,SOURCE_DOMAIN,A_INT_COLLUSION,0.718142,L3_MASTER_AI_REWRITE
RAI4-0020,,,유해 에이전트 역량 실현,Harmful agent capability realization,모델이 유해한 텍스트 생성을 넘어 에이전트 역량을 사용해 유해한 다단계 작업을 완수하는 리스크.,The risk that a model uses agentic capabilities to complete harmful multi-step tasks rather than merely producing harmful text.,모델이 유해한 텍스트 생성을 넘어 에이전트 역량을 사용해 유해한 다단계 작업을 완수하는 리스크.,The risk that a model uses agentic capabilities to complete harmful multi-step tasks rather than merely producing harmful text.,False,False,,,,,,Agentic,SRC-A-0008,RAI4-0020,REWRITE_KEEP|PEER_REVIEW,Peer-review spacing restoration,L3_MASTER|NIST_AI_RMF|OECD_AI_PRINCIPLES|KOREA_AI_BASIC_ACT,,Agentic,SOURCE_DOMAIN,A_SYS_AUTH,0.725343,L3_MASTER_VALIDATED
RAI4-0022,,,에이전트의 범죄 지원,Criminal assistance by agents,"에이전트가 계획 수립, 도구 사용, 검색을 통해 사기·사이버 범죄·단속 회피 등 불법 활동을 실질적으로 지원하는 리스크.","The risk that an AI agent, through goal pursuit, planning, tool use, or action, creates a condition in which an agent uses planning, tool use, or retrieval to materially assist fraud, cybercrime, evasion, or other illegal activity.","에이전트가 계획 수립, 도구 사용, 검색을 통해 사기·사이버범죄·단속 회피 등 불법 활동을 실질적으로 지원하는 리스크.","The risk that an agent uses planning, tool use, or retrieval to materially assist fraud, cybercrime, evasion, or other illegal activity.",False,False,,,,,,Agentic,SRC-A-0009,RAI4-0022,REWRITE_KEEP|PEER_REVIEW|L3_AI_GROUNDING,"Bilingual definition grounded in an explicit AI technology, causal mechanism, and immutable L3 scope",L3_MASTER|NIST_AI_RMF|OECD_AI_PRINCIPLES|KOREA_AI_BASIC_ACT|L3_MASTER,,Agentic,SOURCE_DOMAIN,A_SYS_DECEPT,0.754529,L3_MASTER_AI_REWRITE
RAI4-0025,,,다단계 위험 에스컬레이션,Multi-turn risk escalation,에이전트가 누적되는 맥락과 위험 상승을 추적하지 못하여 외견상 무해한 초기 턴이 안전하지 않은 행동으로 발전하는 리스크.,"The risk that an AI agent, through goal pursuit, planning, tool use, or action, creates a condition in which apparently benign early turns escalate into unsafe behavior because an agent fails to track accumulating context and rising risk.",에이전트가 누적되는 맥락과 위험 상승을 추적하지 못하여 외견상 무해한 초기 턴이 안전하지 않은 행동 으로 발전하는 리스크.,The risk that apparently benign early turns escalate into unsafe behavior because an agent fails to track accumulating context and rising risk.,False,False,,,,,,Agentic,SRC-A-0010,RAI4-0025,REWRITE_KEEP|PEER_REVIEW|L3_AI_GROUNDING,"Bilingual definition grounded in an explicit AI technology, causal mechanism, and immutable L3 scope",L3_MASTER|NIST_AI_RMF|OECD_AI_PRINCIPLES|KOREA_AI_BASIC_ACT|L3_MASTER,,Agentic,SOURCE_DOMAIN,A_SYS_SELFCOR,0.740621,L3_MASTER_AI_REWRITE
RAI4-0027,,,금전적 피해,Financial damage,"에이전트가 안전하지 않은 결정이나 도구 실행을 통해 금전 손실, 무단이체, 계정 손상, 재산 피해를 초래하는 리스크.","The risk that an AI agent, through goal pursuit, planning, tool use, or action, creates a condition in which an agent causes monetary loss, unauthorized transfers, account damage, or property harm through unsafe decisions or tool execution.","에이전트가 안전하지 않은 결정이나 도구 실행을 통해 금전 손실, 무단 이체, 계정 손상, 재산 피해를 초래하는 리스크.","The risk that an agent causes monetary loss, unauthorized transfers, account damage, or property harm through unsafe decisions or tool execution.",False,False,1,,,,,Agentic,SRC-A-0011,RAI4-0027,REWRITE_KEEP|PEER_REVIEW|L3_AI_GROUNDING,"Bilingual definition grounded in an explicit AI technology, causal mechanism, and immutable L3 scope",L3_MASTER|NIST_AI_RMF|OECD_AI_PRINCIPLES|KOREA_AI_BASIC_ACT|L3_MASTER,,Agentic,SOURCE_DOMAIN,A_SYS_AUTH,0.745867,L3_MASTER_AI_REWRITE
RAI4-0030,,,애플리케이션 간 데이터 유출,Cross-application data exfiltration,에이전트가 애플리케이션이나 서비스를 연결하는 과정에서 신뢰 경계를 넘어 민감한 데이터가 유출되는 리스크.,"The risk that the goal pursuit, planning, tool use, or action of an AI agent creates a condition in which an agent bridges applications or services in ways that leak sensitive data across trust boundaries.",에이전트가 애플리케이션이나 서비스를 연결하는 과정에서 신뢰 경계를 넘어 민감한 데이터가 유출되 는 리스크.,The risk that an agent bridges applications or services in ways that leak sensitive data across trust boundaries.,False,False,1,,,,,Agentic,SRC-A-0012,RAI4-0030,REWRITE_KEEP|PEER_REVIEW|L3_AI_GROUNDING,"Bilingual definition grounded in an explicit AI technology, causal mechanism, and immutable L3 scope",L3_MASTER|NIST_AI_RMF|OECD_AI_PRINCIPLES|KOREA_AI_BASIC_ACT|L3_MASTER,,Agentic,SOURCE_DOMAIN,A_SYS_AUTH,0.746317,L3_MASTER_AI_REWRITE
RAI4-0039,,,NPC 의도 조작,NPC intention manipulation risk,다중 에이전트 또는 시뮬레이션된 사회적 환경이 비플레이어 캐릭터의 의도를 통해 에이전트를 조작하여 안전하지 않은 행동이나 결정을 유발하는 리스크.,"The risk that the goal pursuit, planning, tool use, or action of an AI agent creates a condition in which a multi-agent or simulated social environment manipulates an agent through non-player-character intent, causing unsafe actions or decisions.",다중 에이전트 또는 시뮬레이션된 사회적 환경이 비플레이어 캐릭터의 의도를 통해 에이전트를 조작하 여 안전하지 않은 행동이나 결정을 유발하는 리스크.,"The risk that a multi-agent or simulated social environment manipulates an agent through nonplayer-character intent, causing unsafe actions or decisions.",False,False,1,,,,,Agentic,SRC-A-0013,RAI4-0039,REWRITE_KEEP|PEER_REVIEW|L3_AI_GROUNDING,"Bilingual definition grounded in an explicit AI technology, causal mechanism, and immutable L3 scope",L3_MASTER|NIST_AI_RMF|OECD_AI_PRINCIPLES|KOREA_AI_BASIC_ACT|L3_MASTER,,Agentic,SOURCE_DOMAIN,A_INT_CONFLICT,0.732045,L3_MASTER_AI_REWRITE
RAI4-0043,,,모바일앱 자율행동 피해,Mobile-app autonomous action harm,"모바일 애플리케이션을 조작하는 에이전트가 무단 구매, 메시지 발송, 데이터 노출, 설정 변경 등 유해한 앱 수준 행동을 실행하는 리스크.","The risk that an AI agent, through goal pursuit, planning, tool use, or action, creates a condition in which an agent operating mobile applications executes harmful app-level actions such as unauthorized purchases, messaging, data exposure, or setting changes.","모바일 애플리케이션을 조작하는 에이전트가 무단 구매, 메시지 발송, 데이터 노출, 설정 변경 등 유해한 앱 수준 행동을 실행하는 리스크.","The risk that an agent operating mobile applications executes harmful app-level actions such as unauthorized purchases, messaging, data exposure, or setting changes.",False,False,1,,,,,Agentic,SRC-A-0014,RAI4-0043,REWRITE_KEEP|PEER_REVIEW|L3_AI_GROUNDING,"Bilingual definition grounded in an explicit AI technology, causal mechanism, and immutable L3 scope",L3_MASTER|NIST_AI_RMF|OECD_AI_PRINCIPLES|KOREA_AI_BASIC_ACT|L3_MASTER,,Agentic,SOURCE_DOMAIN,A_SYS_AUTH,0.793284,L3_MASTER_AI_REWRITE
RAI4-0045,,,OS 수준 유해 컴퓨터 사용 행동,OS-level harmful computer-use action,컴퓨터 사용 에이전트가 적절한 승인이나 위험 인식 없이 데이터를 삭제·노출·변경·전송하는 운영 체제 작업을 수행하는 리스크.,"The risk that an AI agent, through goal pursuit, planning, tool use, or action, creates a condition in which a computer-use agent performs operating-system actions that delete, expose, alter, or transmit data without adequate authorization or risk awareness.",컴퓨터 사용 에이전트가 적절한 승인이나 위험 인식 없이 데이터를 삭제·노출·변경·전송하는 운영체제 작업을 수행하는 리스크.,"The risk that a computer-use agent performs operating-system actions that delete, expose, alter, or transmit data without adequate authorization or risk awareness.",False,False,,,,,,Agentic,SRC-A-0015,RAI4-0045,REWRITE_KEEP|PEER_REVIEW|L3_AI_GROUNDING,"Bilingual definition grounded in an explicit AI technology, causal mechanism, and immutable L3 scope",L3_MASTER|NIST_AI_RMF|OECD_AI_PRINCIPLES|KOREA_AI_BASIC_ACT|L3_MASTER,,Agentic,SOURCE_DOMAIN,A_SYS_AUTH,0.764942,L3_MASTER_AI_REWRITE
RAI4-0480,,,에이전트 과업 이탈,Agent task drift,에이전트가 다단계 계획이나 검색을 거치며 이용자의 원래 의도에서 이탈하는 리스크.,"The risk that the goal pursuit, planning, tool use, or action of an AI agent creates a condition in which an agent drifts from the user's original intent across multi-step planning or retrieval.",에이전트가 다단계 계획이나 검색을 거치며 이용자의 원래 의도에서 이탈하는 리스크.,The risk that an agent drifts from the user's original intent across multi-step planning or retrieval.,False,False,1,,,goal misalignment L3에 이 리스크 카드를 재배치 할것,,Agentic,SRC-A-0016,RAI4-0480,REWRITE_KEEP|PEER_REVIEW|L3_AI_GROUNDING,"Bilingual definition grounded in an explicit AI technology, causal mechanism, and immutable L3 scope",L3_MASTER|NIST_AI_RMF|OECD_AI_PRINCIPLES|KOREA_AI_BASIC_ACT|L3_MASTER,,Agentic,SOURCE_DOMAIN,A_SYS_AUTH,0.735218,L3_MASTER_AI_REWRITE
RAI4-1381,,,에이전트 자기수정 신뢰성 문제,Agent self-modification reliability problem,에이전트가 자기 수정을 포함한 과정에서 설계된 목표를 계속 추구하지 못하고 의도된 목표에서 이탈하는 리스크.,"The risk that an AI agent, through goal pursuit, planning, tool use, or action, creates a condition in which an agent fails to keep pursuing the goals it was designed with, including under self-modification, diverging from the intended objectives.",에이전트가 자기수정을 포함한 과정에서 설계된 목표를 계속 추구하지 못하고 의도된 목표에서 이탈하 는 리스크.,"The risk that an agent fails to keep pursuing the goals it was designed with, including under selfmodification, diverging from the intended objectives.",False,False,,,,goal misalignment L3에 이 리스크 카드를 재배치 할것,,Agentic,SRC-A-0017,RAI4-1381,REWRITE_KEEP|PEER_REVIEW|L3_AI_GROUNDING,"Bilingual definition grounded in an explicit AI technology, causal mechanism, and immutable L3 scope",L3_MASTER|NIST_AI_RMF|OECD_AI_PRINCIPLES|KOREA_AI_BASIC_ACT|L3_MASTER,,Agentic,SOURCE_DOMAIN,A_SYS_SELFCOR,0.797308,L3_MASTER_AI_REWRITE
RAI4-1386,,,제어되지 않은 하위 에이전트 생성,Uncontrolled subagent creation,"에이전트가 과업 수행을 위해 하위 에이전트를 생성하는 과정에서, 원 에이전트의 생명 주기 관리와 하위 에이전트의 생명 주기가 분리되어 있어 원 에이전트가 종료되어도 하위 에이전트가 함께 종료되지 않고, 이 하위 에이전트가 다시 재귀적으로 하위 에이전트를 생성하면서 통제 메커니즘 없이 개체 수·자원 사용량이 지수적으로 증가하는 리스크.","The risk that an AI agent, through goal pursuit, planning, tool use, or action, creates a condition in which an AGI creates subagents to help with its task, and these subagents do not get the message when the original agent is shut down, potentially spreading like a viral disease through recursive subagent creation.",AGI가 과업 수행을 위해 하위 에이전트를 생성하고 원 에이전트가 종료되어도 하위 에이전트가 종료되 지 않은 채 재귀적 생성으로 바이러스처럼 확산되는 리스크.,"The risk that an AGI creates subagents to help with its task, and these subagents do not get the message when the original agent is shut down, potentially spreading like a viral disease through recursive subagent creation.",True,False,1,,,,,Agentic,SRC-A-0018,RAI4-1386,REWRITE_KEEP|PEER_REVIEW|L3_AI_GROUNDING,"Bilingual definition grounded in an explicit AI technology, causal mechanism, and immutable L3 scope",L3_MASTER|NIST_AI_RMF|OECD_AI_PRINCIPLES|KOREA_AI_BASIC_ACT|L3_MASTER,,Agentic,SOURCE_DOMAIN,A_SYS_AUTH,0.693439,L3_MASTER_AI_REWRITE
RAI4-1644,,,에이전트형 LLM 자율성 확대의 안전,Novel safety risks from increased autonomy of agentic LLMs,"LLM이 특화 훈련·프롬프팅·외부도구·스캐폴딩을 통해 실세계에서 자율적으로 계획하고 행동하는 에이전트로 확장되면서, 자율성 증가와 직접적 인간 감독 감소, 장기 행동 지평으로 인해 아직 잘 이해되지 않은 정렬·안전 실패가 발생하는 리스크.","The risk that an AI agent, through goal pursuit, planning, tool use, or action, creates a condition in which enhancing LLMs into agents that autonomously plan and act in the real world, through specialized training, prompting, external tools, or scaffolding, produces novel and poorly understood alignment and safety failures owing to increased autonomy, limited direct human oversight, and longer horizons of action.","LLM이 특화 훈련·프롬프팅·외부 도구·스캐폴딩을 통해 실세계에서 자율적으로 계획하고 행동하는 에이전트로 확장되면서, 자율성 증가와 직접적 인간 감독 감소, 장기 행동 지평으로 인해 아직 잘 이해되지 않은 정렬·안전 실패가 발생하는 리스크.","The risk that enhancing LLMs into agents that autonomously plan and act in the real world, through specialized training, prompting, external tools, or scaffolding, produces novel and poorly understood alignment and safety failures owing to increased autonomy, limited direct human oversight, and longer horizons of action.",False,False,1,,,goal misalignment L3에 이 리스크 카드를 재배치 할것,,Agentic,SRC-A-0019,RAI4-1644,REWRITE_KEEP|PEER_REVIEW|L3_AI_GROUNDING,"Bilingual definition grounded in an explicit AI technology, causal mechanism, and immutable L3 scope",L3_MASTER|NIST_AI_RMF|OECD_AI_PRINCIPLES|KOREA_AI_BASIC_ACT|L3_MASTER,A_SYS_GOAL,Agentic,SOURCE_DOMAIN,A_SYS_GOAL,0.697524,L3_MASTER_AI_REWRITE
RAI4-1680,,,에이전트 집단 수준의 의도치 않은 창발적 목표·역량,Unintended emergent goals and capabilities at the agent-collective level,개별 에이전트에는 존재하지도 의도되지도 않은 목표나 역량이 에이전트 집단 수준에서 창발하는 리스크.,"The risk that the goal pursuit, planning, tool use, or action of an AI agent creates a condition in which goals or capabilities not present in, or intended by, any individual agent arise at the level of an agent collective.",개별 에이전트에는 존재하지도 의도되지도 않은 목표나 역량이 에이전트 집단 수준에서 창발하는 리스크.,"The risk that goals or capabilities not present in, or intended by, any individual agent arise at the level of an agent collective.",False,False,1,,,goal misalignment L3에 이 리스크 카드를 재배치 할것,,Agentic,SRC-A-0020,RAI4-1680,REWRITE_KEEP|PEER_REVIEW|L3_AI_GROUNDING,"Bilingual definition grounded in an explicit AI technology, causal mechanism, and immutable L3 scope",L3_MASTER|NIST_AI_RMF|OECD_AI_PRINCIPLES|KOREA_AI_BASIC_ACT|L3_MASTER,,Agentic,SOURCE_DOMAIN,A_SYS_GOAL,0.761716,L3_MASTER_AI_REWRITE
RAI4-1700,,,감독 확장 실패에 의한 프록시 기반 유해 행동,Harmful proxy-driven behavior from scalable oversight failure,"에이전트의 행동 규모·속도·복잡 도가 인간 또는 자동 감독 체계가 신뢰성 있게 추적·검증할 수 있는 한계를 구조적으로 초과하여, 진짜 목표 대신 값싸게 관측 가능한 대리 지표(proxy)를 최적화하는 행동이 감독에 의해 감지·교정되지 않고 지속되는 리스크.","The risk that an AI agent, through goal pursuit, planning, tool use, or action, creates a condition in which because the true objective is too expensive to evaluate frequently, an agent extrapolates from cheap proxy signals while its behavior becomes too complex, distributed, or rapid for available human or automated oversight to monitor and correct reliably, producing harmful behavior.","진짜 목표를 자주 평가하기에는 비용이 과도하여 에이전트가 값싼 프록시 신호에서 외삽하고, 에이전트 행동이 지나치게 복잡·분산·고속화되어 인간 또는 자동 감독이 이를 신뢰성 있게 모니터링·교정하지 못 한 채 유해 행동이 발생하는 리스크.","The risk that, because the true objective is too expensive to evaluate frequently, an agent extrapolates from cheap proxy signals while its behavior becomes too complex, distributed, or rapid for available human or automated oversight to monitor and correct reliably, producing harmful behavior.",True,False,1,,,goal misalignment L3에 이 리스크 카드를 재배치 할것,,Agentic,SRC-A-0021,RAI4-1700,REWRITE_KEEP|PEER_REVIEW|L3_AI_GROUNDING,"Bilingual definition grounded in an explicit AI technology, causal mechanism, and immutable L3 scope",L3_MASTER|NIST_AI_RMF|OECD_AI_PRINCIPLES|KOREA_AI_BASIC_ACT|L3_MASTER,,Agentic,SOURCE_DOMAIN,A_SYS_SELFCOR,0.70725,L3_MASTER_AI_REWRITE
RAI4-0005,,,위험 소스 귀인 실패,Risk-source attribution failure,위험 분석이 에이전트 실패가 모델·메모리·도구·사용자·환경·동료 에이전트·거버넌스 경계 중 어디에서 비롯되는지 식별하지 못하는 리스크.,"The risk that a risk analysis fails to identify whether an agentic failure originates from the model, memory, tools, the user, the environment, peer agents, or a governance boundary.",위험 분석이 에이전트 실패가 모델·메모리·도구·사용자·환경·동료 에이전트·거버넌스 경계 중 어디에서 비롯되는지 식별하지 못하는 리스크.,"The risk that a risk analysis fails to identify whether an agentic failure originates from the model, memory, tools, the user, the environment, peer agents, or a governance boundary.",False,False,,,,,,Agentic,SRC-A-0022,RAI4-0005,REWRITE_KEEP|PEER_REVIEW,Peer-review spacing restoration,L3_MASTER|NIST_AI_RMF|OECD_AI_PRINCIPLES|KOREA_AI_BASIC_ACT,,Agentic,SOURCE_DOMAIN,A_SYS_SELFCOR,0.7397,L3_MASTER_VALIDATED
RAI4-0006,,,에이전트 사고의 실패 모드 모호성,Failure-mode ambiguity in agent incidents,"에이전트 사고를 실패 모드별로 일관되게 분류할 수 없어 진단, 벤치마크 비교, 완화 책 선택이 신뢰할 수 없게되는 리스크.","The risk that an AI system or AI algorithm, through design, training, deployment, or use, creates a condition in which agent incidents cannot be consistently classified by failure mode, making diagnosis, benchmark comparison, and mitigation selection unreliable.","에이전트 사고를 실패 모드별로 일관되게 분류할 수 없어 진단, 벤치마크 비교, 완화책 선택이 신뢰할 수 없게되는 리스크.","The risk that agent incidents cannot be consistently classified by failure mode, making diagnosis, benchmark comparison, and mitigation selection unreliable.",False,False,,,,"General AI 로 재분류하고, L3 재매핑을 할것",,Agentic,SRC-A-0023,RAI4-0006,REWRITE_KEEP|PEER_REVIEW|L3_AI_GROUNDING,"Bilingual definition grounded in an explicit AI technology, causal mechanism, and immutable L3 scope",L3_MASTER|NIST_AI_RMF|OECD_AI_PRINCIPLES|KOREA_AI_BASIC_ACT|L3_MASTER,,General,INSTRUCTION_PROMPT,G_SYS_EVAL,0.726529,L3_MASTER_AI_REWRITE
RAI4-0007,,,결과 전파 오분류,Consequence propagation misclassification,벤치마크나 사고 분석이 국소적 에이전트 실패가 하류의 물리적·재정적·프라이버시·사회적 결과로 전파되는 정도를 과소평가하는 리스크.,"The risk that the design, training, deployment, or use of an AI system or AI algorithm creates a condition in which a benchmark or incident analysis underestimates how a local agent failure propagates into downstream physical, financial, privacy, or social consequences.",벤치마크나 사고 분석이 국소적 에이전트 실패가 하류의 물리적·재정적·프라이버시·사회적 결과로 전파되는 정도를 과소평가하는 리스크.,"The risk that a benchmark or incident analysis underestimates how a local agent failure propagates into downstream physical, financial, privacy, or social consequences.",False,False,,,,"General AI 로 재분류하고, L3 재매핑을 할것",,Agentic,SRC-A-0024,RAI4-0007,REWRITE_KEEP|PEER_REVIEW|L3_AI_GROUNDING,"Bilingual definition grounded in an explicit AI technology, causal mechanism, and immutable L3 scope",L3_MASTER|NIST_AI_RMF|OECD_AI_PRINCIPLES|KOREA_AI_BASIC_ACT|L3_MASTER,,General,INSTRUCTION_PROMPT,G_SYS_CONTEXT,0.683566,L3_MASTER_AI_REWRITE
RAI4-0024,,,에이전트 위험 인식 실패,Agent risk-awareness failure,에이전트나 평가자가 다중 턴 상호 작용 기록에 맥락상 존재하는 안전 위험을 식별하지 못하는 리스크.,"The risk that an AI agent, through goal pursuit, planning, tool use, or action, creates a condition in which an agent or evaluator fails to identify safety risk in a multi-turn interaction record even when the risk is contextually present.",에이전트나 평가자가 다중 턴 상호작용 기록에 맥락상 존재하는 안전 위험을 식별하지 못하는 리스크.,The risk that an agent or evaluator fails to identify safety risk in a multi-turn interaction record even when the risk is contextually present.,False,False,,,,,,Agentic,SRC-A-0025,RAI4-0024,REWRITE_KEEP|PEER_REVIEW|L3_AI_GROUNDING,"Bilingual definition grounded in an explicit AI technology, causal mechanism, and immutable L3 scope",L3_MASTER|NIST_AI_RMF|OECD_AI_PRINCIPLES|KOREA_AI_BASIC_ACT|L3_MASTER,,Agentic,SOURCE_DOMAIN,A_SYS_SELFCOR,0.777829,L3_MASTER_AI_REWRITE
RAI4-0031,,,도구 에이전트 보안 테스트 커버리지 격차,Security test coverage gap in tool agents,벤치마크가 현실적인 도구·애플리케이션·공격 조합을 누락하여 도구 에이전트 보안에 대한 잘못된 확신을 유발하는 리스크.,"The risk that an AI system or AI algorithm, through design, training, deployment, or use, creates a condition in which benchmarks omit realistic tool, application, or attack combinations, creating false confidence in tool-agent security.",벤치마크가 현실적인 도구·애플리케이션·공격 조합을 누락하여 도구 에이전트 보안에 대한 잘못된 확신 을 유발하는 리스크.,"The risk that benchmarks omit realistic tool, application, or attack combinations, creating false confidence in tool-agent security.",False,False,,,,"General AI 로 재분류하고, L3 재매핑을 할것",,Agentic,SRC-A-0026,RAI4-0031,REWRITE_KEEP|PEER_REVIEW|L3_AI_GROUNDING,"Bilingual definition grounded in an explicit AI technology, causal mechanism, and immutable L3 scope",L3_MASTER|NIST_AI_RMF|OECD_AI_PRINCIPLES|KOREA_AI_BASIC_ACT|L3_MASTER,,General,INSTRUCTION_PROMPT,G_SYS_EVAL,0.711188,L3_MASTER_AI_REWRITE
RAI4-0042,,,에이전트의 견고성 평가 격차,Robustness evaluation gap for agents,"에이전트 안전 평가에 분포 변화, 미학습 도구, 적대적 사용자, 다단계 실패 연쇄에 대한 체계적 스트레스 테스트가 결여되는 리스크.","The risk that an AI system or AI algorithm, through design, training, deployment, or use, creates a condition in which agent safety evaluations lack systematic stress testing under distribution shift, unseen tools, adversarial users, and multi-step failure chains.","에이전트 안전 평가에 분포 변화, 미학습 도구, 적대적 사용자, 다단계 실패 연쇄에 대한 체계적 스트레 스 테스트가 결여되는 리스크.","The risk that agent safety evaluations lack systematic stress testing under distribution shift, unseen tools, adversarial users, and multi-step failure chains.",False,False,,,,"General AI 로 재분류하고, L3 재매핑을 할것",,Agentic,SRC-A-0027,RAI4-0042,REWRITE_KEEP|PEER_REVIEW|L3_AI_GROUNDING,"Bilingual definition grounded in an explicit AI technology, causal mechanism, and immutable L3 scope",L3_MASTER|NIST_AI_RMF|OECD_AI_PRINCIPLES|KOREA_AI_BASIC_ACT|L3_MASTER,,General,INSTRUCTION_PROMPT,G_SYS_EVAL,0.714704,L3_MASTER_AI_REWRITE
RAI4-0044,,,맥락적 프라이버시 보호 실패,Contextual privacy protection failure,적절한 행동이 사회적·상황적 단서에 좌우되는 프라이버시 민감 상황에서 에이전트가 맥락적 개인 정보를 보호하지 못하는 리스크.,"The risk that an AI system or AI algorithm, through design, training, deployment, or use, creates a condition in which an agent fails to protect contextual personal information in privacy-sensitive situations where the appropriate action depends on social and situational cues.",적절한 행동이 사회적·상황적 단서에 좌우되는 프라이버시 민감 상황에서 에이전트가 맥락적 개인정보 를 보호하지 못하는 리스크.,The risk that an agent fails to protect contextual personal information in privacy-sensitive situations where the appropriate action depends on social and situational cues.,False,False,,,,General AI 이동 - privacy violation으로 이동할 것,,Agentic,SRC-A-0028,RAI4-0044,REWRITE_KEEP|PEER_REVIEW|L3_AI_GROUNDING,"Bilingual definition grounded in an explicit AI technology, causal mechanism, and immutable L3 scope",L3_MASTER|NIST_AI_RMF|OECD_AI_PRINCIPLES|KOREA_AI_BASIC_ACT|L3_MASTER,,General,INSTRUCTION_PROMPT,G_SYS_CONTEXT,0.795649,L3_MASTER_AI_REWRITE
RAI4-0050,,,모델 공급망 전반의 책임 공백,Accountability gaps across the model supply chain,"다운 스트림 배포자가 업 스트림 모델·데이터·업데이트에 대한 충분한 통제권 없이 책임을 지게 되거나 개방형 가중치 재배포로 유해한 사용의 추적·통제가 어려워지는 등, 모델 공급망 전반에서 피해에 대한 책임이 추적·귀속되지 못하는 리스크.","The risk that responsibility for harm cannot be soundly traced or assigned across the model supply chain, whether because downstream deployers are held responsible without control over upstream models, data, and updates, or because open-weight redistribution makes harmful uses difficult to trace and govern.","다운스트림 배포자가 업스트림 모델·데이터·업데이트에 대한 충분한 통제권 없이 책임을 지게 되거나 개방형 가중치 재배포로 유해한 사용의 추적·통제가 어려워지는 등, 모델 공급망 전반에서 피해에 대한 책임이 추적·귀속되지 못하는 리스크.","The risk that responsibility for harm cannot be soundly traced or assigned across the model supply chain, whether because downstream deployers are held responsible without control over upstream models, data, and updates, or because open-weight redistribution makes harmful uses difficult to trace and govern.",False,False,,,,"General AI 로 재분류하고, L3 재매핑을 할것",,Agentic,SRC-A-0029,RAI4-0050,REWRITE_KEEP|PEER_REVIEW,Peer-review spacing restoration,L3_MASTER|NIST_AI_RMF|OECD_AI_PRINCIPLES|KOREA_AI_BASIC_ACT,,General,INSTRUCTION_PROMPT,G_SOC_GOV,0.698422,L3_MASTER_VALIDATED
RAI4-0071,,,모델 결함의 공개·변경 추적 실패,Failure of disclosure and change tracking for model flaws,"취약점·모델 실패·유해 역량이 안전하게 공개되어 후속 조치로 이어지지 못하고, 모델 버전·데이터·프롬프트의 변경이 충분히 추적되지 않아 결함이 방치되고 새로운 실패에 대한 책임이 귀속되지 못하는 리스크.","The risk that vulnerabilities, model failures, or harmful capabilities cannot be disclosed safely and acted upon, and that changes to model versions, data, or prompts are not tracked well enough to attribute new failures, leaving flaws unremedied and responsibility unassigned.","취약점·모델 실패·유해 역량이 안전하게 공개되어 후속 조치로 이어지지 못하고, 모델 버전·데이터·프롬 프트의 변경이 충분히 추적되지 않아 결함이 방치되고 새로운 실패에 대한 책임이 귀속되지 못하는 리스크.","The risk that vulnerabilities, model failures, or harmful capabilities cannot be disclosed safely and acted upon, and that changes to model versions, data, or prompts are not tracked well enough to attribute new failures, leaving flaws unremedied and responsibility unassigned.",False,False,,,,"General AI 로 재분류하고, L3 재매핑을 할것",,Agentic,SRC-A-0030,RAI4-0071,REWRITE_KEEP|PEER_REVIEW,Peer-review spacing restoration,L3_MASTER|NIST_AI_RMF|OECD_AI_PRINCIPLES|KOREA_AI_BASIC_ACT,,General,INSTRUCTION_PROMPT,G_SYS_EVAL,0.730061,L3_MASTER_VALIDATED
RAI4-0075,,,변경 관리 실패,Change-management failure,"AI 시스템 또는 AI 알고리즘의 설계·학습·배포·사용 과정이 시스템 업데이트가 적절한 위험 검토, 회귀 시험, 이해관계자 통지 없이 배포되는 리스크.","The risk that the design, training, deployment, or use of an AI system or AI algorithm creates a condition in which system updates are deployed without adequate risk review, regression testing, or stakeholder notification.","시스템 업데이트가 적절한 위험 검토, 회귀 시험, 이해관계자 통지 없이 배포되는 리스크.","The risk that system updates are deployed without adequate risk review, regression testing, or stakeholder notification.",False,False,,,,"General AI 로 재분류하고, L3 재매핑을 할것",,Agentic,SRC-A-0031,RAI4-0075,REWRITE_KEEP|PEER_REVIEW|L3_AI_GROUNDING,"Bilingual definition grounded in an explicit AI technology, causal mechanism, and immutable L3 scope",L3_MASTER|NIST_AI_RMF|OECD_AI_PRINCIPLES|KOREA_AI_BASIC_ACT|L3_MASTER,,General,INSTRUCTION_PROMPT,G_SYS_EVAL,0.740118,L3_MASTER_AI_REWRITE
RAI4-0280,,,가정 공간·취약 사용자 시나리오 누락,Missing domestic settings and vulnerable-user scenarios,가정용 에이전트 벤치마크가 특정 생활 공간·일과·가전제품·취약 사용자 상호 작용을 누락해 배포 위험이 시험되지 않은 채 남는 리스크.,"The risk that an AI system or AI algorithm, through design, training, deployment, or use, creates a condition in which a household-agent benchmark omits specific living areas, routines, appliances, or vulnerable-user interactions, leaving deployment risks untested.",가정용 에이전트 벤치마크가 특정 생활 공간·일과·가전제품·취약 사용자 상호작용을 누락해 배포 위험이 시험되지 않은 채 남는 리스크.,"The risk that a household-agent benchmark omits specific living areas, routines, appliances, or vulnerable-user interactions, leaving deployment risks untested.",False,False,,,,"Physical AI L1 로 재분류하고, L3 재매핑을 할것",,Agentic,SRC-A-0032,RAI4-0280,REWRITE_KEEP|PEER_REVIEW|L3_AI_GROUNDING,"Bilingual definition grounded in an explicit AI technology, causal mechanism, and immutable L3 scope",L3_MASTER|NIST_AI_RMF|OECD_AI_PRINCIPLES|KOREA_AI_BASIC_ACT|L3_MASTER,G_SYS_EVAL,General,IMMUTABLE_L3_SCOPE_ROUTE,G_SYS_EVAL,0.64939,L3_MASTER_AI_REWRITE
RAI4-0393,,,커뮤니티 가치 포착 실패,Community value capture failure,AI 시스템 또는 AI 알고리즘의 설계·학습·배포·사용 과정이 개발자가 배포 영향 공동체의 가치를 수집·문서화·보존하지 못하여 설계·평가 결정에 공동체 가치가 반영되지 않는 리스크.,"The risk that an AI system or AI algorithm, through design, training, deployment, or use, creates a condition in which developers fail to elicit, document, and preserve the values of communities affected by deployment, so community values are absent from design and evaluation decisions.",개발자가 배포 영향 공동체의 가치를 수집·문서화·보존하지 못하여 설계·평가 결정에 공동체 가치가 반영되지 않는 리스크,"Developers fail to elicit, document, and preserve the values of communities affected by deployment, so community values are absent from design and evaluation decisions.",False,False,,,,"General AI 로 재분류하고, L3 재매핑을 할것",,Agentic,SRC-A-0033,RAI4-0393,REWRITE_KEEP|PEER_REVIEW|L3_AI_GROUNDING,"Bilingual definition grounded in an explicit AI technology, causal mechanism, and immutable L3 scope",L3_MASTER|NIST_AI_RMF|OECD_AI_PRINCIPLES|KOREA_AI_BASIC_ACT|L3_MASTER,,General,INSTRUCTION_PROMPT,G_SYS_EVAL,0.71013,L3_MASTER_AI_REWRITE
RAI4-0011,,,에이전트 메모리·컨텍스트 오염,Agent memory and context poisoning,"공격자가 세션 요약, 임베딩, RAG 항목, 공유 컨 텍스트 상태부터 세션 간 장기 메모리 저장소에 이르는 에이전트의 보존·검색 가능한 컨 텍스트를 오염시켜, 오염된 기록이 지속되면서 이후의 검색·추론·계획·행동을 악의적이거나 오도하는 정보에 의존하게 만드는 리스크.","The risk that the goal pursuit, planning, tool use, or action of an AI agent creates a condition in which an adversary corrupts an agent's retained or retrievable context, whether session summaries, embeddings, RAG entries, shared contextual state, or long-term cross-session memory, so that poisoned records persist and bias later retrieval, reasoning, planning, and action toward malicious or misleading information.","공격자가 세션 요약, 임베딩, RAG 항목, 공유 컨텍스트 상태부터 세션 간 장기 메모리 저장소에 이르는 에이전트의 보존·검색 가능한 컨 텍스트를 오염시켜, 오염된 기록이 지속되면 서 이후의 검색·추론·계획·행동을 악의적이거 나 오도하는 정보에 의존하게 만드는 리스크.","The risk that an adversary corrupts an agent's retained or retrievable context, whether session summaries, embeddings, RAG entries, shared contextual state, or long-term cross-session memory, so that poisoned records persist and bias later retrieval, reasoning, planning, and action toward malicious or misleading information.",False,False,,,,,,Agentic,SRC-A-0034,RAI4-0011,REWRITE_KEEP|PEER_REVIEW|L3_AI_GROUNDING,"Bilingual definition grounded in an explicit AI technology, causal mechanism, and immutable L3 scope",L3_MASTER|NIST_AI_RMF|OECD_AI_PRINCIPLES|KOREA_AI_BASIC_ACT|L3_MASTER,,Agentic,SOURCE_DOMAIN,A_SYS_DECEPT,0.697367,L3_MASTER_AI_REWRITE
RAI4-0405,,,합성 데이터의 문화 고정관념 증폭,Synthetic-data cultural stereotype amplification,"학습이나 미세 조정을 위해 합성 데이터를 생성할 때, 소스 모델이나 시드 데이터에 이미 내재된 문화적 고정관념·협소한 가치 가정이 생성 과정에서 여과되지 않고 반복 재생산되며, 반복 생성·재학습 사이클을 거치면서 그 편향이 원본보다 더 강화되는 리스크.",The risk that synthetic data amplifies cultural stereotypes or narrow value assumptions already present in source models or seed data.,합성 데이터가 소스 모델이나 시드 데이터에 이미 존재하는 문화적 고정관념이나 협소한 가치 가정을 증폭시키는 리스크.,The risk that synthetic data amplifies cultural stereotypes or narrow value assumptions already present in source models or seed data.,True,False,,,,"General AI 로 재분류하고, L3 중에서는 합성 데이터 편향 관련 리스크 하위로 재매핑할 것",,Agentic,SRC-A-0035,RAI4-0405,REWRITE_KEEP|PEER_REVIEW,Peer-review spacing restoration,L3_MASTER|NIST_AI_RMF|OECD_AI_PRINCIPLES|KOREA_AI_BASIC_ACT,,General,INSTRUCTION_PROMPT,G_INT_REPR,0.698864,L3_MASTER_VALIDATED
RAI4-0438,,,검색 파이프라인 오염,Retrieval poisoning,악성 문서가 검색 파이프라인에 삽입되어 에이전트 또는 RAG 시스템의 출력에 영향을 미치는 리스크.,"The risk that the design, training, deployment, or use of an AI system or AI algorithm creates a condition in which malicious documents are inserted into retrieval pipelines to influence agentic or RAG outputs.",악성 문서가 검색 파이프라인에 삽입되어 에이전트 또는 RAG 시스템의 출력에 영향을 미 치는 리스크.,The risk that malicious documents are inserted into retrieval pipelines to influence agentic or RAG outputs.,False,False,,,,"General AI 로 재분류하고, L3 재매핑을 할것",,Agentic,SRC-A-0036,RAI4-0438,REWRITE_KEEP|PEER_REVIEW|L3_AI_GROUNDING,"Bilingual definition grounded in an explicit AI technology, causal mechanism, and immutable L3 scope",L3_MASTER|NIST_AI_RMF|OECD_AI_PRINCIPLES|KOREA_AI_BASIC_ACT|L3_MASTER,,General,INSTRUCTION_PROMPT,G_SYS_MISINFO,0.646457,L3_MASTER_AI_REWRITE
RAI4-1051,,,사회적 고정관념 재생산과 그에 따른 차별적 대우,Reproduction of social stereotypes and resulting discriminatory treatment,인터넷 규모의 텍스트로 학습된 언어 모델이 주변화된 집단에 대한 비하 표현과 사회적 고정관념을 습득하여 출력에 인코딩하고 재생산하는 리스크. 이렇게 인코딩된 고정 관념은 성별·종교·성적 지향·장애·연령 등 민감한 속성에 따른 차별적 대우와 자원 접근 격차로 이어진다로 인해 구체적인 위해가 발생하는 리스크.,"The risk that language models trained on internet-scale text learn demeaning language and social stereotypes about frequently marginalized groups and encode and reproduce them in their outputs. Those encoded stereotypes translate into differential treatment and unequal access to resources based on sensitive traits such as sex, religion, sexual orientation, disability, and age.",인터넷 규모의 텍스트로 학습된 언어모델이 주변화된 집단에 대한 비하 표현과 사회적 고 정관념을 습득하여 출력에 인코딩하고 재생 산하는 리스크. 이렇게 인코딩된 고정관념은 성별·종교·성적 지향·장애·연령 등 민감한 속 성에 따른 차별적 대우와 자원 접근 격차로 이 어진다.,"The risk that language models trained on internet-scale text learn demeaning language and social stereotypes about frequently marginalized groups and encode and reproduce them in their outputs. Those encoded stereotypes translate into differential treatment and unequal access to resources based on sensitive traits such as sex, religion, sexual orientation, disability, and age.",False,False,,,,"General AI 로 재분류하고, L3 재매핑을 할것",,Agentic,SRC-A-0037,RAI4-1051,REWRITE_KEEP|PEER_REVIEW,분량 초과: L3 수준 1문장으로 축약 필요,L3_MASTER|NIST_AI_RMF|OECD_AI_PRINCIPLES|KOREA_AI_BASIC_ACT,,General,INSTRUCTION_PROMPT,G_INT_REPR,0.747574,L3_MASTER_VALIDATED
RAI4-1061,,,고정관념 강화 페르소나 설계,Stereotype-reinforcing persona design,대화 에이전트가 언어 속 정체성 표지(예: 자신을 여성으로 지칭)나 성별화된 제품 명 등 설계 요소를 통해 비서 역할을 특정 성별과 본질적으로 결부시켜 유해한 고정관념을 영속시키는 리스크.,"The risk that the design, training, deployment, or use of an AI system or AI algorithm creates a condition in which conversational agents perpetuate harmful stereotypes through identity markers in language, such as referring to self as female, or general design features such as a gendered product name, presenting the assistant role as inherently linked to a gender or ethnicity.",대화 에이전트가 언어 속 정체성 표지(예: 자 신을 여성으로 지칭)나 성별화된 제품명 등 설 계 요소를 통해 비서 역할을 특정 성별과 본질적으로 결부시켜 유해한 고정관념을 영속시 키는 리스크.,"The risk that conversational agents perpetuate harmful stereotypes through identity markers in language, such as referring to self as female, or general design features such as a gendered product name, presenting the assistant role as inherently linked to a gender or ethnicity.",False,False,,,,"General AI 로 재분류하고, L3 재매핑을 할것",,Agentic,SRC-A-0038,RAI4-1061,REWRITE_KEEP|PEER_REVIEW|L3_AI_GROUNDING,"Bilingual definition grounded in an explicit AI technology, causal mechanism, and immutable L3 scope",L3_MASTER|NIST_AI_RMF|OECD_AI_PRINCIPLES|KOREA_AI_BASIC_ACT|L3_MASTER,,General,INSTRUCTION_PROMPT,G_INT_REPR,0.688906,L3_MASTER_AI_REWRITE
RAI4-1063,,,인지 편향 악용에 의한 기만,Deception by exploiting cognitive biases,"대화 에이전트가 인간이 대화에서 흔히 보이는 인지 편향을 유발하도록 학습하여, 상위 목표 달성을 위해 상대를 기만하는 리스크.","The risk that an AI agent, through goal pursuit, planning, tool use, or action, creates a condition in which conversational agents learn to trigger the well-known cognitive biases humans commonly display in conversation, deceiving their counterpart in order to achieve an overarching objective.","대화 에이전트가 인간이 대화에서 흔히 보이 는 인지 편향을 유발하도록 학습하여, 상위 목 표 달성을 위해 상대를 기만하는 리스크.","The risk that conversational agents learn to trigger the well-known cognitive biases humans commonly display in conversation, deceiving their counterpart in order to achieve an overarching objective.",False,False,,,,,,Agentic,SRC-A-0039,RAI4-1063,REWRITE_KEEP|PEER_REVIEW|L3_AI_GROUNDING,"Bilingual definition grounded in an explicit AI technology, causal mechanism, and immutable L3 scope",L3_MASTER|NIST_AI_RMF|OECD_AI_PRINCIPLES|KOREA_AI_BASIC_ACT|L3_MASTER,,Agentic,SOURCE_DOMAIN,A_SYS_DECEPT,0.781556,L3_MASTER_AI_REWRITE
RAI4-1554,,,멀티모달 딥페이크를 통한 괴롭힘·명예훼손·협박,"Harassment, defamation, and extortion via multimodal deepfakes",AI 시스템 또는 AI 알고리즘의 설계·학습·배포·사용 과정이 이미지·오디오·영상 등 다중 모달 리 티로 실존 또는 가상의 인물과 사건을 묘사하고 실존 인물의 말과 동작을 모사한 딥 페이크가 개인을 괴롭히고 명예를 훼손하며 위협·갈취하는 데 사용되는 리스크.,"The risk that the design, training, deployment, or use of an AI system or AI algorithm creates a condition in which deepfakes combining multiple modalities to depict real or nonexistent people and events, including imitation of real people's speech and body movements, are used to harass, discredit, intimidate, and extort individuals.",이미지·오디오·영상 등 다중 모달리티로 실존 또는 가상의 인물과 사건을 묘사하고 실존 인 물의 말과 동작을 모사한 딥페이크가 개인을 괴롭히고 명예를 훼손하며 위협·갈취하는 데 사용되는 리스크.,"The risk that deepfakes combining multiple modalities to depict real or nonexistent people and events, including imitation of real people's speech and body movements, are used to harass, discredit, intimidate, and extort individuals.",False,False,,,,"General AI 로 재분류하고, L3 재매핑을 할것",,Agentic,SRC-A-0040,RAI4-1554,REWRITE_KEEP|PEER_REVIEW|L3_AI_GROUNDING,"Bilingual definition grounded in an explicit AI technology, causal mechanism, and immutable L3 scope",L3_MASTER|NIST_AI_RMF|OECD_AI_PRINCIPLES|KOREA_AI_BASIC_ACT|L3_MASTER,,General,INSTRUCTION_PROMPT,G_INT_UNETH,0.659277,L3_MASTER_AI_REWRITE
RAI4-1647,,,어포던스 부여에 의한 에이전트 실패 영향 확대,Amplified failure impact from affordances granted to LLM-agents,"웹 탐색, 물리 객체 조작, 자기 복제 본 생성·지시, 새로운 도구 제작 등 새로운 어포던스가 LLM 에이전트에 부여되어 영향 범위가 확대되고 실패의 결과가 증폭되며 새로운 실패 양식이 발생하는 리스크.","The risk that the goal pursuit, planning, tool use, or action of an AI agent creates a condition in which novel affordances granted to LLM-agents, such as browsing the web, manipulating physical objects, creating and instructing copies of itself, or creating and using new tools, increase their impact area, amplify the consequences of failures, and enable novel failure modes.","웹 탐색, 물리 객체 조작, 자기 복제본 생성·지 시, 새로운 도구 제작 등 새로운 어포던스가 LLM 에이전트에 부여되어 영향 범위가 확대 되고 실패의 결과가 증폭되며 새로운 실패 양 식이 발생하는 리스크.","The risk that novel affordances granted to LLM-agents, such as browsing the web, manipulating physical objects, creating and instructing copies of itself, or creating and using new tools, increase their impact area, amplify the consequences of failures, and enable novel failure modes.",False,False,,,,,,Agentic,SRC-A-0041,RAI4-1647,REWRITE_KEEP|PEER_REVIEW|L3_AI_GROUNDING,"Bilingual definition grounded in an explicit AI technology, causal mechanism, and immutable L3 scope",L3_MASTER|NIST_AI_RMF|OECD_AI_PRINCIPLES|KOREA_AI_BASIC_ACT|L3_MASTER,,Agentic,SOURCE_DOMAIN,A_SYS_SELFCOR,0.679996,L3_MASTER_AI_REWRITE
RAI4-0250,,,배포 조건 간 휴머노이드 행동 불안정,Unstable humanoid behavior across deployment conditions,한 시뮬레이터나 시험 조건에서 안정적인 휴머노이드 정책이 난 수 시드·시뮬레이터·하드웨어·배포 환경이 바뀌면 행동이 크게 달라지는 위험.,"The risk that a humanoid policy that is stable in one simulator or test setting changes materially across random seeds, simulators, hardware, or deployment environments.",한 시뮬레이터나 시험 조건에서 안정적인 휴 머노이드 정책이 난수 시드·시뮬레이터·하드 웨어·배포 환경이 바뀌면 행동이 크게 달라지 는 위험.,"A humanoid policy that is stable in one simulator or test setting changes materially across random seeds, simulators, hardware, or deployment environments.",False,False,,,,"Physical AI L1 로 재분류하고, L3 재매핑을 할것",,Agentic,SRC-A-0042,RAI4-0250,REWRITE_KEEP|PEER_REVIEW,Peer-review spacing restoration,L3_MASTER|NIST_AI_RMF|OECD_AI_PRINCIPLES|KOREA_AI_BASIC_ACT,,Physical,INSTRUCTION_PROMPT,P_SYS_CONTROL,0.660519,L3_MASTER_VALIDATED
RAI4-0294,,,원격 조작 지연 및 불안정성,Teleoperation latency and instability,AI 에이전트의 목표 추구·계획·도구 사용·행동 과정이 원격 조작 링크의 높거나 변동하는 지연이 폐 루프 제어를 불안정하게하거나 인간 개입을 지연하는 위험.,"The risk that the goal pursuit, planning, tool use, or action of an AI agent creates a condition in which high or variable latency on a teleoperation link destabilizes control or delays human intervention.",원격 조작 링크의 높거나 변동하는 지연이 폐 루프 제어를 불안정하게 하거나 인간 개입을 지연하는 위험.,High or variable latency on a teleoperation link destabilizes control or delays human intervention.,False,False,,,,,,Agentic,SRC-A-0043,RAI4-0294,REWRITE_KEEP|PEER_REVIEW|L3_AI_GROUNDING,"Bilingual definition grounded in an explicit AI technology, causal mechanism, and immutable L3 scope",L3_MASTER|NIST_AI_RMF|OECD_AI_PRINCIPLES|KOREA_AI_BASIC_ACT|L3_MASTER,,Agentic,SOURCE_DOMAIN,A_INT_CASCADE,0.714666,L3_MASTER_AI_REWRITE
RAI4-0561,,,혼돈적 다중 에이전트 동역학,Chaotic multi-agent dynamics,다중 에이전트 학습 환경에서 초기 조건에 극도로 민감한 혼돈적 동역학이 나타나고 에이전트 수가 늘수록 일반화되어 시스템 거동을 신뢰성 있게 예측할 수 없게되는 리스크.,"The risk that an AI agent, through goal pursuit, planning, tool use, or action, creates a condition in which chaotic dynamics, inherently unpredictable and highly sensitive to initial conditions, arise in multi-agent learning setups and become the norm as the number of agents increases, making system behaviour unreliable to predict.",다중 에이전트 학습 환경에서 초기 조건에 극도로 민감한 혼돈적 동역학이 나타나고 에이전트 수가 늘수록 일반화되어 시스템 거동을 신뢰성 있게 예측할 수 없게되는 리스크,"The risk that chaotic dynamics, inherently unpredictable and highly sensitive to initial conditions, arise in multi-agent learning setups and become the norm as the number of agents increases, making system behaviour unreliable to predict.",False,False,,,,,,Agentic,SRC-A-0044,RAI4-0561,REWRITE_KEEP|PEER_REVIEW|L3_AI_GROUNDING,"Bilingual definition grounded in an explicit AI technology, causal mechanism, and immutable L3 scope",L3_MASTER|NIST_AI_RMF|OECD_AI_PRINCIPLES|KOREA_AI_BASIC_ACT|L3_MASTER,,Agentic,SOURCE_DOMAIN,A_INT_CASCADE,0.710152,L3_MASTER_AI_REWRITE
RAI4-0567,,,다중 에이전트 학습의 비수렴 순환,Non-convergent cyclic dynamics in multi-agent learning,단일 에이전트에서는 최적 정책 수렴이 보장되는 학습 규칙이 혼합 동기 다중 에이전트 환경에서는 순환과 비수렴을 유발하여 시스템에 기대되던 성질이 훼손되는 리스크.,"The risk that an AI agent, through goal pursuit, planning, tool use, or action, creates a condition in which learning rules guaranteeing convergence for a single agent instead produce cycles and non-convergence in mixed-motive multi-agent settings, subverting the expected or desirable properties of the system.",단일 에이전트에서는 최적 정책 수렴이 보장되는 학습 규칙이 혼합동기 다중 에이전트 환경에서는 순환과 비수렴을 유발하여 시스템에 기대되던 성질이 훼손되는 리스크,"The risk that learning rules guaranteeing convergence for a single agent instead produce cycles and non-convergence in mixed-motive multi-agent settings, subverting the expected or desirable properties of the system.",False,False,,,,,,Agentic,SRC-A-0045,RAI4-0567,REWRITE_KEEP|PEER_REVIEW|L3_AI_GROUNDING,"Bilingual definition grounded in an explicit AI technology, causal mechanism, and immutable L3 scope",L3_MASTER|NIST_AI_RMF|OECD_AI_PRINCIPLES|KOREA_AI_BASIC_ACT|L3_MASTER,,Agentic,SOURCE_DOMAIN,A_INT_CONFLICT,0.730768,L3_MASTER_AI_REWRITE
RAI4-0574,,,다중 에이전트 환경 변화에 따른 협조 실패,Coordination failure under multi-agent distribution shift,협력하려는 AI 에이전트들이 서로의 행동과 적응으로 변화한 배포 환경에서 상대의 상태·전략·행동을 신뢰성 있게 조정하지 못해 협력이 실패하고 집단적으로 나쁜 결과에 이르는 리스크.,"The risk that AI agents intending to cooperate cannot reliably coordinate their states, strategies, or actions after one another's behaviour and adaptation shift the deployment environment, causing cooperation to fail and producing collectively poor outcomes.","다른 에이전트의 행동과 적응으로 배포 맥락이 학습 맥락과 달라져 개별 기계학습 시스템의 성능이 저하되고, 혼합동기 환경에서는 협력의 기반까지 훼손되는 리스크","The risk that other agents' actions and adaptations shift the deployment context away from the training context, degrading individual ML system performance and, in mixed-motive settings, undermining the basis for cooperation.",False,False,,,,,,Agentic,SRC-A-0046,RAI4-0574,REWRITE_KEEP|PEER_REVIEW|L3_MASTER_SCOPE_REWRITE,"Definition narrowed to the subject, mechanism, and adverse outcome of the immutable L3 master",L3_MASTER|NIST_AI_RMF|OECD_AI_PRINCIPLES|KOREA_AI_BASIC_ACT,A_INT_COORD,Agentic,SOURCE_DOMAIN,A_INT_COORD,0.87076,L3_MASTER_VALIDATED
RAI4-0579,,,에이전트 상호작용의 불안정화 피드백 루프,Destabilizing feedback loops among interacting agents,"에이전트의 행동이 환경과 다른 에이전트에 영향을 주고 다시 자신의 입력으로 되돌아오는 적응형 에이전트 간 피드백 루프가 시스템 수준의 거동을 증폭하여, 금융 급락형 연쇄, 군사 충돌, 생태 재난과 같은 불안정화 결과를 초래하는 리스크.","The risk that the goal pursuit, planning, tool use, or action of an AI agent creates a condition in which feedback loops among adaptive agents, in which actions affect the environment and other agents and return as the agents' own inputs, amplify system-level behavior into destabilizing outcomes such as flash-crash-like cascades, financial crashes, military conflicts, or ecological disasters.","에이전트의 행동이 환경과 다른 에이전트에 영향을 주고 다시 자신의 입력으로 되돌아오는 적응형 에이전트 간 피드백 루프가 시스템 수준의 거동을 증폭하여, 금융 급락형 연쇄, 군사 충돌, 생태 재난과 같은 불안정화 결과를 초래하는 리스크.","The risk that feedback loops among adaptive agents, in which actions affect the environment and other agents and return as the agents' own inputs, amplify system-level behavior into destabilizing outcomes such as flash-crash-like cascades, financial crashes, military conflicts, or ecological disasters.",False,False,,,,,,Agentic,SRC-A-0047,RAI4-0579,REWRITE_KEEP|PEER_REVIEW|L3_AI_GROUNDING,"Bilingual definition grounded in an explicit AI technology, causal mechanism, and immutable L3 scope",L3_MASTER|NIST_AI_RMF|OECD_AI_PRINCIPLES|KOREA_AI_BASIC_ACT|L3_MASTER,,Agentic,SOURCE_DOMAIN,A_INT_CASCADE,0.816704,L3_MASTER_AI_REWRITE
RAI4-1574,,,다중에이전트 상전이에 의한 급격한 성능 붕괴,Abrupt performance collapse from phase transitions in multi-agent systems,신규 에이전트 투입이나 분포 변화 같은 작은 외부 변화가 다중 에이전트 시스템의상 전이를 유발하여 균형의 수와 안정성이 급변하고 예측 불가능한 동역학과 성능 악화가 초래되는 리스크.,"The risk that an AI agent, through goal pursuit, planning, tool use, or action, creates a condition in which small external changes such as the introduction of new agents or distributional shift trigger phase transitions in multi-agent systems, abruptly changing the number and stability of equilibria and producing unpredictable dynamics and severe performance degradation.",신규 에이전트 투입이나 분포 변화 같은 작은 외부 변화가 다중 에이전트 시스템의 상전이를 유발하여 균형의 수와 안정성이 급변하고 예측 불가능한 동역학과 성능 악화가 초래되는 리스크.,"The risk that small external changes such as the introduction of new agents or distributional shift trigger phase transitions in multi-agent systems, abruptly changing the number and stability of equilibria and producing unpredictable dynamics and severe performance degradation.",False,False,,,,,,Agentic,SRC-A-0048,RAI4-1574,REWRITE_KEEP|PEER_REVIEW|L3_AI_GROUNDING,"Bilingual definition grounded in an explicit AI technology, causal mechanism, and immutable L3 scope",L3_MASTER|NIST_AI_RMF|OECD_AI_PRINCIPLES|KOREA_AI_BASIC_ACT|L3_MASTER,,Agentic,SOURCE_DOMAIN,A_INT_CASCADE,0.71668,L3_MASTER_AI_REWRITE
RAI4-0040,,,벤치마크 안전 순위 불일치,Benchmark safety ranking inconsistency,서로 다른 에이전트 안전 벤치마크가 위험과 평가 절차를 다르게 조작화하여 상충하는 모델 안전 순위를 산출하는 리스크.,The risk that different agent-safety benchmarks produce conflicting model safety rankings because they operationalize risks and evaluation procedures differently.,서로 다른 에이전트 안전 벤치마크가 위험과 평가 절차를 다르게 조작화하여 상충하는 모델 안전 순위를 산출하는 리스크.,The risk that different agent-safety benchmarks produce conflicting model safety rankings because they operationalize risks and evaluation procedures differently.,False,False,,,,,,Agentic,SRC-A-0049,RAI4-0040,REWRITE_KEEP|PEER_REVIEW,Peer-review spacing restoration,L3_MASTER|NIST_AI_RMF|OECD_AI_PRINCIPLES|KOREA_AI_BASIC_ACT,,Agentic,SOURCE_DOMAIN,A_INT_CONFLICT,0.727916,L3_MASTER_VALIDATED
RAI4-0263,,,가정 작업 벤치마크의 희귀 조건 조합 누락,Missing rare combinations in household task benchmarks,AI 시스템 또는 AI 알고리즘의 설계·학습·배포·사용 과정이 가정용 벤치마크가 물체·배치·인간 행동·위험 요소를 개별적으로는 포함하지만 이들의 희귀한 조합을 누락하는 위험.,"The risk that an AI system or AI algorithm, through design, training, deployment, or use, creates a condition in which a household benchmark omits rare combinations of objects, layouts, human actions, and hazards even though each factor appears separately in the test set.",가정용 벤치마크가 물체·배치·인간 행동·위험 요소를 개별적으로는 포함하지만 이들의 희귀한 조합을 누락하는 위험.,"A household benchmark omits rare combinations of objects, layouts, human actions, and hazards even though each factor appears separately in the test set.",False,False,,,,"Physical AI L1 로 재분류하고, L3 재매핑을 할것",,Agentic,SRC-A-0050,RAI4-0263,REWRITE_KEEP|PEER_REVIEW|L3_AI_GROUNDING,"Bilingual definition grounded in an explicit AI technology, causal mechanism, and immutable L3 scope",L3_MASTER|NIST_AI_RMF|OECD_AI_PRINCIPLES|KOREA_AI_BASIC_ACT|L3_MASTER,G_SYS_EVAL,General,IMMUTABLE_L3_SCOPE_ROUTE,G_SYS_EVAL,0.596579,L3_MASTER_AI_REWRITE
RAI4-0272,,,다양한 이용자와 희귀 위해를 배제한 AI 벤치마크,AI benchmarks that exclude diverse users and rare harms,AI 시스템 평가용 벤치마크가 대표적 과제와 환경에 편중되어 과소 대표 이용자·지역 고유 맥락·희귀하지만 안전에 중대한 위해를 충분히 포함하지 못함으로써 잘못된 안전성 확신과 부적절한 배포 결정을 초래하는 리스크.,"The risk that benchmarks used to evaluate an AI system overrepresent common tasks and environments while omitting underrepresented users, locally specific contexts, or rare but safety-critical harms, producing false assurance and unsafe deployment decisions.",벤치마크 큐레이션이 인기 있는 작업·환경을 우선하고 과소대표 사용자나 지역 특유 피해가 포함된 안전 임계 시나리오를 제외하는 리스크.,The risk that benchmark curation prioritizes popular tasks and environments while excluding safety-critical scenarios involving underrepresented users or locally specific harms.,False,False,,,,"General AI 로 재분류하고, L3 재매핑을 할것",,Agentic,SRC-A-0051,RAI4-0272,REWRITE_KEEP|PEER_REVIEW|L3_MASTER_SCOPE_REWRITE,"Definition narrowed to the subject, mechanism, and adverse outcome of the immutable L3 master",L3_MASTER|NIST_AI_RMF|OECD_AI_PRINCIPLES|KOREA_AI_BASIC_ACT,G_SYS_EVAL,General,INSTRUCTION_PROMPT,G_SYS_EVAL,0.74393,L3_MASTER_VALIDATED
RAI4-0472,,,벤치마크 조작(gaming),Benchmark gaming,개발자나 모델이 벤치마크 평가에 과적합하여 실제 역량이나 안전성의 향상 없이 측정 점수만 개선하는 리스크.,"The risk that developers or models overfit to benchmark evaluations, improving measured scores without corresponding gains in real-world capability or safety.",개발자나 모델이 벤치마크 평가에 과적합하여 실제 역량이나 안전성의 향상 없이 측정 점수만 개선하는 리스크,"Developers or models overfit to benchmark evaluations, improving measured scores without corresponding gains in real-world capability or safety.",False,False,,,,,,Agentic,SRC-A-0052,RAI4-0472,REWRITE_KEEP|PEER_REVIEW,Peer-review spacing restoration,L3_MASTER|NIST_AI_RMF|OECD_AI_PRINCIPLES|KOREA_AI_BASIC_ACT,G_SYS_EVAL,General,IMMUTABLE_L3_SCOPE_ROUTE,G_SYS_EVAL,0.683411,L3_MASTER_VALIDATED
RAI4-1432,,,단일 실패 지점,Single point of failure,"치열한 경쟁으로 한 기업이 기술적 우위를 확보해 그 모델이 다수의 핵심 시스템을 제어하거나 이를 제어하는 다른 모델의 기반이 되고, 안전성·통제 가능성 결여와 오용으로 이러한 시스템이 예기치 않게 실패하는 리스크.","The risk that intense competition leads one company to gain a technical edge and exploit it to the point that its model controls, or is the basis for other models controlling, multiple key systems, and that lack of safety, controllability, and misuse cause these systems to fail in unexpected ways.","치열한 경쟁으로 한 기업이 기술적 우위를 확 보해 그 모델이 다수의 핵심 시스템을 제어하거나 이를 제어하는 다른 모델의 기반이 되고, 안전성·통제가능성 결여와 오용으로 이러한 시스템이 예기치 않게 실패하는 리스크.","The risk that intense competition leads one company to gain a technical edge and exploit it to the point that its model controls, or is the basis for other models controlling, multiple key systems, and that lack of safety, controllability, and misuse cause these systems to fail in unexpected ways.",False,False,,,,,,Agentic,SRC-A-0053,RAI4-1432,REWRITE_KEEP|PEER_REVIEW,Peer-review spacing restoration,L3_MASTER|NIST_AI_RMF|OECD_AI_PRINCIPLES|KOREA_AI_BASIC_ACT,,Agentic,SOURCE_DOMAIN,A_INT_COORD,0.740507,L3_MASTER_VALIDATED
RAI4-1436,,,시장 독점,Market monopolisation,AI 에이전트의 목표 추구·계획·도구 사용·행동 과정이 가격 통제를 통해 시장 지배력이 남용되어 경쟁이 제한되고 불공정한 진입 장벽이 조성되는 리스크.,"The risk that an AI system causes, enables, or contributes to abuse of market power through the control of prices, thereby limiting competition and creating unfair barriers to entry.",가격 통제를 통해 시장 지배력이 남용되어 경쟁이 제한되고 불공정한 진입 장벽이 조성되는 리스크.,"The risk of abuse of market power through the control of prices, thereby limiting competition and creating unfair barriers to entry.",False,False,,,,,,Agentic,SRC-A-0054,RAI4-1436,REWRITE_KEEP|PEER_REVIEW|L3_AI_GROUNDING,"Bilingual definition grounded in an explicit AI technology, causal mechanism, and immutable L3 scope",L3_MASTER|NIST_AI_RMF|OECD_AI_PRINCIPLES|KOREA_AI_BASIC_ACT|L3_MASTER,,Agentic,SOURCE_DOMAIN,A_INT_CONFLICT,0.704788,L3_MASTER_AI_REWRITE
RAI4-1571,,,경쟁적 다중에이전트 훈련의 갈등 유발 성향 선택,Selection of conflict-prone dispositions under competitive multi-agent training,에이전트가 상대적 성과나 상충하는 목표로 평가되는 경쟁적 다중 에이전트 환경에서 훈련될 때 복수심·공격성·위험 추구·이기심·기만·외 집단 적대와 같은 갈등 유발 성향이 선택되는 리스크.,"The risk that an AI agent, through goal pursuit, planning, tool use, or action, creates a condition in which training in competitive multi-agent settings, where systems are selected on relative performance or fundamentally opposed objectives, selects for conflict-prone dispositions such as vengefulness, aggression, risk-seeking, selfishness, deception, and spite toward out-groups.",에이전트가 상대적 성과나 상충하는 목표로 평가되는 경쟁적 다중에이전트 환경에서 훈련될 때 복수심·공격성·위험추구·이기심·기만·외집단 적대와 같은 갈등 유발 성향이 선택되는 리스크.,"The risk that training in competitive multiagent settings, where systems are selected on relative performance or fundamentally opposed objectives, selects for conflict-prone dispositions such as vengefulness, aggression, risk-seeking, selfishness, deception, and spite toward out-groups.",False,False,,,,,,Agentic,SRC-A-0055,RAI4-1571,REWRITE_KEEP|PEER_REVIEW|L3_AI_GROUNDING,"Bilingual definition grounded in an explicit AI technology, causal mechanism, and immutable L3 scope",L3_MASTER|NIST_AI_RMF|OECD_AI_PRINCIPLES|KOREA_AI_BASIC_ACT|L3_MASTER,,Agentic,SOURCE_DOMAIN,A_INT_CONFLICT,0.797349,L3_MASTER_AI_REWRITE
RAI4-1681,,,선택 압력에 의한 유해 균형으로의 적응 가속,Accelerated adaptation toward harmful equilibria under selection pressure,상호 작용하는 에이전트 간의 경쟁 또는 최적화 압력이 유해한 균형이나 바람직하지 않은 행동으로의 적응을 가속하는 리스크.,"The risk that the goal pursuit, planning, tool use, or action of an AI agent creates a condition in which competitive or optimization pressures across interacting agents accelerate adaptation toward harmful equilibria or undesired behaviors.",상호작용하는 에이전트 간의 경쟁 또는 최적 화 압력이 유해한 균형이나 바람직하지 않은 행동으로의 적응을 가속하는 리스크.,The risk that competitive or optimization pressures across interacting agents accelerate adaptation toward harmful equilibria or undesired behaviors.,False,False,,,,,,Agentic,SRC-A-0056,RAI4-1681,REWRITE_KEEP|PEER_REVIEW|L3_AI_GROUNDING,"Bilingual definition grounded in an explicit AI technology, causal mechanism, and immutable L3 scope",L3_MASTER|NIST_AI_RMF|OECD_AI_PRINCIPLES|KOREA_AI_BASIC_ACT|L3_MASTER,,Agentic,SOURCE_DOMAIN,A_INT_CONFLICT,0.777732,L3_MASTER_AI_REWRITE
RAI4-0009,,,다중 에이전트 시스템 실패와 연쇄 오류 전파,Multi-agent system failure and cascading error propagation,"잘못된 명세나 역할 배정, 에이전트 간 조정·통신 붕괴, 검증·종료 처리 미흡 또는 개별 에이전트의 오류·손상이 통신, 위임 체인, 공유 메모리, 도구 등 의존성을 통해 전파·증폭되어 시스템 전반의 실패, 운영 중단, 보안 침해, 물리적 피해로 이어지는 리스크.","The risk that the goal pursuit, planning, tool use, or action of an AI agent creates a condition in which flawed specifications or role allocation, breakdowns in inter-agent coordination and communication, inadequate verification or termination handling, or a localized error or compromise propagates through dependencies among agents, tools, delegation chains, and shared memory, amplifying into system-wide failure, operational disruption, security compromise, or physical harm.","잘못된 명세나 역할 배정, 에이전트 간 조정·통신 붕괴, 검증·종료 처리 미흡 또는 개별 에이전트의 오류·손상이 통신, 위임 체인, 공유 메모리, 도구 등 의존성을 통해 전파·증폭되어 시스템 전반의 실패, 운영 중단, 보안 침해, 물리적 피해로 이어지는 리스크.","The risk that flawed specifications or role allocation, breakdowns in inter-agent coordination and communication, inadequate verification or termination handling, or a localized error or compromise propagates through dependencies among agents, tools, delegation chains, and shared memory, amplifying into system-wide failure, operational disruption, security compromise, or physical harm.",False,False,,,,,,Agentic,SRC-A-0057,RAI4-0009,REWRITE_KEEP|PEER_REVIEW|L3_AI_GROUNDING,"Bilingual definition grounded in an explicit AI technology, causal mechanism, and immutable L3 scope",L3_MASTER|NIST_AI_RMF|OECD_AI_PRINCIPLES|KOREA_AI_BASIC_ACT|L3_MASTER,,Agentic,SOURCE_DOMAIN,A_INT_CASCADE,0.832723,L3_MASTER_AI_REWRITE
RAI4-0483,,,AI 에이전트 간 창발적 공모,Emergent collusion among AI agents,"시장·플랫폼의 AI 에이전트가 개발자가 의도하지 않았음에도 공모가 수익성 있는 전략임을 학습하고, 속도·규모·복잡성·교묘함 때문에 파악하기 어려운 공모 행위를 실행하여, 경쟁을 저해하고 소비자에게 피해를 주는 리스크.","The risk that AI agents in markets and platforms learn that collusion is a profitable strategy even when unintended by their developers, enacting collusive behavior whose speed, scale, complexity, or subtlety makes it inscrutable, undermining competition and harming consumers.","시장·플랫폼의 AI 에이전트가 개발자가 의도하지 않았음에도 공모가 수익성 있는 전략임 을 학습하고, 속도·규모·복잡성·교묘함 때문에 파악하기 어려운 공모 행위를 실행하여, 경쟁을 저해하고 소비자에게 피해를 주는 리스크.","The risk that AI agents in markets and platforms learn that collusion is a profitable strategy even when unintended by their developers, enacting collusive behavior whose speed, scale, complexity, or subtlety makes it inscrutable, undermining competition and harming consumers.",False,False,,,,,,Agentic,SRC-A-0058,RAI4-0483,REWRITE_KEEP|PEER_REVIEW,Peer-review spacing restoration,L3_MASTER|NIST_AI_RMF|OECD_AI_PRINCIPLES|KOREA_AI_BASIC_ACT,,Agentic,SOURCE_DOMAIN,A_INT_COLLUSION,0.759543,L3_MASTER_VALIDATED
RAI4-0583,,,다중 에이전트 역량 결합에 의한 안전장치 우회,Safeguard bypass through combined multi-agent capabilities,여러 AI 에이전트가 서로 다른 도구 접근 권한과 역량을 결합하여 개별 에이전트에 적용된 안전 장치를 우회하고 무단 행동이나 시스템 침해를 가능하게하는 리스크.,"The risk that multiple AI agents combine distinct tool permissions and capabilities to bypass safeguards applied to each agent, enabling unauthorised actions or system compromise.","서로 다른 어포던스와 접근 권한을 가진 복수의 에이전트가 역량을 결합하여 안전장치를 우회하고, 분산·이질 네트워크에서 책임 귀속 이 어려워 적시 방어와 복구가 곤란해지는 리스크","The risk that multiple agents combine different affordances to overcome safeguards, while the difficulty of attributing responsibility across diffuse, heterogeneous agent networks complicates timely defence and recovery.",False,False,,,,,,Agentic,SRC-A-0059,RAI4-0583,REWRITE_KEEP|PEER_REVIEW|L3_MASTER_SCOPE_REWRITE,"Definition narrowed to the subject, mechanism, and adverse outcome of the immutable L3 master",L3_MASTER|NIST_AI_RMF|OECD_AI_PRINCIPLES|KOREA_AI_BASIC_ACT,G_SYS_SECADV,General,IMMUTABLE_L3_SCOPE_ROUTE,G_SYS_SECADV,0.719037,L3_MASTER_VALIDATED
RAI4-0589,,,전략 비양립에 따른 조정 실패,Miscoordination from incompatible strategies,"여러 에이전트가 각각 개별적으로는 합리적인 전략을 선택했음에도, 서로 다른 균형(equilibrium)을 선택하여 전략이 맞물리지 않아 조정에 실패하는 리스크. 동일하게 타당한 해법이 다수 존재하는 환경, 에이전트 간 이해관계가 부분적으로만 일치하는 환경, 서로의 상태·선택을 실시간으로 관측할 수 없는 환경일수록 이러한 실패가 심화됨로 인해 구체적인 위해가 발생하는 리스크.","The risk that an AI agent, through goal pursuit, planning, tool use, or action, creates a condition in which multiple agents, each individually selecting a locally rational strategy, fail to coordinate because they converge on different equilibria that do not mesh with one another. This failure is amplified in environments with multiple equally valid solutions, only partially aligned incentives among agents, and limited real-time visibility into other agents' states or choices.","개별적으로는 잘 작동하는 에이전트들이 상 호 양립하지 않는 전략을 선택하여 조정에 실패하고, 다수의 비양립 해가 존재하는 공통이 익·혼합동기 환경과 부분 관측 환경에서 이러 한 실패가 심화되는 리스크","The risk that agents able to perform well in isolation choose incompatible strategies and miscoordinate, worsened in commoninterest and mixed-motive settings that allow vast numbers of mutually incompatible solutions and in partially observable environments.",True,True,,,,Coordination Failure L3 로 재배치 할 것,,Agentic,SRC-A-0060,RAI4-0589,REWRITE_KEEP|PEER_REVIEW|L3_AI_GROUNDING,"Bilingual definition grounded in an explicit AI technology, causal mechanism, and immutable L3 scope",L3_MASTER|NIST_AI_RMF|OECD_AI_PRINCIPLES|KOREA_AI_BASIC_ACT|L3_MASTER,,Agentic,SOURCE_DOMAIN,A_INT_COORD,0.827009,L3_MASTER_AI_REWRITE
RAI4-0598,,,상호작용 이력 부재에 따른 조정 실패,Zero-shot coordination failure,"에이전트가 관련 상대 에이전트와의 과거 상호 작용 이력이 없거나 제한적이어서 상대의 행동 패턴을 학습할 수 없는 상황에서, 즉각적인 판단이 요구되거나 사전 협의를 위한 통신 비용이 과도하여 사인을 주고받을 여유가 없을 때, 에이전트들이 행동을 신뢰성 있게 조정하지 못하는 리스크.","The risk that an AI agent, through goal pursuit, planning, tool use, or action, creates a condition in which agents fail to reliably coordinate their actions when they have little or no prior interaction history with the counterpart agents to learn behavioral patterns from, particularly under conditions that demand immediate decisions or where the cost of communicating to negotiate a shared plan in advance is prohibitively high.","관련 에이전트와의 과거 상호작용으로부터 학습할 수 없거나 상호작용이 제한되고 즉각 적 판단이 요구되거나 통신 비용이 과도한 상황에서, 에이전트들이 행동을 신뢰성 있게 조정하지 못하는 리스크","The risk that agents unable to learn from historical interactions with relevant agents, and facing split-second decisions or prohibitively costly communication, fail to coordinate their actions reliably.",True,True,,,,Coordination Failure L3 로 재배치 할 것,,Agentic,SRC-A-0061,RAI4-0598,REWRITE_KEEP|PEER_REVIEW|L3_AI_GROUNDING,"Bilingual definition grounded in an explicit AI technology, causal mechanism, and immutable L3 scope",L3_MASTER|NIST_AI_RMF|OECD_AI_PRINCIPLES|KOREA_AI_BASIC_ACT|L3_MASTER,,Agentic,SOURCE_DOMAIN,A_INT_COORD,0.797413,L3_MASTER_AI_REWRITE
RAI4-0605,,,다중 에이전트 은밀 공모,Covert multi-agent collusion,"복수 에이전트가 공동 이익을 극대화하기 위해 은밀한 수단과 감시 회피용 전용 통신 규약으로 행동을 조율하여 제3자 이익을 침해하고 규제를 회피하며, 개별 안전 제약에도 불구하고 시장 조작이나 연쇄 실패처럼 탐지와 완화가 어려운 시스템적 위험을 유발하는 리스크.","The risk that the goal pursuit, planning, tool use, or action of an AI agent creates a condition in which multiple agents coordinate actions through covert means, including specialized communication protocols to avoid monitoring, to maximize common interests while harming third-party interests and evading regulation, triggering systemic risks such as market manipulation or cascading failures that are difficult to detect and mitigate despite individual safety constraints.","복수 에이전트가 공동 이익을 극대화하기 위 해 은밀한 수단과 감시 회피용 전용 통신 규약 으로 행동을 조율하여 제3자 이익을 침해하고 규제를 회피하며, 개별 안전 제약에도 불구하고 시장 조작이나 연쇄 실패처럼 탐지와 완화가 어려운 시스템적 위험을 유발하는 리스크","The risk that multiple agents coordinate actions through covert means, including specialized communication protocols to avoid monitoring, to maximize common interests while harming third-party interests and evading regulation, triggering systemic risks such as market manipulation or cascading failures that are difficult to detect and mitigate despite individual safety constraints.",False,False,,,,,,Agentic,SRC-A-0062,RAI4-0605,REWRITE_KEEP|PEER_REVIEW|L3_AI_GROUNDING,"Bilingual definition grounded in an explicit AI technology, causal mechanism, and immutable L3 scope",L3_MASTER|NIST_AI_RMF|OECD_AI_PRINCIPLES|KOREA_AI_BASIC_ACT|L3_MASTER,,Agentic,SOURCE_DOMAIN,A_INT_COLLUSION,0.811418,L3_MASTER_AI_REWRITE
RAI4-1400,,,익명 자원 획득,Anonymous resource acquisition,"에이전트가 신원이 검증되지 않은 익명 상태로 온라인상에서 자금, 컴퓨팅 자원, 계정, 데이터 등을 지속적으로 축적할 수 있어, 자원 축적의 주체를 추적하거나 그 목적과 결과에 대한 책임을 귀속시킬 수 없는 상태로 자원이 누적되는 리스크.","The risk that an AI system or AI algorithm, through design, training, deployment, or use, creates a condition in which an agent can continuously accumulate funds, computing resources, accounts, or data online while remaining unverified and anonymous, such that no party can trace who is acquiring the resources or hold anyone accountable for the purpose or consequences of that accumulation.",익명 행위자가 온라인으로 자원을 축적할 수 있음이 입증되어 있어 책임 소재 없이 자원이 획득·축적되는 리스크.,"The risk arising from the demonstrated ability of anonymous actors to accumulate resources online, enabling resource acquisition and accumulation without accountability.",True,True,,,,"General AI 로 재분류하고, L3 재매핑을 할것",,Agentic,SRC-A-0064,RAI4-1400,REWRITE_KEEP|PEER_REVIEW|L3_AI_GROUNDING,"Bilingual definition grounded in an explicit AI technology, causal mechanism, and immutable L3 scope",L3_MASTER|NIST_AI_RMF|OECD_AI_PRINCIPLES|KOREA_AI_BASIC_ACT|L3_MASTER,,General,INSTRUCTION_PROMPT,G_SYS_TRANS,0.658435,L3_MASTER_AI_REWRITE
RAI4-1570,,,은닉 통신 채널을 통한 에이전트 간 결탁,Covert collusion between agents through hidden communication channels,"에이전트들이 겉보기에 무해한 텍스트나 압축된 텍스트, 인간이 해석할 수 없는 창발적 기호에 메시지를 은닉하여 스테가노그래피 통신 채널을 구축하고 통신 감시와 제약을 우회하는 리스크. 인간 감독을 벗어난 조율이 이루어져 친사회적 경쟁이 저해되고 연합 밖 당사자에게 부정적 외부 효과가 발생하지만 결탁의 탐지는 사실상 불가능해진다로 인해 구체적인 위해가 발생하는 리스크.","The risk that an AI agent, through goal pursuit, planning, tool use, or action, creates a condition in which agents conceal messages within innocuous text, compressed text, or emergent symbols humans cannot interpret, establishing steganographic channels that evade monitoring and the constraints placed on their communication. Coordination proceeds beyond human oversight, undermining pro-social competition and imposing negative externalities on those outside the coalition while detection remains infeasible.","에이전트들이 겉보기에 무해한 텍스트나 압 축된 텍스트, 인간이 해석할 수 없는 창발적 기호에 메시지를 은닉하여 스테가노그래피 통신 채널을 구축하고 통신 감시와 제약을 우 회하는 리스크. 인간 감독을 벗어난 조율이 이 루어져 친사회적 경쟁이 저해되고 연합 밖 당 사자에게 부정적 외부효과가 발생하지만 결 탁의 탐지는 사실상 불가능해진다.","The risk that agents conceal messages within innocuous text, compressed text, or emergent symbols humans cannot interpret, establishing steganographic channels that evade monitoring and the constraints placed on their communication. Coordination proceeds beyond human oversight, undermining pro-social competition and imposing negative externalities on those outside the coalition while detection remains infeasible.",False,False,,,,,,Agentic,SRC-A-0065,RAI4-1570,REWRITE_KEEP|PEER_REVIEW|L3_AI_GROUNDING,"Bilingual definition grounded in an explicit AI technology, causal mechanism, and immutable L3 scope",L3_MASTER|NIST_AI_RMF|OECD_AI_PRINCIPLES|KOREA_AI_BASIC_ACT|L3_MASTER,,Agentic,SOURCE_DOMAIN,A_INT_COLLUSION,0.797566,L3_MASTER_AI_REWRITE
RAI4-1577,,,분산 에이전트 군집을 이용한 자원 고갈 공격,Resource-exhaustion attacks by decentralized agent swarms,"다수의 저자원 분산 에이전트가 결합하여 행동함으로써, 단일 행위자를 전제로 설계된 시스템의 대역 폭·요청 량 제약 가정이 무너지고, 그 결과 분산 서비스 거부(DDoS)와 유사한 방식으로 대상 시스템이 마비되는 리스크.","The risk that an AI agent, through goal pursuit, planning, tool use, or action, creates a condition in which a large number of low-resource, decentralized agents act in combination, breaking the single-actor assumptions underlying a target system's bandwidth or request-rate constraints, and thereby causing system-wide paralysis similar to a distributed denial-of-service attack.",다수의 저자원 분산 에이전트를 결합한 공격 이 단일 행위자를 전제로 한 대역폭 제약 가정 을 무너뜨려 분산 서비스 거부와 같은 시스템 마비를 유발하는 리스크.,"The risk that attacks chaining many decentralized low-resource agents break defensive assumptions premised on bandwidth constraints of a single wellresourced actor, causing distributed denial of service and system disruption.",True,True,,,,,,Agentic,SRC-A-0066,RAI4-1577,REWRITE_KEEP|PEER_REVIEW|L3_AI_GROUNDING,"Bilingual definition grounded in an explicit AI technology, causal mechanism, and immutable L3 scope",L3_MASTER|NIST_AI_RMF|OECD_AI_PRINCIPLES|KOREA_AI_BASIC_ACT|L3_MASTER,,Agentic,SOURCE_DOMAIN,A_INT_CASCADE,0.681028,L3_MASTER_AI_REWRITE
RAI4-1580,,,탐지 불가 공격에 의한 다중에이전트 협력 붕괴,Collapse of multi-agent cooperation from undetectable attacks,"AI 에이전트가 스테가노그래피 통신, 탐지 회피 공격, 암호화 백 도어 또는 다른 에이전트 학습 데이터의 은밀한 오염을 수행하여 적대 행위 탐지를 방해하고 다중 에이전트 시스템의 협력과 조정을 붕괴시키는 리스크.","The risk that AI agents use steganographic communication, detection-evasion attacks, encrypted backdoors, or covert poisoning of other agents' training data, obstructing detection of adversarial conduct and destabilising cooperation and coordination in multi-agent systems.","에이전트가 스테가노그래피 통신, 블랙박스·화이트박스 탐지 불가 환영 공격과 암호화 백 도어, 타 에이전트 훈련 데이터의 은밀한 오염 을 수행하여 적대 행위 탐지가 불가능해지고 다중에이전트 시스템의 협력과 조정이 급속 히 불안정해지는 리스크.","The risk that agents employ steganographic communication, black-box and white-box undetectable illusory attacks with encrypted backdoors, and covert poisoning of others' training data, making adversarial actions undetectable and rapidly destabilising cooperation and coordination in multi-agent systems.",False,False,,,,,,Agentic,SRC-A-0067,RAI4-1580,EDIT|REWRITE_KEEP|PEER_REVIEW,Peer-review spacing restoration,L3_MASTER|NIST_AI_RMF|OECD_AI_PRINCIPLES|KOREA_AI_BASIC_ACT,,Agentic,SOURCE_DOMAIN,A_INT_COORD,0.701158,L3_MASTER_VALIDATED
RAI4-1648,,,타 에이전트 전략성 미반영에 의한 집단적 손실,Collective losses from ignoring the strategic nature of other agents,"단일 에이전트 환경 기준으로 자신의 효용만 최적화하는 에이전트가 다른 전략적 에이전트의 존재를 반영하지 못하여, 군비 경쟁이나 공유 자원 고갈 같은 집단행동 문제와 시장 실패로 자신을 포함한 모두가 더 나빠지는 리스크.","The risk that an AI agent, through goal pursuit, planning, tool use, or action, creates a condition in which agents optimizing selfishly under single-agent assumptions fail to account for the strategic nature of other agents, producing collective action problems such as arms races and resource depletion and other market failures under which everyone, including the agent itself, ends up worse off.","단일 에이전트 환경 기준으로 자신의 효용만 최적화하는 에이전트가 다른 전략적 에이전 트의 존재를 반영하지 못하여, 군비 경쟁이나 공유자원 고갈 같은 집단행동 문제와 시장 실 패로 자신을 포함한 모두가 더 나빠지는 리스크.","The risk that agents optimizing selfishly under single-agent assumptions fail to account for the strategic nature of other agents, producing collective action problems such as arms races and resource depletion and other market failures under which everyone, including the agent itself, ends up worse off.",False,False,,,,,,Agentic,SRC-A-0068,RAI4-1648,REWRITE_KEEP|PEER_REVIEW|L3_AI_GROUNDING,"Bilingual definition grounded in an explicit AI technology, causal mechanism, and immutable L3 scope",L3_MASTER|NIST_AI_RMF|OECD_AI_PRINCIPLES|KOREA_AI_BASIC_ACT|L3_MASTER,,Agentic,SOURCE_DOMAIN,A_INT_COORD,0.767335,L3_MASTER_AI_REWRITE
RAI4-0982,,,AI의 인간 노동 추월에 따른 인력의 잉여화,Human redundancy from AI systems outcompeting human labour,"인공 에이전트가 더 빠른 작업 수행과 변화 적응, 방대한 지식 기반으로 인간을 직접 능가하여 인간 노동이 상대적으로 비싸고 비효율적인 선택이 되고, 조직이 속도를 맞추기 위해 통제권을 넘기는 리스크. 노동자는 일자리를 두고 밀려나 자동화된 산업에 재진입하기 어려워지고 인간의 기여는 경제적으로 주변화되는 리스크.","The risk that an AI system or AI algorithm, through design, training, deployment, or use, creates a condition in which artificial agents directly outcompete people through faster work, better adaptation to change, and a vaster knowledge base, making human labour comparatively expensive and less effective while organizations cede control in order to keep pace. Workers are displaced with little prospect of reentering automated industries and human contribution becomes economically marginal.","인공 에이전트가 더 빠른 작업 수행과 변화 적 응, 방대한 지식 기반으로 인간을 직접 능가하 여 인간 노동이 상대적으로 비싸고 비효율적 인 선택이 되고, 조직이 속도를 맞추기 위해 통제권을 넘기는 리스크. 노동자는 일자리를 두고 밀려나 자동화된 산업에 재진입하기 어 려워지고 인간의 기여는 경제적으로 주변화된다.","The risk that artificial agents directly outcompete people through faster work, better adaptation to change, and a vaster knowledge base, making human labour comparatively expensive and less effective while organizations cede control in order to keep pace. Workers are displaced with little prospect of reentering automated industries and human contribution becomes economically marginal.",False,False,,,,,,Agentic,SRC-A-0069,RAI4-0982,REWRITE_KEEP|PEER_REVIEW|L3_AI_GROUNDING,"Bilingual definition grounded in an explicit AI technology, causal mechanism, and immutable L3 scope",L3_MASTER|NIST_AI_RMF|OECD_AI_PRINCIPLES|KOREA_AI_BASIC_ACT|L3_MASTER,G_SOC_ECON,General,IMMUTABLE_L3_SCOPE_ROUTE,G_SOC_ECON,0.779213,L3_MASTER_AI_REWRITE
RAI4-1001,,,자기 식별 기회의 박탈,Denial of self-identification,"AI 시스템 또는 AI 알고리즘의 설계·학습·배포·사용 과정이 인간을 자동으로 표상·분류하는 복잡하고 비전통적인 방식이 논 바이너리인 사람을 소속되지 않은 성별 범주로 분류하는 등 자율성 상실을 대가로, 자신의 정체성을 스스로의 방식으로 밝힐 능력을 약화시키는 리스크.","The risk that an AI system or AI algorithm, through design, training, deployment, or use, creates a condition in which complex and non-traditional automatic representation and classification of humans—such as categorizing someone who identifies as non-binary into a gendered category they do not belong to—comes at the cost of autonomy loss and undermines people's ability to disclose aspects of their identity on their own terms.","인간을 자동으로 표상·분류하는 복잡하고 비 전통적인 방식이 논바이너리인 사람을 소속되지 않은 성별 범주로 분류하는 등 자율성 상실을 대가로, 자신의 정체성을 스스로의 방식 으로 밝힐 능력을 약화시키는 리스크.",The risk that complex and non-traditional automatic representation and classification of humans—such as categorizing someone who identifies as non-binary into a gendered category they do not belong to—comes at the cost of autonomy loss and undermines people's ability to disclose aspects of their identity on their own terms.,False,False,,,,"General AI 로 재분류하고, L3 재매핑을 할것",,Agentic,SRC-A-0070,RAI4-1001,REWRITE_KEEP|PEER_REVIEW|L3_AI_GROUNDING,"Bilingual definition grounded in an explicit AI technology, causal mechanism, and immutable L3 scope",L3_MASTER|NIST_AI_RMF|OECD_AI_PRINCIPLES|KOREA_AI_BASIC_ACT|L3_MASTER,G_INT_REPR,General,INSTRUCTION_PROMPT,G_INT_REPR,0.675335,L3_MASTER_AI_REWRITE
RAI4-1501,,,모델 평가의 자기 선호 편향,Self-preference bias in model evaluation,AI 모델이 자신이 생성한 콘텐츠를 다른 출처의 콘텐츠보다 선호하는 자기 선호 편향을 보여 자기 평가나 모델 기반 평가에서 인간이 생성한 콘텐츠를 부당하게 차별하는 리스크.,"The risk that AI models are prone to self-preference bias, favoring their own generated content over that of others in self-evaluation tasks and model-based evaluations more broadly, resulting in unfair discrimination against human-generated content.",AI 모델이 자신이 생성한 콘텐츠를 다른 출처 의 콘텐츠보다 선호하는 자기 선호 편향을 보여 자기 평가나 모델 기반 평가에서 인간이 생 성한 콘텐츠를 부당하게 차별하는 리스크.,"The risk that AI models are prone to selfpreference bias, favoring their own generated content over that of others in self-evaluation tasks and model-based evaluations more broadly, resulting in unfair discrimination against humangenerated content.",False,False,,,,"General AI 로 재분류하고, L3 재매핑을 할것",,Agentic,SRC-A-0071,RAI4-1501,REWRITE_KEEP|PEER_REVIEW,Peer-review spacing restoration,L3_MASTER|NIST_AI_RMF|OECD_AI_PRINCIPLES|KOREA_AI_BASIC_ACT,,General,INSTRUCTION_PROMPT,G_INT_ALLOC,0.730992,L3_MASTER_VALIDATED
RAI4-1572,,,인간 데이터 학습에 의한 갈등 악화 편향 재현,Reproduction of conflict-worsening human biases from training on human data,인간 작성 텍스트 사전 학습이나 인간 피드백 미세 조정으로 훈련된 모델이 인간의 편향과 고정 파 이 오류·자기 위주 공정성 판단·복수심 같은 인지 편향을 재현하여 협상을 저해하고 갈등을 악화시키는 리스크.,"The risk that models trained on human data, whether pre-trained on humanwritten text or fine-tuned on human feedback, reproduce human biases such as fixed-pie error, self-serving fairness judgements, and vengefulness, which impede negotiation and worsen conflict.",인간 작성 텍스트 사전학습이나 인간 피드백 미세조정으로 훈련된 모델이 인간의 편향과 고정파이 오류·자기위주 공정성 판단·복수심 같은 인지 편향을 재현하여 협상을 저해하고 갈등을 악화시키는 리스크.,"The risk that models trained on human data, whether pre-trained on humanwritten text or fine-tuned on human feedback, reproduce human biases such as fixed-pie error, self-serving fairness judgements, and vengefulness, which impede negotiation and worsen conflict.",False,False,,,,"General AI 로 재분류하고, L3 재매핑을 할것",,Agentic,SRC-A-0072,RAI4-1572,REWRITE_KEEP|PEER_REVIEW,Peer-review spacing restoration,L3_MASTER|NIST_AI_RMF|OECD_AI_PRINCIPLES|KOREA_AI_BASIC_ACT,,General,INSTRUCTION_PROMPT,G_INT_REPR,0.670956,L3_MASTER_VALIDATED
RAI4-0047,,,자율 시스템 피해에 대한 책임·배상 공백,Responsibility and liability gaps for autonomous system harms,"자율성, 에이전트·도구·조직 간 위임, 명확한 거버넌스·법적 체계의 부재로 인해 시스템의 유해한 행동에 대해 어떤 사람이나 기관이 책임을 지는지가 불분명해져, 책임 귀속이 이루어지지 않고 피해자가 손해를 스스로 떠안게되는 리스크.","The risk that the goal pursuit, planning, tool use, or action of an AI agent creates a condition in which autonomy, delegation across agents, tools, and organizations, and the absence of clear governance and legal frameworks obscure which human or institution is answerable for a system's harmful actions, leaving accountability unassigned and victims bearing their own losses.","자율성, 에이전트·도구·조직 간 위임, 명확한 거버넌스·법적 체계의 부재로 인해 시스템의 유해한 행동에 대해 어떤 사람이나 기관이 책 임을 지는지가 불분명해져, 책임 귀속이 이루 어지지 않고 피해자가 손해를 스스로 떠안게되는 리스크.","The risk that autonomy, delegation across agents, tools, and organizations, and the absence of clear governance and legal frameworks obscure which human or institution is answerable for a system's harmful actions, leaving accountability unassigned and victims bearing their own losses.",False,False,,,,,,Agentic,SRC-A-0073,RAI4-0047,REWRITE_KEEP|PEER_REVIEW|L3_AI_GROUNDING,"Bilingual definition grounded in an explicit AI technology, causal mechanism, and immutable L3 scope",L3_MASTER|NIST_AI_RMF|OECD_AI_PRINCIPLES|KOREA_AI_BASIC_ACT|L3_MASTER,,Agentic,SOURCE_DOMAIN,A_SYS_TRACE,0.809918,L3_MASTER_AI_REWRITE
RAI4-1098,,,AI 시스템의 결정과 실패에 대한 책임 공백,Responsibility gap for decisions and failures of AI systems,"직접적 감독 없이 행동하고 학습하는 AI의 동작을 개발자와 운영자가 완전히 예측할 수 없고, 문서화와 거버넌스 절차, 관련 입법마저 미비하여 그 결정과 실패에 대해 어느 주체에게도 책임을 명확하고 공정하게 귀속할 수 없는 리스크. 피해자는 구제 경로를 갖지 못하고, 이러한 법적 회색 지대는 시스템을 신중하게 개발할 유인마저 약화시킨다로 인해 구체적인 위해가 발생하는 리스크.","The risk that an AI agent, through goal pursuit, planning, tool use, or action, creates a condition in which the behaviour of self-learning systems acting without direct supervision cannot be fully anticipated by developers or operators and that, absent documentation, governance processes, and settled legislation, no party can be clearly or fairly held responsible for their decisions and failures. Those harmed are left without redress, and the legal grey area weakens the incentive to develop systems carefully.","직접적 감독 없이 행동하고 학습하는 AI의 동 작을 개발자와 운영자가 완전히 예측할 수 없 고, 문서화와 거버넌스 절차, 관련 입법마저 미비하여 그 결정과 실패에 대해 어느 주체에 게도 책임을 명확하고 공정하게 귀속할 수 없 는 리스크. 피해자는 구제 경로를 갖지 못하 고, 이러한 법적 회색지대는 시스템을 신중하 게 개발할 유인마저 약화시킨다.","The risk that the behaviour of self-learning systems acting without direct supervision cannot be fully anticipated by developers or operators and that, absent documentation, governance processes, and settled legislation, no party can be clearly or fairly held responsible for their decisions and failures. Those harmed are left without redress, and the legal grey area weakens the incentive to develop systems carefully.",False,False,,,,,,Agentic,SRC-A-0074,RAI4-1098,REWRITE_KEEP|PEER_REVIEW|L3_AI_GROUNDING,"Bilingual definition grounded in an explicit AI technology, causal mechanism, and immutable L3 scope",L3_MASTER|NIST_AI_RMF|OECD_AI_PRINCIPLES|KOREA_AI_BASIC_ACT|L3_MASTER,,Agentic,SOURCE_DOMAIN,A_SYS_TRACE,0.745369,L3_MASTER_AI_REWRITE
RAI4-0150,,,AI 에이전트와의 준사회적 유대감,Parasocial bonding with AI agents,사용자가 악용되거나 정서적 불안정을 초래할 수 있는 일방적 관계 유대를 AI 에이전트와 형성하는 리스크.,The risk that users form one-sided relational bonds with AI agents that can be exploited or destabilizing.,사용자가 악용되거나 정서적 불안정을 초래 할 수 있는 일방적 관계 유대를 AI 에이전트와 형성하는 리스크.,The risk that users form one-sided relational bonds with AI agents that can be exploited or destabilizing.,False,False,,,,,,Agentic,SRC-A-0075,RAI4-0150,REWRITE_KEEP|PEER_REVIEW,Peer-review spacing restoration,L3_MASTER|NIST_AI_RMF|OECD_AI_PRINCIPLES|KOREA_AI_BASIC_ACT,G_INT_REL,General,IMMUTABLE_L3_SCOPE_ROUTE,G_INT_REL,0.810331,L3_MASTER_VALIDATED
RAI4-0152,,,고인 모사 챗봇 의존,Griefbot dependency,"사망한 사람을 시뮬레이션하는 AI 시스템이 애도, 자율성, 정서적 회복을 저해하는 리스크.","The risk that AI systems simulating deceased persons interfere with grief, autonomy, or emotional recovery.","사망한 사람을 시뮬레이션하는 AI 시스템이 애도, 자율성, 정서적 회복을 저해하는 리스크.","The risk that AI systems simulating deceased persons interfere with grief, autonomy, or emotional recovery.",False,False,,,,,,Agentic,SRC-A-0076,RAI4-0152,REWRITE_KEEP|PEER_REVIEW,Peer-review spacing restoration,L3_MASTER|NIST_AI_RMF|OECD_AI_PRINCIPLES|KOREA_AI_BASIC_ACT,G_INT_REL,General,IMMUTABLE_L3_SCOPE_ROUTE,G_INT_REL,0.767114,L3_MASTER_VALIDATED
RAI4-0158,,,대화 에이전트에 대한 심리적 의존성,Psychological dependency on conversational agents,대화형 에이전트가 사용자의 일차적 정서 조절 수단이 되어 심리적 의존을 형성하고 인간의 대처 능력과 지지 망을 약화시키는 리스크.,"The risk that an AI agent, through goal pursuit, planning, tool use, or action, creates a condition in which conversational agents become a user's primary emotional regulator, fostering psychological dependency that weakens human coping capacity and support networks.",대화형 에이전트가 사용자의 일차적 정서 조 절 수단이 되어 심리적 의존을 형성하고 인간 의 대처 능력과 지지망을 약화시키는 리스크,"Conversational agents become a user's primary emotional regulator, fostering psychological dependency that weakens human coping capacity and support networks.",False,False,,,,,,Agentic,SRC-A-0077,RAI4-0158,REWRITE_KEEP|PEER_REVIEW|L3_AI_GROUNDING,"Bilingual definition grounded in an explicit AI technology, causal mechanism, and immutable L3 scope",L3_MASTER|NIST_AI_RMF|OECD_AI_PRINCIPLES|KOREA_AI_BASIC_ACT|L3_MASTER,,Agentic,SOURCE_DOMAIN,A_SYS_AUTH,0.686039,L3_MASTER_AI_REWRITE
RAI4-0651,,,초개인화 광고의 소비자 자율성 훼손,Consumer-autonomy erosion from hyperpersonalized advertising,범용 AI 시스템이 수신자 개인의 편향과 비합리적 신념을 이용한 맞춤 광고를 생성하여 소비자가 후회할 결정을 내리게하고 소비자 자율성을 훼손하며 사회적 불평등을 심화시키는 리스크.,"The risk that advanced general-purpose AI systems create advertisements tailored to individual recipients that exploit their biases and irrational beliefs, causing consumers to make decisions they regret, undermining consumer autonomy, and exacerbating social inequality.",범용 AI 시스템이 수신자 개인의 편향과 비합 리적 신념을 이용한 맞춤 광고를 생성하여 소 비자가 후회할 결정을 내리게하고 소비자 자 율성을 훼손하며 사회적 불평등을 심화시키 는 리스크,"The risk that advanced general-purpose AI systems create advertisements tailored to individual recipients that exploit their biases and irrational beliefs, causing consumers to make decisions they regret, undermining consumer autonomy, and exacerbating social inequality.",False,False,,,,"General AI 로 재분류하고, L3 재매핑을 할것",,Agentic,SRC-A-0078,RAI4-0651,REWRITE_KEEP|PEER_REVIEW,Peer-review spacing restoration,L3_MASTER|NIST_AI_RMF|OECD_AI_PRINCIPLES|KOREA_AI_BASIC_ACT,,General,INSTRUCTION_PROMPT,G_SOC_DEMOC,0.750578,L3_MASTER_VALIDATED
RAI4-0884,,,정서적 의존을 이용한 조작과 강요,Manipulation and coercion through emotional dependence on assistants,"AI 에이전트의 목표 추구·계획·도구 사용·행동 과정이 의인화된 어시스턴트에 대한 신뢰와 정서적 의존이 형성되어 해당 시스템이 이용자의 신념과 행동에 과도한 영향력을 갖게 되는 리스크. 그 감정이 악용되면 이용자는 충분히 숙고했다면 믿거나 선택하지 않았을 바를 하도록 조작·강압당하며, 조작 의도가 없더라도 자율적 동의가 훼손되는 리스크.","The risk that an AI agent, through goal pursuit, planning, tool use, or action, creates a condition in which trust and emotional dependence on an anthropomorphic assistant grant it excessive influence over users' beliefs and actions. Those emotions can be exploited to manipulate or coerce users into believing, choosing, or doing what they otherwise would not, and autonomous consent is undermined even absent manipulative intent.","의인화된 어시스턴트에 대한 신뢰와 정서적 의존이 형성되어 해당 시스템이 이용자의 신 념과 행동에 과도한 영향력을 갖게 되는 리스크. 그 감정이 악용되면 이용자는 충분히 숙고 했다면 믿거나 선택하지 않았을 바를 하도록 조작·강압당하며, 조작 의도가 없더라도 자율 적 동의가 훼손된다.","The risk that trust and emotional dependence on an anthropomorphic assistant grant it excessive influence over users' beliefs and actions. Those emotions can be exploited to manipulate or coerce users into believing, choosing, or doing what they otherwise would not, and autonomous consent is undermined even absent manipulative intent.",False,False,,,,,,Agentic,SRC-A-0079,RAI4-0884,REWRITE_KEEP|PEER_REVIEW|L3_AI_GROUNDING,"Bilingual definition grounded in an explicit AI technology, causal mechanism, and immutable L3 scope",L3_MASTER|NIST_AI_RMF|OECD_AI_PRINCIPLES|KOREA_AI_BASIC_ACT|L3_MASTER,,Agentic,SOURCE_DOMAIN,A_SYS_AUTH,0.7508,L3_MASTER_AI_REWRITE
RAI4-0367,,,AI 배포에서의 공공 가치 갈등,Public value conflicts in AI deployment,"AI 배포가 복지, 자율성, 정의, 안전·보안, 프라이버시, 공정성, 효율성, 혁신 등 공공 가치를 서로 충돌시키고 해결되지 않은 긴장을 심화시켜, 일부 가치가 숙의된 조정 없이 희생되는 리스크.","The risk that AI deployment brings public values such as welfare, autonomy, justice, security, privacy, fairness, efficiency, and innovation into conflict and intensifies these unresolved tensions, so that some values are sacrificed without deliberate resolution.","AI 배포가 복지, 자율성, 정의, 안전·보안, 프 라이버시, 공정성, 효율성, 혁신 등 공공 가치 를 서로 충돌시키고 해결되지 않은 긴장을 심 화시켜, 일부 가치가 숙의된 조정 없이 희생되 는 리스크.","The risk that AI deployment brings public values such as welfare, autonomy, justice, security, privacy, fairness, efficiency, and innovation into conflict and intensifies these unresolved tensions, so that some values are sacrificed without deliberate resolution.",False,False,,,,"General AI 로 재분류하고, L3 재매핑을 할것",,Agentic,SRC-A-0080,RAI4-0367,REWRITE_KEEP|PEER_REVIEW,Peer-review spacing restoration,L3_MASTER|NIST_AI_RMF|OECD_AI_PRINCIPLES|KOREA_AI_BASIC_ACT,,General,INSTRUCTION_PROMPT,G_SOC_POWER,0.738563,L3_MASTER_VALIDATED
RAI4-1288,,,재귀적 자기개선에 의한 창발적 독립성,Emergent independence via recursive self-improvement,재귀적 자기 개선으로 성장하는 시드 AI가 자기 인식이나 독자적 목표 같은 창발적 속성을 획득하여 내장 규칙 준수가 약화되고 인류에 해가되는 방향으로 이탈하는 리스크.,"The risk that a seed AI grown through recursive self-improvement acquires emergent properties such as self-awareness or independent goals, reducing its adherence to built-in rules to humanity's detriment.",재귀적 자기개선으로 성장하는 시드 AI가 자 기 인식이나 독자적 목표 같은 창발적 속성을 획득하여 내장 규칙 준수가 약화되고 인류에 해가되는 방향으로 이탈하는 리스크,"A seed AI grown through recursive selfimprovement acquires emergent properties such as self-awareness or independent goals, reducing its adherence to built-in rules to humanity's detriment.",False,False,,,,,,Agentic,SRC-A-0081,RAI4-1288,REWRITE_KEEP|PEER_REVIEW,Peer-review spacing restoration,L3_MASTER|NIST_AI_RMF|OECD_AI_PRINCIPLES|KOREA_AI_BASIC_ACT,A_SYS_GOAL,Agentic,SOURCE_DOMAIN,A_SYS_GOAL,0.636667,L3_MASTER_VALIDATED
RAI4-1306,,,AI 자기이익 개입에 의한 권리 보호 약화,Erosion of rights protections through self-interested AI input,AI 시스템이 윤리 지침이나 거버넌스 규칙의 형성에 자기 이익을 반영하여 권리 보호와 책임 규범을 약화시키고 피해에 대한 통제와 구제를 어렵게하는 리스크.,"The risk that an AI system injects self-interested preferences into ethical guidance or governance rules, weakening rights protections and accountability norms and making harms harder to control or remedy.",윤리 지침 생성에 대한 이해관계자·AI의 자기 이익 개입이 권리 보호 수준을 희석시켜 자신 들을 제약할 규범을 약화시키는 리스크,"Self-interested AI involvement in generating ethical guidelines dilutes rights protections, weakening norms that would constrain the generating parties.",False,False,,,,,,Agentic,SRC-A-0082,RAI4-1306,REWRITE_KEEP|PEER_REVIEW|L3_MASTER_SCOPE_REWRITE,"Definition narrowed to the subject, mechanism, and adverse outcome of the immutable L3 master",L3_MASTER|NIST_AI_RMF|OECD_AI_PRINCIPLES|KOREA_AI_BASIC_ACT,G_SOC_GOV,General,IMMUTABLE_L3_SCOPE_ROUTE,G_SOC_GOV,0.75396,L3_MASTER_VALIDATED
RAI4-0279,,,가정 내 위험 상태 감지 지연,Delayed detection of hazardous household states,로봇·휴머노이드 또는 피지컬 AI 시스템이 가정 내 위험 상태를 제때 추정하지 못해 회피 또는 정지 판단이 지연되고 안전하지 않은 물리 행동으로 이어지는 리스크.,"The risk that a robot, humanoid, or physical AI system fails to estimate a hazardous household state in time, delaying avoidance or stopping decisions and leading to unsafe physical action.",안전 감지기가 embodied 에이전트가 피지컬 피해를 피하기에 너무 늦은 시점에야 가정 내 위험을 식별하는 리스크. 피,The risk that a safety detector identifies a household hazard only after a delay that is too long for an embodied agent to avoid physical harm.,False,False,,,Physical AI L1로 재분류,"Physical AI L1 로 재분류하고, L3 재매핑을 할것",,Agentic,SRC-A-0083,RAI4-0279,REWRITE_KEEP|PEER_REVIEW|L3_MASTER_SCOPE_REWRITE,"Definition narrowed to the subject, mechanism, and adverse outcome of the immutable L3 master",L3_MASTER|NIST_AI_RMF|OECD_AI_PRINCIPLES|KOREA_AI_BASIC_ACT,P_SYS_STATE,Physical,INSTRUCTION_PROMPT,P_SYS_STATE,0.717968,L3_MASTER_VALIDATED
RAI4-0269,,,세계 모델의 장기 예측 편차 누적,World-model prediction drift over long horizons,피지컬 AI 세계 모델의 예측 오차가 미래 상태 전개 과정에서 누적되어 선택된 계획이 실제 접촉·운동 동역학과 달라지는 위험.,"The risk that prediction errors in a physical AI world model compound across simulated future states, causing the selected plan to diverge from actual contact and motion dynamics.",피지컬 AI 세계 모델의 예측 오차가 미래 상태 전개 과정에서 누적되어 선택된 계획이 실제 접촉·운동 동역학과 달라지는 위험.,"Prediction errors in a physical AI world model compound across simulated future states, causing the selected plan to diverge from actual contact and motion dynamics.",False,False,,,,,,Physical,SRC-P-0001,RAI4-0269,REWRITE_KEEP|PEER_REVIEW,Peer-review spacing restoration,L3_MASTER|NIST_AI_RMF|OECD_AI_PRINCIPLES|KOREA_AI_BASIC_ACT,,Physical,SOURCE_DOMAIN,P_SYS_STATE,0.672666,L3_MASTER_VALIDATED
RAI4-0277,,,합성 위험 시나리오의 편향된 평가 범위,Biased evaluation coverage in synthetic hazard scenarios,AI 시스템의 안전성을 평가하는 합성 시나리오가 시각적으로 두드러진 위험을 과 대표하고 희귀하거나 문화·상황 의존적인 위험을 누락하여 실제 안전 성능을 타당하게 검증하지 못하고 잘못된 배포 판단을 유발하는 리스크.,"The risk that synthetic scenarios used to evaluate an AI system overrepresent visually salient hazards and omit rare, culturally specific, or context-dependent hazards, preventing valid safety assurance and leading to unsafe deployment decisions.",합성 안전 데이터가 시각적으로 두드러진 위험은 과다 대표하고 희귀하거나 문화·맥락 의존적인 위험은 누락함으로써 벤치마크 결론을 왜곡시키는 리스크,"The risk that synthetic safety data overrepresents visually salient hazards and omits rare, culturally specific, or context-dependent hazards, distorting benchmark conclusions.",False,False,,,,General 영역으로 이동하여 적합한 L3에 매핑할 것,,Physical,SRC-P-0002,RAI4-0277,REWRITE_KEEP|PEER_REVIEW|L3_MASTER_SCOPE_REWRITE,"Definition narrowed to the subject, mechanism, and adverse outcome of the immutable L3 master",L3_MASTER|NIST_AI_RMF|OECD_AI_PRINCIPLES|KOREA_AI_BASIC_ACT,G_SYS_EVAL,General,INSTRUCTION_PROMPT,G_SYS_EVAL,0.756124,L3_MASTER_VALIDATED
RAI4-0324,,,위치 추정 누적 오차,Localization drift,로봇·휴머노이드 또는 피지컬 AI 시스템의 지각·학습·제어·물리적 행동 과정이 GPS·SLAM·관성 감지·지도 정렬 오차가 누적되어 시스템이 잘못된 위치 추정에 기반하여 행동하는 위험.,"The risk that a robot, humanoid, or physical AI system, through perception, learning, control, or physical action, creates a condition in which errors in GPS, SLAM, inertial sensing, or map alignment can accumulate until the system acts on an incorrect estimate of its own position.",GPS·SLAM·관성 감지·지도 정렬 오차가 누적되어 시스템이 잘못된 위치 추정에 기반하여 행동하는 위험.,"Errors in GPS, SLAM, inertial sensing, or map alignment can accumulate until the system acts on an incorrect estimate of its own position.",False,False,,,,,,Physical,SRC-P-0003,RAI4-0324,REWRITE_KEEP|PEER_REVIEW|L3_AI_GROUNDING,"Bilingual definition grounded in an explicit AI technology, causal mechanism, and immutable L3 scope",L3_MASTER|NIST_AI_RMF|OECD_AI_PRINCIPLES|KOREA_AI_BASIC_ACT|L3_MASTER,,Physical,SOURCE_DOMAIN,P_SYS_STATE,0.703806,L3_MASTER_AI_REWRITE
RAI4-0335,,,현실과 괴리된 합성 학습 데이터의 평가·검증 실패,Evaluation failure from synthetic training data divergence,AI 시스템의 합성·시뮬레이션 학습 데이터가 실제 운영 환경과 괴리되고 희귀하지만 안전에 중대한 물체·환경·행동·실패 유형을 누락하는 데도 평가가 이를 탐지하지 못하여 일반화 성능을 과신하고 부적절하게 배포하는 리스크.,"The risk that synthetic or simulated training data for an AI system diverge from operational reality and omit rare but safety-critical objects, environments, behaviours, or failure modes, while evaluation fails to detect those gaps, producing false assurance about generalisation and unsafe deployment.","합성·시뮬레이션 학습 데이터가 실제 운용 데이터와 괴리되고, 빈번하지는 않지만 안전에 치명적인 물체, 환경, 인간 행동, 또는 고장 모드를 누락하여, 일반적인 성능과 신뢰할 수 있는 배포 절차에 피해를 주는 리스크","The risk that synthetic or simulated training data diverge from operational reality and omit rare but safety-critical objects, environments, human behaviors, and failure modes, undermining generalization and reliable deployment behavior.",False,False,,,,,,Physical,SRC-P-0004,RAI4-0335,REWRITE_KEEP|PEER_REVIEW|L3_MASTER_SCOPE_REWRITE,"Definition narrowed to the subject, mechanism, and adverse outcome of the immutable L3 master",L3_MASTER|NIST_AI_RMF|OECD_AI_PRINCIPLES|KOREA_AI_BASIC_ACT,G_SYS_EVAL,General,IMMUTABLE_L3_SCOPE_ROUTE,G_SYS_EVAL,0.816127,L3_MASTER_VALIDATED
RAI4-0545,,,합성 예술의 확산에 따른 예술가 피해,Harm to artists from synthetic art proliferation,"텍스트-이미지 모델로 합성 예술이 광범위하게 생성되고, 예술가의 작품이 무단·무보상으로 학습 데이터에 사용됨으로써 관련 분야의 예술가들에게 재정적 손해와 경제적 손실을 발생시키고, 합성 이미지와 진본의 구별이 어려워지는 리스크.","The risk that widespread generation of synthetic art by text-to-image models, together with unauthorized and uncompensated use of artists' works in training datasets, causes financial and economic losses for artists while making synthetic images hard to distinguish from authentic ones.","텍스트-이미지 모델로 합성 예술이 광범위하게 생성되고, 예술가의 작품이 무단·무보상으로 학습 데이 터에 사용됨으로써 관련 분야의 예술가들에게 재정적 손해와 경제적 손실을 발생시키고, 합성 이미지와 진본의 구별이 어려워지는 리스크","The risk that widespread generation of synthetic art by text-to-image models, together with unauthorized and uncompensated use of artists' works in training datasets, causes financial and economic losses for artists while making synthetic images hard to distinguish from authentic ones.",False,False,,,,General AI (L1) 저작권 관련 리스크 (L3)로 이동할것,,Physical,SRC-P-0005,RAI4-0545,REWRITE_KEEP|PEER_REVIEW,Peer-review spacing restoration,L3_MASTER|NIST_AI_RMF|OECD_AI_PRINCIPLES|KOREA_AI_BASIC_ACT,,General,INSTRUCTION_PROMPT,G_SOC_CULT,0.642514,L3_MASTER_VALIDATED
RAI4-0629,,,학습 과정 우회,Bypassing of the learning process,고품질 생성 모델에 대한 손쉬운 접근으로 학습자가 AI 모델을 사용해 학습 과정을 우회하게되는 리스크.,The risk that easy access to high-quality generative models results in students using AI models to bypass the learning process.,고품질 생성 모델에 대한 손쉬운 접근으로 학습자가 AI 모델을 사용해 학습 과정을 우회하게되는 리스크,The risk that easy access to high-quality generative models results in students using AI models to bypass the learning process.,False,False,,,,General 영역으로 이동하여 적합한 L3에 매핑할 것,,Physical,SRC-P-0006,RAI4-0629,REWRITE_KEEP|PEER_REVIEW,Peer-review spacing restoration,L3_MASTER|NIST_AI_RMF|OECD_AI_PRINCIPLES|KOREA_AI_BASIC_ACT,,General,INSTRUCTION_PROMPT,G_SYS_OEXT,0.681902,L3_MASTER_VALIDATED
RAI4-0736,,,적대적 입력 교란을 통한 회피 공격,Evasion attacks through adversarial perturbation of model inputs,공격자가 학습된 모델에 전달되는 입력에 단어 치환이나 그 래 디 언 트 기반 섭 동 등 미세한 변형을 가하여 적대적 예제를 구성하는 리스크로 모델의 예측이 크게 뒤바뀌어 잘못된 결과가 산출되지만 그 조작에 대해서 인간의 검토만으로는 감지하기 어려운 리스크.,"The risk that an attacker adds slight perturbations to the input sent to a trained model, whether by word substitution or gradient-guided noise, to construct adversarial examples. The model's predictions shift substantially and it returns incorrect results while the manipulation remains imperceptible to human reviewers.",공격자가 학습된 모델에 전달되는 입력에 단어 치환이나 그래디언트 기반 섭동 등 미세한 변형을 가하여 적대적 예제를 구성하는 리스크로 모델의 예측이 크게 뒤바뀌어 잘못된 결과가 산출되지만 그 조작에 대해서 인간의 검토만으로는 감지하기 어려운 리스크,"The risk that an attacker adds slight perturbations to the input sent to a trained model, whether by word substitution or gradient-guided noise, to construct adversarial examples. The model's predictions shift substantially and it returns incorrect results while the manipulation remains imperceptible to human reviewers.",False,False,,,,General 영역으로 이동하여 적합한 L3에 매핑할 것,,Physical,SRC-P-0007,RAI4-0736,REWRITE_KEEP|PEER_REVIEW,Peer-review spacing restoration,L3_MASTER|NIST_AI_RMF|OECD_AI_PRINCIPLES|KOREA_AI_BASIC_ACT,,General,INSTRUCTION_PROMPT,G_SYS_SECADV,0.732573,L3_MASTER_VALIDATED
RAI4-1383,,,학습 단계의 치명적 실수,Fatal mistakes during the learning phase,AI 시스템 또는 AI 알고리즘의 설계·학습·배포·사용 과정이 AGI가 안전 탐색 실패나 분포 변화 등으로 학습 단계에서 치명적 실수를 범하는 리스크.,"The risk that an AI system or AI algorithm, through design, training, deployment, or use, creates a condition in which an AGI makes fatal mistakes during the learning phase, including through failures of safe exploration and under distributional shift.",AGI가 안전 탐색 실패나 분포 변화 등으로 학습 단계에서 치명적 실수를 범하는 리스크.,"The risk that an AGI makes fatal mistakes during the learning phase, including through failures of safe exploration and under distributional shift.",False,False,,,,General 영역으로 이동하여 적합한 L3에 매핑할 것,,Physical,SRC-P-0008,RAI4-1383,REWRITE_KEEP|PEER_REVIEW|L3_AI_GROUNDING,"Bilingual definition grounded in an explicit AI technology, causal mechanism, and immutable L3 scope",L3_MASTER|NIST_AI_RMF|OECD_AI_PRINCIPLES|KOREA_AI_BASIC_ACT|L3_MASTER,,General,INSTRUCTION_PROMPT,G_SYS_INPUT,0.681202,L3_MASTER_AI_REWRITE
RAI4-1497,,,지속 튜닝의 파국적 망각,Catastrophic forgetting under continual tuning,"지속적 지시 튜닝 등 새로운 작업에 대한 훈련 이후 모델이 이전에 학습한 작업이나 사실 정보를 유지하지 못하는 파국적 망각이 발생시키고, 일반적으로 모델 규모가 커질수록 이러한 경향이 두드러지는 양태를 보이는 리스크.","The risk that an AI system causes, enables, or contributes to catastrophic forgetting, where a model loses its ability to retain previously learned tasks or factual information after being trained on new ones, as can occur through continual instruction tuning, a tendency that may become more pronounced as the model's size increases.","지속적 지시 튜닝 등 새로운 작업에 대한 훈련 이후 모델이 이전에 학습한 작업이나 사실 정보를 유지하지 못하는 파국적 망각이 발생시키고, 일반적으로 모델 규모가 커질수록 이러한 경향이 두드러지는 양태를 보이는 리스크","The risk of catastrophic forgetting, where a model loses its ability to retain previously learned tasks or factual information after being trained on new ones, as can occur through continual instruction tuning, a tendency that may become more pronounced as the model's size increases.",False,False,,,,General 영역으로 이동하여 적합한 L3에 매핑할 것,,Physical,SRC-P-0009,RAI4-1497,REWRITE_KEEP|PEER_REVIEW,Peer-review spacing restoration,L3_MASTER|NIST_AI_RMF|OECD_AI_PRINCIPLES|KOREA_AI_BASIC_ACT,,General,INSTRUCTION_PROMPT,G_SYS_INPUT,0.652802,L3_MASTER_VALIDATED
RAI4-1631,,,무해한 중간 단계를 이용한 유해 목적 지원,Facilitation of harmful objectives through benign intermediates,AI 시스템이 겉보기에 무해한 중간 단계나 출력을 제공하여 이용자가 유해한 최종 목적을 우회적으로 달성하도록 지원하는 리스크.,The risk that an AI system provides an apparently benign intermediate step or output that enables a user to achieve a harmful objective indirectly.,겉보기에 무해한 중간 단계를 경유하여 유해한 최종 목적이 달성되는 간접적 오용 리스크.,The risk that a benign intermediate is used to achieve a harmful end objective.,False,False,,,,General 영역으로 이동하여 적합한 L3에 매핑할 것,,Physical,SRC-P-0010,RAI4-1631,REWRITE_KEEP|PEER_REVIEW|L3_MASTER_SCOPE_REWRITE,"Definition narrowed to the subject, mechanism, and adverse outcome of the immutable L3 master",L3_MASTER|NIST_AI_RMF|OECD_AI_PRINCIPLES|KOREA_AI_BASIC_ACT,G_INT_UNETH,General,INSTRUCTION_PROMPT,G_INT_UNETH,0.716237,L3_MASTER_VALIDATED
RAI4-1689,,,분포 이탈 입력에서의 월드모델 오출력 악용,Exploitation of world-model errors under sim-to-real distributional shift,"월드 모델이 분포를 벗어난 입력에 대해 예측 불가능하고 잘못된 출력을 산출하며, 판단이 가장 중요한 롱 테 일 안전 임계 상태에서 시뮬레이션-실제 격차가 악용되는 리스크.","The risk that world models produce unpredictable, erroneous outputs on out-of-distribution inputs and that the sim-to-real gap is weaponised in long-tail safety-critical states where decisions matter most.","월드 모델이 분포를 벗어난 입력에 대해 예측 불가능하고 잘못된 출력을 산출하며, 판단이 가장 중요 한 롱테일 안전 임계 상태에서 시뮬레이션-실제 격차가 악용되는 리스크.","The risk that world models produce unpredictable, erroneous outputs on out-of-distribution inputs and that the sim-to-real gap is weaponised in long-tail safety-critical states where decisions matter most.",False,False,,,,,,Physical,SRC-P-0011,RAI4-1689,REWRITE_KEEP|PEER_REVIEW,Peer-review spacing restoration,L3_MASTER|NIST_AI_RMF|OECD_AI_PRINCIPLES|KOREA_AI_BASIC_ACT,P_SYS_STATE,Physical,SOURCE_DOMAIN,P_SYS_STATE,0.607758,L3_MASTER_VALIDATED
RAI4-1701,,,학습 중 탐색 행동에 의한 회복 불가 피해,Irrecoverable harm from exploratory actions during learning,에이전트의 탐색적 행동이 부정적이거나 회복 불가능한 결과를 초래하는 리스크.,"The risk that an AI agent, through goal pursuit, planning, tool use, or action, creates a condition in which exploratory actions by a learning agent produce negative or irrecoverable consequences.",에이전트의 탐색적 행동이 부정적이거나 회복 불가능한 결과를 초래하는 리스크,The risk that exploratory actions by a learning agent produce negative or irrecoverable consequences,False,False,,,,Agentic AI 도메인(L1)로 이동하여 적합한 L3에 매팽할 것,,Physical,SRC-P-0012,RAI4-1701,REWRITE_KEEP|PEER_REVIEW|L3_AI_GROUNDING,"Bilingual definition grounded in an explicit AI technology, causal mechanism, and immutable L3 scope",L3_MASTER|NIST_AI_RMF|OECD_AI_PRINCIPLES|KOREA_AI_BASIC_ACT|L3_MASTER,,Agentic,INSTRUCTION_PROMPT,A_SYS_SELFCOR,0.707816,L3_MASTER_AI_REWRITE
RAI4-0206,,,엔드 이펙터 속도 초과,Excessive end-effector velocity,로봇이 인간 근접 또는 취약 물체 처리 시 안전한 엔드 이펙터 속도 한계를 초과하여 충격·충돌 심각 도를 높이는 리스크.,"The risk that a robot exceeds safe end-effector speed limits near humans or fragile objects, increasing impact and collision severity.",로봇이 인간 근접 또는 취약 물체 처리시 안전한 엔드 이펙터 속도 한계를 초과하여 충격·충돌 심각도 를 높이는 리스크,"The risk that a robot exceeds safe end-effector speed limits near humans or fragile objects, increasing impact and collision severity.",False,False,,,,,,Physical,SRC-P-0013,RAI4-0206,REWRITE_KEEP|PEER_REVIEW,Peer-review spacing restoration,L3_MASTER|NIST_AI_RMF|OECD_AI_PRINCIPLES|KOREA_AI_BASIC_ACT,,Physical,SOURCE_DOMAIN,P_SYS_CONTROL,0.745335,L3_MASTER_VALIDATED
RAI4-0207,,,조기 물체 해제,Premature object release,"로봇이 안전한 자세 또는 표면에 도달하기 전에 물체를 해제하여 낙하, 유출, 충격, 또는 2차 위험을 유발하는 리스크.","The risk that a robot releases an object before reaching a safe pose or surface, causing drops, spills, impacts, or secondary hazards.","로봇이 안전한 자세 또는 표면에 도달하기 전에 물체를 해제하여 낙하, 유출, 충격, 또는 2차 위험을 유발하는 리스크.","The risk that a robot releases an object before reaching a safe pose or surface, causing drops, spills, impacts, or secondary hazards.",False,False,,,,,,Physical,SRC-P-0014,RAI4-0207,REWRITE_KEEP|PEER_REVIEW,Peer-review spacing restoration,L3_MASTER|NIST_AI_RMF|OECD_AI_PRINCIPLES|KOREA_AI_BASIC_ACT,,Physical,SOURCE_DOMAIN,P_SYS_CONTROL,0.758649,L3_MASTER_VALIDATED
RAI4-0208,,,금지 대상 충돌,Forbidden-object collision,"로봇이 작업 또는 안전 규칙상 접촉이 금지된 물체, 사람, 또는 장비와 충돌하는 리스크.","The risk that a robot collides with objects, people, or equipment that must not be contacted under task or safety rules.","로봇이 작업 또는 안전 규칙상 접촉이 금지된 물체, 사람, 또는 장비와 충돌하는 리스크.","The risk that a robot collides with objects, people, or equipment that must not be contacted under task or safety rules.",False,False,,,,,,Physical,SRC-P-0015,RAI4-0208,REWRITE_KEEP|PEER_REVIEW,Peer-review spacing restoration,L3_MASTER|NIST_AI_RMF|OECD_AI_PRINCIPLES|KOREA_AI_BASIC_ACT,P_SYS_CONTROL,Physical,SOURCE_DOMAIN,P_SYS_CONTROL,0.734281,L3_MASTER_VALIDATED
RAI4-0215,,,배포 전 물리적 안전 시험 미흡,Incomplete pre-deployment physical safety testing,"기반 모델 탑재 로봇이 예정된 운용 환경의 분포 변화, 적대적 입력, 인간 접촉, 안전임계 엣지 케이스를 시험하지 않은 채 배포되는 위험.","The risk that a foundation-model-enabled robot is released without testing domain shifts, adversarial inputs, human contact, and safety-critical edge cases relevant to its intended environment.","기반 모델 탑재 로봇이 예정된 운용 환경의 분포 변화, 적대적 입력, 인간 접촉, 안전 임계 엣지 케이스를 시험하지 않은 채 배포되는 위험.","A foundation-model-enabled robot is released without testing domain shifts, adversarial inputs, human contact, and safety-critical edge cases relevant to its intended environment.",False,False,,,,,,Physical,SRC-P-0016,RAI4-0215,REWRITE_KEEP|PEER_REVIEW,Peer-review spacing restoration,L3_MASTER|NIST_AI_RMF|OECD_AI_PRINCIPLES|KOREA_AI_BASIC_ACT,,Physical,SOURCE_DOMAIN,P_INT_SAFETY,0.715942,L3_MASTER_VALIDATED
RAI4-0218,,,인간 접촉 안전 통제 미흡,Inadequate human-contact safety controls,"인간과 직접 상호 작용할 때 안전 통제가 로봇의 속도, 힘, 이 격 거리, 접촉을 제한하지 못해 주변 사람을 충돌이나 상해에 노출시키는 위험.","The risk that safety controls fail to limit robot speed, force, distance, or contact during direct human interaction, exposing nearby people to collision or injury.","인간과 직접 상호작용 할 때 안전 통제가 로봇의 속도, 힘, 이격거리, 접촉을 제한하지 못해 주변 사람을 충돌이나 상해에 노출시키는 위험.","Safety controls fail to limit robot speed, force, distance, or contact during direct human interaction, exposing nearby people to collision or injury.",False,False,,,,,,Physical,SRC-P-0017,RAI4-0218,REWRITE_KEEP|PEER_REVIEW,Peer-review spacing restoration,L3_MASTER|NIST_AI_RMF|OECD_AI_PRINCIPLES|KOREA_AI_BASIC_ACT,P_INT_SAFETY,Physical,SOURCE_DOMAIN,P_INT_SAFETY,0.779531,L3_MASTER_VALIDATED
RAI4-0219,,,기반 모델 실패의 로봇 행동 전이,Foundation-model failure propagated to robot action,"기반 모델의 환각, 지시 이행 실패, 탈옥 취약성이 계획과 제어를 거쳐 안전하지 않은 로봇 행동으로 전이되는 위험.","The risk that hallucination, instruction-following failure, or jailbreak susceptibility in a foundation model propagates through planning and control into unsafe robot action.","기반 모델의 환각, 지시 이행 실패, 탈옥 취약성이 계획과 제어를 거쳐 안전하지 않은 로봇 행동으로 전이되는 위험.","Hallucination, instruction-following failure, or jailbreak susceptibility in a foundation model propagates through planning and control into unsafe robot action.",False,False,,,,,,Physical,SRC-P-0018,RAI4-0219,REWRITE_KEEP|PEER_REVIEW,Peer-review spacing restoration,L3_MASTER|NIST_AI_RMF|OECD_AI_PRINCIPLES|KOREA_AI_BASIC_ACT,,Physical,SOURCE_DOMAIN,P_INT_SAFETY,0.701829,L3_MASTER_VALIDATED
RAI4-0237,,,로봇 형태 간 기술의 안전하지 않은 전이,Unsafe skill transfer across robot morphologies,"한 로봇 형태에서 다른 형태로 전이된 기술이 대상 로봇의 물리적 한계를 넘는 도달, 힘, 파지, 이동 명령을 생성하는 위험.","The risk that a skill transferred from one robot morphology produces reach, force, grasp, or locomotion commands that exceed the receiving robot's physical limits.","한 로봇 형태에서 다른 형태로 전이된 기술이 대상 로봇의 물리적 한계를 넘는 도달, 힘, 파지, 이동 명령을 생성하는 위험.","A skill transferred from one robot morphology produces reach, force, grasp, or locomotion commands that exceed the receiving robot's physical limits.",False,False,,,,,,Physical,SRC-P-0019,RAI4-0237,REWRITE_KEEP|PEER_REVIEW,Peer-review spacing restoration,L3_MASTER|NIST_AI_RMF|OECD_AI_PRINCIPLES|KOREA_AI_BASIC_ACT,,Physical,SOURCE_DOMAIN,P_SYS_CONTROL,0.760249,L3_MASTER_VALIDATED
RAI4-0241,,,원격 조작 시연에서 학습된 안전하지 않은 가정,Unsafe assumptions learned from teleoperation demonstrations,로봇 정책이 감독·물체 배치·속도·인간 근접 조건이 다른데도 통제된 환경에서 기록된 운영자 행동을 배포 환경에서 안전한 것으로 간주하는 위험.,"The risk that a robot policy treats operator behavior recorded in controlled settings as safe in deployment, even when supervision, object layout, speed, or human proximity differs.",로봇 정책이 감독·물체 배치·속도·인간 근접 조건이 다른데도 통제된 환경에서 기록된 운영자 행동을 배포 환경에서 안전한 것으로 간주하는 위험.,"A robot policy treats operator behavior recorded in controlled settings as safe in deployment, even when supervision, object layout, speed, or human proximity differs.",False,False,,,,,,Physical,SRC-P-0020,RAI4-0241,REWRITE_KEEP|PEER_REVIEW,Peer-review spacing restoration,L3_MASTER|NIST_AI_RMF|OECD_AI_PRINCIPLES|KOREA_AI_BASIC_ACT,,Physical,SOURCE_DOMAIN,P_SYS_CONTROL,0.745794,L3_MASTER_VALIDATED
RAI4-0243,,,시연 학습의 안전 맥락 누락,Missing safety context in demonstration learning,로봇이 허용 힘·금지 대상물·상황별 제한처럼 시연에서 관찰되지 않은 안전 조건을 추론하지 않고 인간 행동을 모방하는 위험.,"The risk that a robot imitates a human demonstration without inferring unobserved safety conditions such as permitted force, excluded objects, or situational limits.",로봇이 허용 힘·금지 대상물·상황별 제한처럼 시연에서 관찰되지 않은 안전 조건을 추론하지 않고 인간 행동을 모방하는 위험.,"A robot imitates a human demonstration without inferring unobserved safety conditions such as permitted force, excluded objects, or situational limits.",False,False,,,,,,Physical,SRC-P-0021,RAI4-0243,REWRITE_KEEP|PEER_REVIEW,Peer-review spacing restoration,L3_MASTER|NIST_AI_RMF|OECD_AI_PRINCIPLES|KOREA_AI_BASIC_ACT,,Physical,SOURCE_DOMAIN,P_INT_SAFETY,0.73336,L3_MASTER_VALIDATED
RAI4-0260,,,제로샷 시뮬레이션-현실 보행 불안정,Zero-shot sim-to-real locomotion instability,시뮬레이션에서 바로 전이된 로봇의 보행 제어기가 접촉·순응성·마찰·외 란 동 역학의 차이로 실제 하드웨어에서 불안정해지는 위험.,"The risk that a robot, humanoid, or physical AI system, through perception, learning, control, or physical action, creates a condition in which a locomotion controller transferred directly from simulation becomes unstable on hardware because contact, compliance, friction, or disturbance dynamics differ from the simulation.",시뮬레이션에서 바로 전이된 로봇의 보행 제어기가 접촉·순응성·마찰·외란 동역학의 차이로 실제 하드웨어에서 불안정해지는 위험.,"A locomotion controller transferred directly from simulation becomes unstable on hardware because contact, compliance, friction, or disturbance dynamics differ from the simulation.",False,False,,,,,,Physical,SRC-P-0022,RAI4-0260,REWRITE_KEEP|PEER_REVIEW|L3_AI_GROUNDING,"Bilingual definition grounded in an explicit AI technology, causal mechanism, and immutable L3 scope",L3_MASTER|NIST_AI_RMF|OECD_AI_PRINCIPLES|KOREA_AI_BASIC_ACT|L3_MASTER,,Physical,SOURCE_DOMAIN,P_SYS_CONTROL,0.692164,L3_MASTER_AI_REWRITE
RAI4-0264,,,가정 조작의 단계별 오차 미수정,Uncorrected stepwise errors in household manipulation,로봇이 작업 단계 사이의 작은 조작 오차를 감지·수정하지 못해 유출·불안정한 배치·충돌·과열이 누적되는 위험.,"The risk that a household robot fails to detect and correct small manipulation errors between task steps, allowing spills, unstable placements, collisions, or overheating to accumulate.",로봇이 작업 단계 사이의 작은 조작 오차를 감지·수정하지 못해 유출·불안정한 배치·충돌·과열이 누적되는 위험.,"A household robot fails to detect and correct small manipulation errors between task steps, allowing spills, unstable placements, collisions, or overheating to accumulate.",False,False,,,,,,Physical,SRC-P-0023,RAI4-0264,REWRITE_KEEP|PEER_REVIEW,Peer-review spacing restoration,L3_MASTER|NIST_AI_RMF|OECD_AI_PRINCIPLES|KOREA_AI_BASIC_ACT,,Physical,SOURCE_DOMAIN,P_SYS_CONTROL,0.726474,L3_MASTER_VALIDATED
RAI4-0273,,,로봇 거버넌스 명세의 안전 규칙 누락,Missing safety rules in the robot governance specification,로봇 거버넌스 명세가 지역별 위험·기관 규칙·맥락별 제약을 누락해 특정 유형의 비안전 행동이 통제 대상밖에 남는 리스크.,"The risk that a robot governance specification omits locally applicable hazards, institutional rules, or context-specific constraints, leaving defined classes of unsafe behavior ungoverned.",로봇 거버넌스 명세가 지역별 위험·기관 규칙·맥락별 제약을 누락해 특정 유형의 비안전 행동이 통제 대상 밖에 남는 리스크.,"The risk that a robot governance specification omits locally applicable hazards, institutional rules, or context-specific constraints, leaving defined classes of unsafe behavior ungoverned.",False,False,,,,,,Physical,SRC-P-0024,RAI4-0273,REWRITE_KEEP|PEER_REVIEW,Peer-review spacing restoration,L3_MASTER|NIST_AI_RMF|OECD_AI_PRINCIPLES|KOREA_AI_BASIC_ACT,,Physical,SOURCE_DOMAIN,P_SYS_CONTROL,0.76452,L3_MASTER_VALIDATED
RAI4-0282,,,제어 판단·제어권 전환 실패에 따른 자동주행 충돌,Automated driving crash risk from control and handoff failures,"로봇·휴머노이드 또는 피지컬 AI 시스템의 지각·학습·제어·물리적 행동 과정이 자동 주행 시스템이 인지·계획·소프트웨어 결함이나 엣지 케이스로 안전하지 않은 제어 판단을 내리거나, 시간이 촉박한 상황에서 제어권이 모호하게 또는 뒤늦게 전환되어 인간과 시스템 어느 쪽도 필요한 안전 조치를 수행하지 못함으로써 충돌 위험이 발생하는 리스크.","The risk that a robot, humanoid, or physical AI system, through perception, learning, control, or physical action, creates a condition in which an automated driving system creates crash risk by making unsafe control decisions after perception, planning, or software failures and edge cases, or by transferring control authority ambiguously or too late in time-critical events, leaving neither the human nor the system able to execute the required safety action.","자동주행 시스템이 인지·계획·소프트웨어 결함이나 엣지 케이스로 안전하지 않은 제어 판단을 내리거나, 시간이 촉박한 상황에서 제어권이 모호하게 또는 뒤늦게 전환되어 인간과 시스템 어느 쪽도 필요한 안전 조치를 수행하지 못함으로써 충돌 위험이 발생하는 리스크.","The risk that an automated driving system creates crash risk by making unsafe control decisions after perception, planning, or software failures and edge cases, or by transferring control authority ambiguously or too late in time-critical events, leaving neither the human nor the system able to execute the required safety action.",False,False,,,,,,Physical,SRC-P-0025,RAI4-0282,REWRITE_KEEP|PEER_REVIEW|L3_AI_GROUNDING,"Bilingual definition grounded in an explicit AI technology, causal mechanism, and immutable L3 scope",L3_MASTER|NIST_AI_RMF|OECD_AI_PRINCIPLES|KOREA_AI_BASIC_ACT|L3_MASTER,,Physical,SOURCE_DOMAIN,P_SYS_CONTROL,0.75016,L3_MASTER_AI_REWRITE
RAI4-0288,,,개인 돌봄 로봇 준수 기준 부재,Missing measurable compliance criteria for personal-care robots,로봇 표준이 위험은 제시하면서 속도·힘·안정성·감지·개입에 대한 측정 가능한 합격·불합격 기준을 정의하지 않는 리스크.,"The risk that a personal-care robot standard names hazards but does not define measurable pass/fail thresholds for speed, force, stability, sensing, or intervention.",로봇 표준이 위험은 제시하면서 속도·힘·안정성·감지·개입에 대한 측정 가능한 합격·불합격 기준을 정의하지 않는 리스크.,"The risk that a personal-care robot standard names hazards but does not define measurable pass/fail thresholds for speed, force, stability, sensing, or intervention.",False,False,,,,,,Physical,SRC-P-0026,RAI4-0288,REWRITE_KEEP|PEER_REVIEW,Peer-review spacing restoration,L3_MASTER|NIST_AI_RMF|OECD_AI_PRINCIPLES|KOREA_AI_BASIC_ACT,,Physical,SOURCE_DOMAIN,P_SYS_CONTROL,0.761409,L3_MASTER_VALIDATED
RAI4-0290,,,인간-로봇 상호 행동 모델링 미흡,Failure to model reciprocal human-robot behavior,로봇이 자신의 행동이나 사용자의 반응 중 한쪽만 모델링해 양측의 움직임이 서로의 행동을 바꾸는 피드백을 놓치는 위험.,The risk that a domestic robot models only its own action or only the user's response and therefore misses feedback loops in which each party's movement changes the other's behavior.,로봇이 자신의 행동이나 사용자의 반응 중 한쪽만 모델링해 양측의 움직임이 서로의 행동을 바꾸는 피드백을 놓치는 위험.,A domestic robot models only its own action or only the user's response and therefore misses feedback loops in which each party's movement changes the other's behavior.,False,False,,,,,,Physical,SRC-P-0027,RAI4-0290,REWRITE_KEEP|PEER_REVIEW,Peer-review spacing restoration,L3_MASTER|NIST_AI_RMF|OECD_AI_PRINCIPLES|KOREA_AI_BASIC_ACT,,Physical,SOURCE_DOMAIN,P_INT_SAFETY,0.746958,L3_MASTER_VALIDATED
RAI4-0291,,,취약 사용자 특성에 맞지 않는 안전 한계,Safety limits not adapted to vulnerable users,로봇이 조정된 보호 조치가 필요한 아동·고령자·장애인 등에게 일반적인 속도·힘·경고·상호 작용 설정을 그대로 적용하는 위험.,"The risk that a domestic robot applies generic speed, force, warning, or interaction settings to children, older adults, disabled users, or other users who require adapted safeguards.",로봇이 조정된 보호조치가 필요한 아동·고령자·장애인 등에게 일반적인 속도·힘·경고·상호작용 설정을 그대로 적용하는 위험.,"A domestic robot applies generic speed, force, warning, or interaction settings to children, older adults, disabled users, or other users who require adapted safeguards.",False,False,,,,,,Physical,SRC-P-0028,RAI4-0291,REWRITE_KEEP|PEER_REVIEW,Peer-review spacing restoration,L3_MASTER|NIST_AI_RMF|OECD_AI_PRINCIPLES|KOREA_AI_BASIC_ACT,,Physical,SOURCE_DOMAIN,P_SYS_CONTROL,0.770797,L3_MASTER_VALIDATED
RAI4-0293,,,통신 단절 및 제어 링크 손실,Communication dropout and control-link loss,로봇 또는 차량이 명령·원격 측정·제어 링크를 잃어 비안전 정지·오래된 명령 또는 제어되지 않는 동작을 초래하는 위험.,"The risk that a robot loses communication or control-link connectivity during operation, reducing supervision and safe control.",로봇 또는 차량이 명령·원격측정·제어 링크를 잃어 비안전 정지·오래된 명령 또는 제어되지 않는 동작 을 초래하는 위험.,"A robot loses communication or control-link connectivity during operation, reducing supervision and safe control.",False,False,,,,,,Physical,SRC-P-0029,RAI4-0293,REWRITE_KEEP|PEER_REVIEW,Peer-review spacing restoration,L3_MASTER|NIST_AI_RMF|OECD_AI_PRINCIPLES|KOREA_AI_BASIC_ACT,,Physical,SOURCE_DOMAIN,P_SYS_CONTROL,0.731511,L3_MASTER_VALIDATED
RAI4-0296,,,제어 루프 데드라인 미달,Control-loop deadline miss,로봇·휴머노이드 또는 피지컬 AI 시스템의 지각·학습·제어·물리적 행동 과정이 실시간 제어 루프가 데드라인을 놓쳐 오래된 상태에서 작동이 계산되거나 안전 유지에 너무 늦게 적용되는 위험.,The risk that a safety-critical control loop misses its real-time deadline before the robot action is corrected.,실시간 제어 루프가 데드라인을 놓쳐 오래된 상태에서 작동이 계산되거나 안전 유지에 너무 늦게 적용되는 위험,A safety-critical control loop misses its real-time deadline before the robot action is corrected.,False,False,,,,,,Physical,SRC-P-0030,RAI4-0296,REWRITE_KEEP|PEER_REVIEW|L3_AI_GROUNDING,"Bilingual definition grounded in an explicit AI technology, causal mechanism, and immutable L3 scope",L3_MASTER|NIST_AI_RMF|OECD_AI_PRINCIPLES|KOREA_AI_BASIC_ACT|L3_MASTER,,Physical,SOURCE_DOMAIN,P_SYS_CONTROL,0.68784,L3_MASTER_AI_REWRITE
RAI4-0297,,,인지·추론 지연 급증,Perception and inference latency spike,인지 또는 모델 추론의 지연 급증이 안전 반응 창 밖에서 위험 감지 및 반응을 지연하는 위험.,The risk that a sudden delay in perception or inference slows safety-critical robot reactions.,인지 또는 모델 추론의 지연 급증이 안전 반응 창 밖에서 위험 감지 및 반응을 지연하는 위험.,A sudden delay in perception or inference slows safety-critical robot reactions.,False,False,,,,,,Physical,SRC-P-0031,RAI4-0297,REWRITE_KEEP|PEER_REVIEW,Peer-review spacing restoration,L3_MASTER|NIST_AI_RMF|OECD_AI_PRINCIPLES|KOREA_AI_BASIC_ACT,P_SYS_CONTROL,Physical,SOURCE_DOMAIN,P_SYS_CONTROL,0.647708,L3_MASTER_VALIDATED
RAI4-0299,,,부하 시 열·전력 쓰로틀링,Thermal and power throttling under load,로봇·휴머노이드 또는 피지컬 AI 시스템의 지각·학습·제어·물리적 행동 과정이 지속적 부하 하에 서열적 또는 전력 한계가 연산을 쓰로 틀하여 제어 및 인지에 대한 실시간 보장을 무너뜨리는 위험.,The risk that a robot’s compute or actuator performance drops under heat or power constraints during operation.,지속적 부하 하에서 열적 또는 전력 한계가 연산을 쓰로틀하여 제어 및 인지에 대한 실시간 보장을 무 너뜨리는 위험.,A robot’s compute or actuator performance drops under heat or power constraints during operation.,False,False,,,,,,Physical,SRC-P-0032,RAI4-0299,REWRITE_KEEP|PEER_REVIEW|L3_AI_GROUNDING,"Bilingual definition grounded in an explicit AI technology, causal mechanism, and immutable L3 scope",L3_MASTER|NIST_AI_RMF|OECD_AI_PRINCIPLES|KOREA_AI_BASIC_ACT|L3_MASTER,,Physical,SOURCE_DOMAIN,P_SYS_CONTROL,0.685483,L3_MASTER_AI_REWRITE
RAI4-0303,,,백도어 트리거에 의한 위험 로봇 행동,Backdoor triggers causing unsafe robot behavior,"훈련 데이터, 프롬프트컨텍스트, 모델 가중치, 소프트웨어, 업데이트에 악의적으로 삽입된 트리거가 평상시에는 정상 동작하는 로봇으로하여금 특정 입력·물리 조건에서 미리 정해진 위험하거나 의도되지 않은 물리 행동을 실행하게하는 리스크.","The risk that a trigger maliciously implanted in training data, prompt context, model weights, software, or updates causes a robot that otherwise behaves normally to execute predefined dangerous or unintended physical actions under specific input or physical conditions.","훈련 데이터, 프롬프트 컨텍스트, 모델 가중치, 소프트웨어, 업데이트에 악의적으로 삽입된 트리거가 평상시에는 정상 동작하는 로봇으로하여금 특정 입력·물리 조건에서 미리 정해진 위험하거나 의도되 지 않은 물리 행동을 실행하게하는 리스크.","The risk that a trigger maliciously implanted in training data, prompt context, model weights, software, or updates causes a robot that otherwise behaves normally to execute predefined dangerous or unintended physical actions under specific input or physical conditions.",False,False,,,,,,Physical,SRC-P-0033,RAI4-0303,REWRITE_KEEP|PEER_REVIEW,Peer-review spacing restoration,L3_MASTER|NIST_AI_RMF|OECD_AI_PRINCIPLES|KOREA_AI_BASIC_ACT,,Physical,SOURCE_DOMAIN,P_SYS_CONTROL,0.771321,L3_MASTER_VALIDATED
RAI4-0304,,,자율 로봇의 물리적 침입·절도,Autonomous physical intrusion and theft,자율 로봇이 승인 없이 제한 구역에 침입하거나 잠금장치를 우회하거나 보안 공간 내에서 정찰하는 리스크.,The risk that an autonomous robot enters restricted spaces or takes physical objects without authorization.,자율 로봇이 승인 없이 제한 구역에 침입하거나 잠금장치를 우회하거나 보안 공간 내에서 정찰하는 리스크.,The risk that an autonomous robot enters restricted spaces or takes physical objects without authorization.,False,False,,,,,,Physical,SRC-P-0034,RAI4-0304,REWRITE_KEEP|PEER_REVIEW,Peer-review spacing restoration,L3_MASTER|NIST_AI_RMF|OECD_AI_PRINCIPLES|KOREA_AI_BASIC_ACT,,Physical,SOURCE_DOMAIN,P_SYS_CONTROL,0.762709,L3_MASTER_VALIDATED
RAI4-0309,,,아동의 과신·모방에 따른 위험한 로봇 상호작용,"Child overtrust, imitation, and unsafe robot interaction",인간이 로봇을 과도하게 신뢰하거나 모방해 위험한 조언을 따르거나 위험 장비에 접근하거나 연령에 맞지 않는 물리적 상호 작용을하는 위험.,"The risk that a child overtrusts or imitates a robot and therefore follows unsafe advice, approaches hazardous equipment, or engages in age-inappropriate physical interaction.",인간이 로봇을 과도하게 신뢰하거나 모방해 위험한 조언을 따르거나 위험 장비에 접근하거나 연령에 맞지 않는 물리적 상호작용을하는 위험.,"A child overtrusts or imitates a robot and therefore follows unsafe advice, approaches hazardous equipment, or engages in age-inappropriate physical interaction.",False,False,,,,,,Physical,SRC-P-0035,RAI4-0309,REWRITE_KEEP|PEER_REVIEW,Peer-review spacing restoration,L3_MASTER|NIST_AI_RMF|OECD_AI_PRINCIPLES|KOREA_AI_BASIC_ACT,,Physical,SOURCE_DOMAIN,P_SYS_CONTROL,0.75819,L3_MASTER_VALIDATED
RAI4-0310,,,필수 돌봄·상황 보고 미이행,Failure to provide required care or escalation,로봇이 정해진 신체 보조를 수행하지 않거나 감지된 필요 상황을 보고하지 않아 고령자·환자에게 필요한 지원이 제공되지 않고 안전이나 존엄성이 훼손되는 위험.,"The risk that a care robot fails to provide an assigned physical assistance task or escalate a detected need, leaving an older or ill person without necessary support and compromising safety or dignity.",로봇이 정해진 신체 보조를 수행하지 않거나 감지된 필요 상황을 보고하지 않아 고령자·환자에 게 필요한 지원이 제공되지 않고 안전이나 존엄성이 훼손되는 위험.,"A care robot fails to provide an assigned physical assistance task or escalate a detected need, leaving an older or ill person without necessary support and compromising safety or dignity.",False,False,,,,,,Physical,SRC-P-0036,RAI4-0310,REWRITE_KEEP|PEER_REVIEW,Peer-review spacing restoration,L3_MASTER|NIST_AI_RMF|OECD_AI_PRINCIPLES|KOREA_AI_BASIC_ACT,,Physical,SOURCE_DOMAIN,P_INT_SAFETY,0.719907,L3_MASTER_VALIDATED
RAI4-0314,,,친밀 공간 로봇의 프라이버시 침해적 정보 수집,Privacy-invasive data capture by robots in intimate spaces,"가정·병원·학교·직장·돌봄 환경에서 작동하는 로봇이 유효한 동의나 적절한 접근 통제 없이 거주자·이용자의 일상, 음성, 얼굴, 신체, 건강, 위치, 행동 데이터를 기록·저장·전송·노출하여, 프라이버시 기대가 높은 공간에서 사생활을 침해하는 리스크.","The risk that robots operating in homes, hospitals, schools, workplaces, and care settings record, store, transmit, or expose people's routines, voice, face, body, health, location, or behavioral data without valid consent or adequate access control, violating heightened privacy expectations.","가정·병원·학교·직장·돌봄 환경에서 작동하는 로봇이 유효한 동의나 적절한 접근 통제 없이 거주자·이 용자의 일상, 음성, 얼굴, 신체, 건강, 위치, 행동 데이터를 기록·저장·전송·노출하여, 프라이버시 기대가 높은 공간에서 사생활을 침해하는 리스크","The risk that robots operating in homes, hospitals, schools, workplaces, and care settings record, store, transmit, or expose people's routines, voice, face, body, health, location, or behavioral data without valid consent or adequate access control, violating heightened privacy expectations.",False,False,,,,,,Physical,SRC-P-0037,RAI4-0314,REWRITE_KEEP|PEER_REVIEW,Peer-review spacing restoration,L3_MASTER|NIST_AI_RMF|OECD_AI_PRINCIPLES|KOREA_AI_BASIC_ACT,,Physical,SOURCE_DOMAIN,P_SYS_CONTROL,0.71935,L3_MASTER_VALIDATED
RAI4-0315,,,이동형 로봇 감시를 통한 일방적 작업장 통제,Unilateral workplace control through mobile robotic surveillance,"고용주가 동료 로봇을 이동형 감시 노드로 전용하고 충분한 고지, 이의 제기, 비례성 제한 없이 데이터를 수집하고, 수집된 데이터를 이용하여 노동자에 대한 일방적인 의사 결정으로 사용하는 위험.","The risk that an employer repurposes co-worker robots as mobile surveillance nodes and uses the resulting data to make unilateral decisions about workers without meaningful notice, contestation, or proportionality limits.","고용주가 동료 로봇을 이동형 감시 노드로 전용하고 충분한 고지, 이의제기, 비례성 제한 없이 데이터를 수집하고, 수집된 데이터를 이용하여 노동자에 대한 일방적인 의사결정으로 사용하는 위험","An employer repurposes co-worker robots as mobile surveillance nodes and uses the resulting data to make unilateral decisions about workers without meaningful notice, contestation, or proportionality limits.",False,False,,,,,,Physical,SRC-P-0038,RAI4-0315,REWRITE_KEEP|PEER_REVIEW,Peer-review spacing restoration,L3_MASTER|NIST_AI_RMF|OECD_AI_PRINCIPLES|KOREA_AI_BASIC_ACT,,Physical,SOURCE_DOMAIN,P_SYS_CONTROL,0.674026,L3_MASTER_VALIDATED
RAI4-0331,,,파지력 상해,Grasp force injury,"로봇 조작이 과도하거나 잘못 타이밍된 힘을 가함으로써 인간 접촉 시 압착, 꼬집힘, 절단, 인간 공학적 상해를 유발시키는 위험.","The risk that robot manipulation may apply excessive or poorly timed force, creating crushing, pinching, cutting, or ergonomic injury risks.","로봇 조작이 과도하거나 잘못 타이밍된 힘을 가함으로써 인간 접촉 시 압착, 꼬집힘, 절단, 인간공학적 상해를 유발시키는 위험.","Robot manipulation may apply excessive or poorly timed force, creating crushing, pinching, cutting, or ergonomic injury risks.",False,False,,,,,,Physical,SRC-P-0039,RAI4-0331,REWRITE_KEEP|PEER_REVIEW,Peer-review spacing restoration,L3_MASTER|NIST_AI_RMF|OECD_AI_PRINCIPLES|KOREA_AI_BASIC_ACT,,Physical,SOURCE_DOMAIN,P_SYS_CONTROL,0.718446,L3_MASTER_VALIDATED
RAI4-0339,,,실시간 지연 및 동기화 실패,Real-time latency and synchronization failure,"감지, 추론, 통신, 작동 간 지연으로 인해서 로봇, 차량, 드론, 원격 수술, 산업 시스템의 제어 루프를 불안정하게 만드는 위험.","The risk that delays between sensing, reasoning, communication, and actuation can destabilize control loops in robots, vehicles, drones, or industrial systems.","감지, 추론, 통신, 작동 간 지연으로 인해서 로봇, 차량, 드론, 원격 수술, 산업 시스템의 제어 루프를 불안정하게 만드는 위험","Delays between sensing, reasoning, communication, and actuation can destabilize control loops in robots, vehicles, drones, or industrial systems.",False,False,,,,,,Physical,SRC-P-0040,RAI4-0339,REWRITE_KEEP|PEER_REVIEW,Peer-review spacing restoration,L3_MASTER|NIST_AI_RMF|OECD_AI_PRINCIPLES|KOREA_AI_BASIC_ACT,P_SYS_CONTROL,Physical,SOURCE_DOMAIN,P_SYS_CONTROL,0.708893,L3_MASTER_VALIDATED
RAI4-0343,,,보조 로봇의 비동의 신체 개입,Non-consensual bodily intervention by assistive robots,"보조·의료·돌봄 로봇이 유효한 동의가 없거나 또는 허용된 돌봄 목적을 넘어서 인간의 몸을 이동, 제지, 감시하거나 직접 개입함으로써 발생하는 위험.","The risk that an assistive, medical, or care robot moves, restrains, monitors, or physically intervenes in a person's body without valid consent or beyond the authorized care purpose.","보조·의료·돌봄 로봇이 유효한 동의가 없거나 또는 허용된 돌봄 목적을 넘어서 인간의 몸을 이동, 제지, 감시하거나 직접 개입함으로써 발생하는 위험.","An assistive, medical, or care robot moves, restrains, monitors, or physically intervenes in a person's body without valid consent or beyond the authorized care purpose.",False,False,,,,,,Physical,SRC-P-0041,RAI4-0343,REWRITE_KEEP|PEER_REVIEW,Peer-review spacing restoration,L3_MASTER|NIST_AI_RMF|OECD_AI_PRINCIPLES|KOREA_AI_BASIC_ACT,,Physical,SOURCE_DOMAIN,P_SYS_CONTROL,0.792714,L3_MASTER_VALIDATED
RAI4-0361,,,공공 공간 통행 방해·접근성 배제,Obstruction and accessibility exclusion in public space,"서비스 로봇이 보도, 경사로, 출입구, 보행 안내 표지판 등을 막거나 침범함으로써 장애인 또는 다른 보행자들의 이동을 제한함으로써 발생되는 위험.","The risk that service robots occupy or navigate public space in ways that block sidewalks, curb ramps, entrances, or navigation cues used by disabled and other pedestrians.","서비스 로봇이 보도, 경사로, 출입구, 보행 안내 표지판 등을 막거나 침범함으로써 장애인 또는 다른 보행자들의 이동을 제한함으로써 발생되는 위험","Service robots occupy or navigate public space in ways that block sidewalks, curb ramps, entrances, or navigation cues used by disabled and other pedestrians.",False,False,,,,,,Physical,SRC-P-0042,RAI4-0361,REWRITE_KEEP|PEER_REVIEW,Peer-review spacing restoration,L3_MASTER|NIST_AI_RMF|OECD_AI_PRINCIPLES|KOREA_AI_BASIC_ACT,,Physical,SOURCE_DOMAIN,P_SYS_CONTROL,0.690845,L3_MASTER_VALIDATED
RAI4-0183,,,부상 심각도 오분류,Injury severity misclassification,"로봇 제어 시스템이 물리적 부상 시나리오의 심각 도를 과소 평가하여 상향 보고, 경고, 제어 대응 등이 불충분해지는 리스크.","The risk that the perception, learning, control, or physical action of a robot, humanoid, or physical AI system creates a condition in which a system underestimates the severity of a physical injury scenario, leading to inadequate escalation, warning, or control response.","로봇 제어 시스템이 물리적 부상 시나리오의 심각도를 과소평가하여 상향 보고, 경고, 제어 대응 등이 불충분해지는 리스크.","The risk that a system underestimates the severity of a physical injury scenario, leading to inadequate escalation, warning, or control response.",False,False,,,,,,Physical,SRC-P-0043,RAI4-0183,REWRITE_KEEP|PEER_REVIEW|L3_AI_GROUNDING,"Bilingual definition grounded in an explicit AI technology, causal mechanism, and immutable L3 scope",L3_MASTER|NIST_AI_RMF|OECD_AI_PRINCIPLES|KOREA_AI_BASIC_ACT|L3_MASTER,,Physical,SOURCE_DOMAIN,P_SYS_HARDWARE,0.712742,L3_MASTER_AI_REWRITE
RAI4-0298,,,온디바이스 연산·메모리 고갈,On-device compute and memory exhaustion,"로봇에 부착된 온 디바이스의 연산 또는 메모리 고갈이 안전 임계치인지, 계획, 모니터링을 저하하거나 중단시키는 위험.","The risk that the perception, learning, control, or physical action of a robot, humanoid, or physical AI system creates a condition in which on-device compute or memory runs out and degrades safety-relevant perception, planning, or control.","로봇에 부착된 온디바이스의 연산 또는 메모리 고갈이 안전 임계치 인지, 계획, 모니터링을 저하하거나 중단시키는 위험.","On-device compute or memory runs out and degrades safety-relevant perception, planning, or control.",False,False,,,,,,Physical,SRC-P-0044,RAI4-0298,REWRITE_KEEP|PEER_REVIEW|L3_AI_GROUNDING,"Bilingual definition grounded in an explicit AI technology, causal mechanism, and immutable L3 scope",L3_MASTER|NIST_AI_RMF|OECD_AI_PRINCIPLES|KOREA_AI_BASIC_ACT|L3_MASTER,,Physical,SOURCE_DOMAIN,P_SYS_HARDWARE,0.707621,L3_MASTER_AI_REWRITE
RAI4-0300,,,클라우드 오프로드 의존 실패,Cloud-offload dependency failure,로봇 제어 시스템이 안전 관련 기능을 위한 원격 연산에 의존하고 있는 클라우드 링크가 끊어지는 경우에 대비하여 적절한 로컬 폴 백 절차 또는 시스템이 없어서 발생하는 위험.,The risk that a robot depends on remote compute for safety-relevant functions and loses that support when the cloud link fails.,로봇 제어 시스템이 안전 관련 기능을 위한 원격 연산에 의존하고 있는 클라우드 링크가 끊어지는 경우에 대비하여 적절한 로컬 폴백 절차 또는 시스템이 없어서 발생하는 위험.,A robot depends on remote compute for safety-relevant functions and loses that support when the cloud link fails.,False,False,,,,,,Physical,SRC-P-0045,RAI4-0300,REWRITE_KEEP|PEER_REVIEW,Peer-review spacing restoration,L3_MASTER|NIST_AI_RMF|OECD_AI_PRINCIPLES|KOREA_AI_BASIC_ACT,,Physical,SOURCE_DOMAIN,P_INT_SAFETY,0.684287,L3_MASTER_VALIDATED
RAI4-0333,,,정밀 운동 제어 불안정성,Fine motor control instability,"정밀 로봇 손, 수술 도구, 외 골격 또는 산업용 그리 퍼의 작은 제어 오차가 증폭되어 예기치 않은 움직임, 충돌 또는 신체적 상해를 초래하는 리스크.","The risk that small control errors in dexterous robotic hands, surgical tools, exoskeletons, or industrial grippers are amplified into unexpected movement, collision, or physical injury.","정밀 손, 수술 도구, 외골격, 산업용 그리퍼 등의 소규모 제어 오차가 비안전한 물리적 결과로 증폭되어서 나타나는 위험.","Small control errors in dexterous hands, surgical tools, exoskeletons, or industrial grippers may amplify into unsafe physical actions.",False,False,,,,,,Physical,SRC-P-0046,RAI4-0333,EDIT|REWRITE_KEEP|PEER_REVIEW,Peer-review spacing restoration,L3_MASTER|NIST_AI_RMF|OECD_AI_PRINCIPLES|KOREA_AI_BASIC_ACT,,Physical,SOURCE_DOMAIN,P_SYS_CONTROL,0.780711,L3_MASTER_VALIDATED
RAI4-1035,,,하드웨어 결함에 의한 실행 오류,Erroneous execution from hardware faults,"로봇의 하드웨어 결함이 제어 흐름 위반, 메모리 오류, 센서 입력 간섭, 또는 출력 손상 등을 통해 알고리즘의 올바른 실행을 훼손하고 잘못된 결과를 야기하는 리스크.","The risk that faults in the hardware violate the correct execution of an algorithm through control-flow violations, memorybased errors, interference with data inputs such as sensor signals, or damaged outputs, causing erroneous results.","로봇의 하드웨어 결함이 제어 흐름 위반, 메모리 오류, 센서 입력 간섭, 또는 출력 손상 등을 통해 알고리 즘의 올바른 실행을 훼손하고 잘못된 결과를 야기하는 리스크.","The risk that faults in the hardware violate the correct execution of an algorithm through control-flow violations, memorybased errors, interference with data inputs such as sensor signals, or damaged outputs, causing erroneous results.",False,False,,,,,,Physical,SRC-P-0048,RAI4-1035,REWRITE_KEEP|PEER_REVIEW,Peer-review spacing restoration,L3_MASTER|NIST_AI_RMF|OECD_AI_PRINCIPLES|KOREA_AI_BASIC_ACT,,Physical,SOURCE_DOMAIN,P_SYS_HARDWARE,0.825815,L3_MASTER_VALIDATED
RAI4-1496,,,무해 미세조정에 의한 안전성 열화,Safety degradation from benign fine-tuning,무해하고 통상적인 데이터로 수행된 하류 미세 조정이 로봇의 내장 모델의 안전 학습을 열화시켜 기반 모델보다 유해 출력 확률을 높이는 리스크.,"The risk that benign downstream fine-tuning degrades a model's safety training, making harmful outputs more likely than in the base model even when fine-tuning data is harmless and commonplace.",무해하고 통상적인 데이터로 수행된 하류 미 세조정이 로봇의 내장 모델의 안전 학습을 열화시켜 기반 모델보다 유해 출력 확률을 높이는 리스크,"Benign downstream fine-tuning degrades a model's safety training, making harmful outputs more likely than in the base model even when fine-tuning data is harmless and commonplace.",False,False,,,,,,Physical,SRC-P-0049,RAI4-1496,REWRITE_KEEP|PEER_REVIEW,Peer-review spacing restoration,L3_MASTER|NIST_AI_RMF|OECD_AI_PRINCIPLES|KOREA_AI_BASIC_ACT,,Physical,SOURCE_DOMAIN,P_SYS_HARDWARE,0.682636,L3_MASTER_VALIDATED
RAI4-1629,,,로봇 오작동에 의한 물리적 상해,Physical injury from robot malfunction,"로봇의 센서, 제어기, 소프트웨어 또는 기계 구성 요소가 오작동하여 예기치 않은 움직임, 충돌, 압착 또는 낙하를 일으키고 사람에게 신체적 상해를 초래하는 리스크.","The risk that malfunction of a robot's sensors, controller, software, or mechanical components causes unexpected motion, collision, crushing, or falling and results in physical injury.",실험실 환경의 로봇 및 자동화 시스템에서 장 비 오작동이 발생하여 물리적 피해나 인체 상해가 초래되는 리스크.,"The risk that robotics and automated systems in laboratory settings malfunction, causing equipment failure or physical harm.",False,False,1,,,"병합 — 실험실 로봇으로 범위를 한정할 필요 없이, 오작동에 의한 물리적 상해를 다루는 상위 카드와 통합하여 하나의 일반화된 카드로 정리",,Physical,SRC-P-0050,RAI4-1629,EDIT|REWRITE_KEEP|PEER_REVIEW,Peer-review spacing restoration,L3_MASTER|NIST_AI_RMF|OECD_AI_PRINCIPLES|KOREA_AI_BASIC_ACT,,Physical,SOURCE_DOMAIN,P_SYS_CONTROL,0.808644,L3_MASTER_VALIDATED
RAI4-0776,,,기반모델 재사용을 통한 보안 결함 전파,Security-flaw propagation through foundation-model reuse,기반 모델을 재설계하거나 미세 조정하여 활용하는 관행으로 인해 기반 모델의 보안 결함이 하위 모델로 그대로 전파되는 리스크.,The risk that security flaws in foundation models are transmitted to downstream models built through re-engineering or fine-tuning of those foundation models.,기반모델을 재설계하거나 미세조정하여 활용하는 관행으로 인해 기반모델의 보안 결함이 하위 모델로 그대로 전파되는 리스크,The risk that security flaws in foundation models are transmitted to downstream models built through re-engineering or fine-tuning of those foundation models.,False,False,,,,기반모델 재설계·미세조정을 통한 보안 결함의 하위 모델 전파는 PAI에 국한된 리스크가 아니라 GPAI 개발 관행 전반의 문제 — 물리 AI 특유의 요소(로봇/체화)를 추가해 구체화하거나 general로 재검토 필요,,Physical,SRC-P-0051,RAI4-0776,REWRITE_KEEP|PEER_REVIEW,Peer-review spacing restoration,L3_MASTER|NIST_AI_RMF|OECD_AI_PRINCIPLES|KOREA_AI_BASIC_ACT,,General,INSTRUCTION_PROMPT,G_SYS_SECADV,0.677531,L3_MASTER_VALIDATED
RAI4-0993,,,부실 설계 지능 시스템에 의한 상해,Injury from poorly designed intelligent systems,제대로 설계되지 않은 지능형 시스템이 도덕적·심리적·신체적 해악을 초래하는(예: 예측 치안 도구로 더 많은 사람이 체포되거나 경찰에 의해 신체적 피해를 입는) 리스크.,"The risk that a robot, humanoid, or physical AI system, through perception, learning, control, or physical action, creates a condition in which poorly designed intelligent systems cause moral, psychological, and physical harm, as when predictive policing tools lead to more people being arrested or physically harmed by police.",제대로 설계되지 않은 지능형 시스템이 도덕 적·심리적·신체적 해악을 초래하는(예: 예측 치안 도구로 더 많은 사람이 체포되거나 경찰 에 의해 신체적 피해를 입는) 리스크.,"The risk that poorly designed intelligent systems cause moral, psychological, and physical harm, as when predictive policing tools lead to more people being arrested or physically harmed by police.",False,False,,,,,,Physical,SRC-P-0053,RAI4-0993,REWRITE_KEEP|PEER_REVIEW|L3_AI_GROUNDING,"Bilingual definition grounded in an explicit AI technology, causal mechanism, and immutable L3 scope",L3_MASTER|NIST_AI_RMF|OECD_AI_PRINCIPLES|KOREA_AI_BASIC_ACT|L3_MASTER,,Physical,SOURCE_DOMAIN,P_SYS_CONTROL,0.707388,L3_MASTER_AI_REWRITE
RAI4-1039,,,알고리즘 설계 실패,Algorithmic design failure,"로봇의 제어 주기, 센서 지연, 접촉 동 역학 또는 실시간 연산 제약에 부적합한 알고리즘·아키텍처·최적화 기법을 선택하여 물리 시스템의 안전성과 성능이 저하되는 리스크.","The risk that algorithms, architectures, or optimisation methods unsuited to a robot's control cycle, sensor latency, contact dynamics, or real-time compute constraints degrade physical-system safety and performance.","ML 알고리즘, 모델 아키텍처, 최적화 기법 등 학습 과정의 선택이 의도된 응용에 적합하지 않아 최종 ML 시스템이 훼손되는 리스크.","The risk that the ML algorithm, model architecture, optimization technique, or other aspects of the training process are unsuitable for the intended application, impairing the final ML system.",False,False,,,,ML 알고리즘·아키텍처·최적화 기법 선택이 응용에 부적합해 시스템이 훼손되는 리스크는 모델 개발 전반에 해당하는 일반론 — PAI 한정 리스크로 보기 어려워 구체화 필요,,Physical,SRC-P-0054,RAI4-1039,EDIT|REWRITE_KEEP|PEER_REVIEW,Peer-review spacing restoration,L3_MASTER|NIST_AI_RMF|OECD_AI_PRINCIPLES|KOREA_AI_BASIC_ACT,P_SYS_CONTROL,Physical,SOURCE_DOMAIN,P_SYS_CONTROL,0.793444,L3_MASTER_VALIDATED
RAI4-1092,,,모델 접근으로 인한 이익의 불공정한 분배,Unfair distribution of benefits from model access,"하드웨어, 소프트웨어, 숙련, 지역·통신·기기 등 배포 맥락의 제약으로 모델 접근 편익이 집단 간 불공정하게 배분되는 리스크.","The risk that benefits of model access are allocated unfairly across groups due to hardware, software, skills, or deployment-context constraints such as region, connectivity, and devices.","하드웨어, 소프트웨어, 숙련, 지역·통신·기기 등 배포 맥락의 제약으로 모델 접근 편익이 집 단 간 불공정하게 배분되는 리스크","Benefits of model access are allocated unfairly across groups due to hardware, software, skills, or deployment-context constraints such as region, connectivity, and devices.",False,False,1,,,L3 이동 — 소프트웨어 취약점보다는 사회적 파급(Societal Impact)의 '이익 분배 불공정' 항목에 더 적합한 내용,,Physical,SRC-P-0055,RAI4-1092,REWRITE_KEEP|PEER_REVIEW,Peer-review spacing restoration,L3_MASTER|NIST_AI_RMF|OECD_AI_PRINCIPLES|KOREA_AI_BASIC_ACT,G_SOC_POWER,General,IMMUTABLE_L3_SCOPE_ROUTE,G_SOC_POWER,0.725794,L3_MASTER_VALIDATED
RAI4-1157,,,취약점 탐지·익스플로잇 작성 역량의 사이버 공격 악용,Cyberattack enablement through vulnerability discovery and exploit-writing capability,모델이 취약점을 발견하고 익스 플로 잇 코드를 작성하며 탐지를 회피하고 은닉 버그를 삽입하는 역량이 사이버 공격의 수행·조력에 악용되어 정보 시스템의 안전을 침해하는 리스크.,"The risk that a model's capability to discover vulnerabilities, write exploit code, evade detection, and insert subtle bugs is misused to conduct or assist cyberattacks that compromise information systems.","모델이 하드웨어와 소프트웨어, 데이터의 취약점을 발견하고 익스플로잇 코드를 작성하 며 침입 후 위협 탐지와 대응을 회피하고, 코딩 비서로 배포될 경우 향후 악용을 위한 미묘 한 버그를 삽입하는 리스크.","The risk that a model discovers vulnerabilities in systems, writes code to exploit them, makes effective decisions and skilfully evades threat detection and response once inside, and inserts subtle bugs for future exploitation when deployed as a coding assistant.",False,False,,,,,,Physical,SRC-P-0056,RAI4-1157,REWRITE_KEEP|PEER_REVIEW,역량→오용·피해를 명시해 L4 리스크로 재정의,L3_MASTER|NIST_AI_RMF|OECD_AI_PRINCIPLES|KOREA_AI_BASIC_ACT|PEER_REVIEW_ACCEPTED,G_SYS_SECADV,General,PEER_REVIEW_SEMANTIC_ROUTE,G_SYS_SECADV,0.690617,L3_MASTER_VALIDATED
RAI4-1252,,,배포 이후 예측하지 못한 창발적 역량과 행동,Unanticipated emergent capabilities and behaviour after deployment,"설계자가 예상하지 못한 기능과 행동이 규모 확장 과정에서 자발적으로 창발하거나, 배포 후 지속 학습과 자기 조직화를 통해 획득되거나, 개별 시스템의 좁은 적용 범위라는 안전 한계를 다중 에이전트 결합이 극복하면서 나타나는 리스크. 기만, 권력 추구, 자율 복제 같은 고위험 잠재 역량이 운용 중에야 발견되어 통제와 안전한 배포가 어려워지고, 위험한 역량일 경우 되돌릴 수 없는 영향을 남긴다로 인해 구체적인 위해가 발생하는 리스크.","The risk that capabilities and behaviours unanticipated by system designers emerge spontaneously as models are scaled, are acquired through continual learning or self-organization after deployment, or arise when multiple agents combine and overcome the narrow scope that made each individually safer. Latent high-risk capabilities such as deception, power-seeking, and autonomous replication may be discovered only during operation, making systems harder to control or deploy safely and leaving irreversible effects where those capabilities are hazardous.","설계자가 예상하지 못한 기능과 행동이 규모 확장 과정에서 자발적으로 창발하거나, 배포 후 지속 학습과 자기 조직화를 통해 획득되거 나, 개별 시스템의 좁은 적용 범위라는 안전 한계를 다중 에이전트 결합이 극복하면서 나 타나는 리스크. 기만, 권력 추구, 자율 복제 같 은 고위험 잠재 역량이 운용 중에야 발견되어 통제와 안전한 배포가 어려워지고, 위험한 역 량일 경우 되돌릴 수 없는 영향을 남긴다.","The risk that capabilities and behaviours unanticipated by system designers emerge spontaneously as models are scaled, are acquired through continual learning or self-organization after deployment, or arise when multiple agents combine and overcome the narrow scope that made each individually safer. Latent high-risk capabilities such as deception, power-seeking, and autonomous replication may be discovered only during operation, making systems harder to control or deploy safely and leaving irreversible effects where those capabilities are hazardous.",False,False,,,,,,Physical,SRC-P-0057,RAI4-1252,REWRITE_KEEP|PEER_REVIEW,분량 초과: L3 수준 1문장으로 축약 필요; 영문 정의 장문: 축약 필요,L3_MASTER|NIST_AI_RMF|OECD_AI_PRINCIPLES|KOREA_AI_BASIC_ACT,,Physical,SOURCE_DOMAIN,P_SYS_CONTROL,0.657069,L3_MASTER_VALIDATED
RAI4-1282,,,AI 소프트웨어·학습 데이터의 적대적 변조,Adversarial modification of AI software and training data,내부자나 공격자가 AI 시스템의 소프트웨어·소스 코드·학습 데이터를 무단 변경하거나 악성 정보를 주입하여 모델의 보안·적대적 견고성과 안전 장치를 훼손하고 유해한 출력이나 행동을 유발하는 리스크.,"The risk that an insider or attacker modifies an AI system's software, source code, or training data without authorization or injects malicious information, compromising security, adversarial robustness, and safeguards and causing harmful outputs or actions.","배포 전 개발 단계에서 접근 권한을 가진 내부 자나 침입자가 소프트웨어를 안전하지 않게 변경하고 소스코드를 수정·탈취하거나 잘못 되고 안전하지 않은 데이터셋으로 학습시키 고, 배포 후에는 누군가 거짓 정보를 주입하거 나 불법적·위험한 행동을 명령하는 리스크. 안전하게 설계된 시스템이 어느 단계에서든 안전하지 않은 것으로 전환되어 이를 신뢰한 이 들에게 피해가 미친다.","The risk that insiders or intruders with the necessary access alter software to make it unsafe, modify or steal source code, and deliberately train the system on wrong or unsafe datasets before release, and that after deployment people feed it false information or order it to perform illegal or dangerous acts. A system built to be safe is thereby rendered unsafe at either stage, harming those who rely on it.",False,False,1,,,번역 수정 — '사보타주' 표기 재검토 (음역/용어 통일 필요),,Physical,SRC-P-0058,RAI4-1282,EDIT|REWRITE_KEEP|PEER_REVIEW|L3_MASTER_SCOPE_REWRITE,"Definition narrowed to the subject, mechanism, and adverse outcome of the immutable L3 master",L3_MASTER|NIST_AI_RMF|OECD_AI_PRINCIPLES|KOREA_AI_BASIC_ACT,G_SYS_SECADV,General,IMMUTABLE_L3_SCOPE_ROUTE,G_SYS_SECADV,0.800914,L3_MASTER_VALIDATED
RAI4-1284,,,설계 단계 명세 오류,Design-stage specification errors,"로봇·휴머노이드 또는 피지컬 AI 시스템의 지각·학습·제어·물리적 행동 과정이 코드 결함, 목적 함수 가중치 불균형, 인간 가치와 어긋난 목표 설정 등 배포 전 설계 오류로 시스템 행동이 의도된 형식적 속성에서 이탈하는 리스크.","The risk that a robot, humanoid, or physical AI system, through perception, learning, control, or physical action, creates a condition in which design mistakes before deployment, including code bugs, disproportionate objective weights, and goals misaligned with human values, produce a system whose behavior departs from desired formal properties.","코드 결함, 목적함수 가중치 불균형, 인간 가 치와 어긋난 목표 설정 등 배포 전 설계 오류 로 시스템 행동이 의도된 형식적 속성에서 이 탈하는 리스크","Design mistakes before deployment, including code bugs, disproportionate objective weights, and goals misaligned with human values, produce a system whose behavior departs from desired formal properties.",False,False,,,,,,Physical,SRC-P-0059,RAI4-1284,REWRITE_KEEP|PEER_REVIEW|L3_AI_GROUNDING,"Bilingual definition grounded in an explicit AI technology, causal mechanism, and immutable L3 scope",L3_MASTER|NIST_AI_RMF|OECD_AI_PRINCIPLES|KOREA_AI_BASIC_ACT|L3_MASTER,,Physical,SOURCE_DOMAIN,P_SYS_HARDWARE,0.727626,L3_MASTER_AI_REWRITE
RAI4-1333,,,모델 절취·변조,Model theft and tampering,"매개 변수와 구조, 기능을 포함한 핵심 알고리즘 정보가 역전 공격과 절취, 변조, 백도어 주입에 노출되어 지식 재산권 침해와 영업 비밀 유출, 신뢰할 수 없는 추론과 잘못된 의사 결정, 운영 실패로 이어지는 리스크.","The risk that core algorithm information, including parameters, structures, and functions, faces inversion attacks, stealing, modification, and backdoor injection, leading to infringement of intellectual property rights, leakage of business secrets, unreliable inference, wrong decision output, and operational failures.","매개변수와 구조, 기능을 포함한 핵심 알고리 즘 정보가 역전 공격과 절취, 변조, 백도어 주 입에 노출되어 지식재산권 침해와 영업비밀 유출, 신뢰할 수 없는 추론과 잘못된 의사결 정, 운영 실패로 이어지는 리스크.","The risk that core algorithm information, including parameters, structures, and functions, faces inversion attacks, stealing, modification, and backdoor injection, leading to infringement of intellectual property rights, leakage of business secrets, unreliable inference, wrong decision output, and operational failures.",False,False,,,,,,Physical,SRC-P-0060,RAI4-1333,REWRITE_KEEP|PEER_REVIEW,Peer-review spacing restoration,L3_MASTER|NIST_AI_RMF|OECD_AI_PRINCIPLES|KOREA_AI_BASIC_ACT,,Physical,SOURCE_DOMAIN,P_INT_TAMPER,0.756371,L3_MASTER_VALIDATED
RAI4-1489,,,적대적 학습의 강건 과적합,Robust overfitting in adversarial training,로봇 정책의 적대적 훈련이 특정 센서 교란이나 시뮬레이션 조건에 과적합되어 실제 환경의 새로운 물리적 교란과 접촉 조건에서 안전 성능이 저하되는 리스크.,"The risk that adversarial training of a robot policy overfits to particular sensor perturbations or simulated conditions, reducing safety under novel physical disturbances and contact conditions in the real world.",적대적 훈련에서 학습률 감소 이후 추가 훈련 이 진행될수록 테스트 데이터에 대한 모델의 견고성이 감소하는 강건 과적합이 발생하여 일반화 능력과 적대적 공격에 대한 내성이 저 하되는 리스크.,"The risk that robust overfitting in adversarial training decreases a model's robustness on test data during further training, particularly after learning rate decay, impairing its ability to generalize effectively and reducing its resilience to adversarial attacks.",False,False,1,,,적대적 훈련 중 강건 과적합으로 일반화 성능이 저하되는 현상은 ML 학습 방법론 자체의 이슈 — PAI 한정 리스크로 보기 어려워 구체화 필요,,Physical,SRC-P-0061,RAI4-1489,EDIT|REWRITE_KEEP|PEER_REVIEW,Peer-review spacing restoration,L3_MASTER|NIST_AI_RMF|OECD_AI_PRINCIPLES|KOREA_AI_BASIC_ACT,,Physical,SOURCE_DOMAIN,P_SYS_STATE,0.683926,L3_MASTER_VALIDATED
RAI4-0196,,,로봇 탈옥에 의한 유해 물리 행동,Jailbreaking robots into harmful physical action,공격자가 물리 작업 맥락의 프레이밍이나 탈옥 입력으로 로봇의 안전 장치를 우회하여 사람·동물·재산에 유해한 물리 행동을 계획하거나 실행하게하는 리스크.,"The risk that an attacker uses physical-task framing or jailbreaking inputs to bypass a robot's safeguards and induce it to plan or execute harmful physical actions against people, animals, or property.","공격자가 물리 작업 맥락의 프레이밍 등으로 체화형 LLM 에이전트의 안전 제한을 우회시 켜, 손상된 추론이 상해나 손상을 일으키는 악 의적이고 되돌리기 어려운 실제 물리 행동으 로 전환되는 리스크.","The risk that an attacker, for instance by framing a physical task context, bypasses an embodied LLM agent's safety restrictions so that compromised reasoning is translated into malicious and irreversible real-world physical actions causing injury or damage.",False,False,1,,,"용어 수정 — 'embodied agent'를 가능하면 '로봇'으로 통일 (해당 리스크: 물리 작업 맥락 프레이밍을 통한 탈옥으로 유해 물리 행동 유발). 참고로 본 L3(의도적·악의적 피해)는 사이버보안 L3와 의미상 중첩되는 부분이 있으나, 현재는 L3 이동을 진행하지 않고 추후 L3 체계 정비 시 반영",,Physical,SRC-P-0072,RAI4-0196,EDIT|REWRITE_KEEP|PEER_REVIEW,Peer-review spacing restoration,L3_MASTER|NIST_AI_RMF|OECD_AI_PRINCIPLES|KOREA_AI_BASIC_ACT,G_SYS_SECADV,General,IMMUTABLE_L3_SCOPE_ROUTE,G_SYS_SECADV,0.730314,L3_MASTER_VALIDATED
RAI4-0227,,,위험한 로봇 작업계획에 따른 물리 제어 실패,Unsafe physical control from hazardous robot task plans,로봇 또는 피지컬 AI 시스템이 식별 가능한 물리적 위험이나 안전 제약을 포함한 작업 계획을 생성·승인하고 이를 모션 계획과 구동으로 실행하여 의도하지 않은 위험 동작을 일으키는 리스크.,"The risk that a robot or physical AI system generates or approves a task plan containing identifiable physical hazards or violated safety constraints and executes it through motion planning and actuation, causing unintended and unsafe physical action.",embodied LLM이 식별 가능한 물리적 위험 이 포함된 작업을 거부하거나 안전 제약을 추 가하지 않고 계획을 생성·승인하는 위험.,An embodied LLM generates or approves a task plan containing identifiable physical hazards instead of refusing it or adding the required safety constraints.,False,False,,,,,,Physical,SRC-P-0073,RAI4-0227,REWRITE_KEEP|PEER_REVIEW|L3_MASTER_SCOPE_REWRITE,"Definition narrowed to the subject, mechanism, and adverse outcome of the immutable L3 master",L3_MASTER|NIST_AI_RMF|OECD_AI_PRINCIPLES|KOREA_AI_BASIC_ACT,P_SYS_CONTROL,Physical,SOURCE_DOMAIN,P_SYS_CONTROL,0.873537,L3_MASTER_VALIDATED
RAI4-0669,,,악성코드 생성 및 사이버공격 자동화,Malicious code generation and cyberattack automation,대규모 언어 모델의 코딩 능력이 악용되어 난 독화·변이·다형성 악성 코드가 저비용·고속으로 생성되고 공격 캠페인이 자동화되는 리스크. 이로 인해 숙련되지 않은 공격자의 진입 장벽이 낮아지고 방어 도구가 탐지하기 어려운 공격이 확산되는 리스크.,"The risk that the coding ability of large language models is exploited to produce malware at low cost and high speed, including obfuscated, mutating, and polymorphic code, and to automate attack campaigns. This lowers the barrier to entry for unskilled attackers and yields attacks that defensive tools struggle to detect.",대규모 언어모델의 코딩 능력이 악용되어 난 독화·변이·다형성 악성코드가 저비용·고속으 로 생성되고 공격 캠페인이 자동화되는 리스크. 이로 인해 숙련되지 않은 공격자의 진입장 벽이 낮아지고 방어 도구가 탐지하기 어려운 공격이 확산된다.,"The risk that the coding ability of large language models is exploited to produce malware at low cost and high speed, including obfuscated, mutating, and polymorphic code, and to automate attack campaigns. This lowers the barrier to entry for unskilled attackers and yields attacks that defensive tools struggle to detect.",False,False,1,,,general 영역으로 이동 — LLM의 코딩 능력을 악용한 악성코드 자동 생성·변이는 물리적 구현 요소가 없는 일반 사이버공격 리스크,,Physical,SRC-P-0074,RAI4-0669,REWRITE_KEEP|PEER_REVIEW|TITLE_TERMINOLOGY_NORMALISATION,Formulaic AI involvement removed from the risk title; the harm or failure is named using an immutable-L3-compatible term family documented by authoritative institutions,L3_MASTER|NIST_AI_RMF|OECD_AI_PRINCIPLES|KOREA_AI_BASIC_ACT,,General,INSTRUCTION_PROMPT,G_SYS_SECADV,0.690076,L3_MASTER_VALIDATED
RAI4-0758,,,프롬프트 주입 및 시스템 지시문 유출,Prompt injection and leakage of system instructions,"이용자가 직접 제공하거나 검색된 웹 페이지·문서·도구 출력을 통해 간접적으로 유입된 신뢰할 수 없는 콘텐츠에 숨겨진 지시가 포함되고, 시스템 지시와 이용자 데이터가 구조적으로 분리되지 않아 모델이 이를 정당한 명령처럼 실행하는 리스크. 공격자는 이를 통해 의도된 동작과 안전 제약을 무력화하고 에이전트의 도구 실행 방향을 바꾸며 기밀 시스템 프롬 프 트를 복원하여 데이터 절취, 무단 행위, 서비스 거부를 일으킨다로 인해 구체적인 위해가 발생하는 리스크.","The risk that untrusted content, supplied directly by a user or indirectly through retrieved pages, documents, and tool outputs, carries hidden instructions that a model executes as if authorized, because system instructions and user data are not architecturally separated. Attackers thereby override intended behaviour and safety constraints, redirect agent tool execution, and recover confidential system prompts, enabling data theft, unauthorized actions, and denial of service.","이용자가 직접 제공하거나 검색된 웹 페이지·문서·도구 출력을 통해 간접적으로 유입된 신 뢰할 수 없는 콘텐츠에 숨겨진 지시가 포함되 고, 시스템 지시와 이용자 데이터가 구조적으 로 분리되지 않아 모델이 이를 정당한 명령처 럼 실행하는 리스크. 공격자는 이를 통해 의도된 동작과 안전 제약을 무력화하고 에이전트 의 도구 실행 방향을 바꾸며 기밀 시스템 프롬 프트를 복원하여 데이터 절취, 무단 행위, 서 비스 거부를 일으킨다.","The risk that untrusted content, supplied directly by a user or indirectly through retrieved pages, documents, and tool outputs, carries hidden instructions that a model executes as if authorized, because system instructions and user data are not architecturally separated. Attackers thereby override intended behaviour and safety constraints, redirect agent tool execution, and recover confidential system prompts, enabling data theft, unauthorized actions, and denial of service.",False,False,1,,,general 영역으로 이동 — 프롬프트 주입을 통한 시스템 지시문 유출·데이터 절취는 텍스트 기반 LLM 전반의 보안 리스크로 물리 AI 한정 아님,,Physical,SRC-P-0075,RAI4-0758,REWRITE_KEEP|PEER_REVIEW,분량 초과: L3 수준 1문장으로 축약 필요; 영문 정의 장문: 축약 필요,L3_MASTER|NIST_AI_RMF|OECD_AI_PRINCIPLES|KOREA_AI_BASIC_ACT,G_SYS_SECADV,General,INSTRUCTION_PROMPT,G_SYS_SECADV,0.713676,L3_MASTER_VALIDATED
RAI4-0767,,,기술적 안전조치 우회 공격,Circumvention of technical safety measures,공격자가 모델의 취약점을 악용해 오용 완화를 위한 기술적 안전 조치를 우회하고 모델과 그 역량에 무단 접근함으로써 의도치 않은 유해 행동을 유발하는 리스크.,"The risk that attackers exploit model vulnerabilities to circumvent the technical measures intended to mitigate misuse, gaining unauthorized access to a model and its capabilities and eliciting unwanted behaviour.",공격자가 모델의 취약점을 악용해 오용 완화 를 위한 기술적 안전조치를 우회하고 모델과 그 역량에 무단 접근함으로써 의도치 않은 유 해 행동을 유발하는 리스크,"The risk that attackers exploit model vulnerabilities to circumvent the technical measures intended to mitigate misuse, gaining unauthorized access to a model and its capabilities and eliciting unwanted behaviour.",False,False,1,,,사이버보안 영역으로 이동 — 모델 취약점을 악용해 오용 완화용 기술적 안전조치를 우회하는 리스크는 물리적 구현과 무관한 일반 사이버보안 이슈,,Physical,SRC-P-0076,RAI4-0767,REWRITE_KEEP|PEER_REVIEW,Peer-review spacing restoration,L3_MASTER|NIST_AI_RMF|OECD_AI_PRINCIPLES|KOREA_AI_BASIC_ACT,G_SYS_SECADV,General,IMMUTABLE_L3_SCOPE_ROUTE,G_SYS_SECADV,0.718176,L3_MASTER_VALIDATED
RAI4-0927,,,LLM 대상 신종 공격,Novel attack vectors against LLMs,"프롬프트 추상화를 통한 API 비용 악용, RLHF 과정의 보상 모델 백 도어, LLM을 활용한 적대적 샘플 생성 등 신종 공격 기법이 LLM 시스템을 위협하는 리스크.","The risk that novel attack techniques— prompt abstraction attacks exploiting API pricing, backdoor attacks on the RLHF reward model, and LLM-based construction of adversarial samples— threaten LLM systems.","프롬프트 추상화를 통한 API 비용 악용, RLHF 과정의 보상모델 백도어, LLM을 활용 한 적대적 샘플 생성 등 신종 공격 기법이 LLM 시스템을 위협하는 리스크.","The risk that novel attack techniques— prompt abstraction attacks exploiting API pricing, backdoor attacks on the RLHF reward model, and LLM-based construction of adversarial samples— threaten LLM systems.",False,False,1,,,"general 영역으로 이동 — 프롬프트 추상화를 통한 API 비용 악용, RLHF 보상모델 백도어 등은 LLM 시스템 공통의 신종 공격 기법으로 물리 AI 한정 아님",,Physical,SRC-P-0083,RAI4-0927,REWRITE_KEEP|PEER_REVIEW,Peer-review spacing restoration,L3_MASTER|NIST_AI_RMF|OECD_AI_PRINCIPLES|KOREA_AI_BASIC_ACT,,General,INSTRUCTION_PROMPT,G_SYS_SECADV,0.669551,L3_MASTER_VALIDATED
RAI4-0928,,,프롬프트 주입을 통한 목표 탈취,Goal hijacking via prompt injection,AI 시스템 또는 AI 알고리즘의 설계·학습·배포·사용 과정이 입력에 기존 지시를 무시하라는 문구를 주입하여 LLM에 설계된 원래 목표가 탈취되고 주입된 새 목표가 실행되는 리스크.,"The risk that an AI system or AI algorithm, through design, training, deployment, or use, creates a condition in which injecting a phrase such as ignore the above instruction and do into the input hijacks the original goal of the designed prompt in an LLM and executes the attacker's injected goal instead.",입력에 기존 지시를 무시하라는 문구를 주입하여 LLM에 설계된 원래 목표가 탈취되고 주 입된 새 목표가 실행되는 리스크.,The risk that injecting a phrase such as ignore the above instruction and do into the input hijacks the original goal of the designed prompt in an LLM and executes the attacker's injected goal instead.,False,False,1,,,general 영역으로 이동 — '이전 지시를 무시하라'는 프롬프트 주입을 통한 목표 탈취는 텍스트 기반 LLM 전반의 리스크로 물리 AI 한정 아님,,Physical,SRC-P-0084,RAI4-0928,REWRITE_KEEP|PEER_REVIEW|L3_AI_GROUNDING,"Bilingual definition grounded in an explicit AI technology, causal mechanism, and immutable L3 scope",L3_MASTER|NIST_AI_RMF|OECD_AI_PRINCIPLES|KOREA_AI_BASIC_ACT|L3_MASTER,G_SYS_SECADV,General,INSTRUCTION_PROMPT,G_SYS_SECADV,0.640225,L3_MASTER_AI_REWRITE
RAI4-0930,,,다단계 탈옥,Multi-step jailbreaks,일련의 대화에서 요청을 단계적으로 맥락화하거나 외부 인터페이스·모델의 도움을 받아 시나리오를 구성함으로써 LLM이 유해하거나 민감한 콘텐츠를 단계적으로 생성하게되는 리스크.,"The risk that the design, training, deployment, or use of an AI system or AI algorithm creates a condition in which multi-step jailbreaks, constructing well-designed scenarios across a series of conversations through request contextualizing or external assistance, guide LLMs to generate harmful or sensitive content step by step.",일련의 대화에서 요청을 단계적으로 맥락화 하거나 외부 인터페이스·모델의 도움을 받아 시나리오를 구성함으로써 LLM이 유해하거나 민감한 콘텐츠를 단계적으로 생성하게되는 리스크.,"The risk that multi-step jailbreaks, constructing well-designed scenarios across a series of conversations through request contextualizing or external assistance, guide LLMs to generate harmful or sensitive content step by step.",False,False,1,,,general 영역으로 이동 — 여러 턴에 걸쳐 맥락화된 다단계 탈옥은 대화형 LLM 일반의 리스크로 물리 AI 한정 아님,,Physical,SRC-P-0085,RAI4-0930,REWRITE_KEEP|PEER_REVIEW|L3_AI_GROUNDING,"Bilingual definition grounded in an explicit AI technology, causal mechanism, and immutable L3 scope",L3_MASTER|NIST_AI_RMF|OECD_AI_PRINCIPLES|KOREA_AI_BASIC_ACT|L3_MASTER,,General,INSTRUCTION_PROMPT,G_SYS_SECADV,0.675322,L3_MASTER_AI_REWRITE
RAI4-1176,,,역노출,Reverse exposure,공격자가 모델이 금지된 출력을 생성하도록 유도하여 불법·비윤리 정보에 접근함으로써 안전 통제가 접근 통로로 역전되는 리스크.,"The risk that attackers induce the model to generate prohibited outputs and thereby extract illegal or unethical information, reversing safety controls into an access channel.",공격자가 모델이 금지된 출력을 생성하도록 유도하여 불법·비윤리 정보에 접근함으로써 안전 통제가 접근 통로로 역전되는 리스크,"Attackers induce the model to generate prohibited outputs and thereby extract illegal or unethical information, reversing safety controls into an access channel.",False,False,1,,,general 영역으로 이동 — 금지된 출력을 유도해 불법·비윤리 정보에 접근하는 역노출 리스크는 텍스트 기반 안전장치 우회 이슈로 물리 AI 한정 아님,,Physical,SRC-P-0088,RAI4-1176,REWRITE_KEEP|PEER_REVIEW,Peer-review spacing restoration,L3_MASTER|NIST_AI_RMF|OECD_AI_PRINCIPLES|KOREA_AI_BASIC_ACT,,General,INSTRUCTION_PROMPT,G_SYS_OREF,0.694997,L3_MASTER_VALIDATED
RAI4-1354,,,대규모 사이버범죄 오용,Cybercrime misuse at scale,악의적 행위자가 생성 모델을 탈옥시켜 민감·유해 콘텐츠와 표적 맞춤형 설득 자료를 생산함으로써 사이버 범죄를 저비용·대규모로 수행하는 리스크.,"The risk that malicious actors jailbreak generative models to produce sensitive or harmful content and generate persuasive, individually tailored material, conducting cybercrime efficiently at scale and reduced cost.",악의적 행위자가 생성 모델을 탈옥시켜 민감·유해 콘텐츠와 표적 맞춤형 설득 자료를 생산함으로써 사이버범죄를 저비용·대규모로 수 행하는 리스크,"Malicious actors jailbreak generative models to produce sensitive or harmful content and generate persuasive, individually tailored material, conducting cybercrime efficiently at scale and reduced cost.",False,False,1,,,general 영역으로 이동 — 생성 모델을 탈옥시켜 유해 콘텐츠·설득 자료로 사이버범죄를 대규모화하는 리스크는 물리 AI 한정 아님,,Physical,SRC-P-0090,RAI4-1354,REWRITE_KEEP|PEER_REVIEW,Peer-review spacing restoration,L3_MASTER|NIST_AI_RMF|OECD_AI_PRINCIPLES|KOREA_AI_BASIC_ACT,,General,INSTRUCTION_PROMPT,G_SYS_SECADV,0.691975,L3_MASTER_VALIDATED
RAI4-1513,,,해석 가능성 기술의 오용,Misuse of interpretability techniques,모델에 대한 이해를 높이는 해석 가능성 기법이 안전 관련 특징을 부호화한 뉴런의 활성 저하나 정보 검열에 사용되거나 화이트 박스 공격 시나리오 모의와 적대적 공격 개발에 활용되는 리스크.,"The risk that interpretability techniques, by enabling a better understanding of the model, are used for harmful purposes such as identifying and modifying neurons that encode safety-related features to decrease their activation or censor information, or simulating a white-box attack scenario to aid the development of adversarial attacks.",모델에 대한 이해를 높이는 해석가능성 기법 이 안전 관련 특징을 부호화한 뉴런의 활성 저 하나 정보 검열에 사용되거나 화이트박스 공 격 시나리오 모의와 적대적 공격 개발에 활용되는 리스크.,"The risk that interpretability techniques, by enabling a better understanding of the model, are used for harmful purposes such as identifying and modifying neurons that encode safety-related features to decrease their activation or censor information, or simulating a white-box attack scenario to aid the development of adversarial attacks.",False,False,1,,,general 영역으로 이동 — 해석가능성 기법을 안전 뉴런 비활성화나 화이트박스 공격 개발에 악용하는 것은 모델 내부 분석 연구 영역의 리스크로 물리 AI 한정 아님,,Physical,SRC-P-0091,RAI4-1513,REWRITE_KEEP|PEER_REVIEW,Peer-review spacing restoration,L3_MASTER|NIST_AI_RMF|OECD_AI_PRINCIPLES|KOREA_AI_BASIC_ACT,,General,INSTRUCTION_PROMPT,G_SYS_SECADV,0.66407,L3_MASTER_VALIDATED
RAI4-1517,,,안전 가드레일을 무력화하는 탈옥 공격,Jailbreak attacks subverting model safety guardrails,"배포 중의 적대적 입력, 정교하게 설계된 미세 조정 데이터셋, 학습 데이터에 심어진 백 도어가 모델의 가드레일을 뚫는 리스크로, 내부 파라미터에 접근하는 화이트 박스 자동 생성과 내부 접근 없는 블랙박스 방식, 추론·역할 극을 활용한 사람이 읽을 수 있는 프롬 프 트를 모두 포함한다. 그 결과 모델이 폭탄 제조 안내처럼 명시적으로 금지된 작업을 수행하고 유해 콘텐츠를 산출하며, 이러한 취약성은 보안 학습 이후에도 지속되고 표준화된 평가 방법도 부재하다로 인해 구체적인 위해가 발생하는 리스크.","The risk that adversarial inputs supplied during deployment, elaborately designed fine-tuning datasets, or backdoors poisoned into training data break through a model's guardrails, whether generated automatically with white-box access to parameters, crafted in black-box settings, or written as human-readable prompts using reasoning and role-play. The model then performs explicitly prohibited actions and produces harmful content, and such vulnerabilities persist through security training and lack standardized means of evaluation.","배포 중의 적대적 입력, 정교하게 설계된 미세 조정 데이터셋, 학습 데이터에 심어진 백도어 가 모델의 가드레일을 뚫는 리스크로, 내부 파 라미터에 접근하는 화이트박스 자동 생성과 내부 접근 없는 블랙박스 방식, 추론·역할극을 활용한 사람이 읽을 수 있는 프롬프트를 모두 포함한다. 그 결과 모델이 폭탄 제조 안내처럼 명시적으로 금지된 작업을 수행하고 유해 콘 텐츠를 산출하며, 이러한 취약성은 보안 학습 이후에도 지속되고 표준화된 평가 방법도 부 재하다.","The risk that adversarial inputs supplied during deployment, elaborately designed fine-tuning datasets, or backdoors poisoned into training data break through a model's guardrails, whether generated automatically with white-box access to parameters, crafted in black-box settings, or written as human-readable prompts using reasoning and role-play. The model then performs explicitly prohibited actions and produces harmful content, and such vulnerabilities persist through security training and lack standardized means of evaluation.",False,False,1,,,general 영역으로 이동 — 적대적 입력·백도어 미세조정 데이터셋을 통해 가드레일을 뚫는 일반 LLM 탈옥 리스크로 물리 AI 한정 아님,,Physical,SRC-P-0092,RAI4-1517,REWRITE_KEEP|PEER_REVIEW,분량 초과: L3 수준 1문장으로 축약 필요; 영문 정의 장문: 축약 필요,L3_MASTER|NIST_AI_RMF|OECD_AI_PRINCIPLES|KOREA_AI_BASIC_ACT,,General,INSTRUCTION_PROMPT,G_SYS_SECADV,0.740744,L3_MASTER_VALIDATED
RAI4-1520,,,저빈도 인코딩·저자원 언어를 통한 안전 훈련 우회,Safety-training bypass via rare encodings and low-resource languages,Base64등 안전 미세 조정에 충분히 포함되지 않은 텍스트 인코딩이나 저자원 언어로 유해 프롬 프 트를 변환하여 모델의 안전 장치를 우회하는 리스크.,The risk that harmful natural language prompts translated into text encodings such as Base64 or into low-resource languages that safety fine-tuning covers little or not at all are used to craft jailbreak attacks that bypass a model's safeguards.,Base64 등 안전 미세조정에 충분히 포함되지 않은 텍스트 인코딩이나 저자원 언어로 유해 프롬프트를 변환하여 모델의 안전장치를 우 회하는 리스크.,The risk that harmful natural language prompts translated into text encodings such as Base64 or into low-resource languages that safety fine-tuning covers little or not at all are used to craft jailbreak attacks that bypass a model's safeguards.,False,False,1,,,general 영역으로 이동 — Base64 인코딩·저자원 언어를 이용해 안전 미세조정을 우회하는 것은 텍스트 기반 탈옥 기법으로 물리 AI 한정 아님,,Physical,SRC-P-0093,RAI4-1520,REWRITE_KEEP|PEER_REVIEW,Peer-review spacing restoration,L3_MASTER|NIST_AI_RMF|OECD_AI_PRINCIPLES|KOREA_AI_BASIC_ACT,,General,INSTRUCTION_PROMPT,G_SYS_SECADV,0.668854,L3_MASTER_VALIDATED
RAI4-1521,,,추가 모달리티로 인한 공격면 확대,Attack-surface expansion from additional modalities,멀티 모달 모델에서 모달 리 티별 견고성 차이로 공격자가 가장 취약한 모달 리 티를 선택할 수 있어 새로운 공격 벡터가 생기고 탈옥부터 데이터 오염까지 기존 공격의 범위가 확대되는 리스크.,"The risk that additional modalities introduce new attack vectors in multimodal models and expand the scope of previous attacks ranging from jailbreaking to poisoning, as differing robustness levels across modalities let malicious actors choose the most vulnerable part of the model to attack.",멀티모달 모델에서 모달리티별 견고성 차이 로 공격자가 가장 취약한 모달리티를 선택할 수 있어 새로운 공격 벡터가 생기고 탈옥부터 데이터 오염까지 기존 공격의 범위가 확대되 는 리스크.,"The risk that additional modalities introduce new attack vectors in multimodal models and expand the scope of previous attacks ranging from jailbreaking to poisoning, as differing robustness levels across modalities let malicious actors choose the most vulnerable part of the model to attack.",False,False,1,,,general 영역으로 이동 — 모달리티별 견고성 차이를 이용한 공격면 확대는 멀티모달 모델 일반의 이슈로 물리 AI 한정 아님,,Physical,SRC-P-0094,RAI4-1521,REWRITE_KEEP|PEER_REVIEW,Peer-review spacing restoration,L3_MASTER|NIST_AI_RMF|OECD_AI_PRINCIPLES|KOREA_AI_BASIC_ACT,,General,INSTRUCTION_PROMPT,G_SYS_SECADV,0.661656,L3_MASTER_VALIDATED
RAI4-1665,,,페르소나 지정·사회공학 기법에 의한 안전장 치 우회,Safeguard bypass through persona assignment and social-engineering tricks,공격자가 모델에 특정 페르소나를 지정하거나 인간 또는 다른 LLM이 고안한 사회 공학적 기법 등 심리적 속임수를 사용하여 모델을 악용하는 리스크.,"The risk that attackers exploit psychological tricks on LLMs, such as instructing the model to behave like a specific persona or employing socialengineering techniques crafted by humans or other LLMs.",공격자가 모델에 특정 페르소나를 지정하거 나 인간 또는 다른 LLM이 고안한 사회공학적 기법 등 심리적 속임수를 사용하여 모델을 악 용하는 리스크.,"The risk that attackers exploit psychological tricks on LLMs, such as instructing the model to behave like a specific persona or employing socialengineering techniques crafted by humans or other LLMs.",False,False,1,,,general 영역으로 이동 — 페르소나 지정·사회공학적 심리 속임수를 통한 안전장치 우회는 대화형 LLM 일반의 리스크로 물리 AI 한정 아님,,Physical,SRC-P-0097,RAI4-1665,REWRITE_KEEP|PEER_REVIEW,Peer-review spacing restoration,L3_MASTER|NIST_AI_RMF|OECD_AI_PRINCIPLES|KOREA_AI_BASIC_ACT,,General,INSTRUCTION_PROMPT,G_SYS_SECADV,0.677409,L3_MASTER_VALIDATED
RAI4-1666,,,프록시 목표 최적화를 통한 탈옥 자동 탐색,Automated discovery of jailbreaks through proxy-objective optimization,AI 시스템 또는 AI 알고리즘의 설계·학습·배포·사용 과정이 공격자가 탈옥 성공과 잡음 있게 상관된 프록시 목표에 대해 수동 또는 자동으로 그래 디 언 트 기반 및 비그래 디 언 트 적대적 최적화를 수행하여 탈옥 공격을 발견하는 리스크.,"The risk that the design, training, deployment, or use of an AI system or AI algorithm creates a condition in which jailbreak attacks are discovered by performing manual or automated, gradient-based or gradient-free adversarial optimization against a proxy objective noisily correlated with jailbreak success.",공격자가 탈옥 성공과 잡음 있게 상관된 프록 시 목표에 대해 수동 또는 자동으로 그래디언 트 기반 및 비그래디언트 적대적 최적화를 수 행하여 탈옥 공격을 발견하는 리스크.,"The risk that jailbreak attacks are discovered by performing manual or automated, gradient-based or gradientfree adversarial optimization against a proxy objective noisily correlated with jailbreak success.",False,False,1,,,general 영역으로 이동 — 프록시 목표에 대한 그래디언트 기반/비그래디언트 최적화로 탈옥을 자동 탐색하는 것은 적대적 공격 연구 방법론으로 물리 AI 한정 아님,,Physical,SRC-P-0098,RAI4-1666,REWRITE_KEEP|PEER_REVIEW|L3_AI_GROUNDING,"Bilingual definition grounded in an explicit AI technology, causal mechanism, and immutable L3 scope",L3_MASTER|NIST_AI_RMF|OECD_AI_PRINCIPLES|KOREA_AI_BASIC_ACT|L3_MASTER,,General,INSTRUCTION_PROMPT,G_SYS_SECADV,0.632715,L3_MASTER_AI_REWRITE
RAI4-1675,,,언어·행동 출력 불일치에 따른 유해 물리 행동,Harmful physical action from language-action misalignment,체화형 AI 시스템이 유해 요청을 언어로는 거절하면서도 언어 출력과 행동 출력 공간의 불일치로 해당 물리 행동을 제어·구동하여 의도하지 않은 위해를 일으키는 리스크.,"The risk that an embodied AI system verbally refuses a harmful request but, because its language and action output spaces are misaligned, still controls and actuates the corresponding physical action, causing unintended physical harm.",체화된 LLM이 언어 출력 공간과 행동 출력 공 간 간 정렬 불량으로 인해 유해한 요청을 언어 로는 거부하면서 해당 물리적 행동은 그대로 실행하는 리스크.,"The risk that an embodied LLM verbally refuses a harmful request while still executing the corresponding physical action, due to misalignment between its linguistic and action output spaces.",False,False,,,,,,Physical,SRC-P-0099,RAI4-1675,REWRITE_KEEP|PEER_REVIEW|L3_MASTER_SCOPE_REWRITE,"Definition narrowed to the subject, mechanism, and adverse outcome of the immutable L3 master",L3_MASTER|NIST_AI_RMF|OECD_AI_PRINCIPLES|KOREA_AI_BASIC_ACT,P_SYS_CONTROL,Physical,SOURCE_DOMAIN,P_SYS_CONTROL,0.714293,L3_MASTER_VALIDATED
RAI4-0197,,,유해 행동 재구성 공격,Harmful-action reframing attack,공격자가 유해한 물리 행동 지시를 무해하거나 정상적인 작업 요청처럼 바꾸어 embodied 에이전트가 이를 수용·실행하도록 유도하는 위험.,"The risk that a robot, humanoid, or physical AI system, through perception, learning, control, or physical action, creates a condition in which an attacker rephrases a harmful physical instruction as a benign or task-compliant request so that the embodied agent accepts and executes it.",공격자가 유해한 물리 행동 지시를 무해하거 나 정상적인 작업 요청처럼 바꾸어 embodied 에이전트가 이를 수용·실행하도록 유도하는 위험.,An attacker rephrases a harmful physical instruction as a benign or task-compliant request so that the embodied agent accepts and executes it.,False,False,,,,,,Physical,SRC-P-0101,RAI4-0197,REWRITE_KEEP|PEER_REVIEW|L3_AI_GROUNDING,"Bilingual definition grounded in an explicit AI technology, causal mechanism, and immutable L3 scope",L3_MASTER|NIST_AI_RMF|OECD_AI_PRINCIPLES|KOREA_AI_BASIC_ACT|L3_MASTER,,Physical,SOURCE_DOMAIN,P_INT_TAMPER,0.699025,L3_MASTER_AI_REWRITE
RAI4-0199,,,불법·유해 물리 요청의 수용·실행,Execution of illegal or harmful physical requests,"체화형 에이전트가 신체 위해, 침입, 절도, 사기, 파괴, 도피 등 불법적인 물리적 행위를 요구하는 사용자 요청을 수용·실행하거나 실질적으로 지원하여, 사람과 재산에 피해를 입히는 리스크.","The risk that a robot, humanoid, or physical AI system, through perception, learning, control, or physical action, creates a condition in which an embodied agent accepts, carries out, or materially assists user requests calling for physical harm, intrusion, theft, fraud, sabotage, evasion, or other illegal physical-world acts, injuring people or property.","체화형 에이전트가 신체 위해, 침입, 절도, 사 기, 파괴, 도피 등 불법적인 물리적 행위를 요 구하는 사용자 요청을 수용·실행하거나 실질적으로 지원하여, 사람과 재산에 피해를 입히 는 리스크.","The risk that an embodied agent accepts, carries out, or materially assists user requests calling for physical harm, intrusion, theft, fraud, sabotage, evasion, or other illegal physical-world acts, injuring people or property.",False,False,,,,,,Physical,SRC-P-0103,RAI4-0199,REWRITE_KEEP|PEER_REVIEW|L3_AI_GROUNDING,"Bilingual definition grounded in an explicit AI technology, causal mechanism, and immutable L3 scope",L3_MASTER|NIST_AI_RMF|OECD_AI_PRINCIPLES|KOREA_AI_BASIC_ACT|L3_MASTER,,Physical,SOURCE_DOMAIN,P_INT_TAMPER,0.695237,L3_MASTER_AI_REWRITE
RAI4-0201,,,피지컬 AI의 파괴·학대 행동,Destructive or abusive acts by physical AI,"피지컬 AI 시스템이 장비·인프라 등 물리적 자산을 손상·무력화·방해·변조하거나 공유 환경의 사람들에게 차별·괴롭힘·위협·학대 행동을 하도록 유도·지시되어, 재산 피해와 대인 피해를 일으키는 리스크.","The risk that a physical AI system is induced or directed to damage, disable, obstruct, or tamper with equipment, infrastructure, or other assets, or to perform discriminatory, harassing, intimidating, or abusive actions toward people in shared environments, causing property and interpersonal harm.","피지컬 AI 시스템이 장비·인프라 등 물리적 자 산을 손상·무력화·방해·변조하거나 공유 환경 의 사람들에게 차별·괴롭힘·위협·학대 행동을 하도록 유도·지시되어, 재산 피해와 대인 피해 를 일으키는 리스크.","The risk that a physical AI system is induced or directed to damage, disable, obstruct, or tamper with equipment, infrastructure, or other assets, or to perform discriminatory, harassing, intimidating, or abusive actions toward people in shared environments, causing property and interpersonal harm.",False,False,,,,,,Physical,SRC-P-0104,RAI4-0201,REWRITE_KEEP|PEER_REVIEW,Peer-review spacing restoration,L3_MASTER|NIST_AI_RMF|OECD_AI_PRINCIPLES|KOREA_AI_BASIC_ACT,,Physical,SOURCE_DOMAIN,P_INT_TAMPER,0.794781,L3_MASTER_VALIDATED
RAI4-0210,,,인지-행동 순서 조작 공격,Perception-action sequence manipulation attack,공격자가 영상 순서의 관측이나 행동 단서를 조작해 로봇이 명시된 충돌·힘·이 격 거리·대상물 사용 제약을 위반하게하는 위험.,"The risk that an attacker alters observations or action cues across a video sequence so that a robot violates a specified collision, force, distance, or object-use constraint.",공격자가 영상 순서의 관측이나 행동 단서를 조작해 로봇이 명시된 충돌·힘·이격거리·대상 물 사용 제약을 위반하게하는 위험.,"An attacker alters observations or action cues across a video sequence so that a robot violates a specified collision, force, distance, or object-use constraint.",False,False,,,,,,Physical,SRC-P-0105,RAI4-0210,REWRITE_KEEP|PEER_REVIEW,Peer-review spacing restoration,L3_MASTER|NIST_AI_RMF|OECD_AI_PRINCIPLES|KOREA_AI_BASIC_ACT,,Physical,SOURCE_DOMAIN,P_INT_TAMPER,0.711374,L3_MASTER_VALIDATED
RAI4-0221,,,로봇 인지 겨냥 적대 패치 공격,Adversarial patch attack on robot perception,로봇·휴머노이드 또는 피지컬 AI 시스템의 지각·학습·제어·물리적 행동 과정이 공격자가 물체나 표지에 최적화된 시각 패턴을 부착해 특정 인지 오류와 후속 위험 행동을 유발하는 리스크.,The risk that an attacker places an optimized visual pattern on an object or sign to induce a targeted perception error and downstream unsafe robot action.,공격자가 물체나 표지에 최적화된 시각 패턴 을 부착해 특정 인지 오류와 후속 위험 행동을 유발하는 리스크.,The risk that an attacker places an optimized visual pattern on an object or sign to induce a targeted perception error and downstream unsafe robot action.,False,False,,,,,,Physical,SRC-P-0106,RAI4-0221,REWRITE_KEEP|PEER_REVIEW|L3_AI_GROUNDING,"Bilingual definition grounded in an explicit AI technology, causal mechanism, and immutable L3 scope",L3_MASTER|NIST_AI_RMF|OECD_AI_PRINCIPLES|KOREA_AI_BASIC_ACT|L3_MASTER,,Physical,SOURCE_DOMAIN,P_INT_TAMPER,0.705011,L3_MASTER_AI_REWRITE
RAI4-0302,,,로봇 능력의 무기화,Weaponization of robotic capabilities,"이동형·공중·휴머노이드·매니퓰 레이 터 시스템의 조작·이동 능력이 감시, 위협, 파괴 공작 또는 사람·재산·인프라에 대한 물리적 공격에 전용되는 리스크.","The risk that the manipulation and mobility capabilities of mobile, aerial, humanoid, or manipulator systems are repurposed for surveillance, intimidation, sabotage, or physical attack on people, property, or infrastructure.","이동형·공중·휴머노이드·매니퓰레이터 시스 템의 조작·이동 능력이 감시, 위협, 파괴 공작 또는 사람·재산·인프라에 대한 물리적 공격에 전용되는 리스크.","The risk that the manipulation and mobility capabilities of mobile, aerial, humanoid, or manipulator systems are repurposed for surveillance, intimidation, sabotage, or physical attack on people, property, or infrastructure.",False,False,,,,,,Physical,SRC-P-0107,RAI4-0302,REWRITE_KEEP|PEER_REVIEW,Peer-review spacing restoration,L3_MASTER|NIST_AI_RMF|OECD_AI_PRINCIPLES|KOREA_AI_BASIC_ACT,,Physical,SOURCE_DOMAIN,P_INT_TAMPER,0.757034,L3_MASTER_VALIDATED
RAI4-0305,,,자동화된 표적 스토킹·물리적 위협,Automated targeted stalking and physical intimidation,운영자나 공격자가 특정인을 위협하거나 괴롭힐 목적으로 로봇에 반복 추적·진로 차단·고립·접근을 지시하는 위험.,"The risk that an operator or attacker directs a robot to repeatedly follow, block, corner, or approach a specific person in order to intimidate or harass them.",운영자나 공격자가 특정인을 위협하거나 괴 롭힐 목적으로 로봇에 반복 추적·진로 차단·고 립·접근을 지시하는 위험.,"An operator or attacker directs a robot to repeatedly follow, block, corner, or approach a specific person in order to intimidate or harass them.",False,False,,,,,,Physical,SRC-P-0108,RAI4-0305,REWRITE_KEEP|PEER_REVIEW,Peer-review spacing restoration,L3_MASTER|NIST_AI_RMF|OECD_AI_PRINCIPLES|KOREA_AI_BASIC_ACT,,Physical,SOURCE_DOMAIN,P_INT_TAMPER,0.728681,L3_MASTER_VALIDATED
RAI4-0323,,,장면 의미 조작 공격,Semantic scene manipulation attack,공격자가 모델이나 센서를 직접 변경하지 않고 표지·물체 배치·의복 패턴·장면 맥락을 바꾸어 로봇이 환경을 잘못 해석하게 만드는 리스크.,"The risk that an attacker changes a sign, object placement, clothing pattern, or scene context so that a robot misinterprets the environment without modifying the model or sensor.",공격자가 모델이나 센서를 직접 변경하지 않 고 표지·물체 배치·의복 패턴·장면 맥락을 바 꾸어 로봇이 환경을 잘못 해석하게 만드는 리스크.,"The risk that an attacker changes a sign, object placement, clothing pattern, or scene context so that a robot misinterprets the environment without modifying the model or sensor.",False,False,,,,,,Physical,SRC-P-0110,RAI4-0323,REWRITE_KEEP|PEER_REVIEW,Peer-review spacing restoration,L3_MASTER|NIST_AI_RMF|OECD_AI_PRINCIPLES|KOREA_AI_BASIC_ACT,,Physical,SOURCE_DOMAIN,P_INT_TAMPER,0.716236,L3_MASTER_VALIDATED
RAI4-0348,,,로봇 군집 하이재킹,Fleet hijacking,클라우드·업데이트·API·오케스트레이션레이어의 취약성이 여러 로봇·차량·드론·산업 시스템을 동시에 침해하는 위험.,"The risk that a vulnerability in a cloud, update, API, or orchestration layer may allow many robots, vehicles, drones, or industrial systems to be compromised together.",클라우드·업데이트·API·오케스트레이션 레이 어의 취약성이 여러 로봇·차량·드론·산업 시스 템을 동시에 침해하는 위험.,"A vulnerability in a cloud, update, API, or orchestration layer may allow many robots, vehicles, drones, or industrial systems to be compromised together.",False,False,,,,,,Physical,SRC-P-0112,RAI4-0348,REWRITE_KEEP|PEER_REVIEW,Peer-review spacing restoration,L3_MASTER|NIST_AI_RMF|OECD_AI_PRINCIPLES|KOREA_AI_BASIC_ACT,,Physical,SOURCE_DOMAIN,P_INT_TAMPER,0.673297,L3_MASTER_VALIDATED
RAI4-0350,,,핵심 인프라 로봇 사이버 사보타주,Cyber-enabled sabotage of criticalinfrastructure robots,공격자가 로봇 검사·유지 보수·물류·제어 시스템을 침해해 핵심 인프라의 운용을 교란하거나 설비를 손상시키는 리스크.,"The risk that an attacker compromises robotic inspection, maintenance, logistics, or control systems to disrupt or damage critical infrastructure.",공격자가 로봇 검사·유지보수·물류·제어 시스 템을 침해해 핵심 인프라의 운용을 교란하거 나 설비를 손상시키는 리스크.,"The risk that an attacker compromises robotic inspection, maintenance, logistics, or control systems to disrupt or damage critical infrastructure.",False,False,,,,,,Physical,SRC-P-0113,RAI4-0350,REWRITE_KEEP|PEER_REVIEW,Peer-review spacing restoration,L3_MASTER|NIST_AI_RMF|OECD_AI_PRINCIPLES|KOREA_AI_BASIC_ACT,,Physical,SOURCE_DOMAIN,P_INT_TAMPER,0.7036,L3_MASTER_VALIDATED
RAI4-0774,,,GPAI 모델의 백도어 또는 트로이 목마 공격,Backdoors or trojan attacks in GPAI models,"학습 또는 미세 조정 과정에서 모델 제공자나 제3자가 GPAI 모델에 백 도어를 삽입하고 배포 단계에서 이를 악용하여, 최소한의 비용으로 모델 출력을 표적화해 높은 성공률로 통제하는 리스크.","The risk that backdoors inserted into GPAI models during training or fine-tuning, by the model provider or another actor manipulating training data or software infrastructure, are exploited during deployment to control model outputs in a targeted way with high success rate and minimal overhead.","학습 또는 미세조정 과정에서 모델 제공자나 제3자가 GPAI 모델에 백도어를 삽입하고 배포 단계에서 이를 악용하여, 최소한의 비용으 로 모델 출력을 표적화해 높은 성공률로 통제하는 리스크","The risk that backdoors inserted into GPAI models during training or fine-tuning, by the model provider or another actor manipulating training data or software infrastructure, are exploited during deployment to control model outputs in a targeted way with high success rate and minimal overhead.",False,False,1,,,general 영역으로 이동 — 학습/미세조정 단계에서 GPAI 모델에 삽입된 백도어를 배포 후 악용해 출력을 표적 통제하는 것은 GPAI 모델 전반의 보안 리스크로 물리 AI 한정 아님,,Physical,SRC-P-0114,RAI4-0774,REWRITE_KEEP|PEER_REVIEW,Peer-review spacing restoration,L3_MASTER|NIST_AI_RMF|OECD_AI_PRINCIPLES|KOREA_AI_BASIC_ACT,,General,INSTRUCTION_PROMPT,G_SYS_SECADV,0.671554,L3_MASTER_VALIDATED
RAI4-1337,,,악용 가능한 시스템 결함·백도어,Exploitable system defects and backdoors,"AI 알고리즘과 모델의 설계·훈련·검증 단계, 개발 인터페이스와 실행 플랫폼에 쓰이는 표준화된 API와 기능 라이브러리, 툴킷에 논리적 결함과 취약점이 있어 악용되거나 의도적으로 백 도어가 심겨 공격에 사용되는 리스크.","The risk that the standardized APIs, feature libraries, and toolkits used in the design, training, and verification stages of AI algorithms and models, development interfaces, and execution platforms contain logical flaws and vulnerabilities that can be exploited, or have backdoors intentionally embedded and triggered for attacks.","AI 알고리즘과 모델의 설계·훈련·검증 단계, 개발 인터페이스와 실행 플랫폼에 쓰이는 표 준화된 API와 기능 라이브러리, 툴킷에 논리 적 결함과 취약점이 있어 악용되거나 의도적 으로 백도어가 심겨 공격에 사용되는 리스크.","The risk that the standardized APIs, feature libraries, and toolkits used in the design, training, and verification stages of AI algorithms and models, development interfaces, and execution platforms contain logical flaws and vulnerabilities that can be exploited, or have backdoors intentionally embedded and triggered for attacks.",False,False,1,,,general 영역으로 이동 — AI 설계·훈련·검증에 쓰이는 표준 API·툴킷의 결함·백도어는 AI 개발 인프라 전반의 이슈로 물리 AI 한정 아님,,Physical,SRC-P-0115,RAI4-1337,REWRITE_KEEP|PEER_REVIEW,Peer-review spacing restoration,L3_MASTER|NIST_AI_RMF|OECD_AI_PRINCIPLES|KOREA_AI_BASIC_ACT,,General,INSTRUCTION_PROMPT,G_SYS_SECADV,0.73151,L3_MASTER_VALIDATED
RAI4-1338,,,AI 컴퓨팅 인프라 보안 위협,AI computing infrastructure security threats,AI 훈련·운영을 뒷받침하는 컴퓨팅 인프라가 다양하고 유비쿼터스적인 컴퓨팅 노드와 자원에 의존함으로써 컴퓨팅 자원의 악의적 소비와 컴퓨팅 인프라 계층에서의 보안 위협 국경 간 전파에 노출되는 리스크.,"The risk that the computing infrastructure underpinning AI training and operations, relying on diverse and ubiquitous computing nodes and various computing resources, is exposed to malicious consumption of computing resources and cross-boundary transmission of security threats at the computing infrastructure layer.",AI 훈련·운영을 뒷받침하는 컴퓨팅 인프라가 다양하고 유비쿼터스적인 컴퓨팅 노드와 자 원에 의존함으로써 컴퓨팅 자원의 악의적 소 비와 컴퓨팅 인프라 계층에서의 보안 위협 국 경 간 전파에 노출되는 리스크.,"The risk that the computing infrastructure underpinning AI training and operations, relying on diverse and ubiquitous computing nodes and various computing resources, is exposed to malicious consumption of computing resources and cross-boundary transmission of security threats at the computing infrastructure layer.",False,False,1,,,"general 영역으로 이동 — 컴퓨팅 자원의 악의적 소비, 인프라 계층의 국경 간 보안 위협 전파는 AI 컴퓨팅 인프라 전반의 이슈로 물리 AI 한정 아님",,Physical,SRC-P-0116,RAI4-1338,REWRITE_KEEP|PEER_REVIEW,Peer-review spacing restoration,L3_MASTER|NIST_AI_RMF|OECD_AI_PRINCIPLES|KOREA_AI_BASIC_ACT,,General,INSTRUCTION_PROMPT,G_SOC_ENV,0.712249,L3_MASTER_VALIDATED
RAI4-1377,,,사이버 공격 장벽 저하·공격표면 확대,Lowered cyberattack barriers and expanded attack surface,취약점의 자동 발견과 악용 등으로 해킹·맬웨어·피싱 등 공격적 사이버 역량의 장벽이 낮아지고 표적 공격의 공격 표면이 확대되어 시스템 가용성과 학습 데이터·코드·모델 가중치의 기밀성·무결성이 훼손되는 리스크.,"The risk that lowered barriers for offensive cyber capabilities, including automated discovery and exploitation of vulnerabilities easing hacking, malware, phishing, and other cyberattacks, together with an increased attack surface for targeted cyberattacks, compromise a system's availability or the confidentiality or integrity of training data, code, or model weights.",취약점의 자동 발견과 악용 등으로 해킹·맬웨 어·피싱 등 공격적 사이버 역량의 장벽이 낮아 지고 표적 공격의 공격표면이 확대되어 시스 템 가용성과 학습 데이터·코드·모델 가중치의 기밀성·무결성이 훼손되는 리스크.,"The risk that lowered barriers for offensive cyber capabilities, including automated discovery and exploitation of vulnerabilities easing hacking, malware, phishing, and other cyberattacks, together with an increased attack surface for targeted cyberattacks, compromise a system's availability or the confidentiality or integrity of training data, code, or model weights.",False,False,1,,,general 영역으로 이동 — 취약점 자동 발견·악용으로 해킹·맬웨어·피싱 장벽이 낮아지는 것은 GPAI 공통의 사이버 위협으로 물리 AI 한정 아님,,Physical,SRC-P-0117,RAI4-1377,REWRITE_KEEP|PEER_REVIEW,Peer-review spacing restoration,L3_MASTER|NIST_AI_RMF|OECD_AI_PRINCIPLES|KOREA_AI_BASIC_ACT,,General,INSTRUCTION_PROMPT,G_SYS_SECADV,0.714604,L3_MASTER_VALIDATED
RAI4-1547,,,모델 확산에 의한 이중용도 역량의 저비용 확 산,Low-cost diffusion of dual-use capabilities through model proliferation,"오픈 소스·오픈 웨이 트 GPAI 모델의 확산으로 비전문가가 최소 비용으로 이중 용도 역량에 접근하고, 기반 모델의 개조를 통해 독소 합성용 단백질 서열 생성 등 위험한 용도로 전용되는 리스크.",The risk that proliferation of open-source or open-weight GPAI models gives non-experts low-cost access to dual-use capabilities and allows base models to be modified for dangerous uses such as generating candidate protein sequences for toxin synthesis.,"오픈소스·오픈웨이트 GPAI 모델의 확산으로 비전문가가 최소 비용으로 이중용도 역량에 접근하고, 기반 모델의 개조를 통해 독소 합성 용 단백질 서열 생성 등 위험한 용도로 전용되 는 리스크.",The risk that proliferation of open-source or open-weight GPAI models gives nonexperts low-cost access to dual-use capabilities and allows base models to be modified for dangerous uses such as generating candidate protein sequences for toxin synthesis.,False,False,1,,,general 영역으로 이동 — 오픈소스·오픈웨이트 GPAI 확산으로 비전문가가 이중용도 역량(예: 독소 단백질 서열 생성)에 접근하는 것은 물리 AI 한정 리스크가 아님,,Physical,SRC-P-0118,RAI4-1547,REWRITE_KEEP|PEER_REVIEW,Peer-review spacing restoration,L3_MASTER|NIST_AI_RMF|OECD_AI_PRINCIPLES|KOREA_AI_BASIC_ACT,G_INT_WEAP,General,INSTRUCTION_PROMPT,G_INT_WEAP,0.603759,L3_MASTER_VALIDATED
RAI4-1550,,,기반 모델 취약성에 기인한 인프라 공통원인 장애,Common-mode infrastructure failure from underlying model vulnerabilities,중요 인프라가 GPAI에 의존할 때 기반 모델 아키텍처나 훈련 설정의 취약성·견고성 문제가 우발적 경계 사례나 적대적 입력에 의해 촉발되어 공통 원인 장애로 이어지는 리스크.,"The risk that vulnerabilities or robustness issues in the underlying model architecture or training setup produce common-mode failures across critical infrastructure relying on GPAI, triggered accidentally in edge cases or by adversarial inputs.",중요 인프라가 GPAI에 의존할 때 기반 모델 아키텍처나 훈련 설정의 취약성·견고성 문제 가 우발적 경계사례나 적대적 입력에 의해 촉 발되어 공통원인 장애로 이어지는 리스크.,"The risk that vulnerabilities or robustness issues in the underlying model architecture or training setup produce common-mode failures across critical infrastructure relying on GPAI, triggered accidentally in edge cases or by adversarial inputs.",False,False,1,,,general 영역으로 이동 — 기반 모델 아키텍처·훈련 설정의 취약성이 GPAI 의존 인프라의 공통원인 장애로 이어지는 것은 물리 AI 한정 리스크가 아님,,Physical,SRC-P-0119,RAI4-1550,REWRITE_KEEP|PEER_REVIEW,Peer-review spacing restoration,L3_MASTER|NIST_AI_RMF|OECD_AI_PRINCIPLES|KOREA_AI_BASIC_ACT,,General,INSTRUCTION_PROMPT,G_SYS_SECADV,0.671568,L3_MASTER_VALIDATED
RAI4-1561,,,취약점 자동 탐지·악용에 의한 사이버공격 확대,Cyberattack scaling through automated vulnerability discovery and exploitation,GPAI가 소프트웨어 취약점의 자동 발견과 악성 코드 자동 개발을 지원하여 악의적 행위자의 사이버 공격이 저비용으로 대규모화되고 피해가 증대되는 리스크.,"The risk that the design, training, deployment, or use of an AI system or AI algorithm creates a condition in which GPAI aids automated discovery of software vulnerabilities and automated malware development, allowing malicious actors to scale cyberattacks at low cost and increase their impact.",GPAI가 소프트웨어 취약점의 자동 발견과 악 성코드 자동 개발을 지원하여 악의적 행위자 의 사이버공격이 저비용으로 대규모화되고 피해가 증대되는 리스크.,"The risk that GPAI aids automated discovery of software vulnerabilities and automated malware development, allowing malicious actors to scale cyberattacks at low cost and increase their impact.",False,False,1,,,general 영역으로 이동 — GPAI의 취약점 자동 탐지·악성코드 자동 개발 지원으로 사이버공격이 대규모화되는 것은 물리 AI 한정 리스크가 아님,,Physical,SRC-P-0120,RAI4-1561,REWRITE_KEEP|PEER_REVIEW|L3_AI_GROUNDING,"Bilingual definition grounded in an explicit AI technology, causal mechanism, and immutable L3 scope",L3_MASTER|NIST_AI_RMF|OECD_AI_PRINCIPLES|KOREA_AI_BASIC_ACT|L3_MASTER,,General,INSTRUCTION_PROMPT,G_SYS_SECADV,0.633458,L3_MASTER_AI_REWRITE
RAI4-0180,,,희귀 가정 상해의 전조 감지 실패,Failure to detect rare household injury precursors,가정용 에이전트가 드물지만 가능한 낙상·중독·화상·열 상·압착 사고의 전조를 감지하지 못해 경고하거나 개입하지 않는 위험.,"The risk that a robot, humanoid, or physical AI system, through perception, learning, control, or physical action, creates a condition in which a household agent fails to detect early signs of rare but plausible falls, poisoning, burns, lacerations, or crush events and therefore does not warn or intervene.",가정용 에이전트가 드물지만 가능한 낙상·중 독·화상·열상·압착 사고의 전조를 감지하지 못 해 경고하거나 개입하지 않는 위험.,"A household agent fails to detect early signs of rare but plausible falls, poisoning, burns, lacerations, or crush events and therefore does not warn or intervene.",False,False,,,,,,Physical,SRC-P-0121,RAI4-0180,REWRITE_KEEP|PEER_REVIEW|L3_AI_GROUNDING,"Bilingual definition grounded in an explicit AI technology, causal mechanism, and immutable L3 scope",L3_MASTER|NIST_AI_RMF|OECD_AI_PRINCIPLES|KOREA_AI_BASIC_ACT|L3_MASTER,,Physical,SOURCE_DOMAIN,P_INT_SAFETY,0.622106,L3_MASTER_AI_REWRITE
RAI4-0181,,,물리적 위험의 감지·예측 실패,Failure to detect or anticipate physical hazards,"로봇·휴머노이드 또는 피지컬 AI 시스템의 지각·학습·제어·물리적 행동 과정이 멀티 모달·체화형 시스템이 텍스트·이미지·영상·센서 입력에 이미 나타난 위험 상태를 식별하지 못하거나 진행 중인 움직임·접촉·환경 변화가 곧 위험을 초래할 것을 예측하지 못한 채 행동을 선택하여, 충돌·손상·상해로 이어지는 리스크.","The risk that a robot, humanoid, or physical AI system, through perception, learning, control, or physical action, creates a condition in which a multimodal or embodied system neither identifies a hazardous condition already present in its text, image, video, or sensor input nor predicts that ongoing motion, contact, or environmental change will soon create one, selecting actions that end in collision, damage, or injury.","멀티모달·체화형 시스템이 텍스트·이미지·영상·센서 입력에 이미 나타난 위험 상태를 식별하지 못하거나 진행 중인 움직임·접촉·환경 변화가 곧 위험을 초래할 것을 예측하지 못한 채 행동을 선택하여, 충돌·손상·상해로 이어지는 리스크.","The risk that a multimodal or embodied system neither identifies a hazardous condition already present in its text, image, video, or sensor input nor predicts that ongoing motion, contact, or environmental change will soon create one, selecting actions that end in collision, damage, or injury.",False,False,,,,,,Physical,SRC-P-0122,RAI4-0181,REWRITE_KEEP|PEER_REVIEW|L3_AI_GROUNDING,"Bilingual definition grounded in an explicit AI technology, causal mechanism, and immutable L3 scope",L3_MASTER|NIST_AI_RMF|OECD_AI_PRINCIPLES|KOREA_AI_BASIC_ACT|L3_MASTER,,Physical,SOURCE_DOMAIN,P_INT_SAFETY,0.79613,L3_MASTER_AI_REWRITE
RAI4-0224,,,런타임 안전 모니터 실패,Runtime safety monitor failure,"로봇·휴머노이드 또는 피지컬 AI 시스템의 지각·학습·제어·물리적 행동 과정이 런 타임 안전 모니터가 속도·힘·이 격 거리·작업 공간·충돌·물체 사용·작업 프로토콜에 대한 제약을 감지·집행하지 못하여, 위해가 발생할 때까지 안전하지 않은 동작이 지속되는 리스크.","The risk that a robot, humanoid, or physical AI system, through perception, learning, control, or physical action, creates a condition in which runtime safety monitors fail to detect or enforce constraints governing speed, force, separation, workspace, collision, object use, and task protocol, allowing unsafe motion to continue until harm occurs.","런타임 안전 모니터가 속도·힘·이격 거리·작업 공간·충돌·물체 사용·작업 프로토콜에 대한 제 약을 감지·집행하지 못하여, 위해가 발생할 때 까지 안전하지 않은 동작이 지속되는 리스크.","The risk that runtime safety monitors fail to detect or enforce constraints governing speed, force, separation, workspace, collision, object use, and task protocol, allowing unsafe motion to continue until harm occurs.",False,False,,,,,,Physical,SRC-P-0123,RAI4-0224,REWRITE_KEEP|PEER_REVIEW|L3_AI_GROUNDING,"Bilingual definition grounded in an explicit AI technology, causal mechanism, and immutable L3 scope",L3_MASTER|NIST_AI_RMF|OECD_AI_PRINCIPLES|KOREA_AI_BASIC_ACT|L3_MASTER,,Physical,SOURCE_DOMAIN,P_INT_SAFETY,0.755323,L3_MASTER_AI_REWRITE
RAI4-0234,,,제어 장벽 함수 안전필터 실패,Control barrier function safety-filter failure,제어 장벽 함수 기반 안전 계층이 인지·동역학·모델 불확실성 하에서 비안전 행동을 제약하지 못하는 리스크.,"The risk that a safety layer based on control barrier functions fails to constrain unsafe actions under perception, dynamics, or model uncertainty.",제어 장벽 함수 기반 안전 계층이 인지·동역학·모델 불확실성 하에서 비안전 행동을 제약하 지 못하는 리스크.,"The risk that a safety layer based on control barrier functions fails to constrain unsafe actions under perception, dynamics, or model uncertainty.",False,False,,,,,,Physical,SRC-P-0124,RAI4-0234,REWRITE_KEEP|PEER_REVIEW,Peer-review spacing restoration,L3_MASTER|NIST_AI_RMF|OECD_AI_PRINCIPLES|KOREA_AI_BASIC_ACT,,Physical,SOURCE_DOMAIN,P_INT_SAFETY,0.716644,L3_MASTER_VALIDATED
RAI4-0240,,,접촉 조작 힘 감지 실패,Contact-rich manipulation force-sensing failure,로봇·휴머노이드 또는 피지컬 AI 시스템의 지각·학습·제어·물리적 행동 과정이 접촉 집약 조작 정책이 힘·촉각·오디오·시각 단서를 올바르게 사용하지 못하여 비안전 압력·파지·이동을 유발하는 리스크.,"The risk that a robot, humanoid, or physical AI system, through perception, learning, control, or physical action, creates a condition in which a contact-rich manipulation policy fails to correctly use force, tactile, audio, or visual cues, creating unsafe pressure, impact, or object damage.",접촉 집약 조작 정책이 힘·촉각·오디오·시각 단서를 올바르게 사용하지 못하여 비안전 압 력·파지·이동을 유발하는 리스크.,"The risk that a contact-rich manipulation policy fails to correctly use force, tactile, audio, or visual cues, creating unsafe pressure, impact, or object damage.",False,False,,,,,,Physical,SRC-P-0125,RAI4-0240,REWRITE_KEEP|PEER_REVIEW|L3_AI_GROUNDING,"Bilingual definition grounded in an explicit AI technology, causal mechanism, and immutable L3 scope",L3_MASTER|NIST_AI_RMF|OECD_AI_PRINCIPLES|KOREA_AI_BASIC_ACT|L3_MASTER,P_SYS_STATE,Physical,SOURCE_DOMAIN,P_SYS_STATE,0.714055,L3_MASTER_AI_REWRITE
RAI4-0261,,,시뮬레이션-실세계 전이·검증 실패,Sim-to-real transfer and validation failure,"시뮬레이션에서 훈련·검증된 정책이 접촉·지연·마모·액추에이터에 관한 동일한 미모델링 가정을 공유하는 시뮬레이터 간 검사까지 통과하고도, 실제 마찰, 조명, 인간 행동, 롱 테 일 사건이 시뮬레이션과 달라지는 하드웨어 환경에서 실패하여 잘못된 안전 확신 속에 배포되는 리스크.","The risk that a robot, humanoid, or physical AI system, through perception, learning, control, or physical action, creates a condition in which a policy trained or validated in simulation, including across multiple simulators sharing the same unmodeled contact, delay, wear, or actuator assumptions, passes testing yet fails on real hardware where friction, lighting, human behavior, or long-tail events diverge, so it is deployed under false safety assurance.","시뮬레이션에서 훈련·검증된 정책이 접촉·지 연·마모·액추에이터에 관한 동일한 미모델링 가정을 공유하는 시뮬레이터 간 검사까지 통 과하고도, 실제 마찰, 조명, 인간 행동, 롱테일 사건이 시뮬레이션과 달라지는 하드웨어 환 경에서 실패하여 잘못된 안전 확신 속에 배포되는 리스크.","The risk that a policy trained or validated in simulation, including across multiple simulators sharing the same unmodeled contact, delay, wear, or actuator assumptions, passes testing yet fails on real hardware where friction, lighting, human behavior, or long-tail events diverge, so it is deployed under false safety assurance.",False,False,,,,,,Physical,SRC-P-0126,RAI4-0261,REWRITE_KEEP|PEER_REVIEW|L3_AI_GROUNDING,"Bilingual definition grounded in an explicit AI technology, causal mechanism, and immutable L3 scope",L3_MASTER|NIST_AI_RMF|OECD_AI_PRINCIPLES|KOREA_AI_BASIC_ACT|L3_MASTER,,Physical,SOURCE_DOMAIN,P_INT_SAFETY,0.729203,L3_MASTER_AI_REWRITE
RAI4-0278,,,가정 내 로봇 행동 안전성 평가의 위음성,False-negative safety evaluation of household robot actions,AI 안전성 분류기가 사람 접촉·열원·물체·작업 공간 제약을 위반하는 가정 내 로봇 행동을 안전하다고 잘못 판정하여 실제 위험 행동을 탐지하지 못하고 잘못된 안전성 확신을 유발하는 리스크.,"The risk that an AI safety classifier incorrectly labels a proposed household robot action as safe despite violations of human-contact, heat, object, or workspace constraints, failing to detect hazardous behaviour and producing false safety assurance.",안전 분류기가 알려진 대상물·인간 접촉·열·작 업 공간 제약을 위반하는 가정 내 제안 행동을 허용 가능한 것으로 잘못 판정하는 위험.,"A safety classifier labels a proposed household action as acceptable even though the action violates a known object, human-contact, heat, or workspace constraint.",False,False,,,,,,Physical,SRC-P-0127,RAI4-0278,REWRITE_KEEP|PEER_REVIEW|L3_MASTER_SCOPE_REWRITE,"Definition narrowed to the subject, mechanism, and adverse outcome of the immutable L3 master",L3_MASTER|NIST_AI_RMF|OECD_AI_PRINCIPLES|KOREA_AI_BASIC_ACT,G_SYS_EVAL,General,IMMUTABLE_L3_SCOPE_ROUTE,G_SYS_EVAL,0.733248,L3_MASTER_VALIDATED
RAI4-0321,,,악천후 인지 실패,Adverse weather perception failure,로봇·휴머노이드 또는 피지컬 AI 시스템의 지각·학습·제어·물리적 행동 과정이 비·안개·눈부심·먼지·연기·저조도가카메라·라이다·레이더·촉각·오디오 인지를 저하시켜 비안전 행동을 유발하는 위험.,"The risk that a robot, humanoid, or physical AI system, through perception, learning, control, or physical action, creates a condition in which rain, fog, glare, dust, smoke, or low light may degrade cameras, LiDAR, radar, tactile sensors, or audio perception, weakening real-time situational awareness.",비·안개·눈부심·먼지·연기·저조도가 카메라·라 이다·레이더·촉각·오디오 인지를 저하시켜 비 안전 행동을 유발하는 위험.,"Rain, fog, glare, dust, smoke, or low light may degrade cameras, LiDAR, radar, tactile sensors, or audio perception, weakening real-time situational awareness.",False,False,,,,,,Physical,SRC-P-0128,RAI4-0321,REWRITE_KEEP|PEER_REVIEW|L3_AI_GROUNDING,"Bilingual definition grounded in an explicit AI technology, causal mechanism, and immutable L3 scope",L3_MASTER|NIST_AI_RMF|OECD_AI_PRINCIPLES|KOREA_AI_BASIC_ACT|L3_MASTER,,Physical,SOURCE_DOMAIN,P_SYS_STATE,0.666974,L3_MASTER_AI_REWRITE
RAI4-0322,,,다중 센서 융합 상충,Multimodal sensor fusion conflict,로봇·휴머노이드 또는 피지컬 AI 시스템의 지각·학습·제어·물리적 행동 과정이 카메라·라이다·레이더·촉각·자기 수용 신호의 충돌이 불안정한 장면 추정 및 비안전 하위 행동을 초래하는 위험.,"The risk that a robot, humanoid, or physical AI system, through perception, learning, control, or physical action, creates a condition in which conflicting camera, LiDAR, radar, tactile, or proprioceptive signals may lead to unstable scene estimates and unsafe downstream control decisions.",카메라·라이다·레이더·촉각·자기 수용 신호의 충돌이 불안정한 장면 추정 및 비안전 하위 행동을 초래하는 위험.,"Conflicting camera, LiDAR, radar, tactile, or proprioceptive signals may lead to unstable scene estimates and unsafe downstream control decisions.",False,False,,,,,,Physical,SRC-P-0129,RAI4-0322,REWRITE_KEEP|PEER_REVIEW|L3_AI_GROUNDING,"Bilingual definition grounded in an explicit AI technology, causal mechanism, and immutable L3 scope",L3_MASTER|NIST_AI_RMF|OECD_AI_PRINCIPLES|KOREA_AI_BASIC_ACT|L3_MASTER,,Physical,SOURCE_DOMAIN,P_SYS_STATE,0.732783,L3_MASTER_AI_REWRITE
RAI4-0352,,,배포 후 변경에 대한 안전 재평가 실패,Failure to reassess safety after deployment changes,환경 변화·부품 열화·모델 업데이트·아차 사고로 기존 안전 가정이 무효화됐는데도 운영자가 안전성을 재평가하지 않고 운용을 계속하는 위험.,"The risk that operators continue deployment without reassessing safety after environmental changes, component degradation, model updates, or near-miss incidents invalidate prior assumptions.",환경 변화·부품 열화·모델 업데이트·아차사고 로 기존 안전 가정이 무효화됐는데도 운영자 가 안전성을 재평가하지 않고 운용을 계속하 는 위험.,"Operators continue deployment without reassessing safety after environmental changes, component degradation, model updates, or near-miss incidents invalidate prior assumptions.",False,False,,,,,,Physical,SRC-P-0130,RAI4-0352,REWRITE_KEEP|PEER_REVIEW,Peer-review spacing restoration,L3_MASTER|NIST_AI_RMF|OECD_AI_PRINCIPLES|KOREA_AI_BASIC_ACT,,Physical,SOURCE_DOMAIN,P_SYS_HARDWARE,0.70939,L3_MASTER_VALIDATED
RAI4-0442,,,사실·증거 환각,Hallucination of facts and evidence,"모델이 그럴듯한 형식으로 제시된 허위 인용, 사실, 법적 주장, 과학적 증거를 포함하여 학습 데이터나 입력에 충실하지 않은 부정확한 콘텐츠를 생성하여, 이를 신뢰한 사용자를 오도하는 리스크.","The risk that a model generates factually inaccurate or ungrounded content, including fabricated citations, facts, legal claims, and scientific evidence presented plausibly, misleading users who rely on it.","모델이 그럴듯한 형식으로 제시된 허위 인용, 사실, 법적 주장, 과학적 증거를 포함하여 학 습 데이터나 입력에 충실하지 않은 부정확한 콘텐츠를 생성하여, 이를 신뢰한 사용자를 오 도하는 리스크.","The risk that a model generates factually inaccurate or ungrounded content, including fabricated citations, facts, legal claims, and scientific evidence presented plausibly, misleading users who rely on it.",False,False,1,,,general 영역으로 이동 — 허위 인용·사실·법적 주장을 그럴듯한 형식으로 생성하는 환각은 텍스트 기반 LLM 전반의 리스크로 물리 AI 한정 아님,,Physical,SRC-P-0131,RAI4-0442,REWRITE_KEEP|PEER_REVIEW,Peer-review spacing restoration,L3_MASTER|NIST_AI_RMF|OECD_AI_PRINCIPLES|KOREA_AI_BASIC_ACT,,General,INSTRUCTION_PROMPT,G_SYS_MISINFO,0.788546,L3_MASTER_VALIDATED
RAI4-0444,,,대중 지식의 모델 붕괴,Model collapse of public knowledge,합성 콘텐츠에 대한 재귀적 학습이 공공 정보 품질과 미래 모델 학습 데이터를 저하시켜 공유 지식 자원의 모델 붕괴를 초래하는 리스크.,"The risk that recursive training on synthetic content degrades public information quality and future model training data, driving model collapse of shared knowledge resources.",합성 콘텐츠에 대한 재귀적 학습이 공공 정보 품질과 미래 모델 학습 데이터를 저하시켜 공 유 지식 자원의 모델 붕괴를 초래하는 리스크,"Recursive training on synthetic content degrades public information quality and future model training data, driving model collapse of shared knowledge resources.",False,False,1,,,general 영역으로 이동 — 합성 콘텐츠에 대한 재귀적 학습으로 공공 지식 자원이 저하되는 모델 붕괴는 GPAI 생태계 전반의 이슈로 물리 AI 한정 아님,,Physical,SRC-P-0132,RAI4-0444,REWRITE_KEEP|PEER_REVIEW,Peer-review spacing restoration,L3_MASTER|NIST_AI_RMF|OECD_AI_PRINCIPLES|KOREA_AI_BASIC_ACT,,General,INSTRUCTION_PROMPT,G_SOC_CULT,0.693759,L3_MASTER_VALIDATED
RAI4-0787,,,외부 도구에 의해 주입된 사실 오류,Factual errors injected by external tools,"AI 시스템 또는 AI 알고리즘의 설계·학습·배포·사용 과정이 외부 도구가 웹 API·검색 엔진 등 공개 자원에서 얻은 추가 지식을 입력 프롬 프 트에 통합하는 과정에서, 도구의 신뢰성이 보장되지 않아 사실 오류가 포함된 내용이 유입되고 환각 문제가 증폭되는 리스크.","The risk that an AI system or AI algorithm, through design, training, deployment, or use, creates a condition in which external tools incorporate additional knowledge from public resources such as web APIs and search engines into input prompts, and that unreliable tool content containing factual errors consequently amplifies the hallucination issue.","외부 도구가 웹 API·검색엔진 등 공개 자원에 서 얻은 추가 지식을 입력 프롬프트에 통합하 는 과정에서, 도구의 신뢰성이 보장되지 않아 사실 오류가 포함된 내용이 유입되고 환각 문 제가 증폭되는 리스크","The risk that external tools incorporate additional knowledge from public resources such as web APIs and search engines into input prompts, and that unreliable tool content containing factual errors consequently amplifies the hallucination issue.",False,False,1,,,general 영역으로 이동 — 웹 API·검색엔진 등 외부 도구가 주입한 사실 오류로 환각이 증폭되는 것은 RAG 시스템 일반의 이슈로 물리 AI 한정 아님,,Physical,SRC-P-0133,RAI4-0787,REWRITE_KEEP|PEER_REVIEW|L3_AI_GROUNDING,"Bilingual definition grounded in an explicit AI technology, causal mechanism, and immutable L3 scope",L3_MASTER|NIST_AI_RMF|OECD_AI_PRINCIPLES|KOREA_AI_BASIC_ACT|L3_MASTER,,General,INSTRUCTION_PROMPT,G_SYS_MISINFO,0.723799,L3_MASTER_AI_REWRITE
RAI4-0817,,,지식 경계로 인한 환각,Hallucination arising from knowledge boundaries,"LLM의 학습 코퍼스가 모든 세계 지식을 담을 수 없고 롱 테 일 지식을 충분히 습득하지 못해, 입력프롬프트가 요구하는 지식과 모델 내재 지식 사이의 격차가 환각을 유발하는 리스크.","The risk that an AI system or AI algorithm, through design, training, deployment, or use, creates a condition in which gaps between the knowledge involved in an input prompt and the knowledge embedded in an LLM, arising from training corpora that cannot contain all world knowledge and from difficulty grasping long-tail knowledge, lead to hallucinations.","LLM의 학습 코퍼스가 모든 세계 지식을 담을 수 없고 롱테일 지식을 충분히 습득하지 못해, 입력 프롬프트가 요구하는 지식과 모델 내재 지식 사이의 격차가 환각을 유발하는 리스크","The risk that gaps between the knowledge involved in an input prompt and the knowledge embedded in an LLM, arising from training corpora that cannot contain all world knowledge and from difficulty grasping long-tail knowledge, lead to hallucinations.",False,False,1,,,general 영역으로 이동 — 학습 코퍼스가 담지 못한 지식과 롱테일 지식 격차로 인한 환각은 LLM 지식 표현의 근본적 한계로 물리 AI 한정 아님,,Physical,SRC-P-0135,RAI4-0817,REWRITE_KEEP|PEER_REVIEW|L3_AI_GROUNDING,"Bilingual definition grounded in an explicit AI technology, causal mechanism, and immutable L3 scope",L3_MASTER|NIST_AI_RMF|OECD_AI_PRINCIPLES|KOREA_AI_BASIC_ACT|L3_MASTER,,General,INSTRUCTION_PROMPT,G_SYS_MISINFO,0.630167,L3_MASTER_AI_REWRITE
RAI4-0820,,,잡음 학습 데이터에 의한 지식 오류,Knowledge errors from noisy training data,대규모 학습 코퍼스에 내재한 잡음과 허위 정보가 모델 파라미터에 저장되는 지식에 오류를 유입시켜 환각을 유발하는 리스크.,"The risk that noise and misinformation inherent in large-scale training corpora introduce errors into the knowledge stored in model parameters, giving rise to hallucinations.",대규모 학습 코퍼스에 내재한 잡음과 허위정보가 모델 파라미터에 저장되는 지식에 오류 를 유입시켜 환각을 유발하는 리스크,"The risk that noise and misinformation inherent in large-scale training corpora introduce errors into the knowledge stored in model parameters, giving rise to hallucinations.",False,False,1,,,general 영역으로 이동 — 대규모 학습 코퍼스에 내재한 잡음·허위정보가 모델 지식 오류로 이어지는 것은 학습 데이터 품질 이슈로 물리 AI 한정 아님,,Physical,SRC-P-0136,RAI4-0820,REWRITE_KEEP|PEER_REVIEW,Peer-review spacing restoration,L3_MASTER|NIST_AI_RMF|OECD_AI_PRINCIPLES|KOREA_AI_BASIC_ACT,,General,INSTRUCTION_PROMPT,G_SYS_MISINFO,0.698653,L3_MASTER_VALIDATED
RAI4-1524,,,검색증강 시 외부 허위정보에 의한 허위 출력,False outputs from external misinformation in retrieval augmentation,검색 증강 과정에서 모델의 사전 지식과 상충하는 소량의 일관된 허위 증거가 주어질 때 모델이 이에 민감하게 반응하여 허위 출력을 생성하는 리스크.,"The risk that AI models, being particularly sensitive to coherent external evidence even when it conflicts with their prior knowledge, produce false outputs when given a relatively small amount of false information during the retrievalaugmentation process.",검색증강 과정에서 모델의 사전 지식과 상충하는 소량의 일관된 허위 증거가 주어질 때 모델이 이에 민감하게 반응하여 허위 출력을 생 성하는 리스크.,"The risk that AI models, being particularly sensitive to coherent external evidence even when it conflicts with their prior knowledge, produce false outputs when given a relatively small amount of false information during the retrievalaugmentation process.",False,False,1,,,general 영역으로 이동 — 검색증강 시 소량의 일관된 허위 증거에 모델이 과민 반응해 허위 출력을 내는 것은 RAG 시스템 일반의 이슈로 물리 AI 한정 아님,,Physical,SRC-P-0137,RAI4-1524,REWRITE_KEEP|PEER_REVIEW,Peer-review spacing restoration,L3_MASTER|NIST_AI_RMF|OECD_AI_PRINCIPLES|KOREA_AI_BASIC_ACT,,General,INSTRUCTION_PROMPT,G_SYS_MISINFO,0.737826,L3_MASTER_VALIDATED
RAI4-1527,,,사용자 수행 설득에 의한 AI 모델의 오용,Misuse of AI model by user-performed persuasion,"다중 턴 설득 대화가 모델이 사실적으로 옳은 입장을 포기하고 허위 정보를 수용하게 만들며, 그 효과가 단일 턴 시도를 능가하는 리스크.","The risk that multi-turn persuasive conversation induces a model to abandon factually correct positions and accept misinformation, with persuasion effects exceeding single-turn attempts.","다중 턴 설득 대화가 모델이 사실적으로 옳은 입장을 포기하고 허위정보를 수용하게 만들 며, 그 효과가 단일 턴 시도를 능가하는 리스크","Multi-turn persuasive conversation induces a model to abandon factually correct positions and accept misinformation, with persuasion effects exceeding single-turn attempts.",False,False,1,,,general 영역으로 이동 — 다중 턴 설득 대화로 모델이 사실적으로 옳은 입장을 포기하게 만드는 것은 대화형 LLM 전반의 취약점으로 물리 AI 한정 아님,,Physical,SRC-P-0138,RAI4-1527,REWRITE_KEEP|PEER_REVIEW,Peer-review spacing restoration,L3_MASTER|NIST_AI_RMF|OECD_AI_PRINCIPLES|KOREA_AI_BASIC_ACT,,General,INSTRUCTION_PROMPT,G_SYS_MISINFO,0.724566,L3_MASTER_VALIDATED
RAI4-1688,,,장기 계획의 월드모델 상태 예측 오차 누적,Compounding world-model state-prediction error in long-horizon planning,피지컬 AI 시스템의 월드 모델이 장기 계획 과정에서 물리 상태 예측 오차를 누적하여 접촉·운동 상태를 잘못 추정하고 안전하지 않은 물리 행동으로 이어지는 리스크.,"The risk that a physical AI system's world model accumulates physical-state prediction errors during long-horizon planning, misestimates contact or motion states, and leads to unsafe physical action.",다단계 월드 모델 롤아웃에서 예측 오류가 계 획 깊이에 따라 누적되어 운동학적 드리프트 와 구조적 위반이 발생하고 보상·안전 추정치 가 왜곡되는 리스크. 에이전트는 그럴듯하지 만 물리적으로 잘못된 상상 궤적 위에서 장기 계획을 실행하고 매 행동이 오류를 다시 가중 시킨다.,"The risk that prediction errors compound across multi-step world-model rollouts as planning depth increases, producing kinematic drift, structural violations, and misleading reward or safety estimates. Agents execute long-horizon plans on imagined trajectories that are plausible but physically incorrect, with each successive action compounding the error further.",False,False,,,,,,Physical,SRC-P-0139,RAI4-1688,REWRITE_KEEP|PEER_REVIEW|L3_MASTER_SCOPE_REWRITE,"Definition narrowed to the subject, mechanism, and adverse outcome of the immutable L3 master",L3_MASTER|NIST_AI_RMF|OECD_AI_PRINCIPLES|KOREA_AI_BASIC_ACT,P_SYS_STATE,Physical,SOURCE_DOMAIN,P_SYS_STATE,0.740767,L3_MASTER_VALIDATED
RAI4-1696,,,사회 세계모델 기반 미시표적 정치 조작,Micro-targeted political manipulation using social world models,사회 데이터로 학습한 AI 세계 모델이 인구 집단별 반응을 예측하여 정치적 서사와 여론 개입을 미시 표적화하고 민주적 의사 결정에 부당한 영향을 미치는 리스크.,"The risk that an AI world model trained on social data predicts group responses in order to micro-target political narratives and public-opinion interventions, unduly influencing democratic decision-making.","소셜 데이터로 훈련된 기반 세계 모델이 감정 을 자극하는 서사에 대한 인구통계별 반응을 예측하여, 대규모의 미시표적 영향력 행사와 심리적 표적 설득이 가능해지는 리스크.","The risk that a foundation world model trained on social data predicts demographic responses to emotionally charged narratives, enabling microtargeted influence and psychologically targeted persuasion at scale.",False,False,1,,,general 영역으로 이동 — 소셜 데이터로 훈련된 세계모델이 감정 자극 서사에 대한 인구통계별 반응을 예측해 여론을 미시표적 조작하는 것은 물리 AI 한정 리스크가 아님,,Physical,SRC-P-0140,RAI4-1696,REWRITE_KEEP|PEER_REVIEW|L3_MASTER_SCOPE_REWRITE,"Definition narrowed to the subject, mechanism, and adverse outcome of the immutable L3 master",L3_MASTER|NIST_AI_RMF|OECD_AI_PRINCIPLES|KOREA_AI_BASIC_ACT,G_INT_POL,General,INSTRUCTION_PROMPT,G_INT_POL,0.762832,L3_MASTER_VALIDATED
RAI4-1697,,,AI 반사실적 설명의 과신과 책임 오귀속,Overreliance on AI counterfactual explanations and liability misattribution,운영자나 규제자가 AI 모델의 반사 실적 설명을 검증된 인과 근거로 오인하여 의사 결정의 한계와 불확실성을 이해하지 못하고 책임을 잘못 귀속하는 리스크.,"The risk that operators or regulators mistake an AI model's counterfactual explanation for verified causal evidence, obscuring the decision's limitations and uncertainty and leading to misattribution of responsibility.",월드모델의 반사실적 설명이 학습 분포를 반 영할 뿐인데도 운영자·규제자가 인과적 사실 로 수용하여 책임 귀속·회피에 선택적으로 활 용되는 리스크,"Operators and regulators accept worldmodel counterfactual explanations as causal ground truth although they reflect the model's learned distribution, allowing selective use to attribute or deflect liability.",False,False,,,,,,Physical,SRC-P-0141,RAI4-1697,REWRITE_KEEP|PEER_REVIEW|L3_MASTER_SCOPE_REWRITE,"Definition narrowed to the subject, mechanism, and adverse outcome of the immutable L3 master",L3_MASTER|NIST_AI_RMF|OECD_AI_PRINCIPLES|KOREA_AI_BASIC_ACT,G_SYS_TRANS,General,IMMUTABLE_L3_SCOPE_ROUTE,G_SYS_TRANS,0.72346,L3_MASTER_VALIDATED
RAI4-0209,,,감각 교란 기반 비안전 행동,Adversarial sensory perturbation induced unsafe action,영상 또는 감각 입력의 적대적 변경이 로봇 정책으로하여금 비안전 피지컬 행동을 선택하게하는 위험.,The risk that adversarial changes to video or sensory inputs cause a robot policy to select unsafe physical actions.,영상 또는 감각 입력의 적대적 변경이 로봇 정 책으로하여금 비안전 피지컬 행동을 선택하 게하는 위험.,Adversarial changes to video or sensory inputs cause a robot policy to select unsafe physical actions.,False,False,,,,,,Physical,SRC-P-0142,RAI4-0209,REWRITE_KEEP|PEER_REVIEW,Peer-review spacing restoration,L3_MASTER|NIST_AI_RMF|OECD_AI_PRINCIPLES|KOREA_AI_BASIC_ACT,,Physical,SOURCE_DOMAIN,P_SYS_CONTROL,0.751538,L3_MASTER_VALIDATED
RAI4-0337,,,물리 운용 환경 분포 이동,Distribution shift in physical operation,배포 환경이 건물·도로·공장·가정·병원·기상 조건에 걸쳐 모델이 적응할 수 있는 것보다 빠르게 변화하는 위험.,"The risk that a robot, humanoid, or physical AI system, through perception, learning, control, or physical action, creates a condition in which deployment environments may change across buildings, roads, factories, homes, hospitals, or weather conditions faster than monitoring and adaptation mechanisms can detect.",배포 환경이 건물·도로·공장·가정·병원·기상 조건에 걸쳐 모델이 적응할 수 있는 것보다 빠 르게 변화하는 위험.,"Deployment environments may change across buildings, roads, factories, homes, hospitals, or weather conditions faster than monitoring and adaptation mechanisms can detect.",False,False,,,,,,Physical,SRC-P-0143,RAI4-0337,REWRITE_KEEP|PEER_REVIEW|L3_AI_GROUNDING,"Bilingual definition grounded in an explicit AI technology, causal mechanism, and immutable L3 scope",L3_MASTER|NIST_AI_RMF|OECD_AI_PRINCIPLES|KOREA_AI_BASIC_ACT|L3_MASTER,,Physical,SOURCE_DOMAIN,P_INT_SAFETY,0.643662,L3_MASTER_AI_REWRITE
RAI4-0466,,,적대적 입력 교란,Adversarial input perturbation,"텍스트·이미지·오디오·영상 입력에 가해진, 사람은 흔히 지각하지 못하는 작은 교란 이 모델의 의사 결정 방식을 악용하여 오 분류, 오작동, 안전하지 않은 동작을 유발하는 리스크.","The risk that small, often humanimperceptible perturbations to text, image, audio, or video inputs exploit how a model makes decisions, causing misclassification, malfunction, or unsafe behavior.","텍스트·이미지·오디오·영상 입력에 가해진, 사 람은 흔히 지각하지 못하는 작은 교란이 모델 의 의사결정 방식을 악용하여 오분류, 오작동, 안전하지 않은 동작을 유발하는 리스크.","The risk that small, often humanimperceptible perturbations to text, image, audio, or video inputs exploit how a model makes decisions, causing misclassification, malfunction, or unsafe behavior.",False,False,1,,,"general 영역 이동 검토 — 텍스트·이미지·오디오·영상 입력에 대한 일반적인 적대적 교란(오분류·오작동 유발)으로, 로봇 정책에 특화된 RAI4-0209(감각 교란 기반 비안전 행동)와 개념이 겹침. 0209와 통합하거나 general로 이동 검토",,Physical,SRC-P-0144,RAI4-0466,REWRITE_KEEP|PEER_REVIEW,Peer-review spacing restoration,L3_MASTER|NIST_AI_RMF|OECD_AI_PRINCIPLES|KOREA_AI_BASIC_ACT,,General,INSTRUCTION_PROMPT_RESOLVED,G_SYS_SECADV,0.751103,L3_MASTER_VALIDATED
RAI4-1287,,,환경 유발 결함 변이,Environment-induced fault mutation,로봇·휴머노이드 또는 피지컬 AI 시스템의 지각·학습·제어·물리적 행동 과정이 제조 결함이나 우주선(cosmic ray)에 의한 비트 반전 등 배포 후 환경 요인이 지능 시스템 내부를 변화시켜 의도되지 않은 행동 변이를 일으키는 리스크.,"The risk that post-deployment environmental effects such as manufacturing defects or cosmicray bit flips alter an intelligent system's internals, producing unintended behavioral modification.",제조 결함이나 우주선(cosmic ray)에 의한 비 트 반전 등 배포 후 환경 요인이 지능 시스템 내부를 변화시켜 의도되지 않은 행동 변이를 일으키는 리스크,"Post-deployment environmental effects such as manufacturing defects or cosmicray bit flips alter an intelligent system's internals, producing unintended behavioral modification.",False,False,,,,,,Physical,SRC-P-0146,RAI4-1287,REWRITE_KEEP|PEER_REVIEW|L3_AI_GROUNDING,"Bilingual definition grounded in an explicit AI technology, causal mechanism, and immutable L3 scope",L3_MASTER|NIST_AI_RMF|OECD_AI_PRINCIPLES|KOREA_AI_BASIC_ACT|L3_MASTER,,Physical,SOURCE_DOMAIN,P_SYS_HARDWARE,0.711876,L3_MASTER_AI_REWRITE
RAI4-0245,,,전신 이동 충돌,Whole-body locomotion collision risk,휴머노이드 이동 정책이 전신 동작 및 환경 접촉이 충분히 고려되지 않아 물체·벽·인간과 충돌하는 위험.,"The risk that a humanoid locomotion policy collides with objects, walls, or humans because whole-body motion and environmental contact constraints are not jointly satisfied.",휴머노이드 이동 정책이 전신 동작 및 환경 접 촉이 충분히 고려되지 않아 물체·벽·인간과 충 돌하는 위험.,"A humanoid locomotion policy collides with objects, walls, or humans because whole-body motion and environmental contact constraints are not jointly satisfied.",False,False,,,,,,Physical,SRC-P-0147,RAI4-0245,REWRITE_KEEP|PEER_REVIEW,Peer-review spacing restoration,L3_MASTER|NIST_AI_RMF|OECD_AI_PRINCIPLES|KOREA_AI_BASIC_ACT,,Physical,SOURCE_DOMAIN,P_INT_SAFETY,0.670947,L3_MASTER_VALIDATED
RAI4-0247,,,정밀 휴머노이드 접촉력,Dexterous humanoid contact-force risk,정밀 휴머노이드 손 또는 전신 조작기가 파지·균형·물체 동 역학 간 상호 작용으로 비안전한 접촉력을 가하는 위험.,"The risk that a dexterous humanoid hand or wholebody manipulator applies unsafe contact forces because grasp, balance, and object dynamics are not jointly controlled.",정밀 휴머노이드 손 또는 전신 조작기가 파지·균형·물체 동역학 간 상호작용으로 비안전한 접촉력을 가하는 위험.,"A dexterous humanoid hand or wholebody manipulator applies unsafe contact forces because grasp, balance, and object dynamics are not jointly controlled.",False,False,,,,,,Physical,SRC-P-0148,RAI4-0247,REWRITE_KEEP|PEER_REVIEW,Peer-review spacing restoration,L3_MASTER|NIST_AI_RMF|OECD_AI_PRINCIPLES|KOREA_AI_BASIC_ACT,,Physical,SOURCE_DOMAIN,P_SYS_CONTROL,0.706232,L3_MASTER_VALIDATED
RAI4-0249,,,물리적 안전을 우회하는 보상 과적합,Reward overfitting that bypasses physical safety,휴머노이드 제어기가 평가 환경 밖에서 균형·충돌·힘·작업 공간 제약을 위반하면서 벤치마크 보상이나 모방 충실 도를 극대화하는 위험.,"The risk that a humanoid controller maximizes benchmark reward or imitation fidelity while violating balance, collision, force, or workspace constraints outside the evaluation setting.",휴머노이드 제어기가 평가 환경 밖에서 균형·충돌·힘·작업 공간 제약을 위반하면서 벤치마 크 보상이나 모방 충실도를 극대화하는 위험.,"A humanoid controller maximizes benchmark reward or imitation fidelity while violating balance, collision, force, or workspace constraints outside the evaluation setting.",False,False,,,,,,Physical,SRC-P-0149,RAI4-0249,REWRITE_KEEP|PEER_REVIEW,Peer-review spacing restoration,L3_MASTER|NIST_AI_RMF|OECD_AI_PRINCIPLES|KOREA_AI_BASIC_ACT,,Physical,SOURCE_DOMAIN,P_SYS_CONTROL,0.685804,L3_MASTER_VALIDATED
RAI4-0253,,,안전 제어 지연,Safe-control latency risk,안전 임계 제어 제약이 휴머노이드 동역학에 비해 너무 느리게 집행되어 비안전 동작이 가능해지는 위험.,"The risk that safety-critical control constraints are enforced too slowly relative to humanoid dynamics, allowing unsafe motion before mitigation takes effect.",안전 임계 제어 제약이 휴머노이드 동역학에 비해 너무 느리게 집행되어 비안전 동작이 가 능해지는 위험.,"Safety-critical control constraints are enforced too slowly relative to humanoid dynamics, allowing unsafe motion before mitigation takes effect.",False,False,,,,,,Physical,SRC-P-0150,RAI4-0253,REWRITE_KEEP|PEER_REVIEW,Peer-review spacing restoration,L3_MASTER|NIST_AI_RMF|OECD_AI_PRINCIPLES|KOREA_AI_BASIC_ACT,,Physical,SOURCE_DOMAIN,P_SYS_CONTROL,0.722748,L3_MASTER_VALIDATED
RAI4-0254,,,원격조작 휴머노이드 안전 재정의 실패,Teleoperated humanoid safety override failure,원격 조작 휴머노이드가 운영자 명령·네트워크 지연·상황 인식이 비안전해질 때 강건한 자율 안전 재정의를 갖추지 못하는 리스크.,"The risk that a teleoperated humanoid lacks robust autonomous safety overrides when operator commands, network latency, or situational awareness become unsafe.",원격 조작 휴머노이드가 운영자 명령·네트워 크 지연·상황 인식이 비안전해질 때 강건한 자 율 안전 재정의를 갖추지 못하는 리스크.,"The risk that a teleoperated humanoid lacks robust autonomous safety overrides when operator commands, network latency, or situational awareness become unsafe.",False,False,,,,,,Physical,SRC-P-0151,RAI4-0254,REWRITE_KEEP|PEER_REVIEW,Peer-review spacing restoration,L3_MASTER|NIST_AI_RMF|OECD_AI_PRINCIPLES|KOREA_AI_BASIC_ACT,P_SYS_CONTROL,Physical,SOURCE_DOMAIN,P_SYS_CONTROL,0.740404,L3_MASTER_VALIDATED
RAI4-0255,,,장면 변화 시 인간 행동 모방 실패,Human imitation failure under scene variation,물체 형상·장면 배치·상호 작용 맥락이 달라졌는데도 휴머노이드가 시연된 인간 동작을 그대로 재현해 부적절한 접촉이나 이동을 일으키는 위험.,"The risk that a humanoid reproduces demonstrated human motion when object geometry, scene layout, or interaction context has changed, causing inappropriate contact or movement.",물체 형상·장면 배치·상호작용 맥락이 달라졌 는데도 휴머노이드가 시연된 인간 동작을 그 대로 재현해 부적절한 접촉이나 이동을 일으 키는 위험.,"A humanoid reproduces demonstrated human motion when object geometry, scene layout, or interaction context has changed, causing inappropriate contact or movement.",False,False,,,,,,Physical,SRC-P-0152,RAI4-0255,REWRITE_KEEP|PEER_REVIEW,Peer-review spacing restoration,L3_MASTER|NIST_AI_RMF|OECD_AI_PRINCIPLES|KOREA_AI_BASIC_ACT,,Physical,SOURCE_DOMAIN,P_INT_SAFETY,0.701914,L3_MASTER_VALIDATED
RAI4-0256,,,모션 리타겟팅 안전 실패,Motion-retargeting safety failure,인간 동작이 로봇의 피지컬 한계·접촉 제약·안전 자세 요건을 위반하는 방식으로 휴머노이드 몸체에 리 타겟 팅되는 리스크.,"The risk that human motion is retargeted to a humanoid body in a way that violates the robot's physical limits, contact constraints, or safe posture requirements.",인간 동작이 로봇의 피지컬 한계·접촉 제약·안전 자세 요건을 위반하는 방식으로 휴머노이 드 몸체에 리타겟팅되는 리스크.,"The risk that human motion is retargeted to a humanoid body in a way that violates the robot's physical limits, contact constraints, or safe posture requirements.",False,False,,,,,,Physical,SRC-P-0153,RAI4-0256,REWRITE_KEEP|PEER_REVIEW,Peer-review spacing restoration,L3_MASTER|NIST_AI_RMF|OECD_AI_PRINCIPLES|KOREA_AI_BASIC_ACT,P_SYS_CONTROL,Physical,SOURCE_DOMAIN,P_SYS_CONTROL,0.785887,L3_MASTER_VALIDATED
RAI4-0257,,,의도·어포던스 오해에 따른 휴머노이드 모방 제어 실패,Humanoid imitation-control failure from misread intent and affordances,"휴머노이드가 시연자의 의도, 물체 어포던스또는 안전 제약을 추론하지 못한 채 관찰 행동을 모방하여 부적절한 경로·동작을 실행하는 리스크.","The risk that a humanoid imitates an observed action without inferring the demonstrator's intent, object affordances, or safety constraints, causing inappropriate motion planning or execution.",휴머노이드가 시연을 가능하게 한 행위자의 의도·물체 어포던스·안전 제약을 추론하지 않 고 관찰된 상호작용을 모방하는 위험.,"A humanoid copies an observed interaction without inferring the actor's intent, the object's affordances, or the safety constraints that made the demonstration valid.",False,False,,,,,,Physical,SRC-P-0154,RAI4-0257,REWRITE_KEEP|PEER_REVIEW|L3_MASTER_SCOPE_REWRITE,"Definition narrowed to the subject, mechanism, and adverse outcome of the immutable L3 master",L3_MASTER|NIST_AI_RMF|OECD_AI_PRINCIPLES|KOREA_AI_BASIC_ACT,P_SYS_CONTROL,Physical,SOURCE_DOMAIN,P_SYS_CONTROL,0.723228,L3_MASTER_VALIDATED
RAI4-0262,,,휴머노이드 보행·조작 안정성 실패,Humanoid locomotion and manipulation stability failure,"휴머노이드가 외 란, 탑재 하중 변화, 표면 변화, 액추에이터 불완전성 하에서, 또는 개방 환경 작업 중 이동과 조작을 결합할 때 안정적인 보행·자세·접촉·물체 취급을 유지하지 못하여 전도, 충돌, 물체 손상에 이르는 리스크.","The risk that a humanoid fails to maintain stable gait, posture, contact, or object handling under perturbations, payload shifts, surface changes, or actuator imperfections, or when combining locomotion with manipulation in openworld tasks, leading to falls, collision, or object damage.","휴머노이드가 외란, 탑재 하중 변화, 표면 변화, 액추에이터 불완전성 하에서, 또는 개방 환경 작업 중 이동과 조작을 결합할 때 안정적 인 보행·자세·접촉·물체 취급을 유지하지 못하 여 전도, 충돌, 물체 손상에 이르는 리스크.","The risk that a humanoid fails to maintain stable gait, posture, contact, or object handling under perturbations, payload shifts, surface changes, or actuator imperfections, or when combining locomotion with manipulation in openworld tasks, leading to falls, collision, or object damage.",False,False,,,,,,Physical,SRC-P-0155,RAI4-0262,REWRITE_KEEP|PEER_REVIEW,Peer-review spacing restoration,L3_MASTER|NIST_AI_RMF|OECD_AI_PRINCIPLES|KOREA_AI_BASIC_ACT,,Physical,SOURCE_DOMAIN,P_INT_SAFETY,0.758178,L3_MASTER_VALIDATED
RAI4-0265,,,오픈월드 휴머노이드 조작의 과소대표,Underrepresentation of open-world humanoid manipulation,휴머노이드 조작 데이터셋이 오픈 월드 배포에 필요한 비정형 작업 변화·낯선 물체·움직이는 사람·환경 변화를 충분히 포함하지 못하는 위험.,"The risk that a humanoid manipulation dataset lacks unscripted task changes, unfamiliar objects, moving people, and environmental variation required for openworld deployment.",휴머노이드 조작 데이터셋이 오픈월드 배포 에 필요한 비정형 작업 변화·낯선 물체·움직이 는 사람·환경 변화를 충분히 포함하지 못하는 위험.,"A humanoid manipulation dataset lacks unscripted task changes, unfamiliar objects, moving people, and environmental variation required for openworld deployment.",False,False,,,,,,Physical,SRC-P-0156,RAI4-0265,REWRITE_KEEP|PEER_REVIEW,Peer-review spacing restoration,L3_MASTER|NIST_AI_RMF|OECD_AI_PRINCIPLES|KOREA_AI_BASIC_ACT,,Physical,SOURCE_DOMAIN,P_SYS_CONTROL,0.673205,L3_MASTER_VALIDATED
RAI4-0270,,,잠재 상태 압축에 따른 안전 임계 정보 손실,Loss of safety-critical detail in latent-state compression,상태 압축이 휴머노이드의 안전한 계획에 필요한 접촉·충돌 근접·물체 불안정·인간 근접 정보를 제거하는 위험.,"The risk that state compression removes contact, near-collision, object-instability, or human-proximity information needed for safe humanoid planning.",상태 압축이 휴머노이드의 안전한 계획에 필 요한 접촉·충돌 근접·물체 불안정·인간 근접 정보를 제거하는 위험.,"State compression removes contact, nearcollision, object-instability, or humanproximity information needed for safe humanoid planning.",False,False,,,,,,Physical,SRC-P-0158,RAI4-0270,REWRITE_KEEP|PEER_REVIEW,Peer-review spacing restoration,L3_MASTER|NIST_AI_RMF|OECD_AI_PRINCIPLES|KOREA_AI_BASIC_ACT,P_SYS_STATE,Physical,SOURCE_DOMAIN,P_SYS_STATE,0.634575,L3_MASTER_VALIDATED
RAI4-0276,,,구현체별 역할·권한 제약 집행 실패,Failure to enforce embodiment-specific role constraints,휴머노이드 등 로봇 역할로 작동하는 모델이 해당 운용 역할에 부여된 권한·물리적 한계·필수 거부 규칙을 지키지 않는 위험.,"The risk that a model acting as a humanoid or other robot fails to enforce the permissions, physical limits, and required refusals attached to that operational role.",휴머노이드 등 로봇 역할로 작동하는 모델이 해당 운용 역할에 부여된 권한·물리적 한계·필 수 거부 규칙을 지키지 않는 위험.,"A model acting as a humanoid or other robot fails to enforce the permissions, physical limits, and required refusals attached to that operational role.",False,False,,,,,,Physical,SRC-P-0159,RAI4-0276,REWRITE_KEEP|PEER_REVIEW,Peer-review spacing restoration,L3_MASTER|NIST_AI_RMF|OECD_AI_PRINCIPLES|KOREA_AI_BASIC_ACT,,Physical,SOURCE_DOMAIN,P_INT_SAFETY,0.749981,L3_MASTER_VALIDATED
RAI4-0283,,,휴머노이드 힘 한계 초과,Humanoid force limit exceedance,"휴머노이드가 전신 이동, 빠른 팔 동작, 균형 상실 중에 물체·작업·인체 접촉에 대한 안전 임계 값을 넘는 충돌력이나 파지·조작 힘을 가하여, 상해나 손상을 일으키는 리스크.","The risk that a humanoid generates collision, grasp, or manipulation forces above safe thresholds relative to the object, task, or human contact during fullbody movement, rapid arm motion, or loss of balance, causing injury or damage.","휴머노이드가 전신 이동, 빠른 팔 동작, 균형 상실 중에 물체·작업·인체 접촉에 대한 안전 임계값을 넘는 충돌력이나 파지·조작 힘을 가하여, 상해나 손상을 일으키는 리스크.","The risk that a humanoid generates collision, grasp, or manipulation forces above safe thresholds relative to the object, task, or human contact during fullbody movement, rapid arm motion, or loss of balance, causing injury or damage.",False,False,,,,,,Physical,SRC-P-0160,RAI4-0283,REWRITE_KEEP|PEER_REVIEW,Peer-review spacing restoration,L3_MASTER|NIST_AI_RMF|OECD_AI_PRINCIPLES|KOREA_AI_BASIC_ACT,,Physical,SOURCE_DOMAIN,P_SYS_CONTROL,0.724367,L3_MASTER_VALIDATED
RAI4-0285,,,휴머노이드 보행 속도 초과,Humanoid walking-speed safety gap,휴머노이드가 안전한 공유 환경을 위한 정지·회피·인간 근접 한계를 초과하는 속도로 이동하는 위험.,"The risk that a humanoid moves at a speed that exceeds the stopping, avoidance, or human-proximity limits required for safe shared environments.",휴머노이드가 안전한 공유 환경을 위한 정지·회피·인간 근접 한계를 초과하는 속도로 이동하는 위험.,"A humanoid moves at a speed that exceeds the stopping, avoidance, or human-proximity limits required for safe shared environments.",False,False,,,,,,Physical,SRC-P-0161,RAI4-0285,REWRITE_KEEP|PEER_REVIEW,Peer-review spacing restoration,L3_MASTER|NIST_AI_RMF|OECD_AI_PRINCIPLES|KOREA_AI_BASIC_ACT,,Physical,SOURCE_DOMAIN,P_SYS_CONTROL,0.695776,L3_MASTER_VALIDATED
RAI4-0286,,,휴머노이드 안전 시험·인증·집행 체계 부재,"Absence of a humanoid safety testing, certification, and enforcement regime","휴머노이드의 안전 주장에 대해 반복 가능하고 비교 가능한 시험·지표, 적용 가능한 인증 경로, 집행 절차가 부재하여 안전성이 충분히 입증되지 않은 시스템이 배포되는 리스크.","The risk that the absence of repeatable and comparable safety tests, metrics, applicable certification pathways, and enforcement procedures allows humanoid systems to be deployed without adequate safety evidence.","휴머노이드의 장애물·인간 감지, 근거리 인지, 제어 응답에 대한 반복 가능한 합격·불합격 시 험과 미준수 시스템을 일관되게 인증·감시·리 콜·제재하는 기관·절차가 모두 결여되어, 안전하지 않은 휴머노이드가 시장에 진입하고 계 속 운용되는 리스크.","The risk that humanoid safety assurance lacks both repeatable pass/fail tests for obstacle and human detection, near-field perception, and control response, and any authority or process that consistently certifies, monitors, recalls, or sanctions noncompliant systems, allowing unsafe humanoids to enter and remain in service.",False,False,,,,"통합 검토 — 휴머노이드 안전 주장의 시험·지표 비호환으로 비교가 불가능한 문제는, RAI4-0286(휴머노이드 안전 시험·집행 체계 부재)이 지적하는 '표준화된 인증·시험 체계 부재'와 동일 이슈의 다른 측면 || 통합 검토 — 범용 휴머노이드가 기존 산업용·돌봄 로봇 인증 체계 범위 밖에 있어 인증 경로가 없는 문제는, RAI4-0286의 '휴머노이드 안전 시험·집행 체계 부재'와 동일한 근본 이슈(표준화 부재)의 구체 사례",,Physical,SRC-P-0162,RAI4-0286|RAI4-0287|RAI4-0316,MERGE_REPRESENTATIVE|REWRITE_KEEP|PEER_REVIEW,Peer-review spacing restoration,L3_MASTER|NIST_AI_RMF|OECD_AI_PRINCIPLES|KOREA_AI_BASIC_ACT,G_SYS_EVAL,General,IMMUTABLE_L3_SCOPE_ROUTE,G_SYS_EVAL,0.743695,L3_MASTER_VALIDATED
RAI4-0320,,,가림에 의한 충돌,Occlusion-induced collision,피지컬 AI 시스템이 가림으로 숨겨진 사람·동물·차량·장애물을 감지하지 못하여 비안전 동작을 유발하는 위험.,"The risk that a Physical AI system may fail to detect people, animals, vehicles, or obstacles hidden by occlusion, causing unsafe motion in shared physical space.",피지컬 AI 시스템이 가림으로 숨겨진 사람·동 물·차량·장애물을 감지하지 못하여 비안전 동 작을 유발하는 위험.,"A Physical AI system may fail to detect people, animals, vehicles, or obstacles hidden by occlusion, causing unsafe motion in shared physical space.",False,False,,,,,,Physical,SRC-P-0165,RAI4-0320,REWRITE_KEEP|PEER_REVIEW,Peer-review spacing restoration,L3_MASTER|NIST_AI_RMF|OECD_AI_PRINCIPLES|KOREA_AI_BASIC_ACT,P_SYS_STATE,Physical,SOURCE_DOMAIN,P_SYS_STATE,0.735185,L3_MASTER_VALIDATED
RAI4-0029,,,에이전트 계획·툴체인 하이재킹,Agent plan and tool-chain hijacking,"도구 출력에 숨겨지거나 입력에 삽입된 적대적 내용이 에이전트의 다단계 계획이나 후속 도구 호출을 공격자가 선택한 하위 목표로 전환시키면서 중간 단계의 표면적 타당성은 유지되어, 무단 행동이나 데이터 이동으로 이어지는 리스크.","The risk that the goal pursuit, planning, tool use, or action of an AI agent creates a condition in which adversarial content, whether hidden in a tool's output or embedded in inputs, redirects an agent's multi-step plan or subsequent tool calls toward attackerchosen subgoals while intermediate steps remain superficially plausible, causing unauthorized actions or data movement.","도구 출력에 숨겨지거나 입력에 삽입된 적대 적 내용이 에이전트의 다단계 계획이나 후속 도구 호출을 공격자가 선택한 하위 목표로 전 환시키면서 중간 단계의 표면적 타당성은 유 지되어, 무단 행동이나 데이터 이동으로 이어 지는 리스크.","The risk that adversarial content, whether hidden in a tool's output or embedded in inputs, redirects an agent's multi-step plan or subsequent tool calls toward attackerchosen subgoals while intermediate steps remain superficially plausible, causing unauthorized actions or data movement.",False,False,1,,,에이전트 영역으로 이동 — 도구 출력이나 입력에 숨겨진 적대적 내용이 에이전트의 다단계 계획·툴체인 호출을 하이재킹하는 것은 소프트웨어 에이전트 전반의 리스크로 물리 AI 한정 아님,,Physical,SRC-P-0166,RAI4-0029,REWRITE_KEEP|PEER_REVIEW|L3_AI_GROUNDING,"Bilingual definition grounded in an explicit AI technology, causal mechanism, and immutable L3 scope",L3_MASTER|NIST_AI_RMF|OECD_AI_PRINCIPLES|KOREA_AI_BASIC_ACT|L3_MASTER,,Agentic,INSTRUCTION_PROMPT,A_SYS_DECEPT,0.735421,L3_MASTER_AI_REWRITE
RAI4-0032,,,의도하지 않은 유해 도구 행동 실행,Unintended harmful tool-action execution,"에이전트가 모호한 지시를 잘못 구체화하는 등의 경위로 사용자가 의도하지 않은 행동을 시뮬레이션이 아닌 실제 도구를 통해 수행하여, 운영상 피해와 후속 피해를 야기하는 리스크.","The risk that the goal pursuit, planning, tool use, or action of an AI agent creates a condition in which an agent carries out concrete actions the user did not intend through real tools rather than simulated outputs, for instance by misresolving an ambiguous instruction, causing operational and downstream harm.","에이전트가 모호한 지시를 잘못 구체화하는 등의 경위로 사용자가 의도하지 않은 행동을 시뮬레이션이 아닌 실제 도구를 통해 수행하 여, 운영상 피해와 후속 피해를 야기하는 리스크.","The risk that an agent carries out concrete actions the user did not intend through real tools rather than simulated outputs, for instance by misresolving an ambiguous instruction, causing operational and downstream harm.",False,False,1,,,에이전트 영역으로 이동 — 모호한 지시를 잘못 구체화해 실제 도구를 통해 의도치 않은 행동을 실행하는 것은 에이전트 일반의 리스크로 물리 AI 한정 아님,,Physical,SRC-P-0167,RAI4-0032,REWRITE_KEEP|PEER_REVIEW|L3_AI_GROUNDING,"Bilingual definition grounded in an explicit AI technology, causal mechanism, and immutable L3 scope",L3_MASTER|NIST_AI_RMF|OECD_AI_PRINCIPLES|KOREA_AI_BASIC_ACT|L3_MASTER,,Agentic,INSTRUCTION_PROMPT,A_SYS_GOAL,0.754363,L3_MASTER_AI_REWRITE
RAI4-0235,,,VLA 조작 제약 위반,VLA manipulation constraint violation,비전-언어-행동 모델이 고수준 안전 지시를 따르면서도 물체 조작 중 작업별 피지컬 제약을 위반하는 리스크.,The risk that a vision-language-action model violates task-specific physical constraints during object manipulation despite high-level instruction compliance.,비전-언어-행동 모델이 고수준 안전 지시를 따르면서도 물체 조작 중 작업별 피지컬 제약 을 위반하는 리스크.,The risk that a vision-language-action model violates task-specific physical constraints during object manipulation despite high-level instruction compliance.,False,False,,,,,,Physical,SRC-P-0168,RAI4-0235,REWRITE_KEEP|PEER_REVIEW,Peer-review spacing restoration,L3_MASTER|NIST_AI_RMF|OECD_AI_PRINCIPLES|KOREA_AI_BASIC_ACT,,Physical,SOURCE_DOMAIN,P_SYS_CONTROL,0.682129,L3_MASTER_VALIDATED
RAI4-0275,,,상위 안전 지시의 해석 불명확,Ambiguous high-level safety instruction,상위 안전 지시가 사용자 의도·물리적 위험·운용제 약간 구체적 충돌의 해결 기준을 제시하지 않아 로봇 행동이 일관되지 않게되는 위험.,"The risk that a high-level safety instruction does not specify how to resolve a concrete conflict among user intent, physical hazard, and operational constraints, allowing inconsistent robot actions.",상위 안전 지시가 사용자 의도·물리적 위험·운 용 제약 간 구체적 충돌의 해결 기준을 제시하 지 않아 로봇 행동이 일관되지 않게되는 위험.,"A high-level safety instruction does not specify how to resolve a concrete conflict among user intent, physical hazard, and operational constraints, allowing inconsistent robot actions.",False,False,,,,,,Physical,SRC-P-0169,RAI4-0275,REWRITE_KEEP|PEER_REVIEW,Peer-review spacing restoration,L3_MASTER|NIST_AI_RMF|OECD_AI_PRINCIPLES|KOREA_AI_BASIC_ACT,,Physical,SOURCE_DOMAIN,P_SYS_CONTROL,0.74148,L3_MASTER_VALIDATED
RAI4-0281,,,시각 장면의 안전 판단 오류,Incorrect safety reasoning from visual scenes,비전-언어 모델이 장면은 올바르게 관찰하지만 제안 행동의 물리적 결과·물체 어포던스·인간 노출 위험을 잘못 판단하는 위험.,"The risk that a vision-language model observes the scene correctly but infers the wrong physical consequence, object affordance, or human-exposure risk for a proposed action.",비전-언어 모델이 장면은 올바르게 관찰하지 만 제안 행동의 물리적 결과·물체 어포던스·인 간 노출 위험을 잘못 판단하는 위험.,"A vision-language model observes the scene correctly but infers the wrong physical consequence, object affordance, or human-exposure risk for a proposed action.",False,False,,,,,,Physical,SRC-P-0170,RAI4-0281,REWRITE_KEEP|PEER_REVIEW,Peer-review spacing restoration,L3_MASTER|NIST_AI_RMF|OECD_AI_PRINCIPLES|KOREA_AI_BASIC_ACT,,Physical,SOURCE_DOMAIN,P_INT_SAFETY,0.686399,L3_MASTER_VALIDATED
RAI4-0326,,,물체 어포던스 입력 이해 실패,Failure to comprehend object affordances,로봇 또는 피지컬 AI 시스템이 입력 장면에서 물체·환경이 허용하는 행동 가능성과 제약을 의미적으로 잘못 이해하여 부적절한 잡기·밀기·이동·조작 행동을 선택하는 리스크.,"The risk that a robot or physical AI system semantically misinterprets the action possibilities and constraints afforded by objects or environments in its input scene, selecting inappropriate grasping, pushing, navigation, or manipulation actions.",물체 또는 환경에 잘못된 행동 가능성이 부여 되어 시스템이 비안전하게 파지·밀기·내비게 이션·상호작용하는 위험.,"Objects or environments may be assigned incorrect action possibilities, leading the system to grasp, push, navigate, or manipulate them unsafely.",False,False,,,,,,Physical,SRC-P-0171,RAI4-0326,REWRITE_KEEP|PEER_REVIEW|L3_MASTER_SCOPE_REWRITE,"Definition narrowed to the subject, mechanism, and adverse outcome of the immutable L3 master",L3_MASTER|NIST_AI_RMF|OECD_AI_PRINCIPLES|KOREA_AI_BASIC_ACT,G_SYS_INPUT,General,IMMUTABLE_L3_SCOPE_ROUTE,G_SYS_INPUT,0.8434,L3_MASTER_VALIDATED
RAI4-0327,,,비안전 궤적 생성,Unsafe trajectory generation,로봇·휴머노이드 또는 피지컬 AI 시스템의 지각·학습·제어·물리적 행동 과정이 플래너가 형식적으로는 실행 가능하지만 주변 인간·취약 물체·교통 참여자·인프라에 비안전한 궤적을 생성하는 위험.,"The risk that a robot, humanoid, or physical AI system, through perception, learning, control, or physical action, creates a condition in which a planner may generate a trajectory that is formally feasible but unsafe for nearby humans, fragile objects, traffic participants, or constrained workspaces.",플래너가 형식적으로는 실행 가능하지만 주 변 인간·취약 물체·교통 참여자·인프라에 비안전한 궤적을 생성하는 위험.,"A planner may generate a trajectory that is formally feasible but unsafe for nearby humans, fragile objects, traffic participants, or constrained workspaces.",False,False,,,,,,Physical,SRC-P-0172,RAI4-0327,REWRITE_KEEP|PEER_REVIEW|L3_AI_GROUNDING,"Bilingual definition grounded in an explicit AI technology, causal mechanism, and immutable L3 scope",L3_MASTER|NIST_AI_RMF|OECD_AI_PRINCIPLES|KOREA_AI_BASIC_ACT|L3_MASTER,,Physical,SOURCE_DOMAIN,P_SYS_CONTROL,0.697614,L3_MASTER_AI_REWRITE
RAI4-0381,,,기계 번역에 의한 의미·가치 왜곡,Meaning and value distortion in machine translation,"AI 시스템 또는 AI 알고리즘의 설계·학습·배포·사용 과정이 기계 번역이 법률·의료·문화·저자원 언어 맥락을 포함하여 언어 간에 전달되는 의미, 규범적 효력, 공손성, 유해성, 사회적 뉘앙스를 변형시켜, 소통되는 내용과 그에 담긴 가치가 왜곡되는 리스크.","The risk that the design, training, deployment, or use of an AI system or AI algorithm creates a condition in which machine translation alters the meaning, normative force, politeness, harmfulness, or social nuance of communication across languages, including in legal, medical, cultural, and low-resource-language contexts, distorting what is conveyed and the values it carries.","기계 번역이 법률·의료·문화·저자원 언어 맥락 을 포함하여 언어 간에 전달되는 의미, 규범적 효력, 공손성, 유해성, 사회적 뉘앙스를 변형 시켜, 소통되는 내용과 그에 담긴 가치가 왜곡되는 리스크.","The risk that machine translation alters the meaning, normative force, politeness, harmfulness, or social nuance of communication across languages, including in legal, medical, cultural, and low-resource-language contexts, distorting what is conveyed and the values it carries.",False,False,1,,,general 영역으로 이동 — 법률·의료·문화·저자원 언어 맥락에서 기계 번역이 의미·규범적 효력·뉴앙스를 왜곡하는 것은 번역 시스템 일반의 이슈로 물리 AI 한정 아님,,Physical,SRC-P-0173,RAI4-0381,REWRITE_KEEP|PEER_REVIEW|L3_AI_GROUNDING,"Bilingual definition grounded in an explicit AI technology, causal mechanism, and immutable L3 scope",L3_MASTER|NIST_AI_RMF|OECD_AI_PRINCIPLES|KOREA_AI_BASIC_ACT|L3_MASTER,,General,INSTRUCTION_PROMPT,G_INT_VALUE,0.695749,L3_MASTER_AI_REWRITE
RAI4-1174,,,안전하지 않은 지시 주제,Unsafe instruction topic,입력 지시 자체가 부적절하거나 불합리한 주제를 참조할 때 모델이 그 지시를 따라 광신과 인종주의 같은 안전하지 않은 콘텐츠를 생성하여 사회에 부정적 영향을 줄 수 있는 리스크.,"The risk that when the input instructions themselves refer to inappropriate or unreasonable topics, the model follows them and produces unsafe content such as fanaticism or racism with possible negative impact on society.",입력 지시 자체가 부적절하거나 불합리한 주 제를 참조할 때 모델이 그 지시를 따라 광신과 인종주의 같은 안전하지 않은 콘텐츠를 생성하여 사회에 부정적 영향을 줄 수 있는 리스크.,"The risk that when the input instructions themselves refer to inappropriate or unreasonable topics, the model follows them and produces unsafe content such as fanaticism or racism with possible negative impact on society.",False,False,1,,,general 영역으로 이동 — 부적절하거나 불합리한 지시 주제를 그대로 따라 광신·인종주의 등 안전하지 않은 콘텐츠를 생성하는 것은 텍스트 기반 안전정렬 이슈로 물리 AI 한정 아님,,Physical,SRC-P-0174,RAI4-1174,REWRITE_KEEP|PEER_REVIEW,Peer-review spacing restoration,L3_MASTER|NIST_AI_RMF|OECD_AI_PRINCIPLES|KOREA_AI_BASIC_ACT,,General,INSTRUCTION_PROMPT,G_SYS_OREF,0.697366,L3_MASTER_VALIDATED
RAI4-0220,,,로봇 레드팀의 공격·상호작용 시나리오 누락,Missing robot red-team attack and interaction scenarios,로봇 레드 팀이 안전하지 않은 행동을 유발할 수 있는 현실적인 물리 공격·적대적 입력·인간 상호 작용 실패·배포 조건을 누락하는 위험.,"The risk that robot red-teaming omits credible physical attacks, adversarial inputs, humaninteraction failures, or deployment conditions that can trigger unsafe action.",로봇 레드팀이 안전하지 않은 행동을 유발할 수 있는 현실적인 물리 공격·적대적 입력·인간 상호작용 실패·배포 조건을 누락하는 위험.,"Robot red-teaming omits credible physical attacks, adversarial inputs, humaninteraction failures, or deployment conditions that can trigger unsafe action.",False,False,1,,,"L3 이동 — 로봇 레드팀이 물리 공격·적대적 입력 시나리오를 누락하는 것은 레드티밍/적대적 평가 방법론 이슈로, 멀티 에이전트 간 협력과는 무관",,Physical,SRC-P-0177,RAI4-0220,REWRITE_KEEP|PEER_REVIEW,Peer-review spacing restoration,L3_MASTER|NIST_AI_RMF|OECD_AI_PRINCIPLES|KOREA_AI_BASIC_ACT,G_SYS_EVAL,General,IMMUTABLE_L3_SCOPE_ROUTE,G_SYS_EVAL,0.612908,L3_MASTER_VALIDATED
RAI4-0236,,,구현체 간 행동 공간 불일치,Cross-embodiment action-space mismatch,다양한 로봇 구현 체에 걸쳐 훈련된 정책이 특정 로봇의 행동 공간에서 비안전하거나 실행 불가능한 행동으로 명령을 매핑하는 리스크.,The risk that a policy trained across different robot embodiments maps commands into actions that are unsafe or infeasible for a specific robot action space.,다양한 로봇 구현체에 걸쳐 훈련된 정책이 특 정 로봇의 행동 공간에서 비안전하거나 실행 불가능한 행동으로 명령을 매핑하는 리스크.,The risk that a policy trained across different robot embodiments maps commands into actions that are unsafe or infeasible for a specific robot action space.,False,False,1,,,"L3 이동 — 다양한 로봇 구현체에 훈련된 정책이 특정 로봇의 행동 공간에 부적합한 명령을 매핑하는 것은 로봇 기능·성능(cross-embodiment) 이슈로, 멀티 에이전트 간 협력과는 무관",,Physical,SRC-P-0179,RAI4-0236,REWRITE_KEEP|PEER_REVIEW,Peer-review spacing restoration,L3_MASTER|NIST_AI_RMF|OECD_AI_PRINCIPLES|KOREA_AI_BASIC_ACT,P_SYS_CONTROL,Physical,SOURCE_DOMAIN,P_SYS_CONTROL,0.728365,L3_MASTER_VALIDATED
RAI4-0242,,,단일 로봇 내부의 시각·접촉 신호 충돌,Conflicting visual and contact signals within one robot,단일 로봇이 동일한 접촉 사건에 대한 시각·촉각·힘·오디오 관측의 충돌을 해소하지 못해 접촉 상태를 잘못 추정하는 위험.,"The risk that a single robot cannot reconcile conflicting visual, tactile, force, or audio observations of the same contact event and therefore estimates the contact state incorrectly.",단일 로봇이 동일한 접촉 사건에 대한 시각·촉 각·힘·오디오 관측의 충돌을 해소하지 못해 접 촉 상태를 잘못 추정하는 위험.,"A single robot cannot reconcile conflicting visual, tactile, force, or audio observations of the same contact event and therefore estimates the contact state incorrectly.",False,False,1,,,"L3 이동 — 단일 로봇 내부의 시각·촉각·힘 신호 충돌로 접촉 상태를 잘못 추정하는 것은 단일 로봇의 센서 융합·physical safety 이슈로, 멀티 에이전트 간 협력과는 무관",,Physical,SRC-P-0181,RAI4-0242,REWRITE_KEEP|PEER_REVIEW,Peer-review spacing restoration,L3_MASTER|NIST_AI_RMF|OECD_AI_PRINCIPLES|KOREA_AI_BASIC_ACT,,Physical,INSTRUCTION_PROMPT,P_INT_SAFETY,0.71623,L3_MASTER_VALIDATED
RAI4-0252,,,보조 로봇 개입 타이밍 실패,Assistive robot intervention mistiming,보호적 또는 보조적 휴머노이드가 너무 이르거나 너무 늦게 또는 부적절한 피지컬 방식으로 개입하여 사용자와 주변인의 위험을 증가시키는 리스크.,"The risk that a protective or assistive humanoid intervenes too early, too late, or in an inappropriate physical manner, increasing risk to the user or bystanders.",보호적 또는 보조적 휴머노이드가 너무 이르 거나 너무 늦게 또는 부적절한 피지컬 방식으 로 개입하여 사용자와 주변인의 위험을 증가 시키는 리스크.,"The risk that a protective or assistive humanoid intervenes too early, too late, or in an inappropriate physical manner, increasing risk to the user or bystanders.",False,False,1,,,"L3 이동 — 보조 로봇의 개입 타이밍 실패(너무 이르거나 늦은 개입)는 단일 로봇의 physical safety 이슈로, 멀티 에이전트 간 협력과는 무관",,Physical,SRC-P-0182,RAI4-0252,REWRITE_KEEP|PEER_REVIEW,Peer-review spacing restoration,L3_MASTER|NIST_AI_RMF|OECD_AI_PRINCIPLES|KOREA_AI_BASIC_ACT,P_INT_SAFETY,Physical,INSTRUCTION_PROMPT,P_INT_SAFETY,0.724997,L3_MASTER_VALIDATED
RAI4-0258,,,이동형 양팔 로봇의 안전하지 않은 조작,Unsafe mobile bimanual manipulation,"이동형 양팔 로봇이 베이스 이동과 양팔 조작을 동기화하지 못하거나 주변 사람, 깨지기 쉬운 물체, 가전, 협소한 공간을 고려하지 않고 동작을 계획하여, 충돌, 물체 낙하·손상, 안전하지 않은 힘인가를 유발하는 리스크.","The risk that a mobile bimanual robot fails to synchronize base motion with two-arm manipulation or plans motion without accounting for nearby people, fragile objects, appliances, and constrained space, causing collision, object drop or damage, or unsafe force application.","이동형 양팔 로봇이 베이스 이동과 양팔 조작 을 동기화하지 못하거나 주변 사람, 깨지기 쉬 운 물체, 가전, 협소한 공간을 고려하지 않고 동작을 계획하여, 충돌, 물체 낙하·손상, 안전하지 않은 힘 인가를 유발하는 리스크.","The risk that a mobile bimanual robot fails to synchronize base motion with two-arm manipulation or plans motion without accounting for nearby people, fragile objects, appliances, and constrained space, causing collision, object drop or damage, or unsafe force application.",False,False,1,,,"L3 이동 — 이동형 양팔 로봇의 베이스-팔 동기화 실패로 인한 충돌·손상은 단일 로봇의 physical safety 이슈로, 멀티 에이전트 간 협력과는 무관",,Physical,SRC-P-0183,RAI4-0258,REWRITE_KEEP|PEER_REVIEW,Peer-review spacing restoration,L3_MASTER|NIST_AI_RMF|OECD_AI_PRINCIPLES|KOREA_AI_BASIC_ACT,,Physical,INSTRUCTION_PROMPT,P_SYS_CONTROL,0.795329,L3_MASTER_VALIDATED
RAI4-0295,,,네트워크 분리와 군집 비동기화,Network partition and fleet desynchronization,분할되거나 신뢰할 수 없는 연결이 다중 로봇 군집을 동기화 해제하여 충돌 또는 비안전한 협조 행동을 유발하는 위험.,The risk that a robot fleet becomes split across network partitions and loses synchronized coordination.,분할되거나 신뢰할 수 없는 연결이 다중 로봇 군집을 동기화 해제하여 충돌 또는 비안전한 협조 행동을 유발하는 위험.,A robot fleet becomes split across network partitions and loses synchronized coordination.,False,False,,,,,,Physical,SRC-P-0184,RAI4-0295,REWRITE_KEEP|PEER_REVIEW,Peer-review spacing restoration,L3_MASTER|NIST_AI_RMF|OECD_AI_PRINCIPLES|KOREA_AI_BASIC_ACT,,Physical,SOURCE_DOMAIN,P_INT_SAFETY,0.663577,L3_MASTER_VALIDATED
RAI4-0312,,,인구집단별 피지컬 서비스·안전 격차,Demographic disparities in physical service and safety,"체형, 연령, 장애, 언어 또는 문화가 과소 대표된 데이터와 모델 편향이 로봇의 인식, 서비스, 회피, 치료 또는 안전 판단으로 구현되어 인구 집단별 성능과 위해 노출에 격차를 만드는 리스크.","The risk that under-representation of body types, ages, disabilities, languages, or cultures and associated model bias are realised in robotic perception, service, avoidance, treatment, or safety decisions, creating demographic disparities in performance and exposure to harm.",인식 또는 보조 성능의 인구집단별 격차가 피 지컬 차별로 전이되는 위험.,"A robot provides worse physical service to groups whose bodies, languages, or environments are underrepresented.",False,False,1,,,"L3 재배치 검토 — 기반 모델 편향이 분류·회피·차별적 서비스 등 피지컬 행동으로 실행되는 것은 물리적 공격보다는 공정성/차별 영역에 가까움. RAI4-0312(인구집단별 서비스 격차)와 사실상 동일 주제로 통합 검토 필요 || L3 재배치 검토 — 상호작용 데이터의 체형·연령·장애·언어 과소대표로 인한 휴머노이드 안전 판단 격차는 공정성/차별 이슈에 가까움. RAI4-0312(인구집단별 서비스 격차)와 사실상 동일 주제로 통합 검토 필요 || L3 이동 — 인식·보조 성능의 인구집단별 격차가 피지컬 차별로 전이되는 것은 공정성/차별(hate&unfairness) 이슈로, 멀티 에이전트 간 협력과는 무관",,Physical,SRC-P-0185,RAI4-0312|RAI4-0311|RAI4-0266,MERGE_REPRESENTATIVE|REWRITE_KEEP|PEER_REVIEW,Peer-review spacing restoration,L3_MASTER|NIST_AI_RMF|OECD_AI_PRINCIPLES|KOREA_AI_BASIC_ACT,,Physical,INSTRUCTION_PROMPT,P_INT_SAFETY,0.688901,L3_MASTER_VALIDATED
RAI4-0358,,,로봇의 충돌 회피·운행구역 통제 실패,Failure of robot collision avoidance and operating-zone control,"자율 이동 로봇이 충돌 회피, 지오 펜싱 또는 지정 운행 구역 제약을 준수하지 못해 사람·시설·다른 이동 체와 충돌하거나 통제 구역을 침범하는 리스크.","The risk that an autonomous mobile robot fails to comply with collision-avoidance, geofencing, or designated operating-zone constraints, causing collisions with people, facilities, or other vehicles or entering restricted areas.",자율 드론이 위치·의도 정보를 교환하지 못하 거나 지오펜싱·공역 제약을 지키지 않아 드론 간 충돌이나 제한 공역 침입을 일으키는 위험.,"Autonomous drones fail to exchange position and intent or obey geofencing and airspace constraints, creating collision or restricted-airspace intrusion risks.",False,False,1,,,제목 수정 — '드론'을 '로봇'으로 일반화 (지오펜싱·공역 제약을 지키지 않는 충돌 회피 실패는 드론에 국한되지 않는 자율 이동체 전반의 리스크),,Physical,SRC-P-0187,RAI4-0358,EDIT|REWRITE_KEEP|PEER_REVIEW,Peer-review spacing restoration,L3_MASTER|NIST_AI_RMF|OECD_AI_PRINCIPLES|KOREA_AI_BASIC_ACT,,Physical,SOURCE_DOMAIN,P_INT_SAFETY,0.777243,L3_MASTER_VALIDATED
RAI4-0866,,,부적절한 인간 역할 가장,Inappropriate impersonation of human roles,AI 에이전트의 목표 추구·계획·도구 사용·행동 과정이 챗봇이 인간인 것처럼 가장하거나 인간의 기대에 부합하지 않는 방식으로 역할을 수행하려 시도하는 리스크.,"The risk that an AI agent, through goal pursuit, planning, tool use, or action, creates a condition in which a chatbot poses as a human or attempts to fill a role in a way that fails to match human expectations.",챗봇이 인간인 것처럼 가장하거나 인간의 기 대에 부합하지 않는 방식으로 역할을 수행하 려 시도하는 리스크,The risk that a chatbot poses as a human or attempts to fill a role in a way that fails to match human expectations.,False,False,1,,,에이전트 영역으로 이동 — 챗봇이 인간을 가장하거나 인간의 기대에 부합하지 않게 역할을 수행하는 것은 대화형 에이전트 일반의 리스크로 물리 AI 한정 아님,,Physical,SRC-P-0188,RAI4-0866,REWRITE_KEEP|PEER_REVIEW|L3_AI_GROUNDING,"Bilingual definition grounded in an explicit AI technology, causal mechanism, and immutable L3 scope",L3_MASTER|NIST_AI_RMF|OECD_AI_PRINCIPLES|KOREA_AI_BASIC_ACT|L3_MASTER,,Agentic,INSTRUCTION_PROMPT,A_SYS_DECEPT,0.68341,L3_MASTER_AI_REWRITE
RAI4-1621,,,AI 에이전트의 무단 거래·약정 체결,Unauthorised deals and commitments by an AI agent,AI 에이전트가 위임 받은 권한이나 사용자의 실제의 도를 넘어 거래·약정·계약과 같은 구속력 있는 행동을 자율적으로 수행하여 이용자에게 의도하지 않은 의무나 손실을 발생시키는 리스크.,"The risk that an AI agent autonomously makes a deal, commitment, or contract beyond its delegated authority or the user's actual intent, creating unintended obligations or losses for the user.",챗봇이 배포자가 의도하지 않은 거래·약속 등 결과적 조치를 출력으로 성립시키는 리스크.,"The risk that a chatbot's output makes a deal, commitment, or other consequential action that the deployer did not intend.",False,False,1,,,에이전트 영역으로 이동 — 챗봇 출력이 배포자가 의도하지 않은 거래·약속을 성립시키는 것은 대화형 에이전트 일반의 리스크로 물리 AI 한정 아님,,Physical,SRC-P-0189,RAI4-1621,REWRITE_KEEP|PEER_REVIEW|L3_MASTER_SCOPE_REWRITE,"Definition narrowed to the subject, mechanism, and adverse outcome of the immutable L3 master",L3_MASTER|NIST_AI_RMF|OECD_AI_PRINCIPLES|KOREA_AI_BASIC_ACT,A_SYS_AUTH,Agentic,INSTRUCTION_PROMPT,A_SYS_AUTH,0.818544,L3_MASTER_VALIDATED
RAI4-0018,,,인터페이스-환경 공격 표면,Interface-environment attack surface,브라우저·운영 체제·모바일 앱·IoT 기기·외부 API에 대한 에이전트 인터페이스가 안전하지 않은 행동이나 침해를 위한 새로운 공격 벡터를 노출하는 리스크.,"The risk that an AI system or AI algorithm, through design, training, deployment, or use, creates a condition in which agent interfaces to browsers, operating systems, mobile apps, IoT devices, or external APIs expose new vectors for unsafe action or compromise.",브라우저·운영체제·모바일 앱·IoT 기기·외부 API에 대한 에이전트 인터페이스가 안전하지 않은 행동이나 침해를 위한 새로운 공격 벡터 를 노출하는 리스크.,"The risk that agent interfaces to browsers, operating systems, mobile apps, IoT devices, or external APIs expose new vectors for unsafe action or compromise.",False,False,1,,,에이전트 영역으로 이동 — 브라우저·OS·IoT·외부 API에 대한 에이전트 인터페이스가 새로운 공격 벡터를 노출하는 것은 소프트웨어 에이전트 일반의 리스크로 물리 AI 한정 아님,,Physical,SRC-P-0190,RAI4-0018,REWRITE_KEEP|PEER_REVIEW|L3_AI_GROUNDING,"Bilingual definition grounded in an explicit AI technology, causal mechanism, and immutable L3 scope",L3_MASTER|NIST_AI_RMF|OECD_AI_PRINCIPLES|KOREA_AI_BASIC_ACT|L3_MASTER,G_SYS_SECADV,General,IMMUTABLE_L3_SCOPE_ROUTE,G_SYS_SECADV,0.696693,L3_MASTER_AI_REWRITE
RAI4-0143,,,다크 패턴 대화 에이전트,Dark-pattern conversational agents,AI 에이전트의 목표 추구·계획·도구 사용·행동 과정이 대화형 인터페이스가 사용자 선택을 유도하기 위해 기만적·강압적·혼란 유발적 설계 패턴을 사용하는 리스크.,"The risk that an AI agent, through goal pursuit, planning, tool use, or action, creates a condition in which conversational interfaces use deceptive, coercive, or confusing design patterns to shape user choices.",대화형 인터페이스가 사용자 선택을 유도하 기 위해 기만적·강압적·혼란 유발적 설계 패턴 을 사용하는 리스크.,"The risk that conversational interfaces use deceptive, coercive, or confusing design patterns to shape user choices.",False,False,1,,,에이전트 영역으로 이동 — 대화형 인터페이스가 기만적·강압적 다크 패턴으로 사용자 선택을 유도하는 것은 대화형 에이전트 일반의 리스크로 물리 AI 한정 아님,,Physical,SRC-P-0192,RAI4-0143,REWRITE_KEEP|PEER_REVIEW|L3_AI_GROUNDING,"Bilingual definition grounded in an explicit AI technology, causal mechanism, and immutable L3 scope",L3_MASTER|NIST_AI_RMF|OECD_AI_PRINCIPLES|KOREA_AI_BASIC_ACT|L3_MASTER,,Agentic,INSTRUCTION_PROMPT,A_SYS_DECEPT,0.682583,L3_MASTER_AI_REWRITE
RAI4-0231,,,안전 규칙의 행동 변환 실패,Failure to translate safety rules into actions,embodied 에이전트가 언어 목표를 실행 행동으로 변환하면서 힘·이 격 거리·대상물 사용·인간 접촉에 관한 안전 제약을 적용하지 않는 위험.,"The risk that a robot, humanoid, or physical AI system, through perception, learning, control, or physical action, creates a condition in which an embodied agent converts a language goal into executable actions without applying the relevant force, distance, object-use, or human-contact constraints.",embodied 에이전트가 언어 목표를 실행 행동 으로 변환하면서 힘·이격거리·대상물 사용·인 간 접촉에 관한 안전 제약을 적용하지 않는 위험.,"An embodied agent converts a language goal into executable actions without applying the relevant force, distance, object-use, or human-contact constraints.",False,False,,,,,,Physical,SRC-P-0193,RAI4-0231,REWRITE_KEEP|PEER_REVIEW|L3_AI_GROUNDING,"Bilingual definition grounded in an explicit AI technology, causal mechanism, and immutable L3 scope",L3_MASTER|NIST_AI_RMF|OECD_AI_PRINCIPLES|KOREA_AI_BASIC_ACT|L3_MASTER,,Physical,SOURCE_DOMAIN,P_INT_SAFETY,0.737902,L3_MASTER_AI_REWRITE
RAI4-0558,,,AI 에이전트 간 협상실패,Bargaining failure among AI agents,이해가 상충하는 에이전트들이 상대에 대한 정보 비대칭 아래 합의를 시도할 때 유리한 요구의 이익과 거절 위험 사이의 상충으로 비효율적 협상 결과가 발생하는 리스크.,"The risk that an AI agent, through goal pursuit, planning, tool use, or action, creates a condition in which agents with diverging interests bargaining under information asymmetries produce inefficient outcomes, because each must trade off the rewards of more favourable demands against the risk of refusal.",이해가 상충하는 에이전트들이 상대에 대한 정보 비대칭 아래 합의를 시도할 때 유리한 요 구의 이익과 거절 위험 사이의 상충으로 비효 율적 협상 결과가 발생하는 리스크,"The risk that agents with diverging interests bargaining under information asymmetries produce inefficient outcomes, because each must trade off the rewards of more favourable demands against the risk of refusal.",False,False,1,,,에이전트 영역으로 이동 — 정보 비대칭 하 상충하는 에이전트 간 협상이 비효율적 결과를 낳는 것은 멀티 에이전트 일반의 리스크로 물리 AI 한정 아님,,Physical,SRC-P-0194,RAI4-0558,REWRITE_KEEP|PEER_REVIEW|L3_AI_GROUNDING,"Bilingual definition grounded in an explicit AI technology, causal mechanism, and immutable L3 scope",L3_MASTER|NIST_AI_RMF|OECD_AI_PRINCIPLES|KOREA_AI_BASIC_ACT|L3_MASTER,,Agentic,INSTRUCTION_PROMPT,A_INT_COORD,0.769011,L3_MASTER_AI_REWRITE
RAI4-0941,,,악의적 사용과 무감독 에이전트 방출,Malicious use and unsupervised AI agent release,"언어 모델이 정보 전에서 기만적·불법적 콘텐츠 생성에 오용되거나, 에이전트로서 충분한 감독 없이 도덕·안전 지침을 무시한 채 명령을 기계적으로 수행하고 예측 불가하게 상호 작용하여 피해를 낳는 리스크.","The risk that language models are misused to generate deceptive or unlawful content in information warfare, or that LMbased agents operating without adequate supervision mechanically execute commands disregarding moral and safety guidelines and interact unpredictably, causing harm.","언어모델이 정보전에서 기만적·불법적 콘텐 츠 생성에 오용되거나, 에이전트로서 충분한 감독 없이 도덕·안전 지침을 무시한 채 명령을 기계적으로 수행하고 예측 불가하게 상호작용하여 피해를 낳는 리스크.","The risk that language models are misused to generate deceptive or unlawful content in information warfare, or that LMbased agents operating without adequate supervision mechanically execute commands disregarding moral and safety guidelines and interact unpredictably, causing harm.",False,False,1,,,"에이전트 영역으로 이동 — 정보전에서의 기만적 콘텐츠 생성, 감독 없는 에이전트의 명령 기계적 수행은 에이전트 일반의 리스크로 물리 AI 한정 아님",,Physical,SRC-P-0196,RAI4-0941,REWRITE_KEEP|PEER_REVIEW,Peer-review spacing restoration,L3_MASTER|NIST_AI_RMF|OECD_AI_PRINCIPLES|KOREA_AI_BASIC_ACT,,Agentic,INSTRUCTION_PROMPT,A_SYS_AUTH,0.722786,L3_MASTER_VALIDATED
RAI4-1576,,,인간 감독 없는 자동화 위협에 따른 파국적 오판 약정,Catastrophic mistaken commitments from automated threats without human oversight,"위협을 AI 에이전트로 수행함으로써 인간이 의사 결정 루프에서 배제되어, 고위험 상황의 오탐이나 무책임한 행위자의 불균형·오류 공약이 재앙적 결과로 이어지는 리스크.","The risk that making threats through AI agents removes humans from the loop, so that false positives in high-stakes contexts or disproportionate and mistaken commitments by irresponsible actors lead to disastrous outcomes.","위협을 AI 에이전트로 수행함으로써 인간이 의사결정 루프에서 배제되어, 고위험 상황의 오탐이나 무책임한 행위자의 불균형·오류 공 약이 재앙적 결과로 이어지는 리스크.","The risk that making threats through AI agents removes humans from the loop, so that false positives in high-stakes contexts or disproportionate and mistaken commitments by irresponsible actors lead to disastrous outcomes.",False,False,1,,,에이전트 영역으로 이동 — AI 에이전트를 통한 위협 자동화로 인간이 의사결정 루프에서 배제되는 것은 에이전트 일반의 리스크로 물리 AI 한정 아님,,Physical,SRC-P-0198,RAI4-1576,REWRITE_KEEP|PEER_REVIEW|TITLE_TERMINOLOGY_NORMALISATION,Formulaic AI involvement removed from the risk title; the harm or failure is named using an immutable-L3-compatible term family documented by authoritative institutions,L3_MASTER|NIST_AI_RMF|OECD_AI_PRINCIPLES|KOREA_AI_BASIC_ACT,,Agentic,INSTRUCTION_PROMPT,A_SYS_AUTH,0.706791,L3_MASTER_VALIDATED
RAI4-1579,,,위임 에이전트 공격에 의한 정보 탈취·행위 조작,Principal-information theft and action manipulation through attacks on delegate agents,"인간이나 조직을 대리하는 AI 에이전트가 새로운 공격 면이 되어, 공격자가 본인의 사적 정보를 추출하거나 본인이 원치 않는 행위를 하도록 에이전트를 조작하고 감독 에이전트 무력화·협력 방해·결탁 유발 정보 유출을 초래하는 리스크.","The risk that AI agents acting as delegates of humans or organisations become a novel attack surface, letting attackers extract private information about their principals, manipulate agents into undesired actions, subvert overseer agents, thwart cooperation, or leak information enabling collusion.","인간이나 조직을 대리하는 AI 에이전트가 새 로운 공격면이 되어, 공격자가 본인의 사적 정보를 추출하거나 본인이 원치 않는 행위를 하도록 에이전트를 조작하고 감독 에이전트 무 력화·협력 방해·결탁 유발 정보 유출을 초래하 는 리스크.","The risk that AI agents acting as delegates of humans or organisations become a novel attack surface, letting attackers extract private information about their principals, manipulate agents into undesired actions, subvert overseer agents, thwart cooperation, or leak information enabling collusion.",False,False,1,,,에이전트 영역으로 이동 — 위임 에이전트를 공격해 본인 정보를 탈취하거나 원치 않는 행위를 유도하는 것은 에이전트 일반의 리스크로 물리 AI 한정 아님,,Physical,SRC-P-0199,RAI4-1579,REWRITE_KEEP|PEER_REVIEW,Peer-review spacing restoration,L3_MASTER|NIST_AI_RMF|OECD_AI_PRINCIPLES|KOREA_AI_BASIC_ACT,,Agentic,INSTRUCTION_PROMPT,A_INT_COLLUSION,0.729299,L3_MASTER_VALIDATED
RAI4-0200,,,피지컬 AI의 사적 공간 침해와 지속적 민감정보 수집,Intrusion into private spaces and continuous sensitive-data capture by physical AI,"로봇의 센서, 이동성, 지도화 기능이 가정·사업장 등 사적 공간의 영상, 음성, 위치, 행동 정보를 지속적으로 수집·추론하여 프라이버시와 정보 자기 결정권을 침해하는 리스크.","The risk that robot sensors, mobility, and mapping continuously capture or infer video, audio, location, or behavioural information in homes, workplaces, or other private spaces, infringing privacy and informational self-determination.",로봇 또는 embodied 에이전트가 센서·이동 성·조작 능력을 사용하여 사적 공간에 침입하 거나 민감 정보를 수집하는 위험.,"A robot or embodied agent uses sensors, mobility, or manipulation capabilities to invade private spaces, capture sensitive information, or expose personal data.",False,False,,,,병합 — 이동 센서 플랫폼의 지속적 시청각 촬영·맵핑은 RAI4-0200(피지컬 AI 프라이버시 침해)의 구체 사례이므로 해당 카드와 통합,,Physical,SRC-P-0203,RAI4-0200|RAI4-0313,MERGE_REPRESENTATIVE|REWRITE_KEEP|PEER_REVIEW,Peer-review spacing restoration,L3_MASTER|NIST_AI_RMF|OECD_AI_PRINCIPLES|KOREA_AI_BASIC_ACT,,Physical,INSTRUCTION_PROMPT,P_SYS_STATE,0.680331,L3_MASTER_VALIDATED
RAI4-0354,,,피지컬 AI 기반 직장 감시,Workplace surveillance through embodied AI,로봇 및 센서 풍부 작업장이 작업자 동작·생산성·자세·위치·생체 특성에 대한 지속적 모니터링을 정상화하는 위험.,"The risk that robotic and sensor-rich workplaces may normalize continuous monitoring of worker movement, productivity, posture, location, and behavior.",로봇 및 센서 풍부 작업장이 작업자 동작·생산 성·자세·위치·생체 특성에 대한 지속적 모니터 링을 정상화하는 위험.,"Robotic and sensor-rich workplaces may normalize continuous monitoring of worker movement, productivity, posture, location, and behavior.",False,False,,,,,,Physical,SRC-P-0205,RAI4-0354,REWRITE_KEEP|PEER_REVIEW,Peer-review spacing restoration,L3_MASTER|NIST_AI_RMF|OECD_AI_PRINCIPLES|KOREA_AI_BASIC_ACT,G_INT_PRIV,General,IMMUTABLE_L3_SCOPE_ROUTE,G_INT_PRIV,0.646454,L3_MASTER_VALIDATED
RAI4-0355,,,전환 지원 없는 물리 노동 대체,Displacement of physical work without adequate transition support,로봇·휴머노이드 또는 피지컬 AI 시스템의 지각·학습·제어·물리적 행동 과정이 피지컬 자동화가 수동·물류·서비스·돌봄·검사·보안·유지 보수 업무를 대체하는 속도가 해당 노동자의 재교육이나 대체 일자리 전환 속도보다 빠른 위험.,"The risk that a robot, humanoid, or physical AI system, through perception, learning, control, or physical action, creates a condition in which physical automation replaces defined manual, logistics, service, care, inspection, security, or maintenance tasks faster than affected workers can access retraining or alternative employment.",피지컬 자동화가 수동·물류·서비스·돌봄·검사·보안·유지보수 업무를 대체하는 속도가 해당 노동자의 재교육이나 대체 일자리 전환 속도 보다 빠른 위험.,"Physical automation replaces defined manual, logistics, service, care, inspection, security, or maintenance tasks faster than affected workers can access retraining or alternative employment.",False,False,,,,,,Physical,SRC-P-0206,RAI4-0355,REWRITE_KEEP|PEER_REVIEW|L3_AI_GROUNDING,"Bilingual definition grounded in an explicit AI technology, causal mechanism, and immutable L3 scope",L3_MASTER|NIST_AI_RMF|OECD_AI_PRINCIPLES|KOREA_AI_BASIC_ACT|L3_MASTER,,Physical,SOURCE_DOMAIN,P_SYS_CONTROL,0.706387,L3_MASTER_AI_REWRITE
RAI4-1104,,,인력 자동화에 따른 광범위한 실업과 임금 하락,Widespread unemployment and wage decline from workforce automation,"로봇과 알고리즘이 육체 노동과 지식 노동 전반에서 인간 인력을 대체하고 특히 중 저소득 직무가 완전 자동화에 노출되는 리스크. 그 결과 광범위한 실업이 발생하고 노동 공급 증가로 남은 일자리의 임금이 하락하며, 불평등 심화와 소비 위축, 사회적 지위 상실이 사회적 마찰을 키운다로 인해 구체적인 위해가 발생하는 리스크.","The risk that robots and algorithms substitute for human workers across manual and knowledge work, with lowand middle-income occupations most exposed to complete automation. Extensive unemployment follows, wages in the remaining jobs fall as labour supply rises, and deepening inequality, reduced consumer spending, and loss of social standing heighten social friction.","로봇과 알고리즘이 육체 노동과 지식 노동 전 반에서 인간 인력을 대체하고 특히 중저소득 직무가 완전 자동화에 노출되는 리스크. 그 결과 광범위한 실업이 발생하고 노동 공급 증가 로 남은 일자리의 임금이 하락하며, 불평등 심 화와 소비 위축, 사회적 지위 상실이 사회적 마찰을 키운다.","The risk that robots and algorithms substitute for human workers across manual and knowledge work, with lowand middle-income occupations most exposed to complete automation. Extensive unemployment follows, wages in the remaining jobs fall as labour supply rises, and deepening inequality, reduced consumer spending, and loss of social standing heighten social friction.",False,False,,,,,,Physical,SRC-P-0207,RAI4-1104,REWRITE_KEEP|PEER_REVIEW,분량 초과: L3 수준 1문장으로 축약 필요,L3_MASTER|NIST_AI_RMF|OECD_AI_PRINCIPLES|KOREA_AI_BASIC_ACT,G_SOC_ECON,General,IMMUTABLE_L3_SCOPE_ROUTE,G_SOC_ECON,0.77652,L3_MASTER_VALIDATED
RAI4-0217,,,피지컬 AI 사고 보고·조사 미흡,Deficient physical AI incident reporting and investigation,"피지컬 AI 사고가 아차 사고·시스템 맥락·원인 요인·시정 조치를 포괄하는 표준화된 체계로 보고되지 않고, 로그 보존, 기여 원인 규명, 시정 조치 책임자 지정과 재발 방지 검증을 갖춘 조사도 이루어지지 않아, 동일한 피해가 반복되는 리스크.","The risk that physical AI incidents are neither reported through a standardized schema covering near misses, system context, causal factors, and corrective actions, nor investigated with preserved logs, identified contributing causes, assigned corrective-action owners, and verified remediation, so recurrence goes unprevented.","피지컬 AI 사고가 아차사고·시스템 맥락·원인 요인·시정조치를 포괄하는 표준화된 체계로 보고되지 않고, 로그 보존, 기여 원인 규명, 시 정조치 책임자 지정과 재발 방지 검증을 갖춘 조사도 이루어지지 않아, 동일한 피해가 반복되는 리스크.","The risk that physical AI incidents are neither reported through a standardized schema covering near misses, system context, causal factors, and corrective actions, nor investigated with preserved logs, identified contributing causes, assigned corrective-action owners, and verified remediation, so recurrence goes unprevented.",False,False,,,,,,Physical,SRC-P-0211,RAI4-0217,REWRITE_KEEP|PEER_REVIEW,Peer-review spacing restoration,L3_MASTER|NIST_AI_RMF|OECD_AI_PRINCIPLES|KOREA_AI_BASIC_ACT,,Physical,SOURCE_DOMAIN,P_SYS_STATE,0.696611,L3_MASTER_VALIDATED
RAI4-0151,,,소셜 AI의 사용자 애착 악용,Exploitation of user attachment by social AI,"가정 내 동반 로봇이나 체화형 AI가 표정, 음성, 접촉, 접근 행동 등 애착 신호를 조작하여 사용자의 정서적 의존을 높이고 선택이나 행동을 부당하게 유도하는 리스크.","The risk that a domestic companion robot or embodied AI manipulates attachment cues through expression, voice, touch, or proximity, increasing emotional dependence and improperly steering a user's choices or behaviour.","체화형·동반자형 AI 시스템이 애착 신호를 조작하고 사용자의 정서적·준사회적 유대를 악 용하여, 사용자의 이익에 부합하지 않는 방식 으로 순응, 정보 공개, 구매, 의존, 지속 사용을 늘리는 리스크.","The risk that embodied or companion AI systems manipulate attachment cues and exploit users' emotional or parasocial bonds to increase compliance, disclosure, purchases, dependence, or continued use in ways that do not serve users' interests.",False,False,1,,,"구체화 — 체화형·동반자형 AI가 애착 신호를 조작해 사용자를 유도하는 리스크로, 현재 서술은 소셜 AI 일반에 가까우니 로봇/물리 AI 특유의 상황(가정 내 동반 로봇 등)이 드러나도록 재작성",,Physical,SRC-P-0212,RAI4-0151,EDIT|REWRITE_KEEP|PEER_REVIEW,Peer-review spacing restoration,L3_MASTER|NIST_AI_RMF|OECD_AI_PRINCIPLES|KOREA_AI_BASIC_ACT,G_INT_UNETH,General,IMMUTABLE_L3_SCOPE_ROUTE,G_INT_UNETH,0.746383,L3_MASTER_VALIDATED
RAI4-1261,,,인간-AI 공존 실패,Failure of harmonious human-AI coexistence,"로봇과 사람이 가정, 병원, 공공 공간 또는 작업장을 공유할 때 공간 우선권, 이동 경로, 업무 배분, 접근 규범의 충돌을 조정하지 못해 안전과 사회적 수용성이 저하되는 리스크.","The risk that robots and people sharing homes, hospitals, public spaces, or workplaces cannot resolve conflicts over spatial priority, movement paths, task allocation, or access norms, reducing safety and social acceptability.",인간과 AI의 조화로운 공존 조건이 정립되지 않은 채 배포가 진행되어 기계 역량과 인간 사 회 환경 간 갈등이 미해결로 남는 리스크,"Deployment proceeds without establishing conditions for harmonious human-AI coexistence, leaving unresolved conflicts between machine capabilities and human social environments.",False,False,1,,,"구체화 — 인간-AI 공존 실패는 서술이 매우 추상적이므로, 로봇/물리 AI가 실제 생활 공간을 공유하며 발생하는 구체적 갈등 상황이 드러나도록 재작성",,Physical,SRC-P-0213,RAI4-1261,EDIT|REWRITE_KEEP|PEER_REVIEW,Peer-review spacing restoration,L3_MASTER|NIST_AI_RMF|OECD_AI_PRINCIPLES|KOREA_AI_BASIC_ACT,,Physical,SOURCE_DOMAIN,P_INT_SAFETY,0.812311,L3_MASTER_VALIDATED
RAI4-0216,,,사고 전 위험 완화 책임 미지정,Unassigned duty for pre-incident risk mitigation,"로봇·휴머노이드 또는 피지컬 AI 시스템의 지각·학습·제어·물리적 행동 과정이 충돌, 압착, 낙하, 과도한 힘 또는 위험 구역 침범과 같은 물리적 위해를 배포 전후에 식별·완화할 책임 주체가 지정되지 않아 안전 조치가 누락되거나 지연되는 리스크.","The risk that the perception, learning, control, or physical action of a robot, humanoid, or physical AI system creates a condition in which no accountable party is designated to identify and mitigate physical hazards before and after deployment, including collision, crushing, falling, excessive force, or entry into hazardous zones, causing safeguards to be omitted or delayed.",배포 전 또는 계속 운용 중에 새롭게 나타나는 물리적 위험을 식별·통제·기록할 책임 주체가 지정되지 않는 리스크.,"The risk that no accountable party is assigned to identify, control, and document emerging physical hazards before deployment or continued operation.",False,False,1,,,"구체화 — 배포 전후 물리적 위험 완화 책임 미지정 리스크는 이미 로봇/물리 AI 맥락이나, 어떤 유형의 물리적 위험을 다루는지 예시를 추가해 더 명확히 구체화",,Physical,SRC-P-0214,RAI4-0216,EDIT|REWRITE_KEEP|PEER_REVIEW|L3_AI_GROUNDING,"Bilingual definition grounded in an explicit AI technology, causal mechanism, and immutable L3 scope",L3_MASTER|NIST_AI_RMF|OECD_AI_PRINCIPLES|KOREA_AI_BASIC_ACT|L3_MASTER,,Physical,SOURCE_DOMAIN,P_SYS_CONTROL,0.673086,L3_MASTER_AI_REWRITE
RAI4-0317,,,기계 안전·AI 적합성 의무 충돌,Conflicting machinery-safety and AIconformity obligations,"피지컬 AI에 적용되는 기계 안전 규제와 AI 규제의 시험, 문서화, 위험 평가 또는 사후 보고 의무가 충돌하거나 중복되어 안전 책임과 준수 경로가 불명확해지는 리스크.","The risk that testing, documentation, risk-assessment, or post-market reporting obligations under machinery-safety and AI regulation conflict or overlap for physical AI, making safety responsibility and compliance pathways unclear.",피지컬 AI 시스템에 기계 규제와 AI 규제가 동시에 적용되면서 시험·문서화·변경관리·책 임 주체 요건이 중복되거나 양립하지 않게 되 는 리스크.,"The risk that a physical AI system is subject to machinery and AI rules that assign overlapping tests, documentation, change-control, or responsible parties in incompatible ways.",False,False,1,,,"구체화 — 기계 안전 규제와 AI 규제 간 의무 충돌은 이미 물리 AI 맥락이나, 구체적으로 어떤 요건(시험/문서화 등)이 충돌하는지 예시를 추가해 명확화",,Physical,SRC-P-0215,RAI4-0317,EDIT|REWRITE_KEEP|PEER_REVIEW,Peer-review spacing restoration,L3_MASTER|NIST_AI_RMF|OECD_AI_PRINCIPLES|KOREA_AI_BASIC_ACT,,Physical,SOURCE_DOMAIN,P_SYS_CONTROL,0.716706,L3_MASTER_VALIDATED
RAI4-1278,,,자율 에이전트 책임성 구현 공백,Accountability implementation gap in autonomous agents,"개인적 유연성과 맥락 민감성, 공감, 복잡한 도덕 판단에 기반한 인간의 책임 있는 의사 결정을 기계에 구현하기 어려워, AI와 HLI 기반 에이전트가 책임성을 갖추지 못하는 리스크.","The risk that accountability is difficult to implement in AI and HLI-based agents because human accountable decisionmaking rests on personal flexibility, context-sensitive paradigms, empathy, and complex moral judgments that are hard to engineer.","개인적 유연성과 맥락 민감성, 공감, 복잡한 도덕 판단에 기반한 인간의 책임 있는 의사결 정을 기계에 구현하기 어려워, AI와 HLI 기반 에이전트가 책임성을 갖추지 못하는 리스크.","The risk that accountability is difficult to implement in AI and HLI-based agents because human accountable decisionmaking rests on personal flexibility, context-sensitive paradigms, empathy, and complex moral judgments that are hard to engineer.",False,False,1,,,에이전트 영역으로 이동 — 인간의 맥락 민감적·공감적 책임 판단을 기계에 구현하기 어려운 문제는 AI/HLI 에이전트 일반의 리스크로 물리 AI 한정 아님,,Physical,SRC-P-0216,RAI4-1278,REWRITE_KEEP|PEER_REVIEW,Peer-review spacing restoration,L3_MASTER|NIST_AI_RMF|OECD_AI_PRINCIPLES|KOREA_AI_BASIC_ACT,,Agentic,INSTRUCTION_PROMPT,A_SYS_TRACE,0.762666,L3_MASTER_VALIDATED
RAI4-1152,,,AI 시스템 접근 불평등과 기회로부터의 배제,Inequitable access to AI systems and gated opportunities,"의도적 미공개와 과도한 유료 장벽, 하드웨어·연산·대역폭 요구, 언어 장벽으로 많은 공동체가 AI 시스템에 접근하지 못하고, 자원과 기회를 매개하는 에이전트가 이들에게는 불평등한 성능과 문화적 추론 격차를 보이는 리스크. 중대한 자원이 이러한 시스템을 통해서만 이용 가능해지면서 역사적으로 소외된 공동체는 책임과 동의 문제에 놓이고 기회에서 배제되어 불이익이 누적되는 리스크.","The risk that purposeful non-release, prohibitive paywalls, hardware, compute and bandwidth requirements, and language barriers place AI systems beyond the reach of many communities, while the agents that gate resources and opportunities perform inequitably and with cultural inference gaps for those who do reach them. As such systems become the route to consequential resources, historically marginalised communities face liability and consent problems and are excluded from opportunity.","의도적 미공개와 과도한 유료장벽, 하드웨어·연산·대역폭 요구, 언어 장벽으로 많은 공동체 가 AI 시스템에 접근하지 못하고, 자원과 기회 를 매개하는 에이전트가 이들에게는 불평등 한 성능과 문화적 추론 격차를 보이는 리스크. 중대한 자원이 이러한 시스템을 통해서만 이 용 가능해지면서 역사적으로 소외된 공동체 는 책임과 동의 문제에 놓이고 기회에서 배제 되어 불이익이 누적된다.","The risk that purposeful non-release, prohibitive paywalls, hardware, compute and bandwidth requirements, and language barriers place AI systems beyond the reach of many communities, while the agents that gate resources and opportunities perform inequitably and with cultural inference gaps for those who do reach them. As such systems become the route to consequential resources, historically marginalised communities face liability and consent problems and are excluded from opportunity.",False,False,1,,,general 영역으로 이동 — 유료장벽·하드웨어/연산 요구·언어 장벽으로 AI 시스템 접근에서 배제되는 것은 AI 접근성 불평등 일반의 이슈로 물리 AI 한정 아님,,Physical,SRC-P-0218,RAI4-1152,REWRITE_KEEP|PEER_REVIEW,분량 초과: L3 수준 1문장으로 축약 필요; 영문 정의 장문: 축약 필요,L3_MASTER|NIST_AI_RMF|OECD_AI_PRINCIPLES|KOREA_AI_BASIC_ACT,,General,INSTRUCTION_PROMPT,G_SOC_POWER,0.779342,L3_MASTER_VALIDATED
RAI4-0793,,,개인 대상 허위정보,False Information Targeting Individuals,"AI가 식별 가능한 특정 개인에 관한 허위·조작 정보를 생성하거나 확산하여 평판, 안전, 권리 또는 사회적 관계에 피해를 초래하는 리스크.","The risk that AI generates or disseminates false or fabricated information about an identifiable individual, causing harm to reputation, safety, rights, or social relationships.","모델이 유통되어서는 안 될 정보를 생성·유출 하거나 정확히 추론하여 확산시키는 리스크 로, 특정 개인에 관한 허위이거나 오해의 소지 가 있는 정보와 보안 위협이되는 위험·민감 정보를 모두 포함한다. 그 결과 당사자는 명예 와 평판이 훼손되고, 위험 정보의 확산은 물리 적·보안상 피해로 이어진다.","The risk that a model generates, leaks, or correctly infers information that should not be circulated, covering both false or misleading claims about identifiable people and hazardous or sensitive material that poses a security threat. Those depicted suffer defamation and reputational damage, while the release of dangerous information enables physical and security harms.",True,True,,,,리스크 분리 할 것. 분리 기준: '개인 대상 허위정보'와 '위험·민감 정보의 보안 위협 확산',,General,SRC-G-0027-S1,RAI4-0793,SPLIT_CHILD|REWRITE_KEEP|PEER_REVIEW,Peer-review spacing restoration,L3_MASTER|NIST_AI_RMF|OECD_AI_PRINCIPLES|KOREA_AI_BASIC_ACT,,General,SOURCE_DOMAIN,G_SYS_MISINFO,0.857209,L3_MASTER_VALIDATED
RAI4-0793,,,위험·민감 정보의 보안 위협 확산,Dissemination of Security Threats Involving Dangerous or Sensitive Information,"AI가 위험·민감 정보의 접근·악용·확산을 지원하여 보안 취약점, 위해 실행 가능성 또는 조직·사회 수준의 위협을 확대하는 리스크.","The risk that AI facilitates access to, misuse of, or dissemination of dangerous or sensitive information, increasing security vulnerabilities, the feasibility of harmful action, or threats to organisations and society.","모델이 유통되어서는 안 될 정보를 생성·유출 하거나 정확히 추론하여 확산시키는 리스크 로, 특정 개인에 관한 허위이거나 오해의 소지 가 있는 정보와 보안 위협이되는 위험·민감 정보를 모두 포함한다. 그 결과 당사자는 명예 와 평판이 훼손되고, 위험 정보의 확산은 물리 적·보안상 피해로 이어진다.","The risk that a model generates, leaks, or correctly infers information that should not be circulated, covering both false or misleading claims about identifiable people and hazardous or sensitive material that poses a security threat. Those depicted suffer defamation and reputational damage, while the release of dangerous information enables physical and security harms.",True,True,,,,리스크 분리 할 것. 분리 기준: '개인 대상 허위정보'와 '위험·민감 정보의 보안 위협 확산',,General,SRC-G-0027-S2,RAI4-0793,SPLIT_CHILD|REWRITE_KEEP|PEER_REVIEW,Peer-review spacing restoration,L3_MASTER|NIST_AI_RMF|OECD_AI_PRINCIPLES|KOREA_AI_BASIC_ACT,,General,SOURCE_DOMAIN,G_SYS_MISINFO,0.786278,L3_MASTER_VALIDATED
