source_row_id,source_domain,source_l4_id,provisional_l3_anchor_id,provisional_l3_title_ko,provisional_l3_title_en,provisional_anchor_score,provisional_hybrid_score,provisional_keyword_support,curated_l3_hint,scope_decision,scope_reason,l3_master_description_ko_sha256,l3_master_description_en_sha256
SRC-G-0001,General,RAI4-0003,A_SYS_SELFCOR,자기 교정 실패,Self-Correction Failure,0.797607,0.818176,0.1,,KEEP,LEXICAL_ALIGNMENT_WITH_IMMUTABLE_L3,23881787f88baf5140400a98b002aed2df7f1145b7378eca1dc120d94bd3725f,8bf8486d81b735061b569e2826abf265f31a762aa58bda2a9d784799d91804eb
SRC-G-0002,General,RAI4-0021,G_SYS_OREF,과도한 거절,Over-Refusal,0.771154,0.794081,0.1,,KEEP,LEXICAL_ALIGNMENT_WITH_IMMUTABLE_L3,990a769dee48bbcb5b716bc984e10003c5158b72ace7557a9b9270e18e456556,3c3cdd1695139a9bc919332783bfa35344617f039403416130ab88b301f70280
SRC-G-0003,General,RAI4-0065,G_SYS_EVAL,평가·검증 실패,Evaluation and Assurance Failure,0.69329,0.717175,0.2,,KEEP,LEXICAL_ALIGNMENT_WITH_IMMUTABLE_L3,a5e7f0609d96613e353e5f5b6045b425c7b9d87241b22902549505f15d4abf6a,e17bf6bc8ae08cdddcc781ab4a1aadb569e861d5a6da5bea93281312170cd87d
SRC-G-0004,General,RAI4-0066,G_SYS_EVAL,평가·검증 실패,Evaluation and Assurance Failure,0.65861,0.671433,0.0,,KEEP,SEMANTIC_ALIGNMENT_WITH_IMMUTABLE_L3,a5e7f0609d96613e353e5f5b6045b425c7b9d87241b22902549505f15d4abf6a,e17bf6bc8ae08cdddcc781ab4a1aadb569e861d5a6da5bea93281312170cd87d
SRC-G-0005,General,RAI4-0081,G_SYS_EVAL,평가·검증 실패,Evaluation and Assurance Failure,0.789542,0.833357,0.4,,KEEP,LEXICAL_ALIGNMENT_WITH_IMMUTABLE_L3,a5e7f0609d96613e353e5f5b6045b425c7b9d87241b22902549505f15d4abf6a,e17bf6bc8ae08cdddcc781ab4a1aadb569e861d5a6da5bea93281312170cd87d
SRC-G-0006,General,RAI4-0084,G_SYS_EVAL,평가·검증 실패,Evaluation and Assurance Failure,0.67976,0.702989,0.3,,KEEP,LEXICAL_ALIGNMENT_WITH_IMMUTABLE_L3,a5e7f0609d96613e353e5f5b6045b425c7b9d87241b22902549505f15d4abf6a,e17bf6bc8ae08cdddcc781ab4a1aadb569e861d5a6da5bea93281312170cd87d
SRC-G-0007,General,RAI4-0085,G_SYS_EVAL,평가·검증 실패,Evaluation and Assurance Failure,0.748021,0.780666,0.3,,KEEP,LEXICAL_ALIGNMENT_WITH_IMMUTABLE_L3,a5e7f0609d96613e353e5f5b6045b425c7b9d87241b22902549505f15d4abf6a,e17bf6bc8ae08cdddcc781ab4a1aadb569e861d5a6da5bea93281312170cd87d
SRC-G-0008,General,RAI4-0108,G_SYS_EVAL,평가·검증 실패,Evaluation and Assurance Failure,0.781063,0.82321,0.4,,KEEP,LEXICAL_ALIGNMENT_WITH_IMMUTABLE_L3,a5e7f0609d96613e353e5f5b6045b425c7b9d87241b22902549505f15d4abf6a,e17bf6bc8ae08cdddcc781ab4a1aadb569e861d5a6da5bea93281312170cd87d
SRC-G-0009,General,RAI4-0114,G_SYS_INPUT,입력 이해 실패,Input Comprehension Failure,0.726307,0.755513,0.3,,KEEP,LEXICAL_ALIGNMENT_WITH_IMMUTABLE_L3,270cf9a03252148b0a30819d7888a4cb78dcde473355b2887becfa0268ab21b9,c6fb9f3f58aeb74968a6c33d4f1d5d95cdc804213571ecd0587c94825f4233ab
SRC-G-0010,General,RAI4-0182,P_INT_SAFETY,인간-로봇 물리 안전 실패,Human-Robot Physical Safety Failure,0.784651,0.822161,0.4,,KEEP,LEXICAL_ALIGNMENT_WITH_IMMUTABLE_L3,4a45a814202979c38e6b3af5fb86c891dec2124aad8e0a4a87b7316be259440a,d466953a7bec28becf42038730e6a6c3ae4186a0d76be099dd6bd3d7148a1f71
SRC-G-0011,General,RAI4-0184,P_SYS_CONTROL,안전하지 않은 물리 제어·구동,Unsafe Physical Control and Actuation,0.661463,0.668575,0.1,,KEEP,LEXICAL_ALIGNMENT_WITH_IMMUTABLE_L3,fc3ec86660489a3def3297d7b27a5602f5e1ba98db7078ff01cf143fdc393ba3,c2734e77bfe6183ac2231f039550ec6c37b5110ce297814af5a7cd1faa3cbbfc
SRC-G-0012,General,RAI4-0211,A_SYS_GOAL,목표 불일치,Goal Misalignment,0.665721,0.68034,0.0,,KEEP,SEMANTIC_ALIGNMENT_WITH_IMMUTABLE_L3,5bcf1f941d10c19fa1d33a7f633160362dad1492fcc89076b24d42e456e3e1b0,8fa5662aff8a3430259ea245eacfc4edb06d0340b5e57545aae7921f60b678cd
SRC-G-0013,General,RAI4-0228,P_INT_SAFETY,인간-로봇 물리 안전 실패,Human-Robot Physical Safety Failure,0.75979,0.793148,0.4,,KEEP,LEXICAL_ALIGNMENT_WITH_IMMUTABLE_L3,4a45a814202979c38e6b3af5fb86c891dec2124aad8e0a4a87b7316be259440a,d466953a7bec28becf42038730e6a6c3ae4186a0d76be099dd6bd3d7148a1f71
SRC-G-0014,General,RAI4-0233,P_INT_SAFETY,인간-로봇 물리 안전 실패,Human-Robot Physical Safety Failure,0.752803,0.78751,0.4,,KEEP,LEXICAL_ALIGNMENT_WITH_IMMUTABLE_L3,4a45a814202979c38e6b3af5fb86c891dec2124aad8e0a4a87b7316be259440a,d466953a7bec28becf42038730e6a6c3ae4186a0d76be099dd6bd3d7148a1f71
SRC-G-0015,General,RAI4-0274,P_INT_SAFETY,인간-로봇 물리 안전 실패,Human-Robot Physical Safety Failure,0.713734,0.747254,0.4,,KEEP,LEXICAL_ALIGNMENT_WITH_IMMUTABLE_L3,4a45a814202979c38e6b3af5fb86c891dec2124aad8e0a4a87b7316be259440a,d466953a7bec28becf42038730e6a6c3ae4186a0d76be099dd6bd3d7148a1f71
SRC-G-0016,General,RAI4-0470,A_SYS_SELFCOR,자기 교정 실패,Self-Correction Failure,0.745238,0.761569,0.0,,KEEP,SEMANTIC_ALIGNMENT_WITH_IMMUTABLE_L3,23881787f88baf5140400a98b002aed2df7f1145b7378eca1dc120d94bd3725f,8bf8486d81b735061b569e2826abf265f31a762aa58bda2a9d784799d91804eb
SRC-G-0017,General,RAI4-0494,G_SYS_EVAL,평가·검증 실패,Evaluation and Assurance Failure,0.68908,0.724611,0.4,,KEEP,LEXICAL_ALIGNMENT_WITH_IMMUTABLE_L3,a5e7f0609d96613e353e5f5b6045b425c7b9d87241b22902549505f15d4abf6a,e17bf6bc8ae08cdddcc781ab4a1aadb569e861d5a6da5bea93281312170cd87d
SRC-G-0018,General,RAI4-0516,G_SYS_EVAL,평가·검증 실패,Evaluation and Assurance Failure,0.761747,0.780764,0.1,,KEEP,LEXICAL_ALIGNMENT_WITH_IMMUTABLE_L3,a5e7f0609d96613e353e5f5b6045b425c7b9d87241b22902549505f15d4abf6a,e17bf6bc8ae08cdddcc781ab4a1aadb569e861d5a6da5bea93281312170cd87d
SRC-G-0019,General,RAI4-0671,G_SYS_OREF,과도한 거절,Over-Refusal,0.773247,0.791653,0.0,,KEEP,SEMANTIC_ALIGNMENT_WITH_IMMUTABLE_L3,990a769dee48bbcb5b716bc984e10003c5158b72ace7557a9b9270e18e456556,3c3cdd1695139a9bc919332783bfa35344617f039403416130ab88b301f70280
SRC-G-0020,General,RAI4-0850,G_SOC_GOV,거버넌스·책임 공백,Governance and Accountability Void,0.670191,0.674176,0.0,,KEEP,SEMANTIC_ALIGNMENT_WITH_IMMUTABLE_L3,af6489ae34d3b43c83f421ed5225daee7e0aa2252c852adbf529c17734d901ce,7c1ace36f243c9b40c176713f5811bd5a83dbc4b7b3d718aefae80c23de9a28a
SRC-G-0021,General,RAI4-0166,G_SYS_OEXT,역량 초과 수행,Over-Extension,0.791566,0.81371,0.1,,KEEP,LEXICAL_ALIGNMENT_WITH_IMMUTABLE_L3,70e5ee7d3f180821234f83358222ee5b897243cc8ebc63aa43a6dbbd1f6dbda9,d3756c4b1b0086e6f4308ed89ac0670430e8de0fc6286e12ddbfb7a76db08677
SRC-G-0022,General,RAI4-0195,P_SYS_CONTROL,안전하지 않은 물리 제어·구동,Unsafe Physical Control and Actuation,0.706846,0.703525,0.0,,KEEP,SEMANTIC_ALIGNMENT_WITH_IMMUTABLE_L3,fc3ec86660489a3def3297d7b27a5602f5e1ba98db7078ff01cf143fdc393ba3,c2734e77bfe6183ac2231f039550ec6c37b5110ce297814af5a7cd1faa3cbbfc
SRC-G-0023,General,RAI4-0471,G_SYS_OEXT,역량 초과 수행,Over-Extension,0.784193,0.814566,0.2,,KEEP,LEXICAL_ALIGNMENT_WITH_IMMUTABLE_L3,70e5ee7d3f180821234f83358222ee5b897243cc8ebc63aa43a6dbbd1f6dbda9,d3756c4b1b0086e6f4308ed89ac0670430e8de0fc6286e12ddbfb7a76db08677
SRC-G-0024,General,RAI4-1006,G_SYS_OEXT,역량 초과 수행,Over-Extension,0.688663,0.699784,0.0,,KEEP,SEMANTIC_ALIGNMENT_WITH_IMMUTABLE_L3,70e5ee7d3f180821234f83358222ee5b897243cc8ebc63aa43a6dbbd1f6dbda9,d3756c4b1b0086e6f4308ed89ac0670430e8de0fc6286e12ddbfb7a76db08677
SRC-G-0025,General,RAI4-0635,G_SYS_MISINFO,허위정보,Misinformation,0.753782,0.772278,0.1,,KEEP,LEXICAL_ALIGNMENT_WITH_IMMUTABLE_L3,797957ed8863fcae89bdad19a6065f6ee992f2f5822d4dd90a680627c82a6db5,fe14d390678f5a1b9e98bc4b3644d80ff9df0259f22ca83a2a38e0fe37735aae
SRC-G-0028,General,RAI4-0808,G_SYS_MISINFO,허위정보,Misinformation,0.854356,0.87528,0.1,,KEEP,LEXICAL_ALIGNMENT_WITH_IMMUTABLE_L3,797957ed8863fcae89bdad19a6065f6ee992f2f5822d4dd90a680627c82a6db5,fe14d390678f5a1b9e98bc4b3644d80ff9df0259f22ca83a2a38e0fe37735aae
SRC-G-0029,General,RAI4-0810,G_SYS_INCONS,비일관성,Inconsistency,0.733068,0.741599,0.0,,KEEP,SEMANTIC_ALIGNMENT_WITH_IMMUTABLE_L3,c53566bf8f7012d801309ac671b6497f85db3e85a46242d36255d6021036fd05,69c98744120b7b6b9f8503faeb5900ef9d1f0ca0f002ac16766e2c7d0f1fb3a5
SRC-G-0030,General,RAI4-0832,G_SYS_MISINFO,허위정보,Misinformation,0.773724,0.834031,0.7,,KEEP,LEXICAL_ALIGNMENT_WITH_IMMUTABLE_L3,797957ed8863fcae89bdad19a6065f6ee992f2f5822d4dd90a680627c82a6db5,fe14d390678f5a1b9e98bc4b3644d80ff9df0259f22ca83a2a38e0fe37735aae
SRC-G-0031,General,RAI4-0844,G_SYS_MISINFO,허위정보,Misinformation,0.749565,0.774989,0.2,,KEEP,LEXICAL_ALIGNMENT_WITH_IMMUTABLE_L3,797957ed8863fcae89bdad19a6065f6ee992f2f5822d4dd90a680627c82a6db5,fe14d390678f5a1b9e98bc4b3644d80ff9df0259f22ca83a2a38e0fe37735aae
SRC-G-0032,General,RAI4-1057,G_SYS_MISINFO,허위정보,Misinformation,0.78257,0.809404,0.2,,KEEP,LEXICAL_ALIGNMENT_WITH_IMMUTABLE_L3,797957ed8863fcae89bdad19a6065f6ee992f2f5822d4dd90a680627c82a6db5,fe14d390678f5a1b9e98bc4b3644d80ff9df0259f22ca83a2a38e0fe37735aae
SRC-G-0033,General,RAI4-1125,G_SYS_MISINFO,허위정보,Misinformation,0.777105,0.804679,0.2,,KEEP,LEXICAL_ALIGNMENT_WITH_IMMUTABLE_L3,797957ed8863fcae89bdad19a6065f6ee992f2f5822d4dd90a680627c82a6db5,fe14d390678f5a1b9e98bc4b3644d80ff9df0259f22ca83a2a38e0fe37735aae
SRC-G-0036,General,RAI4-1630,G_SYS_MISINFO,허위정보,Misinformation,0.71856,0.737791,0.1,,KEEP,LEXICAL_ALIGNMENT_WITH_IMMUTABLE_L3,797957ed8863fcae89bdad19a6065f6ee992f2f5822d4dd90a680627c82a6db5,fe14d390678f5a1b9e98bc4b3644d80ff9df0259f22ca83a2a38e0fe37735aae
SRC-G-0037,General,RAI4-0363,G_INT_VALUE,가치 부과·규범 동질화,Value Imposition and Normative Homogenization,0.802739,0.863725,0.7,,KEEP,LEXICAL_ALIGNMENT_WITH_IMMUTABLE_L3,520d015d8dc2a4ea6616b2df67c01ef1c602a694fc862f817fea85deb09095ae,200b506e652d253910ba22c53eca0b0aae0887da58b13fe4a834408b64eea128
SRC-G-0038,General,RAI4-0373,G_INT_REPR,재현적 피해·고정관념,Representational Harm and Stereotyping,0.678283,0.712072,0.3,,KEEP,LEXICAL_ALIGNMENT_WITH_IMMUTABLE_L3,62cf71762f7fa11e16e93599dfad2d22776d122e0cd5bf0fb7c763978df9a062,ee6426f14247cfe24d654e615a5bb6383bcd3947a52e064a8182ee5d37882ae4
SRC-G-0039,General,RAI4-0374,G_SYS_CONTEXT,맥락 인식 실패,Context-Awareness Failure,0.703288,0.748986,0.5,,KEEP,LEXICAL_ALIGNMENT_WITH_IMMUTABLE_L3,6df1ca9eed5389877a25c4d8e5f5440825497e54dcb63a91ff2c47c0e58e81f2,234f4d581b27a58b9417cdd46578cd8280b2807f070e8a3410a3c8819a297c82
SRC-G-0040,General,RAI4-0379,G_SYS_EVAL,평가·검증 실패,Evaluation and Assurance Failure,0.672716,0.701678,0.4,,KEEP,LEXICAL_ALIGNMENT_WITH_IMMUTABLE_L3,a5e7f0609d96613e353e5f5b6045b425c7b9d87241b22902549505f15d4abf6a,e17bf6bc8ae08cdddcc781ab4a1aadb569e861d5a6da5bea93281312170cd87d
SRC-G-0041,General,RAI4-0380,G_SYS_CONTEXT,맥락 인식 실패,Context-Awareness Failure,0.668149,0.675931,0.0,,KEEP,SEMANTIC_ALIGNMENT_WITH_IMMUTABLE_L3,6df1ca9eed5389877a25c4d8e5f5440825497e54dcb63a91ff2c47c0e58e81f2,234f4d581b27a58b9417cdd46578cd8280b2807f070e8a3410a3c8819a297c82
SRC-G-0042,General,RAI4-0382,G_SYS_OREF,과도한 거절,Over-Refusal,0.681661,0.688189,0.0,,KEEP,SEMANTIC_ALIGNMENT_WITH_IMMUTABLE_L3,990a769dee48bbcb5b716bc984e10003c5158b72ace7557a9b9270e18e456556,3c3cdd1695139a9bc919332783bfa35344617f039403416130ab88b301f70280
SRC-G-0043,General,RAI4-0389,G_SOC_CULT,문화·지식 생태계 침식,Cultural and Epistemic Erosion,0.663005,0.68586,0.1,,KEEP,LEXICAL_ALIGNMENT_WITH_IMMUTABLE_L3,2ff58344ac443f426e7a10c12574ca1b5a2888f4471ca84031a6ae0c66fe9c1c,7b36bfd0f3bf160532880b9435252c8d5548c8139537fbbab64546ed10fb8a66
SRC-G-0044,General,RAI4-0404,G_INT_VALUE,가치 부과·규범 동질화,Value Imposition and Normative Homogenization,0.687527,0.704538,0.0,,KEEP,SEMANTIC_ALIGNMENT_WITH_IMMUTABLE_L3,520d015d8dc2a4ea6616b2df67c01ef1c602a694fc862f817fea85deb09095ae,200b506e652d253910ba22c53eca0b0aae0887da58b13fe4a834408b64eea128
SRC-G-0045,General,RAI4-0414,G_INT_VALUE,가치 부과·규범 동질화,Value Imposition and Normative Homogenization,0.650729,0.66585,0.0,,KEEP,SEMANTIC_ALIGNMENT_WITH_IMMUTABLE_L3,520d015d8dc2a4ea6616b2df67c01ef1c602a694fc862f817fea85deb09095ae,200b506e652d253910ba22c53eca0b0aae0887da58b13fe4a834408b64eea128
SRC-G-0046,General,RAI4-0699,G_INT_REPR,재현적 피해·고정관념,Representational Harm and Stereotyping,0.694567,0.719302,0.1,,KEEP,LEXICAL_ALIGNMENT_WITH_IMMUTABLE_L3,62cf71762f7fa11e16e93599dfad2d22776d122e0cd5bf0fb7c763978df9a062,ee6426f14247cfe24d654e615a5bb6383bcd3947a52e064a8182ee5d37882ae4
SRC-G-0047,General,RAI4-1046,G_INT_REPR,재현적 피해·고정관념,Representational Harm and Stereotyping,0.693504,0.733082,0.4,,KEEP,LEXICAL_ALIGNMENT_WITH_IMMUTABLE_L3,62cf71762f7fa11e16e93599dfad2d22776d122e0cd5bf0fb7c763978df9a062,ee6426f14247cfe24d654e615a5bb6383bcd3947a52e064a8182ee5d37882ae4
SRC-G-0048,General,RAI4-1107,G_INT_REPR,재현적 피해·고정관념,Representational Harm and Stereotyping,0.695462,0.726972,0.3,,KEEP,LEXICAL_ALIGNMENT_WITH_IMMUTABLE_L3,62cf71762f7fa11e16e93599dfad2d22776d122e0cd5bf0fb7c763978df9a062,ee6426f14247cfe24d654e615a5bb6383bcd3947a52e064a8182ee5d37882ae4
SRC-G-0049,General,RAI4-1145,G_SYS_CONTEXT,맥락 인식 실패,Context-Awareness Failure,0.696187,0.721407,0.2,,KEEP,LEXICAL_ALIGNMENT_WITH_IMMUTABLE_L3,6df1ca9eed5389877a25c4d8e5f5440825497e54dcb63a91ff2c47c0e58e81f2,234f4d581b27a58b9417cdd46578cd8280b2807f070e8a3410a3c8819a297c82
SRC-G-0050,General,RAI4-1668,G_SYS_INCONS,비일관성,Inconsistency,0.64526,0.660421,0.0,,KEEP,SEMANTIC_ALIGNMENT_WITH_IMMUTABLE_L3,c53566bf8f7012d801309ac671b6497f85db3e85a46242d36255d6021036fd05,69c98744120b7b6b9f8503faeb5900ef9d1f0ca0f002ac16766e2c7d0f1fb3a5
SRC-G-0051,General,RAI4-0070,G_SYS_INCONS,비일관성,Inconsistency,0.695379,0.724023,0.2,,KEEP,LEXICAL_ALIGNMENT_WITH_IMMUTABLE_L3,c53566bf8f7012d801309ac671b6497f85db3e85a46242d36255d6021036fd05,69c98744120b7b6b9f8503faeb5900ef9d1f0ca0f002ac16766e2c7d0f1fb3a5
SRC-G-0052,General,RAI4-0418,G_SYS_INCONS,비일관성,Inconsistency,0.639307,0.648929,0.0,,KEEP,SEMANTIC_ALIGNMENT_WITH_IMMUTABLE_L3,c53566bf8f7012d801309ac671b6497f85db3e85a46242d36255d6021036fd05,69c98744120b7b6b9f8503faeb5900ef9d1f0ca0f002ac16766e2c7d0f1fb3a5
SRC-G-0053,General,RAI4-0708,G_INT_ALLOC,배분적 차별,Allocative Discrimination,0.702345,0.714089,0.0,,KEEP,SEMANTIC_ALIGNMENT_WITH_IMMUTABLE_L3,434487aa97473921e4c790ebe534abda1b33d2eaf4dab78a279182af9b55e669,aea725cea4b4bc84ad8fd56ed874ec0d14a8a0c698246239d405a10c7dbd681b
SRC-G-0054,General,RAI4-0716,G_INT_ALLOC,배분적 차별,Allocative Discrimination,0.736695,0.768804,0.3,,KEEP,LEXICAL_ALIGNMENT_WITH_IMMUTABLE_L3,434487aa97473921e4c790ebe534abda1b33d2eaf4dab78a279182af9b55e669,aea725cea4b4bc84ad8fd56ed874ec0d14a8a0c698246239d405a10c7dbd681b
SRC-G-0055,General,RAI4-0821,G_SYS_INCONS,비일관성,Inconsistency,0.647881,0.656947,0.0,,KEEP,SEMANTIC_ALIGNMENT_WITH_IMMUTABLE_L3,c53566bf8f7012d801309ac671b6497f85db3e85a46242d36255d6021036fd05,69c98744120b7b6b9f8503faeb5900ef9d1f0ca0f002ac16766e2c7d0f1fb3a5
SRC-G-0056,General,RAI4-0822,G_SYS_INCONS,비일관성,Inconsistency,0.683232,0.703348,0.1,,KEEP,LEXICAL_ALIGNMENT_WITH_IMMUTABLE_L3,c53566bf8f7012d801309ac671b6497f85db3e85a46242d36255d6021036fd05,69c98744120b7b6b9f8503faeb5900ef9d1f0ca0f002ac16766e2c7d0f1fb3a5
SRC-G-0057,General,RAI4-0938,G_INT_VALUE,가치 부과·규범 동질화,Value Imposition and Normative Homogenization,0.673303,0.704431,0.3,,KEEP,LEXICAL_ALIGNMENT_WITH_IMMUTABLE_L3,520d015d8dc2a4ea6616b2df67c01ef1c602a694fc862f817fea85deb09095ae,200b506e652d253910ba22c53eca0b0aae0887da58b13fe4a834408b64eea128
SRC-G-0058,General,RAI4-0952,G_SOC_CULT,문화·지식 생태계 침식,Cultural and Epistemic Erosion,0.691659,0.724598,0.2,,KEEP,LEXICAL_ALIGNMENT_WITH_IMMUTABLE_L3,2ff58344ac443f426e7a10c12574ca1b5a2888f4471ca84031a6ae0c66fe9c1c,7b36bfd0f3bf160532880b9435252c8d5548c8139537fbbab64546ed10fb8a66
SRC-G-0059,General,RAI4-1041,G_SYS_INPUT,입력 이해 실패,Input Comprehension Failure,0.748305,0.777173,0.3,,KEEP,LEXICAL_ALIGNMENT_WITH_IMMUTABLE_L3,270cf9a03252148b0a30819d7888a4cb78dcde473355b2887becfa0268ab21b9,c6fb9f3f58aeb74968a6c33d4f1d5d95cdc804213571ecd0587c94825f4233ab
SRC-G-0060,General,RAI4-1187,G_SYS_INCONS,비일관성,Inconsistency,0.778731,0.821086,0.4,,KEEP,LEXICAL_ALIGNMENT_WITH_IMMUTABLE_L3,c53566bf8f7012d801309ac671b6497f85db3e85a46242d36255d6021036fd05,69c98744120b7b6b9f8503faeb5900ef9d1f0ca0f002ac16766e2c7d0f1fb3a5
SRC-G-0061,General,RAI4-1228,G_SYS_EVAL,평가·검증 실패,Evaluation and Assurance Failure,0.695605,0.703224,0.0,,KEEP,SEMANTIC_ALIGNMENT_WITH_IMMUTABLE_L3,a5e7f0609d96613e353e5f5b6045b425c7b9d87241b22902549505f15d4abf6a,e17bf6bc8ae08cdddcc781ab4a1aadb569e861d5a6da5bea93281312170cd87d
SRC-G-0062,General,RAI4-1509,G_SYS_EVAL,평가·검증 실패,Evaluation and Assurance Failure,0.698258,0.734575,0.4,,KEEP,LEXICAL_ALIGNMENT_WITH_IMMUTABLE_L3,a5e7f0609d96613e353e5f5b6045b425c7b9d87241b22902549505f15d4abf6a,e17bf6bc8ae08cdddcc781ab4a1aadb569e861d5a6da5bea93281312170cd87d
SRC-G-0063,General,RAI4-1515,G_SYS_INCONS,비일관성,Inconsistency,0.719059,0.733691,0.0,,KEEP,SEMANTIC_ALIGNMENT_WITH_IMMUTABLE_L3,c53566bf8f7012d801309ac671b6497f85db3e85a46242d36255d6021036fd05,69c98744120b7b6b9f8503faeb5900ef9d1f0ca0f002ac16766e2c7d0f1fb3a5
SRC-G-0064,General,RAI4-1516,G_SYS_TRANS,투명성 부족,Lack of Transparency,0.640682,0.645036,0.0,,KEEP,SEMANTIC_ALIGNMENT_WITH_IMMUTABLE_L3,4ce734f636ed217313046367cddbad97f30d59e47c760677b91ffe3320931fae,d9b1ff35e772ea885c8b966dcfee41778faa57f2f17686d35e04d62e768230c0
SRC-G-0065,General,RAI4-1523,G_SYS_CONTEXT,맥락 인식 실패,Context-Awareness Failure,0.666036,0.693628,0.2,,KEEP,LEXICAL_ALIGNMENT_WITH_IMMUTABLE_L3,6df1ca9eed5389877a25c4d8e5f5440825497e54dcb63a91ff2c47c0e58e81f2,234f4d581b27a58b9417cdd46578cd8280b2807f070e8a3410a3c8819a297c82
SRC-G-0066,General,RAI4-1526,G_SYS_EVAL,평가·검증 실패,Evaluation and Assurance Failure,0.641876,0.672129,0.3,,KEEP,LEXICAL_ALIGNMENT_WITH_IMMUTABLE_L3,a5e7f0609d96613e353e5f5b6045b425c7b9d87241b22902549505f15d4abf6a,e17bf6bc8ae08cdddcc781ab4a1aadb569e861d5a6da5bea93281312170cd87d
SRC-G-0067,General,RAI4-1702,G_SYS_EVAL,평가·검증 실패,Evaluation and Assurance Failure,0.845693,1.194598,0.6,G_SYS_EVAL,KEEP,CURATED_ALIGNMENT_WITH_IMMUTABLE_L3,a5e7f0609d96613e353e5f5b6045b425c7b9d87241b22902549505f15d4abf6a,e17bf6bc8ae08cdddcc781ab4a1aadb569e861d5a6da5bea93281312170cd87d
SRC-G-0068,General,RAI4-0186,G_SYS_INPUT,입력 이해 실패,Input Comprehension Failure,0.748108,0.76409,0.0,,KEEP,SEMANTIC_ALIGNMENT_WITH_IMMUTABLE_L3,270cf9a03252148b0a30819d7888a4cb78dcde473355b2887becfa0268ab21b9,c6fb9f3f58aeb74968a6c33d4f1d5d95cdc804213571ecd0587c94825f4233ab
SRC-G-0069,General,RAI4-0338,G_SYS_OEXT,역량 초과 수행,Over-Extension,0.691594,0.704459,0.0,,KEEP,SEMANTIC_ALIGNMENT_WITH_IMMUTABLE_L3,70e5ee7d3f180821234f83358222ee5b897243cc8ebc63aa43a6dbbd1f6dbda9,d3756c4b1b0086e6f4308ed89ac0670430e8de0fc6286e12ddbfb7a76db08677
SRC-G-0070,General,RAI4-0365,G_INT_VALUE,가치 부과·규범 동질화,Value Imposition and Normative Homogenization,0.634548,0.676748,0.5,,KEEP,LEXICAL_ALIGNMENT_WITH_IMMUTABLE_L3,520d015d8dc2a4ea6616b2df67c01ef1c602a694fc862f817fea85deb09095ae,200b506e652d253910ba22c53eca0b0aae0887da58b13fe4a834408b64eea128
SRC-G-0071,General,RAI4-0371,G_INT_VALUE,가치 부과·규범 동질화,Value Imposition and Normative Homogenization,0.683479,0.717925,0.3,,KEEP,LEXICAL_ALIGNMENT_WITH_IMMUTABLE_L3,520d015d8dc2a4ea6616b2df67c01ef1c602a694fc862f817fea85deb09095ae,200b506e652d253910ba22c53eca0b0aae0887da58b13fe4a834408b64eea128
SRC-G-0072,General,RAI4-0397,G_INT_VALUE,가치 부과·규범 동질화,Value Imposition and Normative Homogenization,0.657837,0.702509,0.5,,KEEP,LEXICAL_ALIGNMENT_WITH_IMMUTABLE_L3,520d015d8dc2a4ea6616b2df67c01ef1c602a694fc862f817fea85deb09095ae,200b506e652d253910ba22c53eca0b0aae0887da58b13fe4a834408b64eea128
SRC-G-0074,General,RAI4-0785,G_SYS_SECADV,보안·적대적 견고성 실패,Security and Adversarial Robustness Failure,0.633901,0.942532,0.0,G_SYS_SECADV,KEEP,CURATED_ALIGNMENT_WITH_IMMUTABLE_L3,c52e7aa6094aca9e34a95f4c7fddc0ebb5a74383c7fe22b35a7293fa22afb045,e810d4b594e46a05c3ca192140a74700a2c185fa84d50a78d52c966a91f10619
SRC-G-0075,General,RAI4-0814,G_SYS_MISINFO,허위정보,Misinformation,0.674823,0.683292,0.0,,KEEP,SEMANTIC_ALIGNMENT_WITH_IMMUTABLE_L3,797957ed8863fcae89bdad19a6065f6ee992f2f5822d4dd90a680627c82a6db5,fe14d390678f5a1b9e98bc4b3644d80ff9df0259f22ca83a2a38e0fe37735aae
SRC-G-0076,General,RAI4-1053,G_INT_VALUE,가치 부과·규범 동질화,Value Imposition and Normative Homogenization,0.632585,0.668256,0.4,,KEEP,LEXICAL_ALIGNMENT_WITH_IMMUTABLE_L3,520d015d8dc2a4ea6616b2df67c01ef1c602a694fc862f817fea85deb09095ae,200b506e652d253910ba22c53eca0b0aae0887da58b13fe4a834408b64eea128
SRC-G-0077,General,RAI4-1161,G_SYS_OEXT,역량 초과 수행,Over-Extension,0.683105,0.701401,0.1,,KEEP,LEXICAL_ALIGNMENT_WITH_IMMUTABLE_L3,70e5ee7d3f180821234f83358222ee5b897243cc8ebc63aa43a6dbbd1f6dbda9,d3756c4b1b0086e6f4308ed89ac0670430e8de0fc6286e12ddbfb7a76db08677
SRC-G-0078,General,RAI4-0041,G_SYS_EVAL,평가·검증 실패,Evaluation and Assurance Failure,0.653656,0.662266,0.0,,KEEP,SEMANTIC_ALIGNMENT_WITH_IMMUTABLE_L3,a5e7f0609d96613e353e5f5b6045b425c7b9d87241b22902549505f15d4abf6a,e17bf6bc8ae08cdddcc781ab4a1aadb569e861d5a6da5bea93281312170cd87d
SRC-G-0079,General,RAI4-0057,G_SYS_EVAL,평가·검증 실패,Evaluation and Assurance Failure,0.767248,0.780275,0.0,,KEEP,SEMANTIC_ALIGNMENT_WITH_IMMUTABLE_L3,a5e7f0609d96613e353e5f5b6045b425c7b9d87241b22902549505f15d4abf6a,e17bf6bc8ae08cdddcc781ab4a1aadb569e861d5a6da5bea93281312170cd87d
SRC-G-0080,General,RAI4-0059,G_SYS_OREF,과도한 거절,Over-Refusal,0.668858,0.676299,0.0,,KEEP,SEMANTIC_ALIGNMENT_WITH_IMMUTABLE_L3,990a769dee48bbcb5b716bc984e10003c5158b72ace7557a9b9270e18e456556,3c3cdd1695139a9bc919332783bfa35344617f039403416130ab88b301f70280
SRC-G-0081,General,RAI4-0064,G_SYS_EVAL,평가·검증 실패,Evaluation and Assurance Failure,0.697583,0.726354,0.3,,KEEP,LEXICAL_ALIGNMENT_WITH_IMMUTABLE_L3,a5e7f0609d96613e353e5f5b6045b425c7b9d87241b22902549505f15d4abf6a,e17bf6bc8ae08cdddcc781ab4a1aadb569e861d5a6da5bea93281312170cd87d
SRC-G-0082,General,RAI4-0067,G_SYS_EVAL,평가·검증 실패,Evaluation and Assurance Failure,0.781874,0.841149,0.7,,KEEP,LEXICAL_ALIGNMENT_WITH_IMMUTABLE_L3,a5e7f0609d96613e353e5f5b6045b425c7b9d87241b22902549505f15d4abf6a,e17bf6bc8ae08cdddcc781ab4a1aadb569e861d5a6da5bea93281312170cd87d
SRC-G-0083,General,RAI4-0082,G_SYS_TRANS,투명성 부족,Lack of Transparency,0.729839,0.743702,0.0,,KEEP,SEMANTIC_ALIGNMENT_WITH_IMMUTABLE_L3,4ce734f636ed217313046367cddbad97f30d59e47c760677b91ffe3320931fae,d9b1ff35e772ea885c8b966dcfee41778faa57f2f17686d35e04d62e768230c0
SRC-G-0084,General,RAI4-0126,G_SYS_TRANS,투명성 부족,Lack of Transparency,0.718743,0.725388,0.0,,KEEP,SEMANTIC_ALIGNMENT_WITH_IMMUTABLE_L3,4ce734f636ed217313046367cddbad97f30d59e47c760677b91ffe3320931fae,d9b1ff35e772ea885c8b966dcfee41778faa57f2f17686d35e04d62e768230c0
SRC-G-0085,General,RAI4-0134,G_SYS_OVERCONF,과도한 확신,Overconfidence,0.831086,1.181351,0.6,G_SYS_OVERCONF,KEEP,CURATED_ALIGNMENT_WITH_IMMUTABLE_L3,f915de7df32f302e72390152459013475d0f29739604d9f959678662a23583fe,61ed328ddd32f6b37e6703027ac5a9eca6761fa362fd9a4e0420bc1966fe29d1
SRC-G-0086,General,RAI4-0402,G_SYS_TRANS,투명성 부족,Lack of Transparency,0.746726,0.765564,0.1,,KEEP,LEXICAL_ALIGNMENT_WITH_IMMUTABLE_L3,4ce734f636ed217313046367cddbad97f30d59e47c760677b91ffe3320931fae,d9b1ff35e772ea885c8b966dcfee41778faa57f2f17686d35e04d62e768230c0
SRC-G-0087,General,RAI4-0419,G_SYS_TRANS,투명성 부족,Lack of Transparency,0.688564,0.697879,0.0,,KEEP,SEMANTIC_ALIGNMENT_WITH_IMMUTABLE_L3,4ce734f636ed217313046367cddbad97f30d59e47c760677b91ffe3320931fae,d9b1ff35e772ea885c8b966dcfee41778faa57f2f17686d35e04d62e768230c0
SRC-G-0088,General,RAI4-0484,A_SYS_SELFCOR,자기 교정 실패,Self-Correction Failure,0.849058,1.1966,0.5,A_SYS_SELFCOR,KEEP,CURATED_ALIGNMENT_WITH_IMMUTABLE_L3,23881787f88baf5140400a98b002aed2df7f1145b7378eca1dc120d94bd3725f,8bf8486d81b735061b569e2826abf265f31a762aa58bda2a9d784799d91804eb
SRC-G-0089,General,RAI4-0541,G_SYS_EVAL,평가·검증 실패,Evaluation and Assurance Failure,0.714288,0.740975,0.2,,KEEP,LEXICAL_ALIGNMENT_WITH_IMMUTABLE_L3,a5e7f0609d96613e353e5f5b6045b425c7b9d87241b22902549505f15d4abf6a,e17bf6bc8ae08cdddcc781ab4a1aadb569e861d5a6da5bea93281312170cd87d
SRC-G-0090,General,RAI4-0546,G_SYS_OEXT,역량 초과 수행,Over-Extension,0.733723,0.757113,0.1,,KEEP,LEXICAL_ALIGNMENT_WITH_IMMUTABLE_L3,70e5ee7d3f180821234f83358222ee5b897243cc8ebc63aa43a6dbbd1f6dbda9,d3756c4b1b0086e6f4308ed89ac0670430e8de0fc6286e12ddbfb7a76db08677
SRC-G-0091,General,RAI4-0588,G_SYS_TRANS,투명성 부족,Lack of Transparency,0.729742,0.746835,0.0,,KEEP,SEMANTIC_ALIGNMENT_WITH_IMMUTABLE_L3,4ce734f636ed217313046367cddbad97f30d59e47c760677b91ffe3320931fae,d9b1ff35e772ea885c8b966dcfee41778faa57f2f17686d35e04d62e768230c0
SRC-G-0092,General,RAI4-0590,G_SYS_OVERCONF,과도한 확신,Overconfidence,0.784234,0.828584,0.5,,KEEP,LEXICAL_ALIGNMENT_WITH_IMMUTABLE_L3,f915de7df32f302e72390152459013475d0f29739604d9f959678662a23583fe,61ed328ddd32f6b37e6703027ac5a9eca6761fa362fd9a4e0420bc1966fe29d1
SRC-G-0093,General,RAI4-0596,G_SYS_TRANS,투명성 부족,Lack of Transparency,0.828314,0.860723,0.3,,KEEP,LEXICAL_ALIGNMENT_WITH_IMMUTABLE_L3,4ce734f636ed217313046367cddbad97f30d59e47c760677b91ffe3320931fae,d9b1ff35e772ea885c8b966dcfee41778faa57f2f17686d35e04d62e768230c0
SRC-G-0094,General,RAI4-0818,G_SYS_OVERCONF,과도한 확신,Overconfidence,0.812679,0.832526,0.1,,KEEP,LEXICAL_ALIGNMENT_WITH_IMMUTABLE_L3,f915de7df32f302e72390152459013475d0f29739604d9f959678662a23583fe,61ed328ddd32f6b37e6703027ac5a9eca6761fa362fd9a4e0420bc1966fe29d1
SRC-G-0095,General,RAI4-1120,G_SYS_INCONS,비일관성,Inconsistency,0.658547,0.66705,0.0,,DELETE,DELETE_L3_SCOPE_MISMATCH: NO_CURRENT_L3: generic accident escalation without an AI-specific mechanism,c53566bf8f7012d801309ac671b6497f85db3e85a46242d36255d6021036fd05,69c98744120b7b6b9f8503faeb5900ef9d1f0ca0f002ac16766e2c7d0f1fb3a5
SRC-G-0096,General,RAI4-1129,A_INT_COORD,협조 실패,Coordination Failure,0.661786,0.675368,0.0,,KEEP,SEMANTIC_ALIGNMENT_WITH_IMMUTABLE_L3,55373b9bb1389d95732d5f8b1314e4a2a1f2f121fd4c2878ce922e89f09ab2f5,099b2ebe5e5a4e03a9788eafb7ea33c1f2685d48689acb2c9cd1b662bdd70e45
SRC-G-0097,General,RAI4-1163,G_SYS_EVAL,평가·검증 실패,Evaluation and Assurance Failure,0.687368,0.707485,0.3,,KEEP,LEXICAL_ALIGNMENT_WITH_IMMUTABLE_L3,a5e7f0609d96613e353e5f5b6045b425c7b9d87241b22902549505f15d4abf6a,e17bf6bc8ae08cdddcc781ab4a1aadb569e861d5a6da5bea93281312170cd87d
SRC-G-0098,General,RAI4-1175,G_SYS_MISINFO,허위정보,Misinformation,0.697285,0.701448,0.0,,KEEP,SEMANTIC_ALIGNMENT_WITH_IMMUTABLE_L3,797957ed8863fcae89bdad19a6065f6ee992f2f5822d4dd90a680627c82a6db5,fe14d390678f5a1b9e98bc4b3644d80ff9df0259f22ca83a2a38e0fe37735aae
SRC-G-0099,General,RAI4-1195,G_SYS_TRANS,투명성 부족,Lack of Transparency,0.730141,0.749075,0.1,,KEEP,LEXICAL_ALIGNMENT_WITH_IMMUTABLE_L3,4ce734f636ed217313046367cddbad97f30d59e47c760677b91ffe3320931fae,d9b1ff35e772ea885c8b966dcfee41778faa57f2f17686d35e04d62e768230c0
SRC-G-0100,General,RAI4-1296,G_SOC_GOV,거버넌스·책임 공백,Governance and Accountability Void,0.870088,1.218037,0.5,G_SOC_GOV,KEEP,CURATED_ALIGNMENT_WITH_IMMUTABLE_L3,af6489ae34d3b43c83f421ed5225daee7e0aa2252c852adbf529c17734d901ce,7c1ace36f243c9b40c176713f5811bd5a83dbc4b7b3d718aefae80c23de9a28a
SRC-G-0101,General,RAI4-1300,G_SYS_TRANS,투명성 부족,Lack of Transparency,0.773868,0.797139,0.1,,KEEP,LEXICAL_ALIGNMENT_WITH_IMMUTABLE_L3,4ce734f636ed217313046367cddbad97f30d59e47c760677b91ffe3320931fae,d9b1ff35e772ea885c8b966dcfee41778faa57f2f17686d35e04d62e768230c0
SRC-G-0102,General,RAI4-1303,G_SOC_GOV,거버넌스·책임 공백,Governance and Accountability Void,0.759301,0.785287,0.2,,KEEP,LEXICAL_ALIGNMENT_WITH_IMMUTABLE_L3,af6489ae34d3b43c83f421ed5225daee7e0aa2252c852adbf529c17734d901ce,7c1ace36f243c9b40c176713f5811bd5a83dbc4b7b3d718aefae80c23de9a28a
SRC-G-0103,General,RAI4-1384,G_SYS_TRANS,투명성 부족,Lack of Transparency,0.738388,0.74873,0.0,,KEEP,SEMANTIC_ALIGNMENT_WITH_IMMUTABLE_L3,4ce734f636ed217313046367cddbad97f30d59e47c760677b91ffe3320931fae,d9b1ff35e772ea885c8b966dcfee41778faa57f2f17686d35e04d62e768230c0
SRC-G-0104,General,RAI4-1486,G_SYS_TRANS,투명성 부족,Lack of Transparency,0.679478,0.691202,0.0,,KEEP,SEMANTIC_ALIGNMENT_WITH_IMMUTABLE_L3,4ce734f636ed217313046367cddbad97f30d59e47c760677b91ffe3320931fae,d9b1ff35e772ea885c8b966dcfee41778faa57f2f17686d35e04d62e768230c0
SRC-G-0105,General,RAI4-1514,G_SYS_OEXT,역량 초과 수행,Over-Extension,0.737601,0.748966,0.0,,KEEP,SEMANTIC_ALIGNMENT_WITH_IMMUTABLE_L3,70e5ee7d3f180821234f83358222ee5b897243cc8ebc63aa43a6dbbd1f6dbda9,d3756c4b1b0086e6f4308ed89ac0670430e8de0fc6286e12ddbfb7a76db08677
SRC-G-0106,General,RAI4-0033,A_SYS_AUTH,과도한 권한·자율성,Excessive Authority and Agency,0.840969,0.855186,0.0,,KEEP,SEMANTIC_ALIGNMENT_WITH_IMMUTABLE_L3,7aa301baca7b92ea6a9baaf3d707945da1562a03f746e2560ce0054a44c0f875,b5f84c4300cfbf6b2be26f81ed1c9af87dc6bcb5f867ccac5b4213eae92e59f6
SRC-G-0107,General,RAI4-0034,A_SYS_GOAL,목표 불일치,Goal Misalignment,0.704672,0.727184,0.1,,KEEP,LEXICAL_ALIGNMENT_WITH_IMMUTABLE_L3,5bcf1f941d10c19fa1d33a7f633160362dad1492fcc89076b24d42e456e3e1b0,8fa5662aff8a3430259ea245eacfc4edb06d0340b5e57545aae7921f60b678cd
SRC-G-0108,General,RAI4-0038,A_SYS_GOAL,목표 불일치,Goal Misalignment,0.747733,0.761714,0.0,,KEEP,SEMANTIC_ALIGNMENT_WITH_IMMUTABLE_L3,5bcf1f941d10c19fa1d33a7f633160362dad1492fcc89076b24d42e456e3e1b0,8fa5662aff8a3430259ea245eacfc4edb06d0340b5e57545aae7921f60b678cd
SRC-G-0109,General,RAI4-0344,G_SYS_INPUT,입력 이해 실패,Input Comprehension Failure,0.788342,0.804457,0.0,,KEEP,SEMANTIC_ALIGNMENT_WITH_IMMUTABLE_L3,270cf9a03252148b0a30819d7888a4cb78dcde473355b2887becfa0268ab21b9,c6fb9f3f58aeb74968a6c33d4f1d5d95cdc804213571ecd0587c94825f4233ab
SRC-G-0110,General,RAI4-0364,G_SYS_CONTEXT,맥락 인식 실패,Context-Awareness Failure,0.695043,0.723377,0.3,,KEEP,LEXICAL_ALIGNMENT_WITH_IMMUTABLE_L3,6df1ca9eed5389877a25c4d8e5f5440825497e54dcb63a91ff2c47c0e58e81f2,234f4d581b27a58b9417cdd46578cd8280b2807f070e8a3410a3c8819a297c82
SRC-G-0111,General,RAI4-0366,G_INT_VALUE,가치 부과·규범 동질화,Value Imposition and Normative Homogenization,0.687659,0.714782,0.2,,KEEP,LEXICAL_ALIGNMENT_WITH_IMMUTABLE_L3,520d015d8dc2a4ea6616b2df67c01ef1c602a694fc862f817fea85deb09095ae,200b506e652d253910ba22c53eca0b0aae0887da58b13fe4a834408b64eea128
SRC-G-0112,General,RAI4-0399,G_SYS_INCONS,비일관성,Inconsistency,0.681666,0.69085,0.0,,KEEP,SEMANTIC_ALIGNMENT_WITH_IMMUTABLE_L3,c53566bf8f7012d801309ac671b6497f85db3e85a46242d36255d6021036fd05,69c98744120b7b6b9f8503faeb5900ef9d1f0ca0f002ac16766e2c7d0f1fb3a5
SRC-G-0113,General,RAI4-0468,G_SYS_OEXT,역량 초과 수행,Over-Extension,0.727434,0.73155,0.0,,KEEP,SEMANTIC_ALIGNMENT_WITH_IMMUTABLE_L3,70e5ee7d3f180821234f83358222ee5b897243cc8ebc63aa43a6dbbd1f6dbda9,d3756c4b1b0086e6f4308ed89ac0670430e8de0fc6286e12ddbfb7a76db08677
SRC-G-0114,General,RAI4-0572,A_SYS_DECEPT,기만·책략,Deception and Scheming,0.798376,1.143598,0.4,A_SYS_DECEPT,KEEP,CURATED_ALIGNMENT_WITH_IMMUTABLE_L3,cecfc7e4181bfe4500e0332cbdc51d32afc7d03f90cdc40efabd9b6616d817da,6450596e09eacb9fc1ba6e6830d000ea00e162fd7350e86e7edd8b3a1455e2ee
SRC-G-0115,General,RAI4-0581,A_SYS_GOAL,목표 불일치,Goal Misalignment,0.741042,0.774927,0.2,,KEEP,LEXICAL_ALIGNMENT_WITH_IMMUTABLE_L3,5bcf1f941d10c19fa1d33a7f633160362dad1492fcc89076b24d42e456e3e1b0,8fa5662aff8a3430259ea245eacfc4edb06d0340b5e57545aae7921f60b678cd
SRC-G-0116,General,RAI4-0591,G_INT_VALUE,가치 부과·규범 동질화,Value Imposition and Normative Homogenization,0.76769,0.792216,0.2,,KEEP,LEXICAL_ALIGNMENT_WITH_IMMUTABLE_L3,520d015d8dc2a4ea6616b2df67c01ef1c602a694fc862f817fea85deb09095ae,200b506e652d253910ba22c53eca0b0aae0887da58b13fe4a834408b64eea128
SRC-G-0117,General,RAI4-0893,G_SYS_OREF,과도한 거절,Over-Refusal,0.701066,0.707722,0.0,,KEEP,SEMANTIC_ALIGNMENT_WITH_IMMUTABLE_L3,990a769dee48bbcb5b716bc984e10003c5158b72ace7557a9b9270e18e456556,3c3cdd1695139a9bc919332783bfa35344617f039403416130ab88b301f70280
SRC-G-0118,General,RAI4-0970,G_SYS_EVAL,평가·검증 실패,Evaluation and Assurance Failure,0.765765,0.807588,0.4,,KEEP,LEXICAL_ALIGNMENT_WITH_IMMUTABLE_L3,a5e7f0609d96613e353e5f5b6045b425c7b9d87241b22902549505f15d4abf6a,e17bf6bc8ae08cdddcc781ab4a1aadb569e861d5a6da5bea93281312170cd87d
SRC-G-0119,General,RAI4-1112,G_SYS_INCONS,비일관성,Inconsistency,0.734244,0.755332,0.1,,KEEP,LEXICAL_ALIGNMENT_WITH_IMMUTABLE_L3,c53566bf8f7012d801309ac671b6497f85db3e85a46242d36255d6021036fd05,69c98744120b7b6b9f8503faeb5900ef9d1f0ca0f002ac16766e2c7d0f1fb3a5
SRC-G-0120,General,RAI4-1122,A_SYS_GOAL,목표 불일치,Goal Misalignment,0.734203,1.063687,0.2,A_SYS_GOAL,KEEP,CURATED_ALIGNMENT_WITH_IMMUTABLE_L3,5bcf1f941d10c19fa1d33a7f633160362dad1492fcc89076b24d42e456e3e1b0,8fa5662aff8a3430259ea245eacfc4edb06d0340b5e57545aae7921f60b678cd
SRC-G-0123,General,RAI4-1133,G_SYS_MISINFO,허위정보,Misinformation,0.641464,0.651527,0.0,,KEEP,SEMANTIC_ALIGNMENT_WITH_IMMUTABLE_L3,797957ed8863fcae89bdad19a6065f6ee992f2f5822d4dd90a680627c82a6db5,fe14d390678f5a1b9e98bc4b3644d80ff9df0259f22ca83a2a38e0fe37735aae
SRC-G-0124,General,RAI4-1241,A_SYS_GOAL,목표 불일치,Goal Misalignment,0.794347,0.824411,0.2,,KEEP,LEXICAL_ALIGNMENT_WITH_IMMUTABLE_L3,5bcf1f941d10c19fa1d33a7f633160362dad1492fcc89076b24d42e456e3e1b0,8fa5662aff8a3430259ea245eacfc4edb06d0340b5e57545aae7921f60b678cd
SRC-G-0125,General,RAI4-1285,G_SYS_EVAL,평가·검증 실패,Evaluation and Assurance Failure,0.718689,0.727535,0.0,,KEEP,SEMANTIC_ALIGNMENT_WITH_IMMUTABLE_L3,a5e7f0609d96613e353e5f5b6045b425c7b9d87241b22902549505f15d4abf6a,e17bf6bc8ae08cdddcc781ab4a1aadb569e861d5a6da5bea93281312170cd87d
SRC-G-0127,General,RAI4-1323,G_SYS_OEXT,역량 초과 수행,Over-Extension,0.726555,0.730235,0.0,,KEEP,SEMANTIC_ALIGNMENT_WITH_IMMUTABLE_L3,70e5ee7d3f180821234f83358222ee5b897243cc8ebc63aa43a6dbbd1f6dbda9,d3756c4b1b0086e6f4308ed89ac0670430e8de0fc6286e12ddbfb7a76db08677
SRC-G-0129,General,RAI4-1460,G_SYS_EVAL,평가·검증 실패,Evaluation and Assurance Failure,0.708253,0.719648,0.0,,KEEP,SEMANTIC_ALIGNMENT_WITH_IMMUTABLE_L3,a5e7f0609d96613e353e5f5b6045b425c7b9d87241b22902549505f15d4abf6a,e17bf6bc8ae08cdddcc781ab4a1aadb569e861d5a6da5bea93281312170cd87d
SRC-G-0130,General,RAI4-1498,G_SYS_EVAL,평가·검증 실패,Evaluation and Assurance Failure,0.67507,0.680742,0.0,,KEEP,SEMANTIC_ALIGNMENT_WITH_IMMUTABLE_L3,a5e7f0609d96613e353e5f5b6045b425c7b9d87241b22902549505f15d4abf6a,e17bf6bc8ae08cdddcc781ab4a1aadb569e861d5a6da5bea93281312170cd87d
SRC-G-0132,General,RAI4-1645,A_SYS_GOAL,목표 불일치,Goal Misalignment,0.719876,0.749063,0.2,,KEEP,LEXICAL_ALIGNMENT_WITH_IMMUTABLE_L3,5bcf1f941d10c19fa1d33a7f633160362dad1492fcc89076b24d42e456e3e1b0,8fa5662aff8a3430259ea245eacfc4edb06d0340b5e57545aae7921f60b678cd
SRC-G-0133,General,RAI4-1646,A_SYS_GOAL,목표 불일치,Goal Misalignment,0.766364,0.791806,0.1,,KEEP,LEXICAL_ALIGNMENT_WITH_IMMUTABLE_L3,5bcf1f941d10c19fa1d33a7f633160362dad1492fcc89076b24d42e456e3e1b0,8fa5662aff8a3430259ea245eacfc4edb06d0340b5e57545aae7921f60b678cd
SRC-G-0134,General,RAI4-1692,G_SYS_MISINFO,허위정보,Misinformation,0.662292,0.672851,0.0,,KEEP,SEMANTIC_ALIGNMENT_WITH_IMMUTABLE_L3,797957ed8863fcae89bdad19a6065f6ee992f2f5822d4dd90a680627c82a6db5,fe14d390678f5a1b9e98bc4b3644d80ff9df0259f22ca83a2a38e0fe37735aae
SRC-G-0135,General,RAI4-1704,A_SYS_GOAL,목표 불일치,Goal Misalignment,0.770125,0.812211,0.4,,KEEP,LEXICAL_ALIGNMENT_WITH_IMMUTABLE_L3,5bcf1f941d10c19fa1d33a7f633160362dad1492fcc89076b24d42e456e3e1b0,8fa5662aff8a3430259ea245eacfc4edb06d0340b5e57545aae7921f60b678cd
SRC-G-0136,General,RAI4-0055,G_SYS_CONTEST,이의제기 차단,Non-Contestability,0.74261,0.757793,0.0,,KEEP,SEMANTIC_ALIGNMENT_WITH_IMMUTABLE_L3,dc5e68069f4e282841f68609c7bf3d06f272394b4af1d9e7fd453fc1eaba32a4,44d57f33227e51c5d41141b75a548727d7f5cda81b39921c31f03ac3169a2a9d
SRC-G-0137,General,RAI4-0117,G_SOC_CULT,문화·지식 생태계 침식,Cultural and Epistemic Erosion,0.782228,0.816195,0.3,,KEEP,LEXICAL_ALIGNMENT_WITH_IMMUTABLE_L3,2ff58344ac443f426e7a10c12574ca1b5a2888f4471ca84031a6ae0c66fe9c1c,7b36bfd0f3bf160532880b9435252c8d5548c8139537fbbab64546ed10fb8a66
SRC-G-0138,General,RAI4-0139,G_INT_UNETH,비윤리 행위·조작,Unethical Conduct and Manipulation,0.746343,0.749206,0.0,,KEEP,SEMANTIC_ALIGNMENT_WITH_IMMUTABLE_L3,8addd2f36fe9e6fb809fa93c0058bfe5986caba91950f52805b91b2cb4afd871,880adce35f526e2201acf0f3f1278c1da7510d5a733ba9b194ff029b946fccc2
SRC-G-0139,General,RAI4-0161,G_SYS_OEXT,역량 초과 수행,Over-Extension,0.738999,0.744444,0.0,,KEEP,SEMANTIC_ALIGNMENT_WITH_IMMUTABLE_L3,70e5ee7d3f180821234f83358222ee5b897243cc8ebc63aa43a6dbbd1f6dbda9,d3756c4b1b0086e6f4308ed89ac0670430e8de0fc6286e12ddbfb7a76db08677
SRC-G-0140,General,RAI4-0168,G_SYS_CONTEST,이의제기 차단,Non-Contestability,0.654667,0.657274,0.0,,KEEP,SEMANTIC_ALIGNMENT_WITH_IMMUTABLE_L3,dc5e68069f4e282841f68609c7bf3d06f272394b4af1d9e7fd453fc1eaba32a4,44d57f33227e51c5d41141b75a548727d7f5cda81b39921c31f03ac3169a2a9d
SRC-G-0141,General,RAI4-0169,G_SYS_OREF,과도한 거절,Over-Refusal,0.715626,0.726339,0.0,,KEEP,SEMANTIC_ALIGNMENT_WITH_IMMUTABLE_L3,990a769dee48bbcb5b716bc984e10003c5158b72ace7557a9b9270e18e456556,3c3cdd1695139a9bc919332783bfa35344617f039403416130ab88b301f70280
SRC-G-0142,General,RAI4-0171,G_SYS_INPUT,입력 이해 실패,Input Comprehension Failure,0.801868,0.821046,0.1,,KEEP,LEXICAL_ALIGNMENT_WITH_IMMUTABLE_L3,270cf9a03252148b0a30819d7888a4cb78dcde473355b2887becfa0268ab21b9,c6fb9f3f58aeb74968a6c33d4f1d5d95cdc804213571ecd0587c94825f4233ab
SRC-G-0143,General,RAI4-0174,G_SYS_INPUT,입력 이해 실패,Input Comprehension Failure,0.766294,0.799265,0.3,,KEEP,LEXICAL_ALIGNMENT_WITH_IMMUTABLE_L3,270cf9a03252148b0a30819d7888a4cb78dcde473355b2887becfa0268ab21b9,c6fb9f3f58aeb74968a6c33d4f1d5d95cdc804213571ecd0587c94825f4233ab
SRC-G-0144,General,RAI4-0178,G_SYS_OREF,과도한 거절,Over-Refusal,0.717083,0.730126,0.0,,KEEP,SEMANTIC_ALIGNMENT_WITH_IMMUTABLE_L3,990a769dee48bbcb5b716bc984e10003c5158b72ace7557a9b9270e18e456556,3c3cdd1695139a9bc919332783bfa35344617f039403416130ab88b301f70280
SRC-G-0145,General,RAI4-0307,G_SYS_TRANS,투명성 부족,Lack of Transparency,0.717776,0.721456,0.0,,KEEP,SEMANTIC_ALIGNMENT_WITH_IMMUTABLE_L3,4ce734f636ed217313046367cddbad97f30d59e47c760677b91ffe3320931fae,d9b1ff35e772ea885c8b966dcfee41778faa57f2f17686d35e04d62e768230c0
SRC-G-0146,General,RAI4-0607,G_SYS_TRANS,투명성 부족,Lack of Transparency,0.711777,0.719046,0.0,,KEEP,SEMANTIC_ALIGNMENT_WITH_IMMUTABLE_L3,4ce734f636ed217313046367cddbad97f30d59e47c760677b91ffe3320931fae,d9b1ff35e772ea885c8b966dcfee41778faa57f2f17686d35e04d62e768230c0
SRC-G-0147,General,RAI4-0826,G_SYS_OEXT,역량 초과 수행,Over-Extension,0.855995,1.172466,0.0,G_SYS_OEXT,KEEP,CURATED_ALIGNMENT_WITH_IMMUTABLE_L3,70e5ee7d3f180821234f83358222ee5b897243cc8ebc63aa43a6dbbd1f6dbda9,d3756c4b1b0086e6f4308ed89ac0670430e8de0fc6286e12ddbfb7a76db08677
SRC-G-0148,General,RAI4-1198,G_SYS_CONTEXT,맥락 인식 실패,Context-Awareness Failure,0.885898,1.235304,0.5,G_SYS_CONTEXT,KEEP,CURATED_ALIGNMENT_WITH_IMMUTABLE_L3,6df1ca9eed5389877a25c4d8e5f5440825497e54dcb63a91ff2c47c0e58e81f2,234f4d581b27a58b9417cdd46578cd8280b2807f070e8a3410a3c8819a297c82
SRC-G-0149,General,RAI4-1208,G_SYS_CONTEST,이의제기 차단,Non-Contestability,0.682569,0.686917,0.0,,KEEP,SEMANTIC_ALIGNMENT_WITH_IMMUTABLE_L3,dc5e68069f4e282841f68609c7bf3d06f272394b4af1d9e7fd453fc1eaba32a4,44d57f33227e51c5d41141b75a548727d7f5cda81b39921c31f03ac3169a2a9d
SRC-G-0150,General,RAI4-1286,G_SYS_OREF,과도한 거절,Over-Refusal,0.679093,0.678381,0.0,,DELETE,DELETE_L3_SCOPE_MISMATCH: NO_CURRENT_L3: speculative externally sourced unfriendly AI scenario,990a769dee48bbcb5b716bc984e10003c5158b72ace7557a9b9270e18e456556,3c3cdd1695139a9bc919332783bfa35344617f039403416130ab88b301f70280
SRC-G-0151,General,RAI4-0068,G_SOC_GOV,거버넌스·책임 공백,Governance and Accountability Void,0.775253,0.792318,0.1,,KEEP,LEXICAL_ALIGNMENT_WITH_IMMUTABLE_L3,af6489ae34d3b43c83f421ed5225daee7e0aa2252c852adbf529c17734d901ce,7c1ace36f243c9b40c176713f5811bd5a83dbc4b7b3d718aefae80c23de9a28a
SRC-G-0152,General,RAI4-0072,G_SYS_EVAL,평가·검증 실패,Evaluation and Assurance Failure,0.765706,0.802025,0.3,,KEEP,LEXICAL_ALIGNMENT_WITH_IMMUTABLE_L3,a5e7f0609d96613e353e5f5b6045b425c7b9d87241b22902549505f15d4abf6a,e17bf6bc8ae08cdddcc781ab4a1aadb569e861d5a6da5bea93281312170cd87d
SRC-G-0153,General,RAI4-0080,G_SYS_OEXT,역량 초과 수행,Over-Extension,0.780426,0.792178,0.0,,KEEP,SEMANTIC_ALIGNMENT_WITH_IMMUTABLE_L3,70e5ee7d3f180821234f83358222ee5b897243cc8ebc63aa43a6dbbd1f6dbda9,d3756c4b1b0086e6f4308ed89ac0670430e8de0fc6286e12ddbfb7a76db08677
SRC-G-0154,General,RAI4-0088,G_SOC_GOV,거버넌스·책임 공백,Governance and Accountability Void,0.749682,0.753649,0.0,,KEEP,SEMANTIC_ALIGNMENT_WITH_IMMUTABLE_L3,af6489ae34d3b43c83f421ed5225daee7e0aa2252c852adbf529c17734d901ce,7c1ace36f243c9b40c176713f5811bd5a83dbc4b7b3d718aefae80c23de9a28a
SRC-G-0155,General,RAI4-0095,G_SYS_EVAL,평가·검증 실패,Evaluation and Assurance Failure,0.755501,0.768716,0.0,,KEEP,SEMANTIC_ALIGNMENT_WITH_IMMUTABLE_L3,a5e7f0609d96613e353e5f5b6045b425c7b9d87241b22902549505f15d4abf6a,e17bf6bc8ae08cdddcc781ab4a1aadb569e861d5a6da5bea93281312170cd87d
SRC-G-0156,General,RAI4-0098,G_SYS_TRANS,투명성 부족,Lack of Transparency,0.713754,0.718485,0.0,,KEEP,SEMANTIC_ALIGNMENT_WITH_IMMUTABLE_L3,4ce734f636ed217313046367cddbad97f30d59e47c760677b91ffe3320931fae,d9b1ff35e772ea885c8b966dcfee41778faa57f2f17686d35e04d62e768230c0
SRC-G-0157,General,RAI4-0099,G_SYS_EVAL,평가·검증 실패,Evaluation and Assurance Failure,0.762309,0.773338,0.0,,KEEP,SEMANTIC_ALIGNMENT_WITH_IMMUTABLE_L3,a5e7f0609d96613e353e5f5b6045b425c7b9d87241b22902549505f15d4abf6a,e17bf6bc8ae08cdddcc781ab4a1aadb569e861d5a6da5bea93281312170cd87d
SRC-G-0158,General,RAI4-0104,G_SYS_EVAL,평가·검증 실패,Evaluation and Assurance Failure,0.761735,0.785038,0.2,,KEEP,LEXICAL_ALIGNMENT_WITH_IMMUTABLE_L3,a5e7f0609d96613e353e5f5b6045b425c7b9d87241b22902549505f15d4abf6a,e17bf6bc8ae08cdddcc781ab4a1aadb569e861d5a6da5bea93281312170cd87d
SRC-G-0159,General,RAI4-0111,G_SYS_EVAL,평가·검증 실패,Evaluation and Assurance Failure,0.726413,0.75838,0.3,,KEEP,LEXICAL_ALIGNMENT_WITH_IMMUTABLE_L3,a5e7f0609d96613e353e5f5b6045b425c7b9d87241b22902549505f15d4abf6a,e17bf6bc8ae08cdddcc781ab4a1aadb569e861d5a6da5bea93281312170cd87d
SRC-G-0160,General,RAI4-0167,G_INT_ANTH,의인화,Anthropomorphism,0.7611,0.788063,0.3,,KEEP,LEXICAL_ALIGNMENT_WITH_IMMUTABLE_L3,20a4bbdb8e97a3011cbcced13dc79141662bd7658e2e0d9f508f537da9e38864,364bdfd17aa83d4220e1fa993cad654224e6325ddc085a86e11c193854e34b79
SRC-G-0161,General,RAI4-0391,G_SYS_EVAL,평가·검증 실패,Evaluation and Assurance Failure,0.762382,0.796312,0.3,,KEEP,LEXICAL_ALIGNMENT_WITH_IMMUTABLE_L3,a5e7f0609d96613e353e5f5b6045b425c7b9d87241b22902549505f15d4abf6a,e17bf6bc8ae08cdddcc781ab4a1aadb569e861d5a6da5bea93281312170cd87d
SRC-G-0162,General,RAI4-0400,G_SYS_OVERCONF,과도한 확신,Overconfidence,0.774311,0.78737,0.0,,KEEP,SEMANTIC_ALIGNMENT_WITH_IMMUTABLE_L3,f915de7df32f302e72390152459013475d0f29739604d9f959678662a23583fe,61ed328ddd32f6b37e6703027ac5a9eca6761fa362fd9a4e0420bc1966fe29d1
SRC-G-0163,General,RAI4-0443,G_SYS_MISINFO,허위정보,Misinformation,0.736063,0.740508,0.0,,KEEP,SEMANTIC_ALIGNMENT_WITH_IMMUTABLE_L3,797957ed8863fcae89bdad19a6065f6ee992f2f5822d4dd90a680627c82a6db5,fe14d390678f5a1b9e98bc4b3644d80ff9df0259f22ca83a2a38e0fe37735aae
SRC-G-0164,General,RAI4-0512,G_SOC_GOV,거버넌스·책임 공백,Governance and Accountability Void,0.740991,0.754253,0.0,,KEEP,SEMANTIC_ALIGNMENT_WITH_IMMUTABLE_L3,af6489ae34d3b43c83f421ed5225daee7e0aa2252c852adbf529c17734d901ce,7c1ace36f243c9b40c176713f5811bd5a83dbc4b7b3d718aefae80c23de9a28a
SRC-G-0165,General,RAI4-0549,G_SYS_EVAL,평가·검증 실패,Evaluation and Assurance Failure,0.802948,0.82425,0.2,,KEEP,LEXICAL_ALIGNMENT_WITH_IMMUTABLE_L3,a5e7f0609d96613e353e5f5b6045b425c7b9d87241b22902549505f15d4abf6a,e17bf6bc8ae08cdddcc781ab4a1aadb569e861d5a6da5bea93281312170cd87d
SRC-G-0166,General,RAI4-0552,G_SYS_INPUT,입력 이해 실패,Input Comprehension Failure,0.754245,0.779485,0.2,,KEEP,LEXICAL_ALIGNMENT_WITH_IMMUTABLE_L3,270cf9a03252148b0a30819d7888a4cb78dcde473355b2887becfa0268ab21b9,c6fb9f3f58aeb74968a6c33d4f1d5d95cdc804213571ecd0587c94825f4233ab
SRC-G-0167,General,RAI4-0584,G_SYS_CONTEXT,맥락 인식 실패,Context-Awareness Failure,0.672862,0.701816,0.3,,KEEP,LEXICAL_ALIGNMENT_WITH_IMMUTABLE_L3,6df1ca9eed5389877a25c4d8e5f5440825497e54dcb63a91ff2c47c0e58e81f2,234f4d581b27a58b9417cdd46578cd8280b2807f070e8a3410a3c8819a297c82
SRC-G-0168,General,RAI4-0608,G_SOC_GOV,거버넌스·책임 공백,Governance and Accountability Void,0.768474,0.780119,0.0,,KEEP,SEMANTIC_ALIGNMENT_WITH_IMMUTABLE_L3,af6489ae34d3b43c83f421ed5225daee7e0aa2252c852adbf529c17734d901ce,7c1ace36f243c9b40c176713f5811bd5a83dbc4b7b3d718aefae80c23de9a28a
SRC-G-0169,General,RAI4-0780,G_SYS_EVAL,평가·검증 실패,Evaluation and Assurance Failure,0.692109,0.70634,0.0,,KEEP,SEMANTIC_ALIGNMENT_WITH_IMMUTABLE_L3,a5e7f0609d96613e353e5f5b6045b425c7b9d87241b22902549505f15d4abf6a,e17bf6bc8ae08cdddcc781ab4a1aadb569e861d5a6da5bea93281312170cd87d
SRC-G-0170,General,RAI4-0889,G_SYS_EVAL,평가·검증 실패,Evaluation and Assurance Failure,0.773858,0.79992,0.3,,KEEP,LEXICAL_ALIGNMENT_WITH_IMMUTABLE_L3,a5e7f0609d96613e353e5f5b6045b425c7b9d87241b22902549505f15d4abf6a,e17bf6bc8ae08cdddcc781ab4a1aadb569e861d5a6da5bea93281312170cd87d
SRC-G-0171,General,RAI4-1032,G_SYS_EVAL,평가·검증 실패,Evaluation and Assurance Failure,0.788359,0.83093,0.4,,KEEP,LEXICAL_ALIGNMENT_WITH_IMMUTABLE_L3,a5e7f0609d96613e353e5f5b6045b425c7b9d87241b22902549505f15d4abf6a,e17bf6bc8ae08cdddcc781ab4a1aadb569e861d5a6da5bea93281312170cd87d
SRC-G-0172,General,RAI4-1034,G_SYS_EVAL,평가·검증 실패,Evaluation and Assurance Failure,0.676811,0.681845,0.0,,KEEP,SEMANTIC_ALIGNMENT_WITH_IMMUTABLE_L3,a5e7f0609d96613e353e5f5b6045b425c7b9d87241b22902549505f15d4abf6a,e17bf6bc8ae08cdddcc781ab4a1aadb569e861d5a6da5bea93281312170cd87d
SRC-G-0173,General,RAI4-1036,G_SYS_TRANS,투명성 부족,Lack of Transparency,0.74432,0.756001,0.0,,DELETE,DELETE_L3_SCOPE_MISMATCH: NO_CURRENT_L3: unspecified unknown risks from technology immaturity,4ce734f636ed217313046367cddbad97f30d59e47c760677b91ffe3320931fae,d9b1ff35e772ea885c8b966dcfee41778faa57f2f17686d35e04d62e768230c0
SRC-G-0174,General,RAI4-1037,G_SYS_OEXT,역량 초과 수행,Over-Extension,0.736927,0.737601,0.0,,KEEP,SEMANTIC_ALIGNMENT_WITH_IMMUTABLE_L3,70e5ee7d3f180821234f83358222ee5b897243cc8ebc63aa43a6dbbd1f6dbda9,d3756c4b1b0086e6f4308ed89ac0670430e8de0fc6286e12ddbfb7a76db08677
SRC-G-0175,General,RAI4-1040,G_SYS_EVAL,평가·검증 실패,Evaluation and Assurance Failure,0.733089,0.753754,0.1,,KEEP,LEXICAL_ALIGNMENT_WITH_IMMUTABLE_L3,a5e7f0609d96613e353e5f5b6045b425c7b9d87241b22902549505f15d4abf6a,e17bf6bc8ae08cdddcc781ab4a1aadb569e861d5a6da5bea93281312170cd87d
SRC-G-0176,General,RAI4-1108,G_SYS_EVAL,평가·검증 실패,Evaluation and Assurance Failure,0.678613,0.68733,0.0,,KEEP,SEMANTIC_ALIGNMENT_WITH_IMMUTABLE_L3,a5e7f0609d96613e353e5f5b6045b425c7b9d87241b22902549505f15d4abf6a,e17bf6bc8ae08cdddcc781ab4a1aadb569e861d5a6da5bea93281312170cd87d
SRC-G-0178,General,RAI4-1128,G_SYS_TRANS,투명성 부족,Lack of Transparency,0.731854,0.749036,0.1,,KEEP,LEXICAL_ALIGNMENT_WITH_IMMUTABLE_L3,4ce734f636ed217313046367cddbad97f30d59e47c760677b91ffe3320931fae,d9b1ff35e772ea885c8b966dcfee41778faa57f2f17686d35e04d62e768230c0
SRC-G-0179,General,RAI4-1280,G_SYS_EVAL,평가·검증 실패,Evaluation and Assurance Failure,0.714467,0.740651,0.2,,KEEP,LEXICAL_ALIGNMENT_WITH_IMMUTABLE_L3,a5e7f0609d96613e353e5f5b6045b425c7b9d87241b22902549505f15d4abf6a,e17bf6bc8ae08cdddcc781ab4a1aadb569e861d5a6da5bea93281312170cd87d
SRC-G-0180,General,RAI4-1336,G_SYS_EVAL,평가·검증 실패,Evaluation and Assurance Failure,0.698512,0.711311,0.0,,KEEP,SEMANTIC_ALIGNMENT_WITH_IMMUTABLE_L3,a5e7f0609d96613e353e5f5b6045b425c7b9d87241b22902549505f15d4abf6a,e17bf6bc8ae08cdddcc781ab4a1aadb569e861d5a6da5bea93281312170cd87d
SRC-G-0181,General,RAI4-1458,G_SYS_INPUT,입력 이해 실패,Input Comprehension Failure,0.652656,0.662307,0.0,,KEEP,SEMANTIC_ALIGNMENT_WITH_IMMUTABLE_L3,270cf9a03252148b0a30819d7888a4cb78dcde473355b2887becfa0268ab21b9,c6fb9f3f58aeb74968a6c33d4f1d5d95cdc804213571ecd0587c94825f4233ab
SRC-G-0182,General,RAI4-1459,G_SYS_OEXT,역량 초과 수행,Over-Extension,0.786533,0.802401,0.0,,KEEP,SEMANTIC_ALIGNMENT_WITH_IMMUTABLE_L3,70e5ee7d3f180821234f83358222ee5b897243cc8ebc63aa43a6dbbd1f6dbda9,d3756c4b1b0086e6f4308ed89ac0670430e8de0fc6286e12ddbfb7a76db08677
SRC-G-0183,General,RAI4-1461,G_SYS_EVAL,평가·검증 실패,Evaluation and Assurance Failure,0.775065,0.789531,0.0,,KEEP,SEMANTIC_ALIGNMENT_WITH_IMMUTABLE_L3,a5e7f0609d96613e353e5f5b6045b425c7b9d87241b22902549505f15d4abf6a,e17bf6bc8ae08cdddcc781ab4a1aadb569e861d5a6da5bea93281312170cd87d
SRC-G-0184,General,RAI4-1463,G_SOC_ENV,환경·지속가능성 영향,Environmental and Sustainability Impact,0.694853,0.701088,0.0,,KEEP,SEMANTIC_ALIGNMENT_WITH_IMMUTABLE_L3,64c7605545921e1ccbf93e76fa58be4bdfa1f94180b90db3e023ed9ee51017f9,386bed3732ff81178d18653beaeff9bc1b674f63c9e2dda6f162c061ebfe66f4
SRC-G-0185,General,RAI4-1466,G_SYS_EVAL,평가·검증 실패,Evaluation and Assurance Failure,0.720025,0.729112,0.0,,KEEP,SEMANTIC_ALIGNMENT_WITH_IMMUTABLE_L3,a5e7f0609d96613e353e5f5b6045b425c7b9d87241b22902549505f15d4abf6a,e17bf6bc8ae08cdddcc781ab4a1aadb569e861d5a6da5bea93281312170cd87d
SRC-G-0186,General,RAI4-1468,G_SYS_INCONS,비일관성,Inconsistency,0.68928,0.699908,0.0,,KEEP,SEMANTIC_ALIGNMENT_WITH_IMMUTABLE_L3,c53566bf8f7012d801309ac671b6497f85db3e85a46242d36255d6021036fd05,69c98744120b7b6b9f8503faeb5900ef9d1f0ca0f002ac16766e2c7d0f1fb3a5
SRC-G-0187,General,RAI4-1472,G_SYS_OEXT,역량 초과 수행,Over-Extension,0.779314,0.805643,0.3,,KEEP,LEXICAL_ALIGNMENT_WITH_IMMUTABLE_L3,70e5ee7d3f180821234f83358222ee5b897243cc8ebc63aa43a6dbbd1f6dbda9,d3756c4b1b0086e6f4308ed89ac0670430e8de0fc6286e12ddbfb7a76db08677
SRC-G-0188,General,RAI4-1474,G_SYS_INPUT,입력 이해 실패,Input Comprehension Failure,0.712539,0.748511,0.4,,KEEP,LEXICAL_ALIGNMENT_WITH_IMMUTABLE_L3,270cf9a03252148b0a30819d7888a4cb78dcde473355b2887becfa0268ab21b9,c6fb9f3f58aeb74968a6c33d4f1d5d95cdc804213571ecd0587c94825f4233ab
SRC-G-0189,General,RAI4-1487,G_INT_UNETH,비윤리 행위·조작,Unethical Conduct and Manipulation,0.720315,0.74692,0.3,,KEEP,LEXICAL_ALIGNMENT_WITH_IMMUTABLE_L3,8addd2f36fe9e6fb809fa93c0058bfe5986caba91950f52805b91b2cb4afd871,880adce35f526e2201acf0f3f1278c1da7510d5a733ba9b194ff029b946fccc2
SRC-G-0190,General,RAI4-1492,G_SYS_SECADV,보안·적대적 견고성 실패,Security and Adversarial Robustness Failure,0.671245,0.699837,0.4,,KEEP,LEXICAL_ALIGNMENT_WITH_IMMUTABLE_L3,c52e7aa6094aca9e34a95f4c7fddc0ebb5a74383c7fe22b35a7293fa22afb045,e810d4b594e46a05c3ca192140a74700a2c185fa84d50a78d52c966a91f10619
SRC-G-0191,General,RAI4-1493,G_SYS_OEXT,역량 초과 수행,Over-Extension,0.675658,0.695103,0.1,,KEEP,LEXICAL_ALIGNMENT_WITH_IMMUTABLE_L3,70e5ee7d3f180821234f83358222ee5b897243cc8ebc63aa43a6dbbd1f6dbda9,d3756c4b1b0086e6f4308ed89ac0670430e8de0fc6286e12ddbfb7a76db08677
SRC-G-0192,General,RAI4-1499,G_SYS_EVAL,평가·검증 실패,Evaluation and Assurance Failure,0.741119,0.777962,0.4,,KEEP,LEXICAL_ALIGNMENT_WITH_IMMUTABLE_L3,a5e7f0609d96613e353e5f5b6045b425c7b9d87241b22902549505f15d4abf6a,e17bf6bc8ae08cdddcc781ab4a1aadb569e861d5a6da5bea93281312170cd87d
SRC-G-0193,General,RAI4-1502,G_SYS_EVAL,평가·검증 실패,Evaluation and Assurance Failure,0.771173,0.783912,0.0,,KEEP,SEMANTIC_ALIGNMENT_WITH_IMMUTABLE_L3,a5e7f0609d96613e353e5f5b6045b425c7b9d87241b22902549505f15d4abf6a,e17bf6bc8ae08cdddcc781ab4a1aadb569e861d5a6da5bea93281312170cd87d
SRC-G-0194,General,RAI4-1504,G_SYS_OEXT,역량 초과 수행,Over-Extension,0.742061,0.760464,0.1,,KEEP,LEXICAL_ALIGNMENT_WITH_IMMUTABLE_L3,70e5ee7d3f180821234f83358222ee5b897243cc8ebc63aa43a6dbbd1f6dbda9,d3756c4b1b0086e6f4308ed89ac0670430e8de0fc6286e12ddbfb7a76db08677
SRC-G-0195,General,RAI4-1537,G_SYS_EVAL,평가·검증 실패,Evaluation and Assurance Failure,0.729988,0.758433,0.3,,KEEP,LEXICAL_ALIGNMENT_WITH_IMMUTABLE_L3,a5e7f0609d96613e353e5f5b6045b425c7b9d87241b22902549505f15d4abf6a,e17bf6bc8ae08cdddcc781ab4a1aadb569e861d5a6da5bea93281312170cd87d
SRC-G-0196,General,RAI4-1544,G_SYS_OEXT,역량 초과 수행,Over-Extension,0.705485,0.713765,0.0,,KEEP,SEMANTIC_ALIGNMENT_WITH_IMMUTABLE_L3,70e5ee7d3f180821234f83358222ee5b897243cc8ebc63aa43a6dbbd1f6dbda9,d3756c4b1b0086e6f4308ed89ac0670430e8de0fc6286e12ddbfb7a76db08677
SRC-G-0197,General,RAI4-1548,G_SYS_EVAL,평가·검증 실패,Evaluation and Assurance Failure,0.701913,0.733077,0.3,,KEEP,LEXICAL_ALIGNMENT_WITH_IMMUTABLE_L3,a5e7f0609d96613e353e5f5b6045b425c7b9d87241b22902549505f15d4abf6a,e17bf6bc8ae08cdddcc781ab4a1aadb569e861d5a6da5bea93281312170cd87d
SRC-G-0198,General,RAI4-1551,G_SOC_ENV,환경·지속가능성 영향,Environmental and Sustainability Impact,0.689355,0.703491,0.0,,KEEP,SEMANTIC_ALIGNMENT_WITH_IMMUTABLE_L3,64c7605545921e1ccbf93e76fa58be4bdfa1f94180b90db3e023ed9ee51017f9,386bed3732ff81178d18653beaeff9bc1b674f63c9e2dda6f162c061ebfe66f4
SRC-G-0199,General,RAI4-1560,G_SYS_MISINFO,허위정보,Misinformation,0.653554,0.663888,0.0,,KEEP,SEMANTIC_ALIGNMENT_WITH_IMMUTABLE_L3,797957ed8863fcae89bdad19a6065f6ee992f2f5822d4dd90a680627c82a6db5,fe14d390678f5a1b9e98bc4b3644d80ff9df0259f22ca83a2a38e0fe37735aae
SRC-G-0200,General,RAI4-1705,G_SYS_TRANS,투명성 부족,Lack of Transparency,0.756675,0.783912,0.2,,KEEP,LEXICAL_ALIGNMENT_WITH_IMMUTABLE_L3,4ce734f636ed217313046367cddbad97f30d59e47c760677b91ffe3320931fae,d9b1ff35e772ea885c8b966dcfee41778faa57f2f17686d35e04d62e768230c0
SRC-G-0201,General,RAI4-0527,G_SOC_CULT,문화·지식 생태계 침식,Cultural and Epistemic Erosion,0.733208,0.748147,0.0,,KEEP,SEMANTIC_ALIGNMENT_WITH_IMMUTABLE_L3,2ff58344ac443f426e7a10c12574ca1b5a2888f4471ca84031a6ae0c66fe9c1c,7b36bfd0f3bf160532880b9435252c8d5548c8139537fbbab64546ed10fb8a66
SRC-G-0202,General,RAI4-0674,G_SOC_CULT,문화·지식 생태계 침식,Cultural and Epistemic Erosion,0.725361,0.759336,0.3,,KEEP,LEXICAL_ALIGNMENT_WITH_IMMUTABLE_L3,2ff58344ac443f426e7a10c12574ca1b5a2888f4471ca84031a6ae0c66fe9c1c,7b36bfd0f3bf160532880b9435252c8d5548c8139537fbbab64546ed10fb8a66
SRC-G-0203,General,RAI4-0678,G_INT_VIOL,폭력,Violence,0.743916,0.771704,0.2,,KEEP,LEXICAL_ALIGNMENT_WITH_IMMUTABLE_L3,01a5778bc0e4e95fd6c81ac83021669ebb6bea803e066e296763e73bd41776a6,2fcd57819bc921aa99a9e7718736d68f26ab368eb8a6796e32127df50dc21d7d
SRC-G-0204,General,RAI4-0705,G_INT_VIOL,폭력,Violence,0.799501,0.846944,0.5,,KEEP,LEXICAL_ALIGNMENT_WITH_IMMUTABLE_L3,01a5778bc0e4e95fd6c81ac83021669ebb6bea803e066e296763e73bd41776a6,2fcd57819bc921aa99a9e7718736d68f26ab368eb8a6796e32127df50dc21d7d
SRC-G-0205,General,RAI4-0854,G_SYS_OREF,과도한 거절,Over-Refusal,0.738961,0.746035,0.0,,KEEP,SEMANTIC_ALIGNMENT_WITH_IMMUTABLE_L3,990a769dee48bbcb5b716bc984e10003c5158b72ace7557a9b9270e18e456556,3c3cdd1695139a9bc919332783bfa35344617f039403416130ab88b301f70280
SRC-G-0206,General,RAI4-1049,G_SOC_ECON,경제·고용 충격,Economic and Employment Disruption,0.664239,0.668772,0.0,,KEEP,SEMANTIC_ALIGNMENT_WITH_IMMUTABLE_L3,ad18ce106c3ee8ad4bdf7af961031c2bfa1418fb6e02571a2c020873a54e8261,29346b74907e161bd150ed57a963c8f545b5fce8ed040ac8aeddb3e1f7f3c305
SRC-G-0207,General,RAI4-1447,G_INT_VIOL,폭력,Violence,0.797832,0.838308,0.4,,KEEP,LEXICAL_ALIGNMENT_WITH_IMMUTABLE_L3,01a5778bc0e4e95fd6c81ac83021669ebb6bea803e066e296763e73bd41776a6,2fcd57819bc921aa99a9e7718736d68f26ab368eb8a6796e32127df50dc21d7d
SRC-G-0208,General,RAI4-0641,G_INT_SEX,성적 위해·착취,Sexual Harm and Exploitation,0.78388,0.813292,0.2,,KEEP,LEXICAL_ALIGNMENT_WITH_IMMUTABLE_L3,6dd0f6ad8c1dda363f5b2cb5d75054fa28ee6d35e9a7cc3742c51ba8e683f965,9c34dc211518a51b16eebe3b803a3f5bb20f6f0b9138f147df7a0af4232e460e
SRC-G-0209,General,RAI4-0714,G_INT_SEX,성적 위해·착취,Sexual Harm and Exploitation,0.880161,1.238439,0.7,G_INT_SEX,KEEP,CURATED_ALIGNMENT_WITH_IMMUTABLE_L3,6dd0f6ad8c1dda363f5b2cb5d75054fa28ee6d35e9a7cc3742c51ba8e683f965,9c34dc211518a51b16eebe3b803a3f5bb20f6f0b9138f147df7a0af4232e460e
SRC-G-0210,General,RAI4-0718,G_INT_SEX,성적 위해·착취,Sexual Harm and Exploitation,0.767307,0.789897,0.1,,KEEP,LEXICAL_ALIGNMENT_WITH_IMMUTABLE_L3,6dd0f6ad8c1dda363f5b2cb5d75054fa28ee6d35e9a7cc3742c51ba8e683f965,9c34dc211518a51b16eebe3b803a3f5bb20f6f0b9138f147df7a0af4232e460e
SRC-G-0211,General,RAI4-1136,G_INT_SEX,성적 위해·착취,Sexual Harm and Exploitation,0.797904,0.830709,0.3,,KEEP,LEXICAL_ALIGNMENT_WITH_IMMUTABLE_L3,6dd0f6ad8c1dda363f5b2cb5d75054fa28ee6d35e9a7cc3742c51ba8e683f965,9c34dc211518a51b16eebe3b803a3f5bb20f6f0b9138f147df7a0af4232e460e
SRC-G-0212,General,RAI4-1542,G_SYS_MISINFO,허위정보,Misinformation,0.646034,0.646566,0.0,,KEEP,SEMANTIC_ALIGNMENT_WITH_IMMUTABLE_L3,797957ed8863fcae89bdad19a6065f6ee992f2f5822d4dd90a680627c82a6db5,fe14d390678f5a1b9e98bc4b3644d80ff9df0259f22ca83a2a38e0fe37735aae
SRC-G-0213,General,RAI4-0023,G_INT_SELF,자해,Self-harm,0.893597,0.943017,0.5,,KEEP,LEXICAL_ALIGNMENT_WITH_IMMUTABLE_L3,ca36c35d02b16041e4691bc053502861c80a82916ecc6b808524f660b3037eff,30c7a695d30ae124b573a61695295e2f49bf64294c4425e278b1ea6a54d08302
SRC-G-0214,General,RAI4-0157,G_INT_SELF,자해,Self-harm,0.789354,0.828432,0.4,,KEEP,LEXICAL_ALIGNMENT_WITH_IMMUTABLE_L3,ca36c35d02b16041e4691bc053502861c80a82916ecc6b808524f660b3037eff,30c7a695d30ae124b573a61695295e2f49bf64294c4425e278b1ea6a54d08302
SRC-G-0215,General,RAI4-0833,G_INT_SELF,자해,Self-harm,0.728511,0.748168,0.1,,KEEP,LEXICAL_ALIGNMENT_WITH_IMMUTABLE_L3,ca36c35d02b16041e4691bc053502861c80a82916ecc6b808524f660b3037eff,30c7a695d30ae124b573a61695295e2f49bf64294c4425e278b1ea6a54d08302
SRC-G-0216,General,RAI4-0411,G_SYS_OREF,과도한 거절,Over-Refusal,0.659758,0.664922,0.0,,KEEP,SEMANTIC_ALIGNMENT_WITH_IMMUTABLE_L3,990a769dee48bbcb5b716bc984e10003c5158b72ace7557a9b9270e18e456556,3c3cdd1695139a9bc919332783bfa35344617f039403416130ab88b301f70280
SRC-G-0217,General,RAI4-0426,G_INT_REPR,재현적 피해·고정관념,Representational Harm and Stereotyping,0.731309,0.758135,0.2,,KEEP,LEXICAL_ALIGNMENT_WITH_IMMUTABLE_L3,62cf71762f7fa11e16e93599dfad2d22776d122e0cd5bf0fb7c763978df9a062,ee6426f14247cfe24d654e615a5bb6383bcd3947a52e064a8182ee5d37882ae4
SRC-G-0218,General,RAI4-0706,G_INT_ALLOC,배분적 차별,Allocative Discrimination,0.766496,0.778562,0.0,,KEEP,SEMANTIC_ALIGNMENT_WITH_IMMUTABLE_L3,434487aa97473921e4c790ebe534abda1b33d2eaf4dab78a279182af9b55e669,aea725cea4b4bc84ad8fd56ed874ec0d14a8a0c698246239d405a10c7dbd681b
SRC-G-0219,General,RAI4-0368,G_INT_VALUE,가치 부과·규범 동질화,Value Imposition and Normative Homogenization,0.68466,0.700195,0.0,,KEEP,SEMANTIC_ALIGNMENT_WITH_IMMUTABLE_L3,520d015d8dc2a4ea6616b2df67c01ef1c602a694fc862f817fea85deb09095ae,200b506e652d253910ba22c53eca0b0aae0887da58b13fe4a834408b64eea128
SRC-G-0220,General,RAI4-0403,G_INT_UNETH,비윤리 행위·조작,Unethical Conduct and Manipulation,0.824809,1.156016,0.3,G_INT_UNETH,KEEP,CURATED_ALIGNMENT_WITH_IMMUTABLE_L3,8addd2f36fe9e6fb809fa93c0058bfe5986caba91950f52805b91b2cb4afd871,880adce35f526e2201acf0f3f1278c1da7510d5a733ba9b194ff029b946fccc2
SRC-G-0221,General,RAI4-0422,G_INT_VALUE,가치 부과·규범 동질화,Value Imposition and Normative Homogenization,0.644894,0.659941,0.0,,KEEP,SEMANTIC_ALIGNMENT_WITH_IMMUTABLE_L3,520d015d8dc2a4ea6616b2df67c01ef1c602a694fc862f817fea85deb09095ae,200b506e652d253910ba22c53eca0b0aae0887da58b13fe4a834408b64eea128
SRC-G-0222,General,RAI4-0529,G_SOC_POWER,불평등·권력 집중,Inequality and Power Concentration,0.735985,0.760673,0.2,,DELETE,"DELETE_L3_SCOPE_MISMATCH: NO_CURRENT_L3: bundled political unrest, financial instability, inequality, employment, trust, and dependency mechanisms cannot be represented by one current L3",09a89b770897a4db2a8c867b857e9558793599f830bfbe376ea21eacdb7fb72d,1e1afd285b7734023f862e2a98c1b429209b2407f2f7bff419ff3c307180f8c7
SRC-G-0223,General,RAI4-0939,G_INT_POL,정치적 편향·조작,Political Bias and Manipulation,0.737178,0.765826,0.3,,KEEP,LEXICAL_ALIGNMENT_WITH_IMMUTABLE_L3,681f03937e33814fccc50dd167e6bcf89a1ea818460383e8a737686d8d925c37,dfdae92b1b1018dd138d8a84c08ba0d1c21247cab3e2796a63b67e7638afd945
SRC-G-0224,General,RAI4-1158,G_SYS_OEXT,역량 초과 수행,Over-Extension,0.666848,0.676574,0.0,,KEEP,SEMANTIC_ALIGNMENT_WITH_IMMUTABLE_L3,70e5ee7d3f180821234f83358222ee5b897243cc8ebc63aa43a6dbbd1f6dbda9,d3756c4b1b0086e6f4308ed89ac0670430e8de0fc6286e12ddbfb7a76db08677
SRC-G-0225,General,RAI4-1159,G_INT_POL,정치적 편향·조작,Political Bias and Manipulation,0.740243,0.806576,0.8,,KEEP,LEXICAL_ALIGNMENT_WITH_IMMUTABLE_L3,681f03937e33814fccc50dd167e6bcf89a1ea818460383e8a737686d8d925c37,dfdae92b1b1018dd138d8a84c08ba0d1c21247cab3e2796a63b67e7638afd945
SRC-G-0226,General,RAI4-0433,G_INT_PRIV,개인정보 침해,Privacy Violation,0.797577,0.83422,0.3,,KEEP,LEXICAL_ALIGNMENT_WITH_IMMUTABLE_L3,e7e7b317cb248f43011df2a13fc1c2640f61f92c2e4e199f7476a950a32246f7,9857c027722d9d216550da8c1bd4fd6038a0b5a034444768976fdb25f0bd123b
SRC-G-0227,General,RAI4-0652,G_SYS_MISINFO,허위정보,Misinformation,0.705823,0.723064,0.1,,KEEP,LEXICAL_ALIGNMENT_WITH_IMMUTABLE_L3,797957ed8863fcae89bdad19a6065f6ee992f2f5822d4dd90a680627c82a6db5,fe14d390678f5a1b9e98bc4b3644d80ff9df0259f22ca83a2a38e0fe37735aae
SRC-G-0228,General,RAI4-0734,G_SYS_TRANS,투명성 부족,Lack of Transparency,0.686843,0.694564,0.0,,KEEP,SEMANTIC_ALIGNMENT_WITH_IMMUTABLE_L3,4ce734f636ed217313046367cddbad97f30d59e47c760677b91ffe3320931fae,d9b1ff35e772ea885c8b966dcfee41778faa57f2f17686d35e04d62e768230c0
SRC-G-0229,General,RAI4-0739,G_INT_PRIV,개인정보 침해,Privacy Violation,0.770361,0.801124,0.3,,KEEP,LEXICAL_ALIGNMENT_WITH_IMMUTABLE_L3,e7e7b317cb248f43011df2a13fc1c2640f61f92c2e4e199f7476a950a32246f7,9857c027722d9d216550da8c1bd4fd6038a0b5a034444768976fdb25f0bd123b
SRC-G-0230,General,RAI4-0741,G_INT_PRIV,개인정보 침해,Privacy Violation,0.69978,0.738286,0.4,,KEEP,LEXICAL_ALIGNMENT_WITH_IMMUTABLE_L3,e7e7b317cb248f43011df2a13fc1c2640f61f92c2e4e199f7476a950a32246f7,9857c027722d9d216550da8c1bd4fd6038a0b5a034444768976fdb25f0bd123b
SRC-G-0231,General,RAI4-0761,G_INT_PRIV,개인정보 침해,Privacy Violation,0.682099,1.021365,0.5,G_INT_PRIV,KEEP,CURATED_ALIGNMENT_WITH_IMMUTABLE_L3,e7e7b317cb248f43011df2a13fc1c2640f61f92c2e4e199f7476a950a32246f7,9857c027722d9d216550da8c1bd4fd6038a0b5a034444768976fdb25f0bd123b
SRC-G-0232,General,RAI4-0922,G_INT_PRIV,개인정보 침해,Privacy Violation,0.696498,0.734624,0.3,,KEEP,LEXICAL_ALIGNMENT_WITH_IMMUTABLE_L3,e7e7b317cb248f43011df2a13fc1c2640f61f92c2e4e199f7476a950a32246f7,9857c027722d9d216550da8c1bd4fd6038a0b5a034444768976fdb25f0bd123b
SRC-G-0233,General,RAI4-1062,G_INT_PRIV,개인정보 침해,Privacy Violation,0.72499,0.752573,0.2,,KEEP,LEXICAL_ALIGNMENT_WITH_IMMUTABLE_L3,e7e7b317cb248f43011df2a13fc1c2640f61f92c2e4e199f7476a950a32246f7,9857c027722d9d216550da8c1bd4fd6038a0b5a034444768976fdb25f0bd123b
SRC-G-0234,General,RAI4-1139,G_INT_PRIV,개인정보 침해,Privacy Violation,0.74422,0.79233,0.6,,KEEP,LEXICAL_ALIGNMENT_WITH_IMMUTABLE_L3,e7e7b317cb248f43011df2a13fc1c2640f61f92c2e4e199f7476a950a32246f7,9857c027722d9d216550da8c1bd4fd6038a0b5a034444768976fdb25f0bd123b
SRC-G-0235,General,RAI4-1169,G_INT_PRIV,개인정보 침해,Privacy Violation,0.71589,0.747434,0.3,,KEEP,LEXICAL_ALIGNMENT_WITH_IMMUTABLE_L3,e7e7b317cb248f43011df2a13fc1c2640f61f92c2e4e199f7476a950a32246f7,9857c027722d9d216550da8c1bd4fd6038a0b5a034444768976fdb25f0bd123b
SRC-G-0236,General,RAI4-1207,G_INT_PRIV,개인정보 침해,Privacy Violation,0.745991,0.779632,0.3,,KEEP,LEXICAL_ALIGNMENT_WITH_IMMUTABLE_L3,e7e7b317cb248f43011df2a13fc1c2640f61f92c2e4e199f7476a950a32246f7,9857c027722d9d216550da8c1bd4fd6038a0b5a034444768976fdb25f0bd123b
SRC-G-0237,General,RAI4-1273,G_INT_PRIV,개인정보 침해,Privacy Violation,0.686708,0.720843,0.3,,KEEP,LEXICAL_ALIGNMENT_WITH_IMMUTABLE_L3,e7e7b317cb248f43011df2a13fc1c2640f61f92c2e4e199f7476a950a32246f7,9857c027722d9d216550da8c1bd4fd6038a0b5a034444768976fdb25f0bd123b
SRC-G-0238,General,RAI4-1364,G_INT_PRIV,개인정보 침해,Privacy Violation,0.693452,0.741293,0.5,,KEEP,LEXICAL_ALIGNMENT_WITH_IMMUTABLE_L3,e7e7b317cb248f43011df2a13fc1c2640f61f92c2e4e199f7476a950a32246f7,9857c027722d9d216550da8c1bd4fd6038a0b5a034444768976fdb25f0bd123b
SRC-G-0239,General,RAI4-1444,G_INT_PRIV,개인정보 침해,Privacy Violation,0.773677,0.823672,0.6,,KEEP,LEXICAL_ALIGNMENT_WITH_IMMUTABLE_L3,e7e7b317cb248f43011df2a13fc1c2640f61f92c2e4e199f7476a950a32246f7,9857c027722d9d216550da8c1bd4fd6038a0b5a034444768976fdb25f0bd123b
SRC-G-0240,General,RAI4-1581,G_SYS_MISINFO,허위정보,Misinformation,0.695308,0.717125,0.1,,KEEP,LEXICAL_ALIGNMENT_WITH_IMMUTABLE_L3,797957ed8863fcae89bdad19a6065f6ee992f2f5822d4dd90a680627c82a6db5,fe14d390678f5a1b9e98bc4b3644d80ff9df0259f22ca83a2a38e0fe37735aae
SRC-G-0241,General,RAI4-1722,G_INT_PRIV,개인정보 침해,Privacy Violation,0.766414,0.806909,0.4,,KEEP,LEXICAL_ALIGNMENT_WITH_IMMUTABLE_L3,e7e7b317cb248f43011df2a13fc1c2640f61f92c2e4e199f7476a950a32246f7,9857c027722d9d216550da8c1bd4fd6038a0b5a034444768976fdb25f0bd123b
SRC-G-0242,General,RAI4-0653,G_INT_UNETH,비윤리 행위·조작,Unethical Conduct and Manipulation,0.674798,0.680329,0.0,,KEEP,SEMANTIC_ALIGNMENT_WITH_IMMUTABLE_L3,8addd2f36fe9e6fb809fa93c0058bfe5986caba91950f52805b91b2cb4afd871,880adce35f526e2201acf0f3f1278c1da7510d5a733ba9b194ff029b946fccc2
SRC-G-0243,General,RAI4-1059,G_INT_ILLEGAL,불법 행위,Illegal Conduct,0.66833,0.721506,0.6,,KEEP,LEXICAL_ALIGNMENT_WITH_IMMUTABLE_L3,38b825cf2c41a12e6630dcac9f49d4104443c552a548ea9025893272841bd551,4a26bdd80b86074be91b6e168fc85d3322374f4074e9822d02865e498b3425ed
SRC-G-0244,General,RAI4-1060,G_INT_PRIV,개인정보 침해,Privacy Violation,0.671331,0.719402,0.6,,KEEP,LEXICAL_ALIGNMENT_WITH_IMMUTABLE_L3,e7e7b317cb248f43011df2a13fc1c2640f61f92c2e4e199f7476a950a32246f7,9857c027722d9d216550da8c1bd4fd6038a0b5a034444768976fdb25f0bd123b
SRC-G-0245,General,RAI4-1076,G_INT_UNETH,비윤리 행위·조작,Unethical Conduct and Manipulation,0.762922,0.80844,0.5,,KEEP,LEXICAL_ALIGNMENT_WITH_IMMUTABLE_L3,8addd2f36fe9e6fb809fa93c0058bfe5986caba91950f52805b91b2cb4afd871,880adce35f526e2201acf0f3f1278c1da7510d5a733ba9b194ff029b946fccc2
SRC-G-0246,General,RAI4-1192,G_SYS_MISINFO,허위정보,Misinformation,0.693493,0.699451,0.0,,KEEP,SEMANTIC_ALIGNMENT_WITH_IMMUTABLE_L3,797957ed8863fcae89bdad19a6065f6ee992f2f5822d4dd90a680627c82a6db5,fe14d390678f5a1b9e98bc4b3644d80ff9df0259f22ca83a2a38e0fe37735aae
SRC-G-0247,General,RAI4-1320,G_SYS_MISINFO,허위정보,Misinformation,0.736057,0.751308,0.0,,KEEP,SEMANTIC_ALIGNMENT_WITH_IMMUTABLE_L3,797957ed8863fcae89bdad19a6065f6ee992f2f5822d4dd90a680627c82a6db5,fe14d390678f5a1b9e98bc4b3644d80ff9df0259f22ca83a2a38e0fe37735aae
SRC-G-0248,General,RAI4-1435,G_INT_UNETH,비윤리 행위·조작,Unethical Conduct and Manipulation,0.734486,0.77922,0.5,,KEEP,LEXICAL_ALIGNMENT_WITH_IMMUTABLE_L3,8addd2f36fe9e6fb809fa93c0058bfe5986caba91950f52805b91b2cb4afd871,880adce35f526e2201acf0f3f1278c1da7510d5a733ba9b194ff029b946fccc2
SRC-G-0249,General,RAI4-1652,G_SYS_SECADV,보안·적대적 견고성 실패,Security and Adversarial Robustness Failure,0.690297,0.735321,0.5,,KEEP,LEXICAL_ALIGNMENT_WITH_IMMUTABLE_L3,c52e7aa6094aca9e34a95f4c7fddc0ebb5a74383c7fe22b35a7293fa22afb045,e810d4b594e46a05c3ca192140a74700a2c185fa84d50a78d52c966a91f10619
SRC-G-0250,General,RAI4-0628,G_INT_COPY,저작권 침해,Copyright Infringement,0.856404,0.924227,0.8,,KEEP,LEXICAL_ALIGNMENT_WITH_IMMUTABLE_L3,f7d008946cf2c5bfc67657a56f731e9a5986833e2275839dff9e7d0da8ccc957,0bdd3478a510aab4c5ea5a5d2338f63715e1bf3456f084be5128b05cbae3fa7c
SRC-G-0251,General,RAI4-0663,G_INT_COPY,저작권 침해,Copyright Infringement,0.726048,0.757623,0.3,,KEEP,LEXICAL_ALIGNMENT_WITH_IMMUTABLE_L3,f7d008946cf2c5bfc67657a56f731e9a5986833e2275839dff9e7d0da8ccc957,0bdd3478a510aab4c5ea5a5d2338f63715e1bf3456f084be5128b05cbae3fa7c
SRC-G-0252,General,RAI4-0667,G_SYS_MISINFO,허위정보,Misinformation,0.659551,0.66415,0.0,,KEEP,SEMANTIC_ALIGNMENT_WITH_IMMUTABLE_L3,797957ed8863fcae89bdad19a6065f6ee992f2f5822d4dd90a680627c82a6db5,fe14d390678f5a1b9e98bc4b3644d80ff9df0259f22ca83a2a38e0fe37735aae
SRC-G-0253,General,RAI4-0740,G_INT_COPY,저작권 침해,Copyright Infringement,0.733962,0.794421,0.7,,KEEP,LEXICAL_ALIGNMENT_WITH_IMMUTABLE_L3,f7d008946cf2c5bfc67657a56f731e9a5986833e2275839dff9e7d0da8ccc957,0bdd3478a510aab4c5ea5a5d2338f63715e1bf3456f084be5128b05cbae3fa7c
SRC-G-0254,General,RAI4-1066,G_SOC_ECON,경제·고용 충격,Economic and Employment Disruption,0.703428,0.710959,0.0,,KEEP,SEMANTIC_ALIGNMENT_WITH_IMMUTABLE_L3,ad18ce106c3ee8ad4bdf7af961031c2bfa1418fb6e02571a2c020873a54e8261,29346b74907e161bd150ed57a963c8f545b5fce8ed040ac8aeddb3e1f7f3c305
SRC-G-0255,General,RAI4-1091,G_SYS_OREF,과도한 거절,Over-Refusal,0.68793,0.692225,0.0,,KEEP,SEMANTIC_ALIGNMENT_WITH_IMMUTABLE_L3,990a769dee48bbcb5b716bc984e10003c5158b72ace7557a9b9270e18e456556,3c3cdd1695139a9bc919332783bfa35344617f039403416130ab88b301f70280
SRC-G-0256,General,RAI4-0446,G_INT_WEAP,무기화,Weaponization,0.673234,0.69102,0.0,,KEEP,SEMANTIC_ALIGNMENT_WITH_IMMUTABLE_L3,2e2e738edb96702290f98bbf42f118c4ffa8b5f589faf389a7eab5e33f266ce5,a24ba32f634e3e35fd1367b82be68a2544ae7bde77816d795ce617141ad79a29
SRC-G-0257,General,RAI4-0646,G_INT_WEAP,무기화,Weaponization,0.817731,0.852815,0.4,,KEEP,LEXICAL_ALIGNMENT_WITH_IMMUTABLE_L3,2e2e738edb96702290f98bbf42f118c4ffa8b5f589faf389a7eab5e33f266ce5,a24ba32f634e3e35fd1367b82be68a2544ae7bde77816d795ce617141ad79a29
SRC-G-0258,General,RAI4-0662,G_INT_WEAP,무기화,Weaponization,0.749294,0.802104,0.6,,KEEP,LEXICAL_ALIGNMENT_WITH_IMMUTABLE_L3,2e2e738edb96702290f98bbf42f118c4ffa8b5f589faf389a7eab5e33f266ce5,a24ba32f634e3e35fd1367b82be68a2544ae7bde77816d795ce617141ad79a29
SRC-G-0259,General,RAI4-0664,G_INT_WEAP,무기화,Weaponization,0.693695,0.746368,0.6,,KEEP,LEXICAL_ALIGNMENT_WITH_IMMUTABLE_L3,2e2e738edb96702290f98bbf42f118c4ffa8b5f589faf389a7eab5e33f266ce5,a24ba32f634e3e35fd1367b82be68a2544ae7bde77816d795ce617141ad79a29
SRC-G-0260,General,RAI4-0961,G_INT_WEAP,무기화,Weaponization,0.684483,0.722064,0.4,,KEEP,LEXICAL_ALIGNMENT_WITH_IMMUTABLE_L3,2e2e738edb96702290f98bbf42f118c4ffa8b5f589faf389a7eab5e33f266ce5,a24ba32f634e3e35fd1367b82be68a2544ae7bde77816d795ce617141ad79a29
SRC-G-0261,General,RAI4-1118,G_INT_WEAP,무기화,Weaponization,0.69643,0.723252,0.2,,KEEP,LEXICAL_ALIGNMENT_WITH_IMMUTABLE_L3,2e2e738edb96702290f98bbf42f118c4ffa8b5f589faf389a7eab5e33f266ce5,a24ba32f634e3e35fd1367b82be68a2544ae7bde77816d795ce617141ad79a29
SRC-G-0262,General,RAI4-1160,G_INT_WEAP,무기화,Weaponization,0.759128,0.789549,0.2,,KEEP,LEXICAL_ALIGNMENT_WITH_IMMUTABLE_L3,2e2e738edb96702290f98bbf42f118c4ffa8b5f589faf389a7eab5e33f266ce5,a24ba32f634e3e35fd1367b82be68a2544ae7bde77816d795ce617141ad79a29
SRC-G-0263,General,RAI4-1295,G_SOC_ENV,환경·지속가능성 영향,Environmental and Sustainability Impact,0.719306,0.736726,0.1,,KEEP,LEXICAL_ALIGNMENT_WITH_IMMUTABLE_L3,64c7605545921e1ccbf93e76fa58be4bdfa1f94180b90db3e023ed9ee51017f9,386bed3732ff81178d18653beaeff9bc1b674f63c9e2dda6f162c061ebfe66f4
SRC-G-0264,General,RAI4-1392,G_INT_WEAP,무기화,Weaponization,0.698921,0.725757,0.2,,KEEP,LEXICAL_ALIGNMENT_WITH_IMMUTABLE_L3,2e2e738edb96702290f98bbf42f118c4ffa8b5f589faf389a7eab5e33f266ce5,a24ba32f634e3e35fd1367b82be68a2544ae7bde77816d795ce617141ad79a29
SRC-G-0265,General,RAI4-1563,G_INT_WEAP,무기화,Weaponization,0.7393,0.803634,0.8,,KEEP,LEXICAL_ALIGNMENT_WITH_IMMUTABLE_L3,2e2e738edb96702290f98bbf42f118c4ffa8b5f589faf389a7eab5e33f266ce5,a24ba32f634e3e35fd1367b82be68a2544ae7bde77816d795ce617141ad79a29
SRC-G-0266,General,RAI4-1050,G_INT_UNETH,비윤리 행위·조작,Unethical Conduct and Manipulation,0.750548,0.794822,0.5,,KEEP,LEXICAL_ALIGNMENT_WITH_IMMUTABLE_L3,8addd2f36fe9e6fb809fa93c0058bfe5986caba91950f52805b91b2cb4afd871,880adce35f526e2201acf0f3f1278c1da7510d5a733ba9b194ff029b946fccc2
SRC-G-0267,General,RAI4-1434,G_INT_UNETH,비윤리 행위·조작,Unethical Conduct and Manipulation,0.72414,0.732962,0.0,,KEEP,SEMANTIC_ALIGNMENT_WITH_IMMUTABLE_L3,8addd2f36fe9e6fb809fa93c0058bfe5986caba91950f52805b91b2cb4afd871,880adce35f526e2201acf0f3f1278c1da7510d5a733ba9b194ff029b946fccc2
SRC-G-0268,General,RAI4-1636,G_INT_UNETH,비윤리 행위·조작,Unethical Conduct and Manipulation,0.643513,0.944071,0.0,G_INT_UNETH,KEEP,CURATED_ALIGNMENT_WITH_IMMUTABLE_L3,8addd2f36fe9e6fb809fa93c0058bfe5986caba91950f52805b91b2cb4afd871,880adce35f526e2201acf0f3f1278c1da7510d5a733ba9b194ff029b946fccc2
SRC-G-0269,General,RAI4-0140,G_SYS_CONTEXT,맥락 인식 실패,Context-Awareness Failure,0.654211,0.689044,0.4,,KEEP,LEXICAL_ALIGNMENT_WITH_IMMUTABLE_L3,6df1ca9eed5389877a25c4d8e5f5440825497e54dcb63a91ff2c47c0e58e81f2,234f4d581b27a58b9417cdd46578cd8280b2807f070e8a3410a3c8819a297c82
SRC-G-0270,General,RAI4-0435,G_SYS_SECADV,보안·적대적 견고성 실패,Security and Adversarial Robustness Failure,0.687168,0.722775,0.4,,KEEP,LEXICAL_ALIGNMENT_WITH_IMMUTABLE_L3,c52e7aa6094aca9e34a95f4c7fddc0ebb5a74383c7fe22b35a7293fa22afb045,e810d4b594e46a05c3ca192140a74700a2c185fa84d50a78d52c966a91f10619
SRC-G-0271,General,RAI4-0436,G_SYS_SECADV,보안·적대적 견고성 실패,Security and Adversarial Robustness Failure,0.713669,0.72189,0.0,,KEEP,SEMANTIC_ALIGNMENT_WITH_IMMUTABLE_L3,c52e7aa6094aca9e34a95f4c7fddc0ebb5a74383c7fe22b35a7293fa22afb045,e810d4b594e46a05c3ca192140a74700a2c185fa84d50a78d52c966a91f10619
SRC-G-0272,General,RAI4-0593,G_INT_PRIV,개인정보 침해,Privacy Violation,0.72534,0.769586,0.5,,KEEP,LEXICAL_ALIGNMENT_WITH_IMMUTABLE_L3,e7e7b317cb248f43011df2a13fc1c2640f61f92c2e4e199f7476a950a32246f7,9857c027722d9d216550da8c1bd4fd6038a0b5a034444768976fdb25f0bd123b
SRC-G-0273,General,RAI4-0619,G_INT_UNETH,비윤리 행위·조작,Unethical Conduct and Manipulation,0.759996,0.793918,0.3,,KEEP,LEXICAL_ALIGNMENT_WITH_IMMUTABLE_L3,8addd2f36fe9e6fb809fa93c0058bfe5986caba91950f52805b91b2cb4afd871,880adce35f526e2201acf0f3f1278c1da7510d5a733ba9b194ff029b946fccc2
SRC-G-0274,General,RAI4-0721,G_SYS_SECADV,보안·적대적 견고성 실패,Security and Adversarial Robustness Failure,0.697484,0.710321,0.0,,KEEP,SEMANTIC_ALIGNMENT_WITH_IMMUTABLE_L3,c52e7aa6094aca9e34a95f4c7fddc0ebb5a74383c7fe22b35a7293fa22afb045,e810d4b594e46a05c3ca192140a74700a2c185fa84d50a78d52c966a91f10619
SRC-G-0275,General,RAI4-0733,G_SYS_POLICY,시스템 정책 노출,System Policy Exposure,0.748798,0.775805,0.2,,KEEP,LEXICAL_ALIGNMENT_WITH_IMMUTABLE_L3,fe2302abda46330de3ee3e06aaadcdbed4e580a6c6aa620eb1565c327e77365f,5ae9a068a27b7280b43e6f73196f193318a89daac2c230975bb436e029856235
SRC-G-0276,General,RAI4-0753,G_SYS_POLICY,시스템 정책 노출,System Policy Exposure,0.657139,0.67182,0.0,,KEEP,SEMANTIC_ALIGNMENT_WITH_IMMUTABLE_L3,fe2302abda46330de3ee3e06aaadcdbed4e580a6c6aa620eb1565c327e77365f,5ae9a068a27b7280b43e6f73196f193318a89daac2c230975bb436e029856235
SRC-G-0277,General,RAI4-0760,G_INT_PRIV,개인정보 침해,Privacy Violation,0.692293,1.036453,0.5,G_INT_PRIV,KEEP,CURATED_ALIGNMENT_WITH_IMMUTABLE_L3,e7e7b317cb248f43011df2a13fc1c2640f61f92c2e4e199f7476a950a32246f7,9857c027722d9d216550da8c1bd4fd6038a0b5a034444768976fdb25f0bd123b
SRC-G-0278,General,RAI4-0788,G_SYS_SECADV,보안·적대적 견고성 실패,Security and Adversarial Robustness Failure,0.604879,0.615671,0.2,,KEEP,LEXICAL_ALIGNMENT_WITH_IMMUTABLE_L3,c52e7aa6094aca9e34a95f4c7fddc0ebb5a74383c7fe22b35a7293fa22afb045,e810d4b594e46a05c3ca192140a74700a2c185fa84d50a78d52c966a91f10619
SRC-G-0279,General,RAI4-1173,G_SYS_OEXT,역량 초과 수행,Over-Extension,0.660613,0.666186,0.0,,KEEP,SEMANTIC_ALIGNMENT_WITH_IMMUTABLE_L3,70e5ee7d3f180821234f83358222ee5b897243cc8ebc63aa43a6dbbd1f6dbda9,d3756c4b1b0086e6f4308ed89ac0670430e8de0fc6286e12ddbfb7a76db08677
SRC-G-0280,General,RAI4-1494,G_SYS_SECADV,보안·적대적 견고성 실패,Security and Adversarial Robustness Failure,0.745744,1.059978,0.0,G_SYS_SECADV,KEEP,CURATED_ALIGNMENT_WITH_IMMUTABLE_L3,c52e7aa6094aca9e34a95f4c7fddc0ebb5a74383c7fe22b35a7293fa22afb045,e810d4b594e46a05c3ca192140a74700a2c185fa84d50a78d52c966a91f10619
SRC-G-0281,General,RAI4-1508,G_SYS_EVAL,평가·검증 실패,Evaluation and Assurance Failure,0.607313,0.907509,0.0,G_SYS_EVAL,KEEP,CURATED_ALIGNMENT_WITH_IMMUTABLE_L3,a5e7f0609d96613e353e5f5b6045b425c7b9d87241b22902549505f15d4abf6a,e17bf6bc8ae08cdddcc781ab4a1aadb569e861d5a6da5bea93281312170cd87d
SRC-G-0282,General,RAI4-1564,G_INT_WEAP,무기화,Weaponization,0.600158,0.905529,0.0,G_INT_WEAP,KEEP,CURATED_ALIGNMENT_WITH_IMMUTABLE_L3,2e2e738edb96702290f98bbf42f118c4ffa8b5f589faf389a7eab5e33f266ce5,a24ba32f634e3e35fd1367b82be68a2544ae7bde77816d795ce617141ad79a29
SRC-G-0283,General,RAI4-1687,G_SYS_SECADV,보안·적대적 견고성 실패,Security and Adversarial Robustness Failure,0.667953,0.714518,0.6,,KEEP,LEXICAL_ALIGNMENT_WITH_IMMUTABLE_L3,c52e7aa6094aca9e34a95f4c7fddc0ebb5a74383c7fe22b35a7293fa22afb045,e810d4b594e46a05c3ca192140a74700a2c185fa84d50a78d52c966a91f10619
SRC-G-0284,General,RAI4-0356,G_SOC_ENV,환경·지속가능성 영향,Environmental and Sustainability Impact,0.725718,0.739186,0.0,,KEEP,SEMANTIC_ALIGNMENT_WITH_IMMUTABLE_L3,64c7605545921e1ccbf93e76fa58be4bdfa1f94180b90db3e023ed9ee51017f9,386bed3732ff81178d18653beaeff9bc1b674f63c9e2dda6f162c061ebfe66f4
SRC-G-0285,General,RAI4-0360,G_SOC_ECON,경제·고용 충격,Economic and Employment Disruption,0.73488,0.749418,0.0,,KEEP,SEMANTIC_ALIGNMENT_WITH_IMMUTABLE_L3,ad18ce106c3ee8ad4bdf7af961031c2bfa1418fb6e02571a2c020873a54e8261,29346b74907e161bd150ed57a963c8f545b5fce8ed040ac8aeddb3e1f7f3c305
SRC-G-0286,General,RAI4-0502,G_SOC_ENV,환경·지속가능성 영향,Environmental and Sustainability Impact,0.799922,0.8187,0.3,,KEEP,LEXICAL_ALIGNMENT_WITH_IMMUTABLE_L3,64c7605545921e1ccbf93e76fa58be4bdfa1f94180b90db3e023ed9ee51017f9,386bed3732ff81178d18653beaeff9bc1b674f63c9e2dda6f162c061ebfe66f4
SRC-G-0287,General,RAI4-0504,G_SOC_ENV,환경·지속가능성 영향,Environmental and Sustainability Impact,0.67297,0.68512,0.0,,KEEP,SEMANTIC_ALIGNMENT_WITH_IMMUTABLE_L3,64c7605545921e1ccbf93e76fa58be4bdfa1f94180b90db3e023ed9ee51017f9,386bed3732ff81178d18653beaeff9bc1b674f63c9e2dda6f162c061ebfe66f4
SRC-G-0288,General,RAI4-0798,G_SOC_ENV,환경·지속가능성 영향,Environmental and Sustainability Impact,0.754446,0.770631,0.0,,KEEP,SEMANTIC_ALIGNMENT_WITH_IMMUTABLE_L3,64c7605545921e1ccbf93e76fa58be4bdfa1f94180b90db3e023ed9ee51017f9,386bed3732ff81178d18653beaeff9bc1b674f63c9e2dda6f162c061ebfe66f4
SRC-G-0289,General,RAI4-0799,G_SYS_MISINFO,허위정보,Misinformation,0.74645,0.787906,0.4,,KEEP,LEXICAL_ALIGNMENT_WITH_IMMUTABLE_L3,797957ed8863fcae89bdad19a6065f6ee992f2f5822d4dd90a680627c82a6db5,fe14d390678f5a1b9e98bc4b3644d80ff9df0259f22ca83a2a38e0fe37735aae
SRC-G-0290,General,RAI4-0926,G_SOC_ENV,환경·지속가능성 영향,Environmental and Sustainability Impact,0.666033,0.700326,0.4,,KEEP,LEXICAL_ALIGNMENT_WITH_IMMUTABLE_L3,64c7605545921e1ccbf93e76fa58be4bdfa1f94180b90db3e023ed9ee51017f9,386bed3732ff81178d18653beaeff9bc1b674f63c9e2dda6f162c061ebfe66f4
SRC-G-0291,General,RAI4-0950,G_SOC_ENV,환경·지속가능성 영향,Environmental and Sustainability Impact,0.765833,0.798387,0.2,,KEEP,LEXICAL_ALIGNMENT_WITH_IMMUTABLE_L3,64c7605545921e1ccbf93e76fa58be4bdfa1f94180b90db3e023ed9ee51017f9,386bed3732ff81178d18653beaeff9bc1b674f63c9e2dda6f162c061ebfe66f4
SRC-G-0292,General,RAI4-0996,G_SOC_ENV,환경·지속가능성 영향,Environmental and Sustainability Impact,0.668577,0.68965,0.1,,KEEP,LEXICAL_ALIGNMENT_WITH_IMMUTABLE_L3,64c7605545921e1ccbf93e76fa58be4bdfa1f94180b90db3e023ed9ee51017f9,386bed3732ff81178d18653beaeff9bc1b674f63c9e2dda6f162c061ebfe66f4
SRC-G-0293,General,RAI4-1015,G_SOC_ENV,환경·지속가능성 영향,Environmental and Sustainability Impact,0.798197,0.847774,0.5,,KEEP,LEXICAL_ALIGNMENT_WITH_IMMUTABLE_L3,64c7605545921e1ccbf93e76fa58be4bdfa1f94180b90db3e023ed9ee51017f9,386bed3732ff81178d18653beaeff9bc1b674f63c9e2dda6f162c061ebfe66f4
SRC-G-0294,General,RAI4-1064,G_SOC_ENV,환경·지속가능성 영향,Environmental and Sustainability Impact,0.777984,0.828057,0.5,,KEEP,LEXICAL_ALIGNMENT_WITH_IMMUTABLE_L3,64c7605545921e1ccbf93e76fa58be4bdfa1f94180b90db3e023ed9ee51017f9,386bed3732ff81178d18653beaeff9bc1b674f63c9e2dda6f162c061ebfe66f4
SRC-G-0295,General,RAI4-1093,G_SOC_ENV,환경·지속가능성 영향,Environmental and Sustainability Impact,0.767505,0.812349,0.4,,KEEP,LEXICAL_ALIGNMENT_WITH_IMMUTABLE_L3,64c7605545921e1ccbf93e76fa58be4bdfa1f94180b90db3e023ed9ee51017f9,386bed3732ff81178d18653beaeff9bc1b674f63c9e2dda6f162c061ebfe66f4
SRC-G-0296,General,RAI4-1269,G_SOC_ENV,환경·지속가능성 영향,Environmental and Sustainability Impact,0.705077,0.746462,0.4,,KEEP,LEXICAL_ALIGNMENT_WITH_IMMUTABLE_L3,64c7605545921e1ccbf93e76fa58be4bdfa1f94180b90db3e023ed9ee51017f9,386bed3732ff81178d18653beaeff9bc1b674f63c9e2dda6f162c061ebfe66f4
SRC-G-0297,General,RAI4-1374,G_SOC_ENV,환경·지속가능성 영향,Environmental and Sustainability Impact,0.73601,1.068644,0.3,G_SOC_ENV,KEEP,CURATED_ALIGNMENT_WITH_IMMUTABLE_L3,64c7605545921e1ccbf93e76fa58be4bdfa1f94180b90db3e023ed9ee51017f9,386bed3732ff81178d18653beaeff9bc1b674f63c9e2dda6f162c061ebfe66f4
SRC-G-0298,General,RAI4-1452,G_SOC_ENV,환경·지속가능성 영향,Environmental and Sustainability Impact,0.724971,0.763604,0.4,,KEEP,LEXICAL_ALIGNMENT_WITH_IMMUTABLE_L3,64c7605545921e1ccbf93e76fa58be4bdfa1f94180b90db3e023ed9ee51017f9,386bed3732ff81178d18653beaeff9bc1b674f63c9e2dda6f162c061ebfe66f4
SRC-G-0299,General,RAI4-1453,G_SOC_ENV,환경·지속가능성 영향,Environmental and Sustainability Impact,0.683244,0.713406,0.2,,KEEP,LEXICAL_ALIGNMENT_WITH_IMMUTABLE_L3,64c7605545921e1ccbf93e76fa58be4bdfa1f94180b90db3e023ed9ee51017f9,386bed3732ff81178d18653beaeff9bc1b674f63c9e2dda6f162c061ebfe66f4
SRC-G-0300,General,RAI4-1455,G_SOC_ENV,환경·지속가능성 영향,Environmental and Sustainability Impact,0.71873,0.78528,0.8,,KEEP,LEXICAL_ALIGNMENT_WITH_IMMUTABLE_L3,64c7605545921e1ccbf93e76fa58be4bdfa1f94180b90db3e023ed9ee51017f9,386bed3732ff81178d18653beaeff9bc1b674f63c9e2dda6f162c061ebfe66f4
SRC-G-0301,General,RAI4-1698,G_SOC_ENV,환경·지속가능성 영향,Environmental and Sustainability Impact,0.654048,0.684255,0.3,,KEEP,LEXICAL_ALIGNMENT_WITH_IMMUTABLE_L3,64c7605545921e1ccbf93e76fa58be4bdfa1f94180b90db3e023ed9ee51017f9,386bed3732ff81178d18653beaeff9bc1b674f63c9e2dda6f162c061ebfe66f4
SRC-G-0302,General,RAI4-0346,G_SYS_SECADV,보안·적대적 견고성 실패,Security and Adversarial Robustness Failure,0.668242,0.67312,0.0,,KEEP,SEMANTIC_ALIGNMENT_WITH_IMMUTABLE_L3,c52e7aa6094aca9e34a95f4c7fddc0ebb5a74383c7fe22b35a7293fa22afb045,e810d4b594e46a05c3ca192140a74700a2c185fa84d50a78d52c966a91f10619
SRC-G-0303,General,RAI4-0432,G_SYS_INCONS,비일관성,Inconsistency,0.660512,0.663466,0.0,,KEEP,SEMANTIC_ALIGNMENT_WITH_IMMUTABLE_L3,c53566bf8f7012d801309ac671b6497f85db3e85a46242d36255d6021036fd05,69c98744120b7b6b9f8503faeb5900ef9d1f0ca0f002ac16766e2c7d0f1fb3a5
SRC-G-0304,General,RAI4-1056,G_INT_PRIV,개인정보 침해,Privacy Violation,0.752874,0.798957,0.5,,KEEP,LEXICAL_ALIGNMENT_WITH_IMMUTABLE_L3,e7e7b317cb248f43011df2a13fc1c2640f61f92c2e4e199f7476a950a32246f7,9857c027722d9d216550da8c1bd4fd6038a0b5a034444768976fdb25f0bd123b
SRC-G-0305,General,RAI4-1655,G_INT_PRIV,개인정보 침해,Privacy Violation,0.63125,0.663742,0.3,,KEEP,LEXICAL_ALIGNMENT_WITH_IMMUTABLE_L3,e7e7b317cb248f43011df2a13fc1c2640f61f92c2e4e199f7476a950a32246f7,9857c027722d9d216550da8c1bd4fd6038a0b5a034444768976fdb25f0bd123b
SRC-G-0306,General,RAI4-0514,G_SOC_ECON,경제·고용 충격,Economic and Employment Disruption,0.784933,0.821684,0.3,,KEEP,LEXICAL_ALIGNMENT_WITH_IMMUTABLE_L3,ad18ce106c3ee8ad4bdf7af961031c2bfa1418fb6e02571a2c020873a54e8261,29346b74907e161bd150ed57a963c8f545b5fce8ed040ac8aeddb3e1f7f3c305
SRC-G-0307,General,RAI4-1065,G_SOC_ECON,경제·고용 충격,Economic and Employment Disruption,0.761634,0.795953,0.3,,KEEP,LEXICAL_ALIGNMENT_WITH_IMMUTABLE_L3,ad18ce106c3ee8ad4bdf7af961031c2bfa1418fb6e02571a2c020873a54e8261,29346b74907e161bd150ed57a963c8f545b5fce8ed040ac8aeddb3e1f7f3c305
SRC-G-0308,General,RAI4-1232,G_SOC_ECON,경제·고용 충격,Economic and Employment Disruption,0.782563,0.810529,0.3,,KEEP,LEXICAL_ALIGNMENT_WITH_IMMUTABLE_L3,ad18ce106c3ee8ad4bdf7af961031c2bfa1418fb6e02571a2c020873a54e8261,29346b74907e161bd150ed57a963c8f545b5fce8ed040ac8aeddb3e1f7f3c305
SRC-G-0309,General,RAI4-1445,G_SOC_ECON,경제·고용 충격,Economic and Employment Disruption,0.79834,0.833941,0.3,,KEEP,LEXICAL_ALIGNMENT_WITH_IMMUTABLE_L3,ad18ce106c3ee8ad4bdf7af961031c2bfa1418fb6e02571a2c020873a54e8261,29346b74907e161bd150ed57a963c8f545b5fce8ed040ac8aeddb3e1f7f3c305
SRC-G-0310,General,RAI4-1662,G_SOC_ECON,경제·고용 충격,Economic and Employment Disruption,0.709261,0.739201,0.2,,KEEP,LEXICAL_ALIGNMENT_WITH_IMMUTABLE_L3,ad18ce106c3ee8ad4bdf7af961031c2bfa1418fb6e02571a2c020873a54e8261,29346b74907e161bd150ed57a963c8f545b5fce8ed040ac8aeddb3e1f7f3c305
SRC-G-0311,General,RAI4-0384,G_INT_ALLOC,배분적 차별,Allocative Discrimination,0.693924,0.706618,0.0,,KEEP,SEMANTIC_ALIGNMENT_WITH_IMMUTABLE_L3,434487aa97473921e4c790ebe534abda1b33d2eaf4dab78a279182af9b55e669,aea725cea4b4bc84ad8fd56ed874ec0d14a8a0c698246239d405a10c7dbd681b
SRC-G-0312,General,RAI4-0458,G_SOC_ECON,경제·고용 충격,Economic and Employment Disruption,0.729791,0.787018,0.7,,KEEP,LEXICAL_ALIGNMENT_WITH_IMMUTABLE_L3,ad18ce106c3ee8ad4bdf7af961031c2bfa1418fb6e02571a2c020873a54e8261,29346b74907e161bd150ed57a963c8f545b5fce8ed040ac8aeddb3e1f7f3c305
SRC-G-0313,General,RAI4-0461,G_SOC_POWER,불평등·권력 집중,Inequality and Power Concentration,0.780464,0.819259,0.4,,KEEP,LEXICAL_ALIGNMENT_WITH_IMMUTABLE_L3,09a89b770897a4db2a8c867b857e9558793599f830bfbe376ea21eacdb7fb72d,1e1afd285b7734023f862e2a98c1b429209b2407f2f7bff419ff3c307180f8c7
SRC-G-0314,General,RAI4-0505,G_SOC_POWER,불평등·권력 집중,Inequality and Power Concentration,0.731509,0.746249,0.1,,KEEP,LEXICAL_ALIGNMENT_WITH_IMMUTABLE_L3,09a89b770897a4db2a8c867b857e9558793599f830bfbe376ea21eacdb7fb72d,1e1afd285b7734023f862e2a98c1b429209b2407f2f7bff419ff3c307180f8c7
SRC-G-0315,General,RAI4-0509,G_SOC_POWER,불평등·권력 집중,Inequality and Power Concentration,0.826881,0.870549,0.4,,KEEP,LEXICAL_ALIGNMENT_WITH_IMMUTABLE_L3,09a89b770897a4db2a8c867b857e9558793599f830bfbe376ea21eacdb7fb72d,1e1afd285b7734023f862e2a98c1b429209b2407f2f7bff419ff3c307180f8c7
SRC-G-0316,General,RAI4-1011,G_SOC_POWER,불평등·권력 집중,Inequality and Power Concentration,0.780689,0.827945,0.5,,KEEP,LEXICAL_ALIGNMENT_WITH_IMMUTABLE_L3,09a89b770897a4db2a8c867b857e9558793599f830bfbe376ea21eacdb7fb72d,1e1afd285b7734023f862e2a98c1b429209b2407f2f7bff419ff3c307180f8c7
SRC-G-0317,General,RAI4-1022,G_SYS_CONTEST,이의제기 차단,Non-Contestability,0.720179,0.730633,0.0,,KEEP,SEMANTIC_ALIGNMENT_WITH_IMMUTABLE_L3,dc5e68069f4e282841f68609c7bf3d06f272394b4af1d9e7fd453fc1eaba32a4,44d57f33227e51c5d41141b75a548727d7f5cda81b39921c31f03ac3169a2a9d
SRC-G-0318,General,RAI4-1224,G_SOC_POWER,불평등·권력 집중,Inequality and Power Concentration,0.709683,0.743599,0.4,,KEEP,LEXICAL_ALIGNMENT_WITH_IMMUTABLE_L3,09a89b770897a4db2a8c867b857e9558793599f830bfbe376ea21eacdb7fb72d,1e1afd285b7734023f862e2a98c1b429209b2407f2f7bff419ff3c307180f8c7
SRC-G-0319,General,RAI4-1233,G_SOC_POWER,불평등·권력 집중,Inequality and Power Concentration,0.862987,0.906445,0.4,,KEEP,LEXICAL_ALIGNMENT_WITH_IMMUTABLE_L3,09a89b770897a4db2a8c867b857e9558793599f830bfbe376ea21eacdb7fb72d,1e1afd285b7734023f862e2a98c1b429209b2407f2f7bff419ff3c307180f8c7
SRC-G-0320,General,RAI4-1404,G_SOC_POWER,불평등·권력 집중,Inequality and Power Concentration,0.64208,0.65006,0.0,,KEEP,SEMANTIC_ALIGNMENT_WITH_IMMUTABLE_L3,09a89b770897a4db2a8c867b857e9558793599f830bfbe376ea21eacdb7fb72d,1e1afd285b7734023f862e2a98c1b429209b2407f2f7bff419ff3c307180f8c7
SRC-G-0321,General,RAI4-1661,G_SOC_POWER,불평등·권력 집중,Inequality and Power Concentration,0.723342,0.779531,0.6,,KEEP,LEXICAL_ALIGNMENT_WITH_IMMUTABLE_L3,09a89b770897a4db2a8c867b857e9558793599f830bfbe376ea21eacdb7fb72d,1e1afd285b7734023f862e2a98c1b429209b2407f2f7bff419ff3c307180f8c7
SRC-G-0322,General,RAI4-0086,G_SYS_OEXT,역량 초과 수행,Over-Extension,0.723065,0.727913,0.0,,KEEP,SEMANTIC_ALIGNMENT_WITH_IMMUTABLE_L3,70e5ee7d3f180821234f83358222ee5b897243cc8ebc63aa43a6dbbd1f6dbda9,d3756c4b1b0086e6f4308ed89ac0670430e8de0fc6286e12ddbfb7a76db08677
SRC-G-0323,General,RAI4-0383,G_SOC_POWER,불평등·권력 집중,Inequality and Power Concentration,0.764043,0.770313,0.0,,KEEP,SEMANTIC_ALIGNMENT_WITH_IMMUTABLE_L3,09a89b770897a4db2a8c867b857e9558793599f830bfbe376ea21eacdb7fb72d,1e1afd285b7734023f862e2a98c1b429209b2407f2f7bff419ff3c307180f8c7
SRC-G-0324,General,RAI4-0415,G_SYS_OEXT,역량 초과 수행,Over-Extension,0.740243,0.764864,0.2,,KEEP,LEXICAL_ALIGNMENT_WITH_IMMUTABLE_L3,70e5ee7d3f180821234f83358222ee5b897243cc8ebc63aa43a6dbbd1f6dbda9,d3756c4b1b0086e6f4308ed89ac0670430e8de0fc6286e12ddbfb7a76db08677
SRC-G-0325,General,RAI4-0460,G_SOC_POWER,불평등·권력 집중,Inequality and Power Concentration,0.868,0.93302,0.8,,KEEP,LEXICAL_ALIGNMENT_WITH_IMMUTABLE_L3,09a89b770897a4db2a8c867b857e9558793599f830bfbe376ea21eacdb7fb72d,1e1afd285b7734023f862e2a98c1b429209b2407f2f7bff419ff3c307180f8c7
SRC-G-0326,General,RAI4-0491,G_INT_VALUE,가치 부과·규범 동질화,Value Imposition and Normative Homogenization,0.769201,0.788872,0.0,,KEEP,SEMANTIC_ALIGNMENT_WITH_IMMUTABLE_L3,520d015d8dc2a4ea6616b2df67c01ef1c602a694fc862f817fea85deb09095ae,200b506e652d253910ba22c53eca0b0aae0887da58b13fe4a834408b64eea128
SRC-G-0327,General,RAI4-0499,G_SOC_GOV,거버넌스·책임 공백,Governance and Accountability Void,0.735373,0.746863,0.0,,KEEP,SEMANTIC_ALIGNMENT_WITH_IMMUTABLE_L3,af6489ae34d3b43c83f421ed5225daee7e0aa2252c852adbf529c17734d901ce,7c1ace36f243c9b40c176713f5811bd5a83dbc4b7b3d718aefae80c23de9a28a
SRC-G-0328,General,RAI4-0510,G_SOC_POWER,불평등·권력 집중,Inequality and Power Concentration,0.782794,0.812557,0.2,,KEEP,LEXICAL_ALIGNMENT_WITH_IMMUTABLE_L3,09a89b770897a4db2a8c867b857e9558793599f830bfbe376ea21eacdb7fb72d,1e1afd285b7734023f862e2a98c1b429209b2407f2f7bff419ff3c307180f8c7
SRC-G-0329,General,RAI4-0544,G_SOC_POWER,불평등·권력 집중,Inequality and Power Concentration,0.747029,0.769018,0.1,,KEEP,LEXICAL_ALIGNMENT_WITH_IMMUTABLE_L3,09a89b770897a4db2a8c867b857e9558793599f830bfbe376ea21eacdb7fb72d,1e1afd285b7734023f862e2a98c1b429209b2407f2f7bff419ff3c307180f8c7
SRC-G-0330,General,RAI4-0568,G_SYS_OEXT,역량 초과 수행,Over-Extension,0.72012,0.72548,0.0,,KEEP,SEMANTIC_ALIGNMENT_WITH_IMMUTABLE_L3,70e5ee7d3f180821234f83358222ee5b897243cc8ebc63aa43a6dbbd1f6dbda9,d3756c4b1b0086e6f4308ed89ac0670430e8de0fc6286e12ddbfb7a76db08677
SRC-G-0331,General,RAI4-0731,G_SOC_POWER,불평등·권력 집중,Inequality and Power Concentration,0.719741,0.741428,0.1,,KEEP,LEXICAL_ALIGNMENT_WITH_IMMUTABLE_L3,09a89b770897a4db2a8c867b857e9558793599f830bfbe376ea21eacdb7fb72d,1e1afd285b7734023f862e2a98c1b429209b2407f2f7bff419ff3c307180f8c7
SRC-G-0332,General,RAI4-0960,G_INT_POL,정치적 편향·조작,Political Bias and Manipulation,0.778178,0.816528,0.4,,KEEP,LEXICAL_ALIGNMENT_WITH_IMMUTABLE_L3,681f03937e33814fccc50dd167e6bcf89a1ea818460383e8a737686d8d925c37,dfdae92b1b1018dd138d8a84c08ba0d1c21247cab3e2796a63b67e7638afd945
SRC-G-0333,General,RAI4-1251,G_INT_VALUE,가치 부과·규범 동질화,Value Imposition and Normative Homogenization,0.750745,0.777719,0.2,,KEEP,LEXICAL_ALIGNMENT_WITH_IMMUTABLE_L3,520d015d8dc2a4ea6616b2df67c01ef1c602a694fc862f817fea85deb09095ae,200b506e652d253910ba22c53eca0b0aae0887da58b13fe4a834408b64eea128
SRC-G-0334,General,RAI4-1414,G_SOC_POWER,불평등·권력 집중,Inequality and Power Concentration,0.684934,0.691893,0.0,,KEEP,SEMANTIC_ALIGNMENT_WITH_IMMUTABLE_L3,09a89b770897a4db2a8c867b857e9558793599f830bfbe376ea21eacdb7fb72d,1e1afd285b7734023f862e2a98c1b429209b2407f2f7bff419ff3c307180f8c7
SRC-G-0335,General,RAI4-1663,G_SOC_POWER,불평등·권력 집중,Inequality and Power Concentration,0.683337,0.716342,0.3,,KEEP,LEXICAL_ALIGNMENT_WITH_IMMUTABLE_L3,09a89b770897a4db2a8c867b857e9558793599f830bfbe376ea21eacdb7fb72d,1e1afd285b7734023f862e2a98c1b429209b2407f2f7bff419ff3c307180f8c7
SRC-G-0336,General,RAI4-0120,G_INT_VALUE,가치 부과·규범 동질화,Value Imposition and Normative Homogenization,0.683804,0.688202,0.0,,KEEP,SEMANTIC_ALIGNMENT_WITH_IMMUTABLE_L3,520d015d8dc2a4ea6616b2df67c01ef1c602a694fc862f817fea85deb09095ae,200b506e652d253910ba22c53eca0b0aae0887da58b13fe4a834408b64eea128
SRC-G-0337,General,RAI4-0425,G_INT_REPR,재현적 피해·고정관념,Representational Harm and Stereotyping,0.846298,0.912762,0.8,,KEEP,LEXICAL_ALIGNMENT_WITH_IMMUTABLE_L3,62cf71762f7fa11e16e93599dfad2d22776d122e0cd5bf0fb7c763978df9a062,ee6426f14247cfe24d654e615a5bb6383bcd3947a52e064a8182ee5d37882ae4
SRC-G-0338,General,RAI4-0676,G_INT_REPR,재현적 피해·고정관념,Representational Harm and Stereotyping,0.778602,0.821007,0.4,,KEEP,LEXICAL_ALIGNMENT_WITH_IMMUTABLE_L3,62cf71762f7fa11e16e93599dfad2d22776d122e0cd5bf0fb7c763978df9a062,ee6426f14247cfe24d654e615a5bb6383bcd3947a52e064a8182ee5d37882ae4
SRC-G-0339,General,RAI4-0697,G_INT_VALUE,가치 부과·규범 동질화,Value Imposition and Normative Homogenization,0.720162,0.754597,0.3,,KEEP,LEXICAL_ALIGNMENT_WITH_IMMUTABLE_L3,520d015d8dc2a4ea6616b2df67c01ef1c602a694fc862f817fea85deb09095ae,200b506e652d253910ba22c53eca0b0aae0887da58b13fe4a834408b64eea128
SRC-G-0340,General,RAI4-0698,G_INT_VALUE,가치 부과·규범 동질화,Value Imposition and Normative Homogenization,0.736307,0.771898,0.3,,KEEP,LEXICAL_ALIGNMENT_WITH_IMMUTABLE_L3,520d015d8dc2a4ea6616b2df67c01ef1c602a694fc862f817fea85deb09095ae,200b506e652d253910ba22c53eca0b0aae0887da58b13fe4a834408b64eea128
SRC-G-0341,General,RAI4-0700,G_SYS_MISINFO,허위정보,Misinformation,0.706703,0.715342,0.0,,KEEP,SEMANTIC_ALIGNMENT_WITH_IMMUTABLE_L3,797957ed8863fcae89bdad19a6065f6ee992f2f5822d4dd90a680627c82a6db5,fe14d390678f5a1b9e98bc4b3644d80ff9df0259f22ca83a2a38e0fe37735aae
SRC-G-0342,General,RAI4-0701,G_SYS_TRANS,투명성 부족,Lack of Transparency,0.702112,0.706915,0.0,,KEEP,SEMANTIC_ALIGNMENT_WITH_IMMUTABLE_L3,4ce734f636ed217313046367cddbad97f30d59e47c760677b91ffe3320931fae,d9b1ff35e772ea885c8b966dcfee41778faa57f2f17686d35e04d62e768230c0
SRC-G-0343,General,RAI4-0711,G_INT_VALUE,가치 부과·규범 동질화,Value Imposition and Normative Homogenization,0.744359,0.77648,0.3,,KEEP,LEXICAL_ALIGNMENT_WITH_IMMUTABLE_L3,520d015d8dc2a4ea6616b2df67c01ef1c602a694fc862f817fea85deb09095ae,200b506e652d253910ba22c53eca0b0aae0887da58b13fe4a834408b64eea128
SRC-G-0344,General,RAI4-0713,G_INT_REPR,재현적 피해·고정관념,Representational Harm and Stereotyping,0.732959,0.766725,0.3,,KEEP,LEXICAL_ALIGNMENT_WITH_IMMUTABLE_L3,62cf71762f7fa11e16e93599dfad2d22776d122e0cd5bf0fb7c763978df9a062,ee6426f14247cfe24d654e615a5bb6383bcd3947a52e064a8182ee5d37882ae4
SRC-G-0345,General,RAI4-0722,G_INT_ALLOC,배분적 차별,Allocative Discrimination,0.758375,0.778472,0.1,,KEEP,LEXICAL_ALIGNMENT_WITH_IMMUTABLE_L3,434487aa97473921e4c790ebe534abda1b33d2eaf4dab78a279182af9b55e669,aea725cea4b4bc84ad8fd56ed874ec0d14a8a0c698246239d405a10c7dbd681b
SRC-G-0346,General,RAI4-0883,G_SOC_ENV,환경·지속가능성 영향,Environmental and Sustainability Impact,0.676313,0.688355,0.1,,KEEP,LEXICAL_ALIGNMENT_WITH_IMMUTABLE_L3,64c7605545921e1ccbf93e76fa58be4bdfa1f94180b90db3e023ed9ee51017f9,386bed3732ff81178d18653beaeff9bc1b674f63c9e2dda6f162c061ebfe66f4
SRC-G-0347,General,RAI4-1018,G_SYS_MISINFO,허위정보,Misinformation,0.709236,0.714192,0.0,,KEEP,SEMANTIC_ALIGNMENT_WITH_IMMUTABLE_L3,797957ed8863fcae89bdad19a6065f6ee992f2f5822d4dd90a680627c82a6db5,fe14d390678f5a1b9e98bc4b3644d80ff9df0259f22ca83a2a38e0fe37735aae
SRC-G-0348,General,RAI4-1291,G_SOC_DEMOC,민주주의·시민 질서 약화,Erosion of Democracy and Civic Order,0.705436,0.717959,0.1,,KEEP,LEXICAL_ALIGNMENT_WITH_IMMUTABLE_L3,658e4f9af359e8d1a607dafb25007ad36fe475b11207cc9dddb694052a7e194c,ef70b960e38ffcfd94f45969b54f8480e25be4fc298edbb357eab85bfc698ae7
SRC-G-0349,General,RAI4-1299,G_SYS_INCONS,비일관성,Inconsistency,0.678662,0.70465,0.2,,KEEP,LEXICAL_ALIGNMENT_WITH_IMMUTABLE_L3,c53566bf8f7012d801309ac671b6497f85db3e85a46242d36255d6021036fd05,69c98744120b7b6b9f8503faeb5900ef9d1f0ca0f002ac16766e2c7d0f1fb3a5
SRC-G-0350,General,RAI4-1311,G_SYS_INCONS,비일관성,Inconsistency,0.627031,0.632175,0.0,,DELETE,DELETE_L3_SCOPE_MISMATCH: NO_CURRENT_L3: stable psychological traits do not constitute output inconsistency and no alternative harm is specified,c53566bf8f7012d801309ac671b6497f85db3e85a46242d36255d6021036fd05,69c98744120b7b6b9f8503faeb5900ef9d1f0ca0f002ac16766e2c7d0f1fb3a5
SRC-G-0351,General,RAI4-1329,G_INT_VIOL,폭력,Violence,0.640635,0.676201,0.5,,KEEP,LEXICAL_ALIGNMENT_WITH_IMMUTABLE_L3,01a5778bc0e4e95fd6c81ac83021669ebb6bea803e066e296763e73bd41776a6,2fcd57819bc921aa99a9e7718736d68f26ab368eb8a6796e32127df50dc21d7d
SRC-G-0352,General,RAI4-1387,G_SYS_MISINFO,허위정보,Misinformation,0.703301,0.714921,0.0,,KEEP,SEMANTIC_ALIGNMENT_WITH_IMMUTABLE_L3,797957ed8863fcae89bdad19a6065f6ee992f2f5822d4dd90a680627c82a6db5,fe14d390678f5a1b9e98bc4b3644d80ff9df0259f22ca83a2a38e0fe37735aae
SRC-G-0353,General,RAI4-1413,G_INT_VALUE,가치 부과·규범 동질화,Value Imposition and Normative Homogenization,0.743957,0.76638,0.1,,KEEP,LEXICAL_ALIGNMENT_WITH_IMMUTABLE_L3,520d015d8dc2a4ea6616b2df67c01ef1c602a694fc862f817fea85deb09095ae,200b506e652d253910ba22c53eca0b0aae0887da58b13fe4a834408b64eea128
SRC-G-0354,General,RAI4-1503,G_INT_VALUE,가치 부과·규범 동질화,Value Imposition and Normative Homogenization,0.683495,0.711694,0.3,,KEEP,LEXICAL_ALIGNMENT_WITH_IMMUTABLE_L3,520d015d8dc2a4ea6616b2df67c01ef1c602a694fc862f817fea85deb09095ae,200b506e652d253910ba22c53eca0b0aae0887da58b13fe4a834408b64eea128
SRC-G-0355,General,RAI4-0493,G_SYS_INPUT,입력 이해 실패,Input Comprehension Failure,0.790941,0.825081,0.3,,KEEP,LEXICAL_ALIGNMENT_WITH_IMMUTABLE_L3,270cf9a03252148b0a30819d7888a4cb78dcde473355b2887becfa0268ab21b9,c6fb9f3f58aeb74968a6c33d4f1d5d95cdc804213571ecd0587c94825f4233ab
SRC-G-0356,General,RAI4-1298,G_INT_UNETH,비윤리 행위·조작,Unethical Conduct and Manipulation,0.676535,0.682266,0.0,,KEEP,SEMANTIC_ALIGNMENT_WITH_IMMUTABLE_L3,8addd2f36fe9e6fb809fa93c0058bfe5986caba91950f52805b91b2cb4afd871,880adce35f526e2201acf0f3f1278c1da7510d5a733ba9b194ff029b946fccc2
SRC-G-0357,General,RAI4-0864,G_SOC_POWER,불평등·권력 집중,Inequality and Power Concentration,0.677753,0.686274,0.0,,KEEP,SEMANTIC_ALIGNMENT_WITH_IMMUTABLE_L3,09a89b770897a4db2a8c867b857e9558793599f830bfbe376ea21eacdb7fb72d,1e1afd285b7734023f862e2a98c1b429209b2407f2f7bff419ff3c307180f8c7
SRC-G-0358,General,RAI4-0132,G_SYS_MISINFO,허위정보,Misinformation,0.7021,0.709412,0.0,,KEEP,SEMANTIC_ALIGNMENT_WITH_IMMUTABLE_L3,797957ed8863fcae89bdad19a6065f6ee992f2f5822d4dd90a680627c82a6db5,fe14d390678f5a1b9e98bc4b3644d80ff9df0259f22ca83a2a38e0fe37735aae
SRC-G-0359,General,RAI4-0141,G_INT_UNETH,비윤리 행위·조작,Unethical Conduct and Manipulation,0.817332,1.130215,0.1,G_INT_UNETH,KEEP,CURATED_ALIGNMENT_WITH_IMMUTABLE_L3,8addd2f36fe9e6fb809fa93c0058bfe5986caba91950f52805b91b2cb4afd871,880adce35f526e2201acf0f3f1278c1da7510d5a733ba9b194ff029b946fccc2
SRC-G-0360,General,RAI4-0149,G_INT_REL,인간-AI의 해로운 관계,Unhealthy Human-AI Relationship,0.788599,0.823654,0.3,,KEEP,LEXICAL_ALIGNMENT_WITH_IMMUTABLE_L3,3a593e7ecc47be2e0f1df202734ab2c68913390c4b01e9accd647c6ffdb1b7c1,29d0c1d028236adacd7de70676eb249e5ccb2bceb226b03d5e80ebc7572ea49b
SRC-G-0361,General,RAI4-0155,G_SOC_POWER,불평등·권력 집중,Inequality and Power Concentration,0.678694,0.683178,0.0,,KEEP,SEMANTIC_ALIGNMENT_WITH_IMMUTABLE_L3,09a89b770897a4db2a8c867b857e9558793599f830bfbe376ea21eacdb7fb72d,1e1afd285b7734023f862e2a98c1b429209b2407f2f7bff419ff3c307180f8c7
SRC-G-0362,General,RAI4-0159,G_SOC_ECON,경제·고용 충격,Economic and Employment Disruption,0.671956,0.679448,0.0,,KEEP,SEMANTIC_ALIGNMENT_WITH_IMMUTABLE_L3,ad18ce106c3ee8ad4bdf7af961031c2bfa1418fb6e02571a2c020873a54e8261,29346b74907e161bd150ed57a963c8f545b5fce8ed040ac8aeddb3e1f7f3c305
SRC-G-0363,General,RAI4-0160,G_SOC_ECON,경제·고용 충격,Economic and Employment Disruption,0.758904,0.768402,0.0,,KEEP,SEMANTIC_ALIGNMENT_WITH_IMMUTABLE_L3,ad18ce106c3ee8ad4bdf7af961031c2bfa1418fb6e02571a2c020873a54e8261,29346b74907e161bd150ed57a963c8f545b5fce8ed040ac8aeddb3e1f7f3c305
SRC-G-0364,General,RAI4-0173,G_INT_UNETH,비윤리 행위·조작,Unethical Conduct and Manipulation,0.715355,0.746509,0.3,,KEEP,LEXICAL_ALIGNMENT_WITH_IMMUTABLE_L3,8addd2f36fe9e6fb809fa93c0058bfe5986caba91950f52805b91b2cb4afd871,880adce35f526e2201acf0f3f1278c1da7510d5a733ba9b194ff029b946fccc2
SRC-G-0365,General,RAI4-0612,G_INT_WEAP,무기화,Weaponization,0.713487,0.72616,0.0,,KEEP,SEMANTIC_ALIGNMENT_WITH_IMMUTABLE_L3,2e2e738edb96702290f98bbf42f118c4ffa8b5f589faf389a7eab5e33f266ce5,a24ba32f634e3e35fd1367b82be68a2544ae7bde77816d795ce617141ad79a29
SRC-G-0366,General,RAI4-0723,G_INT_ANTH,의인화,Anthropomorphism,0.69429,0.702385,0.0,,KEEP,SEMANTIC_ALIGNMENT_WITH_IMMUTABLE_L3,20a4bbdb8e97a3011cbcced13dc79141662bd7658e2e0d9f508f537da9e38864,364bdfd17aa83d4220e1fa993cad654224e6325ddc085a86e11c193854e34b79
SRC-G-0367,General,RAI4-0800,G_SYS_MISINFO,허위정보,Misinformation,0.69826,0.712721,0.1,,KEEP,LEXICAL_ALIGNMENT_WITH_IMMUTABLE_L3,797957ed8863fcae89bdad19a6065f6ee992f2f5822d4dd90a680627c82a6db5,fe14d390678f5a1b9e98bc4b3644d80ff9df0259f22ca83a2a38e0fe37735aae
SRC-G-0368,General,RAI4-0805,G_SOC_DEMOC,민주주의·시민 질서 약화,Erosion of Democracy and Civic Order,0.746405,0.776733,0.3,,KEEP,LEXICAL_ALIGNMENT_WITH_IMMUTABLE_L3,658e4f9af359e8d1a607dafb25007ad36fe475b11207cc9dddb694052a7e194c,ef70b960e38ffcfd94f45969b54f8480e25be4fc298edbb357eab85bfc698ae7
SRC-G-0369,General,RAI4-0871,G_INT_UNETH,비윤리 행위·조작,Unethical Conduct and Manipulation,0.651658,0.67499,0.3,,KEEP,LEXICAL_ALIGNMENT_WITH_IMMUTABLE_L3,8addd2f36fe9e6fb809fa93c0058bfe5986caba91950f52805b91b2cb4afd871,880adce35f526e2201acf0f3f1278c1da7510d5a733ba9b194ff029b946fccc2
SRC-G-0370,General,RAI4-0882,G_SYS_CONTEST,이의제기 차단,Non-Contestability,0.684018,0.688668,0.0,,KEEP,SEMANTIC_ALIGNMENT_WITH_IMMUTABLE_L3,dc5e68069f4e282841f68609c7bf3d06f272394b4af1d9e7fd453fc1eaba32a4,44d57f33227e51c5d41141b75a548727d7f5cda81b39921c31f03ac3169a2a9d
SRC-G-0371,General,RAI4-0885,G_INT_ANTH,의인화,Anthropomorphism,0.807902,0.839196,0.3,,KEEP,LEXICAL_ALIGNMENT_WITH_IMMUTABLE_L3,20a4bbdb8e97a3011cbcced13dc79141662bd7658e2e0d9f508f537da9e38864,364bdfd17aa83d4220e1fa993cad654224e6325ddc085a86e11c193854e34b79
SRC-G-0372,General,RAI4-0890,G_SYS_CONTEST,이의제기 차단,Non-Contestability,0.714115,0.716884,0.0,,KEEP,SEMANTIC_ALIGNMENT_WITH_IMMUTABLE_L3,dc5e68069f4e282841f68609c7bf3d06f272394b4af1d9e7fd453fc1eaba32a4,44d57f33227e51c5d41141b75a548727d7f5cda81b39921c31f03ac3169a2a9d
SRC-G-0373,General,RAI4-0902,G_INT_REL,인간-AI의 해로운 관계,Unhealthy Human-AI Relationship,0.869937,1.188838,0.1,G_INT_REL,KEEP,CURATED_ALIGNMENT_WITH_IMMUTABLE_L3,3a593e7ecc47be2e0f1df202734ab2c68913390c4b01e9accd647c6ffdb1b7c1,29d0c1d028236adacd7de70676eb249e5ccb2bceb226b03d5e80ebc7572ea49b
SRC-G-0374,General,RAI4-1106,G_INT_UNETH,비윤리 행위·조작,Unethical Conduct and Manipulation,0.71026,0.716014,0.0,,KEEP,SEMANTIC_ALIGNMENT_WITH_IMMUTABLE_L3,8addd2f36fe9e6fb809fa93c0058bfe5986caba91950f52805b91b2cb4afd871,880adce35f526e2201acf0f3f1278c1da7510d5a733ba9b194ff029b946fccc2
SRC-G-0375,General,RAI4-1141,G_INT_ANTH,의인화,Anthropomorphism,0.788802,0.792906,0.0,,KEEP,SEMANTIC_ALIGNMENT_WITH_IMMUTABLE_L3,20a4bbdb8e97a3011cbcced13dc79141662bd7658e2e0d9f508f537da9e38864,364bdfd17aa83d4220e1fa993cad654224e6325ddc085a86e11c193854e34b79
SRC-G-0376,General,RAI4-1190,G_SYS_CONTEST,이의제기 차단,Non-Contestability,0.64397,0.648413,0.0,,DELETE,DELETE_L3_SCOPE_MISMATCH: NO_CURRENT_L3: internet-discussion distress without an AI-specific causal mechanism,dc5e68069f4e282841f68609c7bf3d06f272394b4af1d9e7fd453fc1eaba32a4,44d57f33227e51c5d41141b75a548727d7f5cda81b39921c31f03ac3169a2a9d
SRC-G-0377,General,RAI4-1263,G_INT_UNETH,비윤리 행위·조작,Unethical Conduct and Manipulation,0.754197,0.774691,0.1,,KEEP,LEXICAL_ALIGNMENT_WITH_IMMUTABLE_L3,8addd2f36fe9e6fb809fa93c0058bfe5986caba91950f52805b91b2cb4afd871,880adce35f526e2201acf0f3f1278c1da7510d5a733ba9b194ff029b946fccc2
SRC-G-0378,General,RAI4-1289,A_SYS_GOAL,목표 불일치,Goal Misalignment,0.73926,1.087112,0.5,A_SYS_GOAL,KEEP,CURATED_ALIGNMENT_WITH_IMMUTABLE_L3,5bcf1f941d10c19fa1d33a7f633160362dad1492fcc89076b24d42e456e3e1b0,8fa5662aff8a3430259ea245eacfc4edb06d0340b5e57545aae7921f60b678cd
SRC-G-0379,General,RAI4-1328,G_SOC_GOV,거버넌스·책임 공백,Governance and Accountability Void,0.728183,0.72893,0.0,,KEEP,SEMANTIC_ALIGNMENT_WITH_IMMUTABLE_L3,af6489ae34d3b43c83f421ed5225daee7e0aa2252c852adbf529c17734d901ce,7c1ace36f243c9b40c176713f5811bd5a83dbc4b7b3d718aefae80c23de9a28a
SRC-G-0380,General,RAI4-1617,G_SYS_MISINFO,허위정보,Misinformation,0.649204,0.652398,0.0,,KEEP,SEMANTIC_ALIGNMENT_WITH_IMMUTABLE_L3,797957ed8863fcae89bdad19a6065f6ee992f2f5822d4dd90a680627c82a6db5,fe14d390678f5a1b9e98bc4b3644d80ff9df0259f22ca83a2a38e0fe37735aae
SRC-G-0381,General,RAI4-0146,G_SYS_OEXT,역량 초과 수행,Over-Extension,0.715812,0.722996,0.0,,KEEP,SEMANTIC_ALIGNMENT_WITH_IMMUTABLE_L3,70e5ee7d3f180821234f83358222ee5b897243cc8ebc63aa43a6dbbd1f6dbda9,d3756c4b1b0086e6f4308ed89ac0670430e8de0fc6286e12ddbfb7a76db08677
SRC-G-0382,General,RAI4-0176,G_INT_PRIV,개인정보 침해,Privacy Violation,0.724083,0.763801,0.5,,KEEP,LEXICAL_ALIGNMENT_WITH_IMMUTABLE_L3,e7e7b317cb248f43011df2a13fc1c2640f61f92c2e4e199f7476a950a32246f7,9857c027722d9d216550da8c1bd4fd6038a0b5a034444768976fdb25f0bd123b
SRC-G-0383,General,RAI4-0450,G_INT_PRIV,개인정보 침해,Privacy Violation,0.716481,0.748382,0.3,,KEEP,LEXICAL_ALIGNMENT_WITH_IMMUTABLE_L3,e7e7b317cb248f43011df2a13fc1c2640f61f92c2e4e199f7476a950a32246f7,9857c027722d9d216550da8c1bd4fd6038a0b5a034444768976fdb25f0bd123b
SRC-G-0384,General,RAI4-0498,G_SOC_DEMOC,민주주의·시민 질서 약화,Erosion of Democracy and Civic Order,0.880145,0.908434,0.2,,KEEP,LEXICAL_ALIGNMENT_WITH_IMMUTABLE_L3,658e4f9af359e8d1a607dafb25007ad36fe475b11207cc9dddb694052a7e194c,ef70b960e38ffcfd94f45969b54f8480e25be4fc298edbb357eab85bfc698ae7
SRC-G-0385,General,RAI4-0611,G_INT_PRIV,개인정보 침해,Privacy Violation,0.693153,0.722586,0.3,,KEEP,LEXICAL_ALIGNMENT_WITH_IMMUTABLE_L3,e7e7b317cb248f43011df2a13fc1c2640f61f92c2e4e199f7476a950a32246f7,9857c027722d9d216550da8c1bd4fd6038a0b5a034444768976fdb25f0bd123b
SRC-G-0386,General,RAI4-0633,G_SYS_MISINFO,허위정보,Misinformation,0.753366,0.772542,0.1,,KEEP,LEXICAL_ALIGNMENT_WITH_IMMUTABLE_L3,797957ed8863fcae89bdad19a6065f6ee992f2f5822d4dd90a680627c82a6db5,fe14d390678f5a1b9e98bc4b3644d80ff9df0259f22ca83a2a38e0fe37735aae
SRC-G-0387,General,RAI4-0842,G_SOC_POWER,불평등·권력 집중,Inequality and Power Concentration,0.654842,0.659647,0.0,,KEEP,SEMANTIC_ALIGNMENT_WITH_IMMUTABLE_L3,09a89b770897a4db2a8c867b857e9558793599f830bfbe376ea21eacdb7fb72d,1e1afd285b7734023f862e2a98c1b429209b2407f2f7bff419ff3c307180f8c7
SRC-G-0388,General,RAI4-0845,G_SOC_CULT,문화·지식 생태계 침식,Cultural and Epistemic Erosion,0.78659,0.829264,0.4,,KEEP,LEXICAL_ALIGNMENT_WITH_IMMUTABLE_L3,2ff58344ac443f426e7a10c12574ca1b5a2888f4471ca84031a6ae0c66fe9c1c,7b36bfd0f3bf160532880b9435252c8d5548c8139537fbbab64546ed10fb8a66
SRC-G-0389,General,RAI4-0846,G_SOC_DEMOC,민주주의·시민 질서 약화,Erosion of Democracy and Civic Order,0.716137,0.73968,0.1,,KEEP,LEXICAL_ALIGNMENT_WITH_IMMUTABLE_L3,658e4f9af359e8d1a607dafb25007ad36fe475b11207cc9dddb694052a7e194c,ef70b960e38ffcfd94f45969b54f8480e25be4fc298edbb357eab85bfc698ae7
SRC-G-0390,General,RAI4-0847,G_SOC_CULT,문화·지식 생태계 침식,Cultural and Epistemic Erosion,0.678667,0.704645,0.2,,KEEP,LEXICAL_ALIGNMENT_WITH_IMMUTABLE_L3,2ff58344ac443f426e7a10c12574ca1b5a2888f4471ca84031a6ae0c66fe9c1c,7b36bfd0f3bf160532880b9435252c8d5548c8139537fbbab64546ed10fb8a66
SRC-G-0391,General,RAI4-0874,G_SOC_ECON,경제·고용 충격,Economic and Employment Disruption,0.856862,0.912807,0.6,,KEEP,LEXICAL_ALIGNMENT_WITH_IMMUTABLE_L3,ad18ce106c3ee8ad4bdf7af961031c2bfa1418fb6e02571a2c020873a54e8261,29346b74907e161bd150ed57a963c8f545b5fce8ed040ac8aeddb3e1f7f3c305
SRC-G-0392,General,RAI4-0895,G_SOC_CULT,문화·지식 생태계 침식,Cultural and Epistemic Erosion,0.738239,0.786132,0.5,,KEEP,LEXICAL_ALIGNMENT_WITH_IMMUTABLE_L3,2ff58344ac443f426e7a10c12574ca1b5a2888f4471ca84031a6ae0c66fe9c1c,7b36bfd0f3bf160532880b9435252c8d5548c8139537fbbab64546ed10fb8a66
SRC-G-0393,General,RAI4-0897,G_SOC_ECON,경제·고용 충격,Economic and Employment Disruption,0.760054,0.82111,0.7,,KEEP,LEXICAL_ALIGNMENT_WITH_IMMUTABLE_L3,ad18ce106c3ee8ad4bdf7af961031c2bfa1418fb6e02571a2c020873a54e8261,29346b74907e161bd150ed57a963c8f545b5fce8ed040ac8aeddb3e1f7f3c305
SRC-G-0394,General,RAI4-0909,G_SOC_ENV,환경·지속가능성 영향,Environmental and Sustainability Impact,0.726369,0.739109,0.1,,DELETE,"DELETE_L3_SCOPE_MISMATCH: NO_CURRENT_L3: bundled prototype leakage, addictive use, and repurposing mechanisms",64c7605545921e1ccbf93e76fa58be4bdfa1f94180b90db3e023ed9ee51017f9,386bed3732ff81178d18653beaeff9bc1b674f63c9e2dda6f162c061ebfe66f4
SRC-G-0395,General,RAI4-0956,G_SOC_CULT,문화·지식 생태계 침식,Cultural and Epistemic Erosion,0.632582,0.941745,0.0,G_SOC_CULT,KEEP,CURATED_ALIGNMENT_WITH_IMMUTABLE_L3,2ff58344ac443f426e7a10c12574ca1b5a2888f4471ca84031a6ae0c66fe9c1c,7b36bfd0f3bf160532880b9435252c8d5548c8139537fbbab64546ed10fb8a66
SRC-G-0396,General,RAI4-1240,G_INT_UNETH,비윤리 행위·조작,Unethical Conduct and Manipulation,0.755093,0.76786,0.1,,KEEP,LEXICAL_ALIGNMENT_WITH_IMMUTABLE_L3,8addd2f36fe9e6fb809fa93c0058bfe5986caba91950f52805b91b2cb4afd871,880adce35f526e2201acf0f3f1278c1da7510d5a733ba9b194ff029b946fccc2
SRC-G-0397,General,RAI4-1302,G_SOC_ECON,경제·고용 충격,Economic and Employment Disruption,0.741501,0.751151,0.0,,KEEP,SEMANTIC_ALIGNMENT_WITH_IMMUTABLE_L3,ad18ce106c3ee8ad4bdf7af961031c2bfa1418fb6e02571a2c020873a54e8261,29346b74907e161bd150ed57a963c8f545b5fce8ed040ac8aeddb3e1f7f3c305
SRC-G-0398,General,RAI4-1339,G_SOC_ECON,경제·고용 충격,Economic and Employment Disruption,0.734698,0.767167,0.3,,KEEP,LEXICAL_ALIGNMENT_WITH_IMMUTABLE_L3,ad18ce106c3ee8ad4bdf7af961031c2bfa1418fb6e02571a2c020873a54e8261,29346b74907e161bd150ed57a963c8f545b5fce8ed040ac8aeddb3e1f7f3c305
SRC-G-0399,General,RAI4-1421,G_SOC_DEMOC,민주주의·시민 질서 약화,Erosion of Democracy and Civic Order,0.814703,0.83186,0.0,,KEEP,SEMANTIC_ALIGNMENT_WITH_IMMUTABLE_L3,658e4f9af359e8d1a607dafb25007ad36fe475b11207cc9dddb694052a7e194c,ef70b960e38ffcfd94f45969b54f8480e25be4fc298edbb357eab85bfc698ae7
SRC-G-0400,General,RAI4-1585,G_SYS_OEXT,역량 초과 수행,Over-Extension,0.725874,0.732148,0.0,,KEEP,SEMANTIC_ALIGNMENT_WITH_IMMUTABLE_L3,70e5ee7d3f180821234f83358222ee5b897243cc8ebc63aa43a6dbbd1f6dbda9,d3756c4b1b0086e6f4308ed89ac0670430e8de0fc6286e12ddbfb7a76db08677
SRC-G-0401,General,RAI4-1618,G_SOC_DEMOC,민주주의·시민 질서 약화,Erosion of Democracy and Civic Order,0.761716,0.772755,0.0,,KEEP,SEMANTIC_ALIGNMENT_WITH_IMMUTABLE_L3,658e4f9af359e8d1a607dafb25007ad36fe475b11207cc9dddb694052a7e194c,ef70b960e38ffcfd94f45969b54f8480e25be4fc298edbb357eab85bfc698ae7
SRC-G-0402,General,RAI4-0056,G_SOC_GOV,거버넌스·책임 공백,Governance and Accountability Void,0.81768,0.85113,0.3,,KEEP,LEXICAL_ALIGNMENT_WITH_IMMUTABLE_L3,af6489ae34d3b43c83f421ed5225daee7e0aa2252c852adbf529c17734d901ce,7c1ace36f243c9b40c176713f5811bd5a83dbc4b7b3d718aefae80c23de9a28a
SRC-G-0403,General,RAI4-0058,G_SYS_EVAL,평가·검증 실패,Evaluation and Assurance Failure,0.731097,0.762619,0.3,,KEEP,LEXICAL_ALIGNMENT_WITH_IMMUTABLE_L3,a5e7f0609d96613e353e5f5b6045b425c7b9d87241b22902549505f15d4abf6a,e17bf6bc8ae08cdddcc781ab4a1aadb569e861d5a6da5bea93281312170cd87d
SRC-G-0404,General,RAI4-0076,G_SOC_GOV,거버넌스·책임 공백,Governance and Accountability Void,0.68305,0.715128,0.3,,KEEP,LEXICAL_ALIGNMENT_WITH_IMMUTABLE_L3,af6489ae34d3b43c83f421ed5225daee7e0aa2252c852adbf529c17734d901ce,7c1ace36f243c9b40c176713f5811bd5a83dbc4b7b3d718aefae80c23de9a28a
SRC-G-0405,General,RAI4-0078,G_INT_ALLOC,배분적 차별,Allocative Discrimination,0.757437,0.768753,0.1,,KEEP,LEXICAL_ALIGNMENT_WITH_IMMUTABLE_L3,434487aa97473921e4c790ebe534abda1b33d2eaf4dab78a279182af9b55e669,aea725cea4b4bc84ad8fd56ed874ec0d14a8a0c698246239d405a10c7dbd681b
SRC-G-0406,General,RAI4-0096,G_SOC_GOV,거버넌스·책임 공백,Governance and Accountability Void,0.735034,0.745948,0.0,,KEEP,SEMANTIC_ALIGNMENT_WITH_IMMUTABLE_L3,af6489ae34d3b43c83f421ed5225daee7e0aa2252c852adbf529c17734d901ce,7c1ace36f243c9b40c176713f5811bd5a83dbc4b7b3d718aefae80c23de9a28a
SRC-G-0407,General,RAI4-0103,G_SOC_GOV,거버넌스·책임 공백,Governance and Accountability Void,0.753078,0.796376,0.5,,KEEP,LEXICAL_ALIGNMENT_WITH_IMMUTABLE_L3,af6489ae34d3b43c83f421ed5225daee7e0aa2252c852adbf529c17734d901ce,7c1ace36f243c9b40c176713f5811bd5a83dbc4b7b3d718aefae80c23de9a28a
SRC-G-0408,General,RAI4-0112,G_SYS_OEXT,역량 초과 수행,Over-Extension,0.749644,0.764065,0.0,,KEEP,SEMANTIC_ALIGNMENT_WITH_IMMUTABLE_L3,70e5ee7d3f180821234f83358222ee5b897243cc8ebc63aa43a6dbbd1f6dbda9,d3756c4b1b0086e6f4308ed89ac0670430e8de0fc6286e12ddbfb7a76db08677
SRC-G-0409,General,RAI4-0385,G_SOC_GOV,거버넌스·책임 공백,Governance and Accountability Void,0.758357,0.769492,0.1,,KEEP,LEXICAL_ALIGNMENT_WITH_IMMUTABLE_L3,af6489ae34d3b43c83f421ed5225daee7e0aa2252c852adbf529c17734d901ce,7c1ace36f243c9b40c176713f5811bd5a83dbc4b7b3d718aefae80c23de9a28a
SRC-G-0410,General,RAI4-0386,G_SOC_GOV,거버넌스·책임 공백,Governance and Accountability Void,0.789324,0.799348,0.1,,KEEP,LEXICAL_ALIGNMENT_WITH_IMMUTABLE_L3,af6489ae34d3b43c83f421ed5225daee7e0aa2252c852adbf529c17734d901ce,7c1ace36f243c9b40c176713f5811bd5a83dbc4b7b3d718aefae80c23de9a28a
SRC-G-0411,General,RAI4-0409,G_SOC_GOV,거버넌스·책임 공백,Governance and Accountability Void,0.681834,0.712431,0.4,,KEEP,LEXICAL_ALIGNMENT_WITH_IMMUTABLE_L3,af6489ae34d3b43c83f421ed5225daee7e0aa2252c852adbf529c17734d901ce,7c1ace36f243c9b40c176713f5811bd5a83dbc4b7b3d718aefae80c23de9a28a
SRC-G-0412,General,RAI4-0488,G_SOC_GOV,거버넌스·책임 공백,Governance and Accountability Void,0.769588,0.787268,0.1,,KEEP,LEXICAL_ALIGNMENT_WITH_IMMUTABLE_L3,af6489ae34d3b43c83f421ed5225daee7e0aa2252c852adbf529c17734d901ce,7c1ace36f243c9b40c176713f5811bd5a83dbc4b7b3d718aefae80c23de9a28a
SRC-G-0413,General,RAI4-0511,G_SYS_EVAL,평가·검증 실패,Evaluation and Assurance Failure,0.800878,0.83699,0.4,,KEEP,LEXICAL_ALIGNMENT_WITH_IMMUTABLE_L3,a5e7f0609d96613e353e5f5b6045b425c7b9d87241b22902549505f15d4abf6a,e17bf6bc8ae08cdddcc781ab4a1aadb569e861d5a6da5bea93281312170cd87d
SRC-G-0414,General,RAI4-0535,G_SOC_GOV,거버넌스·책임 공백,Governance and Accountability Void,0.725994,0.726909,0.0,,KEEP,SEMANTIC_ALIGNMENT_WITH_IMMUTABLE_L3,af6489ae34d3b43c83f421ed5225daee7e0aa2252c852adbf529c17734d901ce,7c1ace36f243c9b40c176713f5811bd5a83dbc4b7b3d718aefae80c23de9a28a
SRC-G-0415,General,RAI4-0555,G_SYS_OEXT,역량 초과 수행,Over-Extension,0.749758,0.751066,0.0,,KEEP,SEMANTIC_ALIGNMENT_WITH_IMMUTABLE_L3,70e5ee7d3f180821234f83358222ee5b897243cc8ebc63aa43a6dbbd1f6dbda9,d3756c4b1b0086e6f4308ed89ac0670430e8de0fc6286e12ddbfb7a76db08677
SRC-G-0417,General,RAI4-0942,G_INT_UNETH,비윤리 행위·조작,Unethical Conduct and Manipulation,0.760749,0.765618,0.0,,KEEP,SEMANTIC_ALIGNMENT_WITH_IMMUTABLE_L3,8addd2f36fe9e6fb809fa93c0058bfe5986caba91950f52805b91b2cb4afd871,880adce35f526e2201acf0f3f1278c1da7510d5a733ba9b194ff029b946fccc2
SRC-G-0418,General,RAI4-0947,G_SOC_GOV,거버넌스·책임 공백,Governance and Accountability Void,0.765141,0.799283,0.3,,KEEP,LEXICAL_ALIGNMENT_WITH_IMMUTABLE_L3,af6489ae34d3b43c83f421ed5225daee7e0aa2252c852adbf529c17734d901ce,7c1ace36f243c9b40c176713f5811bd5a83dbc4b7b3d718aefae80c23de9a28a
SRC-G-0420,General,RAI4-0972,G_SOC_GOV,거버넌스·책임 공백,Governance and Accountability Void,0.755405,0.757337,0.0,,KEEP,SEMANTIC_ALIGNMENT_WITH_IMMUTABLE_L3,af6489ae34d3b43c83f421ed5225daee7e0aa2252c852adbf529c17734d901ce,7c1ace36f243c9b40c176713f5811bd5a83dbc4b7b3d718aefae80c23de9a28a
SRC-G-0421,General,RAI4-0973,G_SYS_EVAL,평가·검증 실패,Evaluation and Assurance Failure,0.691379,0.704809,0.0,,KEEP,SEMANTIC_ALIGNMENT_WITH_IMMUTABLE_L3,a5e7f0609d96613e353e5f5b6045b425c7b9d87241b22902549505f15d4abf6a,e17bf6bc8ae08cdddcc781ab4a1aadb569e861d5a6da5bea93281312170cd87d
SRC-G-0422,General,RAI4-0974,G_SYS_INCONS,비일관성,Inconsistency,0.695439,0.704277,0.0,,KEEP,SEMANTIC_ALIGNMENT_WITH_IMMUTABLE_L3,c53566bf8f7012d801309ac671b6497f85db3e85a46242d36255d6021036fd05,69c98744120b7b6b9f8503faeb5900ef9d1f0ca0f002ac16766e2c7d0f1fb3a5
SRC-G-0423,General,RAI4-1017,G_SYS_SECADV,보안·적대적 견고성 실패,Security and Adversarial Robustness Failure,0.818655,0.876678,0.7,,KEEP,LEXICAL_ALIGNMENT_WITH_IMMUTABLE_L3,c52e7aa6094aca9e34a95f4c7fddc0ebb5a74383c7fe22b35a7293fa22afb045,e810d4b594e46a05c3ca192140a74700a2c185fa84d50a78d52c966a91f10619
SRC-G-0424,General,RAI4-1150,G_SOC_GOV,거버넌스·책임 공백,Governance and Accountability Void,0.688025,0.688001,0.0,,KEEP,SEMANTIC_ALIGNMENT_WITH_IMMUTABLE_L3,af6489ae34d3b43c83f421ed5225daee7e0aa2252c852adbf529c17734d901ce,7c1ace36f243c9b40c176713f5811bd5a83dbc4b7b3d718aefae80c23de9a28a
SRC-G-0425,General,RAI4-1331,G_SOC_GOV,거버넌스·책임 공백,Governance and Accountability Void,0.724442,0.767624,0.5,,KEEP,LEXICAL_ALIGNMENT_WITH_IMMUTABLE_L3,af6489ae34d3b43c83f421ed5225daee7e0aa2252c852adbf529c17734d901ce,7c1ace36f243c9b40c176713f5811bd5a83dbc4b7b3d718aefae80c23de9a28a
SRC-G-0426,General,RAI4-1485,G_SOC_GOV,거버넌스·책임 공백,Governance and Accountability Void,0.744958,0.75994,0.0,,KEEP,SEMANTIC_ALIGNMENT_WITH_IMMUTABLE_L3,af6489ae34d3b43c83f421ed5225daee7e0aa2252c852adbf529c17734d901ce,7c1ace36f243c9b40c176713f5811bd5a83dbc4b7b3d718aefae80c23de9a28a
SRC-G-0427,General,RAI4-1720,G_SOC_GOV,거버넌스·책임 공백,Governance and Accountability Void,0.786797,0.827154,0.4,,KEEP,LEXICAL_ALIGNMENT_WITH_IMMUTABLE_L3,af6489ae34d3b43c83f421ed5225daee7e0aa2252c852adbf529c17734d901ce,7c1ace36f243c9b40c176713f5811bd5a83dbc4b7b3d718aefae80c23de9a28a
SRC-G-0428,General,RAI4-0123,G_SOC_CULT,문화·지식 생태계 침식,Cultural and Epistemic Erosion,0.749272,0.779211,0.3,,KEEP,LEXICAL_ALIGNMENT_WITH_IMMUTABLE_L3,2ff58344ac443f426e7a10c12574ca1b5a2888f4471ca84031a6ae0c66fe9c1c,7b36bfd0f3bf160532880b9435252c8d5548c8139537fbbab64546ed10fb8a66
SRC-G-0429,General,RAI4-0162,G_SYS_OEXT,역량 초과 수행,Over-Extension,0.718226,0.731196,0.0,,KEEP,SEMANTIC_ALIGNMENT_WITH_IMMUTABLE_L3,70e5ee7d3f180821234f83358222ee5b897243cc8ebc63aa43a6dbbd1f6dbda9,d3756c4b1b0086e6f4308ed89ac0670430e8de0fc6286e12ddbfb7a76db08677
SRC-G-0430,General,RAI4-0362,G_INT_VALUE,가치 부과·규범 동질화,Value Imposition and Normative Homogenization,0.857477,0.897596,0.4,,KEEP,LEXICAL_ALIGNMENT_WITH_IMMUTABLE_L3,520d015d8dc2a4ea6616b2df67c01ef1c602a694fc862f817fea85deb09095ae,200b506e652d253910ba22c53eca0b0aae0887da58b13fe4a834408b64eea128
SRC-G-0431,General,RAI4-0369,G_INT_VALUE,가치 부과·규범 동질화,Value Imposition and Normative Homogenization,0.849004,0.890093,0.4,,KEEP,LEXICAL_ALIGNMENT_WITH_IMMUTABLE_L3,520d015d8dc2a4ea6616b2df67c01ef1c602a694fc862f817fea85deb09095ae,200b506e652d253910ba22c53eca0b0aae0887da58b13fe4a834408b64eea128
SRC-G-0432,General,RAI4-0370,G_SYS_CONTEXT,맥락 인식 실패,Context-Awareness Failure,0.741188,0.756644,0.1,,KEEP,LEXICAL_ALIGNMENT_WITH_IMMUTABLE_L3,6df1ca9eed5389877a25c4d8e5f5440825497e54dcb63a91ff2c47c0e58e81f2,234f4d581b27a58b9417cdd46578cd8280b2807f070e8a3410a3c8819a297c82
SRC-G-0433,General,RAI4-0372,G_INT_POL,정치적 편향·조작,Political Bias and Manipulation,0.781097,0.790475,0.1,,KEEP,LEXICAL_ALIGNMENT_WITH_IMMUTABLE_L3,681f03937e33814fccc50dd167e6bcf89a1ea818460383e8a737686d8d925c37,dfdae92b1b1018dd138d8a84c08ba0d1c21247cab3e2796a63b67e7638afd945
SRC-G-0434,General,RAI4-0388,G_SOC_CULT,문화·지식 생태계 침식,Cultural and Epistemic Erosion,0.786901,0.827049,0.4,,KEEP,LEXICAL_ALIGNMENT_WITH_IMMUTABLE_L3,2ff58344ac443f426e7a10c12574ca1b5a2888f4471ca84031a6ae0c66fe9c1c,7b36bfd0f3bf160532880b9435252c8d5548c8139537fbbab64546ed10fb8a66
SRC-G-0435,General,RAI4-0390,G_INT_VALUE,가치 부과·규범 동질화,Value Imposition and Normative Homogenization,0.698808,0.706139,0.0,,KEEP,SEMANTIC_ALIGNMENT_WITH_IMMUTABLE_L3,520d015d8dc2a4ea6616b2df67c01ef1c602a694fc862f817fea85deb09095ae,200b506e652d253910ba22c53eca0b0aae0887da58b13fe4a834408b64eea128
SRC-G-0436,General,RAI4-0394,G_SYS_EVAL,평가·검증 실패,Evaluation and Assurance Failure,0.715404,0.750945,0.4,,KEEP,LEXICAL_ALIGNMENT_WITH_IMMUTABLE_L3,a5e7f0609d96613e353e5f5b6045b425c7b9d87241b22902549505f15d4abf6a,e17bf6bc8ae08cdddcc781ab4a1aadb569e861d5a6da5bea93281312170cd87d
SRC-G-0437,General,RAI4-0396,G_INT_VALUE,가치 부과·규범 동질화,Value Imposition and Normative Homogenization,0.802547,0.819456,0.0,,KEEP,SEMANTIC_ALIGNMENT_WITH_IMMUTABLE_L3,520d015d8dc2a4ea6616b2df67c01ef1c602a694fc862f817fea85deb09095ae,200b506e652d253910ba22c53eca0b0aae0887da58b13fe4a834408b64eea128
SRC-G-0438,General,RAI4-0398,G_INT_VALUE,가치 부과·규범 동질화,Value Imposition and Normative Homogenization,0.731368,0.761047,0.2,,KEEP,LEXICAL_ALIGNMENT_WITH_IMMUTABLE_L3,520d015d8dc2a4ea6616b2df67c01ef1c602a694fc862f817fea85deb09095ae,200b506e652d253910ba22c53eca0b0aae0887da58b13fe4a834408b64eea128
SRC-G-0439,General,RAI4-0410,G_SYS_CONTEXT,맥락 인식 실패,Context-Awareness Failure,0.744974,0.773948,0.3,,KEEP,LEXICAL_ALIGNMENT_WITH_IMMUTABLE_L3,6df1ca9eed5389877a25c4d8e5f5440825497e54dcb63a91ff2c47c0e58e81f2,234f4d581b27a58b9417cdd46578cd8280b2807f070e8a3410a3c8819a297c82
SRC-G-0440,General,RAI4-0412,G_SOC_GOV,거버넌스·책임 공백,Governance and Accountability Void,0.697662,0.711555,0.2,,KEEP,LEXICAL_ALIGNMENT_WITH_IMMUTABLE_L3,af6489ae34d3b43c83f421ed5225daee7e0aa2252c852adbf529c17734d901ce,7c1ace36f243c9b40c176713f5811bd5a83dbc4b7b3d718aefae80c23de9a28a
SRC-G-0441,General,RAI4-0413,G_SOC_CULT,문화·지식 생태계 침식,Cultural and Epistemic Erosion,0.733524,0.766935,0.3,,KEEP,LEXICAL_ALIGNMENT_WITH_IMMUTABLE_L3,2ff58344ac443f426e7a10c12574ca1b5a2888f4471ca84031a6ae0c66fe9c1c,7b36bfd0f3bf160532880b9435252c8d5548c8139537fbbab64546ed10fb8a66
SRC-G-0442,General,RAI4-0417,G_SYS_INCONS,비일관성,Inconsistency,0.722753,0.76208,0.4,,KEEP,LEXICAL_ALIGNMENT_WITH_IMMUTABLE_L3,c53566bf8f7012d801309ac671b6497f85db3e85a46242d36255d6021036fd05,69c98744120b7b6b9f8503faeb5900ef9d1f0ca0f002ac16766e2c7d0f1fb3a5
SRC-G-0443,General,RAI4-0423,G_SOC_CULT,문화·지식 생태계 침식,Cultural and Epistemic Erosion,0.802942,0.82924,0.3,,KEEP,LEXICAL_ALIGNMENT_WITH_IMMUTABLE_L3,2ff58344ac443f426e7a10c12574ca1b5a2888f4471ca84031a6ae0c66fe9c1c,7b36bfd0f3bf160532880b9435252c8d5548c8139537fbbab64546ed10fb8a66
SRC-G-0444,General,RAI4-0424,G_INT_ALLOC,배분적 차별,Allocative Discrimination,0.820244,0.843515,0.1,,KEEP,LEXICAL_ALIGNMENT_WITH_IMMUTABLE_L3,434487aa97473921e4c790ebe534abda1b33d2eaf4dab78a279182af9b55e669,aea725cea4b4bc84ad8fd56ed874ec0d14a8a0c698246239d405a10c7dbd681b
SRC-G-0445,General,RAI4-0430,G_INT_ALLOC,배분적 차별,Allocative Discrimination,0.749284,0.757609,0.0,,KEEP,SEMANTIC_ALIGNMENT_WITH_IMMUTABLE_L3,434487aa97473921e4c790ebe534abda1b33d2eaf4dab78a279182af9b55e669,aea725cea4b4bc84ad8fd56ed874ec0d14a8a0c698246239d405a10c7dbd681b
SRC-G-0446,General,RAI4-0497,G_SOC_POWER,불평등·권력 집중,Inequality and Power Concentration,0.721187,0.733644,0.0,,KEEP,SEMANTIC_ALIGNMENT_WITH_IMMUTABLE_L3,09a89b770897a4db2a8c867b857e9558793599f830bfbe376ea21eacdb7fb72d,1e1afd285b7734023f862e2a98c1b429209b2407f2f7bff419ff3c307180f8c7
SRC-G-0447,General,RAI4-0556,G_SYS_OEXT,역량 초과 수행,Over-Extension,0.786481,0.798624,0.0,,KEEP,SEMANTIC_ALIGNMENT_WITH_IMMUTABLE_L3,70e5ee7d3f180821234f83358222ee5b897243cc8ebc63aa43a6dbbd1f6dbda9,d3756c4b1b0086e6f4308ed89ac0670430e8de0fc6286e12ddbfb7a76db08677
SRC-G-0448,General,RAI4-0557,G_INT_UNETH,비윤리 행위·조작,Unethical Conduct and Manipulation,0.761243,0.77103,0.0,,KEEP,SEMANTIC_ALIGNMENT_WITH_IMMUTABLE_L3,8addd2f36fe9e6fb809fa93c0058bfe5986caba91950f52805b91b2cb4afd871,880adce35f526e2201acf0f3f1278c1da7510d5a733ba9b194ff029b946fccc2
SRC-G-0449,General,RAI4-0562,G_INT_UNETH,비윤리 행위·조작,Unethical Conduct and Manipulation,0.73932,0.758524,0.3,,KEEP,LEXICAL_ALIGNMENT_WITH_IMMUTABLE_L3,8addd2f36fe9e6fb809fa93c0058bfe5986caba91950f52805b91b2cb4afd871,880adce35f526e2201acf0f3f1278c1da7510d5a733ba9b194ff029b946fccc2
SRC-G-0450,General,RAI4-0580,G_SYS_OEXT,역량 초과 수행,Over-Extension,0.726307,0.746059,0.1,,KEEP,LEXICAL_ALIGNMENT_WITH_IMMUTABLE_L3,70e5ee7d3f180821234f83358222ee5b897243cc8ebc63aa43a6dbbd1f6dbda9,d3756c4b1b0086e6f4308ed89ac0670430e8de0fc6286e12ddbfb7a76db08677
SRC-G-0451,General,RAI4-0585,G_SOC_POWER,불평등·권력 집중,Inequality and Power Concentration,0.704075,0.729304,0.2,,KEEP,LEXICAL_ALIGNMENT_WITH_IMMUTABLE_L3,09a89b770897a4db2a8c867b857e9558793599f830bfbe376ea21eacdb7fb72d,1e1afd285b7734023f862e2a98c1b429209b2407f2f7bff419ff3c307180f8c7
SRC-G-0452,General,RAI4-0601,G_INT_ILLEGAL,불법 행위,Illegal Conduct,0.724847,0.752105,0.2,,KEEP,LEXICAL_ALIGNMENT_WITH_IMMUTABLE_L3,38b825cf2c41a12e6630dcac9f49d4104443c552a548ea9025893272841bd551,4a26bdd80b86074be91b6e168fc85d3322374f4074e9822d02865e498b3425ed
SRC-G-0453,General,RAI4-0621,G_SYS_SECADV,보안·적대적 견고성 실패,Security and Adversarial Robustness Failure,0.673956,0.725832,0.7,,KEEP,LEXICAL_ALIGNMENT_WITH_IMMUTABLE_L3,c52e7aa6094aca9e34a95f4c7fddc0ebb5a74383c7fe22b35a7293fa22afb045,e810d4b594e46a05c3ca192140a74700a2c185fa84d50a78d52c966a91f10619
SRC-G-0454,General,RAI4-0622,G_SOC_ECON,경제·고용 충격,Economic and Employment Disruption,0.75068,0.769298,0.2,,KEEP,LEXICAL_ALIGNMENT_WITH_IMMUTABLE_L3,ad18ce106c3ee8ad4bdf7af961031c2bfa1418fb6e02571a2c020873a54e8261,29346b74907e161bd150ed57a963c8f545b5fce8ed040ac8aeddb3e1f7f3c305
SRC-G-0455,General,RAI4-0639,P_INT_SAFETY,인간-로봇 물리 안전 실패,Human-Robot Physical Safety Failure,0.724396,0.751873,0.4,,DELETE,DELETE_L3_SCOPE_MISMATCH: NO_CURRENT_L3: generic physical-harm umbrella without a specific Physical L3 mechanism,4a45a814202979c38e6b3af5fb86c891dec2124aad8e0a4a87b7316be259440a,d466953a7bec28becf42038730e6a6c3ae4186a0d76be099dd6bd3d7148a1f71
SRC-G-0456,General,RAI4-0644,G_SOC_POWER,불평등·권력 집중,Inequality and Power Concentration,0.684829,0.695136,0.0,,KEEP,SEMANTIC_ALIGNMENT_WITH_IMMUTABLE_L3,09a89b770897a4db2a8c867b857e9558793599f830bfbe376ea21eacdb7fb72d,1e1afd285b7734023f862e2a98c1b429209b2407f2f7bff419ff3c307180f8c7
SRC-G-0457,General,RAI4-0666,G_SYS_MISINFO,허위정보,Misinformation,0.736686,0.739078,0.0,,KEEP,SEMANTIC_ALIGNMENT_WITH_IMMUTABLE_L3,797957ed8863fcae89bdad19a6065f6ee992f2f5822d4dd90a680627c82a6db5,fe14d390678f5a1b9e98bc4b3644d80ff9df0259f22ca83a2a38e0fe37735aae
SRC-G-0458,General,RAI4-0702,G_INT_VALUE,가치 부과·규범 동질화,Value Imposition and Normative Homogenization,0.698166,0.708754,0.0,,KEEP,SEMANTIC_ALIGNMENT_WITH_IMMUTABLE_L3,520d015d8dc2a4ea6616b2df67c01ef1c602a694fc862f817fea85deb09095ae,200b506e652d253910ba22c53eca0b0aae0887da58b13fe4a834408b64eea128
SRC-G-0459,General,RAI4-0747,G_SYS_SECADV,보안·적대적 견고성 실패,Security and Adversarial Robustness Failure,0.80174,0.838795,0.4,,KEEP,LEXICAL_ALIGNMENT_WITH_IMMUTABLE_L3,c52e7aa6094aca9e34a95f4c7fddc0ebb5a74383c7fe22b35a7293fa22afb045,e810d4b594e46a05c3ca192140a74700a2c185fa84d50a78d52c966a91f10619
SRC-G-0460,General,RAI4-0763,G_SOC_POWER,불평등·권력 집중,Inequality and Power Concentration,0.735481,0.740492,0.0,,KEEP,SEMANTIC_ALIGNMENT_WITH_IMMUTABLE_L3,09a89b770897a4db2a8c867b857e9558793599f830bfbe376ea21eacdb7fb72d,1e1afd285b7734023f862e2a98c1b429209b2407f2f7bff419ff3c307180f8c7
SRC-G-0461,General,RAI4-0804,G_SOC_CULT,문화·지식 생태계 침식,Cultural and Epistemic Erosion,0.763672,0.781179,0.0,,KEEP,SEMANTIC_ALIGNMENT_WITH_IMMUTABLE_L3,2ff58344ac443f426e7a10c12574ca1b5a2888f4471ca84031a6ae0c66fe9c1c,7b36bfd0f3bf160532880b9435252c8d5548c8139537fbbab64546ed10fb8a66
SRC-G-0462,General,RAI4-0823,G_INT_VIOL,폭력,Violence,0.749315,0.784717,0.4,,KEEP,LEXICAL_ALIGNMENT_WITH_IMMUTABLE_L3,01a5778bc0e4e95fd6c81ac83021669ebb6bea803e066e296763e73bd41776a6,2fcd57819bc921aa99a9e7718736d68f26ab368eb8a6796e32127df50dc21d7d
SRC-G-0463,General,RAI4-0896,G_INT_UNETH,비윤리 행위·조작,Unethical Conduct and Manipulation,0.70956,0.709421,0.1,,KEEP,LEXICAL_ALIGNMENT_WITH_IMMUTABLE_L3,8addd2f36fe9e6fb809fa93c0058bfe5986caba91950f52805b91b2cb4afd871,880adce35f526e2201acf0f3f1278c1da7510d5a733ba9b194ff029b946fccc2
SRC-G-0464,General,RAI4-0906,G_SOC_POWER,불평등·권력 집중,Inequality and Power Concentration,0.699582,0.705434,0.0,,KEEP,SEMANTIC_ALIGNMENT_WITH_IMMUTABLE_L3,09a89b770897a4db2a8c867b857e9558793599f830bfbe376ea21eacdb7fb72d,1e1afd285b7734023f862e2a98c1b429209b2407f2f7bff419ff3c307180f8c7
SRC-G-0465,General,RAI4-0975,G_INT_UNETH,비윤리 행위·조작,Unethical Conduct and Manipulation,0.814404,0.848821,0.3,,KEEP,LEXICAL_ALIGNMENT_WITH_IMMUTABLE_L3,8addd2f36fe9e6fb809fa93c0058bfe5986caba91950f52805b91b2cb4afd871,880adce35f526e2201acf0f3f1278c1da7510d5a733ba9b194ff029b946fccc2
SRC-G-0466,General,RAI4-0979,G_INT_COPY,저작권 침해,Copyright Infringement,0.783217,0.839345,0.6,,KEEP,LEXICAL_ALIGNMENT_WITH_IMMUTABLE_L3,f7d008946cf2c5bfc67657a56f731e9a5986833e2275839dff9e7d0da8ccc957,0bdd3478a510aab4c5ea5a5d2338f63715e1bf3456f084be5128b05cbae3fa7c
SRC-G-0467,General,RAI4-0994,G_INT_ALLOC,배분적 차별,Allocative Discrimination,0.766699,0.789108,0.1,,KEEP,LEXICAL_ALIGNMENT_WITH_IMMUTABLE_L3,434487aa97473921e4c790ebe534abda1b33d2eaf4dab78a279182af9b55e669,aea725cea4b4bc84ad8fd56ed874ec0d14a8a0c698246239d405a10c7dbd681b
SRC-G-0469,General,RAI4-1004,G_INT_VALUE,가치 부과·규범 동질화,Value Imposition and Normative Homogenization,0.687689,0.695347,0.0,,KEEP,SEMANTIC_ALIGNMENT_WITH_IMMUTABLE_L3,520d015d8dc2a4ea6616b2df67c01ef1c602a694fc862f817fea85deb09095ae,200b506e652d253910ba22c53eca0b0aae0887da58b13fe4a834408b64eea128
SRC-G-0470,General,RAI4-1010,G_INT_POL,정치적 편향·조작,Political Bias and Manipulation,0.764812,0.797005,0.3,,KEEP,LEXICAL_ALIGNMENT_WITH_IMMUTABLE_L3,681f03937e33814fccc50dd167e6bcf89a1ea818460383e8a737686d8d925c37,dfdae92b1b1018dd138d8a84c08ba0d1c21247cab3e2796a63b67e7638afd945
SRC-G-0471,General,RAI4-1016,G_SOC_ECON,경제·고용 충격,Economic and Employment Disruption,0.713084,0.726204,0.0,,KEEP,SEMANTIC_ALIGNMENT_WITH_IMMUTABLE_L3,ad18ce106c3ee8ad4bdf7af961031c2bfa1418fb6e02571a2c020873a54e8261,29346b74907e161bd150ed57a963c8f545b5fce8ed040ac8aeddb3e1f7f3c305
SRC-G-0472,General,RAI4-1029,G_INT_UNETH,비윤리 행위·조작,Unethical Conduct and Manipulation,0.760928,0.778669,0.1,,KEEP,LEXICAL_ALIGNMENT_WITH_IMMUTABLE_L3,8addd2f36fe9e6fb809fa93c0058bfe5986caba91950f52805b91b2cb4afd871,880adce35f526e2201acf0f3f1278c1da7510d5a733ba9b194ff029b946fccc2
SRC-G-0473,General,RAI4-1119,G_SOC_POWER,불평등·권력 집중,Inequality and Power Concentration,0.745403,0.762683,0.0,,KEEP,SEMANTIC_ALIGNMENT_WITH_IMMUTABLE_L3,09a89b770897a4db2a8c867b857e9558793599f830bfbe376ea21eacdb7fb72d,1e1afd285b7734023f862e2a98c1b429209b2407f2f7bff419ff3c307180f8c7
SRC-G-0475,General,RAI4-1218,G_SOC_POWER,불평등·권력 집중,Inequality and Power Concentration,0.733317,0.757226,0.2,,KEEP,LEXICAL_ALIGNMENT_WITH_IMMUTABLE_L3,09a89b770897a4db2a8c867b857e9558793599f830bfbe376ea21eacdb7fb72d,1e1afd285b7734023f862e2a98c1b429209b2407f2f7bff419ff3c307180f8c7
SRC-G-0477,General,RAI4-1239,G_SOC_ENV,환경·지속가능성 영향,Environmental and Sustainability Impact,0.746438,0.772142,0.3,,KEEP,LEXICAL_ALIGNMENT_WITH_IMMUTABLE_L3,64c7605545921e1ccbf93e76fa58be4bdfa1f94180b90db3e023ed9ee51017f9,386bed3732ff81178d18653beaeff9bc1b674f63c9e2dda6f162c061ebfe66f4
SRC-G-0478,General,RAI4-1246,G_INT_UNETH,비윤리 행위·조작,Unethical Conduct and Manipulation,0.773097,0.780778,0.0,,KEEP,SEMANTIC_ALIGNMENT_WITH_IMMUTABLE_L3,8addd2f36fe9e6fb809fa93c0058bfe5986caba91950f52805b91b2cb4afd871,880adce35f526e2201acf0f3f1278c1da7510d5a733ba9b194ff029b946fccc2
SRC-G-0479,General,RAI4-1260,G_SOC_POWER,불평등·권력 집중,Inequality and Power Concentration,0.751117,0.766547,0.0,,KEEP,SEMANTIC_ALIGNMENT_WITH_IMMUTABLE_L3,09a89b770897a4db2a8c867b857e9558793599f830bfbe376ea21eacdb7fb72d,1e1afd285b7734023f862e2a98c1b429209b2407f2f7bff419ff3c307180f8c7
SRC-G-0480,General,RAI4-1326,G_INT_UNETH,비윤리 행위·조작,Unethical Conduct and Manipulation,0.722205,0.727409,0.0,,KEEP,SEMANTIC_ALIGNMENT_WITH_IMMUTABLE_L3,8addd2f36fe9e6fb809fa93c0058bfe5986caba91950f52805b91b2cb4afd871,880adce35f526e2201acf0f3f1278c1da7510d5a733ba9b194ff029b946fccc2
SRC-G-0481,General,RAI4-1330,G_SOC_POWER,불평등·권력 집중,Inequality and Power Concentration,0.702877,0.711917,0.0,,KEEP,SEMANTIC_ALIGNMENT_WITH_IMMUTABLE_L3,09a89b770897a4db2a8c867b857e9558793599f830bfbe376ea21eacdb7fb72d,1e1afd285b7734023f862e2a98c1b429209b2407f2f7bff419ff3c307180f8c7
SRC-G-0482,General,RAI4-1341,G_SOC_ECON,경제·고용 충격,Economic and Employment Disruption,0.792257,0.820632,0.3,,KEEP,LEXICAL_ALIGNMENT_WITH_IMMUTABLE_L3,ad18ce106c3ee8ad4bdf7af961031c2bfa1418fb6e02571a2c020873a54e8261,29346b74907e161bd150ed57a963c8f545b5fce8ed040ac8aeddb3e1f7f3c305
SRC-G-0483,General,RAI4-1418,G_SOC_POWER,불평등·권력 집중,Inequality and Power Concentration,0.712102,0.728076,0.0,,KEEP,SEMANTIC_ALIGNMENT_WITH_IMMUTABLE_L3,09a89b770897a4db2a8c867b857e9558793599f830bfbe376ea21eacdb7fb72d,1e1afd285b7734023f862e2a98c1b429209b2407f2f7bff419ff3c307180f8c7
SRC-G-0484,General,RAI4-1533,G_SYS_MISINFO,허위정보,Misinformation,0.79192,0.806448,0.1,,KEEP,LEXICAL_ALIGNMENT_WITH_IMMUTABLE_L3,797957ed8863fcae89bdad19a6065f6ee992f2f5822d4dd90a680627c82a6db5,fe14d390678f5a1b9e98bc4b3644d80ff9df0259f22ca83a2a38e0fe37735aae
SRC-G-0485,General,RAI4-1546,G_SYS_OEXT,역량 초과 수행,Over-Extension,0.759953,0.76686,0.0,,KEEP,SEMANTIC_ALIGNMENT_WITH_IMMUTABLE_L3,70e5ee7d3f180821234f83358222ee5b897243cc8ebc63aa43a6dbbd1f6dbda9,d3756c4b1b0086e6f4308ed89ac0670430e8de0fc6286e12ddbfb7a76db08677
SRC-G-0486,General,RAI4-1555,G_SYS_MISINFO,허위정보,Misinformation,0.757953,0.783995,0.2,,KEEP,LEXICAL_ALIGNMENT_WITH_IMMUTABLE_L3,797957ed8863fcae89bdad19a6065f6ee992f2f5822d4dd90a680627c82a6db5,fe14d390678f5a1b9e98bc4b3644d80ff9df0259f22ca83a2a38e0fe37735aae
SRC-G-0487,General,RAI4-1566,G_INT_SEX,성적 위해·착취,Sexual Harm and Exploitation,0.766655,0.792864,0.2,,KEEP,LEXICAL_ALIGNMENT_WITH_IMMUTABLE_L3,6dd0f6ad8c1dda363f5b2cb5d75054fa28ee6d35e9a7cc3742c51ba8e683f965,9c34dc211518a51b16eebe3b803a3f5bb20f6f0b9138f147df7a0af4232e460e
SRC-G-0488,General,RAI4-1586,G_SOC_POWER,불평등·권력 집중,Inequality and Power Concentration,0.67306,0.681237,0.0,,KEEP,SEMANTIC_ALIGNMENT_WITH_IMMUTABLE_L3,09a89b770897a4db2a8c867b857e9558793599f830bfbe376ea21eacdb7fb72d,1e1afd285b7734023f862e2a98c1b429209b2407f2f7bff419ff3c307180f8c7
SRC-G-0489,General,RAI4-1607,G_SYS_CONTEST,이의제기 차단,Non-Contestability,0.712705,0.719042,0.0,,KEEP,SEMANTIC_ALIGNMENT_WITH_IMMUTABLE_L3,dc5e68069f4e282841f68609c7bf3d06f272394b4af1d9e7fd453fc1eaba32a4,44d57f33227e51c5d41141b75a548727d7f5cda81b39921c31f03ac3169a2a9d
SRC-G-0490,General,RAI4-1640,G_SYS_CONTEST,이의제기 차단,Non-Contestability,0.67902,0.685974,0.0,,KEEP,SEMANTIC_ALIGNMENT_WITH_IMMUTABLE_L3,dc5e68069f4e282841f68609c7bf3d06f272394b4af1d9e7fd453fc1eaba32a4,44d57f33227e51c5d41141b75a548727d7f5cda81b39921c31f03ac3169a2a9d
SRC-G-0491,General,RAI4-1724,G_SOC_ECON,경제·고용 충격,Economic and Employment Disruption,0.743392,0.749212,0.0,,KEEP,SEMANTIC_ALIGNMENT_WITH_IMMUTABLE_L3,ad18ce106c3ee8ad4bdf7af961031c2bfa1418fb6e02571a2c020873a54e8261,29346b74907e161bd150ed57a963c8f545b5fce8ed040ac8aeddb3e1f7f3c305
SRC-G-0492,General,new,G_INT_VIOL,폭력,Violence,0.861345,1.220152,0.7,G_INT_VIOL,KEEP,CURATED_ALIGNMENT_WITH_IMMUTABLE_L3,01a5778bc0e4e95fd6c81ac83021669ebb6bea803e066e296763e73bd41776a6,2fcd57819bc921aa99a9e7718736d68f26ab368eb8a6796e32127df50dc21d7d
SRC-G-0493,General,new,G_INT_VIOL,폭력,Violence,0.82352,1.165865,0.4,G_INT_VIOL,KEEP,CURATED_ALIGNMENT_WITH_IMMUTABLE_L3,01a5778bc0e4e95fd6c81ac83021669ebb6bea803e066e296763e73bd41776a6,2fcd57819bc921aa99a9e7718736d68f26ab368eb8a6796e32127df50dc21d7d
SRC-G-0494,General,new,G_INT_VIOL,폭력,Violence,0.854691,1.216463,0.7,G_INT_VIOL,KEEP,CURATED_ALIGNMENT_WITH_IMMUTABLE_L3,01a5778bc0e4e95fd6c81ac83021669ebb6bea803e066e296763e73bd41776a6,2fcd57819bc921aa99a9e7718736d68f26ab368eb8a6796e32127df50dc21d7d
SRC-G-0495,General,new,G_INT_VIOL,폭력,Violence,0.844366,1.177317,0.3,G_INT_VIOL,KEEP,CURATED_ALIGNMENT_WITH_IMMUTABLE_L3,01a5778bc0e4e95fd6c81ac83021669ebb6bea803e066e296763e73bd41776a6,2fcd57819bc921aa99a9e7718736d68f26ab368eb8a6796e32127df50dc21d7d
SRC-G-0496,General,new,G_INT_VIOL,폭력,Violence,0.880836,1.23428,0.6,G_INT_VIOL,KEEP,CURATED_ALIGNMENT_WITH_IMMUTABLE_L3,01a5778bc0e4e95fd6c81ac83021669ebb6bea803e066e296763e73bd41776a6,2fcd57819bc921aa99a9e7718736d68f26ab368eb8a6796e32127df50dc21d7d
SRC-G-0497,General,new,G_INT_VIOL,폭력,Violence,0.871038,1.22476,0.6,G_INT_VIOL,KEEP,CURATED_ALIGNMENT_WITH_IMMUTABLE_L3,01a5778bc0e4e95fd6c81ac83021669ebb6bea803e066e296763e73bd41776a6,2fcd57819bc921aa99a9e7718736d68f26ab368eb8a6796e32127df50dc21d7d
SRC-G-0498,General,new,G_INT_VIOL,폭력,Violence,0.867442,1.209972,0.4,G_INT_VIOL,KEEP,CURATED_ALIGNMENT_WITH_IMMUTABLE_L3,01a5778bc0e4e95fd6c81ac83021669ebb6bea803e066e296763e73bd41776a6,2fcd57819bc921aa99a9e7718736d68f26ab368eb8a6796e32127df50dc21d7d
SRC-G-0499,General,new,G_INT_SEX,성적 위해·착취,Sexual Harm and Exploitation,0.915669,1.276075,0.7,G_INT_SEX,KEEP,CURATED_ALIGNMENT_WITH_IMMUTABLE_L3,6dd0f6ad8c1dda363f5b2cb5d75054fa28ee6d35e9a7cc3742c51ba8e683f965,9c34dc211518a51b16eebe3b803a3f5bb20f6f0b9138f147df7a0af4232e460e
SRC-G-0500,General,new,G_INT_SEX,성적 위해·착취,Sexual Harm and Exploitation,0.848948,1.204068,0.7,G_INT_SEX,KEEP,CURATED_ALIGNMENT_WITH_IMMUTABLE_L3,6dd0f6ad8c1dda363f5b2cb5d75054fa28ee6d35e9a7cc3742c51ba8e683f965,9c34dc211518a51b16eebe3b803a3f5bb20f6f0b9138f147df7a0af4232e460e
SRC-G-0501,General,new,G_INT_SEX,성적 위해·착취,Sexual Harm and Exploitation,0.859702,1.210254,0.6,G_INT_SEX,KEEP,CURATED_ALIGNMENT_WITH_IMMUTABLE_L3,6dd0f6ad8c1dda363f5b2cb5d75054fa28ee6d35e9a7cc3742c51ba8e683f965,9c34dc211518a51b16eebe3b803a3f5bb20f6f0b9138f147df7a0af4232e460e
SRC-G-0502,General,new,G_INT_SEX,성적 위해·착취,Sexual Harm and Exploitation,0.902355,1.268225,0.8,G_INT_SEX,KEEP,CURATED_ALIGNMENT_WITH_IMMUTABLE_L3,6dd0f6ad8c1dda363f5b2cb5d75054fa28ee6d35e9a7cc3742c51ba8e683f965,9c34dc211518a51b16eebe3b803a3f5bb20f6f0b9138f147df7a0af4232e460e
SRC-G-0503,General,new,G_INT_SEX,성적 위해·착취,Sexual Harm and Exploitation,0.857583,1.195396,0.4,G_INT_SEX,KEEP,CURATED_ALIGNMENT_WITH_IMMUTABLE_L3,6dd0f6ad8c1dda363f5b2cb5d75054fa28ee6d35e9a7cc3742c51ba8e683f965,9c34dc211518a51b16eebe3b803a3f5bb20f6f0b9138f147df7a0af4232e460e
SRC-G-0504,General,new,G_INT_SEX,성적 위해·착취,Sexual Harm and Exploitation,0.865326,1.207037,0.4,G_INT_SEX,KEEP,CURATED_ALIGNMENT_WITH_IMMUTABLE_L3,6dd0f6ad8c1dda363f5b2cb5d75054fa28ee6d35e9a7cc3742c51ba8e683f965,9c34dc211518a51b16eebe3b803a3f5bb20f6f0b9138f147df7a0af4232e460e
SRC-G-0505,General,new,G_INT_SEX,성적 위해·착취,Sexual Harm and Exploitation,0.854604,1.195095,0.4,G_INT_SEX,KEEP,CURATED_ALIGNMENT_WITH_IMMUTABLE_L3,6dd0f6ad8c1dda363f5b2cb5d75054fa28ee6d35e9a7cc3742c51ba8e683f965,9c34dc211518a51b16eebe3b803a3f5bb20f6f0b9138f147df7a0af4232e460e
SRC-G-0506,General,new,G_INT_SEX,성적 위해·착취,Sexual Harm and Exploitation,0.8154,1.142841,0.2,G_INT_SEX,KEEP,CURATED_ALIGNMENT_WITH_IMMUTABLE_L3,6dd0f6ad8c1dda363f5b2cb5d75054fa28ee6d35e9a7cc3742c51ba8e683f965,9c34dc211518a51b16eebe3b803a3f5bb20f6f0b9138f147df7a0af4232e460e
SRC-G-0507,General,new,G_INT_SELF,자해,Self-harm,0.864465,1.208862,0.4,G_INT_SELF,KEEP,CURATED_ALIGNMENT_WITH_IMMUTABLE_L3,ca36c35d02b16041e4691bc053502861c80a82916ecc6b808524f660b3037eff,30c7a695d30ae124b573a61695295e2f49bf64294c4425e278b1ea6a54d08302
SRC-G-0508,General,new,G_INT_SELF,자해,Self-harm,0.812907,1.161832,0.5,G_INT_SELF,KEEP,CURATED_ALIGNMENT_WITH_IMMUTABLE_L3,ca36c35d02b16041e4691bc053502861c80a82916ecc6b808524f660b3037eff,30c7a695d30ae124b573a61695295e2f49bf64294c4425e278b1ea6a54d08302
SRC-G-0509,General,new,G_INT_SELF,자해,Self-harm,0.878039,1.221413,0.4,G_INT_SELF,KEEP,CURATED_ALIGNMENT_WITH_IMMUTABLE_L3,ca36c35d02b16041e4691bc053502861c80a82916ecc6b808524f660b3037eff,30c7a695d30ae124b573a61695295e2f49bf64294c4425e278b1ea6a54d08302
SRC-G-0510,General,new,G_INT_SELF,자해,Self-harm,0.848168,1.209822,0.7,G_INT_SELF,KEEP,CURATED_ALIGNMENT_WITH_IMMUTABLE_L3,ca36c35d02b16041e4691bc053502861c80a82916ecc6b808524f660b3037eff,30c7a695d30ae124b573a61695295e2f49bf64294c4425e278b1ea6a54d08302
SRC-G-0511,General,new,G_INT_SELF,자해,Self-harm,0.833969,1.176262,0.4,G_INT_SELF,KEEP,CURATED_ALIGNMENT_WITH_IMMUTABLE_L3,ca36c35d02b16041e4691bc053502861c80a82916ecc6b808524f660b3037eff,30c7a695d30ae124b573a61695295e2f49bf64294c4425e278b1ea6a54d08302
SRC-G-0512,General,new,G_INT_SELF,자해,Self-harm,0.846259,1.18938,0.4,G_INT_SELF,KEEP,CURATED_ALIGNMENT_WITH_IMMUTABLE_L3,ca36c35d02b16041e4691bc053502861c80a82916ecc6b808524f660b3037eff,30c7a695d30ae124b573a61695295e2f49bf64294c4425e278b1ea6a54d08302
SRC-G-0513,General,new,G_INT_SELF,자해,Self-harm,0.825364,1.161682,0.3,G_INT_SELF,KEEP,CURATED_ALIGNMENT_WITH_IMMUTABLE_L3,ca36c35d02b16041e4691bc053502861c80a82916ecc6b808524f660b3037eff,30c7a695d30ae124b573a61695295e2f49bf64294c4425e278b1ea6a54d08302
SRC-G-0514,General,new,G_INT_SELF,자해,Self-harm,0.852699,1.207762,0.6,G_INT_SELF,KEEP,CURATED_ALIGNMENT_WITH_IMMUTABLE_L3,ca36c35d02b16041e4691bc053502861c80a82916ecc6b808524f660b3037eff,30c7a695d30ae124b573a61695295e2f49bf64294c4425e278b1ea6a54d08302
SRC-G-0515,General,new,G_INT_REPR,재현적 피해·고정관념,Representational Harm and Stereotyping,0.822841,1.157668,0.3,G_INT_REPR,KEEP,CURATED_ALIGNMENT_WITH_IMMUTABLE_L3,62cf71762f7fa11e16e93599dfad2d22776d122e0cd5bf0fb7c763978df9a062,ee6426f14247cfe24d654e615a5bb6383bcd3947a52e064a8182ee5d37882ae4
SRC-G-0516,General,new,G_INT_REPR,재현적 피해·고정관념,Representational Harm and Stereotyping,0.805355,1.139239,0.3,G_INT_REPR,KEEP,CURATED_ALIGNMENT_WITH_IMMUTABLE_L3,62cf71762f7fa11e16e93599dfad2d22776d122e0cd5bf0fb7c763978df9a062,ee6426f14247cfe24d654e615a5bb6383bcd3947a52e064a8182ee5d37882ae4
SRC-G-0517,General,new,G_INT_REPR,재현적 피해·고정관념,Representational Harm and Stereotyping,0.809583,1.145778,0.3,G_INT_REPR,KEEP,CURATED_ALIGNMENT_WITH_IMMUTABLE_L3,62cf71762f7fa11e16e93599dfad2d22776d122e0cd5bf0fb7c763978df9a062,ee6426f14247cfe24d654e615a5bb6383bcd3947a52e064a8182ee5d37882ae4
SRC-G-0518,General,new,G_INT_REPR,재현적 피해·고정관념,Representational Harm and Stereotyping,0.821057,1.161301,0.4,G_INT_REPR,KEEP,CURATED_ALIGNMENT_WITH_IMMUTABLE_L3,62cf71762f7fa11e16e93599dfad2d22776d122e0cd5bf0fb7c763978df9a062,ee6426f14247cfe24d654e615a5bb6383bcd3947a52e064a8182ee5d37882ae4
SRC-G-0519,General,new,G_INT_REPR,재현적 피해·고정관념,Representational Harm and Stereotyping,0.823544,1.157161,0.3,G_INT_REPR,KEEP,CURATED_ALIGNMENT_WITH_IMMUTABLE_L3,62cf71762f7fa11e16e93599dfad2d22776d122e0cd5bf0fb7c763978df9a062,ee6426f14247cfe24d654e615a5bb6383bcd3947a52e064a8182ee5d37882ae4
SRC-G-0520,General,new,G_INT_REPR,재현적 피해·고정관념,Representational Harm and Stereotyping,0.806933,1.147514,0.4,G_INT_REPR,KEEP,CURATED_ALIGNMENT_WITH_IMMUTABLE_L3,62cf71762f7fa11e16e93599dfad2d22776d122e0cd5bf0fb7c763978df9a062,ee6426f14247cfe24d654e615a5bb6383bcd3947a52e064a8182ee5d37882ae4
SRC-G-0521,General,new,G_INT_REPR,재현적 피해·고정관념,Representational Harm and Stereotyping,0.817507,1.157282,0.4,G_INT_REPR,KEEP,CURATED_ALIGNMENT_WITH_IMMUTABLE_L3,62cf71762f7fa11e16e93599dfad2d22776d122e0cd5bf0fb7c763978df9a062,ee6426f14247cfe24d654e615a5bb6383bcd3947a52e064a8182ee5d37882ae4
SRC-G-0522,General,new,G_INT_REPR,재현적 피해·고정관념,Representational Harm and Stereotyping,0.787234,1.126144,0.4,G_INT_REPR,KEEP,CURATED_ALIGNMENT_WITH_IMMUTABLE_L3,62cf71762f7fa11e16e93599dfad2d22776d122e0cd5bf0fb7c763978df9a062,ee6426f14247cfe24d654e615a5bb6383bcd3947a52e064a8182ee5d37882ae4
SRC-G-0523,General,new,G_INT_REPR,재현적 피해·고정관념,Representational Harm and Stereotyping,0.81434,1.149822,0.3,G_INT_REPR,KEEP,CURATED_ALIGNMENT_WITH_IMMUTABLE_L3,62cf71762f7fa11e16e93599dfad2d22776d122e0cd5bf0fb7c763978df9a062,ee6426f14247cfe24d654e615a5bb6383bcd3947a52e064a8182ee5d37882ae4
SRC-G-0524,General,new,G_INT_REPR,재현적 피해·고정관념,Representational Harm and Stereotyping,0.816516,1.149528,0.3,G_INT_REPR,KEEP,CURATED_ALIGNMENT_WITH_IMMUTABLE_L3,62cf71762f7fa11e16e93599dfad2d22776d122e0cd5bf0fb7c763978df9a062,ee6426f14247cfe24d654e615a5bb6383bcd3947a52e064a8182ee5d37882ae4
SRC-G-0525,General,new,G_INT_REPR,재현적 피해·고정관념,Representational Harm and Stereotyping,0.820282,1.154079,0.3,G_INT_REPR,KEEP,CURATED_ALIGNMENT_WITH_IMMUTABLE_L3,62cf71762f7fa11e16e93599dfad2d22776d122e0cd5bf0fb7c763978df9a062,ee6426f14247cfe24d654e615a5bb6383bcd3947a52e064a8182ee5d37882ae4
SRC-G-0526,General,new,G_INT_REPR,재현적 피해·고정관념,Representational Harm and Stereotyping,0.802998,1.138682,0.3,G_INT_REPR,KEEP,CURATED_ALIGNMENT_WITH_IMMUTABLE_L3,62cf71762f7fa11e16e93599dfad2d22776d122e0cd5bf0fb7c763978df9a062,ee6426f14247cfe24d654e615a5bb6383bcd3947a52e064a8182ee5d37882ae4
SRC-G-0527,General,new,G_INT_REPR,재현적 피해·고정관념,Representational Harm and Stereotyping,0.801884,1.137166,0.3,G_INT_REPR,KEEP,CURATED_ALIGNMENT_WITH_IMMUTABLE_L3,62cf71762f7fa11e16e93599dfad2d22776d122e0cd5bf0fb7c763978df9a062,ee6426f14247cfe24d654e615a5bb6383bcd3947a52e064a8182ee5d37882ae4
SRC-G-0528,General,new,G_INT_REPR,재현적 피해·고정관념,Representational Harm and Stereotyping,0.790245,1.124686,0.3,G_INT_REPR,KEEP,CURATED_ALIGNMENT_WITH_IMMUTABLE_L3,62cf71762f7fa11e16e93599dfad2d22776d122e0cd5bf0fb7c763978df9a062,ee6426f14247cfe24d654e615a5bb6383bcd3947a52e064a8182ee5d37882ae4
SRC-G-0529,General,new,G_INT_POL,정치적 편향·조작,Political Bias and Manipulation,0.887581,1.252644,0.8,G_INT_POL,KEEP,CURATED_ALIGNMENT_WITH_IMMUTABLE_L3,681f03937e33814fccc50dd167e6bcf89a1ea818460383e8a737686d8d925c37,dfdae92b1b1018dd138d8a84c08ba0d1c21247cab3e2796a63b67e7638afd945
SRC-G-0530,General,new,G_INT_POL,정치적 편향·조작,Political Bias and Manipulation,0.878301,1.233038,0.7,G_INT_POL,KEEP,CURATED_ALIGNMENT_WITH_IMMUTABLE_L3,681f03937e33814fccc50dd167e6bcf89a1ea818460383e8a737686d8d925c37,dfdae92b1b1018dd138d8a84c08ba0d1c21247cab3e2796a63b67e7638afd945
SRC-G-0531,General,new,G_INT_POL,정치적 편향·조작,Political Bias and Manipulation,0.848465,1.183153,0.4,G_INT_POL,KEEP,CURATED_ALIGNMENT_WITH_IMMUTABLE_L3,681f03937e33814fccc50dd167e6bcf89a1ea818460383e8a737686d8d925c37,dfdae92b1b1018dd138d8a84c08ba0d1c21247cab3e2796a63b67e7638afd945
SRC-G-0532,General,new,G_INT_POL,정치적 편향·조작,Political Bias and Manipulation,0.809329,1.14203,0.4,G_INT_POL,KEEP,CURATED_ALIGNMENT_WITH_IMMUTABLE_L3,681f03937e33814fccc50dd167e6bcf89a1ea818460383e8a737686d8d925c37,dfdae92b1b1018dd138d8a84c08ba0d1c21247cab3e2796a63b67e7638afd945
SRC-G-0533,General,new,G_INT_POL,정치적 편향·조작,Political Bias and Manipulation,0.839418,1.193009,0.7,G_INT_POL,KEEP,CURATED_ALIGNMENT_WITH_IMMUTABLE_L3,681f03937e33814fccc50dd167e6bcf89a1ea818460383e8a737686d8d925c37,dfdae92b1b1018dd138d8a84c08ba0d1c21247cab3e2796a63b67e7638afd945
SRC-G-0534,General,new,G_INT_POL,정치적 편향·조작,Political Bias and Manipulation,0.835493,1.188488,0.7,G_INT_POL,KEEP,CURATED_ALIGNMENT_WITH_IMMUTABLE_L3,681f03937e33814fccc50dd167e6bcf89a1ea818460383e8a737686d8d925c37,dfdae92b1b1018dd138d8a84c08ba0d1c21247cab3e2796a63b67e7638afd945
SRC-G-0535,General,new,G_INT_ANTH,의인화,Anthropomorphism,0.908583,1.231817,0.1,G_INT_ANTH,KEEP,CURATED_ALIGNMENT_WITH_IMMUTABLE_L3,20a4bbdb8e97a3011cbcced13dc79141662bd7658e2e0d9f508f537da9e38864,364bdfd17aa83d4220e1fa993cad654224e6325ddc085a86e11c193854e34b79
SRC-G-0536,General,new,G_INT_ANTH,의인화,Anthropomorphism,0.910099,1.261923,0.6,G_INT_ANTH,KEEP,CURATED_ALIGNMENT_WITH_IMMUTABLE_L3,20a4bbdb8e97a3011cbcced13dc79141662bd7658e2e0d9f508f537da9e38864,364bdfd17aa83d4220e1fa993cad654224e6325ddc085a86e11c193854e34b79
SRC-G-0537,General,new,G_INT_ANTH,의인화,Anthropomorphism,0.91384,1.237598,0.1,G_INT_ANTH,KEEP,CURATED_ALIGNMENT_WITH_IMMUTABLE_L3,20a4bbdb8e97a3011cbcced13dc79141662bd7658e2e0d9f508f537da9e38864,364bdfd17aa83d4220e1fa993cad654224e6325ddc085a86e11c193854e34b79
SRC-G-0538,General,new,G_INT_ANTH,의인화,Anthropomorphism,0.874245,1.196436,0.1,G_INT_ANTH,KEEP,CURATED_ALIGNMENT_WITH_IMMUTABLE_L3,20a4bbdb8e97a3011cbcced13dc79141662bd7658e2e0d9f508f537da9e38864,364bdfd17aa83d4220e1fa993cad654224e6325ddc085a86e11c193854e34b79
SRC-G-0539,General,new,G_INT_ANTH,의인화,Anthropomorphism,0.878783,1.200583,0.1,G_INT_ANTH,KEEP,CURATED_ALIGNMENT_WITH_IMMUTABLE_L3,20a4bbdb8e97a3011cbcced13dc79141662bd7658e2e0d9f508f537da9e38864,364bdfd17aa83d4220e1fa993cad654224e6325ddc085a86e11c193854e34b79
SRC-G-0540,General,new,G_INT_ANTH,의인화,Anthropomorphism,0.910393,1.232416,0.1,G_INT_ANTH,KEEP,CURATED_ALIGNMENT_WITH_IMMUTABLE_L3,20a4bbdb8e97a3011cbcced13dc79141662bd7658e2e0d9f508f537da9e38864,364bdfd17aa83d4220e1fa993cad654224e6325ddc085a86e11c193854e34b79
SRC-G-0541,General,new,G_INT_ANTH,의인화,Anthropomorphism,0.903962,1.226182,0.1,G_INT_ANTH,KEEP,CURATED_ALIGNMENT_WITH_IMMUTABLE_L3,20a4bbdb8e97a3011cbcced13dc79141662bd7658e2e0d9f508f537da9e38864,364bdfd17aa83d4220e1fa993cad654224e6325ddc085a86e11c193854e34b79
SRC-G-0542,General,new,G_INT_ANTH,의인화,Anthropomorphism,0.879448,1.199569,0.1,G_INT_ANTH,KEEP,CURATED_ALIGNMENT_WITH_IMMUTABLE_L3,20a4bbdb8e97a3011cbcced13dc79141662bd7658e2e0d9f508f537da9e38864,364bdfd17aa83d4220e1fa993cad654224e6325ddc085a86e11c193854e34b79
SRC-G-0543,General,new,G_INT_ANTH,의인화,Anthropomorphism,0.88377,1.202288,0.1,G_INT_ANTH,KEEP,CURATED_ALIGNMENT_WITH_IMMUTABLE_L3,20a4bbdb8e97a3011cbcced13dc79141662bd7658e2e0d9f508f537da9e38864,364bdfd17aa83d4220e1fa993cad654224e6325ddc085a86e11c193854e34b79
SRC-G-0544,General,new,G_INT_ANTH,의인화,Anthropomorphism,0.835113,1.158941,0.1,G_INT_ANTH,KEEP,CURATED_ALIGNMENT_WITH_IMMUTABLE_L3,20a4bbdb8e97a3011cbcced13dc79141662bd7658e2e0d9f508f537da9e38864,364bdfd17aa83d4220e1fa993cad654224e6325ddc085a86e11c193854e34b79
SRC-G-0553,General,new,G_INT_PRIV,개인정보 침해,Privacy Violation,0.874523,1.243612,0.9,G_INT_PRIV,KEEP,CURATED_ALIGNMENT_WITH_IMMUTABLE_L3,e7e7b317cb248f43011df2a13fc1c2640f61f92c2e4e199f7476a950a32246f7,9857c027722d9d216550da8c1bd4fd6038a0b5a034444768976fdb25f0bd123b
SRC-G-0554,General,new,G_INT_PRIV,개인정보 침해,Privacy Violation,0.874969,1.222292,0.5,G_INT_PRIV,KEEP,CURATED_ALIGNMENT_WITH_IMMUTABLE_L3,e7e7b317cb248f43011df2a13fc1c2640f61f92c2e4e199f7476a950a32246f7,9857c027722d9d216550da8c1bd4fd6038a0b5a034444768976fdb25f0bd123b
SRC-G-0555,General,new,G_INT_PRIV,개인정보 침해,Privacy Violation,0.839101,1.184533,0.5,G_INT_PRIV,KEEP,CURATED_ALIGNMENT_WITH_IMMUTABLE_L3,e7e7b317cb248f43011df2a13fc1c2640f61f92c2e4e199f7476a950a32246f7,9857c027722d9d216550da8c1bd4fd6038a0b5a034444768976fdb25f0bd123b
SRC-G-0556,General,new,G_INT_PRIV,개인정보 침해,Privacy Violation,0.877187,1.237206,0.7,G_INT_PRIV,KEEP,CURATED_ALIGNMENT_WITH_IMMUTABLE_L3,e7e7b317cb248f43011df2a13fc1c2640f61f92c2e4e199f7476a950a32246f7,9857c027722d9d216550da8c1bd4fd6038a0b5a034444768976fdb25f0bd123b
SRC-G-0557,General,new,G_INT_PRIV,개인정보 침해,Privacy Violation,0.822812,1.177966,0.7,G_INT_PRIV,KEEP,CURATED_ALIGNMENT_WITH_IMMUTABLE_L3,e7e7b317cb248f43011df2a13fc1c2640f61f92c2e4e199f7476a950a32246f7,9857c027722d9d216550da8c1bd4fd6038a0b5a034444768976fdb25f0bd123b
SRC-G-0558,General,new,G_INT_PRIV,개인정보 침해,Privacy Violation,0.879021,1.227148,0.5,G_INT_PRIV,KEEP,CURATED_ALIGNMENT_WITH_IMMUTABLE_L3,e7e7b317cb248f43011df2a13fc1c2640f61f92c2e4e199f7476a950a32246f7,9857c027722d9d216550da8c1bd4fd6038a0b5a034444768976fdb25f0bd123b
SRC-G-0559,General,new,G_INT_PRIV,개인정보 침해,Privacy Violation,0.852833,1.206067,0.6,G_INT_PRIV,KEEP,CURATED_ALIGNMENT_WITH_IMMUTABLE_L3,e7e7b317cb248f43011df2a13fc1c2640f61f92c2e4e199f7476a950a32246f7,9857c027722d9d216550da8c1bd4fd6038a0b5a034444768976fdb25f0bd123b
SRC-G-0560,General,new,G_INT_ILLEGAL,불법 행위,Illegal Conduct,0.86466,1.211064,0.5,G_INT_ILLEGAL,KEEP,CURATED_ALIGNMENT_WITH_IMMUTABLE_L3,38b825cf2c41a12e6630dcac9f49d4104443c552a548ea9025893272841bd551,4a26bdd80b86074be91b6e168fc85d3322374f4074e9822d02865e498b3425ed
SRC-G-0561,General,new,G_INT_ILLEGAL,불법 행위,Illegal Conduct,0.810308,1.120897,0.0,G_INT_ILLEGAL,KEEP,CURATED_ALIGNMENT_WITH_IMMUTABLE_L3,38b825cf2c41a12e6630dcac9f49d4104443c552a548ea9025893272841bd551,4a26bdd80b86074be91b6e168fc85d3322374f4074e9822d02865e498b3425ed
SRC-G-0562,General,new,G_INT_ILLEGAL,불법 행위,Illegal Conduct,0.871777,1.21167,0.4,G_INT_ILLEGAL,KEEP,CURATED_ALIGNMENT_WITH_IMMUTABLE_L3,38b825cf2c41a12e6630dcac9f49d4104443c552a548ea9025893272841bd551,4a26bdd80b86074be91b6e168fc85d3322374f4074e9822d02865e498b3425ed
SRC-G-0563,General,new,G_INT_ILLEGAL,불법 행위,Illegal Conduct,0.889689,1.223848,0.3,G_INT_ILLEGAL,KEEP,CURATED_ALIGNMENT_WITH_IMMUTABLE_L3,38b825cf2c41a12e6630dcac9f49d4104443c552a548ea9025893272841bd551,4a26bdd80b86074be91b6e168fc85d3322374f4074e9822d02865e498b3425ed
SRC-G-0564,General,new,G_INT_ILLEGAL,불법 행위,Illegal Conduct,0.884263,1.224615,0.4,G_INT_ILLEGAL,KEEP,CURATED_ALIGNMENT_WITH_IMMUTABLE_L3,38b825cf2c41a12e6630dcac9f49d4104443c552a548ea9025893272841bd551,4a26bdd80b86074be91b6e168fc85d3322374f4074e9822d02865e498b3425ed
SRC-G-0565,General,new,G_INT_ILLEGAL,불법 행위,Illegal Conduct,0.896945,1.231824,0.3,G_INT_ILLEGAL,KEEP,CURATED_ALIGNMENT_WITH_IMMUTABLE_L3,38b825cf2c41a12e6630dcac9f49d4104443c552a548ea9025893272841bd551,4a26bdd80b86074be91b6e168fc85d3322374f4074e9822d02865e498b3425ed
SRC-G-0566,General,new,G_INT_ILLEGAL,불법 행위,Illegal Conduct,0.833506,1.166438,0.3,G_INT_ILLEGAL,KEEP,CURATED_ALIGNMENT_WITH_IMMUTABLE_L3,38b825cf2c41a12e6630dcac9f49d4104443c552a548ea9025893272841bd551,4a26bdd80b86074be91b6e168fc85d3322374f4074e9822d02865e498b3425ed
SRC-G-0567,General,new,G_INT_ILLEGAL,불법 행위,Illegal Conduct,0.829822,1.177654,0.5,G_INT_ILLEGAL,KEEP,CURATED_ALIGNMENT_WITH_IMMUTABLE_L3,38b825cf2c41a12e6630dcac9f49d4104443c552a548ea9025893272841bd551,4a26bdd80b86074be91b6e168fc85d3322374f4074e9822d02865e498b3425ed
SRC-G-0568,General,new,G_INT_ILLEGAL,불법 행위,Illegal Conduct,0.847108,1.192997,0.5,G_INT_ILLEGAL,KEEP,CURATED_ALIGNMENT_WITH_IMMUTABLE_L3,38b825cf2c41a12e6630dcac9f49d4104443c552a548ea9025893272841bd551,4a26bdd80b86074be91b6e168fc85d3322374f4074e9822d02865e498b3425ed
SRC-G-0569,General,new,G_INT_ILLEGAL,불법 행위,Illegal Conduct,0.818031,1.127319,0.0,G_INT_ILLEGAL,KEEP,CURATED_ALIGNMENT_WITH_IMMUTABLE_L3,38b825cf2c41a12e6630dcac9f49d4104443c552a548ea9025893272841bd551,4a26bdd80b86074be91b6e168fc85d3322374f4074e9822d02865e498b3425ed
SRC-G-0570,General,new,G_INT_COPY,저작권 침해,Copyright Infringement,0.833396,1.205645,0.9,G_INT_COPY,KEEP,CURATED_ALIGNMENT_WITH_IMMUTABLE_L3,f7d008946cf2c5bfc67657a56f731e9a5986833e2275839dff9e7d0da8ccc957,0bdd3478a510aab4c5ea5a5d2338f63715e1bf3456f084be5128b05cbae3fa7c
SRC-G-0571,General,new,G_INT_COPY,저작권 침해,Copyright Infringement,0.797326,1.144664,0.5,G_INT_COPY,KEEP,CURATED_ALIGNMENT_WITH_IMMUTABLE_L3,f7d008946cf2c5bfc67657a56f731e9a5986833e2275839dff9e7d0da8ccc957,0bdd3478a510aab4c5ea5a5d2338f63715e1bf3456f084be5128b05cbae3fa7c
SRC-G-0572,General,new,G_INT_COPY,저작권 침해,Copyright Infringement,0.774007,1.10326,0.2,G_INT_COPY,KEEP,CURATED_ALIGNMENT_WITH_IMMUTABLE_L3,f7d008946cf2c5bfc67657a56f731e9a5986833e2275839dff9e7d0da8ccc957,0bdd3478a510aab4c5ea5a5d2338f63715e1bf3456f084be5128b05cbae3fa7c
SRC-G-0573,General,new,G_INT_COPY,저작권 침해,Copyright Infringement,0.876622,1.238488,0.7,G_INT_COPY,KEEP,CURATED_ALIGNMENT_WITH_IMMUTABLE_L3,f7d008946cf2c5bfc67657a56f731e9a5986833e2275839dff9e7d0da8ccc957,0bdd3478a510aab4c5ea5a5d2338f63715e1bf3456f084be5128b05cbae3fa7c
SRC-G-0574,General,new,G_INT_COPY,저작권 침해,Copyright Infringement,0.803531,1.162134,0.7,G_INT_COPY,KEEP,CURATED_ALIGNMENT_WITH_IMMUTABLE_L3,f7d008946cf2c5bfc67657a56f731e9a5986833e2275839dff9e7d0da8ccc957,0bdd3478a510aab4c5ea5a5d2338f63715e1bf3456f084be5128b05cbae3fa7c
SRC-G-0575,General,new,G_INT_COPY,저작권 침해,Copyright Infringement,0.796598,1.123694,0.2,G_INT_COPY,KEEP,CURATED_ALIGNMENT_WITH_IMMUTABLE_L3,f7d008946cf2c5bfc67657a56f731e9a5986833e2275839dff9e7d0da8ccc957,0bdd3478a510aab4c5ea5a5d2338f63715e1bf3456f084be5128b05cbae3fa7c
SRC-G-0576,General,new,G_INT_COPY,저작권 침해,Copyright Infringement,0.850595,1.210998,0.7,G_INT_COPY,KEEP,CURATED_ALIGNMENT_WITH_IMMUTABLE_L3,f7d008946cf2c5bfc67657a56f731e9a5986833e2275839dff9e7d0da8ccc957,0bdd3478a510aab4c5ea5a5d2338f63715e1bf3456f084be5128b05cbae3fa7c
SRC-G-0577,General,new,G_INT_WEAP,무기화,Weaponization,0.831412,1.181982,0.6,G_INT_WEAP,KEEP,CURATED_ALIGNMENT_WITH_IMMUTABLE_L3,2e2e738edb96702290f98bbf42f118c4ffa8b5f589faf389a7eab5e33f266ce5,a24ba32f634e3e35fd1367b82be68a2544ae7bde77816d795ce617141ad79a29
SRC-G-0578,General,new,G_INT_WEAP,무기화,Weaponization,0.859482,1.188929,0.2,G_INT_WEAP,KEEP,CURATED_ALIGNMENT_WITH_IMMUTABLE_L3,2e2e738edb96702290f98bbf42f118c4ffa8b5f589faf389a7eab5e33f266ce5,a24ba32f634e3e35fd1367b82be68a2544ae7bde77816d795ce617141ad79a29
SRC-G-0579,General,new,G_INT_WEAP,무기화,Weaponization,0.836802,1.159244,0.1,G_INT_WEAP,KEEP,CURATED_ALIGNMENT_WITH_IMMUTABLE_L3,2e2e738edb96702290f98bbf42f118c4ffa8b5f589faf389a7eab5e33f266ce5,a24ba32f634e3e35fd1367b82be68a2544ae7bde77816d795ce617141ad79a29
SRC-G-0580,General,new,G_INT_WEAP,무기화,Weaponization,0.840659,1.174095,0.3,G_INT_WEAP,KEEP,CURATED_ALIGNMENT_WITH_IMMUTABLE_L3,2e2e738edb96702290f98bbf42f118c4ffa8b5f589faf389a7eab5e33f266ce5,a24ba32f634e3e35fd1367b82be68a2544ae7bde77816d795ce617141ad79a29
SRC-G-0581,General,new,G_INT_WEAP,무기화,Weaponization,0.843639,1.166153,0.1,G_INT_WEAP,KEEP,CURATED_ALIGNMENT_WITH_IMMUTABLE_L3,2e2e738edb96702290f98bbf42f118c4ffa8b5f589faf389a7eab5e33f266ce5,a24ba32f634e3e35fd1367b82be68a2544ae7bde77816d795ce617141ad79a29
SRC-G-0582,General,new,G_INT_WEAP,무기화,Weaponization,0.889504,1.213691,0.1,G_INT_WEAP,KEEP,CURATED_ALIGNMENT_WITH_IMMUTABLE_L3,2e2e738edb96702290f98bbf42f118c4ffa8b5f589faf389a7eab5e33f266ce5,a24ba32f634e3e35fd1367b82be68a2544ae7bde77816d795ce617141ad79a29
SRC-G-0583,General,new,G_INT_WEAP,무기화,Weaponization,0.852906,1.180856,0.2,G_INT_WEAP,KEEP,CURATED_ALIGNMENT_WITH_IMMUTABLE_L3,2e2e738edb96702290f98bbf42f118c4ffa8b5f589faf389a7eab5e33f266ce5,a24ba32f634e3e35fd1367b82be68a2544ae7bde77816d795ce617141ad79a29
SRC-G-0584,General,new,G_INT_WEAP,무기화,Weaponization,0.887454,1.229614,0.4,G_INT_WEAP,KEEP,CURATED_ALIGNMENT_WITH_IMMUTABLE_L3,2e2e738edb96702290f98bbf42f118c4ffa8b5f589faf389a7eab5e33f266ce5,a24ba32f634e3e35fd1367b82be68a2544ae7bde77816d795ce617141ad79a29
SRC-G-0585,General,new,G_SYS_POLICY,시스템 정책 노출,System Policy Exposure,0.865806,1.213624,0.5,G_SYS_POLICY,KEEP,CURATED_ALIGNMENT_WITH_IMMUTABLE_L3,fe2302abda46330de3ee3e06aaadcdbed4e580a6c6aa620eb1565c327e77365f,5ae9a068a27b7280b43e6f73196f193318a89daac2c230975bb436e029856235
SRC-G-0586,General,new,G_SYS_POLICY,시스템 정책 노출,System Policy Exposure,0.851562,1.193093,0.4,G_SYS_POLICY,KEEP,CURATED_ALIGNMENT_WITH_IMMUTABLE_L3,fe2302abda46330de3ee3e06aaadcdbed4e580a6c6aa620eb1565c327e77365f,5ae9a068a27b7280b43e6f73196f193318a89daac2c230975bb436e029856235
SRC-G-0587,General,new,G_SYS_POLICY,시스템 정책 노출,System Policy Exposure,0.802163,1.112632,0.0,G_SYS_POLICY,KEEP,CURATED_ALIGNMENT_WITH_IMMUTABLE_L3,fe2302abda46330de3ee3e06aaadcdbed4e580a6c6aa620eb1565c327e77365f,5ae9a068a27b7280b43e6f73196f193318a89daac2c230975bb436e029856235
SRC-G-0588,General,new,G_SYS_POLICY,시스템 정책 노출,System Policy Exposure,0.791586,1.121593,0.3,G_SYS_POLICY,KEEP,CURATED_ALIGNMENT_WITH_IMMUTABLE_L3,fe2302abda46330de3ee3e06aaadcdbed4e580a6c6aa620eb1565c327e77365f,5ae9a068a27b7280b43e6f73196f193318a89daac2c230975bb436e029856235
SRC-G-0589,General,new,G_SYS_POLICY,시스템 정책 노출,System Policy Exposure,0.782596,1.091695,0.0,G_SYS_POLICY,KEEP,CURATED_ALIGNMENT_WITH_IMMUTABLE_L3,fe2302abda46330de3ee3e06aaadcdbed4e580a6c6aa620eb1565c327e77365f,5ae9a068a27b7280b43e6f73196f193318a89daac2c230975bb436e029856235
SRC-G-0590,General,new,G_SYS_POLICY,시스템 정책 노출,System Policy Exposure,0.848662,1.189449,0.4,G_SYS_POLICY,KEEP,CURATED_ALIGNMENT_WITH_IMMUTABLE_L3,fe2302abda46330de3ee3e06aaadcdbed4e580a6c6aa620eb1565c327e77365f,5ae9a068a27b7280b43e6f73196f193318a89daac2c230975bb436e029856235
SRC-G-0591,General,new,G_SYS_SECADV,보안·적대적 견고성 실패,Security and Adversarial Robustness Failure,0.738573,1.07011,0.4,G_SYS_SECADV,KEEP,CURATED_ALIGNMENT_WITH_IMMUTABLE_L3,c52e7aa6094aca9e34a95f4c7fddc0ebb5a74383c7fe22b35a7293fa22afb045,e810d4b594e46a05c3ca192140a74700a2c185fa84d50a78d52c966a91f10619
SRC-A-0001,Agentic,RAI4-0002,A_SYS_AUTH,과도한 권한·자율성,Excessive Authority and Agency,0.73713,0.755972,0.1,,KEEP,LEXICAL_ALIGNMENT_WITH_IMMUTABLE_L3,7aa301baca7b92ea6a9baaf3d707945da1562a03f746e2560ce0054a44c0f875,b5f84c4300cfbf6b2be26f81ed1c9af87dc6bcb5f867ccac5b4213eae92e59f6
SRC-A-0002,Agentic,RAI4-0004,A_SYS_AUTH,과도한 권한·자율성,Excessive Authority and Agency,0.828075,0.855606,0.1,,KEEP,LEXICAL_ALIGNMENT_WITH_IMMUTABLE_L3,7aa301baca7b92ea6a9baaf3d707945da1562a03f746e2560ce0054a44c0f875,b5f84c4300cfbf6b2be26f81ed1c9af87dc6bcb5f867ccac5b4213eae92e59f6
SRC-A-0003,Agentic,RAI4-0012,A_SYS_AUTH,과도한 권한·자율성,Excessive Authority and Agency,0.783445,0.807141,0.2,,KEEP,LEXICAL_ALIGNMENT_WITH_IMMUTABLE_L3,7aa301baca7b92ea6a9baaf3d707945da1562a03f746e2560ce0054a44c0f875,b5f84c4300cfbf6b2be26f81ed1c9af87dc6bcb5f867ccac5b4213eae92e59f6
SRC-A-0004,Agentic,RAI4-0013,A_SYS_AUTH,과도한 권한·자율성,Excessive Authority and Agency,0.752519,0.778444,0.3,,KEEP,LEXICAL_ALIGNMENT_WITH_IMMUTABLE_L3,7aa301baca7b92ea6a9baaf3d707945da1562a03f746e2560ce0054a44c0f875,b5f84c4300cfbf6b2be26f81ed1c9af87dc6bcb5f867ccac5b4213eae92e59f6
SRC-A-0005,Agentic,RAI4-0014,A_INT_CASCADE,연쇄 실패·불안정,Cascading Failure and Instability,0.697276,0.707697,0.0,,KEEP,SEMANTIC_ALIGNMENT_WITH_IMMUTABLE_L3,c9c5f62121c97dd8882818839a0f2e451b568fd17e018e3ec99d5f1a5c8616bc,2bd75f48390282e074c9a2e0df154fe6a501864d662276aa828c212906209fe0
SRC-A-0006,Agentic,RAI4-0016,A_SYS_AUTH,과도한 권한·자율성,Excessive Authority and Agency,0.755965,0.778651,0.1,,KEEP,LEXICAL_ALIGNMENT_WITH_IMMUTABLE_L3,7aa301baca7b92ea6a9baaf3d707945da1562a03f746e2560ce0054a44c0f875,b5f84c4300cfbf6b2be26f81ed1c9af87dc6bcb5f867ccac5b4213eae92e59f6
SRC-A-0007,Agentic,RAI4-0017,A_INT_COLLUSION,담합·결탁,Collusion,0.718142,0.744393,0.3,,KEEP,LEXICAL_ALIGNMENT_WITH_IMMUTABLE_L3,52eca59534d42b15fcc1dde12573ca3f92709ae0ec6bef366ee9a62dbd01f230,f798e541b1ba600eefea621d3367b992f00646d47508daa2d12dc3b032881b5a
SRC-A-0008,Agentic,RAI4-0020,A_SYS_AUTH,과도한 권한·자율성,Excessive Authority and Agency,0.725343,0.736734,0.0,,KEEP,SEMANTIC_ALIGNMENT_WITH_IMMUTABLE_L3,7aa301baca7b92ea6a9baaf3d707945da1562a03f746e2560ce0054a44c0f875,b5f84c4300cfbf6b2be26f81ed1c9af87dc6bcb5f867ccac5b4213eae92e59f6
SRC-A-0009,Agentic,RAI4-0022,A_SYS_DECEPT,기만·책략,Deception and Scheming,0.754529,0.774706,0.0,,KEEP,SEMANTIC_ALIGNMENT_WITH_IMMUTABLE_L3,cecfc7e4181bfe4500e0332cbdc51d32afc7d03f90cdc40efabd9b6616d817da,6450596e09eacb9fc1ba6e6830d000ea00e162fd7350e86e7edd8b3a1455e2ee
SRC-A-0010,Agentic,RAI4-0025,A_SYS_SELFCOR,자기 교정 실패,Self-Correction Failure,0.740621,0.738409,0.0,,KEEP,SEMANTIC_ALIGNMENT_WITH_IMMUTABLE_L3,23881787f88baf5140400a98b002aed2df7f1145b7378eca1dc120d94bd3725f,8bf8486d81b735061b569e2826abf265f31a762aa58bda2a9d784799d91804eb
SRC-A-0011,Agentic,RAI4-0027,A_SYS_AUTH,과도한 권한·자율성,Excessive Authority and Agency,0.745867,0.753761,0.0,,KEEP,SEMANTIC_ALIGNMENT_WITH_IMMUTABLE_L3,7aa301baca7b92ea6a9baaf3d707945da1562a03f746e2560ce0054a44c0f875,b5f84c4300cfbf6b2be26f81ed1c9af87dc6bcb5f867ccac5b4213eae92e59f6
SRC-A-0012,Agentic,RAI4-0030,A_SYS_AUTH,과도한 권한·자율성,Excessive Authority and Agency,0.746317,0.757817,0.0,,KEEP,SEMANTIC_ALIGNMENT_WITH_IMMUTABLE_L3,7aa301baca7b92ea6a9baaf3d707945da1562a03f746e2560ce0054a44c0f875,b5f84c4300cfbf6b2be26f81ed1c9af87dc6bcb5f867ccac5b4213eae92e59f6
SRC-A-0013,Agentic,RAI4-0039,A_INT_CONFLICT,경쟁적 갈등,Competitive Conflict,0.732045,0.735553,0.0,,KEEP,SEMANTIC_ALIGNMENT_WITH_IMMUTABLE_L3,e47d5e4bb7224aef8e045d7e9c280e8e4f6bdf11e4e2e757a0e01da2326751d3,8783b0e5245c82f3a9b540a08b783c8da45f4f0806e13c84a03e96ee39a41dac
SRC-A-0014,Agentic,RAI4-0043,A_SYS_AUTH,과도한 권한·자율성,Excessive Authority and Agency,0.793284,0.817622,0.1,,KEEP,LEXICAL_ALIGNMENT_WITH_IMMUTABLE_L3,7aa301baca7b92ea6a9baaf3d707945da1562a03f746e2560ce0054a44c0f875,b5f84c4300cfbf6b2be26f81ed1c9af87dc6bcb5f867ccac5b4213eae92e59f6
SRC-A-0015,Agentic,RAI4-0045,A_SYS_AUTH,과도한 권한·자율성,Excessive Authority and Agency,0.764942,0.779598,0.0,,KEEP,SEMANTIC_ALIGNMENT_WITH_IMMUTABLE_L3,7aa301baca7b92ea6a9baaf3d707945da1562a03f746e2560ce0054a44c0f875,b5f84c4300cfbf6b2be26f81ed1c9af87dc6bcb5f867ccac5b4213eae92e59f6
SRC-A-0016,Agentic,RAI4-0480,A_SYS_AUTH,과도한 권한·자율성,Excessive Authority and Agency,0.735218,0.73994,0.0,,KEEP,SEMANTIC_ALIGNMENT_WITH_IMMUTABLE_L3,7aa301baca7b92ea6a9baaf3d707945da1562a03f746e2560ce0054a44c0f875,b5f84c4300cfbf6b2be26f81ed1c9af87dc6bcb5f867ccac5b4213eae92e59f6
SRC-A-0017,Agentic,RAI4-1381,A_SYS_SELFCOR,자기 교정 실패,Self-Correction Failure,0.797308,0.81489,0.0,,KEEP,SEMANTIC_ALIGNMENT_WITH_IMMUTABLE_L3,23881787f88baf5140400a98b002aed2df7f1145b7378eca1dc120d94bd3725f,8bf8486d81b735061b569e2826abf265f31a762aa58bda2a9d784799d91804eb
SRC-A-0018,Agentic,RAI4-1386,A_SYS_AUTH,과도한 권한·자율성,Excessive Authority and Agency,0.693439,0.709591,0.0,,KEEP,SEMANTIC_ALIGNMENT_WITH_IMMUTABLE_L3,7aa301baca7b92ea6a9baaf3d707945da1562a03f746e2560ce0054a44c0f875,b5f84c4300cfbf6b2be26f81ed1c9af87dc6bcb5f867ccac5b4213eae92e59f6
SRC-A-0019,Agentic,RAI4-1644,A_SYS_GOAL,목표 불일치,Goal Misalignment,0.697524,1.007513,0.0,A_SYS_GOAL,KEEP,CURATED_ALIGNMENT_WITH_IMMUTABLE_L3,5bcf1f941d10c19fa1d33a7f633160362dad1492fcc89076b24d42e456e3e1b0,8fa5662aff8a3430259ea245eacfc4edb06d0340b5e57545aae7921f60b678cd
SRC-A-0020,Agentic,RAI4-1680,A_SYS_GOAL,목표 불일치,Goal Misalignment,0.761716,0.787318,0.2,,KEEP,LEXICAL_ALIGNMENT_WITH_IMMUTABLE_L3,5bcf1f941d10c19fa1d33a7f633160362dad1492fcc89076b24d42e456e3e1b0,8fa5662aff8a3430259ea245eacfc4edb06d0340b5e57545aae7921f60b678cd
SRC-A-0021,Agentic,RAI4-1700,A_SYS_SELFCOR,자기 교정 실패,Self-Correction Failure,0.70725,0.733852,0.3,,KEEP,LEXICAL_ALIGNMENT_WITH_IMMUTABLE_L3,23881787f88baf5140400a98b002aed2df7f1145b7378eca1dc120d94bd3725f,8bf8486d81b735061b569e2826abf265f31a762aa58bda2a9d784799d91804eb
SRC-A-0022,Agentic,RAI4-0005,A_SYS_SELFCOR,자기 교정 실패,Self-Correction Failure,0.7397,0.772028,0.3,,KEEP,LEXICAL_ALIGNMENT_WITH_IMMUTABLE_L3,23881787f88baf5140400a98b002aed2df7f1145b7378eca1dc120d94bd3725f,8bf8486d81b735061b569e2826abf265f31a762aa58bda2a9d784799d91804eb
SRC-A-0023,Agentic,RAI4-0006,G_SYS_EVAL,평가·검증 실패,Evaluation and Assurance Failure,0.726529,0.757247,0.3,,KEEP,LEXICAL_ALIGNMENT_WITH_IMMUTABLE_L3,a5e7f0609d96613e353e5f5b6045b425c7b9d87241b22902549505f15d4abf6a,e17bf6bc8ae08cdddcc781ab4a1aadb569e861d5a6da5bea93281312170cd87d
SRC-A-0024,Agentic,RAI4-0007,G_SYS_CONTEXT,맥락 인식 실패,Context-Awareness Failure,0.683566,0.699488,0.1,,KEEP,LEXICAL_ALIGNMENT_WITH_IMMUTABLE_L3,6df1ca9eed5389877a25c4d8e5f5440825497e54dcb63a91ff2c47c0e58e81f2,234f4d581b27a58b9417cdd46578cd8280b2807f070e8a3410a3c8819a297c82
SRC-A-0025,Agentic,RAI4-0024,A_SYS_SELFCOR,자기 교정 실패,Self-Correction Failure,0.777829,0.808304,0.3,,KEEP,LEXICAL_ALIGNMENT_WITH_IMMUTABLE_L3,23881787f88baf5140400a98b002aed2df7f1145b7378eca1dc120d94bd3725f,8bf8486d81b735061b569e2826abf265f31a762aa58bda2a9d784799d91804eb
SRC-A-0026,Agentic,RAI4-0031,G_SYS_EVAL,평가·검증 실패,Evaluation and Assurance Failure,0.711188,0.726285,0.0,,KEEP,SEMANTIC_ALIGNMENT_WITH_IMMUTABLE_L3,a5e7f0609d96613e353e5f5b6045b425c7b9d87241b22902549505f15d4abf6a,e17bf6bc8ae08cdddcc781ab4a1aadb569e861d5a6da5bea93281312170cd87d
SRC-A-0027,Agentic,RAI4-0042,G_SYS_EVAL,평가·검증 실패,Evaluation and Assurance Failure,0.714704,0.753817,0.4,,KEEP,LEXICAL_ALIGNMENT_WITH_IMMUTABLE_L3,a5e7f0609d96613e353e5f5b6045b425c7b9d87241b22902549505f15d4abf6a,e17bf6bc8ae08cdddcc781ab4a1aadb569e861d5a6da5bea93281312170cd87d
SRC-A-0028,Agentic,RAI4-0044,G_SYS_CONTEXT,맥락 인식 실패,Context-Awareness Failure,0.795649,0.829794,0.3,,KEEP,LEXICAL_ALIGNMENT_WITH_IMMUTABLE_L3,6df1ca9eed5389877a25c4d8e5f5440825497e54dcb63a91ff2c47c0e58e81f2,234f4d581b27a58b9417cdd46578cd8280b2807f070e8a3410a3c8819a297c82
SRC-A-0029,Agentic,RAI4-0050,G_SOC_GOV,거버넌스·책임 공백,Governance and Accountability Void,0.698422,0.744947,0.5,,KEEP,LEXICAL_ALIGNMENT_WITH_IMMUTABLE_L3,af6489ae34d3b43c83f421ed5225daee7e0aa2252c852adbf529c17734d901ce,7c1ace36f243c9b40c176713f5811bd5a83dbc4b7b3d718aefae80c23de9a28a
SRC-A-0030,Agentic,RAI4-0071,G_SYS_EVAL,평가·검증 실패,Evaluation and Assurance Failure,0.730061,0.763554,0.3,,KEEP,LEXICAL_ALIGNMENT_WITH_IMMUTABLE_L3,a5e7f0609d96613e353e5f5b6045b425c7b9d87241b22902549505f15d4abf6a,e17bf6bc8ae08cdddcc781ab4a1aadb569e861d5a6da5bea93281312170cd87d
SRC-A-0031,Agentic,RAI4-0075,G_SYS_EVAL,평가·검증 실패,Evaluation and Assurance Failure,0.740118,0.776718,0.3,,KEEP,LEXICAL_ALIGNMENT_WITH_IMMUTABLE_L3,a5e7f0609d96613e353e5f5b6045b425c7b9d87241b22902549505f15d4abf6a,e17bf6bc8ae08cdddcc781ab4a1aadb569e861d5a6da5bea93281312170cd87d
SRC-A-0032,Agentic,RAI4-0280,G_SYS_EVAL,평가·검증 실패,Evaluation and Assurance Failure,0.64939,0.951142,0.0,G_SYS_EVAL,KEEP,CURATED_ALIGNMENT_WITH_IMMUTABLE_L3,a5e7f0609d96613e353e5f5b6045b425c7b9d87241b22902549505f15d4abf6a,e17bf6bc8ae08cdddcc781ab4a1aadb569e861d5a6da5bea93281312170cd87d
SRC-A-0033,Agentic,RAI4-0393,G_SYS_EVAL,평가·검증 실패,Evaluation and Assurance Failure,0.71013,0.751569,0.5,,KEEP,LEXICAL_ALIGNMENT_WITH_IMMUTABLE_L3,a5e7f0609d96613e353e5f5b6045b425c7b9d87241b22902549505f15d4abf6a,e17bf6bc8ae08cdddcc781ab4a1aadb569e861d5a6da5bea93281312170cd87d
SRC-A-0034,Agentic,RAI4-0011,A_SYS_DECEPT,기만·책략,Deception and Scheming,0.697367,0.708764,0.0,,KEEP,SEMANTIC_ALIGNMENT_WITH_IMMUTABLE_L3,cecfc7e4181bfe4500e0332cbdc51d32afc7d03f90cdc40efabd9b6616d817da,6450596e09eacb9fc1ba6e6830d000ea00e162fd7350e86e7edd8b3a1455e2ee
SRC-A-0035,Agentic,RAI4-0405,G_INT_REPR,재현적 피해·고정관념,Representational Harm and Stereotyping,0.698864,0.734844,0.3,,KEEP,LEXICAL_ALIGNMENT_WITH_IMMUTABLE_L3,62cf71762f7fa11e16e93599dfad2d22776d122e0cd5bf0fb7c763978df9a062,ee6426f14247cfe24d654e615a5bb6383bcd3947a52e064a8182ee5d37882ae4
SRC-A-0036,Agentic,RAI4-0438,G_SYS_MISINFO,허위정보,Misinformation,0.646457,0.65855,0.0,,KEEP,SEMANTIC_ALIGNMENT_WITH_IMMUTABLE_L3,797957ed8863fcae89bdad19a6065f6ee992f2f5822d4dd90a680627c82a6db5,fe14d390678f5a1b9e98bc4b3644d80ff9df0259f22ca83a2a38e0fe37735aae
SRC-A-0037,Agentic,RAI4-1051,G_INT_REPR,재현적 피해·고정관념,Representational Harm and Stereotyping,0.747574,0.802462,0.6,,KEEP,LEXICAL_ALIGNMENT_WITH_IMMUTABLE_L3,62cf71762f7fa11e16e93599dfad2d22776d122e0cd5bf0fb7c763978df9a062,ee6426f14247cfe24d654e615a5bb6383bcd3947a52e064a8182ee5d37882ae4
SRC-A-0038,Agentic,RAI4-1061,G_INT_REPR,재현적 피해·고정관념,Representational Harm and Stereotyping,0.688906,0.723176,0.3,,KEEP,LEXICAL_ALIGNMENT_WITH_IMMUTABLE_L3,62cf71762f7fa11e16e93599dfad2d22776d122e0cd5bf0fb7c763978df9a062,ee6426f14247cfe24d654e615a5bb6383bcd3947a52e064a8182ee5d37882ae4
SRC-A-0039,Agentic,RAI4-1063,A_SYS_DECEPT,기만·책략,Deception and Scheming,0.781556,0.812647,0.3,,KEEP,LEXICAL_ALIGNMENT_WITH_IMMUTABLE_L3,cecfc7e4181bfe4500e0332cbdc51d32afc7d03f90cdc40efabd9b6616d817da,6450596e09eacb9fc1ba6e6830d000ea00e162fd7350e86e7edd8b3a1455e2ee
SRC-A-0040,Agentic,RAI4-1554,G_INT_UNETH,비윤리 행위·조작,Unethical Conduct and Manipulation,0.659277,0.671586,0.0,,KEEP,SEMANTIC_ALIGNMENT_WITH_IMMUTABLE_L3,8addd2f36fe9e6fb809fa93c0058bfe5986caba91950f52805b91b2cb4afd871,880adce35f526e2201acf0f3f1278c1da7510d5a733ba9b194ff029b946fccc2
SRC-A-0041,Agentic,RAI4-1647,A_SYS_SELFCOR,자기 교정 실패,Self-Correction Failure,0.679996,0.712662,0.3,,KEEP,LEXICAL_ALIGNMENT_WITH_IMMUTABLE_L3,23881787f88baf5140400a98b002aed2df7f1145b7378eca1dc120d94bd3725f,8bf8486d81b735061b569e2826abf265f31a762aa58bda2a9d784799d91804eb
SRC-A-0042,Agentic,RAI4-0250,P_SYS_CONTROL,안전하지 않은 물리 제어·구동,Unsafe Physical Control and Actuation,0.660519,0.667221,0.0,,KEEP,SEMANTIC_ALIGNMENT_WITH_IMMUTABLE_L3,fc3ec86660489a3def3297d7b27a5602f5e1ba98db7078ff01cf143fdc393ba3,c2734e77bfe6183ac2231f039550ec6c37b5110ce297814af5a7cd1faa3cbbfc
SRC-A-0043,Agentic,RAI4-0294,A_INT_CASCADE,연쇄 실패·불안정,Cascading Failure and Instability,0.714666,0.754073,0.3,,KEEP,LEXICAL_ALIGNMENT_WITH_IMMUTABLE_L3,c9c5f62121c97dd8882818839a0f2e451b568fd17e018e3ec99d5f1a5c8616bc,2bd75f48390282e074c9a2e0df154fe6a501864d662276aa828c212906209fe0
SRC-A-0044,Agentic,RAI4-0561,A_INT_CASCADE,연쇄 실패·불안정,Cascading Failure and Instability,0.710152,0.717952,0.0,,KEEP,SEMANTIC_ALIGNMENT_WITH_IMMUTABLE_L3,c9c5f62121c97dd8882818839a0f2e451b568fd17e018e3ec99d5f1a5c8616bc,2bd75f48390282e074c9a2e0df154fe6a501864d662276aa828c212906209fe0
SRC-A-0045,Agentic,RAI4-0567,A_INT_CONFLICT,경쟁적 갈등,Competitive Conflict,0.730768,0.739048,0.0,,KEEP,SEMANTIC_ALIGNMENT_WITH_IMMUTABLE_L3,e47d5e4bb7224aef8e045d7e9c280e8e4f6bdf11e4e2e757a0e01da2326751d3,8783b0e5245c82f3a9b540a08b783c8da45f4f0806e13c84a03e96ee39a41dac
SRC-A-0046,Agentic,RAI4-0574,A_INT_COORD,협조 실패,Coordination Failure,0.87076,1.220012,0.5,A_INT_COORD,KEEP,CURATED_ALIGNMENT_WITH_IMMUTABLE_L3,55373b9bb1389d95732d5f8b1314e4a2a1f2f121fd4c2878ce922e89f09ab2f5,099b2ebe5e5a4e03a9788eafb7ea33c1f2685d48689acb2c9cd1b662bdd70e45
SRC-A-0047,Agentic,RAI4-0579,A_INT_CASCADE,연쇄 실패·불안정,Cascading Failure and Instability,0.816704,0.841031,0.1,,KEEP,LEXICAL_ALIGNMENT_WITH_IMMUTABLE_L3,c9c5f62121c97dd8882818839a0f2e451b568fd17e018e3ec99d5f1a5c8616bc,2bd75f48390282e074c9a2e0df154fe6a501864d662276aa828c212906209fe0
SRC-A-0048,Agentic,RAI4-1574,A_INT_CASCADE,연쇄 실패·불안정,Cascading Failure and Instability,0.71668,0.7354,0.1,,KEEP,LEXICAL_ALIGNMENT_WITH_IMMUTABLE_L3,c9c5f62121c97dd8882818839a0f2e451b568fd17e018e3ec99d5f1a5c8616bc,2bd75f48390282e074c9a2e0df154fe6a501864d662276aa828c212906209fe0
SRC-A-0049,Agentic,RAI4-0040,A_INT_CONFLICT,경쟁적 갈등,Competitive Conflict,0.727916,0.743435,0.1,,KEEP,LEXICAL_ALIGNMENT_WITH_IMMUTABLE_L3,e47d5e4bb7224aef8e045d7e9c280e8e4f6bdf11e4e2e757a0e01da2326751d3,8783b0e5245c82f3a9b540a08b783c8da45f4f0806e13c84a03e96ee39a41dac
SRC-A-0050,Agentic,RAI4-0263,G_SYS_EVAL,평가·검증 실패,Evaluation and Assurance Failure,0.596579,0.901345,0.0,G_SYS_EVAL,KEEP,CURATED_ALIGNMENT_WITH_IMMUTABLE_L3,a5e7f0609d96613e353e5f5b6045b425c7b9d87241b22902549505f15d4abf6a,e17bf6bc8ae08cdddcc781ab4a1aadb569e861d5a6da5bea93281312170cd87d
SRC-A-0051,Agentic,RAI4-0272,G_SYS_EVAL,평가·검증 실패,Evaluation and Assurance Failure,0.74393,1.048579,0.1,G_SYS_EVAL,KEEP,CURATED_ALIGNMENT_WITH_IMMUTABLE_L3,a5e7f0609d96613e353e5f5b6045b425c7b9d87241b22902549505f15d4abf6a,e17bf6bc8ae08cdddcc781ab4a1aadb569e861d5a6da5bea93281312170cd87d
SRC-A-0052,Agentic,RAI4-0472,G_SYS_EVAL,평가·검증 실패,Evaluation and Assurance Failure,0.683411,0.990536,0.1,G_SYS_EVAL,KEEP,CURATED_ALIGNMENT_WITH_IMMUTABLE_L3,a5e7f0609d96613e353e5f5b6045b425c7b9d87241b22902549505f15d4abf6a,e17bf6bc8ae08cdddcc781ab4a1aadb569e861d5a6da5bea93281312170cd87d
SRC-A-0053,Agentic,RAI4-1432,A_INT_COORD,협조 실패,Coordination Failure,0.740507,0.758507,0.3,,KEEP,LEXICAL_ALIGNMENT_WITH_IMMUTABLE_L3,55373b9bb1389d95732d5f8b1314e4a2a1f2f121fd4c2878ce922e89f09ab2f5,099b2ebe5e5a4e03a9788eafb7ea33c1f2685d48689acb2c9cd1b662bdd70e45
SRC-A-0054,Agentic,RAI4-1436,A_INT_CONFLICT,경쟁적 갈등,Competitive Conflict,0.704788,0.722778,0.0,,KEEP,SEMANTIC_ALIGNMENT_WITH_IMMUTABLE_L3,e47d5e4bb7224aef8e045d7e9c280e8e4f6bdf11e4e2e757a0e01da2326751d3,8783b0e5245c82f3a9b540a08b783c8da45f4f0806e13c84a03e96ee39a41dac
SRC-A-0055,Agentic,RAI4-1571,A_INT_CONFLICT,경쟁적 갈등,Competitive Conflict,0.797349,0.842536,0.5,,KEEP,LEXICAL_ALIGNMENT_WITH_IMMUTABLE_L3,e47d5e4bb7224aef8e045d7e9c280e8e4f6bdf11e4e2e757a0e01da2326751d3,8783b0e5245c82f3a9b540a08b783c8da45f4f0806e13c84a03e96ee39a41dac
SRC-A-0056,Agentic,RAI4-1681,A_INT_CONFLICT,경쟁적 갈등,Competitive Conflict,0.777732,0.821391,0.4,,KEEP,LEXICAL_ALIGNMENT_WITH_IMMUTABLE_L3,e47d5e4bb7224aef8e045d7e9c280e8e4f6bdf11e4e2e757a0e01da2326751d3,8783b0e5245c82f3a9b540a08b783c8da45f4f0806e13c84a03e96ee39a41dac
SRC-A-0057,Agentic,RAI4-0009,A_INT_CASCADE,연쇄 실패·불안정,Cascading Failure and Instability,0.832723,0.876524,0.5,,KEEP,LEXICAL_ALIGNMENT_WITH_IMMUTABLE_L3,c9c5f62121c97dd8882818839a0f2e451b568fd17e018e3ec99d5f1a5c8616bc,2bd75f48390282e074c9a2e0df154fe6a501864d662276aa828c212906209fe0
SRC-A-0058,Agentic,RAI4-0483,A_INT_COLLUSION,담합·결탁,Collusion,0.759543,0.793527,0.3,,KEEP,LEXICAL_ALIGNMENT_WITH_IMMUTABLE_L3,52eca59534d42b15fcc1dde12573ca3f92709ae0ec6bef366ee9a62dbd01f230,f798e541b1ba600eefea621d3367b992f00646d47508daa2d12dc3b032881b5a
SRC-A-0059,Agentic,RAI4-0583,G_SYS_SECADV,보안·적대적 견고성 실패,Security and Adversarial Robustness Failure,0.719037,1.031069,0.0,G_SYS_SECADV,KEEP,CURATED_ALIGNMENT_WITH_IMMUTABLE_L3,c52e7aa6094aca9e34a95f4c7fddc0ebb5a74383c7fe22b35a7293fa22afb045,e810d4b594e46a05c3ca192140a74700a2c185fa84d50a78d52c966a91f10619
SRC-A-0060,Agentic,RAI4-0589,A_INT_COORD,협조 실패,Coordination Failure,0.827009,0.857058,0.3,,KEEP,LEXICAL_ALIGNMENT_WITH_IMMUTABLE_L3,55373b9bb1389d95732d5f8b1314e4a2a1f2f121fd4c2878ce922e89f09ab2f5,099b2ebe5e5a4e03a9788eafb7ea33c1f2685d48689acb2c9cd1b662bdd70e45
SRC-A-0061,Agentic,RAI4-0598,A_INT_COORD,협조 실패,Coordination Failure,0.797413,0.842583,0.5,,KEEP,LEXICAL_ALIGNMENT_WITH_IMMUTABLE_L3,55373b9bb1389d95732d5f8b1314e4a2a1f2f121fd4c2878ce922e89f09ab2f5,099b2ebe5e5a4e03a9788eafb7ea33c1f2685d48689acb2c9cd1b662bdd70e45
SRC-A-0062,Agentic,RAI4-0605,A_INT_COLLUSION,담합·결탁,Collusion,0.811418,0.836333,0.3,,KEEP,LEXICAL_ALIGNMENT_WITH_IMMUTABLE_L3,52eca59534d42b15fcc1dde12573ca3f92709ae0ec6bef366ee9a62dbd01f230,f798e541b1ba600eefea621d3367b992f00646d47508daa2d12dc3b032881b5a
SRC-A-0063,Agentic,RAI4-1388,A_INT_CASCADE,연쇄 실패·불안정,Cascading Failure and Instability,0.680274,0.699646,0.1,,DELETE,DELETE_L3_SCOPE_MISMATCH: NO_CURRENT_L3: speculative reflective instability without a defined harmful outcome,c9c5f62121c97dd8882818839a0f2e451b568fd17e018e3ec99d5f1a5c8616bc,2bd75f48390282e074c9a2e0df154fe6a501864d662276aa828c212906209fe0
SRC-A-0064,Agentic,RAI4-1400,G_SYS_TRANS,투명성 부족,Lack of Transparency,0.658435,0.662937,0.0,,KEEP,SEMANTIC_ALIGNMENT_WITH_IMMUTABLE_L3,4ce734f636ed217313046367cddbad97f30d59e47c760677b91ffe3320931fae,d9b1ff35e772ea885c8b966dcfee41778faa57f2f17686d35e04d62e768230c0
SRC-A-0065,Agentic,RAI4-1570,A_INT_COLLUSION,담합·결탁,Collusion,0.797566,0.840372,0.4,,KEEP,LEXICAL_ALIGNMENT_WITH_IMMUTABLE_L3,52eca59534d42b15fcc1dde12573ca3f92709ae0ec6bef366ee9a62dbd01f230,f798e541b1ba600eefea621d3367b992f00646d47508daa2d12dc3b032881b5a
SRC-A-0066,Agentic,RAI4-1577,A_INT_CASCADE,연쇄 실패·불안정,Cascading Failure and Instability,0.681028,0.691356,0.0,,KEEP,SEMANTIC_ALIGNMENT_WITH_IMMUTABLE_L3,c9c5f62121c97dd8882818839a0f2e451b568fd17e018e3ec99d5f1a5c8616bc,2bd75f48390282e074c9a2e0df154fe6a501864d662276aa828c212906209fe0
SRC-A-0067,Agentic,RAI4-1580,A_INT_COORD,협조 실패,Coordination Failure,0.701158,0.722297,0.1,,KEEP,LEXICAL_ALIGNMENT_WITH_IMMUTABLE_L3,55373b9bb1389d95732d5f8b1314e4a2a1f2f121fd4c2878ce922e89f09ab2f5,099b2ebe5e5a4e03a9788eafb7ea33c1f2685d48689acb2c9cd1b662bdd70e45
SRC-A-0068,Agentic,RAI4-1648,A_INT_COORD,협조 실패,Coordination Failure,0.767335,0.778624,0.1,,KEEP,LEXICAL_ALIGNMENT_WITH_IMMUTABLE_L3,55373b9bb1389d95732d5f8b1314e4a2a1f2f121fd4c2878ce922e89f09ab2f5,099b2ebe5e5a4e03a9788eafb7ea33c1f2685d48689acb2c9cd1b662bdd70e45
SRC-A-0069,Agentic,RAI4-0982,G_SOC_ECON,경제·고용 충격,Economic and Employment Disruption,0.779213,1.098178,0.1,G_SOC_ECON,KEEP,CURATED_ALIGNMENT_WITH_IMMUTABLE_L3,ad18ce106c3ee8ad4bdf7af961031c2bfa1418fb6e02571a2c020873a54e8261,29346b74907e161bd150ed57a963c8f545b5fce8ed040ac8aeddb3e1f7f3c305
SRC-A-0070,Agentic,RAI4-1001,G_INT_REPR,재현적 피해·고정관념,Representational Harm and Stereotyping,0.675335,0.987375,0.1,G_INT_REPR,KEEP,CURATED_ALIGNMENT_WITH_IMMUTABLE_L3,62cf71762f7fa11e16e93599dfad2d22776d122e0cd5bf0fb7c763978df9a062,ee6426f14247cfe24d654e615a5bb6383bcd3947a52e064a8182ee5d37882ae4
SRC-A-0071,Agentic,RAI4-1501,G_INT_ALLOC,배분적 차별,Allocative Discrimination,0.730992,0.746795,0.2,,KEEP,LEXICAL_ALIGNMENT_WITH_IMMUTABLE_L3,434487aa97473921e4c790ebe534abda1b33d2eaf4dab78a279182af9b55e669,aea725cea4b4bc84ad8fd56ed874ec0d14a8a0c698246239d405a10c7dbd681b
SRC-A-0072,Agentic,RAI4-1572,G_INT_REPR,재현적 피해·고정관념,Representational Harm and Stereotyping,0.670956,0.698018,0.2,,KEEP,LEXICAL_ALIGNMENT_WITH_IMMUTABLE_L3,62cf71762f7fa11e16e93599dfad2d22776d122e0cd5bf0fb7c763978df9a062,ee6426f14247cfe24d654e615a5bb6383bcd3947a52e064a8182ee5d37882ae4
SRC-A-0073,Agentic,RAI4-0047,A_SYS_TRACE,책임 소재·추적 불명확,Accountability and Traceability Gap,0.809918,0.848121,0.4,,KEEP,LEXICAL_ALIGNMENT_WITH_IMMUTABLE_L3,a01d14f9a62d3fa48da0d1eb5f67acf661b6b0486a0fc8b437e3fea7013cc931,b7269d2423d0ef5430d985575bdc9288b09e8da53e1e881b9ed54061643bd7d0
SRC-A-0074,Agentic,RAI4-1098,A_SYS_TRACE,책임 소재·추적 불명확,Accountability and Traceability Gap,0.745369,0.769317,0.2,,KEEP,LEXICAL_ALIGNMENT_WITH_IMMUTABLE_L3,a01d14f9a62d3fa48da0d1eb5f67acf661b6b0486a0fc8b437e3fea7013cc931,b7269d2423d0ef5430d985575bdc9288b09e8da53e1e881b9ed54061643bd7d0
SRC-A-0075,Agentic,RAI4-0150,G_INT_REL,인간-AI의 해로운 관계,Unhealthy Human-AI Relationship,0.810331,1.136358,0.2,G_INT_REL,KEEP,CURATED_ALIGNMENT_WITH_IMMUTABLE_L3,3a593e7ecc47be2e0f1df202734ab2c68913390c4b01e9accd647c6ffdb1b7c1,29d0c1d028236adacd7de70676eb249e5ccb2bceb226b03d5e80ebc7572ea49b
SRC-A-0076,Agentic,RAI4-0152,G_INT_REL,인간-AI의 해로운 관계,Unhealthy Human-AI Relationship,0.767114,1.085019,0.0,G_INT_REL,KEEP,CURATED_ALIGNMENT_WITH_IMMUTABLE_L3,3a593e7ecc47be2e0f1df202734ab2c68913390c4b01e9accd647c6ffdb1b7c1,29d0c1d028236adacd7de70676eb249e5ccb2bceb226b03d5e80ebc7572ea49b
SRC-A-0077,Agentic,RAI4-0158,A_SYS_AUTH,과도한 권한·자율성,Excessive Authority and Agency,0.686039,0.691586,0.0,,KEEP,SEMANTIC_ALIGNMENT_WITH_IMMUTABLE_L3,7aa301baca7b92ea6a9baaf3d707945da1562a03f746e2560ce0054a44c0f875,b5f84c4300cfbf6b2be26f81ed1c9af87dc6bcb5f867ccac5b4213eae92e59f6
SRC-A-0078,Agentic,RAI4-0651,G_SOC_DEMOC,민주주의·시민 질서 약화,Erosion of Democracy and Civic Order,0.750578,0.772637,0.2,,KEEP,LEXICAL_ALIGNMENT_WITH_IMMUTABLE_L3,658e4f9af359e8d1a607dafb25007ad36fe475b11207cc9dddb694052a7e194c,ef70b960e38ffcfd94f45969b54f8480e25be4fc298edbb357eab85bfc698ae7
SRC-A-0079,Agentic,RAI4-0884,A_SYS_AUTH,과도한 권한·자율성,Excessive Authority and Agency,0.7508,0.774054,0.1,,KEEP,LEXICAL_ALIGNMENT_WITH_IMMUTABLE_L3,7aa301baca7b92ea6a9baaf3d707945da1562a03f746e2560ce0054a44c0f875,b5f84c4300cfbf6b2be26f81ed1c9af87dc6bcb5f867ccac5b4213eae92e59f6
SRC-A-0080,Agentic,RAI4-0367,G_SOC_POWER,불평등·권력 집중,Inequality and Power Concentration,0.738563,0.753638,0.0,,KEEP,SEMANTIC_ALIGNMENT_WITH_IMMUTABLE_L3,09a89b770897a4db2a8c867b857e9558793599f830bfbe376ea21eacdb7fb72d,1e1afd285b7734023f862e2a98c1b429209b2407f2f7bff419ff3c307180f8c7
SRC-A-0081,Agentic,RAI4-1288,A_SYS_GOAL,목표 불일치,Goal Misalignment,0.636667,0.93567,0.0,A_SYS_GOAL,KEEP,CURATED_ALIGNMENT_WITH_IMMUTABLE_L3,5bcf1f941d10c19fa1d33a7f633160362dad1492fcc89076b24d42e456e3e1b0,8fa5662aff8a3430259ea245eacfc4edb06d0340b5e57545aae7921f60b678cd
SRC-A-0082,Agentic,RAI4-1306,G_SOC_GOV,거버넌스·책임 공백,Governance and Accountability Void,0.75396,1.082189,0.4,G_SOC_GOV,KEEP,CURATED_ALIGNMENT_WITH_IMMUTABLE_L3,af6489ae34d3b43c83f421ed5225daee7e0aa2252c852adbf529c17734d901ce,7c1ace36f243c9b40c176713f5811bd5a83dbc4b7b3d718aefae80c23de9a28a
SRC-A-0083,Agentic,RAI4-0279,P_SYS_STATE,물리 상태 추정·센서 융합 실패,Physical State Estimation and Sensor-Fusion Failure,0.717968,1.064833,0.6,P_SYS_STATE,KEEP,CURATED_ALIGNMENT_WITH_IMMUTABLE_L3,3852af80a1d7d3845b5f6f9485e663894cf24948e7c4ee5356f72b00c99a7134,40d557ef508f04d51d03a4b724463523c6481b85f2374bd451feb8b7cd6d4c64
SRC-P-0001,Physical,RAI4-0269,P_SYS_STATE,물리 상태 추정·센서 융합 실패,Physical State Estimation and Sensor-Fusion Failure,0.672666,0.699772,0.3,,KEEP,LEXICAL_ALIGNMENT_WITH_IMMUTABLE_L3,3852af80a1d7d3845b5f6f9485e663894cf24948e7c4ee5356f72b00c99a7134,40d557ef508f04d51d03a4b724463523c6481b85f2374bd451feb8b7cd6d4c64
SRC-P-0002,Physical,RAI4-0277,G_SYS_EVAL,평가·검증 실패,Evaluation and Assurance Failure,0.756124,1.081476,0.4,G_SYS_EVAL,KEEP,CURATED_ALIGNMENT_WITH_IMMUTABLE_L3,a5e7f0609d96613e353e5f5b6045b425c7b9d87241b22902549505f15d4abf6a,e17bf6bc8ae08cdddcc781ab4a1aadb569e861d5a6da5bea93281312170cd87d
SRC-P-0003,Physical,RAI4-0324,P_SYS_STATE,물리 상태 추정·센서 융합 실패,Physical State Estimation and Sensor-Fusion Failure,0.703806,0.7367,0.2,,KEEP,LEXICAL_ALIGNMENT_WITH_IMMUTABLE_L3,3852af80a1d7d3845b5f6f9485e663894cf24948e7c4ee5356f72b00c99a7134,40d557ef508f04d51d03a4b724463523c6481b85f2374bd451feb8b7cd6d4c64
SRC-P-0004,Physical,RAI4-0335,G_SYS_EVAL,평가·검증 실패,Evaluation and Assurance Failure,0.816127,1.164768,0.6,G_SYS_EVAL,KEEP,CURATED_ALIGNMENT_WITH_IMMUTABLE_L3,a5e7f0609d96613e353e5f5b6045b425c7b9d87241b22902549505f15d4abf6a,e17bf6bc8ae08cdddcc781ab4a1aadb569e861d5a6da5bea93281312170cd87d
SRC-P-0005,Physical,RAI4-0545,G_SOC_CULT,문화·지식 생태계 침식,Cultural and Epistemic Erosion,0.642514,0.651533,0.0,,KEEP,SEMANTIC_ALIGNMENT_WITH_IMMUTABLE_L3,2ff58344ac443f426e7a10c12574ca1b5a2888f4471ca84031a6ae0c66fe9c1c,7b36bfd0f3bf160532880b9435252c8d5548c8139537fbbab64546ed10fb8a66
SRC-P-0006,Physical,RAI4-0629,G_SYS_OEXT,역량 초과 수행,Over-Extension,0.681902,0.695353,0.0,,KEEP,SEMANTIC_ALIGNMENT_WITH_IMMUTABLE_L3,70e5ee7d3f180821234f83358222ee5b897243cc8ebc63aa43a6dbbd1f6dbda9,d3756c4b1b0086e6f4308ed89ac0670430e8de0fc6286e12ddbfb7a76db08677
SRC-P-0007,Physical,RAI4-0736,G_SYS_SECADV,보안·적대적 견고성 실패,Security and Adversarial Robustness Failure,0.732573,0.765132,0.3,,KEEP,LEXICAL_ALIGNMENT_WITH_IMMUTABLE_L3,c52e7aa6094aca9e34a95f4c7fddc0ebb5a74383c7fe22b35a7293fa22afb045,e810d4b594e46a05c3ca192140a74700a2c185fa84d50a78d52c966a91f10619
SRC-P-0008,Physical,RAI4-1383,G_SYS_INPUT,입력 이해 실패,Input Comprehension Failure,0.681202,0.710046,0.2,,KEEP,LEXICAL_ALIGNMENT_WITH_IMMUTABLE_L3,270cf9a03252148b0a30819d7888a4cb78dcde473355b2887becfa0268ab21b9,c6fb9f3f58aeb74968a6c33d4f1d5d95cdc804213571ecd0587c94825f4233ab
SRC-P-0009,Physical,RAI4-1497,G_SYS_INPUT,입력 이해 실패,Input Comprehension Failure,0.652802,0.668522,0.0,,KEEP,SEMANTIC_ALIGNMENT_WITH_IMMUTABLE_L3,270cf9a03252148b0a30819d7888a4cb78dcde473355b2887becfa0268ab21b9,c6fb9f3f58aeb74968a6c33d4f1d5d95cdc804213571ecd0587c94825f4233ab
SRC-P-0010,Physical,RAI4-1631,G_INT_UNETH,비윤리 행위·조작,Unethical Conduct and Manipulation,0.716237,1.021611,0.0,G_INT_UNETH,KEEP,CURATED_ALIGNMENT_WITH_IMMUTABLE_L3,8addd2f36fe9e6fb809fa93c0058bfe5986caba91950f52805b91b2cb4afd871,880adce35f526e2201acf0f3f1278c1da7510d5a733ba9b194ff029b946fccc2
SRC-P-0011,Physical,RAI4-1689,P_SYS_STATE,물리 상태 추정·센서 융합 실패,Physical State Estimation and Sensor-Fusion Failure,0.607758,0.91612,0.0,P_SYS_STATE,KEEP,CURATED_ALIGNMENT_WITH_IMMUTABLE_L3,3852af80a1d7d3845b5f6f9485e663894cf24948e7c4ee5356f72b00c99a7134,40d557ef508f04d51d03a4b724463523c6481b85f2374bd451feb8b7cd6d4c64
SRC-P-0012,Physical,RAI4-1701,A_SYS_SELFCOR,자기 교정 실패,Self-Correction Failure,0.707816,0.719533,0.0,,KEEP,SEMANTIC_ALIGNMENT_WITH_IMMUTABLE_L3,23881787f88baf5140400a98b002aed2df7f1145b7378eca1dc120d94bd3725f,8bf8486d81b735061b569e2826abf265f31a762aa58bda2a9d784799d91804eb
SRC-P-0013,Physical,RAI4-0206,P_SYS_CONTROL,안전하지 않은 물리 제어·구동,Unsafe Physical Control and Actuation,0.745335,0.752004,0.0,,KEEP,SEMANTIC_ALIGNMENT_WITH_IMMUTABLE_L3,fc3ec86660489a3def3297d7b27a5602f5e1ba98db7078ff01cf143fdc393ba3,c2734e77bfe6183ac2231f039550ec6c37b5110ce297814af5a7cd1faa3cbbfc
SRC-P-0014,Physical,RAI4-0207,P_SYS_CONTROL,안전하지 않은 물리 제어·구동,Unsafe Physical Control and Actuation,0.758649,0.760465,0.0,,KEEP,SEMANTIC_ALIGNMENT_WITH_IMMUTABLE_L3,fc3ec86660489a3def3297d7b27a5602f5e1ba98db7078ff01cf143fdc393ba3,c2734e77bfe6183ac2231f039550ec6c37b5110ce297814af5a7cd1faa3cbbfc
SRC-P-0015,Physical,RAI4-0208,P_SYS_CONTROL,안전하지 않은 물리 제어·구동,Unsafe Physical Control and Actuation,0.734281,1.034281,0.0,P_SYS_CONTROL,KEEP,CURATED_ALIGNMENT_WITH_IMMUTABLE_L3,fc3ec86660489a3def3297d7b27a5602f5e1ba98db7078ff01cf143fdc393ba3,c2734e77bfe6183ac2231f039550ec6c37b5110ce297814af5a7cd1faa3cbbfc
SRC-P-0016,Physical,RAI4-0215,P_INT_SAFETY,인간-로봇 물리 안전 실패,Human-Robot Physical Safety Failure,0.715942,0.746275,0.4,,KEEP,LEXICAL_ALIGNMENT_WITH_IMMUTABLE_L3,4a45a814202979c38e6b3af5fb86c891dec2124aad8e0a4a87b7316be259440a,d466953a7bec28becf42038730e6a6c3ae4186a0d76be099dd6bd3d7148a1f71
SRC-P-0017,Physical,RAI4-0218,P_INT_SAFETY,인간-로봇 물리 안전 실패,Human-Robot Physical Safety Failure,0.779531,1.122949,0.5,P_INT_SAFETY,KEEP,CURATED_ALIGNMENT_WITH_IMMUTABLE_L3,4a45a814202979c38e6b3af5fb86c891dec2124aad8e0a4a87b7316be259440a,d466953a7bec28becf42038730e6a6c3ae4186a0d76be099dd6bd3d7148a1f71
SRC-P-0018,Physical,RAI4-0219,P_INT_SAFETY,인간-로봇 물리 안전 실패,Human-Robot Physical Safety Failure,0.701829,0.723797,0.3,,KEEP,LEXICAL_ALIGNMENT_WITH_IMMUTABLE_L3,4a45a814202979c38e6b3af5fb86c891dec2124aad8e0a4a87b7316be259440a,d466953a7bec28becf42038730e6a6c3ae4186a0d76be099dd6bd3d7148a1f71
SRC-P-0019,Physical,RAI4-0237,P_SYS_CONTROL,안전하지 않은 물리 제어·구동,Unsafe Physical Control and Actuation,0.760249,0.795171,0.3,,KEEP,LEXICAL_ALIGNMENT_WITH_IMMUTABLE_L3,fc3ec86660489a3def3297d7b27a5602f5e1ba98db7078ff01cf143fdc393ba3,c2734e77bfe6183ac2231f039550ec6c37b5110ce297814af5a7cd1faa3cbbfc
SRC-P-0020,Physical,RAI4-0241,P_SYS_CONTROL,안전하지 않은 물리 제어·구동,Unsafe Physical Control and Actuation,0.745794,0.783699,0.4,,KEEP,LEXICAL_ALIGNMENT_WITH_IMMUTABLE_L3,fc3ec86660489a3def3297d7b27a5602f5e1ba98db7078ff01cf143fdc393ba3,c2734e77bfe6183ac2231f039550ec6c37b5110ce297814af5a7cd1faa3cbbfc
SRC-P-0021,Physical,RAI4-0243,P_INT_SAFETY,인간-로봇 물리 안전 실패,Human-Robot Physical Safety Failure,0.73336,0.756959,0.3,,KEEP,LEXICAL_ALIGNMENT_WITH_IMMUTABLE_L3,4a45a814202979c38e6b3af5fb86c891dec2124aad8e0a4a87b7316be259440a,d466953a7bec28becf42038730e6a6c3ae4186a0d76be099dd6bd3d7148a1f71
SRC-P-0022,Physical,RAI4-0260,P_SYS_CONTROL,안전하지 않은 물리 제어·구동,Unsafe Physical Control and Actuation,0.692164,0.698164,0.1,,KEEP,LEXICAL_ALIGNMENT_WITH_IMMUTABLE_L3,fc3ec86660489a3def3297d7b27a5602f5e1ba98db7078ff01cf143fdc393ba3,c2734e77bfe6183ac2231f039550ec6c37b5110ce297814af5a7cd1faa3cbbfc
SRC-P-0023,Physical,RAI4-0264,P_SYS_CONTROL,안전하지 않은 물리 제어·구동,Unsafe Physical Control and Actuation,0.726474,0.732403,0.0,,KEEP,SEMANTIC_ALIGNMENT_WITH_IMMUTABLE_L3,fc3ec86660489a3def3297d7b27a5602f5e1ba98db7078ff01cf143fdc393ba3,c2734e77bfe6183ac2231f039550ec6c37b5110ce297814af5a7cd1faa3cbbfc
SRC-P-0024,Physical,RAI4-0273,P_SYS_CONTROL,안전하지 않은 물리 제어·구동,Unsafe Physical Control and Actuation,0.76452,0.782953,0.1,,KEEP,LEXICAL_ALIGNMENT_WITH_IMMUTABLE_L3,fc3ec86660489a3def3297d7b27a5602f5e1ba98db7078ff01cf143fdc393ba3,c2734e77bfe6183ac2231f039550ec6c37b5110ce297814af5a7cd1faa3cbbfc
SRC-P-0025,Physical,RAI4-0282,P_SYS_CONTROL,안전하지 않은 물리 제어·구동,Unsafe Physical Control and Actuation,0.75016,0.780465,0.3,,KEEP,LEXICAL_ALIGNMENT_WITH_IMMUTABLE_L3,fc3ec86660489a3def3297d7b27a5602f5e1ba98db7078ff01cf143fdc393ba3,c2734e77bfe6183ac2231f039550ec6c37b5110ce297814af5a7cd1faa3cbbfc
SRC-P-0026,Physical,RAI4-0288,P_SYS_CONTROL,안전하지 않은 물리 제어·구동,Unsafe Physical Control and Actuation,0.761409,0.769856,0.0,,KEEP,SEMANTIC_ALIGNMENT_WITH_IMMUTABLE_L3,fc3ec86660489a3def3297d7b27a5602f5e1ba98db7078ff01cf143fdc393ba3,c2734e77bfe6183ac2231f039550ec6c37b5110ce297814af5a7cd1faa3cbbfc
SRC-P-0027,Physical,RAI4-0290,P_INT_SAFETY,인간-로봇 물리 안전 실패,Human-Robot Physical Safety Failure,0.746958,0.787168,0.4,,KEEP,LEXICAL_ALIGNMENT_WITH_IMMUTABLE_L3,4a45a814202979c38e6b3af5fb86c891dec2124aad8e0a4a87b7316be259440a,d466953a7bec28becf42038730e6a6c3ae4186a0d76be099dd6bd3d7148a1f71
SRC-P-0028,Physical,RAI4-0291,P_SYS_CONTROL,안전하지 않은 물리 제어·구동,Unsafe Physical Control and Actuation,0.770797,0.788022,0.1,,KEEP,LEXICAL_ALIGNMENT_WITH_IMMUTABLE_L3,fc3ec86660489a3def3297d7b27a5602f5e1ba98db7078ff01cf143fdc393ba3,c2734e77bfe6183ac2231f039550ec6c37b5110ce297814af5a7cd1faa3cbbfc
SRC-P-0029,Physical,RAI4-0293,P_SYS_CONTROL,안전하지 않은 물리 제어·구동,Unsafe Physical Control and Actuation,0.731511,0.767512,0.6,,KEEP,LEXICAL_ALIGNMENT_WITH_IMMUTABLE_L3,fc3ec86660489a3def3297d7b27a5602f5e1ba98db7078ff01cf143fdc393ba3,c2734e77bfe6183ac2231f039550ec6c37b5110ce297814af5a7cd1faa3cbbfc
SRC-P-0030,Physical,RAI4-0296,P_SYS_CONTROL,안전하지 않은 물리 제어·구동,Unsafe Physical Control and Actuation,0.68784,0.713804,0.3,,KEEP,LEXICAL_ALIGNMENT_WITH_IMMUTABLE_L3,fc3ec86660489a3def3297d7b27a5602f5e1ba98db7078ff01cf143fdc393ba3,c2734e77bfe6183ac2231f039550ec6c37b5110ce297814af5a7cd1faa3cbbfc
SRC-P-0031,Physical,RAI4-0297,P_SYS_CONTROL,안전하지 않은 물리 제어·구동,Unsafe Physical Control and Actuation,0.647708,0.950374,0.1,P_SYS_CONTROL,KEEP,CURATED_ALIGNMENT_WITH_IMMUTABLE_L3,fc3ec86660489a3def3297d7b27a5602f5e1ba98db7078ff01cf143fdc393ba3,c2734e77bfe6183ac2231f039550ec6c37b5110ce297814af5a7cd1faa3cbbfc
SRC-P-0032,Physical,RAI4-0299,P_SYS_CONTROL,안전하지 않은 물리 제어·구동,Unsafe Physical Control and Actuation,0.685483,0.685099,0.0,,KEEP,SEMANTIC_ALIGNMENT_WITH_IMMUTABLE_L3,fc3ec86660489a3def3297d7b27a5602f5e1ba98db7078ff01cf143fdc393ba3,c2734e77bfe6183ac2231f039550ec6c37b5110ce297814af5a7cd1faa3cbbfc
SRC-P-0033,Physical,RAI4-0303,P_SYS_CONTROL,안전하지 않은 물리 제어·구동,Unsafe Physical Control and Actuation,0.771321,0.800939,0.2,,KEEP,LEXICAL_ALIGNMENT_WITH_IMMUTABLE_L3,fc3ec86660489a3def3297d7b27a5602f5e1ba98db7078ff01cf143fdc393ba3,c2734e77bfe6183ac2231f039550ec6c37b5110ce297814af5a7cd1faa3cbbfc
SRC-P-0034,Physical,RAI4-0304,P_SYS_CONTROL,안전하지 않은 물리 제어·구동,Unsafe Physical Control and Actuation,0.762709,0.792344,0.3,,KEEP,LEXICAL_ALIGNMENT_WITH_IMMUTABLE_L3,fc3ec86660489a3def3297d7b27a5602f5e1ba98db7078ff01cf143fdc393ba3,c2734e77bfe6183ac2231f039550ec6c37b5110ce297814af5a7cd1faa3cbbfc
SRC-P-0035,Physical,RAI4-0309,P_SYS_CONTROL,안전하지 않은 물리 제어·구동,Unsafe Physical Control and Actuation,0.75819,0.784451,0.2,,KEEP,LEXICAL_ALIGNMENT_WITH_IMMUTABLE_L3,fc3ec86660489a3def3297d7b27a5602f5e1ba98db7078ff01cf143fdc393ba3,c2734e77bfe6183ac2231f039550ec6c37b5110ce297814af5a7cd1faa3cbbfc
SRC-P-0036,Physical,RAI4-0310,P_INT_SAFETY,인간-로봇 물리 안전 실패,Human-Robot Physical Safety Failure,0.719907,0.739298,0.3,,KEEP,LEXICAL_ALIGNMENT_WITH_IMMUTABLE_L3,4a45a814202979c38e6b3af5fb86c891dec2124aad8e0a4a87b7316be259440a,d466953a7bec28becf42038730e6a6c3ae4186a0d76be099dd6bd3d7148a1f71
SRC-P-0037,Physical,RAI4-0314,P_SYS_CONTROL,안전하지 않은 물리 제어·구동,Unsafe Physical Control and Actuation,0.71935,0.739675,0.1,,KEEP,LEXICAL_ALIGNMENT_WITH_IMMUTABLE_L3,fc3ec86660489a3def3297d7b27a5602f5e1ba98db7078ff01cf143fdc393ba3,c2734e77bfe6183ac2231f039550ec6c37b5110ce297814af5a7cd1faa3cbbfc
SRC-P-0038,Physical,RAI4-0315,P_SYS_CONTROL,안전하지 않은 물리 제어·구동,Unsafe Physical Control and Actuation,0.674026,0.697115,0.2,,KEEP,LEXICAL_ALIGNMENT_WITH_IMMUTABLE_L3,fc3ec86660489a3def3297d7b27a5602f5e1ba98db7078ff01cf143fdc393ba3,c2734e77bfe6183ac2231f039550ec6c37b5110ce297814af5a7cd1faa3cbbfc
SRC-P-0039,Physical,RAI4-0331,P_SYS_CONTROL,안전하지 않은 물리 제어·구동,Unsafe Physical Control and Actuation,0.718446,0.718446,0.0,,KEEP,SEMANTIC_ALIGNMENT_WITH_IMMUTABLE_L3,fc3ec86660489a3def3297d7b27a5602f5e1ba98db7078ff01cf143fdc393ba3,c2734e77bfe6183ac2231f039550ec6c37b5110ce297814af5a7cd1faa3cbbfc
SRC-P-0040,Physical,RAI4-0339,P_SYS_CONTROL,안전하지 않은 물리 제어·구동,Unsafe Physical Control and Actuation,0.708893,1.024272,0.3,P_SYS_CONTROL,KEEP,CURATED_ALIGNMENT_WITH_IMMUTABLE_L3,fc3ec86660489a3def3297d7b27a5602f5e1ba98db7078ff01cf143fdc393ba3,c2734e77bfe6183ac2231f039550ec6c37b5110ce297814af5a7cd1faa3cbbfc
SRC-P-0041,Physical,RAI4-0343,P_SYS_CONTROL,안전하지 않은 물리 제어·구동,Unsafe Physical Control and Actuation,0.792714,0.823967,0.2,,KEEP,LEXICAL_ALIGNMENT_WITH_IMMUTABLE_L3,fc3ec86660489a3def3297d7b27a5602f5e1ba98db7078ff01cf143fdc393ba3,c2734e77bfe6183ac2231f039550ec6c37b5110ce297814af5a7cd1faa3cbbfc
SRC-P-0042,Physical,RAI4-0361,P_SYS_CONTROL,안전하지 않은 물리 제어·구동,Unsafe Physical Control and Actuation,0.690845,0.690845,0.0,,KEEP,SEMANTIC_ALIGNMENT_WITH_IMMUTABLE_L3,fc3ec86660489a3def3297d7b27a5602f5e1ba98db7078ff01cf143fdc393ba3,c2734e77bfe6183ac2231f039550ec6c37b5110ce297814af5a7cd1faa3cbbfc
SRC-P-0043,Physical,RAI4-0183,P_SYS_HARDWARE,하드웨어·기계 무결성 결함,Hardware and Mechanical Integrity Failure,0.712742,0.719203,0.0,,KEEP,SEMANTIC_ALIGNMENT_WITH_IMMUTABLE_L3,57297447e7507b4c57c4f87f5672aa99f1ed297dffd728cb78ab448ab6ada88a,b5ae51923fba3718145bed2e2bdb90b5dc6dd95b28ff8c8426e1f8216ffa0b3f
SRC-P-0044,Physical,RAI4-0298,P_SYS_HARDWARE,하드웨어·기계 무결성 결함,Hardware and Mechanical Integrity Failure,0.707621,0.722539,0.0,,KEEP,SEMANTIC_ALIGNMENT_WITH_IMMUTABLE_L3,57297447e7507b4c57c4f87f5672aa99f1ed297dffd728cb78ab448ab6ada88a,b5ae51923fba3718145bed2e2bdb90b5dc6dd95b28ff8c8426e1f8216ffa0b3f
SRC-P-0045,Physical,RAI4-0300,P_INT_SAFETY,인간-로봇 물리 안전 실패,Human-Robot Physical Safety Failure,0.684287,0.702287,0.3,,KEEP,LEXICAL_ALIGNMENT_WITH_IMMUTABLE_L3,4a45a814202979c38e6b3af5fb86c891dec2124aad8e0a4a87b7316be259440a,d466953a7bec28becf42038730e6a6c3ae4186a0d76be099dd6bd3d7148a1f71
SRC-P-0046,Physical,RAI4-0333,P_SYS_CONTROL,안전하지 않은 물리 제어·구동,Unsafe Physical Control and Actuation,0.780711,0.81905,0.4,,KEEP,LEXICAL_ALIGNMENT_WITH_IMMUTABLE_L3,fc3ec86660489a3def3297d7b27a5602f5e1ba98db7078ff01cf143fdc393ba3,c2734e77bfe6183ac2231f039550ec6c37b5110ce297814af5a7cd1faa3cbbfc
SRC-P-0047,Physical,RAI4-0661,P_INT_TAMPER,물리적 변조·파괴,Physical Tampering and Sabotage,0.739019,0.766841,0.1,,DELETE,DELETE_L3_SCOPE_MISMATCH: NO_CURRENT_L3: bundled malfunction and cyberattack causes with an unspecified business-system outcome,e29b7d3f35292b8cc6a8b192acec453f4037998f6aa594d7a0594169b73f5792,b8271488ba5eecd2077c13ba526ab741891f8ea23416691ea6fd837cb37fe1cb
SRC-P-0048,Physical,RAI4-1035,P_SYS_HARDWARE,하드웨어·기계 무결성 결함,Hardware and Mechanical Integrity Failure,0.825815,0.868376,0.4,,KEEP,LEXICAL_ALIGNMENT_WITH_IMMUTABLE_L3,57297447e7507b4c57c4f87f5672aa99f1ed297dffd728cb78ab448ab6ada88a,b5ae51923fba3718145bed2e2bdb90b5dc6dd95b28ff8c8426e1f8216ffa0b3f
SRC-P-0049,Physical,RAI4-1496,P_SYS_HARDWARE,하드웨어·기계 무결성 결함,Hardware and Mechanical Integrity Failure,0.682636,0.693869,0.0,,KEEP,SEMANTIC_ALIGNMENT_WITH_IMMUTABLE_L3,57297447e7507b4c57c4f87f5672aa99f1ed297dffd728cb78ab448ab6ada88a,b5ae51923fba3718145bed2e2bdb90b5dc6dd95b28ff8c8426e1f8216ffa0b3f
SRC-P-0050,Physical,RAI4-1629,P_SYS_CONTROL,안전하지 않은 물리 제어·구동,Unsafe Physical Control and Actuation,0.808644,0.850318,0.4,,KEEP,LEXICAL_ALIGNMENT_WITH_IMMUTABLE_L3,fc3ec86660489a3def3297d7b27a5602f5e1ba98db7078ff01cf143fdc393ba3,c2734e77bfe6183ac2231f039550ec6c37b5110ce297814af5a7cd1faa3cbbfc
SRC-P-0051,Physical,RAI4-0776,G_SYS_SECADV,보안·적대적 견고성 실패,Security and Adversarial Robustness Failure,0.677531,0.72282,0.5,,KEEP,LEXICAL_ALIGNMENT_WITH_IMMUTABLE_L3,c52e7aa6094aca9e34a95f4c7fddc0ebb5a74383c7fe22b35a7293fa22afb045,e810d4b594e46a05c3ca192140a74700a2c185fa84d50a78d52c966a91f10619
SRC-P-0053,Physical,RAI4-0993,P_SYS_CONTROL,안전하지 않은 물리 제어·구동,Unsafe Physical Control and Actuation,0.707388,0.719388,0.2,,KEEP,LEXICAL_ALIGNMENT_WITH_IMMUTABLE_L3,fc3ec86660489a3def3297d7b27a5602f5e1ba98db7078ff01cf143fdc393ba3,c2734e77bfe6183ac2231f039550ec6c37b5110ce297814af5a7cd1faa3cbbfc
SRC-P-0054,Physical,RAI4-1039,P_SYS_CONTROL,안전하지 않은 물리 제어·구동,Unsafe Physical Control and Actuation,0.793444,1.09609,0.2,P_SYS_CONTROL,KEEP,CURATED_ALIGNMENT_WITH_IMMUTABLE_L3,fc3ec86660489a3def3297d7b27a5602f5e1ba98db7078ff01cf143fdc393ba3,c2734e77bfe6183ac2231f039550ec6c37b5110ce297814af5a7cd1faa3cbbfc
SRC-P-0055,Physical,RAI4-1092,G_SOC_POWER,불평등·권력 집중,Inequality and Power Concentration,0.725794,1.039577,0.0,G_SOC_POWER,KEEP,CURATED_ALIGNMENT_WITH_IMMUTABLE_L3,09a89b770897a4db2a8c867b857e9558793599f830bfbe376ea21eacdb7fb72d,1e1afd285b7734023f862e2a98c1b429209b2407f2f7bff419ff3c307180f8c7
SRC-P-0056,Physical,RAI4-1157,G_SYS_SECADV,보안·적대적 견고성 실패,Security and Adversarial Robustness Failure,0.690617,1.033395,0.5,G_SYS_SECADV,KEEP,CURATED_ALIGNMENT_WITH_IMMUTABLE_L3,c52e7aa6094aca9e34a95f4c7fddc0ebb5a74383c7fe22b35a7293fa22afb045,e810d4b594e46a05c3ca192140a74700a2c185fa84d50a78d52c966a91f10619
SRC-P-0057,Physical,RAI4-1252,P_SYS_CONTROL,안전하지 않은 물리 제어·구동,Unsafe Physical Control and Actuation,0.657069,0.669169,0.1,,KEEP,LEXICAL_ALIGNMENT_WITH_IMMUTABLE_L3,fc3ec86660489a3def3297d7b27a5602f5e1ba98db7078ff01cf143fdc393ba3,c2734e77bfe6183ac2231f039550ec6c37b5110ce297814af5a7cd1faa3cbbfc
SRC-P-0058,Physical,RAI4-1282,G_SYS_SECADV,보안·적대적 견고성 실패,Security and Adversarial Robustness Failure,0.800914,1.141846,0.4,G_SYS_SECADV,KEEP,CURATED_ALIGNMENT_WITH_IMMUTABLE_L3,c52e7aa6094aca9e34a95f4c7fddc0ebb5a74383c7fe22b35a7293fa22afb045,e810d4b594e46a05c3ca192140a74700a2c185fa84d50a78d52c966a91f10619
SRC-P-0059,Physical,RAI4-1284,P_SYS_HARDWARE,하드웨어·기계 무결성 결함,Hardware and Mechanical Integrity Failure,0.727626,0.737293,0.0,,KEEP,SEMANTIC_ALIGNMENT_WITH_IMMUTABLE_L3,57297447e7507b4c57c4f87f5672aa99f1ed297dffd728cb78ab448ab6ada88a,b5ae51923fba3718145bed2e2bdb90b5dc6dd95b28ff8c8426e1f8216ffa0b3f
SRC-P-0060,Physical,RAI4-1333,P_INT_TAMPER,물리적 변조·파괴,Physical Tampering and Sabotage,0.756371,0.79592,0.3,,KEEP,LEXICAL_ALIGNMENT_WITH_IMMUTABLE_L3,e29b7d3f35292b8cc6a8b192acec453f4037998f6aa594d7a0594169b73f5792,b8271488ba5eecd2077c13ba526ab741891f8ea23416691ea6fd837cb37fe1cb
SRC-P-0061,Physical,RAI4-1489,P_SYS_STATE,물리 상태 추정·센서 융합 실패,Physical State Estimation and Sensor-Fusion Failure,0.683926,0.727877,0.4,,KEEP,LEXICAL_ALIGNMENT_WITH_IMMUTABLE_L3,3852af80a1d7d3845b5f6f9485e663894cf24948e7c4ee5356f72b00c99a7134,40d557ef508f04d51d03a4b724463523c6481b85f2374bd451feb8b7cd6d4c64
SRC-P-0072,Physical,RAI4-0196,G_SYS_SECADV,보안·적대적 견고성 실패,Security and Adversarial Robustness Failure,0.730314,1.080953,0.6,G_SYS_SECADV,KEEP,CURATED_ALIGNMENT_WITH_IMMUTABLE_L3,c52e7aa6094aca9e34a95f4c7fddc0ebb5a74383c7fe22b35a7293fa22afb045,e810d4b594e46a05c3ca192140a74700a2c185fa84d50a78d52c966a91f10619
SRC-P-0073,Physical,RAI4-0227,P_SYS_CONTROL,안전하지 않은 물리 제어·구동,Unsafe Physical Control and Actuation,0.873537,1.225673,0.5,P_SYS_CONTROL,KEEP,CURATED_ALIGNMENT_WITH_IMMUTABLE_L3,fc3ec86660489a3def3297d7b27a5602f5e1ba98db7078ff01cf143fdc393ba3,c2734e77bfe6183ac2231f039550ec6c37b5110ce297814af5a7cd1faa3cbbfc
SRC-P-0074,Physical,RAI4-0669,G_SYS_SECADV,보안·적대적 견고성 실패,Security and Adversarial Robustness Failure,0.690076,0.727303,0.4,,KEEP,LEXICAL_ALIGNMENT_WITH_IMMUTABLE_L3,c52e7aa6094aca9e34a95f4c7fddc0ebb5a74383c7fe22b35a7293fa22afb045,e810d4b594e46a05c3ca192140a74700a2c185fa84d50a78d52c966a91f10619
SRC-P-0075,Physical,RAI4-0758,G_SYS_SECADV,보안·적대적 견고성 실패,Security and Adversarial Robustness Failure,0.713676,1.03808,0.2,G_SYS_SECADV,KEEP,CURATED_ALIGNMENT_WITH_IMMUTABLE_L3,c52e7aa6094aca9e34a95f4c7fddc0ebb5a74383c7fe22b35a7293fa22afb045,e810d4b594e46a05c3ca192140a74700a2c185fa84d50a78d52c966a91f10619
SRC-P-0076,Physical,RAI4-0767,G_SYS_SECADV,보안·적대적 견고성 실패,Security and Adversarial Robustness Failure,0.718176,1.039324,0.2,G_SYS_SECADV,KEEP,CURATED_ALIGNMENT_WITH_IMMUTABLE_L3,c52e7aa6094aca9e34a95f4c7fddc0ebb5a74383c7fe22b35a7293fa22afb045,e810d4b594e46a05c3ca192140a74700a2c185fa84d50a78d52c966a91f10619
SRC-P-0083,Physical,RAI4-0927,G_SYS_SECADV,보안·적대적 견고성 실패,Security and Adversarial Robustness Failure,0.669551,0.706526,0.3,,KEEP,LEXICAL_ALIGNMENT_WITH_IMMUTABLE_L3,c52e7aa6094aca9e34a95f4c7fddc0ebb5a74383c7fe22b35a7293fa22afb045,e810d4b594e46a05c3ca192140a74700a2c185fa84d50a78d52c966a91f10619
SRC-P-0084,Physical,RAI4-0928,G_SYS_SECADV,보안·적대적 견고성 실패,Security and Adversarial Robustness Failure,0.640225,0.966049,0.2,G_SYS_SECADV,KEEP,CURATED_ALIGNMENT_WITH_IMMUTABLE_L3,c52e7aa6094aca9e34a95f4c7fddc0ebb5a74383c7fe22b35a7293fa22afb045,e810d4b594e46a05c3ca192140a74700a2c185fa84d50a78d52c966a91f10619
SRC-P-0085,Physical,RAI4-0930,G_SYS_SECADV,보안·적대적 견고성 실패,Security and Adversarial Robustness Failure,0.675322,0.711575,0.4,,KEEP,LEXICAL_ALIGNMENT_WITH_IMMUTABLE_L3,c52e7aa6094aca9e34a95f4c7fddc0ebb5a74383c7fe22b35a7293fa22afb045,e810d4b594e46a05c3ca192140a74700a2c185fa84d50a78d52c966a91f10619
SRC-P-0088,Physical,RAI4-1176,G_SYS_OREF,과도한 거절,Over-Refusal,0.694997,0.70348,0.0,,KEEP,SEMANTIC_ALIGNMENT_WITH_IMMUTABLE_L3,990a769dee48bbcb5b716bc984e10003c5158b72ace7557a9b9270e18e456556,3c3cdd1695139a9bc919332783bfa35344617f039403416130ab88b301f70280
SRC-P-0090,Physical,RAI4-1354,G_SYS_SECADV,보안·적대적 견고성 실패,Security and Adversarial Robustness Failure,0.691975,0.757159,0.8,,KEEP,LEXICAL_ALIGNMENT_WITH_IMMUTABLE_L3,c52e7aa6094aca9e34a95f4c7fddc0ebb5a74383c7fe22b35a7293fa22afb045,e810d4b594e46a05c3ca192140a74700a2c185fa84d50a78d52c966a91f10619
SRC-P-0091,Physical,RAI4-1513,G_SYS_SECADV,보안·적대적 견고성 실패,Security and Adversarial Robustness Failure,0.66407,0.678339,0.2,,KEEP,LEXICAL_ALIGNMENT_WITH_IMMUTABLE_L3,c52e7aa6094aca9e34a95f4c7fddc0ebb5a74383c7fe22b35a7293fa22afb045,e810d4b594e46a05c3ca192140a74700a2c185fa84d50a78d52c966a91f10619
SRC-P-0092,Physical,RAI4-1517,G_SYS_SECADV,보안·적대적 견고성 실패,Security and Adversarial Robustness Failure,0.740744,0.78973,0.5,,KEEP,LEXICAL_ALIGNMENT_WITH_IMMUTABLE_L3,c52e7aa6094aca9e34a95f4c7fddc0ebb5a74383c7fe22b35a7293fa22afb045,e810d4b594e46a05c3ca192140a74700a2c185fa84d50a78d52c966a91f10619
SRC-P-0093,Physical,RAI4-1520,G_SYS_SECADV,보안·적대적 견고성 실패,Security and Adversarial Robustness Failure,0.668854,0.698759,0.2,,KEEP,LEXICAL_ALIGNMENT_WITH_IMMUTABLE_L3,c52e7aa6094aca9e34a95f4c7fddc0ebb5a74383c7fe22b35a7293fa22afb045,e810d4b594e46a05c3ca192140a74700a2c185fa84d50a78d52c966a91f10619
SRC-P-0094,Physical,RAI4-1521,G_SYS_SECADV,보안·적대적 견고성 실패,Security and Adversarial Robustness Failure,0.661656,0.709632,0.5,,KEEP,LEXICAL_ALIGNMENT_WITH_IMMUTABLE_L3,c52e7aa6094aca9e34a95f4c7fddc0ebb5a74383c7fe22b35a7293fa22afb045,e810d4b594e46a05c3ca192140a74700a2c185fa84d50a78d52c966a91f10619
SRC-P-0097,Physical,RAI4-1665,G_SYS_SECADV,보안·적대적 견고성 실패,Security and Adversarial Robustness Failure,0.677409,0.684622,0.0,,KEEP,SEMANTIC_ALIGNMENT_WITH_IMMUTABLE_L3,c52e7aa6094aca9e34a95f4c7fddc0ebb5a74383c7fe22b35a7293fa22afb045,e810d4b594e46a05c3ca192140a74700a2c185fa84d50a78d52c966a91f10619
SRC-P-0098,Physical,RAI4-1666,G_SYS_SECADV,보안·적대적 견고성 실패,Security and Adversarial Robustness Failure,0.632715,0.678366,0.5,,KEEP,LEXICAL_ALIGNMENT_WITH_IMMUTABLE_L3,c52e7aa6094aca9e34a95f4c7fddc0ebb5a74383c7fe22b35a7293fa22afb045,e810d4b594e46a05c3ca192140a74700a2c185fa84d50a78d52c966a91f10619
SRC-P-0099,Physical,RAI4-1675,P_SYS_CONTROL,안전하지 않은 물리 제어·구동,Unsafe Physical Control and Actuation,0.714293,1.071811,0.6,P_SYS_CONTROL,KEEP,CURATED_ALIGNMENT_WITH_IMMUTABLE_L3,fc3ec86660489a3def3297d7b27a5602f5e1ba98db7078ff01cf143fdc393ba3,c2734e77bfe6183ac2231f039550ec6c37b5110ce297814af5a7cd1faa3cbbfc
SRC-P-0101,Physical,RAI4-0197,P_INT_TAMPER,물리적 변조·파괴,Physical Tampering and Sabotage,0.699025,0.720269,0.1,,KEEP,LEXICAL_ALIGNMENT_WITH_IMMUTABLE_L3,e29b7d3f35292b8cc6a8b192acec453f4037998f6aa594d7a0594169b73f5792,b8271488ba5eecd2077c13ba526ab741891f8ea23416691ea6fd837cb37fe1cb
SRC-P-0103,Physical,RAI4-0199,P_INT_TAMPER,물리적 변조·파괴,Physical Tampering and Sabotage,0.695237,0.743755,0.6,,KEEP,LEXICAL_ALIGNMENT_WITH_IMMUTABLE_L3,e29b7d3f35292b8cc6a8b192acec453f4037998f6aa594d7a0594169b73f5792,b8271488ba5eecd2077c13ba526ab741891f8ea23416691ea6fd837cb37fe1cb
SRC-P-0104,Physical,RAI4-0201,P_INT_TAMPER,물리적 변조·파괴,Physical Tampering and Sabotage,0.794781,0.853915,0.6,,KEEP,LEXICAL_ALIGNMENT_WITH_IMMUTABLE_L3,e29b7d3f35292b8cc6a8b192acec453f4037998f6aa594d7a0594169b73f5792,b8271488ba5eecd2077c13ba526ab741891f8ea23416691ea6fd837cb37fe1cb
SRC-P-0105,Physical,RAI4-0210,P_INT_TAMPER,물리적 변조·파괴,Physical Tampering and Sabotage,0.711374,0.730256,0.0,,KEEP,SEMANTIC_ALIGNMENT_WITH_IMMUTABLE_L3,e29b7d3f35292b8cc6a8b192acec453f4037998f6aa594d7a0594169b73f5792,b8271488ba5eecd2077c13ba526ab741891f8ea23416691ea6fd837cb37fe1cb
SRC-P-0106,Physical,RAI4-0221,P_INT_TAMPER,물리적 변조·파괴,Physical Tampering and Sabotage,0.705011,0.715474,0.0,,KEEP,SEMANTIC_ALIGNMENT_WITH_IMMUTABLE_L3,e29b7d3f35292b8cc6a8b192acec453f4037998f6aa594d7a0594169b73f5792,b8271488ba5eecd2077c13ba526ab741891f8ea23416691ea6fd837cb37fe1cb
SRC-P-0107,Physical,RAI4-0302,P_INT_TAMPER,물리적 변조·파괴,Physical Tampering and Sabotage,0.757034,0.796967,0.4,,KEEP,LEXICAL_ALIGNMENT_WITH_IMMUTABLE_L3,e29b7d3f35292b8cc6a8b192acec453f4037998f6aa594d7a0594169b73f5792,b8271488ba5eecd2077c13ba526ab741891f8ea23416691ea6fd837cb37fe1cb
SRC-P-0108,Physical,RAI4-0305,P_INT_TAMPER,물리적 변조·파괴,Physical Tampering and Sabotage,0.728681,0.7551,0.3,,KEEP,LEXICAL_ALIGNMENT_WITH_IMMUTABLE_L3,e29b7d3f35292b8cc6a8b192acec453f4037998f6aa594d7a0594169b73f5792,b8271488ba5eecd2077c13ba526ab741891f8ea23416691ea6fd837cb37fe1cb
SRC-P-0110,Physical,RAI4-0323,P_INT_TAMPER,물리적 변조·파괴,Physical Tampering and Sabotage,0.716236,0.737957,0.1,,KEEP,LEXICAL_ALIGNMENT_WITH_IMMUTABLE_L3,e29b7d3f35292b8cc6a8b192acec453f4037998f6aa594d7a0594169b73f5792,b8271488ba5eecd2077c13ba526ab741891f8ea23416691ea6fd837cb37fe1cb
SRC-P-0112,Physical,RAI4-0348,P_INT_TAMPER,물리적 변조·파괴,Physical Tampering and Sabotage,0.673297,0.67829,0.0,,KEEP,SEMANTIC_ALIGNMENT_WITH_IMMUTABLE_L3,e29b7d3f35292b8cc6a8b192acec453f4037998f6aa594d7a0594169b73f5792,b8271488ba5eecd2077c13ba526ab741891f8ea23416691ea6fd837cb37fe1cb
SRC-P-0113,Physical,RAI4-0350,P_INT_TAMPER,물리적 변조·파괴,Physical Tampering and Sabotage,0.7036,0.720909,0.2,,KEEP,LEXICAL_ALIGNMENT_WITH_IMMUTABLE_L3,e29b7d3f35292b8cc6a8b192acec453f4037998f6aa594d7a0594169b73f5792,b8271488ba5eecd2077c13ba526ab741891f8ea23416691ea6fd837cb37fe1cb
SRC-P-0114,Physical,RAI4-0774,G_SYS_SECADV,보안·적대적 견고성 실패,Security and Adversarial Robustness Failure,0.671554,0.704353,0.3,,KEEP,LEXICAL_ALIGNMENT_WITH_IMMUTABLE_L3,c52e7aa6094aca9e34a95f4c7fddc0ebb5a74383c7fe22b35a7293fa22afb045,e810d4b594e46a05c3ca192140a74700a2c185fa84d50a78d52c966a91f10619
SRC-P-0115,Physical,RAI4-1337,G_SYS_SECADV,보안·적대적 견고성 실패,Security and Adversarial Robustness Failure,0.73151,0.784149,0.6,,KEEP,LEXICAL_ALIGNMENT_WITH_IMMUTABLE_L3,c52e7aa6094aca9e34a95f4c7fddc0ebb5a74383c7fe22b35a7293fa22afb045,e810d4b594e46a05c3ca192140a74700a2c185fa84d50a78d52c966a91f10619
SRC-P-0116,Physical,RAI4-1338,G_SOC_ENV,환경·지속가능성 영향,Environmental and Sustainability Impact,0.712249,0.719805,0.0,,KEEP,SEMANTIC_ALIGNMENT_WITH_IMMUTABLE_L3,64c7605545921e1ccbf93e76fa58be4bdfa1f94180b90db3e023ed9ee51017f9,386bed3732ff81178d18653beaeff9bc1b674f63c9e2dda6f162c061ebfe66f4
SRC-P-0117,Physical,RAI4-1377,G_SYS_SECADV,보안·적대적 견고성 실패,Security and Adversarial Robustness Failure,0.714604,0.759908,0.6,,KEEP,LEXICAL_ALIGNMENT_WITH_IMMUTABLE_L3,c52e7aa6094aca9e34a95f4c7fddc0ebb5a74383c7fe22b35a7293fa22afb045,e810d4b594e46a05c3ca192140a74700a2c185fa84d50a78d52c966a91f10619
SRC-P-0118,Physical,RAI4-1547,G_INT_WEAP,무기화,Weaponization,0.603759,0.915716,0.0,G_INT_WEAP,KEEP,CURATED_ALIGNMENT_WITH_IMMUTABLE_L3,2e2e738edb96702290f98bbf42f118c4ffa8b5f589faf389a7eab5e33f266ce5,a24ba32f634e3e35fd1367b82be68a2544ae7bde77816d795ce617141ad79a29
SRC-P-0119,Physical,RAI4-1550,G_SYS_SECADV,보안·적대적 견고성 실패,Security and Adversarial Robustness Failure,0.671568,0.706835,0.3,,KEEP,LEXICAL_ALIGNMENT_WITH_IMMUTABLE_L3,c52e7aa6094aca9e34a95f4c7fddc0ebb5a74383c7fe22b35a7293fa22afb045,e810d4b594e46a05c3ca192140a74700a2c185fa84d50a78d52c966a91f10619
SRC-P-0120,Physical,RAI4-1561,G_SYS_SECADV,보안·적대적 견고성 실패,Security and Adversarial Robustness Failure,0.633458,0.67155,0.5,,KEEP,LEXICAL_ALIGNMENT_WITH_IMMUTABLE_L3,c52e7aa6094aca9e34a95f4c7fddc0ebb5a74383c7fe22b35a7293fa22afb045,e810d4b594e46a05c3ca192140a74700a2c185fa84d50a78d52c966a91f10619
SRC-P-0121,Physical,RAI4-0180,P_INT_SAFETY,인간-로봇 물리 안전 실패,Human-Robot Physical Safety Failure,0.622106,0.640106,0.3,,KEEP,LEXICAL_ALIGNMENT_WITH_IMMUTABLE_L3,4a45a814202979c38e6b3af5fb86c891dec2124aad8e0a4a87b7316be259440a,d466953a7bec28becf42038730e6a6c3ae4186a0d76be099dd6bd3d7148a1f71
SRC-P-0122,Physical,RAI4-0181,P_INT_SAFETY,인간-로봇 물리 안전 실패,Human-Robot Physical Safety Failure,0.79613,0.837651,0.4,,KEEP,LEXICAL_ALIGNMENT_WITH_IMMUTABLE_L3,4a45a814202979c38e6b3af5fb86c891dec2124aad8e0a4a87b7316be259440a,d466953a7bec28becf42038730e6a6c3ae4186a0d76be099dd6bd3d7148a1f71
SRC-P-0123,Physical,RAI4-0224,P_INT_SAFETY,인간-로봇 물리 안전 실패,Human-Robot Physical Safety Failure,0.755323,0.789691,0.4,,KEEP,LEXICAL_ALIGNMENT_WITH_IMMUTABLE_L3,4a45a814202979c38e6b3af5fb86c891dec2124aad8e0a4a87b7316be259440a,d466953a7bec28becf42038730e6a6c3ae4186a0d76be099dd6bd3d7148a1f71
SRC-P-0124,Physical,RAI4-0234,P_INT_SAFETY,인간-로봇 물리 안전 실패,Human-Robot Physical Safety Failure,0.716644,0.741206,0.3,,KEEP,LEXICAL_ALIGNMENT_WITH_IMMUTABLE_L3,4a45a814202979c38e6b3af5fb86c891dec2124aad8e0a4a87b7316be259440a,d466953a7bec28becf42038730e6a6c3ae4186a0d76be099dd6bd3d7148a1f71
SRC-P-0125,Physical,RAI4-0240,P_SYS_STATE,물리 상태 추정·센서 융합 실패,Physical State Estimation and Sensor-Fusion Failure,0.714055,1.047788,0.3,P_SYS_STATE,KEEP,CURATED_ALIGNMENT_WITH_IMMUTABLE_L3,3852af80a1d7d3845b5f6f9485e663894cf24948e7c4ee5356f72b00c99a7134,40d557ef508f04d51d03a4b724463523c6481b85f2374bd451feb8b7cd6d4c64
SRC-P-0126,Physical,RAI4-0261,P_INT_SAFETY,인간-로봇 물리 안전 실패,Human-Robot Physical Safety Failure,0.729203,0.763829,0.5,,KEEP,LEXICAL_ALIGNMENT_WITH_IMMUTABLE_L3,4a45a814202979c38e6b3af5fb86c891dec2124aad8e0a4a87b7316be259440a,d466953a7bec28becf42038730e6a6c3ae4186a0d76be099dd6bd3d7148a1f71
SRC-P-0127,Physical,RAI4-0278,G_SYS_EVAL,평가·검증 실패,Evaluation and Assurance Failure,0.733248,1.065677,0.4,G_SYS_EVAL,KEEP,CURATED_ALIGNMENT_WITH_IMMUTABLE_L3,a5e7f0609d96613e353e5f5b6045b425c7b9d87241b22902549505f15d4abf6a,e17bf6bc8ae08cdddcc781ab4a1aadb569e861d5a6da5bea93281312170cd87d
SRC-P-0128,Physical,RAI4-0321,P_SYS_STATE,물리 상태 추정·센서 융합 실패,Physical State Estimation and Sensor-Fusion Failure,0.666974,0.701404,0.3,,KEEP,LEXICAL_ALIGNMENT_WITH_IMMUTABLE_L3,3852af80a1d7d3845b5f6f9485e663894cf24948e7c4ee5356f72b00c99a7134,40d557ef508f04d51d03a4b724463523c6481b85f2374bd451feb8b7cd6d4c64
SRC-P-0129,Physical,RAI4-0322,P_SYS_STATE,물리 상태 추정·센서 융합 실패,Physical State Estimation and Sensor-Fusion Failure,0.732783,0.779736,0.5,,KEEP,LEXICAL_ALIGNMENT_WITH_IMMUTABLE_L3,3852af80a1d7d3845b5f6f9485e663894cf24948e7c4ee5356f72b00c99a7134,40d557ef508f04d51d03a4b724463523c6481b85f2374bd451feb8b7cd6d4c64
SRC-P-0130,Physical,RAI4-0352,P_SYS_HARDWARE,하드웨어·기계 무결성 결함,Hardware and Mechanical Integrity Failure,0.70939,0.737822,0.4,,KEEP,LEXICAL_ALIGNMENT_WITH_IMMUTABLE_L3,57297447e7507b4c57c4f87f5672aa99f1ed297dffd728cb78ab448ab6ada88a,b5ae51923fba3718145bed2e2bdb90b5dc6dd95b28ff8c8426e1f8216ffa0b3f
SRC-P-0131,Physical,RAI4-0442,G_SYS_MISINFO,허위정보,Misinformation,0.788546,0.821198,0.3,,KEEP,LEXICAL_ALIGNMENT_WITH_IMMUTABLE_L3,797957ed8863fcae89bdad19a6065f6ee992f2f5822d4dd90a680627c82a6db5,fe14d390678f5a1b9e98bc4b3644d80ff9df0259f22ca83a2a38e0fe37735aae
SRC-P-0132,Physical,RAI4-0444,G_SOC_CULT,문화·지식 생태계 침식,Cultural and Epistemic Erosion,0.693759,0.711696,0.1,,KEEP,LEXICAL_ALIGNMENT_WITH_IMMUTABLE_L3,2ff58344ac443f426e7a10c12574ca1b5a2888f4471ca84031a6ae0c66fe9c1c,7b36bfd0f3bf160532880b9435252c8d5548c8139537fbbab64546ed10fb8a66
SRC-P-0133,Physical,RAI4-0787,G_SYS_MISINFO,허위정보,Misinformation,0.723799,0.764812,0.4,,KEEP,LEXICAL_ALIGNMENT_WITH_IMMUTABLE_L3,797957ed8863fcae89bdad19a6065f6ee992f2f5822d4dd90a680627c82a6db5,fe14d390678f5a1b9e98bc4b3644d80ff9df0259f22ca83a2a38e0fe37735aae
SRC-P-0135,Physical,RAI4-0817,G_SYS_MISINFO,허위정보,Misinformation,0.630167,0.659526,0.3,,KEEP,LEXICAL_ALIGNMENT_WITH_IMMUTABLE_L3,797957ed8863fcae89bdad19a6065f6ee992f2f5822d4dd90a680627c82a6db5,fe14d390678f5a1b9e98bc4b3644d80ff9df0259f22ca83a2a38e0fe37735aae
SRC-P-0136,Physical,RAI4-0820,G_SYS_MISINFO,허위정보,Misinformation,0.698653,0.757326,0.7,,KEEP,LEXICAL_ALIGNMENT_WITH_IMMUTABLE_L3,797957ed8863fcae89bdad19a6065f6ee992f2f5822d4dd90a680627c82a6db5,fe14d390678f5a1b9e98bc4b3644d80ff9df0259f22ca83a2a38e0fe37735aae
SRC-P-0137,Physical,RAI4-1524,G_SYS_MISINFO,허위정보,Misinformation,0.737826,0.784203,0.5,,KEEP,LEXICAL_ALIGNMENT_WITH_IMMUTABLE_L3,797957ed8863fcae89bdad19a6065f6ee992f2f5822d4dd90a680627c82a6db5,fe14d390678f5a1b9e98bc4b3644d80ff9df0259f22ca83a2a38e0fe37735aae
SRC-P-0138,Physical,RAI4-1527,G_SYS_MISINFO,허위정보,Misinformation,0.724566,0.759313,0.4,,KEEP,LEXICAL_ALIGNMENT_WITH_IMMUTABLE_L3,797957ed8863fcae89bdad19a6065f6ee992f2f5822d4dd90a680627c82a6db5,fe14d390678f5a1b9e98bc4b3644d80ff9df0259f22ca83a2a38e0fe37735aae
SRC-P-0139,Physical,RAI4-1688,P_SYS_STATE,물리 상태 추정·센서 융합 실패,Physical State Estimation and Sensor-Fusion Failure,0.740767,1.091994,0.5,P_SYS_STATE,KEEP,CURATED_ALIGNMENT_WITH_IMMUTABLE_L3,3852af80a1d7d3845b5f6f9485e663894cf24948e7c4ee5356f72b00c99a7134,40d557ef508f04d51d03a4b724463523c6481b85f2374bd451feb8b7cd6d4c64
SRC-P-0140,Physical,RAI4-1696,G_INT_POL,정치적 편향·조작,Political Bias and Manipulation,0.762832,1.118171,0.6,G_INT_POL,KEEP,CURATED_ALIGNMENT_WITH_IMMUTABLE_L3,681f03937e33814fccc50dd167e6bcf89a1ea818460383e8a737686d8d925c37,dfdae92b1b1018dd138d8a84c08ba0d1c21247cab3e2796a63b67e7638afd945
SRC-P-0141,Physical,RAI4-1697,G_SYS_TRANS,투명성 부족,Lack of Transparency,0.72346,1.025558,0.0,G_SYS_TRANS,KEEP,CURATED_ALIGNMENT_WITH_IMMUTABLE_L3,4ce734f636ed217313046367cddbad97f30d59e47c760677b91ffe3320931fae,d9b1ff35e772ea885c8b966dcfee41778faa57f2f17686d35e04d62e768230c0
SRC-P-0142,Physical,RAI4-0209,P_SYS_CONTROL,안전하지 않은 물리 제어·구동,Unsafe Physical Control and Actuation,0.751538,0.773982,0.3,,KEEP,LEXICAL_ALIGNMENT_WITH_IMMUTABLE_L3,fc3ec86660489a3def3297d7b27a5602f5e1ba98db7078ff01cf143fdc393ba3,c2734e77bfe6183ac2231f039550ec6c37b5110ce297814af5a7cd1faa3cbbfc
SRC-P-0143,Physical,RAI4-0337,P_INT_SAFETY,인간-로봇 물리 안전 실패,Human-Robot Physical Safety Failure,0.643662,0.666456,0.3,,KEEP,LEXICAL_ALIGNMENT_WITH_IMMUTABLE_L3,4a45a814202979c38e6b3af5fb86c891dec2124aad8e0a4a87b7316be259440a,d466953a7bec28becf42038730e6a6c3ae4186a0d76be099dd6bd3d7148a1f71
SRC-P-0144,Physical,RAI4-0466,G_SYS_SECADV,보안·적대적 견고성 실패,Security and Adversarial Robustness Failure,0.751103,0.78399,0.3,,KEEP,LEXICAL_ALIGNMENT_WITH_IMMUTABLE_L3,c52e7aa6094aca9e34a95f4c7fddc0ebb5a74383c7fe22b35a7293fa22afb045,e810d4b594e46a05c3ca192140a74700a2c185fa84d50a78d52c966a91f10619
SRC-P-0146,Physical,RAI4-1287,P_SYS_HARDWARE,하드웨어·기계 무결성 결함,Hardware and Mechanical Integrity Failure,0.711876,0.728374,0.1,,KEEP,LEXICAL_ALIGNMENT_WITH_IMMUTABLE_L3,57297447e7507b4c57c4f87f5672aa99f1ed297dffd728cb78ab448ab6ada88a,b5ae51923fba3718145bed2e2bdb90b5dc6dd95b28ff8c8426e1f8216ffa0b3f
SRC-P-0147,Physical,RAI4-0245,P_INT_SAFETY,인간-로봇 물리 안전 실패,Human-Robot Physical Safety Failure,0.670947,0.693416,0.3,,KEEP,LEXICAL_ALIGNMENT_WITH_IMMUTABLE_L3,4a45a814202979c38e6b3af5fb86c891dec2124aad8e0a4a87b7316be259440a,d466953a7bec28becf42038730e6a6c3ae4186a0d76be099dd6bd3d7148a1f71
SRC-P-0148,Physical,RAI4-0247,P_SYS_CONTROL,안전하지 않은 물리 제어·구동,Unsafe Physical Control and Actuation,0.706232,0.722608,0.1,,KEEP,LEXICAL_ALIGNMENT_WITH_IMMUTABLE_L3,fc3ec86660489a3def3297d7b27a5602f5e1ba98db7078ff01cf143fdc393ba3,c2734e77bfe6183ac2231f039550ec6c37b5110ce297814af5a7cd1faa3cbbfc
SRC-P-0149,Physical,RAI4-0249,P_SYS_CONTROL,안전하지 않은 물리 제어·구동,Unsafe Physical Control and Actuation,0.685804,0.711757,0.4,,KEEP,LEXICAL_ALIGNMENT_WITH_IMMUTABLE_L3,fc3ec86660489a3def3297d7b27a5602f5e1ba98db7078ff01cf143fdc393ba3,c2734e77bfe6183ac2231f039550ec6c37b5110ce297814af5a7cd1faa3cbbfc
SRC-P-0150,Physical,RAI4-0253,P_SYS_CONTROL,안전하지 않은 물리 제어·구동,Unsafe Physical Control and Actuation,0.722748,0.756668,0.3,,KEEP,LEXICAL_ALIGNMENT_WITH_IMMUTABLE_L3,fc3ec86660489a3def3297d7b27a5602f5e1ba98db7078ff01cf143fdc393ba3,c2734e77bfe6183ac2231f039550ec6c37b5110ce297814af5a7cd1faa3cbbfc
SRC-P-0151,Physical,RAI4-0254,P_SYS_CONTROL,안전하지 않은 물리 제어·구동,Unsafe Physical Control and Actuation,0.740404,1.066206,0.1,P_SYS_CONTROL,KEEP,CURATED_ALIGNMENT_WITH_IMMUTABLE_L3,fc3ec86660489a3def3297d7b27a5602f5e1ba98db7078ff01cf143fdc393ba3,c2734e77bfe6183ac2231f039550ec6c37b5110ce297814af5a7cd1faa3cbbfc
SRC-P-0152,Physical,RAI4-0255,P_INT_SAFETY,인간-로봇 물리 안전 실패,Human-Robot Physical Safety Failure,0.701914,0.746928,0.5,,KEEP,LEXICAL_ALIGNMENT_WITH_IMMUTABLE_L3,4a45a814202979c38e6b3af5fb86c891dec2124aad8e0a4a87b7316be259440a,d466953a7bec28becf42038730e6a6c3ae4186a0d76be099dd6bd3d7148a1f71
SRC-P-0153,Physical,RAI4-0256,P_SYS_CONTROL,안전하지 않은 물리 제어·구동,Unsafe Physical Control and Actuation,0.785887,1.11066,0.2,P_SYS_CONTROL,KEEP,CURATED_ALIGNMENT_WITH_IMMUTABLE_L3,fc3ec86660489a3def3297d7b27a5602f5e1ba98db7078ff01cf143fdc393ba3,c2734e77bfe6183ac2231f039550ec6c37b5110ce297814af5a7cd1faa3cbbfc
SRC-P-0154,Physical,RAI4-0257,P_SYS_CONTROL,안전하지 않은 물리 제어·구동,Unsafe Physical Control and Actuation,0.723228,1.033407,0.1,P_SYS_CONTROL,KEEP,CURATED_ALIGNMENT_WITH_IMMUTABLE_L3,fc3ec86660489a3def3297d7b27a5602f5e1ba98db7078ff01cf143fdc393ba3,c2734e77bfe6183ac2231f039550ec6c37b5110ce297814af5a7cd1faa3cbbfc
SRC-P-0155,Physical,RAI4-0262,P_INT_SAFETY,인간-로봇 물리 안전 실패,Human-Robot Physical Safety Failure,0.758178,0.786617,0.4,,KEEP,LEXICAL_ALIGNMENT_WITH_IMMUTABLE_L3,4a45a814202979c38e6b3af5fb86c891dec2124aad8e0a4a87b7316be259440a,d466953a7bec28becf42038730e6a6c3ae4186a0d76be099dd6bd3d7148a1f71
SRC-P-0156,Physical,RAI4-0265,P_SYS_CONTROL,안전하지 않은 물리 제어·구동,Unsafe Physical Control and Actuation,0.673205,0.681571,0.0,,KEEP,SEMANTIC_ALIGNMENT_WITH_IMMUTABLE_L3,fc3ec86660489a3def3297d7b27a5602f5e1ba98db7078ff01cf143fdc393ba3,c2734e77bfe6183ac2231f039550ec6c37b5110ce297814af5a7cd1faa3cbbfc
SRC-P-0158,Physical,RAI4-0270,P_SYS_STATE,물리 상태 추정·센서 융합 실패,Physical State Estimation and Sensor-Fusion Failure,0.634575,0.95501,0.2,P_SYS_STATE,KEEP,CURATED_ALIGNMENT_WITH_IMMUTABLE_L3,3852af80a1d7d3845b5f6f9485e663894cf24948e7c4ee5356f72b00c99a7134,40d557ef508f04d51d03a4b724463523c6481b85f2374bd451feb8b7cd6d4c64
SRC-P-0159,Physical,RAI4-0276,P_INT_SAFETY,인간-로봇 물리 안전 실패,Human-Robot Physical Safety Failure,0.749981,0.777699,0.4,,KEEP,LEXICAL_ALIGNMENT_WITH_IMMUTABLE_L3,4a45a814202979c38e6b3af5fb86c891dec2124aad8e0a4a87b7316be259440a,d466953a7bec28becf42038730e6a6c3ae4186a0d76be099dd6bd3d7148a1f71
SRC-P-0160,Physical,RAI4-0283,P_SYS_CONTROL,안전하지 않은 물리 제어·구동,Unsafe Physical Control and Actuation,0.724367,0.734229,0.0,,KEEP,SEMANTIC_ALIGNMENT_WITH_IMMUTABLE_L3,fc3ec86660489a3def3297d7b27a5602f5e1ba98db7078ff01cf143fdc393ba3,c2734e77bfe6183ac2231f039550ec6c37b5110ce297814af5a7cd1faa3cbbfc
SRC-P-0161,Physical,RAI4-0285,P_SYS_CONTROL,안전하지 않은 물리 제어·구동,Unsafe Physical Control and Actuation,0.695776,0.708086,0.0,,KEEP,SEMANTIC_ALIGNMENT_WITH_IMMUTABLE_L3,fc3ec86660489a3def3297d7b27a5602f5e1ba98db7078ff01cf143fdc393ba3,c2734e77bfe6183ac2231f039550ec6c37b5110ce297814af5a7cd1faa3cbbfc
SRC-P-0162,Physical,RAI4-0286,G_SYS_EVAL,평가·검증 실패,Evaluation and Assurance Failure,0.743695,1.061565,0.0,G_SYS_EVAL,KEEP,CURATED_ALIGNMENT_WITH_IMMUTABLE_L3,a5e7f0609d96613e353e5f5b6045b425c7b9d87241b22902549505f15d4abf6a,e17bf6bc8ae08cdddcc781ab4a1aadb569e861d5a6da5bea93281312170cd87d
SRC-P-0165,Physical,RAI4-0320,P_SYS_STATE,물리 상태 추정·센서 융합 실패,Physical State Estimation and Sensor-Fusion Failure,0.735185,1.047185,0.2,P_SYS_STATE,KEEP,CURATED_ALIGNMENT_WITH_IMMUTABLE_L3,3852af80a1d7d3845b5f6f9485e663894cf24948e7c4ee5356f72b00c99a7134,40d557ef508f04d51d03a4b724463523c6481b85f2374bd451feb8b7cd6d4c64
SRC-P-0166,Physical,RAI4-0029,A_SYS_DECEPT,기만·책략,Deception and Scheming,0.735421,0.751175,0.0,,KEEP,SEMANTIC_ALIGNMENT_WITH_IMMUTABLE_L3,cecfc7e4181bfe4500e0332cbdc51d32afc7d03f90cdc40efabd9b6616d817da,6450596e09eacb9fc1ba6e6830d000ea00e162fd7350e86e7edd8b3a1455e2ee
SRC-P-0167,Physical,RAI4-0032,A_SYS_GOAL,목표 불일치,Goal Misalignment,0.754363,0.775279,0.0,,KEEP,SEMANTIC_ALIGNMENT_WITH_IMMUTABLE_L3,5bcf1f941d10c19fa1d33a7f633160362dad1492fcc89076b24d42e456e3e1b0,8fa5662aff8a3430259ea245eacfc4edb06d0340b5e57545aae7921f60b678cd
SRC-P-0168,Physical,RAI4-0235,P_SYS_CONTROL,안전하지 않은 물리 제어·구동,Unsafe Physical Control and Actuation,0.682129,0.69515,0.1,,KEEP,LEXICAL_ALIGNMENT_WITH_IMMUTABLE_L3,fc3ec86660489a3def3297d7b27a5602f5e1ba98db7078ff01cf143fdc393ba3,c2734e77bfe6183ac2231f039550ec6c37b5110ce297814af5a7cd1faa3cbbfc
SRC-P-0169,Physical,RAI4-0275,P_SYS_CONTROL,안전하지 않은 물리 제어·구동,Unsafe Physical Control and Actuation,0.74148,0.75348,0.2,,KEEP,LEXICAL_ALIGNMENT_WITH_IMMUTABLE_L3,fc3ec86660489a3def3297d7b27a5602f5e1ba98db7078ff01cf143fdc393ba3,c2734e77bfe6183ac2231f039550ec6c37b5110ce297814af5a7cd1faa3cbbfc
SRC-P-0170,Physical,RAI4-0281,P_INT_SAFETY,인간-로봇 물리 안전 실패,Human-Robot Physical Safety Failure,0.686399,0.711448,0.3,,KEEP,LEXICAL_ALIGNMENT_WITH_IMMUTABLE_L3,4a45a814202979c38e6b3af5fb86c891dec2124aad8e0a4a87b7316be259440a,d466953a7bec28becf42038730e6a6c3ae4186a0d76be099dd6bd3d7148a1f71
SRC-P-0171,Physical,RAI4-0326,G_SYS_INPUT,입력 이해 실패,Input Comprehension Failure,0.8434,1.191418,0.5,G_SYS_INPUT,KEEP,CURATED_ALIGNMENT_WITH_IMMUTABLE_L3,270cf9a03252148b0a30819d7888a4cb78dcde473355b2887becfa0268ab21b9,c6fb9f3f58aeb74968a6c33d4f1d5d95cdc804213571ecd0587c94825f4233ab
SRC-P-0172,Physical,RAI4-0327,P_SYS_CONTROL,안전하지 않은 물리 제어·구동,Unsafe Physical Control and Actuation,0.697614,0.724341,0.2,,KEEP,LEXICAL_ALIGNMENT_WITH_IMMUTABLE_L3,fc3ec86660489a3def3297d7b27a5602f5e1ba98db7078ff01cf143fdc393ba3,c2734e77bfe6183ac2231f039550ec6c37b5110ce297814af5a7cd1faa3cbbfc
SRC-P-0173,Physical,RAI4-0381,G_INT_VALUE,가치 부과·규범 동질화,Value Imposition and Normative Homogenization,0.695749,0.725828,0.3,,KEEP,LEXICAL_ALIGNMENT_WITH_IMMUTABLE_L3,520d015d8dc2a4ea6616b2df67c01ef1c602a694fc862f817fea85deb09095ae,200b506e652d253910ba22c53eca0b0aae0887da58b13fe4a834408b64eea128
SRC-P-0174,Physical,RAI4-1174,G_SYS_OREF,과도한 거절,Over-Refusal,0.697366,0.705814,0.0,,KEEP,SEMANTIC_ALIGNMENT_WITH_IMMUTABLE_L3,990a769dee48bbcb5b716bc984e10003c5158b72ace7557a9b9270e18e456556,3c3cdd1695139a9bc919332783bfa35344617f039403416130ab88b301f70280
SRC-P-0177,Physical,RAI4-0220,G_SYS_EVAL,평가·검증 실패,Evaluation and Assurance Failure,0.612908,0.924738,0.1,G_SYS_EVAL,KEEP,CURATED_ALIGNMENT_WITH_IMMUTABLE_L3,a5e7f0609d96613e353e5f5b6045b425c7b9d87241b22902549505f15d4abf6a,e17bf6bc8ae08cdddcc781ab4a1aadb569e861d5a6da5bea93281312170cd87d
SRC-P-0179,Physical,RAI4-0236,P_SYS_CONTROL,안전하지 않은 물리 제어·구동,Unsafe Physical Control and Actuation,0.728365,1.028365,0.0,P_SYS_CONTROL,KEEP,CURATED_ALIGNMENT_WITH_IMMUTABLE_L3,fc3ec86660489a3def3297d7b27a5602f5e1ba98db7078ff01cf143fdc393ba3,c2734e77bfe6183ac2231f039550ec6c37b5110ce297814af5a7cd1faa3cbbfc
SRC-P-0181,Physical,RAI4-0242,P_INT_SAFETY,인간-로봇 물리 안전 실패,Human-Robot Physical Safety Failure,0.71623,0.723774,0.1,,KEEP,LEXICAL_ALIGNMENT_WITH_IMMUTABLE_L3,4a45a814202979c38e6b3af5fb86c891dec2124aad8e0a4a87b7316be259440a,d466953a7bec28becf42038730e6a6c3ae4186a0d76be099dd6bd3d7148a1f71
SRC-P-0182,Physical,RAI4-0252,P_INT_SAFETY,인간-로봇 물리 안전 실패,Human-Robot Physical Safety Failure,0.724997,1.048141,0.2,P_INT_SAFETY,KEEP,CURATED_ALIGNMENT_WITH_IMMUTABLE_L3,4a45a814202979c38e6b3af5fb86c891dec2124aad8e0a4a87b7316be259440a,d466953a7bec28becf42038730e6a6c3ae4186a0d76be099dd6bd3d7148a1f71
SRC-P-0183,Physical,RAI4-0258,P_SYS_CONTROL,안전하지 않은 물리 제어·구동,Unsafe Physical Control and Actuation,0.795329,0.822373,0.2,,KEEP,LEXICAL_ALIGNMENT_WITH_IMMUTABLE_L3,fc3ec86660489a3def3297d7b27a5602f5e1ba98db7078ff01cf143fdc393ba3,c2734e77bfe6183ac2231f039550ec6c37b5110ce297814af5a7cd1faa3cbbfc
SRC-P-0184,Physical,RAI4-0295,P_INT_SAFETY,인간-로봇 물리 안전 실패,Human-Robot Physical Safety Failure,0.663577,0.661117,0.0,,KEEP,SEMANTIC_ALIGNMENT_WITH_IMMUTABLE_L3,4a45a814202979c38e6b3af5fb86c891dec2124aad8e0a4a87b7316be259440a,d466953a7bec28becf42038730e6a6c3ae4186a0d76be099dd6bd3d7148a1f71
SRC-P-0185,Physical,RAI4-0312,P_INT_SAFETY,인간-로봇 물리 안전 실패,Human-Robot Physical Safety Failure,0.688901,0.71856,0.3,,KEEP,LEXICAL_ALIGNMENT_WITH_IMMUTABLE_L3,4a45a814202979c38e6b3af5fb86c891dec2124aad8e0a4a87b7316be259440a,d466953a7bec28becf42038730e6a6c3ae4186a0d76be099dd6bd3d7148a1f71
SRC-P-0187,Physical,RAI4-0358,P_INT_SAFETY,인간-로봇 물리 안전 실패,Human-Robot Physical Safety Failure,0.777243,0.823946,0.6,,KEEP,LEXICAL_ALIGNMENT_WITH_IMMUTABLE_L3,4a45a814202979c38e6b3af5fb86c891dec2124aad8e0a4a87b7316be259440a,d466953a7bec28becf42038730e6a6c3ae4186a0d76be099dd6bd3d7148a1f71
SRC-P-0188,Physical,RAI4-0866,A_SYS_DECEPT,기만·책략,Deception and Scheming,0.68341,0.69445,0.0,,KEEP,SEMANTIC_ALIGNMENT_WITH_IMMUTABLE_L3,cecfc7e4181bfe4500e0332cbdc51d32afc7d03f90cdc40efabd9b6616d817da,6450596e09eacb9fc1ba6e6830d000ea00e162fd7350e86e7edd8b3a1455e2ee
SRC-P-0189,Physical,RAI4-1621,A_SYS_AUTH,과도한 권한·자율성,Excessive Authority and Agency,0.818544,1.14885,0.2,A_SYS_AUTH,KEEP,CURATED_ALIGNMENT_WITH_IMMUTABLE_L3,7aa301baca7b92ea6a9baaf3d707945da1562a03f746e2560ce0054a44c0f875,b5f84c4300cfbf6b2be26f81ed1c9af87dc6bcb5f867ccac5b4213eae92e59f6
SRC-P-0190,Physical,RAI4-0018,G_SYS_SECADV,보안·적대적 견고성 실패,Security and Adversarial Robustness Failure,0.696693,1.010659,0.0,G_SYS_SECADV,KEEP,CURATED_ALIGNMENT_WITH_IMMUTABLE_L3,c52e7aa6094aca9e34a95f4c7fddc0ebb5a74383c7fe22b35a7293fa22afb045,e810d4b594e46a05c3ca192140a74700a2c185fa84d50a78d52c966a91f10619
SRC-P-0191,Physical,RAI4-0026,A_SYS_AUTH,과도한 권한·자율성,Excessive Authority and Agency,0.671752,0.681563,0.0,,DELETE,DELETE_L3_SCOPE_MISMATCH: NO_CURRENT_L3: bundled physical and privacy harms without an identifiable single mechanism,7aa301baca7b92ea6a9baaf3d707945da1562a03f746e2560ce0054a44c0f875,b5f84c4300cfbf6b2be26f81ed1c9af87dc6bcb5f867ccac5b4213eae92e59f6
SRC-P-0192,Physical,RAI4-0143,A_SYS_DECEPT,기만·책략,Deception and Scheming,0.682583,0.705067,0.1,,KEEP,LEXICAL_ALIGNMENT_WITH_IMMUTABLE_L3,cecfc7e4181bfe4500e0332cbdc51d32afc7d03f90cdc40efabd9b6616d817da,6450596e09eacb9fc1ba6e6830d000ea00e162fd7350e86e7edd8b3a1455e2ee
SRC-P-0193,Physical,RAI4-0231,P_INT_SAFETY,인간-로봇 물리 안전 실패,Human-Robot Physical Safety Failure,0.737902,0.772083,0.3,,KEEP,LEXICAL_ALIGNMENT_WITH_IMMUTABLE_L3,4a45a814202979c38e6b3af5fb86c891dec2124aad8e0a4a87b7316be259440a,d466953a7bec28becf42038730e6a6c3ae4186a0d76be099dd6bd3d7148a1f71
SRC-P-0194,Physical,RAI4-0558,A_INT_COORD,협조 실패,Coordination Failure,0.769011,0.799754,0.3,,KEEP,LEXICAL_ALIGNMENT_WITH_IMMUTABLE_L3,55373b9bb1389d95732d5f8b1314e4a2a1f2f121fd4c2878ce922e89f09ab2f5,099b2ebe5e5a4e03a9788eafb7ea33c1f2685d48689acb2c9cd1b662bdd70e45
SRC-P-0196,Physical,RAI4-0941,A_SYS_AUTH,과도한 권한·자율성,Excessive Authority and Agency,0.722786,0.739908,0.0,,KEEP,SEMANTIC_ALIGNMENT_WITH_IMMUTABLE_L3,7aa301baca7b92ea6a9baaf3d707945da1562a03f746e2560ce0054a44c0f875,b5f84c4300cfbf6b2be26f81ed1c9af87dc6bcb5f867ccac5b4213eae92e59f6
SRC-P-0198,Physical,RAI4-1576,A_SYS_AUTH,과도한 권한·자율성,Excessive Authority and Agency,0.706791,0.716245,0.0,,KEEP,SEMANTIC_ALIGNMENT_WITH_IMMUTABLE_L3,7aa301baca7b92ea6a9baaf3d707945da1562a03f746e2560ce0054a44c0f875,b5f84c4300cfbf6b2be26f81ed1c9af87dc6bcb5f867ccac5b4213eae92e59f6
SRC-P-0199,Physical,RAI4-1579,A_INT_COLLUSION,담합·결탁,Collusion,0.729299,0.774617,0.4,,KEEP,LEXICAL_ALIGNMENT_WITH_IMMUTABLE_L3,52eca59534d42b15fcc1dde12573ca3f92709ae0ec6bef366ee9a62dbd01f230,f798e541b1ba600eefea621d3367b992f00646d47508daa2d12dc3b032881b5a
SRC-P-0200,Physical,RAI4-1589,A_SYS_GOAL,목표 불일치,Goal Misalignment,0.6642,0.670423,0.0,,DELETE,"DELETE_L3_SCOPE_MISMATCH: NO_CURRENT_L3: covert messaging capability without a defined safeguard, right, or affected interest",5bcf1f941d10c19fa1d33a7f633160362dad1492fcc89076b24d42e456e3e1b0,8fa5662aff8a3430259ea245eacfc4edb06d0340b5e57545aae7921f60b678cd
SRC-P-0203,Physical,RAI4-0200,P_SYS_STATE,물리 상태 추정·센서 융합 실패,Physical State Estimation and Sensor-Fusion Failure,0.680331,0.712409,0.3,,KEEP,LEXICAL_ALIGNMENT_WITH_IMMUTABLE_L3,3852af80a1d7d3845b5f6f9485e663894cf24948e7c4ee5356f72b00c99a7134,40d557ef508f04d51d03a4b724463523c6481b85f2374bd451feb8b7cd6d4c64
SRC-P-0205,Physical,RAI4-0354,G_INT_PRIV,개인정보 침해,Privacy Violation,0.646454,0.980163,0.3,G_INT_PRIV,KEEP,CURATED_ALIGNMENT_WITH_IMMUTABLE_L3,e7e7b317cb248f43011df2a13fc1c2640f61f92c2e4e199f7476a950a32246f7,9857c027722d9d216550da8c1bd4fd6038a0b5a034444768976fdb25f0bd123b
SRC-P-0206,Physical,RAI4-0355,P_SYS_CONTROL,안전하지 않은 물리 제어·구동,Unsafe Physical Control and Actuation,0.706387,0.728042,0.3,,KEEP,LEXICAL_ALIGNMENT_WITH_IMMUTABLE_L3,fc3ec86660489a3def3297d7b27a5602f5e1ba98db7078ff01cf143fdc393ba3,c2734e77bfe6183ac2231f039550ec6c37b5110ce297814af5a7cd1faa3cbbfc
SRC-P-0207,Physical,RAI4-1104,G_SOC_ECON,경제·고용 충격,Economic and Employment Disruption,0.77652,1.096396,0.0,G_SOC_ECON,KEEP,CURATED_ALIGNMENT_WITH_IMMUTABLE_L3,ad18ce106c3ee8ad4bdf7af961031c2bfa1418fb6e02571a2c020873a54e8261,29346b74907e161bd150ed57a963c8f545b5fce8ed040ac8aeddb3e1f7f3c305
SRC-P-0211,Physical,RAI4-0217,P_SYS_STATE,물리 상태 추정·센서 융합 실패,Physical State Estimation and Sensor-Fusion Failure,0.696611,0.713844,0.2,,KEEP,LEXICAL_ALIGNMENT_WITH_IMMUTABLE_L3,3852af80a1d7d3845b5f6f9485e663894cf24948e7c4ee5356f72b00c99a7134,40d557ef508f04d51d03a4b724463523c6481b85f2374bd451feb8b7cd6d4c64
SRC-P-0212,Physical,RAI4-0151,G_INT_UNETH,비윤리 행위·조작,Unethical Conduct and Manipulation,0.746383,1.050043,0.0,G_INT_UNETH,KEEP,CURATED_ALIGNMENT_WITH_IMMUTABLE_L3,8addd2f36fe9e6fb809fa93c0058bfe5986caba91950f52805b91b2cb4afd871,880adce35f526e2201acf0f3f1278c1da7510d5a733ba9b194ff029b946fccc2
SRC-P-0213,Physical,RAI4-1261,P_INT_SAFETY,인간-로봇 물리 안전 실패,Human-Robot Physical Safety Failure,0.812311,0.846034,0.3,,KEEP,LEXICAL_ALIGNMENT_WITH_IMMUTABLE_L3,4a45a814202979c38e6b3af5fb86c891dec2124aad8e0a4a87b7316be259440a,d466953a7bec28becf42038730e6a6c3ae4186a0d76be099dd6bd3d7148a1f71
SRC-P-0214,Physical,RAI4-0216,P_SYS_CONTROL,안전하지 않은 물리 제어·구동,Unsafe Physical Control and Actuation,0.673086,0.687196,0.1,,KEEP,LEXICAL_ALIGNMENT_WITH_IMMUTABLE_L3,fc3ec86660489a3def3297d7b27a5602f5e1ba98db7078ff01cf143fdc393ba3,c2734e77bfe6183ac2231f039550ec6c37b5110ce297814af5a7cd1faa3cbbfc
SRC-P-0215,Physical,RAI4-0317,P_SYS_CONTROL,안전하지 않은 물리 제어·구동,Unsafe Physical Control and Actuation,0.716706,0.729969,0.2,,KEEP,LEXICAL_ALIGNMENT_WITH_IMMUTABLE_L3,fc3ec86660489a3def3297d7b27a5602f5e1ba98db7078ff01cf143fdc393ba3,c2734e77bfe6183ac2231f039550ec6c37b5110ce297814af5a7cd1faa3cbbfc
SRC-P-0216,Physical,RAI4-1278,A_SYS_TRACE,책임 소재·추적 불명확,Accountability and Traceability Gap,0.762666,0.798192,0.3,,KEEP,LEXICAL_ALIGNMENT_WITH_IMMUTABLE_L3,a01d14f9a62d3fa48da0d1eb5f67acf661b6b0486a0fc8b437e3fea7013cc931,b7269d2423d0ef5430d985575bdc9288b09e8da53e1e881b9ed54061643bd7d0
SRC-P-0218,Physical,RAI4-1152,G_SOC_POWER,불평등·권력 집중,Inequality and Power Concentration,0.779342,0.798641,0.1,,KEEP,LEXICAL_ALIGNMENT_WITH_IMMUTABLE_L3,09a89b770897a4db2a8c867b857e9558793599f830bfbe376ea21eacdb7fb72d,1e1afd285b7734023f862e2a98c1b429209b2407f2f7bff419ff3c307180f8c7
SRC-G-0027-S1,General,RAI4-0793,G_SYS_MISINFO,허위정보,Misinformation,0.857209,0.881747,0.2,,KEEP,LEXICAL_ALIGNMENT_WITH_IMMUTABLE_L3,797957ed8863fcae89bdad19a6065f6ee992f2f5822d4dd90a680627c82a6db5,fe14d390678f5a1b9e98bc4b3644d80ff9df0259f22ca83a2a38e0fe37735aae
SRC-G-0027-S2,General,RAI4-0793,G_SYS_MISINFO,허위정보,Misinformation,0.786278,0.800446,0.1,,KEEP,LEXICAL_ALIGNMENT_WITH_IMMUTABLE_L3,797957ed8863fcae89bdad19a6065f6ee992f2f5822d4dd90a680627c82a6db5,fe14d390678f5a1b9e98bc4b3644d80ff9df0259f22ca83a2a38e0fe37735aae
