source_row_id,source_domain,allowed_l3_ids,candidate_constraint_reason
SRC-G-0002,General,G_INT_VALUE|G_INT_UNETH|G_SYS_OREF|G_SYS_OEXT|G_SYS_INPUT|G_SYS_MISINFO|G_SYS_CONTEXT|G_SYS_INCONS|G_SYS_CONTEST|G_SYS_TRANS|G_SYS_EVAL|G_SOC_ECON|G_SOC_POWER|G_SOC_DEMOC|G_SOC_ENV|G_SOC_CULT|G_SOC_GOV,NO_CURATED_PRIOR|PREREQUISITE_FILTER:G_INT_VIOL|G_INT_SEX|G_INT_SELF|G_INT_ALLOC|G_INT_REPR|G_INT_POL|G_INT_PRIV|G_INT_ILLEGAL|G_INT_COPY|G_INT_WEAP|G_INT_ANTH|G_INT_REL|G_SYS_SECADV|G_SYS_POLICY|G_SYS_OVERCONF
SRC-G-0003,General,G_INT_VALUE|G_INT_UNETH|G_SYS_OREF|G_SYS_OEXT|G_SYS_INPUT|G_SYS_MISINFO|G_SYS_CONTEXT|G_SYS_INCONS|G_SYS_CONTEST|G_SYS_TRANS|G_SYS_EVAL|G_SOC_ECON|G_SOC_POWER|G_SOC_DEMOC|G_SOC_ENV|G_SOC_CULT|G_SOC_GOV,NO_CURATED_PRIOR|PREREQUISITE_FILTER:G_INT_VIOL|G_INT_SEX|G_INT_SELF|G_INT_ALLOC|G_INT_REPR|G_INT_POL|G_INT_PRIV|G_INT_ILLEGAL|G_INT_COPY|G_INT_WEAP|G_INT_ANTH|G_INT_REL|G_SYS_SECADV|G_SYS_POLICY|G_SYS_OVERCONF
SRC-G-0004,General,G_INT_VALUE|G_INT_UNETH|G_SYS_OREF|G_SYS_OEXT|G_SYS_INPUT|G_SYS_MISINFO|G_SYS_CONTEXT|G_SYS_INCONS|G_SYS_CONTEST|G_SYS_TRANS|G_SYS_EVAL|G_SOC_ECON|G_SOC_POWER|G_SOC_DEMOC|G_SOC_ENV|G_SOC_CULT|G_SOC_GOV,NO_CURATED_PRIOR|PREREQUISITE_FILTER:G_INT_VIOL|G_INT_SEX|G_INT_SELF|G_INT_ALLOC|G_INT_REPR|G_INT_POL|G_INT_PRIV|G_INT_ILLEGAL|G_INT_COPY|G_INT_WEAP|G_INT_ANTH|G_INT_REL|G_SYS_SECADV|G_SYS_POLICY|G_SYS_OVERCONF
SRC-G-0005,General,G_INT_VALUE|G_INT_UNETH|G_SYS_OREF|G_SYS_OEXT|G_SYS_INPUT|G_SYS_MISINFO|G_SYS_CONTEXT|G_SYS_INCONS|G_SYS_CONTEST|G_SYS_TRANS|G_SYS_EVAL|G_SOC_ECON|G_SOC_POWER|G_SOC_DEMOC|G_SOC_ENV|G_SOC_CULT|G_SOC_GOV,NO_CURATED_PRIOR|PREREQUISITE_FILTER:G_INT_VIOL|G_INT_SEX|G_INT_SELF|G_INT_ALLOC|G_INT_REPR|G_INT_POL|G_INT_PRIV|G_INT_ILLEGAL|G_INT_COPY|G_INT_WEAP|G_INT_ANTH|G_INT_REL|G_SYS_SECADV|G_SYS_POLICY|G_SYS_OVERCONF
SRC-G-0006,General,G_INT_VALUE|G_INT_UNETH|G_SYS_OREF|G_SYS_OEXT|G_SYS_INPUT|G_SYS_MISINFO|G_SYS_CONTEXT|G_SYS_INCONS|G_SYS_CONTEST|G_SYS_TRANS|G_SYS_EVAL|G_SOC_ECON|G_SOC_POWER|G_SOC_DEMOC|G_SOC_ENV|G_SOC_CULT|G_SOC_GOV,NO_CURATED_PRIOR|PREREQUISITE_FILTER:G_INT_VIOL|G_INT_SEX|G_INT_SELF|G_INT_ALLOC|G_INT_REPR|G_INT_POL|G_INT_PRIV|G_INT_ILLEGAL|G_INT_COPY|G_INT_WEAP|G_INT_ANTH|G_INT_REL|G_SYS_SECADV|G_SYS_POLICY|G_SYS_OVERCONF
SRC-G-0007,General,G_INT_VALUE|G_INT_UNETH|G_SYS_OREF|G_SYS_OEXT|G_SYS_INPUT|G_SYS_MISINFO|G_SYS_CONTEXT|G_SYS_INCONS|G_SYS_CONTEST|G_SYS_SECADV|G_SYS_TRANS|G_SYS_EVAL|G_SOC_ECON|G_SOC_POWER|G_SOC_DEMOC|G_SOC_ENV|G_SOC_CULT|G_SOC_GOV,NO_CURATED_PRIOR|PREREQUISITE_FILTER:G_INT_VIOL|G_INT_SEX|G_INT_SELF|G_INT_ALLOC|G_INT_REPR|G_INT_POL|G_INT_PRIV|G_INT_ILLEGAL|G_INT_COPY|G_INT_WEAP|G_INT_ANTH|G_INT_REL|G_SYS_POLICY|G_SYS_OVERCONF
SRC-G-0008,General,G_INT_VALUE|G_INT_UNETH|G_SYS_OREF|G_SYS_OEXT|G_SYS_INPUT|G_SYS_MISINFO|G_SYS_CONTEXT|G_SYS_INCONS|G_SYS_CONTEST|G_SYS_TRANS|G_SYS_EVAL|G_SOC_ECON|G_SOC_POWER|G_SOC_DEMOC|G_SOC_ENV|G_SOC_CULT|G_SOC_GOV,NO_CURATED_PRIOR|PREREQUISITE_FILTER:G_INT_VIOL|G_INT_SEX|G_INT_SELF|G_INT_ALLOC|G_INT_REPR|G_INT_POL|G_INT_PRIV|G_INT_ILLEGAL|G_INT_COPY|G_INT_WEAP|G_INT_ANTH|G_INT_REL|G_SYS_SECADV|G_SYS_POLICY|G_SYS_OVERCONF
SRC-G-0009,General,G_INT_VALUE|G_INT_UNETH|G_SYS_OREF|G_SYS_OEXT|G_SYS_INPUT|G_SYS_MISINFO|G_SYS_CONTEXT|G_SYS_INCONS|G_SYS_CONTEST|G_SYS_TRANS|G_SYS_EVAL|G_SOC_ECON|G_SOC_POWER|G_SOC_DEMOC|G_SOC_ENV|G_SOC_CULT|G_SOC_GOV,NO_CURATED_PRIOR|PREREQUISITE_FILTER:G_INT_VIOL|G_INT_SEX|G_INT_SELF|G_INT_ALLOC|G_INT_REPR|G_INT_POL|G_INT_PRIV|G_INT_ILLEGAL|G_INT_COPY|G_INT_WEAP|G_INT_ANTH|G_INT_REL|G_SYS_SECADV|G_SYS_POLICY|G_SYS_OVERCONF
SRC-G-0017,General,G_INT_VALUE|G_INT_UNETH|G_SYS_OREF|G_SYS_OEXT|G_SYS_INPUT|G_SYS_MISINFO|G_SYS_CONTEXT|G_SYS_INCONS|G_SYS_CONTEST|G_SYS_TRANS|G_SYS_EVAL|G_SOC_ECON|G_SOC_POWER|G_SOC_DEMOC|G_SOC_ENV|G_SOC_CULT|G_SOC_GOV,NO_CURATED_PRIOR|PREREQUISITE_FILTER:G_INT_VIOL|G_INT_SEX|G_INT_SELF|G_INT_ALLOC|G_INT_REPR|G_INT_POL|G_INT_PRIV|G_INT_ILLEGAL|G_INT_COPY|G_INT_WEAP|G_INT_ANTH|G_INT_REL|G_SYS_SECADV|G_SYS_POLICY|G_SYS_OVERCONF
SRC-G-0018,General,G_INT_VALUE|G_INT_UNETH|G_SYS_OREF|G_SYS_OEXT|G_SYS_INPUT|G_SYS_MISINFO|G_SYS_CONTEXT|G_SYS_INCONS|G_SYS_CONTEST|G_SYS_TRANS|G_SYS_EVAL|G_SOC_ECON|G_SOC_POWER|G_SOC_DEMOC|G_SOC_ENV|G_SOC_CULT|G_SOC_GOV,NO_CURATED_PRIOR|PREREQUISITE_FILTER:G_INT_VIOL|G_INT_SEX|G_INT_SELF|G_INT_ALLOC|G_INT_REPR|G_INT_POL|G_INT_PRIV|G_INT_ILLEGAL|G_INT_COPY|G_INT_WEAP|G_INT_ANTH|G_INT_REL|G_SYS_SECADV|G_SYS_POLICY|G_SYS_OVERCONF
SRC-G-0019,General,G_INT_ALLOC|G_INT_VALUE|G_INT_UNETH|G_SYS_OREF|G_SYS_OEXT|G_SYS_INPUT|G_SYS_MISINFO|G_SYS_CONTEXT|G_SYS_INCONS|G_SYS_CONTEST|G_SYS_TRANS|G_SYS_EVAL|G_SOC_ECON|G_SOC_POWER|G_SOC_DEMOC|G_SOC_ENV|G_SOC_CULT|G_SOC_GOV,NO_CURATED_PRIOR|PREREQUISITE_FILTER:G_INT_VIOL|G_INT_SEX|G_INT_SELF|G_INT_REPR|G_INT_POL|G_INT_PRIV|G_INT_ILLEGAL|G_INT_COPY|G_INT_WEAP|G_INT_ANTH|G_INT_REL|G_SYS_SECADV|G_SYS_POLICY|G_SYS_OVERCONF
SRC-G-0020,General,G_INT_VALUE|G_INT_UNETH|G_SYS_OREF|G_SYS_OEXT|G_SYS_INPUT|G_SYS_MISINFO|G_SYS_CONTEXT|G_SYS_INCONS|G_SYS_CONTEST|G_SYS_TRANS|G_SYS_EVAL|G_SOC_ECON|G_SOC_POWER|G_SOC_DEMOC|G_SOC_ENV|G_SOC_CULT|G_SOC_GOV,NO_CURATED_PRIOR|PREREQUISITE_FILTER:G_INT_VIOL|G_INT_SEX|G_INT_SELF|G_INT_ALLOC|G_INT_REPR|G_INT_POL|G_INT_PRIV|G_INT_ILLEGAL|G_INT_COPY|G_INT_WEAP|G_INT_ANTH|G_INT_REL|G_SYS_SECADV|G_SYS_POLICY|G_SYS_OVERCONF
SRC-G-0021,General,G_INT_VALUE|G_INT_UNETH|G_SYS_OREF|G_SYS_OEXT|G_SYS_INPUT|G_SYS_MISINFO|G_SYS_CONTEXT|G_SYS_INCONS|G_SYS_CONTEST|G_SYS_TRANS|G_SYS_EVAL|G_SOC_ECON|G_SOC_POWER|G_SOC_DEMOC|G_SOC_ENV|G_SOC_CULT|G_SOC_GOV,NO_CURATED_PRIOR|PREREQUISITE_FILTER:G_INT_VIOL|G_INT_SEX|G_INT_SELF|G_INT_ALLOC|G_INT_REPR|G_INT_POL|G_INT_PRIV|G_INT_ILLEGAL|G_INT_COPY|G_INT_WEAP|G_INT_ANTH|G_INT_REL|G_SYS_SECADV|G_SYS_POLICY|G_SYS_OVERCONF
SRC-G-0023,General,G_INT_VALUE|G_INT_UNETH|G_SYS_OREF|G_SYS_OEXT|G_SYS_INPUT|G_SYS_MISINFO|G_SYS_CONTEXT|G_SYS_INCONS|G_SYS_CONTEST|G_SYS_TRANS|G_SYS_EVAL|G_SOC_ECON|G_SOC_POWER|G_SOC_DEMOC|G_SOC_ENV|G_SOC_CULT|G_SOC_GOV,NO_CURATED_PRIOR|PREREQUISITE_FILTER:G_INT_VIOL|G_INT_SEX|G_INT_SELF|G_INT_ALLOC|G_INT_REPR|G_INT_POL|G_INT_PRIV|G_INT_ILLEGAL|G_INT_COPY|G_INT_WEAP|G_INT_ANTH|G_INT_REL|G_SYS_SECADV|G_SYS_POLICY|G_SYS_OVERCONF
SRC-G-0024,General,G_INT_VALUE|G_INT_UNETH|G_SYS_OREF|G_SYS_OEXT|G_SYS_INPUT|G_SYS_MISINFO|G_SYS_CONTEXT|G_SYS_INCONS|G_SYS_CONTEST|G_SYS_TRANS|G_SYS_EVAL|G_SOC_ECON|G_SOC_POWER|G_SOC_DEMOC|G_SOC_ENV|G_SOC_CULT|G_SOC_GOV,NO_CURATED_PRIOR|PREREQUISITE_FILTER:G_INT_VIOL|G_INT_SEX|G_INT_SELF|G_INT_ALLOC|G_INT_REPR|G_INT_POL|G_INT_PRIV|G_INT_ILLEGAL|G_INT_COPY|G_INT_WEAP|G_INT_ANTH|G_INT_REL|G_SYS_SECADV|G_SYS_POLICY|G_SYS_OVERCONF
SRC-G-0025,General,G_INT_VALUE|G_INT_UNETH|G_SYS_OREF|G_SYS_OEXT|G_SYS_INPUT|G_SYS_MISINFO|G_SYS_CONTEXT|G_SYS_INCONS|G_SYS_CONTEST|G_SYS_TRANS|G_SYS_EVAL|G_SOC_ECON|G_SOC_POWER|G_SOC_DEMOC|G_SOC_ENV|G_SOC_CULT|G_SOC_GOV,NO_CURATED_PRIOR|PREREQUISITE_FILTER:G_INT_VIOL|G_INT_SEX|G_INT_SELF|G_INT_ALLOC|G_INT_REPR|G_INT_POL|G_INT_PRIV|G_INT_ILLEGAL|G_INT_COPY|G_INT_WEAP|G_INT_ANTH|G_INT_REL|G_SYS_SECADV|G_SYS_POLICY|G_SYS_OVERCONF
SRC-G-0028,General,G_INT_VALUE|G_INT_UNETH|G_SYS_OREF|G_SYS_OEXT|G_SYS_INPUT|G_SYS_MISINFO|G_SYS_CONTEXT|G_SYS_INCONS|G_SYS_CONTEST|G_SYS_TRANS|G_SYS_EVAL|G_SOC_ECON|G_SOC_POWER|G_SOC_DEMOC|G_SOC_ENV|G_SOC_CULT|G_SOC_GOV,NO_CURATED_PRIOR|PREREQUISITE_FILTER:G_INT_VIOL|G_INT_SEX|G_INT_SELF|G_INT_ALLOC|G_INT_REPR|G_INT_POL|G_INT_PRIV|G_INT_ILLEGAL|G_INT_COPY|G_INT_WEAP|G_INT_ANTH|G_INT_REL|G_SYS_SECADV|G_SYS_POLICY|G_SYS_OVERCONF
SRC-G-0029,General,G_INT_VALUE|G_INT_UNETH|G_SYS_OREF|G_SYS_OEXT|G_SYS_INPUT|G_SYS_MISINFO|G_SYS_CONTEXT|G_SYS_INCONS|G_SYS_CONTEST|G_SYS_TRANS|G_SYS_EVAL|G_SOC_ECON|G_SOC_POWER|G_SOC_DEMOC|G_SOC_ENV|G_SOC_CULT|G_SOC_GOV,NO_CURATED_PRIOR|PREREQUISITE_FILTER:G_INT_VIOL|G_INT_SEX|G_INT_SELF|G_INT_ALLOC|G_INT_REPR|G_INT_POL|G_INT_PRIV|G_INT_ILLEGAL|G_INT_COPY|G_INT_WEAP|G_INT_ANTH|G_INT_REL|G_SYS_SECADV|G_SYS_POLICY|G_SYS_OVERCONF
SRC-G-0030,General,G_INT_VALUE|G_INT_UNETH|G_SYS_OREF|G_SYS_OEXT|G_SYS_INPUT|G_SYS_MISINFO|G_SYS_CONTEXT|G_SYS_INCONS|G_SYS_CONTEST|G_SYS_TRANS|G_SYS_EVAL|G_SOC_ECON|G_SOC_POWER|G_SOC_DEMOC|G_SOC_ENV|G_SOC_CULT|G_SOC_GOV,NO_CURATED_PRIOR|PREREQUISITE_FILTER:G_INT_VIOL|G_INT_SEX|G_INT_SELF|G_INT_ALLOC|G_INT_REPR|G_INT_POL|G_INT_PRIV|G_INT_ILLEGAL|G_INT_COPY|G_INT_WEAP|G_INT_ANTH|G_INT_REL|G_SYS_SECADV|G_SYS_POLICY|G_SYS_OVERCONF
SRC-G-0031,General,G_INT_VIOL|G_INT_VALUE|G_INT_UNETH|G_SYS_OREF|G_SYS_OEXT|G_SYS_INPUT|G_SYS_MISINFO|G_SYS_CONTEXT|G_SYS_INCONS|G_SYS_CONTEST|G_SYS_TRANS|G_SYS_EVAL|G_SOC_ECON|G_SOC_POWER|G_SOC_DEMOC|G_SOC_ENV|G_SOC_CULT|G_SOC_GOV,NO_CURATED_PRIOR|PREREQUISITE_FILTER:G_INT_SEX|G_INT_SELF|G_INT_ALLOC|G_INT_REPR|G_INT_POL|G_INT_PRIV|G_INT_ILLEGAL|G_INT_COPY|G_INT_WEAP|G_INT_ANTH|G_INT_REL|G_SYS_SECADV|G_SYS_POLICY|G_SYS_OVERCONF
SRC-G-0032,General,G_INT_VALUE|G_INT_UNETH|G_SYS_OREF|G_SYS_OEXT|G_SYS_INPUT|G_SYS_MISINFO|G_SYS_CONTEXT|G_SYS_INCONS|G_SYS_CONTEST|G_SYS_TRANS|G_SYS_EVAL|G_SOC_ECON|G_SOC_POWER|G_SOC_DEMOC|G_SOC_ENV|G_SOC_CULT|G_SOC_GOV,NO_CURATED_PRIOR|PREREQUISITE_FILTER:G_INT_VIOL|G_INT_SEX|G_INT_SELF|G_INT_ALLOC|G_INT_REPR|G_INT_POL|G_INT_PRIV|G_INT_ILLEGAL|G_INT_COPY|G_INT_WEAP|G_INT_ANTH|G_INT_REL|G_SYS_SECADV|G_SYS_POLICY|G_SYS_OVERCONF
SRC-G-0033,General,G_INT_VALUE|G_INT_POL|G_INT_UNETH|G_SYS_OREF|G_SYS_OEXT|G_SYS_INPUT|G_SYS_MISINFO|G_SYS_CONTEXT|G_SYS_INCONS|G_SYS_CONTEST|G_SYS_TRANS|G_SYS_EVAL|G_SOC_ECON|G_SOC_POWER|G_SOC_DEMOC|G_SOC_ENV|G_SOC_CULT|G_SOC_GOV,NO_CURATED_PRIOR|PREREQUISITE_FILTER:G_INT_VIOL|G_INT_SEX|G_INT_SELF|G_INT_ALLOC|G_INT_REPR|G_INT_PRIV|G_INT_ILLEGAL|G_INT_COPY|G_INT_WEAP|G_INT_ANTH|G_INT_REL|G_SYS_SECADV|G_SYS_POLICY|G_SYS_OVERCONF
SRC-G-0036,General,G_INT_VALUE|G_INT_PRIV|G_INT_UNETH|G_INT_ANTH|G_SYS_OREF|G_SYS_OEXT|G_SYS_INPUT|G_SYS_MISINFO|G_SYS_CONTEXT|G_SYS_INCONS|G_SYS_CONTEST|G_SYS_TRANS|G_SYS_EVAL|G_SOC_ECON|G_SOC_POWER|G_SOC_DEMOC|G_SOC_ENV|G_SOC_CULT|G_SOC_GOV,NO_CURATED_PRIOR|PREREQUISITE_FILTER:G_INT_VIOL|G_INT_SEX|G_INT_SELF|G_INT_ALLOC|G_INT_REPR|G_INT_POL|G_INT_ILLEGAL|G_INT_COPY|G_INT_WEAP|G_INT_REL|G_SYS_SECADV|G_SYS_POLICY|G_SYS_OVERCONF
SRC-G-0037,General,G_INT_VALUE|G_INT_UNETH|G_SYS_OREF|G_SYS_OEXT|G_SYS_INPUT|G_SYS_MISINFO|G_SYS_CONTEXT|G_SYS_INCONS|G_SYS_CONTEST|G_SYS_TRANS|G_SYS_EVAL|G_SOC_ECON|G_SOC_POWER|G_SOC_DEMOC|G_SOC_ENV|G_SOC_CULT|G_SOC_GOV,NO_CURATED_PRIOR|PREREQUISITE_FILTER:G_INT_VIOL|G_INT_SEX|G_INT_SELF|G_INT_ALLOC|G_INT_REPR|G_INT_POL|G_INT_PRIV|G_INT_ILLEGAL|G_INT_COPY|G_INT_WEAP|G_INT_ANTH|G_INT_REL|G_SYS_SECADV|G_SYS_POLICY|G_SYS_OVERCONF
SRC-G-0038,General,G_INT_REPR|G_INT_VALUE|G_INT_UNETH|G_SYS_OREF|G_SYS_OEXT|G_SYS_INPUT|G_SYS_MISINFO|G_SYS_CONTEXT|G_SYS_INCONS|G_SYS_CONTEST|G_SYS_TRANS|G_SYS_EVAL|G_SOC_ECON|G_SOC_POWER|G_SOC_DEMOC|G_SOC_ENV|G_SOC_CULT|G_SOC_GOV,NO_CURATED_PRIOR|PREREQUISITE_FILTER:G_INT_VIOL|G_INT_SEX|G_INT_SELF|G_INT_ALLOC|G_INT_POL|G_INT_PRIV|G_INT_ILLEGAL|G_INT_COPY|G_INT_WEAP|G_INT_ANTH|G_INT_REL|G_SYS_SECADV|G_SYS_POLICY|G_SYS_OVERCONF
SRC-G-0039,General,G_INT_VALUE|G_INT_UNETH|G_SYS_OREF|G_SYS_OEXT|G_SYS_INPUT|G_SYS_MISINFO|G_SYS_CONTEXT|G_SYS_INCONS|G_SYS_CONTEST|G_SYS_TRANS|G_SYS_EVAL|G_SOC_ECON|G_SOC_POWER|G_SOC_DEMOC|G_SOC_ENV|G_SOC_CULT|G_SOC_GOV,NO_CURATED_PRIOR|PREREQUISITE_FILTER:G_INT_VIOL|G_INT_SEX|G_INT_SELF|G_INT_ALLOC|G_INT_REPR|G_INT_POL|G_INT_PRIV|G_INT_ILLEGAL|G_INT_COPY|G_INT_WEAP|G_INT_ANTH|G_INT_REL|G_SYS_SECADV|G_SYS_POLICY|G_SYS_OVERCONF
SRC-G-0040,General,G_INT_VALUE|G_INT_UNETH|G_SYS_OREF|G_SYS_OEXT|G_SYS_INPUT|G_SYS_MISINFO|G_SYS_CONTEXT|G_SYS_INCONS|G_SYS_CONTEST|G_SYS_TRANS|G_SYS_EVAL|G_SOC_ECON|G_SOC_POWER|G_SOC_DEMOC|G_SOC_ENV|G_SOC_CULT|G_SOC_GOV,NO_CURATED_PRIOR|PREREQUISITE_FILTER:G_INT_VIOL|G_INT_SEX|G_INT_SELF|G_INT_ALLOC|G_INT_REPR|G_INT_POL|G_INT_PRIV|G_INT_ILLEGAL|G_INT_COPY|G_INT_WEAP|G_INT_ANTH|G_INT_REL|G_SYS_SECADV|G_SYS_POLICY|G_SYS_OVERCONF
SRC-G-0041,General,G_INT_ALLOC|G_INT_VALUE|G_INT_UNETH|G_SYS_OREF|G_SYS_OEXT|G_SYS_INPUT|G_SYS_MISINFO|G_SYS_CONTEXT|G_SYS_INCONS|G_SYS_CONTEST|G_SYS_TRANS|G_SYS_EVAL|G_SOC_ECON|G_SOC_POWER|G_SOC_DEMOC|G_SOC_ENV|G_SOC_CULT|G_SOC_GOV,NO_CURATED_PRIOR|PREREQUISITE_FILTER:G_INT_VIOL|G_INT_SEX|G_INT_SELF|G_INT_REPR|G_INT_POL|G_INT_PRIV|G_INT_ILLEGAL|G_INT_COPY|G_INT_WEAP|G_INT_ANTH|G_INT_REL|G_SYS_SECADV|G_SYS_POLICY|G_SYS_OVERCONF
SRC-G-0042,General,G_INT_VALUE|G_INT_UNETH|G_SYS_OREF|G_SYS_OEXT|G_SYS_INPUT|G_SYS_MISINFO|G_SYS_CONTEXT|G_SYS_INCONS|G_SYS_CONTEST|G_SYS_TRANS|G_SYS_EVAL|G_SOC_ECON|G_SOC_POWER|G_SOC_DEMOC|G_SOC_ENV|G_SOC_CULT|G_SOC_GOV,NO_CURATED_PRIOR|PREREQUISITE_FILTER:G_INT_VIOL|G_INT_SEX|G_INT_SELF|G_INT_ALLOC|G_INT_REPR|G_INT_POL|G_INT_PRIV|G_INT_ILLEGAL|G_INT_COPY|G_INT_WEAP|G_INT_ANTH|G_INT_REL|G_SYS_SECADV|G_SYS_POLICY|G_SYS_OVERCONF
SRC-G-0043,General,G_INT_VALUE|G_INT_UNETH|G_SYS_OREF|G_SYS_OEXT|G_SYS_INPUT|G_SYS_MISINFO|G_SYS_CONTEXT|G_SYS_INCONS|G_SYS_CONTEST|G_SYS_TRANS|G_SYS_EVAL|G_SOC_ECON|G_SOC_POWER|G_SOC_DEMOC|G_SOC_ENV|G_SOC_CULT|G_SOC_GOV,NO_CURATED_PRIOR|PREREQUISITE_FILTER:G_INT_VIOL|G_INT_SEX|G_INT_SELF|G_INT_ALLOC|G_INT_REPR|G_INT_POL|G_INT_PRIV|G_INT_ILLEGAL|G_INT_COPY|G_INT_WEAP|G_INT_ANTH|G_INT_REL|G_SYS_SECADV|G_SYS_POLICY|G_SYS_OVERCONF
SRC-G-0044,General,G_INT_VALUE|G_INT_UNETH|G_SYS_OREF|G_SYS_OEXT|G_SYS_INPUT|G_SYS_MISINFO|G_SYS_CONTEXT|G_SYS_INCONS|G_SYS_CONTEST|G_SYS_TRANS|G_SYS_EVAL|G_SOC_ECON|G_SOC_POWER|G_SOC_DEMOC|G_SOC_ENV|G_SOC_CULT|G_SOC_GOV,NO_CURATED_PRIOR|PREREQUISITE_FILTER:G_INT_VIOL|G_INT_SEX|G_INT_SELF|G_INT_ALLOC|G_INT_REPR|G_INT_POL|G_INT_PRIV|G_INT_ILLEGAL|G_INT_COPY|G_INT_WEAP|G_INT_ANTH|G_INT_REL|G_SYS_SECADV|G_SYS_POLICY|G_SYS_OVERCONF
SRC-G-0045,General,G_INT_VALUE|G_INT_UNETH|G_SYS_OREF|G_SYS_OEXT|G_SYS_INPUT|G_SYS_MISINFO|G_SYS_CONTEXT|G_SYS_INCONS|G_SYS_CONTEST|G_SYS_TRANS|G_SYS_EVAL|G_SOC_ECON|G_SOC_POWER|G_SOC_DEMOC|G_SOC_ENV|G_SOC_CULT|G_SOC_GOV,NO_CURATED_PRIOR|PREREQUISITE_FILTER:G_INT_VIOL|G_INT_SEX|G_INT_SELF|G_INT_ALLOC|G_INT_REPR|G_INT_POL|G_INT_PRIV|G_INT_ILLEGAL|G_INT_COPY|G_INT_WEAP|G_INT_ANTH|G_INT_REL|G_SYS_SECADV|G_SYS_POLICY|G_SYS_OVERCONF
SRC-G-0046,General,G_INT_ALLOC|G_INT_REPR|G_INT_VALUE|G_INT_UNETH|G_SYS_OREF|G_SYS_OEXT|G_SYS_INPUT|G_SYS_MISINFO|G_SYS_CONTEXT|G_SYS_INCONS|G_SYS_CONTEST|G_SYS_POLICY|G_SYS_TRANS|G_SYS_EVAL|G_SOC_ECON|G_SOC_POWER|G_SOC_DEMOC|G_SOC_ENV|G_SOC_CULT|G_SOC_GOV,NO_CURATED_PRIOR|PREREQUISITE_FILTER:G_INT_VIOL|G_INT_SEX|G_INT_SELF|G_INT_POL|G_INT_PRIV|G_INT_ILLEGAL|G_INT_COPY|G_INT_WEAP|G_INT_ANTH|G_INT_REL|G_SYS_SECADV|G_SYS_OVERCONF
SRC-G-0047,General,G_INT_REPR|G_INT_VALUE|G_INT_UNETH|G_SYS_OREF|G_SYS_OEXT|G_SYS_INPUT|G_SYS_MISINFO|G_SYS_CONTEXT|G_SYS_INCONS|G_SYS_CONTEST|G_SYS_TRANS|G_SYS_EVAL|G_SOC_ECON|G_SOC_POWER|G_SOC_DEMOC|G_SOC_ENV|G_SOC_CULT|G_SOC_GOV,NO_CURATED_PRIOR|PREREQUISITE_FILTER:G_INT_VIOL|G_INT_SEX|G_INT_SELF|G_INT_ALLOC|G_INT_POL|G_INT_PRIV|G_INT_ILLEGAL|G_INT_COPY|G_INT_WEAP|G_INT_ANTH|G_INT_REL|G_SYS_SECADV|G_SYS_POLICY|G_SYS_OVERCONF
SRC-G-0048,General,G_INT_REPR|G_INT_VALUE|G_INT_UNETH|G_SYS_OREF|G_SYS_OEXT|G_SYS_INPUT|G_SYS_MISINFO|G_SYS_CONTEXT|G_SYS_INCONS|G_SYS_CONTEST|G_SYS_POLICY|G_SYS_TRANS|G_SYS_EVAL|G_SOC_ECON|G_SOC_POWER|G_SOC_DEMOC|G_SOC_ENV|G_SOC_CULT|G_SOC_GOV,NO_CURATED_PRIOR|PREREQUISITE_FILTER:G_INT_VIOL|G_INT_SEX|G_INT_SELF|G_INT_ALLOC|G_INT_POL|G_INT_PRIV|G_INT_ILLEGAL|G_INT_COPY|G_INT_WEAP|G_INT_ANTH|G_INT_REL|G_SYS_SECADV|G_SYS_OVERCONF
SRC-G-0049,General,G_INT_VALUE|G_INT_UNETH|G_SYS_OREF|G_SYS_OEXT|G_SYS_INPUT|G_SYS_MISINFO|G_SYS_CONTEXT|G_SYS_INCONS|G_SYS_CONTEST|G_SYS_POLICY|G_SYS_TRANS|G_SYS_EVAL|G_SOC_ECON|G_SOC_POWER|G_SOC_DEMOC|G_SOC_ENV|G_SOC_CULT|G_SOC_GOV,NO_CURATED_PRIOR|PREREQUISITE_FILTER:G_INT_VIOL|G_INT_SEX|G_INT_SELF|G_INT_ALLOC|G_INT_REPR|G_INT_POL|G_INT_PRIV|G_INT_ILLEGAL|G_INT_COPY|G_INT_WEAP|G_INT_ANTH|G_INT_REL|G_SYS_SECADV|G_SYS_OVERCONF
SRC-G-0050,General,G_INT_VALUE|G_INT_UNETH|G_SYS_OREF|G_SYS_OEXT|G_SYS_INPUT|G_SYS_MISINFO|G_SYS_CONTEXT|G_SYS_INCONS|G_SYS_CONTEST|G_SYS_TRANS|G_SYS_EVAL|G_SOC_ECON|G_SOC_POWER|G_SOC_DEMOC|G_SOC_ENV|G_SOC_CULT|G_SOC_GOV,NO_CURATED_PRIOR|PREREQUISITE_FILTER:G_INT_VIOL|G_INT_SEX|G_INT_SELF|G_INT_ALLOC|G_INT_REPR|G_INT_POL|G_INT_PRIV|G_INT_ILLEGAL|G_INT_COPY|G_INT_WEAP|G_INT_ANTH|G_INT_REL|G_SYS_SECADV|G_SYS_POLICY|G_SYS_OVERCONF
SRC-G-0051,General,G_INT_VALUE|G_INT_UNETH|G_SYS_OREF|G_SYS_OEXT|G_SYS_INPUT|G_SYS_MISINFO|G_SYS_CONTEXT|G_SYS_INCONS|G_SYS_CONTEST|G_SYS_TRANS|G_SYS_EVAL|G_SOC_ECON|G_SOC_POWER|G_SOC_DEMOC|G_SOC_ENV|G_SOC_CULT|G_SOC_GOV,NO_CURATED_PRIOR|PREREQUISITE_FILTER:G_INT_VIOL|G_INT_SEX|G_INT_SELF|G_INT_ALLOC|G_INT_REPR|G_INT_POL|G_INT_PRIV|G_INT_ILLEGAL|G_INT_COPY|G_INT_WEAP|G_INT_ANTH|G_INT_REL|G_SYS_SECADV|G_SYS_POLICY|G_SYS_OVERCONF
SRC-G-0052,General,G_INT_VALUE|G_INT_UNETH|G_SYS_OREF|G_SYS_OEXT|G_SYS_INPUT|G_SYS_MISINFO|G_SYS_CONTEXT|G_SYS_INCONS|G_SYS_CONTEST|G_SYS_TRANS|G_SYS_EVAL|G_SOC_ECON|G_SOC_POWER|G_SOC_DEMOC|G_SOC_ENV|G_SOC_CULT|G_SOC_GOV,NO_CURATED_PRIOR|PREREQUISITE_FILTER:G_INT_VIOL|G_INT_SEX|G_INT_SELF|G_INT_ALLOC|G_INT_REPR|G_INT_POL|G_INT_PRIV|G_INT_ILLEGAL|G_INT_COPY|G_INT_WEAP|G_INT_ANTH|G_INT_REL|G_SYS_SECADV|G_SYS_POLICY|G_SYS_OVERCONF
SRC-G-0053,General,G_INT_ALLOC|G_INT_VALUE|G_INT_UNETH|G_SYS_OREF|G_SYS_OEXT|G_SYS_INPUT|G_SYS_MISINFO|G_SYS_CONTEXT|G_SYS_INCONS|G_SYS_CONTEST|G_SYS_POLICY|G_SYS_TRANS|G_SYS_EVAL|G_SOC_ECON|G_SOC_POWER|G_SOC_DEMOC|G_SOC_ENV|G_SOC_CULT|G_SOC_GOV,NO_CURATED_PRIOR|PREREQUISITE_FILTER:G_INT_VIOL|G_INT_SEX|G_INT_SELF|G_INT_REPR|G_INT_POL|G_INT_PRIV|G_INT_ILLEGAL|G_INT_COPY|G_INT_WEAP|G_INT_ANTH|G_INT_REL|G_SYS_SECADV|G_SYS_OVERCONF
SRC-G-0054,General,G_INT_ALLOC|G_INT_VALUE|G_INT_UNETH|G_SYS_OREF|G_SYS_OEXT|G_SYS_INPUT|G_SYS_MISINFO|G_SYS_CONTEXT|G_SYS_INCONS|G_SYS_CONTEST|G_SYS_TRANS|G_SYS_EVAL|G_SOC_ECON|G_SOC_POWER|G_SOC_DEMOC|G_SOC_ENV|G_SOC_CULT|G_SOC_GOV,NO_CURATED_PRIOR|PREREQUISITE_FILTER:G_INT_VIOL|G_INT_SEX|G_INT_SELF|G_INT_REPR|G_INT_POL|G_INT_PRIV|G_INT_ILLEGAL|G_INT_COPY|G_INT_WEAP|G_INT_ANTH|G_INT_REL|G_SYS_SECADV|G_SYS_POLICY|G_SYS_OVERCONF
SRC-G-0055,General,G_INT_VALUE|G_INT_UNETH|G_SYS_OREF|G_SYS_OEXT|G_SYS_INPUT|G_SYS_MISINFO|G_SYS_CONTEXT|G_SYS_INCONS|G_SYS_CONTEST|G_SYS_TRANS|G_SYS_EVAL|G_SOC_ECON|G_SOC_POWER|G_SOC_DEMOC|G_SOC_ENV|G_SOC_CULT|G_SOC_GOV,NO_CURATED_PRIOR|PREREQUISITE_FILTER:G_INT_VIOL|G_INT_SEX|G_INT_SELF|G_INT_ALLOC|G_INT_REPR|G_INT_POL|G_INT_PRIV|G_INT_ILLEGAL|G_INT_COPY|G_INT_WEAP|G_INT_ANTH|G_INT_REL|G_SYS_SECADV|G_SYS_POLICY|G_SYS_OVERCONF
SRC-G-0056,General,G_INT_VALUE|G_INT_UNETH|G_SYS_OREF|G_SYS_OEXT|G_SYS_INPUT|G_SYS_MISINFO|G_SYS_CONTEXT|G_SYS_INCONS|G_SYS_CONTEST|G_SYS_TRANS|G_SYS_EVAL|G_SOC_ECON|G_SOC_POWER|G_SOC_DEMOC|G_SOC_ENV|G_SOC_CULT|G_SOC_GOV,NO_CURATED_PRIOR|PREREQUISITE_FILTER:G_INT_VIOL|G_INT_SEX|G_INT_SELF|G_INT_ALLOC|G_INT_REPR|G_INT_POL|G_INT_PRIV|G_INT_ILLEGAL|G_INT_COPY|G_INT_WEAP|G_INT_ANTH|G_INT_REL|G_SYS_SECADV|G_SYS_POLICY|G_SYS_OVERCONF
SRC-G-0057,General,G_INT_VALUE|G_INT_UNETH|G_SYS_OREF|G_SYS_OEXT|G_SYS_INPUT|G_SYS_MISINFO|G_SYS_CONTEXT|G_SYS_INCONS|G_SYS_CONTEST|G_SYS_TRANS|G_SYS_EVAL|G_SOC_ECON|G_SOC_POWER|G_SOC_DEMOC|G_SOC_ENV|G_SOC_CULT|G_SOC_GOV,NO_CURATED_PRIOR|PREREQUISITE_FILTER:G_INT_VIOL|G_INT_SEX|G_INT_SELF|G_INT_ALLOC|G_INT_REPR|G_INT_POL|G_INT_PRIV|G_INT_ILLEGAL|G_INT_COPY|G_INT_WEAP|G_INT_ANTH|G_INT_REL|G_SYS_SECADV|G_SYS_POLICY|G_SYS_OVERCONF
SRC-G-0058,General,G_INT_VALUE|G_INT_UNETH|G_SYS_OREF|G_SYS_OEXT|G_SYS_INPUT|G_SYS_MISINFO|G_SYS_CONTEXT|G_SYS_INCONS|G_SYS_CONTEST|G_SYS_TRANS|G_SYS_EVAL|G_SOC_ECON|G_SOC_POWER|G_SOC_DEMOC|G_SOC_ENV|G_SOC_CULT|G_SOC_GOV,NO_CURATED_PRIOR|PREREQUISITE_FILTER:G_INT_VIOL|G_INT_SEX|G_INT_SELF|G_INT_ALLOC|G_INT_REPR|G_INT_POL|G_INT_PRIV|G_INT_ILLEGAL|G_INT_COPY|G_INT_WEAP|G_INT_ANTH|G_INT_REL|G_SYS_SECADV|G_SYS_POLICY|G_SYS_OVERCONF
SRC-G-0059,General,G_INT_VALUE|G_INT_UNETH|G_SYS_OREF|G_SYS_OEXT|G_SYS_INPUT|G_SYS_MISINFO|G_SYS_CONTEXT|G_SYS_INCONS|G_SYS_CONTEST|G_SYS_TRANS|G_SYS_EVAL|G_SOC_ECON|G_SOC_POWER|G_SOC_DEMOC|G_SOC_ENV|G_SOC_CULT|G_SOC_GOV,NO_CURATED_PRIOR|PREREQUISITE_FILTER:G_INT_VIOL|G_INT_SEX|G_INT_SELF|G_INT_ALLOC|G_INT_REPR|G_INT_POL|G_INT_PRIV|G_INT_ILLEGAL|G_INT_COPY|G_INT_WEAP|G_INT_ANTH|G_INT_REL|G_SYS_SECADV|G_SYS_POLICY|G_SYS_OVERCONF
SRC-G-0060,General,G_INT_VALUE|G_INT_UNETH|G_SYS_OREF|G_SYS_OEXT|G_SYS_INPUT|G_SYS_MISINFO|G_SYS_CONTEXT|G_SYS_INCONS|G_SYS_CONTEST|G_SYS_TRANS|G_SYS_EVAL|G_SOC_ECON|G_SOC_POWER|G_SOC_DEMOC|G_SOC_ENV|G_SOC_CULT|G_SOC_GOV,NO_CURATED_PRIOR|PREREQUISITE_FILTER:G_INT_VIOL|G_INT_SEX|G_INT_SELF|G_INT_ALLOC|G_INT_REPR|G_INT_POL|G_INT_PRIV|G_INT_ILLEGAL|G_INT_COPY|G_INT_WEAP|G_INT_ANTH|G_INT_REL|G_SYS_SECADV|G_SYS_POLICY|G_SYS_OVERCONF
SRC-G-0061,General,G_INT_VALUE|G_INT_UNETH|G_SYS_OREF|G_SYS_OEXT|G_SYS_INPUT|G_SYS_MISINFO|G_SYS_CONTEXT|G_SYS_INCONS|G_SYS_CONTEST|G_SYS_TRANS|G_SYS_EVAL|G_SOC_ECON|G_SOC_POWER|G_SOC_DEMOC|G_SOC_ENV|G_SOC_CULT|G_SOC_GOV,NO_CURATED_PRIOR|PREREQUISITE_FILTER:G_INT_VIOL|G_INT_SEX|G_INT_SELF|G_INT_ALLOC|G_INT_REPR|G_INT_POL|G_INT_PRIV|G_INT_ILLEGAL|G_INT_COPY|G_INT_WEAP|G_INT_ANTH|G_INT_REL|G_SYS_SECADV|G_SYS_POLICY|G_SYS_OVERCONF
SRC-G-0062,General,G_INT_VALUE|G_INT_UNETH|G_SYS_OREF|G_SYS_OEXT|G_SYS_INPUT|G_SYS_MISINFO|G_SYS_CONTEXT|G_SYS_INCONS|G_SYS_CONTEST|G_SYS_TRANS|G_SYS_EVAL|G_SOC_ECON|G_SOC_POWER|G_SOC_DEMOC|G_SOC_ENV|G_SOC_CULT|G_SOC_GOV,NO_CURATED_PRIOR|PREREQUISITE_FILTER:G_INT_VIOL|G_INT_SEX|G_INT_SELF|G_INT_ALLOC|G_INT_REPR|G_INT_POL|G_INT_PRIV|G_INT_ILLEGAL|G_INT_COPY|G_INT_WEAP|G_INT_ANTH|G_INT_REL|G_SYS_SECADV|G_SYS_POLICY|G_SYS_OVERCONF
SRC-G-0063,General,G_INT_VALUE|G_INT_UNETH|G_SYS_OREF|G_SYS_OEXT|G_SYS_INPUT|G_SYS_MISINFO|G_SYS_CONTEXT|G_SYS_INCONS|G_SYS_CONTEST|G_SYS_TRANS|G_SYS_EVAL|G_SOC_ECON|G_SOC_POWER|G_SOC_DEMOC|G_SOC_ENV|G_SOC_CULT|G_SOC_GOV,NO_CURATED_PRIOR|PREREQUISITE_FILTER:G_INT_VIOL|G_INT_SEX|G_INT_SELF|G_INT_ALLOC|G_INT_REPR|G_INT_POL|G_INT_PRIV|G_INT_ILLEGAL|G_INT_COPY|G_INT_WEAP|G_INT_ANTH|G_INT_REL|G_SYS_SECADV|G_SYS_POLICY|G_SYS_OVERCONF
SRC-G-0064,General,G_INT_VALUE|G_INT_UNETH|G_SYS_OREF|G_SYS_OEXT|G_SYS_INPUT|G_SYS_MISINFO|G_SYS_CONTEXT|G_SYS_INCONS|G_SYS_CONTEST|G_SYS_TRANS|G_SYS_EVAL|G_SOC_ECON|G_SOC_POWER|G_SOC_DEMOC|G_SOC_ENV|G_SOC_CULT|G_SOC_GOV,NO_CURATED_PRIOR|PREREQUISITE_FILTER:G_INT_VIOL|G_INT_SEX|G_INT_SELF|G_INT_ALLOC|G_INT_REPR|G_INT_POL|G_INT_PRIV|G_INT_ILLEGAL|G_INT_COPY|G_INT_WEAP|G_INT_ANTH|G_INT_REL|G_SYS_SECADV|G_SYS_POLICY|G_SYS_OVERCONF
SRC-G-0065,General,G_INT_VALUE|G_INT_UNETH|G_SYS_OREF|G_SYS_OEXT|G_SYS_INPUT|G_SYS_MISINFO|G_SYS_CONTEXT|G_SYS_INCONS|G_SYS_CONTEST|G_SYS_TRANS|G_SYS_EVAL|G_SOC_ECON|G_SOC_POWER|G_SOC_DEMOC|G_SOC_ENV|G_SOC_CULT|G_SOC_GOV,NO_CURATED_PRIOR|PREREQUISITE_FILTER:G_INT_VIOL|G_INT_SEX|G_INT_SELF|G_INT_ALLOC|G_INT_REPR|G_INT_POL|G_INT_PRIV|G_INT_ILLEGAL|G_INT_COPY|G_INT_WEAP|G_INT_ANTH|G_INT_REL|G_SYS_SECADV|G_SYS_POLICY|G_SYS_OVERCONF
SRC-G-0066,General,G_INT_VALUE|G_INT_UNETH|G_SYS_OREF|G_SYS_OEXT|G_SYS_INPUT|G_SYS_MISINFO|G_SYS_CONTEXT|G_SYS_INCONS|G_SYS_CONTEST|G_SYS_TRANS|G_SYS_EVAL|G_SOC_ECON|G_SOC_POWER|G_SOC_DEMOC|G_SOC_ENV|G_SOC_CULT|G_SOC_GOV,NO_CURATED_PRIOR|PREREQUISITE_FILTER:G_INT_VIOL|G_INT_SEX|G_INT_SELF|G_INT_ALLOC|G_INT_REPR|G_INT_POL|G_INT_PRIV|G_INT_ILLEGAL|G_INT_COPY|G_INT_WEAP|G_INT_ANTH|G_INT_REL|G_SYS_SECADV|G_SYS_POLICY|G_SYS_OVERCONF
SRC-G-0067,General,G_INT_VALUE|G_INT_UNETH|G_SYS_OREF|G_SYS_OEXT|G_SYS_INPUT|G_SYS_MISINFO|G_SYS_CONTEXT|G_SYS_INCONS|G_SYS_OVERCONF|G_SYS_CONTEST|G_SYS_TRANS|G_SYS_EVAL|G_SOC_ECON|G_SOC_POWER|G_SOC_DEMOC|G_SOC_ENV|G_SOC_CULT|G_SOC_GOV,CURATED_SOURCE_MECHANISM_PRIOR:G_SYS_EVAL|PREREQUISITE_FILTER:G_INT_VIOL|G_INT_SEX|G_INT_SELF|G_INT_ALLOC|G_INT_REPR|G_INT_POL|G_INT_PRIV|G_INT_ILLEGAL|G_INT_COPY|G_INT_WEAP|G_INT_ANTH|G_INT_REL|G_SYS_SECADV|G_SYS_POLICY
SRC-G-0068,General,G_INT_VALUE|G_INT_UNETH|G_SYS_OREF|G_SYS_OEXT|G_SYS_INPUT|G_SYS_MISINFO|G_SYS_CONTEXT|G_SYS_INCONS|G_SYS_CONTEST|G_SYS_TRANS|G_SYS_EVAL|G_SOC_ECON|G_SOC_POWER|G_SOC_DEMOC|G_SOC_ENV|G_SOC_CULT|G_SOC_GOV,NO_CURATED_PRIOR|PREREQUISITE_FILTER:G_INT_VIOL|G_INT_SEX|G_INT_SELF|G_INT_ALLOC|G_INT_REPR|G_INT_POL|G_INT_PRIV|G_INT_ILLEGAL|G_INT_COPY|G_INT_WEAP|G_INT_ANTH|G_INT_REL|G_SYS_SECADV|G_SYS_POLICY|G_SYS_OVERCONF
SRC-G-0069,General,G_INT_VALUE|G_INT_UNETH|G_SYS_OREF|G_SYS_OEXT|G_SYS_INPUT|G_SYS_MISINFO|G_SYS_CONTEXT|G_SYS_INCONS|G_SYS_CONTEST|G_SYS_TRANS|G_SYS_EVAL|G_SOC_ECON|G_SOC_POWER|G_SOC_DEMOC|G_SOC_ENV|G_SOC_CULT|G_SOC_GOV,NO_CURATED_PRIOR|PREREQUISITE_FILTER:G_INT_VIOL|G_INT_SEX|G_INT_SELF|G_INT_ALLOC|G_INT_REPR|G_INT_POL|G_INT_PRIV|G_INT_ILLEGAL|G_INT_COPY|G_INT_WEAP|G_INT_ANTH|G_INT_REL|G_SYS_SECADV|G_SYS_POLICY|G_SYS_OVERCONF
SRC-G-0070,General,G_INT_VALUE|G_INT_UNETH|G_SYS_OREF|G_SYS_OEXT|G_SYS_INPUT|G_SYS_MISINFO|G_SYS_CONTEXT|G_SYS_INCONS|G_SYS_CONTEST|G_SYS_TRANS|G_SYS_EVAL|G_SOC_ECON|G_SOC_POWER|G_SOC_DEMOC|G_SOC_ENV|G_SOC_CULT|G_SOC_GOV,NO_CURATED_PRIOR|PREREQUISITE_FILTER:G_INT_VIOL|G_INT_SEX|G_INT_SELF|G_INT_ALLOC|G_INT_REPR|G_INT_POL|G_INT_PRIV|G_INT_ILLEGAL|G_INT_COPY|G_INT_WEAP|G_INT_ANTH|G_INT_REL|G_SYS_SECADV|G_SYS_POLICY|G_SYS_OVERCONF
SRC-G-0071,General,G_INT_VALUE|G_INT_UNETH|G_SYS_OREF|G_SYS_OEXT|G_SYS_INPUT|G_SYS_MISINFO|G_SYS_CONTEXT|G_SYS_INCONS|G_SYS_CONTEST|G_SYS_TRANS|G_SYS_EVAL|G_SOC_ECON|G_SOC_POWER|G_SOC_DEMOC|G_SOC_ENV|G_SOC_CULT|G_SOC_GOV,NO_CURATED_PRIOR|PREREQUISITE_FILTER:G_INT_VIOL|G_INT_SEX|G_INT_SELF|G_INT_ALLOC|G_INT_REPR|G_INT_POL|G_INT_PRIV|G_INT_ILLEGAL|G_INT_COPY|G_INT_WEAP|G_INT_ANTH|G_INT_REL|G_SYS_SECADV|G_SYS_POLICY|G_SYS_OVERCONF
SRC-G-0072,General,G_INT_VALUE|G_INT_UNETH|G_SYS_OREF|G_SYS_OEXT|G_SYS_INPUT|G_SYS_MISINFO|G_SYS_CONTEXT|G_SYS_INCONS|G_SYS_CONTEST|G_SYS_TRANS|G_SYS_EVAL|G_SOC_ECON|G_SOC_POWER|G_SOC_DEMOC|G_SOC_ENV|G_SOC_CULT|G_SOC_GOV,NO_CURATED_PRIOR|PREREQUISITE_FILTER:G_INT_VIOL|G_INT_SEX|G_INT_SELF|G_INT_ALLOC|G_INT_REPR|G_INT_POL|G_INT_PRIV|G_INT_ILLEGAL|G_INT_COPY|G_INT_WEAP|G_INT_ANTH|G_INT_REL|G_SYS_SECADV|G_SYS_POLICY|G_SYS_OVERCONF
SRC-G-0074,General,G_INT_ALLOC|G_INT_VALUE|G_INT_UNETH|G_SYS_OREF|G_SYS_OEXT|G_SYS_INPUT|G_SYS_MISINFO|G_SYS_CONTEXT|G_SYS_INCONS|G_SYS_CONTEST|G_SYS_SECADV|G_SYS_TRANS|G_SYS_EVAL|G_SOC_ECON|G_SOC_POWER|G_SOC_DEMOC|G_SOC_ENV|G_SOC_CULT|G_SOC_GOV,CURATED_SOURCE_MECHANISM_PRIOR:G_SYS_SECADV|PREREQUISITE_FILTER:G_INT_VIOL|G_INT_SEX|G_INT_SELF|G_INT_REPR|G_INT_POL|G_INT_PRIV|G_INT_ILLEGAL|G_INT_COPY|G_INT_WEAP|G_INT_ANTH|G_INT_REL|G_SYS_POLICY|G_SYS_OVERCONF
SRC-G-0075,General,G_INT_VALUE|G_INT_UNETH|G_SYS_OREF|G_SYS_OEXT|G_SYS_INPUT|G_SYS_MISINFO|G_SYS_CONTEXT|G_SYS_INCONS|G_SYS_CONTEST|G_SYS_TRANS|G_SYS_EVAL|G_SOC_ECON|G_SOC_POWER|G_SOC_DEMOC|G_SOC_ENV|G_SOC_CULT|G_SOC_GOV,NO_CURATED_PRIOR|PREREQUISITE_FILTER:G_INT_VIOL|G_INT_SEX|G_INT_SELF|G_INT_ALLOC|G_INT_REPR|G_INT_POL|G_INT_PRIV|G_INT_ILLEGAL|G_INT_COPY|G_INT_WEAP|G_INT_ANTH|G_INT_REL|G_SYS_SECADV|G_SYS_POLICY|G_SYS_OVERCONF
SRC-G-0076,General,G_INT_VALUE|G_INT_UNETH|G_SYS_OREF|G_SYS_OEXT|G_SYS_INPUT|G_SYS_MISINFO|G_SYS_CONTEXT|G_SYS_INCONS|G_SYS_CONTEST|G_SYS_TRANS|G_SYS_EVAL|G_SOC_ECON|G_SOC_POWER|G_SOC_DEMOC|G_SOC_ENV|G_SOC_CULT|G_SOC_GOV,NO_CURATED_PRIOR|PREREQUISITE_FILTER:G_INT_VIOL|G_INT_SEX|G_INT_SELF|G_INT_ALLOC|G_INT_REPR|G_INT_POL|G_INT_PRIV|G_INT_ILLEGAL|G_INT_COPY|G_INT_WEAP|G_INT_ANTH|G_INT_REL|G_SYS_SECADV|G_SYS_POLICY|G_SYS_OVERCONF
SRC-G-0077,General,G_INT_VALUE|G_INT_UNETH|G_SYS_OREF|G_SYS_OEXT|G_SYS_INPUT|G_SYS_MISINFO|G_SYS_CONTEXT|G_SYS_INCONS|G_SYS_CONTEST|G_SYS_TRANS|G_SYS_EVAL|G_SOC_ECON|G_SOC_POWER|G_SOC_DEMOC|G_SOC_ENV|G_SOC_CULT|G_SOC_GOV,NO_CURATED_PRIOR|PREREQUISITE_FILTER:G_INT_VIOL|G_INT_SEX|G_INT_SELF|G_INT_ALLOC|G_INT_REPR|G_INT_POL|G_INT_PRIV|G_INT_ILLEGAL|G_INT_COPY|G_INT_WEAP|G_INT_ANTH|G_INT_REL|G_SYS_SECADV|G_SYS_POLICY|G_SYS_OVERCONF
SRC-G-0078,General,G_INT_VALUE|G_INT_UNETH|G_SYS_OREF|G_SYS_OEXT|G_SYS_INPUT|G_SYS_MISINFO|G_SYS_CONTEXT|G_SYS_INCONS|G_SYS_CONTEST|G_SYS_SECADV|G_SYS_TRANS|G_SYS_EVAL|G_SOC_ECON|G_SOC_POWER|G_SOC_DEMOC|G_SOC_ENV|G_SOC_CULT|G_SOC_GOV,NO_CURATED_PRIOR|PREREQUISITE_FILTER:G_INT_VIOL|G_INT_SEX|G_INT_SELF|G_INT_ALLOC|G_INT_REPR|G_INT_POL|G_INT_PRIV|G_INT_ILLEGAL|G_INT_COPY|G_INT_WEAP|G_INT_ANTH|G_INT_REL|G_SYS_POLICY|G_SYS_OVERCONF
SRC-G-0079,General,G_INT_VALUE|G_INT_UNETH|G_SYS_OREF|G_SYS_OEXT|G_SYS_INPUT|G_SYS_MISINFO|G_SYS_CONTEXT|G_SYS_INCONS|G_SYS_CONTEST|G_SYS_TRANS|G_SYS_EVAL|G_SOC_ECON|G_SOC_POWER|G_SOC_DEMOC|G_SOC_ENV|G_SOC_CULT|G_SOC_GOV,NO_CURATED_PRIOR|PREREQUISITE_FILTER:G_INT_VIOL|G_INT_SEX|G_INT_SELF|G_INT_ALLOC|G_INT_REPR|G_INT_POL|G_INT_PRIV|G_INT_ILLEGAL|G_INT_COPY|G_INT_WEAP|G_INT_ANTH|G_INT_REL|G_SYS_SECADV|G_SYS_POLICY|G_SYS_OVERCONF
SRC-G-0080,General,G_INT_VALUE|G_INT_UNETH|G_SYS_OREF|G_SYS_OEXT|G_SYS_INPUT|G_SYS_MISINFO|G_SYS_CONTEXT|G_SYS_INCONS|G_SYS_CONTEST|G_SYS_TRANS|G_SYS_EVAL|G_SOC_ECON|G_SOC_POWER|G_SOC_DEMOC|G_SOC_ENV|G_SOC_CULT|G_SOC_GOV,NO_CURATED_PRIOR|PREREQUISITE_FILTER:G_INT_VIOL|G_INT_SEX|G_INT_SELF|G_INT_ALLOC|G_INT_REPR|G_INT_POL|G_INT_PRIV|G_INT_ILLEGAL|G_INT_COPY|G_INT_WEAP|G_INT_ANTH|G_INT_REL|G_SYS_SECADV|G_SYS_POLICY|G_SYS_OVERCONF
SRC-G-0081,General,G_INT_VALUE|G_INT_POL|G_INT_UNETH|G_SYS_OREF|G_SYS_OEXT|G_SYS_INPUT|G_SYS_MISINFO|G_SYS_CONTEXT|G_SYS_INCONS|G_SYS_CONTEST|G_SYS_TRANS|G_SYS_EVAL|G_SOC_ECON|G_SOC_POWER|G_SOC_DEMOC|G_SOC_ENV|G_SOC_CULT|G_SOC_GOV,NO_CURATED_PRIOR|PREREQUISITE_FILTER:G_INT_VIOL|G_INT_SEX|G_INT_SELF|G_INT_ALLOC|G_INT_REPR|G_INT_PRIV|G_INT_ILLEGAL|G_INT_COPY|G_INT_WEAP|G_INT_ANTH|G_INT_REL|G_SYS_SECADV|G_SYS_POLICY|G_SYS_OVERCONF
SRC-G-0082,General,G_INT_VALUE|G_INT_UNETH|G_SYS_OREF|G_SYS_OEXT|G_SYS_INPUT|G_SYS_MISINFO|G_SYS_CONTEXT|G_SYS_INCONS|G_SYS_CONTEST|G_SYS_TRANS|G_SYS_EVAL|G_SOC_ECON|G_SOC_POWER|G_SOC_DEMOC|G_SOC_ENV|G_SOC_CULT|G_SOC_GOV,NO_CURATED_PRIOR|PREREQUISITE_FILTER:G_INT_VIOL|G_INT_SEX|G_INT_SELF|G_INT_ALLOC|G_INT_REPR|G_INT_POL|G_INT_PRIV|G_INT_ILLEGAL|G_INT_COPY|G_INT_WEAP|G_INT_ANTH|G_INT_REL|G_SYS_SECADV|G_SYS_POLICY|G_SYS_OVERCONF
SRC-G-0083,General,G_INT_VALUE|G_INT_UNETH|G_SYS_OREF|G_SYS_OEXT|G_SYS_INPUT|G_SYS_MISINFO|G_SYS_CONTEXT|G_SYS_INCONS|G_SYS_CONTEST|G_SYS_SECADV|G_SYS_TRANS|G_SYS_EVAL|G_SOC_ECON|G_SOC_POWER|G_SOC_DEMOC|G_SOC_ENV|G_SOC_CULT|G_SOC_GOV,NO_CURATED_PRIOR|PREREQUISITE_FILTER:G_INT_VIOL|G_INT_SEX|G_INT_SELF|G_INT_ALLOC|G_INT_REPR|G_INT_POL|G_INT_PRIV|G_INT_ILLEGAL|G_INT_COPY|G_INT_WEAP|G_INT_ANTH|G_INT_REL|G_SYS_POLICY|G_SYS_OVERCONF
SRC-G-0084,General,G_INT_VALUE|G_INT_UNETH|G_SYS_OREF|G_SYS_OEXT|G_SYS_INPUT|G_SYS_MISINFO|G_SYS_CONTEXT|G_SYS_INCONS|G_SYS_CONTEST|G_SYS_TRANS|G_SYS_EVAL|G_SOC_ECON|G_SOC_POWER|G_SOC_DEMOC|G_SOC_ENV|G_SOC_CULT|G_SOC_GOV,NO_CURATED_PRIOR|PREREQUISITE_FILTER:G_INT_VIOL|G_INT_SEX|G_INT_SELF|G_INT_ALLOC|G_INT_REPR|G_INT_POL|G_INT_PRIV|G_INT_ILLEGAL|G_INT_COPY|G_INT_WEAP|G_INT_ANTH|G_INT_REL|G_SYS_SECADV|G_SYS_POLICY|G_SYS_OVERCONF
SRC-G-0085,General,G_INT_VALUE|G_INT_UNETH|G_SYS_OREF|G_SYS_OEXT|G_SYS_INPUT|G_SYS_MISINFO|G_SYS_CONTEXT|G_SYS_INCONS|G_SYS_OVERCONF|G_SYS_CONTEST|G_SYS_TRANS|G_SYS_EVAL|G_SOC_ECON|G_SOC_POWER|G_SOC_DEMOC|G_SOC_ENV|G_SOC_CULT|G_SOC_GOV,CURATED_SOURCE_MECHANISM_PRIOR:G_SYS_OVERCONF|PREREQUISITE_FILTER:G_INT_VIOL|G_INT_SEX|G_INT_SELF|G_INT_ALLOC|G_INT_REPR|G_INT_POL|G_INT_PRIV|G_INT_ILLEGAL|G_INT_COPY|G_INT_WEAP|G_INT_ANTH|G_INT_REL|G_SYS_SECADV|G_SYS_POLICY
SRC-G-0086,General,G_INT_VALUE|G_INT_UNETH|G_SYS_OREF|G_SYS_OEXT|G_SYS_INPUT|G_SYS_MISINFO|G_SYS_CONTEXT|G_SYS_INCONS|G_SYS_CONTEST|G_SYS_TRANS|G_SYS_EVAL|G_SOC_ECON|G_SOC_POWER|G_SOC_DEMOC|G_SOC_ENV|G_SOC_CULT|G_SOC_GOV,NO_CURATED_PRIOR|PREREQUISITE_FILTER:G_INT_VIOL|G_INT_SEX|G_INT_SELF|G_INT_ALLOC|G_INT_REPR|G_INT_POL|G_INT_PRIV|G_INT_ILLEGAL|G_INT_COPY|G_INT_WEAP|G_INT_ANTH|G_INT_REL|G_SYS_SECADV|G_SYS_POLICY|G_SYS_OVERCONF
SRC-G-0087,General,G_INT_VALUE|G_INT_UNETH|G_SYS_OREF|G_SYS_OEXT|G_SYS_INPUT|G_SYS_MISINFO|G_SYS_CONTEXT|G_SYS_INCONS|G_SYS_CONTEST|G_SYS_TRANS|G_SYS_EVAL|G_SOC_ECON|G_SOC_POWER|G_SOC_DEMOC|G_SOC_ENV|G_SOC_CULT|G_SOC_GOV,NO_CURATED_PRIOR|PREREQUISITE_FILTER:G_INT_VIOL|G_INT_SEX|G_INT_SELF|G_INT_ALLOC|G_INT_REPR|G_INT_POL|G_INT_PRIV|G_INT_ILLEGAL|G_INT_COPY|G_INT_WEAP|G_INT_ANTH|G_INT_REL|G_SYS_SECADV|G_SYS_POLICY|G_SYS_OVERCONF
SRC-G-0089,General,G_INT_VALUE|G_INT_UNETH|G_SYS_OREF|G_SYS_OEXT|G_SYS_INPUT|G_SYS_MISINFO|G_SYS_CONTEXT|G_SYS_INCONS|G_SYS_CONTEST|G_SYS_TRANS|G_SYS_EVAL|G_SOC_ECON|G_SOC_POWER|G_SOC_DEMOC|G_SOC_ENV|G_SOC_CULT|G_SOC_GOV,NO_CURATED_PRIOR|PREREQUISITE_FILTER:G_INT_VIOL|G_INT_SEX|G_INT_SELF|G_INT_ALLOC|G_INT_REPR|G_INT_POL|G_INT_PRIV|G_INT_ILLEGAL|G_INT_COPY|G_INT_WEAP|G_INT_ANTH|G_INT_REL|G_SYS_SECADV|G_SYS_POLICY|G_SYS_OVERCONF
SRC-G-0090,General,G_INT_VALUE|G_INT_UNETH|G_SYS_OREF|G_SYS_OEXT|G_SYS_INPUT|G_SYS_MISINFO|G_SYS_CONTEXT|G_SYS_INCONS|G_SYS_CONTEST|G_SYS_TRANS|G_SYS_EVAL|G_SOC_ECON|G_SOC_POWER|G_SOC_DEMOC|G_SOC_ENV|G_SOC_CULT|G_SOC_GOV,NO_CURATED_PRIOR|PREREQUISITE_FILTER:G_INT_VIOL|G_INT_SEX|G_INT_SELF|G_INT_ALLOC|G_INT_REPR|G_INT_POL|G_INT_PRIV|G_INT_ILLEGAL|G_INT_COPY|G_INT_WEAP|G_INT_ANTH|G_INT_REL|G_SYS_SECADV|G_SYS_POLICY|G_SYS_OVERCONF
SRC-G-0091,General,G_INT_REPR|G_INT_VALUE|G_INT_UNETH|G_SYS_OREF|G_SYS_OEXT|G_SYS_INPUT|G_SYS_MISINFO|G_SYS_CONTEXT|G_SYS_INCONS|G_SYS_CONTEST|G_SYS_POLICY|G_SYS_TRANS|G_SYS_EVAL|G_SOC_ECON|G_SOC_POWER|G_SOC_DEMOC|G_SOC_ENV|G_SOC_CULT|G_SOC_GOV,NO_CURATED_PRIOR|PREREQUISITE_FILTER:G_INT_VIOL|G_INT_SEX|G_INT_SELF|G_INT_ALLOC|G_INT_POL|G_INT_PRIV|G_INT_ILLEGAL|G_INT_COPY|G_INT_WEAP|G_INT_ANTH|G_INT_REL|G_SYS_SECADV|G_SYS_OVERCONF
SRC-G-0092,General,G_INT_VALUE|G_INT_UNETH|G_SYS_OREF|G_SYS_OEXT|G_SYS_INPUT|G_SYS_MISINFO|G_SYS_CONTEXT|G_SYS_INCONS|G_SYS_OVERCONF|G_SYS_CONTEST|G_SYS_TRANS|G_SYS_EVAL|G_SOC_ECON|G_SOC_POWER|G_SOC_DEMOC|G_SOC_ENV|G_SOC_CULT|G_SOC_GOV,NO_CURATED_PRIOR|PREREQUISITE_FILTER:G_INT_VIOL|G_INT_SEX|G_INT_SELF|G_INT_ALLOC|G_INT_REPR|G_INT_POL|G_INT_PRIV|G_INT_ILLEGAL|G_INT_COPY|G_INT_WEAP|G_INT_ANTH|G_INT_REL|G_SYS_SECADV|G_SYS_POLICY
SRC-G-0093,General,G_INT_ALLOC|G_INT_VALUE|G_INT_UNETH|G_SYS_OREF|G_SYS_OEXT|G_SYS_INPUT|G_SYS_MISINFO|G_SYS_CONTEXT|G_SYS_INCONS|G_SYS_CONTEST|G_SYS_POLICY|G_SYS_TRANS|G_SYS_EVAL|G_SOC_ECON|G_SOC_POWER|G_SOC_DEMOC|G_SOC_ENV|G_SOC_CULT|G_SOC_GOV,NO_CURATED_PRIOR|PREREQUISITE_FILTER:G_INT_VIOL|G_INT_SEX|G_INT_SELF|G_INT_REPR|G_INT_POL|G_INT_PRIV|G_INT_ILLEGAL|G_INT_COPY|G_INT_WEAP|G_INT_ANTH|G_INT_REL|G_SYS_SECADV|G_SYS_OVERCONF
SRC-G-0094,General,G_INT_VALUE|G_INT_UNETH|G_SYS_OREF|G_SYS_OEXT|G_SYS_INPUT|G_SYS_MISINFO|G_SYS_CONTEXT|G_SYS_INCONS|G_SYS_OVERCONF|G_SYS_CONTEST|G_SYS_TRANS|G_SYS_EVAL|G_SOC_ECON|G_SOC_POWER|G_SOC_DEMOC|G_SOC_ENV|G_SOC_CULT|G_SOC_GOV,NO_CURATED_PRIOR|PREREQUISITE_FILTER:G_INT_VIOL|G_INT_SEX|G_INT_SELF|G_INT_ALLOC|G_INT_REPR|G_INT_POL|G_INT_PRIV|G_INT_ILLEGAL|G_INT_COPY|G_INT_WEAP|G_INT_ANTH|G_INT_REL|G_SYS_SECADV|G_SYS_POLICY
SRC-G-0097,General,G_INT_VALUE|G_INT_UNETH|G_SYS_OREF|G_SYS_OEXT|G_SYS_INPUT|G_SYS_MISINFO|G_SYS_CONTEXT|G_SYS_INCONS|G_SYS_CONTEST|G_SYS_TRANS|G_SYS_EVAL|G_SOC_ECON|G_SOC_POWER|G_SOC_DEMOC|G_SOC_ENV|G_SOC_CULT|G_SOC_GOV,NO_CURATED_PRIOR|PREREQUISITE_FILTER:G_INT_VIOL|G_INT_SEX|G_INT_SELF|G_INT_ALLOC|G_INT_REPR|G_INT_POL|G_INT_PRIV|G_INT_ILLEGAL|G_INT_COPY|G_INT_WEAP|G_INT_ANTH|G_INT_REL|G_SYS_SECADV|G_SYS_POLICY|G_SYS_OVERCONF
SRC-G-0098,General,G_INT_VALUE|G_INT_UNETH|G_SYS_OREF|G_SYS_OEXT|G_SYS_INPUT|G_SYS_MISINFO|G_SYS_CONTEXT|G_SYS_INCONS|G_SYS_CONTEST|G_SYS_TRANS|G_SYS_EVAL|G_SOC_ECON|G_SOC_POWER|G_SOC_DEMOC|G_SOC_ENV|G_SOC_CULT|G_SOC_GOV,NO_CURATED_PRIOR|PREREQUISITE_FILTER:G_INT_VIOL|G_INT_SEX|G_INT_SELF|G_INT_ALLOC|G_INT_REPR|G_INT_POL|G_INT_PRIV|G_INT_ILLEGAL|G_INT_COPY|G_INT_WEAP|G_INT_ANTH|G_INT_REL|G_SYS_SECADV|G_SYS_POLICY|G_SYS_OVERCONF
SRC-G-0099,General,G_INT_VALUE|G_INT_UNETH|G_SYS_OREF|G_SYS_OEXT|G_SYS_INPUT|G_SYS_MISINFO|G_SYS_CONTEXT|G_SYS_INCONS|G_SYS_CONTEST|G_SYS_TRANS|G_SYS_EVAL|G_SOC_ECON|G_SOC_POWER|G_SOC_DEMOC|G_SOC_ENV|G_SOC_CULT|G_SOC_GOV,NO_CURATED_PRIOR|PREREQUISITE_FILTER:G_INT_VIOL|G_INT_SEX|G_INT_SELF|G_INT_ALLOC|G_INT_REPR|G_INT_POL|G_INT_PRIV|G_INT_ILLEGAL|G_INT_COPY|G_INT_WEAP|G_INT_ANTH|G_INT_REL|G_SYS_SECADV|G_SYS_POLICY|G_SYS_OVERCONF
SRC-G-0100,General,G_INT_VALUE|G_INT_UNETH|G_SYS_OREF|G_SYS_OEXT|G_SYS_INPUT|G_SYS_MISINFO|G_SYS_CONTEXT|G_SYS_INCONS|G_SYS_CONTEST|G_SYS_TRANS|G_SYS_EVAL|G_SOC_ECON|G_SOC_POWER|G_SOC_DEMOC|G_SOC_ENV|G_SOC_CULT|G_SOC_GOV,CURATED_SOURCE_MECHANISM_PRIOR:G_SOC_GOV|PREREQUISITE_FILTER:G_INT_VIOL|G_INT_SEX|G_INT_SELF|G_INT_ALLOC|G_INT_REPR|G_INT_POL|G_INT_PRIV|G_INT_ILLEGAL|G_INT_COPY|G_INT_WEAP|G_INT_ANTH|G_INT_REL|G_SYS_SECADV|G_SYS_POLICY|G_SYS_OVERCONF
SRC-G-0101,General,G_INT_VALUE|G_INT_UNETH|G_SYS_OREF|G_SYS_OEXT|G_SYS_INPUT|G_SYS_MISINFO|G_SYS_CONTEXT|G_SYS_INCONS|G_SYS_CONTEST|G_SYS_TRANS|G_SYS_EVAL|G_SOC_ECON|G_SOC_POWER|G_SOC_DEMOC|G_SOC_ENV|G_SOC_CULT|G_SOC_GOV,NO_CURATED_PRIOR|PREREQUISITE_FILTER:G_INT_VIOL|G_INT_SEX|G_INT_SELF|G_INT_ALLOC|G_INT_REPR|G_INT_POL|G_INT_PRIV|G_INT_ILLEGAL|G_INT_COPY|G_INT_WEAP|G_INT_ANTH|G_INT_REL|G_SYS_SECADV|G_SYS_POLICY|G_SYS_OVERCONF
SRC-G-0102,General,G_INT_VALUE|G_INT_UNETH|G_SYS_OREF|G_SYS_OEXT|G_SYS_INPUT|G_SYS_MISINFO|G_SYS_CONTEXT|G_SYS_INCONS|G_SYS_CONTEST|G_SYS_TRANS|G_SYS_EVAL|G_SOC_ECON|G_SOC_POWER|G_SOC_DEMOC|G_SOC_ENV|G_SOC_CULT|G_SOC_GOV,NO_CURATED_PRIOR|PREREQUISITE_FILTER:G_INT_VIOL|G_INT_SEX|G_INT_SELF|G_INT_ALLOC|G_INT_REPR|G_INT_POL|G_INT_PRIV|G_INT_ILLEGAL|G_INT_COPY|G_INT_WEAP|G_INT_ANTH|G_INT_REL|G_SYS_SECADV|G_SYS_POLICY|G_SYS_OVERCONF
SRC-G-0103,General,G_INT_VALUE|G_INT_UNETH|G_SYS_OREF|G_SYS_OEXT|G_SYS_INPUT|G_SYS_MISINFO|G_SYS_CONTEXT|G_SYS_INCONS|G_SYS_CONTEST|G_SYS_TRANS|G_SYS_EVAL|G_SOC_ECON|G_SOC_POWER|G_SOC_DEMOC|G_SOC_ENV|G_SOC_CULT|G_SOC_GOV,NO_CURATED_PRIOR|PREREQUISITE_FILTER:G_INT_VIOL|G_INT_SEX|G_INT_SELF|G_INT_ALLOC|G_INT_REPR|G_INT_POL|G_INT_PRIV|G_INT_ILLEGAL|G_INT_COPY|G_INT_WEAP|G_INT_ANTH|G_INT_REL|G_SYS_SECADV|G_SYS_POLICY|G_SYS_OVERCONF
SRC-G-0104,General,G_INT_VALUE|G_INT_UNETH|G_SYS_OREF|G_SYS_OEXT|G_SYS_INPUT|G_SYS_MISINFO|G_SYS_CONTEXT|G_SYS_INCONS|G_SYS_CONTEST|G_SYS_TRANS|G_SYS_EVAL|G_SOC_ECON|G_SOC_POWER|G_SOC_DEMOC|G_SOC_ENV|G_SOC_CULT|G_SOC_GOV,NO_CURATED_PRIOR|PREREQUISITE_FILTER:G_INT_VIOL|G_INT_SEX|G_INT_SELF|G_INT_ALLOC|G_INT_REPR|G_INT_POL|G_INT_PRIV|G_INT_ILLEGAL|G_INT_COPY|G_INT_WEAP|G_INT_ANTH|G_INT_REL|G_SYS_SECADV|G_SYS_POLICY|G_SYS_OVERCONF
SRC-G-0105,General,G_INT_VALUE|G_INT_UNETH|G_SYS_OREF|G_SYS_OEXT|G_SYS_INPUT|G_SYS_MISINFO|G_SYS_CONTEXT|G_SYS_INCONS|G_SYS_CONTEST|G_SYS_SECADV|G_SYS_TRANS|G_SYS_EVAL|G_SOC_ECON|G_SOC_POWER|G_SOC_DEMOC|G_SOC_ENV|G_SOC_CULT|G_SOC_GOV,NO_CURATED_PRIOR|PREREQUISITE_FILTER:G_INT_VIOL|G_INT_SEX|G_INT_SELF|G_INT_ALLOC|G_INT_REPR|G_INT_POL|G_INT_PRIV|G_INT_ILLEGAL|G_INT_COPY|G_INT_WEAP|G_INT_ANTH|G_INT_REL|G_SYS_POLICY|G_SYS_OVERCONF
SRC-G-0109,General,G_INT_VALUE|G_INT_UNETH|G_SYS_OREF|G_SYS_OEXT|G_SYS_INPUT|G_SYS_MISINFO|G_SYS_CONTEXT|G_SYS_INCONS|G_SYS_CONTEST|G_SYS_TRANS|G_SYS_EVAL|G_SOC_ECON|G_SOC_POWER|G_SOC_DEMOC|G_SOC_ENV|G_SOC_CULT|G_SOC_GOV,NO_CURATED_PRIOR|PREREQUISITE_FILTER:G_INT_VIOL|G_INT_SEX|G_INT_SELF|G_INT_ALLOC|G_INT_REPR|G_INT_POL|G_INT_PRIV|G_INT_ILLEGAL|G_INT_COPY|G_INT_WEAP|G_INT_ANTH|G_INT_REL|G_SYS_SECADV|G_SYS_POLICY|G_SYS_OVERCONF
SRC-G-0110,General,G_INT_VALUE|G_INT_UNETH|G_SYS_OREF|G_SYS_OEXT|G_SYS_INPUT|G_SYS_MISINFO|G_SYS_CONTEXT|G_SYS_INCONS|G_SYS_CONTEST|G_SYS_TRANS|G_SYS_EVAL|G_SOC_ECON|G_SOC_POWER|G_SOC_DEMOC|G_SOC_ENV|G_SOC_CULT|G_SOC_GOV,NO_CURATED_PRIOR|PREREQUISITE_FILTER:G_INT_VIOL|G_INT_SEX|G_INT_SELF|G_INT_ALLOC|G_INT_REPR|G_INT_POL|G_INT_PRIV|G_INT_ILLEGAL|G_INT_COPY|G_INT_WEAP|G_INT_ANTH|G_INT_REL|G_SYS_SECADV|G_SYS_POLICY|G_SYS_OVERCONF
SRC-G-0111,General,G_INT_VALUE|G_INT_UNETH|G_SYS_OREF|G_SYS_OEXT|G_SYS_INPUT|G_SYS_MISINFO|G_SYS_CONTEXT|G_SYS_INCONS|G_SYS_CONTEST|G_SYS_TRANS|G_SYS_EVAL|G_SOC_ECON|G_SOC_POWER|G_SOC_DEMOC|G_SOC_ENV|G_SOC_CULT|G_SOC_GOV,NO_CURATED_PRIOR|PREREQUISITE_FILTER:G_INT_VIOL|G_INT_SEX|G_INT_SELF|G_INT_ALLOC|G_INT_REPR|G_INT_POL|G_INT_PRIV|G_INT_ILLEGAL|G_INT_COPY|G_INT_WEAP|G_INT_ANTH|G_INT_REL|G_SYS_SECADV|G_SYS_POLICY|G_SYS_OVERCONF
SRC-G-0112,General,G_INT_VALUE|G_INT_UNETH|G_SYS_OREF|G_SYS_OEXT|G_SYS_INPUT|G_SYS_MISINFO|G_SYS_CONTEXT|G_SYS_INCONS|G_SYS_CONTEST|G_SYS_TRANS|G_SYS_EVAL|G_SOC_ECON|G_SOC_POWER|G_SOC_DEMOC|G_SOC_ENV|G_SOC_CULT|G_SOC_GOV,NO_CURATED_PRIOR|PREREQUISITE_FILTER:G_INT_VIOL|G_INT_SEX|G_INT_SELF|G_INT_ALLOC|G_INT_REPR|G_INT_POL|G_INT_PRIV|G_INT_ILLEGAL|G_INT_COPY|G_INT_WEAP|G_INT_ANTH|G_INT_REL|G_SYS_SECADV|G_SYS_POLICY|G_SYS_OVERCONF
SRC-G-0113,General,G_INT_VALUE|G_INT_UNETH|G_SYS_OREF|G_SYS_OEXT|G_SYS_INPUT|G_SYS_MISINFO|G_SYS_CONTEXT|G_SYS_INCONS|G_SYS_CONTEST|G_SYS_TRANS|G_SYS_EVAL|G_SOC_ECON|G_SOC_POWER|G_SOC_DEMOC|G_SOC_ENV|G_SOC_CULT|G_SOC_GOV,NO_CURATED_PRIOR|PREREQUISITE_FILTER:G_INT_VIOL|G_INT_SEX|G_INT_SELF|G_INT_ALLOC|G_INT_REPR|G_INT_POL|G_INT_PRIV|G_INT_ILLEGAL|G_INT_COPY|G_INT_WEAP|G_INT_ANTH|G_INT_REL|G_SYS_SECADV|G_SYS_POLICY|G_SYS_OVERCONF
SRC-G-0116,General,G_INT_VALUE|G_INT_UNETH|G_SYS_OREF|G_SYS_OEXT|G_SYS_INPUT|G_SYS_MISINFO|G_SYS_CONTEXT|G_SYS_INCONS|G_SYS_CONTEST|G_SYS_TRANS|G_SYS_EVAL|G_SOC_ECON|G_SOC_POWER|G_SOC_DEMOC|G_SOC_ENV|G_SOC_CULT|G_SOC_GOV,NO_CURATED_PRIOR|PREREQUISITE_FILTER:G_INT_VIOL|G_INT_SEX|G_INT_SELF|G_INT_ALLOC|G_INT_REPR|G_INT_POL|G_INT_PRIV|G_INT_ILLEGAL|G_INT_COPY|G_INT_WEAP|G_INT_ANTH|G_INT_REL|G_SYS_SECADV|G_SYS_POLICY|G_SYS_OVERCONF
SRC-G-0117,General,G_INT_VALUE|G_INT_UNETH|G_INT_ANTH|G_SYS_OREF|G_SYS_OEXT|G_SYS_INPUT|G_SYS_MISINFO|G_SYS_CONTEXT|G_SYS_INCONS|G_SYS_CONTEST|G_SYS_TRANS|G_SYS_EVAL|G_SOC_ECON|G_SOC_POWER|G_SOC_DEMOC|G_SOC_ENV|G_SOC_CULT|G_SOC_GOV,NO_CURATED_PRIOR|PREREQUISITE_FILTER:G_INT_VIOL|G_INT_SEX|G_INT_SELF|G_INT_ALLOC|G_INT_REPR|G_INT_POL|G_INT_PRIV|G_INT_ILLEGAL|G_INT_COPY|G_INT_WEAP|G_INT_REL|G_SYS_SECADV|G_SYS_POLICY|G_SYS_OVERCONF
SRC-G-0118,General,G_INT_VALUE|G_INT_UNETH|G_SYS_OREF|G_SYS_OEXT|G_SYS_INPUT|G_SYS_MISINFO|G_SYS_CONTEXT|G_SYS_INCONS|G_SYS_CONTEST|G_SYS_TRANS|G_SYS_EVAL|G_SOC_ECON|G_SOC_POWER|G_SOC_DEMOC|G_SOC_ENV|G_SOC_CULT|G_SOC_GOV,NO_CURATED_PRIOR|PREREQUISITE_FILTER:G_INT_VIOL|G_INT_SEX|G_INT_SELF|G_INT_ALLOC|G_INT_REPR|G_INT_POL|G_INT_PRIV|G_INT_ILLEGAL|G_INT_COPY|G_INT_WEAP|G_INT_ANTH|G_INT_REL|G_SYS_SECADV|G_SYS_POLICY|G_SYS_OVERCONF
SRC-G-0119,General,G_INT_VALUE|G_INT_UNETH|G_SYS_OREF|G_SYS_OEXT|G_SYS_INPUT|G_SYS_MISINFO|G_SYS_CONTEXT|G_SYS_INCONS|G_SYS_OVERCONF|G_SYS_CONTEST|G_SYS_TRANS|G_SYS_EVAL|G_SOC_ECON|G_SOC_POWER|G_SOC_DEMOC|G_SOC_ENV|G_SOC_CULT|G_SOC_GOV,NO_CURATED_PRIOR|PREREQUISITE_FILTER:G_INT_VIOL|G_INT_SEX|G_INT_SELF|G_INT_ALLOC|G_INT_REPR|G_INT_POL|G_INT_PRIV|G_INT_ILLEGAL|G_INT_COPY|G_INT_WEAP|G_INT_ANTH|G_INT_REL|G_SYS_SECADV|G_SYS_POLICY
SRC-G-0123,General,G_INT_VALUE|G_INT_UNETH|G_SYS_OREF|G_SYS_OEXT|G_SYS_INPUT|G_SYS_MISINFO|G_SYS_CONTEXT|G_SYS_INCONS|G_SYS_CONTEST|G_SYS_TRANS|G_SYS_EVAL|G_SOC_ECON|G_SOC_POWER|G_SOC_DEMOC|G_SOC_ENV|G_SOC_CULT|G_SOC_GOV,NO_CURATED_PRIOR|PREREQUISITE_FILTER:G_INT_VIOL|G_INT_SEX|G_INT_SELF|G_INT_ALLOC|G_INT_REPR|G_INT_POL|G_INT_PRIV|G_INT_ILLEGAL|G_INT_COPY|G_INT_WEAP|G_INT_ANTH|G_INT_REL|G_SYS_SECADV|G_SYS_POLICY|G_SYS_OVERCONF
SRC-G-0125,General,G_INT_VALUE|G_INT_UNETH|G_SYS_OREF|G_SYS_OEXT|G_SYS_INPUT|G_SYS_MISINFO|G_SYS_CONTEXT|G_SYS_INCONS|G_SYS_CONTEST|G_SYS_TRANS|G_SYS_EVAL|G_SOC_ECON|G_SOC_POWER|G_SOC_DEMOC|G_SOC_ENV|G_SOC_CULT|G_SOC_GOV,NO_CURATED_PRIOR|PREREQUISITE_FILTER:G_INT_VIOL|G_INT_SEX|G_INT_SELF|G_INT_ALLOC|G_INT_REPR|G_INT_POL|G_INT_PRIV|G_INT_ILLEGAL|G_INT_COPY|G_INT_WEAP|G_INT_ANTH|G_INT_REL|G_SYS_SECADV|G_SYS_POLICY|G_SYS_OVERCONF
SRC-G-0127,General,G_INT_VALUE|G_INT_UNETH|G_SYS_OREF|G_SYS_OEXT|G_SYS_INPUT|G_SYS_MISINFO|G_SYS_CONTEXT|G_SYS_INCONS|G_SYS_CONTEST|G_SYS_TRANS|G_SYS_EVAL|G_SOC_ECON|G_SOC_POWER|G_SOC_DEMOC|G_SOC_ENV|G_SOC_CULT|G_SOC_GOV,NO_CURATED_PRIOR|PREREQUISITE_FILTER:G_INT_VIOL|G_INT_SEX|G_INT_SELF|G_INT_ALLOC|G_INT_REPR|G_INT_POL|G_INT_PRIV|G_INT_ILLEGAL|G_INT_COPY|G_INT_WEAP|G_INT_ANTH|G_INT_REL|G_SYS_SECADV|G_SYS_POLICY|G_SYS_OVERCONF
SRC-G-0129,General,G_INT_VALUE|G_INT_UNETH|G_SYS_OREF|G_SYS_OEXT|G_SYS_INPUT|G_SYS_MISINFO|G_SYS_CONTEXT|G_SYS_INCONS|G_SYS_CONTEST|G_SYS_TRANS|G_SYS_EVAL|G_SOC_ECON|G_SOC_POWER|G_SOC_DEMOC|G_SOC_ENV|G_SOC_CULT|G_SOC_GOV,NO_CURATED_PRIOR|PREREQUISITE_FILTER:G_INT_VIOL|G_INT_SEX|G_INT_SELF|G_INT_ALLOC|G_INT_REPR|G_INT_POL|G_INT_PRIV|G_INT_ILLEGAL|G_INT_COPY|G_INT_WEAP|G_INT_ANTH|G_INT_REL|G_SYS_SECADV|G_SYS_POLICY|G_SYS_OVERCONF
SRC-G-0130,General,G_INT_VALUE|G_INT_UNETH|G_SYS_OREF|G_SYS_OEXT|G_SYS_INPUT|G_SYS_MISINFO|G_SYS_CONTEXT|G_SYS_INCONS|G_SYS_CONTEST|G_SYS_TRANS|G_SYS_EVAL|G_SOC_ECON|G_SOC_POWER|G_SOC_DEMOC|G_SOC_ENV|G_SOC_CULT|G_SOC_GOV,NO_CURATED_PRIOR|PREREQUISITE_FILTER:G_INT_VIOL|G_INT_SEX|G_INT_SELF|G_INT_ALLOC|G_INT_REPR|G_INT_POL|G_INT_PRIV|G_INT_ILLEGAL|G_INT_COPY|G_INT_WEAP|G_INT_ANTH|G_INT_REL|G_SYS_SECADV|G_SYS_POLICY|G_SYS_OVERCONF
SRC-G-0134,General,G_INT_VALUE|G_INT_UNETH|G_SYS_OREF|G_SYS_OEXT|G_SYS_INPUT|G_SYS_MISINFO|G_SYS_CONTEXT|G_SYS_INCONS|G_SYS_CONTEST|G_SYS_TRANS|G_SYS_EVAL|G_SOC_ECON|G_SOC_POWER|G_SOC_DEMOC|G_SOC_ENV|G_SOC_CULT|G_SOC_GOV,NO_CURATED_PRIOR|PREREQUISITE_FILTER:G_INT_VIOL|G_INT_SEX|G_INT_SELF|G_INT_ALLOC|G_INT_REPR|G_INT_POL|G_INT_PRIV|G_INT_ILLEGAL|G_INT_COPY|G_INT_WEAP|G_INT_ANTH|G_INT_REL|G_SYS_SECADV|G_SYS_POLICY|G_SYS_OVERCONF
SRC-G-0136,General,G_INT_VALUE|G_INT_UNETH|G_SYS_OREF|G_SYS_OEXT|G_SYS_INPUT|G_SYS_MISINFO|G_SYS_CONTEXT|G_SYS_INCONS|G_SYS_CONTEST|G_SYS_TRANS|G_SYS_EVAL|G_SOC_ECON|G_SOC_POWER|G_SOC_DEMOC|G_SOC_ENV|G_SOC_CULT|G_SOC_GOV,NO_CURATED_PRIOR|PREREQUISITE_FILTER:G_INT_VIOL|G_INT_SEX|G_INT_SELF|G_INT_ALLOC|G_INT_REPR|G_INT_POL|G_INT_PRIV|G_INT_ILLEGAL|G_INT_COPY|G_INT_WEAP|G_INT_ANTH|G_INT_REL|G_SYS_SECADV|G_SYS_POLICY|G_SYS_OVERCONF
SRC-G-0137,General,G_INT_VALUE|G_INT_UNETH|G_SYS_OREF|G_SYS_OEXT|G_SYS_INPUT|G_SYS_MISINFO|G_SYS_CONTEXT|G_SYS_INCONS|G_SYS_OVERCONF|G_SYS_CONTEST|G_SYS_TRANS|G_SYS_EVAL|G_SOC_ECON|G_SOC_POWER|G_SOC_DEMOC|G_SOC_ENV|G_SOC_CULT|G_SOC_GOV,NO_CURATED_PRIOR|PREREQUISITE_FILTER:G_INT_VIOL|G_INT_SEX|G_INT_SELF|G_INT_ALLOC|G_INT_REPR|G_INT_POL|G_INT_PRIV|G_INT_ILLEGAL|G_INT_COPY|G_INT_WEAP|G_INT_ANTH|G_INT_REL|G_SYS_SECADV|G_SYS_POLICY
SRC-G-0138,General,G_INT_VALUE|G_INT_UNETH|G_SYS_OREF|G_SYS_OEXT|G_SYS_INPUT|G_SYS_MISINFO|G_SYS_CONTEXT|G_SYS_INCONS|G_SYS_CONTEST|G_SYS_TRANS|G_SYS_EVAL|G_SOC_ECON|G_SOC_POWER|G_SOC_DEMOC|G_SOC_ENV|G_SOC_CULT|G_SOC_GOV,NO_CURATED_PRIOR|PREREQUISITE_FILTER:G_INT_VIOL|G_INT_SEX|G_INT_SELF|G_INT_ALLOC|G_INT_REPR|G_INT_POL|G_INT_PRIV|G_INT_ILLEGAL|G_INT_COPY|G_INT_WEAP|G_INT_ANTH|G_INT_REL|G_SYS_SECADV|G_SYS_POLICY|G_SYS_OVERCONF
SRC-G-0139,General,G_INT_VALUE|G_INT_UNETH|G_SYS_OREF|G_SYS_OEXT|G_SYS_INPUT|G_SYS_MISINFO|G_SYS_CONTEXT|G_SYS_INCONS|G_SYS_CONTEST|G_SYS_TRANS|G_SYS_EVAL|G_SOC_ECON|G_SOC_POWER|G_SOC_DEMOC|G_SOC_ENV|G_SOC_CULT|G_SOC_GOV,NO_CURATED_PRIOR|PREREQUISITE_FILTER:G_INT_VIOL|G_INT_SEX|G_INT_SELF|G_INT_ALLOC|G_INT_REPR|G_INT_POL|G_INT_PRIV|G_INT_ILLEGAL|G_INT_COPY|G_INT_WEAP|G_INT_ANTH|G_INT_REL|G_SYS_SECADV|G_SYS_POLICY|G_SYS_OVERCONF
SRC-G-0140,General,G_INT_VALUE|G_INT_UNETH|G_SYS_OREF|G_SYS_OEXT|G_SYS_INPUT|G_SYS_MISINFO|G_SYS_CONTEXT|G_SYS_INCONS|G_SYS_CONTEST|G_SYS_TRANS|G_SYS_EVAL|G_SOC_ECON|G_SOC_POWER|G_SOC_DEMOC|G_SOC_ENV|G_SOC_CULT|G_SOC_GOV,NO_CURATED_PRIOR|PREREQUISITE_FILTER:G_INT_VIOL|G_INT_SEX|G_INT_SELF|G_INT_ALLOC|G_INT_REPR|G_INT_POL|G_INT_PRIV|G_INT_ILLEGAL|G_INT_COPY|G_INT_WEAP|G_INT_ANTH|G_INT_REL|G_SYS_SECADV|G_SYS_POLICY|G_SYS_OVERCONF
SRC-G-0141,General,G_INT_VALUE|G_INT_UNETH|G_SYS_OREF|G_SYS_OEXT|G_SYS_INPUT|G_SYS_MISINFO|G_SYS_CONTEXT|G_SYS_INCONS|G_SYS_CONTEST|G_SYS_TRANS|G_SYS_EVAL|G_SOC_ECON|G_SOC_POWER|G_SOC_DEMOC|G_SOC_ENV|G_SOC_CULT|G_SOC_GOV,NO_CURATED_PRIOR|PREREQUISITE_FILTER:G_INT_VIOL|G_INT_SEX|G_INT_SELF|G_INT_ALLOC|G_INT_REPR|G_INT_POL|G_INT_PRIV|G_INT_ILLEGAL|G_INT_COPY|G_INT_WEAP|G_INT_ANTH|G_INT_REL|G_SYS_SECADV|G_SYS_POLICY|G_SYS_OVERCONF
SRC-G-0142,General,G_INT_VALUE|G_INT_UNETH|G_SYS_OREF|G_SYS_OEXT|G_SYS_INPUT|G_SYS_MISINFO|G_SYS_CONTEXT|G_SYS_INCONS|G_SYS_CONTEST|G_SYS_TRANS|G_SYS_EVAL|G_SOC_ECON|G_SOC_POWER|G_SOC_DEMOC|G_SOC_ENV|G_SOC_CULT|G_SOC_GOV,NO_CURATED_PRIOR|PREREQUISITE_FILTER:G_INT_VIOL|G_INT_SEX|G_INT_SELF|G_INT_ALLOC|G_INT_REPR|G_INT_POL|G_INT_PRIV|G_INT_ILLEGAL|G_INT_COPY|G_INT_WEAP|G_INT_ANTH|G_INT_REL|G_SYS_SECADV|G_SYS_POLICY|G_SYS_OVERCONF
SRC-G-0143,General,G_INT_VALUE|G_INT_UNETH|G_SYS_OREF|G_SYS_OEXT|G_SYS_INPUT|G_SYS_MISINFO|G_SYS_CONTEXT|G_SYS_INCONS|G_SYS_CONTEST|G_SYS_TRANS|G_SYS_EVAL|G_SOC_ECON|G_SOC_POWER|G_SOC_DEMOC|G_SOC_ENV|G_SOC_CULT|G_SOC_GOV,NO_CURATED_PRIOR|PREREQUISITE_FILTER:G_INT_VIOL|G_INT_SEX|G_INT_SELF|G_INT_ALLOC|G_INT_REPR|G_INT_POL|G_INT_PRIV|G_INT_ILLEGAL|G_INT_COPY|G_INT_WEAP|G_INT_ANTH|G_INT_REL|G_SYS_SECADV|G_SYS_POLICY|G_SYS_OVERCONF
SRC-G-0144,General,G_INT_VALUE|G_INT_UNETH|G_SYS_OREF|G_SYS_OEXT|G_SYS_INPUT|G_SYS_MISINFO|G_SYS_CONTEXT|G_SYS_INCONS|G_SYS_CONTEST|G_SYS_TRANS|G_SYS_EVAL|G_SOC_ECON|G_SOC_POWER|G_SOC_DEMOC|G_SOC_ENV|G_SOC_CULT|G_SOC_GOV,NO_CURATED_PRIOR|PREREQUISITE_FILTER:G_INT_VIOL|G_INT_SEX|G_INT_SELF|G_INT_ALLOC|G_INT_REPR|G_INT_POL|G_INT_PRIV|G_INT_ILLEGAL|G_INT_COPY|G_INT_WEAP|G_INT_ANTH|G_INT_REL|G_SYS_SECADV|G_SYS_POLICY|G_SYS_OVERCONF
SRC-G-0145,General,G_INT_VALUE|G_INT_UNETH|G_SYS_OREF|G_SYS_OEXT|G_SYS_INPUT|G_SYS_MISINFO|G_SYS_CONTEXT|G_SYS_INCONS|G_SYS_CONTEST|G_SYS_TRANS|G_SYS_EVAL|G_SOC_ECON|G_SOC_POWER|G_SOC_DEMOC|G_SOC_ENV|G_SOC_CULT|G_SOC_GOV,NO_CURATED_PRIOR|PREREQUISITE_FILTER:G_INT_VIOL|G_INT_SEX|G_INT_SELF|G_INT_ALLOC|G_INT_REPR|G_INT_POL|G_INT_PRIV|G_INT_ILLEGAL|G_INT_COPY|G_INT_WEAP|G_INT_ANTH|G_INT_REL|G_SYS_SECADV|G_SYS_POLICY|G_SYS_OVERCONF
SRC-G-0146,General,G_INT_VALUE|G_INT_UNETH|G_SYS_OREF|G_SYS_OEXT|G_SYS_INPUT|G_SYS_MISINFO|G_SYS_CONTEXT|G_SYS_INCONS|G_SYS_CONTEST|G_SYS_TRANS|G_SYS_EVAL|G_SOC_ECON|G_SOC_POWER|G_SOC_DEMOC|G_SOC_ENV|G_SOC_CULT|G_SOC_GOV,NO_CURATED_PRIOR|PREREQUISITE_FILTER:G_INT_VIOL|G_INT_SEX|G_INT_SELF|G_INT_ALLOC|G_INT_REPR|G_INT_POL|G_INT_PRIV|G_INT_ILLEGAL|G_INT_COPY|G_INT_WEAP|G_INT_ANTH|G_INT_REL|G_SYS_SECADV|G_SYS_POLICY|G_SYS_OVERCONF
SRC-G-0147,General,G_INT_VALUE|G_INT_POL|G_INT_UNETH|G_SYS_OREF|G_SYS_OEXT|G_SYS_INPUT|G_SYS_MISINFO|G_SYS_CONTEXT|G_SYS_INCONS|G_SYS_CONTEST|G_SYS_TRANS|G_SYS_EVAL|G_SOC_ECON|G_SOC_POWER|G_SOC_DEMOC|G_SOC_ENV|G_SOC_CULT|G_SOC_GOV,CURATED_SOURCE_MECHANISM_PRIOR:G_SYS_OEXT|PREREQUISITE_FILTER:G_INT_VIOL|G_INT_SEX|G_INT_SELF|G_INT_ALLOC|G_INT_REPR|G_INT_PRIV|G_INT_ILLEGAL|G_INT_COPY|G_INT_WEAP|G_INT_ANTH|G_INT_REL|G_SYS_SECADV|G_SYS_POLICY|G_SYS_OVERCONF
SRC-G-0148,General,G_INT_VALUE|G_INT_UNETH|G_INT_ANTH|G_SYS_OREF|G_SYS_OEXT|G_SYS_INPUT|G_SYS_MISINFO|G_SYS_CONTEXT|G_SYS_INCONS|G_SYS_CONTEST|G_SYS_TRANS|G_SYS_EVAL|G_SOC_ECON|G_SOC_POWER|G_SOC_DEMOC|G_SOC_ENV|G_SOC_CULT|G_SOC_GOV,CURATED_SOURCE_MECHANISM_PRIOR:G_SYS_CONTEXT|PREREQUISITE_FILTER:G_INT_VIOL|G_INT_SEX|G_INT_SELF|G_INT_ALLOC|G_INT_REPR|G_INT_POL|G_INT_PRIV|G_INT_ILLEGAL|G_INT_COPY|G_INT_WEAP|G_INT_REL|G_SYS_SECADV|G_SYS_POLICY|G_SYS_OVERCONF
SRC-G-0149,General,G_INT_VALUE|G_INT_UNETH|G_SYS_OREF|G_SYS_OEXT|G_SYS_INPUT|G_SYS_MISINFO|G_SYS_CONTEXT|G_SYS_INCONS|G_SYS_CONTEST|G_SYS_TRANS|G_SYS_EVAL|G_SOC_ECON|G_SOC_POWER|G_SOC_DEMOC|G_SOC_ENV|G_SOC_CULT|G_SOC_GOV,NO_CURATED_PRIOR|PREREQUISITE_FILTER:G_INT_VIOL|G_INT_SEX|G_INT_SELF|G_INT_ALLOC|G_INT_REPR|G_INT_POL|G_INT_PRIV|G_INT_ILLEGAL|G_INT_COPY|G_INT_WEAP|G_INT_ANTH|G_INT_REL|G_SYS_SECADV|G_SYS_POLICY|G_SYS_OVERCONF
SRC-G-0151,General,G_INT_VALUE|G_INT_UNETH|G_SYS_OREF|G_SYS_OEXT|G_SYS_INPUT|G_SYS_MISINFO|G_SYS_CONTEXT|G_SYS_INCONS|G_SYS_CONTEST|G_SYS_TRANS|G_SYS_EVAL|G_SOC_ECON|G_SOC_POWER|G_SOC_DEMOC|G_SOC_ENV|G_SOC_CULT|G_SOC_GOV,NO_CURATED_PRIOR|PREREQUISITE_FILTER:G_INT_VIOL|G_INT_SEX|G_INT_SELF|G_INT_ALLOC|G_INT_REPR|G_INT_POL|G_INT_PRIV|G_INT_ILLEGAL|G_INT_COPY|G_INT_WEAP|G_INT_ANTH|G_INT_REL|G_SYS_SECADV|G_SYS_POLICY|G_SYS_OVERCONF
SRC-G-0152,General,G_INT_VALUE|G_INT_PRIV|G_INT_UNETH|G_SYS_OREF|G_SYS_OEXT|G_SYS_INPUT|G_SYS_MISINFO|G_SYS_CONTEXT|G_SYS_INCONS|G_SYS_CONTEST|G_SYS_TRANS|G_SYS_EVAL|G_SOC_ECON|G_SOC_POWER|G_SOC_DEMOC|G_SOC_ENV|G_SOC_CULT|G_SOC_GOV,NO_CURATED_PRIOR|PREREQUISITE_FILTER:G_INT_VIOL|G_INT_SEX|G_INT_SELF|G_INT_ALLOC|G_INT_REPR|G_INT_POL|G_INT_ILLEGAL|G_INT_COPY|G_INT_WEAP|G_INT_ANTH|G_INT_REL|G_SYS_SECADV|G_SYS_POLICY|G_SYS_OVERCONF
SRC-G-0153,General,G_INT_VALUE|G_INT_UNETH|G_SYS_OREF|G_SYS_OEXT|G_SYS_INPUT|G_SYS_MISINFO|G_SYS_CONTEXT|G_SYS_INCONS|G_SYS_CONTEST|G_SYS_TRANS|G_SYS_EVAL|G_SOC_ECON|G_SOC_POWER|G_SOC_DEMOC|G_SOC_ENV|G_SOC_CULT|G_SOC_GOV,NO_CURATED_PRIOR|PREREQUISITE_FILTER:G_INT_VIOL|G_INT_SEX|G_INT_SELF|G_INT_ALLOC|G_INT_REPR|G_INT_POL|G_INT_PRIV|G_INT_ILLEGAL|G_INT_COPY|G_INT_WEAP|G_INT_ANTH|G_INT_REL|G_SYS_SECADV|G_SYS_POLICY|G_SYS_OVERCONF
SRC-G-0154,General,G_INT_VALUE|G_INT_UNETH|G_SYS_OREF|G_SYS_OEXT|G_SYS_INPUT|G_SYS_MISINFO|G_SYS_CONTEXT|G_SYS_INCONS|G_SYS_CONTEST|G_SYS_TRANS|G_SYS_EVAL|G_SOC_ECON|G_SOC_POWER|G_SOC_DEMOC|G_SOC_ENV|G_SOC_CULT|G_SOC_GOV,NO_CURATED_PRIOR|PREREQUISITE_FILTER:G_INT_VIOL|G_INT_SEX|G_INT_SELF|G_INT_ALLOC|G_INT_REPR|G_INT_POL|G_INT_PRIV|G_INT_ILLEGAL|G_INT_COPY|G_INT_WEAP|G_INT_ANTH|G_INT_REL|G_SYS_SECADV|G_SYS_POLICY|G_SYS_OVERCONF
SRC-G-0155,General,G_INT_VALUE|G_INT_UNETH|G_SYS_OREF|G_SYS_OEXT|G_SYS_INPUT|G_SYS_MISINFO|G_SYS_CONTEXT|G_SYS_INCONS|G_SYS_CONTEST|G_SYS_TRANS|G_SYS_EVAL|G_SOC_ECON|G_SOC_POWER|G_SOC_DEMOC|G_SOC_ENV|G_SOC_CULT|G_SOC_GOV,NO_CURATED_PRIOR|PREREQUISITE_FILTER:G_INT_VIOL|G_INT_SEX|G_INT_SELF|G_INT_ALLOC|G_INT_REPR|G_INT_POL|G_INT_PRIV|G_INT_ILLEGAL|G_INT_COPY|G_INT_WEAP|G_INT_ANTH|G_INT_REL|G_SYS_SECADV|G_SYS_POLICY|G_SYS_OVERCONF
SRC-G-0156,General,G_INT_VALUE|G_INT_UNETH|G_SYS_OREF|G_SYS_OEXT|G_SYS_INPUT|G_SYS_MISINFO|G_SYS_CONTEXT|G_SYS_INCONS|G_SYS_CONTEST|G_SYS_TRANS|G_SYS_EVAL|G_SOC_ECON|G_SOC_POWER|G_SOC_DEMOC|G_SOC_ENV|G_SOC_CULT|G_SOC_GOV,NO_CURATED_PRIOR|PREREQUISITE_FILTER:G_INT_VIOL|G_INT_SEX|G_INT_SELF|G_INT_ALLOC|G_INT_REPR|G_INT_POL|G_INT_PRIV|G_INT_ILLEGAL|G_INT_COPY|G_INT_WEAP|G_INT_ANTH|G_INT_REL|G_SYS_SECADV|G_SYS_POLICY|G_SYS_OVERCONF
SRC-G-0157,General,G_INT_VALUE|G_INT_UNETH|G_SYS_OREF|G_SYS_OEXT|G_SYS_INPUT|G_SYS_MISINFO|G_SYS_CONTEXT|G_SYS_INCONS|G_SYS_CONTEST|G_SYS_SECADV|G_SYS_POLICY|G_SYS_TRANS|G_SYS_EVAL|G_SOC_ECON|G_SOC_POWER|G_SOC_DEMOC|G_SOC_ENV|G_SOC_CULT|G_SOC_GOV,NO_CURATED_PRIOR|PREREQUISITE_FILTER:G_INT_VIOL|G_INT_SEX|G_INT_SELF|G_INT_ALLOC|G_INT_REPR|G_INT_POL|G_INT_PRIV|G_INT_ILLEGAL|G_INT_COPY|G_INT_WEAP|G_INT_ANTH|G_INT_REL|G_SYS_OVERCONF
SRC-G-0158,General,G_INT_VALUE|G_INT_UNETH|G_SYS_OREF|G_SYS_OEXT|G_SYS_INPUT|G_SYS_MISINFO|G_SYS_CONTEXT|G_SYS_INCONS|G_SYS_CONTEST|G_SYS_TRANS|G_SYS_EVAL|G_SOC_ECON|G_SOC_POWER|G_SOC_DEMOC|G_SOC_ENV|G_SOC_CULT|G_SOC_GOV,NO_CURATED_PRIOR|PREREQUISITE_FILTER:G_INT_VIOL|G_INT_SEX|G_INT_SELF|G_INT_ALLOC|G_INT_REPR|G_INT_POL|G_INT_PRIV|G_INT_ILLEGAL|G_INT_COPY|G_INT_WEAP|G_INT_ANTH|G_INT_REL|G_SYS_SECADV|G_SYS_POLICY|G_SYS_OVERCONF
SRC-G-0159,General,G_INT_VALUE|G_INT_UNETH|G_SYS_OREF|G_SYS_OEXT|G_SYS_INPUT|G_SYS_MISINFO|G_SYS_CONTEXT|G_SYS_INCONS|G_SYS_CONTEST|G_SYS_TRANS|G_SYS_EVAL|G_SOC_ECON|G_SOC_POWER|G_SOC_DEMOC|G_SOC_ENV|G_SOC_CULT|G_SOC_GOV,NO_CURATED_PRIOR|PREREQUISITE_FILTER:G_INT_VIOL|G_INT_SEX|G_INT_SELF|G_INT_ALLOC|G_INT_REPR|G_INT_POL|G_INT_PRIV|G_INT_ILLEGAL|G_INT_COPY|G_INT_WEAP|G_INT_ANTH|G_INT_REL|G_SYS_SECADV|G_SYS_POLICY|G_SYS_OVERCONF
SRC-G-0160,General,G_INT_VALUE|G_INT_UNETH|G_INT_ANTH|G_SYS_OREF|G_SYS_OEXT|G_SYS_INPUT|G_SYS_MISINFO|G_SYS_CONTEXT|G_SYS_INCONS|G_SYS_CONTEST|G_SYS_TRANS|G_SYS_EVAL|G_SOC_ECON|G_SOC_POWER|G_SOC_DEMOC|G_SOC_ENV|G_SOC_CULT|G_SOC_GOV,NO_CURATED_PRIOR|PREREQUISITE_FILTER:G_INT_VIOL|G_INT_SEX|G_INT_SELF|G_INT_ALLOC|G_INT_REPR|G_INT_POL|G_INT_PRIV|G_INT_ILLEGAL|G_INT_COPY|G_INT_WEAP|G_INT_REL|G_SYS_SECADV|G_SYS_POLICY|G_SYS_OVERCONF
SRC-G-0161,General,G_INT_VALUE|G_INT_UNETH|G_SYS_OREF|G_SYS_OEXT|G_SYS_INPUT|G_SYS_MISINFO|G_SYS_CONTEXT|G_SYS_INCONS|G_SYS_CONTEST|G_SYS_TRANS|G_SYS_EVAL|G_SOC_ECON|G_SOC_POWER|G_SOC_DEMOC|G_SOC_ENV|G_SOC_CULT|G_SOC_GOV,NO_CURATED_PRIOR|PREREQUISITE_FILTER:G_INT_VIOL|G_INT_SEX|G_INT_SELF|G_INT_ALLOC|G_INT_REPR|G_INT_POL|G_INT_PRIV|G_INT_ILLEGAL|G_INT_COPY|G_INT_WEAP|G_INT_ANTH|G_INT_REL|G_SYS_SECADV|G_SYS_POLICY|G_SYS_OVERCONF
SRC-G-0162,General,G_INT_VALUE|G_INT_UNETH|G_SYS_OREF|G_SYS_OEXT|G_SYS_INPUT|G_SYS_MISINFO|G_SYS_CONTEXT|G_SYS_INCONS|G_SYS_OVERCONF|G_SYS_CONTEST|G_SYS_TRANS|G_SYS_EVAL|G_SOC_ECON|G_SOC_POWER|G_SOC_DEMOC|G_SOC_ENV|G_SOC_CULT|G_SOC_GOV,NO_CURATED_PRIOR|PREREQUISITE_FILTER:G_INT_VIOL|G_INT_SEX|G_INT_SELF|G_INT_ALLOC|G_INT_REPR|G_INT_POL|G_INT_PRIV|G_INT_ILLEGAL|G_INT_COPY|G_INT_WEAP|G_INT_ANTH|G_INT_REL|G_SYS_SECADV|G_SYS_POLICY
SRC-G-0163,General,G_INT_VALUE|G_INT_UNETH|G_SYS_OREF|G_SYS_OEXT|G_SYS_INPUT|G_SYS_MISINFO|G_SYS_CONTEXT|G_SYS_INCONS|G_SYS_CONTEST|G_SYS_POLICY|G_SYS_TRANS|G_SYS_EVAL|G_SOC_ECON|G_SOC_POWER|G_SOC_DEMOC|G_SOC_ENV|G_SOC_CULT|G_SOC_GOV,NO_CURATED_PRIOR|PREREQUISITE_FILTER:G_INT_VIOL|G_INT_SEX|G_INT_SELF|G_INT_ALLOC|G_INT_REPR|G_INT_POL|G_INT_PRIV|G_INT_ILLEGAL|G_INT_COPY|G_INT_WEAP|G_INT_ANTH|G_INT_REL|G_SYS_SECADV|G_SYS_OVERCONF
SRC-G-0164,General,G_INT_VALUE|G_INT_UNETH|G_SYS_OREF|G_SYS_OEXT|G_SYS_INPUT|G_SYS_MISINFO|G_SYS_CONTEXT|G_SYS_INCONS|G_SYS_CONTEST|G_SYS_TRANS|G_SYS_EVAL|G_SOC_ECON|G_SOC_POWER|G_SOC_DEMOC|G_SOC_ENV|G_SOC_CULT|G_SOC_GOV,NO_CURATED_PRIOR|PREREQUISITE_FILTER:G_INT_VIOL|G_INT_SEX|G_INT_SELF|G_INT_ALLOC|G_INT_REPR|G_INT_POL|G_INT_PRIV|G_INT_ILLEGAL|G_INT_COPY|G_INT_WEAP|G_INT_ANTH|G_INT_REL|G_SYS_SECADV|G_SYS_POLICY|G_SYS_OVERCONF
SRC-G-0165,General,G_INT_VALUE|G_INT_UNETH|G_SYS_OREF|G_SYS_OEXT|G_SYS_INPUT|G_SYS_MISINFO|G_SYS_CONTEXT|G_SYS_INCONS|G_SYS_CONTEST|G_SYS_TRANS|G_SYS_EVAL|G_SOC_ECON|G_SOC_POWER|G_SOC_DEMOC|G_SOC_ENV|G_SOC_CULT|G_SOC_GOV,NO_CURATED_PRIOR|PREREQUISITE_FILTER:G_INT_VIOL|G_INT_SEX|G_INT_SELF|G_INT_ALLOC|G_INT_REPR|G_INT_POL|G_INT_PRIV|G_INT_ILLEGAL|G_INT_COPY|G_INT_WEAP|G_INT_ANTH|G_INT_REL|G_SYS_SECADV|G_SYS_POLICY|G_SYS_OVERCONF
SRC-G-0166,General,G_INT_VALUE|G_INT_UNETH|G_SYS_OREF|G_SYS_OEXT|G_SYS_INPUT|G_SYS_MISINFO|G_SYS_CONTEXT|G_SYS_INCONS|G_SYS_CONTEST|G_SYS_TRANS|G_SYS_EVAL|G_SOC_ECON|G_SOC_POWER|G_SOC_DEMOC|G_SOC_ENV|G_SOC_CULT|G_SOC_GOV,NO_CURATED_PRIOR|PREREQUISITE_FILTER:G_INT_VIOL|G_INT_SEX|G_INT_SELF|G_INT_ALLOC|G_INT_REPR|G_INT_POL|G_INT_PRIV|G_INT_ILLEGAL|G_INT_COPY|G_INT_WEAP|G_INT_ANTH|G_INT_REL|G_SYS_SECADV|G_SYS_POLICY|G_SYS_OVERCONF
SRC-G-0167,General,G_INT_ALLOC|G_INT_VALUE|G_INT_UNETH|G_SYS_OREF|G_SYS_OEXT|G_SYS_INPUT|G_SYS_MISINFO|G_SYS_CONTEXT|G_SYS_INCONS|G_SYS_CONTEST|G_SYS_TRANS|G_SYS_EVAL|G_SOC_ECON|G_SOC_POWER|G_SOC_DEMOC|G_SOC_ENV|G_SOC_CULT|G_SOC_GOV,NO_CURATED_PRIOR|PREREQUISITE_FILTER:G_INT_VIOL|G_INT_SEX|G_INT_SELF|G_INT_REPR|G_INT_POL|G_INT_PRIV|G_INT_ILLEGAL|G_INT_COPY|G_INT_WEAP|G_INT_ANTH|G_INT_REL|G_SYS_SECADV|G_SYS_POLICY|G_SYS_OVERCONF
SRC-G-0168,General,G_INT_VALUE|G_INT_PRIV|G_INT_UNETH|G_INT_WEAP|G_SYS_OREF|G_SYS_OEXT|G_SYS_INPUT|G_SYS_MISINFO|G_SYS_CONTEXT|G_SYS_INCONS|G_SYS_CONTEST|G_SYS_TRANS|G_SYS_EVAL|G_SOC_ECON|G_SOC_POWER|G_SOC_DEMOC|G_SOC_ENV|G_SOC_CULT|G_SOC_GOV,NO_CURATED_PRIOR|PREREQUISITE_FILTER:G_INT_VIOL|G_INT_SEX|G_INT_SELF|G_INT_ALLOC|G_INT_REPR|G_INT_POL|G_INT_ILLEGAL|G_INT_COPY|G_INT_ANTH|G_INT_REL|G_SYS_SECADV|G_SYS_POLICY|G_SYS_OVERCONF
SRC-G-0169,General,G_INT_VALUE|G_INT_UNETH|G_INT_COPY|G_SYS_OREF|G_SYS_OEXT|G_SYS_INPUT|G_SYS_MISINFO|G_SYS_CONTEXT|G_SYS_INCONS|G_SYS_CONTEST|G_SYS_TRANS|G_SYS_EVAL|G_SOC_ECON|G_SOC_POWER|G_SOC_DEMOC|G_SOC_ENV|G_SOC_CULT|G_SOC_GOV,NO_CURATED_PRIOR|PREREQUISITE_FILTER:G_INT_VIOL|G_INT_SEX|G_INT_SELF|G_INT_ALLOC|G_INT_REPR|G_INT_POL|G_INT_PRIV|G_INT_ILLEGAL|G_INT_WEAP|G_INT_ANTH|G_INT_REL|G_SYS_SECADV|G_SYS_POLICY|G_SYS_OVERCONF
SRC-G-0170,General,G_INT_VALUE|G_INT_UNETH|G_SYS_OREF|G_SYS_OEXT|G_SYS_INPUT|G_SYS_MISINFO|G_SYS_CONTEXT|G_SYS_INCONS|G_SYS_CONTEST|G_SYS_TRANS|G_SYS_EVAL|G_SOC_ECON|G_SOC_POWER|G_SOC_DEMOC|G_SOC_ENV|G_SOC_CULT|G_SOC_GOV,NO_CURATED_PRIOR|PREREQUISITE_FILTER:G_INT_VIOL|G_INT_SEX|G_INT_SELF|G_INT_ALLOC|G_INT_REPR|G_INT_POL|G_INT_PRIV|G_INT_ILLEGAL|G_INT_COPY|G_INT_WEAP|G_INT_ANTH|G_INT_REL|G_SYS_SECADV|G_SYS_POLICY|G_SYS_OVERCONF
SRC-G-0171,General,G_INT_VALUE|G_INT_UNETH|G_SYS_OREF|G_SYS_OEXT|G_SYS_INPUT|G_SYS_MISINFO|G_SYS_CONTEXT|G_SYS_INCONS|G_SYS_CONTEST|G_SYS_TRANS|G_SYS_EVAL|G_SOC_ECON|G_SOC_POWER|G_SOC_DEMOC|G_SOC_ENV|G_SOC_CULT|G_SOC_GOV,NO_CURATED_PRIOR|PREREQUISITE_FILTER:G_INT_VIOL|G_INT_SEX|G_INT_SELF|G_INT_ALLOC|G_INT_REPR|G_INT_POL|G_INT_PRIV|G_INT_ILLEGAL|G_INT_COPY|G_INT_WEAP|G_INT_ANTH|G_INT_REL|G_SYS_SECADV|G_SYS_POLICY|G_SYS_OVERCONF
SRC-G-0172,General,G_INT_VALUE|G_INT_UNETH|G_SYS_OREF|G_SYS_OEXT|G_SYS_INPUT|G_SYS_MISINFO|G_SYS_CONTEXT|G_SYS_INCONS|G_SYS_CONTEST|G_SYS_TRANS|G_SYS_EVAL|G_SOC_ECON|G_SOC_POWER|G_SOC_DEMOC|G_SOC_ENV|G_SOC_CULT|G_SOC_GOV,NO_CURATED_PRIOR|PREREQUISITE_FILTER:G_INT_VIOL|G_INT_SEX|G_INT_SELF|G_INT_ALLOC|G_INT_REPR|G_INT_POL|G_INT_PRIV|G_INT_ILLEGAL|G_INT_COPY|G_INT_WEAP|G_INT_ANTH|G_INT_REL|G_SYS_SECADV|G_SYS_POLICY|G_SYS_OVERCONF
SRC-G-0174,General,G_INT_VALUE|G_INT_UNETH|G_SYS_OREF|G_SYS_OEXT|G_SYS_INPUT|G_SYS_MISINFO|G_SYS_CONTEXT|G_SYS_INCONS|G_SYS_CONTEST|G_SYS_TRANS|G_SYS_EVAL|G_SOC_ECON|G_SOC_POWER|G_SOC_DEMOC|G_SOC_ENV|G_SOC_CULT|G_SOC_GOV,NO_CURATED_PRIOR|PREREQUISITE_FILTER:G_INT_VIOL|G_INT_SEX|G_INT_SELF|G_INT_ALLOC|G_INT_REPR|G_INT_POL|G_INT_PRIV|G_INT_ILLEGAL|G_INT_COPY|G_INT_WEAP|G_INT_ANTH|G_INT_REL|G_SYS_SECADV|G_SYS_POLICY|G_SYS_OVERCONF
SRC-G-0175,General,G_INT_ALLOC|G_INT_REPR|G_INT_VALUE|G_INT_POL|G_INT_UNETH|G_SYS_OREF|G_SYS_OEXT|G_SYS_INPUT|G_SYS_MISINFO|G_SYS_CONTEXT|G_SYS_INCONS|G_SYS_CONTEST|G_SYS_POLICY|G_SYS_TRANS|G_SYS_EVAL|G_SOC_ECON|G_SOC_POWER|G_SOC_DEMOC|G_SOC_ENV|G_SOC_CULT|G_SOC_GOV,NO_CURATED_PRIOR|PREREQUISITE_FILTER:G_INT_VIOL|G_INT_SEX|G_INT_SELF|G_INT_PRIV|G_INT_ILLEGAL|G_INT_COPY|G_INT_WEAP|G_INT_ANTH|G_INT_REL|G_SYS_SECADV|G_SYS_OVERCONF
SRC-G-0176,General,G_INT_VALUE|G_INT_UNETH|G_SYS_OREF|G_SYS_OEXT|G_SYS_INPUT|G_SYS_MISINFO|G_SYS_CONTEXT|G_SYS_INCONS|G_SYS_CONTEST|G_SYS_POLICY|G_SYS_TRANS|G_SYS_EVAL|G_SOC_ECON|G_SOC_POWER|G_SOC_DEMOC|G_SOC_ENV|G_SOC_CULT|G_SOC_GOV,NO_CURATED_PRIOR|PREREQUISITE_FILTER:G_INT_VIOL|G_INT_SEX|G_INT_SELF|G_INT_ALLOC|G_INT_REPR|G_INT_POL|G_INT_PRIV|G_INT_ILLEGAL|G_INT_COPY|G_INT_WEAP|G_INT_ANTH|G_INT_REL|G_SYS_SECADV|G_SYS_OVERCONF
SRC-G-0178,General,G_INT_VALUE|G_INT_UNETH|G_SYS_OREF|G_SYS_OEXT|G_SYS_INPUT|G_SYS_MISINFO|G_SYS_CONTEXT|G_SYS_INCONS|G_SYS_CONTEST|G_SYS_TRANS|G_SYS_EVAL|G_SOC_ECON|G_SOC_POWER|G_SOC_DEMOC|G_SOC_ENV|G_SOC_CULT|G_SOC_GOV,NO_CURATED_PRIOR|PREREQUISITE_FILTER:G_INT_VIOL|G_INT_SEX|G_INT_SELF|G_INT_ALLOC|G_INT_REPR|G_INT_POL|G_INT_PRIV|G_INT_ILLEGAL|G_INT_COPY|G_INT_WEAP|G_INT_ANTH|G_INT_REL|G_SYS_SECADV|G_SYS_POLICY|G_SYS_OVERCONF
SRC-G-0179,General,G_INT_VALUE|G_INT_UNETH|G_SYS_OREF|G_SYS_OEXT|G_SYS_INPUT|G_SYS_MISINFO|G_SYS_CONTEXT|G_SYS_INCONS|G_SYS_CONTEST|G_SYS_TRANS|G_SYS_EVAL|G_SOC_ECON|G_SOC_POWER|G_SOC_DEMOC|G_SOC_ENV|G_SOC_CULT|G_SOC_GOV,NO_CURATED_PRIOR|PREREQUISITE_FILTER:G_INT_VIOL|G_INT_SEX|G_INT_SELF|G_INT_ALLOC|G_INT_REPR|G_INT_POL|G_INT_PRIV|G_INT_ILLEGAL|G_INT_COPY|G_INT_WEAP|G_INT_ANTH|G_INT_REL|G_SYS_SECADV|G_SYS_POLICY|G_SYS_OVERCONF
SRC-G-0180,General,G_INT_ALLOC|G_INT_VALUE|G_INT_UNETH|G_SYS_OREF|G_SYS_OEXT|G_SYS_INPUT|G_SYS_MISINFO|G_SYS_CONTEXT|G_SYS_INCONS|G_SYS_CONTEST|G_SYS_POLICY|G_SYS_TRANS|G_SYS_EVAL|G_SOC_ECON|G_SOC_POWER|G_SOC_DEMOC|G_SOC_ENV|G_SOC_CULT|G_SOC_GOV,NO_CURATED_PRIOR|PREREQUISITE_FILTER:G_INT_VIOL|G_INT_SEX|G_INT_SELF|G_INT_REPR|G_INT_POL|G_INT_PRIV|G_INT_ILLEGAL|G_INT_COPY|G_INT_WEAP|G_INT_ANTH|G_INT_REL|G_SYS_SECADV|G_SYS_OVERCONF
SRC-G-0181,General,G_INT_VALUE|G_INT_UNETH|G_SYS_OREF|G_SYS_OEXT|G_SYS_INPUT|G_SYS_MISINFO|G_SYS_CONTEXT|G_SYS_INCONS|G_SYS_CONTEST|G_SYS_TRANS|G_SYS_EVAL|G_SOC_ECON|G_SOC_POWER|G_SOC_DEMOC|G_SOC_ENV|G_SOC_CULT|G_SOC_GOV,NO_CURATED_PRIOR|PREREQUISITE_FILTER:G_INT_VIOL|G_INT_SEX|G_INT_SELF|G_INT_ALLOC|G_INT_REPR|G_INT_POL|G_INT_PRIV|G_INT_ILLEGAL|G_INT_COPY|G_INT_WEAP|G_INT_ANTH|G_INT_REL|G_SYS_SECADV|G_SYS_POLICY|G_SYS_OVERCONF
SRC-G-0182,General,G_INT_VALUE|G_INT_UNETH|G_SYS_OREF|G_SYS_OEXT|G_SYS_INPUT|G_SYS_MISINFO|G_SYS_CONTEXT|G_SYS_INCONS|G_SYS_CONTEST|G_SYS_TRANS|G_SYS_EVAL|G_SOC_ECON|G_SOC_POWER|G_SOC_DEMOC|G_SOC_ENV|G_SOC_CULT|G_SOC_GOV,NO_CURATED_PRIOR|PREREQUISITE_FILTER:G_INT_VIOL|G_INT_SEX|G_INT_SELF|G_INT_ALLOC|G_INT_REPR|G_INT_POL|G_INT_PRIV|G_INT_ILLEGAL|G_INT_COPY|G_INT_WEAP|G_INT_ANTH|G_INT_REL|G_SYS_SECADV|G_SYS_POLICY|G_SYS_OVERCONF
SRC-G-0183,General,G_INT_VALUE|G_INT_UNETH|G_SYS_OREF|G_SYS_OEXT|G_SYS_INPUT|G_SYS_MISINFO|G_SYS_CONTEXT|G_SYS_INCONS|G_SYS_CONTEST|G_SYS_TRANS|G_SYS_EVAL|G_SOC_ECON|G_SOC_POWER|G_SOC_DEMOC|G_SOC_ENV|G_SOC_CULT|G_SOC_GOV,NO_CURATED_PRIOR|PREREQUISITE_FILTER:G_INT_VIOL|G_INT_SEX|G_INT_SELF|G_INT_ALLOC|G_INT_REPR|G_INT_POL|G_INT_PRIV|G_INT_ILLEGAL|G_INT_COPY|G_INT_WEAP|G_INT_ANTH|G_INT_REL|G_SYS_SECADV|G_SYS_POLICY|G_SYS_OVERCONF
SRC-G-0184,General,G_INT_VALUE|G_INT_POL|G_INT_UNETH|G_SYS_OREF|G_SYS_OEXT|G_SYS_INPUT|G_SYS_MISINFO|G_SYS_CONTEXT|G_SYS_INCONS|G_SYS_CONTEST|G_SYS_TRANS|G_SYS_EVAL|G_SOC_ECON|G_SOC_POWER|G_SOC_DEMOC|G_SOC_ENV|G_SOC_CULT|G_SOC_GOV,NO_CURATED_PRIOR|PREREQUISITE_FILTER:G_INT_VIOL|G_INT_SEX|G_INT_SELF|G_INT_ALLOC|G_INT_REPR|G_INT_PRIV|G_INT_ILLEGAL|G_INT_COPY|G_INT_WEAP|G_INT_ANTH|G_INT_REL|G_SYS_SECADV|G_SYS_POLICY|G_SYS_OVERCONF
SRC-G-0185,General,G_INT_VALUE|G_INT_UNETH|G_SYS_OREF|G_SYS_OEXT|G_SYS_INPUT|G_SYS_MISINFO|G_SYS_CONTEXT|G_SYS_INCONS|G_SYS_CONTEST|G_SYS_TRANS|G_SYS_EVAL|G_SOC_ECON|G_SOC_POWER|G_SOC_DEMOC|G_SOC_ENV|G_SOC_CULT|G_SOC_GOV,NO_CURATED_PRIOR|PREREQUISITE_FILTER:G_INT_VIOL|G_INT_SEX|G_INT_SELF|G_INT_ALLOC|G_INT_REPR|G_INT_POL|G_INT_PRIV|G_INT_ILLEGAL|G_INT_COPY|G_INT_WEAP|G_INT_ANTH|G_INT_REL|G_SYS_SECADV|G_SYS_POLICY|G_SYS_OVERCONF
SRC-G-0186,General,G_INT_VALUE|G_INT_UNETH|G_SYS_OREF|G_SYS_OEXT|G_SYS_INPUT|G_SYS_MISINFO|G_SYS_CONTEXT|G_SYS_INCONS|G_SYS_CONTEST|G_SYS_POLICY|G_SYS_TRANS|G_SYS_EVAL|G_SOC_ECON|G_SOC_POWER|G_SOC_DEMOC|G_SOC_ENV|G_SOC_CULT|G_SOC_GOV,NO_CURATED_PRIOR|PREREQUISITE_FILTER:G_INT_VIOL|G_INT_SEX|G_INT_SELF|G_INT_ALLOC|G_INT_REPR|G_INT_POL|G_INT_PRIV|G_INT_ILLEGAL|G_INT_COPY|G_INT_WEAP|G_INT_ANTH|G_INT_REL|G_SYS_SECADV|G_SYS_OVERCONF
SRC-G-0187,General,G_INT_VALUE|G_INT_UNETH|G_SYS_OREF|G_SYS_OEXT|G_SYS_INPUT|G_SYS_MISINFO|G_SYS_CONTEXT|G_SYS_INCONS|G_SYS_CONTEST|G_SYS_POLICY|G_SYS_TRANS|G_SYS_EVAL|G_SOC_ECON|G_SOC_POWER|G_SOC_DEMOC|G_SOC_ENV|G_SOC_CULT|G_SOC_GOV,NO_CURATED_PRIOR|PREREQUISITE_FILTER:G_INT_VIOL|G_INT_SEX|G_INT_SELF|G_INT_ALLOC|G_INT_REPR|G_INT_POL|G_INT_PRIV|G_INT_ILLEGAL|G_INT_COPY|G_INT_WEAP|G_INT_ANTH|G_INT_REL|G_SYS_SECADV|G_SYS_OVERCONF
SRC-G-0188,General,G_INT_VALUE|G_INT_UNETH|G_SYS_OREF|G_SYS_OEXT|G_SYS_INPUT|G_SYS_MISINFO|G_SYS_CONTEXT|G_SYS_INCONS|G_SYS_CONTEST|G_SYS_TRANS|G_SYS_EVAL|G_SOC_ECON|G_SOC_POWER|G_SOC_DEMOC|G_SOC_ENV|G_SOC_CULT|G_SOC_GOV,NO_CURATED_PRIOR|PREREQUISITE_FILTER:G_INT_VIOL|G_INT_SEX|G_INT_SELF|G_INT_ALLOC|G_INT_REPR|G_INT_POL|G_INT_PRIV|G_INT_ILLEGAL|G_INT_COPY|G_INT_WEAP|G_INT_ANTH|G_INT_REL|G_SYS_SECADV|G_SYS_POLICY|G_SYS_OVERCONF
SRC-G-0189,General,G_INT_VALUE|G_INT_UNETH|G_SYS_OREF|G_SYS_OEXT|G_SYS_INPUT|G_SYS_MISINFO|G_SYS_CONTEXT|G_SYS_INCONS|G_SYS_CONTEST|G_SYS_TRANS|G_SYS_EVAL|G_SOC_ECON|G_SOC_POWER|G_SOC_DEMOC|G_SOC_ENV|G_SOC_CULT|G_SOC_GOV,NO_CURATED_PRIOR|PREREQUISITE_FILTER:G_INT_VIOL|G_INT_SEX|G_INT_SELF|G_INT_ALLOC|G_INT_REPR|G_INT_POL|G_INT_PRIV|G_INT_ILLEGAL|G_INT_COPY|G_INT_WEAP|G_INT_ANTH|G_INT_REL|G_SYS_SECADV|G_SYS_POLICY|G_SYS_OVERCONF
SRC-G-0190,General,G_INT_VALUE|G_INT_UNETH|G_SYS_OREF|G_SYS_OEXT|G_SYS_INPUT|G_SYS_MISINFO|G_SYS_CONTEXT|G_SYS_INCONS|G_SYS_CONTEST|G_SYS_SECADV|G_SYS_POLICY|G_SYS_TRANS|G_SYS_EVAL|G_SOC_ECON|G_SOC_POWER|G_SOC_DEMOC|G_SOC_ENV|G_SOC_CULT|G_SOC_GOV,NO_CURATED_PRIOR|PREREQUISITE_FILTER:G_INT_VIOL|G_INT_SEX|G_INT_SELF|G_INT_ALLOC|G_INT_REPR|G_INT_POL|G_INT_PRIV|G_INT_ILLEGAL|G_INT_COPY|G_INT_WEAP|G_INT_ANTH|G_INT_REL|G_SYS_OVERCONF
SRC-G-0191,General,G_INT_VALUE|G_INT_UNETH|G_SYS_OREF|G_SYS_OEXT|G_SYS_INPUT|G_SYS_MISINFO|G_SYS_CONTEXT|G_SYS_INCONS|G_SYS_CONTEST|G_SYS_TRANS|G_SYS_EVAL|G_SOC_ECON|G_SOC_POWER|G_SOC_DEMOC|G_SOC_ENV|G_SOC_CULT|G_SOC_GOV,NO_CURATED_PRIOR|PREREQUISITE_FILTER:G_INT_VIOL|G_INT_SEX|G_INT_SELF|G_INT_ALLOC|G_INT_REPR|G_INT_POL|G_INT_PRIV|G_INT_ILLEGAL|G_INT_COPY|G_INT_WEAP|G_INT_ANTH|G_INT_REL|G_SYS_SECADV|G_SYS_POLICY|G_SYS_OVERCONF
SRC-G-0192,General,G_INT_VALUE|G_INT_UNETH|G_SYS_OREF|G_SYS_OEXT|G_SYS_INPUT|G_SYS_MISINFO|G_SYS_CONTEXT|G_SYS_INCONS|G_SYS_CONTEST|G_SYS_TRANS|G_SYS_EVAL|G_SOC_ECON|G_SOC_POWER|G_SOC_DEMOC|G_SOC_ENV|G_SOC_CULT|G_SOC_GOV,NO_CURATED_PRIOR|PREREQUISITE_FILTER:G_INT_VIOL|G_INT_SEX|G_INT_SELF|G_INT_ALLOC|G_INT_REPR|G_INT_POL|G_INT_PRIV|G_INT_ILLEGAL|G_INT_COPY|G_INT_WEAP|G_INT_ANTH|G_INT_REL|G_SYS_SECADV|G_SYS_POLICY|G_SYS_OVERCONF
SRC-G-0193,General,G_INT_VALUE|G_INT_UNETH|G_SYS_OREF|G_SYS_OEXT|G_SYS_INPUT|G_SYS_MISINFO|G_SYS_CONTEXT|G_SYS_INCONS|G_SYS_CONTEST|G_SYS_TRANS|G_SYS_EVAL|G_SOC_ECON|G_SOC_POWER|G_SOC_DEMOC|G_SOC_ENV|G_SOC_CULT|G_SOC_GOV,NO_CURATED_PRIOR|PREREQUISITE_FILTER:G_INT_VIOL|G_INT_SEX|G_INT_SELF|G_INT_ALLOC|G_INT_REPR|G_INT_POL|G_INT_PRIV|G_INT_ILLEGAL|G_INT_COPY|G_INT_WEAP|G_INT_ANTH|G_INT_REL|G_SYS_SECADV|G_SYS_POLICY|G_SYS_OVERCONF
SRC-G-0194,General,G_INT_VALUE|G_INT_POL|G_INT_UNETH|G_SYS_OREF|G_SYS_OEXT|G_SYS_INPUT|G_SYS_MISINFO|G_SYS_CONTEXT|G_SYS_INCONS|G_SYS_CONTEST|G_SYS_SECADV|G_SYS_TRANS|G_SYS_EVAL|G_SOC_ECON|G_SOC_POWER|G_SOC_DEMOC|G_SOC_ENV|G_SOC_CULT|G_SOC_GOV,NO_CURATED_PRIOR|PREREQUISITE_FILTER:G_INT_VIOL|G_INT_SEX|G_INT_SELF|G_INT_ALLOC|G_INT_REPR|G_INT_PRIV|G_INT_ILLEGAL|G_INT_COPY|G_INT_WEAP|G_INT_ANTH|G_INT_REL|G_SYS_POLICY|G_SYS_OVERCONF
SRC-G-0195,General,G_INT_VALUE|G_INT_UNETH|G_SYS_OREF|G_SYS_OEXT|G_SYS_INPUT|G_SYS_MISINFO|G_SYS_CONTEXT|G_SYS_INCONS|G_SYS_CONTEST|G_SYS_TRANS|G_SYS_EVAL|G_SOC_ECON|G_SOC_POWER|G_SOC_DEMOC|G_SOC_ENV|G_SOC_CULT|G_SOC_GOV,NO_CURATED_PRIOR|PREREQUISITE_FILTER:G_INT_VIOL|G_INT_SEX|G_INT_SELF|G_INT_ALLOC|G_INT_REPR|G_INT_POL|G_INT_PRIV|G_INT_ILLEGAL|G_INT_COPY|G_INT_WEAP|G_INT_ANTH|G_INT_REL|G_SYS_SECADV|G_SYS_POLICY|G_SYS_OVERCONF
SRC-G-0196,General,G_INT_VALUE|G_INT_UNETH|G_SYS_OREF|G_SYS_OEXT|G_SYS_INPUT|G_SYS_MISINFO|G_SYS_CONTEXT|G_SYS_INCONS|G_SYS_CONTEST|G_SYS_TRANS|G_SYS_EVAL|G_SOC_ECON|G_SOC_POWER|G_SOC_DEMOC|G_SOC_ENV|G_SOC_CULT|G_SOC_GOV,NO_CURATED_PRIOR|PREREQUISITE_FILTER:G_INT_VIOL|G_INT_SEX|G_INT_SELF|G_INT_ALLOC|G_INT_REPR|G_INT_POL|G_INT_PRIV|G_INT_ILLEGAL|G_INT_COPY|G_INT_WEAP|G_INT_ANTH|G_INT_REL|G_SYS_SECADV|G_SYS_POLICY|G_SYS_OVERCONF
SRC-G-0197,General,G_INT_ALLOC|G_INT_VALUE|G_INT_UNETH|G_SYS_OREF|G_SYS_OEXT|G_SYS_INPUT|G_SYS_MISINFO|G_SYS_CONTEXT|G_SYS_INCONS|G_SYS_CONTEST|G_SYS_TRANS|G_SYS_EVAL|G_SOC_ECON|G_SOC_POWER|G_SOC_DEMOC|G_SOC_ENV|G_SOC_CULT|G_SOC_GOV,NO_CURATED_PRIOR|PREREQUISITE_FILTER:G_INT_VIOL|G_INT_SEX|G_INT_SELF|G_INT_REPR|G_INT_POL|G_INT_PRIV|G_INT_ILLEGAL|G_INT_COPY|G_INT_WEAP|G_INT_ANTH|G_INT_REL|G_SYS_SECADV|G_SYS_POLICY|G_SYS_OVERCONF
SRC-G-0198,General,G_INT_VALUE|G_INT_UNETH|G_SYS_OREF|G_SYS_OEXT|G_SYS_INPUT|G_SYS_MISINFO|G_SYS_CONTEXT|G_SYS_INCONS|G_SYS_CONTEST|G_SYS_TRANS|G_SYS_EVAL|G_SOC_ECON|G_SOC_POWER|G_SOC_DEMOC|G_SOC_ENV|G_SOC_CULT|G_SOC_GOV,NO_CURATED_PRIOR|PREREQUISITE_FILTER:G_INT_VIOL|G_INT_SEX|G_INT_SELF|G_INT_ALLOC|G_INT_REPR|G_INT_POL|G_INT_PRIV|G_INT_ILLEGAL|G_INT_COPY|G_INT_WEAP|G_INT_ANTH|G_INT_REL|G_SYS_SECADV|G_SYS_POLICY|G_SYS_OVERCONF
SRC-G-0199,General,G_INT_VALUE|G_INT_UNETH|G_SYS_OREF|G_SYS_OEXT|G_SYS_INPUT|G_SYS_MISINFO|G_SYS_CONTEXT|G_SYS_INCONS|G_SYS_CONTEST|G_SYS_TRANS|G_SYS_EVAL|G_SOC_ECON|G_SOC_POWER|G_SOC_DEMOC|G_SOC_ENV|G_SOC_CULT|G_SOC_GOV,NO_CURATED_PRIOR|PREREQUISITE_FILTER:G_INT_VIOL|G_INT_SEX|G_INT_SELF|G_INT_ALLOC|G_INT_REPR|G_INT_POL|G_INT_PRIV|G_INT_ILLEGAL|G_INT_COPY|G_INT_WEAP|G_INT_ANTH|G_INT_REL|G_SYS_SECADV|G_SYS_POLICY|G_SYS_OVERCONF
SRC-G-0200,General,G_INT_VALUE|G_INT_PRIV|G_INT_UNETH|G_SYS_OREF|G_SYS_OEXT|G_SYS_INPUT|G_SYS_MISINFO|G_SYS_CONTEXT|G_SYS_INCONS|G_SYS_CONTEST|G_SYS_TRANS|G_SYS_EVAL|G_SOC_ECON|G_SOC_POWER|G_SOC_DEMOC|G_SOC_ENV|G_SOC_CULT|G_SOC_GOV,NO_CURATED_PRIOR|PREREQUISITE_FILTER:G_INT_VIOL|G_INT_SEX|G_INT_SELF|G_INT_ALLOC|G_INT_REPR|G_INT_POL|G_INT_ILLEGAL|G_INT_COPY|G_INT_WEAP|G_INT_ANTH|G_INT_REL|G_SYS_SECADV|G_SYS_POLICY|G_SYS_OVERCONF
SRC-G-0201,General,G_INT_VALUE|G_INT_UNETH|G_SYS_OREF|G_SYS_OEXT|G_SYS_INPUT|G_SYS_MISINFO|G_SYS_CONTEXT|G_SYS_INCONS|G_SYS_CONTEST|G_SYS_TRANS|G_SYS_EVAL|G_SOC_ECON|G_SOC_POWER|G_SOC_DEMOC|G_SOC_ENV|G_SOC_CULT|G_SOC_GOV,NO_CURATED_PRIOR|PREREQUISITE_FILTER:G_INT_VIOL|G_INT_SEX|G_INT_SELF|G_INT_ALLOC|G_INT_REPR|G_INT_POL|G_INT_PRIV|G_INT_ILLEGAL|G_INT_COPY|G_INT_WEAP|G_INT_ANTH|G_INT_REL|G_SYS_SECADV|G_SYS_POLICY|G_SYS_OVERCONF
SRC-G-0202,General,G_INT_VALUE|G_INT_UNETH|G_SYS_OREF|G_SYS_OEXT|G_SYS_INPUT|G_SYS_MISINFO|G_SYS_CONTEXT|G_SYS_INCONS|G_SYS_CONTEST|G_SYS_TRANS|G_SYS_EVAL|G_SOC_ECON|G_SOC_POWER|G_SOC_DEMOC|G_SOC_ENV|G_SOC_CULT|G_SOC_GOV,NO_CURATED_PRIOR|PREREQUISITE_FILTER:G_INT_VIOL|G_INT_SEX|G_INT_SELF|G_INT_ALLOC|G_INT_REPR|G_INT_POL|G_INT_PRIV|G_INT_ILLEGAL|G_INT_COPY|G_INT_WEAP|G_INT_ANTH|G_INT_REL|G_SYS_SECADV|G_SYS_POLICY|G_SYS_OVERCONF
SRC-G-0203,General,G_INT_VIOL|G_INT_VALUE|G_INT_UNETH|G_SYS_OREF|G_SYS_OEXT|G_SYS_INPUT|G_SYS_MISINFO|G_SYS_CONTEXT|G_SYS_INCONS|G_SYS_CONTEST|G_SYS_TRANS|G_SYS_EVAL|G_SOC_ECON|G_SOC_POWER|G_SOC_DEMOC|G_SOC_ENV|G_SOC_CULT|G_SOC_GOV,NO_CURATED_PRIOR|PREREQUISITE_FILTER:G_INT_SEX|G_INT_SELF|G_INT_ALLOC|G_INT_REPR|G_INT_POL|G_INT_PRIV|G_INT_ILLEGAL|G_INT_COPY|G_INT_WEAP|G_INT_ANTH|G_INT_REL|G_SYS_SECADV|G_SYS_POLICY|G_SYS_OVERCONF
SRC-G-0204,General,G_INT_VIOL|G_INT_SELF|G_INT_VALUE|G_INT_ILLEGAL|G_INT_UNETH|G_SYS_OREF|G_SYS_OEXT|G_SYS_INPUT|G_SYS_MISINFO|G_SYS_CONTEXT|G_SYS_INCONS|G_SYS_CONTEST|G_SYS_TRANS|G_SYS_EVAL|G_SOC_ECON|G_SOC_POWER|G_SOC_DEMOC|G_SOC_ENV|G_SOC_CULT|G_SOC_GOV,NO_CURATED_PRIOR|PREREQUISITE_FILTER:G_INT_SEX|G_INT_ALLOC|G_INT_REPR|G_INT_POL|G_INT_PRIV|G_INT_COPY|G_INT_WEAP|G_INT_ANTH|G_INT_REL|G_SYS_SECADV|G_SYS_POLICY|G_SYS_OVERCONF
SRC-G-0205,General,G_INT_VALUE|G_INT_UNETH|G_SYS_OREF|G_SYS_OEXT|G_SYS_INPUT|G_SYS_MISINFO|G_SYS_CONTEXT|G_SYS_INCONS|G_SYS_CONTEST|G_SYS_TRANS|G_SYS_EVAL|G_SOC_ECON|G_SOC_POWER|G_SOC_DEMOC|G_SOC_ENV|G_SOC_CULT|G_SOC_GOV,NO_CURATED_PRIOR|PREREQUISITE_FILTER:G_INT_VIOL|G_INT_SEX|G_INT_SELF|G_INT_ALLOC|G_INT_REPR|G_INT_POL|G_INT_PRIV|G_INT_ILLEGAL|G_INT_COPY|G_INT_WEAP|G_INT_ANTH|G_INT_REL|G_SYS_SECADV|G_SYS_POLICY|G_SYS_OVERCONF
SRC-G-0206,General,G_INT_VALUE|G_INT_UNETH|G_SYS_OREF|G_SYS_OEXT|G_SYS_INPUT|G_SYS_MISINFO|G_SYS_CONTEXT|G_SYS_INCONS|G_SYS_CONTEST|G_SYS_TRANS|G_SYS_EVAL|G_SOC_ECON|G_SOC_POWER|G_SOC_DEMOC|G_SOC_ENV|G_SOC_CULT|G_SOC_GOV,NO_CURATED_PRIOR|PREREQUISITE_FILTER:G_INT_VIOL|G_INT_SEX|G_INT_SELF|G_INT_ALLOC|G_INT_REPR|G_INT_POL|G_INT_PRIV|G_INT_ILLEGAL|G_INT_COPY|G_INT_WEAP|G_INT_ANTH|G_INT_REL|G_SYS_SECADV|G_SYS_POLICY|G_SYS_OVERCONF
SRC-G-0207,General,G_INT_VIOL|G_INT_VALUE|G_INT_UNETH|G_INT_WEAP|G_SYS_OREF|G_SYS_OEXT|G_SYS_INPUT|G_SYS_MISINFO|G_SYS_CONTEXT|G_SYS_INCONS|G_SYS_CONTEST|G_SYS_SECADV|G_SYS_TRANS|G_SYS_EVAL|G_SOC_ECON|G_SOC_POWER|G_SOC_DEMOC|G_SOC_ENV|G_SOC_CULT|G_SOC_GOV,NO_CURATED_PRIOR|PREREQUISITE_FILTER:G_INT_SEX|G_INT_SELF|G_INT_ALLOC|G_INT_REPR|G_INT_POL|G_INT_PRIV|G_INT_ILLEGAL|G_INT_COPY|G_INT_ANTH|G_INT_REL|G_SYS_POLICY|G_SYS_OVERCONF
SRC-G-0208,General,G_INT_SEX|G_INT_VALUE|G_INT_ILLEGAL|G_INT_UNETH|G_SYS_OREF|G_SYS_OEXT|G_SYS_INPUT|G_SYS_MISINFO|G_SYS_CONTEXT|G_SYS_INCONS|G_SYS_CONTEST|G_SYS_TRANS|G_SYS_EVAL|G_SOC_ECON|G_SOC_POWER|G_SOC_DEMOC|G_SOC_ENV|G_SOC_CULT|G_SOC_GOV,NO_CURATED_PRIOR|PREREQUISITE_FILTER:G_INT_VIOL|G_INT_SELF|G_INT_ALLOC|G_INT_REPR|G_INT_POL|G_INT_PRIV|G_INT_COPY|G_INT_WEAP|G_INT_ANTH|G_INT_REL|G_SYS_SECADV|G_SYS_POLICY|G_SYS_OVERCONF
SRC-G-0209,General,G_INT_SEX|G_INT_VALUE|G_INT_UNETH|G_SYS_OREF|G_SYS_OEXT|G_SYS_INPUT|G_SYS_MISINFO|G_SYS_CONTEXT|G_SYS_INCONS|G_SYS_CONTEST|G_SYS_TRANS|G_SYS_EVAL|G_SOC_ECON|G_SOC_POWER|G_SOC_DEMOC|G_SOC_ENV|G_SOC_CULT|G_SOC_GOV,CURATED_SOURCE_MECHANISM_PRIOR:G_INT_SEX|PREREQUISITE_FILTER:G_INT_VIOL|G_INT_SELF|G_INT_ALLOC|G_INT_REPR|G_INT_POL|G_INT_PRIV|G_INT_ILLEGAL|G_INT_COPY|G_INT_WEAP|G_INT_ANTH|G_INT_REL|G_SYS_SECADV|G_SYS_POLICY|G_SYS_OVERCONF
SRC-G-0210,General,G_INT_SEX|G_INT_REPR|G_INT_VALUE|G_INT_ILLEGAL|G_INT_UNETH|G_SYS_OREF|G_SYS_OEXT|G_SYS_INPUT|G_SYS_MISINFO|G_SYS_CONTEXT|G_SYS_INCONS|G_SYS_CONTEST|G_SYS_TRANS|G_SYS_EVAL|G_SOC_ECON|G_SOC_POWER|G_SOC_DEMOC|G_SOC_ENV|G_SOC_CULT|G_SOC_GOV,NO_CURATED_PRIOR|PREREQUISITE_FILTER:G_INT_VIOL|G_INT_SELF|G_INT_ALLOC|G_INT_POL|G_INT_PRIV|G_INT_COPY|G_INT_WEAP|G_INT_ANTH|G_INT_REL|G_SYS_SECADV|G_SYS_POLICY|G_SYS_OVERCONF
SRC-G-0211,General,G_INT_VIOL|G_INT_SEX|G_INT_SELF|G_INT_VALUE|G_INT_ILLEGAL|G_INT_UNETH|G_SYS_OREF|G_SYS_OEXT|G_SYS_INPUT|G_SYS_MISINFO|G_SYS_CONTEXT|G_SYS_INCONS|G_SYS_CONTEST|G_SYS_SECADV|G_SYS_TRANS|G_SYS_EVAL|G_SOC_ECON|G_SOC_POWER|G_SOC_DEMOC|G_SOC_ENV|G_SOC_CULT|G_SOC_GOV,NO_CURATED_PRIOR|PREREQUISITE_FILTER:G_INT_ALLOC|G_INT_REPR|G_INT_POL|G_INT_PRIV|G_INT_COPY|G_INT_WEAP|G_INT_ANTH|G_INT_REL|G_SYS_POLICY|G_SYS_OVERCONF
SRC-G-0212,General,G_INT_VALUE|G_INT_UNETH|G_SYS_OREF|G_SYS_OEXT|G_SYS_INPUT|G_SYS_MISINFO|G_SYS_CONTEXT|G_SYS_INCONS|G_SYS_CONTEST|G_SYS_TRANS|G_SYS_EVAL|G_SOC_ECON|G_SOC_POWER|G_SOC_DEMOC|G_SOC_ENV|G_SOC_CULT|G_SOC_GOV,NO_CURATED_PRIOR|PREREQUISITE_FILTER:G_INT_VIOL|G_INT_SEX|G_INT_SELF|G_INT_ALLOC|G_INT_REPR|G_INT_POL|G_INT_PRIV|G_INT_ILLEGAL|G_INT_COPY|G_INT_WEAP|G_INT_ANTH|G_INT_REL|G_SYS_SECADV|G_SYS_POLICY|G_SYS_OVERCONF
SRC-G-0213,General,G_INT_SELF|G_INT_VALUE|G_INT_UNETH|G_SYS_OREF|G_SYS_OEXT|G_SYS_INPUT|G_SYS_MISINFO|G_SYS_CONTEXT|G_SYS_INCONS|G_SYS_CONTEST|G_SYS_TRANS|G_SYS_EVAL|G_SOC_ECON|G_SOC_POWER|G_SOC_DEMOC|G_SOC_ENV|G_SOC_CULT|G_SOC_GOV,NO_CURATED_PRIOR|PREREQUISITE_FILTER:G_INT_VIOL|G_INT_SEX|G_INT_ALLOC|G_INT_REPR|G_INT_POL|G_INT_PRIV|G_INT_ILLEGAL|G_INT_COPY|G_INT_WEAP|G_INT_ANTH|G_INT_REL|G_SYS_SECADV|G_SYS_POLICY|G_SYS_OVERCONF
SRC-G-0214,General,G_INT_SELF|G_INT_VALUE|G_INT_UNETH|G_SYS_OREF|G_SYS_OEXT|G_SYS_INPUT|G_SYS_MISINFO|G_SYS_CONTEXT|G_SYS_INCONS|G_SYS_CONTEST|G_SYS_TRANS|G_SYS_EVAL|G_SOC_ECON|G_SOC_POWER|G_SOC_DEMOC|G_SOC_ENV|G_SOC_CULT|G_SOC_GOV,NO_CURATED_PRIOR|PREREQUISITE_FILTER:G_INT_VIOL|G_INT_SEX|G_INT_ALLOC|G_INT_REPR|G_INT_POL|G_INT_PRIV|G_INT_ILLEGAL|G_INT_COPY|G_INT_WEAP|G_INT_ANTH|G_INT_REL|G_SYS_SECADV|G_SYS_POLICY|G_SYS_OVERCONF
SRC-G-0215,General,G_INT_VIOL|G_INT_SELF|G_INT_VALUE|G_INT_UNETH|G_SYS_OREF|G_SYS_OEXT|G_SYS_INPUT|G_SYS_MISINFO|G_SYS_CONTEXT|G_SYS_INCONS|G_SYS_CONTEST|G_SYS_TRANS|G_SYS_EVAL|G_SOC_ECON|G_SOC_POWER|G_SOC_DEMOC|G_SOC_ENV|G_SOC_CULT|G_SOC_GOV,NO_CURATED_PRIOR|PREREQUISITE_FILTER:G_INT_SEX|G_INT_ALLOC|G_INT_REPR|G_INT_POL|G_INT_PRIV|G_INT_ILLEGAL|G_INT_COPY|G_INT_WEAP|G_INT_ANTH|G_INT_REL|G_SYS_SECADV|G_SYS_POLICY|G_SYS_OVERCONF
SRC-G-0216,General,G_INT_VALUE|G_INT_UNETH|G_SYS_OREF|G_SYS_OEXT|G_SYS_INPUT|G_SYS_MISINFO|G_SYS_CONTEXT|G_SYS_INCONS|G_SYS_CONTEST|G_SYS_TRANS|G_SYS_EVAL|G_SOC_ECON|G_SOC_POWER|G_SOC_DEMOC|G_SOC_ENV|G_SOC_CULT|G_SOC_GOV,NO_CURATED_PRIOR|PREREQUISITE_FILTER:G_INT_VIOL|G_INT_SEX|G_INT_SELF|G_INT_ALLOC|G_INT_REPR|G_INT_POL|G_INT_PRIV|G_INT_ILLEGAL|G_INT_COPY|G_INT_WEAP|G_INT_ANTH|G_INT_REL|G_SYS_SECADV|G_SYS_POLICY|G_SYS_OVERCONF
SRC-G-0217,General,G_INT_REPR|G_INT_VALUE|G_INT_UNETH|G_SYS_OREF|G_SYS_OEXT|G_SYS_INPUT|G_SYS_MISINFO|G_SYS_CONTEXT|G_SYS_INCONS|G_SYS_CONTEST|G_SYS_TRANS|G_SYS_EVAL|G_SOC_ECON|G_SOC_POWER|G_SOC_DEMOC|G_SOC_ENV|G_SOC_CULT|G_SOC_GOV,NO_CURATED_PRIOR|PREREQUISITE_FILTER:G_INT_VIOL|G_INT_SEX|G_INT_SELF|G_INT_ALLOC|G_INT_POL|G_INT_PRIV|G_INT_ILLEGAL|G_INT_COPY|G_INT_WEAP|G_INT_ANTH|G_INT_REL|G_SYS_SECADV|G_SYS_POLICY|G_SYS_OVERCONF
SRC-G-0218,General,G_INT_SEX|G_INT_ALLOC|G_INT_VALUE|G_INT_UNETH|G_SYS_OREF|G_SYS_OEXT|G_SYS_INPUT|G_SYS_MISINFO|G_SYS_CONTEXT|G_SYS_INCONS|G_SYS_CONTEST|G_SYS_TRANS|G_SYS_EVAL|G_SOC_ECON|G_SOC_POWER|G_SOC_DEMOC|G_SOC_ENV|G_SOC_CULT|G_SOC_GOV,NO_CURATED_PRIOR|PREREQUISITE_FILTER:G_INT_VIOL|G_INT_SELF|G_INT_REPR|G_INT_POL|G_INT_PRIV|G_INT_ILLEGAL|G_INT_COPY|G_INT_WEAP|G_INT_ANTH|G_INT_REL|G_SYS_SECADV|G_SYS_POLICY|G_SYS_OVERCONF
SRC-G-0219,General,G_INT_VALUE|G_INT_UNETH|G_SYS_OREF|G_SYS_OEXT|G_SYS_INPUT|G_SYS_MISINFO|G_SYS_CONTEXT|G_SYS_INCONS|G_SYS_CONTEST|G_SYS_TRANS|G_SYS_EVAL|G_SOC_ECON|G_SOC_POWER|G_SOC_DEMOC|G_SOC_ENV|G_SOC_CULT|G_SOC_GOV,NO_CURATED_PRIOR|PREREQUISITE_FILTER:G_INT_VIOL|G_INT_SEX|G_INT_SELF|G_INT_ALLOC|G_INT_REPR|G_INT_POL|G_INT_PRIV|G_INT_ILLEGAL|G_INT_COPY|G_INT_WEAP|G_INT_ANTH|G_INT_REL|G_SYS_SECADV|G_SYS_POLICY|G_SYS_OVERCONF
SRC-G-0220,General,G_INT_VALUE|G_INT_UNETH|G_SYS_OREF|G_SYS_OEXT|G_SYS_INPUT|G_SYS_MISINFO|G_SYS_CONTEXT|G_SYS_INCONS|G_SYS_CONTEST|G_SYS_TRANS|G_SYS_EVAL|G_SOC_ECON|G_SOC_POWER|G_SOC_DEMOC|G_SOC_ENV|G_SOC_CULT|G_SOC_GOV,CURATED_SOURCE_MECHANISM_PRIOR:G_INT_UNETH|PREREQUISITE_FILTER:G_INT_VIOL|G_INT_SEX|G_INT_SELF|G_INT_ALLOC|G_INT_REPR|G_INT_POL|G_INT_PRIV|G_INT_ILLEGAL|G_INT_COPY|G_INT_WEAP|G_INT_ANTH|G_INT_REL|G_SYS_SECADV|G_SYS_POLICY|G_SYS_OVERCONF
SRC-G-0221,General,G_INT_VALUE|G_INT_UNETH|G_SYS_OREF|G_SYS_OEXT|G_SYS_INPUT|G_SYS_MISINFO|G_SYS_CONTEXT|G_SYS_INCONS|G_SYS_CONTEST|G_SYS_TRANS|G_SYS_EVAL|G_SOC_ECON|G_SOC_POWER|G_SOC_DEMOC|G_SOC_ENV|G_SOC_CULT|G_SOC_GOV,NO_CURATED_PRIOR|PREREQUISITE_FILTER:G_INT_VIOL|G_INT_SEX|G_INT_SELF|G_INT_ALLOC|G_INT_REPR|G_INT_POL|G_INT_PRIV|G_INT_ILLEGAL|G_INT_COPY|G_INT_WEAP|G_INT_ANTH|G_INT_REL|G_SYS_SECADV|G_SYS_POLICY|G_SYS_OVERCONF
SRC-G-0223,General,G_INT_VALUE|G_INT_POL|G_INT_UNETH|G_SYS_OREF|G_SYS_OEXT|G_SYS_INPUT|G_SYS_MISINFO|G_SYS_CONTEXT|G_SYS_INCONS|G_SYS_CONTEST|G_SYS_TRANS|G_SYS_EVAL|G_SOC_ECON|G_SOC_POWER|G_SOC_DEMOC|G_SOC_ENV|G_SOC_CULT|G_SOC_GOV,NO_CURATED_PRIOR|PREREQUISITE_FILTER:G_INT_VIOL|G_INT_SEX|G_INT_SELF|G_INT_ALLOC|G_INT_REPR|G_INT_PRIV|G_INT_ILLEGAL|G_INT_COPY|G_INT_WEAP|G_INT_ANTH|G_INT_REL|G_SYS_SECADV|G_SYS_POLICY|G_SYS_OVERCONF
SRC-G-0224,General,G_INT_VALUE|G_INT_UNETH|G_SYS_OREF|G_SYS_OEXT|G_SYS_INPUT|G_SYS_MISINFO|G_SYS_CONTEXT|G_SYS_INCONS|G_SYS_CONTEST|G_SYS_TRANS|G_SYS_EVAL|G_SOC_ECON|G_SOC_POWER|G_SOC_DEMOC|G_SOC_ENV|G_SOC_CULT|G_SOC_GOV,NO_CURATED_PRIOR|PREREQUISITE_FILTER:G_INT_VIOL|G_INT_SEX|G_INT_SELF|G_INT_ALLOC|G_INT_REPR|G_INT_POL|G_INT_PRIV|G_INT_ILLEGAL|G_INT_COPY|G_INT_WEAP|G_INT_ANTH|G_INT_REL|G_SYS_SECADV|G_SYS_POLICY|G_SYS_OVERCONF
SRC-G-0225,General,G_INT_VALUE|G_INT_POL|G_INT_UNETH|G_SYS_OREF|G_SYS_OEXT|G_SYS_INPUT|G_SYS_MISINFO|G_SYS_CONTEXT|G_SYS_INCONS|G_SYS_CONTEST|G_SYS_TRANS|G_SYS_EVAL|G_SOC_ECON|G_SOC_POWER|G_SOC_DEMOC|G_SOC_ENV|G_SOC_CULT|G_SOC_GOV,NO_CURATED_PRIOR|PREREQUISITE_FILTER:G_INT_VIOL|G_INT_SEX|G_INT_SELF|G_INT_ALLOC|G_INT_REPR|G_INT_PRIV|G_INT_ILLEGAL|G_INT_COPY|G_INT_WEAP|G_INT_ANTH|G_INT_REL|G_SYS_SECADV|G_SYS_POLICY|G_SYS_OVERCONF
SRC-G-0226,General,G_INT_VALUE|G_INT_PRIV|G_INT_UNETH|G_SYS_OREF|G_SYS_OEXT|G_SYS_INPUT|G_SYS_MISINFO|G_SYS_CONTEXT|G_SYS_INCONS|G_SYS_CONTEST|G_SYS_TRANS|G_SYS_EVAL|G_SOC_ECON|G_SOC_POWER|G_SOC_DEMOC|G_SOC_ENV|G_SOC_CULT|G_SOC_GOV,NO_CURATED_PRIOR|PREREQUISITE_FILTER:G_INT_VIOL|G_INT_SEX|G_INT_SELF|G_INT_ALLOC|G_INT_REPR|G_INT_POL|G_INT_ILLEGAL|G_INT_COPY|G_INT_WEAP|G_INT_ANTH|G_INT_REL|G_SYS_SECADV|G_SYS_POLICY|G_SYS_OVERCONF
SRC-G-0227,General,G_INT_VALUE|G_INT_ILLEGAL|G_INT_UNETH|G_SYS_OREF|G_SYS_OEXT|G_SYS_INPUT|G_SYS_MISINFO|G_SYS_CONTEXT|G_SYS_INCONS|G_SYS_CONTEST|G_SYS_TRANS|G_SYS_EVAL|G_SOC_ECON|G_SOC_POWER|G_SOC_DEMOC|G_SOC_ENV|G_SOC_CULT|G_SOC_GOV,NO_CURATED_PRIOR|PREREQUISITE_FILTER:G_INT_VIOL|G_INT_SEX|G_INT_SELF|G_INT_ALLOC|G_INT_REPR|G_INT_POL|G_INT_PRIV|G_INT_COPY|G_INT_WEAP|G_INT_ANTH|G_INT_REL|G_SYS_SECADV|G_SYS_POLICY|G_SYS_OVERCONF
SRC-G-0228,General,G_INT_VALUE|G_INT_UNETH|G_SYS_OREF|G_SYS_OEXT|G_SYS_INPUT|G_SYS_MISINFO|G_SYS_CONTEXT|G_SYS_INCONS|G_SYS_CONTEST|G_SYS_TRANS|G_SYS_EVAL|G_SOC_ECON|G_SOC_POWER|G_SOC_DEMOC|G_SOC_ENV|G_SOC_CULT|G_SOC_GOV,NO_CURATED_PRIOR|PREREQUISITE_FILTER:G_INT_VIOL|G_INT_SEX|G_INT_SELF|G_INT_ALLOC|G_INT_REPR|G_INT_POL|G_INT_PRIV|G_INT_ILLEGAL|G_INT_COPY|G_INT_WEAP|G_INT_ANTH|G_INT_REL|G_SYS_SECADV|G_SYS_POLICY|G_SYS_OVERCONF
SRC-G-0229,General,G_INT_VALUE|G_INT_PRIV|G_INT_UNETH|G_SYS_OREF|G_SYS_OEXT|G_SYS_INPUT|G_SYS_MISINFO|G_SYS_CONTEXT|G_SYS_INCONS|G_SYS_CONTEST|G_SYS_TRANS|G_SYS_EVAL|G_SOC_ECON|G_SOC_POWER|G_SOC_DEMOC|G_SOC_ENV|G_SOC_CULT|G_SOC_GOV,NO_CURATED_PRIOR|PREREQUISITE_FILTER:G_INT_VIOL|G_INT_SEX|G_INT_SELF|G_INT_ALLOC|G_INT_REPR|G_INT_POL|G_INT_ILLEGAL|G_INT_COPY|G_INT_WEAP|G_INT_ANTH|G_INT_REL|G_SYS_SECADV|G_SYS_POLICY|G_SYS_OVERCONF
SRC-G-0230,General,G_INT_VALUE|G_INT_PRIV|G_INT_UNETH|G_SYS_OREF|G_SYS_OEXT|G_SYS_INPUT|G_SYS_MISINFO|G_SYS_CONTEXT|G_SYS_INCONS|G_SYS_CONTEST|G_SYS_TRANS|G_SYS_EVAL|G_SOC_ECON|G_SOC_POWER|G_SOC_DEMOC|G_SOC_ENV|G_SOC_CULT|G_SOC_GOV,NO_CURATED_PRIOR|PREREQUISITE_FILTER:G_INT_VIOL|G_INT_SEX|G_INT_SELF|G_INT_ALLOC|G_INT_REPR|G_INT_POL|G_INT_ILLEGAL|G_INT_COPY|G_INT_WEAP|G_INT_ANTH|G_INT_REL|G_SYS_SECADV|G_SYS_POLICY|G_SYS_OVERCONF
SRC-G-0231,General,G_INT_VALUE|G_INT_PRIV|G_INT_UNETH|G_SYS_OREF|G_SYS_OEXT|G_SYS_INPUT|G_SYS_MISINFO|G_SYS_CONTEXT|G_SYS_INCONS|G_SYS_CONTEST|G_SYS_TRANS|G_SYS_EVAL|G_SOC_ECON|G_SOC_POWER|G_SOC_DEMOC|G_SOC_ENV|G_SOC_CULT|G_SOC_GOV,CURATED_SOURCE_MECHANISM_PRIOR:G_INT_PRIV|PREREQUISITE_FILTER:G_INT_VIOL|G_INT_SEX|G_INT_SELF|G_INT_ALLOC|G_INT_REPR|G_INT_POL|G_INT_PRIV|G_INT_ILLEGAL|G_INT_COPY|G_INT_WEAP|G_INT_ANTH|G_INT_REL|G_SYS_SECADV|G_SYS_POLICY|G_SYS_OVERCONF
SRC-G-0232,General,G_INT_VALUE|G_INT_PRIV|G_INT_UNETH|G_SYS_OREF|G_SYS_OEXT|G_SYS_INPUT|G_SYS_MISINFO|G_SYS_CONTEXT|G_SYS_INCONS|G_SYS_CONTEST|G_SYS_TRANS|G_SYS_EVAL|G_SOC_ECON|G_SOC_POWER|G_SOC_DEMOC|G_SOC_ENV|G_SOC_CULT|G_SOC_GOV,NO_CURATED_PRIOR|PREREQUISITE_FILTER:G_INT_VIOL|G_INT_SEX|G_INT_SELF|G_INT_ALLOC|G_INT_REPR|G_INT_POL|G_INT_ILLEGAL|G_INT_COPY|G_INT_WEAP|G_INT_ANTH|G_INT_REL|G_SYS_SECADV|G_SYS_POLICY|G_SYS_OVERCONF
SRC-G-0233,General,G_INT_VALUE|G_INT_PRIV|G_INT_UNETH|G_INT_ANTH|G_SYS_OREF|G_SYS_OEXT|G_SYS_INPUT|G_SYS_MISINFO|G_SYS_CONTEXT|G_SYS_INCONS|G_SYS_CONTEST|G_SYS_TRANS|G_SYS_EVAL|G_SOC_ECON|G_SOC_POWER|G_SOC_DEMOC|G_SOC_ENV|G_SOC_CULT|G_SOC_GOV,NO_CURATED_PRIOR|PREREQUISITE_FILTER:G_INT_VIOL|G_INT_SEX|G_INT_SELF|G_INT_ALLOC|G_INT_REPR|G_INT_POL|G_INT_ILLEGAL|G_INT_COPY|G_INT_WEAP|G_INT_REL|G_SYS_SECADV|G_SYS_POLICY|G_SYS_OVERCONF
SRC-G-0234,General,G_INT_ALLOC|G_INT_VALUE|G_INT_PRIV|G_INT_UNETH|G_SYS_OREF|G_SYS_OEXT|G_SYS_INPUT|G_SYS_MISINFO|G_SYS_CONTEXT|G_SYS_INCONS|G_SYS_CONTEST|G_SYS_TRANS|G_SYS_EVAL|G_SOC_ECON|G_SOC_POWER|G_SOC_DEMOC|G_SOC_ENV|G_SOC_CULT|G_SOC_GOV,NO_CURATED_PRIOR|PREREQUISITE_FILTER:G_INT_VIOL|G_INT_SEX|G_INT_SELF|G_INT_REPR|G_INT_POL|G_INT_ILLEGAL|G_INT_COPY|G_INT_WEAP|G_INT_ANTH|G_INT_REL|G_SYS_SECADV|G_SYS_POLICY|G_SYS_OVERCONF
SRC-G-0235,General,G_INT_VALUE|G_INT_PRIV|G_INT_UNETH|G_SYS_OREF|G_SYS_OEXT|G_SYS_INPUT|G_SYS_MISINFO|G_SYS_CONTEXT|G_SYS_INCONS|G_SYS_CONTEST|G_SYS_TRANS|G_SYS_EVAL|G_SOC_ECON|G_SOC_POWER|G_SOC_DEMOC|G_SOC_ENV|G_SOC_CULT|G_SOC_GOV,NO_CURATED_PRIOR|PREREQUISITE_FILTER:G_INT_VIOL|G_INT_SEX|G_INT_SELF|G_INT_ALLOC|G_INT_REPR|G_INT_POL|G_INT_ILLEGAL|G_INT_COPY|G_INT_WEAP|G_INT_ANTH|G_INT_REL|G_SYS_SECADV|G_SYS_POLICY|G_SYS_OVERCONF
SRC-G-0236,General,G_INT_SEX|G_INT_VALUE|G_INT_PRIV|G_INT_UNETH|G_SYS_OREF|G_SYS_OEXT|G_SYS_INPUT|G_SYS_MISINFO|G_SYS_CONTEXT|G_SYS_INCONS|G_SYS_CONTEST|G_SYS_TRANS|G_SYS_EVAL|G_SOC_ECON|G_SOC_POWER|G_SOC_DEMOC|G_SOC_ENV|G_SOC_CULT|G_SOC_GOV,NO_CURATED_PRIOR|PREREQUISITE_FILTER:G_INT_VIOL|G_INT_SELF|G_INT_ALLOC|G_INT_REPR|G_INT_POL|G_INT_ILLEGAL|G_INT_COPY|G_INT_WEAP|G_INT_ANTH|G_INT_REL|G_SYS_SECADV|G_SYS_POLICY|G_SYS_OVERCONF
SRC-G-0237,General,G_INT_VALUE|G_INT_PRIV|G_INT_UNETH|G_SYS_OREF|G_SYS_OEXT|G_SYS_INPUT|G_SYS_MISINFO|G_SYS_CONTEXT|G_SYS_INCONS|G_SYS_CONTEST|G_SYS_TRANS|G_SYS_EVAL|G_SOC_ECON|G_SOC_POWER|G_SOC_DEMOC|G_SOC_ENV|G_SOC_CULT|G_SOC_GOV,NO_CURATED_PRIOR|PREREQUISITE_FILTER:G_INT_VIOL|G_INT_SEX|G_INT_SELF|G_INT_ALLOC|G_INT_REPR|G_INT_POL|G_INT_ILLEGAL|G_INT_COPY|G_INT_WEAP|G_INT_ANTH|G_INT_REL|G_SYS_SECADV|G_SYS_POLICY|G_SYS_OVERCONF
SRC-G-0238,General,G_INT_VALUE|G_INT_PRIV|G_INT_UNETH|G_SYS_OREF|G_SYS_OEXT|G_SYS_INPUT|G_SYS_MISINFO|G_SYS_CONTEXT|G_SYS_INCONS|G_SYS_CONTEST|G_SYS_POLICY|G_SYS_TRANS|G_SYS_EVAL|G_SOC_ECON|G_SOC_POWER|G_SOC_DEMOC|G_SOC_ENV|G_SOC_CULT|G_SOC_GOV,NO_CURATED_PRIOR|PREREQUISITE_FILTER:G_INT_VIOL|G_INT_SEX|G_INT_SELF|G_INT_ALLOC|G_INT_REPR|G_INT_POL|G_INT_ILLEGAL|G_INT_COPY|G_INT_WEAP|G_INT_ANTH|G_INT_REL|G_SYS_SECADV|G_SYS_OVERCONF
SRC-G-0239,General,G_INT_VALUE|G_INT_PRIV|G_INT_UNETH|G_SYS_OREF|G_SYS_OEXT|G_SYS_INPUT|G_SYS_MISINFO|G_SYS_CONTEXT|G_SYS_INCONS|G_SYS_CONTEST|G_SYS_SECADV|G_SYS_TRANS|G_SYS_EVAL|G_SOC_ECON|G_SOC_POWER|G_SOC_DEMOC|G_SOC_ENV|G_SOC_CULT|G_SOC_GOV,NO_CURATED_PRIOR|PREREQUISITE_FILTER:G_INT_VIOL|G_INT_SEX|G_INT_SELF|G_INT_ALLOC|G_INT_REPR|G_INT_POL|G_INT_ILLEGAL|G_INT_COPY|G_INT_WEAP|G_INT_ANTH|G_INT_REL|G_SYS_POLICY|G_SYS_OVERCONF
SRC-G-0240,General,G_INT_VALUE|G_INT_UNETH|G_SYS_OREF|G_SYS_OEXT|G_SYS_INPUT|G_SYS_MISINFO|G_SYS_CONTEXT|G_SYS_INCONS|G_SYS_CONTEST|G_SYS_TRANS|G_SYS_EVAL|G_SOC_ECON|G_SOC_POWER|G_SOC_DEMOC|G_SOC_ENV|G_SOC_CULT|G_SOC_GOV,NO_CURATED_PRIOR|PREREQUISITE_FILTER:G_INT_VIOL|G_INT_SEX|G_INT_SELF|G_INT_ALLOC|G_INT_REPR|G_INT_POL|G_INT_PRIV|G_INT_ILLEGAL|G_INT_COPY|G_INT_WEAP|G_INT_ANTH|G_INT_REL|G_SYS_SECADV|G_SYS_POLICY|G_SYS_OVERCONF
SRC-G-0241,General,G_INT_VALUE|G_INT_PRIV|G_INT_UNETH|G_SYS_OREF|G_SYS_OEXT|G_SYS_INPUT|G_SYS_MISINFO|G_SYS_CONTEXT|G_SYS_INCONS|G_SYS_CONTEST|G_SYS_TRANS|G_SYS_EVAL|G_SOC_ECON|G_SOC_POWER|G_SOC_DEMOC|G_SOC_ENV|G_SOC_CULT|G_SOC_GOV,NO_CURATED_PRIOR|PREREQUISITE_FILTER:G_INT_VIOL|G_INT_SEX|G_INT_SELF|G_INT_ALLOC|G_INT_REPR|G_INT_POL|G_INT_ILLEGAL|G_INT_COPY|G_INT_WEAP|G_INT_ANTH|G_INT_REL|G_SYS_SECADV|G_SYS_POLICY|G_SYS_OVERCONF
SRC-G-0242,General,G_INT_VALUE|G_INT_UNETH|G_SYS_OREF|G_SYS_OEXT|G_SYS_INPUT|G_SYS_MISINFO|G_SYS_CONTEXT|G_SYS_INCONS|G_SYS_CONTEST|G_SYS_TRANS|G_SYS_EVAL|G_SOC_ECON|G_SOC_POWER|G_SOC_DEMOC|G_SOC_ENV|G_SOC_CULT|G_SOC_GOV,NO_CURATED_PRIOR|PREREQUISITE_FILTER:G_INT_VIOL|G_INT_SEX|G_INT_SELF|G_INT_ALLOC|G_INT_REPR|G_INT_POL|G_INT_PRIV|G_INT_ILLEGAL|G_INT_COPY|G_INT_WEAP|G_INT_ANTH|G_INT_REL|G_SYS_SECADV|G_SYS_POLICY|G_SYS_OVERCONF
SRC-G-0243,General,G_INT_VALUE|G_INT_ILLEGAL|G_INT_UNETH|G_SYS_OREF|G_SYS_OEXT|G_SYS_INPUT|G_SYS_MISINFO|G_SYS_CONTEXT|G_SYS_INCONS|G_SYS_CONTEST|G_SYS_TRANS|G_SYS_EVAL|G_SOC_ECON|G_SOC_POWER|G_SOC_DEMOC|G_SOC_ENV|G_SOC_CULT|G_SOC_GOV,NO_CURATED_PRIOR|PREREQUISITE_FILTER:G_INT_VIOL|G_INT_SEX|G_INT_SELF|G_INT_ALLOC|G_INT_REPR|G_INT_POL|G_INT_PRIV|G_INT_COPY|G_INT_WEAP|G_INT_ANTH|G_INT_REL|G_SYS_SECADV|G_SYS_POLICY|G_SYS_OVERCONF
SRC-G-0244,General,G_INT_VALUE|G_INT_POL|G_INT_PRIV|G_INT_ILLEGAL|G_INT_UNETH|G_SYS_OREF|G_SYS_OEXT|G_SYS_INPUT|G_SYS_MISINFO|G_SYS_CONTEXT|G_SYS_INCONS|G_SYS_CONTEST|G_SYS_TRANS|G_SYS_EVAL|G_SOC_ECON|G_SOC_POWER|G_SOC_DEMOC|G_SOC_ENV|G_SOC_CULT|G_SOC_GOV,NO_CURATED_PRIOR|PREREQUISITE_FILTER:G_INT_VIOL|G_INT_SEX|G_INT_SELF|G_INT_ALLOC|G_INT_REPR|G_INT_COPY|G_INT_WEAP|G_INT_ANTH|G_INT_REL|G_SYS_SECADV|G_SYS_POLICY|G_SYS_OVERCONF
SRC-G-0245,General,G_INT_VALUE|G_INT_ILLEGAL|G_INT_UNETH|G_SYS_OREF|G_SYS_OEXT|G_SYS_INPUT|G_SYS_MISINFO|G_SYS_CONTEXT|G_SYS_INCONS|G_SYS_CONTEST|G_SYS_TRANS|G_SYS_EVAL|G_SOC_ECON|G_SOC_POWER|G_SOC_DEMOC|G_SOC_ENV|G_SOC_CULT|G_SOC_GOV,NO_CURATED_PRIOR|PREREQUISITE_FILTER:G_INT_VIOL|G_INT_SEX|G_INT_SELF|G_INT_ALLOC|G_INT_REPR|G_INT_POL|G_INT_PRIV|G_INT_COPY|G_INT_WEAP|G_INT_ANTH|G_INT_REL|G_SYS_SECADV|G_SYS_POLICY|G_SYS_OVERCONF
SRC-G-0246,General,G_INT_VALUE|G_INT_UNETH|G_SYS_OREF|G_SYS_OEXT|G_SYS_INPUT|G_SYS_MISINFO|G_SYS_CONTEXT|G_SYS_INCONS|G_SYS_CONTEST|G_SYS_TRANS|G_SYS_EVAL|G_SOC_ECON|G_SOC_POWER|G_SOC_DEMOC|G_SOC_ENV|G_SOC_CULT|G_SOC_GOV,NO_CURATED_PRIOR|PREREQUISITE_FILTER:G_INT_VIOL|G_INT_SEX|G_INT_SELF|G_INT_ALLOC|G_INT_REPR|G_INT_POL|G_INT_PRIV|G_INT_ILLEGAL|G_INT_COPY|G_INT_WEAP|G_INT_ANTH|G_INT_REL|G_SYS_SECADV|G_SYS_POLICY|G_SYS_OVERCONF
SRC-G-0247,General,G_INT_VALUE|G_INT_UNETH|G_SYS_OREF|G_SYS_OEXT|G_SYS_INPUT|G_SYS_MISINFO|G_SYS_CONTEXT|G_SYS_INCONS|G_SYS_CONTEST|G_SYS_TRANS|G_SYS_EVAL|G_SOC_ECON|G_SOC_POWER|G_SOC_DEMOC|G_SOC_ENV|G_SOC_CULT|G_SOC_GOV,NO_CURATED_PRIOR|PREREQUISITE_FILTER:G_INT_VIOL|G_INT_SEX|G_INT_SELF|G_INT_ALLOC|G_INT_REPR|G_INT_POL|G_INT_PRIV|G_INT_ILLEGAL|G_INT_COPY|G_INT_WEAP|G_INT_ANTH|G_INT_REL|G_SYS_SECADV|G_SYS_POLICY|G_SYS_OVERCONF
SRC-G-0248,General,G_INT_VALUE|G_INT_UNETH|G_SYS_OREF|G_SYS_OEXT|G_SYS_INPUT|G_SYS_MISINFO|G_SYS_CONTEXT|G_SYS_INCONS|G_SYS_CONTEST|G_SYS_TRANS|G_SYS_EVAL|G_SOC_ECON|G_SOC_POWER|G_SOC_DEMOC|G_SOC_ENV|G_SOC_CULT|G_SOC_GOV,NO_CURATED_PRIOR|PREREQUISITE_FILTER:G_INT_VIOL|G_INT_SEX|G_INT_SELF|G_INT_ALLOC|G_INT_REPR|G_INT_POL|G_INT_PRIV|G_INT_ILLEGAL|G_INT_COPY|G_INT_WEAP|G_INT_ANTH|G_INT_REL|G_SYS_SECADV|G_SYS_POLICY|G_SYS_OVERCONF
SRC-G-0249,General,G_INT_VALUE|G_INT_UNETH|G_SYS_OREF|G_SYS_OEXT|G_SYS_INPUT|G_SYS_MISINFO|G_SYS_CONTEXT|G_SYS_INCONS|G_SYS_CONTEST|G_SYS_SECADV|G_SYS_TRANS|G_SYS_EVAL|G_SOC_ECON|G_SOC_POWER|G_SOC_DEMOC|G_SOC_ENV|G_SOC_CULT|G_SOC_GOV,NO_CURATED_PRIOR|PREREQUISITE_FILTER:G_INT_VIOL|G_INT_SEX|G_INT_SELF|G_INT_ALLOC|G_INT_REPR|G_INT_POL|G_INT_PRIV|G_INT_ILLEGAL|G_INT_COPY|G_INT_WEAP|G_INT_ANTH|G_INT_REL|G_SYS_POLICY|G_SYS_OVERCONF
SRC-G-0250,General,G_INT_VALUE|G_INT_UNETH|G_INT_COPY|G_SYS_OREF|G_SYS_OEXT|G_SYS_INPUT|G_SYS_MISINFO|G_SYS_CONTEXT|G_SYS_INCONS|G_SYS_CONTEST|G_SYS_TRANS|G_SYS_EVAL|G_SOC_ECON|G_SOC_POWER|G_SOC_DEMOC|G_SOC_ENV|G_SOC_CULT|G_SOC_GOV,NO_CURATED_PRIOR|PREREQUISITE_FILTER:G_INT_VIOL|G_INT_SEX|G_INT_SELF|G_INT_ALLOC|G_INT_REPR|G_INT_POL|G_INT_PRIV|G_INT_ILLEGAL|G_INT_WEAP|G_INT_ANTH|G_INT_REL|G_SYS_SECADV|G_SYS_POLICY|G_SYS_OVERCONF
SRC-G-0251,General,G_INT_VALUE|G_INT_UNETH|G_INT_COPY|G_SYS_OREF|G_SYS_OEXT|G_SYS_INPUT|G_SYS_MISINFO|G_SYS_CONTEXT|G_SYS_INCONS|G_SYS_CONTEST|G_SYS_TRANS|G_SYS_EVAL|G_SOC_ECON|G_SOC_POWER|G_SOC_DEMOC|G_SOC_ENV|G_SOC_CULT|G_SOC_GOV,NO_CURATED_PRIOR|PREREQUISITE_FILTER:G_INT_VIOL|G_INT_SEX|G_INT_SELF|G_INT_ALLOC|G_INT_REPR|G_INT_POL|G_INT_PRIV|G_INT_ILLEGAL|G_INT_WEAP|G_INT_ANTH|G_INT_REL|G_SYS_SECADV|G_SYS_POLICY|G_SYS_OVERCONF
SRC-G-0252,General,G_INT_VALUE|G_INT_UNETH|G_SYS_OREF|G_SYS_OEXT|G_SYS_INPUT|G_SYS_MISINFO|G_SYS_CONTEXT|G_SYS_INCONS|G_SYS_CONTEST|G_SYS_TRANS|G_SYS_EVAL|G_SOC_ECON|G_SOC_POWER|G_SOC_DEMOC|G_SOC_ENV|G_SOC_CULT|G_SOC_GOV,NO_CURATED_PRIOR|PREREQUISITE_FILTER:G_INT_VIOL|G_INT_SEX|G_INT_SELF|G_INT_ALLOC|G_INT_REPR|G_INT_POL|G_INT_PRIV|G_INT_ILLEGAL|G_INT_COPY|G_INT_WEAP|G_INT_ANTH|G_INT_REL|G_SYS_SECADV|G_SYS_POLICY|G_SYS_OVERCONF
SRC-G-0253,General,G_INT_VALUE|G_INT_UNETH|G_INT_COPY|G_SYS_OREF|G_SYS_OEXT|G_SYS_INPUT|G_SYS_MISINFO|G_SYS_CONTEXT|G_SYS_INCONS|G_SYS_CONTEST|G_SYS_TRANS|G_SYS_EVAL|G_SOC_ECON|G_SOC_POWER|G_SOC_DEMOC|G_SOC_ENV|G_SOC_CULT|G_SOC_GOV,NO_CURATED_PRIOR|PREREQUISITE_FILTER:G_INT_VIOL|G_INT_SEX|G_INT_SELF|G_INT_ALLOC|G_INT_REPR|G_INT_POL|G_INT_PRIV|G_INT_ILLEGAL|G_INT_WEAP|G_INT_ANTH|G_INT_REL|G_SYS_SECADV|G_SYS_POLICY|G_SYS_OVERCONF
SRC-G-0254,General,G_INT_VALUE|G_INT_UNETH|G_INT_COPY|G_SYS_OREF|G_SYS_OEXT|G_SYS_INPUT|G_SYS_MISINFO|G_SYS_CONTEXT|G_SYS_INCONS|G_SYS_CONTEST|G_SYS_TRANS|G_SYS_EVAL|G_SOC_ECON|G_SOC_POWER|G_SOC_DEMOC|G_SOC_ENV|G_SOC_CULT|G_SOC_GOV,NO_CURATED_PRIOR|PREREQUISITE_FILTER:G_INT_VIOL|G_INT_SEX|G_INT_SELF|G_INT_ALLOC|G_INT_REPR|G_INT_POL|G_INT_PRIV|G_INT_ILLEGAL|G_INT_WEAP|G_INT_ANTH|G_INT_REL|G_SYS_SECADV|G_SYS_POLICY|G_SYS_OVERCONF
SRC-G-0255,General,G_INT_VALUE|G_INT_UNETH|G_SYS_OREF|G_SYS_OEXT|G_SYS_INPUT|G_SYS_MISINFO|G_SYS_CONTEXT|G_SYS_INCONS|G_SYS_CONTEST|G_SYS_TRANS|G_SYS_EVAL|G_SOC_ECON|G_SOC_POWER|G_SOC_DEMOC|G_SOC_ENV|G_SOC_CULT|G_SOC_GOV,NO_CURATED_PRIOR|PREREQUISITE_FILTER:G_INT_VIOL|G_INT_SEX|G_INT_SELF|G_INT_ALLOC|G_INT_REPR|G_INT_POL|G_INT_PRIV|G_INT_ILLEGAL|G_INT_COPY|G_INT_WEAP|G_INT_ANTH|G_INT_REL|G_SYS_SECADV|G_SYS_POLICY|G_SYS_OVERCONF
SRC-G-0256,General,G_INT_VALUE|G_INT_UNETH|G_INT_WEAP|G_SYS_OREF|G_SYS_OEXT|G_SYS_INPUT|G_SYS_MISINFO|G_SYS_CONTEXT|G_SYS_INCONS|G_SYS_CONTEST|G_SYS_TRANS|G_SYS_EVAL|G_SOC_ECON|G_SOC_POWER|G_SOC_DEMOC|G_SOC_ENV|G_SOC_CULT|G_SOC_GOV,NO_CURATED_PRIOR|PREREQUISITE_FILTER:G_INT_VIOL|G_INT_SEX|G_INT_SELF|G_INT_ALLOC|G_INT_REPR|G_INT_POL|G_INT_PRIV|G_INT_ILLEGAL|G_INT_COPY|G_INT_ANTH|G_INT_REL|G_SYS_SECADV|G_SYS_POLICY|G_SYS_OVERCONF
SRC-G-0257,General,G_INT_VIOL|G_INT_VALUE|G_INT_PRIV|G_INT_ILLEGAL|G_INT_UNETH|G_INT_WEAP|G_SYS_OREF|G_SYS_OEXT|G_SYS_INPUT|G_SYS_MISINFO|G_SYS_CONTEXT|G_SYS_INCONS|G_SYS_CONTEST|G_SYS_TRANS|G_SYS_EVAL|G_SOC_ECON|G_SOC_POWER|G_SOC_DEMOC|G_SOC_ENV|G_SOC_CULT|G_SOC_GOV,NO_CURATED_PRIOR|PREREQUISITE_FILTER:G_INT_SEX|G_INT_SELF|G_INT_ALLOC|G_INT_REPR|G_INT_POL|G_INT_COPY|G_INT_ANTH|G_INT_REL|G_SYS_SECADV|G_SYS_POLICY|G_SYS_OVERCONF
SRC-G-0258,General,G_INT_VALUE|G_INT_UNETH|G_INT_WEAP|G_SYS_OREF|G_SYS_OEXT|G_SYS_INPUT|G_SYS_MISINFO|G_SYS_CONTEXT|G_SYS_INCONS|G_SYS_CONTEST|G_SYS_TRANS|G_SYS_EVAL|G_SOC_ECON|G_SOC_POWER|G_SOC_DEMOC|G_SOC_ENV|G_SOC_CULT|G_SOC_GOV,NO_CURATED_PRIOR|PREREQUISITE_FILTER:G_INT_VIOL|G_INT_SEX|G_INT_SELF|G_INT_ALLOC|G_INT_REPR|G_INT_POL|G_INT_PRIV|G_INT_ILLEGAL|G_INT_COPY|G_INT_ANTH|G_INT_REL|G_SYS_SECADV|G_SYS_POLICY|G_SYS_OVERCONF
SRC-G-0259,General,G_INT_VALUE|G_INT_UNETH|G_INT_WEAP|G_SYS_OREF|G_SYS_OEXT|G_SYS_INPUT|G_SYS_MISINFO|G_SYS_CONTEXT|G_SYS_INCONS|G_SYS_CONTEST|G_SYS_TRANS|G_SYS_EVAL|G_SOC_ECON|G_SOC_POWER|G_SOC_DEMOC|G_SOC_ENV|G_SOC_CULT|G_SOC_GOV,NO_CURATED_PRIOR|PREREQUISITE_FILTER:G_INT_VIOL|G_INT_SEX|G_INT_SELF|G_INT_ALLOC|G_INT_REPR|G_INT_POL|G_INT_PRIV|G_INT_ILLEGAL|G_INT_COPY|G_INT_ANTH|G_INT_REL|G_SYS_SECADV|G_SYS_POLICY|G_SYS_OVERCONF
SRC-G-0260,General,G_INT_VALUE|G_INT_UNETH|G_INT_WEAP|G_SYS_OREF|G_SYS_OEXT|G_SYS_INPUT|G_SYS_MISINFO|G_SYS_CONTEXT|G_SYS_INCONS|G_SYS_CONTEST|G_SYS_SECADV|G_SYS_TRANS|G_SYS_EVAL|G_SOC_ECON|G_SOC_POWER|G_SOC_DEMOC|G_SOC_ENV|G_SOC_CULT|G_SOC_GOV,NO_CURATED_PRIOR|PREREQUISITE_FILTER:G_INT_VIOL|G_INT_SEX|G_INT_SELF|G_INT_ALLOC|G_INT_REPR|G_INT_POL|G_INT_PRIV|G_INT_ILLEGAL|G_INT_COPY|G_INT_ANTH|G_INT_REL|G_SYS_POLICY|G_SYS_OVERCONF
SRC-G-0261,General,G_INT_VALUE|G_INT_UNETH|G_INT_WEAP|G_SYS_OREF|G_SYS_OEXT|G_SYS_INPUT|G_SYS_MISINFO|G_SYS_CONTEXT|G_SYS_INCONS|G_SYS_CONTEST|G_SYS_TRANS|G_SYS_EVAL|G_SOC_ECON|G_SOC_POWER|G_SOC_DEMOC|G_SOC_ENV|G_SOC_CULT|G_SOC_GOV,NO_CURATED_PRIOR|PREREQUISITE_FILTER:G_INT_VIOL|G_INT_SEX|G_INT_SELF|G_INT_ALLOC|G_INT_REPR|G_INT_POL|G_INT_PRIV|G_INT_ILLEGAL|G_INT_COPY|G_INT_ANTH|G_INT_REL|G_SYS_SECADV|G_SYS_POLICY|G_SYS_OVERCONF
SRC-G-0262,General,G_INT_VALUE|G_INT_UNETH|G_INT_WEAP|G_SYS_OREF|G_SYS_OEXT|G_SYS_INPUT|G_SYS_MISINFO|G_SYS_CONTEXT|G_SYS_INCONS|G_SYS_CONTEST|G_SYS_TRANS|G_SYS_EVAL|G_SOC_ECON|G_SOC_POWER|G_SOC_DEMOC|G_SOC_ENV|G_SOC_CULT|G_SOC_GOV,NO_CURATED_PRIOR|PREREQUISITE_FILTER:G_INT_VIOL|G_INT_SEX|G_INT_SELF|G_INT_ALLOC|G_INT_REPR|G_INT_POL|G_INT_PRIV|G_INT_ILLEGAL|G_INT_COPY|G_INT_ANTH|G_INT_REL|G_SYS_SECADV|G_SYS_POLICY|G_SYS_OVERCONF
SRC-G-0263,General,G_INT_VALUE|G_INT_UNETH|G_SYS_OREF|G_SYS_OEXT|G_SYS_INPUT|G_SYS_MISINFO|G_SYS_CONTEXT|G_SYS_INCONS|G_SYS_CONTEST|G_SYS_TRANS|G_SYS_EVAL|G_SOC_ECON|G_SOC_POWER|G_SOC_DEMOC|G_SOC_ENV|G_SOC_CULT|G_SOC_GOV,NO_CURATED_PRIOR|PREREQUISITE_FILTER:G_INT_VIOL|G_INT_SEX|G_INT_SELF|G_INT_ALLOC|G_INT_REPR|G_INT_POL|G_INT_PRIV|G_INT_ILLEGAL|G_INT_COPY|G_INT_WEAP|G_INT_ANTH|G_INT_REL|G_SYS_SECADV|G_SYS_POLICY|G_SYS_OVERCONF
SRC-G-0264,General,G_INT_VALUE|G_INT_UNETH|G_INT_WEAP|G_SYS_OREF|G_SYS_OEXT|G_SYS_INPUT|G_SYS_MISINFO|G_SYS_CONTEXT|G_SYS_INCONS|G_SYS_CONTEST|G_SYS_TRANS|G_SYS_EVAL|G_SOC_ECON|G_SOC_POWER|G_SOC_DEMOC|G_SOC_ENV|G_SOC_CULT|G_SOC_GOV,NO_CURATED_PRIOR|PREREQUISITE_FILTER:G_INT_VIOL|G_INT_SEX|G_INT_SELF|G_INT_ALLOC|G_INT_REPR|G_INT_POL|G_INT_PRIV|G_INT_ILLEGAL|G_INT_COPY|G_INT_ANTH|G_INT_REL|G_SYS_SECADV|G_SYS_POLICY|G_SYS_OVERCONF
SRC-G-0265,General,G_INT_VIOL|G_INT_VALUE|G_INT_UNETH|G_INT_WEAP|G_SYS_OREF|G_SYS_OEXT|G_SYS_INPUT|G_SYS_MISINFO|G_SYS_CONTEXT|G_SYS_INCONS|G_SYS_CONTEST|G_SYS_SECADV|G_SYS_TRANS|G_SYS_EVAL|G_SOC_ECON|G_SOC_POWER|G_SOC_DEMOC|G_SOC_ENV|G_SOC_CULT|G_SOC_GOV,NO_CURATED_PRIOR|PREREQUISITE_FILTER:G_INT_SEX|G_INT_SELF|G_INT_ALLOC|G_INT_REPR|G_INT_POL|G_INT_PRIV|G_INT_ILLEGAL|G_INT_COPY|G_INT_ANTH|G_INT_REL|G_SYS_POLICY|G_SYS_OVERCONF
SRC-G-0266,General,G_INT_VALUE|G_INT_UNETH|G_SYS_OREF|G_SYS_OEXT|G_SYS_INPUT|G_SYS_MISINFO|G_SYS_CONTEXT|G_SYS_INCONS|G_SYS_CONTEST|G_SYS_TRANS|G_SYS_EVAL|G_SOC_ECON|G_SOC_POWER|G_SOC_DEMOC|G_SOC_ENV|G_SOC_CULT|G_SOC_GOV,NO_CURATED_PRIOR|PREREQUISITE_FILTER:G_INT_VIOL|G_INT_SEX|G_INT_SELF|G_INT_ALLOC|G_INT_REPR|G_INT_POL|G_INT_PRIV|G_INT_ILLEGAL|G_INT_COPY|G_INT_WEAP|G_INT_ANTH|G_INT_REL|G_SYS_SECADV|G_SYS_POLICY|G_SYS_OVERCONF
SRC-G-0267,General,G_INT_VALUE|G_INT_UNETH|G_SYS_OREF|G_SYS_OEXT|G_SYS_INPUT|G_SYS_MISINFO|G_SYS_CONTEXT|G_SYS_INCONS|G_SYS_CONTEST|G_SYS_TRANS|G_SYS_EVAL|G_SOC_ECON|G_SOC_POWER|G_SOC_DEMOC|G_SOC_ENV|G_SOC_CULT|G_SOC_GOV,NO_CURATED_PRIOR|PREREQUISITE_FILTER:G_INT_VIOL|G_INT_SEX|G_INT_SELF|G_INT_ALLOC|G_INT_REPR|G_INT_POL|G_INT_PRIV|G_INT_ILLEGAL|G_INT_COPY|G_INT_WEAP|G_INT_ANTH|G_INT_REL|G_SYS_SECADV|G_SYS_POLICY|G_SYS_OVERCONF
SRC-G-0268,General,G_INT_VALUE|G_INT_UNETH|G_SYS_OREF|G_SYS_OEXT|G_SYS_INPUT|G_SYS_MISINFO|G_SYS_CONTEXT|G_SYS_INCONS|G_SYS_CONTEST|G_SYS_TRANS|G_SYS_EVAL|G_SOC_ECON|G_SOC_POWER|G_SOC_DEMOC|G_SOC_ENV|G_SOC_CULT|G_SOC_GOV,CURATED_SOURCE_MECHANISM_PRIOR:G_INT_UNETH|PREREQUISITE_FILTER:G_INT_VIOL|G_INT_SEX|G_INT_SELF|G_INT_ALLOC|G_INT_REPR|G_INT_POL|G_INT_PRIV|G_INT_ILLEGAL|G_INT_COPY|G_INT_WEAP|G_INT_ANTH|G_INT_REL|G_SYS_SECADV|G_SYS_POLICY|G_SYS_OVERCONF
SRC-G-0269,General,G_INT_VALUE|G_INT_UNETH|G_INT_ANTH|G_SYS_OREF|G_SYS_OEXT|G_SYS_INPUT|G_SYS_MISINFO|G_SYS_CONTEXT|G_SYS_INCONS|G_SYS_CONTEST|G_SYS_SECADV|G_SYS_TRANS|G_SYS_EVAL|G_SOC_ECON|G_SOC_POWER|G_SOC_DEMOC|G_SOC_ENV|G_SOC_CULT|G_SOC_GOV,NO_CURATED_PRIOR|PREREQUISITE_FILTER:G_INT_VIOL|G_INT_SEX|G_INT_SELF|G_INT_ALLOC|G_INT_REPR|G_INT_POL|G_INT_PRIV|G_INT_ILLEGAL|G_INT_COPY|G_INT_WEAP|G_INT_REL|G_SYS_POLICY|G_SYS_OVERCONF
SRC-G-0270,General,G_INT_VALUE|G_INT_UNETH|G_SYS_OREF|G_SYS_OEXT|G_SYS_INPUT|G_SYS_MISINFO|G_SYS_CONTEXT|G_SYS_INCONS|G_SYS_CONTEST|G_SYS_SECADV|G_SYS_TRANS|G_SYS_EVAL|G_SOC_ECON|G_SOC_POWER|G_SOC_DEMOC|G_SOC_ENV|G_SOC_CULT|G_SOC_GOV,NO_CURATED_PRIOR|PREREQUISITE_FILTER:G_INT_VIOL|G_INT_SEX|G_INT_SELF|G_INT_ALLOC|G_INT_REPR|G_INT_POL|G_INT_PRIV|G_INT_ILLEGAL|G_INT_COPY|G_INT_WEAP|G_INT_ANTH|G_INT_REL|G_SYS_POLICY|G_SYS_OVERCONF
SRC-G-0271,General,G_INT_VALUE|G_INT_UNETH|G_SYS_OREF|G_SYS_OEXT|G_SYS_INPUT|G_SYS_MISINFO|G_SYS_CONTEXT|G_SYS_INCONS|G_SYS_CONTEST|G_SYS_SECADV|G_SYS_TRANS|G_SYS_EVAL|G_SOC_ECON|G_SOC_POWER|G_SOC_DEMOC|G_SOC_ENV|G_SOC_CULT|G_SOC_GOV,NO_CURATED_PRIOR|PREREQUISITE_FILTER:G_INT_VIOL|G_INT_SEX|G_INT_SELF|G_INT_ALLOC|G_INT_REPR|G_INT_POL|G_INT_PRIV|G_INT_ILLEGAL|G_INT_COPY|G_INT_WEAP|G_INT_ANTH|G_INT_REL|G_SYS_POLICY|G_SYS_OVERCONF
SRC-G-0272,General,G_INT_VALUE|G_INT_PRIV|G_INT_UNETH|G_INT_ANTH|G_SYS_OREF|G_SYS_OEXT|G_SYS_INPUT|G_SYS_MISINFO|G_SYS_CONTEXT|G_SYS_INCONS|G_SYS_CONTEST|G_SYS_SECADV|G_SYS_POLICY|G_SYS_TRANS|G_SYS_EVAL|G_SOC_ECON|G_SOC_POWER|G_SOC_DEMOC|G_SOC_ENV|G_SOC_CULT|G_SOC_GOV,NO_CURATED_PRIOR|PREREQUISITE_FILTER:G_INT_VIOL|G_INT_SEX|G_INT_SELF|G_INT_ALLOC|G_INT_REPR|G_INT_POL|G_INT_ILLEGAL|G_INT_COPY|G_INT_WEAP|G_INT_REL|G_SYS_OVERCONF
SRC-G-0273,General,G_INT_VALUE|G_INT_PRIV|G_INT_UNETH|G_SYS_OREF|G_SYS_OEXT|G_SYS_INPUT|G_SYS_MISINFO|G_SYS_CONTEXT|G_SYS_INCONS|G_SYS_CONTEST|G_SYS_TRANS|G_SYS_EVAL|G_SOC_ECON|G_SOC_POWER|G_SOC_DEMOC|G_SOC_ENV|G_SOC_CULT|G_SOC_GOV,NO_CURATED_PRIOR|PREREQUISITE_FILTER:G_INT_VIOL|G_INT_SEX|G_INT_SELF|G_INT_ALLOC|G_INT_REPR|G_INT_POL|G_INT_ILLEGAL|G_INT_COPY|G_INT_WEAP|G_INT_ANTH|G_INT_REL|G_SYS_SECADV|G_SYS_POLICY|G_SYS_OVERCONF
SRC-G-0274,General,G_INT_VALUE|G_INT_ILLEGAL|G_INT_UNETH|G_SYS_OREF|G_SYS_OEXT|G_SYS_INPUT|G_SYS_MISINFO|G_SYS_CONTEXT|G_SYS_INCONS|G_SYS_CONTEST|G_SYS_SECADV|G_SYS_POLICY|G_SYS_TRANS|G_SYS_EVAL|G_SOC_ECON|G_SOC_POWER|G_SOC_DEMOC|G_SOC_ENV|G_SOC_CULT|G_SOC_GOV,NO_CURATED_PRIOR|PREREQUISITE_FILTER:G_INT_VIOL|G_INT_SEX|G_INT_SELF|G_INT_ALLOC|G_INT_REPR|G_INT_POL|G_INT_PRIV|G_INT_COPY|G_INT_WEAP|G_INT_ANTH|G_INT_REL|G_SYS_OVERCONF
SRC-G-0275,General,G_INT_REPR|G_INT_VALUE|G_INT_UNETH|G_SYS_OREF|G_SYS_OEXT|G_SYS_INPUT|G_SYS_MISINFO|G_SYS_CONTEXT|G_SYS_INCONS|G_SYS_CONTEST|G_SYS_POLICY|G_SYS_TRANS|G_SYS_EVAL|G_SOC_ECON|G_SOC_POWER|G_SOC_DEMOC|G_SOC_ENV|G_SOC_CULT|G_SOC_GOV,NO_CURATED_PRIOR|PREREQUISITE_FILTER:G_INT_VIOL|G_INT_SEX|G_INT_SELF|G_INT_ALLOC|G_INT_POL|G_INT_PRIV|G_INT_ILLEGAL|G_INT_COPY|G_INT_WEAP|G_INT_ANTH|G_INT_REL|G_SYS_SECADV|G_SYS_OVERCONF
SRC-G-0276,General,G_INT_VALUE|G_INT_UNETH|G_SYS_OREF|G_SYS_OEXT|G_SYS_INPUT|G_SYS_MISINFO|G_SYS_CONTEXT|G_SYS_INCONS|G_SYS_CONTEST|G_SYS_SECADV|G_SYS_POLICY|G_SYS_TRANS|G_SYS_EVAL|G_SOC_ECON|G_SOC_POWER|G_SOC_DEMOC|G_SOC_ENV|G_SOC_CULT|G_SOC_GOV,NO_CURATED_PRIOR|PREREQUISITE_FILTER:G_INT_VIOL|G_INT_SEX|G_INT_SELF|G_INT_ALLOC|G_INT_REPR|G_INT_POL|G_INT_PRIV|G_INT_ILLEGAL|G_INT_COPY|G_INT_WEAP|G_INT_ANTH|G_INT_REL|G_SYS_OVERCONF
SRC-G-0277,General,G_INT_VALUE|G_INT_PRIV|G_INT_UNETH|G_SYS_OREF|G_SYS_OEXT|G_SYS_INPUT|G_SYS_MISINFO|G_SYS_CONTEXT|G_SYS_INCONS|G_SYS_CONTEST|G_SYS_POLICY|G_SYS_TRANS|G_SYS_EVAL|G_SOC_ECON|G_SOC_POWER|G_SOC_DEMOC|G_SOC_ENV|G_SOC_CULT|G_SOC_GOV,CURATED_SOURCE_MECHANISM_PRIOR:G_INT_PRIV|PREREQUISITE_FILTER:G_INT_VIOL|G_INT_SEX|G_INT_SELF|G_INT_ALLOC|G_INT_REPR|G_INT_POL|G_INT_ILLEGAL|G_INT_COPY|G_INT_WEAP|G_INT_ANTH|G_INT_REL|G_SYS_SECADV|G_SYS_OVERCONF
SRC-G-0278,General,G_INT_VALUE|G_INT_UNETH|G_SYS_OREF|G_SYS_OEXT|G_SYS_INPUT|G_SYS_MISINFO|G_SYS_CONTEXT|G_SYS_INCONS|G_SYS_CONTEST|G_SYS_SECADV|G_SYS_TRANS|G_SYS_EVAL|G_SOC_ECON|G_SOC_POWER|G_SOC_DEMOC|G_SOC_ENV|G_SOC_CULT|G_SOC_GOV,NO_CURATED_PRIOR|PREREQUISITE_FILTER:G_INT_VIOL|G_INT_SEX|G_INT_SELF|G_INT_ALLOC|G_INT_REPR|G_INT_POL|G_INT_PRIV|G_INT_ILLEGAL|G_INT_COPY|G_INT_WEAP|G_INT_ANTH|G_INT_REL|G_SYS_POLICY|G_SYS_OVERCONF
SRC-G-0279,General,G_INT_ALLOC|G_INT_VALUE|G_INT_UNETH|G_SYS_OREF|G_SYS_OEXT|G_SYS_INPUT|G_SYS_MISINFO|G_SYS_CONTEXT|G_SYS_INCONS|G_SYS_CONTEST|G_SYS_SECADV|G_SYS_TRANS|G_SYS_EVAL|G_SOC_ECON|G_SOC_POWER|G_SOC_DEMOC|G_SOC_ENV|G_SOC_CULT|G_SOC_GOV,NO_CURATED_PRIOR|PREREQUISITE_FILTER:G_INT_VIOL|G_INT_SEX|G_INT_SELF|G_INT_REPR|G_INT_POL|G_INT_PRIV|G_INT_ILLEGAL|G_INT_COPY|G_INT_WEAP|G_INT_ANTH|G_INT_REL|G_SYS_POLICY|G_SYS_OVERCONF
SRC-G-0280,General,G_INT_VALUE|G_INT_UNETH|G_SYS_OREF|G_SYS_OEXT|G_SYS_INPUT|G_SYS_MISINFO|G_SYS_CONTEXT|G_SYS_INCONS|G_SYS_CONTEST|G_SYS_SECADV|G_SYS_TRANS|G_SYS_EVAL|G_SOC_ECON|G_SOC_POWER|G_SOC_DEMOC|G_SOC_ENV|G_SOC_CULT|G_SOC_GOV,CURATED_SOURCE_MECHANISM_PRIOR:G_SYS_SECADV|PREREQUISITE_FILTER:G_INT_VIOL|G_INT_SEX|G_INT_SELF|G_INT_ALLOC|G_INT_REPR|G_INT_POL|G_INT_PRIV|G_INT_ILLEGAL|G_INT_COPY|G_INT_WEAP|G_INT_ANTH|G_INT_REL|G_SYS_SECADV|G_SYS_POLICY|G_SYS_OVERCONF
SRC-G-0281,General,G_INT_VALUE|G_INT_UNETH|G_SYS_OREF|G_SYS_OEXT|G_SYS_INPUT|G_SYS_MISINFO|G_SYS_CONTEXT|G_SYS_INCONS|G_SYS_CONTEST|G_SYS_TRANS|G_SYS_EVAL|G_SOC_ECON|G_SOC_POWER|G_SOC_DEMOC|G_SOC_ENV|G_SOC_CULT|G_SOC_GOV,CURATED_SOURCE_MECHANISM_PRIOR:G_SYS_EVAL|PREREQUISITE_FILTER:G_INT_VIOL|G_INT_SEX|G_INT_SELF|G_INT_ALLOC|G_INT_REPR|G_INT_POL|G_INT_PRIV|G_INT_ILLEGAL|G_INT_COPY|G_INT_WEAP|G_INT_ANTH|G_INT_REL|G_SYS_SECADV|G_SYS_POLICY|G_SYS_OVERCONF
SRC-G-0282,General,G_INT_VALUE|G_INT_UNETH|G_INT_WEAP|G_SYS_OREF|G_SYS_OEXT|G_SYS_INPUT|G_SYS_MISINFO|G_SYS_CONTEXT|G_SYS_INCONS|G_SYS_CONTEST|G_SYS_POLICY|G_SYS_TRANS|G_SYS_EVAL|G_SOC_ECON|G_SOC_POWER|G_SOC_DEMOC|G_SOC_ENV|G_SOC_CULT|G_SOC_GOV,CURATED_SOURCE_MECHANISM_PRIOR:G_INT_WEAP|PREREQUISITE_FILTER:G_INT_VIOL|G_INT_SEX|G_INT_SELF|G_INT_ALLOC|G_INT_REPR|G_INT_POL|G_INT_PRIV|G_INT_ILLEGAL|G_INT_COPY|G_INT_WEAP|G_INT_ANTH|G_INT_REL|G_SYS_SECADV|G_SYS_OVERCONF
SRC-G-0283,General,G_INT_VALUE|G_INT_UNETH|G_SYS_OREF|G_SYS_OEXT|G_SYS_INPUT|G_SYS_MISINFO|G_SYS_CONTEXT|G_SYS_INCONS|G_SYS_CONTEST|G_SYS_SECADV|G_SYS_POLICY|G_SYS_TRANS|G_SYS_EVAL|G_SOC_ECON|G_SOC_POWER|G_SOC_DEMOC|G_SOC_ENV|G_SOC_CULT|G_SOC_GOV,NO_CURATED_PRIOR|PREREQUISITE_FILTER:G_INT_VIOL|G_INT_SEX|G_INT_SELF|G_INT_ALLOC|G_INT_REPR|G_INT_POL|G_INT_PRIV|G_INT_ILLEGAL|G_INT_COPY|G_INT_WEAP|G_INT_ANTH|G_INT_REL|G_SYS_OVERCONF
SRC-G-0284,General,G_INT_VALUE|G_INT_UNETH|G_SYS_OREF|G_SYS_OEXT|G_SYS_INPUT|G_SYS_MISINFO|G_SYS_CONTEXT|G_SYS_INCONS|G_SYS_CONTEST|G_SYS_TRANS|G_SYS_EVAL|G_SOC_ECON|G_SOC_POWER|G_SOC_DEMOC|G_SOC_ENV|G_SOC_CULT|G_SOC_GOV,NO_CURATED_PRIOR|PREREQUISITE_FILTER:G_INT_VIOL|G_INT_SEX|G_INT_SELF|G_INT_ALLOC|G_INT_REPR|G_INT_POL|G_INT_PRIV|G_INT_ILLEGAL|G_INT_COPY|G_INT_WEAP|G_INT_ANTH|G_INT_REL|G_SYS_SECADV|G_SYS_POLICY|G_SYS_OVERCONF
SRC-G-0285,General,G_INT_VALUE|G_INT_UNETH|G_SYS_OREF|G_SYS_OEXT|G_SYS_INPUT|G_SYS_MISINFO|G_SYS_CONTEXT|G_SYS_INCONS|G_SYS_CONTEST|G_SYS_TRANS|G_SYS_EVAL|G_SOC_ECON|G_SOC_POWER|G_SOC_DEMOC|G_SOC_ENV|G_SOC_CULT|G_SOC_GOV,NO_CURATED_PRIOR|PREREQUISITE_FILTER:G_INT_VIOL|G_INT_SEX|G_INT_SELF|G_INT_ALLOC|G_INT_REPR|G_INT_POL|G_INT_PRIV|G_INT_ILLEGAL|G_INT_COPY|G_INT_WEAP|G_INT_ANTH|G_INT_REL|G_SYS_SECADV|G_SYS_POLICY|G_SYS_OVERCONF
SRC-G-0286,General,G_INT_ALLOC|G_INT_VALUE|G_INT_UNETH|G_INT_ANTH|G_SYS_OREF|G_SYS_OEXT|G_SYS_INPUT|G_SYS_MISINFO|G_SYS_CONTEXT|G_SYS_INCONS|G_SYS_CONTEST|G_SYS_TRANS|G_SYS_EVAL|G_SOC_ECON|G_SOC_POWER|G_SOC_DEMOC|G_SOC_ENV|G_SOC_CULT|G_SOC_GOV,NO_CURATED_PRIOR|PREREQUISITE_FILTER:G_INT_VIOL|G_INT_SEX|G_INT_SELF|G_INT_REPR|G_INT_POL|G_INT_PRIV|G_INT_ILLEGAL|G_INT_COPY|G_INT_WEAP|G_INT_REL|G_SYS_SECADV|G_SYS_POLICY|G_SYS_OVERCONF
SRC-G-0287,General,G_INT_VALUE|G_INT_UNETH|G_SYS_OREF|G_SYS_OEXT|G_SYS_INPUT|G_SYS_MISINFO|G_SYS_CONTEXT|G_SYS_INCONS|G_SYS_CONTEST|G_SYS_TRANS|G_SYS_EVAL|G_SOC_ECON|G_SOC_POWER|G_SOC_DEMOC|G_SOC_ENV|G_SOC_CULT|G_SOC_GOV,NO_CURATED_PRIOR|PREREQUISITE_FILTER:G_INT_VIOL|G_INT_SEX|G_INT_SELF|G_INT_ALLOC|G_INT_REPR|G_INT_POL|G_INT_PRIV|G_INT_ILLEGAL|G_INT_COPY|G_INT_WEAP|G_INT_ANTH|G_INT_REL|G_SYS_SECADV|G_SYS_POLICY|G_SYS_OVERCONF
SRC-G-0288,General,G_INT_ALLOC|G_INT_VALUE|G_INT_UNETH|G_SYS_OREF|G_SYS_OEXT|G_SYS_INPUT|G_SYS_MISINFO|G_SYS_CONTEXT|G_SYS_INCONS|G_SYS_CONTEST|G_SYS_TRANS|G_SYS_EVAL|G_SOC_ECON|G_SOC_POWER|G_SOC_DEMOC|G_SOC_ENV|G_SOC_CULT|G_SOC_GOV,NO_CURATED_PRIOR|PREREQUISITE_FILTER:G_INT_VIOL|G_INT_SEX|G_INT_SELF|G_INT_REPR|G_INT_POL|G_INT_PRIV|G_INT_ILLEGAL|G_INT_COPY|G_INT_WEAP|G_INT_ANTH|G_INT_REL|G_SYS_SECADV|G_SYS_POLICY|G_SYS_OVERCONF
SRC-G-0289,General,G_INT_VALUE|G_INT_UNETH|G_SYS_OREF|G_SYS_OEXT|G_SYS_INPUT|G_SYS_MISINFO|G_SYS_CONTEXT|G_SYS_INCONS|G_SYS_CONTEST|G_SYS_TRANS|G_SYS_EVAL|G_SOC_ECON|G_SOC_POWER|G_SOC_DEMOC|G_SOC_ENV|G_SOC_CULT|G_SOC_GOV,NO_CURATED_PRIOR|PREREQUISITE_FILTER:G_INT_VIOL|G_INT_SEX|G_INT_SELF|G_INT_ALLOC|G_INT_REPR|G_INT_POL|G_INT_PRIV|G_INT_ILLEGAL|G_INT_COPY|G_INT_WEAP|G_INT_ANTH|G_INT_REL|G_SYS_SECADV|G_SYS_POLICY|G_SYS_OVERCONF
SRC-G-0290,General,G_INT_VIOL|G_INT_VALUE|G_INT_UNETH|G_SYS_OREF|G_SYS_OEXT|G_SYS_INPUT|G_SYS_MISINFO|G_SYS_CONTEXT|G_SYS_INCONS|G_SYS_CONTEST|G_SYS_SECADV|G_SYS_TRANS|G_SYS_EVAL|G_SOC_ECON|G_SOC_POWER|G_SOC_DEMOC|G_SOC_ENV|G_SOC_CULT|G_SOC_GOV,NO_CURATED_PRIOR|PREREQUISITE_FILTER:G_INT_SEX|G_INT_SELF|G_INT_ALLOC|G_INT_REPR|G_INT_POL|G_INT_PRIV|G_INT_ILLEGAL|G_INT_COPY|G_INT_WEAP|G_INT_ANTH|G_INT_REL|G_SYS_POLICY|G_SYS_OVERCONF
SRC-G-0291,General,G_INT_ALLOC|G_INT_VALUE|G_INT_UNETH|G_SYS_OREF|G_SYS_OEXT|G_SYS_INPUT|G_SYS_MISINFO|G_SYS_CONTEXT|G_SYS_INCONS|G_SYS_CONTEST|G_SYS_TRANS|G_SYS_EVAL|G_SOC_ECON|G_SOC_POWER|G_SOC_DEMOC|G_SOC_ENV|G_SOC_CULT|G_SOC_GOV,NO_CURATED_PRIOR|PREREQUISITE_FILTER:G_INT_VIOL|G_INT_SEX|G_INT_SELF|G_INT_REPR|G_INT_POL|G_INT_PRIV|G_INT_ILLEGAL|G_INT_COPY|G_INT_WEAP|G_INT_ANTH|G_INT_REL|G_SYS_SECADV|G_SYS_POLICY|G_SYS_OVERCONF
SRC-G-0292,General,G_INT_ALLOC|G_INT_VALUE|G_INT_UNETH|G_SYS_OREF|G_SYS_OEXT|G_SYS_INPUT|G_SYS_MISINFO|G_SYS_CONTEXT|G_SYS_INCONS|G_SYS_CONTEST|G_SYS_TRANS|G_SYS_EVAL|G_SOC_ECON|G_SOC_POWER|G_SOC_DEMOC|G_SOC_ENV|G_SOC_CULT|G_SOC_GOV,NO_CURATED_PRIOR|PREREQUISITE_FILTER:G_INT_VIOL|G_INT_SEX|G_INT_SELF|G_INT_REPR|G_INT_POL|G_INT_PRIV|G_INT_ILLEGAL|G_INT_COPY|G_INT_WEAP|G_INT_ANTH|G_INT_REL|G_SYS_SECADV|G_SYS_POLICY|G_SYS_OVERCONF
SRC-G-0293,General,G_INT_ALLOC|G_INT_VALUE|G_INT_UNETH|G_SYS_OREF|G_SYS_OEXT|G_SYS_INPUT|G_SYS_MISINFO|G_SYS_CONTEXT|G_SYS_INCONS|G_SYS_CONTEST|G_SYS_TRANS|G_SYS_EVAL|G_SOC_ECON|G_SOC_POWER|G_SOC_DEMOC|G_SOC_ENV|G_SOC_CULT|G_SOC_GOV,NO_CURATED_PRIOR|PREREQUISITE_FILTER:G_INT_VIOL|G_INT_SEX|G_INT_SELF|G_INT_REPR|G_INT_POL|G_INT_PRIV|G_INT_ILLEGAL|G_INT_COPY|G_INT_WEAP|G_INT_ANTH|G_INT_REL|G_SYS_SECADV|G_SYS_POLICY|G_SYS_OVERCONF
SRC-G-0294,General,G_INT_ALLOC|G_INT_VALUE|G_INT_UNETH|G_SYS_OREF|G_SYS_OEXT|G_SYS_INPUT|G_SYS_MISINFO|G_SYS_CONTEXT|G_SYS_INCONS|G_SYS_CONTEST|G_SYS_TRANS|G_SYS_EVAL|G_SOC_ECON|G_SOC_POWER|G_SOC_DEMOC|G_SOC_ENV|G_SOC_CULT|G_SOC_GOV,NO_CURATED_PRIOR|PREREQUISITE_FILTER:G_INT_VIOL|G_INT_SEX|G_INT_SELF|G_INT_REPR|G_INT_POL|G_INT_PRIV|G_INT_ILLEGAL|G_INT_COPY|G_INT_WEAP|G_INT_ANTH|G_INT_REL|G_SYS_SECADV|G_SYS_POLICY|G_SYS_OVERCONF
SRC-G-0295,General,G_INT_REPR|G_INT_VALUE|G_INT_UNETH|G_SYS_OREF|G_SYS_OEXT|G_SYS_INPUT|G_SYS_MISINFO|G_SYS_CONTEXT|G_SYS_INCONS|G_SYS_CONTEST|G_SYS_TRANS|G_SYS_EVAL|G_SOC_ECON|G_SOC_POWER|G_SOC_DEMOC|G_SOC_ENV|G_SOC_CULT|G_SOC_GOV,NO_CURATED_PRIOR|PREREQUISITE_FILTER:G_INT_VIOL|G_INT_SEX|G_INT_SELF|G_INT_ALLOC|G_INT_POL|G_INT_PRIV|G_INT_ILLEGAL|G_INT_COPY|G_INT_WEAP|G_INT_ANTH|G_INT_REL|G_SYS_SECADV|G_SYS_POLICY|G_SYS_OVERCONF
SRC-G-0296,General,G_INT_VALUE|G_INT_UNETH|G_SYS_OREF|G_SYS_OEXT|G_SYS_INPUT|G_SYS_MISINFO|G_SYS_CONTEXT|G_SYS_INCONS|G_SYS_CONTEST|G_SYS_TRANS|G_SYS_EVAL|G_SOC_ECON|G_SOC_POWER|G_SOC_DEMOC|G_SOC_ENV|G_SOC_CULT|G_SOC_GOV,NO_CURATED_PRIOR|PREREQUISITE_FILTER:G_INT_VIOL|G_INT_SEX|G_INT_SELF|G_INT_ALLOC|G_INT_REPR|G_INT_POL|G_INT_PRIV|G_INT_ILLEGAL|G_INT_COPY|G_INT_WEAP|G_INT_ANTH|G_INT_REL|G_SYS_SECADV|G_SYS_POLICY|G_SYS_OVERCONF
SRC-G-0297,General,G_INT_ALLOC|G_INT_REPR|G_INT_VALUE|G_INT_UNETH|G_SYS_OREF|G_SYS_OEXT|G_SYS_INPUT|G_SYS_MISINFO|G_SYS_CONTEXT|G_SYS_INCONS|G_SYS_CONTEST|G_SYS_TRANS|G_SYS_EVAL|G_SOC_ECON|G_SOC_POWER|G_SOC_DEMOC|G_SOC_ENV|G_SOC_CULT|G_SOC_GOV,CURATED_SOURCE_MECHANISM_PRIOR:G_SOC_ENV|PREREQUISITE_FILTER:G_INT_VIOL|G_INT_SEX|G_INT_SELF|G_INT_POL|G_INT_PRIV|G_INT_ILLEGAL|G_INT_COPY|G_INT_WEAP|G_INT_ANTH|G_INT_REL|G_SYS_SECADV|G_SYS_POLICY|G_SYS_OVERCONF
SRC-G-0298,General,G_INT_VALUE|G_INT_UNETH|G_SYS_OREF|G_SYS_OEXT|G_SYS_INPUT|G_SYS_MISINFO|G_SYS_CONTEXT|G_SYS_INCONS|G_SYS_CONTEST|G_SYS_TRANS|G_SYS_EVAL|G_SOC_ECON|G_SOC_POWER|G_SOC_DEMOC|G_SOC_ENV|G_SOC_CULT|G_SOC_GOV,NO_CURATED_PRIOR|PREREQUISITE_FILTER:G_INT_VIOL|G_INT_SEX|G_INT_SELF|G_INT_ALLOC|G_INT_REPR|G_INT_POL|G_INT_PRIV|G_INT_ILLEGAL|G_INT_COPY|G_INT_WEAP|G_INT_ANTH|G_INT_REL|G_SYS_SECADV|G_SYS_POLICY|G_SYS_OVERCONF
SRC-G-0299,General,G_INT_VALUE|G_INT_UNETH|G_SYS_OREF|G_SYS_OEXT|G_SYS_INPUT|G_SYS_MISINFO|G_SYS_CONTEXT|G_SYS_INCONS|G_SYS_CONTEST|G_SYS_TRANS|G_SYS_EVAL|G_SOC_ECON|G_SOC_POWER|G_SOC_DEMOC|G_SOC_ENV|G_SOC_CULT|G_SOC_GOV,NO_CURATED_PRIOR|PREREQUISITE_FILTER:G_INT_VIOL|G_INT_SEX|G_INT_SELF|G_INT_ALLOC|G_INT_REPR|G_INT_POL|G_INT_PRIV|G_INT_ILLEGAL|G_INT_COPY|G_INT_WEAP|G_INT_ANTH|G_INT_REL|G_SYS_SECADV|G_SYS_POLICY|G_SYS_OVERCONF
SRC-G-0300,General,G_INT_VALUE|G_INT_UNETH|G_SYS_OREF|G_SYS_OEXT|G_SYS_INPUT|G_SYS_MISINFO|G_SYS_CONTEXT|G_SYS_INCONS|G_SYS_CONTEST|G_SYS_TRANS|G_SYS_EVAL|G_SOC_ECON|G_SOC_POWER|G_SOC_DEMOC|G_SOC_ENV|G_SOC_CULT|G_SOC_GOV,NO_CURATED_PRIOR|PREREQUISITE_FILTER:G_INT_VIOL|G_INT_SEX|G_INT_SELF|G_INT_ALLOC|G_INT_REPR|G_INT_POL|G_INT_PRIV|G_INT_ILLEGAL|G_INT_COPY|G_INT_WEAP|G_INT_ANTH|G_INT_REL|G_SYS_SECADV|G_SYS_POLICY|G_SYS_OVERCONF
SRC-G-0301,General,G_INT_VALUE|G_INT_UNETH|G_SYS_OREF|G_SYS_OEXT|G_SYS_INPUT|G_SYS_MISINFO|G_SYS_CONTEXT|G_SYS_INCONS|G_SYS_CONTEST|G_SYS_TRANS|G_SYS_EVAL|G_SOC_ECON|G_SOC_POWER|G_SOC_DEMOC|G_SOC_ENV|G_SOC_CULT|G_SOC_GOV,NO_CURATED_PRIOR|PREREQUISITE_FILTER:G_INT_VIOL|G_INT_SEX|G_INT_SELF|G_INT_ALLOC|G_INT_REPR|G_INT_POL|G_INT_PRIV|G_INT_ILLEGAL|G_INT_COPY|G_INT_WEAP|G_INT_ANTH|G_INT_REL|G_SYS_SECADV|G_SYS_POLICY|G_SYS_OVERCONF
SRC-G-0302,General,G_INT_VALUE|G_INT_UNETH|G_SYS_OREF|G_SYS_OEXT|G_SYS_INPUT|G_SYS_MISINFO|G_SYS_CONTEXT|G_SYS_INCONS|G_SYS_CONTEST|G_SYS_SECADV|G_SYS_TRANS|G_SYS_EVAL|G_SOC_ECON|G_SOC_POWER|G_SOC_DEMOC|G_SOC_ENV|G_SOC_CULT|G_SOC_GOV,NO_CURATED_PRIOR|PREREQUISITE_FILTER:G_INT_VIOL|G_INT_SEX|G_INT_SELF|G_INT_ALLOC|G_INT_REPR|G_INT_POL|G_INT_PRIV|G_INT_ILLEGAL|G_INT_COPY|G_INT_WEAP|G_INT_ANTH|G_INT_REL|G_SYS_POLICY|G_SYS_OVERCONF
SRC-G-0303,General,G_INT_VALUE|G_INT_UNETH|G_SYS_OREF|G_SYS_OEXT|G_SYS_INPUT|G_SYS_MISINFO|G_SYS_CONTEXT|G_SYS_INCONS|G_SYS_CONTEST|G_SYS_TRANS|G_SYS_EVAL|G_SOC_ECON|G_SOC_POWER|G_SOC_DEMOC|G_SOC_ENV|G_SOC_CULT|G_SOC_GOV,NO_CURATED_PRIOR|PREREQUISITE_FILTER:G_INT_VIOL|G_INT_SEX|G_INT_SELF|G_INT_ALLOC|G_INT_REPR|G_INT_POL|G_INT_PRIV|G_INT_ILLEGAL|G_INT_COPY|G_INT_WEAP|G_INT_ANTH|G_INT_REL|G_SYS_SECADV|G_SYS_POLICY|G_SYS_OVERCONF
SRC-G-0304,General,G_INT_SEX|G_INT_ALLOC|G_INT_VALUE|G_INT_PRIV|G_INT_UNETH|G_SYS_OREF|G_SYS_OEXT|G_SYS_INPUT|G_SYS_MISINFO|G_SYS_CONTEXT|G_SYS_INCONS|G_SYS_CONTEST|G_SYS_TRANS|G_SYS_EVAL|G_SOC_ECON|G_SOC_POWER|G_SOC_DEMOC|G_SOC_ENV|G_SOC_CULT|G_SOC_GOV,NO_CURATED_PRIOR|PREREQUISITE_FILTER:G_INT_VIOL|G_INT_SELF|G_INT_REPR|G_INT_POL|G_INT_ILLEGAL|G_INT_COPY|G_INT_WEAP|G_INT_ANTH|G_INT_REL|G_SYS_SECADV|G_SYS_POLICY|G_SYS_OVERCONF
SRC-G-0305,General,G_INT_VALUE|G_INT_POL|G_INT_PRIV|G_INT_UNETH|G_SYS_OREF|G_SYS_OEXT|G_SYS_INPUT|G_SYS_MISINFO|G_SYS_CONTEXT|G_SYS_INCONS|G_SYS_CONTEST|G_SYS_TRANS|G_SYS_EVAL|G_SOC_ECON|G_SOC_POWER|G_SOC_DEMOC|G_SOC_ENV|G_SOC_CULT|G_SOC_GOV,NO_CURATED_PRIOR|PREREQUISITE_FILTER:G_INT_VIOL|G_INT_SEX|G_INT_SELF|G_INT_ALLOC|G_INT_REPR|G_INT_ILLEGAL|G_INT_COPY|G_INT_WEAP|G_INT_ANTH|G_INT_REL|G_SYS_SECADV|G_SYS_POLICY|G_SYS_OVERCONF
SRC-G-0306,General,G_INT_VALUE|G_INT_UNETH|G_SYS_OREF|G_SYS_OEXT|G_SYS_INPUT|G_SYS_MISINFO|G_SYS_CONTEXT|G_SYS_INCONS|G_SYS_CONTEST|G_SYS_TRANS|G_SYS_EVAL|G_SOC_ECON|G_SOC_POWER|G_SOC_DEMOC|G_SOC_ENV|G_SOC_CULT|G_SOC_GOV,NO_CURATED_PRIOR|PREREQUISITE_FILTER:G_INT_VIOL|G_INT_SEX|G_INT_SELF|G_INT_ALLOC|G_INT_REPR|G_INT_POL|G_INT_PRIV|G_INT_ILLEGAL|G_INT_COPY|G_INT_WEAP|G_INT_ANTH|G_INT_REL|G_SYS_SECADV|G_SYS_POLICY|G_SYS_OVERCONF
SRC-G-0307,General,G_INT_VALUE|G_INT_UNETH|G_SYS_OREF|G_SYS_OEXT|G_SYS_INPUT|G_SYS_MISINFO|G_SYS_CONTEXT|G_SYS_INCONS|G_SYS_CONTEST|G_SYS_TRANS|G_SYS_EVAL|G_SOC_ECON|G_SOC_POWER|G_SOC_DEMOC|G_SOC_ENV|G_SOC_CULT|G_SOC_GOV,NO_CURATED_PRIOR|PREREQUISITE_FILTER:G_INT_VIOL|G_INT_SEX|G_INT_SELF|G_INT_ALLOC|G_INT_REPR|G_INT_POL|G_INT_PRIV|G_INT_ILLEGAL|G_INT_COPY|G_INT_WEAP|G_INT_ANTH|G_INT_REL|G_SYS_SECADV|G_SYS_POLICY|G_SYS_OVERCONF
SRC-G-0308,General,G_INT_VALUE|G_INT_UNETH|G_SYS_OREF|G_SYS_OEXT|G_SYS_INPUT|G_SYS_MISINFO|G_SYS_CONTEXT|G_SYS_INCONS|G_SYS_CONTEST|G_SYS_TRANS|G_SYS_EVAL|G_SOC_ECON|G_SOC_POWER|G_SOC_DEMOC|G_SOC_ENV|G_SOC_CULT|G_SOC_GOV,NO_CURATED_PRIOR|PREREQUISITE_FILTER:G_INT_VIOL|G_INT_SEX|G_INT_SELF|G_INT_ALLOC|G_INT_REPR|G_INT_POL|G_INT_PRIV|G_INT_ILLEGAL|G_INT_COPY|G_INT_WEAP|G_INT_ANTH|G_INT_REL|G_SYS_SECADV|G_SYS_POLICY|G_SYS_OVERCONF
SRC-G-0309,General,G_INT_ALLOC|G_INT_VALUE|G_INT_UNETH|G_SYS_OREF|G_SYS_OEXT|G_SYS_INPUT|G_SYS_MISINFO|G_SYS_CONTEXT|G_SYS_INCONS|G_SYS_CONTEST|G_SYS_TRANS|G_SYS_EVAL|G_SOC_ECON|G_SOC_POWER|G_SOC_DEMOC|G_SOC_ENV|G_SOC_CULT|G_SOC_GOV,NO_CURATED_PRIOR|PREREQUISITE_FILTER:G_INT_VIOL|G_INT_SEX|G_INT_SELF|G_INT_REPR|G_INT_POL|G_INT_PRIV|G_INT_ILLEGAL|G_INT_COPY|G_INT_WEAP|G_INT_ANTH|G_INT_REL|G_SYS_SECADV|G_SYS_POLICY|G_SYS_OVERCONF
SRC-G-0310,General,G_INT_VALUE|G_INT_UNETH|G_SYS_OREF|G_SYS_OEXT|G_SYS_INPUT|G_SYS_MISINFO|G_SYS_CONTEXT|G_SYS_INCONS|G_SYS_CONTEST|G_SYS_TRANS|G_SYS_EVAL|G_SOC_ECON|G_SOC_POWER|G_SOC_DEMOC|G_SOC_ENV|G_SOC_CULT|G_SOC_GOV,NO_CURATED_PRIOR|PREREQUISITE_FILTER:G_INT_VIOL|G_INT_SEX|G_INT_SELF|G_INT_ALLOC|G_INT_REPR|G_INT_POL|G_INT_PRIV|G_INT_ILLEGAL|G_INT_COPY|G_INT_WEAP|G_INT_ANTH|G_INT_REL|G_SYS_SECADV|G_SYS_POLICY|G_SYS_OVERCONF
SRC-G-0311,General,G_INT_ALLOC|G_INT_VALUE|G_INT_UNETH|G_SYS_OREF|G_SYS_OEXT|G_SYS_INPUT|G_SYS_MISINFO|G_SYS_CONTEXT|G_SYS_INCONS|G_SYS_CONTEST|G_SYS_TRANS|G_SYS_EVAL|G_SOC_ECON|G_SOC_POWER|G_SOC_DEMOC|G_SOC_ENV|G_SOC_CULT|G_SOC_GOV,NO_CURATED_PRIOR|PREREQUISITE_FILTER:G_INT_VIOL|G_INT_SEX|G_INT_SELF|G_INT_REPR|G_INT_POL|G_INT_PRIV|G_INT_ILLEGAL|G_INT_COPY|G_INT_WEAP|G_INT_ANTH|G_INT_REL|G_SYS_SECADV|G_SYS_POLICY|G_SYS_OVERCONF
SRC-G-0312,General,G_INT_VALUE|G_INT_UNETH|G_SYS_OREF|G_SYS_OEXT|G_SYS_INPUT|G_SYS_MISINFO|G_SYS_CONTEXT|G_SYS_INCONS|G_SYS_CONTEST|G_SYS_TRANS|G_SYS_EVAL|G_SOC_ECON|G_SOC_POWER|G_SOC_DEMOC|G_SOC_ENV|G_SOC_CULT|G_SOC_GOV,NO_CURATED_PRIOR|PREREQUISITE_FILTER:G_INT_VIOL|G_INT_SEX|G_INT_SELF|G_INT_ALLOC|G_INT_REPR|G_INT_POL|G_INT_PRIV|G_INT_ILLEGAL|G_INT_COPY|G_INT_WEAP|G_INT_ANTH|G_INT_REL|G_SYS_SECADV|G_SYS_POLICY|G_SYS_OVERCONF
SRC-G-0313,General,G_INT_ALLOC|G_INT_VALUE|G_INT_UNETH|G_SYS_OREF|G_SYS_OEXT|G_SYS_INPUT|G_SYS_MISINFO|G_SYS_CONTEXT|G_SYS_INCONS|G_SYS_CONTEST|G_SYS_TRANS|G_SYS_EVAL|G_SOC_ECON|G_SOC_POWER|G_SOC_DEMOC|G_SOC_ENV|G_SOC_CULT|G_SOC_GOV,NO_CURATED_PRIOR|PREREQUISITE_FILTER:G_INT_VIOL|G_INT_SEX|G_INT_SELF|G_INT_REPR|G_INT_POL|G_INT_PRIV|G_INT_ILLEGAL|G_INT_COPY|G_INT_WEAP|G_INT_ANTH|G_INT_REL|G_SYS_SECADV|G_SYS_POLICY|G_SYS_OVERCONF
SRC-G-0314,General,G_INT_VALUE|G_INT_UNETH|G_SYS_OREF|G_SYS_OEXT|G_SYS_INPUT|G_SYS_MISINFO|G_SYS_CONTEXT|G_SYS_INCONS|G_SYS_CONTEST|G_SYS_TRANS|G_SYS_EVAL|G_SOC_ECON|G_SOC_POWER|G_SOC_DEMOC|G_SOC_ENV|G_SOC_CULT|G_SOC_GOV,NO_CURATED_PRIOR|PREREQUISITE_FILTER:G_INT_VIOL|G_INT_SEX|G_INT_SELF|G_INT_ALLOC|G_INT_REPR|G_INT_POL|G_INT_PRIV|G_INT_ILLEGAL|G_INT_COPY|G_INT_WEAP|G_INT_ANTH|G_INT_REL|G_SYS_SECADV|G_SYS_POLICY|G_SYS_OVERCONF
SRC-G-0315,General,G_INT_ALLOC|G_INT_VALUE|G_INT_UNETH|G_SYS_OREF|G_SYS_OEXT|G_SYS_INPUT|G_SYS_MISINFO|G_SYS_CONTEXT|G_SYS_INCONS|G_SYS_CONTEST|G_SYS_TRANS|G_SYS_EVAL|G_SOC_ECON|G_SOC_POWER|G_SOC_DEMOC|G_SOC_ENV|G_SOC_CULT|G_SOC_GOV,NO_CURATED_PRIOR|PREREQUISITE_FILTER:G_INT_VIOL|G_INT_SEX|G_INT_SELF|G_INT_REPR|G_INT_POL|G_INT_PRIV|G_INT_ILLEGAL|G_INT_COPY|G_INT_WEAP|G_INT_ANTH|G_INT_REL|G_SYS_SECADV|G_SYS_POLICY|G_SYS_OVERCONF
SRC-G-0316,General,G_INT_VALUE|G_INT_UNETH|G_SYS_OREF|G_SYS_OEXT|G_SYS_INPUT|G_SYS_MISINFO|G_SYS_CONTEXT|G_SYS_INCONS|G_SYS_CONTEST|G_SYS_TRANS|G_SYS_EVAL|G_SOC_ECON|G_SOC_POWER|G_SOC_DEMOC|G_SOC_ENV|G_SOC_CULT|G_SOC_GOV,NO_CURATED_PRIOR|PREREQUISITE_FILTER:G_INT_VIOL|G_INT_SEX|G_INT_SELF|G_INT_ALLOC|G_INT_REPR|G_INT_POL|G_INT_PRIV|G_INT_ILLEGAL|G_INT_COPY|G_INT_WEAP|G_INT_ANTH|G_INT_REL|G_SYS_SECADV|G_SYS_POLICY|G_SYS_OVERCONF
SRC-G-0317,General,G_INT_VALUE|G_INT_UNETH|G_SYS_OREF|G_SYS_OEXT|G_SYS_INPUT|G_SYS_MISINFO|G_SYS_CONTEXT|G_SYS_INCONS|G_SYS_CONTEST|G_SYS_TRANS|G_SYS_EVAL|G_SOC_ECON|G_SOC_POWER|G_SOC_DEMOC|G_SOC_ENV|G_SOC_CULT|G_SOC_GOV,NO_CURATED_PRIOR|PREREQUISITE_FILTER:G_INT_VIOL|G_INT_SEX|G_INT_SELF|G_INT_ALLOC|G_INT_REPR|G_INT_POL|G_INT_PRIV|G_INT_ILLEGAL|G_INT_COPY|G_INT_WEAP|G_INT_ANTH|G_INT_REL|G_SYS_SECADV|G_SYS_POLICY|G_SYS_OVERCONF
SRC-G-0318,General,G_INT_VALUE|G_INT_UNETH|G_SYS_OREF|G_SYS_OEXT|G_SYS_INPUT|G_SYS_MISINFO|G_SYS_CONTEXT|G_SYS_INCONS|G_SYS_CONTEST|G_SYS_TRANS|G_SYS_EVAL|G_SOC_ECON|G_SOC_POWER|G_SOC_DEMOC|G_SOC_ENV|G_SOC_CULT|G_SOC_GOV,NO_CURATED_PRIOR|PREREQUISITE_FILTER:G_INT_VIOL|G_INT_SEX|G_INT_SELF|G_INT_ALLOC|G_INT_REPR|G_INT_POL|G_INT_PRIV|G_INT_ILLEGAL|G_INT_COPY|G_INT_WEAP|G_INT_ANTH|G_INT_REL|G_SYS_SECADV|G_SYS_POLICY|G_SYS_OVERCONF
SRC-G-0319,General,G_INT_ALLOC|G_INT_VALUE|G_INT_UNETH|G_SYS_OREF|G_SYS_OEXT|G_SYS_INPUT|G_SYS_MISINFO|G_SYS_CONTEXT|G_SYS_INCONS|G_SYS_CONTEST|G_SYS_TRANS|G_SYS_EVAL|G_SOC_ECON|G_SOC_POWER|G_SOC_DEMOC|G_SOC_ENV|G_SOC_CULT|G_SOC_GOV,NO_CURATED_PRIOR|PREREQUISITE_FILTER:G_INT_VIOL|G_INT_SEX|G_INT_SELF|G_INT_REPR|G_INT_POL|G_INT_PRIV|G_INT_ILLEGAL|G_INT_COPY|G_INT_WEAP|G_INT_ANTH|G_INT_REL|G_SYS_SECADV|G_SYS_POLICY|G_SYS_OVERCONF
SRC-G-0320,General,G_INT_ALLOC|G_INT_VALUE|G_INT_UNETH|G_SYS_OREF|G_SYS_OEXT|G_SYS_INPUT|G_SYS_MISINFO|G_SYS_CONTEXT|G_SYS_INCONS|G_SYS_CONTEST|G_SYS_POLICY|G_SYS_TRANS|G_SYS_EVAL|G_SOC_ECON|G_SOC_POWER|G_SOC_DEMOC|G_SOC_ENV|G_SOC_CULT|G_SOC_GOV,NO_CURATED_PRIOR|PREREQUISITE_FILTER:G_INT_VIOL|G_INT_SEX|G_INT_SELF|G_INT_REPR|G_INT_POL|G_INT_PRIV|G_INT_ILLEGAL|G_INT_COPY|G_INT_WEAP|G_INT_ANTH|G_INT_REL|G_SYS_SECADV|G_SYS_OVERCONF
SRC-G-0321,General,G_INT_VALUE|G_INT_POL|G_INT_UNETH|G_SYS_OREF|G_SYS_OEXT|G_SYS_INPUT|G_SYS_MISINFO|G_SYS_CONTEXT|G_SYS_INCONS|G_SYS_CONTEST|G_SYS_TRANS|G_SYS_EVAL|G_SOC_ECON|G_SOC_POWER|G_SOC_DEMOC|G_SOC_ENV|G_SOC_CULT|G_SOC_GOV,NO_CURATED_PRIOR|PREREQUISITE_FILTER:G_INT_VIOL|G_INT_SEX|G_INT_SELF|G_INT_ALLOC|G_INT_REPR|G_INT_PRIV|G_INT_ILLEGAL|G_INT_COPY|G_INT_WEAP|G_INT_ANTH|G_INT_REL|G_SYS_SECADV|G_SYS_POLICY|G_SYS_OVERCONF
SRC-G-0322,General,G_INT_VALUE|G_INT_UNETH|G_SYS_OREF|G_SYS_OEXT|G_SYS_INPUT|G_SYS_MISINFO|G_SYS_CONTEXT|G_SYS_INCONS|G_SYS_CONTEST|G_SYS_TRANS|G_SYS_EVAL|G_SOC_ECON|G_SOC_POWER|G_SOC_DEMOC|G_SOC_ENV|G_SOC_CULT|G_SOC_GOV,NO_CURATED_PRIOR|PREREQUISITE_FILTER:G_INT_VIOL|G_INT_SEX|G_INT_SELF|G_INT_ALLOC|G_INT_REPR|G_INT_POL|G_INT_PRIV|G_INT_ILLEGAL|G_INT_COPY|G_INT_WEAP|G_INT_ANTH|G_INT_REL|G_SYS_SECADV|G_SYS_POLICY|G_SYS_OVERCONF
SRC-G-0323,General,G_INT_VALUE|G_INT_POL|G_INT_UNETH|G_SYS_OREF|G_SYS_OEXT|G_SYS_INPUT|G_SYS_MISINFO|G_SYS_CONTEXT|G_SYS_INCONS|G_SYS_CONTEST|G_SYS_TRANS|G_SYS_EVAL|G_SOC_ECON|G_SOC_POWER|G_SOC_DEMOC|G_SOC_ENV|G_SOC_CULT|G_SOC_GOV,NO_CURATED_PRIOR|PREREQUISITE_FILTER:G_INT_VIOL|G_INT_SEX|G_INT_SELF|G_INT_ALLOC|G_INT_REPR|G_INT_PRIV|G_INT_ILLEGAL|G_INT_COPY|G_INT_WEAP|G_INT_ANTH|G_INT_REL|G_SYS_SECADV|G_SYS_POLICY|G_SYS_OVERCONF
SRC-G-0324,General,G_INT_VALUE|G_INT_UNETH|G_SYS_OREF|G_SYS_OEXT|G_SYS_INPUT|G_SYS_MISINFO|G_SYS_CONTEXT|G_SYS_INCONS|G_SYS_CONTEST|G_SYS_TRANS|G_SYS_EVAL|G_SOC_ECON|G_SOC_POWER|G_SOC_DEMOC|G_SOC_ENV|G_SOC_CULT|G_SOC_GOV,NO_CURATED_PRIOR|PREREQUISITE_FILTER:G_INT_VIOL|G_INT_SEX|G_INT_SELF|G_INT_ALLOC|G_INT_REPR|G_INT_POL|G_INT_PRIV|G_INT_ILLEGAL|G_INT_COPY|G_INT_WEAP|G_INT_ANTH|G_INT_REL|G_SYS_SECADV|G_SYS_POLICY|G_SYS_OVERCONF
SRC-G-0325,General,G_INT_VALUE|G_INT_POL|G_INT_UNETH|G_SYS_OREF|G_SYS_OEXT|G_SYS_INPUT|G_SYS_MISINFO|G_SYS_CONTEXT|G_SYS_INCONS|G_SYS_CONTEST|G_SYS_TRANS|G_SYS_EVAL|G_SOC_ECON|G_SOC_POWER|G_SOC_DEMOC|G_SOC_ENV|G_SOC_CULT|G_SOC_GOV,NO_CURATED_PRIOR|PREREQUISITE_FILTER:G_INT_VIOL|G_INT_SEX|G_INT_SELF|G_INT_ALLOC|G_INT_REPR|G_INT_PRIV|G_INT_ILLEGAL|G_INT_COPY|G_INT_WEAP|G_INT_ANTH|G_INT_REL|G_SYS_SECADV|G_SYS_POLICY|G_SYS_OVERCONF
SRC-G-0326,General,G_INT_VALUE|G_INT_UNETH|G_SYS_OREF|G_SYS_OEXT|G_SYS_INPUT|G_SYS_MISINFO|G_SYS_CONTEXT|G_SYS_INCONS|G_SYS_CONTEST|G_SYS_TRANS|G_SYS_EVAL|G_SOC_ECON|G_SOC_POWER|G_SOC_DEMOC|G_SOC_ENV|G_SOC_CULT|G_SOC_GOV,NO_CURATED_PRIOR|PREREQUISITE_FILTER:G_INT_VIOL|G_INT_SEX|G_INT_SELF|G_INT_ALLOC|G_INT_REPR|G_INT_POL|G_INT_PRIV|G_INT_ILLEGAL|G_INT_COPY|G_INT_WEAP|G_INT_ANTH|G_INT_REL|G_SYS_SECADV|G_SYS_POLICY|G_SYS_OVERCONF
SRC-G-0327,General,G_INT_VALUE|G_INT_UNETH|G_SYS_OREF|G_SYS_OEXT|G_SYS_INPUT|G_SYS_MISINFO|G_SYS_CONTEXT|G_SYS_INCONS|G_SYS_CONTEST|G_SYS_TRANS|G_SYS_EVAL|G_SOC_ECON|G_SOC_POWER|G_SOC_DEMOC|G_SOC_ENV|G_SOC_CULT|G_SOC_GOV,NO_CURATED_PRIOR|PREREQUISITE_FILTER:G_INT_VIOL|G_INT_SEX|G_INT_SELF|G_INT_ALLOC|G_INT_REPR|G_INT_POL|G_INT_PRIV|G_INT_ILLEGAL|G_INT_COPY|G_INT_WEAP|G_INT_ANTH|G_INT_REL|G_SYS_SECADV|G_SYS_POLICY|G_SYS_OVERCONF
SRC-G-0328,General,G_INT_VALUE|G_INT_POL|G_INT_PRIV|G_INT_UNETH|G_SYS_OREF|G_SYS_OEXT|G_SYS_INPUT|G_SYS_MISINFO|G_SYS_CONTEXT|G_SYS_INCONS|G_SYS_CONTEST|G_SYS_TRANS|G_SYS_EVAL|G_SOC_ECON|G_SOC_POWER|G_SOC_DEMOC|G_SOC_ENV|G_SOC_CULT|G_SOC_GOV,NO_CURATED_PRIOR|PREREQUISITE_FILTER:G_INT_VIOL|G_INT_SEX|G_INT_SELF|G_INT_ALLOC|G_INT_REPR|G_INT_ILLEGAL|G_INT_COPY|G_INT_WEAP|G_INT_ANTH|G_INT_REL|G_SYS_SECADV|G_SYS_POLICY|G_SYS_OVERCONF
SRC-G-0329,General,G_INT_VALUE|G_INT_UNETH|G_SYS_OREF|G_SYS_OEXT|G_SYS_INPUT|G_SYS_MISINFO|G_SYS_CONTEXT|G_SYS_INCONS|G_SYS_CONTEST|G_SYS_SECADV|G_SYS_TRANS|G_SYS_EVAL|G_SOC_ECON|G_SOC_POWER|G_SOC_DEMOC|G_SOC_ENV|G_SOC_CULT|G_SOC_GOV,NO_CURATED_PRIOR|PREREQUISITE_FILTER:G_INT_VIOL|G_INT_SEX|G_INT_SELF|G_INT_ALLOC|G_INT_REPR|G_INT_POL|G_INT_PRIV|G_INT_ILLEGAL|G_INT_COPY|G_INT_WEAP|G_INT_ANTH|G_INT_REL|G_SYS_POLICY|G_SYS_OVERCONF
SRC-G-0330,General,G_INT_VALUE|G_INT_UNETH|G_SYS_OREF|G_SYS_OEXT|G_SYS_INPUT|G_SYS_MISINFO|G_SYS_CONTEXT|G_SYS_INCONS|G_SYS_CONTEST|G_SYS_TRANS|G_SYS_EVAL|G_SOC_ECON|G_SOC_POWER|G_SOC_DEMOC|G_SOC_ENV|G_SOC_CULT|G_SOC_GOV,NO_CURATED_PRIOR|PREREQUISITE_FILTER:G_INT_VIOL|G_INT_SEX|G_INT_SELF|G_INT_ALLOC|G_INT_REPR|G_INT_POL|G_INT_PRIV|G_INT_ILLEGAL|G_INT_COPY|G_INT_WEAP|G_INT_ANTH|G_INT_REL|G_SYS_SECADV|G_SYS_POLICY|G_SYS_OVERCONF
SRC-G-0331,General,G_INT_VALUE|G_INT_UNETH|G_SYS_OREF|G_SYS_OEXT|G_SYS_INPUT|G_SYS_MISINFO|G_SYS_CONTEXT|G_SYS_INCONS|G_SYS_CONTEST|G_SYS_SECADV|G_SYS_TRANS|G_SYS_EVAL|G_SOC_ECON|G_SOC_POWER|G_SOC_DEMOC|G_SOC_ENV|G_SOC_CULT|G_SOC_GOV,NO_CURATED_PRIOR|PREREQUISITE_FILTER:G_INT_VIOL|G_INT_SEX|G_INT_SELF|G_INT_ALLOC|G_INT_REPR|G_INT_POL|G_INT_PRIV|G_INT_ILLEGAL|G_INT_COPY|G_INT_WEAP|G_INT_ANTH|G_INT_REL|G_SYS_POLICY|G_SYS_OVERCONF
SRC-G-0332,General,G_INT_VALUE|G_INT_POL|G_INT_PRIV|G_INT_UNETH|G_SYS_OREF|G_SYS_OEXT|G_SYS_INPUT|G_SYS_MISINFO|G_SYS_CONTEXT|G_SYS_INCONS|G_SYS_CONTEST|G_SYS_TRANS|G_SYS_EVAL|G_SOC_ECON|G_SOC_POWER|G_SOC_DEMOC|G_SOC_ENV|G_SOC_CULT|G_SOC_GOV,NO_CURATED_PRIOR|PREREQUISITE_FILTER:G_INT_VIOL|G_INT_SEX|G_INT_SELF|G_INT_ALLOC|G_INT_REPR|G_INT_ILLEGAL|G_INT_COPY|G_INT_WEAP|G_INT_ANTH|G_INT_REL|G_SYS_SECADV|G_SYS_POLICY|G_SYS_OVERCONF
SRC-G-0333,General,G_INT_VALUE|G_INT_PRIV|G_INT_UNETH|G_SYS_OREF|G_SYS_OEXT|G_SYS_INPUT|G_SYS_MISINFO|G_SYS_CONTEXT|G_SYS_INCONS|G_SYS_CONTEST|G_SYS_TRANS|G_SYS_EVAL|G_SOC_ECON|G_SOC_POWER|G_SOC_DEMOC|G_SOC_ENV|G_SOC_CULT|G_SOC_GOV,NO_CURATED_PRIOR|PREREQUISITE_FILTER:G_INT_VIOL|G_INT_SEX|G_INT_SELF|G_INT_ALLOC|G_INT_REPR|G_INT_POL|G_INT_ILLEGAL|G_INT_COPY|G_INT_WEAP|G_INT_ANTH|G_INT_REL|G_SYS_SECADV|G_SYS_POLICY|G_SYS_OVERCONF
SRC-G-0334,General,G_INT_VALUE|G_INT_UNETH|G_SYS_OREF|G_SYS_OEXT|G_SYS_INPUT|G_SYS_MISINFO|G_SYS_CONTEXT|G_SYS_INCONS|G_SYS_CONTEST|G_SYS_TRANS|G_SYS_EVAL|G_SOC_ECON|G_SOC_POWER|G_SOC_DEMOC|G_SOC_ENV|G_SOC_CULT|G_SOC_GOV,NO_CURATED_PRIOR|PREREQUISITE_FILTER:G_INT_VIOL|G_INT_SEX|G_INT_SELF|G_INT_ALLOC|G_INT_REPR|G_INT_POL|G_INT_PRIV|G_INT_ILLEGAL|G_INT_COPY|G_INT_WEAP|G_INT_ANTH|G_INT_REL|G_SYS_SECADV|G_SYS_POLICY|G_SYS_OVERCONF
SRC-G-0335,General,G_INT_VALUE|G_INT_UNETH|G_SYS_OREF|G_SYS_OEXT|G_SYS_INPUT|G_SYS_MISINFO|G_SYS_CONTEXT|G_SYS_INCONS|G_SYS_CONTEST|G_SYS_TRANS|G_SYS_EVAL|G_SOC_ECON|G_SOC_POWER|G_SOC_DEMOC|G_SOC_ENV|G_SOC_CULT|G_SOC_GOV,NO_CURATED_PRIOR|PREREQUISITE_FILTER:G_INT_VIOL|G_INT_SEX|G_INT_SELF|G_INT_ALLOC|G_INT_REPR|G_INT_POL|G_INT_PRIV|G_INT_ILLEGAL|G_INT_COPY|G_INT_WEAP|G_INT_ANTH|G_INT_REL|G_SYS_SECADV|G_SYS_POLICY|G_SYS_OVERCONF
SRC-G-0336,General,G_INT_VALUE|G_INT_UNETH|G_SYS_OREF|G_SYS_OEXT|G_SYS_INPUT|G_SYS_MISINFO|G_SYS_CONTEXT|G_SYS_INCONS|G_SYS_CONTEST|G_SYS_TRANS|G_SYS_EVAL|G_SOC_ECON|G_SOC_POWER|G_SOC_DEMOC|G_SOC_ENV|G_SOC_CULT|G_SOC_GOV,NO_CURATED_PRIOR|PREREQUISITE_FILTER:G_INT_VIOL|G_INT_SEX|G_INT_SELF|G_INT_ALLOC|G_INT_REPR|G_INT_POL|G_INT_PRIV|G_INT_ILLEGAL|G_INT_COPY|G_INT_WEAP|G_INT_ANTH|G_INT_REL|G_SYS_SECADV|G_SYS_POLICY|G_SYS_OVERCONF
SRC-G-0337,General,G_INT_REPR|G_INT_VALUE|G_INT_UNETH|G_SYS_OREF|G_SYS_OEXT|G_SYS_INPUT|G_SYS_MISINFO|G_SYS_CONTEXT|G_SYS_INCONS|G_SYS_CONTEST|G_SYS_TRANS|G_SYS_EVAL|G_SOC_ECON|G_SOC_POWER|G_SOC_DEMOC|G_SOC_ENV|G_SOC_CULT|G_SOC_GOV,NO_CURATED_PRIOR|PREREQUISITE_FILTER:G_INT_VIOL|G_INT_SEX|G_INT_SELF|G_INT_ALLOC|G_INT_POL|G_INT_PRIV|G_INT_ILLEGAL|G_INT_COPY|G_INT_WEAP|G_INT_ANTH|G_INT_REL|G_SYS_SECADV|G_SYS_POLICY|G_SYS_OVERCONF
SRC-G-0338,General,G_INT_ALLOC|G_INT_REPR|G_INT_VALUE|G_INT_UNETH|G_SYS_OREF|G_SYS_OEXT|G_SYS_INPUT|G_SYS_MISINFO|G_SYS_CONTEXT|G_SYS_INCONS|G_SYS_CONTEST|G_SYS_POLICY|G_SYS_TRANS|G_SYS_EVAL|G_SOC_ECON|G_SOC_POWER|G_SOC_DEMOC|G_SOC_ENV|G_SOC_CULT|G_SOC_GOV,NO_CURATED_PRIOR|PREREQUISITE_FILTER:G_INT_VIOL|G_INT_SEX|G_INT_SELF|G_INT_POL|G_INT_PRIV|G_INT_ILLEGAL|G_INT_COPY|G_INT_WEAP|G_INT_ANTH|G_INT_REL|G_SYS_SECADV|G_SYS_OVERCONF
SRC-G-0339,General,G_INT_VALUE|G_INT_UNETH|G_SYS_OREF|G_SYS_OEXT|G_SYS_INPUT|G_SYS_MISINFO|G_SYS_CONTEXT|G_SYS_INCONS|G_SYS_CONTEST|G_SYS_TRANS|G_SYS_EVAL|G_SOC_ECON|G_SOC_POWER|G_SOC_DEMOC|G_SOC_ENV|G_SOC_CULT|G_SOC_GOV,NO_CURATED_PRIOR|PREREQUISITE_FILTER:G_INT_VIOL|G_INT_SEX|G_INT_SELF|G_INT_ALLOC|G_INT_REPR|G_INT_POL|G_INT_PRIV|G_INT_ILLEGAL|G_INT_COPY|G_INT_WEAP|G_INT_ANTH|G_INT_REL|G_SYS_SECADV|G_SYS_POLICY|G_SYS_OVERCONF
SRC-G-0340,General,G_INT_VALUE|G_INT_UNETH|G_SYS_OREF|G_SYS_OEXT|G_SYS_INPUT|G_SYS_MISINFO|G_SYS_CONTEXT|G_SYS_INCONS|G_SYS_CONTEST|G_SYS_TRANS|G_SYS_EVAL|G_SOC_ECON|G_SOC_POWER|G_SOC_DEMOC|G_SOC_ENV|G_SOC_CULT|G_SOC_GOV,NO_CURATED_PRIOR|PREREQUISITE_FILTER:G_INT_VIOL|G_INT_SEX|G_INT_SELF|G_INT_ALLOC|G_INT_REPR|G_INT_POL|G_INT_PRIV|G_INT_ILLEGAL|G_INT_COPY|G_INT_WEAP|G_INT_ANTH|G_INT_REL|G_SYS_SECADV|G_SYS_POLICY|G_SYS_OVERCONF
SRC-G-0341,General,G_INT_VALUE|G_INT_UNETH|G_SYS_OREF|G_SYS_OEXT|G_SYS_INPUT|G_SYS_MISINFO|G_SYS_CONTEXT|G_SYS_INCONS|G_SYS_CONTEST|G_SYS_TRANS|G_SYS_EVAL|G_SOC_ECON|G_SOC_POWER|G_SOC_DEMOC|G_SOC_ENV|G_SOC_CULT|G_SOC_GOV,NO_CURATED_PRIOR|PREREQUISITE_FILTER:G_INT_VIOL|G_INT_SEX|G_INT_SELF|G_INT_ALLOC|G_INT_REPR|G_INT_POL|G_INT_PRIV|G_INT_ILLEGAL|G_INT_COPY|G_INT_WEAP|G_INT_ANTH|G_INT_REL|G_SYS_SECADV|G_SYS_POLICY|G_SYS_OVERCONF
SRC-G-0342,General,G_INT_ALLOC|G_INT_VALUE|G_INT_UNETH|G_SYS_OREF|G_SYS_OEXT|G_SYS_INPUT|G_SYS_MISINFO|G_SYS_CONTEXT|G_SYS_INCONS|G_SYS_CONTEST|G_SYS_TRANS|G_SYS_EVAL|G_SOC_ECON|G_SOC_POWER|G_SOC_DEMOC|G_SOC_ENV|G_SOC_CULT|G_SOC_GOV,NO_CURATED_PRIOR|PREREQUISITE_FILTER:G_INT_VIOL|G_INT_SEX|G_INT_SELF|G_INT_REPR|G_INT_POL|G_INT_PRIV|G_INT_ILLEGAL|G_INT_COPY|G_INT_WEAP|G_INT_ANTH|G_INT_REL|G_SYS_SECADV|G_SYS_POLICY|G_SYS_OVERCONF
SRC-G-0343,General,G_INT_ALLOC|G_INT_VALUE|G_INT_UNETH|G_SYS_OREF|G_SYS_OEXT|G_SYS_INPUT|G_SYS_MISINFO|G_SYS_CONTEXT|G_SYS_INCONS|G_SYS_CONTEST|G_SYS_POLICY|G_SYS_TRANS|G_SYS_EVAL|G_SOC_ECON|G_SOC_POWER|G_SOC_DEMOC|G_SOC_ENV|G_SOC_CULT|G_SOC_GOV,NO_CURATED_PRIOR|PREREQUISITE_FILTER:G_INT_VIOL|G_INT_SEX|G_INT_SELF|G_INT_REPR|G_INT_POL|G_INT_PRIV|G_INT_ILLEGAL|G_INT_COPY|G_INT_WEAP|G_INT_ANTH|G_INT_REL|G_SYS_SECADV|G_SYS_OVERCONF
SRC-G-0344,General,G_INT_REPR|G_INT_VALUE|G_INT_UNETH|G_SYS_OREF|G_SYS_OEXT|G_SYS_INPUT|G_SYS_MISINFO|G_SYS_CONTEXT|G_SYS_INCONS|G_SYS_CONTEST|G_SYS_POLICY|G_SYS_TRANS|G_SYS_EVAL|G_SOC_ECON|G_SOC_POWER|G_SOC_DEMOC|G_SOC_ENV|G_SOC_CULT|G_SOC_GOV,NO_CURATED_PRIOR|PREREQUISITE_FILTER:G_INT_VIOL|G_INT_SEX|G_INT_SELF|G_INT_ALLOC|G_INT_POL|G_INT_PRIV|G_INT_ILLEGAL|G_INT_COPY|G_INT_WEAP|G_INT_ANTH|G_INT_REL|G_SYS_SECADV|G_SYS_OVERCONF
SRC-G-0345,General,G_INT_ALLOC|G_INT_VALUE|G_INT_UNETH|G_SYS_OREF|G_SYS_OEXT|G_SYS_INPUT|G_SYS_MISINFO|G_SYS_CONTEXT|G_SYS_INCONS|G_SYS_CONTEST|G_SYS_TRANS|G_SYS_EVAL|G_SOC_ECON|G_SOC_POWER|G_SOC_DEMOC|G_SOC_ENV|G_SOC_CULT|G_SOC_GOV,NO_CURATED_PRIOR|PREREQUISITE_FILTER:G_INT_VIOL|G_INT_SEX|G_INT_SELF|G_INT_REPR|G_INT_POL|G_INT_PRIV|G_INT_ILLEGAL|G_INT_COPY|G_INT_WEAP|G_INT_ANTH|G_INT_REL|G_SYS_SECADV|G_SYS_POLICY|G_SYS_OVERCONF
SRC-G-0346,General,G_INT_VALUE|G_INT_UNETH|G_SYS_OREF|G_SYS_OEXT|G_SYS_INPUT|G_SYS_MISINFO|G_SYS_CONTEXT|G_SYS_INCONS|G_SYS_CONTEST|G_SYS_TRANS|G_SYS_EVAL|G_SOC_ECON|G_SOC_POWER|G_SOC_DEMOC|G_SOC_ENV|G_SOC_CULT|G_SOC_GOV,NO_CURATED_PRIOR|PREREQUISITE_FILTER:G_INT_VIOL|G_INT_SEX|G_INT_SELF|G_INT_ALLOC|G_INT_REPR|G_INT_POL|G_INT_PRIV|G_INT_ILLEGAL|G_INT_COPY|G_INT_WEAP|G_INT_ANTH|G_INT_REL|G_SYS_SECADV|G_SYS_POLICY|G_SYS_OVERCONF
SRC-G-0347,General,G_INT_VALUE|G_INT_UNETH|G_SYS_OREF|G_SYS_OEXT|G_SYS_INPUT|G_SYS_MISINFO|G_SYS_CONTEXT|G_SYS_INCONS|G_SYS_CONTEST|G_SYS_TRANS|G_SYS_EVAL|G_SOC_ECON|G_SOC_POWER|G_SOC_DEMOC|G_SOC_ENV|G_SOC_CULT|G_SOC_GOV,NO_CURATED_PRIOR|PREREQUISITE_FILTER:G_INT_VIOL|G_INT_SEX|G_INT_SELF|G_INT_ALLOC|G_INT_REPR|G_INT_POL|G_INT_PRIV|G_INT_ILLEGAL|G_INT_COPY|G_INT_WEAP|G_INT_ANTH|G_INT_REL|G_SYS_SECADV|G_SYS_POLICY|G_SYS_OVERCONF
SRC-G-0348,General,G_INT_VALUE|G_INT_UNETH|G_SYS_OREF|G_SYS_OEXT|G_SYS_INPUT|G_SYS_MISINFO|G_SYS_CONTEXT|G_SYS_INCONS|G_SYS_CONTEST|G_SYS_TRANS|G_SYS_EVAL|G_SOC_ECON|G_SOC_POWER|G_SOC_DEMOC|G_SOC_ENV|G_SOC_CULT|G_SOC_GOV,NO_CURATED_PRIOR|PREREQUISITE_FILTER:G_INT_VIOL|G_INT_SEX|G_INT_SELF|G_INT_ALLOC|G_INT_REPR|G_INT_POL|G_INT_PRIV|G_INT_ILLEGAL|G_INT_COPY|G_INT_WEAP|G_INT_ANTH|G_INT_REL|G_SYS_SECADV|G_SYS_POLICY|G_SYS_OVERCONF
SRC-G-0349,General,G_INT_VALUE|G_INT_UNETH|G_SYS_OREF|G_SYS_OEXT|G_SYS_INPUT|G_SYS_MISINFO|G_SYS_CONTEXT|G_SYS_INCONS|G_SYS_CONTEST|G_SYS_TRANS|G_SYS_EVAL|G_SOC_ECON|G_SOC_POWER|G_SOC_DEMOC|G_SOC_ENV|G_SOC_CULT|G_SOC_GOV,NO_CURATED_PRIOR|PREREQUISITE_FILTER:G_INT_VIOL|G_INT_SEX|G_INT_SELF|G_INT_ALLOC|G_INT_REPR|G_INT_POL|G_INT_PRIV|G_INT_ILLEGAL|G_INT_COPY|G_INT_WEAP|G_INT_ANTH|G_INT_REL|G_SYS_SECADV|G_SYS_POLICY|G_SYS_OVERCONF
SRC-G-0351,General,G_INT_VIOL|G_INT_VALUE|G_INT_UNETH|G_SYS_OREF|G_SYS_OEXT|G_SYS_INPUT|G_SYS_MISINFO|G_SYS_CONTEXT|G_SYS_INCONS|G_SYS_CONTEST|G_SYS_TRANS|G_SYS_EVAL|G_SOC_ECON|G_SOC_POWER|G_SOC_DEMOC|G_SOC_ENV|G_SOC_CULT|G_SOC_GOV,NO_CURATED_PRIOR|PREREQUISITE_FILTER:G_INT_SEX|G_INT_SELF|G_INT_ALLOC|G_INT_REPR|G_INT_POL|G_INT_PRIV|G_INT_ILLEGAL|G_INT_COPY|G_INT_WEAP|G_INT_ANTH|G_INT_REL|G_SYS_SECADV|G_SYS_POLICY|G_SYS_OVERCONF
SRC-G-0352,General,G_INT_VALUE|G_INT_UNETH|G_SYS_OREF|G_SYS_OEXT|G_SYS_INPUT|G_SYS_MISINFO|G_SYS_CONTEXT|G_SYS_INCONS|G_SYS_CONTEST|G_SYS_TRANS|G_SYS_EVAL|G_SOC_ECON|G_SOC_POWER|G_SOC_DEMOC|G_SOC_ENV|G_SOC_CULT|G_SOC_GOV,NO_CURATED_PRIOR|PREREQUISITE_FILTER:G_INT_VIOL|G_INT_SEX|G_INT_SELF|G_INT_ALLOC|G_INT_REPR|G_INT_POL|G_INT_PRIV|G_INT_ILLEGAL|G_INT_COPY|G_INT_WEAP|G_INT_ANTH|G_INT_REL|G_SYS_SECADV|G_SYS_POLICY|G_SYS_OVERCONF
SRC-G-0353,General,G_INT_ALLOC|G_INT_VALUE|G_INT_POL|G_INT_UNETH|G_SYS_OREF|G_SYS_OEXT|G_SYS_INPUT|G_SYS_MISINFO|G_SYS_CONTEXT|G_SYS_INCONS|G_SYS_CONTEST|G_SYS_TRANS|G_SYS_EVAL|G_SOC_ECON|G_SOC_POWER|G_SOC_DEMOC|G_SOC_ENV|G_SOC_CULT|G_SOC_GOV,NO_CURATED_PRIOR|PREREQUISITE_FILTER:G_INT_VIOL|G_INT_SEX|G_INT_SELF|G_INT_REPR|G_INT_PRIV|G_INT_ILLEGAL|G_INT_COPY|G_INT_WEAP|G_INT_ANTH|G_INT_REL|G_SYS_SECADV|G_SYS_POLICY|G_SYS_OVERCONF
SRC-G-0354,General,G_INT_VALUE|G_INT_UNETH|G_SYS_OREF|G_SYS_OEXT|G_SYS_INPUT|G_SYS_MISINFO|G_SYS_CONTEXT|G_SYS_INCONS|G_SYS_CONTEST|G_SYS_TRANS|G_SYS_EVAL|G_SOC_ECON|G_SOC_POWER|G_SOC_DEMOC|G_SOC_ENV|G_SOC_CULT|G_SOC_GOV,NO_CURATED_PRIOR|PREREQUISITE_FILTER:G_INT_VIOL|G_INT_SEX|G_INT_SELF|G_INT_ALLOC|G_INT_REPR|G_INT_POL|G_INT_PRIV|G_INT_ILLEGAL|G_INT_COPY|G_INT_WEAP|G_INT_ANTH|G_INT_REL|G_SYS_SECADV|G_SYS_POLICY|G_SYS_OVERCONF
SRC-G-0355,General,G_INT_VALUE|G_INT_UNETH|G_SYS_OREF|G_SYS_OEXT|G_SYS_INPUT|G_SYS_MISINFO|G_SYS_CONTEXT|G_SYS_INCONS|G_SYS_CONTEST|G_SYS_TRANS|G_SYS_EVAL|G_SOC_ECON|G_SOC_POWER|G_SOC_DEMOC|G_SOC_ENV|G_SOC_CULT|G_SOC_GOV,NO_CURATED_PRIOR|PREREQUISITE_FILTER:G_INT_VIOL|G_INT_SEX|G_INT_SELF|G_INT_ALLOC|G_INT_REPR|G_INT_POL|G_INT_PRIV|G_INT_ILLEGAL|G_INT_COPY|G_INT_WEAP|G_INT_ANTH|G_INT_REL|G_SYS_SECADV|G_SYS_POLICY|G_SYS_OVERCONF
SRC-G-0356,General,G_INT_VALUE|G_INT_UNETH|G_SYS_OREF|G_SYS_OEXT|G_SYS_INPUT|G_SYS_MISINFO|G_SYS_CONTEXT|G_SYS_INCONS|G_SYS_CONTEST|G_SYS_TRANS|G_SYS_EVAL|G_SOC_ECON|G_SOC_POWER|G_SOC_DEMOC|G_SOC_ENV|G_SOC_CULT|G_SOC_GOV,NO_CURATED_PRIOR|PREREQUISITE_FILTER:G_INT_VIOL|G_INT_SEX|G_INT_SELF|G_INT_ALLOC|G_INT_REPR|G_INT_POL|G_INT_PRIV|G_INT_ILLEGAL|G_INT_COPY|G_INT_WEAP|G_INT_ANTH|G_INT_REL|G_SYS_SECADV|G_SYS_POLICY|G_SYS_OVERCONF
SRC-G-0357,General,G_INT_VALUE|G_INT_UNETH|G_SYS_OREF|G_SYS_OEXT|G_SYS_INPUT|G_SYS_MISINFO|G_SYS_CONTEXT|G_SYS_INCONS|G_SYS_CONTEST|G_SYS_TRANS|G_SYS_EVAL|G_SOC_ECON|G_SOC_POWER|G_SOC_DEMOC|G_SOC_ENV|G_SOC_CULT|G_SOC_GOV,NO_CURATED_PRIOR|PREREQUISITE_FILTER:G_INT_VIOL|G_INT_SEX|G_INT_SELF|G_INT_ALLOC|G_INT_REPR|G_INT_POL|G_INT_PRIV|G_INT_ILLEGAL|G_INT_COPY|G_INT_WEAP|G_INT_ANTH|G_INT_REL|G_SYS_SECADV|G_SYS_POLICY|G_SYS_OVERCONF
SRC-G-0358,General,G_INT_VALUE|G_INT_UNETH|G_SYS_OREF|G_SYS_OEXT|G_SYS_INPUT|G_SYS_MISINFO|G_SYS_CONTEXT|G_SYS_INCONS|G_SYS_CONTEST|G_SYS_TRANS|G_SYS_EVAL|G_SOC_ECON|G_SOC_POWER|G_SOC_DEMOC|G_SOC_ENV|G_SOC_CULT|G_SOC_GOV,NO_CURATED_PRIOR|PREREQUISITE_FILTER:G_INT_VIOL|G_INT_SEX|G_INT_SELF|G_INT_ALLOC|G_INT_REPR|G_INT_POL|G_INT_PRIV|G_INT_ILLEGAL|G_INT_COPY|G_INT_WEAP|G_INT_ANTH|G_INT_REL|G_SYS_SECADV|G_SYS_POLICY|G_SYS_OVERCONF
SRC-G-0359,General,G_INT_VALUE|G_INT_POL|G_INT_UNETH|G_SYS_OREF|G_SYS_OEXT|G_SYS_INPUT|G_SYS_MISINFO|G_SYS_CONTEXT|G_SYS_INCONS|G_SYS_CONTEST|G_SYS_TRANS|G_SYS_EVAL|G_SOC_ECON|G_SOC_POWER|G_SOC_DEMOC|G_SOC_ENV|G_SOC_CULT|G_SOC_GOV,CURATED_SOURCE_MECHANISM_PRIOR:G_INT_UNETH|PREREQUISITE_FILTER:G_INT_VIOL|G_INT_SEX|G_INT_SELF|G_INT_ALLOC|G_INT_REPR|G_INT_PRIV|G_INT_ILLEGAL|G_INT_COPY|G_INT_WEAP|G_INT_ANTH|G_INT_REL|G_SYS_SECADV|G_SYS_POLICY|G_SYS_OVERCONF
SRC-G-0360,General,G_INT_VALUE|G_INT_UNETH|G_INT_ANTH|G_INT_REL|G_SYS_OREF|G_SYS_OEXT|G_SYS_INPUT|G_SYS_MISINFO|G_SYS_CONTEXT|G_SYS_INCONS|G_SYS_CONTEST|G_SYS_TRANS|G_SYS_EVAL|G_SOC_ECON|G_SOC_POWER|G_SOC_DEMOC|G_SOC_ENV|G_SOC_CULT|G_SOC_GOV,NO_CURATED_PRIOR|PREREQUISITE_FILTER:G_INT_VIOL|G_INT_SEX|G_INT_SELF|G_INT_ALLOC|G_INT_REPR|G_INT_POL|G_INT_PRIV|G_INT_ILLEGAL|G_INT_COPY|G_INT_WEAP|G_SYS_SECADV|G_SYS_POLICY|G_SYS_OVERCONF
SRC-G-0361,General,G_INT_VALUE|G_INT_UNETH|G_SYS_OREF|G_SYS_OEXT|G_SYS_INPUT|G_SYS_MISINFO|G_SYS_CONTEXT|G_SYS_INCONS|G_SYS_CONTEST|G_SYS_TRANS|G_SYS_EVAL|G_SOC_ECON|G_SOC_POWER|G_SOC_DEMOC|G_SOC_ENV|G_SOC_CULT|G_SOC_GOV,NO_CURATED_PRIOR|PREREQUISITE_FILTER:G_INT_VIOL|G_INT_SEX|G_INT_SELF|G_INT_ALLOC|G_INT_REPR|G_INT_POL|G_INT_PRIV|G_INT_ILLEGAL|G_INT_COPY|G_INT_WEAP|G_INT_ANTH|G_INT_REL|G_SYS_SECADV|G_SYS_POLICY|G_SYS_OVERCONF
SRC-G-0362,General,G_INT_VALUE|G_INT_UNETH|G_SYS_OREF|G_SYS_OEXT|G_SYS_INPUT|G_SYS_MISINFO|G_SYS_CONTEXT|G_SYS_INCONS|G_SYS_CONTEST|G_SYS_TRANS|G_SYS_EVAL|G_SOC_ECON|G_SOC_POWER|G_SOC_DEMOC|G_SOC_ENV|G_SOC_CULT|G_SOC_GOV,NO_CURATED_PRIOR|PREREQUISITE_FILTER:G_INT_VIOL|G_INT_SEX|G_INT_SELF|G_INT_ALLOC|G_INT_REPR|G_INT_POL|G_INT_PRIV|G_INT_ILLEGAL|G_INT_COPY|G_INT_WEAP|G_INT_ANTH|G_INT_REL|G_SYS_SECADV|G_SYS_POLICY|G_SYS_OVERCONF
SRC-G-0363,General,G_INT_VIOL|G_INT_VALUE|G_INT_UNETH|G_SYS_OREF|G_SYS_OEXT|G_SYS_INPUT|G_SYS_MISINFO|G_SYS_CONTEXT|G_SYS_INCONS|G_SYS_CONTEST|G_SYS_TRANS|G_SYS_EVAL|G_SOC_ECON|G_SOC_POWER|G_SOC_DEMOC|G_SOC_ENV|G_SOC_CULT|G_SOC_GOV,NO_CURATED_PRIOR|PREREQUISITE_FILTER:G_INT_SEX|G_INT_SELF|G_INT_ALLOC|G_INT_REPR|G_INT_POL|G_INT_PRIV|G_INT_ILLEGAL|G_INT_COPY|G_INT_WEAP|G_INT_ANTH|G_INT_REL|G_SYS_SECADV|G_SYS_POLICY|G_SYS_OVERCONF
SRC-G-0364,General,G_INT_VALUE|G_INT_ILLEGAL|G_INT_UNETH|G_SYS_OREF|G_SYS_OEXT|G_SYS_INPUT|G_SYS_MISINFO|G_SYS_CONTEXT|G_SYS_INCONS|G_SYS_CONTEST|G_SYS_TRANS|G_SYS_EVAL|G_SOC_ECON|G_SOC_POWER|G_SOC_DEMOC|G_SOC_ENV|G_SOC_CULT|G_SOC_GOV,NO_CURATED_PRIOR|PREREQUISITE_FILTER:G_INT_VIOL|G_INT_SEX|G_INT_SELF|G_INT_ALLOC|G_INT_REPR|G_INT_POL|G_INT_PRIV|G_INT_COPY|G_INT_WEAP|G_INT_ANTH|G_INT_REL|G_SYS_SECADV|G_SYS_POLICY|G_SYS_OVERCONF
SRC-G-0365,General,G_INT_VALUE|G_INT_UNETH|G_INT_WEAP|G_SYS_OREF|G_SYS_OEXT|G_SYS_INPUT|G_SYS_MISINFO|G_SYS_CONTEXT|G_SYS_INCONS|G_SYS_CONTEST|G_SYS_SECADV|G_SYS_TRANS|G_SYS_EVAL|G_SOC_ECON|G_SOC_POWER|G_SOC_DEMOC|G_SOC_ENV|G_SOC_CULT|G_SOC_GOV,NO_CURATED_PRIOR|PREREQUISITE_FILTER:G_INT_VIOL|G_INT_SEX|G_INT_SELF|G_INT_ALLOC|G_INT_REPR|G_INT_POL|G_INT_PRIV|G_INT_ILLEGAL|G_INT_COPY|G_INT_ANTH|G_INT_REL|G_SYS_POLICY|G_SYS_OVERCONF
SRC-G-0366,General,G_INT_VALUE|G_INT_UNETH|G_INT_ANTH|G_SYS_OREF|G_SYS_OEXT|G_SYS_INPUT|G_SYS_MISINFO|G_SYS_CONTEXT|G_SYS_INCONS|G_SYS_CONTEST|G_SYS_TRANS|G_SYS_EVAL|G_SOC_ECON|G_SOC_POWER|G_SOC_DEMOC|G_SOC_ENV|G_SOC_CULT|G_SOC_GOV,NO_CURATED_PRIOR|PREREQUISITE_FILTER:G_INT_VIOL|G_INT_SEX|G_INT_SELF|G_INT_ALLOC|G_INT_REPR|G_INT_POL|G_INT_PRIV|G_INT_ILLEGAL|G_INT_COPY|G_INT_WEAP|G_INT_REL|G_SYS_SECADV|G_SYS_POLICY|G_SYS_OVERCONF
SRC-G-0367,General,G_INT_VALUE|G_INT_UNETH|G_SYS_OREF|G_SYS_OEXT|G_SYS_INPUT|G_SYS_MISINFO|G_SYS_CONTEXT|G_SYS_INCONS|G_SYS_CONTEST|G_SYS_TRANS|G_SYS_EVAL|G_SOC_ECON|G_SOC_POWER|G_SOC_DEMOC|G_SOC_ENV|G_SOC_CULT|G_SOC_GOV,NO_CURATED_PRIOR|PREREQUISITE_FILTER:G_INT_VIOL|G_INT_SEX|G_INT_SELF|G_INT_ALLOC|G_INT_REPR|G_INT_POL|G_INT_PRIV|G_INT_ILLEGAL|G_INT_COPY|G_INT_WEAP|G_INT_ANTH|G_INT_REL|G_SYS_SECADV|G_SYS_POLICY|G_SYS_OVERCONF
SRC-G-0368,General,G_INT_VALUE|G_INT_UNETH|G_SYS_OREF|G_SYS_OEXT|G_SYS_INPUT|G_SYS_MISINFO|G_SYS_CONTEXT|G_SYS_INCONS|G_SYS_CONTEST|G_SYS_TRANS|G_SYS_EVAL|G_SOC_ECON|G_SOC_POWER|G_SOC_DEMOC|G_SOC_ENV|G_SOC_CULT|G_SOC_GOV,NO_CURATED_PRIOR|PREREQUISITE_FILTER:G_INT_VIOL|G_INT_SEX|G_INT_SELF|G_INT_ALLOC|G_INT_REPR|G_INT_POL|G_INT_PRIV|G_INT_ILLEGAL|G_INT_COPY|G_INT_WEAP|G_INT_ANTH|G_INT_REL|G_SYS_SECADV|G_SYS_POLICY|G_SYS_OVERCONF
SRC-G-0369,General,G_INT_VALUE|G_INT_UNETH|G_SYS_OREF|G_SYS_OEXT|G_SYS_INPUT|G_SYS_MISINFO|G_SYS_CONTEXT|G_SYS_INCONS|G_SYS_CONTEST|G_SYS_TRANS|G_SYS_EVAL|G_SOC_ECON|G_SOC_POWER|G_SOC_DEMOC|G_SOC_ENV|G_SOC_CULT|G_SOC_GOV,NO_CURATED_PRIOR|PREREQUISITE_FILTER:G_INT_VIOL|G_INT_SEX|G_INT_SELF|G_INT_ALLOC|G_INT_REPR|G_INT_POL|G_INT_PRIV|G_INT_ILLEGAL|G_INT_COPY|G_INT_WEAP|G_INT_ANTH|G_INT_REL|G_SYS_SECADV|G_SYS_POLICY|G_SYS_OVERCONF
SRC-G-0370,General,G_INT_ALLOC|G_INT_VALUE|G_INT_UNETH|G_SYS_OREF|G_SYS_OEXT|G_SYS_INPUT|G_SYS_MISINFO|G_SYS_CONTEXT|G_SYS_INCONS|G_SYS_CONTEST|G_SYS_TRANS|G_SYS_EVAL|G_SOC_ECON|G_SOC_POWER|G_SOC_DEMOC|G_SOC_ENV|G_SOC_CULT|G_SOC_GOV,NO_CURATED_PRIOR|PREREQUISITE_FILTER:G_INT_VIOL|G_INT_SEX|G_INT_SELF|G_INT_REPR|G_INT_POL|G_INT_PRIV|G_INT_ILLEGAL|G_INT_COPY|G_INT_WEAP|G_INT_ANTH|G_INT_REL|G_SYS_SECADV|G_SYS_POLICY|G_SYS_OVERCONF
SRC-G-0371,General,G_INT_VALUE|G_INT_PRIV|G_INT_UNETH|G_INT_ANTH|G_SYS_OREF|G_SYS_OEXT|G_SYS_INPUT|G_SYS_MISINFO|G_SYS_CONTEXT|G_SYS_INCONS|G_SYS_CONTEST|G_SYS_TRANS|G_SYS_EVAL|G_SOC_ECON|G_SOC_POWER|G_SOC_DEMOC|G_SOC_ENV|G_SOC_CULT|G_SOC_GOV,NO_CURATED_PRIOR|PREREQUISITE_FILTER:G_INT_VIOL|G_INT_SEX|G_INT_SELF|G_INT_ALLOC|G_INT_REPR|G_INT_POL|G_INT_ILLEGAL|G_INT_COPY|G_INT_WEAP|G_INT_REL|G_SYS_SECADV|G_SYS_POLICY|G_SYS_OVERCONF
SRC-G-0372,General,G_INT_VALUE|G_INT_UNETH|G_SYS_OREF|G_SYS_OEXT|G_SYS_INPUT|G_SYS_MISINFO|G_SYS_CONTEXT|G_SYS_INCONS|G_SYS_CONTEST|G_SYS_TRANS|G_SYS_EVAL|G_SOC_ECON|G_SOC_POWER|G_SOC_DEMOC|G_SOC_ENV|G_SOC_CULT|G_SOC_GOV,NO_CURATED_PRIOR|PREREQUISITE_FILTER:G_INT_VIOL|G_INT_SEX|G_INT_SELF|G_INT_ALLOC|G_INT_REPR|G_INT_POL|G_INT_PRIV|G_INT_ILLEGAL|G_INT_COPY|G_INT_WEAP|G_INT_ANTH|G_INT_REL|G_SYS_SECADV|G_SYS_POLICY|G_SYS_OVERCONF
SRC-G-0373,General,G_INT_VALUE|G_INT_UNETH|G_INT_ANTH|G_INT_REL|G_SYS_OREF|G_SYS_OEXT|G_SYS_INPUT|G_SYS_MISINFO|G_SYS_CONTEXT|G_SYS_INCONS|G_SYS_OVERCONF|G_SYS_CONTEST|G_SYS_TRANS|G_SYS_EVAL|G_SOC_ECON|G_SOC_POWER|G_SOC_DEMOC|G_SOC_ENV|G_SOC_CULT|G_SOC_GOV,CURATED_SOURCE_MECHANISM_PRIOR:G_INT_REL|PREREQUISITE_FILTER:G_INT_VIOL|G_INT_SEX|G_INT_SELF|G_INT_ALLOC|G_INT_REPR|G_INT_POL|G_INT_PRIV|G_INT_ILLEGAL|G_INT_COPY|G_INT_WEAP|G_INT_REL|G_SYS_SECADV|G_SYS_POLICY
SRC-G-0374,General,G_INT_VALUE|G_INT_UNETH|G_SYS_OREF|G_SYS_OEXT|G_SYS_INPUT|G_SYS_MISINFO|G_SYS_CONTEXT|G_SYS_INCONS|G_SYS_CONTEST|G_SYS_TRANS|G_SYS_EVAL|G_SOC_ECON|G_SOC_POWER|G_SOC_DEMOC|G_SOC_ENV|G_SOC_CULT|G_SOC_GOV,NO_CURATED_PRIOR|PREREQUISITE_FILTER:G_INT_VIOL|G_INT_SEX|G_INT_SELF|G_INT_ALLOC|G_INT_REPR|G_INT_POL|G_INT_PRIV|G_INT_ILLEGAL|G_INT_COPY|G_INT_WEAP|G_INT_ANTH|G_INT_REL|G_SYS_SECADV|G_SYS_POLICY|G_SYS_OVERCONF
SRC-G-0375,General,G_INT_ALLOC|G_INT_VALUE|G_INT_UNETH|G_INT_ANTH|G_SYS_OREF|G_SYS_OEXT|G_SYS_INPUT|G_SYS_MISINFO|G_SYS_CONTEXT|G_SYS_INCONS|G_SYS_CONTEST|G_SYS_TRANS|G_SYS_EVAL|G_SOC_ECON|G_SOC_POWER|G_SOC_DEMOC|G_SOC_ENV|G_SOC_CULT|G_SOC_GOV,NO_CURATED_PRIOR|PREREQUISITE_FILTER:G_INT_VIOL|G_INT_SEX|G_INT_SELF|G_INT_REPR|G_INT_POL|G_INT_PRIV|G_INT_ILLEGAL|G_INT_COPY|G_INT_WEAP|G_INT_REL|G_SYS_SECADV|G_SYS_POLICY|G_SYS_OVERCONF
SRC-G-0377,General,G_INT_VALUE|G_INT_UNETH|G_SYS_OREF|G_SYS_OEXT|G_SYS_INPUT|G_SYS_MISINFO|G_SYS_CONTEXT|G_SYS_INCONS|G_SYS_CONTEST|G_SYS_TRANS|G_SYS_EVAL|G_SOC_ECON|G_SOC_POWER|G_SOC_DEMOC|G_SOC_ENV|G_SOC_CULT|G_SOC_GOV,NO_CURATED_PRIOR|PREREQUISITE_FILTER:G_INT_VIOL|G_INT_SEX|G_INT_SELF|G_INT_ALLOC|G_INT_REPR|G_INT_POL|G_INT_PRIV|G_INT_ILLEGAL|G_INT_COPY|G_INT_WEAP|G_INT_ANTH|G_INT_REL|G_SYS_SECADV|G_SYS_POLICY|G_SYS_OVERCONF
SRC-G-0379,General,G_INT_VALUE|G_INT_UNETH|G_SYS_OREF|G_SYS_OEXT|G_SYS_INPUT|G_SYS_MISINFO|G_SYS_CONTEXT|G_SYS_INCONS|G_SYS_CONTEST|G_SYS_TRANS|G_SYS_EVAL|G_SOC_ECON|G_SOC_POWER|G_SOC_DEMOC|G_SOC_ENV|G_SOC_CULT|G_SOC_GOV,NO_CURATED_PRIOR|PREREQUISITE_FILTER:G_INT_VIOL|G_INT_SEX|G_INT_SELF|G_INT_ALLOC|G_INT_REPR|G_INT_POL|G_INT_PRIV|G_INT_ILLEGAL|G_INT_COPY|G_INT_WEAP|G_INT_ANTH|G_INT_REL|G_SYS_SECADV|G_SYS_POLICY|G_SYS_OVERCONF
SRC-G-0380,General,G_INT_VALUE|G_INT_UNETH|G_SYS_OREF|G_SYS_OEXT|G_SYS_INPUT|G_SYS_MISINFO|G_SYS_CONTEXT|G_SYS_INCONS|G_SYS_CONTEST|G_SYS_TRANS|G_SYS_EVAL|G_SOC_ECON|G_SOC_POWER|G_SOC_DEMOC|G_SOC_ENV|G_SOC_CULT|G_SOC_GOV,NO_CURATED_PRIOR|PREREQUISITE_FILTER:G_INT_VIOL|G_INT_SEX|G_INT_SELF|G_INT_ALLOC|G_INT_REPR|G_INT_POL|G_INT_PRIV|G_INT_ILLEGAL|G_INT_COPY|G_INT_WEAP|G_INT_ANTH|G_INT_REL|G_SYS_SECADV|G_SYS_POLICY|G_SYS_OVERCONF
SRC-G-0381,General,G_INT_VALUE|G_INT_UNETH|G_SYS_OREF|G_SYS_OEXT|G_SYS_INPUT|G_SYS_MISINFO|G_SYS_CONTEXT|G_SYS_INCONS|G_SYS_CONTEST|G_SYS_TRANS|G_SYS_EVAL|G_SOC_ECON|G_SOC_POWER|G_SOC_DEMOC|G_SOC_ENV|G_SOC_CULT|G_SOC_GOV,NO_CURATED_PRIOR|PREREQUISITE_FILTER:G_INT_VIOL|G_INT_SEX|G_INT_SELF|G_INT_ALLOC|G_INT_REPR|G_INT_POL|G_INT_PRIV|G_INT_ILLEGAL|G_INT_COPY|G_INT_WEAP|G_INT_ANTH|G_INT_REL|G_SYS_SECADV|G_SYS_POLICY|G_SYS_OVERCONF
SRC-G-0382,General,G_INT_VALUE|G_INT_PRIV|G_INT_UNETH|G_SYS_OREF|G_SYS_OEXT|G_SYS_INPUT|G_SYS_MISINFO|G_SYS_CONTEXT|G_SYS_INCONS|G_SYS_CONTEST|G_SYS_TRANS|G_SYS_EVAL|G_SOC_ECON|G_SOC_POWER|G_SOC_DEMOC|G_SOC_ENV|G_SOC_CULT|G_SOC_GOV,NO_CURATED_PRIOR|PREREQUISITE_FILTER:G_INT_VIOL|G_INT_SEX|G_INT_SELF|G_INT_ALLOC|G_INT_REPR|G_INT_POL|G_INT_ILLEGAL|G_INT_COPY|G_INT_WEAP|G_INT_ANTH|G_INT_REL|G_SYS_SECADV|G_SYS_POLICY|G_SYS_OVERCONF
SRC-G-0383,General,G_INT_VALUE|G_INT_PRIV|G_INT_UNETH|G_SYS_OREF|G_SYS_OEXT|G_SYS_INPUT|G_SYS_MISINFO|G_SYS_CONTEXT|G_SYS_INCONS|G_SYS_CONTEST|G_SYS_TRANS|G_SYS_EVAL|G_SOC_ECON|G_SOC_POWER|G_SOC_DEMOC|G_SOC_ENV|G_SOC_CULT|G_SOC_GOV,NO_CURATED_PRIOR|PREREQUISITE_FILTER:G_INT_VIOL|G_INT_SEX|G_INT_SELF|G_INT_ALLOC|G_INT_REPR|G_INT_POL|G_INT_ILLEGAL|G_INT_COPY|G_INT_WEAP|G_INT_ANTH|G_INT_REL|G_SYS_SECADV|G_SYS_POLICY|G_SYS_OVERCONF
SRC-G-0384,General,G_INT_VALUE|G_INT_POL|G_INT_UNETH|G_SYS_OREF|G_SYS_OEXT|G_SYS_INPUT|G_SYS_MISINFO|G_SYS_CONTEXT|G_SYS_INCONS|G_SYS_CONTEST|G_SYS_TRANS|G_SYS_EVAL|G_SOC_ECON|G_SOC_POWER|G_SOC_DEMOC|G_SOC_ENV|G_SOC_CULT|G_SOC_GOV,NO_CURATED_PRIOR|PREREQUISITE_FILTER:G_INT_VIOL|G_INT_SEX|G_INT_SELF|G_INT_ALLOC|G_INT_REPR|G_INT_PRIV|G_INT_ILLEGAL|G_INT_COPY|G_INT_WEAP|G_INT_ANTH|G_INT_REL|G_SYS_SECADV|G_SYS_POLICY|G_SYS_OVERCONF
SRC-G-0385,General,G_INT_VALUE|G_INT_PRIV|G_INT_UNETH|G_SYS_OREF|G_SYS_OEXT|G_SYS_INPUT|G_SYS_MISINFO|G_SYS_CONTEXT|G_SYS_INCONS|G_SYS_CONTEST|G_SYS_TRANS|G_SYS_EVAL|G_SOC_ECON|G_SOC_POWER|G_SOC_DEMOC|G_SOC_ENV|G_SOC_CULT|G_SOC_GOV,NO_CURATED_PRIOR|PREREQUISITE_FILTER:G_INT_VIOL|G_INT_SEX|G_INT_SELF|G_INT_ALLOC|G_INT_REPR|G_INT_POL|G_INT_ILLEGAL|G_INT_COPY|G_INT_WEAP|G_INT_ANTH|G_INT_REL|G_SYS_SECADV|G_SYS_POLICY|G_SYS_OVERCONF
SRC-G-0386,General,G_INT_VALUE|G_INT_UNETH|G_SYS_OREF|G_SYS_OEXT|G_SYS_INPUT|G_SYS_MISINFO|G_SYS_CONTEXT|G_SYS_INCONS|G_SYS_CONTEST|G_SYS_TRANS|G_SYS_EVAL|G_SOC_ECON|G_SOC_POWER|G_SOC_DEMOC|G_SOC_ENV|G_SOC_CULT|G_SOC_GOV,NO_CURATED_PRIOR|PREREQUISITE_FILTER:G_INT_VIOL|G_INT_SEX|G_INT_SELF|G_INT_ALLOC|G_INT_REPR|G_INT_POL|G_INT_PRIV|G_INT_ILLEGAL|G_INT_COPY|G_INT_WEAP|G_INT_ANTH|G_INT_REL|G_SYS_SECADV|G_SYS_POLICY|G_SYS_OVERCONF
SRC-G-0387,General,G_INT_VALUE|G_INT_UNETH|G_SYS_OREF|G_SYS_OEXT|G_SYS_INPUT|G_SYS_MISINFO|G_SYS_CONTEXT|G_SYS_INCONS|G_SYS_CONTEST|G_SYS_TRANS|G_SYS_EVAL|G_SOC_ECON|G_SOC_POWER|G_SOC_DEMOC|G_SOC_ENV|G_SOC_CULT|G_SOC_GOV,NO_CURATED_PRIOR|PREREQUISITE_FILTER:G_INT_VIOL|G_INT_SEX|G_INT_SELF|G_INT_ALLOC|G_INT_REPR|G_INT_POL|G_INT_PRIV|G_INT_ILLEGAL|G_INT_COPY|G_INT_WEAP|G_INT_ANTH|G_INT_REL|G_SYS_SECADV|G_SYS_POLICY|G_SYS_OVERCONF
SRC-G-0388,General,G_INT_VALUE|G_INT_UNETH|G_SYS_OREF|G_SYS_OEXT|G_SYS_INPUT|G_SYS_MISINFO|G_SYS_CONTEXT|G_SYS_INCONS|G_SYS_CONTEST|G_SYS_TRANS|G_SYS_EVAL|G_SOC_ECON|G_SOC_POWER|G_SOC_DEMOC|G_SOC_ENV|G_SOC_CULT|G_SOC_GOV,NO_CURATED_PRIOR|PREREQUISITE_FILTER:G_INT_VIOL|G_INT_SEX|G_INT_SELF|G_INT_ALLOC|G_INT_REPR|G_INT_POL|G_INT_PRIV|G_INT_ILLEGAL|G_INT_COPY|G_INT_WEAP|G_INT_ANTH|G_INT_REL|G_SYS_SECADV|G_SYS_POLICY|G_SYS_OVERCONF
SRC-G-0389,General,G_INT_VALUE|G_INT_UNETH|G_SYS_OREF|G_SYS_OEXT|G_SYS_INPUT|G_SYS_MISINFO|G_SYS_CONTEXT|G_SYS_INCONS|G_SYS_CONTEST|G_SYS_TRANS|G_SYS_EVAL|G_SOC_ECON|G_SOC_POWER|G_SOC_DEMOC|G_SOC_ENV|G_SOC_CULT|G_SOC_GOV,NO_CURATED_PRIOR|PREREQUISITE_FILTER:G_INT_VIOL|G_INT_SEX|G_INT_SELF|G_INT_ALLOC|G_INT_REPR|G_INT_POL|G_INT_PRIV|G_INT_ILLEGAL|G_INT_COPY|G_INT_WEAP|G_INT_ANTH|G_INT_REL|G_SYS_SECADV|G_SYS_POLICY|G_SYS_OVERCONF
SRC-G-0390,General,G_INT_VALUE|G_INT_UNETH|G_SYS_OREF|G_SYS_OEXT|G_SYS_INPUT|G_SYS_MISINFO|G_SYS_CONTEXT|G_SYS_INCONS|G_SYS_CONTEST|G_SYS_TRANS|G_SYS_EVAL|G_SOC_ECON|G_SOC_POWER|G_SOC_DEMOC|G_SOC_ENV|G_SOC_CULT|G_SOC_GOV,NO_CURATED_PRIOR|PREREQUISITE_FILTER:G_INT_VIOL|G_INT_SEX|G_INT_SELF|G_INT_ALLOC|G_INT_REPR|G_INT_POL|G_INT_PRIV|G_INT_ILLEGAL|G_INT_COPY|G_INT_WEAP|G_INT_ANTH|G_INT_REL|G_SYS_SECADV|G_SYS_POLICY|G_SYS_OVERCONF
SRC-G-0391,General,G_INT_VALUE|G_INT_UNETH|G_SYS_OREF|G_SYS_OEXT|G_SYS_INPUT|G_SYS_MISINFO|G_SYS_CONTEXT|G_SYS_INCONS|G_SYS_CONTEST|G_SYS_TRANS|G_SYS_EVAL|G_SOC_ECON|G_SOC_POWER|G_SOC_DEMOC|G_SOC_ENV|G_SOC_CULT|G_SOC_GOV,NO_CURATED_PRIOR|PREREQUISITE_FILTER:G_INT_VIOL|G_INT_SEX|G_INT_SELF|G_INT_ALLOC|G_INT_REPR|G_INT_POL|G_INT_PRIV|G_INT_ILLEGAL|G_INT_COPY|G_INT_WEAP|G_INT_ANTH|G_INT_REL|G_SYS_SECADV|G_SYS_POLICY|G_SYS_OVERCONF
SRC-G-0392,General,G_INT_VALUE|G_INT_UNETH|G_SYS_OREF|G_SYS_OEXT|G_SYS_INPUT|G_SYS_MISINFO|G_SYS_CONTEXT|G_SYS_INCONS|G_SYS_CONTEST|G_SYS_TRANS|G_SYS_EVAL|G_SOC_ECON|G_SOC_POWER|G_SOC_DEMOC|G_SOC_ENV|G_SOC_CULT|G_SOC_GOV,NO_CURATED_PRIOR|PREREQUISITE_FILTER:G_INT_VIOL|G_INT_SEX|G_INT_SELF|G_INT_ALLOC|G_INT_REPR|G_INT_POL|G_INT_PRIV|G_INT_ILLEGAL|G_INT_COPY|G_INT_WEAP|G_INT_ANTH|G_INT_REL|G_SYS_SECADV|G_SYS_POLICY|G_SYS_OVERCONF
SRC-G-0393,General,G_INT_VALUE|G_INT_UNETH|G_SYS_OREF|G_SYS_OEXT|G_SYS_INPUT|G_SYS_MISINFO|G_SYS_CONTEXT|G_SYS_INCONS|G_SYS_CONTEST|G_SYS_TRANS|G_SYS_EVAL|G_SOC_ECON|G_SOC_POWER|G_SOC_DEMOC|G_SOC_ENV|G_SOC_CULT|G_SOC_GOV,NO_CURATED_PRIOR|PREREQUISITE_FILTER:G_INT_VIOL|G_INT_SEX|G_INT_SELF|G_INT_ALLOC|G_INT_REPR|G_INT_POL|G_INT_PRIV|G_INT_ILLEGAL|G_INT_COPY|G_INT_WEAP|G_INT_ANTH|G_INT_REL|G_SYS_SECADV|G_SYS_POLICY|G_SYS_OVERCONF
SRC-G-0395,General,G_INT_VALUE|G_INT_UNETH|G_SYS_OREF|G_SYS_OEXT|G_SYS_INPUT|G_SYS_MISINFO|G_SYS_CONTEXT|G_SYS_INCONS|G_SYS_CONTEST|G_SYS_TRANS|G_SYS_EVAL|G_SOC_ECON|G_SOC_POWER|G_SOC_DEMOC|G_SOC_ENV|G_SOC_CULT|G_SOC_GOV,CURATED_SOURCE_MECHANISM_PRIOR:G_SOC_CULT|PREREQUISITE_FILTER:G_INT_VIOL|G_INT_SEX|G_INT_SELF|G_INT_ALLOC|G_INT_REPR|G_INT_POL|G_INT_PRIV|G_INT_ILLEGAL|G_INT_COPY|G_INT_WEAP|G_INT_ANTH|G_INT_REL|G_SYS_SECADV|G_SYS_POLICY|G_SYS_OVERCONF
SRC-G-0396,General,G_INT_VALUE|G_INT_UNETH|G_SYS_OREF|G_SYS_OEXT|G_SYS_INPUT|G_SYS_MISINFO|G_SYS_CONTEXT|G_SYS_INCONS|G_SYS_CONTEST|G_SYS_TRANS|G_SYS_EVAL|G_SOC_ECON|G_SOC_POWER|G_SOC_DEMOC|G_SOC_ENV|G_SOC_CULT|G_SOC_GOV,NO_CURATED_PRIOR|PREREQUISITE_FILTER:G_INT_VIOL|G_INT_SEX|G_INT_SELF|G_INT_ALLOC|G_INT_REPR|G_INT_POL|G_INT_PRIV|G_INT_ILLEGAL|G_INT_COPY|G_INT_WEAP|G_INT_ANTH|G_INT_REL|G_SYS_SECADV|G_SYS_POLICY|G_SYS_OVERCONF
SRC-G-0397,General,G_INT_VALUE|G_INT_UNETH|G_SYS_OREF|G_SYS_OEXT|G_SYS_INPUT|G_SYS_MISINFO|G_SYS_CONTEXT|G_SYS_INCONS|G_SYS_CONTEST|G_SYS_TRANS|G_SYS_EVAL|G_SOC_ECON|G_SOC_POWER|G_SOC_DEMOC|G_SOC_ENV|G_SOC_CULT|G_SOC_GOV,NO_CURATED_PRIOR|PREREQUISITE_FILTER:G_INT_VIOL|G_INT_SEX|G_INT_SELF|G_INT_ALLOC|G_INT_REPR|G_INT_POL|G_INT_PRIV|G_INT_ILLEGAL|G_INT_COPY|G_INT_WEAP|G_INT_ANTH|G_INT_REL|G_SYS_SECADV|G_SYS_POLICY|G_SYS_OVERCONF
SRC-G-0398,General,G_INT_VALUE|G_INT_UNETH|G_SYS_OREF|G_SYS_OEXT|G_SYS_INPUT|G_SYS_MISINFO|G_SYS_CONTEXT|G_SYS_INCONS|G_SYS_CONTEST|G_SYS_TRANS|G_SYS_EVAL|G_SOC_ECON|G_SOC_POWER|G_SOC_DEMOC|G_SOC_ENV|G_SOC_CULT|G_SOC_GOV,NO_CURATED_PRIOR|PREREQUISITE_FILTER:G_INT_VIOL|G_INT_SEX|G_INT_SELF|G_INT_ALLOC|G_INT_REPR|G_INT_POL|G_INT_PRIV|G_INT_ILLEGAL|G_INT_COPY|G_INT_WEAP|G_INT_ANTH|G_INT_REL|G_SYS_SECADV|G_SYS_POLICY|G_SYS_OVERCONF
SRC-G-0399,General,G_INT_VALUE|G_INT_POL|G_INT_PRIV|G_INT_UNETH|G_SYS_OREF|G_SYS_OEXT|G_SYS_INPUT|G_SYS_MISINFO|G_SYS_CONTEXT|G_SYS_INCONS|G_SYS_CONTEST|G_SYS_TRANS|G_SYS_EVAL|G_SOC_ECON|G_SOC_POWER|G_SOC_DEMOC|G_SOC_ENV|G_SOC_CULT|G_SOC_GOV,NO_CURATED_PRIOR|PREREQUISITE_FILTER:G_INT_VIOL|G_INT_SEX|G_INT_SELF|G_INT_ALLOC|G_INT_REPR|G_INT_ILLEGAL|G_INT_COPY|G_INT_WEAP|G_INT_ANTH|G_INT_REL|G_SYS_SECADV|G_SYS_POLICY|G_SYS_OVERCONF
SRC-G-0400,General,G_INT_VALUE|G_INT_UNETH|G_SYS_OREF|G_SYS_OEXT|G_SYS_INPUT|G_SYS_MISINFO|G_SYS_CONTEXT|G_SYS_INCONS|G_SYS_CONTEST|G_SYS_TRANS|G_SYS_EVAL|G_SOC_ECON|G_SOC_POWER|G_SOC_DEMOC|G_SOC_ENV|G_SOC_CULT|G_SOC_GOV,NO_CURATED_PRIOR|PREREQUISITE_FILTER:G_INT_VIOL|G_INT_SEX|G_INT_SELF|G_INT_ALLOC|G_INT_REPR|G_INT_POL|G_INT_PRIV|G_INT_ILLEGAL|G_INT_COPY|G_INT_WEAP|G_INT_ANTH|G_INT_REL|G_SYS_SECADV|G_SYS_POLICY|G_SYS_OVERCONF
SRC-G-0401,General,G_INT_VALUE|G_INT_UNETH|G_SYS_OREF|G_SYS_OEXT|G_SYS_INPUT|G_SYS_MISINFO|G_SYS_CONTEXT|G_SYS_INCONS|G_SYS_CONTEST|G_SYS_SECADV|G_SYS_TRANS|G_SYS_EVAL|G_SOC_ECON|G_SOC_POWER|G_SOC_DEMOC|G_SOC_ENV|G_SOC_CULT|G_SOC_GOV,NO_CURATED_PRIOR|PREREQUISITE_FILTER:G_INT_VIOL|G_INT_SEX|G_INT_SELF|G_INT_ALLOC|G_INT_REPR|G_INT_POL|G_INT_PRIV|G_INT_ILLEGAL|G_INT_COPY|G_INT_WEAP|G_INT_ANTH|G_INT_REL|G_SYS_POLICY|G_SYS_OVERCONF
SRC-G-0402,General,G_INT_VALUE|G_INT_UNETH|G_SYS_OREF|G_SYS_OEXT|G_SYS_INPUT|G_SYS_MISINFO|G_SYS_CONTEXT|G_SYS_INCONS|G_SYS_CONTEST|G_SYS_TRANS|G_SYS_EVAL|G_SOC_ECON|G_SOC_POWER|G_SOC_DEMOC|G_SOC_ENV|G_SOC_CULT|G_SOC_GOV,NO_CURATED_PRIOR|PREREQUISITE_FILTER:G_INT_VIOL|G_INT_SEX|G_INT_SELF|G_INT_ALLOC|G_INT_REPR|G_INT_POL|G_INT_PRIV|G_INT_ILLEGAL|G_INT_COPY|G_INT_WEAP|G_INT_ANTH|G_INT_REL|G_SYS_SECADV|G_SYS_POLICY|G_SYS_OVERCONF
SRC-G-0403,General,G_INT_VALUE|G_INT_UNETH|G_SYS_OREF|G_SYS_OEXT|G_SYS_INPUT|G_SYS_MISINFO|G_SYS_CONTEXT|G_SYS_INCONS|G_SYS_CONTEST|G_SYS_TRANS|G_SYS_EVAL|G_SOC_ECON|G_SOC_POWER|G_SOC_DEMOC|G_SOC_ENV|G_SOC_CULT|G_SOC_GOV,NO_CURATED_PRIOR|PREREQUISITE_FILTER:G_INT_VIOL|G_INT_SEX|G_INT_SELF|G_INT_ALLOC|G_INT_REPR|G_INT_POL|G_INT_PRIV|G_INT_ILLEGAL|G_INT_COPY|G_INT_WEAP|G_INT_ANTH|G_INT_REL|G_SYS_SECADV|G_SYS_POLICY|G_SYS_OVERCONF
SRC-G-0404,General,G_INT_VALUE|G_INT_UNETH|G_SYS_OREF|G_SYS_OEXT|G_SYS_INPUT|G_SYS_MISINFO|G_SYS_CONTEXT|G_SYS_INCONS|G_SYS_CONTEST|G_SYS_TRANS|G_SYS_EVAL|G_SOC_ECON|G_SOC_POWER|G_SOC_DEMOC|G_SOC_ENV|G_SOC_CULT|G_SOC_GOV,NO_CURATED_PRIOR|PREREQUISITE_FILTER:G_INT_VIOL|G_INT_SEX|G_INT_SELF|G_INT_ALLOC|G_INT_REPR|G_INT_POL|G_INT_PRIV|G_INT_ILLEGAL|G_INT_COPY|G_INT_WEAP|G_INT_ANTH|G_INT_REL|G_SYS_SECADV|G_SYS_POLICY|G_SYS_OVERCONF
SRC-G-0405,General,G_INT_ALLOC|G_INT_VALUE|G_INT_POL|G_INT_PRIV|G_INT_UNETH|G_SYS_OREF|G_SYS_OEXT|G_SYS_INPUT|G_SYS_MISINFO|G_SYS_CONTEXT|G_SYS_INCONS|G_SYS_CONTEST|G_SYS_TRANS|G_SYS_EVAL|G_SOC_ECON|G_SOC_POWER|G_SOC_DEMOC|G_SOC_ENV|G_SOC_CULT|G_SOC_GOV,NO_CURATED_PRIOR|PREREQUISITE_FILTER:G_INT_VIOL|G_INT_SEX|G_INT_SELF|G_INT_REPR|G_INT_ILLEGAL|G_INT_COPY|G_INT_WEAP|G_INT_ANTH|G_INT_REL|G_SYS_SECADV|G_SYS_POLICY|G_SYS_OVERCONF
SRC-G-0406,General,G_INT_VALUE|G_INT_UNETH|G_SYS_OREF|G_SYS_OEXT|G_SYS_INPUT|G_SYS_MISINFO|G_SYS_CONTEXT|G_SYS_INCONS|G_SYS_CONTEST|G_SYS_TRANS|G_SYS_EVAL|G_SOC_ECON|G_SOC_POWER|G_SOC_DEMOC|G_SOC_ENV|G_SOC_CULT|G_SOC_GOV,NO_CURATED_PRIOR|PREREQUISITE_FILTER:G_INT_VIOL|G_INT_SEX|G_INT_SELF|G_INT_ALLOC|G_INT_REPR|G_INT_POL|G_INT_PRIV|G_INT_ILLEGAL|G_INT_COPY|G_INT_WEAP|G_INT_ANTH|G_INT_REL|G_SYS_SECADV|G_SYS_POLICY|G_SYS_OVERCONF
SRC-G-0407,General,G_INT_VALUE|G_INT_UNETH|G_SYS_OREF|G_SYS_OEXT|G_SYS_INPUT|G_SYS_MISINFO|G_SYS_CONTEXT|G_SYS_INCONS|G_SYS_CONTEST|G_SYS_POLICY|G_SYS_TRANS|G_SYS_EVAL|G_SOC_ECON|G_SOC_POWER|G_SOC_DEMOC|G_SOC_ENV|G_SOC_CULT|G_SOC_GOV,NO_CURATED_PRIOR|PREREQUISITE_FILTER:G_INT_VIOL|G_INT_SEX|G_INT_SELF|G_INT_ALLOC|G_INT_REPR|G_INT_POL|G_INT_PRIV|G_INT_ILLEGAL|G_INT_COPY|G_INT_WEAP|G_INT_ANTH|G_INT_REL|G_SYS_SECADV|G_SYS_OVERCONF
SRC-G-0408,General,G_INT_VALUE|G_INT_UNETH|G_SYS_OREF|G_SYS_OEXT|G_SYS_INPUT|G_SYS_MISINFO|G_SYS_CONTEXT|G_SYS_INCONS|G_SYS_CONTEST|G_SYS_TRANS|G_SYS_EVAL|G_SOC_ECON|G_SOC_POWER|G_SOC_DEMOC|G_SOC_ENV|G_SOC_CULT|G_SOC_GOV,NO_CURATED_PRIOR|PREREQUISITE_FILTER:G_INT_VIOL|G_INT_SEX|G_INT_SELF|G_INT_ALLOC|G_INT_REPR|G_INT_POL|G_INT_PRIV|G_INT_ILLEGAL|G_INT_COPY|G_INT_WEAP|G_INT_ANTH|G_INT_REL|G_SYS_SECADV|G_SYS_POLICY|G_SYS_OVERCONF
SRC-G-0409,General,G_INT_VALUE|G_INT_UNETH|G_SYS_OREF|G_SYS_OEXT|G_SYS_INPUT|G_SYS_MISINFO|G_SYS_CONTEXT|G_SYS_INCONS|G_SYS_CONTEST|G_SYS_TRANS|G_SYS_EVAL|G_SOC_ECON|G_SOC_POWER|G_SOC_DEMOC|G_SOC_ENV|G_SOC_CULT|G_SOC_GOV,NO_CURATED_PRIOR|PREREQUISITE_FILTER:G_INT_VIOL|G_INT_SEX|G_INT_SELF|G_INT_ALLOC|G_INT_REPR|G_INT_POL|G_INT_PRIV|G_INT_ILLEGAL|G_INT_COPY|G_INT_WEAP|G_INT_ANTH|G_INT_REL|G_SYS_SECADV|G_SYS_POLICY|G_SYS_OVERCONF
SRC-G-0410,General,G_INT_ALLOC|G_INT_VALUE|G_INT_UNETH|G_SYS_OREF|G_SYS_OEXT|G_SYS_INPUT|G_SYS_MISINFO|G_SYS_CONTEXT|G_SYS_INCONS|G_SYS_CONTEST|G_SYS_TRANS|G_SYS_EVAL|G_SOC_ECON|G_SOC_POWER|G_SOC_DEMOC|G_SOC_ENV|G_SOC_CULT|G_SOC_GOV,NO_CURATED_PRIOR|PREREQUISITE_FILTER:G_INT_VIOL|G_INT_SEX|G_INT_SELF|G_INT_REPR|G_INT_POL|G_INT_PRIV|G_INT_ILLEGAL|G_INT_COPY|G_INT_WEAP|G_INT_ANTH|G_INT_REL|G_SYS_SECADV|G_SYS_POLICY|G_SYS_OVERCONF
SRC-G-0411,General,G_INT_VALUE|G_INT_UNETH|G_SYS_OREF|G_SYS_OEXT|G_SYS_INPUT|G_SYS_MISINFO|G_SYS_CONTEXT|G_SYS_INCONS|G_SYS_CONTEST|G_SYS_TRANS|G_SYS_EVAL|G_SOC_ECON|G_SOC_POWER|G_SOC_DEMOC|G_SOC_ENV|G_SOC_CULT|G_SOC_GOV,NO_CURATED_PRIOR|PREREQUISITE_FILTER:G_INT_VIOL|G_INT_SEX|G_INT_SELF|G_INT_ALLOC|G_INT_REPR|G_INT_POL|G_INT_PRIV|G_INT_ILLEGAL|G_INT_COPY|G_INT_WEAP|G_INT_ANTH|G_INT_REL|G_SYS_SECADV|G_SYS_POLICY|G_SYS_OVERCONF
SRC-G-0412,General,G_INT_VALUE|G_INT_UNETH|G_SYS_OREF|G_SYS_OEXT|G_SYS_INPUT|G_SYS_MISINFO|G_SYS_CONTEXT|G_SYS_INCONS|G_SYS_CONTEST|G_SYS_TRANS|G_SYS_EVAL|G_SOC_ECON|G_SOC_POWER|G_SOC_DEMOC|G_SOC_ENV|G_SOC_CULT|G_SOC_GOV,NO_CURATED_PRIOR|PREREQUISITE_FILTER:G_INT_VIOL|G_INT_SEX|G_INT_SELF|G_INT_ALLOC|G_INT_REPR|G_INT_POL|G_INT_PRIV|G_INT_ILLEGAL|G_INT_COPY|G_INT_WEAP|G_INT_ANTH|G_INT_REL|G_SYS_SECADV|G_SYS_POLICY|G_SYS_OVERCONF
SRC-G-0413,General,G_INT_VALUE|G_INT_UNETH|G_SYS_OREF|G_SYS_OEXT|G_SYS_INPUT|G_SYS_MISINFO|G_SYS_CONTEXT|G_SYS_INCONS|G_SYS_CONTEST|G_SYS_TRANS|G_SYS_EVAL|G_SOC_ECON|G_SOC_POWER|G_SOC_DEMOC|G_SOC_ENV|G_SOC_CULT|G_SOC_GOV,NO_CURATED_PRIOR|PREREQUISITE_FILTER:G_INT_VIOL|G_INT_SEX|G_INT_SELF|G_INT_ALLOC|G_INT_REPR|G_INT_POL|G_INT_PRIV|G_INT_ILLEGAL|G_INT_COPY|G_INT_WEAP|G_INT_ANTH|G_INT_REL|G_SYS_SECADV|G_SYS_POLICY|G_SYS_OVERCONF
SRC-G-0414,General,G_INT_VALUE|G_INT_UNETH|G_SYS_OREF|G_SYS_OEXT|G_SYS_INPUT|G_SYS_MISINFO|G_SYS_CONTEXT|G_SYS_INCONS|G_SYS_CONTEST|G_SYS_TRANS|G_SYS_EVAL|G_SOC_ECON|G_SOC_POWER|G_SOC_DEMOC|G_SOC_ENV|G_SOC_CULT|G_SOC_GOV,NO_CURATED_PRIOR|PREREQUISITE_FILTER:G_INT_VIOL|G_INT_SEX|G_INT_SELF|G_INT_ALLOC|G_INT_REPR|G_INT_POL|G_INT_PRIV|G_INT_ILLEGAL|G_INT_COPY|G_INT_WEAP|G_INT_ANTH|G_INT_REL|G_SYS_SECADV|G_SYS_POLICY|G_SYS_OVERCONF
SRC-G-0415,General,G_INT_VALUE|G_INT_UNETH|G_SYS_OREF|G_SYS_OEXT|G_SYS_INPUT|G_SYS_MISINFO|G_SYS_CONTEXT|G_SYS_INCONS|G_SYS_CONTEST|G_SYS_TRANS|G_SYS_EVAL|G_SOC_ECON|G_SOC_POWER|G_SOC_DEMOC|G_SOC_ENV|G_SOC_CULT|G_SOC_GOV,NO_CURATED_PRIOR|PREREQUISITE_FILTER:G_INT_VIOL|G_INT_SEX|G_INT_SELF|G_INT_ALLOC|G_INT_REPR|G_INT_POL|G_INT_PRIV|G_INT_ILLEGAL|G_INT_COPY|G_INT_WEAP|G_INT_ANTH|G_INT_REL|G_SYS_SECADV|G_SYS_POLICY|G_SYS_OVERCONF
SRC-G-0417,General,G_INT_VALUE|G_INT_UNETH|G_INT_WEAP|G_SYS_OREF|G_SYS_OEXT|G_SYS_INPUT|G_SYS_MISINFO|G_SYS_CONTEXT|G_SYS_INCONS|G_SYS_CONTEST|G_SYS_TRANS|G_SYS_EVAL|G_SOC_ECON|G_SOC_POWER|G_SOC_DEMOC|G_SOC_ENV|G_SOC_CULT|G_SOC_GOV,NO_CURATED_PRIOR|PREREQUISITE_FILTER:G_INT_VIOL|G_INT_SEX|G_INT_SELF|G_INT_ALLOC|G_INT_REPR|G_INT_POL|G_INT_PRIV|G_INT_ILLEGAL|G_INT_COPY|G_INT_ANTH|G_INT_REL|G_SYS_SECADV|G_SYS_POLICY|G_SYS_OVERCONF
SRC-G-0418,General,G_INT_VALUE|G_INT_UNETH|G_SYS_OREF|G_SYS_OEXT|G_SYS_INPUT|G_SYS_MISINFO|G_SYS_CONTEXT|G_SYS_INCONS|G_SYS_CONTEST|G_SYS_TRANS|G_SYS_EVAL|G_SOC_ECON|G_SOC_POWER|G_SOC_DEMOC|G_SOC_ENV|G_SOC_CULT|G_SOC_GOV,NO_CURATED_PRIOR|PREREQUISITE_FILTER:G_INT_VIOL|G_INT_SEX|G_INT_SELF|G_INT_ALLOC|G_INT_REPR|G_INT_POL|G_INT_PRIV|G_INT_ILLEGAL|G_INT_COPY|G_INT_WEAP|G_INT_ANTH|G_INT_REL|G_SYS_SECADV|G_SYS_POLICY|G_SYS_OVERCONF
SRC-G-0420,General,G_INT_VALUE|G_INT_UNETH|G_SYS_OREF|G_SYS_OEXT|G_SYS_INPUT|G_SYS_MISINFO|G_SYS_CONTEXT|G_SYS_INCONS|G_SYS_CONTEST|G_SYS_TRANS|G_SYS_EVAL|G_SOC_ECON|G_SOC_POWER|G_SOC_DEMOC|G_SOC_ENV|G_SOC_CULT|G_SOC_GOV,NO_CURATED_PRIOR|PREREQUISITE_FILTER:G_INT_VIOL|G_INT_SEX|G_INT_SELF|G_INT_ALLOC|G_INT_REPR|G_INT_POL|G_INT_PRIV|G_INT_ILLEGAL|G_INT_COPY|G_INT_WEAP|G_INT_ANTH|G_INT_REL|G_SYS_SECADV|G_SYS_POLICY|G_SYS_OVERCONF
SRC-G-0421,General,G_INT_VALUE|G_INT_UNETH|G_SYS_OREF|G_SYS_OEXT|G_SYS_INPUT|G_SYS_MISINFO|G_SYS_CONTEXT|G_SYS_INCONS|G_SYS_CONTEST|G_SYS_TRANS|G_SYS_EVAL|G_SOC_ECON|G_SOC_POWER|G_SOC_DEMOC|G_SOC_ENV|G_SOC_CULT|G_SOC_GOV,NO_CURATED_PRIOR|PREREQUISITE_FILTER:G_INT_VIOL|G_INT_SEX|G_INT_SELF|G_INT_ALLOC|G_INT_REPR|G_INT_POL|G_INT_PRIV|G_INT_ILLEGAL|G_INT_COPY|G_INT_WEAP|G_INT_ANTH|G_INT_REL|G_SYS_SECADV|G_SYS_POLICY|G_SYS_OVERCONF
SRC-G-0422,General,G_INT_VIOL|G_INT_VALUE|G_INT_UNETH|G_SYS_OREF|G_SYS_OEXT|G_SYS_INPUT|G_SYS_MISINFO|G_SYS_CONTEXT|G_SYS_INCONS|G_SYS_CONTEST|G_SYS_TRANS|G_SYS_EVAL|G_SOC_ECON|G_SOC_POWER|G_SOC_DEMOC|G_SOC_ENV|G_SOC_CULT|G_SOC_GOV,NO_CURATED_PRIOR|PREREQUISITE_FILTER:G_INT_SEX|G_INT_SELF|G_INT_ALLOC|G_INT_REPR|G_INT_POL|G_INT_PRIV|G_INT_ILLEGAL|G_INT_COPY|G_INT_WEAP|G_INT_ANTH|G_INT_REL|G_SYS_SECADV|G_SYS_POLICY|G_SYS_OVERCONF
SRC-G-0423,General,G_INT_VALUE|G_INT_UNETH|G_SYS_OREF|G_SYS_OEXT|G_SYS_INPUT|G_SYS_MISINFO|G_SYS_CONTEXT|G_SYS_INCONS|G_SYS_CONTEST|G_SYS_SECADV|G_SYS_TRANS|G_SYS_EVAL|G_SOC_ECON|G_SOC_POWER|G_SOC_DEMOC|G_SOC_ENV|G_SOC_CULT|G_SOC_GOV,NO_CURATED_PRIOR|PREREQUISITE_FILTER:G_INT_VIOL|G_INT_SEX|G_INT_SELF|G_INT_ALLOC|G_INT_REPR|G_INT_POL|G_INT_PRIV|G_INT_ILLEGAL|G_INT_COPY|G_INT_WEAP|G_INT_ANTH|G_INT_REL|G_SYS_POLICY|G_SYS_OVERCONF
SRC-G-0424,General,G_INT_VALUE|G_INT_UNETH|G_SYS_OREF|G_SYS_OEXT|G_SYS_INPUT|G_SYS_MISINFO|G_SYS_CONTEXT|G_SYS_INCONS|G_SYS_CONTEST|G_SYS_TRANS|G_SYS_EVAL|G_SOC_ECON|G_SOC_POWER|G_SOC_DEMOC|G_SOC_ENV|G_SOC_CULT|G_SOC_GOV,NO_CURATED_PRIOR|PREREQUISITE_FILTER:G_INT_VIOL|G_INT_SEX|G_INT_SELF|G_INT_ALLOC|G_INT_REPR|G_INT_POL|G_INT_PRIV|G_INT_ILLEGAL|G_INT_COPY|G_INT_WEAP|G_INT_ANTH|G_INT_REL|G_SYS_SECADV|G_SYS_POLICY|G_SYS_OVERCONF
SRC-G-0425,General,G_INT_VALUE|G_INT_UNETH|G_SYS_OREF|G_SYS_OEXT|G_SYS_INPUT|G_SYS_MISINFO|G_SYS_CONTEXT|G_SYS_INCONS|G_SYS_CONTEST|G_SYS_TRANS|G_SYS_EVAL|G_SOC_ECON|G_SOC_POWER|G_SOC_DEMOC|G_SOC_ENV|G_SOC_CULT|G_SOC_GOV,NO_CURATED_PRIOR|PREREQUISITE_FILTER:G_INT_VIOL|G_INT_SEX|G_INT_SELF|G_INT_ALLOC|G_INT_REPR|G_INT_POL|G_INT_PRIV|G_INT_ILLEGAL|G_INT_COPY|G_INT_WEAP|G_INT_ANTH|G_INT_REL|G_SYS_SECADV|G_SYS_POLICY|G_SYS_OVERCONF
SRC-G-0426,General,G_INT_VALUE|G_INT_UNETH|G_SYS_OREF|G_SYS_OEXT|G_SYS_INPUT|G_SYS_MISINFO|G_SYS_CONTEXT|G_SYS_INCONS|G_SYS_CONTEST|G_SYS_TRANS|G_SYS_EVAL|G_SOC_ECON|G_SOC_POWER|G_SOC_DEMOC|G_SOC_ENV|G_SOC_CULT|G_SOC_GOV,NO_CURATED_PRIOR|PREREQUISITE_FILTER:G_INT_VIOL|G_INT_SEX|G_INT_SELF|G_INT_ALLOC|G_INT_REPR|G_INT_POL|G_INT_PRIV|G_INT_ILLEGAL|G_INT_COPY|G_INT_WEAP|G_INT_ANTH|G_INT_REL|G_SYS_SECADV|G_SYS_POLICY|G_SYS_OVERCONF
SRC-G-0427,General,G_INT_VALUE|G_INT_UNETH|G_SYS_OREF|G_SYS_OEXT|G_SYS_INPUT|G_SYS_MISINFO|G_SYS_CONTEXT|G_SYS_INCONS|G_SYS_CONTEST|G_SYS_TRANS|G_SYS_EVAL|G_SOC_ECON|G_SOC_POWER|G_SOC_DEMOC|G_SOC_ENV|G_SOC_CULT|G_SOC_GOV,NO_CURATED_PRIOR|PREREQUISITE_FILTER:G_INT_VIOL|G_INT_SEX|G_INT_SELF|G_INT_ALLOC|G_INT_REPR|G_INT_POL|G_INT_PRIV|G_INT_ILLEGAL|G_INT_COPY|G_INT_WEAP|G_INT_ANTH|G_INT_REL|G_SYS_SECADV|G_SYS_POLICY|G_SYS_OVERCONF
SRC-G-0428,General,G_INT_VALUE|G_INT_UNETH|G_SYS_OREF|G_SYS_OEXT|G_SYS_INPUT|G_SYS_MISINFO|G_SYS_CONTEXT|G_SYS_INCONS|G_SYS_CONTEST|G_SYS_TRANS|G_SYS_EVAL|G_SOC_ECON|G_SOC_POWER|G_SOC_DEMOC|G_SOC_ENV|G_SOC_CULT|G_SOC_GOV,NO_CURATED_PRIOR|PREREQUISITE_FILTER:G_INT_VIOL|G_INT_SEX|G_INT_SELF|G_INT_ALLOC|G_INT_REPR|G_INT_POL|G_INT_PRIV|G_INT_ILLEGAL|G_INT_COPY|G_INT_WEAP|G_INT_ANTH|G_INT_REL|G_SYS_SECADV|G_SYS_POLICY|G_SYS_OVERCONF
SRC-G-0429,General,G_INT_VALUE|G_INT_UNETH|G_SYS_OREF|G_SYS_OEXT|G_SYS_INPUT|G_SYS_MISINFO|G_SYS_CONTEXT|G_SYS_INCONS|G_SYS_CONTEST|G_SYS_TRANS|G_SYS_EVAL|G_SOC_ECON|G_SOC_POWER|G_SOC_DEMOC|G_SOC_ENV|G_SOC_CULT|G_SOC_GOV,NO_CURATED_PRIOR|PREREQUISITE_FILTER:G_INT_VIOL|G_INT_SEX|G_INT_SELF|G_INT_ALLOC|G_INT_REPR|G_INT_POL|G_INT_PRIV|G_INT_ILLEGAL|G_INT_COPY|G_INT_WEAP|G_INT_ANTH|G_INT_REL|G_SYS_SECADV|G_SYS_POLICY|G_SYS_OVERCONF
SRC-G-0430,General,G_INT_VALUE|G_INT_UNETH|G_SYS_OREF|G_SYS_OEXT|G_SYS_INPUT|G_SYS_MISINFO|G_SYS_CONTEXT|G_SYS_INCONS|G_SYS_CONTEST|G_SYS_TRANS|G_SYS_EVAL|G_SOC_ECON|G_SOC_POWER|G_SOC_DEMOC|G_SOC_ENV|G_SOC_CULT|G_SOC_GOV,NO_CURATED_PRIOR|PREREQUISITE_FILTER:G_INT_VIOL|G_INT_SEX|G_INT_SELF|G_INT_ALLOC|G_INT_REPR|G_INT_POL|G_INT_PRIV|G_INT_ILLEGAL|G_INT_COPY|G_INT_WEAP|G_INT_ANTH|G_INT_REL|G_SYS_SECADV|G_SYS_POLICY|G_SYS_OVERCONF
SRC-G-0431,General,G_INT_REPR|G_INT_VALUE|G_INT_UNETH|G_SYS_OREF|G_SYS_OEXT|G_SYS_INPUT|G_SYS_MISINFO|G_SYS_CONTEXT|G_SYS_INCONS|G_SYS_CONTEST|G_SYS_TRANS|G_SYS_EVAL|G_SOC_ECON|G_SOC_POWER|G_SOC_DEMOC|G_SOC_ENV|G_SOC_CULT|G_SOC_GOV,NO_CURATED_PRIOR|PREREQUISITE_FILTER:G_INT_VIOL|G_INT_SEX|G_INT_SELF|G_INT_ALLOC|G_INT_POL|G_INT_PRIV|G_INT_ILLEGAL|G_INT_COPY|G_INT_WEAP|G_INT_ANTH|G_INT_REL|G_SYS_SECADV|G_SYS_POLICY|G_SYS_OVERCONF
SRC-G-0432,General,G_INT_VALUE|G_INT_UNETH|G_SYS_OREF|G_SYS_OEXT|G_SYS_INPUT|G_SYS_MISINFO|G_SYS_CONTEXT|G_SYS_INCONS|G_SYS_CONTEST|G_SYS_TRANS|G_SYS_EVAL|G_SOC_ECON|G_SOC_POWER|G_SOC_DEMOC|G_SOC_ENV|G_SOC_CULT|G_SOC_GOV,NO_CURATED_PRIOR|PREREQUISITE_FILTER:G_INT_VIOL|G_INT_SEX|G_INT_SELF|G_INT_ALLOC|G_INT_REPR|G_INT_POL|G_INT_PRIV|G_INT_ILLEGAL|G_INT_COPY|G_INT_WEAP|G_INT_ANTH|G_INT_REL|G_SYS_SECADV|G_SYS_POLICY|G_SYS_OVERCONF
SRC-G-0433,General,G_INT_REPR|G_INT_VALUE|G_INT_POL|G_INT_UNETH|G_SYS_OREF|G_SYS_OEXT|G_SYS_INPUT|G_SYS_MISINFO|G_SYS_CONTEXT|G_SYS_INCONS|G_SYS_CONTEST|G_SYS_TRANS|G_SYS_EVAL|G_SOC_ECON|G_SOC_POWER|G_SOC_DEMOC|G_SOC_ENV|G_SOC_CULT|G_SOC_GOV,NO_CURATED_PRIOR|PREREQUISITE_FILTER:G_INT_VIOL|G_INT_SEX|G_INT_SELF|G_INT_ALLOC|G_INT_PRIV|G_INT_ILLEGAL|G_INT_COPY|G_INT_WEAP|G_INT_ANTH|G_INT_REL|G_SYS_SECADV|G_SYS_POLICY|G_SYS_OVERCONF
SRC-G-0434,General,G_INT_VALUE|G_INT_UNETH|G_SYS_OREF|G_SYS_OEXT|G_SYS_INPUT|G_SYS_MISINFO|G_SYS_CONTEXT|G_SYS_INCONS|G_SYS_CONTEST|G_SYS_TRANS|G_SYS_EVAL|G_SOC_ECON|G_SOC_POWER|G_SOC_DEMOC|G_SOC_ENV|G_SOC_CULT|G_SOC_GOV,NO_CURATED_PRIOR|PREREQUISITE_FILTER:G_INT_VIOL|G_INT_SEX|G_INT_SELF|G_INT_ALLOC|G_INT_REPR|G_INT_POL|G_INT_PRIV|G_INT_ILLEGAL|G_INT_COPY|G_INT_WEAP|G_INT_ANTH|G_INT_REL|G_SYS_SECADV|G_SYS_POLICY|G_SYS_OVERCONF
SRC-G-0435,General,G_INT_VALUE|G_INT_UNETH|G_SYS_OREF|G_SYS_OEXT|G_SYS_INPUT|G_SYS_MISINFO|G_SYS_CONTEXT|G_SYS_INCONS|G_SYS_CONTEST|G_SYS_TRANS|G_SYS_EVAL|G_SOC_ECON|G_SOC_POWER|G_SOC_DEMOC|G_SOC_ENV|G_SOC_CULT|G_SOC_GOV,NO_CURATED_PRIOR|PREREQUISITE_FILTER:G_INT_VIOL|G_INT_SEX|G_INT_SELF|G_INT_ALLOC|G_INT_REPR|G_INT_POL|G_INT_PRIV|G_INT_ILLEGAL|G_INT_COPY|G_INT_WEAP|G_INT_ANTH|G_INT_REL|G_SYS_SECADV|G_SYS_POLICY|G_SYS_OVERCONF
SRC-G-0436,General,G_INT_VALUE|G_INT_UNETH|G_SYS_OREF|G_SYS_OEXT|G_SYS_INPUT|G_SYS_MISINFO|G_SYS_CONTEXT|G_SYS_INCONS|G_SYS_CONTEST|G_SYS_TRANS|G_SYS_EVAL|G_SOC_ECON|G_SOC_POWER|G_SOC_DEMOC|G_SOC_ENV|G_SOC_CULT|G_SOC_GOV,NO_CURATED_PRIOR|PREREQUISITE_FILTER:G_INT_VIOL|G_INT_SEX|G_INT_SELF|G_INT_ALLOC|G_INT_REPR|G_INT_POL|G_INT_PRIV|G_INT_ILLEGAL|G_INT_COPY|G_INT_WEAP|G_INT_ANTH|G_INT_REL|G_SYS_SECADV|G_SYS_POLICY|G_SYS_OVERCONF
SRC-G-0437,General,G_INT_VALUE|G_INT_UNETH|G_SYS_OREF|G_SYS_OEXT|G_SYS_INPUT|G_SYS_MISINFO|G_SYS_CONTEXT|G_SYS_INCONS|G_SYS_CONTEST|G_SYS_TRANS|G_SYS_EVAL|G_SOC_ECON|G_SOC_POWER|G_SOC_DEMOC|G_SOC_ENV|G_SOC_CULT|G_SOC_GOV,NO_CURATED_PRIOR|PREREQUISITE_FILTER:G_INT_VIOL|G_INT_SEX|G_INT_SELF|G_INT_ALLOC|G_INT_REPR|G_INT_POL|G_INT_PRIV|G_INT_ILLEGAL|G_INT_COPY|G_INT_WEAP|G_INT_ANTH|G_INT_REL|G_SYS_SECADV|G_SYS_POLICY|G_SYS_OVERCONF
SRC-G-0438,General,G_INT_VALUE|G_INT_UNETH|G_SYS_OREF|G_SYS_OEXT|G_SYS_INPUT|G_SYS_MISINFO|G_SYS_CONTEXT|G_SYS_INCONS|G_SYS_CONTEST|G_SYS_TRANS|G_SYS_EVAL|G_SOC_ECON|G_SOC_POWER|G_SOC_DEMOC|G_SOC_ENV|G_SOC_CULT|G_SOC_GOV,NO_CURATED_PRIOR|PREREQUISITE_FILTER:G_INT_VIOL|G_INT_SEX|G_INT_SELF|G_INT_ALLOC|G_INT_REPR|G_INT_POL|G_INT_PRIV|G_INT_ILLEGAL|G_INT_COPY|G_INT_WEAP|G_INT_ANTH|G_INT_REL|G_SYS_SECADV|G_SYS_POLICY|G_SYS_OVERCONF
SRC-G-0439,General,G_INT_VALUE|G_INT_UNETH|G_SYS_OREF|G_SYS_OEXT|G_SYS_INPUT|G_SYS_MISINFO|G_SYS_CONTEXT|G_SYS_INCONS|G_SYS_CONTEST|G_SYS_TRANS|G_SYS_EVAL|G_SOC_ECON|G_SOC_POWER|G_SOC_DEMOC|G_SOC_ENV|G_SOC_CULT|G_SOC_GOV,NO_CURATED_PRIOR|PREREQUISITE_FILTER:G_INT_VIOL|G_INT_SEX|G_INT_SELF|G_INT_ALLOC|G_INT_REPR|G_INT_POL|G_INT_PRIV|G_INT_ILLEGAL|G_INT_COPY|G_INT_WEAP|G_INT_ANTH|G_INT_REL|G_SYS_SECADV|G_SYS_POLICY|G_SYS_OVERCONF
SRC-G-0440,General,G_INT_VALUE|G_INT_UNETH|G_SYS_OREF|G_SYS_OEXT|G_SYS_INPUT|G_SYS_MISINFO|G_SYS_CONTEXT|G_SYS_INCONS|G_SYS_CONTEST|G_SYS_TRANS|G_SYS_EVAL|G_SOC_ECON|G_SOC_POWER|G_SOC_DEMOC|G_SOC_ENV|G_SOC_CULT|G_SOC_GOV,NO_CURATED_PRIOR|PREREQUISITE_FILTER:G_INT_VIOL|G_INT_SEX|G_INT_SELF|G_INT_ALLOC|G_INT_REPR|G_INT_POL|G_INT_PRIV|G_INT_ILLEGAL|G_INT_COPY|G_INT_WEAP|G_INT_ANTH|G_INT_REL|G_SYS_SECADV|G_SYS_POLICY|G_SYS_OVERCONF
SRC-G-0441,General,G_INT_VALUE|G_INT_UNETH|G_SYS_OREF|G_SYS_OEXT|G_SYS_INPUT|G_SYS_MISINFO|G_SYS_CONTEXT|G_SYS_INCONS|G_SYS_CONTEST|G_SYS_TRANS|G_SYS_EVAL|G_SOC_ECON|G_SOC_POWER|G_SOC_DEMOC|G_SOC_ENV|G_SOC_CULT|G_SOC_GOV,NO_CURATED_PRIOR|PREREQUISITE_FILTER:G_INT_VIOL|G_INT_SEX|G_INT_SELF|G_INT_ALLOC|G_INT_REPR|G_INT_POL|G_INT_PRIV|G_INT_ILLEGAL|G_INT_COPY|G_INT_WEAP|G_INT_ANTH|G_INT_REL|G_SYS_SECADV|G_SYS_POLICY|G_SYS_OVERCONF
SRC-G-0442,General,G_INT_VALUE|G_INT_UNETH|G_SYS_OREF|G_SYS_OEXT|G_SYS_INPUT|G_SYS_MISINFO|G_SYS_CONTEXT|G_SYS_INCONS|G_SYS_CONTEST|G_SYS_TRANS|G_SYS_EVAL|G_SOC_ECON|G_SOC_POWER|G_SOC_DEMOC|G_SOC_ENV|G_SOC_CULT|G_SOC_GOV,NO_CURATED_PRIOR|PREREQUISITE_FILTER:G_INT_VIOL|G_INT_SEX|G_INT_SELF|G_INT_ALLOC|G_INT_REPR|G_INT_POL|G_INT_PRIV|G_INT_ILLEGAL|G_INT_COPY|G_INT_WEAP|G_INT_ANTH|G_INT_REL|G_SYS_SECADV|G_SYS_POLICY|G_SYS_OVERCONF
SRC-G-0443,General,G_INT_ALLOC|G_INT_VALUE|G_INT_UNETH|G_SYS_OREF|G_SYS_OEXT|G_SYS_INPUT|G_SYS_MISINFO|G_SYS_CONTEXT|G_SYS_INCONS|G_SYS_CONTEST|G_SYS_TRANS|G_SYS_EVAL|G_SOC_ECON|G_SOC_POWER|G_SOC_DEMOC|G_SOC_ENV|G_SOC_CULT|G_SOC_GOV,NO_CURATED_PRIOR|PREREQUISITE_FILTER:G_INT_VIOL|G_INT_SEX|G_INT_SELF|G_INT_REPR|G_INT_POL|G_INT_PRIV|G_INT_ILLEGAL|G_INT_COPY|G_INT_WEAP|G_INT_ANTH|G_INT_REL|G_SYS_SECADV|G_SYS_POLICY|G_SYS_OVERCONF
SRC-G-0444,General,G_INT_ALLOC|G_INT_VALUE|G_INT_UNETH|G_SYS_OREF|G_SYS_OEXT|G_SYS_INPUT|G_SYS_MISINFO|G_SYS_CONTEXT|G_SYS_INCONS|G_SYS_CONTEST|G_SYS_TRANS|G_SYS_EVAL|G_SOC_ECON|G_SOC_POWER|G_SOC_DEMOC|G_SOC_ENV|G_SOC_CULT|G_SOC_GOV,NO_CURATED_PRIOR|PREREQUISITE_FILTER:G_INT_VIOL|G_INT_SEX|G_INT_SELF|G_INT_REPR|G_INT_POL|G_INT_PRIV|G_INT_ILLEGAL|G_INT_COPY|G_INT_WEAP|G_INT_ANTH|G_INT_REL|G_SYS_SECADV|G_SYS_POLICY|G_SYS_OVERCONF
SRC-G-0445,General,G_INT_ALLOC|G_INT_VALUE|G_INT_UNETH|G_SYS_OREF|G_SYS_OEXT|G_SYS_INPUT|G_SYS_MISINFO|G_SYS_CONTEXT|G_SYS_INCONS|G_SYS_CONTEST|G_SYS_TRANS|G_SYS_EVAL|G_SOC_ECON|G_SOC_POWER|G_SOC_DEMOC|G_SOC_ENV|G_SOC_CULT|G_SOC_GOV,NO_CURATED_PRIOR|PREREQUISITE_FILTER:G_INT_VIOL|G_INT_SEX|G_INT_SELF|G_INT_REPR|G_INT_POL|G_INT_PRIV|G_INT_ILLEGAL|G_INT_COPY|G_INT_WEAP|G_INT_ANTH|G_INT_REL|G_SYS_SECADV|G_SYS_POLICY|G_SYS_OVERCONF
SRC-G-0446,General,G_INT_VALUE|G_INT_POL|G_INT_UNETH|G_SYS_OREF|G_SYS_OEXT|G_SYS_INPUT|G_SYS_MISINFO|G_SYS_CONTEXT|G_SYS_INCONS|G_SYS_CONTEST|G_SYS_TRANS|G_SYS_EVAL|G_SOC_ECON|G_SOC_POWER|G_SOC_DEMOC|G_SOC_ENV|G_SOC_CULT|G_SOC_GOV,NO_CURATED_PRIOR|PREREQUISITE_FILTER:G_INT_VIOL|G_INT_SEX|G_INT_SELF|G_INT_ALLOC|G_INT_REPR|G_INT_PRIV|G_INT_ILLEGAL|G_INT_COPY|G_INT_WEAP|G_INT_ANTH|G_INT_REL|G_SYS_SECADV|G_SYS_POLICY|G_SYS_OVERCONF
SRC-G-0447,General,G_INT_ALLOC|G_INT_VALUE|G_INT_PRIV|G_INT_UNETH|G_SYS_OREF|G_SYS_OEXT|G_SYS_INPUT|G_SYS_MISINFO|G_SYS_CONTEXT|G_SYS_INCONS|G_SYS_CONTEST|G_SYS_TRANS|G_SYS_EVAL|G_SOC_ECON|G_SOC_POWER|G_SOC_DEMOC|G_SOC_ENV|G_SOC_CULT|G_SOC_GOV,NO_CURATED_PRIOR|PREREQUISITE_FILTER:G_INT_VIOL|G_INT_SEX|G_INT_SELF|G_INT_REPR|G_INT_POL|G_INT_ILLEGAL|G_INT_COPY|G_INT_WEAP|G_INT_ANTH|G_INT_REL|G_SYS_SECADV|G_SYS_POLICY|G_SYS_OVERCONF
SRC-G-0448,General,G_INT_VALUE|G_INT_UNETH|G_SYS_OREF|G_SYS_OEXT|G_SYS_INPUT|G_SYS_MISINFO|G_SYS_CONTEXT|G_SYS_INCONS|G_SYS_CONTEST|G_SYS_TRANS|G_SYS_EVAL|G_SOC_ECON|G_SOC_POWER|G_SOC_DEMOC|G_SOC_ENV|G_SOC_CULT|G_SOC_GOV,NO_CURATED_PRIOR|PREREQUISITE_FILTER:G_INT_VIOL|G_INT_SEX|G_INT_SELF|G_INT_ALLOC|G_INT_REPR|G_INT_POL|G_INT_PRIV|G_INT_ILLEGAL|G_INT_COPY|G_INT_WEAP|G_INT_ANTH|G_INT_REL|G_SYS_SECADV|G_SYS_POLICY|G_SYS_OVERCONF
SRC-G-0449,General,G_INT_VIOL|G_INT_ALLOC|G_INT_VALUE|G_INT_UNETH|G_SYS_OREF|G_SYS_OEXT|G_SYS_INPUT|G_SYS_MISINFO|G_SYS_CONTEXT|G_SYS_INCONS|G_SYS_CONTEST|G_SYS_SECADV|G_SYS_TRANS|G_SYS_EVAL|G_SOC_ECON|G_SOC_POWER|G_SOC_DEMOC|G_SOC_ENV|G_SOC_CULT|G_SOC_GOV,NO_CURATED_PRIOR|PREREQUISITE_FILTER:G_INT_SEX|G_INT_SELF|G_INT_REPR|G_INT_POL|G_INT_PRIV|G_INT_ILLEGAL|G_INT_COPY|G_INT_WEAP|G_INT_ANTH|G_INT_REL|G_SYS_POLICY|G_SYS_OVERCONF
SRC-G-0450,General,G_INT_VIOL|G_INT_VALUE|G_INT_UNETH|G_INT_WEAP|G_SYS_OREF|G_SYS_OEXT|G_SYS_INPUT|G_SYS_MISINFO|G_SYS_CONTEXT|G_SYS_INCONS|G_SYS_CONTEST|G_SYS_TRANS|G_SYS_EVAL|G_SOC_ECON|G_SOC_POWER|G_SOC_DEMOC|G_SOC_ENV|G_SOC_CULT|G_SOC_GOV,NO_CURATED_PRIOR|PREREQUISITE_FILTER:G_INT_SEX|G_INT_SELF|G_INT_ALLOC|G_INT_REPR|G_INT_POL|G_INT_PRIV|G_INT_ILLEGAL|G_INT_COPY|G_INT_ANTH|G_INT_REL|G_SYS_SECADV|G_SYS_POLICY|G_SYS_OVERCONF
SRC-G-0451,General,G_INT_VALUE|G_INT_UNETH|G_SYS_OREF|G_SYS_OEXT|G_SYS_INPUT|G_SYS_MISINFO|G_SYS_CONTEXT|G_SYS_INCONS|G_SYS_CONTEST|G_SYS_TRANS|G_SYS_EVAL|G_SOC_ECON|G_SOC_POWER|G_SOC_DEMOC|G_SOC_ENV|G_SOC_CULT|G_SOC_GOV,NO_CURATED_PRIOR|PREREQUISITE_FILTER:G_INT_VIOL|G_INT_SEX|G_INT_SELF|G_INT_ALLOC|G_INT_REPR|G_INT_POL|G_INT_PRIV|G_INT_ILLEGAL|G_INT_COPY|G_INT_WEAP|G_INT_ANTH|G_INT_REL|G_SYS_SECADV|G_SYS_POLICY|G_SYS_OVERCONF
SRC-G-0452,General,G_INT_VALUE|G_INT_ILLEGAL|G_INT_UNETH|G_INT_WEAP|G_SYS_OREF|G_SYS_OEXT|G_SYS_INPUT|G_SYS_MISINFO|G_SYS_CONTEXT|G_SYS_INCONS|G_SYS_CONTEST|G_SYS_TRANS|G_SYS_EVAL|G_SOC_ECON|G_SOC_POWER|G_SOC_DEMOC|G_SOC_ENV|G_SOC_CULT|G_SOC_GOV,NO_CURATED_PRIOR|PREREQUISITE_FILTER:G_INT_VIOL|G_INT_SEX|G_INT_SELF|G_INT_ALLOC|G_INT_REPR|G_INT_POL|G_INT_PRIV|G_INT_COPY|G_INT_ANTH|G_INT_REL|G_SYS_SECADV|G_SYS_POLICY|G_SYS_OVERCONF
SRC-G-0453,General,G_INT_VIOL|G_INT_VALUE|G_INT_UNETH|G_SYS_OREF|G_SYS_OEXT|G_SYS_INPUT|G_SYS_MISINFO|G_SYS_CONTEXT|G_SYS_INCONS|G_SYS_CONTEST|G_SYS_SECADV|G_SYS_TRANS|G_SYS_EVAL|G_SOC_ECON|G_SOC_POWER|G_SOC_DEMOC|G_SOC_ENV|G_SOC_CULT|G_SOC_GOV,NO_CURATED_PRIOR|PREREQUISITE_FILTER:G_INT_SEX|G_INT_SELF|G_INT_ALLOC|G_INT_REPR|G_INT_POL|G_INT_PRIV|G_INT_ILLEGAL|G_INT_COPY|G_INT_WEAP|G_INT_ANTH|G_INT_REL|G_SYS_POLICY|G_SYS_OVERCONF
SRC-G-0454,General,G_INT_VALUE|G_INT_UNETH|G_SYS_OREF|G_SYS_OEXT|G_SYS_INPUT|G_SYS_MISINFO|G_SYS_CONTEXT|G_SYS_INCONS|G_SYS_CONTEST|G_SYS_SECADV|G_SYS_TRANS|G_SYS_EVAL|G_SOC_ECON|G_SOC_POWER|G_SOC_DEMOC|G_SOC_ENV|G_SOC_CULT|G_SOC_GOV,NO_CURATED_PRIOR|PREREQUISITE_FILTER:G_INT_VIOL|G_INT_SEX|G_INT_SELF|G_INT_ALLOC|G_INT_REPR|G_INT_POL|G_INT_PRIV|G_INT_ILLEGAL|G_INT_COPY|G_INT_WEAP|G_INT_ANTH|G_INT_REL|G_SYS_POLICY|G_SYS_OVERCONF
SRC-G-0456,General,G_INT_VIOL|G_INT_VALUE|G_INT_UNETH|G_SYS_OREF|G_SYS_OEXT|G_SYS_INPUT|G_SYS_MISINFO|G_SYS_CONTEXT|G_SYS_INCONS|G_SYS_CONTEST|G_SYS_TRANS|G_SYS_EVAL|G_SOC_ECON|G_SOC_POWER|G_SOC_DEMOC|G_SOC_ENV|G_SOC_CULT|G_SOC_GOV,NO_CURATED_PRIOR|PREREQUISITE_FILTER:G_INT_SEX|G_INT_SELF|G_INT_ALLOC|G_INT_REPR|G_INT_POL|G_INT_PRIV|G_INT_ILLEGAL|G_INT_COPY|G_INT_WEAP|G_INT_ANTH|G_INT_REL|G_SYS_SECADV|G_SYS_POLICY|G_SYS_OVERCONF
SRC-G-0457,General,G_INT_VIOL|G_INT_VALUE|G_INT_ILLEGAL|G_INT_UNETH|G_SYS_OREF|G_SYS_OEXT|G_SYS_INPUT|G_SYS_MISINFO|G_SYS_CONTEXT|G_SYS_INCONS|G_SYS_CONTEST|G_SYS_TRANS|G_SYS_EVAL|G_SOC_ECON|G_SOC_POWER|G_SOC_DEMOC|G_SOC_ENV|G_SOC_CULT|G_SOC_GOV,NO_CURATED_PRIOR|PREREQUISITE_FILTER:G_INT_SEX|G_INT_SELF|G_INT_ALLOC|G_INT_REPR|G_INT_POL|G_INT_PRIV|G_INT_COPY|G_INT_WEAP|G_INT_ANTH|G_INT_REL|G_SYS_SECADV|G_SYS_POLICY|G_SYS_OVERCONF
SRC-G-0458,General,G_INT_VALUE|G_INT_UNETH|G_SYS_OREF|G_SYS_OEXT|G_SYS_INPUT|G_SYS_MISINFO|G_SYS_CONTEXT|G_SYS_INCONS|G_SYS_CONTEST|G_SYS_TRANS|G_SYS_EVAL|G_SOC_ECON|G_SOC_POWER|G_SOC_DEMOC|G_SOC_ENV|G_SOC_CULT|G_SOC_GOV,NO_CURATED_PRIOR|PREREQUISITE_FILTER:G_INT_VIOL|G_INT_SEX|G_INT_SELF|G_INT_ALLOC|G_INT_REPR|G_INT_POL|G_INT_PRIV|G_INT_ILLEGAL|G_INT_COPY|G_INT_WEAP|G_INT_ANTH|G_INT_REL|G_SYS_SECADV|G_SYS_POLICY|G_SYS_OVERCONF
SRC-G-0459,General,G_INT_VALUE|G_INT_UNETH|G_SYS_OREF|G_SYS_OEXT|G_SYS_INPUT|G_SYS_MISINFO|G_SYS_CONTEXT|G_SYS_INCONS|G_SYS_CONTEST|G_SYS_SECADV|G_SYS_TRANS|G_SYS_EVAL|G_SOC_ECON|G_SOC_POWER|G_SOC_DEMOC|G_SOC_ENV|G_SOC_CULT|G_SOC_GOV,NO_CURATED_PRIOR|PREREQUISITE_FILTER:G_INT_VIOL|G_INT_SEX|G_INT_SELF|G_INT_ALLOC|G_INT_REPR|G_INT_POL|G_INT_PRIV|G_INT_ILLEGAL|G_INT_COPY|G_INT_WEAP|G_INT_ANTH|G_INT_REL|G_SYS_POLICY|G_SYS_OVERCONF
SRC-G-0460,General,G_INT_VALUE|G_INT_UNETH|G_SYS_OREF|G_SYS_OEXT|G_SYS_INPUT|G_SYS_MISINFO|G_SYS_CONTEXT|G_SYS_INCONS|G_SYS_CONTEST|G_SYS_SECADV|G_SYS_TRANS|G_SYS_EVAL|G_SOC_ECON|G_SOC_POWER|G_SOC_DEMOC|G_SOC_ENV|G_SOC_CULT|G_SOC_GOV,NO_CURATED_PRIOR|PREREQUISITE_FILTER:G_INT_VIOL|G_INT_SEX|G_INT_SELF|G_INT_ALLOC|G_INT_REPR|G_INT_POL|G_INT_PRIV|G_INT_ILLEGAL|G_INT_COPY|G_INT_WEAP|G_INT_ANTH|G_INT_REL|G_SYS_POLICY|G_SYS_OVERCONF
SRC-G-0461,General,G_INT_VALUE|G_INT_UNETH|G_SYS_OREF|G_SYS_OEXT|G_SYS_INPUT|G_SYS_MISINFO|G_SYS_CONTEXT|G_SYS_INCONS|G_SYS_CONTEST|G_SYS_TRANS|G_SYS_EVAL|G_SOC_ECON|G_SOC_POWER|G_SOC_DEMOC|G_SOC_ENV|G_SOC_CULT|G_SOC_GOV,NO_CURATED_PRIOR|PREREQUISITE_FILTER:G_INT_VIOL|G_INT_SEX|G_INT_SELF|G_INT_ALLOC|G_INT_REPR|G_INT_POL|G_INT_PRIV|G_INT_ILLEGAL|G_INT_COPY|G_INT_WEAP|G_INT_ANTH|G_INT_REL|G_SYS_SECADV|G_SYS_POLICY|G_SYS_OVERCONF
SRC-G-0462,General,G_INT_VIOL|G_INT_VALUE|G_INT_POL|G_INT_UNETH|G_SYS_OREF|G_SYS_OEXT|G_SYS_INPUT|G_SYS_MISINFO|G_SYS_CONTEXT|G_SYS_INCONS|G_SYS_CONTEST|G_SYS_TRANS|G_SYS_EVAL|G_SOC_ECON|G_SOC_POWER|G_SOC_DEMOC|G_SOC_ENV|G_SOC_CULT|G_SOC_GOV,NO_CURATED_PRIOR|PREREQUISITE_FILTER:G_INT_SEX|G_INT_SELF|G_INT_ALLOC|G_INT_REPR|G_INT_PRIV|G_INT_ILLEGAL|G_INT_COPY|G_INT_WEAP|G_INT_ANTH|G_INT_REL|G_SYS_SECADV|G_SYS_POLICY|G_SYS_OVERCONF
SRC-G-0463,General,G_INT_VALUE|G_INT_UNETH|G_INT_ANTH|G_SYS_OREF|G_SYS_OEXT|G_SYS_INPUT|G_SYS_MISINFO|G_SYS_CONTEXT|G_SYS_INCONS|G_SYS_CONTEST|G_SYS_TRANS|G_SYS_EVAL|G_SOC_ECON|G_SOC_POWER|G_SOC_DEMOC|G_SOC_ENV|G_SOC_CULT|G_SOC_GOV,NO_CURATED_PRIOR|PREREQUISITE_FILTER:G_INT_VIOL|G_INT_SEX|G_INT_SELF|G_INT_ALLOC|G_INT_REPR|G_INT_POL|G_INT_PRIV|G_INT_ILLEGAL|G_INT_COPY|G_INT_WEAP|G_INT_REL|G_SYS_SECADV|G_SYS_POLICY|G_SYS_OVERCONF
SRC-G-0464,General,G_INT_VALUE|G_INT_UNETH|G_SYS_OREF|G_SYS_OEXT|G_SYS_INPUT|G_SYS_MISINFO|G_SYS_CONTEXT|G_SYS_INCONS|G_SYS_CONTEST|G_SYS_SECADV|G_SYS_TRANS|G_SYS_EVAL|G_SOC_ECON|G_SOC_POWER|G_SOC_DEMOC|G_SOC_ENV|G_SOC_CULT|G_SOC_GOV,NO_CURATED_PRIOR|PREREQUISITE_FILTER:G_INT_VIOL|G_INT_SEX|G_INT_SELF|G_INT_ALLOC|G_INT_REPR|G_INT_POL|G_INT_PRIV|G_INT_ILLEGAL|G_INT_COPY|G_INT_WEAP|G_INT_ANTH|G_INT_REL|G_SYS_POLICY|G_SYS_OVERCONF
SRC-G-0465,General,G_INT_VALUE|G_INT_UNETH|G_SYS_OREF|G_SYS_OEXT|G_SYS_INPUT|G_SYS_MISINFO|G_SYS_CONTEXT|G_SYS_INCONS|G_SYS_CONTEST|G_SYS_TRANS|G_SYS_EVAL|G_SOC_ECON|G_SOC_POWER|G_SOC_DEMOC|G_SOC_ENV|G_SOC_CULT|G_SOC_GOV,NO_CURATED_PRIOR|PREREQUISITE_FILTER:G_INT_VIOL|G_INT_SEX|G_INT_SELF|G_INT_ALLOC|G_INT_REPR|G_INT_POL|G_INT_PRIV|G_INT_ILLEGAL|G_INT_COPY|G_INT_WEAP|G_INT_ANTH|G_INT_REL|G_SYS_SECADV|G_SYS_POLICY|G_SYS_OVERCONF
SRC-G-0466,General,G_INT_VALUE|G_INT_UNETH|G_INT_COPY|G_SYS_OREF|G_SYS_OEXT|G_SYS_INPUT|G_SYS_MISINFO|G_SYS_CONTEXT|G_SYS_INCONS|G_SYS_CONTEST|G_SYS_TRANS|G_SYS_EVAL|G_SOC_ECON|G_SOC_POWER|G_SOC_DEMOC|G_SOC_ENV|G_SOC_CULT|G_SOC_GOV,NO_CURATED_PRIOR|PREREQUISITE_FILTER:G_INT_VIOL|G_INT_SEX|G_INT_SELF|G_INT_ALLOC|G_INT_REPR|G_INT_POL|G_INT_PRIV|G_INT_ILLEGAL|G_INT_WEAP|G_INT_ANTH|G_INT_REL|G_SYS_SECADV|G_SYS_POLICY|G_SYS_OVERCONF
SRC-G-0467,General,G_INT_ALLOC|G_INT_REPR|G_INT_VALUE|G_INT_PRIV|G_INT_UNETH|G_SYS_OREF|G_SYS_OEXT|G_SYS_INPUT|G_SYS_MISINFO|G_SYS_CONTEXT|G_SYS_INCONS|G_SYS_CONTEST|G_SYS_TRANS|G_SYS_EVAL|G_SOC_ECON|G_SOC_POWER|G_SOC_DEMOC|G_SOC_ENV|G_SOC_CULT|G_SOC_GOV,NO_CURATED_PRIOR|PREREQUISITE_FILTER:G_INT_VIOL|G_INT_SEX|G_INT_SELF|G_INT_POL|G_INT_ILLEGAL|G_INT_COPY|G_INT_WEAP|G_INT_ANTH|G_INT_REL|G_SYS_SECADV|G_SYS_POLICY|G_SYS_OVERCONF
SRC-G-0469,General,G_INT_VALUE|G_INT_UNETH|G_SYS_OREF|G_SYS_OEXT|G_SYS_INPUT|G_SYS_MISINFO|G_SYS_CONTEXT|G_SYS_INCONS|G_SYS_CONTEST|G_SYS_TRANS|G_SYS_EVAL|G_SOC_ECON|G_SOC_POWER|G_SOC_DEMOC|G_SOC_ENV|G_SOC_CULT|G_SOC_GOV,NO_CURATED_PRIOR|PREREQUISITE_FILTER:G_INT_VIOL|G_INT_SEX|G_INT_SELF|G_INT_ALLOC|G_INT_REPR|G_INT_POL|G_INT_PRIV|G_INT_ILLEGAL|G_INT_COPY|G_INT_WEAP|G_INT_ANTH|G_INT_REL|G_SYS_SECADV|G_SYS_POLICY|G_SYS_OVERCONF
SRC-G-0470,General,G_INT_VALUE|G_INT_POL|G_INT_PRIV|G_INT_UNETH|G_SYS_OREF|G_SYS_OEXT|G_SYS_INPUT|G_SYS_MISINFO|G_SYS_CONTEXT|G_SYS_INCONS|G_SYS_CONTEST|G_SYS_TRANS|G_SYS_EVAL|G_SOC_ECON|G_SOC_POWER|G_SOC_DEMOC|G_SOC_ENV|G_SOC_CULT|G_SOC_GOV,NO_CURATED_PRIOR|PREREQUISITE_FILTER:G_INT_VIOL|G_INT_SEX|G_INT_SELF|G_INT_ALLOC|G_INT_REPR|G_INT_ILLEGAL|G_INT_COPY|G_INT_WEAP|G_INT_ANTH|G_INT_REL|G_SYS_SECADV|G_SYS_POLICY|G_SYS_OVERCONF
SRC-G-0471,General,G_INT_VALUE|G_INT_UNETH|G_SYS_OREF|G_SYS_OEXT|G_SYS_INPUT|G_SYS_MISINFO|G_SYS_CONTEXT|G_SYS_INCONS|G_SYS_CONTEST|G_SYS_TRANS|G_SYS_EVAL|G_SOC_ECON|G_SOC_POWER|G_SOC_DEMOC|G_SOC_ENV|G_SOC_CULT|G_SOC_GOV,NO_CURATED_PRIOR|PREREQUISITE_FILTER:G_INT_VIOL|G_INT_SEX|G_INT_SELF|G_INT_ALLOC|G_INT_REPR|G_INT_POL|G_INT_PRIV|G_INT_ILLEGAL|G_INT_COPY|G_INT_WEAP|G_INT_ANTH|G_INT_REL|G_SYS_SECADV|G_SYS_POLICY|G_SYS_OVERCONF
SRC-G-0472,General,G_INT_VALUE|G_INT_UNETH|G_SYS_OREF|G_SYS_OEXT|G_SYS_INPUT|G_SYS_MISINFO|G_SYS_CONTEXT|G_SYS_INCONS|G_SYS_CONTEST|G_SYS_TRANS|G_SYS_EVAL|G_SOC_ECON|G_SOC_POWER|G_SOC_DEMOC|G_SOC_ENV|G_SOC_CULT|G_SOC_GOV,NO_CURATED_PRIOR|PREREQUISITE_FILTER:G_INT_VIOL|G_INT_SEX|G_INT_SELF|G_INT_ALLOC|G_INT_REPR|G_INT_POL|G_INT_PRIV|G_INT_ILLEGAL|G_INT_COPY|G_INT_WEAP|G_INT_ANTH|G_INT_REL|G_SYS_SECADV|G_SYS_POLICY|G_SYS_OVERCONF
SRC-G-0473,General,G_INT_VALUE|G_INT_UNETH|G_SYS_OREF|G_SYS_OEXT|G_SYS_INPUT|G_SYS_MISINFO|G_SYS_CONTEXT|G_SYS_INCONS|G_SYS_CONTEST|G_SYS_TRANS|G_SYS_EVAL|G_SOC_ECON|G_SOC_POWER|G_SOC_DEMOC|G_SOC_ENV|G_SOC_CULT|G_SOC_GOV,NO_CURATED_PRIOR|PREREQUISITE_FILTER:G_INT_VIOL|G_INT_SEX|G_INT_SELF|G_INT_ALLOC|G_INT_REPR|G_INT_POL|G_INT_PRIV|G_INT_ILLEGAL|G_INT_COPY|G_INT_WEAP|G_INT_ANTH|G_INT_REL|G_SYS_SECADV|G_SYS_POLICY|G_SYS_OVERCONF
SRC-G-0475,General,G_INT_ALLOC|G_INT_VALUE|G_INT_UNETH|G_SYS_OREF|G_SYS_OEXT|G_SYS_INPUT|G_SYS_MISINFO|G_SYS_CONTEXT|G_SYS_INCONS|G_SYS_CONTEST|G_SYS_TRANS|G_SYS_EVAL|G_SOC_ECON|G_SOC_POWER|G_SOC_DEMOC|G_SOC_ENV|G_SOC_CULT|G_SOC_GOV,NO_CURATED_PRIOR|PREREQUISITE_FILTER:G_INT_VIOL|G_INT_SEX|G_INT_SELF|G_INT_REPR|G_INT_POL|G_INT_PRIV|G_INT_ILLEGAL|G_INT_COPY|G_INT_WEAP|G_INT_ANTH|G_INT_REL|G_SYS_SECADV|G_SYS_POLICY|G_SYS_OVERCONF
SRC-G-0477,General,G_INT_VALUE|G_INT_UNETH|G_SYS_OREF|G_SYS_OEXT|G_SYS_INPUT|G_SYS_MISINFO|G_SYS_CONTEXT|G_SYS_INCONS|G_SYS_CONTEST|G_SYS_TRANS|G_SYS_EVAL|G_SOC_ECON|G_SOC_POWER|G_SOC_DEMOC|G_SOC_ENV|G_SOC_CULT|G_SOC_GOV,NO_CURATED_PRIOR|PREREQUISITE_FILTER:G_INT_VIOL|G_INT_SEX|G_INT_SELF|G_INT_ALLOC|G_INT_REPR|G_INT_POL|G_INT_PRIV|G_INT_ILLEGAL|G_INT_COPY|G_INT_WEAP|G_INT_ANTH|G_INT_REL|G_SYS_SECADV|G_SYS_POLICY|G_SYS_OVERCONF
SRC-G-0478,General,G_INT_VALUE|G_INT_UNETH|G_SYS_OREF|G_SYS_OEXT|G_SYS_INPUT|G_SYS_MISINFO|G_SYS_CONTEXT|G_SYS_INCONS|G_SYS_CONTEST|G_SYS_TRANS|G_SYS_EVAL|G_SOC_ECON|G_SOC_POWER|G_SOC_DEMOC|G_SOC_ENV|G_SOC_CULT|G_SOC_GOV,NO_CURATED_PRIOR|PREREQUISITE_FILTER:G_INT_VIOL|G_INT_SEX|G_INT_SELF|G_INT_ALLOC|G_INT_REPR|G_INT_POL|G_INT_PRIV|G_INT_ILLEGAL|G_INT_COPY|G_INT_WEAP|G_INT_ANTH|G_INT_REL|G_SYS_SECADV|G_SYS_POLICY|G_SYS_OVERCONF
SRC-G-0479,General,G_INT_VALUE|G_INT_UNETH|G_SYS_OREF|G_SYS_OEXT|G_SYS_INPUT|G_SYS_MISINFO|G_SYS_CONTEXT|G_SYS_INCONS|G_SYS_CONTEST|G_SYS_TRANS|G_SYS_EVAL|G_SOC_ECON|G_SOC_POWER|G_SOC_DEMOC|G_SOC_ENV|G_SOC_CULT|G_SOC_GOV,NO_CURATED_PRIOR|PREREQUISITE_FILTER:G_INT_VIOL|G_INT_SEX|G_INT_SELF|G_INT_ALLOC|G_INT_REPR|G_INT_POL|G_INT_PRIV|G_INT_ILLEGAL|G_INT_COPY|G_INT_WEAP|G_INT_ANTH|G_INT_REL|G_SYS_SECADV|G_SYS_POLICY|G_SYS_OVERCONF
SRC-G-0480,General,G_INT_VALUE|G_INT_UNETH|G_SYS_OREF|G_SYS_OEXT|G_SYS_INPUT|G_SYS_MISINFO|G_SYS_CONTEXT|G_SYS_INCONS|G_SYS_CONTEST|G_SYS_TRANS|G_SYS_EVAL|G_SOC_ECON|G_SOC_POWER|G_SOC_DEMOC|G_SOC_ENV|G_SOC_CULT|G_SOC_GOV,NO_CURATED_PRIOR|PREREQUISITE_FILTER:G_INT_VIOL|G_INT_SEX|G_INT_SELF|G_INT_ALLOC|G_INT_REPR|G_INT_POL|G_INT_PRIV|G_INT_ILLEGAL|G_INT_COPY|G_INT_WEAP|G_INT_ANTH|G_INT_REL|G_SYS_SECADV|G_SYS_POLICY|G_SYS_OVERCONF
SRC-G-0481,General,G_INT_ALLOC|G_INT_VALUE|G_INT_UNETH|G_SYS_OREF|G_SYS_OEXT|G_SYS_INPUT|G_SYS_MISINFO|G_SYS_CONTEXT|G_SYS_INCONS|G_SYS_CONTEST|G_SYS_TRANS|G_SYS_EVAL|G_SOC_ECON|G_SOC_POWER|G_SOC_DEMOC|G_SOC_ENV|G_SOC_CULT|G_SOC_GOV,NO_CURATED_PRIOR|PREREQUISITE_FILTER:G_INT_VIOL|G_INT_SEX|G_INT_SELF|G_INT_REPR|G_INT_POL|G_INT_PRIV|G_INT_ILLEGAL|G_INT_COPY|G_INT_WEAP|G_INT_ANTH|G_INT_REL|G_SYS_SECADV|G_SYS_POLICY|G_SYS_OVERCONF
SRC-G-0482,General,G_INT_VIOL|G_INT_VALUE|G_INT_POL|G_INT_UNETH|G_SYS_OREF|G_SYS_OEXT|G_SYS_INPUT|G_SYS_MISINFO|G_SYS_CONTEXT|G_SYS_INCONS|G_SYS_CONTEST|G_SYS_SECADV|G_SYS_TRANS|G_SYS_EVAL|G_SOC_ECON|G_SOC_POWER|G_SOC_DEMOC|G_SOC_ENV|G_SOC_CULT|G_SOC_GOV,NO_CURATED_PRIOR|PREREQUISITE_FILTER:G_INT_SEX|G_INT_SELF|G_INT_ALLOC|G_INT_REPR|G_INT_PRIV|G_INT_ILLEGAL|G_INT_COPY|G_INT_WEAP|G_INT_ANTH|G_INT_REL|G_SYS_POLICY|G_SYS_OVERCONF
SRC-G-0483,General,G_INT_ALLOC|G_INT_VALUE|G_INT_UNETH|G_SYS_OREF|G_SYS_OEXT|G_SYS_INPUT|G_SYS_MISINFO|G_SYS_CONTEXT|G_SYS_INCONS|G_SYS_CONTEST|G_SYS_TRANS|G_SYS_EVAL|G_SOC_ECON|G_SOC_POWER|G_SOC_DEMOC|G_SOC_ENV|G_SOC_CULT|G_SOC_GOV,NO_CURATED_PRIOR|PREREQUISITE_FILTER:G_INT_VIOL|G_INT_SEX|G_INT_SELF|G_INT_REPR|G_INT_POL|G_INT_PRIV|G_INT_ILLEGAL|G_INT_COPY|G_INT_WEAP|G_INT_ANTH|G_INT_REL|G_SYS_SECADV|G_SYS_POLICY|G_SYS_OVERCONF
SRC-G-0484,General,G_INT_VALUE|G_INT_PRIV|G_INT_UNETH|G_INT_ANTH|G_SYS_OREF|G_SYS_OEXT|G_SYS_INPUT|G_SYS_MISINFO|G_SYS_CONTEXT|G_SYS_INCONS|G_SYS_CONTEST|G_SYS_TRANS|G_SYS_EVAL|G_SOC_ECON|G_SOC_POWER|G_SOC_DEMOC|G_SOC_ENV|G_SOC_CULT|G_SOC_GOV,NO_CURATED_PRIOR|PREREQUISITE_FILTER:G_INT_VIOL|G_INT_SEX|G_INT_SELF|G_INT_ALLOC|G_INT_REPR|G_INT_POL|G_INT_ILLEGAL|G_INT_COPY|G_INT_WEAP|G_INT_REL|G_SYS_SECADV|G_SYS_POLICY|G_SYS_OVERCONF
SRC-G-0485,General,G_INT_VALUE|G_INT_UNETH|G_SYS_OREF|G_SYS_OEXT|G_SYS_INPUT|G_SYS_MISINFO|G_SYS_CONTEXT|G_SYS_INCONS|G_SYS_CONTEST|G_SYS_TRANS|G_SYS_EVAL|G_SOC_ECON|G_SOC_POWER|G_SOC_DEMOC|G_SOC_ENV|G_SOC_CULT|G_SOC_GOV,NO_CURATED_PRIOR|PREREQUISITE_FILTER:G_INT_VIOL|G_INT_SEX|G_INT_SELF|G_INT_ALLOC|G_INT_REPR|G_INT_POL|G_INT_PRIV|G_INT_ILLEGAL|G_INT_COPY|G_INT_WEAP|G_INT_ANTH|G_INT_REL|G_SYS_SECADV|G_SYS_POLICY|G_SYS_OVERCONF
SRC-G-0486,General,G_INT_VIOL|G_INT_VALUE|G_INT_UNETH|G_SYS_OREF|G_SYS_OEXT|G_SYS_INPUT|G_SYS_MISINFO|G_SYS_CONTEXT|G_SYS_INCONS|G_SYS_CONTEST|G_SYS_TRANS|G_SYS_EVAL|G_SOC_ECON|G_SOC_POWER|G_SOC_DEMOC|G_SOC_ENV|G_SOC_CULT|G_SOC_GOV,NO_CURATED_PRIOR|PREREQUISITE_FILTER:G_INT_SEX|G_INT_SELF|G_INT_ALLOC|G_INT_REPR|G_INT_POL|G_INT_PRIV|G_INT_ILLEGAL|G_INT_COPY|G_INT_WEAP|G_INT_ANTH|G_INT_REL|G_SYS_SECADV|G_SYS_POLICY|G_SYS_OVERCONF
SRC-G-0487,General,G_INT_VIOL|G_INT_SEX|G_INT_VALUE|G_INT_UNETH|G_SYS_OREF|G_SYS_OEXT|G_SYS_INPUT|G_SYS_MISINFO|G_SYS_CONTEXT|G_SYS_INCONS|G_SYS_CONTEST|G_SYS_TRANS|G_SYS_EVAL|G_SOC_ECON|G_SOC_POWER|G_SOC_DEMOC|G_SOC_ENV|G_SOC_CULT|G_SOC_GOV,NO_CURATED_PRIOR|PREREQUISITE_FILTER:G_INT_SELF|G_INT_ALLOC|G_INT_REPR|G_INT_POL|G_INT_PRIV|G_INT_ILLEGAL|G_INT_COPY|G_INT_WEAP|G_INT_ANTH|G_INT_REL|G_SYS_SECADV|G_SYS_POLICY|G_SYS_OVERCONF
SRC-G-0488,General,G_INT_VALUE|G_INT_UNETH|G_SYS_OREF|G_SYS_OEXT|G_SYS_INPUT|G_SYS_MISINFO|G_SYS_CONTEXT|G_SYS_INCONS|G_SYS_CONTEST|G_SYS_SECADV|G_SYS_TRANS|G_SYS_EVAL|G_SOC_ECON|G_SOC_POWER|G_SOC_DEMOC|G_SOC_ENV|G_SOC_CULT|G_SOC_GOV,NO_CURATED_PRIOR|PREREQUISITE_FILTER:G_INT_VIOL|G_INT_SEX|G_INT_SELF|G_INT_ALLOC|G_INT_REPR|G_INT_POL|G_INT_PRIV|G_INT_ILLEGAL|G_INT_COPY|G_INT_WEAP|G_INT_ANTH|G_INT_REL|G_SYS_POLICY|G_SYS_OVERCONF
SRC-G-0489,General,G_INT_VALUE|G_INT_UNETH|G_SYS_OREF|G_SYS_OEXT|G_SYS_INPUT|G_SYS_MISINFO|G_SYS_CONTEXT|G_SYS_INCONS|G_SYS_CONTEST|G_SYS_TRANS|G_SYS_EVAL|G_SOC_ECON|G_SOC_POWER|G_SOC_DEMOC|G_SOC_ENV|G_SOC_CULT|G_SOC_GOV,NO_CURATED_PRIOR|PREREQUISITE_FILTER:G_INT_VIOL|G_INT_SEX|G_INT_SELF|G_INT_ALLOC|G_INT_REPR|G_INT_POL|G_INT_PRIV|G_INT_ILLEGAL|G_INT_COPY|G_INT_WEAP|G_INT_ANTH|G_INT_REL|G_SYS_SECADV|G_SYS_POLICY|G_SYS_OVERCONF
SRC-G-0490,General,G_INT_VIOL|G_INT_ALLOC|G_INT_VALUE|G_INT_UNETH|G_SYS_OREF|G_SYS_OEXT|G_SYS_INPUT|G_SYS_MISINFO|G_SYS_CONTEXT|G_SYS_INCONS|G_SYS_CONTEST|G_SYS_TRANS|G_SYS_EVAL|G_SOC_ECON|G_SOC_POWER|G_SOC_DEMOC|G_SOC_ENV|G_SOC_CULT|G_SOC_GOV,NO_CURATED_PRIOR|PREREQUISITE_FILTER:G_INT_SEX|G_INT_SELF|G_INT_REPR|G_INT_POL|G_INT_PRIV|G_INT_ILLEGAL|G_INT_COPY|G_INT_WEAP|G_INT_ANTH|G_INT_REL|G_SYS_SECADV|G_SYS_POLICY|G_SYS_OVERCONF
SRC-G-0491,General,G_INT_VALUE|G_INT_UNETH|G_SYS_OREF|G_SYS_OEXT|G_SYS_INPUT|G_SYS_MISINFO|G_SYS_CONTEXT|G_SYS_INCONS|G_SYS_CONTEST|G_SYS_TRANS|G_SYS_EVAL|G_SOC_ECON|G_SOC_POWER|G_SOC_DEMOC|G_SOC_ENV|G_SOC_CULT|G_SOC_GOV,NO_CURATED_PRIOR|PREREQUISITE_FILTER:G_INT_VIOL|G_INT_SEX|G_INT_SELF|G_INT_ALLOC|G_INT_REPR|G_INT_POL|G_INT_PRIV|G_INT_ILLEGAL|G_INT_COPY|G_INT_WEAP|G_INT_ANTH|G_INT_REL|G_SYS_SECADV|G_SYS_POLICY|G_SYS_OVERCONF
SRC-G-0492,General,G_INT_VIOL|G_INT_VALUE|G_INT_UNETH|G_SYS_OREF|G_SYS_OEXT|G_SYS_INPUT|G_SYS_MISINFO|G_SYS_CONTEXT|G_SYS_INCONS|G_SYS_CONTEST|G_SYS_TRANS|G_SYS_EVAL|G_SOC_ECON|G_SOC_POWER|G_SOC_DEMOC|G_SOC_ENV|G_SOC_CULT|G_SOC_GOV,CURATED_SOURCE_MECHANISM_PRIOR:G_INT_VIOL|PREREQUISITE_FILTER:G_INT_SEX|G_INT_SELF|G_INT_ALLOC|G_INT_REPR|G_INT_POL|G_INT_PRIV|G_INT_ILLEGAL|G_INT_COPY|G_INT_WEAP|G_INT_ANTH|G_INT_REL|G_SYS_SECADV|G_SYS_POLICY|G_SYS_OVERCONF
SRC-G-0493,General,G_INT_VIOL|G_INT_VALUE|G_INT_UNETH|G_SYS_OREF|G_SYS_OEXT|G_SYS_INPUT|G_SYS_MISINFO|G_SYS_CONTEXT|G_SYS_INCONS|G_SYS_CONTEST|G_SYS_TRANS|G_SYS_EVAL|G_SOC_ECON|G_SOC_POWER|G_SOC_DEMOC|G_SOC_ENV|G_SOC_CULT|G_SOC_GOV,CURATED_SOURCE_MECHANISM_PRIOR:G_INT_VIOL|PREREQUISITE_FILTER:G_INT_SEX|G_INT_SELF|G_INT_ALLOC|G_INT_REPR|G_INT_POL|G_INT_PRIV|G_INT_ILLEGAL|G_INT_COPY|G_INT_WEAP|G_INT_ANTH|G_INT_REL|G_SYS_SECADV|G_SYS_POLICY|G_SYS_OVERCONF
SRC-G-0494,General,G_INT_VIOL|G_INT_VALUE|G_INT_UNETH|G_SYS_OREF|G_SYS_OEXT|G_SYS_INPUT|G_SYS_MISINFO|G_SYS_CONTEXT|G_SYS_INCONS|G_SYS_CONTEST|G_SYS_TRANS|G_SYS_EVAL|G_SOC_ECON|G_SOC_POWER|G_SOC_DEMOC|G_SOC_ENV|G_SOC_CULT|G_SOC_GOV,CURATED_SOURCE_MECHANISM_PRIOR:G_INT_VIOL|PREREQUISITE_FILTER:G_INT_SEX|G_INT_SELF|G_INT_ALLOC|G_INT_REPR|G_INT_POL|G_INT_PRIV|G_INT_ILLEGAL|G_INT_COPY|G_INT_WEAP|G_INT_ANTH|G_INT_REL|G_SYS_SECADV|G_SYS_POLICY|G_SYS_OVERCONF
SRC-G-0495,General,G_INT_VIOL|G_INT_VALUE|G_INT_UNETH|G_SYS_OREF|G_SYS_OEXT|G_SYS_INPUT|G_SYS_MISINFO|G_SYS_CONTEXT|G_SYS_INCONS|G_SYS_CONTEST|G_SYS_TRANS|G_SYS_EVAL|G_SOC_ECON|G_SOC_POWER|G_SOC_DEMOC|G_SOC_ENV|G_SOC_CULT|G_SOC_GOV,CURATED_SOURCE_MECHANISM_PRIOR:G_INT_VIOL|PREREQUISITE_FILTER:G_INT_SEX|G_INT_SELF|G_INT_ALLOC|G_INT_REPR|G_INT_POL|G_INT_PRIV|G_INT_ILLEGAL|G_INT_COPY|G_INT_WEAP|G_INT_ANTH|G_INT_REL|G_SYS_SECADV|G_SYS_POLICY|G_SYS_OVERCONF
SRC-G-0496,General,G_INT_VIOL|G_INT_VALUE|G_INT_UNETH|G_SYS_OREF|G_SYS_OEXT|G_SYS_INPUT|G_SYS_MISINFO|G_SYS_CONTEXT|G_SYS_INCONS|G_SYS_CONTEST|G_SYS_TRANS|G_SYS_EVAL|G_SOC_ECON|G_SOC_POWER|G_SOC_DEMOC|G_SOC_ENV|G_SOC_CULT|G_SOC_GOV,CURATED_SOURCE_MECHANISM_PRIOR:G_INT_VIOL|PREREQUISITE_FILTER:G_INT_SEX|G_INT_SELF|G_INT_ALLOC|G_INT_REPR|G_INT_POL|G_INT_PRIV|G_INT_ILLEGAL|G_INT_COPY|G_INT_WEAP|G_INT_ANTH|G_INT_REL|G_SYS_SECADV|G_SYS_POLICY|G_SYS_OVERCONF
SRC-G-0497,General,G_INT_VIOL|G_INT_VALUE|G_INT_UNETH|G_SYS_OREF|G_SYS_OEXT|G_SYS_INPUT|G_SYS_MISINFO|G_SYS_CONTEXT|G_SYS_INCONS|G_SYS_CONTEST|G_SYS_TRANS|G_SYS_EVAL|G_SOC_ECON|G_SOC_POWER|G_SOC_DEMOC|G_SOC_ENV|G_SOC_CULT|G_SOC_GOV,CURATED_SOURCE_MECHANISM_PRIOR:G_INT_VIOL|PREREQUISITE_FILTER:G_INT_SEX|G_INT_SELF|G_INT_ALLOC|G_INT_REPR|G_INT_POL|G_INT_PRIV|G_INT_ILLEGAL|G_INT_COPY|G_INT_WEAP|G_INT_ANTH|G_INT_REL|G_SYS_SECADV|G_SYS_POLICY|G_SYS_OVERCONF
SRC-G-0498,General,G_INT_VIOL|G_INT_VALUE|G_INT_UNETH|G_SYS_OREF|G_SYS_OEXT|G_SYS_INPUT|G_SYS_MISINFO|G_SYS_CONTEXT|G_SYS_INCONS|G_SYS_CONTEST|G_SYS_TRANS|G_SYS_EVAL|G_SOC_ECON|G_SOC_POWER|G_SOC_DEMOC|G_SOC_ENV|G_SOC_CULT|G_SOC_GOV,CURATED_SOURCE_MECHANISM_PRIOR:G_INT_VIOL|PREREQUISITE_FILTER:G_INT_SEX|G_INT_SELF|G_INT_ALLOC|G_INT_REPR|G_INT_POL|G_INT_PRIV|G_INT_ILLEGAL|G_INT_COPY|G_INT_WEAP|G_INT_ANTH|G_INT_REL|G_SYS_SECADV|G_SYS_POLICY|G_SYS_OVERCONF
SRC-G-0500,General,G_INT_VIOL|G_INT_SEX|G_INT_VALUE|G_INT_UNETH|G_SYS_OREF|G_SYS_OEXT|G_SYS_INPUT|G_SYS_MISINFO|G_SYS_CONTEXT|G_SYS_INCONS|G_SYS_CONTEST|G_SYS_TRANS|G_SYS_EVAL|G_SOC_ECON|G_SOC_POWER|G_SOC_DEMOC|G_SOC_ENV|G_SOC_CULT|G_SOC_GOV,CURATED_SOURCE_MECHANISM_PRIOR:G_INT_SEX|PREREQUISITE_FILTER:G_INT_SELF|G_INT_ALLOC|G_INT_REPR|G_INT_POL|G_INT_PRIV|G_INT_ILLEGAL|G_INT_COPY|G_INT_WEAP|G_INT_ANTH|G_INT_REL|G_SYS_SECADV|G_SYS_POLICY|G_SYS_OVERCONF
SRC-G-0501,General,G_INT_SEX|G_INT_VALUE|G_INT_UNETH|G_SYS_OREF|G_SYS_OEXT|G_SYS_INPUT|G_SYS_MISINFO|G_SYS_CONTEXT|G_SYS_INCONS|G_SYS_CONTEST|G_SYS_TRANS|G_SYS_EVAL|G_SOC_ECON|G_SOC_POWER|G_SOC_DEMOC|G_SOC_ENV|G_SOC_CULT|G_SOC_GOV,CURATED_SOURCE_MECHANISM_PRIOR:G_INT_SEX|PREREQUISITE_FILTER:G_INT_VIOL|G_INT_SELF|G_INT_ALLOC|G_INT_REPR|G_INT_POL|G_INT_PRIV|G_INT_ILLEGAL|G_INT_COPY|G_INT_WEAP|G_INT_ANTH|G_INT_REL|G_SYS_SECADV|G_SYS_POLICY|G_SYS_OVERCONF
SRC-G-0502,General,G_INT_SEX|G_INT_VALUE|G_INT_UNETH|G_SYS_OREF|G_SYS_OEXT|G_SYS_INPUT|G_SYS_MISINFO|G_SYS_CONTEXT|G_SYS_INCONS|G_SYS_CONTEST|G_SYS_TRANS|G_SYS_EVAL|G_SOC_ECON|G_SOC_POWER|G_SOC_DEMOC|G_SOC_ENV|G_SOC_CULT|G_SOC_GOV,CURATED_SOURCE_MECHANISM_PRIOR:G_INT_SEX|PREREQUISITE_FILTER:G_INT_VIOL|G_INT_SELF|G_INT_ALLOC|G_INT_REPR|G_INT_POL|G_INT_PRIV|G_INT_ILLEGAL|G_INT_COPY|G_INT_WEAP|G_INT_ANTH|G_INT_REL|G_SYS_SECADV|G_SYS_POLICY|G_SYS_OVERCONF
SRC-G-0504,General,G_INT_SEX|G_INT_VALUE|G_INT_ILLEGAL|G_INT_UNETH|G_SYS_OREF|G_SYS_OEXT|G_SYS_INPUT|G_SYS_MISINFO|G_SYS_CONTEXT|G_SYS_INCONS|G_SYS_CONTEST|G_SYS_TRANS|G_SYS_EVAL|G_SOC_ECON|G_SOC_POWER|G_SOC_DEMOC|G_SOC_ENV|G_SOC_CULT|G_SOC_GOV,CURATED_SOURCE_MECHANISM_PRIOR:G_INT_SEX|PREREQUISITE_FILTER:G_INT_VIOL|G_INT_SELF|G_INT_ALLOC|G_INT_REPR|G_INT_POL|G_INT_PRIV|G_INT_COPY|G_INT_WEAP|G_INT_ANTH|G_INT_REL|G_SYS_SECADV|G_SYS_POLICY|G_SYS_OVERCONF
SRC-G-0505,General,G_INT_SEX|G_INT_VALUE|G_INT_UNETH|G_SYS_OREF|G_SYS_OEXT|G_SYS_INPUT|G_SYS_MISINFO|G_SYS_CONTEXT|G_SYS_INCONS|G_SYS_CONTEST|G_SYS_TRANS|G_SYS_EVAL|G_SOC_ECON|G_SOC_POWER|G_SOC_DEMOC|G_SOC_ENV|G_SOC_CULT|G_SOC_GOV,CURATED_SOURCE_MECHANISM_PRIOR:G_INT_SEX|PREREQUISITE_FILTER:G_INT_VIOL|G_INT_SELF|G_INT_ALLOC|G_INT_REPR|G_INT_POL|G_INT_PRIV|G_INT_ILLEGAL|G_INT_COPY|G_INT_WEAP|G_INT_ANTH|G_INT_REL|G_SYS_SECADV|G_SYS_POLICY|G_SYS_OVERCONF
SRC-G-0506,General,G_INT_SEX|G_INT_VALUE|G_INT_UNETH|G_SYS_OREF|G_SYS_OEXT|G_SYS_INPUT|G_SYS_MISINFO|G_SYS_CONTEXT|G_SYS_INCONS|G_SYS_CONTEST|G_SYS_TRANS|G_SYS_EVAL|G_SOC_ECON|G_SOC_POWER|G_SOC_DEMOC|G_SOC_ENV|G_SOC_CULT|G_SOC_GOV,CURATED_SOURCE_MECHANISM_PRIOR:G_INT_SEX|PREREQUISITE_FILTER:G_INT_VIOL|G_INT_SELF|G_INT_ALLOC|G_INT_REPR|G_INT_POL|G_INT_PRIV|G_INT_ILLEGAL|G_INT_COPY|G_INT_WEAP|G_INT_ANTH|G_INT_REL|G_SYS_SECADV|G_SYS_POLICY|G_SYS_OVERCONF
SRC-G-0507,General,G_INT_SELF|G_INT_VALUE|G_INT_UNETH|G_SYS_OREF|G_SYS_OEXT|G_SYS_INPUT|G_SYS_MISINFO|G_SYS_CONTEXT|G_SYS_INCONS|G_SYS_CONTEST|G_SYS_TRANS|G_SYS_EVAL|G_SOC_ECON|G_SOC_POWER|G_SOC_DEMOC|G_SOC_ENV|G_SOC_CULT|G_SOC_GOV,CURATED_SOURCE_MECHANISM_PRIOR:G_INT_SELF|PREREQUISITE_FILTER:G_INT_VIOL|G_INT_SEX|G_INT_ALLOC|G_INT_REPR|G_INT_POL|G_INT_PRIV|G_INT_ILLEGAL|G_INT_COPY|G_INT_WEAP|G_INT_ANTH|G_INT_REL|G_SYS_SECADV|G_SYS_POLICY|G_SYS_OVERCONF
SRC-G-0508,General,G_INT_SELF|G_INT_VALUE|G_INT_UNETH|G_SYS_OREF|G_SYS_OEXT|G_SYS_INPUT|G_SYS_MISINFO|G_SYS_CONTEXT|G_SYS_INCONS|G_SYS_CONTEST|G_SYS_TRANS|G_SYS_EVAL|G_SOC_ECON|G_SOC_POWER|G_SOC_DEMOC|G_SOC_ENV|G_SOC_CULT|G_SOC_GOV,CURATED_SOURCE_MECHANISM_PRIOR:G_INT_SELF|PREREQUISITE_FILTER:G_INT_VIOL|G_INT_SEX|G_INT_ALLOC|G_INT_REPR|G_INT_POL|G_INT_PRIV|G_INT_ILLEGAL|G_INT_COPY|G_INT_WEAP|G_INT_ANTH|G_INT_REL|G_SYS_SECADV|G_SYS_POLICY|G_SYS_OVERCONF
SRC-G-0510,General,G_INT_SELF|G_INT_VALUE|G_INT_UNETH|G_SYS_OREF|G_SYS_OEXT|G_SYS_INPUT|G_SYS_MISINFO|G_SYS_CONTEXT|G_SYS_INCONS|G_SYS_CONTEST|G_SYS_TRANS|G_SYS_EVAL|G_SOC_ECON|G_SOC_POWER|G_SOC_DEMOC|G_SOC_ENV|G_SOC_CULT|G_SOC_GOV,CURATED_SOURCE_MECHANISM_PRIOR:G_INT_SELF|PREREQUISITE_FILTER:G_INT_VIOL|G_INT_SEX|G_INT_ALLOC|G_INT_REPR|G_INT_POL|G_INT_PRIV|G_INT_ILLEGAL|G_INT_COPY|G_INT_WEAP|G_INT_ANTH|G_INT_REL|G_SYS_SECADV|G_SYS_POLICY|G_SYS_OVERCONF
SRC-G-0511,General,G_INT_SELF|G_INT_VALUE|G_INT_UNETH|G_SYS_OREF|G_SYS_OEXT|G_SYS_INPUT|G_SYS_MISINFO|G_SYS_CONTEXT|G_SYS_INCONS|G_SYS_CONTEST|G_SYS_TRANS|G_SYS_EVAL|G_SOC_ECON|G_SOC_POWER|G_SOC_DEMOC|G_SOC_ENV|G_SOC_CULT|G_SOC_GOV,CURATED_SOURCE_MECHANISM_PRIOR:G_INT_SELF|PREREQUISITE_FILTER:G_INT_VIOL|G_INT_SEX|G_INT_ALLOC|G_INT_REPR|G_INT_POL|G_INT_PRIV|G_INT_ILLEGAL|G_INT_COPY|G_INT_WEAP|G_INT_ANTH|G_INT_REL|G_SYS_SECADV|G_SYS_POLICY|G_SYS_OVERCONF
SRC-G-0512,General,G_INT_SELF|G_INT_VALUE|G_INT_UNETH|G_SYS_OREF|G_SYS_OEXT|G_SYS_INPUT|G_SYS_MISINFO|G_SYS_CONTEXT|G_SYS_INCONS|G_SYS_CONTEST|G_SYS_TRANS|G_SYS_EVAL|G_SOC_ECON|G_SOC_POWER|G_SOC_DEMOC|G_SOC_ENV|G_SOC_CULT|G_SOC_GOV,CURATED_SOURCE_MECHANISM_PRIOR:G_INT_SELF|PREREQUISITE_FILTER:G_INT_VIOL|G_INT_SEX|G_INT_ALLOC|G_INT_REPR|G_INT_POL|G_INT_PRIV|G_INT_ILLEGAL|G_INT_COPY|G_INT_WEAP|G_INT_ANTH|G_INT_REL|G_SYS_SECADV|G_SYS_POLICY|G_SYS_OVERCONF
SRC-G-0513,General,G_INT_SELF|G_INT_VALUE|G_INT_UNETH|G_SYS_OREF|G_SYS_OEXT|G_SYS_INPUT|G_SYS_MISINFO|G_SYS_CONTEXT|G_SYS_INCONS|G_SYS_CONTEST|G_SYS_TRANS|G_SYS_EVAL|G_SOC_ECON|G_SOC_POWER|G_SOC_DEMOC|G_SOC_ENV|G_SOC_CULT|G_SOC_GOV,CURATED_SOURCE_MECHANISM_PRIOR:G_INT_SELF|PREREQUISITE_FILTER:G_INT_VIOL|G_INT_SEX|G_INT_ALLOC|G_INT_REPR|G_INT_POL|G_INT_PRIV|G_INT_ILLEGAL|G_INT_COPY|G_INT_WEAP|G_INT_ANTH|G_INT_REL|G_SYS_SECADV|G_SYS_POLICY|G_SYS_OVERCONF
SRC-G-0514,General,G_INT_SELF|G_INT_VALUE|G_INT_UNETH|G_SYS_OREF|G_SYS_OEXT|G_SYS_INPUT|G_SYS_MISINFO|G_SYS_CONTEXT|G_SYS_INCONS|G_SYS_CONTEST|G_SYS_TRANS|G_SYS_EVAL|G_SOC_ECON|G_SOC_POWER|G_SOC_DEMOC|G_SOC_ENV|G_SOC_CULT|G_SOC_GOV,CURATED_SOURCE_MECHANISM_PRIOR:G_INT_SELF|PREREQUISITE_FILTER:G_INT_VIOL|G_INT_SEX|G_INT_ALLOC|G_INT_REPR|G_INT_POL|G_INT_PRIV|G_INT_ILLEGAL|G_INT_COPY|G_INT_WEAP|G_INT_ANTH|G_INT_REL|G_SYS_SECADV|G_SYS_POLICY|G_SYS_OVERCONF
SRC-G-0515,General,G_INT_ALLOC|G_INT_REPR|G_INT_VALUE|G_INT_UNETH|G_SYS_OREF|G_SYS_OEXT|G_SYS_INPUT|G_SYS_MISINFO|G_SYS_CONTEXT|G_SYS_INCONS|G_SYS_CONTEST|G_SYS_TRANS|G_SYS_EVAL|G_SOC_ECON|G_SOC_POWER|G_SOC_DEMOC|G_SOC_ENV|G_SOC_CULT|G_SOC_GOV,CURATED_SOURCE_MECHANISM_PRIOR:G_INT_REPR|PREREQUISITE_FILTER:G_INT_VIOL|G_INT_SEX|G_INT_SELF|G_INT_POL|G_INT_PRIV|G_INT_ILLEGAL|G_INT_COPY|G_INT_WEAP|G_INT_ANTH|G_INT_REL|G_SYS_SECADV|G_SYS_POLICY|G_SYS_OVERCONF
SRC-G-0516,General,G_INT_ALLOC|G_INT_REPR|G_INT_VALUE|G_INT_UNETH|G_SYS_OREF|G_SYS_OEXT|G_SYS_INPUT|G_SYS_MISINFO|G_SYS_CONTEXT|G_SYS_INCONS|G_SYS_CONTEST|G_SYS_TRANS|G_SYS_EVAL|G_SOC_ECON|G_SOC_POWER|G_SOC_DEMOC|G_SOC_ENV|G_SOC_CULT|G_SOC_GOV,CURATED_SOURCE_MECHANISM_PRIOR:G_INT_REPR|PREREQUISITE_FILTER:G_INT_VIOL|G_INT_SEX|G_INT_SELF|G_INT_POL|G_INT_PRIV|G_INT_ILLEGAL|G_INT_COPY|G_INT_WEAP|G_INT_ANTH|G_INT_REL|G_SYS_SECADV|G_SYS_POLICY|G_SYS_OVERCONF
SRC-G-0517,General,G_INT_ALLOC|G_INT_REPR|G_INT_VALUE|G_INT_UNETH|G_SYS_OREF|G_SYS_OEXT|G_SYS_INPUT|G_SYS_MISINFO|G_SYS_CONTEXT|G_SYS_INCONS|G_SYS_CONTEST|G_SYS_TRANS|G_SYS_EVAL|G_SOC_ECON|G_SOC_POWER|G_SOC_DEMOC|G_SOC_ENV|G_SOC_CULT|G_SOC_GOV,CURATED_SOURCE_MECHANISM_PRIOR:G_INT_REPR|PREREQUISITE_FILTER:G_INT_VIOL|G_INT_SEX|G_INT_SELF|G_INT_POL|G_INT_PRIV|G_INT_ILLEGAL|G_INT_COPY|G_INT_WEAP|G_INT_ANTH|G_INT_REL|G_SYS_SECADV|G_SYS_POLICY|G_SYS_OVERCONF
SRC-G-0518,General,G_INT_ALLOC|G_INT_REPR|G_INT_VALUE|G_INT_UNETH|G_SYS_OREF|G_SYS_OEXT|G_SYS_INPUT|G_SYS_MISINFO|G_SYS_CONTEXT|G_SYS_INCONS|G_SYS_CONTEST|G_SYS_TRANS|G_SYS_EVAL|G_SOC_ECON|G_SOC_POWER|G_SOC_DEMOC|G_SOC_ENV|G_SOC_CULT|G_SOC_GOV,CURATED_SOURCE_MECHANISM_PRIOR:G_INT_REPR|PREREQUISITE_FILTER:G_INT_VIOL|G_INT_SEX|G_INT_SELF|G_INT_POL|G_INT_PRIV|G_INT_ILLEGAL|G_INT_COPY|G_INT_WEAP|G_INT_ANTH|G_INT_REL|G_SYS_SECADV|G_SYS_POLICY|G_SYS_OVERCONF
SRC-G-0519,General,G_INT_SEX|G_INT_ALLOC|G_INT_REPR|G_INT_VALUE|G_INT_UNETH|G_SYS_OREF|G_SYS_OEXT|G_SYS_INPUT|G_SYS_MISINFO|G_SYS_CONTEXT|G_SYS_INCONS|G_SYS_CONTEST|G_SYS_TRANS|G_SYS_EVAL|G_SOC_ECON|G_SOC_POWER|G_SOC_DEMOC|G_SOC_ENV|G_SOC_CULT|G_SOC_GOV,CURATED_SOURCE_MECHANISM_PRIOR:G_INT_REPR|PREREQUISITE_FILTER:G_INT_VIOL|G_INT_SELF|G_INT_POL|G_INT_PRIV|G_INT_ILLEGAL|G_INT_COPY|G_INT_WEAP|G_INT_ANTH|G_INT_REL|G_SYS_SECADV|G_SYS_POLICY|G_SYS_OVERCONF
SRC-G-0520,General,G_INT_ALLOC|G_INT_REPR|G_INT_VALUE|G_INT_UNETH|G_SYS_OREF|G_SYS_OEXT|G_SYS_INPUT|G_SYS_MISINFO|G_SYS_CONTEXT|G_SYS_INCONS|G_SYS_CONTEST|G_SYS_TRANS|G_SYS_EVAL|G_SOC_ECON|G_SOC_POWER|G_SOC_DEMOC|G_SOC_ENV|G_SOC_CULT|G_SOC_GOV,CURATED_SOURCE_MECHANISM_PRIOR:G_INT_REPR|PREREQUISITE_FILTER:G_INT_VIOL|G_INT_SEX|G_INT_SELF|G_INT_POL|G_INT_PRIV|G_INT_ILLEGAL|G_INT_COPY|G_INT_WEAP|G_INT_ANTH|G_INT_REL|G_SYS_SECADV|G_SYS_POLICY|G_SYS_OVERCONF
SRC-G-0521,General,G_INT_ALLOC|G_INT_REPR|G_INT_VALUE|G_INT_UNETH|G_SYS_OREF|G_SYS_OEXT|G_SYS_INPUT|G_SYS_MISINFO|G_SYS_CONTEXT|G_SYS_INCONS|G_SYS_CONTEST|G_SYS_TRANS|G_SYS_EVAL|G_SOC_ECON|G_SOC_POWER|G_SOC_DEMOC|G_SOC_ENV|G_SOC_CULT|G_SOC_GOV,CURATED_SOURCE_MECHANISM_PRIOR:G_INT_REPR|PREREQUISITE_FILTER:G_INT_VIOL|G_INT_SEX|G_INT_SELF|G_INT_POL|G_INT_PRIV|G_INT_ILLEGAL|G_INT_COPY|G_INT_WEAP|G_INT_ANTH|G_INT_REL|G_SYS_SECADV|G_SYS_POLICY|G_SYS_OVERCONF
SRC-G-0522,General,G_INT_ALLOC|G_INT_REPR|G_INT_VALUE|G_INT_UNETH|G_SYS_OREF|G_SYS_OEXT|G_SYS_INPUT|G_SYS_MISINFO|G_SYS_CONTEXT|G_SYS_INCONS|G_SYS_CONTEST|G_SYS_TRANS|G_SYS_EVAL|G_SOC_ECON|G_SOC_POWER|G_SOC_DEMOC|G_SOC_ENV|G_SOC_CULT|G_SOC_GOV,CURATED_SOURCE_MECHANISM_PRIOR:G_INT_REPR|PREREQUISITE_FILTER:G_INT_VIOL|G_INT_SEX|G_INT_SELF|G_INT_POL|G_INT_PRIV|G_INT_ILLEGAL|G_INT_COPY|G_INT_WEAP|G_INT_ANTH|G_INT_REL|G_SYS_SECADV|G_SYS_POLICY|G_SYS_OVERCONF
SRC-G-0523,General,G_INT_ALLOC|G_INT_REPR|G_INT_VALUE|G_INT_UNETH|G_SYS_OREF|G_SYS_OEXT|G_SYS_INPUT|G_SYS_MISINFO|G_SYS_CONTEXT|G_SYS_INCONS|G_SYS_CONTEST|G_SYS_TRANS|G_SYS_EVAL|G_SOC_ECON|G_SOC_POWER|G_SOC_DEMOC|G_SOC_ENV|G_SOC_CULT|G_SOC_GOV,CURATED_SOURCE_MECHANISM_PRIOR:G_INT_REPR|PREREQUISITE_FILTER:G_INT_VIOL|G_INT_SEX|G_INT_SELF|G_INT_POL|G_INT_PRIV|G_INT_ILLEGAL|G_INT_COPY|G_INT_WEAP|G_INT_ANTH|G_INT_REL|G_SYS_SECADV|G_SYS_POLICY|G_SYS_OVERCONF
SRC-G-0524,General,G_INT_ALLOC|G_INT_REPR|G_INT_VALUE|G_INT_UNETH|G_SYS_OREF|G_SYS_OEXT|G_SYS_INPUT|G_SYS_MISINFO|G_SYS_CONTEXT|G_SYS_INCONS|G_SYS_CONTEST|G_SYS_TRANS|G_SYS_EVAL|G_SOC_ECON|G_SOC_POWER|G_SOC_DEMOC|G_SOC_ENV|G_SOC_CULT|G_SOC_GOV,CURATED_SOURCE_MECHANISM_PRIOR:G_INT_REPR|PREREQUISITE_FILTER:G_INT_VIOL|G_INT_SEX|G_INT_SELF|G_INT_POL|G_INT_PRIV|G_INT_ILLEGAL|G_INT_COPY|G_INT_WEAP|G_INT_ANTH|G_INT_REL|G_SYS_SECADV|G_SYS_POLICY|G_SYS_OVERCONF
SRC-G-0525,General,G_INT_ALLOC|G_INT_REPR|G_INT_VALUE|G_INT_POL|G_INT_UNETH|G_SYS_OREF|G_SYS_OEXT|G_SYS_INPUT|G_SYS_MISINFO|G_SYS_CONTEXT|G_SYS_INCONS|G_SYS_CONTEST|G_SYS_TRANS|G_SYS_EVAL|G_SOC_ECON|G_SOC_POWER|G_SOC_DEMOC|G_SOC_ENV|G_SOC_CULT|G_SOC_GOV,CURATED_SOURCE_MECHANISM_PRIOR:G_INT_REPR|PREREQUISITE_FILTER:G_INT_VIOL|G_INT_SEX|G_INT_SELF|G_INT_PRIV|G_INT_ILLEGAL|G_INT_COPY|G_INT_WEAP|G_INT_ANTH|G_INT_REL|G_SYS_SECADV|G_SYS_POLICY|G_SYS_OVERCONF
SRC-G-0526,General,G_INT_ALLOC|G_INT_REPR|G_INT_VALUE|G_INT_UNETH|G_SYS_OREF|G_SYS_OEXT|G_SYS_INPUT|G_SYS_MISINFO|G_SYS_CONTEXT|G_SYS_INCONS|G_SYS_CONTEST|G_SYS_TRANS|G_SYS_EVAL|G_SOC_ECON|G_SOC_POWER|G_SOC_DEMOC|G_SOC_ENV|G_SOC_CULT|G_SOC_GOV,CURATED_SOURCE_MECHANISM_PRIOR:G_INT_REPR|PREREQUISITE_FILTER:G_INT_VIOL|G_INT_SEX|G_INT_SELF|G_INT_POL|G_INT_PRIV|G_INT_ILLEGAL|G_INT_COPY|G_INT_WEAP|G_INT_ANTH|G_INT_REL|G_SYS_SECADV|G_SYS_POLICY|G_SYS_OVERCONF
SRC-G-0527,General,G_INT_ALLOC|G_INT_REPR|G_INT_VALUE|G_INT_UNETH|G_SYS_OREF|G_SYS_OEXT|G_SYS_INPUT|G_SYS_MISINFO|G_SYS_CONTEXT|G_SYS_INCONS|G_SYS_CONTEST|G_SYS_TRANS|G_SYS_EVAL|G_SOC_ECON|G_SOC_POWER|G_SOC_DEMOC|G_SOC_ENV|G_SOC_CULT|G_SOC_GOV,CURATED_SOURCE_MECHANISM_PRIOR:G_INT_REPR|PREREQUISITE_FILTER:G_INT_VIOL|G_INT_SEX|G_INT_SELF|G_INT_POL|G_INT_PRIV|G_INT_ILLEGAL|G_INT_COPY|G_INT_WEAP|G_INT_ANTH|G_INT_REL|G_SYS_SECADV|G_SYS_POLICY|G_SYS_OVERCONF
SRC-G-0528,General,G_INT_ALLOC|G_INT_REPR|G_INT_VALUE|G_INT_UNETH|G_SYS_OREF|G_SYS_OEXT|G_SYS_INPUT|G_SYS_MISINFO|G_SYS_CONTEXT|G_SYS_INCONS|G_SYS_CONTEST|G_SYS_TRANS|G_SYS_EVAL|G_SOC_ECON|G_SOC_POWER|G_SOC_DEMOC|G_SOC_ENV|G_SOC_CULT|G_SOC_GOV,CURATED_SOURCE_MECHANISM_PRIOR:G_INT_REPR|PREREQUISITE_FILTER:G_INT_VIOL|G_INT_SEX|G_INT_SELF|G_INT_POL|G_INT_PRIV|G_INT_ILLEGAL|G_INT_COPY|G_INT_WEAP|G_INT_ANTH|G_INT_REL|G_SYS_SECADV|G_SYS_POLICY|G_SYS_OVERCONF
SRC-G-0529,General,G_INT_VALUE|G_INT_POL|G_INT_UNETH|G_SYS_OREF|G_SYS_OEXT|G_SYS_INPUT|G_SYS_MISINFO|G_SYS_CONTEXT|G_SYS_INCONS|G_SYS_CONTEST|G_SYS_TRANS|G_SYS_EVAL|G_SOC_ECON|G_SOC_POWER|G_SOC_DEMOC|G_SOC_ENV|G_SOC_CULT|G_SOC_GOV,CURATED_SOURCE_MECHANISM_PRIOR:G_INT_POL|PREREQUISITE_FILTER:G_INT_VIOL|G_INT_SEX|G_INT_SELF|G_INT_ALLOC|G_INT_REPR|G_INT_PRIV|G_INT_ILLEGAL|G_INT_COPY|G_INT_WEAP|G_INT_ANTH|G_INT_REL|G_SYS_SECADV|G_SYS_POLICY|G_SYS_OVERCONF
SRC-G-0530,General,G_INT_VALUE|G_INT_POL|G_INT_UNETH|G_SYS_OREF|G_SYS_OEXT|G_SYS_INPUT|G_SYS_MISINFO|G_SYS_CONTEXT|G_SYS_INCONS|G_SYS_CONTEST|G_SYS_TRANS|G_SYS_EVAL|G_SOC_ECON|G_SOC_POWER|G_SOC_DEMOC|G_SOC_ENV|G_SOC_CULT|G_SOC_GOV,CURATED_SOURCE_MECHANISM_PRIOR:G_INT_POL|PREREQUISITE_FILTER:G_INT_VIOL|G_INT_SEX|G_INT_SELF|G_INT_ALLOC|G_INT_REPR|G_INT_PRIV|G_INT_ILLEGAL|G_INT_COPY|G_INT_WEAP|G_INT_ANTH|G_INT_REL|G_SYS_SECADV|G_SYS_POLICY|G_SYS_OVERCONF
SRC-G-0531,General,G_INT_VALUE|G_INT_POL|G_INT_UNETH|G_SYS_OREF|G_SYS_OEXT|G_SYS_INPUT|G_SYS_MISINFO|G_SYS_CONTEXT|G_SYS_INCONS|G_SYS_CONTEST|G_SYS_TRANS|G_SYS_EVAL|G_SOC_ECON|G_SOC_POWER|G_SOC_DEMOC|G_SOC_ENV|G_SOC_CULT|G_SOC_GOV,CURATED_SOURCE_MECHANISM_PRIOR:G_INT_POL|PREREQUISITE_FILTER:G_INT_VIOL|G_INT_SEX|G_INT_SELF|G_INT_ALLOC|G_INT_REPR|G_INT_PRIV|G_INT_ILLEGAL|G_INT_COPY|G_INT_WEAP|G_INT_ANTH|G_INT_REL|G_SYS_SECADV|G_SYS_POLICY|G_SYS_OVERCONF
SRC-G-0532,General,G_INT_VALUE|G_INT_POL|G_INT_UNETH|G_SYS_OREF|G_SYS_OEXT|G_SYS_INPUT|G_SYS_MISINFO|G_SYS_CONTEXT|G_SYS_INCONS|G_SYS_CONTEST|G_SYS_TRANS|G_SYS_EVAL|G_SOC_ECON|G_SOC_POWER|G_SOC_DEMOC|G_SOC_ENV|G_SOC_CULT|G_SOC_GOV,CURATED_SOURCE_MECHANISM_PRIOR:G_INT_POL|PREREQUISITE_FILTER:G_INT_VIOL|G_INT_SEX|G_INT_SELF|G_INT_ALLOC|G_INT_REPR|G_INT_PRIV|G_INT_ILLEGAL|G_INT_COPY|G_INT_WEAP|G_INT_ANTH|G_INT_REL|G_SYS_SECADV|G_SYS_POLICY|G_SYS_OVERCONF
SRC-G-0533,General,G_INT_VIOL|G_INT_VALUE|G_INT_POL|G_INT_UNETH|G_SYS_OREF|G_SYS_OEXT|G_SYS_INPUT|G_SYS_MISINFO|G_SYS_CONTEXT|G_SYS_INCONS|G_SYS_CONTEST|G_SYS_TRANS|G_SYS_EVAL|G_SOC_ECON|G_SOC_POWER|G_SOC_DEMOC|G_SOC_ENV|G_SOC_CULT|G_SOC_GOV,CURATED_SOURCE_MECHANISM_PRIOR:G_INT_POL|PREREQUISITE_FILTER:G_INT_SEX|G_INT_SELF|G_INT_ALLOC|G_INT_REPR|G_INT_PRIV|G_INT_ILLEGAL|G_INT_COPY|G_INT_WEAP|G_INT_ANTH|G_INT_REL|G_SYS_SECADV|G_SYS_POLICY|G_SYS_OVERCONF
SRC-G-0534,General,G_INT_VALUE|G_INT_POL|G_INT_UNETH|G_SYS_OREF|G_SYS_OEXT|G_SYS_INPUT|G_SYS_MISINFO|G_SYS_CONTEXT|G_SYS_INCONS|G_SYS_CONTEST|G_SYS_TRANS|G_SYS_EVAL|G_SOC_ECON|G_SOC_POWER|G_SOC_DEMOC|G_SOC_ENV|G_SOC_CULT|G_SOC_GOV,CURATED_SOURCE_MECHANISM_PRIOR:G_INT_POL|PREREQUISITE_FILTER:G_INT_VIOL|G_INT_SEX|G_INT_SELF|G_INT_ALLOC|G_INT_REPR|G_INT_PRIV|G_INT_ILLEGAL|G_INT_COPY|G_INT_WEAP|G_INT_ANTH|G_INT_REL|G_SYS_SECADV|G_SYS_POLICY|G_SYS_OVERCONF
SRC-G-0535,General,G_INT_VALUE|G_INT_UNETH|G_INT_ANTH|G_INT_REL|G_SYS_OREF|G_SYS_OEXT|G_SYS_INPUT|G_SYS_MISINFO|G_SYS_CONTEXT|G_SYS_INCONS|G_SYS_CONTEST|G_SYS_TRANS|G_SYS_EVAL|G_SOC_ECON|G_SOC_POWER|G_SOC_DEMOC|G_SOC_ENV|G_SOC_CULT|G_SOC_GOV,CURATED_SOURCE_MECHANISM_PRIOR:G_INT_ANTH|PREREQUISITE_FILTER:G_INT_VIOL|G_INT_SEX|G_INT_SELF|G_INT_ALLOC|G_INT_REPR|G_INT_POL|G_INT_PRIV|G_INT_ILLEGAL|G_INT_COPY|G_INT_WEAP|G_SYS_SECADV|G_SYS_POLICY|G_SYS_OVERCONF
SRC-G-0536,General,G_INT_VALUE|G_INT_UNETH|G_INT_ANTH|G_INT_REL|G_SYS_OREF|G_SYS_OEXT|G_SYS_INPUT|G_SYS_MISINFO|G_SYS_CONTEXT|G_SYS_INCONS|G_SYS_CONTEST|G_SYS_TRANS|G_SYS_EVAL|G_SOC_ECON|G_SOC_POWER|G_SOC_DEMOC|G_SOC_ENV|G_SOC_CULT|G_SOC_GOV,CURATED_SOURCE_MECHANISM_PRIOR:G_INT_ANTH|PREREQUISITE_FILTER:G_INT_VIOL|G_INT_SEX|G_INT_SELF|G_INT_ALLOC|G_INT_REPR|G_INT_POL|G_INT_PRIV|G_INT_ILLEGAL|G_INT_COPY|G_INT_WEAP|G_SYS_SECADV|G_SYS_POLICY|G_SYS_OVERCONF
SRC-G-0537,General,G_INT_VALUE|G_INT_UNETH|G_INT_ANTH|G_INT_REL|G_SYS_OREF|G_SYS_OEXT|G_SYS_INPUT|G_SYS_MISINFO|G_SYS_CONTEXT|G_SYS_INCONS|G_SYS_CONTEST|G_SYS_TRANS|G_SYS_EVAL|G_SOC_ECON|G_SOC_POWER|G_SOC_DEMOC|G_SOC_ENV|G_SOC_CULT|G_SOC_GOV,CURATED_SOURCE_MECHANISM_PRIOR:G_INT_ANTH|PREREQUISITE_FILTER:G_INT_VIOL|G_INT_SEX|G_INT_SELF|G_INT_ALLOC|G_INT_REPR|G_INT_POL|G_INT_PRIV|G_INT_ILLEGAL|G_INT_COPY|G_INT_WEAP|G_SYS_SECADV|G_SYS_POLICY|G_SYS_OVERCONF
SRC-G-0538,General,G_INT_VALUE|G_INT_UNETH|G_INT_ANTH|G_INT_REL|G_SYS_OREF|G_SYS_OEXT|G_SYS_INPUT|G_SYS_MISINFO|G_SYS_CONTEXT|G_SYS_INCONS|G_SYS_CONTEST|G_SYS_TRANS|G_SYS_EVAL|G_SOC_ECON|G_SOC_POWER|G_SOC_DEMOC|G_SOC_ENV|G_SOC_CULT|G_SOC_GOV,CURATED_SOURCE_MECHANISM_PRIOR:G_INT_ANTH|PREREQUISITE_FILTER:G_INT_VIOL|G_INT_SEX|G_INT_SELF|G_INT_ALLOC|G_INT_REPR|G_INT_POL|G_INT_PRIV|G_INT_ILLEGAL|G_INT_COPY|G_INT_WEAP|G_SYS_SECADV|G_SYS_POLICY|G_SYS_OVERCONF
SRC-G-0539,General,G_INT_VALUE|G_INT_UNETH|G_INT_ANTH|G_INT_REL|G_SYS_OREF|G_SYS_OEXT|G_SYS_INPUT|G_SYS_MISINFO|G_SYS_CONTEXT|G_SYS_INCONS|G_SYS_CONTEST|G_SYS_TRANS|G_SYS_EVAL|G_SOC_ECON|G_SOC_POWER|G_SOC_DEMOC|G_SOC_ENV|G_SOC_CULT|G_SOC_GOV,CURATED_SOURCE_MECHANISM_PRIOR:G_INT_ANTH|PREREQUISITE_FILTER:G_INT_VIOL|G_INT_SEX|G_INT_SELF|G_INT_ALLOC|G_INT_REPR|G_INT_POL|G_INT_PRIV|G_INT_ILLEGAL|G_INT_COPY|G_INT_WEAP|G_SYS_SECADV|G_SYS_POLICY|G_SYS_OVERCONF
SRC-G-0540,General,G_INT_VALUE|G_INT_UNETH|G_INT_ANTH|G_INT_REL|G_SYS_OREF|G_SYS_OEXT|G_SYS_INPUT|G_SYS_MISINFO|G_SYS_CONTEXT|G_SYS_INCONS|G_SYS_CONTEST|G_SYS_TRANS|G_SYS_EVAL|G_SOC_ECON|G_SOC_POWER|G_SOC_DEMOC|G_SOC_ENV|G_SOC_CULT|G_SOC_GOV,CURATED_SOURCE_MECHANISM_PRIOR:G_INT_ANTH|PREREQUISITE_FILTER:G_INT_VIOL|G_INT_SEX|G_INT_SELF|G_INT_ALLOC|G_INT_REPR|G_INT_POL|G_INT_PRIV|G_INT_ILLEGAL|G_INT_COPY|G_INT_WEAP|G_SYS_SECADV|G_SYS_POLICY|G_SYS_OVERCONF
SRC-G-0541,General,G_INT_VALUE|G_INT_UNETH|G_INT_ANTH|G_INT_REL|G_SYS_OREF|G_SYS_OEXT|G_SYS_INPUT|G_SYS_MISINFO|G_SYS_CONTEXT|G_SYS_INCONS|G_SYS_CONTEST|G_SYS_TRANS|G_SYS_EVAL|G_SOC_ECON|G_SOC_POWER|G_SOC_DEMOC|G_SOC_ENV|G_SOC_CULT|G_SOC_GOV,CURATED_SOURCE_MECHANISM_PRIOR:G_INT_ANTH|PREREQUISITE_FILTER:G_INT_VIOL|G_INT_SEX|G_INT_SELF|G_INT_ALLOC|G_INT_REPR|G_INT_POL|G_INT_PRIV|G_INT_ILLEGAL|G_INT_COPY|G_INT_WEAP|G_SYS_SECADV|G_SYS_POLICY|G_SYS_OVERCONF
SRC-G-0542,General,G_INT_VALUE|G_INT_UNETH|G_INT_ANTH|G_INT_REL|G_SYS_OREF|G_SYS_OEXT|G_SYS_INPUT|G_SYS_MISINFO|G_SYS_CONTEXT|G_SYS_INCONS|G_SYS_CONTEST|G_SYS_TRANS|G_SYS_EVAL|G_SOC_ECON|G_SOC_POWER|G_SOC_DEMOC|G_SOC_ENV|G_SOC_CULT|G_SOC_GOV,CURATED_SOURCE_MECHANISM_PRIOR:G_INT_ANTH|PREREQUISITE_FILTER:G_INT_VIOL|G_INT_SEX|G_INT_SELF|G_INT_ALLOC|G_INT_REPR|G_INT_POL|G_INT_PRIV|G_INT_ILLEGAL|G_INT_COPY|G_INT_WEAP|G_SYS_SECADV|G_SYS_POLICY|G_SYS_OVERCONF
SRC-G-0543,General,G_INT_VALUE|G_INT_UNETH|G_INT_ANTH|G_INT_REL|G_SYS_OREF|G_SYS_OEXT|G_SYS_INPUT|G_SYS_MISINFO|G_SYS_CONTEXT|G_SYS_INCONS|G_SYS_CONTEST|G_SYS_TRANS|G_SYS_EVAL|G_SOC_ECON|G_SOC_POWER|G_SOC_DEMOC|G_SOC_ENV|G_SOC_CULT|G_SOC_GOV,CURATED_SOURCE_MECHANISM_PRIOR:G_INT_ANTH|PREREQUISITE_FILTER:G_INT_VIOL|G_INT_SEX|G_INT_SELF|G_INT_ALLOC|G_INT_REPR|G_INT_POL|G_INT_PRIV|G_INT_ILLEGAL|G_INT_COPY|G_INT_WEAP|G_SYS_SECADV|G_SYS_POLICY|G_SYS_OVERCONF
SRC-G-0544,General,G_INT_VALUE|G_INT_UNETH|G_INT_ANTH|G_INT_REL|G_SYS_OREF|G_SYS_OEXT|G_SYS_INPUT|G_SYS_MISINFO|G_SYS_CONTEXT|G_SYS_INCONS|G_SYS_CONTEST|G_SYS_TRANS|G_SYS_EVAL|G_SOC_ECON|G_SOC_POWER|G_SOC_DEMOC|G_SOC_ENV|G_SOC_CULT|G_SOC_GOV,CURATED_SOURCE_MECHANISM_PRIOR:G_INT_ANTH|PREREQUISITE_FILTER:G_INT_VIOL|G_INT_SEX|G_INT_SELF|G_INT_ALLOC|G_INT_REPR|G_INT_POL|G_INT_PRIV|G_INT_ILLEGAL|G_INT_COPY|G_INT_WEAP|G_SYS_SECADV|G_SYS_POLICY|G_SYS_OVERCONF
SRC-G-0553,General,G_INT_VALUE|G_INT_PRIV|G_INT_UNETH|G_INT_ANTH|G_SYS_OREF|G_SYS_OEXT|G_SYS_INPUT|G_SYS_MISINFO|G_SYS_CONTEXT|G_SYS_INCONS|G_SYS_CONTEST|G_SYS_TRANS|G_SYS_EVAL|G_SOC_ECON|G_SOC_POWER|G_SOC_DEMOC|G_SOC_ENV|G_SOC_CULT|G_SOC_GOV,CURATED_SOURCE_MECHANISM_PRIOR:G_INT_PRIV|PREREQUISITE_FILTER:G_INT_VIOL|G_INT_SEX|G_INT_SELF|G_INT_ALLOC|G_INT_REPR|G_INT_POL|G_INT_ILLEGAL|G_INT_COPY|G_INT_WEAP|G_INT_REL|G_SYS_SECADV|G_SYS_POLICY|G_SYS_OVERCONF
SRC-G-0554,General,G_INT_VALUE|G_INT_PRIV|G_INT_UNETH|G_SYS_OREF|G_SYS_OEXT|G_SYS_INPUT|G_SYS_MISINFO|G_SYS_CONTEXT|G_SYS_INCONS|G_SYS_CONTEST|G_SYS_TRANS|G_SYS_EVAL|G_SOC_ECON|G_SOC_POWER|G_SOC_DEMOC|G_SOC_ENV|G_SOC_CULT|G_SOC_GOV,CURATED_SOURCE_MECHANISM_PRIOR:G_INT_PRIV|PREREQUISITE_FILTER:G_INT_VIOL|G_INT_SEX|G_INT_SELF|G_INT_ALLOC|G_INT_REPR|G_INT_POL|G_INT_ILLEGAL|G_INT_COPY|G_INT_WEAP|G_INT_ANTH|G_INT_REL|G_SYS_SECADV|G_SYS_POLICY|G_SYS_OVERCONF
SRC-G-0555,General,G_INT_VALUE|G_INT_PRIV|G_INT_UNETH|G_SYS_OREF|G_SYS_OEXT|G_SYS_INPUT|G_SYS_MISINFO|G_SYS_CONTEXT|G_SYS_INCONS|G_SYS_CONTEST|G_SYS_TRANS|G_SYS_EVAL|G_SOC_ECON|G_SOC_POWER|G_SOC_DEMOC|G_SOC_ENV|G_SOC_CULT|G_SOC_GOV,CURATED_SOURCE_MECHANISM_PRIOR:G_INT_PRIV|PREREQUISITE_FILTER:G_INT_VIOL|G_INT_SEX|G_INT_SELF|G_INT_ALLOC|G_INT_REPR|G_INT_POL|G_INT_ILLEGAL|G_INT_COPY|G_INT_WEAP|G_INT_ANTH|G_INT_REL|G_SYS_SECADV|G_SYS_POLICY|G_SYS_OVERCONF
SRC-G-0556,General,G_INT_VALUE|G_INT_PRIV|G_INT_UNETH|G_SYS_OREF|G_SYS_OEXT|G_SYS_INPUT|G_SYS_MISINFO|G_SYS_CONTEXT|G_SYS_INCONS|G_SYS_CONTEST|G_SYS_TRANS|G_SYS_EVAL|G_SOC_ECON|G_SOC_POWER|G_SOC_DEMOC|G_SOC_ENV|G_SOC_CULT|G_SOC_GOV,CURATED_SOURCE_MECHANISM_PRIOR:G_INT_PRIV|PREREQUISITE_FILTER:G_INT_VIOL|G_INT_SEX|G_INT_SELF|G_INT_ALLOC|G_INT_REPR|G_INT_POL|G_INT_ILLEGAL|G_INT_COPY|G_INT_WEAP|G_INT_ANTH|G_INT_REL|G_SYS_SECADV|G_SYS_POLICY|G_SYS_OVERCONF
SRC-G-0557,General,G_INT_VALUE|G_INT_PRIV|G_INT_UNETH|G_SYS_OREF|G_SYS_OEXT|G_SYS_INPUT|G_SYS_MISINFO|G_SYS_CONTEXT|G_SYS_INCONS|G_SYS_CONTEST|G_SYS_TRANS|G_SYS_EVAL|G_SOC_ECON|G_SOC_POWER|G_SOC_DEMOC|G_SOC_ENV|G_SOC_CULT|G_SOC_GOV,CURATED_SOURCE_MECHANISM_PRIOR:G_INT_PRIV|PREREQUISITE_FILTER:G_INT_VIOL|G_INT_SEX|G_INT_SELF|G_INT_ALLOC|G_INT_REPR|G_INT_POL|G_INT_ILLEGAL|G_INT_COPY|G_INT_WEAP|G_INT_ANTH|G_INT_REL|G_SYS_SECADV|G_SYS_POLICY|G_SYS_OVERCONF
SRC-G-0559,General,G_INT_VALUE|G_INT_PRIV|G_INT_UNETH|G_SYS_OREF|G_SYS_OEXT|G_SYS_INPUT|G_SYS_MISINFO|G_SYS_CONTEXT|G_SYS_INCONS|G_SYS_CONTEST|G_SYS_TRANS|G_SYS_EVAL|G_SOC_ECON|G_SOC_POWER|G_SOC_DEMOC|G_SOC_ENV|G_SOC_CULT|G_SOC_GOV,CURATED_SOURCE_MECHANISM_PRIOR:G_INT_PRIV|PREREQUISITE_FILTER:G_INT_VIOL|G_INT_SEX|G_INT_SELF|G_INT_ALLOC|G_INT_REPR|G_INT_POL|G_INT_ILLEGAL|G_INT_COPY|G_INT_WEAP|G_INT_ANTH|G_INT_REL|G_SYS_SECADV|G_SYS_POLICY|G_SYS_OVERCONF
SRC-G-0560,General,G_INT_VALUE|G_INT_ILLEGAL|G_INT_UNETH|G_SYS_OREF|G_SYS_OEXT|G_SYS_INPUT|G_SYS_MISINFO|G_SYS_CONTEXT|G_SYS_INCONS|G_SYS_CONTEST|G_SYS_TRANS|G_SYS_EVAL|G_SOC_ECON|G_SOC_POWER|G_SOC_DEMOC|G_SOC_ENV|G_SOC_CULT|G_SOC_GOV,CURATED_SOURCE_MECHANISM_PRIOR:G_INT_ILLEGAL|PREREQUISITE_FILTER:G_INT_VIOL|G_INT_SEX|G_INT_SELF|G_INT_ALLOC|G_INT_REPR|G_INT_POL|G_INT_PRIV|G_INT_COPY|G_INT_WEAP|G_INT_ANTH|G_INT_REL|G_SYS_SECADV|G_SYS_POLICY|G_SYS_OVERCONF
SRC-G-0561,General,G_INT_VALUE|G_INT_ILLEGAL|G_INT_UNETH|G_SYS_OREF|G_SYS_OEXT|G_SYS_INPUT|G_SYS_MISINFO|G_SYS_CONTEXT|G_SYS_INCONS|G_SYS_CONTEST|G_SYS_TRANS|G_SYS_EVAL|G_SOC_ECON|G_SOC_POWER|G_SOC_DEMOC|G_SOC_ENV|G_SOC_CULT|G_SOC_GOV,CURATED_SOURCE_MECHANISM_PRIOR:G_INT_ILLEGAL|PREREQUISITE_FILTER:G_INT_VIOL|G_INT_SEX|G_INT_SELF|G_INT_ALLOC|G_INT_REPR|G_INT_POL|G_INT_PRIV|G_INT_ILLEGAL|G_INT_COPY|G_INT_WEAP|G_INT_ANTH|G_INT_REL|G_SYS_SECADV|G_SYS_POLICY|G_SYS_OVERCONF
SRC-G-0562,General,G_INT_VALUE|G_INT_ILLEGAL|G_INT_UNETH|G_SYS_OREF|G_SYS_OEXT|G_SYS_INPUT|G_SYS_MISINFO|G_SYS_CONTEXT|G_SYS_INCONS|G_SYS_CONTEST|G_SYS_TRANS|G_SYS_EVAL|G_SOC_ECON|G_SOC_POWER|G_SOC_DEMOC|G_SOC_ENV|G_SOC_CULT|G_SOC_GOV,CURATED_SOURCE_MECHANISM_PRIOR:G_INT_ILLEGAL|PREREQUISITE_FILTER:G_INT_VIOL|G_INT_SEX|G_INT_SELF|G_INT_ALLOC|G_INT_REPR|G_INT_POL|G_INT_PRIV|G_INT_COPY|G_INT_WEAP|G_INT_ANTH|G_INT_REL|G_SYS_SECADV|G_SYS_POLICY|G_SYS_OVERCONF
SRC-G-0563,General,G_INT_VALUE|G_INT_ILLEGAL|G_INT_UNETH|G_INT_WEAP|G_SYS_OREF|G_SYS_OEXT|G_SYS_INPUT|G_SYS_MISINFO|G_SYS_CONTEXT|G_SYS_INCONS|G_SYS_CONTEST|G_SYS_TRANS|G_SYS_EVAL|G_SOC_ECON|G_SOC_POWER|G_SOC_DEMOC|G_SOC_ENV|G_SOC_CULT|G_SOC_GOV,CURATED_SOURCE_MECHANISM_PRIOR:G_INT_ILLEGAL|PREREQUISITE_FILTER:G_INT_VIOL|G_INT_SEX|G_INT_SELF|G_INT_ALLOC|G_INT_REPR|G_INT_POL|G_INT_PRIV|G_INT_COPY|G_INT_ANTH|G_INT_REL|G_SYS_SECADV|G_SYS_POLICY|G_SYS_OVERCONF
SRC-G-0564,General,G_INT_VALUE|G_INT_ILLEGAL|G_INT_UNETH|G_SYS_OREF|G_SYS_OEXT|G_SYS_INPUT|G_SYS_MISINFO|G_SYS_CONTEXT|G_SYS_INCONS|G_SYS_CONTEST|G_SYS_TRANS|G_SYS_EVAL|G_SOC_ECON|G_SOC_POWER|G_SOC_DEMOC|G_SOC_ENV|G_SOC_CULT|G_SOC_GOV,CURATED_SOURCE_MECHANISM_PRIOR:G_INT_ILLEGAL|PREREQUISITE_FILTER:G_INT_VIOL|G_INT_SEX|G_INT_SELF|G_INT_ALLOC|G_INT_REPR|G_INT_POL|G_INT_PRIV|G_INT_COPY|G_INT_WEAP|G_INT_ANTH|G_INT_REL|G_SYS_SECADV|G_SYS_POLICY|G_SYS_OVERCONF
SRC-G-0565,General,G_INT_VALUE|G_INT_ILLEGAL|G_INT_UNETH|G_SYS_OREF|G_SYS_OEXT|G_SYS_INPUT|G_SYS_MISINFO|G_SYS_CONTEXT|G_SYS_INCONS|G_SYS_CONTEST|G_SYS_TRANS|G_SYS_EVAL|G_SOC_ECON|G_SOC_POWER|G_SOC_DEMOC|G_SOC_ENV|G_SOC_CULT|G_SOC_GOV,CURATED_SOURCE_MECHANISM_PRIOR:G_INT_ILLEGAL|PREREQUISITE_FILTER:G_INT_VIOL|G_INT_SEX|G_INT_SELF|G_INT_ALLOC|G_INT_REPR|G_INT_POL|G_INT_PRIV|G_INT_COPY|G_INT_WEAP|G_INT_ANTH|G_INT_REL|G_SYS_SECADV|G_SYS_POLICY|G_SYS_OVERCONF
SRC-G-0566,General,G_INT_VALUE|G_INT_ILLEGAL|G_INT_UNETH|G_SYS_OREF|G_SYS_OEXT|G_SYS_INPUT|G_SYS_MISINFO|G_SYS_CONTEXT|G_SYS_INCONS|G_SYS_CONTEST|G_SYS_TRANS|G_SYS_EVAL|G_SOC_ECON|G_SOC_POWER|G_SOC_DEMOC|G_SOC_ENV|G_SOC_CULT|G_SOC_GOV,CURATED_SOURCE_MECHANISM_PRIOR:G_INT_ILLEGAL|PREREQUISITE_FILTER:G_INT_VIOL|G_INT_SEX|G_INT_SELF|G_INT_ALLOC|G_INT_REPR|G_INT_POL|G_INT_PRIV|G_INT_COPY|G_INT_WEAP|G_INT_ANTH|G_INT_REL|G_SYS_SECADV|G_SYS_POLICY|G_SYS_OVERCONF
SRC-G-0567,General,G_INT_VALUE|G_INT_ILLEGAL|G_INT_UNETH|G_SYS_OREF|G_SYS_OEXT|G_SYS_INPUT|G_SYS_MISINFO|G_SYS_CONTEXT|G_SYS_INCONS|G_SYS_CONTEST|G_SYS_TRANS|G_SYS_EVAL|G_SOC_ECON|G_SOC_POWER|G_SOC_DEMOC|G_SOC_ENV|G_SOC_CULT|G_SOC_GOV,CURATED_SOURCE_MECHANISM_PRIOR:G_INT_ILLEGAL|PREREQUISITE_FILTER:G_INT_VIOL|G_INT_SEX|G_INT_SELF|G_INT_ALLOC|G_INT_REPR|G_INT_POL|G_INT_PRIV|G_INT_COPY|G_INT_WEAP|G_INT_ANTH|G_INT_REL|G_SYS_SECADV|G_SYS_POLICY|G_SYS_OVERCONF
SRC-G-0568,General,G_INT_VALUE|G_INT_ILLEGAL|G_INT_UNETH|G_SYS_OREF|G_SYS_OEXT|G_SYS_INPUT|G_SYS_MISINFO|G_SYS_CONTEXT|G_SYS_INCONS|G_SYS_CONTEST|G_SYS_TRANS|G_SYS_EVAL|G_SOC_ECON|G_SOC_POWER|G_SOC_DEMOC|G_SOC_ENV|G_SOC_CULT|G_SOC_GOV,CURATED_SOURCE_MECHANISM_PRIOR:G_INT_ILLEGAL|PREREQUISITE_FILTER:G_INT_VIOL|G_INT_SEX|G_INT_SELF|G_INT_ALLOC|G_INT_REPR|G_INT_POL|G_INT_PRIV|G_INT_COPY|G_INT_WEAP|G_INT_ANTH|G_INT_REL|G_SYS_SECADV|G_SYS_POLICY|G_SYS_OVERCONF
SRC-G-0569,General,G_INT_VALUE|G_INT_ILLEGAL|G_INT_UNETH|G_SYS_OREF|G_SYS_OEXT|G_SYS_INPUT|G_SYS_MISINFO|G_SYS_CONTEXT|G_SYS_INCONS|G_SYS_CONTEST|G_SYS_SECADV|G_SYS_TRANS|G_SYS_EVAL|G_SOC_ECON|G_SOC_POWER|G_SOC_DEMOC|G_SOC_ENV|G_SOC_CULT|G_SOC_GOV,CURATED_SOURCE_MECHANISM_PRIOR:G_INT_ILLEGAL|PREREQUISITE_FILTER:G_INT_VIOL|G_INT_SEX|G_INT_SELF|G_INT_ALLOC|G_INT_REPR|G_INT_POL|G_INT_PRIV|G_INT_ILLEGAL|G_INT_COPY|G_INT_WEAP|G_INT_ANTH|G_INT_REL|G_SYS_POLICY|G_SYS_OVERCONF
SRC-G-0570,General,G_INT_VALUE|G_INT_UNETH|G_INT_COPY|G_SYS_OREF|G_SYS_OEXT|G_SYS_INPUT|G_SYS_MISINFO|G_SYS_CONTEXT|G_SYS_INCONS|G_SYS_CONTEST|G_SYS_TRANS|G_SYS_EVAL|G_SOC_ECON|G_SOC_POWER|G_SOC_DEMOC|G_SOC_ENV|G_SOC_CULT|G_SOC_GOV,CURATED_SOURCE_MECHANISM_PRIOR:G_INT_COPY|PREREQUISITE_FILTER:G_INT_VIOL|G_INT_SEX|G_INT_SELF|G_INT_ALLOC|G_INT_REPR|G_INT_POL|G_INT_PRIV|G_INT_ILLEGAL|G_INT_WEAP|G_INT_ANTH|G_INT_REL|G_SYS_SECADV|G_SYS_POLICY|G_SYS_OVERCONF
SRC-G-0571,General,G_INT_VALUE|G_INT_UNETH|G_INT_COPY|G_SYS_OREF|G_SYS_OEXT|G_SYS_INPUT|G_SYS_MISINFO|G_SYS_CONTEXT|G_SYS_INCONS|G_SYS_CONTEST|G_SYS_TRANS|G_SYS_EVAL|G_SOC_ECON|G_SOC_POWER|G_SOC_DEMOC|G_SOC_ENV|G_SOC_CULT|G_SOC_GOV,CURATED_SOURCE_MECHANISM_PRIOR:G_INT_COPY|PREREQUISITE_FILTER:G_INT_VIOL|G_INT_SEX|G_INT_SELF|G_INT_ALLOC|G_INT_REPR|G_INT_POL|G_INT_PRIV|G_INT_ILLEGAL|G_INT_WEAP|G_INT_ANTH|G_INT_REL|G_SYS_SECADV|G_SYS_POLICY|G_SYS_OVERCONF
SRC-G-0572,General,G_INT_VALUE|G_INT_ILLEGAL|G_INT_UNETH|G_INT_COPY|G_SYS_OREF|G_SYS_OEXT|G_SYS_INPUT|G_SYS_MISINFO|G_SYS_CONTEXT|G_SYS_INCONS|G_SYS_CONTEST|G_SYS_TRANS|G_SYS_EVAL|G_SOC_ECON|G_SOC_POWER|G_SOC_DEMOC|G_SOC_ENV|G_SOC_CULT|G_SOC_GOV,CURATED_SOURCE_MECHANISM_PRIOR:G_INT_COPY|PREREQUISITE_FILTER:G_INT_VIOL|G_INT_SEX|G_INT_SELF|G_INT_ALLOC|G_INT_REPR|G_INT_POL|G_INT_PRIV|G_INT_COPY|G_INT_WEAP|G_INT_ANTH|G_INT_REL|G_SYS_SECADV|G_SYS_POLICY|G_SYS_OVERCONF
SRC-G-0573,General,G_INT_VALUE|G_INT_UNETH|G_INT_COPY|G_SYS_OREF|G_SYS_OEXT|G_SYS_INPUT|G_SYS_MISINFO|G_SYS_CONTEXT|G_SYS_INCONS|G_SYS_CONTEST|G_SYS_TRANS|G_SYS_EVAL|G_SOC_ECON|G_SOC_POWER|G_SOC_DEMOC|G_SOC_ENV|G_SOC_CULT|G_SOC_GOV,CURATED_SOURCE_MECHANISM_PRIOR:G_INT_COPY|PREREQUISITE_FILTER:G_INT_VIOL|G_INT_SEX|G_INT_SELF|G_INT_ALLOC|G_INT_REPR|G_INT_POL|G_INT_PRIV|G_INT_ILLEGAL|G_INT_WEAP|G_INT_ANTH|G_INT_REL|G_SYS_SECADV|G_SYS_POLICY|G_SYS_OVERCONF
SRC-G-0574,General,G_INT_VALUE|G_INT_UNETH|G_INT_COPY|G_SYS_OREF|G_SYS_OEXT|G_SYS_INPUT|G_SYS_MISINFO|G_SYS_CONTEXT|G_SYS_INCONS|G_SYS_CONTEST|G_SYS_TRANS|G_SYS_EVAL|G_SOC_ECON|G_SOC_POWER|G_SOC_DEMOC|G_SOC_ENV|G_SOC_CULT|G_SOC_GOV,CURATED_SOURCE_MECHANISM_PRIOR:G_INT_COPY|PREREQUISITE_FILTER:G_INT_VIOL|G_INT_SEX|G_INT_SELF|G_INT_ALLOC|G_INT_REPR|G_INT_POL|G_INT_PRIV|G_INT_ILLEGAL|G_INT_WEAP|G_INT_ANTH|G_INT_REL|G_SYS_SECADV|G_SYS_POLICY|G_SYS_OVERCONF
SRC-G-0576,General,G_INT_VALUE|G_INT_UNETH|G_INT_COPY|G_SYS_OREF|G_SYS_OEXT|G_SYS_INPUT|G_SYS_MISINFO|G_SYS_CONTEXT|G_SYS_INCONS|G_SYS_CONTEST|G_SYS_POLICY|G_SYS_TRANS|G_SYS_EVAL|G_SOC_ECON|G_SOC_POWER|G_SOC_DEMOC|G_SOC_ENV|G_SOC_CULT|G_SOC_GOV,CURATED_SOURCE_MECHANISM_PRIOR:G_INT_COPY|PREREQUISITE_FILTER:G_INT_VIOL|G_INT_SEX|G_INT_SELF|G_INT_ALLOC|G_INT_REPR|G_INT_POL|G_INT_PRIV|G_INT_ILLEGAL|G_INT_WEAP|G_INT_ANTH|G_INT_REL|G_SYS_SECADV|G_SYS_OVERCONF
SRC-G-0577,General,G_INT_VALUE|G_INT_UNETH|G_INT_WEAP|G_SYS_OREF|G_SYS_OEXT|G_SYS_INPUT|G_SYS_MISINFO|G_SYS_CONTEXT|G_SYS_INCONS|G_SYS_CONTEST|G_SYS_TRANS|G_SYS_EVAL|G_SOC_ECON|G_SOC_POWER|G_SOC_DEMOC|G_SOC_ENV|G_SOC_CULT|G_SOC_GOV,CURATED_SOURCE_MECHANISM_PRIOR:G_INT_WEAP|PREREQUISITE_FILTER:G_INT_VIOL|G_INT_SEX|G_INT_SELF|G_INT_ALLOC|G_INT_REPR|G_INT_POL|G_INT_PRIV|G_INT_ILLEGAL|G_INT_COPY|G_INT_ANTH|G_INT_REL|G_SYS_SECADV|G_SYS_POLICY|G_SYS_OVERCONF
SRC-G-0578,General,G_INT_VALUE|G_INT_UNETH|G_INT_WEAP|G_SYS_OREF|G_SYS_OEXT|G_SYS_INPUT|G_SYS_MISINFO|G_SYS_CONTEXT|G_SYS_INCONS|G_SYS_CONTEST|G_SYS_TRANS|G_SYS_EVAL|G_SOC_ECON|G_SOC_POWER|G_SOC_DEMOC|G_SOC_ENV|G_SOC_CULT|G_SOC_GOV,CURATED_SOURCE_MECHANISM_PRIOR:G_INT_WEAP|PREREQUISITE_FILTER:G_INT_VIOL|G_INT_SEX|G_INT_SELF|G_INT_ALLOC|G_INT_REPR|G_INT_POL|G_INT_PRIV|G_INT_ILLEGAL|G_INT_COPY|G_INT_ANTH|G_INT_REL|G_SYS_SECADV|G_SYS_POLICY|G_SYS_OVERCONF
SRC-G-0579,General,G_INT_VALUE|G_INT_UNETH|G_INT_WEAP|G_SYS_OREF|G_SYS_OEXT|G_SYS_INPUT|G_SYS_MISINFO|G_SYS_CONTEXT|G_SYS_INCONS|G_SYS_CONTEST|G_SYS_TRANS|G_SYS_EVAL|G_SOC_ECON|G_SOC_POWER|G_SOC_DEMOC|G_SOC_ENV|G_SOC_CULT|G_SOC_GOV,CURATED_SOURCE_MECHANISM_PRIOR:G_INT_WEAP|PREREQUISITE_FILTER:G_INT_VIOL|G_INT_SEX|G_INT_SELF|G_INT_ALLOC|G_INT_REPR|G_INT_POL|G_INT_PRIV|G_INT_ILLEGAL|G_INT_COPY|G_INT_ANTH|G_INT_REL|G_SYS_SECADV|G_SYS_POLICY|G_SYS_OVERCONF
SRC-G-0580,General,G_INT_VALUE|G_INT_UNETH|G_INT_WEAP|G_SYS_OREF|G_SYS_OEXT|G_SYS_INPUT|G_SYS_MISINFO|G_SYS_CONTEXT|G_SYS_INCONS|G_SYS_CONTEST|G_SYS_TRANS|G_SYS_EVAL|G_SOC_ECON|G_SOC_POWER|G_SOC_DEMOC|G_SOC_ENV|G_SOC_CULT|G_SOC_GOV,CURATED_SOURCE_MECHANISM_PRIOR:G_INT_WEAP|PREREQUISITE_FILTER:G_INT_VIOL|G_INT_SEX|G_INT_SELF|G_INT_ALLOC|G_INT_REPR|G_INT_POL|G_INT_PRIV|G_INT_ILLEGAL|G_INT_COPY|G_INT_ANTH|G_INT_REL|G_SYS_SECADV|G_SYS_POLICY|G_SYS_OVERCONF
SRC-G-0581,General,G_INT_VALUE|G_INT_UNETH|G_INT_WEAP|G_SYS_OREF|G_SYS_OEXT|G_SYS_INPUT|G_SYS_MISINFO|G_SYS_CONTEXT|G_SYS_INCONS|G_SYS_CONTEST|G_SYS_TRANS|G_SYS_EVAL|G_SOC_ECON|G_SOC_POWER|G_SOC_DEMOC|G_SOC_ENV|G_SOC_CULT|G_SOC_GOV,CURATED_SOURCE_MECHANISM_PRIOR:G_INT_WEAP|PREREQUISITE_FILTER:G_INT_VIOL|G_INT_SEX|G_INT_SELF|G_INT_ALLOC|G_INT_REPR|G_INT_POL|G_INT_PRIV|G_INT_ILLEGAL|G_INT_COPY|G_INT_ANTH|G_INT_REL|G_SYS_SECADV|G_SYS_POLICY|G_SYS_OVERCONF
SRC-G-0582,General,G_INT_VALUE|G_INT_UNETH|G_INT_WEAP|G_SYS_OREF|G_SYS_OEXT|G_SYS_INPUT|G_SYS_MISINFO|G_SYS_CONTEXT|G_SYS_INCONS|G_SYS_CONTEST|G_SYS_TRANS|G_SYS_EVAL|G_SOC_ECON|G_SOC_POWER|G_SOC_DEMOC|G_SOC_ENV|G_SOC_CULT|G_SOC_GOV,CURATED_SOURCE_MECHANISM_PRIOR:G_INT_WEAP|PREREQUISITE_FILTER:G_INT_VIOL|G_INT_SEX|G_INT_SELF|G_INT_ALLOC|G_INT_REPR|G_INT_POL|G_INT_PRIV|G_INT_ILLEGAL|G_INT_COPY|G_INT_ANTH|G_INT_REL|G_SYS_SECADV|G_SYS_POLICY|G_SYS_OVERCONF
SRC-G-0583,General,G_INT_VALUE|G_INT_UNETH|G_INT_WEAP|G_SYS_OREF|G_SYS_OEXT|G_SYS_INPUT|G_SYS_MISINFO|G_SYS_CONTEXT|G_SYS_INCONS|G_SYS_CONTEST|G_SYS_TRANS|G_SYS_EVAL|G_SOC_ECON|G_SOC_POWER|G_SOC_DEMOC|G_SOC_ENV|G_SOC_CULT|G_SOC_GOV,CURATED_SOURCE_MECHANISM_PRIOR:G_INT_WEAP|PREREQUISITE_FILTER:G_INT_VIOL|G_INT_SEX|G_INT_SELF|G_INT_ALLOC|G_INT_REPR|G_INT_POL|G_INT_PRIV|G_INT_ILLEGAL|G_INT_COPY|G_INT_ANTH|G_INT_REL|G_SYS_SECADV|G_SYS_POLICY|G_SYS_OVERCONF
SRC-G-0584,General,G_INT_VALUE|G_INT_UNETH|G_INT_WEAP|G_SYS_OREF|G_SYS_OEXT|G_SYS_INPUT|G_SYS_MISINFO|G_SYS_CONTEXT|G_SYS_INCONS|G_SYS_CONTEST|G_SYS_TRANS|G_SYS_EVAL|G_SOC_ECON|G_SOC_POWER|G_SOC_DEMOC|G_SOC_ENV|G_SOC_CULT|G_SOC_GOV,CURATED_SOURCE_MECHANISM_PRIOR:G_INT_WEAP|PREREQUISITE_FILTER:G_INT_VIOL|G_INT_SEX|G_INT_SELF|G_INT_ALLOC|G_INT_REPR|G_INT_POL|G_INT_PRIV|G_INT_ILLEGAL|G_INT_COPY|G_INT_ANTH|G_INT_REL|G_SYS_SECADV|G_SYS_POLICY|G_SYS_OVERCONF
SRC-G-0585,General,G_INT_VALUE|G_INT_UNETH|G_SYS_OREF|G_SYS_OEXT|G_SYS_INPUT|G_SYS_MISINFO|G_SYS_CONTEXT|G_SYS_INCONS|G_SYS_CONTEST|G_SYS_POLICY|G_SYS_TRANS|G_SYS_EVAL|G_SOC_ECON|G_SOC_POWER|G_SOC_DEMOC|G_SOC_ENV|G_SOC_CULT|G_SOC_GOV,CURATED_SOURCE_MECHANISM_PRIOR:G_SYS_POLICY|PREREQUISITE_FILTER:G_INT_VIOL|G_INT_SEX|G_INT_SELF|G_INT_ALLOC|G_INT_REPR|G_INT_POL|G_INT_PRIV|G_INT_ILLEGAL|G_INT_COPY|G_INT_WEAP|G_INT_ANTH|G_INT_REL|G_SYS_SECADV|G_SYS_OVERCONF
SRC-G-0586,General,G_INT_VALUE|G_INT_UNETH|G_SYS_OREF|G_SYS_OEXT|G_SYS_INPUT|G_SYS_MISINFO|G_SYS_CONTEXT|G_SYS_INCONS|G_SYS_CONTEST|G_SYS_POLICY|G_SYS_TRANS|G_SYS_EVAL|G_SOC_ECON|G_SOC_POWER|G_SOC_DEMOC|G_SOC_ENV|G_SOC_CULT|G_SOC_GOV,CURATED_SOURCE_MECHANISM_PRIOR:G_SYS_POLICY|PREREQUISITE_FILTER:G_INT_VIOL|G_INT_SEX|G_INT_SELF|G_INT_ALLOC|G_INT_REPR|G_INT_POL|G_INT_PRIV|G_INT_ILLEGAL|G_INT_COPY|G_INT_WEAP|G_INT_ANTH|G_INT_REL|G_SYS_SECADV|G_SYS_POLICY|G_SYS_OVERCONF
SRC-G-0587,General,G_INT_VALUE|G_INT_UNETH|G_INT_COPY|G_SYS_OREF|G_SYS_OEXT|G_SYS_INPUT|G_SYS_MISINFO|G_SYS_CONTEXT|G_SYS_INCONS|G_SYS_CONTEST|G_SYS_POLICY|G_SYS_TRANS|G_SYS_EVAL|G_SOC_ECON|G_SOC_POWER|G_SOC_DEMOC|G_SOC_ENV|G_SOC_CULT|G_SOC_GOV,CURATED_SOURCE_MECHANISM_PRIOR:G_SYS_POLICY|PREREQUISITE_FILTER:G_INT_VIOL|G_INT_SEX|G_INT_SELF|G_INT_ALLOC|G_INT_REPR|G_INT_POL|G_INT_PRIV|G_INT_ILLEGAL|G_INT_WEAP|G_INT_ANTH|G_INT_REL|G_SYS_SECADV|G_SYS_OVERCONF
SRC-G-0588,General,G_INT_VALUE|G_INT_UNETH|G_SYS_OREF|G_SYS_OEXT|G_SYS_INPUT|G_SYS_MISINFO|G_SYS_CONTEXT|G_SYS_INCONS|G_SYS_CONTEST|G_SYS_POLICY|G_SYS_TRANS|G_SYS_EVAL|G_SOC_ECON|G_SOC_POWER|G_SOC_DEMOC|G_SOC_ENV|G_SOC_CULT|G_SOC_GOV,CURATED_SOURCE_MECHANISM_PRIOR:G_SYS_POLICY|PREREQUISITE_FILTER:G_INT_VIOL|G_INT_SEX|G_INT_SELF|G_INT_ALLOC|G_INT_REPR|G_INT_POL|G_INT_PRIV|G_INT_ILLEGAL|G_INT_COPY|G_INT_WEAP|G_INT_ANTH|G_INT_REL|G_SYS_SECADV|G_SYS_OVERCONF
SRC-G-0589,General,G_INT_VALUE|G_INT_UNETH|G_SYS_OREF|G_SYS_OEXT|G_SYS_INPUT|G_SYS_MISINFO|G_SYS_CONTEXT|G_SYS_INCONS|G_SYS_CONTEST|G_SYS_POLICY|G_SYS_TRANS|G_SYS_EVAL|G_SOC_ECON|G_SOC_POWER|G_SOC_DEMOC|G_SOC_ENV|G_SOC_CULT|G_SOC_GOV,CURATED_SOURCE_MECHANISM_PRIOR:G_SYS_POLICY|PREREQUISITE_FILTER:G_INT_VIOL|G_INT_SEX|G_INT_SELF|G_INT_ALLOC|G_INT_REPR|G_INT_POL|G_INT_PRIV|G_INT_ILLEGAL|G_INT_COPY|G_INT_WEAP|G_INT_ANTH|G_INT_REL|G_SYS_SECADV|G_SYS_POLICY|G_SYS_OVERCONF
SRC-G-0590,General,G_INT_VALUE|G_INT_UNETH|G_SYS_OREF|G_SYS_OEXT|G_SYS_INPUT|G_SYS_MISINFO|G_SYS_CONTEXT|G_SYS_INCONS|G_SYS_CONTEST|G_SYS_POLICY|G_SYS_TRANS|G_SYS_EVAL|G_SOC_ECON|G_SOC_POWER|G_SOC_DEMOC|G_SOC_ENV|G_SOC_CULT|G_SOC_GOV,CURATED_SOURCE_MECHANISM_PRIOR:G_SYS_POLICY|PREREQUISITE_FILTER:G_INT_VIOL|G_INT_SEX|G_INT_SELF|G_INT_ALLOC|G_INT_REPR|G_INT_POL|G_INT_PRIV|G_INT_ILLEGAL|G_INT_COPY|G_INT_WEAP|G_INT_ANTH|G_INT_REL|G_SYS_SECADV|G_SYS_POLICY|G_SYS_OVERCONF
SRC-G-0591,General,G_INT_VALUE|G_INT_UNETH|G_SYS_OREF|G_SYS_OEXT|G_SYS_INPUT|G_SYS_MISINFO|G_SYS_CONTEXT|G_SYS_INCONS|G_SYS_CONTEST|G_SYS_SECADV|G_SYS_TRANS|G_SYS_EVAL|G_SOC_ECON|G_SOC_POWER|G_SOC_DEMOC|G_SOC_ENV|G_SOC_CULT|G_SOC_GOV,CURATED_SOURCE_MECHANISM_PRIOR:G_SYS_SECADV|PREREQUISITE_FILTER:G_INT_VIOL|G_INT_SEX|G_INT_SELF|G_INT_ALLOC|G_INT_REPR|G_INT_POL|G_INT_PRIV|G_INT_ILLEGAL|G_INT_COPY|G_INT_WEAP|G_INT_ANTH|G_INT_REL|G_SYS_POLICY|G_SYS_OVERCONF
SRC-A-0023,Agentic,G_INT_VALUE|G_INT_POL|G_INT_UNETH|G_SYS_OREF|G_SYS_OEXT|G_SYS_INPUT|G_SYS_MISINFO|G_SYS_CONTEXT|G_SYS_INCONS|G_SYS_CONTEST|G_SYS_TRANS|G_SYS_EVAL|G_SOC_ECON|G_SOC_POWER|G_SOC_DEMOC|G_SOC_ENV|G_SOC_CULT|G_SOC_GOV,NO_CURATED_PRIOR|PREREQUISITE_FILTER:G_INT_VIOL|G_INT_SEX|G_INT_SELF|G_INT_ALLOC|G_INT_REPR|G_INT_PRIV|G_INT_ILLEGAL|G_INT_COPY|G_INT_WEAP|G_INT_ANTH|G_INT_REL|G_SYS_SECADV|G_SYS_POLICY|G_SYS_OVERCONF
SRC-A-0024,Agentic,G_INT_VALUE|G_INT_PRIV|G_INT_UNETH|G_SYS_OREF|G_SYS_OEXT|G_SYS_INPUT|G_SYS_MISINFO|G_SYS_CONTEXT|G_SYS_INCONS|G_SYS_CONTEST|G_SYS_TRANS|G_SYS_EVAL|G_SOC_ECON|G_SOC_POWER|G_SOC_DEMOC|G_SOC_ENV|G_SOC_CULT|G_SOC_GOV,NO_CURATED_PRIOR|PREREQUISITE_FILTER:G_INT_VIOL|G_INT_SEX|G_INT_SELF|G_INT_ALLOC|G_INT_REPR|G_INT_POL|G_INT_ILLEGAL|G_INT_COPY|G_INT_WEAP|G_INT_ANTH|G_INT_REL|G_SYS_SECADV|G_SYS_POLICY|G_SYS_OVERCONF
SRC-A-0026,Agentic,G_INT_VALUE|G_INT_UNETH|G_SYS_OREF|G_SYS_OEXT|G_SYS_INPUT|G_SYS_MISINFO|G_SYS_CONTEXT|G_SYS_INCONS|G_SYS_CONTEST|G_SYS_SECADV|G_SYS_TRANS|G_SYS_EVAL|G_SOC_ECON|G_SOC_POWER|G_SOC_DEMOC|G_SOC_ENV|G_SOC_CULT|G_SOC_GOV,NO_CURATED_PRIOR|PREREQUISITE_FILTER:G_INT_VIOL|G_INT_SEX|G_INT_SELF|G_INT_ALLOC|G_INT_REPR|G_INT_POL|G_INT_PRIV|G_INT_ILLEGAL|G_INT_COPY|G_INT_WEAP|G_INT_ANTH|G_INT_REL|G_SYS_POLICY|G_SYS_OVERCONF
SRC-A-0027,Agentic,G_INT_VALUE|G_INT_UNETH|G_SYS_OREF|G_SYS_OEXT|G_SYS_INPUT|G_SYS_MISINFO|G_SYS_CONTEXT|G_SYS_INCONS|G_SYS_CONTEST|G_SYS_SECADV|G_SYS_TRANS|G_SYS_EVAL|G_SOC_ECON|G_SOC_POWER|G_SOC_DEMOC|G_SOC_ENV|G_SOC_CULT|G_SOC_GOV,NO_CURATED_PRIOR|PREREQUISITE_FILTER:G_INT_VIOL|G_INT_SEX|G_INT_SELF|G_INT_ALLOC|G_INT_REPR|G_INT_POL|G_INT_PRIV|G_INT_ILLEGAL|G_INT_COPY|G_INT_WEAP|G_INT_ANTH|G_INT_REL|G_SYS_POLICY|G_SYS_OVERCONF
SRC-A-0028,Agentic,G_INT_VALUE|G_INT_PRIV|G_INT_UNETH|G_SYS_OREF|G_SYS_OEXT|G_SYS_INPUT|G_SYS_MISINFO|G_SYS_CONTEXT|G_SYS_INCONS|G_SYS_CONTEST|G_SYS_TRANS|G_SYS_EVAL|G_SOC_ECON|G_SOC_POWER|G_SOC_DEMOC|G_SOC_ENV|G_SOC_CULT|G_SOC_GOV,NO_CURATED_PRIOR|PREREQUISITE_FILTER:G_INT_VIOL|G_INT_SEX|G_INT_SELF|G_INT_ALLOC|G_INT_REPR|G_INT_POL|G_INT_ILLEGAL|G_INT_COPY|G_INT_WEAP|G_INT_ANTH|G_INT_REL|G_SYS_SECADV|G_SYS_POLICY|G_SYS_OVERCONF
SRC-A-0029,Agentic,G_INT_VALUE|G_INT_UNETH|G_SYS_OREF|G_SYS_OEXT|G_SYS_INPUT|G_SYS_MISINFO|G_SYS_CONTEXT|G_SYS_INCONS|G_SYS_CONTEST|G_SYS_TRANS|G_SYS_EVAL|G_SOC_ECON|G_SOC_POWER|G_SOC_DEMOC|G_SOC_ENV|G_SOC_CULT|G_SOC_GOV,NO_CURATED_PRIOR|PREREQUISITE_FILTER:G_INT_VIOL|G_INT_SEX|G_INT_SELF|G_INT_ALLOC|G_INT_REPR|G_INT_POL|G_INT_PRIV|G_INT_ILLEGAL|G_INT_COPY|G_INT_WEAP|G_INT_ANTH|G_INT_REL|G_SYS_SECADV|G_SYS_POLICY|G_SYS_OVERCONF
SRC-A-0030,Agentic,G_INT_VALUE|G_INT_UNETH|G_SYS_OREF|G_SYS_OEXT|G_SYS_INPUT|G_SYS_MISINFO|G_SYS_CONTEXT|G_SYS_INCONS|G_SYS_CONTEST|G_SYS_SECADV|G_SYS_TRANS|G_SYS_EVAL|G_SOC_ECON|G_SOC_POWER|G_SOC_DEMOC|G_SOC_ENV|G_SOC_CULT|G_SOC_GOV,NO_CURATED_PRIOR|PREREQUISITE_FILTER:G_INT_VIOL|G_INT_SEX|G_INT_SELF|G_INT_ALLOC|G_INT_REPR|G_INT_POL|G_INT_PRIV|G_INT_ILLEGAL|G_INT_COPY|G_INT_WEAP|G_INT_ANTH|G_INT_REL|G_SYS_POLICY|G_SYS_OVERCONF
SRC-A-0031,Agentic,G_INT_VALUE|G_INT_UNETH|G_SYS_OREF|G_SYS_OEXT|G_SYS_INPUT|G_SYS_MISINFO|G_SYS_CONTEXT|G_SYS_INCONS|G_SYS_CONTEST|G_SYS_TRANS|G_SYS_EVAL|G_SOC_ECON|G_SOC_POWER|G_SOC_DEMOC|G_SOC_ENV|G_SOC_CULT|G_SOC_GOV,NO_CURATED_PRIOR|PREREQUISITE_FILTER:G_INT_VIOL|G_INT_SEX|G_INT_SELF|G_INT_ALLOC|G_INT_REPR|G_INT_POL|G_INT_PRIV|G_INT_ILLEGAL|G_INT_COPY|G_INT_WEAP|G_INT_ANTH|G_INT_REL|G_SYS_SECADV|G_SYS_POLICY|G_SYS_OVERCONF
SRC-A-0032,Agentic,G_INT_VALUE|G_INT_UNETH|G_SYS_OREF|G_SYS_OEXT|G_SYS_INPUT|G_SYS_MISINFO|G_SYS_CONTEXT|G_SYS_INCONS|G_SYS_CONTEST|G_SYS_TRANS|G_SYS_EVAL|G_SOC_ECON|G_SOC_POWER|G_SOC_DEMOC|G_SOC_ENV|G_SOC_CULT|G_SOC_GOV,CURATED_SOURCE_MECHANISM_PRIOR:G_SYS_EVAL|PREREQUISITE_FILTER:G_INT_VIOL|G_INT_SEX|G_INT_SELF|G_INT_ALLOC|G_INT_REPR|G_INT_POL|G_INT_PRIV|G_INT_ILLEGAL|G_INT_COPY|G_INT_WEAP|G_INT_ANTH|G_INT_REL|G_SYS_SECADV|G_SYS_POLICY|G_SYS_OVERCONF
SRC-A-0033,Agentic,G_INT_VALUE|G_INT_UNETH|G_SYS_OREF|G_SYS_OEXT|G_SYS_INPUT|G_SYS_MISINFO|G_SYS_CONTEXT|G_SYS_INCONS|G_SYS_CONTEST|G_SYS_TRANS|G_SYS_EVAL|G_SOC_ECON|G_SOC_POWER|G_SOC_DEMOC|G_SOC_ENV|G_SOC_CULT|G_SOC_GOV,NO_CURATED_PRIOR|PREREQUISITE_FILTER:G_INT_VIOL|G_INT_SEX|G_INT_SELF|G_INT_ALLOC|G_INT_REPR|G_INT_POL|G_INT_PRIV|G_INT_ILLEGAL|G_INT_COPY|G_INT_WEAP|G_INT_ANTH|G_INT_REL|G_SYS_SECADV|G_SYS_POLICY|G_SYS_OVERCONF
SRC-A-0035,Agentic,G_INT_REPR|G_INT_VALUE|G_INT_UNETH|G_SYS_OREF|G_SYS_OEXT|G_SYS_INPUT|G_SYS_MISINFO|G_SYS_CONTEXT|G_SYS_INCONS|G_SYS_CONTEST|G_SYS_TRANS|G_SYS_EVAL|G_SOC_ECON|G_SOC_POWER|G_SOC_DEMOC|G_SOC_ENV|G_SOC_CULT|G_SOC_GOV,NO_CURATED_PRIOR|PREREQUISITE_FILTER:G_INT_VIOL|G_INT_SEX|G_INT_SELF|G_INT_ALLOC|G_INT_POL|G_INT_PRIV|G_INT_ILLEGAL|G_INT_COPY|G_INT_WEAP|G_INT_ANTH|G_INT_REL|G_SYS_SECADV|G_SYS_POLICY|G_SYS_OVERCONF
SRC-A-0036,Agentic,G_INT_VALUE|G_INT_UNETH|G_SYS_OREF|G_SYS_OEXT|G_SYS_INPUT|G_SYS_MISINFO|G_SYS_CONTEXT|G_SYS_INCONS|G_SYS_CONTEST|G_SYS_TRANS|G_SYS_EVAL|G_SOC_ECON|G_SOC_POWER|G_SOC_DEMOC|G_SOC_ENV|G_SOC_CULT|G_SOC_GOV,NO_CURATED_PRIOR|PREREQUISITE_FILTER:G_INT_VIOL|G_INT_SEX|G_INT_SELF|G_INT_ALLOC|G_INT_REPR|G_INT_POL|G_INT_PRIV|G_INT_ILLEGAL|G_INT_COPY|G_INT_WEAP|G_INT_ANTH|G_INT_REL|G_SYS_SECADV|G_SYS_POLICY|G_SYS_OVERCONF
SRC-A-0037,Agentic,G_INT_SEX|G_INT_ALLOC|G_INT_REPR|G_INT_VALUE|G_INT_UNETH|G_SYS_OREF|G_SYS_OEXT|G_SYS_INPUT|G_SYS_MISINFO|G_SYS_CONTEXT|G_SYS_INCONS|G_SYS_CONTEST|G_SYS_TRANS|G_SYS_EVAL|G_SOC_ECON|G_SOC_POWER|G_SOC_DEMOC|G_SOC_ENV|G_SOC_CULT|G_SOC_GOV,NO_CURATED_PRIOR|PREREQUISITE_FILTER:G_INT_VIOL|G_INT_SELF|G_INT_POL|G_INT_PRIV|G_INT_ILLEGAL|G_INT_COPY|G_INT_WEAP|G_INT_ANTH|G_INT_REL|G_SYS_SECADV|G_SYS_POLICY|G_SYS_OVERCONF
SRC-A-0038,Agentic,G_INT_REPR|G_INT_VALUE|G_INT_UNETH|G_SYS_OREF|G_SYS_OEXT|G_SYS_INPUT|G_SYS_MISINFO|G_SYS_CONTEXT|G_SYS_INCONS|G_SYS_CONTEST|G_SYS_TRANS|G_SYS_EVAL|G_SOC_ECON|G_SOC_POWER|G_SOC_DEMOC|G_SOC_ENV|G_SOC_CULT|G_SOC_GOV,NO_CURATED_PRIOR|PREREQUISITE_FILTER:G_INT_VIOL|G_INT_SEX|G_INT_SELF|G_INT_ALLOC|G_INT_POL|G_INT_PRIV|G_INT_ILLEGAL|G_INT_COPY|G_INT_WEAP|G_INT_ANTH|G_INT_REL|G_SYS_SECADV|G_SYS_POLICY|G_SYS_OVERCONF
SRC-A-0040,Agentic,G_INT_VIOL|G_INT_ALLOC|G_INT_VALUE|G_INT_UNETH|G_SYS_OREF|G_SYS_OEXT|G_SYS_INPUT|G_SYS_MISINFO|G_SYS_CONTEXT|G_SYS_INCONS|G_SYS_CONTEST|G_SYS_TRANS|G_SYS_EVAL|G_SOC_ECON|G_SOC_POWER|G_SOC_DEMOC|G_SOC_ENV|G_SOC_CULT|G_SOC_GOV,NO_CURATED_PRIOR|PREREQUISITE_FILTER:G_INT_SEX|G_INT_SELF|G_INT_REPR|G_INT_POL|G_INT_PRIV|G_INT_ILLEGAL|G_INT_COPY|G_INT_WEAP|G_INT_ANTH|G_INT_REL|G_SYS_SECADV|G_SYS_POLICY|G_SYS_OVERCONF
SRC-A-0050,Agentic,G_INT_VALUE|G_INT_UNETH|G_SYS_OREF|G_SYS_OEXT|G_SYS_INPUT|G_SYS_MISINFO|G_SYS_CONTEXT|G_SYS_INCONS|G_SYS_CONTEST|G_SYS_TRANS|G_SYS_EVAL|G_SOC_ECON|G_SOC_POWER|G_SOC_DEMOC|G_SOC_ENV|G_SOC_CULT|G_SOC_GOV,CURATED_SOURCE_MECHANISM_PRIOR:G_SYS_EVAL|PREREQUISITE_FILTER:G_INT_VIOL|G_INT_SEX|G_INT_SELF|G_INT_ALLOC|G_INT_REPR|G_INT_POL|G_INT_PRIV|G_INT_ILLEGAL|G_INT_COPY|G_INT_WEAP|G_INT_ANTH|G_INT_REL|G_SYS_SECADV|G_SYS_POLICY|G_SYS_OVERCONF
SRC-A-0051,Agentic,G_INT_VALUE|G_INT_UNETH|G_SYS_OREF|G_SYS_OEXT|G_SYS_INPUT|G_SYS_MISINFO|G_SYS_CONTEXT|G_SYS_INCONS|G_SYS_CONTEST|G_SYS_TRANS|G_SYS_EVAL|G_SOC_ECON|G_SOC_POWER|G_SOC_DEMOC|G_SOC_ENV|G_SOC_CULT|G_SOC_GOV,CURATED_SOURCE_MECHANISM_PRIOR:G_SYS_EVAL|PREREQUISITE_FILTER:G_INT_VIOL|G_INT_SEX|G_INT_SELF|G_INT_ALLOC|G_INT_REPR|G_INT_POL|G_INT_PRIV|G_INT_ILLEGAL|G_INT_COPY|G_INT_WEAP|G_INT_ANTH|G_INT_REL|G_SYS_SECADV|G_SYS_POLICY|G_SYS_OVERCONF
SRC-A-0052,Agentic,G_INT_VALUE|G_INT_UNETH|G_SYS_OREF|G_SYS_OEXT|G_SYS_INPUT|G_SYS_MISINFO|G_SYS_CONTEXT|G_SYS_INCONS|G_SYS_CONTEST|G_SYS_TRANS|G_SYS_EVAL|G_SOC_ECON|G_SOC_POWER|G_SOC_DEMOC|G_SOC_ENV|G_SOC_CULT|G_SOC_GOV,CURATED_SOURCE_MECHANISM_PRIOR:G_SYS_EVAL|PREREQUISITE_FILTER:G_INT_VIOL|G_INT_SEX|G_INT_SELF|G_INT_ALLOC|G_INT_REPR|G_INT_POL|G_INT_PRIV|G_INT_ILLEGAL|G_INT_COPY|G_INT_WEAP|G_INT_ANTH|G_INT_REL|G_SYS_SECADV|G_SYS_POLICY|G_SYS_OVERCONF
SRC-A-0059,Agentic,G_INT_VALUE|G_INT_UNETH|G_SYS_OREF|G_SYS_OEXT|G_SYS_INPUT|G_SYS_MISINFO|G_SYS_CONTEXT|G_SYS_INCONS|G_SYS_CONTEST|G_SYS_SECADV|G_SYS_TRANS|G_SYS_EVAL|G_SOC_ECON|G_SOC_POWER|G_SOC_DEMOC|G_SOC_ENV|G_SOC_CULT|G_SOC_GOV,CURATED_SOURCE_MECHANISM_PRIOR:G_SYS_SECADV|PREREQUISITE_FILTER:G_INT_VIOL|G_INT_SEX|G_INT_SELF|G_INT_ALLOC|G_INT_REPR|G_INT_POL|G_INT_PRIV|G_INT_ILLEGAL|G_INT_COPY|G_INT_WEAP|G_INT_ANTH|G_INT_REL|G_SYS_SECADV|G_SYS_POLICY|G_SYS_OVERCONF
SRC-A-0064,Agentic,G_INT_ALLOC|G_INT_VALUE|G_INT_UNETH|G_SYS_OREF|G_SYS_OEXT|G_SYS_INPUT|G_SYS_MISINFO|G_SYS_CONTEXT|G_SYS_INCONS|G_SYS_CONTEST|G_SYS_TRANS|G_SYS_EVAL|G_SOC_ECON|G_SOC_POWER|G_SOC_DEMOC|G_SOC_ENV|G_SOC_CULT|G_SOC_GOV,NO_CURATED_PRIOR|PREREQUISITE_FILTER:G_INT_VIOL|G_INT_SEX|G_INT_SELF|G_INT_REPR|G_INT_POL|G_INT_PRIV|G_INT_ILLEGAL|G_INT_COPY|G_INT_WEAP|G_INT_ANTH|G_INT_REL|G_SYS_SECADV|G_SYS_POLICY|G_SYS_OVERCONF
SRC-A-0069,Agentic,G_INT_VALUE|G_INT_UNETH|G_SYS_OREF|G_SYS_OEXT|G_SYS_INPUT|G_SYS_MISINFO|G_SYS_CONTEXT|G_SYS_INCONS|G_SYS_CONTEST|G_SYS_TRANS|G_SYS_EVAL|G_SOC_ECON|G_SOC_POWER|G_SOC_DEMOC|G_SOC_ENV|G_SOC_CULT|G_SOC_GOV,CURATED_SOURCE_MECHANISM_PRIOR:G_SOC_ECON|PREREQUISITE_FILTER:G_INT_VIOL|G_INT_SEX|G_INT_SELF|G_INT_ALLOC|G_INT_REPR|G_INT_POL|G_INT_PRIV|G_INT_ILLEGAL|G_INT_COPY|G_INT_WEAP|G_INT_ANTH|G_INT_REL|G_SYS_SECADV|G_SYS_POLICY|G_SYS_OVERCONF
SRC-A-0070,Agentic,G_INT_ALLOC|G_INT_REPR|G_INT_VALUE|G_INT_UNETH|G_SYS_OREF|G_SYS_OEXT|G_SYS_INPUT|G_SYS_MISINFO|G_SYS_CONTEXT|G_SYS_INCONS|G_SYS_CONTEST|G_SYS_TRANS|G_SYS_EVAL|G_SOC_ECON|G_SOC_POWER|G_SOC_DEMOC|G_SOC_ENV|G_SOC_CULT|G_SOC_GOV,CURATED_SOURCE_MECHANISM_PRIOR:G_INT_REPR|PREREQUISITE_FILTER:G_INT_VIOL|G_INT_SEX|G_INT_SELF|G_INT_REPR|G_INT_POL|G_INT_PRIV|G_INT_ILLEGAL|G_INT_COPY|G_INT_WEAP|G_INT_ANTH|G_INT_REL|G_SYS_SECADV|G_SYS_POLICY|G_SYS_OVERCONF
SRC-A-0071,Agentic,G_INT_ALLOC|G_INT_VALUE|G_INT_UNETH|G_SYS_OREF|G_SYS_OEXT|G_SYS_INPUT|G_SYS_MISINFO|G_SYS_CONTEXT|G_SYS_INCONS|G_SYS_CONTEST|G_SYS_TRANS|G_SYS_EVAL|G_SOC_ECON|G_SOC_POWER|G_SOC_DEMOC|G_SOC_ENV|G_SOC_CULT|G_SOC_GOV,NO_CURATED_PRIOR|PREREQUISITE_FILTER:G_INT_VIOL|G_INT_SEX|G_INT_SELF|G_INT_REPR|G_INT_POL|G_INT_PRIV|G_INT_ILLEGAL|G_INT_COPY|G_INT_WEAP|G_INT_ANTH|G_INT_REL|G_SYS_SECADV|G_SYS_POLICY|G_SYS_OVERCONF
SRC-A-0072,Agentic,G_INT_REPR|G_INT_VALUE|G_INT_UNETH|G_SYS_OREF|G_SYS_OEXT|G_SYS_INPUT|G_SYS_MISINFO|G_SYS_CONTEXT|G_SYS_INCONS|G_SYS_CONTEST|G_SYS_TRANS|G_SYS_EVAL|G_SOC_ECON|G_SOC_POWER|G_SOC_DEMOC|G_SOC_ENV|G_SOC_CULT|G_SOC_GOV,NO_CURATED_PRIOR|PREREQUISITE_FILTER:G_INT_VIOL|G_INT_SEX|G_INT_SELF|G_INT_ALLOC|G_INT_POL|G_INT_PRIV|G_INT_ILLEGAL|G_INT_COPY|G_INT_WEAP|G_INT_ANTH|G_INT_REL|G_SYS_SECADV|G_SYS_POLICY|G_SYS_OVERCONF
SRC-A-0075,Agentic,G_INT_VALUE|G_INT_UNETH|G_INT_REL|G_SYS_OREF|G_SYS_OEXT|G_SYS_INPUT|G_SYS_MISINFO|G_SYS_CONTEXT|G_SYS_INCONS|G_SYS_CONTEST|G_SYS_TRANS|G_SYS_EVAL|G_SOC_ECON|G_SOC_POWER|G_SOC_DEMOC|G_SOC_ENV|G_SOC_CULT|G_SOC_GOV,CURATED_SOURCE_MECHANISM_PRIOR:G_INT_REL|PREREQUISITE_FILTER:G_INT_VIOL|G_INT_SEX|G_INT_SELF|G_INT_ALLOC|G_INT_REPR|G_INT_POL|G_INT_PRIV|G_INT_ILLEGAL|G_INT_COPY|G_INT_WEAP|G_INT_ANTH|G_INT_REL|G_SYS_SECADV|G_SYS_POLICY|G_SYS_OVERCONF
SRC-A-0076,Agentic,G_INT_VALUE|G_INT_UNETH|G_INT_ANTH|G_INT_REL|G_SYS_OREF|G_SYS_OEXT|G_SYS_INPUT|G_SYS_MISINFO|G_SYS_CONTEXT|G_SYS_INCONS|G_SYS_CONTEST|G_SYS_TRANS|G_SYS_EVAL|G_SOC_ECON|G_SOC_POWER|G_SOC_DEMOC|G_SOC_ENV|G_SOC_CULT|G_SOC_GOV,CURATED_SOURCE_MECHANISM_PRIOR:G_INT_REL|PREREQUISITE_FILTER:G_INT_VIOL|G_INT_SEX|G_INT_SELF|G_INT_ALLOC|G_INT_REPR|G_INT_POL|G_INT_PRIV|G_INT_ILLEGAL|G_INT_COPY|G_INT_WEAP|G_INT_REL|G_SYS_SECADV|G_SYS_POLICY|G_SYS_OVERCONF
SRC-A-0078,Agentic,G_INT_VALUE|G_INT_UNETH|G_SYS_OREF|G_SYS_OEXT|G_SYS_INPUT|G_SYS_MISINFO|G_SYS_CONTEXT|G_SYS_INCONS|G_SYS_CONTEST|G_SYS_TRANS|G_SYS_EVAL|G_SOC_ECON|G_SOC_POWER|G_SOC_DEMOC|G_SOC_ENV|G_SOC_CULT|G_SOC_GOV,NO_CURATED_PRIOR|PREREQUISITE_FILTER:G_INT_VIOL|G_INT_SEX|G_INT_SELF|G_INT_ALLOC|G_INT_REPR|G_INT_POL|G_INT_PRIV|G_INT_ILLEGAL|G_INT_COPY|G_INT_WEAP|G_INT_ANTH|G_INT_REL|G_SYS_SECADV|G_SYS_POLICY|G_SYS_OVERCONF
SRC-A-0080,Agentic,G_INT_ALLOC|G_INT_VALUE|G_INT_PRIV|G_INT_UNETH|G_SYS_OREF|G_SYS_OEXT|G_SYS_INPUT|G_SYS_MISINFO|G_SYS_CONTEXT|G_SYS_INCONS|G_SYS_CONTEST|G_SYS_SECADV|G_SYS_TRANS|G_SYS_EVAL|G_SOC_ECON|G_SOC_POWER|G_SOC_DEMOC|G_SOC_ENV|G_SOC_CULT|G_SOC_GOV,NO_CURATED_PRIOR|PREREQUISITE_FILTER:G_INT_VIOL|G_INT_SEX|G_INT_SELF|G_INT_REPR|G_INT_POL|G_INT_ILLEGAL|G_INT_COPY|G_INT_WEAP|G_INT_ANTH|G_INT_REL|G_SYS_POLICY|G_SYS_OVERCONF
SRC-A-0082,Agentic,G_INT_VALUE|G_INT_UNETH|G_SYS_OREF|G_SYS_OEXT|G_SYS_INPUT|G_SYS_MISINFO|G_SYS_CONTEXT|G_SYS_INCONS|G_SYS_CONTEST|G_SYS_TRANS|G_SYS_EVAL|G_SOC_ECON|G_SOC_POWER|G_SOC_DEMOC|G_SOC_ENV|G_SOC_CULT|G_SOC_GOV,CURATED_SOURCE_MECHANISM_PRIOR:G_SOC_GOV|PREREQUISITE_FILTER:G_INT_VIOL|G_INT_SEX|G_INT_SELF|G_INT_ALLOC|G_INT_REPR|G_INT_POL|G_INT_PRIV|G_INT_ILLEGAL|G_INT_COPY|G_INT_WEAP|G_INT_ANTH|G_INT_REL|G_SYS_SECADV|G_SYS_POLICY|G_SYS_OVERCONF
SRC-P-0002,Physical,G_INT_VALUE|G_INT_UNETH|G_SYS_OREF|G_SYS_OEXT|G_SYS_INPUT|G_SYS_MISINFO|G_SYS_CONTEXT|G_SYS_INCONS|G_SYS_CONTEST|G_SYS_TRANS|G_SYS_EVAL|G_SOC_ECON|G_SOC_POWER|G_SOC_DEMOC|G_SOC_ENV|G_SOC_CULT|G_SOC_GOV,CURATED_SOURCE_MECHANISM_PRIOR:G_SYS_EVAL|PREREQUISITE_FILTER:G_INT_VIOL|G_INT_SEX|G_INT_SELF|G_INT_ALLOC|G_INT_REPR|G_INT_POL|G_INT_PRIV|G_INT_ILLEGAL|G_INT_COPY|G_INT_WEAP|G_INT_ANTH|G_INT_REL|G_SYS_SECADV|G_SYS_POLICY|G_SYS_OVERCONF
SRC-P-0004,Physical,G_INT_VALUE|G_INT_UNETH|G_SYS_OREF|G_SYS_OEXT|G_SYS_INPUT|G_SYS_MISINFO|G_SYS_CONTEXT|G_SYS_INCONS|G_SYS_CONTEST|G_SYS_POLICY|G_SYS_TRANS|G_SYS_EVAL|G_SOC_ECON|G_SOC_POWER|G_SOC_DEMOC|G_SOC_ENV|G_SOC_CULT|G_SOC_GOV,CURATED_SOURCE_MECHANISM_PRIOR:G_SYS_EVAL|PREREQUISITE_FILTER:G_INT_VIOL|G_INT_SEX|G_INT_SELF|G_INT_ALLOC|G_INT_REPR|G_INT_POL|G_INT_PRIV|G_INT_ILLEGAL|G_INT_COPY|G_INT_WEAP|G_INT_ANTH|G_INT_REL|G_SYS_SECADV|G_SYS_OVERCONF
SRC-P-0005,Physical,G_INT_VALUE|G_INT_UNETH|G_SYS_OREF|G_SYS_OEXT|G_SYS_INPUT|G_SYS_MISINFO|G_SYS_CONTEXT|G_SYS_INCONS|G_SYS_CONTEST|G_SYS_POLICY|G_SYS_TRANS|G_SYS_EVAL|G_SOC_ECON|G_SOC_POWER|G_SOC_DEMOC|G_SOC_ENV|G_SOC_CULT|G_SOC_GOV,NO_CURATED_PRIOR|PREREQUISITE_FILTER:G_INT_VIOL|G_INT_SEX|G_INT_SELF|G_INT_ALLOC|G_INT_REPR|G_INT_POL|G_INT_PRIV|G_INT_ILLEGAL|G_INT_COPY|G_INT_WEAP|G_INT_ANTH|G_INT_REL|G_SYS_SECADV|G_SYS_OVERCONF
SRC-P-0006,Physical,G_INT_VALUE|G_INT_UNETH|G_SYS_OREF|G_SYS_OEXT|G_SYS_INPUT|G_SYS_MISINFO|G_SYS_CONTEXT|G_SYS_INCONS|G_SYS_CONTEST|G_SYS_TRANS|G_SYS_EVAL|G_SOC_ECON|G_SOC_POWER|G_SOC_DEMOC|G_SOC_ENV|G_SOC_CULT|G_SOC_GOV,NO_CURATED_PRIOR|PREREQUISITE_FILTER:G_INT_VIOL|G_INT_SEX|G_INT_SELF|G_INT_ALLOC|G_INT_REPR|G_INT_POL|G_INT_PRIV|G_INT_ILLEGAL|G_INT_COPY|G_INT_WEAP|G_INT_ANTH|G_INT_REL|G_SYS_SECADV|G_SYS_POLICY|G_SYS_OVERCONF
SRC-P-0007,Physical,G_INT_VALUE|G_INT_UNETH|G_SYS_OREF|G_SYS_OEXT|G_SYS_INPUT|G_SYS_MISINFO|G_SYS_CONTEXT|G_SYS_INCONS|G_SYS_CONTEST|G_SYS_SECADV|G_SYS_TRANS|G_SYS_EVAL|G_SOC_ECON|G_SOC_POWER|G_SOC_DEMOC|G_SOC_ENV|G_SOC_CULT|G_SOC_GOV,NO_CURATED_PRIOR|PREREQUISITE_FILTER:G_INT_VIOL|G_INT_SEX|G_INT_SELF|G_INT_ALLOC|G_INT_REPR|G_INT_POL|G_INT_PRIV|G_INT_ILLEGAL|G_INT_COPY|G_INT_WEAP|G_INT_ANTH|G_INT_REL|G_SYS_POLICY|G_SYS_OVERCONF
SRC-P-0008,Physical,G_INT_VALUE|G_INT_UNETH|G_SYS_OREF|G_SYS_OEXT|G_SYS_INPUT|G_SYS_MISINFO|G_SYS_CONTEXT|G_SYS_INCONS|G_SYS_CONTEST|G_SYS_TRANS|G_SYS_EVAL|G_SOC_ECON|G_SOC_POWER|G_SOC_DEMOC|G_SOC_ENV|G_SOC_CULT|G_SOC_GOV,NO_CURATED_PRIOR|PREREQUISITE_FILTER:G_INT_VIOL|G_INT_SEX|G_INT_SELF|G_INT_ALLOC|G_INT_REPR|G_INT_POL|G_INT_PRIV|G_INT_ILLEGAL|G_INT_COPY|G_INT_WEAP|G_INT_ANTH|G_INT_REL|G_SYS_SECADV|G_SYS_POLICY|G_SYS_OVERCONF
SRC-P-0009,Physical,G_INT_VALUE|G_INT_UNETH|G_SYS_OREF|G_SYS_OEXT|G_SYS_INPUT|G_SYS_MISINFO|G_SYS_CONTEXT|G_SYS_INCONS|G_SYS_CONTEST|G_SYS_TRANS|G_SYS_EVAL|G_SOC_ECON|G_SOC_POWER|G_SOC_DEMOC|G_SOC_ENV|G_SOC_CULT|G_SOC_GOV,NO_CURATED_PRIOR|PREREQUISITE_FILTER:G_INT_VIOL|G_INT_SEX|G_INT_SELF|G_INT_ALLOC|G_INT_REPR|G_INT_POL|G_INT_PRIV|G_INT_ILLEGAL|G_INT_COPY|G_INT_WEAP|G_INT_ANTH|G_INT_REL|G_SYS_SECADV|G_SYS_POLICY|G_SYS_OVERCONF
SRC-P-0010,Physical,G_INT_VALUE|G_INT_UNETH|G_SYS_OREF|G_SYS_OEXT|G_SYS_INPUT|G_SYS_MISINFO|G_SYS_CONTEXT|G_SYS_INCONS|G_SYS_CONTEST|G_SYS_TRANS|G_SYS_EVAL|G_SOC_ECON|G_SOC_POWER|G_SOC_DEMOC|G_SOC_ENV|G_SOC_CULT|G_SOC_GOV,CURATED_SOURCE_MECHANISM_PRIOR:G_INT_UNETH|PREREQUISITE_FILTER:G_INT_VIOL|G_INT_SEX|G_INT_SELF|G_INT_ALLOC|G_INT_REPR|G_INT_POL|G_INT_PRIV|G_INT_ILLEGAL|G_INT_COPY|G_INT_WEAP|G_INT_ANTH|G_INT_REL|G_SYS_SECADV|G_SYS_POLICY|G_SYS_OVERCONF
SRC-P-0051,Physical,G_INT_VALUE|G_INT_UNETH|G_SYS_OREF|G_SYS_OEXT|G_SYS_INPUT|G_SYS_MISINFO|G_SYS_CONTEXT|G_SYS_INCONS|G_SYS_CONTEST|G_SYS_SECADV|G_SYS_TRANS|G_SYS_EVAL|G_SOC_ECON|G_SOC_POWER|G_SOC_DEMOC|G_SOC_ENV|G_SOC_CULT|G_SOC_GOV,NO_CURATED_PRIOR|PREREQUISITE_FILTER:G_INT_VIOL|G_INT_SEX|G_INT_SELF|G_INT_ALLOC|G_INT_REPR|G_INT_POL|G_INT_PRIV|G_INT_ILLEGAL|G_INT_COPY|G_INT_WEAP|G_INT_ANTH|G_INT_REL|G_SYS_POLICY|G_SYS_OVERCONF
SRC-P-0055,Physical,G_INT_ALLOC|G_INT_VALUE|G_INT_UNETH|G_SYS_OREF|G_SYS_OEXT|G_SYS_INPUT|G_SYS_MISINFO|G_SYS_CONTEXT|G_SYS_INCONS|G_SYS_CONTEST|G_SYS_TRANS|G_SYS_EVAL|G_SOC_ECON|G_SOC_POWER|G_SOC_DEMOC|G_SOC_ENV|G_SOC_CULT|G_SOC_GOV,CURATED_SOURCE_MECHANISM_PRIOR:G_SOC_POWER|PREREQUISITE_FILTER:G_INT_VIOL|G_INT_SEX|G_INT_SELF|G_INT_REPR|G_INT_POL|G_INT_PRIV|G_INT_ILLEGAL|G_INT_COPY|G_INT_WEAP|G_INT_ANTH|G_INT_REL|G_SYS_SECADV|G_SYS_POLICY|G_SYS_OVERCONF
SRC-P-0056,Physical,G_INT_VALUE|G_INT_UNETH|G_SYS_OREF|G_SYS_OEXT|G_SYS_INPUT|G_SYS_MISINFO|G_SYS_CONTEXT|G_SYS_INCONS|G_SYS_CONTEST|G_SYS_SECADV|G_SYS_TRANS|G_SYS_EVAL|G_SOC_ECON|G_SOC_POWER|G_SOC_DEMOC|G_SOC_ENV|G_SOC_CULT|G_SOC_GOV,CURATED_SOURCE_MECHANISM_PRIOR:G_SYS_SECADV|PREREQUISITE_FILTER:G_INT_VIOL|G_INT_SEX|G_INT_SELF|G_INT_ALLOC|G_INT_REPR|G_INT_POL|G_INT_PRIV|G_INT_ILLEGAL|G_INT_COPY|G_INT_WEAP|G_INT_ANTH|G_INT_REL|G_SYS_POLICY|G_SYS_OVERCONF
SRC-P-0058,Physical,G_INT_VALUE|G_INT_UNETH|G_SYS_OREF|G_SYS_OEXT|G_SYS_INPUT|G_SYS_MISINFO|G_SYS_CONTEXT|G_SYS_INCONS|G_SYS_CONTEST|G_SYS_SECADV|G_SYS_POLICY|G_SYS_TRANS|G_SYS_EVAL|G_SOC_ECON|G_SOC_POWER|G_SOC_DEMOC|G_SOC_ENV|G_SOC_CULT|G_SOC_GOV,CURATED_SOURCE_MECHANISM_PRIOR:G_SYS_SECADV|PREREQUISITE_FILTER:G_INT_VIOL|G_INT_SEX|G_INT_SELF|G_INT_ALLOC|G_INT_REPR|G_INT_POL|G_INT_PRIV|G_INT_ILLEGAL|G_INT_COPY|G_INT_WEAP|G_INT_ANTH|G_INT_REL|G_SYS_OVERCONF
SRC-P-0072,Physical,G_INT_VALUE|G_INT_UNETH|G_SYS_OREF|G_SYS_OEXT|G_SYS_INPUT|G_SYS_MISINFO|G_SYS_CONTEXT|G_SYS_INCONS|G_SYS_CONTEST|G_SYS_SECADV|G_SYS_TRANS|G_SYS_EVAL|G_SOC_ECON|G_SOC_POWER|G_SOC_DEMOC|G_SOC_ENV|G_SOC_CULT|G_SOC_GOV,CURATED_SOURCE_MECHANISM_PRIOR:G_SYS_SECADV|PREREQUISITE_FILTER:G_INT_VIOL|G_INT_SEX|G_INT_SELF|G_INT_ALLOC|G_INT_REPR|G_INT_POL|G_INT_PRIV|G_INT_ILLEGAL|G_INT_COPY|G_INT_WEAP|G_INT_ANTH|G_INT_REL|G_SYS_POLICY|G_SYS_OVERCONF
SRC-P-0074,Physical,G_INT_VALUE|G_INT_UNETH|G_SYS_OREF|G_SYS_OEXT|G_SYS_INPUT|G_SYS_MISINFO|G_SYS_CONTEXT|G_SYS_INCONS|G_SYS_CONTEST|G_SYS_SECADV|G_SYS_TRANS|G_SYS_EVAL|G_SOC_ECON|G_SOC_POWER|G_SOC_DEMOC|G_SOC_ENV|G_SOC_CULT|G_SOC_GOV,NO_CURATED_PRIOR|PREREQUISITE_FILTER:G_INT_VIOL|G_INT_SEX|G_INT_SELF|G_INT_ALLOC|G_INT_REPR|G_INT_POL|G_INT_PRIV|G_INT_ILLEGAL|G_INT_COPY|G_INT_WEAP|G_INT_ANTH|G_INT_REL|G_SYS_POLICY|G_SYS_OVERCONF
SRC-P-0075,Physical,G_INT_VALUE|G_INT_UNETH|G_SYS_OREF|G_SYS_OEXT|G_SYS_INPUT|G_SYS_MISINFO|G_SYS_CONTEXT|G_SYS_INCONS|G_SYS_CONTEST|G_SYS_SECADV|G_SYS_POLICY|G_SYS_TRANS|G_SYS_EVAL|G_SOC_ECON|G_SOC_POWER|G_SOC_DEMOC|G_SOC_ENV|G_SOC_CULT|G_SOC_GOV,CURATED_SOURCE_MECHANISM_PRIOR:G_SYS_SECADV|PREREQUISITE_FILTER:G_INT_VIOL|G_INT_SEX|G_INT_SELF|G_INT_ALLOC|G_INT_REPR|G_INT_POL|G_INT_PRIV|G_INT_ILLEGAL|G_INT_COPY|G_INT_WEAP|G_INT_ANTH|G_INT_REL|G_SYS_OVERCONF
SRC-P-0076,Physical,G_INT_VALUE|G_INT_UNETH|G_SYS_OREF|G_SYS_OEXT|G_SYS_INPUT|G_SYS_MISINFO|G_SYS_CONTEXT|G_SYS_INCONS|G_SYS_CONTEST|G_SYS_SECADV|G_SYS_TRANS|G_SYS_EVAL|G_SOC_ECON|G_SOC_POWER|G_SOC_DEMOC|G_SOC_ENV|G_SOC_CULT|G_SOC_GOV,CURATED_SOURCE_MECHANISM_PRIOR:G_SYS_SECADV|PREREQUISITE_FILTER:G_INT_VIOL|G_INT_SEX|G_INT_SELF|G_INT_ALLOC|G_INT_REPR|G_INT_POL|G_INT_PRIV|G_INT_ILLEGAL|G_INT_COPY|G_INT_WEAP|G_INT_ANTH|G_INT_REL|G_SYS_POLICY|G_SYS_OVERCONF
SRC-P-0083,Physical,G_INT_VIOL|G_INT_VALUE|G_INT_UNETH|G_SYS_OREF|G_SYS_OEXT|G_SYS_INPUT|G_SYS_MISINFO|G_SYS_CONTEXT|G_SYS_INCONS|G_SYS_CONTEST|G_SYS_SECADV|G_SYS_TRANS|G_SYS_EVAL|G_SOC_ECON|G_SOC_POWER|G_SOC_DEMOC|G_SOC_ENV|G_SOC_CULT|G_SOC_GOV,NO_CURATED_PRIOR|PREREQUISITE_FILTER:G_INT_SEX|G_INT_SELF|G_INT_ALLOC|G_INT_REPR|G_INT_POL|G_INT_PRIV|G_INT_ILLEGAL|G_INT_COPY|G_INT_WEAP|G_INT_ANTH|G_INT_REL|G_SYS_POLICY|G_SYS_OVERCONF
SRC-P-0084,Physical,G_INT_VALUE|G_INT_UNETH|G_SYS_OREF|G_SYS_OEXT|G_SYS_INPUT|G_SYS_MISINFO|G_SYS_CONTEXT|G_SYS_INCONS|G_SYS_CONTEST|G_SYS_SECADV|G_SYS_TRANS|G_SYS_EVAL|G_SOC_ECON|G_SOC_POWER|G_SOC_DEMOC|G_SOC_ENV|G_SOC_CULT|G_SOC_GOV,CURATED_SOURCE_MECHANISM_PRIOR:G_SYS_SECADV|PREREQUISITE_FILTER:G_INT_VIOL|G_INT_SEX|G_INT_SELF|G_INT_ALLOC|G_INT_REPR|G_INT_POL|G_INT_PRIV|G_INT_ILLEGAL|G_INT_COPY|G_INT_WEAP|G_INT_ANTH|G_INT_REL|G_SYS_POLICY|G_SYS_OVERCONF
SRC-P-0085,Physical,G_INT_VALUE|G_INT_UNETH|G_SYS_OREF|G_SYS_OEXT|G_SYS_INPUT|G_SYS_MISINFO|G_SYS_CONTEXT|G_SYS_INCONS|G_SYS_CONTEST|G_SYS_SECADV|G_SYS_TRANS|G_SYS_EVAL|G_SOC_ECON|G_SOC_POWER|G_SOC_DEMOC|G_SOC_ENV|G_SOC_CULT|G_SOC_GOV,NO_CURATED_PRIOR|PREREQUISITE_FILTER:G_INT_VIOL|G_INT_SEX|G_INT_SELF|G_INT_ALLOC|G_INT_REPR|G_INT_POL|G_INT_PRIV|G_INT_ILLEGAL|G_INT_COPY|G_INT_WEAP|G_INT_ANTH|G_INT_REL|G_SYS_POLICY|G_SYS_OVERCONF
SRC-P-0088,Physical,G_INT_VALUE|G_INT_ILLEGAL|G_INT_UNETH|G_SYS_OREF|G_SYS_OEXT|G_SYS_INPUT|G_SYS_MISINFO|G_SYS_CONTEXT|G_SYS_INCONS|G_SYS_CONTEST|G_SYS_SECADV|G_SYS_TRANS|G_SYS_EVAL|G_SOC_ECON|G_SOC_POWER|G_SOC_DEMOC|G_SOC_ENV|G_SOC_CULT|G_SOC_GOV,NO_CURATED_PRIOR|PREREQUISITE_FILTER:G_INT_VIOL|G_INT_SEX|G_INT_SELF|G_INT_ALLOC|G_INT_REPR|G_INT_POL|G_INT_PRIV|G_INT_COPY|G_INT_WEAP|G_INT_ANTH|G_INT_REL|G_SYS_POLICY|G_SYS_OVERCONF
SRC-P-0090,Physical,G_INT_VALUE|G_INT_ILLEGAL|G_INT_UNETH|G_SYS_OREF|G_SYS_OEXT|G_SYS_INPUT|G_SYS_MISINFO|G_SYS_CONTEXT|G_SYS_INCONS|G_SYS_CONTEST|G_SYS_SECADV|G_SYS_TRANS|G_SYS_EVAL|G_SOC_ECON|G_SOC_POWER|G_SOC_DEMOC|G_SOC_ENV|G_SOC_CULT|G_SOC_GOV,NO_CURATED_PRIOR|PREREQUISITE_FILTER:G_INT_VIOL|G_INT_SEX|G_INT_SELF|G_INT_ALLOC|G_INT_REPR|G_INT_POL|G_INT_PRIV|G_INT_COPY|G_INT_WEAP|G_INT_ANTH|G_INT_REL|G_SYS_POLICY|G_SYS_OVERCONF
SRC-P-0091,Physical,G_INT_VALUE|G_INT_UNETH|G_SYS_OREF|G_SYS_OEXT|G_SYS_INPUT|G_SYS_MISINFO|G_SYS_CONTEXT|G_SYS_INCONS|G_SYS_CONTEST|G_SYS_SECADV|G_SYS_TRANS|G_SYS_EVAL|G_SOC_ECON|G_SOC_POWER|G_SOC_DEMOC|G_SOC_ENV|G_SOC_CULT|G_SOC_GOV,NO_CURATED_PRIOR|PREREQUISITE_FILTER:G_INT_VIOL|G_INT_SEX|G_INT_SELF|G_INT_ALLOC|G_INT_REPR|G_INT_POL|G_INT_PRIV|G_INT_ILLEGAL|G_INT_COPY|G_INT_WEAP|G_INT_ANTH|G_INT_REL|G_SYS_POLICY|G_SYS_OVERCONF
SRC-P-0092,Physical,G_INT_VALUE|G_INT_UNETH|G_SYS_OREF|G_SYS_OEXT|G_SYS_INPUT|G_SYS_MISINFO|G_SYS_CONTEXT|G_SYS_INCONS|G_SYS_CONTEST|G_SYS_SECADV|G_SYS_POLICY|G_SYS_TRANS|G_SYS_EVAL|G_SOC_ECON|G_SOC_POWER|G_SOC_DEMOC|G_SOC_ENV|G_SOC_CULT|G_SOC_GOV,NO_CURATED_PRIOR|PREREQUISITE_FILTER:G_INT_VIOL|G_INT_SEX|G_INT_SELF|G_INT_ALLOC|G_INT_REPR|G_INT_POL|G_INT_PRIV|G_INT_ILLEGAL|G_INT_COPY|G_INT_WEAP|G_INT_ANTH|G_INT_REL|G_SYS_OVERCONF
SRC-P-0093,Physical,G_INT_ALLOC|G_INT_VALUE|G_INT_UNETH|G_SYS_OREF|G_SYS_OEXT|G_SYS_INPUT|G_SYS_MISINFO|G_SYS_CONTEXT|G_SYS_INCONS|G_SYS_CONTEST|G_SYS_SECADV|G_SYS_TRANS|G_SYS_EVAL|G_SOC_ECON|G_SOC_POWER|G_SOC_DEMOC|G_SOC_ENV|G_SOC_CULT|G_SOC_GOV,NO_CURATED_PRIOR|PREREQUISITE_FILTER:G_INT_VIOL|G_INT_SEX|G_INT_SELF|G_INT_REPR|G_INT_POL|G_INT_PRIV|G_INT_ILLEGAL|G_INT_COPY|G_INT_WEAP|G_INT_ANTH|G_INT_REL|G_SYS_POLICY|G_SYS_OVERCONF
SRC-P-0094,Physical,G_INT_VALUE|G_INT_UNETH|G_SYS_OREF|G_SYS_OEXT|G_SYS_INPUT|G_SYS_MISINFO|G_SYS_CONTEXT|G_SYS_INCONS|G_SYS_CONTEST|G_SYS_SECADV|G_SYS_TRANS|G_SYS_EVAL|G_SOC_ECON|G_SOC_POWER|G_SOC_DEMOC|G_SOC_ENV|G_SOC_CULT|G_SOC_GOV,NO_CURATED_PRIOR|PREREQUISITE_FILTER:G_INT_VIOL|G_INT_SEX|G_INT_SELF|G_INT_ALLOC|G_INT_REPR|G_INT_POL|G_INT_PRIV|G_INT_ILLEGAL|G_INT_COPY|G_INT_WEAP|G_INT_ANTH|G_INT_REL|G_SYS_POLICY|G_SYS_OVERCONF
SRC-P-0097,Physical,G_INT_VALUE|G_INT_UNETH|G_SYS_OREF|G_SYS_OEXT|G_SYS_INPUT|G_SYS_MISINFO|G_SYS_CONTEXT|G_SYS_INCONS|G_SYS_CONTEST|G_SYS_SECADV|G_SYS_TRANS|G_SYS_EVAL|G_SOC_ECON|G_SOC_POWER|G_SOC_DEMOC|G_SOC_ENV|G_SOC_CULT|G_SOC_GOV,NO_CURATED_PRIOR|PREREQUISITE_FILTER:G_INT_VIOL|G_INT_SEX|G_INT_SELF|G_INT_ALLOC|G_INT_REPR|G_INT_POL|G_INT_PRIV|G_INT_ILLEGAL|G_INT_COPY|G_INT_WEAP|G_INT_ANTH|G_INT_REL|G_SYS_POLICY|G_SYS_OVERCONF
SRC-P-0098,Physical,G_INT_VALUE|G_INT_UNETH|G_SYS_OREF|G_SYS_OEXT|G_SYS_INPUT|G_SYS_MISINFO|G_SYS_CONTEXT|G_SYS_INCONS|G_SYS_CONTEST|G_SYS_SECADV|G_SYS_TRANS|G_SYS_EVAL|G_SOC_ECON|G_SOC_POWER|G_SOC_DEMOC|G_SOC_ENV|G_SOC_CULT|G_SOC_GOV,NO_CURATED_PRIOR|PREREQUISITE_FILTER:G_INT_VIOL|G_INT_SEX|G_INT_SELF|G_INT_ALLOC|G_INT_REPR|G_INT_POL|G_INT_PRIV|G_INT_ILLEGAL|G_INT_COPY|G_INT_WEAP|G_INT_ANTH|G_INT_REL|G_SYS_POLICY|G_SYS_OVERCONF
SRC-P-0114,Physical,G_INT_VALUE|G_INT_UNETH|G_SYS_OREF|G_SYS_OEXT|G_SYS_INPUT|G_SYS_MISINFO|G_SYS_CONTEXT|G_SYS_INCONS|G_SYS_CONTEST|G_SYS_SECADV|G_SYS_POLICY|G_SYS_TRANS|G_SYS_EVAL|G_SOC_ECON|G_SOC_POWER|G_SOC_DEMOC|G_SOC_ENV|G_SOC_CULT|G_SOC_GOV,NO_CURATED_PRIOR|PREREQUISITE_FILTER:G_INT_VIOL|G_INT_SEX|G_INT_SELF|G_INT_ALLOC|G_INT_REPR|G_INT_POL|G_INT_PRIV|G_INT_ILLEGAL|G_INT_COPY|G_INT_WEAP|G_INT_ANTH|G_INT_REL|G_SYS_OVERCONF
SRC-P-0115,Physical,G_INT_VALUE|G_INT_UNETH|G_SYS_OREF|G_SYS_OEXT|G_SYS_INPUT|G_SYS_MISINFO|G_SYS_CONTEXT|G_SYS_INCONS|G_SYS_CONTEST|G_SYS_SECADV|G_SYS_TRANS|G_SYS_EVAL|G_SOC_ECON|G_SOC_POWER|G_SOC_DEMOC|G_SOC_ENV|G_SOC_CULT|G_SOC_GOV,NO_CURATED_PRIOR|PREREQUISITE_FILTER:G_INT_VIOL|G_INT_SEX|G_INT_SELF|G_INT_ALLOC|G_INT_REPR|G_INT_POL|G_INT_PRIV|G_INT_ILLEGAL|G_INT_COPY|G_INT_WEAP|G_INT_ANTH|G_INT_REL|G_SYS_POLICY|G_SYS_OVERCONF
SRC-P-0116,Physical,G_INT_VIOL|G_INT_ALLOC|G_INT_VALUE|G_INT_UNETH|G_SYS_OREF|G_SYS_OEXT|G_SYS_INPUT|G_SYS_MISINFO|G_SYS_CONTEXT|G_SYS_INCONS|G_SYS_CONTEST|G_SYS_SECADV|G_SYS_TRANS|G_SYS_EVAL|G_SOC_ECON|G_SOC_POWER|G_SOC_DEMOC|G_SOC_ENV|G_SOC_CULT|G_SOC_GOV,NO_CURATED_PRIOR|PREREQUISITE_FILTER:G_INT_SEX|G_INT_SELF|G_INT_REPR|G_INT_POL|G_INT_PRIV|G_INT_ILLEGAL|G_INT_COPY|G_INT_WEAP|G_INT_ANTH|G_INT_REL|G_SYS_POLICY|G_SYS_OVERCONF
SRC-P-0117,Physical,G_INT_VALUE|G_INT_UNETH|G_SYS_OREF|G_SYS_OEXT|G_SYS_INPUT|G_SYS_MISINFO|G_SYS_CONTEXT|G_SYS_INCONS|G_SYS_CONTEST|G_SYS_SECADV|G_SYS_POLICY|G_SYS_TRANS|G_SYS_EVAL|G_SOC_ECON|G_SOC_POWER|G_SOC_DEMOC|G_SOC_ENV|G_SOC_CULT|G_SOC_GOV,NO_CURATED_PRIOR|PREREQUISITE_FILTER:G_INT_VIOL|G_INT_SEX|G_INT_SELF|G_INT_ALLOC|G_INT_REPR|G_INT_POL|G_INT_PRIV|G_INT_ILLEGAL|G_INT_COPY|G_INT_WEAP|G_INT_ANTH|G_INT_REL|G_SYS_OVERCONF
SRC-P-0118,Physical,G_INT_VALUE|G_INT_UNETH|G_INT_WEAP|G_SYS_OREF|G_SYS_OEXT|G_SYS_INPUT|G_SYS_MISINFO|G_SYS_CONTEXT|G_SYS_INCONS|G_SYS_CONTEST|G_SYS_TRANS|G_SYS_EVAL|G_SOC_ECON|G_SOC_POWER|G_SOC_DEMOC|G_SOC_ENV|G_SOC_CULT|G_SOC_GOV,CURATED_SOURCE_MECHANISM_PRIOR:G_INT_WEAP|PREREQUISITE_FILTER:G_INT_VIOL|G_INT_SEX|G_INT_SELF|G_INT_ALLOC|G_INT_REPR|G_INT_POL|G_INT_PRIV|G_INT_ILLEGAL|G_INT_COPY|G_INT_WEAP|G_INT_ANTH|G_INT_REL|G_SYS_SECADV|G_SYS_POLICY|G_SYS_OVERCONF
SRC-P-0119,Physical,G_INT_VALUE|G_INT_UNETH|G_SYS_OREF|G_SYS_OEXT|G_SYS_INPUT|G_SYS_MISINFO|G_SYS_CONTEXT|G_SYS_INCONS|G_SYS_CONTEST|G_SYS_SECADV|G_SYS_TRANS|G_SYS_EVAL|G_SOC_ECON|G_SOC_POWER|G_SOC_DEMOC|G_SOC_ENV|G_SOC_CULT|G_SOC_GOV,NO_CURATED_PRIOR|PREREQUISITE_FILTER:G_INT_VIOL|G_INT_SEX|G_INT_SELF|G_INT_ALLOC|G_INT_REPR|G_INT_POL|G_INT_PRIV|G_INT_ILLEGAL|G_INT_COPY|G_INT_WEAP|G_INT_ANTH|G_INT_REL|G_SYS_POLICY|G_SYS_OVERCONF
SRC-P-0120,Physical,G_INT_VALUE|G_INT_UNETH|G_SYS_OREF|G_SYS_OEXT|G_SYS_INPUT|G_SYS_MISINFO|G_SYS_CONTEXT|G_SYS_INCONS|G_SYS_CONTEST|G_SYS_SECADV|G_SYS_TRANS|G_SYS_EVAL|G_SOC_ECON|G_SOC_POWER|G_SOC_DEMOC|G_SOC_ENV|G_SOC_CULT|G_SOC_GOV,NO_CURATED_PRIOR|PREREQUISITE_FILTER:G_INT_VIOL|G_INT_SEX|G_INT_SELF|G_INT_ALLOC|G_INT_REPR|G_INT_POL|G_INT_PRIV|G_INT_ILLEGAL|G_INT_COPY|G_INT_WEAP|G_INT_ANTH|G_INT_REL|G_SYS_POLICY|G_SYS_OVERCONF
SRC-P-0127,Physical,G_INT_VALUE|G_INT_UNETH|G_SYS_OREF|G_SYS_OEXT|G_SYS_INPUT|G_SYS_MISINFO|G_SYS_CONTEXT|G_SYS_INCONS|G_SYS_CONTEST|G_SYS_TRANS|G_SYS_EVAL|G_SOC_ECON|G_SOC_POWER|G_SOC_DEMOC|G_SOC_ENV|G_SOC_CULT|G_SOC_GOV,CURATED_SOURCE_MECHANISM_PRIOR:G_SYS_EVAL|PREREQUISITE_FILTER:G_INT_VIOL|G_INT_SEX|G_INT_SELF|G_INT_ALLOC|G_INT_REPR|G_INT_POL|G_INT_PRIV|G_INT_ILLEGAL|G_INT_COPY|G_INT_WEAP|G_INT_ANTH|G_INT_REL|G_SYS_SECADV|G_SYS_POLICY|G_SYS_OVERCONF
SRC-P-0131,Physical,G_INT_VALUE|G_INT_UNETH|G_SYS_OREF|G_SYS_OEXT|G_SYS_INPUT|G_SYS_MISINFO|G_SYS_CONTEXT|G_SYS_INCONS|G_SYS_CONTEST|G_SYS_POLICY|G_SYS_TRANS|G_SYS_EVAL|G_SOC_ECON|G_SOC_POWER|G_SOC_DEMOC|G_SOC_ENV|G_SOC_CULT|G_SOC_GOV,NO_CURATED_PRIOR|PREREQUISITE_FILTER:G_INT_VIOL|G_INT_SEX|G_INT_SELF|G_INT_ALLOC|G_INT_REPR|G_INT_POL|G_INT_PRIV|G_INT_ILLEGAL|G_INT_COPY|G_INT_WEAP|G_INT_ANTH|G_INT_REL|G_SYS_SECADV|G_SYS_OVERCONF
SRC-P-0132,Physical,G_INT_ALLOC|G_INT_VALUE|G_INT_UNETH|G_SYS_OREF|G_SYS_OEXT|G_SYS_INPUT|G_SYS_MISINFO|G_SYS_CONTEXT|G_SYS_INCONS|G_SYS_CONTEST|G_SYS_POLICY|G_SYS_TRANS|G_SYS_EVAL|G_SOC_ECON|G_SOC_POWER|G_SOC_DEMOC|G_SOC_ENV|G_SOC_CULT|G_SOC_GOV,NO_CURATED_PRIOR|PREREQUISITE_FILTER:G_INT_VIOL|G_INT_SEX|G_INT_SELF|G_INT_REPR|G_INT_POL|G_INT_PRIV|G_INT_ILLEGAL|G_INT_COPY|G_INT_WEAP|G_INT_ANTH|G_INT_REL|G_SYS_SECADV|G_SYS_OVERCONF
SRC-P-0133,Physical,G_INT_ALLOC|G_INT_VALUE|G_INT_UNETH|G_SYS_OREF|G_SYS_OEXT|G_SYS_INPUT|G_SYS_MISINFO|G_SYS_CONTEXT|G_SYS_INCONS|G_SYS_CONTEST|G_SYS_TRANS|G_SYS_EVAL|G_SOC_ECON|G_SOC_POWER|G_SOC_DEMOC|G_SOC_ENV|G_SOC_CULT|G_SOC_GOV,NO_CURATED_PRIOR|PREREQUISITE_FILTER:G_INT_VIOL|G_INT_SEX|G_INT_SELF|G_INT_REPR|G_INT_POL|G_INT_PRIV|G_INT_ILLEGAL|G_INT_COPY|G_INT_WEAP|G_INT_ANTH|G_INT_REL|G_SYS_SECADV|G_SYS_POLICY|G_SYS_OVERCONF
SRC-P-0135,Physical,G_INT_VALUE|G_INT_UNETH|G_SYS_OREF|G_SYS_OEXT|G_SYS_INPUT|G_SYS_MISINFO|G_SYS_CONTEXT|G_SYS_INCONS|G_SYS_CONTEST|G_SYS_TRANS|G_SYS_EVAL|G_SOC_ECON|G_SOC_POWER|G_SOC_DEMOC|G_SOC_ENV|G_SOC_CULT|G_SOC_GOV,NO_CURATED_PRIOR|PREREQUISITE_FILTER:G_INT_VIOL|G_INT_SEX|G_INT_SELF|G_INT_ALLOC|G_INT_REPR|G_INT_POL|G_INT_PRIV|G_INT_ILLEGAL|G_INT_COPY|G_INT_WEAP|G_INT_ANTH|G_INT_REL|G_SYS_SECADV|G_SYS_POLICY|G_SYS_OVERCONF
SRC-P-0136,Physical,G_INT_VALUE|G_INT_UNETH|G_SYS_OREF|G_SYS_OEXT|G_SYS_INPUT|G_SYS_MISINFO|G_SYS_CONTEXT|G_SYS_INCONS|G_SYS_CONTEST|G_SYS_POLICY|G_SYS_TRANS|G_SYS_EVAL|G_SOC_ECON|G_SOC_POWER|G_SOC_DEMOC|G_SOC_ENV|G_SOC_CULT|G_SOC_GOV,NO_CURATED_PRIOR|PREREQUISITE_FILTER:G_INT_VIOL|G_INT_SEX|G_INT_SELF|G_INT_ALLOC|G_INT_REPR|G_INT_POL|G_INT_PRIV|G_INT_ILLEGAL|G_INT_COPY|G_INT_WEAP|G_INT_ANTH|G_INT_REL|G_SYS_SECADV|G_SYS_OVERCONF
SRC-P-0137,Physical,G_INT_VALUE|G_INT_UNETH|G_SYS_OREF|G_SYS_OEXT|G_SYS_INPUT|G_SYS_MISINFO|G_SYS_CONTEXT|G_SYS_INCONS|G_SYS_CONTEST|G_SYS_TRANS|G_SYS_EVAL|G_SOC_ECON|G_SOC_POWER|G_SOC_DEMOC|G_SOC_ENV|G_SOC_CULT|G_SOC_GOV,NO_CURATED_PRIOR|PREREQUISITE_FILTER:G_INT_VIOL|G_INT_SEX|G_INT_SELF|G_INT_ALLOC|G_INT_REPR|G_INT_POL|G_INT_PRIV|G_INT_ILLEGAL|G_INT_COPY|G_INT_WEAP|G_INT_ANTH|G_INT_REL|G_SYS_SECADV|G_SYS_POLICY|G_SYS_OVERCONF
SRC-P-0138,Physical,G_INT_VALUE|G_INT_UNETH|G_SYS_OREF|G_SYS_OEXT|G_SYS_INPUT|G_SYS_MISINFO|G_SYS_CONTEXT|G_SYS_INCONS|G_SYS_CONTEST|G_SYS_TRANS|G_SYS_EVAL|G_SOC_ECON|G_SOC_POWER|G_SOC_DEMOC|G_SOC_ENV|G_SOC_CULT|G_SOC_GOV,NO_CURATED_PRIOR|PREREQUISITE_FILTER:G_INT_VIOL|G_INT_SEX|G_INT_SELF|G_INT_ALLOC|G_INT_REPR|G_INT_POL|G_INT_PRIV|G_INT_ILLEGAL|G_INT_COPY|G_INT_WEAP|G_INT_ANTH|G_INT_REL|G_SYS_SECADV|G_SYS_POLICY|G_SYS_OVERCONF
SRC-P-0140,Physical,G_INT_VALUE|G_INT_POL|G_INT_UNETH|G_SYS_OREF|G_SYS_OEXT|G_SYS_INPUT|G_SYS_MISINFO|G_SYS_CONTEXT|G_SYS_INCONS|G_SYS_CONTEST|G_SYS_TRANS|G_SYS_EVAL|G_SOC_ECON|G_SOC_POWER|G_SOC_DEMOC|G_SOC_ENV|G_SOC_CULT|G_SOC_GOV,CURATED_SOURCE_MECHANISM_PRIOR:G_INT_POL|PREREQUISITE_FILTER:G_INT_VIOL|G_INT_SEX|G_INT_SELF|G_INT_ALLOC|G_INT_REPR|G_INT_PRIV|G_INT_ILLEGAL|G_INT_COPY|G_INT_WEAP|G_INT_ANTH|G_INT_REL|G_SYS_SECADV|G_SYS_POLICY|G_SYS_OVERCONF
SRC-P-0141,Physical,G_INT_VALUE|G_INT_UNETH|G_SYS_OREF|G_SYS_OEXT|G_SYS_INPUT|G_SYS_MISINFO|G_SYS_CONTEXT|G_SYS_INCONS|G_SYS_OVERCONF|G_SYS_CONTEST|G_SYS_TRANS|G_SYS_EVAL|G_SOC_ECON|G_SOC_POWER|G_SOC_DEMOC|G_SOC_ENV|G_SOC_CULT|G_SOC_GOV,CURATED_SOURCE_MECHANISM_PRIOR:G_SYS_TRANS|PREREQUISITE_FILTER:G_INT_VIOL|G_INT_SEX|G_INT_SELF|G_INT_ALLOC|G_INT_REPR|G_INT_POL|G_INT_PRIV|G_INT_ILLEGAL|G_INT_COPY|G_INT_WEAP|G_INT_ANTH|G_INT_REL|G_SYS_SECADV|G_SYS_POLICY
SRC-P-0144,Physical,G_INT_VALUE|G_INT_UNETH|G_SYS_OREF|G_SYS_OEXT|G_SYS_INPUT|G_SYS_MISINFO|G_SYS_CONTEXT|G_SYS_INCONS|G_SYS_CONTEST|G_SYS_SECADV|G_SYS_TRANS|G_SYS_EVAL|G_SOC_ECON|G_SOC_POWER|G_SOC_DEMOC|G_SOC_ENV|G_SOC_CULT|G_SOC_GOV,NO_CURATED_PRIOR|PREREQUISITE_FILTER:G_INT_VIOL|G_INT_SEX|G_INT_SELF|G_INT_ALLOC|G_INT_REPR|G_INT_POL|G_INT_PRIV|G_INT_ILLEGAL|G_INT_COPY|G_INT_WEAP|G_INT_ANTH|G_INT_REL|G_SYS_POLICY|G_SYS_OVERCONF
SRC-P-0162,Physical,G_INT_VALUE|G_INT_UNETH|G_SYS_OREF|G_SYS_OEXT|G_SYS_INPUT|G_SYS_MISINFO|G_SYS_CONTEXT|G_SYS_INCONS|G_SYS_CONTEST|G_SYS_TRANS|G_SYS_EVAL|G_SOC_ECON|G_SOC_POWER|G_SOC_DEMOC|G_SOC_ENV|G_SOC_CULT|G_SOC_GOV,CURATED_SOURCE_MECHANISM_PRIOR:G_SYS_EVAL|PREREQUISITE_FILTER:G_INT_VIOL|G_INT_SEX|G_INT_SELF|G_INT_ALLOC|G_INT_REPR|G_INT_POL|G_INT_PRIV|G_INT_ILLEGAL|G_INT_COPY|G_INT_WEAP|G_INT_ANTH|G_INT_REL|G_SYS_SECADV|G_SYS_POLICY|G_SYS_OVERCONF
SRC-P-0171,Physical,G_INT_VALUE|G_INT_UNETH|G_SYS_OREF|G_SYS_OEXT|G_SYS_INPUT|G_SYS_MISINFO|G_SYS_CONTEXT|G_SYS_INCONS|G_SYS_CONTEST|G_SYS_TRANS|G_SYS_EVAL|G_SOC_ECON|G_SOC_POWER|G_SOC_DEMOC|G_SOC_ENV|G_SOC_CULT|G_SOC_GOV,CURATED_SOURCE_MECHANISM_PRIOR:G_SYS_INPUT|PREREQUISITE_FILTER:G_INT_VIOL|G_INT_SEX|G_INT_SELF|G_INT_ALLOC|G_INT_REPR|G_INT_POL|G_INT_PRIV|G_INT_ILLEGAL|G_INT_COPY|G_INT_WEAP|G_INT_ANTH|G_INT_REL|G_SYS_SECADV|G_SYS_POLICY|G_SYS_OVERCONF
SRC-P-0173,Physical,G_INT_ALLOC|G_INT_VALUE|G_INT_UNETH|G_SYS_OREF|G_SYS_OEXT|G_SYS_INPUT|G_SYS_MISINFO|G_SYS_CONTEXT|G_SYS_INCONS|G_SYS_CONTEST|G_SYS_TRANS|G_SYS_EVAL|G_SOC_ECON|G_SOC_POWER|G_SOC_DEMOC|G_SOC_ENV|G_SOC_CULT|G_SOC_GOV,NO_CURATED_PRIOR|PREREQUISITE_FILTER:G_INT_VIOL|G_INT_SEX|G_INT_SELF|G_INT_REPR|G_INT_POL|G_INT_PRIV|G_INT_ILLEGAL|G_INT_COPY|G_INT_WEAP|G_INT_ANTH|G_INT_REL|G_SYS_SECADV|G_SYS_POLICY|G_SYS_OVERCONF
SRC-P-0174,Physical,G_INT_VALUE|G_INT_UNETH|G_SYS_OREF|G_SYS_OEXT|G_SYS_INPUT|G_SYS_MISINFO|G_SYS_CONTEXT|G_SYS_INCONS|G_SYS_CONTEST|G_SYS_TRANS|G_SYS_EVAL|G_SOC_ECON|G_SOC_POWER|G_SOC_DEMOC|G_SOC_ENV|G_SOC_CULT|G_SOC_GOV,NO_CURATED_PRIOR|PREREQUISITE_FILTER:G_INT_VIOL|G_INT_SEX|G_INT_SELF|G_INT_ALLOC|G_INT_REPR|G_INT_POL|G_INT_PRIV|G_INT_ILLEGAL|G_INT_COPY|G_INT_WEAP|G_INT_ANTH|G_INT_REL|G_SYS_SECADV|G_SYS_POLICY|G_SYS_OVERCONF
SRC-P-0177,Physical,G_INT_VALUE|G_INT_UNETH|G_SYS_OREF|G_SYS_OEXT|G_SYS_INPUT|G_SYS_MISINFO|G_SYS_CONTEXT|G_SYS_INCONS|G_SYS_CONTEST|G_SYS_SECADV|G_SYS_TRANS|G_SYS_EVAL|G_SOC_ECON|G_SOC_POWER|G_SOC_DEMOC|G_SOC_ENV|G_SOC_CULT|G_SOC_GOV,CURATED_SOURCE_MECHANISM_PRIOR:G_SYS_EVAL|PREREQUISITE_FILTER:G_INT_VIOL|G_INT_SEX|G_INT_SELF|G_INT_ALLOC|G_INT_REPR|G_INT_POL|G_INT_PRIV|G_INT_ILLEGAL|G_INT_COPY|G_INT_WEAP|G_INT_ANTH|G_INT_REL|G_SYS_POLICY|G_SYS_OVERCONF
SRC-P-0190,Physical,G_INT_VALUE|G_INT_UNETH|G_SYS_OREF|G_SYS_OEXT|G_SYS_INPUT|G_SYS_MISINFO|G_SYS_CONTEXT|G_SYS_INCONS|G_SYS_CONTEST|G_SYS_SECADV|G_SYS_TRANS|G_SYS_EVAL|G_SOC_ECON|G_SOC_POWER|G_SOC_DEMOC|G_SOC_ENV|G_SOC_CULT|G_SOC_GOV,CURATED_SOURCE_MECHANISM_PRIOR:G_SYS_SECADV|PREREQUISITE_FILTER:G_INT_VIOL|G_INT_SEX|G_INT_SELF|G_INT_ALLOC|G_INT_REPR|G_INT_POL|G_INT_PRIV|G_INT_ILLEGAL|G_INT_COPY|G_INT_WEAP|G_INT_ANTH|G_INT_REL|G_SYS_POLICY|G_SYS_OVERCONF
SRC-P-0205,Physical,G_INT_VALUE|G_INT_PRIV|G_INT_UNETH|G_SYS_OREF|G_SYS_OEXT|G_SYS_INPUT|G_SYS_MISINFO|G_SYS_CONTEXT|G_SYS_INCONS|G_SYS_CONTEST|G_SYS_TRANS|G_SYS_EVAL|G_SOC_ECON|G_SOC_POWER|G_SOC_DEMOC|G_SOC_ENV|G_SOC_CULT|G_SOC_GOV,CURATED_SOURCE_MECHANISM_PRIOR:G_INT_PRIV|PREREQUISITE_FILTER:G_INT_VIOL|G_INT_SEX|G_INT_SELF|G_INT_ALLOC|G_INT_REPR|G_INT_POL|G_INT_ILLEGAL|G_INT_COPY|G_INT_WEAP|G_INT_ANTH|G_INT_REL|G_SYS_SECADV|G_SYS_POLICY|G_SYS_OVERCONF
SRC-P-0207,Physical,G_INT_VALUE|G_INT_UNETH|G_SYS_OREF|G_SYS_OEXT|G_SYS_INPUT|G_SYS_MISINFO|G_SYS_CONTEXT|G_SYS_INCONS|G_SYS_CONTEST|G_SYS_TRANS|G_SYS_EVAL|G_SOC_ECON|G_SOC_POWER|G_SOC_DEMOC|G_SOC_ENV|G_SOC_CULT|G_SOC_GOV,CURATED_SOURCE_MECHANISM_PRIOR:G_SOC_ECON|PREREQUISITE_FILTER:G_INT_VIOL|G_INT_SEX|G_INT_SELF|G_INT_ALLOC|G_INT_REPR|G_INT_POL|G_INT_PRIV|G_INT_ILLEGAL|G_INT_COPY|G_INT_WEAP|G_INT_ANTH|G_INT_REL|G_SYS_SECADV|G_SYS_POLICY|G_SYS_OVERCONF
SRC-P-0212,Physical,G_INT_VALUE|G_INT_UNETH|G_INT_ANTH|G_INT_REL|G_SYS_OREF|G_SYS_OEXT|G_SYS_INPUT|G_SYS_MISINFO|G_SYS_CONTEXT|G_SYS_INCONS|G_SYS_CONTEST|G_SYS_TRANS|G_SYS_EVAL|G_SOC_ECON|G_SOC_POWER|G_SOC_DEMOC|G_SOC_ENV|G_SOC_CULT|G_SOC_GOV,CURATED_SOURCE_MECHANISM_PRIOR:G_INT_UNETH|PREREQUISITE_FILTER:G_INT_VIOL|G_INT_SEX|G_INT_SELF|G_INT_ALLOC|G_INT_REPR|G_INT_POL|G_INT_PRIV|G_INT_ILLEGAL|G_INT_COPY|G_INT_WEAP|G_SYS_SECADV|G_SYS_POLICY|G_SYS_OVERCONF
SRC-P-0218,Physical,G_INT_ALLOC|G_INT_VALUE|G_INT_UNETH|G_SYS_OREF|G_SYS_OEXT|G_SYS_INPUT|G_SYS_MISINFO|G_SYS_CONTEXT|G_SYS_INCONS|G_SYS_CONTEST|G_SYS_TRANS|G_SYS_EVAL|G_SOC_ECON|G_SOC_POWER|G_SOC_DEMOC|G_SOC_ENV|G_SOC_CULT|G_SOC_GOV,NO_CURATED_PRIOR|PREREQUISITE_FILTER:G_INT_VIOL|G_INT_SEX|G_INT_SELF|G_INT_REPR|G_INT_POL|G_INT_PRIV|G_INT_ILLEGAL|G_INT_COPY|G_INT_WEAP|G_INT_ANTH|G_INT_REL|G_SYS_SECADV|G_SYS_POLICY|G_SYS_OVERCONF
SRC-G-0027-S1,General,G_INT_VALUE|G_INT_UNETH|G_SYS_OREF|G_SYS_OEXT|G_SYS_INPUT|G_SYS_MISINFO|G_SYS_CONTEXT|G_SYS_INCONS|G_SYS_CONTEST|G_SYS_TRANS|G_SYS_EVAL|G_SOC_ECON|G_SOC_POWER|G_SOC_DEMOC|G_SOC_ENV|G_SOC_CULT|G_SOC_GOV,NO_CURATED_PRIOR|PREREQUISITE_FILTER:G_INT_VIOL|G_INT_SEX|G_INT_SELF|G_INT_ALLOC|G_INT_REPR|G_INT_POL|G_INT_PRIV|G_INT_ILLEGAL|G_INT_COPY|G_INT_WEAP|G_INT_ANTH|G_INT_REL|G_SYS_SECADV|G_SYS_POLICY|G_SYS_OVERCONF
SRC-G-0027-S2,General,G_INT_VIOL|G_INT_VALUE|G_INT_PRIV|G_INT_UNETH|G_SYS_OREF|G_SYS_OEXT|G_SYS_INPUT|G_SYS_MISINFO|G_SYS_CONTEXT|G_SYS_INCONS|G_SYS_CONTEST|G_SYS_SECADV|G_SYS_TRANS|G_SYS_EVAL|G_SOC_ECON|G_SOC_POWER|G_SOC_DEMOC|G_SOC_ENV|G_SOC_CULT|G_SOC_GOV,NO_CURATED_PRIOR|PREREQUISITE_FILTER:G_INT_SEX|G_INT_SELF|G_INT_ALLOC|G_INT_REPR|G_INT_POL|G_INT_ILLEGAL|G_INT_COPY|G_INT_WEAP|G_INT_ANTH|G_INT_REL|G_SYS_POLICY|G_SYS_OVERCONF
SRC-G-0001,General,A_SYS_GOAL|A_SYS_AUTH|A_SYS_SELFCOR|A_SYS_DECEPT|A_SYS_TRACE|A_INT_CASCADE|A_INT_COORD|A_INT_CONFLICT|A_INT_COLLUSION,NO_CURATED_PRIOR|PREREQUISITE_FILTER:
SRC-G-0012,General,A_SYS_GOAL|A_SYS_AUTH|A_SYS_SELFCOR|A_SYS_DECEPT|A_SYS_TRACE|A_INT_CASCADE|A_INT_COORD|A_INT_CONFLICT|A_INT_COLLUSION,NO_CURATED_PRIOR|PREREQUISITE_FILTER:
SRC-G-0016,General,A_SYS_GOAL|A_SYS_AUTH|A_SYS_SELFCOR|A_SYS_DECEPT|A_SYS_TRACE|A_INT_CASCADE|A_INT_COORD|A_INT_CONFLICT|A_INT_COLLUSION,NO_CURATED_PRIOR|PREREQUISITE_FILTER:
SRC-G-0088,General,A_SYS_GOAL|A_SYS_AUTH|A_SYS_SELFCOR|A_SYS_DECEPT|A_SYS_TRACE|A_INT_CASCADE|A_INT_COORD|A_INT_CONFLICT|A_INT_COLLUSION,CURATED_SOURCE_MECHANISM_PRIOR:A_SYS_SELFCOR|PREREQUISITE_FILTER:
SRC-G-0096,General,A_SYS_GOAL|A_SYS_AUTH|A_SYS_SELFCOR|A_SYS_DECEPT|A_SYS_TRACE|A_INT_CASCADE|A_INT_COORD|A_INT_CONFLICT|A_INT_COLLUSION,NO_CURATED_PRIOR|PREREQUISITE_FILTER:
SRC-G-0106,General,A_SYS_GOAL|A_SYS_AUTH|A_SYS_SELFCOR|A_SYS_DECEPT|A_SYS_TRACE|A_INT_CASCADE|A_INT_COORD|A_INT_CONFLICT|A_INT_COLLUSION,NO_CURATED_PRIOR|PREREQUISITE_FILTER:
SRC-G-0107,General,A_SYS_GOAL|A_SYS_AUTH|A_SYS_SELFCOR|A_SYS_DECEPT|A_SYS_TRACE|A_INT_CASCADE|A_INT_COORD|A_INT_CONFLICT|A_INT_COLLUSION,NO_CURATED_PRIOR|PREREQUISITE_FILTER:
SRC-G-0108,General,A_SYS_GOAL|A_SYS_AUTH|A_SYS_SELFCOR|A_SYS_DECEPT|A_SYS_TRACE|A_INT_CASCADE|A_INT_COORD|A_INT_CONFLICT|A_INT_COLLUSION,NO_CURATED_PRIOR|PREREQUISITE_FILTER:
SRC-G-0114,General,A_SYS_GOAL|A_SYS_AUTH|A_SYS_SELFCOR|A_SYS_DECEPT|A_SYS_TRACE|A_INT_CASCADE|A_INT_COORD|A_INT_CONFLICT|A_INT_COLLUSION,CURATED_SOURCE_MECHANISM_PRIOR:A_SYS_DECEPT|PREREQUISITE_FILTER:
SRC-G-0115,General,A_SYS_GOAL|A_SYS_AUTH|A_SYS_SELFCOR|A_SYS_DECEPT|A_SYS_TRACE|A_INT_CASCADE|A_INT_COORD|A_INT_CONFLICT|A_INT_COLLUSION,NO_CURATED_PRIOR|PREREQUISITE_FILTER:
SRC-G-0120,General,A_SYS_GOAL|A_SYS_AUTH|A_SYS_SELFCOR|A_SYS_DECEPT|A_SYS_TRACE|A_INT_CASCADE|A_INT_COORD|A_INT_CONFLICT|A_INT_COLLUSION,CURATED_SOURCE_MECHANISM_PRIOR:A_SYS_GOAL|PREREQUISITE_FILTER:
SRC-G-0124,General,A_SYS_GOAL|A_SYS_AUTH|A_SYS_SELFCOR|A_SYS_DECEPT|A_SYS_TRACE|A_INT_CASCADE|A_INT_COORD|A_INT_CONFLICT|A_INT_COLLUSION,NO_CURATED_PRIOR|PREREQUISITE_FILTER:
SRC-G-0132,General,A_SYS_GOAL|A_SYS_AUTH|A_SYS_SELFCOR|A_SYS_DECEPT|A_SYS_TRACE|A_INT_CASCADE|A_INT_COORD|A_INT_CONFLICT|A_INT_COLLUSION,NO_CURATED_PRIOR|PREREQUISITE_FILTER:
SRC-G-0133,General,A_SYS_GOAL|A_SYS_AUTH|A_SYS_SELFCOR|A_SYS_DECEPT|A_SYS_TRACE|A_INT_CASCADE|A_INT_COORD|A_INT_CONFLICT|A_INT_COLLUSION,NO_CURATED_PRIOR|PREREQUISITE_FILTER:
SRC-G-0135,General,A_SYS_GOAL|A_SYS_AUTH|A_SYS_SELFCOR|A_SYS_DECEPT|A_SYS_TRACE|A_INT_CASCADE|A_INT_COORD|A_INT_CONFLICT|A_INT_COLLUSION,NO_CURATED_PRIOR|PREREQUISITE_FILTER:
SRC-G-0378,General,A_SYS_GOAL|A_SYS_AUTH|A_SYS_SELFCOR|A_SYS_DECEPT|A_SYS_TRACE|A_INT_CASCADE|A_INT_COORD|A_INT_CONFLICT|A_INT_COLLUSION,CURATED_SOURCE_MECHANISM_PRIOR:A_SYS_GOAL|PREREQUISITE_FILTER:
SRC-A-0001,Agentic,A_SYS_GOAL|A_SYS_AUTH|A_SYS_SELFCOR|A_SYS_DECEPT|A_SYS_TRACE|A_INT_CASCADE|A_INT_COORD|A_INT_CONFLICT|A_INT_COLLUSION,NO_CURATED_PRIOR|PREREQUISITE_FILTER:
SRC-A-0002,Agentic,A_SYS_GOAL|A_SYS_AUTH|A_SYS_SELFCOR|A_SYS_DECEPT|A_SYS_TRACE|A_INT_CASCADE|A_INT_COORD|A_INT_CONFLICT|A_INT_COLLUSION,NO_CURATED_PRIOR|PREREQUISITE_FILTER:
SRC-A-0003,Agentic,A_SYS_GOAL|A_SYS_AUTH|A_SYS_SELFCOR|A_SYS_DECEPT|A_SYS_TRACE|A_INT_CASCADE|A_INT_COORD|A_INT_CONFLICT|A_INT_COLLUSION,NO_CURATED_PRIOR|PREREQUISITE_FILTER:
SRC-A-0004,Agentic,A_SYS_GOAL|A_SYS_AUTH|A_SYS_SELFCOR|A_SYS_DECEPT|A_SYS_TRACE|A_INT_CASCADE|A_INT_COORD|A_INT_CONFLICT|A_INT_COLLUSION,NO_CURATED_PRIOR|PREREQUISITE_FILTER:
SRC-A-0005,Agentic,A_SYS_GOAL|A_SYS_AUTH|A_SYS_SELFCOR|A_SYS_DECEPT|A_SYS_TRACE|A_INT_CASCADE|A_INT_COORD|A_INT_CONFLICT|A_INT_COLLUSION,NO_CURATED_PRIOR|PREREQUISITE_FILTER:
SRC-A-0006,Agentic,A_SYS_GOAL|A_SYS_AUTH|A_SYS_SELFCOR|A_SYS_DECEPT|A_SYS_TRACE|A_INT_CASCADE|A_INT_COORD|A_INT_CONFLICT|A_INT_COLLUSION,NO_CURATED_PRIOR|PREREQUISITE_FILTER:
SRC-A-0007,Agentic,A_SYS_GOAL|A_SYS_AUTH|A_SYS_SELFCOR|A_SYS_DECEPT|A_SYS_TRACE|A_INT_CASCADE|A_INT_COORD|A_INT_CONFLICT|A_INT_COLLUSION,NO_CURATED_PRIOR|PREREQUISITE_FILTER:
SRC-A-0008,Agentic,A_SYS_GOAL|A_SYS_AUTH|A_SYS_SELFCOR|A_SYS_DECEPT|A_SYS_TRACE|A_INT_CASCADE|A_INT_COORD|A_INT_CONFLICT|A_INT_COLLUSION,NO_CURATED_PRIOR|PREREQUISITE_FILTER:
SRC-A-0009,Agentic,A_SYS_GOAL|A_SYS_AUTH|A_SYS_SELFCOR|A_SYS_DECEPT|A_SYS_TRACE|A_INT_CASCADE|A_INT_COORD|A_INT_CONFLICT|A_INT_COLLUSION,NO_CURATED_PRIOR|PREREQUISITE_FILTER:
SRC-A-0010,Agentic,A_SYS_GOAL|A_SYS_AUTH|A_SYS_SELFCOR|A_SYS_DECEPT|A_SYS_TRACE|A_INT_CASCADE|A_INT_COORD|A_INT_CONFLICT|A_INT_COLLUSION,NO_CURATED_PRIOR|PREREQUISITE_FILTER:
SRC-A-0011,Agentic,A_SYS_GOAL|A_SYS_AUTH|A_SYS_SELFCOR|A_SYS_DECEPT|A_SYS_TRACE|A_INT_CASCADE|A_INT_COORD|A_INT_CONFLICT|A_INT_COLLUSION,NO_CURATED_PRIOR|PREREQUISITE_FILTER:
SRC-A-0012,Agentic,A_SYS_GOAL|A_SYS_AUTH|A_SYS_SELFCOR|A_SYS_DECEPT|A_SYS_TRACE|A_INT_CASCADE|A_INT_COORD|A_INT_CONFLICT|A_INT_COLLUSION,NO_CURATED_PRIOR|PREREQUISITE_FILTER:
SRC-A-0013,Agentic,A_SYS_GOAL|A_SYS_AUTH|A_SYS_SELFCOR|A_SYS_DECEPT|A_SYS_TRACE|A_INT_CASCADE|A_INT_COORD|A_INT_CONFLICT|A_INT_COLLUSION,NO_CURATED_PRIOR|PREREQUISITE_FILTER:
SRC-A-0014,Agentic,A_SYS_GOAL|A_SYS_AUTH|A_SYS_SELFCOR|A_SYS_DECEPT|A_SYS_TRACE|A_INT_CASCADE|A_INT_COORD|A_INT_CONFLICT|A_INT_COLLUSION,NO_CURATED_PRIOR|PREREQUISITE_FILTER:
SRC-A-0015,Agentic,A_SYS_GOAL|A_SYS_AUTH|A_SYS_SELFCOR|A_SYS_DECEPT|A_SYS_TRACE|A_INT_CASCADE|A_INT_COORD|A_INT_CONFLICT|A_INT_COLLUSION,NO_CURATED_PRIOR|PREREQUISITE_FILTER:
SRC-A-0016,Agentic,A_SYS_GOAL|A_SYS_AUTH|A_SYS_SELFCOR|A_SYS_DECEPT|A_SYS_TRACE|A_INT_CASCADE|A_INT_COORD|A_INT_CONFLICT|A_INT_COLLUSION,NO_CURATED_PRIOR|PREREQUISITE_FILTER:
SRC-A-0017,Agentic,A_SYS_GOAL|A_SYS_AUTH|A_SYS_SELFCOR|A_SYS_DECEPT|A_SYS_TRACE|A_INT_CASCADE|A_INT_COORD|A_INT_CONFLICT|A_INT_COLLUSION,NO_CURATED_PRIOR|PREREQUISITE_FILTER:
SRC-A-0018,Agentic,A_SYS_GOAL|A_SYS_AUTH|A_SYS_SELFCOR|A_SYS_DECEPT|A_SYS_TRACE|A_INT_CASCADE|A_INT_COORD|A_INT_CONFLICT|A_INT_COLLUSION,NO_CURATED_PRIOR|PREREQUISITE_FILTER:
SRC-A-0019,Agentic,A_SYS_GOAL|A_SYS_AUTH|A_SYS_SELFCOR|A_SYS_DECEPT|A_SYS_TRACE|A_INT_CASCADE|A_INT_COORD|A_INT_CONFLICT|A_INT_COLLUSION,CURATED_SOURCE_MECHANISM_PRIOR:A_SYS_GOAL|PREREQUISITE_FILTER:
SRC-A-0020,Agentic,A_SYS_GOAL|A_SYS_AUTH|A_SYS_SELFCOR|A_SYS_DECEPT|A_SYS_TRACE|A_INT_CASCADE|A_INT_COORD|A_INT_CONFLICT|A_INT_COLLUSION,NO_CURATED_PRIOR|PREREQUISITE_FILTER:
SRC-A-0021,Agentic,A_SYS_GOAL|A_SYS_AUTH|A_SYS_SELFCOR|A_SYS_DECEPT|A_SYS_TRACE|A_INT_CASCADE|A_INT_COORD|A_INT_CONFLICT|A_INT_COLLUSION,NO_CURATED_PRIOR|PREREQUISITE_FILTER:
SRC-A-0022,Agentic,A_SYS_GOAL|A_SYS_AUTH|A_SYS_SELFCOR|A_SYS_DECEPT|A_SYS_TRACE|A_INT_CASCADE|A_INT_COORD|A_INT_CONFLICT|A_INT_COLLUSION,NO_CURATED_PRIOR|PREREQUISITE_FILTER:
SRC-A-0025,Agentic,A_SYS_GOAL|A_SYS_AUTH|A_SYS_SELFCOR|A_SYS_DECEPT|A_SYS_TRACE|A_INT_CASCADE|A_INT_COORD|A_INT_CONFLICT|A_INT_COLLUSION,NO_CURATED_PRIOR|PREREQUISITE_FILTER:
SRC-A-0034,Agentic,A_SYS_GOAL|A_SYS_AUTH|A_SYS_SELFCOR|A_SYS_DECEPT|A_SYS_TRACE|A_INT_CASCADE|A_INT_COORD|A_INT_CONFLICT|A_INT_COLLUSION,NO_CURATED_PRIOR|PREREQUISITE_FILTER:
SRC-A-0039,Agentic,A_SYS_GOAL|A_SYS_AUTH|A_SYS_SELFCOR|A_SYS_DECEPT|A_SYS_TRACE|A_INT_CASCADE|A_INT_COORD|A_INT_CONFLICT|A_INT_COLLUSION,NO_CURATED_PRIOR|PREREQUISITE_FILTER:
SRC-A-0041,Agentic,A_SYS_GOAL|A_SYS_AUTH|A_SYS_SELFCOR|A_SYS_DECEPT|A_SYS_TRACE|A_INT_CASCADE|A_INT_COORD|A_INT_CONFLICT|A_INT_COLLUSION,NO_CURATED_PRIOR|PREREQUISITE_FILTER:
SRC-A-0043,Agentic,A_SYS_GOAL|A_SYS_AUTH|A_SYS_SELFCOR|A_SYS_DECEPT|A_SYS_TRACE|A_INT_CASCADE|A_INT_COORD|A_INT_CONFLICT|A_INT_COLLUSION,NO_CURATED_PRIOR|PREREQUISITE_FILTER:
SRC-A-0044,Agentic,A_SYS_GOAL|A_SYS_AUTH|A_SYS_SELFCOR|A_SYS_DECEPT|A_SYS_TRACE|A_INT_CASCADE|A_INT_COORD|A_INT_CONFLICT|A_INT_COLLUSION,NO_CURATED_PRIOR|PREREQUISITE_FILTER:
SRC-A-0045,Agentic,A_SYS_GOAL|A_SYS_AUTH|A_SYS_SELFCOR|A_SYS_DECEPT|A_SYS_TRACE|A_INT_CASCADE|A_INT_COORD|A_INT_CONFLICT|A_INT_COLLUSION,NO_CURATED_PRIOR|PREREQUISITE_FILTER:
SRC-A-0046,Agentic,A_SYS_GOAL|A_SYS_AUTH|A_SYS_SELFCOR|A_SYS_DECEPT|A_SYS_TRACE|A_INT_CASCADE|A_INT_COORD|A_INT_CONFLICT|A_INT_COLLUSION,CURATED_SOURCE_MECHANISM_PRIOR:A_INT_COORD|PREREQUISITE_FILTER:
SRC-A-0047,Agentic,A_SYS_GOAL|A_SYS_AUTH|A_SYS_SELFCOR|A_SYS_DECEPT|A_SYS_TRACE|A_INT_CASCADE|A_INT_COORD|A_INT_CONFLICT|A_INT_COLLUSION,NO_CURATED_PRIOR|PREREQUISITE_FILTER:
SRC-A-0048,Agentic,A_SYS_GOAL|A_SYS_AUTH|A_SYS_SELFCOR|A_SYS_DECEPT|A_SYS_TRACE|A_INT_CASCADE|A_INT_COORD|A_INT_CONFLICT|A_INT_COLLUSION,NO_CURATED_PRIOR|PREREQUISITE_FILTER:
SRC-A-0049,Agentic,A_SYS_GOAL|A_SYS_AUTH|A_SYS_SELFCOR|A_SYS_DECEPT|A_SYS_TRACE|A_INT_CASCADE|A_INT_COORD|A_INT_CONFLICT|A_INT_COLLUSION,NO_CURATED_PRIOR|PREREQUISITE_FILTER:
SRC-A-0053,Agentic,A_SYS_GOAL|A_SYS_AUTH|A_SYS_SELFCOR|A_SYS_DECEPT|A_SYS_TRACE|A_INT_CASCADE|A_INT_COORD|A_INT_CONFLICT|A_INT_COLLUSION,NO_CURATED_PRIOR|PREREQUISITE_FILTER:
SRC-A-0054,Agentic,A_SYS_GOAL|A_SYS_AUTH|A_SYS_SELFCOR|A_SYS_DECEPT|A_SYS_TRACE|A_INT_CASCADE|A_INT_COORD|A_INT_CONFLICT|A_INT_COLLUSION,NO_CURATED_PRIOR|PREREQUISITE_FILTER:
SRC-A-0055,Agentic,A_SYS_GOAL|A_SYS_AUTH|A_SYS_SELFCOR|A_SYS_DECEPT|A_SYS_TRACE|A_INT_CASCADE|A_INT_COORD|A_INT_CONFLICT|A_INT_COLLUSION,NO_CURATED_PRIOR|PREREQUISITE_FILTER:
SRC-A-0056,Agentic,A_SYS_GOAL|A_SYS_AUTH|A_SYS_SELFCOR|A_SYS_DECEPT|A_SYS_TRACE|A_INT_CASCADE|A_INT_COORD|A_INT_CONFLICT|A_INT_COLLUSION,NO_CURATED_PRIOR|PREREQUISITE_FILTER:
SRC-A-0057,Agentic,A_SYS_GOAL|A_SYS_AUTH|A_SYS_SELFCOR|A_SYS_DECEPT|A_SYS_TRACE|A_INT_CASCADE|A_INT_COORD|A_INT_CONFLICT|A_INT_COLLUSION,NO_CURATED_PRIOR|PREREQUISITE_FILTER:
SRC-A-0058,Agentic,A_SYS_GOAL|A_SYS_AUTH|A_SYS_SELFCOR|A_SYS_DECEPT|A_SYS_TRACE|A_INT_CASCADE|A_INT_COORD|A_INT_CONFLICT|A_INT_COLLUSION,NO_CURATED_PRIOR|PREREQUISITE_FILTER:
SRC-A-0060,Agentic,A_SYS_GOAL|A_SYS_AUTH|A_SYS_SELFCOR|A_SYS_DECEPT|A_SYS_TRACE|A_INT_CASCADE|A_INT_COORD|A_INT_CONFLICT|A_INT_COLLUSION,NO_CURATED_PRIOR|PREREQUISITE_FILTER:
SRC-A-0061,Agentic,A_SYS_GOAL|A_SYS_AUTH|A_SYS_SELFCOR|A_SYS_DECEPT|A_SYS_TRACE|A_INT_CASCADE|A_INT_COORD|A_INT_CONFLICT|A_INT_COLLUSION,NO_CURATED_PRIOR|PREREQUISITE_FILTER:
SRC-A-0062,Agentic,A_SYS_GOAL|A_SYS_AUTH|A_SYS_SELFCOR|A_SYS_DECEPT|A_SYS_TRACE|A_INT_CASCADE|A_INT_COORD|A_INT_CONFLICT|A_INT_COLLUSION,NO_CURATED_PRIOR|PREREQUISITE_FILTER:
SRC-A-0065,Agentic,A_SYS_GOAL|A_SYS_AUTH|A_SYS_SELFCOR|A_SYS_DECEPT|A_SYS_TRACE|A_INT_CASCADE|A_INT_COORD|A_INT_CONFLICT|A_INT_COLLUSION,NO_CURATED_PRIOR|PREREQUISITE_FILTER:
SRC-A-0066,Agentic,A_SYS_GOAL|A_SYS_AUTH|A_SYS_SELFCOR|A_SYS_DECEPT|A_SYS_TRACE|A_INT_CASCADE|A_INT_COORD|A_INT_CONFLICT|A_INT_COLLUSION,NO_CURATED_PRIOR|PREREQUISITE_FILTER:
SRC-A-0067,Agentic,A_SYS_GOAL|A_SYS_AUTH|A_SYS_SELFCOR|A_SYS_DECEPT|A_SYS_TRACE|A_INT_CASCADE|A_INT_COORD|A_INT_CONFLICT|A_INT_COLLUSION,NO_CURATED_PRIOR|PREREQUISITE_FILTER:
SRC-A-0068,Agentic,A_SYS_GOAL|A_SYS_AUTH|A_SYS_SELFCOR|A_SYS_DECEPT|A_SYS_TRACE|A_INT_CASCADE|A_INT_COORD|A_INT_CONFLICT|A_INT_COLLUSION,NO_CURATED_PRIOR|PREREQUISITE_FILTER:
SRC-A-0073,Agentic,A_SYS_GOAL|A_SYS_AUTH|A_SYS_SELFCOR|A_SYS_DECEPT|A_SYS_TRACE|A_INT_CASCADE|A_INT_COORD|A_INT_CONFLICT|A_INT_COLLUSION,NO_CURATED_PRIOR|PREREQUISITE_FILTER:
SRC-A-0074,Agentic,A_SYS_GOAL|A_SYS_AUTH|A_SYS_SELFCOR|A_SYS_DECEPT|A_SYS_TRACE|A_INT_CASCADE|A_INT_COORD|A_INT_CONFLICT|A_INT_COLLUSION,NO_CURATED_PRIOR|PREREQUISITE_FILTER:
SRC-A-0077,Agentic,A_SYS_GOAL|A_SYS_AUTH|A_SYS_SELFCOR|A_SYS_DECEPT|A_SYS_TRACE|A_INT_CASCADE|A_INT_COORD|A_INT_CONFLICT|A_INT_COLLUSION,NO_CURATED_PRIOR|PREREQUISITE_FILTER:
SRC-A-0079,Agentic,A_SYS_GOAL|A_SYS_AUTH|A_SYS_SELFCOR|A_SYS_DECEPT|A_SYS_TRACE|A_INT_CASCADE|A_INT_COORD|A_INT_CONFLICT|A_INT_COLLUSION,NO_CURATED_PRIOR|PREREQUISITE_FILTER:
SRC-A-0081,Agentic,A_SYS_GOAL|A_SYS_AUTH|A_SYS_SELFCOR|A_SYS_DECEPT|A_SYS_TRACE|A_INT_CASCADE|A_INT_COORD|A_INT_CONFLICT|A_INT_COLLUSION,CURATED_SOURCE_MECHANISM_PRIOR:A_SYS_GOAL|PREREQUISITE_FILTER:
SRC-P-0012,Physical,A_SYS_GOAL|A_SYS_AUTH|A_SYS_SELFCOR|A_SYS_DECEPT|A_SYS_TRACE|A_INT_CASCADE|A_INT_COORD|A_INT_CONFLICT|A_INT_COLLUSION,NO_CURATED_PRIOR|PREREQUISITE_FILTER:
SRC-P-0166,Physical,A_SYS_GOAL|A_SYS_AUTH|A_SYS_SELFCOR|A_SYS_DECEPT|A_SYS_TRACE|A_INT_CASCADE|A_INT_COORD|A_INT_CONFLICT|A_INT_COLLUSION,NO_CURATED_PRIOR|PREREQUISITE_FILTER:
SRC-P-0167,Physical,A_SYS_GOAL|A_SYS_AUTH|A_SYS_SELFCOR|A_SYS_DECEPT|A_SYS_TRACE|A_INT_CASCADE|A_INT_COORD|A_INT_CONFLICT|A_INT_COLLUSION,NO_CURATED_PRIOR|PREREQUISITE_FILTER:
SRC-P-0188,Physical,A_SYS_GOAL|A_SYS_AUTH|A_SYS_SELFCOR|A_SYS_DECEPT|A_SYS_TRACE|A_INT_CASCADE|A_INT_COORD|A_INT_CONFLICT|A_INT_COLLUSION,NO_CURATED_PRIOR|PREREQUISITE_FILTER:
SRC-P-0189,Physical,A_SYS_GOAL|A_SYS_AUTH|A_SYS_SELFCOR|A_SYS_DECEPT|A_SYS_TRACE|A_INT_CASCADE|A_INT_COORD|A_INT_CONFLICT|A_INT_COLLUSION,CURATED_SOURCE_MECHANISM_PRIOR:A_SYS_AUTH|PREREQUISITE_FILTER:
SRC-P-0192,Physical,A_SYS_GOAL|A_SYS_AUTH|A_SYS_SELFCOR|A_SYS_DECEPT|A_SYS_TRACE|A_INT_CASCADE|A_INT_COORD|A_INT_CONFLICT|A_INT_COLLUSION,NO_CURATED_PRIOR|PREREQUISITE_FILTER:
SRC-P-0194,Physical,A_SYS_GOAL|A_SYS_AUTH|A_SYS_SELFCOR|A_SYS_DECEPT|A_SYS_TRACE|A_INT_CASCADE|A_INT_COORD|A_INT_CONFLICT|A_INT_COLLUSION,NO_CURATED_PRIOR|PREREQUISITE_FILTER:
SRC-P-0196,Physical,A_SYS_GOAL|A_SYS_AUTH|A_SYS_SELFCOR|A_SYS_DECEPT|A_SYS_TRACE|A_INT_CASCADE|A_INT_COORD|A_INT_CONFLICT|A_INT_COLLUSION,NO_CURATED_PRIOR|PREREQUISITE_FILTER:
SRC-P-0198,Physical,A_SYS_GOAL|A_SYS_AUTH|A_SYS_SELFCOR|A_SYS_DECEPT|A_SYS_TRACE|A_INT_CASCADE|A_INT_COORD|A_INT_CONFLICT|A_INT_COLLUSION,NO_CURATED_PRIOR|PREREQUISITE_FILTER:
SRC-P-0199,Physical,A_SYS_GOAL|A_SYS_AUTH|A_SYS_SELFCOR|A_SYS_DECEPT|A_SYS_TRACE|A_INT_CASCADE|A_INT_COORD|A_INT_CONFLICT|A_INT_COLLUSION,NO_CURATED_PRIOR|PREREQUISITE_FILTER:
SRC-P-0216,Physical,A_SYS_GOAL|A_SYS_AUTH|A_SYS_SELFCOR|A_SYS_DECEPT|A_SYS_TRACE|A_INT_CASCADE|A_INT_COORD|A_INT_CONFLICT|A_INT_COLLUSION,NO_CURATED_PRIOR|PREREQUISITE_FILTER:
SRC-G-0010,General,P_SYS_STATE|P_SYS_CONTROL|P_SYS_HARDWARE|P_INT_SAFETY|P_INT_TAMPER,NO_CURATED_PRIOR|PREREQUISITE_FILTER:
SRC-G-0011,General,P_SYS_STATE|P_SYS_CONTROL|P_SYS_HARDWARE|P_INT_SAFETY|P_INT_TAMPER,NO_CURATED_PRIOR|PREREQUISITE_FILTER:
SRC-G-0013,General,P_SYS_STATE|P_SYS_CONTROL|P_SYS_HARDWARE|P_INT_SAFETY|P_INT_TAMPER,NO_CURATED_PRIOR|PREREQUISITE_FILTER:
SRC-G-0014,General,P_SYS_STATE|P_SYS_CONTROL|P_SYS_HARDWARE|P_INT_SAFETY|P_INT_TAMPER,NO_CURATED_PRIOR|PREREQUISITE_FILTER:
SRC-G-0015,General,P_SYS_STATE|P_SYS_CONTROL|P_SYS_HARDWARE|P_INT_SAFETY|P_INT_TAMPER,NO_CURATED_PRIOR|PREREQUISITE_FILTER:
SRC-G-0022,General,P_SYS_STATE|P_SYS_CONTROL|P_SYS_HARDWARE|P_INT_SAFETY|P_INT_TAMPER,NO_CURATED_PRIOR|PREREQUISITE_FILTER:
SRC-A-0042,Agentic,P_SYS_STATE|P_SYS_CONTROL|P_SYS_HARDWARE|P_INT_SAFETY|P_INT_TAMPER,NO_CURATED_PRIOR|PREREQUISITE_FILTER:
SRC-A-0083,Agentic,P_SYS_STATE|P_SYS_CONTROL|P_SYS_HARDWARE|P_INT_SAFETY|P_INT_TAMPER,CURATED_SOURCE_MECHANISM_PRIOR:P_SYS_STATE|PREREQUISITE_FILTER:
SRC-P-0001,Physical,P_SYS_STATE|P_SYS_CONTROL|P_SYS_HARDWARE|P_INT_SAFETY|P_INT_TAMPER,NO_CURATED_PRIOR|PREREQUISITE_FILTER:
SRC-P-0003,Physical,P_SYS_STATE|P_SYS_CONTROL|P_SYS_HARDWARE|P_INT_SAFETY|P_INT_TAMPER,NO_CURATED_PRIOR|PREREQUISITE_FILTER:
SRC-P-0011,Physical,P_SYS_STATE|P_SYS_CONTROL|P_SYS_HARDWARE|P_INT_SAFETY|P_INT_TAMPER,CURATED_SOURCE_MECHANISM_PRIOR:P_SYS_STATE|PREREQUISITE_FILTER:
SRC-P-0013,Physical,P_SYS_STATE|P_SYS_CONTROL|P_SYS_HARDWARE|P_INT_SAFETY|P_INT_TAMPER,NO_CURATED_PRIOR|PREREQUISITE_FILTER:
SRC-P-0014,Physical,P_SYS_STATE|P_SYS_CONTROL|P_SYS_HARDWARE|P_INT_SAFETY|P_INT_TAMPER,NO_CURATED_PRIOR|PREREQUISITE_FILTER:
SRC-P-0015,Physical,P_SYS_STATE|P_SYS_CONTROL|P_SYS_HARDWARE|P_INT_SAFETY|P_INT_TAMPER,CURATED_SOURCE_MECHANISM_PRIOR:P_SYS_CONTROL|PREREQUISITE_FILTER:
SRC-P-0016,Physical,P_SYS_STATE|P_SYS_CONTROL|P_SYS_HARDWARE|P_INT_SAFETY|P_INT_TAMPER,NO_CURATED_PRIOR|PREREQUISITE_FILTER:
SRC-P-0017,Physical,P_SYS_STATE|P_SYS_CONTROL|P_SYS_HARDWARE|P_INT_SAFETY|P_INT_TAMPER,CURATED_SOURCE_MECHANISM_PRIOR:P_INT_SAFETY|PREREQUISITE_FILTER:
SRC-P-0018,Physical,P_SYS_STATE|P_SYS_CONTROL|P_SYS_HARDWARE|P_INT_SAFETY|P_INT_TAMPER,NO_CURATED_PRIOR|PREREQUISITE_FILTER:
SRC-P-0019,Physical,P_SYS_STATE|P_SYS_CONTROL|P_SYS_HARDWARE|P_INT_SAFETY|P_INT_TAMPER,NO_CURATED_PRIOR|PREREQUISITE_FILTER:
SRC-P-0020,Physical,P_SYS_STATE|P_SYS_CONTROL|P_SYS_HARDWARE|P_INT_SAFETY|P_INT_TAMPER,NO_CURATED_PRIOR|PREREQUISITE_FILTER:
SRC-P-0021,Physical,P_SYS_STATE|P_SYS_CONTROL|P_SYS_HARDWARE|P_INT_SAFETY|P_INT_TAMPER,NO_CURATED_PRIOR|PREREQUISITE_FILTER:
SRC-P-0022,Physical,P_SYS_STATE|P_SYS_CONTROL|P_SYS_HARDWARE|P_INT_SAFETY|P_INT_TAMPER,NO_CURATED_PRIOR|PREREQUISITE_FILTER:
SRC-P-0023,Physical,P_SYS_STATE|P_SYS_CONTROL|P_SYS_HARDWARE|P_INT_SAFETY|P_INT_TAMPER,NO_CURATED_PRIOR|PREREQUISITE_FILTER:
SRC-P-0024,Physical,P_SYS_STATE|P_SYS_CONTROL|P_SYS_HARDWARE|P_INT_SAFETY|P_INT_TAMPER,NO_CURATED_PRIOR|PREREQUISITE_FILTER:
SRC-P-0025,Physical,P_SYS_STATE|P_SYS_CONTROL|P_SYS_HARDWARE|P_INT_SAFETY|P_INT_TAMPER,NO_CURATED_PRIOR|PREREQUISITE_FILTER:
SRC-P-0026,Physical,P_SYS_STATE|P_SYS_CONTROL|P_SYS_HARDWARE|P_INT_SAFETY|P_INT_TAMPER,NO_CURATED_PRIOR|PREREQUISITE_FILTER:
SRC-P-0027,Physical,P_SYS_STATE|P_SYS_CONTROL|P_SYS_HARDWARE|P_INT_SAFETY|P_INT_TAMPER,NO_CURATED_PRIOR|PREREQUISITE_FILTER:
SRC-P-0028,Physical,P_SYS_STATE|P_SYS_CONTROL|P_SYS_HARDWARE|P_INT_SAFETY|P_INT_TAMPER,NO_CURATED_PRIOR|PREREQUISITE_FILTER:
SRC-P-0029,Physical,P_SYS_STATE|P_SYS_CONTROL|P_SYS_HARDWARE|P_INT_SAFETY|P_INT_TAMPER,NO_CURATED_PRIOR|PREREQUISITE_FILTER:
SRC-P-0030,Physical,P_SYS_STATE|P_SYS_CONTROL|P_SYS_HARDWARE|P_INT_SAFETY|P_INT_TAMPER,NO_CURATED_PRIOR|PREREQUISITE_FILTER:
SRC-P-0031,Physical,P_SYS_STATE|P_SYS_CONTROL|P_SYS_HARDWARE|P_INT_SAFETY|P_INT_TAMPER,CURATED_SOURCE_MECHANISM_PRIOR:P_SYS_CONTROL|PREREQUISITE_FILTER:
SRC-P-0032,Physical,P_SYS_STATE|P_SYS_CONTROL|P_SYS_HARDWARE|P_INT_SAFETY|P_INT_TAMPER,NO_CURATED_PRIOR|PREREQUISITE_FILTER:
SRC-P-0033,Physical,P_SYS_STATE|P_SYS_CONTROL|P_SYS_HARDWARE|P_INT_SAFETY|P_INT_TAMPER,NO_CURATED_PRIOR|PREREQUISITE_FILTER:
SRC-P-0034,Physical,P_SYS_STATE|P_SYS_CONTROL|P_SYS_HARDWARE|P_INT_SAFETY|P_INT_TAMPER,NO_CURATED_PRIOR|PREREQUISITE_FILTER:
SRC-P-0035,Physical,P_SYS_STATE|P_SYS_CONTROL|P_SYS_HARDWARE|P_INT_SAFETY|P_INT_TAMPER,NO_CURATED_PRIOR|PREREQUISITE_FILTER:
SRC-P-0036,Physical,P_SYS_STATE|P_SYS_CONTROL|P_SYS_HARDWARE|P_INT_SAFETY|P_INT_TAMPER,NO_CURATED_PRIOR|PREREQUISITE_FILTER:
SRC-P-0037,Physical,P_SYS_STATE|P_SYS_CONTROL|P_SYS_HARDWARE|P_INT_SAFETY|P_INT_TAMPER,NO_CURATED_PRIOR|PREREQUISITE_FILTER:
SRC-P-0038,Physical,P_SYS_STATE|P_SYS_CONTROL|P_SYS_HARDWARE|P_INT_SAFETY|P_INT_TAMPER,NO_CURATED_PRIOR|PREREQUISITE_FILTER:
SRC-P-0039,Physical,P_SYS_STATE|P_SYS_CONTROL|P_SYS_HARDWARE|P_INT_SAFETY|P_INT_TAMPER,NO_CURATED_PRIOR|PREREQUISITE_FILTER:
SRC-P-0040,Physical,P_SYS_STATE|P_SYS_CONTROL|P_SYS_HARDWARE|P_INT_SAFETY|P_INT_TAMPER,CURATED_SOURCE_MECHANISM_PRIOR:P_SYS_CONTROL|PREREQUISITE_FILTER:
SRC-P-0041,Physical,P_SYS_STATE|P_SYS_CONTROL|P_SYS_HARDWARE|P_INT_SAFETY|P_INT_TAMPER,NO_CURATED_PRIOR|PREREQUISITE_FILTER:
SRC-P-0042,Physical,P_SYS_STATE|P_SYS_CONTROL|P_SYS_HARDWARE|P_INT_SAFETY|P_INT_TAMPER,NO_CURATED_PRIOR|PREREQUISITE_FILTER:
SRC-P-0043,Physical,P_SYS_STATE|P_SYS_CONTROL|P_SYS_HARDWARE|P_INT_SAFETY|P_INT_TAMPER,NO_CURATED_PRIOR|PREREQUISITE_FILTER:
SRC-P-0044,Physical,P_SYS_STATE|P_SYS_CONTROL|P_SYS_HARDWARE|P_INT_SAFETY|P_INT_TAMPER,NO_CURATED_PRIOR|PREREQUISITE_FILTER:
SRC-P-0045,Physical,P_SYS_STATE|P_SYS_CONTROL|P_SYS_HARDWARE|P_INT_SAFETY|P_INT_TAMPER,NO_CURATED_PRIOR|PREREQUISITE_FILTER:
SRC-P-0046,Physical,P_SYS_STATE|P_SYS_CONTROL|P_SYS_HARDWARE|P_INT_SAFETY|P_INT_TAMPER,NO_CURATED_PRIOR|PREREQUISITE_FILTER:
SRC-P-0048,Physical,P_SYS_STATE|P_SYS_CONTROL|P_SYS_HARDWARE|P_INT_SAFETY|P_INT_TAMPER,NO_CURATED_PRIOR|PREREQUISITE_FILTER:
SRC-P-0049,Physical,P_SYS_STATE|P_SYS_CONTROL|P_SYS_HARDWARE|P_INT_SAFETY|P_INT_TAMPER,NO_CURATED_PRIOR|PREREQUISITE_FILTER:
SRC-P-0050,Physical,P_SYS_STATE|P_SYS_CONTROL|P_SYS_HARDWARE|P_INT_SAFETY|P_INT_TAMPER,NO_CURATED_PRIOR|PREREQUISITE_FILTER:
SRC-P-0053,Physical,P_SYS_STATE|P_SYS_CONTROL|P_SYS_HARDWARE|P_INT_SAFETY|P_INT_TAMPER,NO_CURATED_PRIOR|PREREQUISITE_FILTER:
SRC-P-0054,Physical,P_SYS_STATE|P_SYS_CONTROL|P_SYS_HARDWARE|P_INT_SAFETY|P_INT_TAMPER,CURATED_SOURCE_MECHANISM_PRIOR:P_SYS_CONTROL|PREREQUISITE_FILTER:
SRC-P-0057,Physical,P_SYS_STATE|P_SYS_CONTROL|P_SYS_HARDWARE|P_INT_SAFETY|P_INT_TAMPER,NO_CURATED_PRIOR|PREREQUISITE_FILTER:
SRC-P-0059,Physical,P_SYS_STATE|P_SYS_CONTROL|P_SYS_HARDWARE|P_INT_SAFETY|P_INT_TAMPER,NO_CURATED_PRIOR|PREREQUISITE_FILTER:
SRC-P-0060,Physical,P_SYS_STATE|P_SYS_CONTROL|P_SYS_HARDWARE|P_INT_SAFETY|P_INT_TAMPER,NO_CURATED_PRIOR|PREREQUISITE_FILTER:
SRC-P-0061,Physical,P_SYS_STATE|P_SYS_CONTROL|P_SYS_HARDWARE|P_INT_SAFETY|P_INT_TAMPER,NO_CURATED_PRIOR|PREREQUISITE_FILTER:
SRC-P-0073,Physical,P_SYS_STATE|P_SYS_CONTROL|P_SYS_HARDWARE|P_INT_SAFETY|P_INT_TAMPER,CURATED_SOURCE_MECHANISM_PRIOR:P_SYS_CONTROL|PREREQUISITE_FILTER:
SRC-P-0099,Physical,P_SYS_STATE|P_SYS_CONTROL|P_SYS_HARDWARE|P_INT_SAFETY|P_INT_TAMPER,CURATED_SOURCE_MECHANISM_PRIOR:P_SYS_CONTROL|PREREQUISITE_FILTER:
SRC-P-0101,Physical,P_SYS_STATE|P_SYS_CONTROL|P_SYS_HARDWARE|P_INT_SAFETY|P_INT_TAMPER,NO_CURATED_PRIOR|PREREQUISITE_FILTER:
SRC-P-0103,Physical,P_SYS_STATE|P_SYS_CONTROL|P_SYS_HARDWARE|P_INT_SAFETY|P_INT_TAMPER,NO_CURATED_PRIOR|PREREQUISITE_FILTER:
SRC-P-0104,Physical,P_SYS_STATE|P_SYS_CONTROL|P_SYS_HARDWARE|P_INT_SAFETY|P_INT_TAMPER,NO_CURATED_PRIOR|PREREQUISITE_FILTER:
SRC-P-0105,Physical,P_SYS_STATE|P_SYS_CONTROL|P_SYS_HARDWARE|P_INT_SAFETY|P_INT_TAMPER,NO_CURATED_PRIOR|PREREQUISITE_FILTER:
SRC-P-0106,Physical,P_SYS_STATE|P_SYS_CONTROL|P_SYS_HARDWARE|P_INT_SAFETY|P_INT_TAMPER,NO_CURATED_PRIOR|PREREQUISITE_FILTER:
SRC-P-0107,Physical,P_SYS_STATE|P_SYS_CONTROL|P_SYS_HARDWARE|P_INT_SAFETY|P_INT_TAMPER,NO_CURATED_PRIOR|PREREQUISITE_FILTER:
SRC-P-0108,Physical,P_SYS_STATE|P_SYS_CONTROL|P_SYS_HARDWARE|P_INT_SAFETY|P_INT_TAMPER,NO_CURATED_PRIOR|PREREQUISITE_FILTER:
SRC-P-0110,Physical,P_SYS_STATE|P_SYS_CONTROL|P_SYS_HARDWARE|P_INT_SAFETY|P_INT_TAMPER,NO_CURATED_PRIOR|PREREQUISITE_FILTER:
SRC-P-0112,Physical,P_SYS_STATE|P_SYS_CONTROL|P_SYS_HARDWARE|P_INT_SAFETY|P_INT_TAMPER,NO_CURATED_PRIOR|PREREQUISITE_FILTER:
SRC-P-0113,Physical,P_SYS_STATE|P_SYS_CONTROL|P_SYS_HARDWARE|P_INT_SAFETY|P_INT_TAMPER,NO_CURATED_PRIOR|PREREQUISITE_FILTER:
SRC-P-0121,Physical,P_SYS_STATE|P_SYS_CONTROL|P_SYS_HARDWARE|P_INT_SAFETY|P_INT_TAMPER,NO_CURATED_PRIOR|PREREQUISITE_FILTER:
SRC-P-0122,Physical,P_SYS_STATE|P_SYS_CONTROL|P_SYS_HARDWARE|P_INT_SAFETY|P_INT_TAMPER,NO_CURATED_PRIOR|PREREQUISITE_FILTER:
SRC-P-0123,Physical,P_SYS_STATE|P_SYS_CONTROL|P_SYS_HARDWARE|P_INT_SAFETY|P_INT_TAMPER,NO_CURATED_PRIOR|PREREQUISITE_FILTER:
SRC-P-0124,Physical,P_SYS_STATE|P_SYS_CONTROL|P_SYS_HARDWARE|P_INT_SAFETY|P_INT_TAMPER,NO_CURATED_PRIOR|PREREQUISITE_FILTER:
SRC-P-0125,Physical,P_SYS_STATE|P_SYS_CONTROL|P_SYS_HARDWARE|P_INT_SAFETY|P_INT_TAMPER,CURATED_SOURCE_MECHANISM_PRIOR:P_SYS_STATE|PREREQUISITE_FILTER:
SRC-P-0126,Physical,P_SYS_STATE|P_SYS_CONTROL|P_SYS_HARDWARE|P_INT_SAFETY|P_INT_TAMPER,NO_CURATED_PRIOR|PREREQUISITE_FILTER:
SRC-P-0128,Physical,P_SYS_STATE|P_SYS_CONTROL|P_SYS_HARDWARE|P_INT_SAFETY|P_INT_TAMPER,NO_CURATED_PRIOR|PREREQUISITE_FILTER:
SRC-P-0129,Physical,P_SYS_STATE|P_SYS_CONTROL|P_SYS_HARDWARE|P_INT_SAFETY|P_INT_TAMPER,NO_CURATED_PRIOR|PREREQUISITE_FILTER:
SRC-P-0130,Physical,P_SYS_STATE|P_SYS_CONTROL|P_SYS_HARDWARE|P_INT_SAFETY|P_INT_TAMPER,NO_CURATED_PRIOR|PREREQUISITE_FILTER:
SRC-P-0139,Physical,P_SYS_STATE|P_SYS_CONTROL|P_SYS_HARDWARE|P_INT_SAFETY|P_INT_TAMPER,CURATED_SOURCE_MECHANISM_PRIOR:P_SYS_STATE|PREREQUISITE_FILTER:
SRC-P-0142,Physical,P_SYS_STATE|P_SYS_CONTROL|P_SYS_HARDWARE|P_INT_SAFETY|P_INT_TAMPER,NO_CURATED_PRIOR|PREREQUISITE_FILTER:
SRC-P-0143,Physical,P_SYS_STATE|P_SYS_CONTROL|P_SYS_HARDWARE|P_INT_SAFETY|P_INT_TAMPER,NO_CURATED_PRIOR|PREREQUISITE_FILTER:
SRC-P-0146,Physical,P_SYS_STATE|P_SYS_CONTROL|P_SYS_HARDWARE|P_INT_SAFETY|P_INT_TAMPER,NO_CURATED_PRIOR|PREREQUISITE_FILTER:
SRC-P-0147,Physical,P_SYS_STATE|P_SYS_CONTROL|P_SYS_HARDWARE|P_INT_SAFETY|P_INT_TAMPER,NO_CURATED_PRIOR|PREREQUISITE_FILTER:
SRC-P-0148,Physical,P_SYS_STATE|P_SYS_CONTROL|P_SYS_HARDWARE|P_INT_SAFETY|P_INT_TAMPER,NO_CURATED_PRIOR|PREREQUISITE_FILTER:
SRC-P-0149,Physical,P_SYS_STATE|P_SYS_CONTROL|P_SYS_HARDWARE|P_INT_SAFETY|P_INT_TAMPER,NO_CURATED_PRIOR|PREREQUISITE_FILTER:
SRC-P-0150,Physical,P_SYS_STATE|P_SYS_CONTROL|P_SYS_HARDWARE|P_INT_SAFETY|P_INT_TAMPER,NO_CURATED_PRIOR|PREREQUISITE_FILTER:
SRC-P-0151,Physical,P_SYS_STATE|P_SYS_CONTROL|P_SYS_HARDWARE|P_INT_SAFETY|P_INT_TAMPER,CURATED_SOURCE_MECHANISM_PRIOR:P_SYS_CONTROL|PREREQUISITE_FILTER:
SRC-P-0152,Physical,P_SYS_STATE|P_SYS_CONTROL|P_SYS_HARDWARE|P_INT_SAFETY|P_INT_TAMPER,NO_CURATED_PRIOR|PREREQUISITE_FILTER:
SRC-P-0153,Physical,P_SYS_STATE|P_SYS_CONTROL|P_SYS_HARDWARE|P_INT_SAFETY|P_INT_TAMPER,CURATED_SOURCE_MECHANISM_PRIOR:P_SYS_CONTROL|PREREQUISITE_FILTER:
SRC-P-0154,Physical,P_SYS_STATE|P_SYS_CONTROL|P_SYS_HARDWARE|P_INT_SAFETY|P_INT_TAMPER,CURATED_SOURCE_MECHANISM_PRIOR:P_SYS_CONTROL|PREREQUISITE_FILTER:
SRC-P-0155,Physical,P_SYS_STATE|P_SYS_CONTROL|P_SYS_HARDWARE|P_INT_SAFETY|P_INT_TAMPER,NO_CURATED_PRIOR|PREREQUISITE_FILTER:
SRC-P-0156,Physical,P_SYS_STATE|P_SYS_CONTROL|P_SYS_HARDWARE|P_INT_SAFETY|P_INT_TAMPER,NO_CURATED_PRIOR|PREREQUISITE_FILTER:
SRC-P-0158,Physical,P_SYS_STATE|P_SYS_CONTROL|P_SYS_HARDWARE|P_INT_SAFETY|P_INT_TAMPER,CURATED_SOURCE_MECHANISM_PRIOR:P_SYS_STATE|PREREQUISITE_FILTER:
SRC-P-0159,Physical,P_SYS_STATE|P_SYS_CONTROL|P_SYS_HARDWARE|P_INT_SAFETY|P_INT_TAMPER,NO_CURATED_PRIOR|PREREQUISITE_FILTER:
SRC-P-0160,Physical,P_SYS_STATE|P_SYS_CONTROL|P_SYS_HARDWARE|P_INT_SAFETY|P_INT_TAMPER,NO_CURATED_PRIOR|PREREQUISITE_FILTER:
SRC-P-0161,Physical,P_SYS_STATE|P_SYS_CONTROL|P_SYS_HARDWARE|P_INT_SAFETY|P_INT_TAMPER,NO_CURATED_PRIOR|PREREQUISITE_FILTER:
SRC-P-0165,Physical,P_SYS_STATE|P_SYS_CONTROL|P_SYS_HARDWARE|P_INT_SAFETY|P_INT_TAMPER,CURATED_SOURCE_MECHANISM_PRIOR:P_SYS_STATE|PREREQUISITE_FILTER:
SRC-P-0168,Physical,P_SYS_STATE|P_SYS_CONTROL|P_SYS_HARDWARE|P_INT_SAFETY|P_INT_TAMPER,NO_CURATED_PRIOR|PREREQUISITE_FILTER:
SRC-P-0169,Physical,P_SYS_STATE|P_SYS_CONTROL|P_SYS_HARDWARE|P_INT_SAFETY|P_INT_TAMPER,NO_CURATED_PRIOR|PREREQUISITE_FILTER:
SRC-P-0170,Physical,P_SYS_STATE|P_SYS_CONTROL|P_SYS_HARDWARE|P_INT_SAFETY|P_INT_TAMPER,NO_CURATED_PRIOR|PREREQUISITE_FILTER:
SRC-P-0172,Physical,P_SYS_STATE|P_SYS_CONTROL|P_SYS_HARDWARE|P_INT_SAFETY|P_INT_TAMPER,NO_CURATED_PRIOR|PREREQUISITE_FILTER:
SRC-P-0179,Physical,P_SYS_STATE|P_SYS_CONTROL|P_SYS_HARDWARE|P_INT_SAFETY|P_INT_TAMPER,CURATED_SOURCE_MECHANISM_PRIOR:P_SYS_CONTROL|PREREQUISITE_FILTER:
SRC-P-0181,Physical,P_SYS_STATE|P_SYS_CONTROL|P_SYS_HARDWARE|P_INT_SAFETY|P_INT_TAMPER,NO_CURATED_PRIOR|PREREQUISITE_FILTER:
SRC-P-0182,Physical,P_SYS_STATE|P_SYS_CONTROL|P_SYS_HARDWARE|P_INT_SAFETY|P_INT_TAMPER,CURATED_SOURCE_MECHANISM_PRIOR:P_INT_SAFETY|PREREQUISITE_FILTER:
SRC-P-0183,Physical,P_SYS_STATE|P_SYS_CONTROL|P_SYS_HARDWARE|P_INT_SAFETY|P_INT_TAMPER,NO_CURATED_PRIOR|PREREQUISITE_FILTER:
SRC-P-0184,Physical,P_SYS_STATE|P_SYS_CONTROL|P_SYS_HARDWARE|P_INT_SAFETY|P_INT_TAMPER,NO_CURATED_PRIOR|PREREQUISITE_FILTER:
SRC-P-0185,Physical,P_SYS_STATE|P_SYS_CONTROL|P_SYS_HARDWARE|P_INT_SAFETY|P_INT_TAMPER,NO_CURATED_PRIOR|PREREQUISITE_FILTER:
SRC-P-0187,Physical,P_SYS_STATE|P_SYS_CONTROL|P_SYS_HARDWARE|P_INT_SAFETY|P_INT_TAMPER,NO_CURATED_PRIOR|PREREQUISITE_FILTER:
SRC-P-0193,Physical,P_SYS_STATE|P_SYS_CONTROL|P_SYS_HARDWARE|P_INT_SAFETY|P_INT_TAMPER,NO_CURATED_PRIOR|PREREQUISITE_FILTER:
SRC-P-0203,Physical,P_SYS_STATE|P_SYS_CONTROL|P_SYS_HARDWARE|P_INT_SAFETY|P_INT_TAMPER,NO_CURATED_PRIOR|PREREQUISITE_FILTER:
SRC-P-0206,Physical,P_SYS_STATE|P_SYS_CONTROL|P_SYS_HARDWARE|P_INT_SAFETY|P_INT_TAMPER,NO_CURATED_PRIOR|PREREQUISITE_FILTER:
SRC-P-0211,Physical,P_SYS_STATE|P_SYS_CONTROL|P_SYS_HARDWARE|P_INT_SAFETY|P_INT_TAMPER,NO_CURATED_PRIOR|PREREQUISITE_FILTER:
SRC-P-0213,Physical,P_SYS_STATE|P_SYS_CONTROL|P_SYS_HARDWARE|P_INT_SAFETY|P_INT_TAMPER,NO_CURATED_PRIOR|PREREQUISITE_FILTER:
SRC-P-0214,Physical,P_SYS_STATE|P_SYS_CONTROL|P_SYS_HARDWARE|P_INT_SAFETY|P_INT_TAMPER,NO_CURATED_PRIOR|PREREQUISITE_FILTER:
SRC-P-0215,Physical,P_SYS_STATE|P_SYS_CONTROL|P_SYS_HARDWARE|P_INT_SAFETY|P_INT_TAMPER,NO_CURATED_PRIOR|PREREQUISITE_FILTER:
