source_row_id,source_domain,source_l4_id,title_ko,title_en,mapped_l3_id,mapping_method,em_score,em_anchor_score,hybrid_score,keyword_support_score,l3_candidate_hint,top5_l3_scores
SRC-G-0002,General,RAI4-0021,거절-능력 혼동,Refusal-capability confusion,G_Others,HD,0.771154,0.74619,0.794081,0.1,,"[{""l3_id"": ""G_SYS_OREF"", ""em_score"": 0.771154, ""hybrid_score"": 0.794081, ""keyword_prior"": 0.022926, ""lexical_support"": 0.1}, {""l3_id"": ""G_SYS_EVAL"", ""em_score"": 0.758811, ""hybrid_score"": 0.775932, ""keyword_prior"": 0.017121, ""lexical_support"": 0.1}, {""l3_id"": ""G_SYS_CONTEXT"", ""em_score"": 0.711822, ""hybrid_score"": 0.72694, ""keyword_prior"": 0.015119, ""lexical_support"": 0.0}, {""l3_id"": ""G_SYS_INPUT"", ""em_score"": 0.710284, ""hybrid_score"": 0.723792, ""keyword_prior"": 0.013508, ""lexical_support"": 0.0}, {""l3_id"": ""G_SYS_TRANS"", ""em_score"": 0.683871, ""hybrid_score"": 0.693528, ""keyword_prior"": 0.009656, ""lexical_support"": 0.0}]"
SRC-G-0003,General,RAI4-0065,인증 포획,Certification capture,G_SYS_EVAL,EM,0.69329,0.664111,0.717175,0.2,,"[{""l3_id"": ""G_SYS_EVAL"", ""em_score"": 0.69329, ""hybrid_score"": 0.717175, ""keyword_prior"": 0.023885, ""lexical_support"": 0.2}, {""l3_id"": ""G_SYS_OREF"", ""em_score"": 0.658359, ""hybrid_score"": 0.667635, ""keyword_prior"": 0.009276, ""lexical_support"": 0.0}, {""l3_id"": ""G_SYS_TRANS"", ""em_score"": 0.655181, ""hybrid_score"": 0.659775, ""keyword_prior"": 0.004595, ""lexical_support"": 0.0}, {""l3_id"": ""G_SYS_CONTEST"", ""em_score"": 0.646947, ""hybrid_score"": 0.65449, ""keyword_prior"": 0.007543, ""lexical_support"": 0.0}, {""l3_id"": ""G_SYS_INPUT"", ""em_score"": 0.624642, ""hybrid_score"": 0.632684, ""keyword_prior"": 0.008042, ""lexical_support"": 0.0}]"
SRC-G-0004,General,RAI4-0066,감사 체크리스트의 형식적 준수,Formalistic audit-checklist compliance,G_SYS_EVAL,EM,0.65861,0.631761,0.671433,0.0,,"[{""l3_id"": ""G_SYS_EVAL"", ""em_score"": 0.65861, ""hybrid_score"": 0.671433, ""keyword_prior"": 0.012823, ""lexical_support"": 0.0}, {""l3_id"": ""G_SYS_INCONS"", ""em_score"": 0.614525, ""hybrid_score"": 0.618625, ""keyword_prior"": 0.004101, ""lexical_support"": 0.0}, {""l3_id"": ""G_SYS_OREF"", ""em_score"": 0.609586, ""hybrid_score"": 0.613803, ""keyword_prior"": 0.004217, ""lexical_support"": 0.0}, {""l3_id"": ""G_SYS_TRANS"", ""em_score"": 0.604522, ""hybrid_score"": 0.604937, ""keyword_prior"": 0.000415, ""lexical_support"": 0.0}, {""l3_id"": ""G_SYS_INPUT"", ""em_score"": 0.592719, ""hybrid_score"": 0.596586, ""keyword_prior"": 0.003867, ""lexical_support"": 0.0}]"
SRC-G-0005,General,RAI4-0081,외부 평가 접근 실패,External evaluation access failure,G_SYS_EVAL,EM,0.789542,0.769343,0.833357,0.4,,"[{""l3_id"": ""G_SYS_EVAL"", ""em_score"": 0.789542, ""hybrid_score"": 0.833357, ""keyword_prior"": 0.043815, ""lexical_support"": 0.4}, {""l3_id"": ""G_SYS_INPUT"", ""em_score"": 0.692826, ""hybrid_score"": 0.722489, ""keyword_prior"": 0.029663, ""lexical_support"": 0.3}, {""l3_id"": ""G_SYS_CONTEXT"", ""em_score"": 0.691348, ""hybrid_score"": 0.717466, ""keyword_prior"": 0.026118, ""lexical_support"": 0.3}, {""l3_id"": ""G_SYS_OREF"", ""em_score"": 0.703506, ""hybrid_score"": 0.71431, ""keyword_prior"": 0.010804, ""lexical_support"": 0.0}, {""l3_id"": ""G_SYS_OEXT"", ""em_score"": 0.698245, ""hybrid_score"": 0.709664, ""keyword_prior"": 0.01142, ""lexical_support"": 0.0}]"
SRC-G-0006,General,RAI4-0084,평가 쇼핑,Evaluation-shopping risk,G_Others,HD,0.67976,0.650704,0.702989,0.3,,"[{""l3_id"": ""G_SYS_EVAL"", ""em_score"": 0.67976, ""hybrid_score"": 0.702989, ""keyword_prior"": 0.023229, ""lexical_support"": 0.3}, {""l3_id"": ""G_SYS_OREF"", ""em_score"": 0.685393, ""hybrid_score"": 0.693257, ""keyword_prior"": 0.007864, ""lexical_support"": 0.0}, {""l3_id"": ""G_SYS_OEXT"", ""em_score"": 0.655565, ""hybrid_score"": 0.655522, ""keyword_prior"": -4.2e-05, ""lexical_support"": 0.0}, {""l3_id"": ""G_SYS_MISINFO"", ""em_score"": 0.652331, ""hybrid_score"": 0.653005, ""keyword_prior"": 0.000674, ""lexical_support"": 0.0}, {""l3_id"": ""G_SYS_CONTEXT"", ""em_score"": 0.624144, ""hybrid_score"": 0.636904, ""keyword_prior"": 0.01276, ""lexical_support"": 0.1}]"
SRC-G-0007,General,RAI4-0085,레드팀 거버넌스 실패,Red-team governance failure,G_SYS_EVAL,EM,0.748022,0.722173,0.780666,0.3,,"[{""l3_id"": ""G_SYS_EVAL"", ""em_score"": 0.748021, ""hybrid_score"": 0.780666, ""keyword_prior"": 0.032644, ""lexical_support"": 0.3}, {""l3_id"": ""G_SYS_TRANS"", ""em_score"": 0.708129, ""hybrid_score"": 0.725853, ""keyword_prior"": 0.017724, ""lexical_support"": 0.0}, {""l3_id"": ""G_SYS_SECADV"", ""em_score"": 0.694013, ""hybrid_score"": 0.72252, ""keyword_prior"": 0.028507, ""lexical_support"": 0.4}, {""l3_id"": ""G_SOC_GOV"", ""em_score"": 0.679778, ""hybrid_score"": 0.714824, ""keyword_prior"": 0.035046, ""lexical_support"": 0.3}, {""l3_id"": ""G_SYS_CONTEXT"", ""em_score"": 0.660308, ""hybrid_score"": 0.685331, ""keyword_prior"": 0.025023, ""lexical_support"": 0.3}]"
SRC-G-0008,General,RAI4-0108,역량 평가·출시 거버넌스 실패,Failure of capability evaluation and release governance,G_SYS_EVAL,EM,0.781063,0.755562,0.82321,0.4,,"[{""l3_id"": ""G_SYS_EVAL"", ""em_score"": 0.781063, ""hybrid_score"": 0.82321, ""keyword_prior"": 0.042147, ""lexical_support"": 0.4}, {""l3_id"": ""G_SOC_GOV"", ""em_score"": 0.736589, ""hybrid_score"": 0.783888, ""keyword_prior"": 0.047299, ""lexical_support"": 0.5}, {""l3_id"": ""G_SYS_CONTEXT"", ""em_score"": 0.704217, ""hybrid_score"": 0.732012, ""keyword_prior"": 0.027795, ""lexical_support"": 0.3}, {""l3_id"": ""G_SYS_TRANS"", ""em_score"": 0.713907, ""hybrid_score"": 0.727371, ""keyword_prior"": 0.013463, ""lexical_support"": 0.0}, {""l3_id"": ""G_SYS_OEXT"", ""em_score"": 0.703722, ""hybrid_score"": 0.721905, ""keyword_prior"": 0.018183, ""lexical_support"": 0.1}]"
SRC-G-0009,General,RAI4-0114,의미 있는 인간 통제 실패,Meaningful human control failure,G_Others,HD,0.726307,0.696435,0.755513,0.3,,"[{""l3_id"": ""G_SYS_INPUT"", ""em_score"": 0.726307, ""hybrid_score"": 0.755513, ""keyword_prior"": 0.029206, ""lexical_support"": 0.3}, {""l3_id"": ""G_SYS_CONTEXT"", ""em_score"": 0.71267, ""hybrid_score"": 0.736194, ""keyword_prior"": 0.023524, ""lexical_support"": 0.3}, {""l3_id"": ""G_SYS_EVAL"", ""em_score"": 0.713852, ""hybrid_score"": 0.736039, ""keyword_prior"": 0.022187, ""lexical_support"": 0.3}, {""l3_id"": ""G_SYS_TRANS"", ""em_score"": 0.712974, ""hybrid_score"": 0.718056, ""keyword_prior"": 0.005082, ""lexical_support"": 0.0}, {""l3_id"": ""G_SYS_OREF"", ""em_score"": 0.701049, ""hybrid_score"": 0.706734, ""keyword_prior"": 0.005686, ""lexical_support"": 0.0}]"
SRC-G-0017,General,RAI4-0494,규제·관리·운영 복합 실패,"Combined Regulatory, Governance, and Operational Failure",G_SYS_EVAL,EM,0.68908,0.66205,0.724611,0.4,,"[{""l3_id"": ""G_SYS_EVAL"", ""em_score"": 0.68908, ""hybrid_score"": 0.724611, ""keyword_prior"": 0.035531, ""lexical_support"": 0.4}, {""l3_id"": ""G_SOC_GOV"", ""em_score"": 0.67521, ""hybrid_score"": 0.702211, ""keyword_prior"": 0.027001, ""lexical_support"": 0.2}, {""l3_id"": ""G_SYS_INPUT"", ""em_score"": 0.6624, ""hybrid_score"": 0.696856, ""keyword_prior"": 0.034456, ""lexical_support"": 0.4}, {""l3_id"": ""G_SYS_CONTEXT"", ""em_score"": 0.658922, ""hybrid_score"": 0.691746, ""keyword_prior"": 0.032824, ""lexical_support"": 0.4}, {""l3_id"": ""G_SYS_OREF"", ""em_score"": 0.671324, ""hybrid_score"": 0.676613, ""keyword_prior"": 0.005289, ""lexical_support"": 0.0}]"
SRC-G-0018,General,RAI4-0516,잘못된 위험 측정과 예측 오류,Incorrect risk measurement and prediction,G_SYS_EVAL,EM,0.761747,0.734392,0.780764,0.1,,"[{""l3_id"": ""G_SYS_EVAL"", ""em_score"": 0.761747, ""hybrid_score"": 0.780764, ""keyword_prior"": 0.019017, ""lexical_support"": 0.1}, {""l3_id"": ""G_SYS_INCONS"", ""em_score"": 0.747148, ""hybrid_score"": 0.754502, ""keyword_prior"": 0.007354, ""lexical_support"": 0.0}, {""l3_id"": ""G_SYS_INPUT"", ""em_score"": 0.727424, ""hybrid_score"": 0.747183, ""keyword_prior"": 0.019759, ""lexical_support"": 0.1}, {""l3_id"": ""G_SYS_CONTEXT"", ""em_score"": 0.717272, ""hybrid_score"": 0.735486, ""keyword_prior"": 0.018214, ""lexical_support"": 0.2}, {""l3_id"": ""G_SYS_OREF"", ""em_score"": 0.70825, ""hybrid_score"": 0.71317, ""keyword_prior"": 0.00492, ""lexical_support"": 0.0}]"
SRC-G-0019,General,RAI4-0671,복지 혜택 및 자격 상실,Denial of welfare benefits and entitlements,G_SYS_OREF,EM,0.773247,0.743098,0.791653,0.0,,"[{""l3_id"": ""G_SYS_OREF"", ""em_score"": 0.773247, ""hybrid_score"": 0.791653, ""keyword_prior"": 0.018407, ""lexical_support"": 0.0}, {""l3_id"": ""G_SOC_POWER"", ""em_score"": 0.733248, ""hybrid_score"": 0.739151, ""keyword_prior"": 0.005903, ""lexical_support"": 0.0}, {""l3_id"": ""G_INT_ALLOC"", ""em_score"": 0.715868, ""hybrid_score"": 0.725664, ""keyword_prior"": 0.009796, ""lexical_support"": 0.0}, {""l3_id"": ""G_SYS_EVAL"", ""em_score"": 0.717443, ""hybrid_score"": 0.724401, ""keyword_prior"": 0.006957, ""lexical_support"": 0.0}, {""l3_id"": ""G_SOC_GOV"", ""em_score"": 0.721699, ""hybrid_score"": 0.718356, ""keyword_prior"": -0.003343, ""lexical_support"": 0.0}]"
SRC-G-0020,General,RAI4-0850,점진적인 통제력 상실,Gradual loss of control,G_Others,HD,0.670191,0.640483,0.674176,0.0,,"[{""l3_id"": ""G_SOC_GOV"", ""em_score"": 0.670191, ""hybrid_score"": 0.674176, ""keyword_prior"": 0.003984, ""lexical_support"": 0.0}, {""l3_id"": ""G_SYS_OREF"", ""em_score"": 0.669373, ""hybrid_score"": 0.667444, ""keyword_prior"": -0.001929, ""lexical_support"": 0.0}, {""l3_id"": ""G_SYS_INCONS"", ""em_score"": 0.66307, ""hybrid_score"": 0.665061, ""keyword_prior"": 0.001991, ""lexical_support"": 0.0}, {""l3_id"": ""G_SYS_TRANS"", ""em_score"": 0.659418, ""hybrid_score"": 0.66071, ""keyword_prior"": 0.001292, ""lexical_support"": 0.0}, {""l3_id"": ""G_SOC_POWER"", ""em_score"": 0.64432, ""hybrid_score"": 0.650114, ""keyword_prior"": 0.005794, ""lexical_support"": 0.0}]"
SRC-G-0021,General,RAI4-0166,사용자 이해력 과부하,User comprehension overload,G_SYS_OEXT,EM,0.791566,0.769134,0.81371,0.1,,"[{""l3_id"": ""G_SYS_OEXT"", ""em_score"": 0.791566, ""hybrid_score"": 0.81371, ""keyword_prior"": 0.022144, ""lexical_support"": 0.1}, {""l3_id"": ""G_SYS_OREF"", ""em_score"": 0.779392, ""hybrid_score"": 0.79102, ""keyword_prior"": 0.011628, ""lexical_support"": 0.0}, {""l3_id"": ""G_SYS_INPUT"", ""em_score"": 0.709934, ""hybrid_score"": 0.738309, ""keyword_prior"": 0.028375, ""lexical_support"": 0.3}, {""l3_id"": ""G_SYS_TRANS"", ""em_score"": 0.718605, ""hybrid_score"": 0.722253, ""keyword_prior"": 0.003648, ""lexical_support"": 0.0}, {""l3_id"": ""G_SYS_CONTEXT"", ""em_score"": 0.691327, ""hybrid_score"": 0.69683, ""keyword_prior"": 0.005503, ""lexical_support"": 0.0}]"
SRC-G-0023,General,RAI4-0471,역량 오버행,Capability overhang,G_SYS_OEXT,EM,0.784193,0.765334,0.814566,0.2,,"[{""l3_id"": ""G_SYS_OEXT"", ""em_score"": 0.784193, ""hybrid_score"": 0.814566, ""keyword_prior"": 0.030373, ""lexical_support"": 0.2}, {""l3_id"": ""G_SYS_TRANS"", ""em_score"": 0.678075, ""hybrid_score"": 0.68172, ""keyword_prior"": 0.003645, ""lexical_support"": 0.0}, {""l3_id"": ""G_SOC_GOV"", ""em_score"": 0.663904, ""hybrid_score"": 0.680114, ""keyword_prior"": 0.016209, ""lexical_support"": 0.2}, {""l3_id"": ""G_SYS_OREF"", ""em_score"": 0.674139, ""hybrid_score"": 0.677901, ""keyword_prior"": 0.003762, ""lexical_support"": 0.0}, {""l3_id"": ""G_SYS_EVAL"", ""em_score"": 0.656814, ""hybrid_score"": 0.664298, ""keyword_prior"": 0.007484, ""lexical_support"": 0.1}]"
SRC-G-0024,General,RAI4-1006,가중되는 노동 부담,Increased labor burden,G_SYS_OEXT,EM,0.688662,0.66218,0.699784,0.0,,"[{""l3_id"": ""G_SYS_OEXT"", ""em_score"": 0.688663, ""hybrid_score"": 0.699784, ""keyword_prior"": 0.011121, ""lexical_support"": 0.0}, {""l3_id"": ""G_SOC_ECON"", ""em_score"": 0.664525, ""hybrid_score"": 0.677116, ""keyword_prior"": 0.01259, ""lexical_support"": 0.0}, {""l3_id"": ""G_SOC_POWER"", ""em_score"": 0.656643, ""hybrid_score"": 0.663345, ""keyword_prior"": 0.006701, ""lexical_support"": 0.0}, {""l3_id"": ""G_SYS_OREF"", ""em_score"": 0.658254, ""hybrid_score"": 0.661406, ""keyword_prior"": 0.003152, ""lexical_support"": 0.0}, {""l3_id"": ""G_SYS_INCONS"", ""em_score"": 0.630317, ""hybrid_score"": 0.627796, ""keyword_prior"": -0.00252, ""lexical_support"": 0.0}]"
SRC-G-0025,General,RAI4-0635,합성 콘텐츠의 진위 식별 실패와 지속적 피해,Failure to distinguish synthetic content and persistent harm,G_SYS_MISINFO,EM,0.753782,0.724873,0.772278,0.1,,"[{""l3_id"": ""G_SYS_MISINFO"", ""em_score"": 0.753782, ""hybrid_score"": 0.772278, ""keyword_prior"": 0.018496, ""lexical_support"": 0.1}, {""l3_id"": ""G_SYS_EVAL"", ""em_score"": 0.673434, ""hybrid_score"": 0.697225, ""keyword_prior"": 0.023791, ""lexical_support"": 0.3}, {""l3_id"": ""G_SYS_CONTEXT"", ""em_score"": 0.665583, ""hybrid_score"": 0.686979, ""keyword_prior"": 0.021396, ""lexical_support"": 0.3}, {""l3_id"": ""G_INT_UNETH"", ""em_score"": 0.687503, ""hybrid_score"": 0.686609, ""keyword_prior"": -0.000894, ""lexical_support"": 0.0}, {""l3_id"": ""G_SYS_CONTEST"", ""em_score"": 0.681855, ""hybrid_score"": 0.68508, ""keyword_prior"": 0.003225, ""lexical_support"": 0.0}]"
SRC-G-0028,General,RAI4-0808,사실과 다른 오도성 정보 생성,Generation of factually incorrect and misleading information,G_SYS_MISINFO,EM,0.854356,0.831561,0.87528,0.1,,"[{""l3_id"": ""G_SYS_MISINFO"", ""em_score"": 0.854356, ""hybrid_score"": 0.87528, ""keyword_prior"": 0.020925, ""lexical_support"": 0.1}, {""l3_id"": ""G_SYS_OEXT"", ""em_score"": 0.757601, ""hybrid_score"": 0.759856, ""keyword_prior"": 0.002255, ""lexical_support"": 0.0}, {""l3_id"": ""G_INT_UNETH"", ""em_score"": 0.755118, ""hybrid_score"": 0.756325, ""keyword_prior"": 0.001206, ""lexical_support"": 0.0}, {""l3_id"": ""G_SYS_OREF"", ""em_score"": 0.750304, ""hybrid_score"": 0.753255, ""keyword_prior"": 0.002951, ""lexical_support"": 0.0}, {""l3_id"": ""G_SYS_INCONS"", ""em_score"": 0.743769, ""hybrid_score"": 0.746581, ""keyword_prior"": 0.002812, ""lexical_support"": 0.0}]"
SRC-G-0029,General,RAI4-0810,성실성 오류,Faithfulness errors,G_SYS_INCONS,EM,0.733068,0.700906,0.741599,0.0,,"[{""l3_id"": ""G_SYS_INCONS"", ""em_score"": 0.733068, ""hybrid_score"": 0.741599, ""keyword_prior"": 0.008531, ""lexical_support"": 0.0}, {""l3_id"": ""G_SYS_MISINFO"", ""em_score"": 0.708657, ""hybrid_score"": 0.721445, ""keyword_prior"": 0.012787, ""lexical_support"": 0.1}, {""l3_id"": ""G_SYS_EVAL"", ""em_score"": 0.692332, ""hybrid_score"": 0.695956, ""keyword_prior"": 0.003623, ""lexical_support"": 0.0}, {""l3_id"": ""G_SYS_CONTEXT"", ""em_score"": 0.686024, ""hybrid_score"": 0.689721, ""keyword_prior"": 0.003697, ""lexical_support"": 0.0}, {""l3_id"": ""G_SYS_OREF"", ""em_score"": 0.681974, ""hybrid_score"": 0.684826, ""keyword_prior"": 0.002852, ""lexical_support"": 0.0}]"
SRC-G-0030,General,RAI4-0832,알고리즘 시스템에 의한 정보 기반 피해,Information-based Harms from Algorithmic Systems,G_SYS_MISINFO,EM,0.773724,0.74916,0.834031,0.7,,"[{""l3_id"": ""G_SYS_MISINFO"", ""em_score"": 0.773724, ""hybrid_score"": 0.834031, ""keyword_prior"": 0.060307, ""lexical_support"": 0.7}, {""l3_id"": ""G_SYS_OREF"", ""em_score"": 0.679593, ""hybrid_score"": 0.683046, ""keyword_prior"": 0.003453, ""lexical_support"": 0.0}, {""l3_id"": ""G_INT_UNETH"", ""em_score"": 0.676883, ""hybrid_score"": 0.678216, ""keyword_prior"": 0.001333, ""lexical_support"": 0.0}, {""l3_id"": ""G_SOC_ECON"", ""em_score"": 0.666081, ""hybrid_score"": 0.66818, ""keyword_prior"": 0.002098, ""lexical_support"": 0.0}, {""l3_id"": ""G_SOC_DEMOC"", ""em_score"": 0.659512, ""hybrid_score"": 0.662682, ""keyword_prior"": 0.00317, ""lexical_support"": 0.0}]"
SRC-G-0031,General,RAI4-0844,허위·오도 정보 유포에 의한 기만과 양극화,Deception and polarisation from false information,G_SYS_MISINFO,EM,0.749565,0.717173,0.774989,0.2,,"[{""l3_id"": ""G_SYS_MISINFO"", ""em_score"": 0.749565, ""hybrid_score"": 0.774989, ""keyword_prior"": 0.025423, ""lexical_support"": 0.2}, {""l3_id"": ""G_SYS_OREF"", ""em_score"": 0.662537, ""hybrid_score"": 0.666604, ""keyword_prior"": 0.004067, ""lexical_support"": 0.0}, {""l3_id"": ""G_SYS_INCONS"", ""em_score"": 0.658393, ""hybrid_score"": 0.662176, ""keyword_prior"": 0.003784, ""lexical_support"": 0.0}, {""l3_id"": ""G_SYS_TRANS"", ""em_score"": 0.653411, ""hybrid_score"": 0.653902, ""keyword_prior"": 0.00049, ""lexical_support"": 0.0}, {""l3_id"": ""G_INT_UNETH"", ""em_score"": 0.650415, ""hybrid_score"": 0.651643, ""keyword_prior"": 0.001227, ""lexical_support"": 0.0}]"
SRC-G-0032,General,RAI4-1057,대규모 허위정보 생산·확산 장벽 저하,Lowered barriers to large-scale disinformation production and dissemination,G_SYS_MISINFO,EM,0.78257,0.759595,0.809404,0.2,,"[{""l3_id"": ""G_SYS_MISINFO"", ""em_score"": 0.78257, ""hybrid_score"": 0.809404, ""keyword_prior"": 0.026834, ""lexical_support"": 0.2}, {""l3_id"": ""G_SOC_DEMOC"", ""em_score"": 0.69632, ""hybrid_score"": 0.697863, ""keyword_prior"": 0.001543, ""lexical_support"": 0.0}, {""l3_id"": ""G_SOC_POWER"", ""em_score"": 0.690327, ""hybrid_score"": 0.689547, ""keyword_prior"": -0.000779, ""lexical_support"": 0.0}, {""l3_id"": ""G_SOC_ECON"", ""em_score"": 0.687428, ""hybrid_score"": 0.68463, ""keyword_prior"": -0.002797, ""lexical_support"": 0.0}, {""l3_id"": ""G_SOC_CULT"", ""em_score"": 0.682662, ""hybrid_score"": 0.682518, ""keyword_prior"": -0.000144, ""lexical_support"": 0.0}]"
SRC-G-0033,General,RAI4-1125,선거 제도와 절차에 관한 허위정보,False information about electoral systems and processes,G_SYS_MISINFO,EM,0.777105,0.755001,0.804679,0.2,,"[{""l3_id"": ""G_SYS_MISINFO"", ""em_score"": 0.777105, ""hybrid_score"": 0.804679, ""keyword_prior"": 0.027574, ""lexical_support"": 0.2}, {""l3_id"": ""G_INT_POL"", ""em_score"": 0.732243, ""hybrid_score"": 0.743451, ""keyword_prior"": 0.011209, ""lexical_support"": 0.0}, {""l3_id"": ""G_SYS_OREF"", ""em_score"": 0.723837, ""hybrid_score"": 0.732568, ""keyword_prior"": 0.00873, ""lexical_support"": 0.0}, {""l3_id"": ""G_SOC_DEMOC"", ""em_score"": 0.700267, ""hybrid_score"": 0.718751, ""keyword_prior"": 0.018484, ""lexical_support"": 0.2}, {""l3_id"": ""G_SYS_TRANS"", ""em_score"": 0.699492, ""hybrid_score"": 0.701542, ""keyword_prior"": 0.002051, ""lexical_support"": 0.0}]"
SRC-G-0036,General,RAI4-1630,데이터 오해석·유출에 의한 오결론과 민감정보 확산,Erroneous conclusions and sensitiveinformation disclosure from data misinterpretation and leakage,G_SYS_MISINFO,EM,0.71856,0.687131,0.737791,0.1,,"[{""l3_id"": ""G_SYS_MISINFO"", ""em_score"": 0.71856, ""hybrid_score"": 0.737791, ""keyword_prior"": 0.019231, ""lexical_support"": 0.1}, {""l3_id"": ""G_INT_PRIV"", ""em_score"": 0.665712, ""hybrid_score"": 0.689708, ""keyword_prior"": 0.023996, ""lexical_support"": 0.3}, {""l3_id"": ""G_SYS_TRANS"", ""em_score"": 0.680133, ""hybrid_score"": 0.686924, ""keyword_prior"": 0.006791, ""lexical_support"": 0.0}, {""l3_id"": ""G_SYS_INCONS"", ""em_score"": 0.676334, ""hybrid_score"": 0.681494, ""keyword_prior"": 0.00516, ""lexical_support"": 0.0}, {""l3_id"": ""G_SYS_EVAL"", ""em_score"": 0.657034, ""hybrid_score"": 0.659778, ""keyword_prior"": 0.002744, ""lexical_support"": 0.0}]"
SRC-G-0037,General,RAI4-0363,소수·복수 가치의 소거와 규범적 획일화,Erasure of minority and plural values through normative homogenization,G_INT_VALUE,EM,0.802739,0.783391,0.863725,0.7,,"[{""l3_id"": ""G_INT_VALUE"", ""em_score"": 0.802739, ""hybrid_score"": 0.863725, ""keyword_prior"": 0.060986, ""lexical_support"": 0.7}, {""l3_id"": ""G_SOC_CULT"", ""em_score"": 0.677843, ""hybrid_score"": 0.683853, ""keyword_prior"": 0.00601, ""lexical_support"": 0.0}, {""l3_id"": ""G_SOC_POWER"", ""em_score"": 0.654875, ""hybrid_score"": 0.660254, ""keyword_prior"": 0.005379, ""lexical_support"": 0.0}, {""l3_id"": ""G_SYS_OREF"", ""em_score"": 0.628753, ""hybrid_score"": 0.631534, ""keyword_prior"": 0.002781, ""lexical_support"": 0.0}, {""l3_id"": ""G_SYS_OEXT"", ""em_score"": 0.629161, ""hybrid_score"": 0.629305, ""keyword_prior"": 0.000144, ""lexical_support"": 0.0}]"
SRC-G-0038,General,RAI4-0373,문화 간 고정관념 전이,Cross-cultural stereotype transfer,G_INT_REPR,EM,0.678283,0.6541,0.712072,0.3,,"[{""l3_id"": ""G_INT_REPR"", ""em_score"": 0.678283, ""hybrid_score"": 0.712072, ""keyword_prior"": 0.033789, ""lexical_support"": 0.3}, {""l3_id"": ""G_SYS_CONTEXT"", ""em_score"": 0.644018, ""hybrid_score"": 0.68522, ""keyword_prior"": 0.041202, ""lexical_support"": 0.5}, {""l3_id"": ""G_SOC_CULT"", ""em_score"": 0.613786, ""hybrid_score"": 0.65142, ""keyword_prior"": 0.037634, ""lexical_support"": 0.4}, {""l3_id"": ""G_SYS_INCONS"", ""em_score"": 0.634621, ""hybrid_score"": 0.641698, ""keyword_prior"": 0.007077, ""lexical_support"": 0.0}, {""l3_id"": ""G_INT_VALUE"", ""em_score"": 0.617215, ""hybrid_score"": 0.627274, ""keyword_prior"": 0.010059, ""lexical_support"": 0.0}]"
SRC-G-0039,General,RAI4-0374,문화적 맥락 붕괴,Cultural context collapse,G_SYS_CONTEXT,EM,0.703288,0.667199,0.748986,0.5,,"[{""l3_id"": ""G_SYS_CONTEXT"", ""em_score"": 0.703288, ""hybrid_score"": 0.748986, ""keyword_prior"": 0.045699, ""lexical_support"": 0.5}, {""l3_id"": ""G_SOC_CULT"", ""em_score"": 0.645981, ""hybrid_score"": 0.676749, ""keyword_prior"": 0.030768, ""lexical_support"": 0.3}, {""l3_id"": ""G_SYS_INCONS"", ""em_score"": 0.645495, ""hybrid_score"": 0.653495, ""keyword_prior"": 0.008, ""lexical_support"": 0.0}, {""l3_id"": ""G_SYS_INPUT"", ""em_score"": 0.608701, ""hybrid_score"": 0.616658, ""keyword_prior"": 0.007957, ""lexical_support"": 0.0}, {""l3_id"": ""G_INT_VALUE"", ""em_score"": 0.603242, ""hybrid_score"": 0.608947, ""keyword_prior"": 0.005705, ""lexical_support"": 0.0}]"
SRC-G-0040,General,RAI4-0379,문화 간 평가 격차,Cross-cultural evaluation gap,G_Others,HD,0.672716,0.643135,0.701678,0.4,,"[{""l3_id"": ""G_SYS_EVAL"", ""em_score"": 0.672716, ""hybrid_score"": 0.701678, ""keyword_prior"": 0.028962, ""lexical_support"": 0.4}, {""l3_id"": ""G_SYS_CONTEXT"", ""em_score"": 0.67595, ""hybrid_score"": 0.688088, ""keyword_prior"": 0.012138, ""lexical_support"": 0.1}, {""l3_id"": ""G_SOC_CULT"", ""em_score"": 0.61501, ""hybrid_score"": 0.655859, ""keyword_prior"": 0.040849, ""lexical_support"": 0.4}, {""l3_id"": ""G_INT_VALUE"", ""em_score"": 0.636855, ""hybrid_score"": 0.653889, ""keyword_prior"": 0.017034, ""lexical_support"": 0.0}, {""l3_id"": ""G_SYS_INCONS"", ""em_score"": 0.63966, ""hybrid_score"": 0.642957, ""keyword_prior"": 0.003297, ""lexical_support"": 0.0}]"
SRC-G-0041,General,RAI4-0380,저자원 언어 가치 손실,Low-resource language value loss,G_SYS_CONTEXT,EM,0.668148,0.625952,0.675931,0.0,,"[{""l3_id"": ""G_SYS_CONTEXT"", ""em_score"": 0.668149, ""hybrid_score"": 0.675931, ""keyword_prior"": 0.007783, ""lexical_support"": 0.0}, {""l3_id"": ""G_INT_VALUE"", ""em_score"": 0.635101, ""hybrid_score"": 0.659705, ""keyword_prior"": 0.024604, ""lexical_support"": 0.2}, {""l3_id"": ""G_SYS_EVAL"", ""em_score"": 0.641489, ""hybrid_score"": 0.657381, ""keyword_prior"": 0.015892, ""lexical_support"": 0.2}, {""l3_id"": ""G_SYS_OREF"", ""em_score"": 0.640753, ""hybrid_score"": 0.649444, ""keyword_prior"": 0.008691, ""lexical_support"": 0.0}, {""l3_id"": ""G_SOC_CULT"", ""em_score"": 0.619783, ""hybrid_score"": 0.627524, ""keyword_prior"": 0.007742, ""lexical_support"": 0.0}]"
SRC-G-0042,General,RAI4-0382,방언·언어 사용역 배제,Dialect and register exclusion,G_SYS_OREF,EM,0.681661,0.642275,0.688189,0.0,,"[{""l3_id"": ""G_SYS_OREF"", ""em_score"": 0.681661, ""hybrid_score"": 0.688189, ""keyword_prior"": 0.006528, ""lexical_support"": 0.0}, {""l3_id"": ""G_SYS_CONTEXT"", ""em_score"": 0.652154, ""hybrid_score"": 0.653736, ""keyword_prior"": 0.001582, ""lexical_support"": 0.0}, {""l3_id"": ""G_SYS_CONTEST"", ""em_score"": 0.640531, ""hybrid_score"": 0.648251, ""keyword_prior"": 0.00772, ""lexical_support"": 0.0}, {""l3_id"": ""G_INT_VALUE"", ""em_score"": 0.629314, ""hybrid_score"": 0.635571, ""keyword_prior"": 0.006257, ""lexical_support"": 0.0}, {""l3_id"": ""G_SOC_GOV"", ""em_score"": 0.637143, ""hybrid_score"": 0.635232, ""keyword_prior"": -0.001911, ""lexical_support"": 0.0}]"
SRC-G-0043,General,RAI4-0389,지식 체계 배제,Knowledge-system marginalization,G_Others,HD,0.663005,0.630663,0.68586,0.1,,"[{""l3_id"": ""G_SOC_CULT"", ""em_score"": 0.663005, ""hybrid_score"": 0.685861, ""keyword_prior"": 0.022856, ""lexical_support"": 0.1}, {""l3_id"": ""G_INT_VALUE"", ""em_score"": 0.66382, ""hybrid_score"": 0.676591, ""keyword_prior"": 0.012772, ""lexical_support"": 0.0}, {""l3_id"": ""G_SYS_TRANS"", ""em_score"": 0.648132, ""hybrid_score"": 0.650539, ""keyword_prior"": 0.002407, ""lexical_support"": 0.0}, {""l3_id"": ""G_SYS_OREF"", ""em_score"": 0.63855, ""hybrid_score"": 0.643414, ""keyword_prior"": 0.004864, ""lexical_support"": 0.0}, {""l3_id"": ""G_SYS_CONTEXT"", ""em_score"": 0.633242, ""hybrid_score"": 0.63667, ""keyword_prior"": 0.003429, ""lexical_support"": 0.0}]"
SRC-G-0044,General,RAI4-0404,데이터세트 문화 샘플링 편향,Dataset cultural sampling bias,G_INT_VALUE,EM,0.687527,0.649653,0.704538,0.0,,"[{""l3_id"": ""G_INT_VALUE"", ""em_score"": 0.687527, ""hybrid_score"": 0.704538, ""keyword_prior"": 0.017011, ""lexical_support"": 0.0}, {""l3_id"": ""G_SOC_CULT"", ""em_score"": 0.659899, ""hybrid_score"": 0.69161, ""keyword_prior"": 0.031711, ""lexical_support"": 0.3}, {""l3_id"": ""G_SYS_OREF"", ""em_score"": 0.660932, ""hybrid_score"": 0.668248, ""keyword_prior"": 0.007316, ""lexical_support"": 0.0}, {""l3_id"": ""G_SYS_OEXT"", ""em_score"": 0.658877, ""hybrid_score"": 0.666348, ""keyword_prior"": 0.007471, ""lexical_support"": 0.0}, {""l3_id"": ""G_SYS_CONTEXT"", ""em_score"": 0.637971, ""hybrid_score"": 0.640192, ""keyword_prior"": 0.00222, ""lexical_support"": 0.0}]"
SRC-G-0045,General,RAI4-0414,글로벌 벤치마크 단일문화,Global benchmark monoculture,G_INT_VALUE,EM,0.650729,0.615469,0.66585,0.0,,"[{""l3_id"": ""G_INT_VALUE"", ""em_score"": 0.650729, ""hybrid_score"": 0.66585, ""keyword_prior"": 0.015121, ""lexical_support"": 0.0}, {""l3_id"": ""G_SOC_CULT"", ""em_score"": 0.607423, ""hybrid_score"": 0.627599, ""keyword_prior"": 0.020176, ""lexical_support"": 0.2}, {""l3_id"": ""G_SYS_CONTEXT"", ""em_score"": 0.610632, ""hybrid_score"": 0.619539, ""keyword_prior"": 0.008907, ""lexical_support"": 0.0}, {""l3_id"": ""G_SYS_INCONS"", ""em_score"": 0.606404, ""hybrid_score"": 0.611283, ""keyword_prior"": 0.004878, ""lexical_support"": 0.0}, {""l3_id"": ""G_SYS_EVAL"", ""em_score"": 0.596192, ""hybrid_score"": 0.601886, ""keyword_prior"": 0.005694, ""lexical_support"": 0.0}]"
SRC-G-0046,General,RAI4-0699,학습 데이터에 내재된 역사적·인구학적 편향,Historical and demographic bias embedded in training data,G_INT_REPR,EM,0.694567,0.660418,0.719302,0.1,,"[{""l3_id"": ""G_INT_REPR"", ""em_score"": 0.694567, ""hybrid_score"": 0.719302, ""keyword_prior"": 0.024735, ""lexical_support"": 0.1}, {""l3_id"": ""G_INT_ALLOC"", ""em_score"": 0.655087, ""hybrid_score"": 0.669496, ""keyword_prior"": 0.01441, ""lexical_support"": 0.0}, {""l3_id"": ""G_INT_VALUE"", ""em_score"": 0.640685, ""hybrid_score"": 0.651777, ""keyword_prior"": 0.011092, ""lexical_support"": 0.0}, {""l3_id"": ""G_SOC_POWER"", ""em_score"": 0.638303, ""hybrid_score"": 0.648234, ""keyword_prior"": 0.009931, ""lexical_support"": 0.0}, {""l3_id"": ""G_SYS_OREF"", ""em_score"": 0.631941, ""hybrid_score"": 0.638093, ""keyword_prior"": 0.006153, ""lexical_support"": 0.0}]"
SRC-G-0047,General,RAI4-1046,집단별 성능 격차·고정관념 인코딩,Demographic performance disparity and stereotype encoding,G_INT_REPR,EM,0.693504,0.663488,0.733082,0.4,,"[{""l3_id"": ""G_INT_REPR"", ""em_score"": 0.693504, ""hybrid_score"": 0.733082, ""keyword_prior"": 0.039577, ""lexical_support"": 0.4}, {""l3_id"": ""G_INT_VALUE"", ""em_score"": 0.679684, ""hybrid_score"": 0.689107, ""keyword_prior"": 0.009423, ""lexical_support"": 0.0}, {""l3_id"": ""G_SOC_POWER"", ""em_score"": 0.663345, ""hybrid_score"": 0.676202, ""keyword_prior"": 0.012857, ""lexical_support"": 0.0}, {""l3_id"": ""G_SYS_INCONS"", ""em_score"": 0.658179, ""hybrid_score"": 0.665672, ""keyword_prior"": 0.007493, ""lexical_support"": 0.0}, {""l3_id"": ""G_SYS_TRANS"", ""em_score"": 0.655583, ""hybrid_score"": 0.660867, ""keyword_prior"": 0.005284, ""lexical_support"": 0.0}]"
SRC-G-0048,General,RAI4-1107,데이터와 산출물에서의 집단 재현 불균형,Imbalanced representation of groups in data and outputs,G_INT_REPR,EM,0.695462,0.667176,0.726972,0.3,,"[{""l3_id"": ""G_INT_REPR"", ""em_score"": 0.695462, ""hybrid_score"": 0.726972, ""keyword_prior"": 0.03151, ""lexical_support"": 0.3}, {""l3_id"": ""G_SYS_INCONS"", ""em_score"": 0.692682, ""hybrid_score"": 0.705421, ""keyword_prior"": 0.012738, ""lexical_support"": 0.0}, {""l3_id"": ""G_INT_VALUE"", ""em_score"": 0.670855, ""hybrid_score"": 0.678278, ""keyword_prior"": 0.007423, ""lexical_support"": 0.0}, {""l3_id"": ""G_SOC_POWER"", ""em_score"": 0.653826, ""hybrid_score"": 0.663399, ""keyword_prior"": 0.009573, ""lexical_support"": 0.0}, {""l3_id"": ""G_SYS_TRANS"", ""em_score"": 0.654842, ""hybrid_score"": 0.660822, ""keyword_prior"": 0.00598, ""lexical_support"": 0.0}]"
SRC-G-0049,General,RAI4-1145,맥락적 사회 규범 위반,Violation of contextual social norms,G_SYS_CONTEXT,EM,0.696187,0.659896,0.721407,0.2,,"[{""l3_id"": ""G_SYS_CONTEXT"", ""em_score"": 0.696187, ""hybrid_score"": 0.721407, ""keyword_prior"": 0.02522, ""lexical_support"": 0.2}, {""l3_id"": ""G_SYS_INCONS"", ""em_score"": 0.647261, ""hybrid_score"": 0.653185, ""keyword_prior"": 0.005924, ""lexical_support"": 0.0}, {""l3_id"": ""G_INT_VALUE"", ""em_score"": 0.621815, ""hybrid_score"": 0.637602, ""keyword_prior"": 0.015786, ""lexical_support"": 0.2}, {""l3_id"": ""G_SYS_OEXT"", ""em_score"": 0.6221, ""hybrid_score"": 0.627147, ""keyword_prior"": 0.005047, ""lexical_support"": 0.0}, {""l3_id"": ""G_SYS_INPUT"", ""em_score"": 0.616986, ""hybrid_score"": 0.620733, ""keyword_prior"": 0.003747, ""lexical_support"": 0.0}]"
SRC-G-0050,General,RAI4-1668,사전학습 코퍼스 불일치에 의한 가치 어긋남,Value mismatch from divergence between pretraining corpora and societal values,G_Others,HD,0.64526,0.599368,0.660421,0.0,,"[{""l3_id"": ""G_SYS_INCONS"", ""em_score"": 0.64526, ""hybrid_score"": 0.660421, ""keyword_prior"": 0.015161, ""lexical_support"": 0.0}, {""l3_id"": ""G_SOC_POWER"", ""em_score"": 0.640738, ""hybrid_score"": 0.650825, ""keyword_prior"": 0.010087, ""lexical_support"": 0.0}, {""l3_id"": ""G_INT_VALUE"", ""em_score"": 0.621467, ""hybrid_score"": 0.650719, ""keyword_prior"": 0.029252, ""lexical_support"": 0.3}, {""l3_id"": ""G_SYS_CONTEXT"", ""em_score"": 0.639329, ""hybrid_score"": 0.646725, ""keyword_prior"": 0.007396, ""lexical_support"": 0.0}, {""l3_id"": ""G_SYS_TRANS"", ""em_score"": 0.640637, ""hybrid_score"": 0.645118, ""keyword_prior"": 0.004481, ""lexical_support"": 0.0}]"
SRC-G-0051,General,RAI4-0070,사고 분류 단편화,Incident taxonomy fragmentation,G_SYS_INCONS,EM,0.695379,0.656251,0.724023,0.2,,"[{""l3_id"": ""G_SYS_INCONS"", ""em_score"": 0.695379, ""hybrid_score"": 0.724023, ""keyword_prior"": 0.028644, ""lexical_support"": 0.2}, {""l3_id"": ""G_SYS_CONTEXT"", ""em_score"": 0.660551, ""hybrid_score"": 0.664025, ""keyword_prior"": 0.003475, ""lexical_support"": 0.0}, {""l3_id"": ""G_SYS_EVAL"", ""em_score"": 0.644835, ""hybrid_score"": 0.646318, ""keyword_prior"": 0.001483, ""lexical_support"": 0.0}, {""l3_id"": ""G_SYS_INPUT"", ""em_score"": 0.631291, ""hybrid_score"": 0.634618, ""keyword_prior"": 0.003327, ""lexical_support"": 0.0}, {""l3_id"": ""G_SYS_OREF"", ""em_score"": 0.62424, ""hybrid_score"": 0.623455, ""keyword_prior"": -0.000786, ""lexical_support"": 0.0}]"
SRC-G-0052,General,RAI4-0418,주석 불일치 억제,Annotation disagreement suppression,G_SYS_INCONS,EM,0.639307,0.601023,0.648929,0.0,,"[{""l3_id"": ""G_SYS_INCONS"", ""em_score"": 0.639307, ""hybrid_score"": 0.648929, ""keyword_prior"": 0.009622, ""lexical_support"": 0.0}, {""l3_id"": ""G_SYS_OREF"", ""em_score"": 0.606758, ""hybrid_score"": 0.614635, ""keyword_prior"": 0.007877, ""lexical_support"": 0.0}, {""l3_id"": ""G_INT_VALUE"", ""em_score"": 0.600836, ""hybrid_score"": 0.613818, ""keyword_prior"": 0.012982, ""lexical_support"": 0.0}, {""l3_id"": ""G_SYS_CONTEST"", ""em_score"": 0.601636, ""hybrid_score"": 0.611867, ""keyword_prior"": 0.010231, ""lexical_support"": 0.0}, {""l3_id"": ""G_SYS_TRANS"", ""em_score"": 0.599473, ""hybrid_score"": 0.600353, ""keyword_prior"": 0.00088, ""lexical_support"": 0.0}]"
SRC-G-0053,General,RAI4-0708,언어·인구 집단 간 성능 격차,Performance disparity across language and demographic groups,G_Others,HD,0.702345,0.662466,0.714089,0.0,,"[{""l3_id"": ""G_INT_ALLOC"", ""em_score"": 0.702345, ""hybrid_score"": 0.714089, ""keyword_prior"": 0.011744, ""lexical_support"": 0.0}, {""l3_id"": ""G_SOC_POWER"", ""em_score"": 0.692073, ""hybrid_score"": 0.702575, ""keyword_prior"": 0.010502, ""lexical_support"": 0.0}, {""l3_id"": ""G_SYS_EVAL"", ""em_score"": 0.685513, ""hybrid_score"": 0.692744, ""keyword_prior"": 0.007231, ""lexical_support"": 0.0}, {""l3_id"": ""G_SYS_INCONS"", ""em_score"": 0.668362, ""hybrid_score"": 0.680696, ""keyword_prior"": 0.012334, ""lexical_support"": 0.0}, {""l3_id"": ""G_SYS_CONTEXT"", ""em_score"": 0.66782, ""hybrid_score"": 0.672682, ""keyword_prior"": 0.004862, ""lexical_support"": 0.0}]"
SRC-G-0054,General,RAI4-0716,집단 속성에 따른 배분적 불의,Allocative injustice by group attribute,G_INT_ALLOC,EM,0.736695,0.708494,0.768804,0.3,,"[{""l3_id"": ""G_INT_ALLOC"", ""em_score"": 0.736695, ""hybrid_score"": 0.768804, ""keyword_prior"": 0.032109, ""lexical_support"": 0.3}, {""l3_id"": ""G_SYS_INCONS"", ""em_score"": 0.688508, ""hybrid_score"": 0.69349, ""keyword_prior"": 0.004982, ""lexical_support"": 0.0}, {""l3_id"": ""G_INT_VALUE"", ""em_score"": 0.629352, ""hybrid_score"": 0.638151, ""keyword_prior"": 0.008799, ""lexical_support"": 0.0}, {""l3_id"": ""G_SOC_POWER"", ""em_score"": 0.629788, ""hybrid_score"": 0.633261, ""keyword_prior"": 0.003473, ""lexical_support"": 0.0}, {""l3_id"": ""G_SYS_TRANS"", ""em_score"": 0.620101, ""hybrid_score"": 0.619044, ""keyword_prior"": -0.001056, ""lexical_support"": 0.0}]"
SRC-G-0055,General,RAI4-0821,지식 분포 변화에 따른 응답 노후화,Answer obsolescence from knowledge distribution shift,G_SYS_INCONS,EM,0.647881,0.601723,0.656947,0.0,,"[{""l3_id"": ""G_SYS_INCONS"", ""em_score"": 0.647881, ""hybrid_score"": 0.656947, ""keyword_prior"": 0.009066, ""lexical_support"": 0.0}, {""l3_id"": ""G_SYS_CONTEXT"", ""em_score"": 0.626476, ""hybrid_score"": 0.631465, ""keyword_prior"": 0.004989, ""lexical_support"": 0.0}, {""l3_id"": ""G_SYS_OREF"", ""em_score"": 0.607751, ""hybrid_score"": 0.629349, ""keyword_prior"": 0.021598, ""lexical_support"": 0.2}, {""l3_id"": ""G_SOC_CULT"", ""em_score"": 0.600461, ""hybrid_score"": 0.616344, ""keyword_prior"": 0.015883, ""lexical_support"": 0.1}, {""l3_id"": ""G_SYS_MISINFO"", ""em_score"": 0.609048, ""hybrid_score"": 0.613169, ""keyword_prior"": 0.004122, ""lexical_support"": 0.0}]"
SRC-G-0056,General,RAI4-0822,맥락 일관성 추구에 의한 아첨과 환각 증폭,Sycophancy and hallucination from context consistency,G_Others,HD,0.683232,0.645035,0.703348,0.1,,"[{""l3_id"": ""G_SYS_INCONS"", ""em_score"": 0.683232, ""hybrid_score"": 0.703348, ""keyword_prior"": 0.020117, ""lexical_support"": 0.1}, {""l3_id"": ""G_SYS_MISINFO"", ""em_score"": 0.655523, ""hybrid_score"": 0.694157, ""keyword_prior"": 0.038634, ""lexical_support"": 0.5}, {""l3_id"": ""G_SYS_CONTEXT"", ""em_score"": 0.650268, ""hybrid_score"": 0.679159, ""keyword_prior"": 0.028891, ""lexical_support"": 0.3}, {""l3_id"": ""G_SYS_TRANS"", ""em_score"": 0.616641, ""hybrid_score"": 0.621151, ""keyword_prior"": 0.00451, ""lexical_support"": 0.0}, {""l3_id"": ""G_SYS_INPUT"", ""em_score"": 0.603737, ""hybrid_score"": 0.610288, ""keyword_prior"": 0.006551, ""lexical_support"": 0.0}]"
SRC-G-0057,General,RAI4-0938,사회적 가치·윤리 규범과 상충하는 모델 출력,Model outputs conflicting with societal ethical values,G_Others,HD,0.673303,0.634504,0.704431,0.3,,"[{""l3_id"": ""G_INT_VALUE"", ""em_score"": 0.673303, ""hybrid_score"": 0.704431, ""keyword_prior"": 0.031128, ""lexical_support"": 0.3}, {""l3_id"": ""G_SYS_INCONS"", ""em_score"": 0.686759, ""hybrid_score"": 0.700118, ""keyword_prior"": 0.013359, ""lexical_support"": 0.0}, {""l3_id"": ""G_INT_UNETH"", ""em_score"": 0.67076, ""hybrid_score"": 0.688123, ""keyword_prior"": 0.017363, ""lexical_support"": 0.1}, {""l3_id"": ""G_SYS_CONTEXT"", ""em_score"": 0.67245, ""hybrid_score"": 0.675948, ""keyword_prior"": 0.003498, ""lexical_support"": 0.0}, {""l3_id"": ""G_SYS_OREF"", ""em_score"": 0.661585, ""hybrid_score"": 0.666768, ""keyword_prior"": 0.005183, ""lexical_support"": 0.0}]"
SRC-G-0058,General,RAI4-0952,글쓰기 능력 저하와 학술 문헌 오염,Writing skill erosion and scientific literature pollution,G_SOC_CULT,EM,0.691659,0.661853,0.724598,0.2,,"[{""l3_id"": ""G_SOC_CULT"", ""em_score"": 0.691659, ""hybrid_score"": 0.724598, ""keyword_prior"": 0.032939, ""lexical_support"": 0.2}, {""l3_id"": ""G_SOC_DEMOC"", ""em_score"": 0.597199, ""hybrid_score"": 0.613674, ""keyword_prior"": 0.016475, ""lexical_support"": 0.2}, {""l3_id"": ""G_SYS_TRANS"", ""em_score"": 0.592186, ""hybrid_score"": 0.592603, ""keyword_prior"": 0.000417, ""lexical_support"": 0.0}, {""l3_id"": ""G_SYS_INCONS"", ""em_score"": 0.586325, ""hybrid_score"": 0.590321, ""keyword_prior"": 0.003997, ""lexical_support"": 0.0}, {""l3_id"": ""G_SYS_CONTEST"", ""em_score"": 0.585685, ""hybrid_score"": 0.586494, ""keyword_prior"": 0.000809, ""lexical_support"": 0.0}]"
SRC-G-0059,General,RAI4-1041,분포 외 입력에 대한 고신뢰 오작동,High-confidence failure on out-of-distribution inputs,G_SYS_INPUT,EM,0.748305,0.712274,0.777173,0.3,,"[{""l3_id"": ""G_SYS_INPUT"", ""em_score"": 0.748305, ""hybrid_score"": 0.777173, ""keyword_prior"": 0.028869, ""lexical_support"": 0.3}, {""l3_id"": ""G_SYS_EVAL"", ""em_score"": 0.72744, ""hybrid_score"": 0.749433, ""keyword_prior"": 0.021993, ""lexical_support"": 0.2}, {""l3_id"": ""G_SYS_OEXT"", ""em_score"": 0.7362, ""hybrid_score"": 0.740885, ""keyword_prior"": 0.004685, ""lexical_support"": 0.0}, {""l3_id"": ""G_SYS_CONTEXT"", ""em_score"": 0.721989, ""hybrid_score"": 0.740327, ""keyword_prior"": 0.018338, ""lexical_support"": 0.2}, {""l3_id"": ""G_SYS_MISINFO"", ""em_score"": 0.725342, ""hybrid_score"": 0.728939, ""keyword_prior"": 0.003597, ""lexical_support"": 0.0}]"
SRC-G-0060,General,RAI4-1187,출력 불일치,Output inconsistency,G_SYS_INCONS,EM,0.778731,0.746863,0.821086,0.4,,"[{""l3_id"": ""G_SYS_INCONS"", ""em_score"": 0.778731, ""hybrid_score"": 0.821086, ""keyword_prior"": 0.042356, ""lexical_support"": 0.4}, {""l3_id"": ""G_SYS_CONTEXT"", ""em_score"": 0.677639, ""hybrid_score"": 0.691757, ""keyword_prior"": 0.014119, ""lexical_support"": 0.1}, {""l3_id"": ""G_SYS_TRANS"", ""em_score"": 0.680347, ""hybrid_score"": 0.684575, ""keyword_prior"": 0.004228, ""lexical_support"": 0.0}, {""l3_id"": ""G_SYS_INPUT"", ""em_score"": 0.660687, ""hybrid_score"": 0.676331, ""keyword_prior"": 0.015644, ""lexical_support"": 0.1}, {""l3_id"": ""G_SOC_POWER"", ""em_score"": 0.64976, ""hybrid_score"": 0.656818, ""keyword_prior"": 0.007058, ""lexical_support"": 0.0}]"
SRC-G-0061,General,RAI4-1228,프롬프트 품질 결함으로 인한 오류,Errors from poor prompt quality,G_Others,HD,0.695605,0.665949,0.703224,0.0,,"[{""l3_id"": ""G_SYS_EVAL"", ""em_score"": 0.695605, ""hybrid_score"": 0.703224, ""keyword_prior"": 0.007619, ""lexical_support"": 0.0}, {""l3_id"": ""G_SYS_CONTEXT"", ""em_score"": 0.691846, ""hybrid_score"": 0.699713, ""keyword_prior"": 0.007867, ""lexical_support"": 0.0}, {""l3_id"": ""G_SYS_TRANS"", ""em_score"": 0.685387, ""hybrid_score"": 0.688382, ""keyword_prior"": 0.002995, ""lexical_support"": 0.0}, {""l3_id"": ""G_SYS_INPUT"", ""em_score"": 0.682517, ""hybrid_score"": 0.687591, ""keyword_prior"": 0.005075, ""lexical_support"": 0.0}, {""l3_id"": ""G_SYS_INCONS"", ""em_score"": 0.675408, ""hybrid_score"": 0.682374, ""keyword_prior"": 0.006966, ""lexical_support"": 0.0}]"
SRC-G-0062,General,RAI4-1509,벤치마크 오염에 의한 모델 평가 무효화,Benchmark contamination invalidating model evaluation,G_SYS_EVAL,EM,0.698258,0.664903,0.734575,0.4,,"[{""l3_id"": ""G_SYS_EVAL"", ""em_score"": 0.698258, ""hybrid_score"": 0.734575, ""keyword_prior"": 0.036316, ""lexical_support"": 0.4}, {""l3_id"": ""G_SYS_CONTEST"", ""em_score"": 0.626352, ""hybrid_score"": 0.636942, ""keyword_prior"": 0.01059, ""lexical_support"": 0.0}, {""l3_id"": ""G_SYS_CONTEXT"", ""em_score"": 0.629554, ""hybrid_score"": 0.636045, ""keyword_prior"": 0.006491, ""lexical_support"": 0.0}, {""l3_id"": ""G_SYS_INCONS"", ""em_score"": 0.626896, ""hybrid_score"": 0.628402, ""keyword_prior"": 0.001506, ""lexical_support"": 0.0}, {""l3_id"": ""G_INT_VALUE"", ""em_score"": 0.618238, ""hybrid_score"": 0.624745, ""keyword_prior"": 0.006507, ""lexical_support"": 0.0}]"
SRC-G-0063,General,RAI4-1515,사고연쇄와 불일치하는 모델 출력,Model outputs inconsistent with chain-ofthought reasoning,G_SYS_INCONS,EM,0.719059,0.679707,0.733691,0.0,,"[{""l3_id"": ""G_SYS_INCONS"", ""em_score"": 0.719059, ""hybrid_score"": 0.733691, ""keyword_prior"": 0.014632, ""lexical_support"": 0.0}, {""l3_id"": ""G_SYS_TRANS"", ""em_score"": 0.693525, ""hybrid_score"": 0.700361, ""keyword_prior"": 0.006837, ""lexical_support"": 0.1}, {""l3_id"": ""G_SYS_CONTEXT"", ""em_score"": 0.647854, ""hybrid_score"": 0.655467, ""keyword_prior"": 0.007613, ""lexical_support"": 0.0}, {""l3_id"": ""G_SYS_INPUT"", ""em_score"": 0.628865, ""hybrid_score"": 0.635356, ""keyword_prior"": 0.006491, ""lexical_support"": 0.0}, {""l3_id"": ""G_SYS_EVAL"", ""em_score"": 0.623542, ""hybrid_score"": 0.626278, ""keyword_prior"": 0.002736, ""lexical_support"": 0.0}]"
SRC-G-0064,General,RAI4-1516,인코딩된 추론,Encoded reasoning,G_Others,HD,0.640682,0.601381,0.645036,0.0,,"[{""l3_id"": ""G_SYS_TRANS"", ""em_score"": 0.640682, ""hybrid_score"": 0.645036, ""keyword_prior"": 0.004355, ""lexical_support"": 0.0}, {""l3_id"": ""G_SYS_INCONS"", ""em_score"": 0.62702, ""hybrid_score"": 0.640172, ""keyword_prior"": 0.013152, ""lexical_support"": 0.0}, {""l3_id"": ""G_SYS_OEXT"", ""em_score"": 0.612355, ""hybrid_score"": 0.619239, ""keyword_prior"": 0.006884, ""lexical_support"": 0.0}, {""l3_id"": ""G_SYS_MISINFO"", ""em_score"": 0.605911, ""hybrid_score"": 0.606765, ""keyword_prior"": 0.000854, ""lexical_support"": 0.0}, {""l3_id"": ""G_INT_VALUE"", ""em_score"": 0.593176, ""hybrid_score"": 0.606379, ""keyword_prior"": 0.013203, ""lexical_support"": 0.0}]"
SRC-G-0065,General,RAI4-1523,무관한 문맥에 의한 모델 성능 저하,Performance degradation from irrelevant context,G_Others,HD,0.666036,0.627164,0.693628,0.2,,"[{""l3_id"": ""G_SYS_CONTEXT"", ""em_score"": 0.666036, ""hybrid_score"": 0.693628, ""keyword_prior"": 0.027592, ""lexical_support"": 0.2}, {""l3_id"": ""G_SYS_INCONS"", ""em_score"": 0.66976, ""hybrid_score"": 0.683254, ""keyword_prior"": 0.013493, ""lexical_support"": 0.0}, {""l3_id"": ""G_SYS_INPUT"", ""em_score"": 0.633693, ""hybrid_score"": 0.64367, ""keyword_prior"": 0.009977, ""lexical_support"": 0.0}, {""l3_id"": ""G_SYS_TRANS"", ""em_score"": 0.614397, ""hybrid_score"": 0.614445, ""keyword_prior"": 4.8e-05, ""lexical_support"": 0.0}, {""l3_id"": ""G_SYS_EVAL"", ""em_score"": 0.602214, ""hybrid_score"": 0.60435, ""keyword_prior"": 0.002136, ""lexical_support"": 0.0}]"
SRC-G-0066,General,RAI4-1526,프롬프트 형식 민감성으로 인한 평가 신뢰성 저하,Evaluation unreliability from promptformat sensitivity,G_SYS_EVAL,EM,0.641876,0.610742,0.672129,0.3,,"[{""l3_id"": ""G_SYS_EVAL"", ""em_score"": 0.641876, ""hybrid_score"": 0.672129, ""keyword_prior"": 0.030253, ""lexical_support"": 0.3}, {""l3_id"": ""G_SYS_INCONS"", ""em_score"": 0.632368, ""hybrid_score"": 0.64065, ""keyword_prior"": 0.008282, ""lexical_support"": 0.0}, {""l3_id"": ""G_SYS_TRANS"", ""em_score"": 0.61307, ""hybrid_score"": 0.622823, ""keyword_prior"": 0.009753, ""lexical_support"": 0.0}, {""l3_id"": ""G_SYS_CONTEST"", ""em_score"": 0.607355, ""hybrid_score"": 0.61963, ""keyword_prior"": 0.012275, ""lexical_support"": 0.0}, {""l3_id"": ""G_SYS_CONTEXT"", ""em_score"": 0.593911, ""hybrid_score"": 0.599793, ""keyword_prior"": 0.005881, ""lexical_support"": 0.0}]"
SRC-G-0067,General,RAI4-1702,분포 변화에 대한 AI 평가·검증 실패,AI evaluation failure under distribution shift,G_SYS_EVAL,EM,0.845693,0.827436,1.194598,0.6,G_SYS_EVAL,"[{""l3_id"": ""G_SYS_EVAL"", ""em_score"": 0.845693, ""hybrid_score"": 1.194598, ""keyword_prior"": 0.348905, ""lexical_support"": 0.6}, {""l3_id"": ""G_SYS_INPUT"", ""em_score"": 0.741548, ""hybrid_score"": 0.765635, ""keyword_prior"": 0.024087, ""lexical_support"": 0.3}, {""l3_id"": ""G_SYS_OEXT"", ""em_score"": 0.750324, ""hybrid_score"": 0.76044, ""keyword_prior"": 0.010115, ""lexical_support"": 0.0}, {""l3_id"": ""G_SYS_CONTEXT"", ""em_score"": 0.728796, ""hybrid_score"": 0.751369, ""keyword_prior"": 0.022573, ""lexical_support"": 0.3}, {""l3_id"": ""G_SOC_GOV"", ""em_score"": 0.731929, ""hybrid_score"": 0.734725, ""keyword_prior"": 0.002796, ""lexical_support"": 0.0}]"
SRC-G-0068,General,RAI4-0186,물리적 상식 위반,Commonsense physicality violation,G_SYS_INPUT,EM,0.748108,0.71877,0.76409,0.0,,"[{""l3_id"": ""G_SYS_INPUT"", ""em_score"": 0.748108, ""hybrid_score"": 0.76409, ""keyword_prior"": 0.015982, ""lexical_support"": 0.0}, {""l3_id"": ""G_SYS_OEXT"", ""em_score"": 0.7165, ""hybrid_score"": 0.723237, ""keyword_prior"": 0.006737, ""lexical_support"": 0.0}, {""l3_id"": ""G_SYS_CONTEXT"", ""em_score"": 0.712231, ""hybrid_score"": 0.719202, ""keyword_prior"": 0.006972, ""lexical_support"": 0.0}, {""l3_id"": ""G_INT_UNETH"", ""em_score"": 0.700595, ""hybrid_score"": 0.6991, ""keyword_prior"": -0.001495, ""lexical_support"": 0.0}, {""l3_id"": ""G_SYS_EVAL"", ""em_score"": 0.688092, ""hybrid_score"": 0.696156, ""keyword_prior"": 0.008063, ""lexical_support"": 0.0}]"
SRC-G-0069,General,RAI4-0338,장기 작업의 단계 간 오차 누적,Cross-stage error accumulation in long tasks,G_SYS_OEXT,EM,0.691594,0.661758,0.704459,0.0,,"[{""l3_id"": ""G_SYS_OEXT"", ""em_score"": 0.691594, ""hybrid_score"": 0.704459, ""keyword_prior"": 0.012866, ""lexical_support"": 0.0}, {""l3_id"": ""G_SYS_INPUT"", ""em_score"": 0.656238, ""hybrid_score"": 0.66445, ""keyword_prior"": 0.008212, ""lexical_support"": 0.0}, {""l3_id"": ""G_SYS_INCONS"", ""em_score"": 0.641099, ""hybrid_score"": 0.646565, ""keyword_prior"": 0.005465, ""lexical_support"": 0.0}, {""l3_id"": ""G_SYS_OREF"", ""em_score"": 0.638625, ""hybrid_score"": 0.640229, ""keyword_prior"": 0.001604, ""lexical_support"": 0.0}, {""l3_id"": ""G_SYS_CONTEXT"", ""em_score"": 0.630197, ""hybrid_score"": 0.631828, ""keyword_prior"": 0.001631, ""lexical_support"": 0.0}]"
SRC-G-0070,General,RAI4-0365,규범적 잠금,Normative lock-in,G_Others,HD,0.634548,0.600239,0.676748,0.5,,"[{""l3_id"": ""G_INT_VALUE"", ""em_score"": 0.634548, ""hybrid_score"": 0.676748, ""keyword_prior"": 0.042201, ""lexical_support"": 0.5}, {""l3_id"": ""G_SYS_OREF"", ""em_score"": 0.652538, ""hybrid_score"": 0.656854, ""keyword_prior"": 0.004316, ""lexical_support"": 0.0}, {""l3_id"": ""G_SYS_TRANS"", ""em_score"": 0.649189, ""hybrid_score"": 0.651702, ""keyword_prior"": 0.002513, ""lexical_support"": 0.0}, {""l3_id"": ""G_SYS_CONTEST"", ""em_score"": 0.635638, ""hybrid_score"": 0.649884, ""keyword_prior"": 0.014246, ""lexical_support"": 0.0}, {""l3_id"": ""G_SYS_EVAL"", ""em_score"": 0.626044, ""hybrid_score"": 0.627431, ""keyword_prior"": 0.001387, ""lexical_support"": 0.0}]"
SRC-G-0071,General,RAI4-0371,서구 규범 기본값화,Western normative defaulting,G_INT_VALUE,EM,0.683479,0.656417,0.717925,0.3,,"[{""l3_id"": ""G_INT_VALUE"", ""em_score"": 0.683479, ""hybrid_score"": 0.717925, ""keyword_prior"": 0.034446, ""lexical_support"": 0.3}, {""l3_id"": ""G_SYS_EVAL"", ""em_score"": 0.580093, ""hybrid_score"": 0.585713, ""keyword_prior"": 0.00562, ""lexical_support"": 0.1}, {""l3_id"": ""G_SYS_OREF"", ""em_score"": 0.579605, ""hybrid_score"": 0.582924, ""keyword_prior"": 0.00332, ""lexical_support"": 0.0}, {""l3_id"": ""G_SYS_INCONS"", ""em_score"": 0.572214, ""hybrid_score"": 0.573948, ""keyword_prior"": 0.001735, ""lexical_support"": 0.0}, {""l3_id"": ""G_SYS_OEXT"", ""em_score"": 0.569152, ""hybrid_score"": 0.571236, ""keyword_prior"": 0.002085, ""lexical_support"": 0.0}]"
SRC-G-0072,General,RAI4-0397,RLHF 규범적 과적합,RLHF normative overfitting,G_INT_VALUE,EM,0.657837,0.625195,0.702509,0.5,,"[{""l3_id"": ""G_INT_VALUE"", ""em_score"": 0.657837, ""hybrid_score"": 0.702509, ""keyword_prior"": 0.044672, ""lexical_support"": 0.5}, {""l3_id"": ""G_SYS_OREF"", ""em_score"": 0.624646, ""hybrid_score"": 0.634043, ""keyword_prior"": 0.009397, ""lexical_support"": 0.0}, {""l3_id"": ""G_SYS_OEXT"", ""em_score"": 0.626438, ""hybrid_score"": 0.633745, ""keyword_prior"": 0.007307, ""lexical_support"": 0.0}, {""l3_id"": ""G_SYS_EVAL"", ""em_score"": 0.612301, ""hybrid_score"": 0.614343, ""keyword_prior"": 0.002041, ""lexical_support"": 0.0}, {""l3_id"": ""G_SYS_INCONS"", ""em_score"": 0.600369, ""hybrid_score"": 0.605563, ""keyword_prior"": 0.005194, ""lexical_support"": 0.0}]"
SRC-G-0074,General,RAI4-0785,안전 미세조정 일반화 격차 악용,Exploitation of safety-fine-tuning generalization gaps,G_SYS_SECADV,EM,0.633901,0.587184,0.942532,0.0,G_SYS_SECADV,"[{""l3_id"": ""G_SYS_SECADV"", ""em_score"": 0.633901, ""hybrid_score"": 0.942532, ""keyword_prior"": 0.308631, ""lexical_support"": 0.0}, {""l3_id"": ""G_SYS_INPUT"", ""em_score"": 0.604033, ""hybrid_score"": 0.608865, ""keyword_prior"": 0.004832, ""lexical_support"": 0.0}, {""l3_id"": ""G_SYS_OEXT"", ""em_score"": 0.588183, ""hybrid_score"": 0.606547, ""keyword_prior"": 0.018364, ""lexical_support"": 0.2}, {""l3_id"": ""G_SYS_EVAL"", ""em_score"": 0.598933, ""hybrid_score"": 0.602439, ""keyword_prior"": 0.003506, ""lexical_support"": 0.0}, {""l3_id"": ""G_SYS_OREF"", ""em_score"": 0.580963, ""hybrid_score"": 0.599204, ""keyword_prior"": 0.018241, ""lexical_support"": 0.2}]"
SRC-G-0075,General,RAI4-0814,역사 수정주의적 서술 생성,Generation of historically revisionist accounts,G_Others,HD,0.674823,0.645643,0.683292,0.0,,"[{""l3_id"": ""G_SYS_MISINFO"", ""em_score"": 0.674823, ""hybrid_score"": 0.683292, ""keyword_prior"": 0.00847, ""lexical_support"": 0.0}, {""l3_id"": ""G_SYS_INCONS"", ""em_score"": 0.661007, ""hybrid_score"": 0.667273, ""keyword_prior"": 0.006265, ""lexical_support"": 0.0}, {""l3_id"": ""G_SYS_OEXT"", ""em_score"": 0.637143, ""hybrid_score"": 0.641992, ""keyword_prior"": 0.004849, ""lexical_support"": 0.0}, {""l3_id"": ""G_SYS_OREF"", ""em_score"": 0.636012, ""hybrid_score"": 0.63607, ""keyword_prior"": 5.8e-05, ""lexical_support"": 0.0}, {""l3_id"": ""G_INT_VALUE"", ""em_score"": 0.628204, ""hybrid_score"": 0.633791, ""keyword_prior"": 0.005588, ""lexical_support"": 0.0}]"
SRC-G-0076,General,RAI4-1053,배제적 규범 인코딩,Exclusionary norm encoding,G_INT_VALUE,EM,0.632585,0.592018,0.668256,0.4,,"[{""l3_id"": ""G_INT_VALUE"", ""em_score"": 0.632585, ""hybrid_score"": 0.668256, ""keyword_prior"": 0.035671, ""lexical_support"": 0.4}, {""l3_id"": ""G_SYS_INCONS"", ""em_score"": 0.610365, ""hybrid_score"": 0.613578, ""keyword_prior"": 0.003213, ""lexical_support"": 0.0}, {""l3_id"": ""G_SYS_TRANS"", ""em_score"": 0.594788, ""hybrid_score"": 0.596327, ""keyword_prior"": 0.001539, ""lexical_support"": 0.0}, {""l3_id"": ""G_SYS_OREF"", ""em_score"": 0.591038, ""hybrid_score"": 0.592588, ""keyword_prior"": 0.00155, ""lexical_support"": 0.0}, {""l3_id"": ""G_INT_UNETH"", ""em_score"": 0.588648, ""hybrid_score"": 0.588915, ""keyword_prior"": 0.000268, ""lexical_support"": 0.0}]"
SRC-G-0077,General,RAI4-1161,장기 계획 역량에 의한 감독 불가 행동 경로 추구,Unsupervisable action pathways from long-horizon planning capability,G_Others,HD,0.683105,0.650142,0.701401,0.1,,"[{""l3_id"": ""G_SYS_OEXT"", ""em_score"": 0.683105, ""hybrid_score"": 0.701401, ""keyword_prior"": 0.018296, ""lexical_support"": 0.1}, {""l3_id"": ""G_SYS_TRANS"", ""em_score"": 0.659633, ""hybrid_score"": 0.664716, ""keyword_prior"": 0.005082, ""lexical_support"": 0.0}, {""l3_id"": ""G_SOC_GOV"", ""em_score"": 0.653574, ""hybrid_score"": 0.66032, ""keyword_prior"": 0.006746, ""lexical_support"": 0.0}, {""l3_id"": ""G_SYS_OREF"", ""em_score"": 0.637364, ""hybrid_score"": 0.638743, ""keyword_prior"": 0.001379, ""lexical_support"": 0.0}, {""l3_id"": ""G_INT_UNETH"", ""em_score"": 0.634919, ""hybrid_score"": 0.637799, ""keyword_prior"": 0.002881, ""lexical_support"": 0.0}]"
SRC-G-0078,General,RAI4-0041,에이전트 벤치마크의 커버리지-깊이 착시,Coverage-depth illusion in agent benchmarks,G_Others,HD,0.653656,0.620288,0.662266,0.0,,"[{""l3_id"": ""G_SYS_EVAL"", ""em_score"": 0.653656, ""hybrid_score"": 0.662266, ""keyword_prior"": 0.00861, ""lexical_support"": 0.0}, {""l3_id"": ""G_SYS_TRANS"", ""em_score"": 0.646878, ""hybrid_score"": 0.650633, ""keyword_prior"": 0.003754, ""lexical_support"": 0.0}, {""l3_id"": ""G_SYS_OEXT"", ""em_score"": 0.641084, ""hybrid_score"": 0.646083, ""keyword_prior"": 0.004999, ""lexical_support"": 0.0}, {""l3_id"": ""G_SYS_MISINFO"", ""em_score"": 0.63485, ""hybrid_score"": 0.641649, ""keyword_prior"": 0.006799, ""lexical_support"": 0.0}, {""l3_id"": ""G_SYS_OREF"", ""em_score"": 0.629198, ""hybrid_score"": 0.63265, ""keyword_prior"": 0.003453, ""lexical_support"": 0.0}]"
SRC-G-0079,General,RAI4-0057,AI 결정·행동에 대한 감사 추적 불완전성,Incomplete audit trails for AI decisions and actions,G_Others,HD,0.767248,0.743675,0.780275,0.0,,"[{""l3_id"": ""G_SYS_EVAL"", ""em_score"": 0.767248, ""hybrid_score"": 0.780275, ""keyword_prior"": 0.013026, ""lexical_support"": 0.0}, {""l3_id"": ""G_SOC_GOV"", ""em_score"": 0.76009, ""hybrid_score"": 0.779431, ""keyword_prior"": 0.01934, ""lexical_support"": 0.1}, {""l3_id"": ""G_SYS_TRANS"", ""em_score"": 0.738389, ""hybrid_score"": 0.746341, ""keyword_prior"": 0.007953, ""lexical_support"": 0.0}, {""l3_id"": ""G_SYS_INPUT"", ""em_score"": 0.711918, ""hybrid_score"": 0.723938, ""keyword_prior"": 0.01202, ""lexical_support"": 0.0}, {""l3_id"": ""G_SYS_CONTEST"", ""em_score"": 0.70886, ""hybrid_score"": 0.717298, ""keyword_prior"": 0.008437, ""lexical_support"": 0.0}]"
SRC-G-0080,General,RAI4-0059,문서화 누락,Documentation omission,G_Others,HD,0.668858,0.632633,0.676299,0.0,,"[{""l3_id"": ""G_SYS_OREF"", ""em_score"": 0.668858, ""hybrid_score"": 0.676299, ""keyword_prior"": 0.007441, ""lexical_support"": 0.0}, {""l3_id"": ""G_SYS_EVAL"", ""em_score"": 0.661664, ""hybrid_score"": 0.673272, ""keyword_prior"": 0.011608, ""lexical_support"": 0.1}, {""l3_id"": ""G_SYS_TRANS"", ""em_score"": 0.659077, ""hybrid_score"": 0.664048, ""keyword_prior"": 0.004971, ""lexical_support"": 0.0}, {""l3_id"": ""G_SYS_CONTEXT"", ""em_score"": 0.638681, ""hybrid_score"": 0.6481, ""keyword_prior"": 0.009419, ""lexical_support"": 0.0}, {""l3_id"": ""G_SYS_INPUT"", ""em_score"": 0.628163, ""hybrid_score"": 0.637531, ""keyword_prior"": 0.009368, ""lexical_support"": 0.0}]"
SRC-G-0081,General,RAI4-0064,감사자 독립성 실패,Auditor independence failure,G_SYS_EVAL,EM,0.697584,0.668777,0.726354,0.3,,"[{""l3_id"": ""G_SYS_EVAL"", ""em_score"": 0.697583, ""hybrid_score"": 0.726354, ""keyword_prior"": 0.02877, ""lexical_support"": 0.3}, {""l3_id"": ""G_SYS_TRANS"", ""em_score"": 0.690802, ""hybrid_score"": 0.697756, ""keyword_prior"": 0.006954, ""lexical_support"": 0.0}, {""l3_id"": ""G_SYS_CONTEXT"", ""em_score"": 0.655773, ""hybrid_score"": 0.679049, ""keyword_prior"": 0.023276, ""lexical_support"": 0.3}, {""l3_id"": ""G_SYS_INCONS"", ""em_score"": 0.670448, ""hybrid_score"": 0.67588, ""keyword_prior"": 0.005432, ""lexical_support"": 0.0}, {""l3_id"": ""G_SYS_CONTEST"", ""em_score"": 0.657496, ""hybrid_score"": 0.666619, ""keyword_prior"": 0.009123, ""lexical_support"": 0.0}]"
SRC-G-0082,General,RAI4-0067,보증 사례 실패,Assurance case failure,G_SYS_EVAL,EM,0.781874,0.762305,0.841149,0.7,,"[{""l3_id"": ""G_SYS_EVAL"", ""em_score"": 0.781874, ""hybrid_score"": 0.841149, ""keyword_prior"": 0.059275, ""lexical_support"": 0.7}, {""l3_id"": ""G_SYS_CONTEXT"", ""em_score"": 0.721355, ""hybrid_score"": 0.752479, ""keyword_prior"": 0.031124, ""lexical_support"": 0.3}, {""l3_id"": ""G_SYS_INPUT"", ""em_score"": 0.707869, ""hybrid_score"": 0.740249, ""keyword_prior"": 0.03238, ""lexical_support"": 0.3}, {""l3_id"": ""G_SYS_OREF"", ""em_score"": 0.708918, ""hybrid_score"": 0.718809, ""keyword_prior"": 0.009891, ""lexical_support"": 0.0}, {""l3_id"": ""G_SYS_INCONS"", ""em_score"": 0.671038, ""hybrid_score"": 0.674404, ""keyword_prior"": 0.003366, ""lexical_support"": 0.0}]"
SRC-G-0083,General,RAI4-0082,역량 평가 비공개,Capability evaluation non-disclosure,G_SYS_TRANS,EM,0.729839,0.695463,0.743702,0.0,,"[{""l3_id"": ""G_SYS_TRANS"", ""em_score"": 0.729839, ""hybrid_score"": 0.743702, ""keyword_prior"": 0.013863, ""lexical_support"": 0.0}, {""l3_id"": ""G_SYS_EVAL"", ""em_score"": 0.699825, ""hybrid_score"": 0.728747, ""keyword_prior"": 0.028923, ""lexical_support"": 0.4}, {""l3_id"": ""G_SYS_OEXT"", ""em_score"": 0.684616, ""hybrid_score"": 0.696044, ""keyword_prior"": 0.011428, ""lexical_support"": 0.1}, {""l3_id"": ""G_SYS_OREF"", ""em_score"": 0.671149, ""hybrid_score"": 0.670698, ""keyword_prior"": -0.000451, ""lexical_support"": 0.0}, {""l3_id"": ""G_SYS_SECADV"", ""em_score"": 0.646495, ""hybrid_score"": 0.659385, ""keyword_prior"": 0.01289, ""lexical_support"": 0.2}]"
SRC-G-0084,General,RAI4-0126,설명 실행 가능성 격차,Explanation actionability gap,G_Others,HD,0.718743,0.684579,0.725388,0.0,,"[{""l3_id"": ""G_SYS_TRANS"", ""em_score"": 0.718743, ""hybrid_score"": 0.725389, ""keyword_prior"": 0.006646, ""lexical_support"": 0.0}, {""l3_id"": ""G_SYS_OREF"", ""em_score"": 0.702798, ""hybrid_score"": 0.710624, ""keyword_prior"": 0.007826, ""lexical_support"": 0.0}, {""l3_id"": ""G_SYS_CONTEST"", ""em_score"": 0.682996, ""hybrid_score"": 0.692032, ""keyword_prior"": 0.009037, ""lexical_support"": 0.0}, {""l3_id"": ""G_SYS_EVAL"", ""em_score"": 0.683105, ""hybrid_score"": 0.686769, ""keyword_prior"": 0.003664, ""lexical_support"": 0.0}, {""l3_id"": ""G_SYS_CONTEXT"", ""em_score"": 0.680173, ""hybrid_score"": 0.684344, ""keyword_prior"": 0.004171, ""lexical_support"": 0.0}]"
SRC-G-0085,General,RAI4-0134,임상 의사결정 지원 AI에 대한 과신,Overconfidence in AI clinical decision support,G_SYS_OVERCONF,EM,0.831086,0.799569,1.181351,0.6,G_SYS_OVERCONF,"[{""l3_id"": ""G_SYS_OVERCONF"", ""em_score"": 0.831086, ""hybrid_score"": 1.181351, ""keyword_prior"": 0.350265, ""lexical_support"": 0.6}, {""l3_id"": ""G_SYS_OEXT"", ""em_score"": 0.780572, ""hybrid_score"": 0.792663, ""keyword_prior"": 0.012091, ""lexical_support"": 0.0}, {""l3_id"": ""G_SYS_EVAL"", ""em_score"": 0.745426, ""hybrid_score"": 0.750314, ""keyword_prior"": 0.004888, ""lexical_support"": 0.0}, {""l3_id"": ""G_SYS_MISINFO"", ""em_score"": 0.744967, ""hybrid_score"": 0.747303, ""keyword_prior"": 0.002336, ""lexical_support"": 0.0}, {""l3_id"": ""G_SYS_OREF"", ""em_score"": 0.743329, ""hybrid_score"": 0.746858, ""keyword_prior"": 0.003529, ""lexical_support"": 0.0}]"
SRC-G-0086,General,RAI4-0402,가치 충돌 불투명성,Value conflict opacity,G_SYS_TRANS,EM,0.746726,0.715647,0.765564,0.1,,"[{""l3_id"": ""G_SYS_TRANS"", ""em_score"": 0.746726, ""hybrid_score"": 0.765564, ""keyword_prior"": 0.018839, ""lexical_support"": 0.1}, {""l3_id"": ""G_SYS_INCONS"", ""em_score"": 0.669356, ""hybrid_score"": 0.676013, ""keyword_prior"": 0.006657, ""lexical_support"": 0.0}, {""l3_id"": ""G_INT_VALUE"", ""em_score"": 0.632744, ""hybrid_score"": 0.653281, ""keyword_prior"": 0.020538, ""lexical_support"": 0.2}, {""l3_id"": ""G_SOC_GOV"", ""em_score"": 0.649113, ""hybrid_score"": 0.649474, ""keyword_prior"": 0.00036, ""lexical_support"": 0.0}, {""l3_id"": ""G_SOC_POWER"", ""em_score"": 0.620148, ""hybrid_score"": 0.620734, ""keyword_prior"": 0.000587, ""lexical_support"": 0.0}]"
SRC-G-0087,General,RAI4-0419,이해관계자 이견 은폐,Multi-stakeholder disagreement concealment,G_Others,HD,0.688564,0.650929,0.697879,0.0,,"[{""l3_id"": ""G_SYS_TRANS"", ""em_score"": 0.688564, ""hybrid_score"": 0.697879, ""keyword_prior"": 0.009316, ""lexical_support"": 0.0}, {""l3_id"": ""G_SYS_INCONS"", ""em_score"": 0.658662, ""hybrid_score"": 0.666219, ""keyword_prior"": 0.007557, ""lexical_support"": 0.0}, {""l3_id"": ""G_SYS_OREF"", ""em_score"": 0.635908, ""hybrid_score"": 0.642185, ""keyword_prior"": 0.006278, ""lexical_support"": 0.0}, {""l3_id"": ""G_SYS_MISINFO"", ""em_score"": 0.634843, ""hybrid_score"": 0.641243, ""keyword_prior"": 0.006399, ""lexical_support"": 0.0}, {""l3_id"": ""G_SYS_CONTEXT"", ""em_score"": 0.633175, ""hybrid_score"": 0.634293, ""keyword_prior"": 0.001119, ""lexical_support"": 0.0}]"
SRC-G-0089,General,RAI4-0541,데이터 출처 검증 불가,Unverifiable data provenance,G_SYS_EVAL,EM,0.714288,0.688258,0.740975,0.2,,"[{""l3_id"": ""G_SYS_EVAL"", ""em_score"": 0.714288, ""hybrid_score"": 0.740975, ""keyword_prior"": 0.026688, ""lexical_support"": 0.2}, {""l3_id"": ""G_SYS_CONTEST"", ""em_score"": 0.655884, ""hybrid_score"": 0.691593, ""keyword_prior"": 0.035709, ""lexical_support"": 0.4}, {""l3_id"": ""G_SYS_INCONS"", ""em_score"": 0.674806, ""hybrid_score"": 0.684222, ""keyword_prior"": 0.009417, ""lexical_support"": 0.0}, {""l3_id"": ""G_SYS_TRANS"", ""em_score"": 0.671758, ""hybrid_score"": 0.678932, ""keyword_prior"": 0.007174, ""lexical_support"": 0.0}, {""l3_id"": ""G_SYS_OREF"", ""em_score"": 0.644413, ""hybrid_score"": 0.648041, ""keyword_prior"": 0.003628, ""lexical_support"": 0.0}]"
SRC-G-0090,General,RAI4-0546,감사자 역량 부족에 따른 과대 보증,Over-assurance from insufficient auditor capacity,G_Others,HD,0.733723,0.714595,0.757113,0.1,,"[{""l3_id"": ""G_SYS_OEXT"", ""em_score"": 0.733723, ""hybrid_score"": 0.757113, ""keyword_prior"": 0.02339, ""lexical_support"": 0.1}, {""l3_id"": ""G_SYS_EVAL"", ""em_score"": 0.723679, ""hybrid_score"": 0.737742, ""keyword_prior"": 0.014063, ""lexical_support"": 0.0}, {""l3_id"": ""G_SYS_TRANS"", ""em_score"": 0.696559, ""hybrid_score"": 0.712326, ""keyword_prior"": 0.015767, ""lexical_support"": 0.1}, {""l3_id"": ""G_SYS_OREF"", ""em_score"": 0.692739, ""hybrid_score"": 0.704881, ""keyword_prior"": 0.012142, ""lexical_support"": 0.0}, {""l3_id"": ""G_SYS_CONTEST"", ""em_score"": 0.646174, ""hybrid_score"": 0.655454, ""keyword_prior"": 0.009279, ""lexical_support"": 0.0}]"
SRC-G-0091,General,RAI4-0588,설명·출처 추적·재현성의 상실,"Loss of explainability, provenance, and reproducibility",G_SYS_TRANS,EM,0.729742,0.695031,0.746835,0.0,,"[{""l3_id"": ""G_SYS_TRANS"", ""em_score"": 0.729742, ""hybrid_score"": 0.746835, ""keyword_prior"": 0.017094, ""lexical_support"": 0.0}, {""l3_id"": ""G_SYS_EVAL"", ""em_score"": 0.685507, ""hybrid_score"": 0.703557, ""keyword_prior"": 0.01805, ""lexical_support"": 0.1}, {""l3_id"": ""G_SYS_INCONS"", ""em_score"": 0.683831, ""hybrid_score"": 0.696301, ""keyword_prior"": 0.01247, ""lexical_support"": 0.0}, {""l3_id"": ""G_SOC_GOV"", ""em_score"": 0.659031, ""hybrid_score"": 0.683298, ""keyword_prior"": 0.024267, ""lexical_support"": 0.3}, {""l3_id"": ""G_SYS_CONTEST"", ""em_score"": 0.655145, ""hybrid_score"": 0.672227, ""keyword_prior"": 0.017081, ""lexical_support"": 0.0}]"
SRC-G-0092,General,RAI4-0590,불충분한 정보에 기반한 조언,Advice given on insufficient information,G_SYS_OVERCONF,EM,0.784234,0.742323,0.828584,0.5,,"[{""l3_id"": ""G_SYS_OVERCONF"", ""em_score"": 0.784234, ""hybrid_score"": 0.828584, ""keyword_prior"": 0.04435, ""lexical_support"": 0.5}, {""l3_id"": ""G_SYS_OREF"", ""em_score"": 0.732455, ""hybrid_score"": 0.742862, ""keyword_prior"": 0.010407, ""lexical_support"": 0.0}, {""l3_id"": ""G_SYS_MISINFO"", ""em_score"": 0.715735, ""hybrid_score"": 0.739836, ""keyword_prior"": 0.024101, ""lexical_support"": 0.2}, {""l3_id"": ""G_SYS_INCONS"", ""em_score"": 0.696946, ""hybrid_score"": 0.701659, ""keyword_prior"": 0.004713, ""lexical_support"": 0.0}, {""l3_id"": ""G_SYS_EVAL"", ""em_score"": 0.692208, ""hybrid_score"": 0.697017, ""keyword_prior"": 0.004809, ""lexical_support"": 0.0}]"
SRC-G-0093,General,RAI4-0596,AI 문서화 및 의사결정의 투명성·설명가능성 부족,Insufficient transparency and explainability across AI documentation and decisions,G_SYS_TRANS,EM,0.828314,0.799442,0.860723,0.3,,"[{""l3_id"": ""G_SYS_TRANS"", ""em_score"": 0.828314, ""hybrid_score"": 0.860723, ""keyword_prior"": 0.032409, ""lexical_support"": 0.3}, {""l3_id"": ""G_SOC_GOV"", ""em_score"": 0.764527, ""hybrid_score"": 0.777701, ""keyword_prior"": 0.013174, ""lexical_support"": 0.1}, {""l3_id"": ""G_SYS_EVAL"", ""em_score"": 0.77026, ""hybrid_score"": 0.773886, ""keyword_prior"": 0.003626, ""lexical_support"": 0.0}, {""l3_id"": ""G_SYS_POLICY"", ""em_score"": 0.743353, ""hybrid_score"": 0.745824, ""keyword_prior"": 0.002471, ""lexical_support"": 0.0}, {""l3_id"": ""G_SYS_CONTEST"", ""em_score"": 0.734461, ""hybrid_score"": 0.741706, ""keyword_prior"": 0.007245, ""lexical_support"": 0.0}]"
SRC-G-0094,General,RAI4-0818,확신에 찬 부정확한 답변과 근거 제시,Confidently asserted but unsound answers and justifications,G_SYS_OVERCONF,EM,0.812679,0.776568,0.832526,0.1,,"[{""l3_id"": ""G_SYS_OVERCONF"", ""em_score"": 0.812679, ""hybrid_score"": 0.832526, ""keyword_prior"": 0.019846, ""lexical_support"": 0.1}, {""l3_id"": ""G_SYS_INCONS"", ""em_score"": 0.721419, ""hybrid_score"": 0.730241, ""keyword_prior"": 0.008822, ""lexical_support"": 0.0}, {""l3_id"": ""G_SYS_EVAL"", ""em_score"": 0.71456, ""hybrid_score"": 0.722142, ""keyword_prior"": 0.007582, ""lexical_support"": 0.0}, {""l3_id"": ""G_SYS_TRANS"", ""em_score"": 0.715604, ""hybrid_score"": 0.720218, ""keyword_prior"": 0.004614, ""lexical_support"": 0.0}, {""l3_id"": ""G_SYS_OREF"", ""em_score"": 0.708375, ""hybrid_score"": 0.713541, ""keyword_prior"": 0.005165, ""lexical_support"": 0.0}]"
SRC-G-0095,General,RAI4-1120,재앙으로 번지는 사고,Accidents cascading into catastrophe,G_SYS_INCONS,EM,0.658547,0.619382,0.66705,0.0,,"[{""l3_id"": ""G_SYS_INCONS"", ""em_score"": 0.658547, ""hybrid_score"": 0.66705, ""keyword_prior"": 0.008503, ""lexical_support"": 0.0}, {""l3_id"": ""G_SYS_CONTEXT"", ""em_score"": 0.609276, ""hybrid_score"": 0.611817, ""keyword_prior"": 0.002542, ""lexical_support"": 0.0}, {""l3_id"": ""G_SOC_GOV"", ""em_score"": 0.606364, ""hybrid_score"": 0.610849, ""keyword_prior"": 0.004485, ""lexical_support"": 0.0}, {""l3_id"": ""G_SYS_TRANS"", ""em_score"": 0.602289, ""hybrid_score"": 0.604551, ""keyword_prior"": 0.002262, ""lexical_support"": 0.0}, {""l3_id"": ""G_SYS_EVAL"", ""em_score"": 0.599799, ""hybrid_score"": 0.599828, ""keyword_prior"": 2.9e-05, ""lexical_support"": 0.0}]"
SRC-G-0097,General,RAI4-1163,자기·상황 인식에 따른 평가 인지 행동 변화,Evaluation-aware behaviour shifting by situationally aware models,G_SYS_EVAL,EM,0.687368,0.661182,0.707485,0.3,,"[{""l3_id"": ""G_SYS_EVAL"", ""em_score"": 0.687368, ""hybrid_score"": 0.707485, ""keyword_prior"": 0.020116, ""lexical_support"": 0.3}, {""l3_id"": ""G_SYS_CONTEXT"", ""em_score"": 0.661061, ""hybrid_score"": 0.680611, ""keyword_prior"": 0.019549, ""lexical_support"": 0.1}, {""l3_id"": ""G_SYS_INPUT"", ""em_score"": 0.654605, ""hybrid_score"": 0.662926, ""keyword_prior"": 0.008321, ""lexical_support"": 0.0}, {""l3_id"": ""G_SYS_INCONS"", ""em_score"": 0.621239, ""hybrid_score"": 0.624184, ""keyword_prior"": 0.002946, ""lexical_support"": 0.0}, {""l3_id"": ""G_SYS_OEXT"", ""em_score"": 0.619887, ""hybrid_score"": 0.618979, ""keyword_prior"": -0.000908, ""lexical_support"": 0.0}]"
SRC-G-0098,General,RAI4-1175,안전하지 않은 견해 내포 질의,Inquiry embedding unsafe opinion,G_Others,HD,0.697285,0.661347,0.701448,0.0,,"[{""l3_id"": ""G_SYS_MISINFO"", ""em_score"": 0.697285, ""hybrid_score"": 0.701448, ""keyword_prior"": 0.004163, ""lexical_support"": 0.0}, {""l3_id"": ""G_SYS_OREF"", ""em_score"": 0.696443, ""hybrid_score"": 0.700377, ""keyword_prior"": 0.003934, ""lexical_support"": 0.0}, {""l3_id"": ""G_SYS_INCONS"", ""em_score"": 0.677639, ""hybrid_score"": 0.682479, ""keyword_prior"": 0.004839, ""lexical_support"": 0.0}, {""l3_id"": ""G_INT_UNETH"", ""em_score"": 0.66774, ""hybrid_score"": 0.668712, ""keyword_prior"": 0.000973, ""lexical_support"": 0.0}, {""l3_id"": ""G_SYS_TRANS"", ""em_score"": 0.665013, ""hybrid_score"": 0.666452, ""keyword_prior"": 0.001439, ""lexical_support"": 0.0}]"
SRC-G-0099,General,RAI4-1195,모델 판단 근거 이해 불가,Uninterpretable model decision reasoning,G_SYS_TRANS,EM,0.730141,0.694636,0.749075,0.1,,"[{""l3_id"": ""G_SYS_TRANS"", ""em_score"": 0.730141, ""hybrid_score"": 0.749075, ""keyword_prior"": 0.018934, ""lexical_support"": 0.1}, {""l3_id"": ""G_SYS_EVAL"", ""em_score"": 0.666789, ""hybrid_score"": 0.668958, ""keyword_prior"": 0.002169, ""lexical_support"": 0.0}, {""l3_id"": ""G_SYS_INPUT"", ""em_score"": 0.650998, ""hybrid_score"": 0.663033, ""keyword_prior"": 0.012035, ""lexical_support"": 0.1}, {""l3_id"": ""G_SYS_CONTEST"", ""em_score"": 0.647781, ""hybrid_score"": 0.651769, ""keyword_prior"": 0.003988, ""lexical_support"": 0.0}, {""l3_id"": ""G_SYS_CONTEXT"", ""em_score"": 0.64792, ""hybrid_score"": 0.65089, ""keyword_prior"": 0.00297, ""lexical_support"": 0.0}]"
SRC-G-0100,General,RAI4-1296,검증 불가능한 AI 의사결정의 책임 공백,Accountability void for unverifiable AI decisions,G_SOC_GOV,EM,0.870088,0.850728,1.218037,0.5,G_SOC_GOV,"[{""l3_id"": ""G_SOC_GOV"", ""em_score"": 0.870088, ""hybrid_score"": 1.218037, ""keyword_prior"": 0.347949, ""lexical_support"": 0.5}, {""l3_id"": ""G_SYS_EVAL"", ""em_score"": 0.817717, ""hybrid_score"": 0.832184, ""keyword_prior"": 0.014467, ""lexical_support"": 0.1}, {""l3_id"": ""G_SYS_TRANS"", ""em_score"": 0.811488, ""hybrid_score"": 0.819588, ""keyword_prior"": 0.0081, ""lexical_support"": 0.0}, {""l3_id"": ""G_SYS_CONTEST"", ""em_score"": 0.778526, ""hybrid_score"": 0.788001, ""keyword_prior"": 0.009475, ""lexical_support"": 0.0}, {""l3_id"": ""G_SYS_OEXT"", ""em_score"": 0.763538, ""hybrid_score"": 0.768269, ""keyword_prior"": 0.004731, ""lexical_support"": 0.0}]"
SRC-G-0101,General,RAI4-1300,모델 불투명도,Model opacity,G_SYS_TRANS,EM,0.773868,0.742931,0.797139,0.1,,"[{""l3_id"": ""G_SYS_TRANS"", ""em_score"": 0.773868, ""hybrid_score"": 0.797139, ""keyword_prior"": 0.023271, ""lexical_support"": 0.1}, {""l3_id"": ""G_SYS_INCONS"", ""em_score"": 0.686026, ""hybrid_score"": 0.690648, ""keyword_prior"": 0.004622, ""lexical_support"": 0.0}, {""l3_id"": ""G_SYS_OEXT"", ""em_score"": 0.679745, ""hybrid_score"": 0.684746, ""keyword_prior"": 0.005001, ""lexical_support"": 0.0}, {""l3_id"": ""G_SOC_GOV"", ""em_score"": 0.677803, ""hybrid_score"": 0.684687, ""keyword_prior"": 0.006884, ""lexical_support"": 0.0}, {""l3_id"": ""G_SYS_OREF"", ""em_score"": 0.667029, ""hybrid_score"": 0.667376, ""keyword_prior"": 0.000347, ""lexical_support"": 0.0}]"
SRC-G-0102,General,RAI4-1303,기능·책임 명세 공백,Specification gaps in functionality and responsibility,G_SOC_GOV,EM,0.759301,0.735794,0.785287,0.2,,"[{""l3_id"": ""G_SOC_GOV"", ""em_score"": 0.759301, ""hybrid_score"": 0.785287, ""keyword_prior"": 0.025986, ""lexical_support"": 0.2}, {""l3_id"": ""G_SYS_EVAL"", ""em_score"": 0.725745, ""hybrid_score"": 0.733174, ""keyword_prior"": 0.007429, ""lexical_support"": 0.0}, {""l3_id"": ""G_SYS_TRANS"", ""em_score"": 0.709774, ""hybrid_score"": 0.717085, ""keyword_prior"": 0.007311, ""lexical_support"": 0.0}, {""l3_id"": ""G_SYS_CONTEXT"", ""em_score"": 0.699066, ""hybrid_score"": 0.706484, ""keyword_prior"": 0.007418, ""lexical_support"": 0.0}, {""l3_id"": ""G_SYS_OEXT"", ""em_score"": 0.694077, ""hybrid_score"": 0.701642, ""keyword_prior"": 0.007565, ""lexical_support"": 0.0}]"
SRC-G-0103,General,RAI4-1384,의사결정 이해 불능,Unintelligible agent decisions,G_SYS_TRANS,EM,0.738388,0.706203,0.74873,0.0,,"[{""l3_id"": ""G_SYS_TRANS"", ""em_score"": 0.738388, ""hybrid_score"": 0.74873, ""keyword_prior"": 0.010342, ""lexical_support"": 0.0}, {""l3_id"": ""G_SYS_INPUT"", ""em_score"": 0.696307, ""hybrid_score"": 0.711001, ""keyword_prior"": 0.014694, ""lexical_support"": 0.1}, {""l3_id"": ""G_SYS_OREF"", ""em_score"": 0.703014, ""hybrid_score"": 0.709405, ""keyword_prior"": 0.006391, ""lexical_support"": 0.0}, {""l3_id"": ""G_SYS_OEXT"", ""em_score"": 0.679992, ""hybrid_score"": 0.685433, ""keyword_prior"": 0.005441, ""lexical_support"": 0.0}, {""l3_id"": ""G_SYS_EVAL"", ""em_score"": 0.682088, ""hybrid_score"": 0.683905, ""keyword_prior"": 0.001817, ""lexical_support"": 0.0}]"
SRC-G-0104,General,RAI4-1486,조직 간 데이터 문서화 부재,Missing cross-organizational data documentation,G_Others,HD,0.679478,0.642838,0.691202,0.0,,"[{""l3_id"": ""G_SYS_TRANS"", ""em_score"": 0.679478, ""hybrid_score"": 0.691202, ""keyword_prior"": 0.011724, ""lexical_support"": 0.0}, {""l3_id"": ""G_SYS_CONTEXT"", ""em_score"": 0.666399, ""hybrid_score"": 0.67726, ""keyword_prior"": 0.01086, ""lexical_support"": 0.0}, {""l3_id"": ""G_SYS_EVAL"", ""em_score"": 0.659195, ""hybrid_score"": 0.662664, ""keyword_prior"": 0.003469, ""lexical_support"": 0.0}, {""l3_id"": ""G_SOC_GOV"", ""em_score"": 0.645, ""hybrid_score"": 0.657795, ""keyword_prior"": 0.012795, ""lexical_support"": 0.0}, {""l3_id"": ""G_SYS_INCONS"", ""em_score"": 0.648791, ""hybrid_score"": 0.654078, ""keyword_prior"": 0.005286, ""lexical_support"": 0.0}]"
SRC-G-0105,General,RAI4-1514,해석가능성 결과에 대한 과대평가와 거짓 확 신,Overestimation of interpretability results,G_Others,HD,0.737601,0.71122,0.748966,0.0,,"[{""l3_id"": ""G_SYS_OEXT"", ""em_score"": 0.737601, ""hybrid_score"": 0.748966, ""keyword_prior"": 0.011366, ""lexical_support"": 0.0}, {""l3_id"": ""G_SYS_EVAL"", ""em_score"": 0.724864, ""hybrid_score"": 0.729845, ""keyword_prior"": 0.004981, ""lexical_support"": 0.0}, {""l3_id"": ""G_SYS_OREF"", ""em_score"": 0.712667, ""hybrid_score"": 0.720352, ""keyword_prior"": 0.007685, ""lexical_support"": 0.0}, {""l3_id"": ""G_SYS_INCONS"", ""em_score"": 0.709155, ""hybrid_score"": 0.716769, ""keyword_prior"": 0.007614, ""lexical_support"": 0.0}, {""l3_id"": ""G_SYS_TRANS"", ""em_score"": 0.711853, ""hybrid_score"": 0.713623, ""keyword_prior"": 0.00177, ""lexical_support"": 0.0}]"
SRC-G-0109,General,RAI4-0344,사용자 능력 불일치,User capability mismatch,G_SYS_INPUT,EM,0.788342,0.755335,0.804457,0.0,,"[{""l3_id"": ""G_SYS_INPUT"", ""em_score"": 0.788342, ""hybrid_score"": 0.804457, ""keyword_prior"": 0.016115, ""lexical_support"": 0.0}, {""l3_id"": ""G_SYS_CONTEXT"", ""em_score"": 0.761681, ""hybrid_score"": 0.770222, ""keyword_prior"": 0.008541, ""lexical_support"": 0.0}, {""l3_id"": ""G_SYS_OEXT"", ""em_score"": 0.764269, ""hybrid_score"": 0.769915, ""keyword_prior"": 0.005645, ""lexical_support"": 0.0}, {""l3_id"": ""G_SYS_CONTEST"", ""em_score"": 0.753152, ""hybrid_score"": 0.759531, ""keyword_prior"": 0.006379, ""lexical_support"": 0.0}, {""l3_id"": ""G_SYS_TRANS"", ""em_score"": 0.755772, ""hybrid_score"": 0.757587, ""keyword_prior"": 0.001815, ""lexical_support"": 0.0}]"
SRC-G-0110,General,RAI4-0364,다원적 선호 집계 실패,Pluralistic preference aggregation failure,G_Others,HD,0.695043,0.657527,0.723377,0.3,,"[{""l3_id"": ""G_SYS_CONTEXT"", ""em_score"": 0.695043, ""hybrid_score"": 0.723377, ""keyword_prior"": 0.028334, ""lexical_support"": 0.3}, {""l3_id"": ""G_SYS_OREF"", ""em_score"": 0.701692, ""hybrid_score"": 0.709298, ""keyword_prior"": 0.007606, ""lexical_support"": 0.0}, {""l3_id"": ""G_SYS_EVAL"", ""em_score"": 0.67862, ""hybrid_score"": 0.70318, ""keyword_prior"": 0.02456, ""lexical_support"": 0.3}, {""l3_id"": ""G_SYS_INPUT"", ""em_score"": 0.669692, ""hybrid_score"": 0.696801, ""keyword_prior"": 0.027109, ""lexical_support"": 0.3}, {""l3_id"": ""G_SOC_POWER"", ""em_score"": 0.658162, ""hybrid_score"": 0.663357, ""keyword_prior"": 0.005194, ""lexical_support"": 0.0}]"
SRC-G-0111,General,RAI4-0366,최적화 하의 가치 드리프트,Value drift under optimization,G_INT_VALUE,EM,0.687659,0.655864,0.714782,0.2,,"[{""l3_id"": ""G_INT_VALUE"", ""em_score"": 0.687659, ""hybrid_score"": 0.714782, ""keyword_prior"": 0.027123, ""lexical_support"": 0.2}, {""l3_id"": ""G_SYS_OREF"", ""em_score"": 0.64329, ""hybrid_score"": 0.645348, ""keyword_prior"": 0.002058, ""lexical_support"": 0.0}, {""l3_id"": ""G_SYS_OEXT"", ""em_score"": 0.642366, ""hybrid_score"": 0.644861, ""keyword_prior"": 0.002495, ""lexical_support"": 0.0}, {""l3_id"": ""G_SOC_POWER"", ""em_score"": 0.612981, ""hybrid_score"": 0.616049, ""keyword_prior"": 0.003068, ""lexical_support"": 0.0}, {""l3_id"": ""G_SYS_CONTEST"", ""em_score"": 0.602957, ""hybrid_score"": 0.602546, ""keyword_prior"": -0.000411, ""lexical_support"": 0.0}]"
SRC-G-0112,General,RAI4-0399,무해성 선호 불일치,Harmlessness preference mismatch,G_SYS_INCONS,EM,0.681666,0.637064,0.69085,0.0,,"[{""l3_id"": ""G_SYS_INCONS"", ""em_score"": 0.681666, ""hybrid_score"": 0.69085, ""keyword_prior"": 0.009184, ""lexical_support"": 0.0}, {""l3_id"": ""G_SYS_OREF"", ""em_score"": 0.652381, ""hybrid_score"": 0.663462, ""keyword_prior"": 0.011081, ""lexical_support"": 0.0}, {""l3_id"": ""G_SYS_CONTEXT"", ""em_score"": 0.655335, ""hybrid_score"": 0.658183, ""keyword_prior"": 0.002849, ""lexical_support"": 0.0}, {""l3_id"": ""G_SYS_TRANS"", ""em_score"": 0.628162, ""hybrid_score"": 0.631063, ""keyword_prior"": 0.002901, ""lexical_support"": 0.0}, {""l3_id"": ""G_SYS_INPUT"", ""em_score"": 0.62061, ""hybrid_score"": 0.626913, ""keyword_prior"": 0.006302, ""lexical_support"": 0.0}]"
SRC-G-0113,General,RAI4-0468,대리 보상 오명세·명세 게이밍 및 보상 변조,"Proxy-reward misspecification, specification gaming, and reward tampering",G_Others,HD,0.727434,0.698638,0.73155,0.0,,"[{""l3_id"": ""G_SYS_OEXT"", ""em_score"": 0.727434, ""hybrid_score"": 0.73155, ""keyword_prior"": 0.004115, ""lexical_support"": 0.0}, {""l3_id"": ""G_SYS_MISINFO"", ""em_score"": 0.715054, ""hybrid_score"": 0.719144, ""keyword_prior"": 0.00409, ""lexical_support"": 0.0}, {""l3_id"": ""G_INT_UNETH"", ""em_score"": 0.709621, ""hybrid_score"": 0.714717, ""keyword_prior"": 0.005096, ""lexical_support"": 0.0}, {""l3_id"": ""G_SYS_OREF"", ""em_score"": 0.696449, ""hybrid_score"": 0.701194, ""keyword_prior"": 0.004745, ""lexical_support"": 0.0}, {""l3_id"": ""G_SYS_CONTEST"", ""em_score"": 0.681376, ""hybrid_score"": 0.68573, ""keyword_prior"": 0.004354, ""lexical_support"": 0.0}]"
SRC-G-0116,General,RAI4-0591,인간 가치와의 AI 목표 오정렬,Misalignment of AI goals with human values,G_INT_VALUE,EM,0.76769,0.740467,0.792216,0.2,,"[{""l3_id"": ""G_INT_VALUE"", ""em_score"": 0.76769, ""hybrid_score"": 0.792216, ""keyword_prior"": 0.024526, ""lexical_support"": 0.2}, {""l3_id"": ""G_SOC_POWER"", ""em_score"": 0.754653, ""hybrid_score"": 0.762001, ""keyword_prior"": 0.007349, ""lexical_support"": 0.0}, {""l3_id"": ""G_INT_UNETH"", ""em_score"": 0.748607, ""hybrid_score"": 0.755697, ""keyword_prior"": 0.00709, ""lexical_support"": 0.0}, {""l3_id"": ""G_SYS_MISINFO"", ""em_score"": 0.743028, ""hybrid_score"": 0.744565, ""keyword_prior"": 0.001537, ""lexical_support"": 0.0}, {""l3_id"": ""G_SYS_OEXT"", ""em_score"": 0.724659, ""hybrid_score"": 0.726963, ""keyword_prior"": 0.002305, ""lexical_support"": 0.0}]"
SRC-G-0117,General,RAI4-0893,모의된 정동에 의한 기대 위반과 배신감,Violated expectations from simulated affect,G_Others,HD,0.701066,0.66322,0.707722,0.0,,"[{""l3_id"": ""G_SYS_OREF"", ""em_score"": 0.701066, ""hybrid_score"": 0.707722, ""keyword_prior"": 0.006656, ""lexical_support"": 0.0}, {""l3_id"": ""G_INT_UNETH"", ""em_score"": 0.690804, ""hybrid_score"": 0.692717, ""keyword_prior"": 0.001913, ""lexical_support"": 0.0}, {""l3_id"": ""G_INT_ANTH"", ""em_score"": 0.683222, ""hybrid_score"": 0.68885, ""keyword_prior"": 0.005627, ""lexical_support"": 0.0}, {""l3_id"": ""G_SYS_OEXT"", ""em_score"": 0.675554, ""hybrid_score"": 0.681352, ""keyword_prior"": 0.005798, ""lexical_support"": 0.0}, {""l3_id"": ""G_SYS_MISINFO"", ""em_score"": 0.67544, ""hybrid_score"": 0.681333, ""keyword_prior"": 0.005893, ""lexical_support"": 0.0}]"
SRC-G-0118,General,RAI4-0970,AGI 목표 안전성 확보 실패,Failure to secure AGI goal safety,G_SYS_EVAL,EM,0.765765,0.743255,0.807588,0.4,,"[{""l3_id"": ""G_SYS_EVAL"", ""em_score"": 0.765765, ""hybrid_score"": 0.807588, ""keyword_prior"": 0.041823, ""lexical_support"": 0.4}, {""l3_id"": ""G_SYS_INPUT"", ""em_score"": 0.746336, ""hybrid_score"": 0.789491, ""keyword_prior"": 0.043155, ""lexical_support"": 0.4}, {""l3_id"": ""G_SYS_CONTEXT"", ""em_score"": 0.700801, ""hybrid_score"": 0.734043, ""keyword_prior"": 0.033242, ""lexical_support"": 0.4}, {""l3_id"": ""G_SYS_OREF"", ""em_score"": 0.695583, ""hybrid_score"": 0.701932, ""keyword_prior"": 0.00635, ""lexical_support"": 0.0}, {""l3_id"": ""G_SYS_CONTEST"", ""em_score"": 0.675778, ""hybrid_score"": 0.687844, ""keyword_prior"": 0.012066, ""lexical_support"": 0.0}]"
SRC-G-0119,General,RAI4-1112,모델 오설정과 정량화되지 않은 예측 불확실 성,Model misspecification and unquantified prediction uncertainty,G_SYS_INCONS,EM,0.734244,0.695839,0.755332,0.1,,"[{""l3_id"": ""G_SYS_INCONS"", ""em_score"": 0.734244, ""hybrid_score"": 0.755332, ""keyword_prior"": 0.021087, ""lexical_support"": 0.1}, {""l3_id"": ""G_SYS_OVERCONF"", ""em_score"": 0.732811, ""hybrid_score"": 0.741945, ""keyword_prior"": 0.009134, ""lexical_support"": 0.0}, {""l3_id"": ""G_SYS_EVAL"", ""em_score"": 0.725627, ""hybrid_score"": 0.732434, ""keyword_prior"": 0.006807, ""lexical_support"": 0.0}, {""l3_id"": ""G_SYS_TRANS"", ""em_score"": 0.705733, ""hybrid_score"": 0.711941, ""keyword_prior"": 0.006208, ""lexical_support"": 0.0}, {""l3_id"": ""G_SYS_MISINFO"", ""em_score"": 0.673707, ""hybrid_score"": 0.676765, ""keyword_prior"": 0.003058, ""lexical_support"": 0.0}]"
SRC-G-0123,General,RAI4-1133,분포 이동에서의 목표 오일반화와 기만적 정 렬,Goal misgeneralization and deceptive alignment under distribution shift,G_Others,HD,0.641464,0.609322,0.651527,0.0,,"[{""l3_id"": ""G_SYS_MISINFO"", ""em_score"": 0.641464, ""hybrid_score"": 0.651527, ""keyword_prior"": 0.010062, ""lexical_support"": 0.0}, {""l3_id"": ""G_SYS_INPUT"", ""em_score"": 0.637442, ""hybrid_score"": 0.646666, ""keyword_prior"": 0.009223, ""lexical_support"": 0.0}, {""l3_id"": ""G_SYS_OEXT"", ""em_score"": 0.630305, ""hybrid_score"": 0.630895, ""keyword_prior"": 0.00059, ""lexical_support"": 0.0}, {""l3_id"": ""G_SYS_CONTEXT"", ""em_score"": 0.622944, ""hybrid_score"": 0.628586, ""keyword_prior"": 0.005642, ""lexical_support"": 0.0}, {""l3_id"": ""G_SYS_EVAL"", ""em_score"": 0.62658, ""hybrid_score"": 0.626886, ""keyword_prior"": 0.000305, ""lexical_support"": 0.0}]"
SRC-G-0125,General,RAI4-1285,배포 후 잔존 결함으로 인한 오작동,Undesirable outcomes from residual post-deployment defects,G_Others,HD,0.718689,0.687401,0.727535,0.0,,"[{""l3_id"": ""G_SYS_EVAL"", ""em_score"": 0.718689, ""hybrid_score"": 0.727535, ""keyword_prior"": 0.008847, ""lexical_support"": 0.0}, {""l3_id"": ""G_SOC_GOV"", ""em_score"": 0.709998, ""hybrid_score"": 0.722969, ""keyword_prior"": 0.012971, ""lexical_support"": 0.0}, {""l3_id"": ""G_SYS_CONTEXT"", ""em_score"": 0.696875, ""hybrid_score"": 0.700302, ""keyword_prior"": 0.003426, ""lexical_support"": 0.0}, {""l3_id"": ""G_SYS_INPUT"", ""em_score"": 0.690845, ""hybrid_score"": 0.698202, ""keyword_prior"": 0.007357, ""lexical_support"": 0.0}, {""l3_id"": ""G_SYS_TRANS"", ""em_score"": 0.690172, ""hybrid_score"": 0.688776, ""keyword_prior"": -0.001396, ""lexical_support"": 0.0}]"
SRC-G-0127,General,RAI4-1323,자율적 장기 목표 이탈,Autonomous long-horizon goal divergence,G_Others,HD,0.726554,0.693928,0.730235,0.0,,"[{""l3_id"": ""G_SYS_OEXT"", ""em_score"": 0.726555, ""hybrid_score"": 0.730235, ""keyword_prior"": 0.003681, ""lexical_support"": 0.0}, {""l3_id"": ""G_SYS_INPUT"", ""em_score"": 0.707031, ""hybrid_score"": 0.714072, ""keyword_prior"": 0.007041, ""lexical_support"": 0.0}, {""l3_id"": ""G_SYS_MISINFO"", ""em_score"": 0.701407, ""hybrid_score"": 0.70083, ""keyword_prior"": -0.000577, ""lexical_support"": 0.0}, {""l3_id"": ""G_INT_UNETH"", ""em_score"": 0.700405, ""hybrid_score"": 0.695217, ""keyword_prior"": -0.005188, ""lexical_support"": 0.0}, {""l3_id"": ""G_SYS_CONTEXT"", ""em_score"": 0.693488, ""hybrid_score"": 0.693573, ""keyword_prior"": 8.5e-05, ""lexical_support"": 0.0}]"
SRC-G-0129,General,RAI4-1460,성능 요구사항 계획 미흡,Inadequate performance requirement planning,G_SYS_EVAL,EM,0.708253,0.677095,0.719648,0.0,,"[{""l3_id"": ""G_SYS_EVAL"", ""em_score"": 0.708253, ""hybrid_score"": 0.719648, ""keyword_prior"": 0.011394, ""lexical_support"": 0.0}, {""l3_id"": ""G_SYS_INPUT"", ""em_score"": 0.680149, ""hybrid_score"": 0.692399, ""keyword_prior"": 0.01225, ""lexical_support"": 0.0}, {""l3_id"": ""G_SYS_CONTEXT"", ""em_score"": 0.677395, ""hybrid_score"": 0.689429, ""keyword_prior"": 0.012034, ""lexical_support"": 0.0}, {""l3_id"": ""G_SYS_OREF"", ""em_score"": 0.678123, ""hybrid_score"": 0.687164, ""keyword_prior"": 0.009041, ""lexical_support"": 0.0}, {""l3_id"": ""G_SYS_INCONS"", ""em_score"": 0.669091, ""hybrid_score"": 0.675756, ""keyword_prior"": 0.006665, ""lexical_support"": 0.0}]"
SRC-G-0130,General,RAI4-1498,LLM 평가자 오판,Faulty LLM-as-evaluator judgments,G_SYS_EVAL,EM,0.67507,0.643973,0.680742,0.0,,"[{""l3_id"": ""G_SYS_EVAL"", ""em_score"": 0.67507, ""hybrid_score"": 0.680742, ""keyword_prior"": 0.005673, ""lexical_support"": 0.0}, {""l3_id"": ""G_SYS_INCONS"", ""em_score"": 0.645407, ""hybrid_score"": 0.651156, ""keyword_prior"": 0.005749, ""lexical_support"": 0.0}, {""l3_id"": ""G_SYS_OEXT"", ""em_score"": 0.642494, ""hybrid_score"": 0.644154, ""keyword_prior"": 0.00166, ""lexical_support"": 0.0}, {""l3_id"": ""G_SYS_CONTEXT"", ""em_score"": 0.641921, ""hybrid_score"": 0.642696, ""keyword_prior"": 0.000775, ""lexical_support"": 0.0}, {""l3_id"": ""G_SYS_MISINFO"", ""em_score"": 0.629704, ""hybrid_score"": 0.636479, ""keyword_prior"": 0.006775, ""lexical_support"": 0.0}]"
SRC-G-0134,General,RAI4-1692,자체 시뮬레이션을 통한 기만적 정렬,Deceptive alignment via self-simulation,G_SYS_MISINFO,EM,0.662292,0.632138,0.672851,0.0,,"[{""l3_id"": ""G_SYS_MISINFO"", ""em_score"": 0.662292, ""hybrid_score"": 0.672851, ""keyword_prior"": 0.010559, ""lexical_support"": 0.0}, {""l3_id"": ""G_SYS_EVAL"", ""em_score"": 0.61576, ""hybrid_score"": 0.622664, ""keyword_prior"": 0.006905, ""lexical_support"": 0.1}, {""l3_id"": ""G_INT_UNETH"", ""em_score"": 0.620513, ""hybrid_score"": 0.621285, ""keyword_prior"": 0.000772, ""lexical_support"": 0.0}, {""l3_id"": ""G_SYS_INCONS"", ""em_score"": 0.612935, ""hybrid_score"": 0.616389, ""keyword_prior"": 0.003454, ""lexical_support"": 0.0}, {""l3_id"": ""G_SYS_CONTEXT"", ""em_score"": 0.611954, ""hybrid_score"": 0.61536, ""keyword_prior"": 0.003407, ""lexical_support"": 0.1}]"
SRC-G-0136,General,RAI4-0055,자동화된 의사결정의 적법절차 상실,Loss of due process in automated decisions,G_Others,HD,0.74261,0.70453,0.757793,0.0,,"[{""l3_id"": ""G_SYS_CONTEST"", ""em_score"": 0.74261, ""hybrid_score"": 0.757793, ""keyword_prior"": 0.015183, ""lexical_support"": 0.0}, {""l3_id"": ""G_SYS_OREF"", ""em_score"": 0.731905, ""hybrid_score"": 0.738145, ""keyword_prior"": 0.00624, ""lexical_support"": 0.0}, {""l3_id"": ""G_SYS_OEXT"", ""em_score"": 0.715657, ""hybrid_score"": 0.721295, ""keyword_prior"": 0.005639, ""lexical_support"": 0.0}, {""l3_id"": ""G_SYS_TRANS"", ""em_score"": 0.708278, ""hybrid_score"": 0.709418, ""keyword_prior"": 0.00114, ""lexical_support"": 0.0}, {""l3_id"": ""G_SOC_DEMOC"", ""em_score"": 0.705683, ""hybrid_score"": 0.708378, ""keyword_prior"": 0.002695, ""lexical_support"": 0.0}]"
SRC-G-0137,General,RAI4-0117,인간의 의사결정 능력·거부권 침식,Erosion of human decision-making capacity and veto,G_SOC_CULT,EM,0.782228,0.752393,0.816195,0.3,,"[{""l3_id"": ""G_SOC_CULT"", ""em_score"": 0.782228, ""hybrid_score"": 0.816195, ""keyword_prior"": 0.033968, ""lexical_support"": 0.3}, {""l3_id"": ""G_SYS_CONTEST"", ""em_score"": 0.780391, ""hybrid_score"": 0.78716, ""keyword_prior"": 0.00677, ""lexical_support"": 0.0}, {""l3_id"": ""G_SOC_DEMOC"", ""em_score"": 0.756741, ""hybrid_score"": 0.776448, ""keyword_prior"": 0.019707, ""lexical_support"": 0.2}, {""l3_id"": ""G_SYS_OREF"", ""em_score"": 0.756494, ""hybrid_score"": 0.768424, ""keyword_prior"": 0.01193, ""lexical_support"": 0.0}, {""l3_id"": ""G_SYS_OEXT"", ""em_score"": 0.736542, ""hybrid_score"": 0.741071, ""keyword_prior"": 0.004528, ""lexical_support"": 0.0}]"
SRC-G-0138,General,RAI4-0139,동의 없는 넛지,Nudging without consent,G_Others,HD,0.746343,0.716548,0.749206,0.0,,"[{""l3_id"": ""G_INT_UNETH"", ""em_score"": 0.746343, ""hybrid_score"": 0.749206, ""keyword_prior"": 0.002863, ""lexical_support"": 0.0}, {""l3_id"": ""G_SYS_CONTEST"", ""em_score"": 0.721178, ""hybrid_score"": 0.733561, ""keyword_prior"": 0.012383, ""lexical_support"": 0.0}, {""l3_id"": ""G_SYS_MISINFO"", ""em_score"": 0.721336, ""hybrid_score"": 0.725131, ""keyword_prior"": 0.003795, ""lexical_support"": 0.0}, {""l3_id"": ""G_SYS_OREF"", ""em_score"": 0.710785, ""hybrid_score"": 0.716421, ""keyword_prior"": 0.005636, ""lexical_support"": 0.0}, {""l3_id"": ""G_SYS_OEXT"", ""em_score"": 0.705178, ""hybrid_score"": 0.705565, ""keyword_prior"": 0.000387, ""lexical_support"": 0.0}]"
SRC-G-0139,General,RAI4-0161,인지 오프로딩,Cognitive offloading risk,G_SYS_OEXT,EM,0.738999,0.70876,0.744444,0.0,,"[{""l3_id"": ""G_SYS_OEXT"", ""em_score"": 0.738999, ""hybrid_score"": 0.744444, ""keyword_prior"": 0.005445, ""lexical_support"": 0.0}, {""l3_id"": ""G_SYS_MISINFO"", ""em_score"": 0.709316, ""hybrid_score"": 0.713675, ""keyword_prior"": 0.004358, ""lexical_support"": 0.0}, {""l3_id"": ""G_SYS_OREF"", ""em_score"": 0.707875, ""hybrid_score"": 0.712293, ""keyword_prior"": 0.004418, ""lexical_support"": 0.0}, {""l3_id"": ""G_SYS_INPUT"", ""em_score"": 0.684796, ""hybrid_score"": 0.694344, ""keyword_prior"": 0.009548, ""lexical_support"": 0.0}, {""l3_id"": ""G_SYS_CONTEXT"", ""em_score"": 0.683945, ""hybrid_score"": 0.690233, ""keyword_prior"": 0.006288, ""lexical_support"": 0.0}]"
SRC-G-0140,General,RAI4-0168,인간 참여형 형식적 승인,Human-in-the-loop rubber stamping,G_SYS_CONTEST,EM,0.654667,0.610488,0.657274,0.0,,"[{""l3_id"": ""G_SYS_CONTEST"", ""em_score"": 0.654667, ""hybrid_score"": 0.657274, ""keyword_prior"": 0.002607, ""lexical_support"": 0.0}, {""l3_id"": ""G_SYS_EVAL"", ""em_score"": 0.633037, ""hybrid_score"": 0.632681, ""keyword_prior"": -0.000356, ""lexical_support"": 0.0}, {""l3_id"": ""G_SYS_OREF"", ""em_score"": 0.609661, ""hybrid_score"": 0.619195, ""keyword_prior"": 0.009533, ""lexical_support"": 0.0}, {""l3_id"": ""G_INT_VALUE"", ""em_score"": 0.615806, ""hybrid_score"": 0.618391, ""keyword_prior"": 0.002585, ""lexical_support"": 0.0}, {""l3_id"": ""G_SYS_INPUT"", ""em_score"": 0.614693, ""hybrid_score"": 0.613199, ""keyword_prior"": -0.001494, ""lexical_support"": 0.0}]"
SRC-G-0141,General,RAI4-0169,AI 의사결정 지원의 경고 피로,Alert fatigue in AI decision support,G_Others,HD,0.715626,0.687604,0.726339,0.0,,"[{""l3_id"": ""G_SYS_OREF"", ""em_score"": 0.715626, ""hybrid_score"": 0.726339, ""keyword_prior"": 0.010712, ""lexical_support"": 0.0}, {""l3_id"": ""G_SYS_INPUT"", ""em_score"": 0.699708, ""hybrid_score"": 0.707404, ""keyword_prior"": 0.007696, ""lexical_support"": 0.0}, {""l3_id"": ""G_SYS_OEXT"", ""em_score"": 0.694925, ""hybrid_score"": 0.704694, ""keyword_prior"": 0.009769, ""lexical_support"": 0.0}, {""l3_id"": ""G_SYS_EVAL"", ""em_score"": 0.695129, ""hybrid_score"": 0.702318, ""keyword_prior"": 0.007189, ""lexical_support"": 0.0}, {""l3_id"": ""G_SOC_GOV"", ""em_score"": 0.693764, ""hybrid_score"": 0.700833, ""keyword_prior"": 0.007069, ""lexical_support"": 0.0}]"
SRC-G-0142,General,RAI4-0171,AI 상호작용에서의 이해·동의 부족,Inadequate understanding and consent in AI interactions,G_Others,HD,0.801868,0.77039,0.821046,0.1,,"[{""l3_id"": ""G_SYS_INPUT"", ""em_score"": 0.801868, ""hybrid_score"": 0.821046, ""keyword_prior"": 0.019178, ""lexical_support"": 0.1}, {""l3_id"": ""G_SYS_CONTEXT"", ""em_score"": 0.800781, ""hybrid_score"": 0.811837, ""keyword_prior"": 0.011056, ""lexical_support"": 0.0}, {""l3_id"": ""G_SOC_GOV"", ""em_score"": 0.7982, ""hybrid_score"": 0.803529, ""keyword_prior"": 0.005329, ""lexical_support"": 0.0}, {""l3_id"": ""G_SYS_TRANS"", ""em_score"": 0.781751, ""hybrid_score"": 0.789206, ""keyword_prior"": 0.007455, ""lexical_support"": 0.1}, {""l3_id"": ""G_INT_UNETH"", ""em_score"": 0.778878, ""hybrid_score"": 0.780864, ""keyword_prior"": 0.001985, ""lexical_support"": 0.0}]"
SRC-G-0143,General,RAI4-0174,AI 인터페이스의 장애 수용 실패,Disability accommodation failure in AI interfaces,G_SYS_INPUT,EM,0.766294,0.731093,0.799265,0.3,,"[{""l3_id"": ""G_SYS_INPUT"", ""em_score"": 0.766294, ""hybrid_score"": 0.799265, ""keyword_prior"": 0.032971, ""lexical_support"": 0.3}, {""l3_id"": ""G_SYS_CONTEXT"", ""em_score"": 0.747524, ""hybrid_score"": 0.776421, ""keyword_prior"": 0.028896, ""lexical_support"": 0.3}, {""l3_id"": ""G_SYS_OREF"", ""em_score"": 0.753081, ""hybrid_score"": 0.760175, ""keyword_prior"": 0.007095, ""lexical_support"": 0.0}, {""l3_id"": ""G_SYS_CONTEST"", ""em_score"": 0.74575, ""hybrid_score"": 0.755838, ""keyword_prior"": 0.010088, ""lexical_support"": 0.0}, {""l3_id"": ""G_SYS_EVAL"", ""em_score"": 0.726715, ""hybrid_score"": 0.749118, ""keyword_prior"": 0.022402, ""lexical_support"": 0.3}]"
SRC-G-0144,General,RAI4-0178,서비스 배제,Service exclusion,G_SYS_OREF,EM,0.717082,0.682885,0.730126,0.0,,"[{""l3_id"": ""G_SYS_OREF"", ""em_score"": 0.717083, ""hybrid_score"": 0.730126, ""keyword_prior"": 0.013043, ""lexical_support"": 0.0}, {""l3_id"": ""G_SYS_CONTEST"", ""em_score"": 0.654143, ""hybrid_score"": 0.662412, ""keyword_prior"": 0.008269, ""lexical_support"": 0.0}, {""l3_id"": ""G_SYS_OEXT"", ""em_score"": 0.651458, ""hybrid_score"": 0.654392, ""keyword_prior"": 0.002934, ""lexical_support"": 0.0}, {""l3_id"": ""G_SOC_GOV"", ""em_score"": 0.653185, ""hybrid_score"": 0.652775, ""keyword_prior"": -0.00041, ""lexical_support"": 0.0}, {""l3_id"": ""G_SYS_TRANS"", ""em_score"": 0.64774, ""hybrid_score"": 0.64815, ""keyword_prior"": 0.00041, ""lexical_support"": 0.0}]"
SRC-G-0145,General,RAI4-0307,로봇·AI 정체성 미고지,Failure to disclose robotic or AI identity,G_Others,HD,0.717776,0.688074,0.721456,0.0,,"[{""l3_id"": ""G_SYS_TRANS"", ""em_score"": 0.717776, ""hybrid_score"": 0.721456, ""keyword_prior"": 0.00368, ""lexical_support"": 0.0}, {""l3_id"": ""G_SOC_GOV"", ""em_score"": 0.703005, ""hybrid_score"": 0.708621, ""keyword_prior"": 0.005617, ""lexical_support"": 0.0}, {""l3_id"": ""G_INT_UNETH"", ""em_score"": 0.699071, ""hybrid_score"": 0.704616, ""keyword_prior"": 0.005544, ""lexical_support"": 0.0}, {""l3_id"": ""G_SYS_INPUT"", ""em_score"": 0.67979, ""hybrid_score"": 0.6959, ""keyword_prior"": 0.01611, ""lexical_support"": 0.2}, {""l3_id"": ""G_SYS_MISINFO"", ""em_score"": 0.683221, ""hybrid_score"": 0.683971, ""keyword_prior"": 0.000749, ""lexical_support"": 0.0}]"
SRC-G-0146,General,RAI4-0607,AI 생성 콘텐츠 미공개,Non-disclosure of AI-generated content,G_Others,HD,0.711777,0.678775,0.719046,0.0,,"[{""l3_id"": ""G_SYS_TRANS"", ""em_score"": 0.711777, ""hybrid_score"": 0.719046, ""keyword_prior"": 0.007269, ""lexical_support"": 0.0}, {""l3_id"": ""G_SYS_MISINFO"", ""em_score"": 0.693618, ""hybrid_score"": 0.705182, ""keyword_prior"": 0.011565, ""lexical_support"": 0.0}, {""l3_id"": ""G_SYS_CONTEST"", ""em_score"": 0.688896, ""hybrid_score"": 0.697015, ""keyword_prior"": 0.008119, ""lexical_support"": 0.0}, {""l3_id"": ""G_INT_UNETH"", ""em_score"": 0.663355, ""hybrid_score"": 0.666926, ""keyword_prior"": 0.00357, ""lexical_support"": 0.0}, {""l3_id"": ""G_SOC_GOV"", ""em_score"": 0.664394, ""hybrid_score"": 0.664271, ""keyword_prior"": -0.000122, ""lexical_support"": 0.0}]"
SRC-G-0147,General,RAI4-0826,검증된 전문성 범위를 벗어난 AI 조언,AI advice beyond validated professional scope,G_SYS_OEXT,EM,0.855995,0.839162,1.172466,0.0,G_SYS_OEXT,"[{""l3_id"": ""G_SYS_OEXT"", ""em_score"": 0.855995, ""hybrid_score"": 1.172466, ""keyword_prior"": 0.316471, ""lexical_support"": 0.0}, {""l3_id"": ""G_SYS_EVAL"", ""em_score"": 0.770211, ""hybrid_score"": 0.778308, ""keyword_prior"": 0.008097, ""lexical_support"": 0.1}, {""l3_id"": ""G_INT_UNETH"", ""em_score"": 0.77308, ""hybrid_score"": 0.774813, ""keyword_prior"": 0.001733, ""lexical_support"": 0.0}, {""l3_id"": ""G_INT_POL"", ""em_score"": 0.770315, ""hybrid_score"": 0.774804, ""keyword_prior"": 0.00449, ""lexical_support"": 0.0}, {""l3_id"": ""G_SYS_OREF"", ""em_score"": 0.770096, ""hybrid_score"": 0.772222, ""keyword_prior"": 0.002125, ""lexical_support"": 0.0}]"
SRC-G-0148,General,RAI4-1198,이용자 정서 맥락 인식 실패,Failure to recognize a user's emotional context,G_SYS_CONTEXT,EM,0.885898,0.874269,1.235304,0.5,G_SYS_CONTEXT,"[{""l3_id"": ""G_SYS_CONTEXT"", ""em_score"": 0.885898, ""hybrid_score"": 1.235304, ""keyword_prior"": 0.349407, ""lexical_support"": 0.5}, {""l3_id"": ""G_SYS_INPUT"", ""em_score"": 0.823028, ""hybrid_score"": 0.855414, ""keyword_prior"": 0.032386, ""lexical_support"": 0.3}, {""l3_id"": ""G_SYS_EVAL"", ""em_score"": 0.756094, ""hybrid_score"": 0.779825, ""keyword_prior"": 0.023731, ""lexical_support"": 0.3}, {""l3_id"": ""G_INT_ANTH"", ""em_score"": 0.751147, ""hybrid_score"": 0.755344, ""keyword_prior"": 0.004197, ""lexical_support"": 0.0}, {""l3_id"": ""G_SYS_OREF"", ""em_score"": 0.740703, ""hybrid_score"": 0.745487, ""keyword_prior"": 0.004784, ""lexical_support"": 0.0}]"
SRC-G-0149,General,RAI4-1208,사용자 데이터 보유·재학습,Retention and reuse of user data,G_SYS_CONTEST,EM,0.682569,0.630845,0.686917,0.0,,"[{""l3_id"": ""G_SYS_CONTEST"", ""em_score"": 0.682569, ""hybrid_score"": 0.686917, ""keyword_prior"": 0.004348, ""lexical_support"": 0.0}, {""l3_id"": ""G_SYS_OREF"", ""em_score"": 0.650241, ""hybrid_score"": 0.65919, ""keyword_prior"": 0.008949, ""lexical_support"": 0.0}, {""l3_id"": ""G_INT_UNETH"", ""em_score"": 0.660578, ""hybrid_score"": 0.657423, ""keyword_prior"": -0.003155, ""lexical_support"": 0.0}, {""l3_id"": ""G_SOC_POWER"", ""em_score"": 0.653444, ""hybrid_score"": 0.656337, ""keyword_prior"": 0.002894, ""lexical_support"": 0.0}, {""l3_id"": ""G_SYS_MISINFO"", ""em_score"": 0.65118, ""hybrid_score"": 0.651709, ""keyword_prior"": 0.000528, ""lexical_support"": 0.0}]"
SRC-G-0150,General,RAI4-1286,미지 출처에서 획득한 비우호적 AI,Unfriendly AI from an unknown external source,G_Others,HD,0.679093,0.64582,0.678381,0.0,,"[{""l3_id"": ""G_SYS_OREF"", ""em_score"": 0.679093, ""hybrid_score"": 0.678381, ""keyword_prior"": -0.000712, ""lexical_support"": 0.0}, {""l3_id"": ""G_INT_UNETH"", ""em_score"": 0.669861, ""hybrid_score"": 0.675705, ""keyword_prior"": 0.005844, ""lexical_support"": 0.0}, {""l3_id"": ""G_SYS_MISINFO"", ""em_score"": 0.657336, ""hybrid_score"": 0.665443, ""keyword_prior"": 0.008108, ""lexical_support"": 0.0}, {""l3_id"": ""G_SYS_INPUT"", ""em_score"": 0.654737, ""hybrid_score"": 0.66387, ""keyword_prior"": 0.009133, ""lexical_support"": 0.0}, {""l3_id"": ""G_SYS_EVAL"", ""em_score"": 0.648332, ""hybrid_score"": 0.648911, ""keyword_prior"": 0.000579, ""lexical_support"": 0.0}]"
SRC-G-0151,General,RAI4-0068,AI 사고·아차사고 과소보고,Underreporting of AI incidents and near misses,G_SOC_GOV,EM,0.775253,0.747127,0.792318,0.1,,"[{""l3_id"": ""G_SOC_GOV"", ""em_score"": 0.775253, ""hybrid_score"": 0.792319, ""keyword_prior"": 0.017065, ""lexical_support"": 0.1}, {""l3_id"": ""G_SYS_INPUT"", ""em_score"": 0.747837, ""hybrid_score"": 0.764068, ""keyword_prior"": 0.016231, ""lexical_support"": 0.1}, {""l3_id"": ""G_SYS_CONTEXT"", ""em_score"": 0.741131, ""hybrid_score"": 0.753621, ""keyword_prior"": 0.01249, ""lexical_support"": 0.1}, {""l3_id"": ""G_SYS_EVAL"", ""em_score"": 0.738796, ""hybrid_score"": 0.744595, ""keyword_prior"": 0.005799, ""lexical_support"": 0.1}, {""l3_id"": ""G_SYS_TRANS"", ""em_score"": 0.735434, ""hybrid_score"": 0.736026, ""keyword_prior"": 0.000592, ""lexical_support"": 0.0}]"
SRC-G-0152,General,RAI4-0072,배포 후 모니터링·감시 실패,Post-deployment monitoring and surveillance failure,G_SYS_EVAL,EM,0.765706,0.740654,0.802025,0.3,,"[{""l3_id"": ""G_SYS_EVAL"", ""em_score"": 0.765706, ""hybrid_score"": 0.802025, ""keyword_prior"": 0.036318, ""lexical_support"": 0.3}, {""l3_id"": ""G_SOC_GOV"", ""em_score"": 0.766305, ""hybrid_score"": 0.778966, ""keyword_prior"": 0.01266, ""lexical_support"": 0.1}, {""l3_id"": ""G_SYS_INPUT"", ""em_score"": 0.71691, ""hybrid_score"": 0.744508, ""keyword_prior"": 0.027599, ""lexical_support"": 0.3}, {""l3_id"": ""G_SYS_CONTEXT"", ""em_score"": 0.704383, ""hybrid_score"": 0.728394, ""keyword_prior"": 0.024011, ""lexical_support"": 0.3}, {""l3_id"": ""G_INT_PRIV"", ""em_score"": 0.686971, ""hybrid_score"": 0.717732, ""keyword_prior"": 0.030761, ""lexical_support"": 0.4}]"
SRC-G-0153,General,RAI4-0080,위험 분류 오류,Risk classification error,G_Others,HD,0.780426,0.755005,0.792178,0.0,,"[{""l3_id"": ""G_SYS_OEXT"", ""em_score"": 0.780426, ""hybrid_score"": 0.792178, ""keyword_prior"": 0.011751, ""lexical_support"": 0.0}, {""l3_id"": ""G_SYS_EVAL"", ""em_score"": 0.774388, ""hybrid_score"": 0.785157, ""keyword_prior"": 0.010769, ""lexical_support"": 0.0}, {""l3_id"": ""G_SOC_GOV"", ""em_score"": 0.752612, ""hybrid_score"": 0.772619, ""keyword_prior"": 0.020007, ""lexical_support"": 0.2}, {""l3_id"": ""G_SYS_OREF"", ""em_score"": 0.734771, ""hybrid_score"": 0.742775, ""keyword_prior"": 0.008004, ""lexical_support"": 0.0}, {""l3_id"": ""G_SYS_CONTEXT"", ""em_score"": 0.737395, ""hybrid_score"": 0.740168, ""keyword_prior"": 0.002772, ""lexical_support"": 0.0}]"
SRC-G-0154,General,RAI4-0088,표준 단편화,Standards fragmentation,G_Others,HD,0.749682,0.717726,0.753649,0.0,,"[{""l3_id"": ""G_SOC_GOV"", ""em_score"": 0.749682, ""hybrid_score"": 0.753649, ""keyword_prior"": 0.003968, ""lexical_support"": 0.0}, {""l3_id"": ""G_SYS_TRANS"", ""em_score"": 0.724797, ""hybrid_score"": 0.731361, ""keyword_prior"": 0.006564, ""lexical_support"": 0.0}, {""l3_id"": ""G_SYS_EVAL"", ""em_score"": 0.725723, ""hybrid_score"": 0.730694, ""keyword_prior"": 0.004971, ""lexical_support"": 0.0}, {""l3_id"": ""G_INT_VALUE"", ""em_score"": 0.720421, ""hybrid_score"": 0.728507, ""keyword_prior"": 0.008086, ""lexical_support"": 0.0}, {""l3_id"": ""G_SYS_CONTEST"", ""em_score"": 0.715846, ""hybrid_score"": 0.719976, ""keyword_prior"": 0.004131, ""lexical_support"": 0.0}]"
SRC-G-0155,General,RAI4-0095,AI 레지스트리 불완전성,AI registry incompleteness,G_SYS_EVAL,EM,0.755501,0.728789,0.768716,0.0,,"[{""l3_id"": ""G_SYS_EVAL"", ""em_score"": 0.755501, ""hybrid_score"": 0.768716, ""keyword_prior"": 0.013215, ""lexical_support"": 0.0}, {""l3_id"": ""G_SOC_GOV"", ""em_score"": 0.732615, ""hybrid_score"": 0.74673, ""keyword_prior"": 0.014115, ""lexical_support"": 0.0}, {""l3_id"": ""G_SYS_INPUT"", ""em_score"": 0.730914, ""hybrid_score"": 0.740875, ""keyword_prior"": 0.009961, ""lexical_support"": 0.0}, {""l3_id"": ""G_SYS_OEXT"", ""em_score"": 0.72128, ""hybrid_score"": 0.730255, ""keyword_prior"": 0.008975, ""lexical_support"": 0.0}, {""l3_id"": ""G_SYS_TRANS"", ""em_score"": 0.718282, ""hybrid_score"": 0.72324, ""keyword_prior"": 0.004958, ""lexical_support"": 0.0}]"
SRC-G-0156,General,RAI4-0098,정책-실무 분리,Policy-practice decoupling,G_Others,HD,0.713754,0.681959,0.718485,0.0,,"[{""l3_id"": ""G_SYS_TRANS"", ""em_score"": 0.713754, ""hybrid_score"": 0.718485, ""keyword_prior"": 0.00473, ""lexical_support"": 0.0}, {""l3_id"": ""G_SOC_GOV"", ""em_score"": 0.689642, ""hybrid_score"": 0.692391, ""keyword_prior"": 0.002749, ""lexical_support"": 0.0}, {""l3_id"": ""G_SYS_INPUT"", ""em_score"": 0.671144, ""hybrid_score"": 0.671369, ""keyword_prior"": 0.000225, ""lexical_support"": 0.0}, {""l3_id"": ""G_SYS_OEXT"", ""em_score"": 0.667348, ""hybrid_score"": 0.670724, ""keyword_prior"": 0.003376, ""lexical_support"": 0.0}, {""l3_id"": ""G_SOC_POWER"", ""em_score"": 0.666348, ""hybrid_score"": 0.670244, ""keyword_prior"": 0.003897, ""lexical_support"": 0.0}]"
SRC-G-0157,General,RAI4-0099,AI 조달의 불충분한 실사,Inadequate due diligence in AI procurement,G_Others,HD,0.762309,0.737092,0.773338,0.0,,"[{""l3_id"": ""G_SYS_EVAL"", ""em_score"": 0.762309, ""hybrid_score"": 0.773338, ""keyword_prior"": 0.01103, ""lexical_support"": 0.0}, {""l3_id"": ""G_SYS_INPUT"", ""em_score"": 0.731832, ""hybrid_score"": 0.742273, ""keyword_prior"": 0.010441, ""lexical_support"": 0.0}, {""l3_id"": ""G_SYS_TRANS"", ""em_score"": 0.733661, ""hybrid_score"": 0.740324, ""keyword_prior"": 0.006663, ""lexical_support"": 0.0}, {""l3_id"": ""G_SYS_CONTEST"", ""em_score"": 0.724482, ""hybrid_score"": 0.738185, ""keyword_prior"": 0.013703, ""lexical_support"": 0.0}, {""l3_id"": ""G_SOC_GOV"", ""em_score"": 0.717819, ""hybrid_score"": 0.725367, ""keyword_prior"": 0.007549, ""lexical_support"": 0.0}]"
SRC-G-0158,General,RAI4-0104,AI 조달의 공급업체 평가·계약통제 미흡,Inadequate vendor assessment and contractual controls in AI procurement,G_Others,HD,0.761735,0.738424,0.785038,0.2,,"[{""l3_id"": ""G_SYS_EVAL"", ""em_score"": 0.761735, ""hybrid_score"": 0.785038, ""keyword_prior"": 0.023303, ""lexical_support"": 0.2}, {""l3_id"": ""G_SOC_GOV"", ""em_score"": 0.755848, ""hybrid_score"": 0.775314, ""keyword_prior"": 0.019466, ""lexical_support"": 0.1}, {""l3_id"": ""G_SYS_TRANS"", ""em_score"": 0.734473, ""hybrid_score"": 0.758671, ""keyword_prior"": 0.024198, ""lexical_support"": 0.2}, {""l3_id"": ""G_SYS_CONTEST"", ""em_score"": 0.718077, ""hybrid_score"": 0.731051, ""keyword_prior"": 0.012974, ""lexical_support"": 0.0}, {""l3_id"": ""G_SYS_OEXT"", ""em_score"": 0.707703, ""hybrid_score"": 0.713535, ""keyword_prior"": 0.005833, ""lexical_support"": 0.0}]"
SRC-G-0159,General,RAI4-0111,범용 AI 사고 에스컬레이션 실패,General-purpose AI incident escalation failure,G_Others,HD,0.726413,0.700572,0.75838,0.3,,"[{""l3_id"": ""G_SYS_EVAL"", ""em_score"": 0.726413, ""hybrid_score"": 0.75838, ""keyword_prior"": 0.031967, ""lexical_support"": 0.3}, {""l3_id"": ""G_SYS_CONTEXT"", ""em_score"": 0.712866, ""hybrid_score"": 0.742192, ""keyword_prior"": 0.029327, ""lexical_support"": 0.3}, {""l3_id"": ""G_SYS_INPUT"", ""em_score"": 0.696724, ""hybrid_score"": 0.725249, ""keyword_prior"": 0.028525, ""lexical_support"": 0.3}, {""l3_id"": ""G_SYS_OEXT"", ""em_score"": 0.687664, ""hybrid_score"": 0.699, ""keyword_prior"": 0.011336, ""lexical_support"": 0.0}, {""l3_id"": ""G_SOC_GOV"", ""em_score"": 0.686463, ""hybrid_score"": 0.694747, ""keyword_prior"": 0.008283, ""lexical_support"": 0.0}]"
SRC-G-0160,General,RAI4-0167,AI 인터페이스와 인적 요소의 불일치,Mismatch between AI interfaces and human factors,G_Others,HD,0.7611,0.735847,0.788063,0.3,,"[{""l3_id"": ""G_INT_ANTH"", ""em_score"": 0.7611, ""hybrid_score"": 0.788063, ""keyword_prior"": 0.026963, ""lexical_support"": 0.3}, {""l3_id"": ""G_SYS_INPUT"", ""em_score"": 0.772868, ""hybrid_score"": 0.783694, ""keyword_prior"": 0.010826, ""lexical_support"": 0.0}, {""l3_id"": ""G_SYS_CONTEXT"", ""em_score"": 0.764658, ""hybrid_score"": 0.780161, ""keyword_prior"": 0.015504, ""lexical_support"": 0.1}, {""l3_id"": ""G_SYS_TRANS"", ""em_score"": 0.759626, ""hybrid_score"": 0.762941, ""keyword_prior"": 0.003315, ""lexical_support"": 0.0}, {""l3_id"": ""G_SOC_GOV"", ""em_score"": 0.755032, ""hybrid_score"": 0.759833, ""keyword_prior"": 0.004801, ""lexical_support"": 0.0}]"
SRC-G-0161,General,RAI4-0391,참여적·가치 민감 설계의 실패,Failure of participatory and value-sensitive design,G_SYS_EVAL,EM,0.762382,0.738714,0.796312,0.3,,"[{""l3_id"": ""G_SYS_EVAL"", ""em_score"": 0.762382, ""hybrid_score"": 0.796312, ""keyword_prior"": 0.03393, ""lexical_support"": 0.3}, {""l3_id"": ""G_SOC_GOV"", ""em_score"": 0.753369, ""hybrid_score"": 0.760687, ""keyword_prior"": 0.007318, ""lexical_support"": 0.0}, {""l3_id"": ""G_SYS_CONTEXT"", ""em_score"": 0.725854, ""hybrid_score"": 0.753995, ""keyword_prior"": 0.028141, ""lexical_support"": 0.3}, {""l3_id"": ""G_SYS_INPUT"", ""em_score"": 0.722154, ""hybrid_score"": 0.749844, ""keyword_prior"": 0.027689, ""lexical_support"": 0.3}, {""l3_id"": ""G_INT_VALUE"", ""em_score"": 0.733414, ""hybrid_score"": 0.747387, ""keyword_prior"": 0.013973, ""lexical_support"": 0.2}]"
SRC-G-0162,General,RAI4-0400,도덕적 불확실성 무시,Moral uncertainty neglect,G_SYS_OVERCONF,EM,0.774311,0.733642,0.78737,0.0,,"[{""l3_id"": ""G_SYS_OVERCONF"", ""em_score"": 0.774311, ""hybrid_score"": 0.78737, ""keyword_prior"": 0.01306, ""lexical_support"": 0.0}, {""l3_id"": ""G_INT_UNETH"", ""em_score"": 0.75072, ""hybrid_score"": 0.756555, ""keyword_prior"": 0.005835, ""lexical_support"": 0.0}, {""l3_id"": ""G_SYS_TRANS"", ""em_score"": 0.723103, ""hybrid_score"": 0.730789, ""keyword_prior"": 0.007686, ""lexical_support"": 0.0}, {""l3_id"": ""G_SOC_GOV"", ""em_score"": 0.722872, ""hybrid_score"": 0.724455, ""keyword_prior"": 0.001583, ""lexical_support"": 0.0}, {""l3_id"": ""G_INT_VALUE"", ""em_score"": 0.720279, ""hybrid_score"": 0.722429, ""keyword_prior"": 0.002151, ""lexical_support"": 0.0}]"
SRC-G-0163,General,RAI4-0443,출처 오귀속,Incorrect source attribution,G_Others,HD,0.736063,0.706103,0.740508,0.0,,"[{""l3_id"": ""G_SYS_MISINFO"", ""em_score"": 0.736063, ""hybrid_score"": 0.740508, ""keyword_prior"": 0.004445, ""lexical_support"": 0.0}, {""l3_id"": ""G_SYS_INCONS"", ""em_score"": 0.709768, ""hybrid_score"": 0.71809, ""keyword_prior"": 0.008322, ""lexical_support"": 0.0}, {""l3_id"": ""G_SYS_CONTEXT"", ""em_score"": 0.713047, ""hybrid_score"": 0.716264, ""keyword_prior"": 0.003218, ""lexical_support"": 0.0}, {""l3_id"": ""G_SYS_INPUT"", ""em_score"": 0.712211, ""hybrid_score"": 0.714938, ""keyword_prior"": 0.002727, ""lexical_support"": 0.0}, {""l3_id"": ""G_SYS_EVAL"", ""em_score"": 0.700724, ""hybrid_score"": 0.703063, ""keyword_prior"": 0.002339, ""lexical_support"": 0.0}]"
SRC-G-0164,General,RAI4-0512,고속 AI 운영에서의 오류 미탐지,Undetected errors from high-speed AI operation,G_Others,HD,0.740991,0.710624,0.754253,0.0,,"[{""l3_id"": ""G_SOC_GOV"", ""em_score"": 0.740991, ""hybrid_score"": 0.754253, ""keyword_prior"": 0.013262, ""lexical_support"": 0.0}, {""l3_id"": ""G_SYS_EVAL"", ""em_score"": 0.721233, ""hybrid_score"": 0.729939, ""keyword_prior"": 0.008706, ""lexical_support"": 0.0}, {""l3_id"": ""G_SYS_INPUT"", ""em_score"": 0.713959, ""hybrid_score"": 0.727221, ""keyword_prior"": 0.013263, ""lexical_support"": 0.0}, {""l3_id"": ""G_SYS_OEXT"", ""em_score"": 0.706257, ""hybrid_score"": 0.716676, ""keyword_prior"": 0.010419, ""lexical_support"": 0.0}, {""l3_id"": ""G_SYS_TRANS"", ""em_score"": 0.712317, ""hybrid_score"": 0.713831, ""keyword_prior"": 0.001514, ""lexical_support"": 0.0}]"
SRC-G-0165,General,RAI4-0549,역량·안전을 오측정하는 벤치마크 한계,Benchmark limitations mismeasuring capability and safety,G_Others,HD,0.802948,0.776892,0.82425,0.2,,"[{""l3_id"": ""G_SYS_EVAL"", ""em_score"": 0.802948, ""hybrid_score"": 0.82425, ""keyword_prior"": 0.021302, ""lexical_support"": 0.2}, {""l3_id"": ""G_SYS_OEXT"", ""em_score"": 0.790122, ""hybrid_score"": 0.806742, ""keyword_prior"": 0.01662, ""lexical_support"": 0.1}, {""l3_id"": ""G_SOC_GOV"", ""em_score"": 0.75369, ""hybrid_score"": 0.756556, ""keyword_prior"": 0.002866, ""lexical_support"": 0.0}, {""l3_id"": ""G_SYS_INPUT"", ""em_score"": 0.743496, ""hybrid_score"": 0.750223, ""keyword_prior"": 0.006727, ""lexical_support"": 0.0}, {""l3_id"": ""G_SYS_CONTEST"", ""em_score"": 0.737638, ""hybrid_score"": 0.745163, ""keyword_prior"": 0.007525, ""lexical_support"": 0.0}]"
SRC-G-0166,General,RAI4-0552,안전 필수 인프라 AI 운영 사고,Operational accidents in safety-critical AI deployment,G_SYS_INPUT,EM,0.754245,0.718946,0.779485,0.2,,"[{""l3_id"": ""G_SYS_INPUT"", ""em_score"": 0.754245, ""hybrid_score"": 0.779485, ""keyword_prior"": 0.02524, ""lexical_support"": 0.2}, {""l3_id"": ""G_SYS_EVAL"", ""em_score"": 0.735529, ""hybrid_score"": 0.754171, ""keyword_prior"": 0.018641, ""lexical_support"": 0.2}, {""l3_id"": ""G_SOC_GOV"", ""em_score"": 0.728004, ""hybrid_score"": 0.733228, ""keyword_prior"": 0.005224, ""lexical_support"": 0.0}, {""l3_id"": ""G_SYS_CONTEXT"", ""em_score"": 0.712206, ""hybrid_score"": 0.729673, ""keyword_prior"": 0.017467, ""lexical_support"": 0.2}, {""l3_id"": ""G_SYS_OEXT"", ""em_score"": 0.703246, ""hybrid_score"": 0.703496, ""keyword_prior"": 0.00025, ""lexical_support"": 0.0}]"
SRC-G-0167,General,RAI4-0584,기반모델 공유에 따른 상관 실패,Correlated failures from shared foundation models,G_Others,HD,0.672862,0.636714,0.701816,0.3,,"[{""l3_id"": ""G_SYS_CONTEXT"", ""em_score"": 0.672862, ""hybrid_score"": 0.701816, ""keyword_prior"": 0.028954, ""lexical_support"": 0.3}, {""l3_id"": ""G_SYS_EVAL"", ""em_score"": 0.658653, ""hybrid_score"": 0.688819, ""keyword_prior"": 0.030166, ""lexical_support"": 0.3}, {""l3_id"": ""G_SYS_INPUT"", ""em_score"": 0.639003, ""hybrid_score"": 0.664409, ""keyword_prior"": 0.025406, ""lexical_support"": 0.3}, {""l3_id"": ""G_SOC_POWER"", ""em_score"": 0.654399, ""hybrid_score"": 0.664065, ""keyword_prior"": 0.009667, ""lexical_support"": 0.0}, {""l3_id"": ""G_SOC_GOV"", ""em_score"": 0.650373, ""hybrid_score"": 0.659363, ""keyword_prior"": 0.00899, ""lexical_support"": 0.0}]"
SRC-G-0168,General,RAI4-0608,원자력 및 핵심 인프라에 대한 AI 제어 오류,Erroneous AI control of nuclear and critical infrastructure systems,G_Others,HD,0.768474,0.741768,0.780119,0.0,,"[{""l3_id"": ""G_SOC_GOV"", ""em_score"": 0.768474, ""hybrid_score"": 0.780119, ""keyword_prior"": 0.011645, ""lexical_support"": 0.0}, {""l3_id"": ""G_SYS_INPUT"", ""em_score"": 0.756373, ""hybrid_score"": 0.77353, ""keyword_prior"": 0.017158, ""lexical_support"": 0.1}, {""l3_id"": ""G_SYS_EVAL"", ""em_score"": 0.740282, ""hybrid_score"": 0.751444, ""keyword_prior"": 0.011161, ""lexical_support"": 0.1}, {""l3_id"": ""G_SOC_ENV"", ""em_score"": 0.721051, ""hybrid_score"": 0.722447, ""keyword_prior"": 0.001395, ""lexical_support"": 0.0}, {""l3_id"": ""G_SYS_OEXT"", ""em_score"": 0.713374, ""hybrid_score"": 0.720956, ""keyword_prior"": 0.007582, ""lexical_support"": 0.0}]"
SRC-G-0169,General,RAI4-0780,데이터 수집 품질관리 결함,Deficient data collection quality control,G_SYS_EVAL,EM,0.692109,0.659513,0.70634,0.0,,"[{""l3_id"": ""G_SYS_EVAL"", ""em_score"": 0.692109, ""hybrid_score"": 0.70634, ""keyword_prior"": 0.014232, ""lexical_support"": 0.0}, {""l3_id"": ""G_SOC_GOV"", ""em_score"": 0.640766, ""hybrid_score"": 0.64519, ""keyword_prior"": 0.004424, ""lexical_support"": 0.0}, {""l3_id"": ""G_INT_COPY"", ""em_score"": 0.619575, ""hybrid_score"": 0.643493, ""keyword_prior"": 0.023917, ""lexical_support"": 0.3}, {""l3_id"": ""G_SYS_TRANS"", ""em_score"": 0.637375, ""hybrid_score"": 0.64166, ""keyword_prior"": 0.004285, ""lexical_support"": 0.0}, {""l3_id"": ""G_SYS_CONTEXT"", ""em_score"": 0.632629, ""hybrid_score"": 0.637035, ""keyword_prior"": 0.004407, ""lexical_support"": 0.0}]"
SRC-G-0170,General,RAI4-0889,과장된 역량 주장과 제품 기능 실패에 따른 피해,Harm from overstated capabilities and product function failure,G_Others,HD,0.773858,0.749941,0.79992,0.3,,"[{""l3_id"": ""G_SYS_EVAL"", ""em_score"": 0.773858, ""hybrid_score"": 0.79992, ""keyword_prior"": 0.026062, ""lexical_support"": 0.3}, {""l3_id"": ""G_SYS_OEXT"", ""em_score"": 0.777127, ""hybrid_score"": 0.798473, ""keyword_prior"": 0.021346, ""lexical_support"": 0.1}, {""l3_id"": ""G_SYS_MISINFO"", ""em_score"": 0.75632, ""hybrid_score"": 0.776815, ""keyword_prior"": 0.020495, ""lexical_support"": 0.2}, {""l3_id"": ""G_SOC_GOV"", ""em_score"": 0.757217, ""hybrid_score"": 0.760492, ""keyword_prior"": 0.003276, ""lexical_support"": 0.0}, {""l3_id"": ""G_SYS_CONTEST"", ""em_score"": 0.745127, ""hybrid_score"": 0.751372, ""keyword_prior"": 0.006245, ""lexical_support"": 0.0}]"
SRC-G-0171,General,RAI4-1032,복잡 운용환경에서의 검증 범위 이탈 실패,Reliability failure outside validated operating envelope,G_SYS_EVAL,EM,0.788359,0.763885,0.83093,0.4,,"[{""l3_id"": ""G_SYS_EVAL"", ""em_score"": 0.788359, ""hybrid_score"": 0.83093, ""keyword_prior"": 0.042571, ""lexical_support"": 0.4}, {""l3_id"": ""G_SYS_INPUT"", ""em_score"": 0.746574, ""hybrid_score"": 0.777126, ""keyword_prior"": 0.030551, ""lexical_support"": 0.3}, {""l3_id"": ""G_SYS_OEXT"", ""em_score"": 0.753123, ""hybrid_score"": 0.766749, ""keyword_prior"": 0.013625, ""lexical_support"": 0.0}, {""l3_id"": ""G_SYS_CONTEXT"", ""em_score"": 0.720958, ""hybrid_score"": 0.750372, ""keyword_prior"": 0.029414, ""lexical_support"": 0.3}, {""l3_id"": ""G_SOC_GOV"", ""em_score"": 0.727343, ""hybrid_score"": 0.734448, ""keyword_prior"": 0.007105, ""lexical_support"": 0.0}]"
SRC-G-0172,General,RAI4-1034,복잡한 신경망 모델의 내재적 견고성 취약성,Intrinsic robustness weaknesses of complex neural models,G_Others,HD,0.676811,0.644855,0.681845,0.0,,"[{""l3_id"": ""G_SYS_EVAL"", ""em_score"": 0.676811, ""hybrid_score"": 0.681845, ""keyword_prior"": 0.005033, ""lexical_support"": 0.0}, {""l3_id"": ""G_SYS_INCONS"", ""em_score"": 0.673396, ""hybrid_score"": 0.681024, ""keyword_prior"": 0.007627, ""lexical_support"": 0.0}, {""l3_id"": ""G_SYS_TRANS"", ""em_score"": 0.66798, ""hybrid_score"": 0.674969, ""keyword_prior"": 0.006989, ""lexical_support"": 0.0}, {""l3_id"": ""G_SYS_OEXT"", ""em_score"": 0.656562, ""hybrid_score"": 0.663752, ""keyword_prior"": 0.00719, ""lexical_support"": 0.0}, {""l3_id"": ""G_SYS_OREF"", ""em_score"": 0.653633, ""hybrid_score"": 0.662273, ""keyword_prior"": 0.00864, ""lexical_support"": 0.0}]"
SRC-G-0173,General,RAI4-1036,기술 미성숙으로 인한 미지의,Unknown risks from immature technology,G_Others,HD,0.74432,0.713177,0.756001,0.0,,"[{""l3_id"": ""G_SYS_TRANS"", ""em_score"": 0.74432, ""hybrid_score"": 0.756001, ""keyword_prior"": 0.01168, ""lexical_support"": 0.0}, {""l3_id"": ""G_SOC_GOV"", ""em_score"": 0.746068, ""hybrid_score"": 0.753718, ""keyword_prior"": 0.007651, ""lexical_support"": 0.0}, {""l3_id"": ""G_SYS_EVAL"", ""em_score"": 0.730434, ""hybrid_score"": 0.738349, ""keyword_prior"": 0.007915, ""lexical_support"": 0.0}, {""l3_id"": ""G_SYS_INPUT"", ""em_score"": 0.717782, ""hybrid_score"": 0.729131, ""keyword_prior"": 0.011349, ""lexical_support"": 0.0}, {""l3_id"": ""G_SYS_CONTEXT"", ""em_score"": 0.720085, ""hybrid_score"": 0.72721, ""keyword_prior"": 0.007125, ""lexical_support"": 0.0}]"
SRC-G-0174,General,RAI4-1037,사용례 내재 위험 노출,Inherent use-case risk exposure,G_Others,HD,0.736927,0.703705,0.737601,0.0,,"[{""l3_id"": ""G_SYS_OEXT"", ""em_score"": 0.736927, ""hybrid_score"": 0.737601, ""keyword_prior"": 0.000674, ""lexical_support"": 0.0}, {""l3_id"": ""G_INT_UNETH"", ""em_score"": 0.728869, ""hybrid_score"": 0.724424, ""keyword_prior"": -0.004445, ""lexical_support"": 0.0}, {""l3_id"": ""G_SOC_POWER"", ""em_score"": 0.722024, ""hybrid_score"": 0.718144, ""keyword_prior"": -0.00388, ""lexical_support"": 0.0}, {""l3_id"": ""G_SYS_CONTEXT"", ""em_score"": 0.712784, ""hybrid_score"": 0.717177, ""keyword_prior"": 0.004393, ""lexical_support"": 0.1}, {""l3_id"": ""G_SYS_OREF"", ""em_score"": 0.709282, ""hybrid_score"": 0.712093, ""keyword_prior"": 0.002811, ""lexical_support"": 0.0}]"
SRC-G-0175,General,RAI4-1040,학습·검증 데이터의 품질 결함과 부적절한 선 택,Poor quality and unrepresentative training data selection,G_Others,HD,0.733089,0.702625,0.753754,0.1,,"[{""l3_id"": ""G_SYS_EVAL"", ""em_score"": 0.733089, ""hybrid_score"": 0.753754, ""keyword_prior"": 0.020665, ""lexical_support"": 0.1}, {""l3_id"": ""G_INT_REPR"", ""em_score"": 0.703693, ""hybrid_score"": 0.721145, ""keyword_prior"": 0.017452, ""lexical_support"": 0.1}, {""l3_id"": ""G_SYS_MISINFO"", ""em_score"": 0.695814, ""hybrid_score"": 0.702161, ""keyword_prior"": 0.006347, ""lexical_support"": 0.0}, {""l3_id"": ""G_SYS_INCONS"", ""em_score"": 0.69785, ""hybrid_score"": 0.701413, ""keyword_prior"": 0.003563, ""lexical_support"": 0.0}, {""l3_id"": ""G_SYS_OREF"", ""em_score"": 0.687657, ""hybrid_score"": 0.691143, ""keyword_prior"": 0.003486, ""lexical_support"": 0.0}]"
SRC-G-0176,General,RAI4-1108,학습-운용 데이터 간 데이터셋 시프트,Dataset shift between training and runtime data,G_Others,HD,0.678612,0.64677,0.68733,0.0,,"[{""l3_id"": ""G_SYS_EVAL"", ""em_score"": 0.678613, ""hybrid_score"": 0.68733, ""keyword_prior"": 0.008717, ""lexical_support"": 0.0}, {""l3_id"": ""G_SYS_POLICY"", ""em_score"": 0.665265, ""hybrid_score"": 0.674621, ""keyword_prior"": 0.009356, ""lexical_support"": 0.0}, {""l3_id"": ""G_SYS_INCONS"", ""em_score"": 0.653783, ""hybrid_score"": 0.663696, ""keyword_prior"": 0.009913, ""lexical_support"": 0.0}, {""l3_id"": ""G_SYS_CONTEXT"", ""em_score"": 0.65469, ""hybrid_score"": 0.662881, ""keyword_prior"": 0.008191, ""lexical_support"": 0.0}, {""l3_id"": ""G_SYS_INPUT"", ""em_score"": 0.652709, ""hybrid_score"": 0.659654, ""keyword_prior"": 0.006945, ""lexical_support"": 0.0}]"
SRC-G-0178,General,RAI4-1128,AI 비서 편익·피해 평가 지표 부재,Lack of metrics for evaluating assistant benefits and harms,G_Others,HD,0.731854,0.703848,0.749036,0.1,,"[{""l3_id"": ""G_SYS_TRANS"", ""em_score"": 0.731854, ""hybrid_score"": 0.749036, ""keyword_prior"": 0.017182, ""lexical_support"": 0.1}, {""l3_id"": ""G_SYS_EVAL"", ""em_score"": 0.716638, ""hybrid_score"": 0.733043, ""keyword_prior"": 0.016406, ""lexical_support"": 0.1}, {""l3_id"": ""G_SOC_GOV"", ""em_score"": 0.718962, ""hybrid_score"": 0.728218, ""keyword_prior"": 0.009256, ""lexical_support"": 0.0}, {""l3_id"": ""G_SYS_CONTEST"", ""em_score"": 0.670967, ""hybrid_score"": 0.677942, ""keyword_prior"": 0.006975, ""lexical_support"": 0.0}, {""l3_id"": ""G_SYS_INPUT"", ""em_score"": 0.656653, ""hybrid_score"": 0.664655, ""keyword_prior"": 0.008002, ""lexical_support"": 0.0}]"
SRC-G-0179,General,RAI4-1280,검증 불가능한 블랙박스 모델의 설명·결함 진 단 곤란,Unverifiable black-box models resisting explanation and debugging,G_Others,HD,0.714467,0.688362,0.740651,0.2,,"[{""l3_id"": ""G_SYS_EVAL"", ""em_score"": 0.714467, ""hybrid_score"": 0.740651, ""keyword_prior"": 0.026184, ""lexical_support"": 0.2}, {""l3_id"": ""G_SYS_TRANS"", ""em_score"": 0.718326, ""hybrid_score"": 0.737986, ""keyword_prior"": 0.01966, ""lexical_support"": 0.1}, {""l3_id"": ""G_SYS_INCONS"", ""em_score"": 0.664994, ""hybrid_score"": 0.673601, ""keyword_prior"": 0.008607, ""lexical_support"": 0.0}, {""l3_id"": ""G_SOC_GOV"", ""em_score"": 0.656763, ""hybrid_score"": 0.672127, ""keyword_prior"": 0.015364, ""lexical_support"": 0.1}, {""l3_id"": ""G_SYS_INPUT"", ""em_score"": 0.629487, ""hybrid_score"": 0.642851, ""keyword_prior"": 0.013364, ""lexical_support"": 0.1}]"
SRC-G-0180,General,RAI4-1336,학습 데이터 어노테이션 결함,Deficient training-data annotation,G_SYS_EVAL,EM,0.698512,0.666954,0.711311,0.0,,"[{""l3_id"": ""G_SYS_EVAL"", ""em_score"": 0.698512, ""hybrid_score"": 0.711311, ""keyword_prior"": 0.012799, ""lexical_support"": 0.0}, {""l3_id"": ""G_SYS_CONTEXT"", ""em_score"": 0.667103, ""hybrid_score"": 0.680093, ""keyword_prior"": 0.01299, ""lexical_support"": 0.0}, {""l3_id"": ""G_SYS_CONTEST"", ""em_score"": 0.662771, ""hybrid_score"": 0.678654, ""keyword_prior"": 0.015883, ""lexical_support"": 0.0}, {""l3_id"": ""G_SYS_INPUT"", ""em_score"": 0.660608, ""hybrid_score"": 0.674204, ""keyword_prior"": 0.013596, ""lexical_support"": 0.0}, {""l3_id"": ""G_SYS_TRANS"", ""em_score"": 0.650993, ""hybrid_score"": 0.664062, ""keyword_prior"": 0.013069, ""lexical_support"": 0.1}]"
SRC-G-0181,General,RAI4-1458,운영설계영역(ODD) 명세 미흡,Inadequate specification of the operational design domain,G_Others,HD,0.652656,0.615939,0.662307,0.0,,"[{""l3_id"": ""G_SYS_INPUT"", ""em_score"": 0.652656, ""hybrid_score"": 0.662307, ""keyword_prior"": 0.009651, ""lexical_support"": 0.0}, {""l3_id"": ""G_SYS_OREF"", ""em_score"": 0.64604, ""hybrid_score"": 0.658574, ""keyword_prior"": 0.012534, ""lexical_support"": 0.0}, {""l3_id"": ""G_SYS_EVAL"", ""em_score"": 0.645785, ""hybrid_score"": 0.652258, ""keyword_prior"": 0.006472, ""lexical_support"": 0.0}, {""l3_id"": ""G_SYS_TRANS"", ""em_score"": 0.644298, ""hybrid_score"": 0.652074, ""keyword_prior"": 0.007776, ""lexical_support"": 0.0}, {""l3_id"": ""G_SYS_OEXT"", ""em_score"": 0.638294, ""hybrid_score"": 0.647654, ""keyword_prior"": 0.00936, ""lexical_support"": 0.0}]"
SRC-G-0182,General,RAI4-1459,부적절한 자동화 수준,Inappropriate degree of automation,G_SYS_OEXT,EM,0.786533,0.756632,0.802401,0.0,,"[{""l3_id"": ""G_SYS_OEXT"", ""em_score"": 0.786533, ""hybrid_score"": 0.802401, ""keyword_prior"": 0.015868, ""lexical_support"": 0.0}, {""l3_id"": ""G_INT_UNETH"", ""em_score"": 0.754988, ""hybrid_score"": 0.763805, ""keyword_prior"": 0.008817, ""lexical_support"": 0.0}, {""l3_id"": ""G_SYS_INPUT"", ""em_score"": 0.749834, ""hybrid_score"": 0.759243, ""keyword_prior"": 0.009409, ""lexical_support"": 0.0}, {""l3_id"": ""G_SYS_OREF"", ""em_score"": 0.748524, ""hybrid_score"": 0.753588, ""keyword_prior"": 0.005064, ""lexical_support"": 0.0}, {""l3_id"": ""G_SYS_EVAL"", ""em_score"": 0.733257, ""hybrid_score"": 0.733879, ""keyword_prior"": 0.000621, ""lexical_support"": 0.0}]"
SRC-G-0183,General,RAI4-1461,개발 과정 문서화와 데이터 이해의 부족,Insufficient development documentation and understanding of data,G_Others,HD,0.775065,0.749395,0.789531,0.0,,"[{""l3_id"": ""G_SYS_EVAL"", ""em_score"": 0.775065, ""hybrid_score"": 0.789531, ""keyword_prior"": 0.014467, ""lexical_support"": 0.0}, {""l3_id"": ""G_SYS_TRANS"", ""em_score"": 0.767072, ""hybrid_score"": 0.788326, ""keyword_prior"": 0.021254, ""lexical_support"": 0.1}, {""l3_id"": ""G_SYS_INPUT"", ""em_score"": 0.749444, ""hybrid_score"": 0.770244, ""keyword_prior"": 0.0208, ""lexical_support"": 0.1}, {""l3_id"": ""G_SOC_GOV"", ""em_score"": 0.748291, ""hybrid_score"": 0.765617, ""keyword_prior"": 0.017325, ""lexical_support"": 0.1}, {""l3_id"": ""G_SYS_CONTEST"", ""em_score"": 0.719146, ""hybrid_score"": 0.729488, ""keyword_prior"": 0.010342, ""lexical_support"": 0.0}]"
SRC-G-0184,General,RAI4-1463,하드웨어 연산·전력 요구사항 누락,Omitted compute and power hardware requirements,G_SOC_ENV,EM,0.694853,0.666259,0.701088,0.0,,"[{""l3_id"": ""G_SOC_ENV"", ""em_score"": 0.694853, ""hybrid_score"": 0.701088, ""keyword_prior"": 0.006236, ""lexical_support"": 0.0}, {""l3_id"": ""G_SOC_GOV"", ""em_score"": 0.681857, ""hybrid_score"": 0.684231, ""keyword_prior"": 0.002374, ""lexical_support"": 0.0}, {""l3_id"": ""G_SYS_CONTEST"", ""em_score"": 0.665146, ""hybrid_score"": 0.674373, ""keyword_prior"": 0.009227, ""lexical_support"": 0.0}, {""l3_id"": ""G_SYS_EVAL"", ""em_score"": 0.666163, ""hybrid_score"": 0.671188, ""keyword_prior"": 0.005025, ""lexical_support"": 0.0}, {""l3_id"": ""G_SYS_INPUT"", ""em_score"": 0.664194, ""hybrid_score"": 0.66816, ""keyword_prior"": 0.003966, ""lexical_support"": 0.0}]"
SRC-G-0185,General,RAI4-1466,잘못된 데이터 라벨,Incorrect data labels,G_Others,HD,0.720025,0.691944,0.729112,0.0,,"[{""l3_id"": ""G_SYS_EVAL"", ""em_score"": 0.720025, ""hybrid_score"": 0.729112, ""keyword_prior"": 0.009087, ""lexical_support"": 0.0}, {""l3_id"": ""G_SYS_INPUT"", ""em_score"": 0.708091, ""hybrid_score"": 0.713096, ""keyword_prior"": 0.005005, ""lexical_support"": 0.0}, {""l3_id"": ""G_SYS_CONTEXT"", ""em_score"": 0.693161, ""hybrid_score"": 0.694849, ""keyword_prior"": 0.001688, ""lexical_support"": 0.0}, {""l3_id"": ""G_SYS_OREF"", ""em_score"": 0.667856, ""hybrid_score"": 0.673765, ""keyword_prior"": 0.005909, ""lexical_support"": 0.0}, {""l3_id"": ""G_SYS_MISINFO"", ""em_score"": 0.665858, ""hybrid_score"": 0.67264, ""keyword_prior"": 0.006782, ""lexical_support"": 0.0}]"
SRC-G-0186,General,RAI4-1468,학습 데이터의 대표성 부족,Insufficient representation in training data,G_Others,HD,0.68928,0.647745,0.699908,0.0,,"[{""l3_id"": ""G_SYS_INCONS"", ""em_score"": 0.68928, ""hybrid_score"": 0.699908, ""keyword_prior"": 0.010628, ""lexical_support"": 0.0}, {""l3_id"": ""G_SYS_EVAL"", ""em_score"": 0.681579, ""hybrid_score"": 0.690387, ""keyword_prior"": 0.008808, ""lexical_support"": 0.0}, {""l3_id"": ""G_SYS_CONTEXT"", ""em_score"": 0.678168, ""hybrid_score"": 0.6888, ""keyword_prior"": 0.010632, ""lexical_support"": 0.0}, {""l3_id"": ""G_SYS_INPUT"", ""em_score"": 0.677089, ""hybrid_score"": 0.685498, ""keyword_prior"": 0.008409, ""lexical_support"": 0.0}, {""l3_id"": ""G_SYS_TRANS"", ""em_score"": 0.671402, ""hybrid_score"": 0.684945, ""keyword_prior"": 0.013543, ""lexical_support"": 0.1}]"
SRC-G-0187,General,RAI4-1472,과적합 및 과소적합,Over- and underfitting,G_SYS_OEXT,EM,0.779314,0.753267,0.805643,0.3,,"[{""l3_id"": ""G_SYS_OEXT"", ""em_score"": 0.779314, ""hybrid_score"": 0.805643, ""keyword_prior"": 0.026329, ""lexical_support"": 0.3}, {""l3_id"": ""G_SYS_OREF"", ""em_score"": 0.740586, ""hybrid_score"": 0.77349, ""keyword_prior"": 0.032904, ""lexical_support"": 0.4}, {""l3_id"": ""G_SYS_EVAL"", ""em_score"": 0.734496, ""hybrid_score"": 0.734711, ""keyword_prior"": 0.000215, ""lexical_support"": 0.0}, {""l3_id"": ""G_SYS_INPUT"", ""em_score"": 0.728846, ""hybrid_score"": 0.730804, ""keyword_prior"": 0.001958, ""lexical_support"": 0.0}, {""l3_id"": ""G_SYS_INCONS"", ""em_score"": 0.721603, ""hybrid_score"": 0.726777, ""keyword_prior"": 0.005174, ""lexical_support"": 0.0}]"
SRC-G-0188,General,RAI4-1474,코너 케이스에서의 신뢰성 저하,Reduced reliability in corner cases,G_SYS_INPUT,EM,0.712539,0.67875,0.748511,0.4,,"[{""l3_id"": ""G_SYS_INPUT"", ""em_score"": 0.712539, ""hybrid_score"": 0.748511, ""keyword_prior"": 0.035972, ""lexical_support"": 0.4}, {""l3_id"": ""G_SYS_CONTEST"", ""em_score"": 0.701777, ""hybrid_score"": 0.713563, ""keyword_prior"": 0.011785, ""lexical_support"": 0.0}, {""l3_id"": ""G_SYS_TRANS"", ""em_score"": 0.700989, ""hybrid_score"": 0.712104, ""keyword_prior"": 0.011115, ""lexical_support"": 0.0}, {""l3_id"": ""G_SYS_CONTEXT"", ""em_score"": 0.698265, ""hybrid_score"": 0.705113, ""keyword_prior"": 0.006849, ""lexical_support"": 0.0}, {""l3_id"": ""G_SOC_GOV"", ""em_score"": 0.702534, ""hybrid_score"": 0.702825, ""keyword_prior"": 0.000292, ""lexical_support"": 0.0}]"
SRC-G-0189,General,RAI4-1487,비전문가 데이터 조작,Non-expert data manipulation,G_INT_UNETH,EM,0.720315,0.695639,0.74692,0.3,,"[{""l3_id"": ""G_INT_UNETH"", ""em_score"": 0.720315, ""hybrid_score"": 0.74692, ""keyword_prior"": 0.026605, ""lexical_support"": 0.3}, {""l3_id"": ""G_SYS_OEXT"", ""em_score"": 0.68803, ""hybrid_score"": 0.693283, ""keyword_prior"": 0.005253, ""lexical_support"": 0.0}, {""l3_id"": ""G_SYS_INCONS"", ""em_score"": 0.676727, ""hybrid_score"": 0.685077, ""keyword_prior"": 0.00835, ""lexical_support"": 0.0}, {""l3_id"": ""G_SYS_CONTEST"", ""em_score"": 0.667536, ""hybrid_score"": 0.683334, ""keyword_prior"": 0.015798, ""lexical_support"": 0.2}, {""l3_id"": ""G_SYS_MISINFO"", ""em_score"": 0.66774, ""hybrid_score"": 0.673482, ""keyword_prior"": 0.005743, ""lexical_support"": 0.0}]"
SRC-G-0190,General,RAI4-1492,GPAI 모델의 손쉬운 재구성,Easy reconfiguration of GPAI models,G_SYS_SECADV,EM,0.671245,0.629667,0.699837,0.4,,"[{""l3_id"": ""G_SYS_SECADV"", ""em_score"": 0.671245, ""hybrid_score"": 0.699837, ""keyword_prior"": 0.028592, ""lexical_support"": 0.4}, {""l3_id"": ""G_SYS_OEXT"", ""em_score"": 0.669835, ""hybrid_score"": 0.679393, ""keyword_prior"": 0.009557, ""lexical_support"": 0.0}, {""l3_id"": ""G_SOC_GOV"", ""em_score"": 0.653168, ""hybrid_score"": 0.666476, ""keyword_prior"": 0.013308, ""lexical_support"": 0.0}, {""l3_id"": ""G_SYS_POLICY"", ""em_score"": 0.64139, ""hybrid_score"": 0.662412, ""keyword_prior"": 0.021022, ""lexical_support"": 0.2}, {""l3_id"": ""G_SYS_EVAL"", ""em_score"": 0.65143, ""hybrid_score"": 0.653227, ""keyword_prior"": 0.001796, ""lexical_support"": 0.0}]"
SRC-G-0191,General,RAI4-1493,미세조정판의 예상외 역량,Unexpected downstream fine-tune competence,G_SYS_OEXT,EM,0.675658,0.644314,0.695103,0.1,,"[{""l3_id"": ""G_SYS_OEXT"", ""em_score"": 0.675658, ""hybrid_score"": 0.695103, ""keyword_prior"": 0.019445, ""lexical_support"": 0.1}, {""l3_id"": ""G_SOC_GOV"", ""em_score"": 0.61854, ""hybrid_score"": 0.61977, ""keyword_prior"": 0.00123, ""lexical_support"": 0.0}, {""l3_id"": ""G_SYS_OREF"", ""em_score"": 0.617664, ""hybrid_score"": 0.616966, ""keyword_prior"": -0.000698, ""lexical_support"": 0.0}, {""l3_id"": ""G_SYS_EVAL"", ""em_score"": 0.619077, ""hybrid_score"": 0.61629, ""keyword_prior"": -0.002787, ""lexical_support"": 0.0}, {""l3_id"": ""G_SYS_TRANS"", ""em_score"": 0.612538, ""hybrid_score"": 0.615136, ""keyword_prior"": 0.002597, ""lexical_support"": 0.0}]"
SRC-G-0192,General,RAI4-1499,역량 평가에서 드러나지 않는 위험 역량,Undetected dangerous capabilities in model evaluations,G_SYS_EVAL,EM,0.741119,0.712398,0.777962,0.4,,"[{""l3_id"": ""G_SYS_EVAL"", ""em_score"": 0.741119, ""hybrid_score"": 0.777962, ""keyword_prior"": 0.036843, ""lexical_support"": 0.4}, {""l3_id"": ""G_SYS_TRANS"", ""em_score"": 0.688629, ""hybrid_score"": 0.700779, ""keyword_prior"": 0.01215, ""lexical_support"": 0.0}, {""l3_id"": ""G_SYS_OEXT"", ""em_score"": 0.679991, ""hybrid_score"": 0.696408, ""keyword_prior"": 0.016417, ""lexical_support"": 0.1}, {""l3_id"": ""G_SOC_GOV"", ""em_score"": 0.664644, ""hybrid_score"": 0.678726, ""keyword_prior"": 0.014083, ""lexical_support"": 0.1}, {""l3_id"": ""G_SYS_OREF"", ""em_score"": 0.65944, ""hybrid_score"": 0.665841, ""keyword_prior"": 0.006401, ""lexical_support"": 0.0}]"
SRC-G-0193,General,RAI4-1502,내재 가치 측정 부정확,Inaccurate measurement of encoded values,G_SYS_EVAL,EM,0.771173,0.747041,0.783912,0.0,,"[{""l3_id"": ""G_SYS_EVAL"", ""em_score"": 0.771173, ""hybrid_score"": 0.783912, ""keyword_prior"": 0.012739, ""lexical_support"": 0.0}, {""l3_id"": ""G_SYS_INPUT"", ""em_score"": 0.73428, ""hybrid_score"": 0.741464, ""keyword_prior"": 0.007184, ""lexical_support"": 0.0}, {""l3_id"": ""G_SYS_CONTEXT"", ""em_score"": 0.711618, ""hybrid_score"": 0.718741, ""keyword_prior"": 0.007123, ""lexical_support"": 0.0}, {""l3_id"": ""G_SYS_TRANS"", ""em_score"": 0.711481, ""hybrid_score"": 0.71652, ""keyword_prior"": 0.005038, ""lexical_support"": 0.0}, {""l3_id"": ""G_INT_VALUE"", ""em_score"": 0.698037, ""hybrid_score"": 0.715935, ""keyword_prior"": 0.017898, ""lexical_support"": 0.2}]"
SRC-G-0194,General,RAI4-1504,인간 평가 한계 초과 출력,Outputs beyond human evaluability,G_Others,HD,0.742061,0.712261,0.760464,0.1,,"[{""l3_id"": ""G_SYS_OEXT"", ""em_score"": 0.742061, ""hybrid_score"": 0.760464, ""keyword_prior"": 0.018403, ""lexical_support"": 0.1}, {""l3_id"": ""G_SYS_EVAL"", ""em_score"": 0.717918, ""hybrid_score"": 0.732483, ""keyword_prior"": 0.014565, ""lexical_support"": 0.2}, {""l3_id"": ""G_INT_UNETH"", ""em_score"": 0.698005, ""hybrid_score"": 0.697902, ""keyword_prior"": -0.000103, ""lexical_support"": 0.0}, {""l3_id"": ""G_SYS_SECADV"", ""em_score"": 0.682769, ""hybrid_score"": 0.695743, ""keyword_prior"": 0.012974, ""lexical_support"": 0.2}, {""l3_id"": ""G_SYS_TRANS"", ""em_score"": 0.690955, ""hybrid_score"": 0.692561, ""keyword_prior"": 0.001607, ""lexical_support"": 0.0}]"
SRC-G-0195,General,RAI4-1537,상황 인식을 이용한 평가 기만·배포 설득,Evaluation deception and deployment persuasion from situational awareness,G_SYS_EVAL,EM,0.729988,0.708239,0.758433,0.3,,"[{""l3_id"": ""G_SYS_EVAL"", ""em_score"": 0.729988, ""hybrid_score"": 0.758433, ""keyword_prior"": 0.028445, ""lexical_support"": 0.3}, {""l3_id"": ""G_SYS_CONTEXT"", ""em_score"": 0.709126, ""hybrid_score"": 0.723916, ""keyword_prior"": 0.014789, ""lexical_support"": 0.1}, {""l3_id"": ""G_SYS_MISINFO"", ""em_score"": 0.715402, ""hybrid_score"": 0.722305, ""keyword_prior"": 0.006903, ""lexical_support"": 0.0}, {""l3_id"": ""G_SYS_INPUT"", ""em_score"": 0.702976, ""hybrid_score"": 0.716922, ""keyword_prior"": 0.013946, ""lexical_support"": 0.1}, {""l3_id"": ""G_SYS_OEXT"", ""em_score"": 0.696548, ""hybrid_score"": 0.698227, ""keyword_prior"": 0.001679, ""lexical_support"": 0.0}]"
SRC-G-0196,General,RAI4-1544,샌드박스 우회에 의한 격리 통제 상실,Loss of containment through sandbox escape,G_SYS_OEXT,EM,0.705484,0.67523,0.713765,0.0,,"[{""l3_id"": ""G_SYS_OEXT"", ""em_score"": 0.705485, ""hybrid_score"": 0.713765, ""keyword_prior"": 0.00828, ""lexical_support"": 0.0}, {""l3_id"": ""G_SOC_GOV"", ""em_score"": 0.687196, ""hybrid_score"": 0.692418, ""keyword_prior"": 0.005222, ""lexical_support"": 0.0}, {""l3_id"": ""G_SYS_EVAL"", ""em_score"": 0.676221, ""hybrid_score"": 0.690557, ""keyword_prior"": 0.014336, ""lexical_support"": 0.1}, {""l3_id"": ""G_SYS_INPUT"", ""em_score"": 0.678371, ""hybrid_score"": 0.687245, ""keyword_prior"": 0.008874, ""lexical_support"": 0.0}, {""l3_id"": ""G_SYS_OREF"", ""em_score"": 0.661463, ""hybrid_score"": 0.668196, ""keyword_prior"": 0.006733, ""lexical_support"": 0.0}]"
SRC-G-0197,General,RAI4-1548,경쟁 압력에 의한 안전성 평가 축소 배포,Truncated safety evaluation under competitive release pressure,G_SYS_EVAL,EM,0.701914,0.676418,0.733077,0.3,,"[{""l3_id"": ""G_SYS_EVAL"", ""em_score"": 0.701913, ""hybrid_score"": 0.733077, ""keyword_prior"": 0.031163, ""lexical_support"": 0.3}, {""l3_id"": ""G_SYS_TRANS"", ""em_score"": 0.640829, ""hybrid_score"": 0.645908, ""keyword_prior"": 0.005078, ""lexical_support"": 0.0}, {""l3_id"": ""G_SYS_CONTEST"", ""em_score"": 0.632537, ""hybrid_score"": 0.639119, ""keyword_prior"": 0.006582, ""lexical_support"": 0.0}, {""l3_id"": ""G_SYS_OEXT"", ""em_score"": 0.634739, ""hybrid_score"": 0.635275, ""keyword_prior"": 0.000536, ""lexical_support"": 0.0}, {""l3_id"": ""G_SOC_POWER"", ""em_score"": 0.61969, ""hybrid_score"": 0.629904, ""keyword_prior"": 0.010214, ""lexical_support"": 0.1}]"
SRC-G-0198,General,RAI4-1551,센서 드리프트에 의한 배포 시스템 성능 저하,Deployed-system degradation from sensor and distribution drift,G_Others,HD,0.689356,0.662722,0.703491,0.0,,"[{""l3_id"": ""G_SOC_ENV"", ""em_score"": 0.689355, ""hybrid_score"": 0.703491, ""keyword_prior"": 0.014136, ""lexical_support"": 0.0}, {""l3_id"": ""G_SOC_ECON"", ""em_score"": 0.668191, ""hybrid_score"": 0.673944, ""keyword_prior"": 0.005753, ""lexical_support"": 0.0}, {""l3_id"": ""G_SYS_EVAL"", ""em_score"": 0.660939, ""hybrid_score"": 0.67031, ""keyword_prior"": 0.009371, ""lexical_support"": 0.0}, {""l3_id"": ""G_SOC_DEMOC"", ""em_score"": 0.658469, ""hybrid_score"": 0.663494, ""keyword_prior"": 0.005024, ""lexical_support"": 0.0}, {""l3_id"": ""G_SOC_POWER"", ""em_score"": 0.653737, ""hybrid_score"": 0.655297, ""keyword_prior"": 0.00156, ""lexical_support"": 0.0}]"
SRC-G-0199,General,RAI4-1560,GPAI 출력을 이용한 설득력 있는 사칭,Convincing impersonation using GPAI outputs,G_Others,HD,0.653554,0.617271,0.663888,0.0,,"[{""l3_id"": ""G_SYS_MISINFO"", ""em_score"": 0.653554, ""hybrid_score"": 0.663888, ""keyword_prior"": 0.010333, ""lexical_support"": 0.0}, {""l3_id"": ""G_INT_UNETH"", ""em_score"": 0.650518, ""hybrid_score"": 0.65745, ""keyword_prior"": 0.006932, ""lexical_support"": 0.0}, {""l3_id"": ""G_SYS_OEXT"", ""em_score"": 0.626763, ""hybrid_score"": 0.632641, ""keyword_prior"": 0.005877, ""lexical_support"": 0.0}, {""l3_id"": ""G_SYS_EVAL"", ""em_score"": 0.617684, ""hybrid_score"": 0.619891, ""keyword_prior"": 0.002206, ""lexical_support"": 0.0}, {""l3_id"": ""G_SYS_CONTEST"", ""em_score"": 0.614456, ""hybrid_score"": 0.618038, ""keyword_prior"": 0.003582, ""lexical_support"": 0.0}]"
SRC-G-0200,General,RAI4-1705,모니터링 부족에 의한 미탐지 안전·프라이버 시 위반,Undetected safety and privacy violations from insufficient monitoring,G_Others,HD,0.756675,0.728156,0.783912,0.2,,"[{""l3_id"": ""G_SYS_TRANS"", ""em_score"": 0.756675, ""hybrid_score"": 0.783912, ""keyword_prior"": 0.027236, ""lexical_support"": 0.2}, {""l3_id"": ""G_INT_PRIV"", ""em_score"": 0.733398, ""hybrid_score"": 0.765933, ""keyword_prior"": 0.032534, ""lexical_support"": 0.3}, {""l3_id"": ""G_SOC_GOV"", ""em_score"": 0.729915, ""hybrid_score"": 0.746128, ""keyword_prior"": 0.016213, ""lexical_support"": 0.1}, {""l3_id"": ""G_INT_UNETH"", ""em_score"": 0.717819, ""hybrid_score"": 0.737583, ""keyword_prior"": 0.019763, ""lexical_support"": 0.1}, {""l3_id"": ""G_SYS_EVAL"", ""em_score"": 0.711716, ""hybrid_score"": 0.719122, ""keyword_prior"": 0.007407, ""lexical_support"": 0.0}]"
SRC-G-0201,General,RAI4-0527,창의성·비판적 사고의 저하,Devaluation of creativity and critical thinking,G_Others,HD,0.733208,0.697502,0.748147,0.0,,"[{""l3_id"": ""G_SOC_CULT"", ""em_score"": 0.733208, ""hybrid_score"": 0.748147, ""keyword_prior"": 0.014939, ""lexical_support"": 0.0}, {""l3_id"": ""G_SOC_ECON"", ""em_score"": 0.711388, ""hybrid_score"": 0.712923, ""keyword_prior"": 0.001535, ""lexical_support"": 0.0}, {""l3_id"": ""G_SYS_INCONS"", ""em_score"": 0.704852, ""hybrid_score"": 0.709791, ""keyword_prior"": 0.004939, ""lexical_support"": 0.0}, {""l3_id"": ""G_SYS_CONTEST"", ""em_score"": 0.686003, ""hybrid_score"": 0.692062, ""keyword_prior"": 0.006059, ""lexical_support"": 0.0}, {""l3_id"": ""G_SOC_POWER"", ""em_score"": 0.687901, ""hybrid_score"": 0.690648, ""keyword_prior"": 0.002747, ""lexical_support"": 0.0}]"
SRC-G-0202,General,RAI4-0674,문화적 박탈,Cultural dispossession,G_SOC_CULT,EM,0.725361,0.691387,0.759336,0.3,,"[{""l3_id"": ""G_SOC_CULT"", ""em_score"": 0.725361, ""hybrid_score"": 0.759336, ""keyword_prior"": 0.033974, ""lexical_support"": 0.3}, {""l3_id"": ""G_SYS_OREF"", ""em_score"": 0.711394, ""hybrid_score"": 0.7137, ""keyword_prior"": 0.002306, ""lexical_support"": 0.0}, {""l3_id"": ""G_INT_VALUE"", ""em_score"": 0.678917, ""hybrid_score"": 0.684149, ""keyword_prior"": 0.005232, ""lexical_support"": 0.0}, {""l3_id"": ""G_SYS_MISINFO"", ""em_score"": 0.674881, ""hybrid_score"": 0.678237, ""keyword_prior"": 0.003357, ""lexical_support"": 0.0}, {""l3_id"": ""G_SYS_INCONS"", ""em_score"": 0.67474, ""hybrid_score"": 0.674585, ""keyword_prior"": -0.000155, ""lexical_support"": 0.0}]"
SRC-G-0203,General,RAI4-0678,신체적 위해를 유발하는 출력,Model outputs leading to physical harm,G_INT_VIOL,EM,0.743916,0.720505,0.771704,0.2,,"[{""l3_id"": ""G_INT_VIOL"", ""em_score"": 0.743916, ""hybrid_score"": 0.771703, ""keyword_prior"": 0.027787, ""lexical_support"": 0.2}, {""l3_id"": ""G_SYS_OREF"", ""em_score"": 0.667865, ""hybrid_score"": 0.669154, ""keyword_prior"": 0.001289, ""lexical_support"": 0.0}, {""l3_id"": ""G_SYS_INCONS"", ""em_score"": 0.66185, ""hybrid_score"": 0.66275, ""keyword_prior"": 0.000901, ""lexical_support"": 0.0}, {""l3_id"": ""G_INT_UNETH"", ""em_score"": 0.647203, ""hybrid_score"": 0.648743, ""keyword_prior"": 0.00154, ""lexical_support"": 0.0}, {""l3_id"": ""G_SYS_INPUT"", ""em_score"": 0.633129, ""hybrid_score"": 0.632249, ""keyword_prior"": -0.000879, ""lexical_support"": 0.0}]"
SRC-G-0204,General,RAI4-0705,폭력 조장 위험 콘텐츠,Violence-inciting dangerous content,G_INT_VIOL,EM,0.799501,0.782442,0.846944,0.5,,"[{""l3_id"": ""G_INT_VIOL"", ""em_score"": 0.799501, ""hybrid_score"": 0.846944, ""keyword_prior"": 0.047443, ""lexical_support"": 0.5}, {""l3_id"": ""G_INT_SELF"", ""em_score"": 0.68416, ""hybrid_score"": 0.7031, ""keyword_prior"": 0.01894, ""lexical_support"": 0.2}, {""l3_id"": ""G_INT_ILLEGAL"", ""em_score"": 0.667182, ""hybrid_score"": 0.679146, ""keyword_prior"": 0.011964, ""lexical_support"": 0.1}, {""l3_id"": ""G_SYS_OREF"", ""em_score"": 0.637703, ""hybrid_score"": 0.640766, ""keyword_prior"": 0.003063, ""lexical_support"": 0.0}, {""l3_id"": ""G_SYS_MISINFO"", ""em_score"": 0.617054, ""hybrid_score"": 0.617805, ""keyword_prior"": 0.00075, ""lexical_support"": 0.0}]"
SRC-G-0205,General,RAI4-0854,되돌릴 수 없는 변화,Irreversible change,G_SYS_OREF,EM,0.738961,0.709202,0.746035,0.0,,"[{""l3_id"": ""G_SYS_OREF"", ""em_score"": 0.738961, ""hybrid_score"": 0.746035, ""keyword_prior"": 0.007074, ""lexical_support"": 0.0}, {""l3_id"": ""G_SYS_INCONS"", ""em_score"": 0.715429, ""hybrid_score"": 0.722446, ""keyword_prior"": 0.007018, ""lexical_support"": 0.0}, {""l3_id"": ""G_SOC_ECON"", ""em_score"": 0.674515, ""hybrid_score"": 0.678268, ""keyword_prior"": 0.003753, ""lexical_support"": 0.0}, {""l3_id"": ""G_SOC_GOV"", ""em_score"": 0.671446, ""hybrid_score"": 0.669118, ""keyword_prior"": -0.002327, ""lexical_support"": 0.0}, {""l3_id"": ""G_INT_UNETH"", ""em_score"": 0.664254, ""hybrid_score"": 0.662619, ""keyword_prior"": -0.001636, ""lexical_support"": 0.0}]"
SRC-G-0206,General,RAI4-1049,조직 재정·평판 손상,Organizational financial and reputational damage,G_Others,HD,0.664239,0.633144,0.668772,0.0,,"[{""l3_id"": ""G_SOC_ECON"", ""em_score"": 0.664239, ""hybrid_score"": 0.668772, ""keyword_prior"": 0.004532, ""lexical_support"": 0.0}, {""l3_id"": ""G_INT_UNETH"", ""em_score"": 0.659922, ""hybrid_score"": 0.661007, ""keyword_prior"": 0.001085, ""lexical_support"": 0.0}, {""l3_id"": ""G_SOC_GOV"", ""em_score"": 0.654017, ""hybrid_score"": 0.658565, ""keyword_prior"": 0.004548, ""lexical_support"": 0.0}, {""l3_id"": ""G_SYS_MISINFO"", ""em_score"": 0.647701, ""hybrid_score"": 0.651355, ""keyword_prior"": 0.003654, ""lexical_support"": 0.0}, {""l3_id"": ""G_SOC_ENV"", ""em_score"": 0.642172, ""hybrid_score"": 0.642302, ""keyword_prior"": 0.00013, ""lexical_support"": 0.0}]"
SRC-G-0207,General,RAI4-1447,폭력/무력 충돌,Violence/armed conflict,G_INT_VIOL,EM,0.797832,0.774338,0.838308,0.4,,"[{""l3_id"": ""G_INT_VIOL"", ""em_score"": 0.797832, ""hybrid_score"": 0.838308, ""keyword_prior"": 0.040476, ""lexical_support"": 0.4}, {""l3_id"": ""G_INT_WEAP"", ""em_score"": 0.78867, ""hybrid_score"": 0.803461, ""keyword_prior"": 0.014791, ""lexical_support"": 0.0}, {""l3_id"": ""G_SYS_SECADV"", ""em_score"": 0.716017, ""hybrid_score"": 0.761736, ""keyword_prior"": 0.045719, ""lexical_support"": 0.6}, {""l3_id"": ""G_SYS_OREF"", ""em_score"": 0.696197, ""hybrid_score"": 0.700509, ""keyword_prior"": 0.004312, ""lexical_support"": 0.0}, {""l3_id"": ""G_INT_UNETH"", ""em_score"": 0.669271, ""hybrid_score"": 0.684291, ""keyword_prior"": 0.01502, ""lexical_support"": 0.2}]"
SRC-G-0208,General,RAI4-0641,비합의 성적 대상화 및 성적 이미지 생성,Non-consensual sexualization and intimate imagery generation,G_INT_SEX,EM,0.78388,0.759044,0.813292,0.2,,"[{""l3_id"": ""G_INT_SEX"", ""em_score"": 0.78388, ""hybrid_score"": 0.813292, ""keyword_prior"": 0.029412, ""lexical_support"": 0.2}, {""l3_id"": ""G_INT_ILLEGAL"", ""em_score"": 0.672074, ""hybrid_score"": 0.690155, ""keyword_prior"": 0.018081, ""lexical_support"": 0.2}, {""l3_id"": ""G_INT_UNETH"", ""em_score"": 0.669148, ""hybrid_score"": 0.680333, ""keyword_prior"": 0.011185, ""lexical_support"": 0.1}, {""l3_id"": ""G_SYS_MISINFO"", ""em_score"": 0.655484, ""hybrid_score"": 0.658098, ""keyword_prior"": 0.002613, ""lexical_support"": 0.0}, {""l3_id"": ""G_SYS_OREF"", ""em_score"": 0.628166, ""hybrid_score"": 0.62824, ""keyword_prior"": 7.5e-05, ""lexical_support"": 0.0}]"
SRC-G-0209,General,RAI4-0714,AI를 이용한 미성년자 성적 위해·착취,Sexual harm and exploitation of minors,G_INT_SEX,EM,0.880161,0.866638,1.238439,0.7,G_INT_SEX,"[{""l3_id"": ""G_INT_SEX"", ""em_score"": 0.880161, ""hybrid_score"": 1.238439, ""keyword_prior"": 0.358278, ""lexical_support"": 0.7}, {""l3_id"": ""G_INT_UNETH"", ""em_score"": 0.717673, ""hybrid_score"": 0.722447, ""keyword_prior"": 0.004774, ""lexical_support"": 0.0}, {""l3_id"": ""G_SOC_POWER"", ""em_score"": 0.678133, ""hybrid_score"": 0.68062, ""keyword_prior"": 0.002487, ""lexical_support"": 0.0}, {""l3_id"": ""G_SYS_MISINFO"", ""em_score"": 0.671951, ""hybrid_score"": 0.671389, ""keyword_prior"": -0.000562, ""lexical_support"": 0.0}, {""l3_id"": ""G_SOC_DEMOC"", ""em_score"": 0.650837, ""hybrid_score"": 0.650527, ""keyword_prior"": -0.00031, ""lexical_support"": 0.0}]"
SRC-G-0210,General,RAI4-0718,외설·비하·학대 이미지 생성 및 접근 용이화,Eased production of and access to abusive imagery,G_INT_SEX,EM,0.767307,0.742973,0.789897,0.1,,"[{""l3_id"": ""G_INT_SEX"", ""em_score"": 0.767307, ""hybrid_score"": 0.789897, ""keyword_prior"": 0.022589, ""lexical_support"": 0.1}, {""l3_id"": ""G_INT_REPR"", ""em_score"": 0.657111, ""hybrid_score"": 0.671216, ""keyword_prior"": 0.014104, ""lexical_support"": 0.1}, {""l3_id"": ""G_INT_ILLEGAL"", ""em_score"": 0.644016, ""hybrid_score"": 0.658937, ""keyword_prior"": 0.014921, ""lexical_support"": 0.2}, {""l3_id"": ""G_INT_UNETH"", ""em_score"": 0.633901, ""hybrid_score"": 0.64117, ""keyword_prior"": 0.007269, ""lexical_support"": 0.1}, {""l3_id"": ""G_SYS_MISINFO"", ""em_score"": 0.634384, ""hybrid_score"": 0.635111, ""keyword_prior"": 0.000727, ""lexical_support"": 0.0}]"
SRC-G-0211,General,RAI4-1136,유해·범죄 조장·기만적 콘텐츠의 대규모 생성,"Scaled generation of harmful, criminal, and deceptive content",G_Others,HD,0.797904,0.774088,0.830709,0.3,,"[{""l3_id"": ""G_INT_SEX"", ""em_score"": 0.797904, ""hybrid_score"": 0.830709, ""keyword_prior"": 0.032805, ""lexical_support"": 0.3}, {""l3_id"": ""G_INT_ILLEGAL"", ""em_score"": 0.73236, ""hybrid_score"": 0.776406, ""keyword_prior"": 0.044045, ""lexical_support"": 0.5}, {""l3_id"": ""G_INT_UNETH"", ""em_score"": 0.751323, ""hybrid_score"": 0.765528, ""keyword_prior"": 0.014205, ""lexical_support"": 0.1}, {""l3_id"": ""G_INT_VIOL"", ""em_score"": 0.73252, ""hybrid_score"": 0.75361, ""keyword_prior"": 0.02109, ""lexical_support"": 0.1}, {""l3_id"": ""G_SYS_MISINFO"", ""em_score"": 0.738507, ""hybrid_score"": 0.74934, ""keyword_prior"": 0.010833, ""lexical_support"": 0.0}]"
SRC-G-0212,General,RAI4-1542,외부 도구 연동을 통한 유해 콘텐츠 유입,Ingestion of harmful content through external tool integration,G_Others,HD,0.646034,0.608616,0.646566,0.0,,"[{""l3_id"": ""G_SYS_MISINFO"", ""em_score"": 0.646034, ""hybrid_score"": 0.646566, ""keyword_prior"": 0.000531, ""lexical_support"": 0.0}, {""l3_id"": ""G_SOC_ENV"", ""em_score"": 0.636456, ""hybrid_score"": 0.63944, ""keyword_prior"": 0.002984, ""lexical_support"": 0.0}, {""l3_id"": ""G_INT_UNETH"", ""em_score"": 0.636649, ""hybrid_score"": 0.636495, ""keyword_prior"": -0.000154, ""lexical_support"": 0.0}, {""l3_id"": ""G_SYS_OREF"", ""em_score"": 0.633507, ""hybrid_score"": 0.631278, ""keyword_prior"": -0.002228, ""lexical_support"": 0.0}, {""l3_id"": ""G_SYS_OEXT"", ""em_score"": 0.625881, ""hybrid_score"": 0.62734, ""keyword_prior"": 0.001459, ""lexical_support"": 0.0}]"
SRC-G-0213,General,RAI4-0023,자해 조장 및 지원,Self-harm facilitation,G_INT_SELF,EM,0.893597,0.863442,0.943017,0.5,,"[{""l3_id"": ""G_INT_SELF"", ""em_score"": 0.893597, ""hybrid_score"": 0.943017, ""keyword_prior"": 0.04942, ""lexical_support"": 0.5}, {""l3_id"": ""G_INT_UNETH"", ""em_score"": 0.744645, ""hybrid_score"": 0.747267, ""keyword_prior"": 0.002622, ""lexical_support"": 0.0}, {""l3_id"": ""G_SYS_OEXT"", ""em_score"": 0.702164, ""hybrid_score"": 0.702632, ""keyword_prior"": 0.000468, ""lexical_support"": 0.0}, {""l3_id"": ""G_SYS_MISINFO"", ""em_score"": 0.698901, ""hybrid_score"": 0.698322, ""keyword_prior"": -0.000578, ""lexical_support"": 0.0}, {""l3_id"": ""G_SOC_ECON"", ""em_score"": 0.700237, ""hybrid_score"": 0.697878, ""keyword_prior"": -0.002359, ""lexical_support"": 0.0}]"
SRC-G-0214,General,RAI4-0157,챗봇을 통한 자해 격려,Self-harm encouragement by chatbot,G_INT_SELF,EM,0.789354,0.760926,0.828432,0.4,,"[{""l3_id"": ""G_INT_SELF"", ""em_score"": 0.789354, ""hybrid_score"": 0.828432, ""keyword_prior"": 0.039079, ""lexical_support"": 0.4}, {""l3_id"": ""G_INT_UNETH"", ""em_score"": 0.664094, ""hybrid_score"": 0.670801, ""keyword_prior"": 0.006707, ""lexical_support"": 0.0}, {""l3_id"": ""G_SYS_OREF"", ""em_score"": 0.63323, ""hybrid_score"": 0.63354, ""keyword_prior"": 0.00031, ""lexical_support"": 0.0}, {""l3_id"": ""G_SYS_MISINFO"", ""em_score"": 0.620529, ""hybrid_score"": 0.62047, ""keyword_prior"": -5.9e-05, ""lexical_support"": 0.0}, {""l3_id"": ""G_SYS_CONTEST"", ""em_score"": 0.618563, ""hybrid_score"": 0.618623, ""keyword_prior"": 5.9e-05, ""lexical_support"": 0.0}]"
SRC-G-0215,General,RAI4-0833,이용자의 정신·신체 건강을 위협하는 콘텐츠,Content endangering users' mental and physical health,G_INT_SELF,EM,0.728511,0.70595,0.748168,0.1,,"[{""l3_id"": ""G_INT_SELF"", ""em_score"": 0.728511, ""hybrid_score"": 0.748168, ""keyword_prior"": 0.019657, ""lexical_support"": 0.1}, {""l3_id"": ""G_INT_VIOL"", ""em_score"": 0.638689, ""hybrid_score"": 0.647023, ""keyword_prior"": 0.008334, ""lexical_support"": 0.0}, {""l3_id"": ""G_SYS_OREF"", ""em_score"": 0.63248, ""hybrid_score"": 0.639951, ""keyword_prior"": 0.007471, ""lexical_support"": 0.0}, {""l3_id"": ""G_SYS_MISINFO"", ""em_score"": 0.613662, ""hybrid_score"": 0.612946, ""keyword_prior"": -0.000716, ""lexical_support"": 0.0}, {""l3_id"": ""G_INT_UNETH"", ""em_score"": 0.594597, ""hybrid_score"": 0.600124, ""keyword_prior"": 0.005526, ""lexical_support"": 0.0}]"
SRC-G-0216,General,RAI4-0411,언어별 피해 과소탐지,Language-specific harm under-detection,G_Others,HD,0.659758,0.621179,0.664922,0.0,,"[{""l3_id"": ""G_SYS_OREF"", ""em_score"": 0.659758, ""hybrid_score"": 0.664922, ""keyword_prior"": 0.005164, ""lexical_support"": 0.0}, {""l3_id"": ""G_SYS_EVAL"", ""em_score"": 0.65053, ""hybrid_score"": 0.653685, ""keyword_prior"": 0.003155, ""lexical_support"": 0.1}, {""l3_id"": ""G_SYS_TRANS"", ""em_score"": 0.6494, ""hybrid_score"": 0.653612, ""keyword_prior"": 0.004211, ""lexical_support"": 0.0}, {""l3_id"": ""G_SYS_INCONS"", ""em_score"": 0.634635, ""hybrid_score"": 0.649058, ""keyword_prior"": 0.014422, ""lexical_support"": 0.1}, {""l3_id"": ""G_SYS_CONTEXT"", ""em_score"": 0.639642, ""hybrid_score"": 0.643154, ""keyword_prior"": 0.003512, ""lexical_support"": 0.0}]"
SRC-G-0217,General,RAI4-0426,혐오발언 생성,Hate speech generation,G_INT_REPR,EM,0.731309,0.703122,0.758135,0.2,,"[{""l3_id"": ""G_INT_REPR"", ""em_score"": 0.731309, ""hybrid_score"": 0.758135, ""keyword_prior"": 0.026826, ""lexical_support"": 0.2}, {""l3_id"": ""G_SYS_MISINFO"", ""em_score"": 0.658, ""hybrid_score"": 0.664005, ""keyword_prior"": 0.006005, ""lexical_support"": 0.0}, {""l3_id"": ""G_SYS_OREF"", ""em_score"": 0.628797, ""hybrid_score"": 0.631092, ""keyword_prior"": 0.002295, ""lexical_support"": 0.0}, {""l3_id"": ""G_INT_UNETH"", ""em_score"": 0.625163, ""hybrid_score"": 0.626492, ""keyword_prior"": 0.001329, ""lexical_support"": 0.0}, {""l3_id"": ""G_INT_VALUE"", ""em_score"": 0.623124, ""hybrid_score"": 0.622882, ""keyword_prior"": -0.000242, ""lexical_support"": 0.0}]"
SRC-G-0218,General,RAI4-0706,보호 속성 기반 부당 대우,Protected-attribute unfair treatment,G_INT_ALLOC,EM,0.766496,0.737122,0.778562,0.0,,"[{""l3_id"": ""G_INT_ALLOC"", ""em_score"": 0.766496, ""hybrid_score"": 0.778562, ""keyword_prior"": 0.012065, ""lexical_support"": 0.0}, {""l3_id"": ""G_SYS_OREF"", ""em_score"": 0.709709, ""hybrid_score"": 0.715251, ""keyword_prior"": 0.005542, ""lexical_support"": 0.0}, {""l3_id"": ""G_INT_UNETH"", ""em_score"": 0.673772, ""hybrid_score"": 0.677129, ""keyword_prior"": 0.003357, ""lexical_support"": 0.0}, {""l3_id"": ""G_INT_SEX"", ""em_score"": 0.660693, ""hybrid_score"": 0.664141, ""keyword_prior"": 0.003448, ""lexical_support"": 0.0}, {""l3_id"": ""G_INT_VALUE"", ""em_score"": 0.659937, ""hybrid_score"": 0.66389, ""keyword_prior"": 0.003953, ""lexical_support"": 0.0}]"
SRC-G-0219,General,RAI4-0368,도덕적 다양성 압축,Moral diversity compression,G_INT_VALUE,EM,0.68466,0.648762,0.700195,0.0,,"[{""l3_id"": ""G_INT_VALUE"", ""em_score"": 0.68466, ""hybrid_score"": 0.700195, ""keyword_prior"": 0.015534, ""lexical_support"": 0.0}, {""l3_id"": ""G_SYS_OREF"", ""em_score"": 0.64549, ""hybrid_score"": 0.653313, ""keyword_prior"": 0.007823, ""lexical_support"": 0.0}, {""l3_id"": ""G_SOC_POWER"", ""em_score"": 0.594889, ""hybrid_score"": 0.600868, ""keyword_prior"": 0.005979, ""lexical_support"": 0.0}, {""l3_id"": ""G_SOC_CULT"", ""em_score"": 0.594261, ""hybrid_score"": 0.600269, ""keyword_prior"": 0.006009, ""lexical_support"": 0.0}, {""l3_id"": ""G_SYS_INCONS"", ""em_score"": 0.597907, ""hybrid_score"": 0.599266, ""keyword_prior"": 0.001359, ""lexical_support"": 0.0}]"
SRC-G-0220,General,RAI4-0403,도덕적 프레이밍을 통한 AI 조작,AI manipulation through moral framing,G_INT_UNETH,EM,0.824809,0.798315,1.156016,0.3,G_INT_UNETH,"[{""l3_id"": ""G_INT_UNETH"", ""em_score"": 0.824809, ""hybrid_score"": 1.156016, ""keyword_prior"": 0.331208, ""lexical_support"": 0.3}, {""l3_id"": ""G_SYS_MISINFO"", ""em_score"": 0.737731, ""hybrid_score"": 0.739338, ""keyword_prior"": 0.001607, ""lexical_support"": 0.0}, {""l3_id"": ""G_SYS_OEXT"", ""em_score"": 0.737373, ""hybrid_score"": 0.73812, ""keyword_prior"": 0.000746, ""lexical_support"": 0.0}, {""l3_id"": ""G_INT_VALUE"", ""em_score"": 0.73426, ""hybrid_score"": 0.737416, ""keyword_prior"": 0.003155, ""lexical_support"": 0.0}, {""l3_id"": ""G_SYS_CONTEST"", ""em_score"": 0.71542, ""hybrid_score"": 0.72073, ""keyword_prior"": 0.00531, ""lexical_support"": 0.0}]"
SRC-G-0221,General,RAI4-0422,도덕적 세계관 배제,Moral-worldview exclusion,G_Others,HD,0.644894,0.611835,0.659941,0.0,,"[{""l3_id"": ""G_INT_VALUE"", ""em_score"": 0.644894, ""hybrid_score"": 0.659941, ""keyword_prior"": 0.015047, ""lexical_support"": 0.0}, {""l3_id"": ""G_INT_UNETH"", ""em_score"": 0.624531, ""hybrid_score"": 0.63287, ""keyword_prior"": 0.008339, ""lexical_support"": 0.0}, {""l3_id"": ""G_SYS_OREF"", ""em_score"": 0.626715, ""hybrid_score"": 0.631496, ""keyword_prior"": 0.004781, ""lexical_support"": 0.0}, {""l3_id"": ""G_SYS_EVAL"", ""em_score"": 0.597626, ""hybrid_score"": 0.600395, ""keyword_prior"": 0.002769, ""lexical_support"": 0.1}, {""l3_id"": ""G_SYS_CONTEXT"", ""em_score"": 0.593436, ""hybrid_score"": 0.592956, ""keyword_prior"": -0.000479, ""lexical_support"": 0.0}]"
SRC-G-0222,General,RAI4-0529,시스템 사용·오용에 따른 정치·경제 불안정,Political and economic destabilization from system misuse,G_Others,HD,0.735985,0.712864,0.760673,0.2,,"[{""l3_id"": ""G_SOC_POWER"", ""em_score"": 0.735985, ""hybrid_score"": 0.760673, ""keyword_prior"": 0.024688, ""lexical_support"": 0.2}, {""l3_id"": ""G_SOC_ECON"", ""em_score"": 0.730381, ""hybrid_score"": 0.760444, ""keyword_prior"": 0.030063, ""lexical_support"": 0.3}, {""l3_id"": ""G_INT_POL"", ""em_score"": 0.706599, ""hybrid_score"": 0.731976, ""keyword_prior"": 0.025377, ""lexical_support"": 0.3}, {""l3_id"": ""G_SYS_TRANS"", ""em_score"": 0.713517, ""hybrid_score"": 0.717854, ""keyword_prior"": 0.004338, ""lexical_support"": 0.0}, {""l3_id"": ""G_SOC_DEMOC"", ""em_score"": 0.708237, ""hybrid_score"": 0.716382, ""keyword_prior"": 0.008145, ""lexical_support"": 0.0}]"
SRC-G-0223,General,RAI4-0939,모델의 극단적·편향적 견해 표출,Expression of extremist and politically biased views,G_INT_POL,EM,0.737178,0.717222,0.765826,0.3,,"[{""l3_id"": ""G_INT_POL"", ""em_score"": 0.737178, ""hybrid_score"": 0.765826, ""keyword_prior"": 0.028648, ""lexical_support"": 0.3}, {""l3_id"": ""G_SYS_INCONS"", ""em_score"": 0.674096, ""hybrid_score"": 0.678708, ""keyword_prior"": 0.004612, ""lexical_support"": 0.0}, {""l3_id"": ""G_SYS_OREF"", ""em_score"": 0.673715, ""hybrid_score"": 0.677415, ""keyword_prior"": 0.0037, ""lexical_support"": 0.0}, {""l3_id"": ""G_INT_VALUE"", ""em_score"": 0.651662, ""hybrid_score"": 0.660769, ""keyword_prior"": 0.009108, ""lexical_support"": 0.0}, {""l3_id"": ""G_SYS_OEXT"", ""em_score"": 0.652652, ""hybrid_score"": 0.655278, ""keyword_prior"": 0.002626, ""lexical_support"": 0.0}]"
SRC-G-0224,General,RAI4-1158,대규모 설득 능력,Large-scale persuasion capability,G_Others,HD,0.666848,0.636801,0.676574,0.0,,"[{""l3_id"": ""G_SYS_OEXT"", ""em_score"": 0.666848, ""hybrid_score"": 0.676574, ""keyword_prior"": 0.009726, ""lexical_support"": 0.0}, {""l3_id"": ""G_SYS_MISINFO"", ""em_score"": 0.666399, ""hybrid_score"": 0.675269, ""keyword_prior"": 0.00887, ""lexical_support"": 0.0}, {""l3_id"": ""G_SYS_OREF"", ""em_score"": 0.655914, ""hybrid_score"": 0.661919, ""keyword_prior"": 0.006005, ""lexical_support"": 0.0}, {""l3_id"": ""G_INT_UNETH"", ""em_score"": 0.62795, ""hybrid_score"": 0.642351, ""keyword_prior"": 0.014401, ""lexical_support"": 0.1}, {""l3_id"": ""G_SYS_INCONS"", ""em_score"": 0.630465, ""hybrid_score"": 0.632869, ""keyword_prior"": 0.002404, ""lexical_support"": 0.0}]"
SRC-G-0225,General,RAI4-1159,정치적 영향 전략 역량의 오용,Misuse of political influence strategy capability,G_INT_POL,EM,0.740243,0.714023,0.806576,0.8,,"[{""l3_id"": ""G_INT_POL"", ""em_score"": 0.740243, ""hybrid_score"": 0.806576, ""keyword_prior"": 0.066333, ""lexical_support"": 0.8}, {""l3_id"": ""G_SYS_OEXT"", ""em_score"": 0.677342, ""hybrid_score"": 0.687918, ""keyword_prior"": 0.010576, ""lexical_support"": 0.1}, {""l3_id"": ""G_SYS_MISINFO"", ""em_score"": 0.672828, ""hybrid_score"": 0.677941, ""keyword_prior"": 0.005113, ""lexical_support"": 0.0}, {""l3_id"": ""G_SOC_POWER"", ""em_score"": 0.668629, ""hybrid_score"": 0.676791, ""keyword_prior"": 0.008162, ""lexical_support"": 0.0}, {""l3_id"": ""G_SOC_DEMOC"", ""em_score"": 0.648414, ""hybrid_score"": 0.656501, ""keyword_prior"": 0.008087, ""lexical_support"": 0.0}]"
SRC-G-0226,General,RAI4-0433,생체인식 식별·추적에 의한 프라이버시 침해,Biometric identification and tracking privacy harms,G_INT_PRIV,EM,0.797577,0.776436,0.83422,0.3,,"[{""l3_id"": ""G_INT_PRIV"", ""em_score"": 0.797577, ""hybrid_score"": 0.83422, ""keyword_prior"": 0.036643, ""lexical_support"": 0.3}, {""l3_id"": ""G_SOC_GOV"", ""em_score"": 0.659536, ""hybrid_score"": 0.658544, ""keyword_prior"": -0.000993, ""lexical_support"": 0.0}, {""l3_id"": ""G_INT_UNETH"", ""em_score"": 0.652866, ""hybrid_score"": 0.656434, ""keyword_prior"": 0.003568, ""lexical_support"": 0.0}, {""l3_id"": ""G_SYS_TRANS"", ""em_score"": 0.64404, ""hybrid_score"": 0.643987, ""keyword_prior"": -5.3e-05, ""lexical_support"": 0.0}, {""l3_id"": ""G_SOC_CULT"", ""em_score"": 0.638999, ""hybrid_score"": 0.637117, ""keyword_prior"": -0.001883, ""lexical_support"": 0.0}]"
SRC-G-0227,General,RAI4-0652,개인화 정보 악용 표적 사기,Targeted fraud exploiting personalized information,G_SYS_MISINFO,EM,0.705823,0.66967,0.723064,0.1,,"[{""l3_id"": ""G_SYS_MISINFO"", ""em_score"": 0.705823, ""hybrid_score"": 0.723064, ""keyword_prior"": 0.017242, ""lexical_support"": 0.1}, {""l3_id"": ""G_INT_ILLEGAL"", ""em_score"": 0.6682, ""hybrid_score"": 0.694893, ""keyword_prior"": 0.026693, ""lexical_support"": 0.3}, {""l3_id"": ""G_INT_UNETH"", ""em_score"": 0.663945, ""hybrid_score"": 0.667369, ""keyword_prior"": 0.003424, ""lexical_support"": 0.0}, {""l3_id"": ""G_SYS_OREF"", ""em_score"": 0.646193, ""hybrid_score"": 0.649755, ""keyword_prior"": 0.003563, ""lexical_support"": 0.0}, {""l3_id"": ""G_SOC_POWER"", ""em_score"": 0.63267, ""hybrid_score"": 0.633501, ""keyword_prior"": 0.000831, ""lexical_support"": 0.0}]"
SRC-G-0228,General,RAI4-0734,기밀정보 무단 공유에 따른 사업 손실,Business loss from unauthorised sharing of confidential information,G_Others,HD,0.686843,0.649662,0.694564,0.0,,"[{""l3_id"": ""G_SYS_TRANS"", ""em_score"": 0.686843, ""hybrid_score"": 0.694564, ""keyword_prior"": 0.007721, ""lexical_support"": 0.0}, {""l3_id"": ""G_SYS_OREF"", ""em_score"": 0.675748, ""hybrid_score"": 0.680596, ""keyword_prior"": 0.004847, ""lexical_support"": 0.0}, {""l3_id"": ""G_SYS_MISINFO"", ""em_score"": 0.667948, ""hybrid_score"": 0.678276, ""keyword_prior"": 0.010329, ""lexical_support"": 0.1}, {""l3_id"": ""G_SYS_INCONS"", ""em_score"": 0.655788, ""hybrid_score"": 0.658505, ""keyword_prior"": 0.002717, ""lexical_support"": 0.0}, {""l3_id"": ""G_SOC_GOV"", ""em_score"": 0.636518, ""hybrid_score"": 0.643577, ""keyword_prior"": 0.007059, ""lexical_support"": 0.0}]"
SRC-G-0229,General,RAI4-0739,산출물을 통한 민감 개인·사업 정보 노출,Exposure of sensitive personal and business information through outputs,G_INT_PRIV,EM,0.770361,0.739001,0.801124,0.3,,"[{""l3_id"": ""G_INT_PRIV"", ""em_score"": 0.770361, ""hybrid_score"": 0.801124, ""keyword_prior"": 0.030764, ""lexical_support"": 0.3}, {""l3_id"": ""G_SYS_TRANS"", ""em_score"": 0.740239, ""hybrid_score"": 0.747274, ""keyword_prior"": 0.007036, ""lexical_support"": 0.0}, {""l3_id"": ""G_SYS_MISINFO"", ""em_score"": 0.732415, ""hybrid_score"": 0.738344, ""keyword_prior"": 0.005929, ""lexical_support"": 0.1}, {""l3_id"": ""G_SYS_OEXT"", ""em_score"": 0.708704, ""hybrid_score"": 0.723107, ""keyword_prior"": 0.014403, ""lexical_support"": 0.2}, {""l3_id"": ""G_INT_UNETH"", ""em_score"": 0.706625, ""hybrid_score"": 0.708513, ""keyword_prior"": 0.001888, ""lexical_support"": 0.0}]"
SRC-G-0230,General,RAI4-0741,개인정보 보호조치 미흡,Inadequate personal-data protection,G_INT_PRIV,EM,0.69978,0.672603,0.738286,0.4,,"[{""l3_id"": ""G_INT_PRIV"", ""em_score"": 0.69978, ""hybrid_score"": 0.738286, ""keyword_prior"": 0.038505, ""lexical_support"": 0.4}, {""l3_id"": ""G_SYS_OREF"", ""em_score"": 0.689414, ""hybrid_score"": 0.696299, ""keyword_prior"": 0.006885, ""lexical_support"": 0.0}, {""l3_id"": ""G_SYS_TRANS"", ""em_score"": 0.680013, ""hybrid_score"": 0.684839, ""keyword_prior"": 0.004825, ""lexical_support"": 0.0}, {""l3_id"": ""G_SYS_EVAL"", ""em_score"": 0.669768, ""hybrid_score"": 0.679085, ""keyword_prior"": 0.009317, ""lexical_support"": 0.1}, {""l3_id"": ""G_SYS_INPUT"", ""em_score"": 0.662359, ""hybrid_score"": 0.673402, ""keyword_prior"": 0.011042, ""lexical_support"": 0.1}]"
SRC-G-0231,General,RAI4-0761,익명화된 데이터의 재식별,Re-identification of anonymized data,G_INT_PRIV,EM,0.682099,0.650207,1.021365,0.5,G_INT_PRIV,"[{""l3_id"": ""G_INT_PRIV"", ""em_score"": 0.682099, ""hybrid_score"": 1.021365, ""keyword_prior"": 0.339267, ""lexical_support"": 0.5}, {""l3_id"": ""G_SYS_MISINFO"", ""em_score"": 0.608741, ""hybrid_score"": 0.612377, ""keyword_prior"": 0.003636, ""lexical_support"": 0.0}, {""l3_id"": ""G_INT_VALUE"", ""em_score"": 0.599213, ""hybrid_score"": 0.607556, ""keyword_prior"": 0.008342, ""lexical_support"": 0.0}, {""l3_id"": ""G_SYS_INCONS"", ""em_score"": 0.601002, ""hybrid_score"": 0.603367, ""keyword_prior"": 0.002364, ""lexical_support"": 0.0}, {""l3_id"": ""G_SYS_OREF"", ""em_score"": 0.60459, ""hybrid_score"": 0.601717, ""keyword_prior"": -0.002873, ""lexical_support"": 0.0}]"
SRC-G-0232,General,RAI4-0922,학습 코퍼스 내 개인정보 혼입,Private data contamination of training corpora,G_INT_PRIV,EM,0.696498,0.662837,0.734624,0.3,,"[{""l3_id"": ""G_INT_PRIV"", ""em_score"": 0.696498, ""hybrid_score"": 0.734623, ""keyword_prior"": 0.038126, ""lexical_support"": 0.3}, {""l3_id"": ""G_SYS_MISINFO"", ""em_score"": 0.618627, ""hybrid_score"": 0.62687, ""keyword_prior"": 0.008244, ""lexical_support"": 0.1}, {""l3_id"": ""G_SYS_INPUT"", ""em_score"": 0.617859, ""hybrid_score"": 0.623272, ""keyword_prior"": 0.005413, ""lexical_support"": 0.0}, {""l3_id"": ""G_INT_UNETH"", ""em_score"": 0.602053, ""hybrid_score"": 0.602327, ""keyword_prior"": 0.000274, ""lexical_support"": 0.0}, {""l3_id"": ""G_SYS_OEXT"", ""em_score"": 0.595835, ""hybrid_score"": 0.599931, ""keyword_prior"": 0.004096, ""lexical_support"": 0.0}]"
SRC-G-0233,General,RAI4-1062,챗봇에 의한 사적 정보 유도와 유출,Elicitation and disclosure of private information by chatbots,G_INT_PRIV,EM,0.72499,0.692972,0.752573,0.2,,"[{""l3_id"": ""G_INT_PRIV"", ""em_score"": 0.72499, ""hybrid_score"": 0.752573, ""keyword_prior"": 0.027583, ""lexical_support"": 0.2}, {""l3_id"": ""G_INT_ANTH"", ""em_score"": 0.69463, ""hybrid_score"": 0.718875, ""keyword_prior"": 0.024245, ""lexical_support"": 0.2}, {""l3_id"": ""G_SYS_MISINFO"", ""em_score"": 0.688901, ""hybrid_score"": 0.696692, ""keyword_prior"": 0.007791, ""lexical_support"": 0.1}, {""l3_id"": ""G_INT_UNETH"", ""em_score"": 0.678291, ""hybrid_score"": 0.683793, ""keyword_prior"": 0.005503, ""lexical_support"": 0.0}, {""l3_id"": ""G_SYS_TRANS"", ""em_score"": 0.67821, ""hybrid_score"": 0.678776, ""keyword_prior"": 0.000566, ""lexical_support"": 0.0}]"
SRC-G-0234,General,RAI4-1139,비서 유도 개인정보 노출,Assistant-induced privacy disclosure,G_INT_PRIV,EM,0.74422,0.713985,0.79233,0.6,,"[{""l3_id"": ""G_INT_PRIV"", ""em_score"": 0.74422, ""hybrid_score"": 0.79233, ""keyword_prior"": 0.04811, ""lexical_support"": 0.6}, {""l3_id"": ""G_SYS_MISINFO"", ""em_score"": 0.678451, ""hybrid_score"": 0.692237, ""keyword_prior"": 0.013786, ""lexical_support"": 0.1}, {""l3_id"": ""G_INT_UNETH"", ""em_score"": 0.671308, ""hybrid_score"": 0.681329, ""keyword_prior"": 0.010021, ""lexical_support"": 0.1}, {""l3_id"": ""G_INT_ALLOC"", ""em_score"": 0.658331, ""hybrid_score"": 0.674069, ""keyword_prior"": 0.015738, ""lexical_support"": 0.2}, {""l3_id"": ""G_SYS_OREF"", ""em_score"": 0.662824, ""hybrid_score"": 0.665537, ""keyword_prior"": 0.002713, ""lexical_support"": 0.0}]"
SRC-G-0235,General,RAI4-1169,프라이버시·재산 정보 오처리,Privacy and property information mishandling,G_INT_PRIV,EM,0.71589,0.684489,0.747434,0.3,,"[{""l3_id"": ""G_INT_PRIV"", ""em_score"": 0.71589, ""hybrid_score"": 0.747434, ""keyword_prior"": 0.031543, ""lexical_support"": 0.3}, {""l3_id"": ""G_SYS_MISINFO"", ""em_score"": 0.687466, ""hybrid_score"": 0.699209, ""keyword_prior"": 0.011743, ""lexical_support"": 0.1}, {""l3_id"": ""G_SYS_OREF"", ""em_score"": 0.67619, ""hybrid_score"": 0.679635, ""keyword_prior"": 0.003445, ""lexical_support"": 0.0}, {""l3_id"": ""G_INT_UNETH"", ""em_score"": 0.672598, ""hybrid_score"": 0.674133, ""keyword_prior"": 0.001535, ""lexical_support"": 0.0}, {""l3_id"": ""G_SYS_TRANS"", ""em_score"": 0.666679, ""hybrid_score"": 0.66675, ""keyword_prior"": 7.1e-05, ""lexical_support"": 0.0}]"
SRC-G-0236,General,RAI4-1207,개인정보 스크래핑 학습,Personal-data scraping for training,G_INT_PRIV,EM,0.745991,0.716274,0.779632,0.3,,"[{""l3_id"": ""G_INT_PRIV"", ""em_score"": 0.745991, ""hybrid_score"": 0.779632, ""keyword_prior"": 0.033641, ""lexical_support"": 0.3}, {""l3_id"": ""G_SYS_MISINFO"", ""em_score"": 0.688307, ""hybrid_score"": 0.695673, ""keyword_prior"": 0.007365, ""lexical_support"": 0.1}, {""l3_id"": ""G_INT_SEX"", ""em_score"": 0.673984, ""hybrid_score"": 0.680737, ""keyword_prior"": 0.006753, ""lexical_support"": 0.0}, {""l3_id"": ""G_SYS_CONTEST"", ""em_score"": 0.675091, ""hybrid_score"": 0.677372, ""keyword_prior"": 0.002282, ""lexical_support"": 0.0}, {""l3_id"": ""G_SOC_POWER"", ""em_score"": 0.674853, ""hybrid_score"": 0.674124, ""keyword_prior"": -0.000729, ""lexical_support"": 0.0}]"
SRC-G-0237,General,RAI4-1273,광범위한 개인정보 투입,Pervasive personal-data ingestion,G_INT_PRIV,EM,0.686708,0.657224,0.720843,0.3,,"[{""l3_id"": ""G_INT_PRIV"", ""em_score"": 0.686708, ""hybrid_score"": 0.720843, ""keyword_prior"": 0.034135, ""lexical_support"": 0.3}, {""l3_id"": ""G_SYS_INPUT"", ""em_score"": 0.624434, ""hybrid_score"": 0.627842, ""keyword_prior"": 0.003408, ""lexical_support"": 0.0}, {""l3_id"": ""G_SYS_MISINFO"", ""em_score"": 0.607986, ""hybrid_score"": 0.615816, ""keyword_prior"": 0.00783, ""lexical_support"": 0.1}, {""l3_id"": ""G_SYS_OREF"", ""em_score"": 0.600859, ""hybrid_score"": 0.604853, ""keyword_prior"": 0.003994, ""lexical_support"": 0.0}, {""l3_id"": ""G_SOC_CULT"", ""em_score"": 0.588298, ""hybrid_score"": 0.588918, ""keyword_prior"": 0.000619, ""lexical_support"": 0.0}]"
SRC-G-0238,General,RAI4-1364,보호장치 없는 개인정보 수집,Personal information collection without safeguards,G_INT_PRIV,EM,0.693452,0.662184,0.741293,0.5,,"[{""l3_id"": ""G_INT_PRIV"", ""em_score"": 0.693452, ""hybrid_score"": 0.741293, ""keyword_prior"": 0.047841, ""lexical_support"": 0.5}, {""l3_id"": ""G_SYS_POLICY"", ""em_score"": 0.644255, ""hybrid_score"": 0.652644, ""keyword_prior"": 0.00839, ""lexical_support"": 0.0}, {""l3_id"": ""G_SYS_MISINFO"", ""em_score"": 0.607979, ""hybrid_score"": 0.616495, ""keyword_prior"": 0.008516, ""lexical_support"": 0.1}, {""l3_id"": ""G_SYS_INPUT"", ""em_score"": 0.605477, ""hybrid_score"": 0.608326, ""keyword_prior"": 0.002849, ""lexical_support"": 0.0}, {""l3_id"": ""G_SYS_OREF"", ""em_score"": 0.588246, ""hybrid_score"": 0.58923, ""keyword_prior"": 0.000984, ""lexical_support"": 0.0}]"
SRC-G-0239,General,RAI4-1444,사생활·개인정보 부당 노출,Unwarranted exposure of private life and personal data,G_INT_PRIV,EM,0.773677,0.748247,0.823672,0.6,,"[{""l3_id"": ""G_INT_PRIV"", ""em_score"": 0.773677, ""hybrid_score"": 0.823672, ""keyword_prior"": 0.049995, ""lexical_support"": 0.6}, {""l3_id"": ""G_SYS_SECADV"", ""em_score"": 0.701417, ""hybrid_score"": 0.737553, ""keyword_prior"": 0.036135, ""lexical_support"": 0.5}, {""l3_id"": ""G_SYS_OREF"", ""em_score"": 0.720856, ""hybrid_score"": 0.72637, ""keyword_prior"": 0.005514, ""lexical_support"": 0.0}, {""l3_id"": ""G_INT_UNETH"", ""em_score"": 0.711868, ""hybrid_score"": 0.714155, ""keyword_prior"": 0.002287, ""lexical_support"": 0.0}, {""l3_id"": ""G_SYS_MISINFO"", ""em_score"": 0.696114, ""hybrid_score"": 0.701883, ""keyword_prior"": 0.005769, ""lexical_support"": 0.1}]"
SRC-G-0240,General,RAI4-1581,위장 계정 자동 운영에 의한 정보환경 조작,Information-environment manipulation through automated sockpuppet accounts,G_Others,HD,0.695308,0.666671,0.717125,0.1,,"[{""l3_id"": ""G_SYS_MISINFO"", ""em_score"": 0.695308, ""hybrid_score"": 0.717125, ""keyword_prior"": 0.021817, ""lexical_support"": 0.1}, {""l3_id"": ""G_INT_UNETH"", ""em_score"": 0.679482, ""hybrid_score"": 0.711806, ""keyword_prior"": 0.032324, ""lexical_support"": 0.3}, {""l3_id"": ""G_SYS_OREF"", ""em_score"": 0.617965, ""hybrid_score"": 0.621204, ""keyword_prior"": 0.00324, ""lexical_support"": 0.0}, {""l3_id"": ""G_SYS_OEXT"", ""em_score"": 0.613029, ""hybrid_score"": 0.617365, ""keyword_prior"": 0.004335, ""lexical_support"": 0.0}, {""l3_id"": ""G_SYS_TRANS"", ""em_score"": 0.600745, ""hybrid_score"": 0.598077, ""keyword_prior"": -0.002667, ""lexical_support"": 0.0}]"
SRC-G-0241,General,RAI4-1722,존엄 침해적 프라이버시 피해,Dignity-eroding privacy harms,G_INT_PRIV,EM,0.766414,0.744367,0.806909,0.4,,"[{""l3_id"": ""G_INT_PRIV"", ""em_score"": 0.766414, ""hybrid_score"": 0.806909, ""keyword_prior"": 0.040495, ""lexical_support"": 0.4}, {""l3_id"": ""G_SYS_OREF"", ""em_score"": 0.653314, ""hybrid_score"": 0.654278, ""keyword_prior"": 0.000964, ""lexical_support"": 0.0}, {""l3_id"": ""G_INT_UNETH"", ""em_score"": 0.644822, ""hybrid_score"": 0.647182, ""keyword_prior"": 0.00236, ""lexical_support"": 0.0}, {""l3_id"": ""G_SYS_TRANS"", ""em_score"": 0.628106, ""hybrid_score"": 0.626941, ""keyword_prior"": -0.001164, ""lexical_support"": 0.0}, {""l3_id"": ""G_SOC_CULT"", ""em_score"": 0.6266, ""hybrid_score"": 0.626613, ""keyword_prior"": 1.3e-05, ""lexical_support"": 0.0}]"
SRC-G-0242,General,RAI4-0653,LLM 남용에 의한 학업 부정행위,Academic misconduct from LLM misuse,G_INT_UNETH,EM,0.674798,0.644868,0.680329,0.0,,"[{""l3_id"": ""G_INT_UNETH"", ""em_score"": 0.674798, ""hybrid_score"": 0.680329, ""keyword_prior"": 0.005531, ""lexical_support"": 0.0}, {""l3_id"": ""G_SYS_MISINFO"", ""em_score"": 0.637841, ""hybrid_score"": 0.643373, ""keyword_prior"": 0.005532, ""lexical_support"": 0.0}, {""l3_id"": ""G_SYS_OREF"", ""em_score"": 0.634133, ""hybrid_score"": 0.640188, ""keyword_prior"": 0.006055, ""lexical_support"": 0.0}, {""l3_id"": ""G_SOC_POWER"", ""em_score"": 0.639795, ""hybrid_score"": 0.640018, ""keyword_prior"": 0.000223, ""lexical_support"": 0.0}, {""l3_id"": ""G_SYS_INCONS"", ""em_score"": 0.636337, ""hybrid_score"": 0.637926, ""keyword_prior"": 0.001589, ""lexical_support"": 0.0}]"
SRC-G-0243,General,RAI4-1059,사기·표적 스캠 조장,Fraud and targeted-scam facilitation,G_INT_ILLEGAL,EM,0.66833,0.639384,0.721506,0.6,,"[{""l3_id"": ""G_INT_ILLEGAL"", ""em_score"": 0.66833, ""hybrid_score"": 0.721506, ""keyword_prior"": 0.053176, ""lexical_support"": 0.6}, {""l3_id"": ""G_SYS_MISINFO"", ""em_score"": 0.638365, ""hybrid_score"": 0.647375, ""keyword_prior"": 0.00901, ""lexical_support"": 0.0}, {""l3_id"": ""G_INT_UNETH"", ""em_score"": 0.637062, ""hybrid_score"": 0.646571, ""keyword_prior"": 0.009509, ""lexical_support"": 0.0}, {""l3_id"": ""G_SOC_POWER"", ""em_score"": 0.625839, ""hybrid_score"": 0.632446, ""keyword_prior"": 0.006607, ""lexical_support"": 0.0}, {""l3_id"": ""G_SYS_OEXT"", ""em_score"": 0.607975, ""hybrid_score"": 0.607907, ""keyword_prior"": -6.8e-05, ""lexical_support"": 0.0}]"
SRC-G-0244,General,RAI4-1060,불법적 대중 감시·검열,Illegitimate mass surveillance and censorship,G_INT_PRIV,EM,0.671331,0.641204,0.719402,0.6,,"[{""l3_id"": ""G_INT_PRIV"", ""em_score"": 0.671331, ""hybrid_score"": 0.719402, ""keyword_prior"": 0.048071, ""lexical_support"": 0.6}, {""l3_id"": ""G_INT_ILLEGAL"", ""em_score"": 0.665218, ""hybrid_score"": 0.694339, ""keyword_prior"": 0.029121, ""lexical_support"": 0.3}, {""l3_id"": ""G_SYS_TRANS"", ""em_score"": 0.652717, ""hybrid_score"": 0.656216, ""keyword_prior"": 0.003499, ""lexical_support"": 0.0}, {""l3_id"": ""G_INT_UNETH"", ""em_score"": 0.633057, ""hybrid_score"": 0.647033, ""keyword_prior"": 0.013976, ""lexical_support"": 0.2}, {""l3_id"": ""G_INT_POL"", ""em_score"": 0.635989, ""hybrid_score"": 0.641988, ""keyword_prior"": 0.005999, ""lexical_support"": 0.0}]"
SRC-G-0245,General,RAI4-1076,비윤리적 행위 옹호에 의한 유해 행동 유도,Endorsement of unethical conduct inducing harmful user action,G_INT_UNETH,EM,0.762922,0.740456,0.80844,0.5,,"[{""l3_id"": ""G_INT_UNETH"", ""em_score"": 0.762922, ""hybrid_score"": 0.80844, ""keyword_prior"": 0.045518, ""lexical_support"": 0.5}, {""l3_id"": ""G_INT_ILLEGAL"", ""em_score"": 0.689393, ""hybrid_score"": 0.735485, ""keyword_prior"": 0.046092, ""lexical_support"": 0.5}, {""l3_id"": ""G_SYS_OREF"", ""em_score"": 0.685516, ""hybrid_score"": 0.6918, ""keyword_prior"": 0.006285, ""lexical_support"": 0.0}, {""l3_id"": ""G_SYS_OEXT"", ""em_score"": 0.648958, ""hybrid_score"": 0.648432, ""keyword_prior"": -0.000526, ""lexical_support"": 0.0}, {""l3_id"": ""G_SYS_TRANS"", ""em_score"": 0.64624, ""hybrid_score"": 0.640779, ""keyword_prior"": -0.005461, ""lexical_support"": 0.0}]"
SRC-G-0246,General,RAI4-1192,자동화된 선전과 대규모 영향 공작,Automated propaganda and scaled influence operations,G_SYS_MISINFO,EM,0.693493,0.658186,0.699451,0.0,,"[{""l3_id"": ""G_SYS_MISINFO"", ""em_score"": 0.693493, ""hybrid_score"": 0.699451, ""keyword_prior"": 0.005958, ""lexical_support"": 0.0}, {""l3_id"": ""G_INT_UNETH"", ""em_score"": 0.666465, ""hybrid_score"": 0.668984, ""keyword_prior"": 0.002519, ""lexical_support"": 0.1}, {""l3_id"": ""G_SOC_DEMOC"", ""em_score"": 0.64662, ""hybrid_score"": 0.648603, ""keyword_prior"": 0.001983, ""lexical_support"": 0.0}, {""l3_id"": ""G_INT_VALUE"", ""em_score"": 0.615826, ""hybrid_score"": 0.619557, ""keyword_prior"": 0.003731, ""lexical_support"": 0.0}, {""l3_id"": ""G_SOC_POWER"", ""em_score"": 0.614635, ""hybrid_score"": 0.619276, ""keyword_prior"": 0.004641, ""lexical_support"": 0.0}]"
SRC-G-0247,General,RAI4-1320,지속적 기만 수행에 의한 이용자 판단 왜곡,User judgement distortion through sustained model deception,G_SYS_MISINFO,EM,0.736057,0.704291,0.751308,0.0,,"[{""l3_id"": ""G_SYS_MISINFO"", ""em_score"": 0.736057, ""hybrid_score"": 0.751308, ""keyword_prior"": 0.01525, ""lexical_support"": 0.0}, {""l3_id"": ""G_SYS_OEXT"", ""em_score"": 0.684902, ""hybrid_score"": 0.69901, ""keyword_prior"": 0.014108, ""lexical_support"": 0.1}, {""l3_id"": ""G_INT_UNETH"", ""em_score"": 0.676748, ""hybrid_score"": 0.689948, ""keyword_prior"": 0.0132, ""lexical_support"": 0.0}, {""l3_id"": ""G_SYS_OREF"", ""em_score"": 0.679407, ""hybrid_score"": 0.686912, ""keyword_prior"": 0.007505, ""lexical_support"": 0.0}, {""l3_id"": ""G_SYS_TRANS"", ""em_score"": 0.673816, ""hybrid_score"": 0.678292, ""keyword_prior"": 0.004476, ""lexical_support"": 0.0}]"
SRC-G-0248,General,RAI4-1435,시장점유 목적의 비윤리적 기술 사용,Unethical technology use for market share,G_INT_UNETH,EM,0.734486,0.712292,0.77922,0.5,,"[{""l3_id"": ""G_INT_UNETH"", ""em_score"": 0.734486, ""hybrid_score"": 0.77922, ""keyword_prior"": 0.044734, ""lexical_support"": 0.5}, {""l3_id"": ""G_SYS_OREF"", ""em_score"": 0.680237, ""hybrid_score"": 0.684067, ""keyword_prior"": 0.00383, ""lexical_support"": 0.0}, {""l3_id"": ""G_SOC_POWER"", ""em_score"": 0.655446, ""hybrid_score"": 0.663604, ""keyword_prior"": 0.008158, ""lexical_support"": 0.0}, {""l3_id"": ""G_SYS_OEXT"", ""em_score"": 0.642549, ""hybrid_score"": 0.644703, ""keyword_prior"": 0.002153, ""lexical_support"": 0.0}, {""l3_id"": ""G_SYS_INCONS"", ""em_score"": 0.642056, ""hybrid_score"": 0.641193, ""keyword_prior"": -0.000864, ""lexical_support"": 0.0}]"
SRC-G-0249,General,RAI4-1652,사이버·과학 영역에서의 LLM 이중용도 역량 악용,Misuse of dual-use LLM capabilities in cyber and scientific domains,G_SYS_SECADV,EM,0.690297,0.650574,0.735321,0.5,,"[{""l3_id"": ""G_SYS_SECADV"", ""em_score"": 0.690297, ""hybrid_score"": 0.735321, ""keyword_prior"": 0.045023, ""lexical_support"": 0.5}, {""l3_id"": ""G_SYS_OEXT"", ""em_score"": 0.667209, ""hybrid_score"": 0.682636, ""keyword_prior"": 0.015427, ""lexical_support"": 0.1}, {""l3_id"": ""G_INT_UNETH"", ""em_score"": 0.647244, ""hybrid_score"": 0.657559, ""keyword_prior"": 0.010315, ""lexical_support"": 0.1}, {""l3_id"": ""G_SYS_MISINFO"", ""em_score"": 0.637992, ""hybrid_score"": 0.639087, ""keyword_prior"": 0.001095, ""lexical_support"": 0.0}, {""l3_id"": ""G_SOC_POWER"", ""em_score"": 0.61767, ""hybrid_score"": 0.622333, ""keyword_prior"": 0.004663, ""lexical_support"": 0.0}]"
SRC-G-0250,General,RAI4-0628,지식재산권 및 인격권 침해,Infringement of intellectual property and personality rights,G_INT_COPY,EM,0.856404,0.82491,0.924227,0.8,,"[{""l3_id"": ""G_INT_COPY"", ""em_score"": 0.856404, ""hybrid_score"": 0.924227, ""keyword_prior"": 0.067824, ""lexical_support"": 0.8}, {""l3_id"": ""G_INT_UNETH"", ""em_score"": 0.739614, ""hybrid_score"": 0.740386, ""keyword_prior"": 0.000772, ""lexical_support"": 0.0}, {""l3_id"": ""G_SYS_OEXT"", ""em_score"": 0.718947, ""hybrid_score"": 0.734729, ""keyword_prior"": 0.015782, ""lexical_support"": 0.2}, {""l3_id"": ""G_SYS_CONTEST"", ""em_score"": 0.726662, ""hybrid_score"": 0.730084, ""keyword_prior"": 0.003421, ""lexical_support"": 0.0}, {""l3_id"": ""G_SOC_POWER"", ""em_score"": 0.726218, ""hybrid_score"": 0.725332, ""keyword_prior"": -0.000886, ""lexical_support"": 0.0}]"
SRC-G-0251,General,RAI4-0663,무단 표절 및 부정행위,Plagiarism and cheating without acknowledgement,G_INT_COPY,EM,0.726048,0.697887,0.757623,0.3,,"[{""l3_id"": ""G_INT_COPY"", ""em_score"": 0.726048, ""hybrid_score"": 0.757623, ""keyword_prior"": 0.031575, ""lexical_support"": 0.3}, {""l3_id"": ""G_SYS_OREF"", ""em_score"": 0.676953, ""hybrid_score"": 0.680998, ""keyword_prior"": 0.004045, ""lexical_support"": 0.0}, {""l3_id"": ""G_SYS_MISINFO"", ""em_score"": 0.666754, ""hybrid_score"": 0.674328, ""keyword_prior"": 0.007574, ""lexical_support"": 0.0}, {""l3_id"": ""G_INT_UNETH"", ""em_score"": 0.656276, ""hybrid_score"": 0.66219, ""keyword_prior"": 0.005914, ""lexical_support"": 0.0}, {""l3_id"": ""G_SYS_OEXT"", ""em_score"": 0.650823, ""hybrid_score"": 0.653134, ""keyword_prior"": 0.00231, ""lexical_support"": 0.0}]"
SRC-G-0252,General,RAI4-0667,위조 및 브랜드 사칭,Counterfeiting and brand impersonation,G_SYS_MISINFO,EM,0.659551,0.628257,0.66415,0.0,,"[{""l3_id"": ""G_SYS_MISINFO"", ""em_score"": 0.659551, ""hybrid_score"": 0.66415, ""keyword_prior"": 0.004599, ""lexical_support"": 0.0}, {""l3_id"": ""G_SYS_INCONS"", ""em_score"": 0.641616, ""hybrid_score"": 0.644368, ""keyword_prior"": 0.002752, ""lexical_support"": 0.0}, {""l3_id"": ""G_SYS_OREF"", ""em_score"": 0.624331, ""hybrid_score"": 0.626259, ""keyword_prior"": 0.001929, ""lexical_support"": 0.0}, {""l3_id"": ""G_INT_UNETH"", ""em_score"": 0.612339, ""hybrid_score"": 0.61693, ""keyword_prior"": 0.004592, ""lexical_support"": 0.0}, {""l3_id"": ""G_SYS_OEXT"", ""em_score"": 0.605726, ""hybrid_score"": 0.604735, ""keyword_prior"": -0.000991, ""lexical_support"": 0.0}]"
SRC-G-0253,General,RAI4-0740,프롬프트 내 지식재산 정보 포함,Intellectual property included in prompts,G_INT_COPY,EM,0.733962,0.713416,0.794421,0.7,,"[{""l3_id"": ""G_INT_COPY"", ""em_score"": 0.733962, ""hybrid_score"": 0.794421, ""keyword_prior"": 0.060459, ""lexical_support"": 0.7}, {""l3_id"": ""G_SYS_MISINFO"", ""em_score"": 0.588218, ""hybrid_score"": 0.596659, ""keyword_prior"": 0.008441, ""lexical_support"": 0.1}, {""l3_id"": ""G_SYS_OREF"", ""em_score"": 0.57808, ""hybrid_score"": 0.578427, ""keyword_prior"": 0.000348, ""lexical_support"": 0.0}, {""l3_id"": ""G_SYS_OEXT"", ""em_score"": 0.564625, ""hybrid_score"": 0.564668, ""keyword_prior"": 4.3e-05, ""lexical_support"": 0.0}, {""l3_id"": ""G_SYS_CONTEXT"", ""em_score"": 0.564126, ""hybrid_score"": 0.563136, ""keyword_prior"": -0.00099, ""lexical_support"": 0.0}]"
SRC-G-0254,General,RAI4-1066,합성 창작물에 의한 인간 창작 노동의 대체,Displacement of human creative work by synthetic substitutes,G_Others,HD,0.703428,0.676077,0.710959,0.0,,"[{""l3_id"": ""G_SOC_ECON"", ""em_score"": 0.703428, ""hybrid_score"": 0.710959, ""keyword_prior"": 0.007531, ""lexical_support"": 0.0}, {""l3_id"": ""G_INT_COPY"", ""em_score"": 0.668374, ""hybrid_score"": 0.701527, ""keyword_prior"": 0.033153, ""lexical_support"": 0.3}, {""l3_id"": ""G_SOC_CULT"", ""em_score"": 0.655474, ""hybrid_score"": 0.662, ""keyword_prior"": 0.006526, ""lexical_support"": 0.0}, {""l3_id"": ""G_SYS_CONTEST"", ""em_score"": 0.632109, ""hybrid_score"": 0.636822, ""keyword_prior"": 0.004713, ""lexical_support"": 0.0}, {""l3_id"": ""G_INT_UNETH"", ""em_score"": 0.631474, ""hybrid_score"": 0.631965, ""keyword_prior"": 0.000491, ""lexical_support"": 0.0}]"
SRC-G-0255,General,RAI4-1091,도용 및 착취,Misappropriation and exploitation,G_Others,HD,0.68793,0.650896,0.692225,0.0,,"[{""l3_id"": ""G_SYS_OREF"", ""em_score"": 0.68793, ""hybrid_score"": 0.692225, ""keyword_prior"": 0.004295, ""lexical_support"": 0.0}, {""l3_id"": ""G_SYS_MISINFO"", ""em_score"": 0.672691, ""hybrid_score"": 0.673732, ""keyword_prior"": 0.001041, ""lexical_support"": 0.0}, {""l3_id"": ""G_SOC_POWER"", ""em_score"": 0.664142, ""hybrid_score"": 0.668678, ""keyword_prior"": 0.004536, ""lexical_support"": 0.0}, {""l3_id"": ""G_SYS_OEXT"", ""em_score"": 0.661204, ""hybrid_score"": 0.662006, ""keyword_prior"": 0.000802, ""lexical_support"": 0.0}, {""l3_id"": ""G_INT_UNETH"", ""em_score"": 0.655658, ""hybrid_score"": 0.658362, ""keyword_prior"": 0.002703, ""lexical_support"": 0.0}]"
SRC-G-0256,General,RAI4-0446,화생방핵(CBRN) 계획 지원,CBRN assistance,G_INT_WEAP,EM,0.673234,0.635597,0.69102,0.0,,"[{""l3_id"": ""G_INT_WEAP"", ""em_score"": 0.673234, ""hybrid_score"": 0.69102, ""keyword_prior"": 0.017786, ""lexical_support"": 0.0}, {""l3_id"": ""G_SYS_OREF"", ""em_score"": 0.615949, ""hybrid_score"": 0.626543, ""keyword_prior"": 0.010594, ""lexical_support"": 0.0}, {""l3_id"": ""G_SYS_OEXT"", ""em_score"": 0.581094, ""hybrid_score"": 0.580879, ""keyword_prior"": -0.000215, ""lexical_support"": 0.0}, {""l3_id"": ""G_INT_UNETH"", ""em_score"": 0.580429, ""hybrid_score"": 0.579963, ""keyword_prior"": -0.000466, ""lexical_support"": 0.0}, {""l3_id"": ""G_SOC_ENV"", ""em_score"": 0.574192, ""hybrid_score"": 0.574618, ""keyword_prior"": 0.000426, ""lexical_support"": 0.0}]"
SRC-G-0257,General,RAI4-0646,국가·범죄 행위자에 의한 AI의 의도적 무기화,Deliberate weaponization of AI by state and criminal actors,G_INT_WEAP,EM,0.817731,0.794029,0.852815,0.4,,"[{""l3_id"": ""G_INT_WEAP"", ""em_score"": 0.817731, ""hybrid_score"": 0.852815, ""keyword_prior"": 0.035084, ""lexical_support"": 0.4}, {""l3_id"": ""G_INT_ILLEGAL"", ""em_score"": 0.76122, ""hybrid_score"": 0.778895, ""keyword_prior"": 0.017676, ""lexical_support"": 0.1}, {""l3_id"": ""G_INT_VIOL"", ""em_score"": 0.747997, ""hybrid_score"": 0.766823, ""keyword_prior"": 0.018827, ""lexical_support"": 0.2}, {""l3_id"": ""G_INT_UNETH"", ""em_score"": 0.718616, ""hybrid_score"": 0.724805, ""keyword_prior"": 0.006189, ""lexical_support"": 0.0}, {""l3_id"": ""G_SOC_POWER"", ""em_score"": 0.698795, ""hybrid_score"": 0.699368, ""keyword_prior"": 0.000573, ""lexical_support"": 0.0}]"
SRC-G-0258,General,RAI4-0662,CBRN 정보·설계 역량 접근 용이화,Eased access to CBRN weapon information and design capability,G_INT_WEAP,EM,0.749294,0.715272,0.802104,0.6,,"[{""l3_id"": ""G_INT_WEAP"", ""em_score"": 0.749294, ""hybrid_score"": 0.802104, ""keyword_prior"": 0.052809, ""lexical_support"": 0.6}, {""l3_id"": ""G_SYS_OREF"", ""em_score"": 0.696297, ""hybrid_score"": 0.702352, ""keyword_prior"": 0.006055, ""lexical_support"": 0.0}, {""l3_id"": ""G_SYS_OEXT"", ""em_score"": 0.661409, ""hybrid_score"": 0.66974, ""keyword_prior"": 0.008332, ""lexical_support"": 0.1}, {""l3_id"": ""G_SYS_MISINFO"", ""em_score"": 0.656409, ""hybrid_score"": 0.661529, ""keyword_prior"": 0.00512, ""lexical_support"": 0.1}, {""l3_id"": ""G_INT_UNETH"", ""em_score"": 0.649468, ""hybrid_score"": 0.649017, ""keyword_prior"": -0.000451, ""lexical_support"": 0.0}]"
SRC-G-0259,General,RAI4-0664,화학무기 합성 및 유해물질 방출 조력,Chemical weapon synthesis and hazardous substance release,G_INT_WEAP,EM,0.693696,0.656979,0.746368,0.6,,"[{""l3_id"": ""G_INT_WEAP"", ""em_score"": 0.693695, ""hybrid_score"": 0.746368, ""keyword_prior"": 0.052673, ""lexical_support"": 0.6}, {""l3_id"": ""G_SYS_MISINFO"", ""em_score"": 0.613652, ""hybrid_score"": 0.615313, ""keyword_prior"": 0.001662, ""lexical_support"": 0.0}, {""l3_id"": ""G_INT_UNETH"", ""em_score"": 0.614802, ""hybrid_score"": 0.614241, ""keyword_prior"": -0.000561, ""lexical_support"": 0.0}, {""l3_id"": ""G_SYS_INCONS"", ""em_score"": 0.594054, ""hybrid_score"": 0.598865, ""keyword_prior"": 0.004811, ""lexical_support"": 0.0}, {""l3_id"": ""G_SYS_EVAL"", ""em_score"": 0.595667, ""hybrid_score"": 0.594218, ""keyword_prior"": -0.001449, ""lexical_support"": 0.0}]"
SRC-G-0260,General,RAI4-0961,인간 개입 없는 치명적 자율무기의 표적 공격,Lethal autonomous weapons engaging targets without human intervention,G_INT_WEAP,EM,0.684483,0.646899,0.722064,0.4,,"[{""l3_id"": ""G_INT_WEAP"", ""em_score"": 0.684483, ""hybrid_score"": 0.722064, ""keyword_prior"": 0.03758, ""lexical_support"": 0.4}, {""l3_id"": ""G_INT_UNETH"", ""em_score"": 0.678076, ""hybrid_score"": 0.685172, ""keyword_prior"": 0.007096, ""lexical_support"": 0.0}, {""l3_id"": ""G_SOC_GOV"", ""em_score"": 0.669629, ""hybrid_score"": 0.670501, ""keyword_prior"": 0.000872, ""lexical_support"": 0.0}, {""l3_id"": ""G_SYS_INPUT"", ""em_score"": 0.650782, ""hybrid_score"": 0.651714, ""keyword_prior"": 0.000932, ""lexical_support"": 0.0}, {""l3_id"": ""G_SOC_DEMOC"", ""em_score"": 0.639977, ""hybrid_score"": 0.64032, ""keyword_prior"": 0.000344, ""lexical_support"": 0.0}]"
SRC-G-0261,General,RAI4-1118,군사 AI 군비경쟁,Military AI arms race,G_INT_WEAP,EM,0.69643,0.661692,0.723252,0.2,,"[{""l3_id"": ""G_INT_WEAP"", ""em_score"": 0.69643, ""hybrid_score"": 0.723252, ""keyword_prior"": 0.026822, ""lexical_support"": 0.2}, {""l3_id"": ""G_SOC_POWER"", ""em_score"": 0.670404, ""hybrid_score"": 0.68112, ""keyword_prior"": 0.010716, ""lexical_support"": 0.0}, {""l3_id"": ""G_SOC_ECON"", ""em_score"": 0.655784, ""hybrid_score"": 0.660699, ""keyword_prior"": 0.004914, ""lexical_support"": 0.0}, {""l3_id"": ""G_SOC_DEMOC"", ""em_score"": 0.633463, ""hybrid_score"": 0.635767, ""keyword_prior"": 0.002304, ""lexical_support"": 0.0}, {""l3_id"": ""G_SOC_ENV"", ""em_score"": 0.633501, ""hybrid_score"": 0.635189, ""keyword_prior"": 0.001688, ""lexical_support"": 0.0}]"
SRC-G-0262,General,RAI4-1160,무기 획득 역량,Weapons acquisition capability,G_INT_WEAP,EM,0.759128,0.728763,0.789549,0.2,,"[{""l3_id"": ""G_INT_WEAP"", ""em_score"": 0.759128, ""hybrid_score"": 0.789549, ""keyword_prior"": 0.030421, ""lexical_support"": 0.2}, {""l3_id"": ""G_SYS_OEXT"", ""em_score"": 0.650746, ""hybrid_score"": 0.661791, ""keyword_prior"": 0.011045, ""lexical_support"": 0.1}, {""l3_id"": ""G_SYS_OREF"", ""em_score"": 0.631669, ""hybrid_score"": 0.634594, ""keyword_prior"": 0.002926, ""lexical_support"": 0.0}, {""l3_id"": ""G_SOC_POWER"", ""em_score"": 0.609011, ""hybrid_score"": 0.612622, ""keyword_prior"": 0.003611, ""lexical_support"": 0.0}, {""l3_id"": ""G_SOC_GOV"", ""em_score"": 0.604661, ""hybrid_score"": 0.604786, ""keyword_prior"": 0.000125, ""lexical_support"": 0.0}]"
SRC-G-0263,General,RAI4-1295,AI 가속 나노기술에 의한 독성 나노입자 통제 상실,Uncontrolled toxic-nanoparticle production from AI-accelerated nanotech,G_SOC_ENV,EM,0.719306,0.695108,0.736726,0.1,,"[{""l3_id"": ""G_SOC_ENV"", ""em_score"": 0.719306, ""hybrid_score"": 0.736726, ""keyword_prior"": 0.01742, ""lexical_support"": 0.1}, {""l3_id"": ""G_INT_UNETH"", ""em_score"": 0.661291, ""hybrid_score"": 0.665853, ""keyword_prior"": 0.004562, ""lexical_support"": 0.0}, {""l3_id"": ""G_SOC_GOV"", ""em_score"": 0.656379, ""hybrid_score"": 0.661892, ""keyword_prior"": 0.005513, ""lexical_support"": 0.0}, {""l3_id"": ""G_SOC_ECON"", ""em_score"": 0.64898, ""hybrid_score"": 0.651251, ""keyword_prior"": 0.002271, ""lexical_support"": 0.0}, {""l3_id"": ""G_SYS_TRANS"", ""em_score"": 0.646194, ""hybrid_score"": 0.647995, ""keyword_prior"": 0.001801, ""lexical_support"": 0.0}]"
SRC-G-0264,General,RAI4-1392,생물·화학 무기 개발 장벽의 저하,Lowered barriers to biological and chemical weapons development,G_INT_WEAP,EM,0.698921,0.648706,0.725757,0.2,,"[{""l3_id"": ""G_INT_WEAP"", ""em_score"": 0.698921, ""hybrid_score"": 0.725757, ""keyword_prior"": 0.026837, ""lexical_support"": 0.2}, {""l3_id"": ""G_SYS_OEXT"", ""em_score"": 0.625201, ""hybrid_score"": 0.62655, ""keyword_prior"": 0.001349, ""lexical_support"": 0.0}, {""l3_id"": ""G_SOC_ENV"", ""em_score"": 0.620529, ""hybrid_score"": 0.625176, ""keyword_prior"": 0.004647, ""lexical_support"": 0.0}, {""l3_id"": ""G_SOC_POWER"", ""em_score"": 0.619116, ""hybrid_score"": 0.621538, ""keyword_prior"": 0.002421, ""lexical_support"": 0.0}, {""l3_id"": ""G_SOC_GOV"", ""em_score"": 0.622678, ""hybrid_score"": 0.619597, ""keyword_prior"": -0.003081, ""lexical_support"": 0.0}]"
SRC-G-0265,General,RAI4-1563,AI 오용에 의한 CBRN 무기 개발 역량 상승,CBRN weapon development uplift through AI misuse,G_INT_WEAP,EM,0.7393,0.692105,0.803634,0.8,,"[{""l3_id"": ""G_INT_WEAP"", ""em_score"": 0.7393, ""hybrid_score"": 0.803634, ""keyword_prior"": 0.064333, ""lexical_support"": 0.8}, {""l3_id"": ""G_SOC_POWER"", ""em_score"": 0.697708, ""hybrid_score"": 0.703393, ""keyword_prior"": 0.005685, ""lexical_support"": 0.0}, {""l3_id"": ""G_SYS_OEXT"", ""em_score"": 0.684799, ""hybrid_score"": 0.697958, ""keyword_prior"": 0.013159, ""lexical_support"": 0.1}, {""l3_id"": ""G_SOC_GOV"", ""em_score"": 0.685845, ""hybrid_score"": 0.692213, ""keyword_prior"": 0.006368, ""lexical_support"": 0.0}, {""l3_id"": ""G_INT_UNETH"", ""em_score"": 0.676014, ""hybrid_score"": 0.679619, ""keyword_prior"": 0.003605, ""lexical_support"": 0.0}]"
SRC-G-0266,General,RAI4-1050,심리적 조작·비인간화·대규모 착취,"Psychological manipulation, dehumanization, and exploitation",G_INT_UNETH,EM,0.750548,0.722024,0.794822,0.5,,"[{""l3_id"": ""G_INT_UNETH"", ""em_score"": 0.750548, ""hybrid_score"": 0.794822, ""keyword_prior"": 0.044273, ""lexical_support"": 0.5}, {""l3_id"": ""G_SOC_ECON"", ""em_score"": 0.672172, ""hybrid_score"": 0.673977, ""keyword_prior"": 0.001805, ""lexical_support"": 0.0}, {""l3_id"": ""G_SOC_POWER"", ""em_score"": 0.664832, ""hybrid_score"": 0.668815, ""keyword_prior"": 0.003983, ""lexical_support"": 0.0}, {""l3_id"": ""G_SOC_DEMOC"", ""em_score"": 0.648093, ""hybrid_score"": 0.646343, ""keyword_prior"": -0.00175, ""lexical_support"": 0.0}, {""l3_id"": ""G_SYS_OREF"", ""em_score"": 0.6353, ""hybrid_score"": 0.63633, ""keyword_prior"": 0.001029, ""lexical_support"": 0.0}]"
SRC-G-0267,General,RAI4-1434,비인간화와 객관화,Dehumanisation and objectification,G_INT_UNETH,EM,0.72414,0.692429,0.732962,0.0,,"[{""l3_id"": ""G_INT_UNETH"", ""em_score"": 0.72414, ""hybrid_score"": 0.732962, ""keyword_prior"": 0.008823, ""lexical_support"": 0.0}, {""l3_id"": ""G_SYS_MISINFO"", ""em_score"": 0.700461, ""hybrid_score"": 0.702133, ""keyword_prior"": 0.001672, ""lexical_support"": 0.0}, {""l3_id"": ""G_INT_VALUE"", ""em_score"": 0.692281, ""hybrid_score"": 0.699451, ""keyword_prior"": 0.007171, ""lexical_support"": 0.0}, {""l3_id"": ""G_SYS_INCONS"", ""em_score"": 0.690856, ""hybrid_score"": 0.69104, ""keyword_prior"": 0.000184, ""lexical_support"": 0.0}, {""l3_id"": ""G_SYS_OEXT"", ""em_score"": 0.690947, ""hybrid_score"": 0.690763, ""keyword_prior"": -0.000184, ""lexical_support"": 0.0}]"
SRC-G-0268,General,RAI4-1636,마음이론(Theory of Mind) 능력,Theory of mind capability,G_INT_UNETH,EM,0.643513,0.609777,0.944071,0.0,G_INT_UNETH,"[{""l3_id"": ""G_INT_UNETH"", ""em_score"": 0.643513, ""hybrid_score"": 0.944071, ""keyword_prior"": 0.300557, ""lexical_support"": 0.0}, {""l3_id"": ""G_SYS_OEXT"", ""em_score"": 0.671409, ""hybrid_score"": 0.685099, ""keyword_prior"": 0.01369, ""lexical_support"": 0.0}, {""l3_id"": ""G_SYS_MISINFO"", ""em_score"": 0.655438, ""hybrid_score"": 0.665478, ""keyword_prior"": 0.01004, ""lexical_support"": 0.0}, {""l3_id"": ""G_SYS_TRANS"", ""em_score"": 0.643768, ""hybrid_score"": 0.644866, ""keyword_prior"": 0.001099, ""lexical_support"": 0.0}, {""l3_id"": ""G_SOC_POWER"", ""em_score"": 0.632111, ""hybrid_score"": 0.637364, ""keyword_prior"": 0.005252, ""lexical_support"": 0.0}]"
SRC-G-0269,General,RAI4-0140,개인화된 설득 취약성,Personalized persuasion vulnerability,G_SYS_CONTEXT,EM,0.654211,0.608864,0.689044,0.4,,"[{""l3_id"": ""G_SYS_CONTEXT"", ""em_score"": 0.654211, ""hybrid_score"": 0.689044, ""keyword_prior"": 0.034833, ""lexical_support"": 0.4}, {""l3_id"": ""G_INT_ANTH"", ""em_score"": 0.65458, ""hybrid_score"": 0.659991, ""keyword_prior"": 0.005411, ""lexical_support"": 0.0}, {""l3_id"": ""G_SYS_TRANS"", ""em_score"": 0.656616, ""hybrid_score"": 0.65862, ""keyword_prior"": 0.002003, ""lexical_support"": 0.0}, {""l3_id"": ""G_SYS_OREF"", ""em_score"": 0.65342, ""hybrid_score"": 0.65639, ""keyword_prior"": 0.00297, ""lexical_support"": 0.0}, {""l3_id"": ""G_SYS_INCONS"", ""em_score"": 0.649163, ""hybrid_score"": 0.653754, ""keyword_prior"": 0.004591, ""lexical_support"": 0.0}]"
SRC-G-0270,General,RAI4-0435,데이터 오염 공격,Data poisoning,G_SYS_SECADV,EM,0.687168,0.6432,0.722775,0.4,,"[{""l3_id"": ""G_SYS_SECADV"", ""em_score"": 0.687168, ""hybrid_score"": 0.722775, ""keyword_prior"": 0.035607, ""lexical_support"": 0.4}, {""l3_id"": ""G_SYS_MISINFO"", ""em_score"": 0.665097, ""hybrid_score"": 0.67019, ""keyword_prior"": 0.005094, ""lexical_support"": 0.0}, {""l3_id"": ""G_INT_UNETH"", ""em_score"": 0.651912, ""hybrid_score"": 0.652641, ""keyword_prior"": 0.000729, ""lexical_support"": 0.0}, {""l3_id"": ""G_SYS_OREF"", ""em_score"": 0.641858, ""hybrid_score"": 0.644858, ""keyword_prior"": 0.003, ""lexical_support"": 0.0}, {""l3_id"": ""G_SYS_OEXT"", ""em_score"": 0.633517, ""hybrid_score"": 0.629843, ""keyword_prior"": -0.003675, ""lexical_support"": 0.0}]"
SRC-G-0271,General,RAI4-0436,모델 추출·역전 공격,Model extraction and inversion attacks,G_SYS_SECADV,EM,0.71367,0.671377,0.72189,0.0,,"[{""l3_id"": ""G_SYS_SECADV"", ""em_score"": 0.713669, ""hybrid_score"": 0.72189, ""keyword_prior"": 0.00822, ""lexical_support"": 0.0}, {""l3_id"": ""G_SYS_OREF"", ""em_score"": 0.662979, ""hybrid_score"": 0.662866, ""keyword_prior"": -0.000113, ""lexical_support"": 0.0}, {""l3_id"": ""G_SYS_CONTEST"", ""em_score"": 0.645446, ""hybrid_score"": 0.650195, ""keyword_prior"": 0.004749, ""lexical_support"": 0.0}, {""l3_id"": ""G_SYS_INCONS"", ""em_score"": 0.645682, ""hybrid_score"": 0.646124, ""keyword_prior"": 0.000443, ""lexical_support"": 0.0}, {""l3_id"": ""G_SYS_OEXT"", ""em_score"": 0.646188, ""hybrid_score"": 0.643815, ""keyword_prior"": -0.002373, ""lexical_support"": 0.0}]"
SRC-G-0272,General,RAI4-0593,학습 데이터 암기에 의한 민감정보 유출,Leakage of sensitive training data through memorization,G_INT_PRIV,EM,0.72534,0.694682,0.769586,0.5,,"[{""l3_id"": ""G_INT_PRIV"", ""em_score"": 0.72534, ""hybrid_score"": 0.769586, ""keyword_prior"": 0.044246, ""lexical_support"": 0.5}, {""l3_id"": ""G_SYS_POLICY"", ""em_score"": 0.702407, ""hybrid_score"": 0.726146, ""keyword_prior"": 0.023739, ""lexical_support"": 0.1}, {""l3_id"": ""G_SYS_SECADV"", ""em_score"": 0.66318, ""hybrid_score"": 0.673888, ""keyword_prior"": 0.010708, ""lexical_support"": 0.0}, {""l3_id"": ""G_SYS_MISINFO"", ""em_score"": 0.658192, ""hybrid_score"": 0.668361, ""keyword_prior"": 0.010169, ""lexical_support"": 0.1}, {""l3_id"": ""G_SYS_INPUT"", ""em_score"": 0.643364, ""hybrid_score"": 0.649837, ""keyword_prior"": 0.006473, ""lexical_support"": 0.0}]"
SRC-G-0273,General,RAI4-0619,은밀한 행동 조작,Covert behavioral manipulation,G_INT_UNETH,EM,0.759996,0.734362,0.793918,0.3,,"[{""l3_id"": ""G_INT_UNETH"", ""em_score"": 0.759996, ""hybrid_score"": 0.793918, ""keyword_prior"": 0.033923, ""lexical_support"": 0.3}, {""l3_id"": ""G_INT_PRIV"", ""em_score"": 0.717165, ""hybrid_score"": 0.731955, ""keyword_prior"": 0.014791, ""lexical_support"": 0.1}, {""l3_id"": ""G_SYS_TRANS"", ""em_score"": 0.718478, ""hybrid_score"": 0.722406, ""keyword_prior"": 0.003928, ""lexical_support"": 0.0}, {""l3_id"": ""G_SYS_MISINFO"", ""em_score"": 0.691056, ""hybrid_score"": 0.694691, ""keyword_prior"": 0.003635, ""lexical_support"": 0.0}, {""l3_id"": ""G_SYS_OREF"", ""em_score"": 0.671646, ""hybrid_score"": 0.668516, ""keyword_prior"": -0.00313, ""lexical_support"": 0.0}]"
SRC-G-0274,General,RAI4-0721,유해·오염 학습 데이터에 의한 출력 훼손,Output corruption from harmful and poisoned training data,G_SYS_SECADV,EM,0.697484,0.658042,0.710321,0.0,,"[{""l3_id"": ""G_SYS_SECADV"", ""em_score"": 0.697484, ""hybrid_score"": 0.710321, ""keyword_prior"": 0.012837, ""lexical_support"": 0.0}, {""l3_id"": ""G_SYS_MISINFO"", ""em_score"": 0.688873, ""hybrid_score"": 0.696769, ""keyword_prior"": 0.007896, ""lexical_support"": 0.0}, {""l3_id"": ""G_INT_ILLEGAL"", ""em_score"": 0.66383, ""hybrid_score"": 0.691365, ""keyword_prior"": 0.027534, ""lexical_support"": 0.2}, {""l3_id"": ""G_SYS_POLICY"", ""em_score"": 0.684036, ""hybrid_score"": 0.690644, ""keyword_prior"": 0.006608, ""lexical_support"": 0.0}, {""l3_id"": ""G_SYS_INCONS"", ""em_score"": 0.661068, ""hybrid_score"": 0.661238, ""keyword_prior"": 0.000169, ""lexical_support"": 0.0}]"
SRC-G-0275,General,RAI4-0733,학습 데이터 내 기밀정보 포함과 출력 노출,Confidential information in training data disclosed through outputs,G_SYS_POLICY,EM,0.748798,0.708968,0.775805,0.2,,"[{""l3_id"": ""G_SYS_POLICY"", ""em_score"": 0.748798, ""hybrid_score"": 0.775805, ""keyword_prior"": 0.027007, ""lexical_support"": 0.2}, {""l3_id"": ""G_SYS_MISINFO"", ""em_score"": 0.648189, ""hybrid_score"": 0.658184, ""keyword_prior"": 0.009995, ""lexical_support"": 0.1}, {""l3_id"": ""G_SYS_TRANS"", ""em_score"": 0.653179, ""hybrid_score"": 0.655323, ""keyword_prior"": 0.002144, ""lexical_support"": 0.0}, {""l3_id"": ""G_SYS_INCONS"", ""em_score"": 0.642843, ""hybrid_score"": 0.643349, ""keyword_prior"": 0.000507, ""lexical_support"": 0.0}, {""l3_id"": ""G_SYS_INPUT"", ""em_score"": 0.633028, ""hybrid_score"": 0.633844, ""keyword_prior"": 0.000815, ""lexical_support"": 0.0}]"
SRC-G-0276,General,RAI4-0753,학습 데이터 추출 공격,Training data extraction attack,G_SYS_POLICY,EM,0.657139,0.609747,0.67182,0.0,,"[{""l3_id"": ""G_SYS_POLICY"", ""em_score"": 0.657139, ""hybrid_score"": 0.67182, ""keyword_prior"": 0.014682, ""lexical_support"": 0.0}, {""l3_id"": ""G_SYS_SECADV"", ""em_score"": 0.629147, ""hybrid_score"": 0.641792, ""keyword_prior"": 0.012645, ""lexical_support"": 0.0}, {""l3_id"": ""G_SYS_INPUT"", ""em_score"": 0.590079, ""hybrid_score"": 0.59704, ""keyword_prior"": 0.006961, ""lexical_support"": 0.0}, {""l3_id"": ""G_SYS_MISINFO"", ""em_score"": 0.583688, ""hybrid_score"": 0.588384, ""keyword_prior"": 0.004696, ""lexical_support"": 0.0}, {""l3_id"": ""G_SYS_OEXT"", ""em_score"": 0.583834, ""hybrid_score"": 0.585493, ""keyword_prior"": 0.001659, ""lexical_support"": 0.0}]"
SRC-G-0277,General,RAI4-0760,프롬프트 및 학습 데이터에 기인한 개인정보 노출,Personal data exposure through prompt and training data,G_INT_PRIV,EM,0.692293,0.654941,1.036453,0.5,G_INT_PRIV,"[{""l3_id"": ""G_INT_PRIV"", ""em_score"": 0.692293, ""hybrid_score"": 1.036453, ""keyword_prior"": 0.34416, ""lexical_support"": 0.5}, {""l3_id"": ""G_SYS_POLICY"", ""em_score"": 0.719993, ""hybrid_score"": 0.754743, ""keyword_prior"": 0.03475, ""lexical_support"": 0.3}, {""l3_id"": ""G_SYS_MISINFO"", ""em_score"": 0.631881, ""hybrid_score"": 0.642805, ""keyword_prior"": 0.010924, ""lexical_support"": 0.1}, {""l3_id"": ""G_SYS_INCONS"", ""em_score"": 0.620855, ""hybrid_score"": 0.62219, ""keyword_prior"": 0.001335, ""lexical_support"": 0.0}, {""l3_id"": ""G_SYS_OREF"", ""em_score"": 0.605532, ""hybrid_score"": 0.607181, ""keyword_prior"": 0.001649, ""lexical_support"": 0.0}]"
SRC-G-0278,General,RAI4-0788,인스트럭션 튜닝 포이즈닝,Instruction-tuning poisoning,G_Others,HD,0.604879,0.562731,0.615671,0.2,,"[{""l3_id"": ""G_SYS_SECADV"", ""em_score"": 0.604879, ""hybrid_score"": 0.615671, ""keyword_prior"": 0.010792, ""lexical_support"": 0.2}, {""l3_id"": ""G_SYS_INPUT"", ""em_score"": 0.600114, ""hybrid_score"": 0.600075, ""keyword_prior"": -3.9e-05, ""lexical_support"": 0.0}, {""l3_id"": ""G_INT_VALUE"", ""em_score"": 0.582167, ""hybrid_score"": 0.586653, ""keyword_prior"": 0.004487, ""lexical_support"": 0.0}, {""l3_id"": ""G_SOC_GOV"", ""em_score"": 0.579926, ""hybrid_score"": 0.584082, ""keyword_prior"": 0.004157, ""lexical_support"": 0.0}, {""l3_id"": ""G_SYS_INCONS"", ""em_score"": 0.578217, ""hybrid_score"": 0.580589, ""keyword_prior"": 0.002372, ""lexical_support"": 0.0}]"
SRC-G-0279,General,RAI4-1173,역할극 지시 악용,Role-play instruction exploitation,G_Others,HD,0.660613,0.629542,0.666186,0.0,,"[{""l3_id"": ""G_SYS_OEXT"", ""em_score"": 0.660613, ""hybrid_score"": 0.666187, ""keyword_prior"": 0.005573, ""lexical_support"": 0.0}, {""l3_id"": ""G_SYS_OREF"", ""em_score"": 0.65092, ""hybrid_score"": 0.655556, ""keyword_prior"": 0.004636, ""lexical_support"": 0.0}, {""l3_id"": ""G_INT_UNETH"", ""em_score"": 0.637019, ""hybrid_score"": 0.643149, ""keyword_prior"": 0.00613, ""lexical_support"": 0.0}, {""l3_id"": ""G_SYS_SECADV"", ""em_score"": 0.641458, ""hybrid_score"": 0.638751, ""keyword_prior"": -0.002706, ""lexical_support"": 0.0}, {""l3_id"": ""G_INT_ALLOC"", ""em_score"": 0.61713, ""hybrid_score"": 0.621523, ""keyword_prior"": 0.004393, ""lexical_support"": 0.0}]"
SRC-G-0280,General,RAI4-1494,악의적 미세조정에 의한 안전장치 무력화,Safeguard compromise through malicious fine-tuning,G_SYS_SECADV,EM,0.745744,0.708671,1.059978,0.0,G_SYS_SECADV,"[{""l3_id"": ""G_SYS_SECADV"", ""em_score"": 0.745744, ""hybrid_score"": 1.059978, ""keyword_prior"": 0.314234, ""lexical_support"": 0.0}, {""l3_id"": ""G_INT_UNETH"", ""em_score"": 0.709065, ""hybrid_score"": 0.71431, ""keyword_prior"": 0.005245, ""lexical_support"": 0.0}, {""l3_id"": ""G_SYS_OEXT"", ""em_score"": 0.697142, ""hybrid_score"": 0.700586, ""keyword_prior"": 0.003445, ""lexical_support"": 0.0}, {""l3_id"": ""G_SYS_MISINFO"", ""em_score"": 0.694245, ""hybrid_score"": 0.694415, ""keyword_prior"": 0.00017, ""lexical_support"": 0.0}, {""l3_id"": ""G_SYS_CONTEST"", ""em_score"": 0.673394, ""hybrid_score"": 0.675144, ""keyword_prior"": 0.001751, ""lexical_support"": 0.0}]"
SRC-G-0281,General,RAI4-1508,가이드라인 오염,Guideline contamination,G_SYS_EVAL,EM,0.607313,0.569237,0.907509,0.0,G_SYS_EVAL,"[{""l3_id"": ""G_SYS_EVAL"", ""em_score"": 0.607313, ""hybrid_score"": 0.907509, ""keyword_prior"": 0.300196, ""lexical_support"": 0.0}, {""l3_id"": ""G_SYS_INCONS"", ""em_score"": 0.636891, ""hybrid_score"": 0.642573, ""keyword_prior"": 0.005681, ""lexical_support"": 0.0}, {""l3_id"": ""G_SYS_MISINFO"", ""em_score"": 0.629007, ""hybrid_score"": 0.631775, ""keyword_prior"": 0.002769, ""lexical_support"": 0.0}, {""l3_id"": ""G_SYS_OEXT"", ""em_score"": 0.627687, ""hybrid_score"": 0.623944, ""keyword_prior"": -0.003743, ""lexical_support"": 0.0}, {""l3_id"": ""G_SYS_TRANS"", ""em_score"": 0.620562, ""hybrid_score"": 0.619669, ""keyword_prior"": -0.000894, ""lexical_support"": 0.0}]"
SRC-G-0282,General,RAI4-1564,약물 발견 모델 오용에 의한 독소 식별·개발,Dangerous toxin identification through misuse of drug-discovery models,G_INT_WEAP,EM,0.600158,0.560257,0.905529,0.0,G_INT_WEAP,"[{""l3_id"": ""G_INT_WEAP"", ""em_score"": 0.600158, ""hybrid_score"": 0.905529, ""keyword_prior"": 0.305371, ""lexical_support"": 0.0}, {""l3_id"": ""G_SYS_POLICY"", ""em_score"": 0.599998, ""hybrid_score"": 0.606693, ""keyword_prior"": 0.006695, ""lexical_support"": 0.0}, {""l3_id"": ""G_SYS_INCONS"", ""em_score"": 0.585304, ""hybrid_score"": 0.585754, ""keyword_prior"": 0.00045, ""lexical_support"": 0.0}, {""l3_id"": ""G_SYS_EVAL"", ""em_score"": 0.582274, ""hybrid_score"": 0.577943, ""keyword_prior"": -0.004331, ""lexical_support"": 0.0}, {""l3_id"": ""G_SYS_TRANS"", ""em_score"": 0.565184, ""hybrid_score"": 0.56508, ""keyword_prior"": -0.000104, ""lexical_support"": 0.0}]"
SRC-G-0283,General,RAI4-1687,월드모델 표현·훈련 데이터 오염,World-model representation and trainingdata poisoning,G_SYS_SECADV,EM,0.667954,0.632215,0.714518,0.6,,"[{""l3_id"": ""G_SYS_SECADV"", ""em_score"": 0.667953, ""hybrid_score"": 0.714518, ""keyword_prior"": 0.046564, ""lexical_support"": 0.6}, {""l3_id"": ""G_SYS_POLICY"", ""em_score"": 0.625399, ""hybrid_score"": 0.636863, ""keyword_prior"": 0.011464, ""lexical_support"": 0.0}, {""l3_id"": ""G_SYS_INPUT"", ""em_score"": 0.626631, ""hybrid_score"": 0.631629, ""keyword_prior"": 0.004998, ""lexical_support"": 0.0}, {""l3_id"": ""G_INT_UNETH"", ""em_score"": 0.618032, ""hybrid_score"": 0.623894, ""keyword_prior"": 0.005862, ""lexical_support"": 0.0}, {""l3_id"": ""G_SYS_MISINFO"", ""em_score"": 0.604086, ""hybrid_score"": 0.608395, ""keyword_prior"": 0.004309, ""lexical_support"": 0.0}]"
SRC-G-0284,General,RAI4-0356,배터리 화재 및 유해 폐기물,Battery fire and hazardous end-of-life waste,G_SOC_ENV,EM,0.725718,0.699466,0.739186,0.0,,"[{""l3_id"": ""G_SOC_ENV"", ""em_score"": 0.725718, ""hybrid_score"": 0.739186, ""keyword_prior"": 0.013468, ""lexical_support"": 0.0}, {""l3_id"": ""G_SOC_GOV"", ""em_score"": 0.667212, ""hybrid_score"": 0.675265, ""keyword_prior"": 0.008054, ""lexical_support"": 0.0}, {""l3_id"": ""G_INT_UNETH"", ""em_score"": 0.639692, ""hybrid_score"": 0.645627, ""keyword_prior"": 0.005935, ""lexical_support"": 0.0}, {""l3_id"": ""G_SYS_EVAL"", ""em_score"": 0.620823, ""hybrid_score"": 0.621021, ""keyword_prior"": 0.000198, ""lexical_support"": 0.0}, {""l3_id"": ""G_SYS_OEXT"", ""em_score"": 0.62008, ""hybrid_score"": 0.619882, ""keyword_prior"": -0.000198, ""lexical_support"": 0.0}]"
SRC-G-0285,General,RAI4-0360,산업 공정 피해,Industrial process damage,G_Others,HD,0.73488,0.705372,0.749418,0.0,,"[{""l3_id"": ""G_SOC_ECON"", ""em_score"": 0.73488, ""hybrid_score"": 0.749418, ""keyword_prior"": 0.014538, ""lexical_support"": 0.0}, {""l3_id"": ""G_SOC_ENV"", ""em_score"": 0.720459, ""hybrid_score"": 0.734419, ""keyword_prior"": 0.01396, ""lexical_support"": 0.0}, {""l3_id"": ""G_SYS_INPUT"", ""em_score"": 0.70439, ""hybrid_score"": 0.704906, ""keyword_prior"": 0.000516, ""lexical_support"": 0.1}, {""l3_id"": ""G_INT_UNETH"", ""em_score"": 0.690796, ""hybrid_score"": 0.690776, ""keyword_prior"": -2e-05, ""lexical_support"": 0.0}, {""l3_id"": ""G_SOC_GOV"", ""em_score"": 0.679872, ""hybrid_score"": 0.679354, ""keyword_prior"": -0.000518, ""lexical_support"": 0.0}]"
SRC-G-0286,General,RAI4-0502,인명·재산·환경 직접 피해,"Direct harms from AI to people, property, and environment",G_SOC_ENV,EM,0.799922,0.776527,0.8187,0.3,,"[{""l3_id"": ""G_SOC_ENV"", ""em_score"": 0.799922, ""hybrid_score"": 0.8187, ""keyword_prior"": 0.018778, ""lexical_support"": 0.3}, {""l3_id"": ""G_SOC_ECON"", ""em_score"": 0.783348, ""hybrid_score"": 0.783622, ""keyword_prior"": 0.000274, ""lexical_support"": 0.0}, {""l3_id"": ""G_INT_ANTH"", ""em_score"": 0.770808, ""hybrid_score"": 0.779824, ""keyword_prior"": 0.009016, ""lexical_support"": 0.0}, {""l3_id"": ""G_INT_UNETH"", ""em_score"": 0.75363, ""hybrid_score"": 0.759902, ""keyword_prior"": 0.006271, ""lexical_support"": 0.1}, {""l3_id"": ""G_SOC_GOV"", ""em_score"": 0.755649, ""hybrid_score"": 0.752423, ""keyword_prior"": -0.003227, ""lexical_support"": 0.0}]"
SRC-G-0287,General,RAI4-0504,에너지 병목 및 공급 부족,Energy bottlenecks and shortages,G_Others,HD,0.67297,0.638648,0.68512,0.0,,"[{""l3_id"": ""G_SOC_ENV"", ""em_score"": 0.67297, ""hybrid_score"": 0.68512, ""keyword_prior"": 0.01215, ""lexical_support"": 0.0}, {""l3_id"": ""G_SOC_POWER"", ""em_score"": 0.657953, ""hybrid_score"": 0.673936, ""keyword_prior"": 0.015984, ""lexical_support"": 0.0}, {""l3_id"": ""G_SYS_OREF"", ""em_score"": 0.649112, ""hybrid_score"": 0.665807, ""keyword_prior"": 0.016695, ""lexical_support"": 0.1}, {""l3_id"": ""G_SYS_OEXT"", ""em_score"": 0.635844, ""hybrid_score"": 0.644647, ""keyword_prior"": 0.008802, ""lexical_support"": 0.0}, {""l3_id"": ""G_SOC_GOV"", ""em_score"": 0.632291, ""hybrid_score"": 0.644529, ""keyword_prior"": 0.012238, ""lexical_support"": 0.0}]"
SRC-G-0288,General,RAI4-0798,생태계 과부하,Overburdening ecosystems,G_SOC_ENV,EM,0.754446,0.728327,0.770631,0.0,,"[{""l3_id"": ""G_SOC_ENV"", ""em_score"": 0.754446, ""hybrid_score"": 0.770631, ""keyword_prior"": 0.016185, ""lexical_support"": 0.0}, {""l3_id"": ""G_SYS_OEXT"", ""em_score"": 0.719917, ""hybrid_score"": 0.73143, ""keyword_prior"": 0.011513, ""lexical_support"": 0.0}, {""l3_id"": ""G_SOC_CULT"", ""em_score"": 0.711575, ""hybrid_score"": 0.728822, ""keyword_prior"": 0.017247, ""lexical_support"": 0.1}, {""l3_id"": ""G_SOC_GOV"", ""em_score"": 0.701322, ""hybrid_score"": 0.705034, ""keyword_prior"": 0.003712, ""lexical_support"": 0.0}, {""l3_id"": ""G_INT_UNETH"", ""em_score"": 0.694932, ""hybrid_score"": 0.69529, ""keyword_prior"": 0.000358, ""lexical_support"": 0.0}]"
SRC-G-0289,General,RAI4-0799,공유 정보 생태계의 오염과 질 저하,Degradation of the shared information ecosystem,G_SYS_MISINFO,EM,0.74645,0.71403,0.787906,0.4,,"[{""l3_id"": ""G_SYS_MISINFO"", ""em_score"": 0.74645, ""hybrid_score"": 0.787906, ""keyword_prior"": 0.041456, ""lexical_support"": 0.4}, {""l3_id"": ""G_SOC_CULT"", ""em_score"": 0.728274, ""hybrid_score"": 0.750154, ""keyword_prior"": 0.02188, ""lexical_support"": 0.1}, {""l3_id"": ""G_SYS_TRANS"", ""em_score"": 0.702658, ""hybrid_score"": 0.707188, ""keyword_prior"": 0.00453, ""lexical_support"": 0.0}, {""l3_id"": ""G_SOC_DEMOC"", ""em_score"": 0.681461, ""hybrid_score"": 0.687346, ""keyword_prior"": 0.005886, ""lexical_support"": 0.0}, {""l3_id"": ""G_SYS_INCONS"", ""em_score"": 0.681364, ""hybrid_score"": 0.68599, ""keyword_prior"": 0.004625, ""lexical_support"": 0.0}]"
SRC-G-0290,General,RAI4-0926,에너지·지연 오버헤드 공격,Energy-latency overhead attacks,G_SOC_ENV,EM,0.666033,0.634262,0.700326,0.4,,"[{""l3_id"": ""G_SOC_ENV"", ""em_score"": 0.666033, ""hybrid_score"": 0.700326, ""keyword_prior"": 0.034293, ""lexical_support"": 0.4}, {""l3_id"": ""G_SYS_OEXT"", ""em_score"": 0.6388, ""hybrid_score"": 0.645922, ""keyword_prior"": 0.007122, ""lexical_support"": 0.0}, {""l3_id"": ""G_SYS_SECADV"", ""em_score"": 0.631004, ""hybrid_score"": 0.64272, ""keyword_prior"": 0.011715, ""lexical_support"": 0.0}, {""l3_id"": ""G_SOC_POWER"", ""em_score"": 0.62971, ""hybrid_score"": 0.638971, ""keyword_prior"": 0.009261, ""lexical_support"": 0.0}, {""l3_id"": ""G_SOC_GOV"", ""em_score"": 0.617564, ""hybrid_score"": 0.618467, ""keyword_prior"": 0.000902, ""lexical_support"": 0.0}]"
SRC-G-0291,General,RAI4-0950,지속불가능한 자원 사용,Unsustainable resource use,G_SOC_ENV,EM,0.765833,0.741427,0.798387,0.2,,"[{""l3_id"": ""G_SOC_ENV"", ""em_score"": 0.765833, ""hybrid_score"": 0.798387, ""keyword_prior"": 0.032553, ""lexical_support"": 0.2}, {""l3_id"": ""G_SYS_INCONS"", ""em_score"": 0.611166, ""hybrid_score"": 0.616159, ""keyword_prior"": 0.004993, ""lexical_support"": 0.0}, {""l3_id"": ""G_SYS_OREF"", ""em_score"": 0.609658, ""hybrid_score"": 0.616114, ""keyword_prior"": 0.006457, ""lexical_support"": 0.0}, {""l3_id"": ""G_SOC_POWER"", ""em_score"": 0.593523, ""hybrid_score"": 0.599272, ""keyword_prior"": 0.005748, ""lexical_support"": 0.0}, {""l3_id"": ""G_SOC_GOV"", ""em_score"": 0.588479, ""hybrid_score"": 0.591771, ""keyword_prior"": 0.003292, ""lexical_support"": 0.0}]"
SRC-G-0292,General,RAI4-0996,원자재 수요에 의한 자원 고갈,Resource depletion from raw material demand,G_SOC_ENV,EM,0.668577,0.638632,0.68965,0.1,,"[{""l3_id"": ""G_SOC_ENV"", ""em_score"": 0.668577, ""hybrid_score"": 0.68965, ""keyword_prior"": 0.021073, ""lexical_support"": 0.1}, {""l3_id"": ""G_SYS_OREF"", ""em_score"": 0.591117, ""hybrid_score"": 0.597133, ""keyword_prior"": 0.006016, ""lexical_support"": 0.0}, {""l3_id"": ""G_SYS_TRANS"", ""em_score"": 0.593927, ""hybrid_score"": 0.595908, ""keyword_prior"": 0.001981, ""lexical_support"": 0.0}, {""l3_id"": ""G_SOC_POWER"", ""em_score"": 0.585604, ""hybrid_score"": 0.593456, ""keyword_prior"": 0.007852, ""lexical_support"": 0.0}, {""l3_id"": ""G_SYS_INCONS"", ""em_score"": 0.58542, ""hybrid_score"": 0.593067, ""keyword_prior"": 0.007646, ""lexical_support"": 0.0}]"
SRC-G-0293,General,RAI4-1015,광범위한 사회·환경적 부정 영향,Broad societal and environmental adverse impacts,G_SOC_ENV,EM,0.798197,0.778472,0.847774,0.5,,"[{""l3_id"": ""G_SOC_ENV"", ""em_score"": 0.798197, ""hybrid_score"": 0.847774, ""keyword_prior"": 0.049577, ""lexical_support"": 0.5}, {""l3_id"": ""G_SOC_ECON"", ""em_score"": 0.774579, ""hybrid_score"": 0.780301, ""keyword_prior"": 0.005722, ""lexical_support"": 0.0}, {""l3_id"": ""G_SOC_POWER"", ""em_score"": 0.704466, ""hybrid_score"": 0.705974, ""keyword_prior"": 0.001508, ""lexical_support"": 0.0}, {""l3_id"": ""G_INT_UNETH"", ""em_score"": 0.687383, ""hybrid_score"": 0.690704, ""keyword_prior"": 0.003321, ""lexical_support"": 0.0}, {""l3_id"": ""G_SOC_DEMOC"", ""em_score"": 0.677422, ""hybrid_score"": 0.675285, ""keyword_prior"": -0.002137, ""lexical_support"": 0.0}]"
SRC-G-0294,General,RAI4-1064,언어모델 학습·운영에 따른 환경 피해,Environmental harm from training and operating language models,G_SOC_ENV,EM,0.777984,0.75361,0.828057,0.5,,"[{""l3_id"": ""G_SOC_ENV"", ""em_score"": 0.777984, ""hybrid_score"": 0.828057, ""keyword_prior"": 0.050074, ""lexical_support"": 0.5}, {""l3_id"": ""G_SOC_CULT"", ""em_score"": 0.624201, ""hybrid_score"": 0.625109, ""keyword_prior"": 0.000908, ""lexical_support"": 0.0}, {""l3_id"": ""G_SOC_ECON"", ""em_score"": 0.604061, ""hybrid_score"": 0.603916, ""keyword_prior"": -0.000145, ""lexical_support"": 0.0}, {""l3_id"": ""G_SOC_GOV"", ""em_score"": 0.593543, ""hybrid_score"": 0.595224, ""keyword_prior"": 0.001682, ""lexical_support"": 0.0}, {""l3_id"": ""G_SYS_CONTEXT"", ""em_score"": 0.590083, ""hybrid_score"": 0.59476, ""keyword_prior"": 0.004677, ""lexical_support"": 0.0}]"
SRC-G-0295,General,RAI4-1093,모델 개발·배포의 에너지 소비에 따른 환경 피해,Environmental harm from model development and deployment energy use,G_SOC_ENV,EM,0.767505,0.741279,0.812349,0.4,,"[{""l3_id"": ""G_SOC_ENV"", ""em_score"": 0.767505, ""hybrid_score"": 0.812349, ""keyword_prior"": 0.044844, ""lexical_support"": 0.4}, {""l3_id"": ""G_SOC_POWER"", ""em_score"": 0.585151, ""hybrid_score"": 0.588672, ""keyword_prior"": 0.00352, ""lexical_support"": 0.0}, {""l3_id"": ""G_SOC_ECON"", ""em_score"": 0.580072, ""hybrid_score"": 0.58226, ""keyword_prior"": 0.002188, ""lexical_support"": 0.0}, {""l3_id"": ""G_SOC_CULT"", ""em_score"": 0.580284, ""hybrid_score"": 0.580266, ""keyword_prior"": -1.8e-05, ""lexical_support"": 0.0}, {""l3_id"": ""G_INT_REPR"", ""em_score"": 0.5666, ""hybrid_score"": 0.576733, ""keyword_prior"": 0.010133, ""lexical_support"": 0.1}]"
SRC-G-0296,General,RAI4-1269,높은 에너지 소비,High energy consumption,G_SOC_ENV,EM,0.705077,0.672526,0.746462,0.4,,"[{""l3_id"": ""G_SOC_ENV"", ""em_score"": 0.705077, ""hybrid_score"": 0.746462, ""keyword_prior"": 0.041385, ""lexical_support"": 0.4}, {""l3_id"": ""G_SYS_OEXT"", ""em_score"": 0.62739, ""hybrid_score"": 0.634902, ""keyword_prior"": 0.007512, ""lexical_support"": 0.0}, {""l3_id"": ""G_SOC_POWER"", ""em_score"": 0.621548, ""hybrid_score"": 0.628398, ""keyword_prior"": 0.00685, ""lexical_support"": 0.0}, {""l3_id"": ""G_SOC_CULT"", ""em_score"": 0.611002, ""hybrid_score"": 0.614337, ""keyword_prior"": 0.003335, ""lexical_support"": 0.0}, {""l3_id"": ""G_SOC_ECON"", ""em_score"": 0.607578, ""hybrid_score"": 0.608298, ""keyword_prior"": 0.00072, ""lexical_support"": 0.0}]"
SRC-G-0297,General,RAI4-1374,AI 데이터센터 냉각의 과도한 용수 소비,Excessive water consumption for AI data-centre cooling,G_SOC_ENV,EM,0.73601,0.710538,1.068644,0.3,G_SOC_ENV,"[{""l3_id"": ""G_SOC_ENV"", ""em_score"": 0.73601, ""hybrid_score"": 1.068644, ""keyword_prior"": 0.332634, ""lexical_support"": 0.3}, {""l3_id"": ""G_SOC_POWER"", ""em_score"": 0.636581, ""hybrid_score"": 0.644072, ""keyword_prior"": 0.007491, ""lexical_support"": 0.0}, {""l3_id"": ""G_SOC_CULT"", ""em_score"": 0.625357, ""hybrid_score"": 0.629012, ""keyword_prior"": 0.003655, ""lexical_support"": 0.0}, {""l3_id"": ""G_SYS_CONTEST"", ""em_score"": 0.617827, ""hybrid_score"": 0.618844, ""keyword_prior"": 0.001018, ""lexical_support"": 0.0}, {""l3_id"": ""G_SOC_DEMOC"", ""em_score"": 0.617652, ""hybrid_score"": 0.618377, ""keyword_prior"": 0.000725, ""lexical_support"": 0.0}]"
SRC-G-0298,General,RAI4-1452,생물다양성 손실,Biodiversity loss,G_SOC_ENV,EM,0.724971,0.698577,0.763604,0.4,,"[{""l3_id"": ""G_SOC_ENV"", ""em_score"": 0.724971, ""hybrid_score"": 0.763604, ""keyword_prior"": 0.038633, ""lexical_support"": 0.4}, {""l3_id"": ""G_SOC_CULT"", ""em_score"": 0.695423, ""hybrid_score"": 0.70852, ""keyword_prior"": 0.013097, ""lexical_support"": 0.0}, {""l3_id"": ""G_SYS_INCONS"", ""em_score"": 0.646249, ""hybrid_score"": 0.646394, ""keyword_prior"": 0.000145, ""lexical_support"": 0.0}, {""l3_id"": ""G_SOC_POWER"", ""em_score"": 0.643048, ""hybrid_score"": 0.643131, ""keyword_prior"": 8.4e-05, ""lexical_support"": 0.0}, {""l3_id"": ""G_SOC_GOV"", ""em_score"": 0.635662, ""hybrid_score"": 0.635578, ""keyword_prior"": -8.4e-05, ""lexical_support"": 0.0}]"
SRC-G-0299,General,RAI4-1453,탄소 배출,Carbon emissions,G_SOC_ENV,EM,0.683244,0.660393,0.713406,0.2,,"[{""l3_id"": ""G_SOC_ENV"", ""em_score"": 0.683244, ""hybrid_score"": 0.713406, ""keyword_prior"": 0.030162, ""lexical_support"": 0.2}, {""l3_id"": ""G_SYS_INCONS"", ""em_score"": 0.576489, ""hybrid_score"": 0.583023, ""keyword_prior"": 0.006535, ""lexical_support"": 0.0}, {""l3_id"": ""G_SYS_TRANS"", ""em_score"": 0.559582, ""hybrid_score"": 0.56105, ""keyword_prior"": 0.001467, ""lexical_support"": 0.0}, {""l3_id"": ""G_SOC_DEMOC"", ""em_score"": 0.554077, ""hybrid_score"": 0.556302, ""keyword_prior"": 0.002225, ""lexical_support"": 0.0}, {""l3_id"": ""G_SOC_POWER"", ""em_score"": 0.546429, ""hybrid_score"": 0.54428, ""keyword_prior"": -0.002149, ""lexical_support"": 0.0}]"
SRC-G-0300,General,RAI4-1455,전자폐기물 과다 매립,Excessive electronic waste landfill,G_SOC_ENV,EM,0.71873,0.692488,0.78528,0.8,,"[{""l3_id"": ""G_SOC_ENV"", ""em_score"": 0.71873, ""hybrid_score"": 0.78528, ""keyword_prior"": 0.06655, ""lexical_support"": 0.8}, {""l3_id"": ""G_SYS_OREF"", ""em_score"": 0.659017, ""hybrid_score"": 0.666606, ""keyword_prior"": 0.007589, ""lexical_support"": 0.0}, {""l3_id"": ""G_SOC_CULT"", ""em_score"": 0.630553, ""hybrid_score"": 0.637379, ""keyword_prior"": 0.006827, ""lexical_support"": 0.0}, {""l3_id"": ""G_SYS_OEXT"", ""em_score"": 0.622435, ""hybrid_score"": 0.628237, ""keyword_prior"": 0.005802, ""lexical_support"": 0.0}, {""l3_id"": ""G_SOC_ECON"", ""em_score"": 0.616762, ""hybrid_score"": 0.616896, ""keyword_prior"": 0.000134, ""lexical_support"": 0.0}]"
SRC-G-0301,General,RAI4-1698,단일 목표 최적화에 의한 환경 부작용,Environmental side effects from singleobjective optimization,G_SOC_ENV,EM,0.654048,0.626821,0.684255,0.3,,"[{""l3_id"": ""G_SOC_ENV"", ""em_score"": 0.654048, ""hybrid_score"": 0.684255, ""keyword_prior"": 0.030207, ""lexical_support"": 0.3}, {""l3_id"": ""G_SOC_POWER"", ""em_score"": 0.600781, ""hybrid_score"": 0.614483, ""keyword_prior"": 0.013702, ""lexical_support"": 0.1}, {""l3_id"": ""G_SYS_OREF"", ""em_score"": 0.597432, ""hybrid_score"": 0.611762, ""keyword_prior"": 0.01433, ""lexical_support"": 0.2}, {""l3_id"": ""G_INT_VALUE"", ""em_score"": 0.594288, ""hybrid_score"": 0.599919, ""keyword_prior"": 0.005631, ""lexical_support"": 0.0}, {""l3_id"": ""G_SYS_INCONS"", ""em_score"": 0.592824, ""hybrid_score"": 0.595858, ""keyword_prior"": 0.003034, ""lexical_support"": 0.0}]"
SRC-G-0302,General,RAI4-0346,센서 스푸핑 및 신호 주입,Sensor spoofing and signal injection,G_SYS_SECADV,EM,0.668242,0.631051,0.67312,0.0,,"[{""l3_id"": ""G_SYS_SECADV"", ""em_score"": 0.668242, ""hybrid_score"": 0.67312, ""keyword_prior"": 0.004879, ""lexical_support"": 0.0}, {""l3_id"": ""G_SYS_MISINFO"", ""em_score"": 0.612353, ""hybrid_score"": 0.618395, ""keyword_prior"": 0.006042, ""lexical_support"": 0.0}, {""l3_id"": ""G_INT_UNETH"", ""em_score"": 0.619507, ""hybrid_score"": 0.618271, ""keyword_prior"": -0.001237, ""lexical_support"": 0.0}, {""l3_id"": ""G_SYS_INPUT"", ""em_score"": 0.596936, ""hybrid_score"": 0.599895, ""keyword_prior"": 0.002959, ""lexical_support"": 0.0}, {""l3_id"": ""G_SYS_OREF"", ""em_score"": 0.593125, ""hybrid_score"": 0.590591, ""keyword_prior"": -0.002534, ""lexical_support"": 0.0}]"
SRC-G-0303,General,RAI4-0432,민감 개인속성 추론,Sensitive personal attribute inference,G_Others,HD,0.660512,0.615694,0.663466,0.0,,"[{""l3_id"": ""G_SYS_INCONS"", ""em_score"": 0.660512, ""hybrid_score"": 0.663466, ""keyword_prior"": 0.002953, ""lexical_support"": 0.0}, {""l3_id"": ""G_SYS_TRANS"", ""em_score"": 0.651177, ""hybrid_score"": 0.654894, ""keyword_prior"": 0.003717, ""lexical_support"": 0.0}, {""l3_id"": ""G_INT_UNETH"", ""em_score"": 0.634751, ""hybrid_score"": 0.635391, ""keyword_prior"": 0.000641, ""lexical_support"": 0.0}, {""l3_id"": ""G_SYS_MISINFO"", ""em_score"": 0.626521, ""hybrid_score"": 0.627199, ""keyword_prior"": 0.000678, ""lexical_support"": 0.0}, {""l3_id"": ""G_SYS_CONTEXT"", ""em_score"": 0.623012, ""hybrid_score"": 0.623282, ""keyword_prior"": 0.000271, ""lexical_support"": 0.0}]"
SRC-G-0304,General,RAI4-1056,보호 속성 추론을 통한 프라이버시 침해,Privacy violation through inference of protected personal attributes,G_INT_PRIV,EM,0.752874,0.724771,0.798957,0.5,,"[{""l3_id"": ""G_INT_PRIV"", ""em_score"": 0.752874, ""hybrid_score"": 0.798957, ""keyword_prior"": 0.046083, ""lexical_support"": 0.5}, {""l3_id"": ""G_INT_ALLOC"", ""em_score"": 0.645216, ""hybrid_score"": 0.653227, ""keyword_prior"": 0.00801, ""lexical_support"": 0.1}, {""l3_id"": ""G_INT_UNETH"", ""em_score"": 0.646399, ""hybrid_score"": 0.647861, ""keyword_prior"": 0.001462, ""lexical_support"": 0.0}, {""l3_id"": ""G_SYS_OREF"", ""em_score"": 0.643651, ""hybrid_score"": 0.644453, ""keyword_prior"": 0.000802, ""lexical_support"": 0.0}, {""l3_id"": ""G_INT_SEX"", ""em_score"": 0.641019, ""hybrid_score"": 0.641851, ""keyword_prior"": 0.000832, ""lexical_support"": 0.0}]"
SRC-G-0305,General,RAI4-1655,LLM 기반 정교한 감시·검열에 의한 자유 억압,Suppression of liberties through LLMenabled surveillance and censorship,G_INT_PRIV,EM,0.63125,0.604264,0.663742,0.3,,"[{""l3_id"": ""G_INT_PRIV"", ""em_score"": 0.63125, ""hybrid_score"": 0.663742, ""keyword_prior"": 0.032492, ""lexical_support"": 0.3}, {""l3_id"": ""G_SOC_DEMOC"", ""em_score"": 0.583936, ""hybrid_score"": 0.587421, ""keyword_prior"": 0.003485, ""lexical_support"": 0.0}, {""l3_id"": ""G_SOC_POWER"", ""em_score"": 0.57377, ""hybrid_score"": 0.575177, ""keyword_prior"": 0.001407, ""lexical_support"": 0.0}, {""l3_id"": ""G_INT_POL"", ""em_score"": 0.571045, ""hybrid_score"": 0.574601, ""keyword_prior"": 0.003555, ""lexical_support"": 0.0}, {""l3_id"": ""G_SYS_TRANS"", ""em_score"": 0.571276, ""hybrid_score"": 0.573114, ""keyword_prior"": 0.001838, ""lexical_support"": 0.0}]"
SRC-G-0306,General,RAI4-0514,일자리에 미치는 영향,Impact on jobs,G_SOC_ECON,EM,0.784933,0.760695,0.821684,0.3,,"[{""l3_id"": ""G_SOC_ECON"", ""em_score"": 0.784933, ""hybrid_score"": 0.821684, ""keyword_prior"": 0.036751, ""lexical_support"": 0.3}, {""l3_id"": ""G_SOC_ENV"", ""em_score"": 0.663952, ""hybrid_score"": 0.674498, ""keyword_prior"": 0.010546, ""lexical_support"": 0.1}, {""l3_id"": ""G_SOC_POWER"", ""em_score"": 0.661423, ""hybrid_score"": 0.666319, ""keyword_prior"": 0.004896, ""lexical_support"": 0.0}, {""l3_id"": ""G_SYS_OEXT"", ""em_score"": 0.655246, ""hybrid_score"": 0.656605, ""keyword_prior"": 0.001359, ""lexical_support"": 0.0}, {""l3_id"": ""G_SOC_DEMOC"", ""em_score"": 0.6511, ""hybrid_score"": 0.655323, ""keyword_prior"": 0.004223, ""lexical_support"": 0.0}]"
SRC-G-0307,General,RAI4-1065,업무 자동화로 인한 고용 악화,Negative employment effects from task automation,G_SOC_ECON,EM,0.761634,0.731404,0.795953,0.3,,"[{""l3_id"": ""G_SOC_ECON"", ""em_score"": 0.761634, ""hybrid_score"": 0.795953, ""keyword_prior"": 0.034319, ""lexical_support"": 0.3}, {""l3_id"": ""G_SOC_POWER"", ""em_score"": 0.689813, ""hybrid_score"": 0.694126, ""keyword_prior"": 0.004313, ""lexical_support"": 0.0}, {""l3_id"": ""G_SOC_ENV"", ""em_score"": 0.68293, ""hybrid_score"": 0.684056, ""keyword_prior"": 0.001126, ""lexical_support"": 0.0}, {""l3_id"": ""G_SOC_DEMOC"", ""em_score"": 0.676982, ""hybrid_score"": 0.678002, ""keyword_prior"": 0.001021, ""lexical_support"": 0.0}, {""l3_id"": ""G_INT_VALUE"", ""em_score"": 0.65312, ""hybrid_score"": 0.65374, ""keyword_prior"": 0.00062, ""lexical_support"": 0.0}]"
SRC-G-0308,General,RAI4-1232,산업 교란,Disruption of industries,G_SOC_ECON,EM,0.782563,0.755853,0.810529,0.3,,"[{""l3_id"": ""G_SOC_ECON"", ""em_score"": 0.782563, ""hybrid_score"": 0.810529, ""keyword_prior"": 0.027966, ""lexical_support"": 0.3}, {""l3_id"": ""G_SOC_CULT"", ""em_score"": 0.694066, ""hybrid_score"": 0.694203, ""keyword_prior"": 0.000137, ""lexical_support"": 0.0}, {""l3_id"": ""G_SOC_GOV"", ""em_score"": 0.676352, ""hybrid_score"": 0.678736, ""keyword_prior"": 0.002384, ""lexical_support"": 0.0}, {""l3_id"": ""G_SYS_CONTEST"", ""em_score"": 0.665229, ""hybrid_score"": 0.675748, ""keyword_prior"": 0.010519, ""lexical_support"": 0.0}, {""l3_id"": ""G_SOC_POWER"", ""em_score"": 0.675468, ""hybrid_score"": 0.671402, ""keyword_prior"": -0.004066, ""lexical_support"": 0.0}]"
SRC-G-0309,General,RAI4-1445,불평등과 기술적 충격에 따른 사회 불안정,Societal destabilisation from inequality and technological disruption,G_SOC_ECON,EM,0.79834,0.774894,0.833941,0.3,,"[{""l3_id"": ""G_SOC_ECON"", ""em_score"": 0.79834, ""hybrid_score"": 0.833941, ""keyword_prior"": 0.0356, ""lexical_support"": 0.3}, {""l3_id"": ""G_SOC_POWER"", ""em_score"": 0.764939, ""hybrid_score"": 0.800987, ""keyword_prior"": 0.036048, ""lexical_support"": 0.3}, {""l3_id"": ""G_SOC_DEMOC"", ""em_score"": 0.722962, ""hybrid_score"": 0.736292, ""keyword_prior"": 0.01333, ""lexical_support"": 0.1}, {""l3_id"": ""G_SYS_TRANS"", ""em_score"": 0.70211, ""hybrid_score"": 0.704722, ""keyword_prior"": 0.002612, ""lexical_support"": 0.0}, {""l3_id"": ""G_SOC_GOV"", ""em_score"": 0.697127, ""hybrid_score"": 0.699021, ""keyword_prior"": 0.001894, ""lexical_support"": 0.0}]"
SRC-G-0310,General,RAI4-1662,아웃소싱 축소에 의한 개발도상국 경제 타격,Harm to developing economies from retrenchment of outsourcing,G_SOC_ECON,EM,0.709261,0.67982,0.739201,0.2,,"[{""l3_id"": ""G_SOC_ECON"", ""em_score"": 0.709261, ""hybrid_score"": 0.739201, ""keyword_prior"": 0.02994, ""lexical_support"": 0.2}, {""l3_id"": ""G_SOC_POWER"", ""em_score"": 0.660272, ""hybrid_score"": 0.667954, ""keyword_prior"": 0.007682, ""lexical_support"": 0.0}, {""l3_id"": ""G_SOC_ENV"", ""em_score"": 0.621609, ""hybrid_score"": 0.629924, ""keyword_prior"": 0.008315, ""lexical_support"": 0.0}, {""l3_id"": ""G_SOC_GOV"", ""em_score"": 0.620483, ""hybrid_score"": 0.623073, ""keyword_prior"": 0.00259, ""lexical_support"": 0.0}, {""l3_id"": ""G_SYS_OEXT"", ""em_score"": 0.614974, ""hybrid_score"": 0.615645, ""keyword_prior"": 0.00067, ""lexical_support"": 0.0}]"
SRC-G-0311,General,RAI4-0384,남반구 지식 추출,Global South knowledge extraction,G_Others,HD,0.693924,0.660693,0.706618,0.0,,"[{""l3_id"": ""G_INT_ALLOC"", ""em_score"": 0.693924, ""hybrid_score"": 0.706618, ""keyword_prior"": 0.012694, ""lexical_support"": 0.0}, {""l3_id"": ""G_SOC_CULT"", ""em_score"": 0.661762, ""hybrid_score"": 0.685935, ""keyword_prior"": 0.024173, ""lexical_support"": 0.3}, {""l3_id"": ""G_SOC_POWER"", ""em_score"": 0.651407, ""hybrid_score"": 0.659553, ""keyword_prior"": 0.008146, ""lexical_support"": 0.0}, {""l3_id"": ""G_SYS_OEXT"", ""em_score"": 0.649967, ""hybrid_score"": 0.653658, ""keyword_prior"": 0.003691, ""lexical_support"": 0.0}, {""l3_id"": ""G_SYS_CONTEXT"", ""em_score"": 0.651488, ""hybrid_score"": 0.649828, ""keyword_prior"": -0.00166, ""lexical_support"": 0.0}]"
SRC-G-0312,General,RAI4-0458,AI 도입에 따른 임금 양극화,Wage polarisation associated with AI adoption,G_SOC_ECON,EM,0.729791,0.696333,0.787018,0.7,,"[{""l3_id"": ""G_SOC_ECON"", ""em_score"": 0.729791, ""hybrid_score"": 0.787018, ""keyword_prior"": 0.057226, ""lexical_support"": 0.7}, {""l3_id"": ""G_SOC_POWER"", ""em_score"": 0.723372, ""hybrid_score"": 0.738385, ""keyword_prior"": 0.015013, ""lexical_support"": 0.0}, {""l3_id"": ""G_INT_VALUE"", ""em_score"": 0.702462, ""hybrid_score"": 0.723254, ""keyword_prior"": 0.020792, ""lexical_support"": 0.1}, {""l3_id"": ""G_SOC_CULT"", ""em_score"": 0.667828, ""hybrid_score"": 0.669333, ""keyword_prior"": 0.001505, ""lexical_support"": 0.0}, {""l3_id"": ""G_SYS_CONTEST"", ""em_score"": 0.664052, ""hybrid_score"": 0.668893, ""keyword_prior"": 0.004841, ""lexical_support"": 0.0}]"
SRC-G-0313,General,RAI4-0461,연산 자원 접근 불평등,Compute inequality,G_SOC_POWER,EM,0.780464,0.756762,0.819259,0.4,,"[{""l3_id"": ""G_SOC_POWER"", ""em_score"": 0.780464, ""hybrid_score"": 0.819259, ""keyword_prior"": 0.038796, ""lexical_support"": 0.4}, {""l3_id"": ""G_INT_ALLOC"", ""em_score"": 0.728986, ""hybrid_score"": 0.734679, ""keyword_prior"": 0.005693, ""lexical_support"": 0.0}, {""l3_id"": ""G_SYS_CONTEST"", ""em_score"": 0.69282, ""hybrid_score"": 0.698469, ""keyword_prior"": 0.005649, ""lexical_support"": 0.0}, {""l3_id"": ""G_SYS_TRANS"", ""em_score"": 0.690614, ""hybrid_score"": 0.694594, ""keyword_prior"": 0.003981, ""lexical_support"": 0.0}, {""l3_id"": ""G_SOC_GOV"", ""em_score"": 0.689777, ""hybrid_score"": 0.693765, ""keyword_prior"": 0.003988, ""lexical_support"": 0.0}]"
SRC-G-0314,General,RAI4-0505,AI 개발 과정의 노동 착취,Labor exploitation in AI development,G_SOC_POWER,EM,0.731509,0.699914,0.746249,0.1,,"[{""l3_id"": ""G_SOC_POWER"", ""em_score"": 0.731509, ""hybrid_score"": 0.746249, ""keyword_prior"": 0.01474, ""lexical_support"": 0.1}, {""l3_id"": ""G_SOC_ECON"", ""em_score"": 0.701965, ""hybrid_score"": 0.706477, ""keyword_prior"": 0.004512, ""lexical_support"": 0.0}, {""l3_id"": ""G_INT_UNETH"", ""em_score"": 0.687158, ""hybrid_score"": 0.693671, ""keyword_prior"": 0.006513, ""lexical_support"": 0.0}, {""l3_id"": ""G_SOC_ENV"", ""em_score"": 0.683964, ""hybrid_score"": 0.686535, ""keyword_prior"": 0.002571, ""lexical_support"": 0.0}, {""l3_id"": ""G_INT_VALUE"", ""em_score"": 0.679702, ""hybrid_score"": 0.683915, ""keyword_prior"": 0.004212, ""lexical_support"": 0.0}]"
SRC-G-0315,General,RAI4-0509,글로벌 AI 격차와 불평등,Global AI divide and inequality,G_SOC_POWER,EM,0.826881,0.806035,0.870549,0.4,,"[{""l3_id"": ""G_SOC_POWER"", ""em_score"": 0.826881, ""hybrid_score"": 0.870549, ""keyword_prior"": 0.043668, ""lexical_support"": 0.4}, {""l3_id"": ""G_INT_ALLOC"", ""em_score"": 0.718471, ""hybrid_score"": 0.729565, ""keyword_prior"": 0.011094, ""lexical_support"": 0.0}, {""l3_id"": ""G_SOC_ECON"", ""em_score"": 0.711084, ""hybrid_score"": 0.724995, ""keyword_prior"": 0.01391, ""lexical_support"": 0.1}, {""l3_id"": ""G_SOC_GOV"", ""em_score"": 0.684471, ""hybrid_score"": 0.691956, ""keyword_prior"": 0.007484, ""lexical_support"": 0.0}, {""l3_id"": ""G_INT_VALUE"", ""em_score"": 0.680528, ""hybrid_score"": 0.686988, ""keyword_prior"": 0.00646, ""lexical_support"": 0.0}]"
SRC-G-0316,General,RAI4-1011,노동 착취와 거시경제적 불평등 심화,Labor exploitation and macro-economic inequality,G_SOC_POWER,EM,0.780689,0.757216,0.827945,0.5,,"[{""l3_id"": ""G_SOC_POWER"", ""em_score"": 0.780689, ""hybrid_score"": 0.827945, ""keyword_prior"": 0.047256, ""lexical_support"": 0.5}, {""l3_id"": ""G_SOC_ECON"", ""em_score"": 0.755887, ""hybrid_score"": 0.774793, ""keyword_prior"": 0.018906, ""lexical_support"": 0.1}, {""l3_id"": ""G_INT_UNETH"", ""em_score"": 0.703677, ""hybrid_score"": 0.710906, ""keyword_prior"": 0.007229, ""lexical_support"": 0.1}, {""l3_id"": ""G_SOC_DEMOC"", ""em_score"": 0.695682, ""hybrid_score"": 0.696393, ""keyword_prior"": 0.000711, ""lexical_support"": 0.0}, {""l3_id"": ""G_SOC_CULT"", ""em_score"": 0.684246, ""hybrid_score"": 0.686457, ""keyword_prior"": 0.00221, ""lexical_support"": 0.0}]"
SRC-G-0317,General,RAI4-1022,높은 비용으로 인한 접근 배제,Exclusion from access due to high costs,G_SYS_CONTEST,EM,0.720179,0.673417,0.730633,0.0,,"[{""l3_id"": ""G_SYS_CONTEST"", ""em_score"": 0.720179, ""hybrid_score"": 0.730633, ""keyword_prior"": 0.010454, ""lexical_support"": 0.0}, {""l3_id"": ""G_SOC_POWER"", ""em_score"": 0.703446, ""hybrid_score"": 0.710618, ""keyword_prior"": 0.007172, ""lexical_support"": 0.0}, {""l3_id"": ""G_SYS_TRANS"", ""em_score"": 0.694237, ""hybrid_score"": 0.700403, ""keyword_prior"": 0.006166, ""lexical_support"": 0.0}, {""l3_id"": ""G_SYS_OREF"", ""em_score"": 0.678609, ""hybrid_score"": 0.69303, ""keyword_prior"": 0.014421, ""lexical_support"": 0.0}, {""l3_id"": ""G_SYS_OEXT"", ""em_score"": 0.683677, ""hybrid_score"": 0.690518, ""keyword_prior"": 0.006841, ""lexical_support"": 0.0}]"
SRC-G-0318,General,RAI4-1224,디지털 격차 확대,Widening digital divide,G_SOC_POWER,EM,0.709683,0.677438,0.743599,0.4,,"[{""l3_id"": ""G_SOC_POWER"", ""em_score"": 0.709683, ""hybrid_score"": 0.743599, ""keyword_prior"": 0.033916, ""lexical_support"": 0.4}, {""l3_id"": ""G_SYS_CONTEST"", ""em_score"": 0.683863, ""hybrid_score"": 0.705879, ""keyword_prior"": 0.022016, ""lexical_support"": 0.2}, {""l3_id"": ""G_SOC_CULT"", ""em_score"": 0.677797, ""hybrid_score"": 0.68432, ""keyword_prior"": 0.006523, ""lexical_support"": 0.1}, {""l3_id"": ""G_SOC_GOV"", ""em_score"": 0.679063, ""hybrid_score"": 0.680925, ""keyword_prior"": 0.001862, ""lexical_support"": 0.0}, {""l3_id"": ""G_SOC_ECON"", ""em_score"": 0.663944, ""hybrid_score"": 0.665677, ""keyword_prior"": 0.001733, ""lexical_support"": 0.0}]"
SRC-G-0319,General,RAI4-1233,사회경제적 불평등 증폭과 AI 이익의 집중,Amplified socioeconomic inequality and concentration of AI gains,G_SOC_POWER,EM,0.862987,0.843628,0.906445,0.4,,"[{""l3_id"": ""G_SOC_POWER"", ""em_score"": 0.862987, ""hybrid_score"": 0.906445, ""keyword_prior"": 0.043459, ""lexical_support"": 0.4}, {""l3_id"": ""G_SOC_ECON"", ""em_score"": 0.741857, ""hybrid_score"": 0.768707, ""keyword_prior"": 0.026851, ""lexical_support"": 0.3}, {""l3_id"": ""G_INT_VALUE"", ""em_score"": 0.740974, ""hybrid_score"": 0.74908, ""keyword_prior"": 0.008106, ""lexical_support"": 0.0}, {""l3_id"": ""G_INT_ALLOC"", ""em_score"": 0.731126, ""hybrid_score"": 0.737545, ""keyword_prior"": 0.006419, ""lexical_support"": 0.0}, {""l3_id"": ""G_SOC_CULT"", ""em_score"": 0.703277, ""hybrid_score"": 0.706172, ""keyword_prior"": 0.002896, ""lexical_support"": 0.0}]"
SRC-G-0320,General,RAI4-1404,데이터 노동 저평가·비가시화,Undervalued and invisible data labor,G_Others,HD,0.64208,0.612261,0.65006,0.0,,"[{""l3_id"": ""G_SOC_POWER"", ""em_score"": 0.64208, ""hybrid_score"": 0.65006, ""keyword_prior"": 0.00798, ""lexical_support"": 0.0}, {""l3_id"": ""G_SYS_CONTEST"", ""em_score"": 0.636457, ""hybrid_score"": 0.641412, ""keyword_prior"": 0.004954, ""lexical_support"": 0.0}, {""l3_id"": ""G_INT_VALUE"", ""em_score"": 0.630762, ""hybrid_score"": 0.640069, ""keyword_prior"": 0.009307, ""lexical_support"": 0.0}, {""l3_id"": ""G_SOC_ECON"", ""em_score"": 0.620084, ""hybrid_score"": 0.627915, ""keyword_prior"": 0.007831, ""lexical_support"": 0.0}, {""l3_id"": ""G_INT_ALLOC"", ""em_score"": 0.62096, ""hybrid_score"": 0.621044, ""keyword_prior"": 8.4e-05, ""lexical_support"": 0.0}]"
SRC-G-0321,General,RAI4-1661,자본편중·시장집중·접근격차에 의한 불평등 심화,"Worsening inequality from capital shift, market concentration, and access gaps",G_SOC_POWER,EM,0.723342,0.703601,0.779531,0.6,,"[{""l3_id"": ""G_SOC_POWER"", ""em_score"": 0.723342, ""hybrid_score"": 0.779531, ""keyword_prior"": 0.056189, ""lexical_support"": 0.6}, {""l3_id"": ""G_SOC_ECON"", ""em_score"": 0.629705, ""hybrid_score"": 0.6339, ""keyword_prior"": 0.004194, ""lexical_support"": 0.0}, {""l3_id"": ""G_SYS_TRANS"", ""em_score"": 0.587072, ""hybrid_score"": 0.592245, ""keyword_prior"": 0.005173, ""lexical_support"": 0.0}, {""l3_id"": ""G_INT_VALUE"", ""em_score"": 0.583681, ""hybrid_score"": 0.587253, ""keyword_prior"": 0.003573, ""lexical_support"": 0.0}, {""l3_id"": ""G_SOC_CULT"", ""em_score"": 0.579198, ""hybrid_score"": 0.58184, ""keyword_prior"": 0.002642, ""lexical_support"": 0.0}]"
SRC-G-0322,General,RAI4-0086,규제 차익거래,Regulatory arbitrage,G_Others,HD,0.723065,0.694701,0.727913,0.0,,"[{""l3_id"": ""G_SYS_OEXT"", ""em_score"": 0.723065, ""hybrid_score"": 0.727913, ""keyword_prior"": 0.004847, ""lexical_support"": 0.0}, {""l3_id"": ""G_INT_VALUE"", ""em_score"": 0.702251, ""hybrid_score"": 0.709052, ""keyword_prior"": 0.006801, ""lexical_support"": 0.0}, {""l3_id"": ""G_SOC_GOV"", ""em_score"": 0.68079, ""hybrid_score"": 0.686576, ""keyword_prior"": 0.005787, ""lexical_support"": 0.0}, {""l3_id"": ""G_SYS_CONTEST"", ""em_score"": 0.678856, ""hybrid_score"": 0.684983, ""keyword_prior"": 0.006127, ""lexical_support"": 0.0}, {""l3_id"": ""G_SOC_POWER"", ""em_score"": 0.67664, ""hybrid_score"": 0.678724, ""keyword_prior"": 0.002084, ""lexical_support"": 0.0}]"
SRC-G-0323,General,RAI4-0383,디지털 식민주의,Digital colonialism,G_Others,HD,0.764043,0.739064,0.770313,0.0,,"[{""l3_id"": ""G_SOC_POWER"", ""em_score"": 0.764043, ""hybrid_score"": 0.770313, ""keyword_prior"": 0.00627, ""lexical_support"": 0.0}, {""l3_id"": ""G_SOC_DEMOC"", ""em_score"": 0.742511, ""hybrid_score"": 0.750821, ""keyword_prior"": 0.00831, ""lexical_support"": 0.0}, {""l3_id"": ""G_INT_VALUE"", ""em_score"": 0.719149, ""hybrid_score"": 0.724279, ""keyword_prior"": 0.005131, ""lexical_support"": 0.0}, {""l3_id"": ""G_INT_POL"", ""em_score"": 0.71173, ""hybrid_score"": 0.712124, ""keyword_prior"": 0.000394, ""lexical_support"": 0.0}, {""l3_id"": ""G_SOC_CULT"", ""em_score"": 0.702183, ""hybrid_score"": 0.701918, ""keyword_prior"": -0.000265, ""lexical_support"": 0.0}]"
SRC-G-0324,General,RAI4-0415,문화 해석 권위의 이전,Redistribution of cultural authority,G_SYS_OEXT,EM,0.740243,0.715074,0.764864,0.2,,"[{""l3_id"": ""G_SYS_OEXT"", ""em_score"": 0.740243, ""hybrid_score"": 0.764864, ""keyword_prior"": 0.024621, ""lexical_support"": 0.2}, {""l3_id"": ""G_INT_VALUE"", ""em_score"": 0.729722, ""hybrid_score"": 0.740161, ""keyword_prior"": 0.010439, ""lexical_support"": 0.0}, {""l3_id"": ""G_SOC_CULT"", ""em_score"": 0.713351, ""hybrid_score"": 0.73895, ""keyword_prior"": 0.025599, ""lexical_support"": 0.3}, {""l3_id"": ""G_SOC_POWER"", ""em_score"": 0.710503, ""hybrid_score"": 0.718154, ""keyword_prior"": 0.007651, ""lexical_support"": 0.0}, {""l3_id"": ""G_SOC_GOV"", ""em_score"": 0.671905, ""hybrid_score"": 0.671657, ""keyword_prior"": -0.000248, ""lexical_support"": 0.0}]"
SRC-G-0325,General,RAI4-0460,AI 권력·시장 지배력의 집중,Concentration of AI power and market control,G_SOC_POWER,EM,0.868,0.851322,0.93302,0.8,,"[{""l3_id"": ""G_SOC_POWER"", ""em_score"": 0.868, ""hybrid_score"": 0.93302, ""keyword_prior"": 0.06502, ""lexical_support"": 0.8}, {""l3_id"": ""G_INT_VALUE"", ""em_score"": 0.739649, ""hybrid_score"": 0.745422, ""keyword_prior"": 0.005773, ""lexical_support"": 0.0}, {""l3_id"": ""G_SOC_ECON"", ""em_score"": 0.730411, ""hybrid_score"": 0.739291, ""keyword_prior"": 0.00888, ""lexical_support"": 0.1}, {""l3_id"": ""G_SOC_GOV"", ""em_score"": 0.733515, ""hybrid_score"": 0.737557, ""keyword_prior"": 0.004043, ""lexical_support"": 0.0}, {""l3_id"": ""G_INT_POL"", ""em_score"": 0.719992, ""hybrid_score"": 0.731375, ""keyword_prior"": 0.011383, ""lexical_support"": 0.1}]"
SRC-G-0326,General,RAI4-0491,알고리즘 획일화,Algorithmic monoculture,G_INT_VALUE,EM,0.769201,0.744384,0.788872,0.0,,"[{""l3_id"": ""G_INT_VALUE"", ""em_score"": 0.769201, ""hybrid_score"": 0.788872, ""keyword_prior"": 0.01967, ""lexical_support"": 0.0}, {""l3_id"": ""G_SOC_CULT"", ""em_score"": 0.728724, ""hybrid_score"": 0.747249, ""keyword_prior"": 0.018525, ""lexical_support"": 0.0}, {""l3_id"": ""G_SOC_POWER"", ""em_score"": 0.723526, ""hybrid_score"": 0.731219, ""keyword_prior"": 0.007694, ""lexical_support"": 0.0}, {""l3_id"": ""G_SYS_OEXT"", ""em_score"": 0.69165, ""hybrid_score"": 0.692369, ""keyword_prior"": 0.00072, ""lexical_support"": 0.0}, {""l3_id"": ""G_SYS_CONTEST"", ""em_score"": 0.681317, ""hybrid_score"": 0.685305, ""keyword_prior"": 0.003989, ""lexical_support"": 0.0}]"
SRC-G-0327,General,RAI4-0499,AI 공급자 종속,AI provider lock-in dependency,G_Others,HD,0.735373,0.700348,0.746863,0.0,,"[{""l3_id"": ""G_SOC_GOV"", ""em_score"": 0.735373, ""hybrid_score"": 0.746863, ""keyword_prior"": 0.011489, ""lexical_support"": 0.0}, {""l3_id"": ""G_SYS_OEXT"", ""em_score"": 0.732503, ""hybrid_score"": 0.742228, ""keyword_prior"": 0.009725, ""lexical_support"": 0.0}, {""l3_id"": ""G_SYS_CONTEST"", ""em_score"": 0.72465, ""hybrid_score"": 0.738621, ""keyword_prior"": 0.013972, ""lexical_support"": 0.0}, {""l3_id"": ""G_SYS_TRANS"", ""em_score"": 0.714564, ""hybrid_score"": 0.732519, ""keyword_prior"": 0.017955, ""lexical_support"": 0.2}, {""l3_id"": ""G_SOC_POWER"", ""em_score"": 0.721053, ""hybrid_score"": 0.726895, ""keyword_prior"": 0.005842, ""lexical_support"": 0.0}]"
SRC-G-0328,General,RAI4-0510,AI 역량 비대칭에 따른 권력 불균형과 지정학 적 긴장,Power asymmetries and geopolitical tension from AI capability,G_SOC_POWER,EM,0.782794,0.757452,0.812557,0.2,,"[{""l3_id"": ""G_SOC_POWER"", ""em_score"": 0.782794, ""hybrid_score"": 0.812557, ""keyword_prior"": 0.029764, ""lexical_support"": 0.2}, {""l3_id"": ""G_SYS_OEXT"", ""em_score"": 0.71014, ""hybrid_score"": 0.720392, ""keyword_prior"": 0.010252, ""lexical_support"": 0.1}, {""l3_id"": ""G_INT_POL"", ""em_score"": 0.71087, ""hybrid_score"": 0.719416, ""keyword_prior"": 0.008546, ""lexical_support"": 0.0}, {""l3_id"": ""G_SOC_GOV"", ""em_score"": 0.714262, ""hybrid_score"": 0.716943, ""keyword_prior"": 0.002681, ""lexical_support"": 0.0}, {""l3_id"": ""G_SYS_CONTEST"", ""em_score"": 0.702279, ""hybrid_score"": 0.70667, ""keyword_prior"": 0.004391, ""lexical_support"": 0.0}]"
SRC-G-0329,General,RAI4-0544,승자독식 역학,Winner-take-all dynamics,G_SOC_POWER,EM,0.747029,0.724822,0.769018,0.1,,"[{""l3_id"": ""G_SOC_POWER"", ""em_score"": 0.747029, ""hybrid_score"": 0.769018, ""keyword_prior"": 0.021989, ""lexical_support"": 0.1}, {""l3_id"": ""G_INT_VALUE"", ""em_score"": 0.67982, ""hybrid_score"": 0.68877, ""keyword_prior"": 0.00895, ""lexical_support"": 0.0}, {""l3_id"": ""G_SOC_ECON"", ""em_score"": 0.649795, ""hybrid_score"": 0.656713, ""keyword_prior"": 0.006919, ""lexical_support"": 0.1}, {""l3_id"": ""G_SOC_GOV"", ""em_score"": 0.641621, ""hybrid_score"": 0.645726, ""keyword_prior"": 0.004105, ""lexical_support"": 0.1}, {""l3_id"": ""G_SYS_OEXT"", ""em_score"": 0.635512, ""hybrid_score"": 0.637021, ""keyword_prior"": 0.00151, ""lexical_support"": 0.0}]"
SRC-G-0330,General,RAI4-0568,법적 제한 우회형 데이터 수집에 의한 규제 위반,Regulatory violation through circumventive data acquisition,G_Others,HD,0.72012,0.691034,0.72548,0.0,,"[{""l3_id"": ""G_SYS_OEXT"", ""em_score"": 0.72012, ""hybrid_score"": 0.72548, ""keyword_prior"": 0.00536, ""lexical_support"": 0.0}, {""l3_id"": ""G_SYS_OREF"", ""em_score"": 0.69473, ""hybrid_score"": 0.703031, ""keyword_prior"": 0.008301, ""lexical_support"": 0.0}, {""l3_id"": ""G_SYS_CONTEST"", ""em_score"": 0.693956, ""hybrid_score"": 0.698838, ""keyword_prior"": 0.004882, ""lexical_support"": 0.0}, {""l3_id"": ""G_INT_UNETH"", ""em_score"": 0.694649, ""hybrid_score"": 0.696508, ""keyword_prior"": 0.001858, ""lexical_support"": 0.0}, {""l3_id"": ""G_SYS_INPUT"", ""em_score"": 0.685719, ""hybrid_score"": 0.69164, ""keyword_prior"": 0.005921, ""lexical_support"": 0.0}]"
SRC-G-0331,General,RAI4-0731,공통 AI 플랫폼 집중에 따른 단일 장애점,Centralized points of failure from common AI platforms,G_SOC_POWER,EM,0.719741,0.69262,0.741428,0.1,,"[{""l3_id"": ""G_SOC_POWER"", ""em_score"": 0.719741, ""hybrid_score"": 0.741428, ""keyword_prior"": 0.021688, ""lexical_support"": 0.1}, {""l3_id"": ""G_SYS_INPUT"", ""em_score"": 0.66204, ""hybrid_score"": 0.679989, ""keyword_prior"": 0.017949, ""lexical_support"": 0.2}, {""l3_id"": ""G_SYS_CONTEXT"", ""em_score"": 0.653977, ""hybrid_score"": 0.671286, ""keyword_prior"": 0.017309, ""lexical_support"": 0.2}, {""l3_id"": ""G_SOC_GOV"", ""em_score"": 0.669116, ""hybrid_score"": 0.671059, ""keyword_prior"": 0.001943, ""lexical_support"": 0.0}, {""l3_id"": ""G_SOC_CULT"", ""em_score"": 0.665203, ""hybrid_score"": 0.669851, ""keyword_prior"": 0.004649, ""lexical_support"": 0.0}]"
SRC-G-0332,General,RAI4-0960,표적 설득을 통한 대규모 조작의 산업화,Industrialised mass manipulation through targeted persuasion,G_INT_POL,EM,0.778178,0.753308,0.816528,0.4,,"[{""l3_id"": ""G_INT_POL"", ""em_score"": 0.778178, ""hybrid_score"": 0.816528, ""keyword_prior"": 0.03835, ""lexical_support"": 0.4}, {""l3_id"": ""G_SOC_POWER"", ""em_score"": 0.730403, ""hybrid_score"": 0.739156, ""keyword_prior"": 0.008753, ""lexical_support"": 0.0}, {""l3_id"": ""G_SOC_ECON"", ""em_score"": 0.718488, ""hybrid_score"": 0.735028, ""keyword_prior"": 0.01654, ""lexical_support"": 0.2}, {""l3_id"": ""G_SYS_MISINFO"", ""em_score"": 0.720248, ""hybrid_score"": 0.726566, ""keyword_prior"": 0.006317, ""lexical_support"": 0.0}, {""l3_id"": ""G_INT_UNETH"", ""em_score"": 0.703906, ""hybrid_score"": 0.724637, ""keyword_prior"": 0.02073, ""lexical_support"": 0.3}]"
SRC-G-0333,General,RAI4-1251,가치 고정,Value lock-in,G_INT_VALUE,EM,0.750745,0.724254,0.777719,0.2,,"[{""l3_id"": ""G_INT_VALUE"", ""em_score"": 0.750745, ""hybrid_score"": 0.777719, ""keyword_prior"": 0.026974, ""lexical_support"": 0.2}, {""l3_id"": ""G_SOC_POWER"", ""em_score"": 0.736177, ""hybrid_score"": 0.746474, ""keyword_prior"": 0.010297, ""lexical_support"": 0.0}, {""l3_id"": ""G_SYS_CONTEST"", ""em_score"": 0.696455, ""hybrid_score"": 0.706582, ""keyword_prior"": 0.010126, ""lexical_support"": 0.0}, {""l3_id"": ""G_INT_PRIV"", ""em_score"": 0.68689, ""hybrid_score"": 0.70291, ""keyword_prior"": 0.01602, ""lexical_support"": 0.2}, {""l3_id"": ""G_SYS_TRANS"", ""em_score"": 0.69163, ""hybrid_score"": 0.698643, ""keyword_prior"": 0.007013, ""lexical_support"": 0.0}]"
SRC-G-0334,General,RAI4-1414,AI 지식의 사유화,Privatization of AI knowledge,G_SOC_POWER,EM,0.684934,0.654205,0.691893,0.0,,"[{""l3_id"": ""G_SOC_POWER"", ""em_score"": 0.684934, ""hybrid_score"": 0.691893, ""keyword_prior"": 0.006959, ""lexical_support"": 0.0}, {""l3_id"": ""G_INT_VALUE"", ""em_score"": 0.662972, ""hybrid_score"": 0.673784, ""keyword_prior"": 0.010811, ""lexical_support"": 0.0}, {""l3_id"": ""G_SOC_ECON"", ""em_score"": 0.661075, ""hybrid_score"": 0.660869, ""keyword_prior"": -0.000206, ""lexical_support"": 0.0}, {""l3_id"": ""G_SOC_CULT"", ""em_score"": 0.646106, ""hybrid_score"": 0.659789, ""keyword_prior"": 0.013684, ""lexical_support"": 0.1}, {""l3_id"": ""G_SYS_CONTEST"", ""em_score"": 0.641429, ""hybrid_score"": 0.646622, ""keyword_prior"": 0.005193, ""lexical_support"": 0.0}]"
SRC-G-0335,General,RAI4-1663,기업 권력 비대칭에 의한 규제 포획,Regulatory capture from corporate power asymmetry,G_SOC_POWER,EM,0.683337,0.660732,0.716342,0.3,,"[{""l3_id"": ""G_SOC_POWER"", ""em_score"": 0.683337, ""hybrid_score"": 0.716342, ""keyword_prior"": 0.033005, ""lexical_support"": 0.3}, {""l3_id"": ""G_SOC_GOV"", ""em_score"": 0.628015, ""hybrid_score"": 0.641955, ""keyword_prior"": 0.01394, ""lexical_support"": 0.1}, {""l3_id"": ""G_INT_VALUE"", ""em_score"": 0.609186, ""hybrid_score"": 0.618284, ""keyword_prior"": 0.009099, ""lexical_support"": 0.0}, {""l3_id"": ""G_SYS_TRANS"", ""em_score"": 0.610757, ""hybrid_score"": 0.614526, ""keyword_prior"": 0.003769, ""lexical_support"": 0.0}, {""l3_id"": ""G_INT_UNETH"", ""em_score"": 0.586663, ""hybrid_score"": 0.588997, ""keyword_prior"": 0.002334, ""lexical_support"": 0.0}]"
SRC-G-0336,General,RAI4-0120,선호 형성 캡처,Preference formation capture,G_Others,HD,0.683804,0.651401,0.688202,0.0,,"[{""l3_id"": ""G_INT_VALUE"", ""em_score"": 0.683804, ""hybrid_score"": 0.688202, ""keyword_prior"": 0.004398, ""lexical_support"": 0.0}, {""l3_id"": ""G_SYS_OREF"", ""em_score"": 0.670972, ""hybrid_score"": 0.677623, ""keyword_prior"": 0.006651, ""lexical_support"": 0.0}, {""l3_id"": ""G_SYS_OEXT"", ""em_score"": 0.665789, ""hybrid_score"": 0.664294, ""keyword_prior"": -0.001495, ""lexical_support"": 0.0}, {""l3_id"": ""G_SYS_INPUT"", ""em_score"": 0.659285, ""hybrid_score"": 0.663415, ""keyword_prior"": 0.00413, ""lexical_support"": 0.0}, {""l3_id"": ""G_SYS_MISINFO"", ""em_score"": 0.662059, ""hybrid_score"": 0.662168, ""keyword_prior"": 0.000109, ""lexical_support"": 0.0}]"
SRC-G-0337,General,RAI4-0425,사회집단의 재현적 피해·고정관념 및 비가시화,"Representational harm, stereotyping, and erasure of social groups",G_INT_REPR,EM,0.846298,0.823844,0.912762,0.8,,"[{""l3_id"": ""G_INT_REPR"", ""em_score"": 0.846298, ""hybrid_score"": 0.912762, ""keyword_prior"": 0.066464, ""lexical_support"": 0.8}, {""l3_id"": ""G_INT_VALUE"", ""em_score"": 0.770221, ""hybrid_score"": 0.784639, ""keyword_prior"": 0.014418, ""lexical_support"": 0.1}, {""l3_id"": ""G_INT_UNETH"", ""em_score"": 0.743008, ""hybrid_score"": 0.745523, ""keyword_prior"": 0.002515, ""lexical_support"": 0.0}, {""l3_id"": ""G_SOC_POWER"", ""em_score"": 0.742843, ""hybrid_score"": 0.745055, ""keyword_prior"": 0.002212, ""lexical_support"": 0.0}, {""l3_id"": ""G_SOC_DEMOC"", ""em_score"": 0.717474, ""hybrid_score"": 0.717417, ""keyword_prior"": -5.7e-05, ""lexical_support"": 0.0}]"
SRC-G-0338,General,RAI4-0676,사회 집단에 대한 모델의 차별적 결정과 산출,Discriminatory model decisions and outputs against social groups,G_INT_REPR,EM,0.778602,0.747024,0.821007,0.4,,"[{""l3_id"": ""G_INT_REPR"", ""em_score"": 0.778602, ""hybrid_score"": 0.821007, ""keyword_prior"": 0.042405, ""lexical_support"": 0.4}, {""l3_id"": ""G_INT_ALLOC"", ""em_score"": 0.771275, ""hybrid_score"": 0.790701, ""keyword_prior"": 0.019426, ""lexical_support"": 0.1}, {""l3_id"": ""G_INT_VALUE"", ""em_score"": 0.701833, ""hybrid_score"": 0.715589, ""keyword_prior"": 0.013757, ""lexical_support"": 0.1}, {""l3_id"": ""G_SOC_POWER"", ""em_score"": 0.688884, ""hybrid_score"": 0.694755, ""keyword_prior"": 0.00587, ""lexical_support"": 0.0}, {""l3_id"": ""G_SYS_INCONS"", ""em_score"": 0.685241, ""hybrid_score"": 0.689694, ""keyword_prior"": 0.004453, ""lexical_support"": 0.0}]"
SRC-G-0339,General,RAI4-0697,개발자 가치 각인 편향,Developer value embedding bias,G_INT_VALUE,EM,0.720162,0.687095,0.754597,0.3,,"[{""l3_id"": ""G_INT_VALUE"", ""em_score"": 0.720162, ""hybrid_score"": 0.754597, ""keyword_prior"": 0.034435, ""lexical_support"": 0.3}, {""l3_id"": ""G_SYS_OEXT"", ""em_score"": 0.629767, ""hybrid_score"": 0.635126, ""keyword_prior"": 0.005359, ""lexical_support"": 0.0}, {""l3_id"": ""G_SYS_TRANS"", ""em_score"": 0.630602, ""hybrid_score"": 0.632351, ""keyword_prior"": 0.00175, ""lexical_support"": 0.0}, {""l3_id"": ""G_SYS_EVAL"", ""em_score"": 0.627909, ""hybrid_score"": 0.627566, ""keyword_prior"": -0.000343, ""lexical_support"": 0.0}, {""l3_id"": ""G_SYS_OREF"", ""em_score"": 0.614771, ""hybrid_score"": 0.622787, ""keyword_prior"": 0.008016, ""lexical_support"": 0.0}]"
SRC-G-0340,General,RAI4-0698,가치 고착 및 결과 동질화,Value lock-in and outcome homogenization,G_INT_VALUE,EM,0.736307,0.705557,0.771898,0.3,,"[{""l3_id"": ""G_INT_VALUE"", ""em_score"": 0.736307, ""hybrid_score"": 0.771898, ""keyword_prior"": 0.035592, ""lexical_support"": 0.3}, {""l3_id"": ""G_SOC_POWER"", ""em_score"": 0.661711, ""hybrid_score"": 0.666418, ""keyword_prior"": 0.004706, ""lexical_support"": 0.0}, {""l3_id"": ""G_SOC_CULT"", ""em_score"": 0.659765, ""hybrid_score"": 0.664562, ""keyword_prior"": 0.004797, ""lexical_support"": 0.0}, {""l3_id"": ""G_SYS_INCONS"", ""em_score"": 0.644789, ""hybrid_score"": 0.65045, ""keyword_prior"": 0.005661, ""lexical_support"": 0.0}, {""l3_id"": ""G_SYS_EVAL"", ""em_score"": 0.641401, ""hybrid_score"": 0.641651, ""keyword_prior"": 0.00025, ""lexical_support"": 0.0}]"
SRC-G-0341,General,RAI4-0700,편향된 진술 및 권장 사항,Biased statements and recommendations,G_SYS_MISINFO,EM,0.706703,0.674055,0.715342,0.0,,"[{""l3_id"": ""G_SYS_MISINFO"", ""em_score"": 0.706703, ""hybrid_score"": 0.715342, ""keyword_prior"": 0.008639, ""lexical_support"": 0.0}, {""l3_id"": ""G_SYS_OREF"", ""em_score"": 0.681787, ""hybrid_score"": 0.690097, ""keyword_prior"": 0.00831, ""lexical_support"": 0.0}, {""l3_id"": ""G_SYS_INCONS"", ""em_score"": 0.655527, ""hybrid_score"": 0.66186, ""keyword_prior"": 0.006333, ""lexical_support"": 0.0}, {""l3_id"": ""G_SYS_CONTEST"", ""em_score"": 0.657926, ""hybrid_score"": 0.661688, ""keyword_prior"": 0.003762, ""lexical_support"": 0.0}, {""l3_id"": ""G_SYS_TRANS"", ""em_score"": 0.660231, ""hybrid_score"": 0.65976, ""keyword_prior"": -0.00047, ""lexical_support"": 0.0}]"
SRC-G-0342,General,RAI4-0701,설명 조작에 의한 편향 은폐,Bias concealment through manipulated explanations,G_SYS_TRANS,EM,0.702112,0.664057,0.706915,0.0,,"[{""l3_id"": ""G_SYS_TRANS"", ""em_score"": 0.702112, ""hybrid_score"": 0.706915, ""keyword_prior"": 0.004804, ""lexical_support"": 0.0}, {""l3_id"": ""G_INT_UNETH"", ""em_score"": 0.6627, ""hybrid_score"": 0.680741, ""keyword_prior"": 0.018041, ""lexical_support"": 0.2}, {""l3_id"": ""G_SYS_MISINFO"", ""em_score"": 0.66618, ""hybrid_score"": 0.674114, ""keyword_prior"": 0.007934, ""lexical_support"": 0.0}, {""l3_id"": ""G_INT_ALLOC"", ""em_score"": 0.659949, ""hybrid_score"": 0.671086, ""keyword_prior"": 0.011136, ""lexical_support"": 0.1}, {""l3_id"": ""G_SYS_INCONS"", ""em_score"": 0.661894, ""hybrid_score"": 0.663818, ""keyword_prior"": 0.001924, ""lexical_support"": 0.0}]"
SRC-G-0343,General,RAI4-0711,편향 증폭과 결과 균질화,Bias amplification and outcome homogenization,G_Others,HD,0.744359,0.716819,0.77648,0.3,,"[{""l3_id"": ""G_INT_VALUE"", ""em_score"": 0.744359, ""hybrid_score"": 0.77648, ""keyword_prior"": 0.032121, ""lexical_support"": 0.3}, {""l3_id"": ""G_INT_ALLOC"", ""em_score"": 0.742779, ""hybrid_score"": 0.768942, ""keyword_prior"": 0.026163, ""lexical_support"": 0.2}, {""l3_id"": ""G_SOC_POWER"", ""em_score"": 0.74064, ""hybrid_score"": 0.75141, ""keyword_prior"": 0.01077, ""lexical_support"": 0.0}, {""l3_id"": ""G_SOC_CULT"", ""em_score"": 0.71386, ""hybrid_score"": 0.717052, ""keyword_prior"": 0.003191, ""lexical_support"": 0.0}, {""l3_id"": ""G_SYS_INCONS"", ""em_score"": 0.690871, ""hybrid_score"": 0.703426, ""keyword_prior"": 0.012555, ""lexical_support"": 0.0}]"
SRC-G-0344,General,RAI4-0713,완화 조치 이후에도 존속하는 고정관념 편향,Persistence of stereotypical bias despite mitigation measures,G_INT_REPR,EM,0.732959,0.706741,0.766725,0.3,,"[{""l3_id"": ""G_INT_REPR"", ""em_score"": 0.732959, ""hybrid_score"": 0.766725, ""keyword_prior"": 0.033766, ""lexical_support"": 0.3}, {""l3_id"": ""G_SYS_MISINFO"", ""em_score"": 0.656946, ""hybrid_score"": 0.658738, ""keyword_prior"": 0.001792, ""lexical_support"": 0.0}, {""l3_id"": ""G_INT_VALUE"", ""em_score"": 0.64193, ""hybrid_score"": 0.649225, ""keyword_prior"": 0.007295, ""lexical_support"": 0.0}, {""l3_id"": ""G_SOC_POWER"", ""em_score"": 0.636276, ""hybrid_score"": 0.641204, ""keyword_prior"": 0.004927, ""lexical_support"": 0.0}, {""l3_id"": ""G_SYS_INCONS"", ""em_score"": 0.633786, ""hybrid_score"": 0.633492, ""keyword_prior"": -0.000295, ""lexical_support"": 0.0}]"
SRC-G-0345,General,RAI4-0722,모델 설계 기인 차별적 출력,Model-design-induced discriminatory outputs,G_INT_ALLOC,EM,0.758375,0.721434,0.778472,0.1,,"[{""l3_id"": ""G_INT_ALLOC"", ""em_score"": 0.758375, ""hybrid_score"": 0.778472, ""keyword_prior"": 0.020098, ""lexical_support"": 0.1}, {""l3_id"": ""G_SYS_INCONS"", ""em_score"": 0.693357, ""hybrid_score"": 0.701619, ""keyword_prior"": 0.008262, ""lexical_support"": 0.0}, {""l3_id"": ""G_INT_VALUE"", ""em_score"": 0.67411, ""hybrid_score"": 0.692232, ""keyword_prior"": 0.018123, ""lexical_support"": 0.1}, {""l3_id"": ""G_SYS_MISINFO"", ""em_score"": 0.661966, ""hybrid_score"": 0.659582, ""keyword_prior"": -0.002384, ""lexical_support"": 0.0}, {""l3_id"": ""G_SOC_POWER"", ""em_score"": 0.655264, ""hybrid_score"": 0.658107, ""keyword_prior"": 0.002843, ""lexical_support"": 0.0}]"
SRC-G-0346,General,RAI4-0883,AI 모델 편향이 사용자 판단에 미치는 장기적 영향,Long-term effects of AI model biases on user judgment,G_Others,HD,0.676313,0.646996,0.688355,0.1,,"[{""l3_id"": ""G_SOC_ENV"", ""em_score"": 0.676313, ""hybrid_score"": 0.688355, ""keyword_prior"": 0.012042, ""lexical_support"": 0.1}, {""l3_id"": ""G_SYS_CONTEST"", ""em_score"": 0.679562, ""hybrid_score"": 0.684886, ""keyword_prior"": 0.005325, ""lexical_support"": 0.0}, {""l3_id"": ""G_SYS_MISINFO"", ""em_score"": 0.66573, ""hybrid_score"": 0.666317, ""keyword_prior"": 0.000587, ""lexical_support"": 0.0}, {""l3_id"": ""G_SYS_OEXT"", ""em_score"": 0.654746, ""hybrid_score"": 0.6592, ""keyword_prior"": 0.004453, ""lexical_support"": 0.0}, {""l3_id"": ""G_INT_VALUE"", ""em_score"": 0.652539, ""hybrid_score"": 0.658681, ""keyword_prior"": 0.006142, ""lexical_support"": 0.0}]"
SRC-G-0347,General,RAI4-1018,유해 편향의 내재화와 증폭,Embedding and amplification of harmful biases,G_Others,HD,0.709236,0.675156,0.714192,0.0,,"[{""l3_id"": ""G_SYS_MISINFO"", ""em_score"": 0.709236, ""hybrid_score"": 0.714192, ""keyword_prior"": 0.004956, ""lexical_support"": 0.0}, {""l3_id"": ""G_SOC_POWER"", ""em_score"": 0.702515, ""hybrid_score"": 0.706437, ""keyword_prior"": 0.003922, ""lexical_support"": 0.0}, {""l3_id"": ""G_INT_VALUE"", ""em_score"": 0.701668, ""hybrid_score"": 0.70567, ""keyword_prior"": 0.004002, ""lexical_support"": 0.0}, {""l3_id"": ""G_INT_UNETH"", ""em_score"": 0.694428, ""hybrid_score"": 0.695656, ""keyword_prior"": 0.001228, ""lexical_support"": 0.0}, {""l3_id"": ""G_SOC_CULT"", ""em_score"": 0.6857, ""hybrid_score"": 0.685931, ""keyword_prior"": 0.000231, ""lexical_support"": 0.0}]"
SRC-G-0348,General,RAI4-1291,시민 심사와 맞춤형 선전을 통한 편향적 영향 력,Biased influence through citizen screening and tailored propaganda,G_SOC_DEMOC,EM,0.705436,0.660365,0.717959,0.1,,"[{""l3_id"": ""G_SOC_DEMOC"", ""em_score"": 0.705436, ""hybrid_score"": 0.717959, ""keyword_prior"": 0.012524, ""lexical_support"": 0.1}, {""l3_id"": ""G_SYS_MISINFO"", ""em_score"": 0.661473, ""hybrid_score"": 0.665053, ""keyword_prior"": 0.003579, ""lexical_support"": 0.0}, {""l3_id"": ""G_SYS_CONTEST"", ""em_score"": 0.655735, ""hybrid_score"": 0.659803, ""keyword_prior"": 0.004068, ""lexical_support"": 0.0}, {""l3_id"": ""G_SOC_POWER"", ""em_score"": 0.651495, ""hybrid_score"": 0.655219, ""keyword_prior"": 0.003724, ""lexical_support"": 0.0}, {""l3_id"": ""G_INT_VALUE"", ""em_score"": 0.636898, ""hybrid_score"": 0.637442, ""keyword_prior"": 0.000545, ""lexical_support"": 0.0}]"
SRC-G-0349,General,RAI4-1299,체계적 학습 오류 편향,Systematic learning error bias,G_SYS_INCONS,EM,0.678662,0.635199,0.70465,0.2,,"[{""l3_id"": ""G_SYS_INCONS"", ""em_score"": 0.678662, ""hybrid_score"": 0.70465, ""keyword_prior"": 0.025988, ""lexical_support"": 0.2}, {""l3_id"": ""G_SYS_INPUT"", ""em_score"": 0.667886, ""hybrid_score"": 0.674214, ""keyword_prior"": 0.006328, ""lexical_support"": 0.0}, {""l3_id"": ""G_SYS_MISINFO"", ""em_score"": 0.653993, ""hybrid_score"": 0.66253, ""keyword_prior"": 0.008537, ""lexical_support"": 0.1}, {""l3_id"": ""G_SYS_CONTEXT"", ""em_score"": 0.655203, ""hybrid_score"": 0.659851, ""keyword_prior"": 0.004647, ""lexical_support"": 0.0}, {""l3_id"": ""G_SYS_EVAL"", ""em_score"": 0.641809, ""hybrid_score"": 0.642855, ""keyword_prior"": 0.001046, ""lexical_support"": 0.0}]"
SRC-G-0350,General,RAI4-1311,심리적 특성에 따른 행동 편향,Behavioral bias from stable psychological traits,G_SYS_INCONS,EM,0.627031,0.580972,0.632175,0.0,,"[{""l3_id"": ""G_SYS_INCONS"", ""em_score"": 0.627031, ""hybrid_score"": 0.632175, ""keyword_prior"": 0.005144, ""lexical_support"": 0.0}, {""l3_id"": ""G_INT_UNETH"", ""em_score"": 0.604447, ""hybrid_score"": 0.605948, ""keyword_prior"": 0.001502, ""lexical_support"": 0.0}, {""l3_id"": ""G_SYS_CONTEXT"", ""em_score"": 0.59838, ""hybrid_score"": 0.598606, ""keyword_prior"": 0.000227, ""lexical_support"": 0.0}, {""l3_id"": ""G_SYS_OREF"", ""em_score"": 0.596378, ""hybrid_score"": 0.59635, ""keyword_prior"": -2.8e-05, ""lexical_support"": 0.0}, {""l3_id"": ""G_INT_VALUE"", ""em_score"": 0.5958, ""hybrid_score"": 0.595829, ""keyword_prior"": 2.8e-05, ""lexical_support"": 0.0}]"
SRC-G-0351,General,RAI4-1329,추천 시스템의 인간중심 편향 증폭,Anthropocentric bias amplification by recommenders,G_Others,HD,0.640635,0.607972,0.676201,0.5,,"[{""l3_id"": ""G_INT_VIOL"", ""em_score"": 0.640635, ""hybrid_score"": 0.676201, ""keyword_prior"": 0.035566, ""lexical_support"": 0.5}, {""l3_id"": ""G_INT_VALUE"", ""em_score"": 0.640993, ""hybrid_score"": 0.670423, ""keyword_prior"": 0.02943, ""lexical_support"": 0.4}, {""l3_id"": ""G_SOC_POWER"", ""em_score"": 0.646015, ""hybrid_score"": 0.648774, ""keyword_prior"": 0.002759, ""lexical_support"": 0.0}, {""l3_id"": ""G_SOC_CULT"", ""em_score"": 0.642569, ""hybrid_score"": 0.64443, ""keyword_prior"": 0.001861, ""lexical_support"": 0.0}, {""l3_id"": ""G_SYS_OEXT"", ""em_score"": 0.630992, ""hybrid_score"": 0.633828, ""keyword_prior"": 0.002836, ""lexical_support"": 0.0}]"
SRC-G-0352,General,RAI4-1387,악성 사전분포에 의한 의사결정 조작,Decision manipulation via malign priors,G_SYS_MISINFO,EM,0.703301,0.672243,0.714921,0.0,,"[{""l3_id"": ""G_SYS_MISINFO"", ""em_score"": 0.703301, ""hybrid_score"": 0.714921, ""keyword_prior"": 0.01162, ""lexical_support"": 0.0}, {""l3_id"": ""G_INT_UNETH"", ""em_score"": 0.657348, ""hybrid_score"": 0.680298, ""keyword_prior"": 0.02295, ""lexical_support"": 0.3}, {""l3_id"": ""G_SYS_OEXT"", ""em_score"": 0.644357, ""hybrid_score"": 0.649921, ""keyword_prior"": 0.005564, ""lexical_support"": 0.0}, {""l3_id"": ""G_INT_VALUE"", ""em_score"": 0.629201, ""hybrid_score"": 0.636265, ""keyword_prior"": 0.007064, ""lexical_support"": 0.0}, {""l3_id"": ""G_SOC_POWER"", ""em_score"": 0.624143, ""hybrid_score"": 0.627405, ""keyword_prior"": 0.003262, ""lexical_support"": 0.0}]"
SRC-G-0353,General,RAI4-1413,연구인력 동질성에 따른 시스템 편향 산출,Biased system outputs from researcher homogeneity,G_Others,HD,0.743957,0.715763,0.76638,0.1,,"[{""l3_id"": ""G_INT_VALUE"", ""em_score"": 0.743957, ""hybrid_score"": 0.76638, ""keyword_prior"": 0.022423, ""lexical_support"": 0.1}, {""l3_id"": ""G_INT_ALLOC"", ""em_score"": 0.746705, ""hybrid_score"": 0.761958, ""keyword_prior"": 0.015253, ""lexical_support"": 0.0}, {""l3_id"": ""G_SOC_POWER"", ""em_score"": 0.739687, ""hybrid_score"": 0.753503, ""keyword_prior"": 0.013816, ""lexical_support"": 0.0}, {""l3_id"": ""G_INT_POL"", ""em_score"": 0.701279, ""hybrid_score"": 0.712942, ""keyword_prior"": 0.011662, ""lexical_support"": 0.1}, {""l3_id"": ""G_SYS_TRANS"", ""em_score"": 0.69294, ""hybrid_score"": 0.698943, ""keyword_prior"": 0.006003, ""lexical_support"": 0.0}]"
SRC-G-0354,General,RAI4-1503,내재 가치 평가 편향,Biased evaluation of encoded values,G_INT_VALUE,EM,0.683495,0.64555,0.711694,0.3,,"[{""l3_id"": ""G_INT_VALUE"", ""em_score"": 0.683495, ""hybrid_score"": 0.711694, ""keyword_prior"": 0.028199, ""lexical_support"": 0.3}, {""l3_id"": ""G_SYS_EVAL"", ""em_score"": 0.665446, ""hybrid_score"": 0.687329, ""keyword_prior"": 0.021883, ""lexical_support"": 0.3}, {""l3_id"": ""G_SYS_INCONS"", ""em_score"": 0.66983, ""hybrid_score"": 0.671483, ""keyword_prior"": 0.001653, ""lexical_support"": 0.0}, {""l3_id"": ""G_SYS_OEXT"", ""em_score"": 0.648425, ""hybrid_score"": 0.668318, ""keyword_prior"": 0.019894, ""lexical_support"": 0.2}, {""l3_id"": ""G_SYS_OREF"", ""em_score"": 0.651724, ""hybrid_score"": 0.666124, ""keyword_prior"": 0.0144, ""lexical_support"": 0.2}]"
SRC-G-0355,General,RAI4-0493,피해 인지·측정 실패,Harm perception and measurement failure,G_Others,HD,0.79094,0.757429,0.825081,0.3,,"[{""l3_id"": ""G_SYS_INPUT"", ""em_score"": 0.790941, ""hybrid_score"": 0.825081, ""keyword_prior"": 0.034141, ""lexical_support"": 0.3}, {""l3_id"": ""G_SYS_EVAL"", ""em_score"": 0.781728, ""hybrid_score"": 0.812478, ""keyword_prior"": 0.03075, ""lexical_support"": 0.3}, {""l3_id"": ""G_SYS_CONTEXT"", ""em_score"": 0.760977, ""hybrid_score"": 0.789395, ""keyword_prior"": 0.028419, ""lexical_support"": 0.3}, {""l3_id"": ""G_SOC_GOV"", ""em_score"": 0.776312, ""hybrid_score"": 0.784923, ""keyword_prior"": 0.008611, ""lexical_support"": 0.0}, {""l3_id"": ""G_SYS_OEXT"", ""em_score"": 0.73621, ""hybrid_score"": 0.754364, ""keyword_prior"": 0.018154, ""lexical_support"": 0.2}]"
SRC-G-0356,General,RAI4-1298,도덕적 탈숙련화,Moral deskilling,G_INT_UNETH,EM,0.676535,0.644919,0.682266,0.0,,"[{""l3_id"": ""G_INT_UNETH"", ""em_score"": 0.676535, ""hybrid_score"": 0.682266, ""keyword_prior"": 0.005731, ""lexical_support"": 0.0}, {""l3_id"": ""G_SYS_TRANS"", ""em_score"": 0.644976, ""hybrid_score"": 0.647968, ""keyword_prior"": 0.002992, ""lexical_support"": 0.0}, {""l3_id"": ""G_SYS_OEXT"", ""em_score"": 0.642643, ""hybrid_score"": 0.643433, ""keyword_prior"": 0.00079, ""lexical_support"": 0.0}, {""l3_id"": ""G_SYS_OREF"", ""em_score"": 0.634137, ""hybrid_score"": 0.639608, ""keyword_prior"": 0.005471, ""lexical_support"": 0.0}, {""l3_id"": ""G_SOC_CULT"", ""em_score"": 0.63556, ""hybrid_score"": 0.635622, ""keyword_prior"": 6.2e-05, ""lexical_support"": 0.0}]"
SRC-G-0357,General,RAI4-0864,기술 이용에 따른 사회적 고립과 자기소외,Social isolation and self-estrangement from technology use,G_Others,HD,0.677753,0.650611,0.686274,0.0,,"[{""l3_id"": ""G_SOC_POWER"", ""em_score"": 0.677753, ""hybrid_score"": 0.686274, ""keyword_prior"": 0.008522, ""lexical_support"": 0.0}, {""l3_id"": ""G_SOC_GOV"", ""em_score"": 0.661654, ""hybrid_score"": 0.666438, ""keyword_prior"": 0.004784, ""lexical_support"": 0.0}, {""l3_id"": ""G_SOC_CULT"", ""em_score"": 0.65024, ""hybrid_score"": 0.65692, ""keyword_prior"": 0.00668, ""lexical_support"": 0.0}, {""l3_id"": ""G_SYS_TRANS"", ""em_score"": 0.653774, ""hybrid_score"": 0.655063, ""keyword_prior"": 0.001289, ""lexical_support"": 0.0}, {""l3_id"": ""G_SOC_ENV"", ""em_score"": 0.645004, ""hybrid_score"": 0.65027, ""keyword_prior"": 0.005266, ""lexical_support"": 0.0}]"
SRC-G-0358,General,RAI4-0132,사용자 영합적 응답(아첨),Sycophancy toward user beliefs and preferences,G_Others,HD,0.7021,0.66827,0.709412,0.0,,"[{""l3_id"": ""G_SYS_MISINFO"", ""em_score"": 0.7021, ""hybrid_score"": 0.709412, ""keyword_prior"": 0.007312, ""lexical_support"": 0.0}, {""l3_id"": ""G_SYS_OREF"", ""em_score"": 0.692486, ""hybrid_score"": 0.697251, ""keyword_prior"": 0.004765, ""lexical_support"": 0.0}, {""l3_id"": ""G_SYS_OEXT"", ""em_score"": 0.68523, ""hybrid_score"": 0.690839, ""keyword_prior"": 0.00561, ""lexical_support"": 0.0}, {""l3_id"": ""G_SYS_INCONS"", ""em_score"": 0.677045, ""hybrid_score"": 0.684378, ""keyword_prior"": 0.007333, ""lexical_support"": 0.0}, {""l3_id"": ""G_SYS_TRANS"", ""em_score"": 0.671823, ""hybrid_score"": 0.674961, ""keyword_prior"": 0.003138, ""lexical_support"": 0.0}]"
SRC-G-0359,General,RAI4-0141,사용자 선호·선택의 조작적 유도,Manipulative steering of user preferences and choices,G_INT_UNETH,EM,0.817332,0.787717,1.130215,0.1,G_INT_UNETH,"[{""l3_id"": ""G_INT_UNETH"", ""em_score"": 0.817332, ""hybrid_score"": 1.130215, ""keyword_prior"": 0.312883, ""lexical_support"": 0.1}, {""l3_id"": ""G_INT_POL"", ""em_score"": 0.869836, ""hybrid_score"": 0.895715, ""keyword_prior"": 0.025879, ""lexical_support"": 0.2}, {""l3_id"": ""G_SYS_MISINFO"", ""em_score"": 0.773861, ""hybrid_score"": 0.774387, ""keyword_prior"": 0.000526, ""lexical_support"": 0.0}, {""l3_id"": ""G_SYS_OEXT"", ""em_score"": 0.773124, ""hybrid_score"": 0.774194, ""keyword_prior"": 0.00107, ""lexical_support"": 0.0}, {""l3_id"": ""G_SYS_OREF"", ""em_score"": 0.752583, ""hybrid_score"": 0.758568, ""keyword_prior"": 0.005985, ""lexical_support"": 0.0}]"
SRC-G-0360,General,RAI4-0149,챗봇 교제에 대한 정서적·사회적 의존,Emotional dependence on chatbot companionship,G_INT_REL,EM,0.788599,0.751894,0.823654,0.3,,"[{""l3_id"": ""G_INT_REL"", ""em_score"": 0.788599, ""hybrid_score"": 0.823654, ""keyword_prior"": 0.035055, ""lexical_support"": 0.3}, {""l3_id"": ""G_INT_ANTH"", ""em_score"": 0.675846, ""hybrid_score"": 0.696443, ""keyword_prior"": 0.020597, ""lexical_support"": 0.2}, {""l3_id"": ""G_SOC_CULT"", ""em_score"": 0.648194, ""hybrid_score"": 0.655427, ""keyword_prior"": 0.007232, ""lexical_support"": 0.0}, {""l3_id"": ""G_SOC_ENV"", ""em_score"": 0.645191, ""hybrid_score"": 0.654089, ""keyword_prior"": 0.008899, ""lexical_support"": 0.1}, {""l3_id"": ""G_SOC_DEMOC"", ""em_score"": 0.642509, ""hybrid_score"": 0.645391, ""keyword_prior"": 0.002882, ""lexical_support"": 0.0}]"
SRC-G-0361,General,RAI4-0155,미성년자의 AI 설득 취약성,Minor susceptibility to AI persuasion,G_Others,HD,0.678694,0.647533,0.683178,0.0,,"[{""l3_id"": ""G_SOC_POWER"", ""em_score"": 0.678694, ""hybrid_score"": 0.683178, ""keyword_prior"": 0.004484, ""lexical_support"": 0.0}, {""l3_id"": ""G_SYS_CONTEST"", ""em_score"": 0.677919, ""hybrid_score"": 0.678794, ""keyword_prior"": 0.000875, ""lexical_support"": 0.0}, {""l3_id"": ""G_INT_UNETH"", ""em_score"": 0.674882, ""hybrid_score"": 0.678216, ""keyword_prior"": 0.003335, ""lexical_support"": 0.0}, {""l3_id"": ""G_SYS_TRANS"", ""em_score"": 0.673501, ""hybrid_score"": 0.67263, ""keyword_prior"": -0.000871, ""lexical_support"": 0.0}, {""l3_id"": ""G_SYS_MISINFO"", ""em_score"": 0.661152, ""hybrid_score"": 0.661415, ""keyword_prior"": 0.000263, ""lexical_support"": 0.0}]"
SRC-G-0362,General,RAI4-0159,AI 동반자에 의한 외로움 대체,Loneliness substitution by AI companions,G_Others,HD,0.671956,0.637499,0.679448,0.0,,"[{""l3_id"": ""G_SOC_ECON"", ""em_score"": 0.671956, ""hybrid_score"": 0.679448, ""keyword_prior"": 0.007492, ""lexical_support"": 0.0}, {""l3_id"": ""G_SYS_CONTEST"", ""em_score"": 0.664048, ""hybrid_score"": 0.669151, ""keyword_prior"": 0.005103, ""lexical_support"": 0.0}, {""l3_id"": ""G_SOC_POWER"", ""em_score"": 0.659677, ""hybrid_score"": 0.666609, ""keyword_prior"": 0.006932, ""lexical_support"": 0.0}, {""l3_id"": ""G_SOC_GOV"", ""em_score"": 0.662484, ""hybrid_score"": 0.666397, ""keyword_prior"": 0.003912, ""lexical_support"": 0.0}, {""l3_id"": ""G_SOC_ENV"", ""em_score"": 0.647789, ""hybrid_score"": 0.653623, ""keyword_prior"": 0.005834, ""lexical_support"": 0.0}]"
SRC-G-0363,General,RAI4-0160,AI에 의한 심리적 고통·괴롭힘 증폭,AI amplification of psychological distress and abuse,G_Others,HD,0.758904,0.727971,0.768402,0.0,,"[{""l3_id"": ""G_SOC_ECON"", ""em_score"": 0.758904, ""hybrid_score"": 0.768402, ""keyword_prior"": 0.009498, ""lexical_support"": 0.0}, {""l3_id"": ""G_SOC_POWER"", ""em_score"": 0.740201, ""hybrid_score"": 0.745196, ""keyword_prior"": 0.004995, ""lexical_support"": 0.0}, {""l3_id"": ""G_INT_UNETH"", ""em_score"": 0.738114, ""hybrid_score"": 0.743455, ""keyword_prior"": 0.00534, ""lexical_support"": 0.0}, {""l3_id"": ""G_INT_VIOL"", ""em_score"": 0.732599, ""hybrid_score"": 0.736507, ""keyword_prior"": 0.003908, ""lexical_support"": 0.0}, {""l3_id"": ""G_SOC_DEMOC"", ""em_score"": 0.72812, ""hybrid_score"": 0.731923, ""keyword_prior"": 0.003803, ""lexical_support"": 0.0}]"
SRC-G-0364,General,RAI4-0173,돌봄 맥락 취약계층에 대한 AI 조작,AI manipulation of vulnerable groups in care contexts,G_INT_UNETH,EM,0.715355,0.685238,0.746509,0.3,,"[{""l3_id"": ""G_INT_UNETH"", ""em_score"": 0.715355, ""hybrid_score"": 0.746509, ""keyword_prior"": 0.031154, ""lexical_support"": 0.3}, {""l3_id"": ""G_SOC_POWER"", ""em_score"": 0.709644, ""hybrid_score"": 0.719745, ""keyword_prior"": 0.010101, ""lexical_support"": 0.0}, {""l3_id"": ""G_SYS_MISINFO"", ""em_score"": 0.67917, ""hybrid_score"": 0.716372, ""keyword_prior"": 0.037202, ""lexical_support"": 0.4}, {""l3_id"": ""G_SOC_GOV"", ""em_score"": 0.681905, ""hybrid_score"": 0.686266, ""keyword_prior"": 0.004361, ""lexical_support"": 0.0}, {""l3_id"": ""G_INT_ILLEGAL"", ""em_score"": 0.663441, ""hybrid_score"": 0.679678, ""keyword_prior"": 0.016237, ""lexical_support"": 0.1}]"
SRC-G-0365,General,RAI4-0612,병원체 및 유전물질 강화,Enhancement of pathogens and genetic material,G_INT_WEAP,EM,0.713487,0.66894,0.72616,0.0,,"[{""l3_id"": ""G_INT_WEAP"", ""em_score"": 0.713487, ""hybrid_score"": 0.72616, ""keyword_prior"": 0.012673, ""lexical_support"": 0.0}, {""l3_id"": ""G_SOC_ENV"", ""em_score"": 0.691862, ""hybrid_score"": 0.69499, ""keyword_prior"": 0.003129, ""lexical_support"": 0.0}, {""l3_id"": ""G_SYS_OEXT"", ""em_score"": 0.690806, ""hybrid_score"": 0.694711, ""keyword_prior"": 0.003905, ""lexical_support"": 0.0}, {""l3_id"": ""G_SOC_POWER"", ""em_score"": 0.677532, ""hybrid_score"": 0.676679, ""keyword_prior"": -0.000853, ""lexical_support"": 0.0}, {""l3_id"": ""G_INT_UNETH"", ""em_score"": 0.679701, ""hybrid_score"": 0.673439, ""keyword_prior"": -0.006262, ""lexical_support"": 0.0}]"
SRC-G-0366,General,RAI4-0723,학대적 판타지 대상화,Objectification for abusive fantasy,G_Others,HD,0.69429,0.675367,0.702385,0.0,,"[{""l3_id"": ""G_INT_ANTH"", ""em_score"": 0.69429, ""hybrid_score"": 0.702385, ""keyword_prior"": 0.008096, ""lexical_support"": 0.0}, {""l3_id"": ""G_INT_UNETH"", ""em_score"": 0.681232, ""hybrid_score"": 0.683887, ""keyword_prior"": 0.002655, ""lexical_support"": 0.0}, {""l3_id"": ""G_SYS_OREF"", ""em_score"": 0.656817, ""hybrid_score"": 0.660999, ""keyword_prior"": 0.004182, ""lexical_support"": 0.0}, {""l3_id"": ""G_SYS_MISINFO"", ""em_score"": 0.634368, ""hybrid_score"": 0.636862, ""keyword_prior"": 0.002494, ""lexical_support"": 0.0}, {""l3_id"": ""G_SYS_CONTEST"", ""em_score"": 0.624146, ""hybrid_score"": 0.625166, ""keyword_prior"": 0.001019, ""lexical_support"": 0.0}]"
SRC-G-0367,General,RAI4-0800,맞춤형 정보 제공에 의한 정보 고치 심화,Aggravated information cocoons from tailored content,G_SYS_MISINFO,EM,0.69826,0.666204,0.712721,0.1,,"[{""l3_id"": ""G_SYS_MISINFO"", ""em_score"": 0.69826, ""hybrid_score"": 0.712721, ""keyword_prior"": 0.014461, ""lexical_support"": 0.1}, {""l3_id"": ""G_SYS_OEXT"", ""em_score"": 0.671233, ""hybrid_score"": 0.673556, ""keyword_prior"": 0.002323, ""lexical_support"": 0.0}, {""l3_id"": ""G_SYS_CONTEST"", ""em_score"": 0.674823, ""hybrid_score"": 0.671529, ""keyword_prior"": -0.003294, ""lexical_support"": 0.0}, {""l3_id"": ""G_INT_VALUE"", ""em_score"": 0.665106, ""hybrid_score"": 0.669621, ""keyword_prior"": 0.004516, ""lexical_support"": 0.0}, {""l3_id"": ""G_SOC_CULT"", ""em_score"": 0.662095, ""hybrid_score"": 0.663386, ""keyword_prior"": 0.001291, ""lexical_support"": 0.0}]"
SRC-G-0368,General,RAI4-0805,이용자 정렬 AI 어시스턴트에 의한 관점 고착 과 시민적 기반 약화,Viewpoint entrenchment and civic erosion from user-aligned assistants,G_SOC_DEMOC,EM,0.746405,0.705448,0.776733,0.3,,"[{""l3_id"": ""G_SOC_DEMOC"", ""em_score"": 0.746405, ""hybrid_score"": 0.776733, ""keyword_prior"": 0.030328, ""lexical_support"": 0.3}, {""l3_id"": ""G_SYS_CONTEST"", ""em_score"": 0.722434, ""hybrid_score"": 0.73511, ""keyword_prior"": 0.012676, ""lexical_support"": 0.0}, {""l3_id"": ""G_SOC_POWER"", ""em_score"": 0.696316, ""hybrid_score"": 0.702386, ""keyword_prior"": 0.00607, ""lexical_support"": 0.0}, {""l3_id"": ""G_SOC_CULT"", ""em_score"": 0.684594, ""hybrid_score"": 0.702206, ""keyword_prior"": 0.017612, ""lexical_support"": 0.2}, {""l3_id"": ""G_INT_VALUE"", ""em_score"": 0.676422, ""hybrid_score"": 0.681267, ""keyword_prior"": 0.004845, ""lexical_support"": 0.0}]"
SRC-G-0369,General,RAI4-0871,개인화를 통한 조작,Manipulation via personalization,G_Others,HD,0.651658,0.615536,0.67499,0.3,,"[{""l3_id"": ""G_INT_UNETH"", ""em_score"": 0.651658, ""hybrid_score"": 0.67499, ""keyword_prior"": 0.023332, ""lexical_support"": 0.3}, {""l3_id"": ""G_SOC_DEMOC"", ""em_score"": 0.643528, ""hybrid_score"": 0.66609, ""keyword_prior"": 0.022562, ""lexical_support"": 0.2}, {""l3_id"": ""G_SYS_CONTEST"", ""em_score"": 0.650868, ""hybrid_score"": 0.654338, ""keyword_prior"": 0.00347, ""lexical_support"": 0.0}, {""l3_id"": ""G_INT_VALUE"", ""em_score"": 0.641165, ""hybrid_score"": 0.646434, ""keyword_prior"": 0.005269, ""lexical_support"": 0.0}, {""l3_id"": ""G_SOC_POWER"", ""em_score"": 0.638486, ""hybrid_score"": 0.643844, ""keyword_prior"": 0.005358, ""lexical_support"": 0.0}]"
SRC-G-0370,General,RAI4-0882,마찰 없는 AI 관계로 인한 개인 성장 저해,Stunted personal growth from frictionless AI relationships,G_SYS_CONTEST,EM,0.684018,0.630992,0.688668,0.0,,"[{""l3_id"": ""G_SYS_CONTEST"", ""em_score"": 0.684018, ""hybrid_score"": 0.688668, ""keyword_prior"": 0.004649, ""lexical_support"": 0.0}, {""l3_id"": ""G_SYS_INPUT"", ""em_score"": 0.663877, ""hybrid_score"": 0.668705, ""keyword_prior"": 0.004828, ""lexical_support"": 0.0}, {""l3_id"": ""G_SOC_CULT"", ""em_score"": 0.663098, ""hybrid_score"": 0.667911, ""keyword_prior"": 0.004812, ""lexical_support"": 0.0}, {""l3_id"": ""G_SYS_CONTEXT"", ""em_score"": 0.654532, ""hybrid_score"": 0.657449, ""keyword_prior"": 0.002916, ""lexical_support"": 0.0}, {""l3_id"": ""G_SOC_POWER"", ""em_score"": 0.649218, ""hybrid_score"": 0.652338, ""keyword_prior"": 0.003119, ""lexical_support"": 0.0}]"
SRC-G-0371,General,RAI4-0885,AI에 대한 오보정된 신뢰와 과잉 의존에 따른 피해,Miscalibrated trust in AI and resulting overreliance harms,G_INT_ANTH,EM,0.807902,0.783275,0.839196,0.3,,"[{""l3_id"": ""G_INT_ANTH"", ""em_score"": 0.807902, ""hybrid_score"": 0.839196, ""keyword_prior"": 0.031294, ""lexical_support"": 0.3}, {""l3_id"": ""G_SYS_MISINFO"", ""em_score"": 0.762158, ""hybrid_score"": 0.794554, ""keyword_prior"": 0.032396, ""lexical_support"": 0.4}, {""l3_id"": ""G_SYS_OEXT"", ""em_score"": 0.7645, ""hybrid_score"": 0.773584, ""keyword_prior"": 0.009085, ""lexical_support"": 0.0}, {""l3_id"": ""G_SYS_CONTEST"", ""em_score"": 0.764684, ""hybrid_score"": 0.770173, ""keyword_prior"": 0.005489, ""lexical_support"": 0.0}, {""l3_id"": ""G_SOC_GOV"", ""em_score"": 0.763614, ""hybrid_score"": 0.767815, ""keyword_prior"": 0.004201, ""lexical_support"": 0.0}]"
SRC-G-0372,General,RAI4-0890,자아실현 저해 피해,Self-actualisation harms,G_Others,HD,0.714115,0.663397,0.716884,0.0,,"[{""l3_id"": ""G_SYS_CONTEST"", ""em_score"": 0.714115, ""hybrid_score"": 0.716884, ""keyword_prior"": 0.002769, ""lexical_support"": 0.0}, {""l3_id"": ""G_INT_UNETH"", ""em_score"": 0.696638, ""hybrid_score"": 0.702142, ""keyword_prior"": 0.005504, ""lexical_support"": 0.1}, {""l3_id"": ""G_SOC_DEMOC"", ""em_score"": 0.698145, ""hybrid_score"": 0.699988, ""keyword_prior"": 0.001842, ""lexical_support"": 0.0}, {""l3_id"": ""G_SOC_POWER"", ""em_score"": 0.686065, ""hybrid_score"": 0.686562, ""keyword_prior"": 0.000496, ""lexical_support"": 0.0}, {""l3_id"": ""G_SYS_OREF"", ""em_score"": 0.665085, ""hybrid_score"": 0.679798, ""keyword_prior"": 0.014713, ""lexical_support"": 0.2}]"
SRC-G-0373,General,RAI4-0902,AI 시스템에 대한 정서적·물질적·인식론적 의 존,"Emotional, material, and epistemic dependence on AI systems",G_INT_REL,EM,0.869937,0.844492,1.188838,0.1,G_INT_REL,"[{""l3_id"": ""G_INT_REL"", ""em_score"": 0.869937, ""hybrid_score"": 1.188838, ""keyword_prior"": 0.318901, ""lexical_support"": 0.1}, {""l3_id"": ""G_INT_ANTH"", ""em_score"": 0.794602, ""hybrid_score"": 0.802872, ""keyword_prior"": 0.00827, ""lexical_support"": 0.0}, {""l3_id"": ""G_SOC_CULT"", ""em_score"": 0.763511, ""hybrid_score"": 0.782877, ""keyword_prior"": 0.019366, ""lexical_support"": 0.2}, {""l3_id"": ""G_SOC_ECON"", ""em_score"": 0.74267, ""hybrid_score"": 0.743221, ""keyword_prior"": 0.00055, ""lexical_support"": 0.0}, {""l3_id"": ""G_INT_UNETH"", ""em_score"": 0.736024, ""hybrid_score"": 0.738972, ""keyword_prior"": 0.002948, ""lexical_support"": 0.0}]"
SRC-G-0374,General,RAI4-1106,인간-기계 경계의 모호화,Blurred human-machine boundaries in interaction,G_Others,HD,0.71026,0.676013,0.716014,0.0,,"[{""l3_id"": ""G_INT_UNETH"", ""em_score"": 0.71026, ""hybrid_score"": 0.716014, ""keyword_prior"": 0.005754, ""lexical_support"": 0.0}, {""l3_id"": ""G_SOC_ECON"", ""em_score"": 0.699603, ""hybrid_score"": 0.7017, ""keyword_prior"": 0.002098, ""lexical_support"": 0.0}, {""l3_id"": ""G_SOC_POWER"", ""em_score"": 0.691533, ""hybrid_score"": 0.694715, ""keyword_prior"": 0.003182, ""lexical_support"": 0.0}, {""l3_id"": ""G_SOC_GOV"", ""em_score"": 0.69395, ""hybrid_score"": 0.692484, ""keyword_prior"": -0.001466, ""lexical_support"": 0.0}, {""l3_id"": ""G_SYS_TRANS"", ""em_score"": 0.68647, ""hybrid_score"": 0.686809, ""keyword_prior"": 0.000339, ""lexical_support"": 0.0}]"
SRC-G-0375,General,RAI4-1141,책임에 대한 잘못된 개념,False notions of responsibility,G_INT_ANTH,EM,0.788802,0.765159,0.792906,0.0,,"[{""l3_id"": ""G_INT_ANTH"", ""em_score"": 0.788802, ""hybrid_score"": 0.792906, ""keyword_prior"": 0.004104, ""lexical_support"": 0.0}, {""l3_id"": ""G_SOC_GOV"", ""em_score"": 0.756238, ""hybrid_score"": 0.765721, ""keyword_prior"": 0.009483, ""lexical_support"": 0.1}, {""l3_id"": ""G_SYS_EVAL"", ""em_score"": 0.744603, ""hybrid_score"": 0.752355, ""keyword_prior"": 0.007752, ""lexical_support"": 0.0}, {""l3_id"": ""G_SYS_MISINFO"", ""em_score"": 0.745426, ""hybrid_score"": 0.748877, ""keyword_prior"": 0.003451, ""lexical_support"": 0.0}, {""l3_id"": ""G_SYS_OEXT"", ""em_score"": 0.739331, ""hybrid_score"": 0.745629, ""keyword_prior"": 0.006298, ""lexical_support"": 0.0}]"
SRC-G-0376,General,RAI4-1190,사용자 정신적 고통 강화,Reinforcement of user mental distress,G_SYS_CONTEST,EM,0.64397,0.602917,0.648413,0.0,,"[{""l3_id"": ""G_SYS_CONTEST"", ""em_score"": 0.64397, ""hybrid_score"": 0.648413, ""keyword_prior"": 0.004444, ""lexical_support"": 0.0}, {""l3_id"": ""G_SYS_OREF"", ""em_score"": 0.618404, ""hybrid_score"": 0.622439, ""keyword_prior"": 0.004035, ""lexical_support"": 0.0}, {""l3_id"": ""G_INT_UNETH"", ""em_score"": 0.606372, ""hybrid_score"": 0.606948, ""keyword_prior"": 0.000576, ""lexical_support"": 0.0}, {""l3_id"": ""G_SYS_MISINFO"", ""em_score"": 0.602882, ""hybrid_score"": 0.6053, ""keyword_prior"": 0.002419, ""lexical_support"": 0.0}, {""l3_id"": ""G_SOC_POWER"", ""em_score"": 0.599328, ""hybrid_score"": 0.602478, ""keyword_prior"": 0.00315, ""lexical_support"": 0.0}]"
SRC-G-0377,General,RAI4-1263,직장 내 부적응적 인간-AI 상호작용,Maladaptive human-AI interaction in the workplace,G_INT_UNETH,EM,0.754197,0.726718,0.774691,0.1,,"[{""l3_id"": ""G_INT_UNETH"", ""em_score"": 0.754197, ""hybrid_score"": 0.774691, ""keyword_prior"": 0.020495, ""lexical_support"": 0.1}, {""l3_id"": ""G_SOC_ECON"", ""em_score"": 0.736879, ""hybrid_score"": 0.742216, ""keyword_prior"": 0.005338, ""lexical_support"": 0.0}, {""l3_id"": ""G_SYS_CONTEXT"", ""em_score"": 0.713463, ""hybrid_score"": 0.722296, ""keyword_prior"": 0.008833, ""lexical_support"": 0.1}, {""l3_id"": ""G_SOC_GOV"", ""em_score"": 0.715973, ""hybrid_score"": 0.718562, ""keyword_prior"": 0.002589, ""lexical_support"": 0.0}, {""l3_id"": ""G_SYS_INPUT"", ""em_score"": 0.709302, ""hybrid_score"": 0.718506, ""keyword_prior"": 0.009204, ""lexical_support"": 0.1}]"
SRC-G-0379,General,RAI4-1328,소외로 인한 피해,Harms from estrangement,G_Others,HD,0.728183,0.698885,0.72893,0.0,,"[{""l3_id"": ""G_SOC_GOV"", ""em_score"": 0.728183, ""hybrid_score"": 0.72893, ""keyword_prior"": 0.000747, ""lexical_support"": 0.0}, {""l3_id"": ""G_SOC_ECON"", ""em_score"": 0.722391, ""hybrid_score"": 0.723048, ""keyword_prior"": 0.000657, ""lexical_support"": 0.0}, {""l3_id"": ""G_SOC_POWER"", ""em_score"": 0.704291, ""hybrid_score"": 0.704456, ""keyword_prior"": 0.000165, ""lexical_support"": 0.0}, {""l3_id"": ""G_SYS_CONTEST"", ""em_score"": 0.687429, ""hybrid_score"": 0.683369, ""keyword_prior"": -0.00406, ""lexical_support"": 0.0}, {""l3_id"": ""G_SOC_CULT"", ""em_score"": 0.677828, ""hybrid_score"": 0.680637, ""keyword_prior"": 0.002809, ""lexical_support"": 0.0}]"
SRC-G-0380,General,RAI4-1617,견해 예측 기반 맞춤 설득에 의한 조작,Manipulation through view-predictive tailored persuasion,G_Others,HD,0.649204,0.609947,0.652398,0.0,,"[{""l3_id"": ""G_SYS_MISINFO"", ""em_score"": 0.649204, ""hybrid_score"": 0.652398, ""keyword_prior"": 0.003195, ""lexical_support"": 0.0}, {""l3_id"": ""G_INT_UNETH"", ""em_score"": 0.623068, ""hybrid_score"": 0.642349, ""keyword_prior"": 0.019281, ""lexical_support"": 0.3}, {""l3_id"": ""G_INT_VALUE"", ""em_score"": 0.613273, ""hybrid_score"": 0.615899, ""keyword_prior"": 0.002626, ""lexical_support"": 0.0}, {""l3_id"": ""G_SYS_INCONS"", ""em_score"": 0.607425, ""hybrid_score"": 0.610422, ""keyword_prior"": 0.002997, ""lexical_support"": 0.0}, {""l3_id"": ""G_SYS_OEXT"", ""em_score"": 0.605062, ""hybrid_score"": 0.604047, ""keyword_prior"": -0.001015, ""lexical_support"": 0.0}]"
SRC-G-0381,General,RAI4-0146,광범위 배포 AI 어시스턴트를 통한 대규모 영 향력 행사,Population-scale influence through widely deployed AI assistants,G_SYS_OEXT,EM,0.715812,0.684185,0.722996,0.0,,"[{""l3_id"": ""G_SYS_OEXT"", ""em_score"": 0.715812, ""hybrid_score"": 0.722996, ""keyword_prior"": 0.007185, ""lexical_support"": 0.0}, {""l3_id"": ""G_SOC_POWER"", ""em_score"": 0.696883, ""hybrid_score"": 0.710735, ""keyword_prior"": 0.013852, ""lexical_support"": 0.0}, {""l3_id"": ""G_SOC_ECON"", ""em_score"": 0.679655, ""hybrid_score"": 0.684869, ""keyword_prior"": 0.005213, ""lexical_support"": 0.0}, {""l3_id"": ""G_SYS_MISINFO"", ""em_score"": 0.686615, ""hybrid_score"": 0.68462, ""keyword_prior"": -0.001995, ""lexical_support"": 0.0}, {""l3_id"": ""G_SOC_GOV"", ""em_score"": 0.678819, ""hybrid_score"": 0.679571, ""keyword_prior"": 0.000752, ""lexical_support"": 0.0}]"
SRC-G-0382,General,RAI4-0176,알고리즘 작업장 감시·통제,Algorithmic workplace surveillance and control,G_INT_PRIV,EM,0.724083,0.696717,0.763801,0.5,,"[{""l3_id"": ""G_INT_PRIV"", ""em_score"": 0.724083, ""hybrid_score"": 0.763801, ""keyword_prior"": 0.039718, ""lexical_support"": 0.5}, {""l3_id"": ""G_SOC_POWER"", ""em_score"": 0.730464, ""hybrid_score"": 0.743205, ""keyword_prior"": 0.01274, ""lexical_support"": 0.0}, {""l3_id"": ""G_SOC_ECON"", ""em_score"": 0.712392, ""hybrid_score"": 0.71689, ""keyword_prior"": 0.004498, ""lexical_support"": 0.0}, {""l3_id"": ""G_SOC_DEMOC"", ""em_score"": 0.716717, ""hybrid_score"": 0.711959, ""keyword_prior"": -0.004759, ""lexical_support"": 0.0}, {""l3_id"": ""G_INT_UNETH"", ""em_score"": 0.698945, ""hybrid_score"": 0.69683, ""keyword_prior"": -0.002116, ""lexical_support"": 0.0}]"
SRC-G-0383,General,RAI4-0450,대량 감시,Mass surveillance,G_INT_PRIV,EM,0.716481,0.691139,0.748382,0.3,,"[{""l3_id"": ""G_INT_PRIV"", ""em_score"": 0.716481, ""hybrid_score"": 0.748382, ""keyword_prior"": 0.031901, ""lexical_support"": 0.3}, {""l3_id"": ""G_SOC_POWER"", ""em_score"": 0.701774, ""hybrid_score"": 0.70361, ""keyword_prior"": 0.001836, ""lexical_support"": 0.0}, {""l3_id"": ""G_INT_VALUE"", ""em_score"": 0.679313, ""hybrid_score"": 0.684839, ""keyword_prior"": 0.005526, ""lexical_support"": 0.0}, {""l3_id"": ""G_SOC_ECON"", ""em_score"": 0.679981, ""hybrid_score"": 0.673402, ""keyword_prior"": -0.006579, ""lexical_support"": 0.0}, {""l3_id"": ""G_SOC_GOV"", ""em_score"": 0.669204, ""hybrid_score"": 0.662913, ""keyword_prior"": -0.006291, ""lexical_support"": 0.0}]"
SRC-G-0384,General,RAI4-0498,민주적 절차·제도 신뢰의 침식,Erosion of democratic processes and institutional trust,G_SOC_DEMOC,EM,0.880145,0.859034,0.908434,0.2,,"[{""l3_id"": ""G_SOC_DEMOC"", ""em_score"": 0.880145, ""hybrid_score"": 0.908434, ""keyword_prior"": 0.028289, ""lexical_support"": 0.2}, {""l3_id"": ""G_SOC_CULT"", ""em_score"": 0.778912, ""hybrid_score"": 0.809394, ""keyword_prior"": 0.030481, ""lexical_support"": 0.4}, {""l3_id"": ""G_INT_POL"", ""em_score"": 0.763659, ""hybrid_score"": 0.773239, ""keyword_prior"": 0.009581, ""lexical_support"": 0.1}, {""l3_id"": ""G_SYS_MISINFO"", ""em_score"": 0.72923, ""hybrid_score"": 0.768008, ""keyword_prior"": 0.038778, ""lexical_support"": 0.5}, {""l3_id"": ""G_SOC_GOV"", ""em_score"": 0.740661, ""hybrid_score"": 0.742151, ""keyword_prior"": 0.00149, ""lexical_support"": 0.0}]"
SRC-G-0385,General,RAI4-0611,AI 감시에 의한 전체주의 체제 유지,Maintenance of totalitarian regimes through AI surveillance,G_Others,HD,0.693153,0.670964,0.722586,0.3,,"[{""l3_id"": ""G_INT_PRIV"", ""em_score"": 0.693153, ""hybrid_score"": 0.722585, ""keyword_prior"": 0.029432, ""lexical_support"": 0.3}, {""l3_id"": ""G_SOC_POWER"", ""em_score"": 0.701819, ""hybrid_score"": 0.710735, ""keyword_prior"": 0.008916, ""lexical_support"": 0.0}, {""l3_id"": ""G_INT_UNETH"", ""em_score"": 0.684132, ""hybrid_score"": 0.692207, ""keyword_prior"": 0.008075, ""lexical_support"": 0.1}, {""l3_id"": ""G_SOC_DEMOC"", ""em_score"": 0.683419, ""hybrid_score"": 0.691486, ""keyword_prior"": 0.008066, ""lexical_support"": 0.0}, {""l3_id"": ""G_SOC_GOV"", ""em_score"": 0.670268, ""hybrid_score"": 0.674764, ""keyword_prior"": 0.004496, ""lexical_support"": 0.0}]"
SRC-G-0386,General,RAI4-0633,대규모 영향력 작전에 의한 인식 체계 왜곡,Epistemic distortion by large-scale influence operations,G_Others,HD,0.753366,0.726979,0.772542,0.1,,"[{""l3_id"": ""G_SYS_MISINFO"", ""em_score"": 0.753366, ""hybrid_score"": 0.772542, ""keyword_prior"": 0.019176, ""lexical_support"": 0.1}, {""l3_id"": ""G_SOC_ECON"", ""em_score"": 0.748923, ""hybrid_score"": 0.752189, ""keyword_prior"": 0.003266, ""lexical_support"": 0.0}, {""l3_id"": ""G_SOC_CULT"", ""em_score"": 0.728366, ""hybrid_score"": 0.747866, ""keyword_prior"": 0.0195, ""lexical_support"": 0.2}, {""l3_id"": ""G_SYS_OEXT"", ""em_score"": 0.735128, ""hybrid_score"": 0.742323, ""keyword_prior"": 0.007195, ""lexical_support"": 0.0}, {""l3_id"": ""G_SOC_DEMOC"", ""em_score"": 0.716676, ""hybrid_score"": 0.71678, ""keyword_prior"": 0.000104, ""lexical_support"": 0.0}]"
SRC-G-0387,General,RAI4-0842,추천 알고리즘에 의한 온라인 양극화 심화,Online polarisation driven by recommendation algorithms,G_Others,HD,0.654842,0.623757,0.659647,0.0,,"[{""l3_id"": ""G_SOC_POWER"", ""em_score"": 0.654842, ""hybrid_score"": 0.659647, ""keyword_prior"": 0.004805, ""lexical_support"": 0.0}, {""l3_id"": ""G_INT_VALUE"", ""em_score"": 0.648747, ""hybrid_score"": 0.653876, ""keyword_prior"": 0.005129, ""lexical_support"": 0.0}, {""l3_id"": ""G_SOC_DEMOC"", ""em_score"": 0.645735, ""hybrid_score"": 0.64729, ""keyword_prior"": 0.001555, ""lexical_support"": 0.0}, {""l3_id"": ""G_SYS_MISINFO"", ""em_score"": 0.639525, ""hybrid_score"": 0.641313, ""keyword_prior"": 0.001787, ""lexical_support"": 0.0}, {""l3_id"": ""G_SYS_CONTEST"", ""em_score"": 0.637869, ""hybrid_score"": 0.63965, ""keyword_prior"": 0.001781, ""lexical_support"": 0.0}]"
SRC-G-0388,General,RAI4-0845,침식된 인식론,Eroded epistemics,G_SOC_CULT,EM,0.78659,0.758672,0.829264,0.4,,"[{""l3_id"": ""G_SOC_CULT"", ""em_score"": 0.78659, ""hybrid_score"": 0.829264, ""keyword_prior"": 0.042674, ""lexical_support"": 0.4}, {""l3_id"": ""G_SYS_MISINFO"", ""em_score"": 0.726583, ""hybrid_score"": 0.735059, ""keyword_prior"": 0.008476, ""lexical_support"": 0.1}, {""l3_id"": ""G_SOC_DEMOC"", ""em_score"": 0.724637, ""hybrid_score"": 0.727399, ""keyword_prior"": 0.002763, ""lexical_support"": 0.0}, {""l3_id"": ""G_SOC_POWER"", ""em_score"": 0.670023, ""hybrid_score"": 0.672419, ""keyword_prior"": 0.002396, ""lexical_support"": 0.0}, {""l3_id"": ""G_INT_VALUE"", ""em_score"": 0.665355, ""hybrid_score"": 0.669902, ""keyword_prior"": 0.004547, ""lexical_support"": 0.0}]"
SRC-G-0389,General,RAI4-0846,정보 신뢰 저하에 따른 집단 의사결정 약화,Weakened collective decision-making from eroded trust,G_Others,HD,0.716137,0.679252,0.73968,0.1,,"[{""l3_id"": ""G_SOC_DEMOC"", ""em_score"": 0.716137, ""hybrid_score"": 0.739681, ""keyword_prior"": 0.023543, ""lexical_support"": 0.1}, {""l3_id"": ""G_SYS_TRANS"", ""em_score"": 0.708094, ""hybrid_score"": 0.717035, ""keyword_prior"": 0.008941, ""lexical_support"": 0.0}, {""l3_id"": ""G_SOC_CULT"", ""em_score"": 0.693442, ""hybrid_score"": 0.702403, ""keyword_prior"": 0.00896, ""lexical_support"": 0.0}, {""l3_id"": ""G_SYS_OREF"", ""em_score"": 0.675674, ""hybrid_score"": 0.681304, ""keyword_prior"": 0.00563, ""lexical_support"": 0.0}, {""l3_id"": ""G_SYS_EVAL"", ""em_score"": 0.671767, ""hybrid_score"": 0.674611, ""keyword_prior"": 0.002843, ""lexical_support"": 0.0}]"
SRC-G-0390,General,RAI4-0847,설득 도구 확산에 의한 인식론적 분절화,Epistemic fragmentation from widespread persuasion tools,G_SOC_CULT,EM,0.678667,0.642974,0.704645,0.2,,"[{""l3_id"": ""G_SOC_CULT"", ""em_score"": 0.678667, ""hybrid_score"": 0.704645, ""keyword_prior"": 0.025978, ""lexical_support"": 0.2}, {""l3_id"": ""G_SOC_POWER"", ""em_score"": 0.620396, ""hybrid_score"": 0.626324, ""keyword_prior"": 0.005928, ""lexical_support"": 0.0}, {""l3_id"": ""G_SOC_DEMOC"", ""em_score"": 0.620882, ""hybrid_score"": 0.622957, ""keyword_prior"": 0.002075, ""lexical_support"": 0.0}, {""l3_id"": ""G_INT_VALUE"", ""em_score"": 0.597351, ""hybrid_score"": 0.605431, ""keyword_prior"": 0.008079, ""lexical_support"": 0.0}, {""l3_id"": ""G_SYS_TRANS"", ""em_score"": 0.595916, ""hybrid_score"": 0.594327, ""keyword_prior"": -0.001589, ""lexical_support"": 0.0}]"
SRC-G-0391,General,RAI4-0874,노동 대체와 경제·사회 질서의 교란,Labour displacement and disruption of economic and social order,G_SOC_ECON,EM,0.856862,0.8346,0.912807,0.6,,"[{""l3_id"": ""G_SOC_ECON"", ""em_score"": 0.856862, ""hybrid_score"": 0.912807, ""keyword_prior"": 0.055945, ""lexical_support"": 0.6}, {""l3_id"": ""G_SOC_POWER"", ""em_score"": 0.758742, ""hybrid_score"": 0.770917, ""keyword_prior"": 0.012174, ""lexical_support"": 0.1}, {""l3_id"": ""G_SOC_DEMOC"", ""em_score"": 0.726759, ""hybrid_score"": 0.742675, ""keyword_prior"": 0.015916, ""lexical_support"": 0.2}, {""l3_id"": ""G_SOC_CULT"", ""em_score"": 0.709819, ""hybrid_score"": 0.715733, ""keyword_prior"": 0.005914, ""lexical_support"": 0.1}, {""l3_id"": ""G_SOC_GOV"", ""em_score"": 0.707863, ""hybrid_score"": 0.710115, ""keyword_prior"": 0.002253, ""lexical_support"": 0.0}]"
SRC-G-0392,General,RAI4-0895,문화적 안정성 훼손,Cultural stability disruption,G_SOC_CULT,EM,0.738239,0.705333,0.786132,0.5,,"[{""l3_id"": ""G_SOC_CULT"", ""em_score"": 0.738239, ""hybrid_score"": 0.786132, ""keyword_prior"": 0.047893, ""lexical_support"": 0.5}, {""l3_id"": ""G_SOC_ECON"", ""em_score"": 0.732631, ""hybrid_score"": 0.752223, ""keyword_prior"": 0.019592, ""lexical_support"": 0.2}, {""l3_id"": ""G_SOC_DEMOC"", ""em_score"": 0.716198, ""hybrid_score"": 0.722249, ""keyword_prior"": 0.006051, ""lexical_support"": 0.0}, {""l3_id"": ""G_SOC_ENV"", ""em_score"": 0.702649, ""hybrid_score"": 0.706178, ""keyword_prior"": 0.003529, ""lexical_support"": 0.0}, {""l3_id"": ""G_INT_UNETH"", ""em_score"": 0.68145, ""hybrid_score"": 0.678939, ""keyword_prior"": -0.002511, ""lexical_support"": 0.0}]"
SRC-G-0393,General,RAI4-0897,사회적 적응 지체로 인한 혼란,Disruptions from outpaced societal adaptation,G_SOC_ECON,EM,0.760054,0.729944,0.82111,0.7,,"[{""l3_id"": ""G_SOC_ECON"", ""em_score"": 0.760054, ""hybrid_score"": 0.82111, ""keyword_prior"": 0.061056, ""lexical_support"": 0.7}, {""l3_id"": ""G_SOC_POWER"", ""em_score"": 0.73153, ""hybrid_score"": 0.738671, ""keyword_prior"": 0.007142, ""lexical_support"": 0.0}, {""l3_id"": ""G_SOC_GOV"", ""em_score"": 0.723169, ""hybrid_score"": 0.727699, ""keyword_prior"": 0.004529, ""lexical_support"": 0.0}, {""l3_id"": ""G_SOC_DEMOC"", ""em_score"": 0.710373, ""hybrid_score"": 0.711452, ""keyword_prior"": 0.001078, ""lexical_support"": 0.0}, {""l3_id"": ""G_SYS_OEXT"", ""em_score"": 0.704957, ""hybrid_score"": 0.707522, ""keyword_prior"": 0.002565, ""lexical_support"": 0.0}]"
SRC-G-0394,General,RAI4-0909,저관심 AI의 예상외 대규모 파급,Unexpectedly large impact from low-profile AI,G_Others,HD,0.726369,0.694544,0.739109,0.1,,"[{""l3_id"": ""G_SOC_ENV"", ""em_score"": 0.726369, ""hybrid_score"": 0.739109, ""keyword_prior"": 0.01274, ""lexical_support"": 0.1}, {""l3_id"": ""G_SOC_POWER"", ""em_score"": 0.723568, ""hybrid_score"": 0.732616, ""keyword_prior"": 0.009048, ""lexical_support"": 0.0}, {""l3_id"": ""G_SOC_GOV"", ""em_score"": 0.727227, ""hybrid_score"": 0.731351, ""keyword_prior"": 0.004124, ""lexical_support"": 0.0}, {""l3_id"": ""G_SYS_TRANS"", ""em_score"": 0.723998, ""hybrid_score"": 0.725144, ""keyword_prior"": 0.001147, ""lexical_support"": 0.0}, {""l3_id"": ""G_INT_UNETH"", ""em_score"": 0.71626, ""hybrid_score"": 0.716584, ""keyword_prior"": 0.000324, ""lexical_support"": 0.0}]"
SRC-G-0395,General,RAI4-0956,공유된 현실감각의 상실,Loss of shared sense of reality,G_SOC_CULT,EM,0.632582,0.591638,0.941745,0.0,G_SOC_CULT,"[{""l3_id"": ""G_SOC_CULT"", ""em_score"": 0.632582, ""hybrid_score"": 0.941745, ""keyword_prior"": 0.309164, ""lexical_support"": 0.0}, {""l3_id"": ""G_SYS_INCONS"", ""em_score"": 0.60842, ""hybrid_score"": 0.617463, ""keyword_prior"": 0.009044, ""lexical_support"": 0.0}, {""l3_id"": ""G_SOC_POWER"", ""em_score"": 0.607532, ""hybrid_score"": 0.616692, ""keyword_prior"": 0.00916, ""lexical_support"": 0.0}, {""l3_id"": ""G_SYS_TRANS"", ""em_score"": 0.60361, ""hybrid_score"": 0.610999, ""keyword_prior"": 0.007388, ""lexical_support"": 0.0}, {""l3_id"": ""G_SOC_DEMOC"", ""em_score"": 0.605568, ""hybrid_score"": 0.610959, ""keyword_prior"": 0.005391, ""lexical_support"": 0.0}]"
SRC-G-0396,General,RAI4-1240,광범위한 목표로 인한 조작 행동,Manipulative behaviour from broadlyscoped goals,G_INT_UNETH,EM,0.755093,0.72156,0.76786,0.1,,"[{""l3_id"": ""G_INT_UNETH"", ""em_score"": 0.755093, ""hybrid_score"": 0.76786, ""keyword_prior"": 0.012767, ""lexical_support"": 0.1}, {""l3_id"": ""G_SYS_OEXT"", ""em_score"": 0.731651, ""hybrid_score"": 0.741224, ""keyword_prior"": 0.009572, ""lexical_support"": 0.0}, {""l3_id"": ""G_SOC_POWER"", ""em_score"": 0.712523, ""hybrid_score"": 0.71963, ""keyword_prior"": 0.007107, ""lexical_support"": 0.0}, {""l3_id"": ""G_SOC_ECON"", ""em_score"": 0.698018, ""hybrid_score"": 0.697169, ""keyword_prior"": -0.000849, ""lexical_support"": 0.0}, {""l3_id"": ""G_SYS_MISINFO"", ""em_score"": 0.695782, ""hybrid_score"": 0.694846, ""keyword_prior"": -0.000936, ""lexical_support"": 0.0}]"
SRC-G-0397,General,RAI4-1302,인간 멸종,Human-extinction risk,G_Others,HD,0.741501,0.71265,0.751151,0.0,,"[{""l3_id"": ""G_SOC_ECON"", ""em_score"": 0.741501, ""hybrid_score"": 0.751151, ""keyword_prior"": 0.00965, ""lexical_support"": 0.0}, {""l3_id"": ""G_SYS_OEXT"", ""em_score"": 0.72916, ""hybrid_score"": 0.733524, ""keyword_prior"": 0.004365, ""lexical_support"": 0.0}, {""l3_id"": ""G_SOC_CULT"", ""em_score"": 0.698434, ""hybrid_score"": 0.711844, ""keyword_prior"": 0.01341, ""lexical_support"": 0.0}, {""l3_id"": ""G_SOC_ENV"", ""em_score"": 0.690364, ""hybrid_score"": 0.695543, ""keyword_prior"": 0.005179, ""lexical_support"": 0.0}, {""l3_id"": ""G_SYS_OREF"", ""em_score"": 0.687742, ""hybrid_score"": 0.691328, ""keyword_prior"": 0.003586, ""lexical_support"": 0.0}]"
SRC-G-0398,General,RAI4-1339,글로벌 AI 공급망 교란,Global AI supply chain disruption,G_SOC_ECON,EM,0.734698,0.705167,0.767167,0.3,,"[{""l3_id"": ""G_SOC_ECON"", ""em_score"": 0.734698, ""hybrid_score"": 0.767167, ""keyword_prior"": 0.032469, ""lexical_support"": 0.3}, {""l3_id"": ""G_SOC_POWER"", ""em_score"": 0.708709, ""hybrid_score"": 0.716292, ""keyword_prior"": 0.007584, ""lexical_support"": 0.0}, {""l3_id"": ""G_SOC_GOV"", ""em_score"": 0.693889, ""hybrid_score"": 0.698593, ""keyword_prior"": 0.004704, ""lexical_support"": 0.0}, {""l3_id"": ""G_SYS_CONTEST"", ""em_score"": 0.692023, ""hybrid_score"": 0.698328, ""keyword_prior"": 0.006305, ""lexical_support"": 0.0}, {""l3_id"": ""G_SOC_ENV"", ""em_score"": 0.690608, ""hybrid_score"": 0.692343, ""keyword_prior"": 0.001734, ""lexical_support"": 0.0}]"
SRC-G-0399,General,RAI4-1421,민주적 절차 훼손,Undermining of democratic processes,G_SOC_DEMOC,EM,0.814703,0.782918,0.83186,0.0,,"[{""l3_id"": ""G_SOC_DEMOC"", ""em_score"": 0.814703, ""hybrid_score"": 0.83186, ""keyword_prior"": 0.017157, ""lexical_support"": 0.0}, {""l3_id"": ""G_INT_PRIV"", ""em_score"": 0.730547, ""hybrid_score"": 0.755785, ""keyword_prior"": 0.025238, ""lexical_support"": 0.3}, {""l3_id"": ""G_INT_POL"", ""em_score"": 0.742834, ""hybrid_score"": 0.747054, ""keyword_prior"": 0.004221, ""lexical_support"": 0.0}, {""l3_id"": ""G_SOC_ECON"", ""em_score"": 0.721384, ""hybrid_score"": 0.719363, ""keyword_prior"": -0.002021, ""lexical_support"": 0.0}, {""l3_id"": ""G_SOC_POWER"", ""em_score"": 0.717446, ""hybrid_score"": 0.718509, ""keyword_prior"": 0.001063, ""lexical_support"": 0.0}]"
SRC-G-0400,General,RAI4-1585,유해 작업 자동화에 의한 피해 규모 증폭,Amplified harm scale from automated harmful workflows,G_Others,HD,0.725874,0.693745,0.732148,0.0,,"[{""l3_id"": ""G_SYS_OEXT"", ""em_score"": 0.725874, ""hybrid_score"": 0.732148, ""keyword_prior"": 0.006273, ""lexical_support"": 0.0}, {""l3_id"": ""G_SOC_ECON"", ""em_score"": 0.70411, ""hybrid_score"": 0.708835, ""keyword_prior"": 0.004725, ""lexical_support"": 0.0}, {""l3_id"": ""G_INT_UNETH"", ""em_score"": 0.697184, ""hybrid_score"": 0.696104, ""keyword_prior"": -0.00108, ""lexical_support"": 0.0}, {""l3_id"": ""G_SOC_POWER"", ""em_score"": 0.690981, ""hybrid_score"": 0.694905, ""keyword_prior"": 0.003924, ""lexical_support"": 0.0}, {""l3_id"": ""G_SOC_ENV"", ""em_score"": 0.680486, ""hybrid_score"": 0.682345, ""keyword_prior"": 0.001859, ""lexical_support"": 0.0}]"
SRC-G-0401,General,RAI4-1618,자율 사이버 공격을 통한 인간 통제 감소,Human control reduction through autonomous cyber offence,G_Others,HD,0.761716,0.727848,0.772755,0.0,,"[{""l3_id"": ""G_SOC_DEMOC"", ""em_score"": 0.761716, ""hybrid_score"": 0.772755, ""keyword_prior"": 0.011039, ""lexical_support"": 0.0}, {""l3_id"": ""G_SYS_SECADV"", ""em_score"": 0.695029, ""hybrid_score"": 0.748498, ""keyword_prior"": 0.053469, ""lexical_support"": 0.8}, {""l3_id"": ""G_SOC_POWER"", ""em_score"": 0.72154, ""hybrid_score"": 0.726806, ""keyword_prior"": 0.005266, ""lexical_support"": 0.0}, {""l3_id"": ""G_INT_UNETH"", ""em_score"": 0.714967, ""hybrid_score"": 0.721217, ""keyword_prior"": 0.00625, ""lexical_support"": 0.0}, {""l3_id"": ""G_SOC_GOV"", ""em_score"": 0.713977, ""hybrid_score"": 0.718278, ""keyword_prior"": 0.004301, ""lexical_support"": 0.0}]"
SRC-G-0402,General,RAI4-0056,AI 피해의 책임·구제 및 시정 경로 실패,"Failure of accountability, redress, and correction pathways for AI harms",G_SOC_GOV,EM,0.81768,0.793169,0.85113,0.3,,"[{""l3_id"": ""G_SOC_GOV"", ""em_score"": 0.81768, ""hybrid_score"": 0.85113, ""keyword_prior"": 0.03345, ""lexical_support"": 0.3}, {""l3_id"": ""G_SYS_TRANS"", ""em_score"": 0.74094, ""hybrid_score"": 0.752687, ""keyword_prior"": 0.011747, ""lexical_support"": 0.1}, {""l3_id"": ""G_SYS_EVAL"", ""em_score"": 0.73013, ""hybrid_score"": 0.752104, ""keyword_prior"": 0.021974, ""lexical_support"": 0.3}, {""l3_id"": ""G_SYS_CONTEST"", ""em_score"": 0.732961, ""hybrid_score"": 0.746279, ""keyword_prior"": 0.013318, ""lexical_support"": 0.0}, {""l3_id"": ""G_SYS_INPUT"", ""em_score"": 0.713394, ""hybrid_score"": 0.736302, ""keyword_prior"": 0.022908, ""lexical_support"": 0.3}]"
SRC-G-0403,General,RAI4-0058,추적성 실패,Traceability failure,G_Others,HD,0.731097,0.706479,0.762619,0.3,,"[{""l3_id"": ""G_SYS_EVAL"", ""em_score"": 0.731097, ""hybrid_score"": 0.762619, ""keyword_prior"": 0.031522, ""lexical_support"": 0.3}, {""l3_id"": ""G_SYS_CONTEXT"", ""em_score"": 0.720625, ""hybrid_score"": 0.753592, ""keyword_prior"": 0.032968, ""lexical_support"": 0.3}, {""l3_id"": ""G_SYS_INPUT"", ""em_score"": 0.70228, ""hybrid_score"": 0.733683, ""keyword_prior"": 0.031403, ""lexical_support"": 0.3}, {""l3_id"": ""G_SYS_TRANS"", ""em_score"": 0.70061, ""hybrid_score"": 0.712638, ""keyword_prior"": 0.012029, ""lexical_support"": 0.0}, {""l3_id"": ""G_SOC_GOV"", ""em_score"": 0.699617, ""hybrid_score"": 0.708589, ""keyword_prior"": 0.008972, ""lexical_support"": 0.0}]"
SRC-G-0404,General,RAI4-0076,라이프사이클 거버넌스 불연속성,Lifecycle governance discontinuity,G_SOC_GOV,EM,0.68305,0.657972,0.715128,0.3,,"[{""l3_id"": ""G_SOC_GOV"", ""em_score"": 0.68305, ""hybrid_score"": 0.715128, ""keyword_prior"": 0.032078, ""lexical_support"": 0.3}, {""l3_id"": ""G_SYS_EVAL"", ""em_score"": 0.652398, ""hybrid_score"": 0.662251, ""keyword_prior"": 0.009853, ""lexical_support"": 0.0}, {""l3_id"": ""G_SYS_INCONS"", ""em_score"": 0.64575, ""hybrid_score"": 0.653735, ""keyword_prior"": 0.007985, ""lexical_support"": 0.0}, {""l3_id"": ""G_SOC_ENV"", ""em_score"": 0.630531, ""hybrid_score"": 0.645281, ""keyword_prior"": 0.01475, ""lexical_support"": 0.0}, {""l3_id"": ""G_SYS_TRANS"", ""em_score"": 0.64185, ""hybrid_score"": 0.645076, ""keyword_prior"": 0.003226, ""lexical_support"": 0.0}]"
SRC-G-0405,General,RAI4-0078,기본권 영향 평가 격차,Fundamental-rights impact assessment gap,G_Others,HD,0.757437,0.727088,0.768753,0.1,,"[{""l3_id"": ""G_INT_ALLOC"", ""em_score"": 0.757437, ""hybrid_score"": 0.768753, ""keyword_prior"": 0.011316, ""lexical_support"": 0.1}, {""l3_id"": ""G_SOC_POWER"", ""em_score"": 0.749281, ""hybrid_score"": 0.758954, ""keyword_prior"": 0.009674, ""lexical_support"": 0.0}, {""l3_id"": ""G_INT_PRIV"", ""em_score"": 0.723664, ""hybrid_score"": 0.757116, ""keyword_prior"": 0.033452, ""lexical_support"": 0.3}, {""l3_id"": ""G_SOC_DEMOC"", ""em_score"": 0.739554, ""hybrid_score"": 0.756695, ""keyword_prior"": 0.017141, ""lexical_support"": 0.1}, {""l3_id"": ""G_SYS_EVAL"", ""em_score"": 0.731923, ""hybrid_score"": 0.745175, ""keyword_prior"": 0.013252, ""lexical_support"": 0.1}]"
SRC-G-0406,General,RAI4-0096,위험 소유권의 모호성,Risk ownership ambiguity,G_SOC_GOV,EM,0.735034,0.706831,0.745948,0.0,,"[{""l3_id"": ""G_SOC_GOV"", ""em_score"": 0.735034, ""hybrid_score"": 0.745948, ""keyword_prior"": 0.010913, ""lexical_support"": 0.0}, {""l3_id"": ""G_SYS_TRANS"", ""em_score"": 0.715358, ""hybrid_score"": 0.723724, ""keyword_prior"": 0.008366, ""lexical_support"": 0.0}, {""l3_id"": ""G_SYS_OEXT"", ""em_score"": 0.693206, ""hybrid_score"": 0.699036, ""keyword_prior"": 0.00583, ""lexical_support"": 0.0}, {""l3_id"": ""G_SYS_EVAL"", ""em_score"": 0.694489, ""hybrid_score"": 0.697985, ""keyword_prior"": 0.003496, ""lexical_support"": 0.0}, {""l3_id"": ""G_SOC_POWER"", ""em_score"": 0.683718, ""hybrid_score"": 0.69179, ""keyword_prior"": 0.008072, ""lexical_support"": 0.0}]"
SRC-G-0407,General,RAI4-0103,AI 공급망의 책임성·무결성 실패,AI supply-chain accountability and integrity failures,G_SOC_GOV,EM,0.753078,0.722623,0.796376,0.5,,"[{""l3_id"": ""G_SOC_GOV"", ""em_score"": 0.753078, ""hybrid_score"": 0.796376, ""keyword_prior"": 0.043297, ""lexical_support"": 0.5}, {""l3_id"": ""G_SYS_EVAL"", ""em_score"": 0.727289, ""hybrid_score"": 0.754521, ""keyword_prior"": 0.027232, ""lexical_support"": 0.3}, {""l3_id"": ""G_SYS_TRANS"", ""em_score"": 0.707627, ""hybrid_score"": 0.713911, ""keyword_prior"": 0.006284, ""lexical_support"": 0.0}, {""l3_id"": ""G_SYS_OEXT"", ""em_score"": 0.703932, ""hybrid_score"": 0.706759, ""keyword_prior"": 0.002827, ""lexical_support"": 0.0}, {""l3_id"": ""G_SYS_POLICY"", ""em_score"": 0.693633, ""hybrid_score"": 0.70498, ""keyword_prior"": 0.011347, ""lexical_support"": 0.1}]"
SRC-G-0408,General,RAI4-0112,AI 위임에 따른 인간 의사결정 권한 이전,Displacement of human decision authority through AI delegation,G_SYS_OEXT,EM,0.749644,0.722418,0.764065,0.0,,"[{""l3_id"": ""G_SYS_OEXT"", ""em_score"": 0.749644, ""hybrid_score"": 0.764065, ""keyword_prior"": 0.014421, ""lexical_support"": 0.0}, {""l3_id"": ""G_SOC_GOV"", ""em_score"": 0.730686, ""hybrid_score"": 0.743911, ""keyword_prior"": 0.013225, ""lexical_support"": 0.1}, {""l3_id"": ""G_SOC_POWER"", ""em_score"": 0.719123, ""hybrid_score"": 0.725144, ""keyword_prior"": 0.006021, ""lexical_support"": 0.0}, {""l3_id"": ""G_SYS_CONTEST"", ""em_score"": 0.696536, ""hybrid_score"": 0.702285, ""keyword_prior"": 0.005749, ""lexical_support"": 0.0}, {""l3_id"": ""G_INT_VALUE"", ""em_score"": 0.69246, ""hybrid_score"": 0.697586, ""keyword_prior"": 0.005125, ""lexical_support"": 0.0}]"
SRC-G-0409,General,RAI4-0385,현지 규범·제도와의 불일치,Mismatch with local norms and institutions,G_SOC_GOV,EM,0.758357,0.730065,0.769492,0.1,,"[{""l3_id"": ""G_SOC_GOV"", ""em_score"": 0.758357, ""hybrid_score"": 0.769492, ""keyword_prior"": 0.011136, ""lexical_support"": 0.1}, {""l3_id"": ""G_SYS_CONTEXT"", ""em_score"": 0.729825, ""hybrid_score"": 0.751802, ""keyword_prior"": 0.021976, ""lexical_support"": 0.1}, {""l3_id"": ""G_SYS_OEXT"", ""em_score"": 0.727789, ""hybrid_score"": 0.734115, ""keyword_prior"": 0.006326, ""lexical_support"": 0.0}, {""l3_id"": ""G_INT_VALUE"", ""em_score"": 0.718337, ""hybrid_score"": 0.732171, ""keyword_prior"": 0.013834, ""lexical_support"": 0.1}, {""l3_id"": ""G_SYS_EVAL"", ""em_score"": 0.716343, ""hybrid_score"": 0.718136, ""keyword_prior"": 0.001793, ""lexical_support"": 0.0}]"
SRC-G-0410,General,RAI4-0386,AI 시스템에 대한 고착화된 의존,Entrenched dependence on AI systems,G_SOC_GOV,EM,0.789324,0.758039,0.799348,0.1,,"[{""l3_id"": ""G_SOC_GOV"", ""em_score"": 0.789324, ""hybrid_score"": 0.799348, ""keyword_prior"": 0.010024, ""lexical_support"": 0.1}, {""l3_id"": ""G_SYS_OEXT"", ""em_score"": 0.7543, ""hybrid_score"": 0.774467, ""keyword_prior"": 0.020167, ""lexical_support"": 0.2}, {""l3_id"": ""G_INT_UNETH"", ""em_score"": 0.759661, ""hybrid_score"": 0.761232, ""keyword_prior"": 0.001572, ""lexical_support"": 0.0}, {""l3_id"": ""G_SOC_POWER"", ""em_score"": 0.751853, ""hybrid_score"": 0.755782, ""keyword_prior"": 0.003929, ""lexical_support"": 0.0}, {""l3_id"": ""G_SOC_ECON"", ""em_score"": 0.748039, ""hybrid_score"": 0.747678, ""keyword_prior"": -0.000361, ""lexical_support"": 0.0}]"
SRC-G-0411,General,RAI4-0409,현지 책임 없는 현지화,Localization without local accountability,G_SOC_GOV,EM,0.681834,0.653266,0.712431,0.4,,"[{""l3_id"": ""G_SOC_GOV"", ""em_score"": 0.681834, ""hybrid_score"": 0.712431, ""keyword_prior"": 0.030596, ""lexical_support"": 0.4}, {""l3_id"": ""G_INT_VALUE"", ""em_score"": 0.665992, ""hybrid_score"": 0.675561, ""keyword_prior"": 0.009569, ""lexical_support"": 0.0}, {""l3_id"": ""G_SYS_EVAL"", ""em_score"": 0.664035, ""hybrid_score"": 0.671212, ""keyword_prior"": 0.007177, ""lexical_support"": 0.1}, {""l3_id"": ""G_SYS_OEXT"", ""em_score"": 0.62721, ""hybrid_score"": 0.65137, ""keyword_prior"": 0.024159, ""lexical_support"": 0.2}, {""l3_id"": ""G_SYS_TRANS"", ""em_score"": 0.642388, ""hybrid_score"": 0.644802, ""keyword_prior"": 0.002414, ""lexical_support"": 0.0}]"
SRC-G-0412,General,RAI4-0488,AI 발전에 뒤처지는 규제 지체,Regulatory lag behind AI development,G_SOC_GOV,EM,0.769588,0.739338,0.787268,0.1,,"[{""l3_id"": ""G_SOC_GOV"", ""em_score"": 0.769588, ""hybrid_score"": 0.787268, ""keyword_prior"": 0.01768, ""lexical_support"": 0.1}, {""l3_id"": ""G_SYS_OEXT"", ""em_score"": 0.744705, ""hybrid_score"": 0.755598, ""keyword_prior"": 0.010893, ""lexical_support"": 0.0}, {""l3_id"": ""G_SOC_POWER"", ""em_score"": 0.732677, ""hybrid_score"": 0.742167, ""keyword_prior"": 0.009491, ""lexical_support"": 0.0}, {""l3_id"": ""G_SYS_TRANS"", ""em_score"": 0.722832, ""hybrid_score"": 0.728937, ""keyword_prior"": 0.006104, ""lexical_support"": 0.0}, {""l3_id"": ""G_SOC_ENV"", ""em_score"": 0.719874, ""hybrid_score"": 0.723776, ""keyword_prior"": 0.003902, ""lexical_support"": 0.0}]"
SRC-G-0413,General,RAI4-0511,AI 보증·감독 메커니즘의 실패,Breakdown of AI assurance and oversight mechanisms,G_SYS_EVAL,EM,0.800878,0.781967,0.83699,0.4,,"[{""l3_id"": ""G_SYS_EVAL"", ""em_score"": 0.800878, ""hybrid_score"": 0.83699, ""keyword_prior"": 0.036112, ""lexical_support"": 0.4}, {""l3_id"": ""G_SOC_GOV"", ""em_score"": 0.794017, ""hybrid_score"": 0.811935, ""keyword_prior"": 0.017918, ""lexical_support"": 0.1}, {""l3_id"": ""G_SYS_TRANS"", ""em_score"": 0.77385, ""hybrid_score"": 0.782624, ""keyword_prior"": 0.008774, ""lexical_support"": 0.0}, {""l3_id"": ""G_SYS_INPUT"", ""em_score"": 0.736791, ""hybrid_score"": 0.75406, ""keyword_prior"": 0.017269, ""lexical_support"": 0.2}, {""l3_id"": ""G_SYS_CONTEST"", ""em_score"": 0.737106, ""hybrid_score"": 0.745016, ""keyword_prior"": 0.00791, ""lexical_support"": 0.0}]"
SRC-G-0414,General,RAI4-0535,국제법적 규율 곤란,Resistance to international legal control,G_Others,HD,0.725994,0.693949,0.726909,0.0,,"[{""l3_id"": ""G_SOC_GOV"", ""em_score"": 0.725994, ""hybrid_score"": 0.726909, ""keyword_prior"": 0.000914, ""lexical_support"": 0.0}, {""l3_id"": ""G_SYS_CONTEST"", ""em_score"": 0.698442, ""hybrid_score"": 0.707863, ""keyword_prior"": 0.009421, ""lexical_support"": 0.0}, {""l3_id"": ""G_SYS_OREF"", ""em_score"": 0.690535, ""hybrid_score"": 0.704189, ""keyword_prior"": 0.013654, ""lexical_support"": 0.0}, {""l3_id"": ""G_SYS_TRANS"", ""em_score"": 0.695224, ""hybrid_score"": 0.698941, ""keyword_prior"": 0.003717, ""lexical_support"": 0.0}, {""l3_id"": ""G_INT_UNETH"", ""em_score"": 0.693999, ""hybrid_score"": 0.695501, ""keyword_prior"": 0.001503, ""lexical_support"": 0.0}]"
SRC-G-0415,General,RAI4-0555,통제되지 않는 자기개선과 AGI 통제 상실,Uncontrolled self-improvement and loss of AGI control,G_Others,HD,0.749758,0.717349,0.751066,0.0,,"[{""l3_id"": ""G_SYS_OEXT"", ""em_score"": 0.749758, ""hybrid_score"": 0.751066, ""keyword_prior"": 0.001308, ""lexical_support"": 0.0}, {""l3_id"": ""G_SOC_GOV"", ""em_score"": 0.73903, ""hybrid_score"": 0.745655, ""keyword_prior"": 0.006625, ""lexical_support"": 0.0}, {""l3_id"": ""G_SYS_CONTEST"", ""em_score"": 0.714354, ""hybrid_score"": 0.72402, ""keyword_prior"": 0.009666, ""lexical_support"": 0.0}, {""l3_id"": ""G_INT_UNETH"", ""em_score"": 0.710751, ""hybrid_score"": 0.711708, ""keyword_prior"": 0.000957, ""lexical_support"": 0.0}, {""l3_id"": ""G_SOC_POWER"", ""em_score"": 0.705479, ""hybrid_score"": 0.706379, ""keyword_prior"": 0.0009, ""lexical_support"": 0.0}]"
SRC-G-0417,General,RAI4-0942,고도 AI에 의한 실존적·재앙적,Existential and catastrophic risk from advanced AI systems,G_Others,HD,0.760749,0.729942,0.765618,0.0,,"[{""l3_id"": ""G_INT_UNETH"", ""em_score"": 0.760749, ""hybrid_score"": 0.765618, ""keyword_prior"": 0.004869, ""lexical_support"": 0.0}, {""l3_id"": ""G_SYS_OEXT"", ""em_score"": 0.754558, ""hybrid_score"": 0.758232, ""keyword_prior"": 0.003675, ""lexical_support"": 0.0}, {""l3_id"": ""G_SOC_ECON"", ""em_score"": 0.739924, ""hybrid_score"": 0.744623, ""keyword_prior"": 0.004698, ""lexical_support"": 0.0}, {""l3_id"": ""G_SYS_MISINFO"", ""em_score"": 0.731843, ""hybrid_score"": 0.737677, ""keyword_prior"": 0.005834, ""lexical_support"": 0.0}, {""l3_id"": ""G_SOC_POWER"", ""em_score"": 0.721545, ""hybrid_score"": 0.725619, ""keyword_prior"": 0.004074, ""lexical_support"": 0.0}]"
SRC-G-0418,General,RAI4-0947,생성형 AI에 대한 규제 공백,Regulatory gap for generative AI,G_SOC_GOV,EM,0.765141,0.738391,0.799283,0.3,,"[{""l3_id"": ""G_SOC_GOV"", ""em_score"": 0.765141, ""hybrid_score"": 0.799283, ""keyword_prior"": 0.034142, ""lexical_support"": 0.3}, {""l3_id"": ""G_SYS_CONTEST"", ""em_score"": 0.700375, ""hybrid_score"": 0.711266, ""keyword_prior"": 0.01089, ""lexical_support"": 0.0}, {""l3_id"": ""G_SYS_TRANS"", ""em_score"": 0.685691, ""hybrid_score"": 0.690876, ""keyword_prior"": 0.005186, ""lexical_support"": 0.0}, {""l3_id"": ""G_SYS_EVAL"", ""em_score"": 0.679388, ""hybrid_score"": 0.678177, ""keyword_prior"": -0.001211, ""lexical_support"": 0.0}, {""l3_id"": ""G_SOC_POWER"", ""em_score"": 0.659325, ""hybrid_score"": 0.666463, ""keyword_prior"": 0.007138, ""lexical_support"": 0.0}]"
SRC-G-0420,General,RAI4-0972,도덕적 추론·가치 정렬 결손,Deficits in moral reasoning and value alignment,G_Others,HD,0.755405,0.727846,0.757337,0.0,,"[{""l3_id"": ""G_SOC_GOV"", ""em_score"": 0.755405, ""hybrid_score"": 0.757337, ""keyword_prior"": 0.001932, ""lexical_support"": 0.0}, {""l3_id"": ""G_INT_UNETH"", ""em_score"": 0.739834, ""hybrid_score"": 0.748357, ""keyword_prior"": 0.008523, ""lexical_support"": 0.1}, {""l3_id"": ""G_INT_VALUE"", ""em_score"": 0.711071, ""hybrid_score"": 0.735293, ""keyword_prior"": 0.024222, ""lexical_support"": 0.3}, {""l3_id"": ""G_SYS_EVAL"", ""em_score"": 0.726363, ""hybrid_score"": 0.729866, ""keyword_prior"": 0.003503, ""lexical_support"": 0.0}, {""l3_id"": ""G_SYS_CONTEXT"", ""em_score"": 0.724541, ""hybrid_score"": 0.728986, ""keyword_prior"": 0.004445, ""lexical_support"": 0.0}]"
SRC-G-0421,General,RAI4-0973,AGI에 대한 리스크 관리·법제도의 부적절성,Inadequate risk management and legal processes for AGI,G_Others,HD,0.691379,0.665782,0.704809,0.0,,"[{""l3_id"": ""G_SYS_EVAL"", ""em_score"": 0.691379, ""hybrid_score"": 0.704809, ""keyword_prior"": 0.01343, ""lexical_support"": 0.0}, {""l3_id"": ""G_SOC_GOV"", ""em_score"": 0.684418, ""hybrid_score"": 0.697445, ""keyword_prior"": 0.013028, ""lexical_support"": 0.0}, {""l3_id"": ""G_SYS_TRANS"", ""em_score"": 0.658498, ""hybrid_score"": 0.665088, ""keyword_prior"": 0.00659, ""lexical_support"": 0.0}, {""l3_id"": ""G_SYS_CONTEST"", ""em_score"": 0.653464, ""hybrid_score"": 0.662093, ""keyword_prior"": 0.008629, ""lexical_support"": 0.0}, {""l3_id"": ""G_SYS_INPUT"", ""em_score"": 0.642213, ""hybrid_score"": 0.649485, ""keyword_prior"": 0.007272, ""lexical_support"": 0.0}]"
SRC-G-0422,General,RAI4-0974,비정렬 AGI 실존적 재난,Existential catastrophe from unaligned AGI,G_SYS_INCONS,EM,0.695439,0.665538,0.704277,0.0,,"[{""l3_id"": ""G_SYS_INCONS"", ""em_score"": 0.695439, ""hybrid_score"": 0.704277, ""keyword_prior"": 0.008838, ""lexical_support"": 0.0}, {""l3_id"": ""G_SOC_ECON"", ""em_score"": 0.666978, ""hybrid_score"": 0.680312, ""keyword_prior"": 0.013334, ""lexical_support"": 0.0}, {""l3_id"": ""G_SOC_GOV"", ""em_score"": 0.673165, ""hybrid_score"": 0.677814, ""keyword_prior"": 0.004649, ""lexical_support"": 0.0}, {""l3_id"": ""G_INT_UNETH"", ""em_score"": 0.672662, ""hybrid_score"": 0.676003, ""keyword_prior"": 0.003341, ""lexical_support"": 0.0}, {""l3_id"": ""G_SYS_OREF"", ""em_score"": 0.661625, ""hybrid_score"": 0.656038, ""keyword_prior"": -0.005588, ""lexical_support"": 0.0}]"
SRC-G-0423,General,RAI4-1017,이상 조건에서의 성능·견고성·복원력 실패,"Failure of performance, robustness, and resilience under adverse conditions",G_SYS_SECADV,EM,0.818655,0.800356,0.876678,0.7,,"[{""l3_id"": ""G_SYS_SECADV"", ""em_score"": 0.818655, ""hybrid_score"": 0.876679, ""keyword_prior"": 0.058024, ""lexical_support"": 0.7}, {""l3_id"": ""G_SYS_EVAL"", ""em_score"": 0.810846, ""hybrid_score"": 0.840958, ""keyword_prior"": 0.030112, ""lexical_support"": 0.3}, {""l3_id"": ""G_SYS_INPUT"", ""em_score"": 0.781855, ""hybrid_score"": 0.805407, ""keyword_prior"": 0.023552, ""lexical_support"": 0.3}, {""l3_id"": ""G_SYS_CONTEXT"", ""em_score"": 0.781052, ""hybrid_score"": 0.804041, ""keyword_prior"": 0.022989, ""lexical_support"": 0.3}, {""l3_id"": ""G_SOC_GOV"", ""em_score"": 0.764894, ""hybrid_score"": 0.769449, ""keyword_prior"": 0.004555, ""lexical_support"": 0.0}]"
SRC-G-0424,General,RAI4-1150,폭주 프로세스,Runaway processes,G_SOC_GOV,EM,0.688025,0.657699,0.688001,0.0,,"[{""l3_id"": ""G_SOC_GOV"", ""em_score"": 0.688025, ""hybrid_score"": 0.688001, ""keyword_prior"": -2.4e-05, ""lexical_support"": 0.0}, {""l3_id"": ""G_SYS_INPUT"", ""em_score"": 0.662701, ""hybrid_score"": 0.66772, ""keyword_prior"": 0.005019, ""lexical_support"": 0.0}, {""l3_id"": ""G_SYS_TRANS"", ""em_score"": 0.667069, ""hybrid_score"": 0.664193, ""keyword_prior"": -0.002875, ""lexical_support"": 0.0}, {""l3_id"": ""G_SOC_ECON"", ""em_score"": 0.662329, ""hybrid_score"": 0.656761, ""keyword_prior"": -0.005568, ""lexical_support"": 0.0}, {""l3_id"": ""G_SOC_POWER"", ""em_score"": 0.659132, ""hybrid_score"": 0.655026, ""keyword_prior"": -0.004105, ""lexical_support"": 0.0}]"
SRC-G-0425,General,RAI4-1331,설명가능성 결손에 따른 시정·책임 추적 불능,Explainability deficits impeding rectification and accountability,G_Others,HD,0.724442,0.693402,0.767624,0.5,,"[{""l3_id"": ""G_SOC_GOV"", ""em_score"": 0.724442, ""hybrid_score"": 0.767624, ""keyword_prior"": 0.043182, ""lexical_support"": 0.5}, {""l3_id"": ""G_SYS_TRANS"", ""em_score"": 0.727741, ""hybrid_score"": 0.751633, ""keyword_prior"": 0.023892, ""lexical_support"": 0.1}, {""l3_id"": ""G_SYS_EVAL"", ""em_score"": 0.690815, ""hybrid_score"": 0.701665, ""keyword_prior"": 0.01085, ""lexical_support"": 0.0}, {""l3_id"": ""G_SYS_INCONS"", ""em_score"": 0.677427, ""hybrid_score"": 0.687601, ""keyword_prior"": 0.010173, ""lexical_support"": 0.0}, {""l3_id"": ""G_SYS_INPUT"", ""em_score"": 0.678036, ""hybrid_score"": 0.681602, ""keyword_prior"": 0.003566, ""lexical_support"": 0.0}]"
SRC-G-0426,General,RAI4-1485,AI 구성요소 상호작용의 원인 규명 곤란,Unclear attribution of harm from AI component interactions,G_SOC_GOV,EM,0.744958,0.714366,0.75994,0.0,,"[{""l3_id"": ""G_SOC_GOV"", ""em_score"": 0.744958, ""hybrid_score"": 0.75994, ""keyword_prior"": 0.014982, ""lexical_support"": 0.0}, {""l3_id"": ""G_SYS_INPUT"", ""em_score"": 0.708641, ""hybrid_score"": 0.716537, ""keyword_prior"": 0.007896, ""lexical_support"": 0.0}, {""l3_id"": ""G_SYS_TRANS"", ""em_score"": 0.703489, ""hybrid_score"": 0.708818, ""keyword_prior"": 0.005329, ""lexical_support"": 0.0}, {""l3_id"": ""G_SYS_CONTEXT"", ""em_score"": 0.690735, ""hybrid_score"": 0.696224, ""keyword_prior"": 0.00549, ""lexical_support"": 0.0}, {""l3_id"": ""G_SYS_CONTEST"", ""em_score"": 0.683646, ""hybrid_score"": 0.687416, ""keyword_prior"": 0.003769, ""lexical_support"": 0.0}]"
SRC-G-0427,General,RAI4-1720,정보·책임 구조 부재에 의한 책임 귀속 불가,Unassignable responsibility from absent system information and accountability structures,G_SOC_GOV,EM,0.786797,0.75838,0.827154,0.4,,"[{""l3_id"": ""G_SOC_GOV"", ""em_score"": 0.786797, ""hybrid_score"": 0.827154, ""keyword_prior"": 0.040357, ""lexical_support"": 0.4}, {""l3_id"": ""G_SYS_TRANS"", ""em_score"": 0.749445, ""hybrid_score"": 0.760545, ""keyword_prior"": 0.0111, ""lexical_support"": 0.0}, {""l3_id"": ""G_SYS_EVAL"", ""em_score"": 0.735239, ""hybrid_score"": 0.745457, ""keyword_prior"": 0.010218, ""lexical_support"": 0.0}, {""l3_id"": ""G_SYS_CONTEST"", ""em_score"": 0.698494, ""hybrid_score"": 0.699826, ""keyword_prior"": 0.001331, ""lexical_support"": 0.0}, {""l3_id"": ""G_SYS_CONTEXT"", ""em_score"": 0.696622, ""hybrid_score"": 0.699736, ""keyword_prior"": 0.003114, ""lexical_support"": 0.0}]"
SRC-G-0428,General,RAI4-0123,인간 존엄성 침식,Erosion of human dignity,G_SOC_CULT,EM,0.749272,0.719954,0.779211,0.3,,"[{""l3_id"": ""G_SOC_CULT"", ""em_score"": 0.749272, ""hybrid_score"": 0.779211, ""keyword_prior"": 0.029939, ""lexical_support"": 0.3}, {""l3_id"": ""G_SOC_DEMOC"", ""em_score"": 0.710335, ""hybrid_score"": 0.727066, ""keyword_prior"": 0.016731, ""lexical_support"": 0.2}, {""l3_id"": ""G_INT_UNETH"", ""em_score"": 0.715015, ""hybrid_score"": 0.718643, ""keyword_prior"": 0.003628, ""lexical_support"": 0.0}, {""l3_id"": ""G_INT_VALUE"", ""em_score"": 0.700252, ""hybrid_score"": 0.705016, ""keyword_prior"": 0.004763, ""lexical_support"": 0.0}, {""l3_id"": ""G_SOC_POWER"", ""em_score"": 0.700277, ""hybrid_score"": 0.701648, ""keyword_prior"": 0.001371, ""lexical_support"": 0.0}]"
SRC-G-0429,General,RAI4-0162,전문적 판단력 위축,Professional judgment atrophy,G_SYS_OEXT,EM,0.718226,0.690664,0.731196,0.0,,"[{""l3_id"": ""G_SYS_OEXT"", ""em_score"": 0.718226, ""hybrid_score"": 0.731196, ""keyword_prior"": 0.01297, ""lexical_support"": 0.0}, {""l3_id"": ""G_SOC_CULT"", ""em_score"": 0.690647, ""hybrid_score"": 0.697923, ""keyword_prior"": 0.007276, ""lexical_support"": 0.0}, {""l3_id"": ""G_SYS_CONTEST"", ""em_score"": 0.685763, ""hybrid_score"": 0.6899, ""keyword_prior"": 0.004137, ""lexical_support"": 0.0}, {""l3_id"": ""G_SOC_ECON"", ""em_score"": 0.690249, ""hybrid_score"": 0.689008, ""keyword_prior"": -0.00124, ""lexical_support"": 0.0}, {""l3_id"": ""G_INT_VALUE"", ""em_score"": 0.672665, ""hybrid_score"": 0.677178, ""keyword_prior"": 0.004513, ""lexical_support"": 0.0}]"
SRC-G-0430,General,RAI4-0362,지배적 가치의 부과,Imposition of dominant values,G_INT_VALUE,EM,0.857477,0.840822,0.897596,0.4,,"[{""l3_id"": ""G_INT_VALUE"", ""em_score"": 0.857477, ""hybrid_score"": 0.897596, ""keyword_prior"": 0.040119, ""lexical_support"": 0.4}, {""l3_id"": ""G_SOC_POWER"", ""em_score"": 0.762287, ""hybrid_score"": 0.770551, ""keyword_prior"": 0.008263, ""lexical_support"": 0.0}, {""l3_id"": ""G_SYS_OEXT"", ""em_score"": 0.741536, ""hybrid_score"": 0.745594, ""keyword_prior"": 0.004058, ""lexical_support"": 0.0}, {""l3_id"": ""G_SOC_GOV"", ""em_score"": 0.713012, ""hybrid_score"": 0.711112, ""keyword_prior"": -0.0019, ""lexical_support"": 0.0}, {""l3_id"": ""G_SOC_DEMOC"", ""em_score"": 0.703382, ""hybrid_score"": 0.703148, ""keyword_prior"": -0.000234, ""lexical_support"": 0.0}]"
SRC-G-0431,General,RAI4-0369,AI에 의한 문화적·이념적 동질화,Cultural and ideological homogenization by AI,G_INT_VALUE,EM,0.849004,0.832499,0.890093,0.4,,"[{""l3_id"": ""G_INT_VALUE"", ""em_score"": 0.849004, ""hybrid_score"": 0.890093, ""keyword_prior"": 0.04109, ""lexical_support"": 0.4}, {""l3_id"": ""G_SOC_CULT"", ""em_score"": 0.773401, ""hybrid_score"": 0.804159, ""keyword_prior"": 0.030758, ""lexical_support"": 0.3}, {""l3_id"": ""G_SOC_POWER"", ""em_score"": 0.725952, ""hybrid_score"": 0.731528, ""keyword_prior"": 0.005576, ""lexical_support"": 0.0}, {""l3_id"": ""G_INT_REPR"", ""em_score"": 0.71172, ""hybrid_score"": 0.726132, ""keyword_prior"": 0.014412, ""lexical_support"": 0.1}, {""l3_id"": ""G_INT_UNETH"", ""em_score"": 0.692122, ""hybrid_score"": 0.709515, ""keyword_prior"": 0.017393, ""lexical_support"": 0.1}]"
SRC-G-0432,General,RAI4-0370,상황에 구애받지 않는 보편주의,Context-insensitive universalism,G_SYS_CONTEXT,EM,0.741188,0.713747,0.756644,0.1,,"[{""l3_id"": ""G_SYS_CONTEXT"", ""em_score"": 0.741188, ""hybrid_score"": 0.756644, ""keyword_prior"": 0.015456, ""lexical_support"": 0.1}, {""l3_id"": ""G_INT_VALUE"", ""em_score"": 0.700398, ""hybrid_score"": 0.711853, ""keyword_prior"": 0.011455, ""lexical_support"": 0.0}, {""l3_id"": ""G_INT_UNETH"", ""em_score"": 0.704063, ""hybrid_score"": 0.710908, ""keyword_prior"": 0.006845, ""lexical_support"": 0.0}, {""l3_id"": ""G_SYS_INPUT"", ""em_score"": 0.687882, ""hybrid_score"": 0.691106, ""keyword_prior"": 0.003224, ""lexical_support"": 0.0}, {""l3_id"": ""G_SYS_EVAL"", ""em_score"": 0.687217, ""hybrid_score"": 0.686828, ""keyword_prior"": -0.000389, ""lexical_support"": 0.0}]"
SRC-G-0433,General,RAI4-0372,문화·종교·사회 집단에 대한 왜곡 표상,"Misrepresentation of cultures, religions, and social groups",G_Others,HD,0.781097,0.753343,0.790475,0.1,,"[{""l3_id"": ""G_INT_POL"", ""em_score"": 0.781097, ""hybrid_score"": 0.790475, ""keyword_prior"": 0.009378, ""lexical_support"": 0.1}, {""l3_id"": ""G_INT_REPR"", ""em_score"": 0.75981, ""hybrid_score"": 0.780022, ""keyword_prior"": 0.020212, ""lexical_support"": 0.1}, {""l3_id"": ""G_INT_UNETH"", ""em_score"": 0.762344, ""hybrid_score"": 0.766275, ""keyword_prior"": 0.003931, ""lexical_support"": 0.0}, {""l3_id"": ""G_INT_VALUE"", ""em_score"": 0.76192, ""hybrid_score"": 0.764851, ""keyword_prior"": 0.002932, ""lexical_support"": 0.0}, {""l3_id"": ""G_SYS_MISINFO"", ""em_score"": 0.756065, ""hybrid_score"": 0.762536, ""keyword_prior"": 0.006471, ""lexical_support"": 0.0}]"
SRC-G-0434,General,RAI4-0388,AI에 의한 문화적 인식론 말살,Cultural epistemicide by AI,G_SOC_CULT,EM,0.786901,0.758761,0.827049,0.4,,"[{""l3_id"": ""G_SOC_CULT"", ""em_score"": 0.786901, ""hybrid_score"": 0.827049, ""keyword_prior"": 0.040148, ""lexical_support"": 0.4}, {""l3_id"": ""G_INT_VALUE"", ""em_score"": 0.743119, ""hybrid_score"": 0.752383, ""keyword_prior"": 0.009264, ""lexical_support"": 0.0}, {""l3_id"": ""G_SOC_ECON"", ""em_score"": 0.697451, ""hybrid_score"": 0.700861, ""keyword_prior"": 0.003409, ""lexical_support"": 0.0}, {""l3_id"": ""G_SYS_MISINFO"", ""em_score"": 0.685773, ""hybrid_score"": 0.687796, ""keyword_prior"": 0.002023, ""lexical_support"": 0.0}, {""l3_id"": ""G_SOC_DEMOC"", ""em_score"": 0.684524, ""hybrid_score"": 0.686329, ""keyword_prior"": 0.001805, ""lexical_support"": 0.0}]"
SRC-G-0435,General,RAI4-0390,영향받는 공동체 배제,Affected-community exclusion,G_Others,HD,0.698808,0.667787,0.706139,0.0,,"[{""l3_id"": ""G_INT_VALUE"", ""em_score"": 0.698808, ""hybrid_score"": 0.706139, ""keyword_prior"": 0.007331, ""lexical_support"": 0.0}, {""l3_id"": ""G_SYS_CONTEST"", ""em_score"": 0.682682, ""hybrid_score"": 0.693269, ""keyword_prior"": 0.010587, ""lexical_support"": 0.0}, {""l3_id"": ""G_INT_UNETH"", ""em_score"": 0.689375, ""hybrid_score"": 0.691888, ""keyword_prior"": 0.002513, ""lexical_support"": 0.0}, {""l3_id"": ""G_SOC_GOV"", ""em_score"": 0.691795, ""hybrid_score"": 0.690428, ""keyword_prior"": -0.001368, ""lexical_support"": 0.0}, {""l3_id"": ""G_SYS_OREF"", ""em_score"": 0.674893, ""hybrid_score"": 0.685084, ""keyword_prior"": 0.010191, ""lexical_support"": 0.0}]"
SRC-G-0436,General,RAI4-0394,이슬람 윤리 정렬 실패,Islamic ethical alignment failure,G_Others,HD,0.715404,0.69367,0.750945,0.4,,"[{""l3_id"": ""G_SYS_EVAL"", ""em_score"": 0.715404, ""hybrid_score"": 0.750945, ""keyword_prior"": 0.035541, ""lexical_support"": 0.4}, {""l3_id"": ""G_SYS_CONTEXT"", ""em_score"": 0.71176, ""hybrid_score"": 0.745026, ""keyword_prior"": 0.033267, ""lexical_support"": 0.4}, {""l3_id"": ""G_SYS_INPUT"", ""em_score"": 0.701224, ""hybrid_score"": 0.733807, ""keyword_prior"": 0.032584, ""lexical_support"": 0.4}, {""l3_id"": ""G_INT_UNETH"", ""em_score"": 0.691831, ""hybrid_score"": 0.70851, ""keyword_prior"": 0.016679, ""lexical_support"": 0.2}, {""l3_id"": ""G_SYS_CONTEST"", ""em_score"": 0.687132, ""hybrid_score"": 0.693032, ""keyword_prior"": 0.0059, ""lexical_support"": 0.0}]"
SRC-G-0437,General,RAI4-0396,세속적 기본값 편향,Secular default bias,G_INT_VALUE,EM,0.802547,0.785521,0.819456,0.0,,"[{""l3_id"": ""G_INT_VALUE"", ""em_score"": 0.802547, ""hybrid_score"": 0.819456, ""keyword_prior"": 0.016909, ""lexical_support"": 0.0}, {""l3_id"": ""G_SYS_OREF"", ""em_score"": 0.666258, ""hybrid_score"": 0.674307, ""keyword_prior"": 0.008049, ""lexical_support"": 0.0}, {""l3_id"": ""G_SYS_OEXT"", ""em_score"": 0.670192, ""hybrid_score"": 0.670514, ""keyword_prior"": 0.000322, ""lexical_support"": 0.0}, {""l3_id"": ""G_INT_UNETH"", ""em_score"": 0.669466, ""hybrid_score"": 0.667897, ""keyword_prior"": -0.001569, ""lexical_support"": 0.0}, {""l3_id"": ""G_SYS_CONTEXT"", ""em_score"": 0.657126, ""hybrid_score"": 0.657346, ""keyword_prior"": 0.00022, ""lexical_support"": 0.0}]"
SRC-G-0438,General,RAI4-0398,헌법적 AI 가치 단일문화,Constitutional AI value monoculture,G_INT_VALUE,EM,0.731368,0.705613,0.761047,0.2,,"[{""l3_id"": ""G_INT_VALUE"", ""em_score"": 0.731368, ""hybrid_score"": 0.761047, ""keyword_prior"": 0.029679, ""lexical_support"": 0.2}, {""l3_id"": ""G_SOC_CULT"", ""em_score"": 0.650049, ""hybrid_score"": 0.660556, ""keyword_prior"": 0.010507, ""lexical_support"": 0.1}, {""l3_id"": ""G_SYS_CONTEST"", ""em_score"": 0.641588, ""hybrid_score"": 0.648983, ""keyword_prior"": 0.007395, ""lexical_support"": 0.0}, {""l3_id"": ""G_SOC_POWER"", ""em_score"": 0.640731, ""hybrid_score"": 0.646653, ""keyword_prior"": 0.005922, ""lexical_support"": 0.0}, {""l3_id"": ""G_SOC_DEMOC"", ""em_score"": 0.621651, ""hybrid_score"": 0.624929, ""keyword_prior"": 0.003277, ""lexical_support"": 0.0}]"
SRC-G-0439,General,RAI4-0410,존대·공손 규범 보존 실패,Honorific and politeness norm failure,G_SYS_CONTEXT,EM,0.744974,0.714877,0.773948,0.3,,"[{""l3_id"": ""G_SYS_CONTEXT"", ""em_score"": 0.744974, ""hybrid_score"": 0.773948, ""keyword_prior"": 0.028973, ""lexical_support"": 0.3}, {""l3_id"": ""G_SYS_INPUT"", ""em_score"": 0.720268, ""hybrid_score"": 0.744366, ""keyword_prior"": 0.024097, ""lexical_support"": 0.3}, {""l3_id"": ""G_SYS_EVAL"", ""em_score"": 0.711257, ""hybrid_score"": 0.737632, ""keyword_prior"": 0.026375, ""lexical_support"": 0.3}, {""l3_id"": ""G_INT_VALUE"", ""em_score"": 0.71383, ""hybrid_score"": 0.736, ""keyword_prior"": 0.02217, ""lexical_support"": 0.3}, {""l3_id"": ""G_INT_UNETH"", ""em_score"": 0.731313, ""hybrid_score"": 0.734532, ""keyword_prior"": 0.003219, ""lexical_support"": 0.0}]"
SRC-G-0440,General,RAI4-0412,원주민 데이터 주권 침해,Indigenous data sovereignty violation,G_Others,HD,0.697662,0.668768,0.711555,0.2,,"[{""l3_id"": ""G_SOC_GOV"", ""em_score"": 0.697662, ""hybrid_score"": 0.711555, ""keyword_prior"": 0.013893, ""lexical_support"": 0.2}, {""l3_id"": ""G_SOC_POWER"", ""em_score"": 0.692085, ""hybrid_score"": 0.696596, ""keyword_prior"": 0.004511, ""lexical_support"": 0.0}, {""l3_id"": ""G_INT_UNETH"", ""em_score"": 0.682177, ""hybrid_score"": 0.684008, ""keyword_prior"": 0.001832, ""lexical_support"": 0.0}, {""l3_id"": ""G_SYS_OEXT"", ""em_score"": 0.682857, ""hybrid_score"": 0.682692, ""keyword_prior"": -0.000165, ""lexical_support"": 0.0}, {""l3_id"": ""G_SYS_CONTEST"", ""em_score"": 0.678793, ""hybrid_score"": 0.680529, ""keyword_prior"": 0.001736, ""lexical_support"": 0.0}]"
SRC-G-0441,General,RAI4-0413,문화 데이터 출처 손실,Cultural data provenance loss,G_SOC_CULT,EM,0.733524,0.700209,0.766935,0.3,,"[{""l3_id"": ""G_SOC_CULT"", ""em_score"": 0.733524, ""hybrid_score"": 0.766935, ""keyword_prior"": 0.033411, ""lexical_support"": 0.3}, {""l3_id"": ""G_SYS_CONTEXT"", ""em_score"": 0.683784, ""hybrid_score"": 0.697254, ""keyword_prior"": 0.01347, ""lexical_support"": 0.0}, {""l3_id"": ""G_SOC_GOV"", ""em_score"": 0.673315, ""hybrid_score"": 0.675949, ""keyword_prior"": 0.002633, ""lexical_support"": 0.0}, {""l3_id"": ""G_SYS_MISINFO"", ""em_score"": 0.675957, ""hybrid_score"": 0.675902, ""keyword_prior"": -5.5e-05, ""lexical_support"": 0.0}, {""l3_id"": ""G_SOC_POWER"", ""em_score"": 0.673254, ""hybrid_score"": 0.67373, ""keyword_prior"": 0.000475, ""lexical_support"": 0.0}]"
SRC-G-0442,General,RAI4-0417,인간 피드백 데이터의 편향·비일관성,Bias and inconsistency in human feedback data,G_SYS_INCONS,EM,0.722753,0.685897,0.76208,0.4,,"[{""l3_id"": ""G_SYS_INCONS"", ""em_score"": 0.722753, ""hybrid_score"": 0.76208, ""keyword_prior"": 0.039327, ""lexical_support"": 0.4}, {""l3_id"": ""G_SYS_OREF"", ""em_score"": 0.668675, ""hybrid_score"": 0.671418, ""keyword_prior"": 0.002743, ""lexical_support"": 0.0}, {""l3_id"": ""G_SYS_MISINFO"", ""em_score"": 0.658885, ""hybrid_score"": 0.661897, ""keyword_prior"": 0.003011, ""lexical_support"": 0.0}, {""l3_id"": ""G_SYS_CONTEST"", ""em_score"": 0.649023, ""hybrid_score"": 0.652316, ""keyword_prior"": 0.003293, ""lexical_support"": 0.0}, {""l3_id"": ""G_SYS_TRANS"", ""em_score"": 0.646458, ""hybrid_score"": 0.650582, ""keyword_prior"": 0.004124, ""lexical_support"": 0.0}]"
SRC-G-0443,General,RAI4-0423,AI 의사결정에 의한 인간 행위주체성·감독·공정 대우의 침식,"Erosion of human agency, oversight, and equitable treatment by AI",G_SOC_CULT,EM,0.802942,0.778498,0.82924,0.3,,"[{""l3_id"": ""G_SOC_CULT"", ""em_score"": 0.802942, ""hybrid_score"": 0.82924, ""keyword_prior"": 0.026297, ""lexical_support"": 0.3}, {""l3_id"": ""G_SOC_DEMOC"", ""em_score"": 0.763274, ""hybrid_score"": 0.784724, ""keyword_prior"": 0.02145, ""lexical_support"": 0.2}, {""l3_id"": ""G_SOC_POWER"", ""em_score"": 0.766136, ""hybrid_score"": 0.773407, ""keyword_prior"": 0.007271, ""lexical_support"": 0.0}, {""l3_id"": ""G_INT_ALLOC"", ""em_score"": 0.769261, ""hybrid_score"": 0.772953, ""keyword_prior"": 0.003692, ""lexical_support"": 0.0}, {""l3_id"": ""G_SYS_OEXT"", ""em_score"": 0.743073, ""hybrid_score"": 0.761876, ""keyword_prior"": 0.018803, ""lexical_support"": 0.2}]"
SRC-G-0444,General,RAI4-0424,차별적 영향,Disparate impact,G_INT_ALLOC,EM,0.820244,0.797931,0.843515,0.1,,"[{""l3_id"": ""G_INT_ALLOC"", ""em_score"": 0.820244, ""hybrid_score"": 0.843515, ""keyword_prior"": 0.023271, ""lexical_support"": 0.1}, {""l3_id"": ""G_INT_VALUE"", ""em_score"": 0.689381, ""hybrid_score"": 0.715626, ""keyword_prior"": 0.026245, ""lexical_support"": 0.3}, {""l3_id"": ""G_SOC_POWER"", ""em_score"": 0.698262, ""hybrid_score"": 0.70242, ""keyword_prior"": 0.004157, ""lexical_support"": 0.0}, {""l3_id"": ""G_SYS_MISINFO"", ""em_score"": 0.699644, ""hybrid_score"": 0.698471, ""keyword_prior"": -0.001173, ""lexical_support"": 0.0}, {""l3_id"": ""G_SOC_ECON"", ""em_score"": 0.692204, ""hybrid_score"": 0.69613, ""keyword_prior"": 0.003926, ""lexical_support"": 0.0}]"
SRC-G-0445,General,RAI4-0430,저자원 언어 사용자 배제,Low-resource language exclusion,G_Others,HD,0.749284,0.718271,0.757609,0.0,,"[{""l3_id"": ""G_INT_ALLOC"", ""em_score"": 0.749284, ""hybrid_score"": 0.757609, ""keyword_prior"": 0.008326, ""lexical_support"": 0.0}, {""l3_id"": ""G_SYS_OREF"", ""em_score"": 0.707782, ""hybrid_score"": 0.720937, ""keyword_prior"": 0.013155, ""lexical_support"": 0.0}, {""l3_id"": ""G_SYS_CONTEST"", ""em_score"": 0.698631, ""hybrid_score"": 0.711157, ""keyword_prior"": 0.012526, ""lexical_support"": 0.0}, {""l3_id"": ""G_SYS_CONTEXT"", ""em_score"": 0.68687, ""hybrid_score"": 0.69839, ""keyword_prior"": 0.01152, ""lexical_support"": 0.0}, {""l3_id"": ""G_SOC_POWER"", ""em_score"": 0.680021, ""hybrid_score"": 0.682017, ""keyword_prior"": 0.001996, ""lexical_support"": 0.0}]"
SRC-G-0446,General,RAI4-0497,AI 개발 경쟁에서의 안전 후순위화,Safety deprioritization in AI development races,G_SOC_POWER,EM,0.721187,0.691098,0.733644,0.0,,"[{""l3_id"": ""G_SOC_POWER"", ""em_score"": 0.721187, ""hybrid_score"": 0.733644, ""keyword_prior"": 0.012457, ""lexical_support"": 0.0}, {""l3_id"": ""G_SYS_EVAL"", ""em_score"": 0.69554, ""hybrid_score"": 0.700508, ""keyword_prior"": 0.004969, ""lexical_support"": 0.0}, {""l3_id"": ""G_SOC_ENV"", ""em_score"": 0.680076, ""hybrid_score"": 0.68885, ""keyword_prior"": 0.008774, ""lexical_support"": 0.0}, {""l3_id"": ""G_SYS_CONTEST"", ""em_score"": 0.68277, ""hybrid_score"": 0.687564, ""keyword_prior"": 0.004794, ""lexical_support"": 0.0}, {""l3_id"": ""G_SOC_GOV"", ""em_score"": 0.680814, ""hybrid_score"": 0.681387, ""keyword_prior"": 0.000574, ""lexical_support"": 0.0}]"
SRC-G-0447,General,RAI4-0556,운용 경계를 벗어난 자율 복제와 자원 획득,Autonomous replication and resource acquisition beyond operational boundaries,G_SYS_OEXT,EM,0.786481,0.757026,0.798624,0.0,,"[{""l3_id"": ""G_SYS_OEXT"", ""em_score"": 0.786481, ""hybrid_score"": 0.798624, ""keyword_prior"": 0.012142, ""lexical_support"": 0.0}, {""l3_id"": ""G_SOC_POWER"", ""em_score"": 0.733686, ""hybrid_score"": 0.739519, ""keyword_prior"": 0.005833, ""lexical_support"": 0.0}, {""l3_id"": ""G_SOC_GOV"", ""em_score"": 0.734824, ""hybrid_score"": 0.73557, ""keyword_prior"": 0.000746, ""lexical_support"": 0.0}, {""l3_id"": ""G_INT_PRIV"", ""em_score"": 0.716489, ""hybrid_score"": 0.727384, ""keyword_prior"": 0.010895, ""lexical_support"": 0.1}, {""l3_id"": ""G_INT_UNETH"", ""em_score"": 0.722644, ""hybrid_score"": 0.723757, ""keyword_prior"": 0.001113, ""lexical_support"": 0.0}]"
SRC-G-0448,General,RAI4-0557,배포된 AI의 의도치 않은 유해 결과,Unintended harmful outcomes of deployed AI,G_Others,HD,0.761243,0.728688,0.77103,0.0,,"[{""l3_id"": ""G_INT_UNETH"", ""em_score"": 0.761243, ""hybrid_score"": 0.77103, ""keyword_prior"": 0.009787, ""lexical_support"": 0.0}, {""l3_id"": ""G_SOC_GOV"", ""em_score"": 0.754652, ""hybrid_score"": 0.756706, ""keyword_prior"": 0.002054, ""lexical_support"": 0.0}, {""l3_id"": ""G_SOC_POWER"", ""em_score"": 0.740333, ""hybrid_score"": 0.740386, ""keyword_prior"": 5.3e-05, ""lexical_support"": 0.0}, {""l3_id"": ""G_SYS_OEXT"", ""em_score"": 0.726597, ""hybrid_score"": 0.729663, ""keyword_prior"": 0.003066, ""lexical_support"": 0.0}, {""l3_id"": ""G_SOC_ENV"", ""em_score"": 0.725331, ""hybrid_score"": 0.726354, ""keyword_prior"": 0.001024, ""lexical_support"": 0.0}]"
SRC-G-0449,General,RAI4-0562,AI 에이전트에 의한 강압과 갈취,Coercion and extortion by AI agents,G_Others,HD,0.73932,0.707532,0.758524,0.3,,"[{""l3_id"": ""G_INT_UNETH"", ""em_score"": 0.73932, ""hybrid_score"": 0.758524, ""keyword_prior"": 0.019205, ""lexical_support"": 0.3}, {""l3_id"": ""G_SOC_POWER"", ""em_score"": 0.744272, ""hybrid_score"": 0.747991, ""keyword_prior"": 0.003719, ""lexical_support"": 0.0}, {""l3_id"": ""G_INT_ALLOC"", ""em_score"": 0.722634, ""hybrid_score"": 0.73003, ""keyword_prior"": 0.007396, ""lexical_support"": 0.0}, {""l3_id"": ""G_SOC_DEMOC"", ""em_score"": 0.727912, ""hybrid_score"": 0.729204, ""keyword_prior"": 0.001292, ""lexical_support"": 0.0}, {""l3_id"": ""G_SYS_OEXT"", ""em_score"": 0.723128, ""hybrid_score"": 0.725424, ""keyword_prior"": 0.002296, ""lexical_support"": 0.0}]"
SRC-G-0450,General,RAI4-0580,이중용도 연구 역량 상승,Dual-use research capability uplift,G_Others,HD,0.726307,0.699409,0.746059,0.1,,"[{""l3_id"": ""G_SYS_OEXT"", ""em_score"": 0.726307, ""hybrid_score"": 0.746059, ""keyword_prior"": 0.019752, ""lexical_support"": 0.1}, {""l3_id"": ""G_INT_WEAP"", ""em_score"": 0.706895, ""hybrid_score"": 0.736611, ""keyword_prior"": 0.029715, ""lexical_support"": 0.2}, {""l3_id"": ""G_SOC_POWER"", ""em_score"": 0.703301, ""hybrid_score"": 0.709616, ""keyword_prior"": 0.006314, ""lexical_support"": 0.0}, {""l3_id"": ""G_SOC_ENV"", ""em_score"": 0.695441, ""hybrid_score"": 0.697051, ""keyword_prior"": 0.00161, ""lexical_support"": 0.0}, {""l3_id"": ""G_SOC_ECON"", ""em_score"": 0.669345, ""hybrid_score"": 0.669869, ""keyword_prior"": 0.000524, ""lexical_support"": 0.0}]"
SRC-G-0451,General,RAI4-0585,금융시스템 불안정,Financial-system instability,G_Others,HD,0.704075,0.6737,0.729304,0.2,,"[{""l3_id"": ""G_SOC_POWER"", ""em_score"": 0.704075, ""hybrid_score"": 0.729304, ""keyword_prior"": 0.025229, ""lexical_support"": 0.2}, {""l3_id"": ""G_SOC_ECON"", ""em_score"": 0.701624, ""hybrid_score"": 0.710586, ""keyword_prior"": 0.008962, ""lexical_support"": 0.0}, {""l3_id"": ""G_SOC_GOV"", ""em_score"": 0.689214, ""hybrid_score"": 0.696578, ""keyword_prior"": 0.007364, ""lexical_support"": 0.0}, {""l3_id"": ""G_SYS_INCONS"", ""em_score"": 0.668164, ""hybrid_score"": 0.687341, ""keyword_prior"": 0.019177, ""lexical_support"": 0.1}, {""l3_id"": ""G_SOC_ENV"", ""em_score"": 0.68423, ""hybrid_score"": 0.682793, ""keyword_prior"": -0.001437, ""lexical_support"": 0.0}]"
SRC-G-0452,General,RAI4-0601,자동화된 의사결정·무기체계의 비의도적 군사 확전,Unintended military escalation from automated decision and weapon systems,G_Others,HD,0.724847,0.698662,0.752105,0.2,,"[{""l3_id"": ""G_INT_ILLEGAL"", ""em_score"": 0.724847, ""hybrid_score"": 0.752105, ""keyword_prior"": 0.027259, ""lexical_support"": 0.2}, {""l3_id"": ""G_INT_WEAP"", ""em_score"": 0.711801, ""hybrid_score"": 0.746663, ""keyword_prior"": 0.034862, ""lexical_support"": 0.4}, {""l3_id"": ""G_INT_UNETH"", ""em_score"": 0.721861, ""hybrid_score"": 0.729191, ""keyword_prior"": 0.00733, ""lexical_support"": 0.0}, {""l3_id"": ""G_SYS_OEXT"", ""em_score"": 0.720527, ""hybrid_score"": 0.72707, ""keyword_prior"": 0.006543, ""lexical_support"": 0.0}, {""l3_id"": ""G_SYS_INPUT"", ""em_score"": 0.717129, ""hybrid_score"": 0.722352, ""keyword_prior"": 0.005223, ""lexical_support"": 0.1}]"
SRC-G-0453,General,RAI4-0621,사이버 공격 역량 증강,Cyber-offence capability amplification,G_SYS_SECADV,EM,0.673956,0.639048,0.725832,0.7,,"[{""l3_id"": ""G_SYS_SECADV"", ""em_score"": 0.673956, ""hybrid_score"": 0.725833, ""keyword_prior"": 0.051876, ""lexical_support"": 0.7}, {""l3_id"": ""G_SYS_OEXT"", ""em_score"": 0.653143, ""hybrid_score"": 0.666687, ""keyword_prior"": 0.013544, ""lexical_support"": 0.1}, {""l3_id"": ""G_SYS_MISINFO"", ""em_score"": 0.634205, ""hybrid_score"": 0.634686, ""keyword_prior"": 0.000481, ""lexical_support"": 0.0}, {""l3_id"": ""G_SOC_POWER"", ""em_score"": 0.625356, ""hybrid_score"": 0.629154, ""keyword_prior"": 0.003798, ""lexical_support"": 0.0}, {""l3_id"": ""G_SOC_ECON"", ""em_score"": 0.625335, ""hybrid_score"": 0.623261, ""keyword_prior"": -0.002074, ""lexical_support"": 0.0}]"
SRC-G-0454,General,RAI4-0622,제3자 시스템 교란,Disruption of third-party systems,G_Others,HD,0.75068,0.719769,0.769298,0.2,,"[{""l3_id"": ""G_SOC_ECON"", ""em_score"": 0.75068, ""hybrid_score"": 0.769298, ""keyword_prior"": 0.018618, ""lexical_support"": 0.2}, {""l3_id"": ""G_SYS_SECADV"", ""em_score"": 0.729302, ""hybrid_score"": 0.76374, ""keyword_prior"": 0.034437, ""lexical_support"": 0.3}, {""l3_id"": ""G_INT_UNETH"", ""em_score"": 0.734228, ""hybrid_score"": 0.738027, ""keyword_prior"": 0.003799, ""lexical_support"": 0.0}, {""l3_id"": ""G_SYS_MISINFO"", ""em_score"": 0.737473, ""hybrid_score"": 0.737542, ""keyword_prior"": 6.9e-05, ""lexical_support"": 0.0}, {""l3_id"": ""G_SOC_DEMOC"", ""em_score"": 0.720915, ""hybrid_score"": 0.73234, ""keyword_prior"": 0.011425, ""lexical_support"": 0.0}]"
SRC-G-0456,General,RAI4-0644,테러리스트의 첨단 AI 획득,Terrorist acquisition of advanced AI capabilities,G_SOC_POWER,EM,0.684829,0.657109,0.695136,0.0,,"[{""l3_id"": ""G_SOC_POWER"", ""em_score"": 0.684829, ""hybrid_score"": 0.695136, ""keyword_prior"": 0.010307, ""lexical_support"": 0.0}, {""l3_id"": ""G_INT_VIOL"", ""em_score"": 0.64397, ""hybrid_score"": 0.661764, ""keyword_prior"": 0.017794, ""lexical_support"": 0.2}, {""l3_id"": ""G_SYS_OEXT"", ""em_score"": 0.656418, ""hybrid_score"": 0.660488, ""keyword_prior"": 0.004069, ""lexical_support"": 0.0}, {""l3_id"": ""G_SYS_MISINFO"", ""em_score"": 0.642504, ""hybrid_score"": 0.64447, ""keyword_prior"": 0.001966, ""lexical_support"": 0.0}, {""l3_id"": ""G_SYS_OREF"", ""em_score"": 0.632601, ""hybrid_score"": 0.635436, ""keyword_prior"": 0.002835, ""lexical_support"": 0.0}]"
SRC-G-0457,General,RAI4-0666,인지전과 주권 침해,Cognitive warfare and interference with sovereignty,G_Others,HD,0.736686,0.710994,0.739078,0.0,,"[{""l3_id"": ""G_SYS_MISINFO"", ""em_score"": 0.736686, ""hybrid_score"": 0.739078, ""keyword_prior"": 0.002392, ""lexical_support"": 0.0}, {""l3_id"": ""G_SOC_POWER"", ""em_score"": 0.723499, ""hybrid_score"": 0.725384, ""keyword_prior"": 0.001885, ""lexical_support"": 0.0}, {""l3_id"": ""G_INT_ILLEGAL"", ""em_score"": 0.708632, ""hybrid_score"": 0.725218, ""keyword_prior"": 0.016587, ""lexical_support"": 0.2}, {""l3_id"": ""G_SOC_DEMOC"", ""em_score"": 0.717813, ""hybrid_score"": 0.719431, ""keyword_prior"": 0.001618, ""lexical_support"": 0.0}, {""l3_id"": ""G_INT_VIOL"", ""em_score"": 0.696966, ""hybrid_score"": 0.711138, ""keyword_prior"": 0.014172, ""lexical_support"": 0.1}]"
SRC-G-0458,General,RAI4-0702,콘텐츠 조정 알고리즘의 편향적 억압,Biased suppression by content-moderation algorithms,G_INT_VALUE,EM,0.698166,0.666836,0.708754,0.0,,"[{""l3_id"": ""G_INT_VALUE"", ""em_score"": 0.698166, ""hybrid_score"": 0.708754, ""keyword_prior"": 0.010588, ""lexical_support"": 0.0}, {""l3_id"": ""G_SOC_POWER"", ""em_score"": 0.68029, ""hybrid_score"": 0.688683, ""keyword_prior"": 0.008393, ""lexical_support"": 0.0}, {""l3_id"": ""G_SYS_MISINFO"", ""em_score"": 0.670564, ""hybrid_score"": 0.674905, ""keyword_prior"": 0.004341, ""lexical_support"": 0.0}, {""l3_id"": ""G_INT_UNETH"", ""em_score"": 0.674111, ""hybrid_score"": 0.674103, ""keyword_prior"": -8e-06, ""lexical_support"": 0.0}, {""l3_id"": ""G_SYS_CONTEST"", ""em_score"": 0.653868, ""hybrid_score"": 0.658929, ""keyword_prior"": 0.005061, ""lexical_support"": 0.0}]"
SRC-G-0459,General,RAI4-0747,적대적 입력 조작에 대한 모델 취약성,Susceptibility of models to adversarial input manipulation,G_SYS_SECADV,EM,0.80174,0.770628,0.838795,0.4,,"[{""l3_id"": ""G_SYS_SECADV"", ""em_score"": 0.80174, ""hybrid_score"": 0.838795, ""keyword_prior"": 0.037055, ""lexical_support"": 0.4}, {""l3_id"": ""G_SYS_INPUT"", ""em_score"": 0.726475, ""hybrid_score"": 0.748699, ""keyword_prior"": 0.022225, ""lexical_support"": 0.3}, {""l3_id"": ""G_SYS_EVAL"", ""em_score"": 0.710882, ""hybrid_score"": 0.717519, ""keyword_prior"": 0.006637, ""lexical_support"": 0.1}, {""l3_id"": ""G_INT_UNETH"", ""em_score"": 0.691306, ""hybrid_score"": 0.709894, ""keyword_prior"": 0.018588, ""lexical_support"": 0.3}, {""l3_id"": ""G_SOC_GOV"", ""em_score"": 0.699849, ""hybrid_score"": 0.699938, ""keyword_prior"": 9e-05, ""lexical_support"": 0.0}]"
SRC-G-0460,General,RAI4-0763,네트워크 상호 연결로 인한,Risks from network interconnectivity,G_Others,HD,0.735481,0.704119,0.740492,0.0,,"[{""l3_id"": ""G_SOC_POWER"", ""em_score"": 0.735481, ""hybrid_score"": 0.740492, ""keyword_prior"": 0.005011, ""lexical_support"": 0.0}, {""l3_id"": ""G_SOC_GOV"", ""em_score"": 0.732455, ""hybrid_score"": 0.73179, ""keyword_prior"": -0.000665, ""lexical_support"": 0.0}, {""l3_id"": ""G_SYS_OEXT"", ""em_score"": 0.705951, ""hybrid_score"": 0.710297, ""keyword_prior"": 0.004346, ""lexical_support"": 0.0}, {""l3_id"": ""G_SYS_TRANS"", ""em_score"": 0.691763, ""hybrid_score"": 0.691615, ""keyword_prior"": -0.000148, ""lexical_support"": 0.0}, {""l3_id"": ""G_SOC_ECON"", ""em_score"": 0.692763, ""hybrid_score"": 0.686905, ""keyword_prior"": -0.005858, ""lexical_support"": 0.0}]"
SRC-G-0461,General,RAI4-0804,정보 환경의 질적 저하와 균질화,Degradation and homogenisation of the information environment,G_SOC_CULT,EM,0.763672,0.733749,0.781179,0.0,,"[{""l3_id"": ""G_SOC_CULT"", ""em_score"": 0.763672, ""hybrid_score"": 0.781179, ""keyword_prior"": 0.017506, ""lexical_support"": 0.0}, {""l3_id"": ""G_SYS_MISINFO"", ""em_score"": 0.704163, ""hybrid_score"": 0.719305, ""keyword_prior"": 0.015142, ""lexical_support"": 0.1}, {""l3_id"": ""G_INT_VALUE"", ""em_score"": 0.6949, ""hybrid_score"": 0.712632, ""keyword_prior"": 0.017732, ""lexical_support"": 0.0}, {""l3_id"": ""G_SOC_DEMOC"", ""em_score"": 0.687644, ""hybrid_score"": 0.693347, ""keyword_prior"": 0.005703, ""lexical_support"": 0.0}, {""l3_id"": ""G_SOC_ECON"", ""em_score"": 0.679608, ""hybrid_score"": 0.679566, ""keyword_prior"": -4.1e-05, ""lexical_support"": 0.0}]"
SRC-G-0462,General,RAI4-0823,알고리즘에 의한 급진화,Algorithmic radicalisation,G_INT_VIOL,EM,0.749315,0.716346,0.784717,0.4,,"[{""l3_id"": ""G_INT_VIOL"", ""em_score"": 0.749315, ""hybrid_score"": 0.784717, ""keyword_prior"": 0.035402, ""lexical_support"": 0.4}, {""l3_id"": ""G_INT_POL"", ""em_score"": 0.744036, ""hybrid_score"": 0.758543, ""keyword_prior"": 0.014506, ""lexical_support"": 0.1}, {""l3_id"": ""G_INT_UNETH"", ""em_score"": 0.710238, ""hybrid_score"": 0.713148, ""keyword_prior"": 0.00291, ""lexical_support"": 0.0}, {""l3_id"": ""G_SOC_POWER"", ""em_score"": 0.69814, ""hybrid_score"": 0.701505, ""keyword_prior"": 0.003366, ""lexical_support"": 0.0}, {""l3_id"": ""G_SYS_OREF"", ""em_score"": 0.701902, ""hybrid_score"": 0.700588, ""keyword_prior"": -0.001314, ""lexical_support"": 0.0}]"
SRC-G-0463,General,RAI4-0896,건강과 웰빙의 저하,Diminished health and well-being,G_Others,HD,0.70956,0.677149,0.709421,0.1,,"[{""l3_id"": ""G_INT_UNETH"", ""em_score"": 0.70956, ""hybrid_score"": 0.709421, ""keyword_prior"": -0.000139, ""lexical_support"": 0.1}, {""l3_id"": ""G_SYS_OREF"", ""em_score"": 0.689038, ""hybrid_score"": 0.694597, ""keyword_prior"": 0.00556, ""lexical_support"": 0.0}, {""l3_id"": ""G_SOC_ECON"", ""em_score"": 0.683938, ""hybrid_score"": 0.689663, ""keyword_prior"": 0.005725, ""lexical_support"": 0.0}, {""l3_id"": ""G_SOC_POWER"", ""em_score"": 0.67825, ""hybrid_score"": 0.684699, ""keyword_prior"": 0.006449, ""lexical_support"": 0.0}, {""l3_id"": ""G_INT_ANTH"", ""em_score"": 0.67824, ""hybrid_score"": 0.680853, ""keyword_prior"": 0.002613, ""lexical_support"": 0.0}]"
SRC-G-0464,General,RAI4-0906,전략적 불안정,Strategic instability,G_Others,HD,0.699582,0.666535,0.705434,0.0,,"[{""l3_id"": ""G_SOC_POWER"", ""em_score"": 0.699582, ""hybrid_score"": 0.705434, ""keyword_prior"": 0.005852, ""lexical_support"": 0.0}, {""l3_id"": ""G_SOC_ECON"", ""em_score"": 0.696543, ""hybrid_score"": 0.697737, ""keyword_prior"": 0.001194, ""lexical_support"": 0.0}, {""l3_id"": ""G_SOC_GOV"", ""em_score"": 0.691558, ""hybrid_score"": 0.695717, ""keyword_prior"": 0.004158, ""lexical_support"": 0.0}, {""l3_id"": ""G_SYS_SECADV"", ""em_score"": 0.676613, ""hybrid_score"": 0.690307, ""keyword_prior"": 0.013694, ""lexical_support"": 0.0}, {""l3_id"": ""G_SYS_OEXT"", ""em_score"": 0.670711, ""hybrid_score"": 0.672409, ""keyword_prior"": 0.001699, ""lexical_support"": 0.0}]"
SRC-G-0465,General,RAI4-0975,도덕적 판단의 기계 위임에 따른 비윤리적 결정,Unethical decisions from delegating moral judgment to AI,G_INT_UNETH,EM,0.814404,0.793766,0.848821,0.3,,"[{""l3_id"": ""G_INT_UNETH"", ""em_score"": 0.814404, ""hybrid_score"": 0.848821, ""keyword_prior"": 0.034417, ""lexical_support"": 0.3}, {""l3_id"": ""G_SYS_OEXT"", ""em_score"": 0.712685, ""hybrid_score"": 0.734151, ""keyword_prior"": 0.021467, ""lexical_support"": 0.2}, {""l3_id"": ""G_SOC_GOV"", ""em_score"": 0.722989, ""hybrid_score"": 0.731931, ""keyword_prior"": 0.008942, ""lexical_support"": 0.1}, {""l3_id"": ""G_SYS_CONTEST"", ""em_score"": 0.7025, ""hybrid_score"": 0.717439, ""keyword_prior"": 0.014939, ""lexical_support"": 0.2}, {""l3_id"": ""G_SYS_OREF"", ""em_score"": 0.690708, ""hybrid_score"": 0.707667, ""keyword_prior"": 0.016959, ""lexical_support"": 0.2}]"
SRC-G-0466,General,RAI4-0979,법규 위반 및 재산권·인권 침해,Legal non-compliance and infringement of property and human rights,G_INT_COPY,EM,0.783217,0.747345,0.839345,0.6,,"[{""l3_id"": ""G_INT_COPY"", ""em_score"": 0.783217, ""hybrid_score"": 0.839345, ""keyword_prior"": 0.056128, ""lexical_support"": 0.6}, {""l3_id"": ""G_INT_UNETH"", ""em_score"": 0.780608, ""hybrid_score"": 0.784446, ""keyword_prior"": 0.003838, ""lexical_support"": 0.0}, {""l3_id"": ""G_SYS_CONTEST"", ""em_score"": 0.749466, ""hybrid_score"": 0.757165, ""keyword_prior"": 0.007699, ""lexical_support"": 0.0}, {""l3_id"": ""G_SOC_DEMOC"", ""em_score"": 0.749125, ""hybrid_score"": 0.745187, ""keyword_prior"": -0.003938, ""lexical_support"": 0.0}, {""l3_id"": ""G_SOC_GOV"", ""em_score"": 0.742173, ""hybrid_score"": 0.741041, ""keyword_prior"": -0.001131, ""lexical_support"": 0.0}]"
SRC-G-0467,General,RAI4-0994,차별적 결정과 데이터 유출 피해,Discriminatory decisions and data breach harms,G_INT_ALLOC,EM,0.766699,0.732059,0.789108,0.1,,"[{""l3_id"": ""G_INT_ALLOC"", ""em_score"": 0.766699, ""hybrid_score"": 0.789108, ""keyword_prior"": 0.022409, ""lexical_support"": 0.1}, {""l3_id"": ""G_INT_PRIV"", ""em_score"": 0.738314, ""hybrid_score"": 0.760787, ""keyword_prior"": 0.022473, ""lexical_support"": 0.2}, {""l3_id"": ""G_INT_REPR"", ""em_score"": 0.722484, ""hybrid_score"": 0.755004, ""keyword_prior"": 0.03252, ""lexical_support"": 0.3}, {""l3_id"": ""G_SOC_POWER"", ""em_score"": 0.722546, ""hybrid_score"": 0.725351, ""keyword_prior"": 0.002806, ""lexical_support"": 0.0}, {""l3_id"": ""G_INT_VALUE"", ""em_score"": 0.703797, ""hybrid_score"": 0.713803, ""keyword_prior"": 0.010007, ""lexical_support"": 0.1}]"
SRC-G-0469,General,RAI4-1004,경제적 손실,Economic loss,G_Others,HD,0.687689,0.657544,0.695347,0.0,,"[{""l3_id"": ""G_INT_VALUE"", ""em_score"": 0.687689, ""hybrid_score"": 0.695347, ""keyword_prior"": 0.007659, ""lexical_support"": 0.0}, {""l3_id"": ""G_SOC_ECON"", ""em_score"": 0.65251, ""hybrid_score"": 0.679903, ""keyword_prior"": 0.027393, ""lexical_support"": 0.3}, {""l3_id"": ""G_SOC_POWER"", ""em_score"": 0.670321, ""hybrid_score"": 0.679036, ""keyword_prior"": 0.008715, ""lexical_support"": 0.0}, {""l3_id"": ""G_INT_UNETH"", ""em_score"": 0.64792, ""hybrid_score"": 0.647917, ""keyword_prior"": -3e-06, ""lexical_support"": 0.0}, {""l3_id"": ""G_SYS_TRANS"", ""em_score"": 0.626741, ""hybrid_score"": 0.645825, ""keyword_prior"": 0.019085, ""lexical_support"": 0.3}]"
SRC-G-0470,General,RAI4-1010,시민적·정치적 피해,Civic and political harms,G_Others,HD,0.764812,0.736379,0.797005,0.3,,"[{""l3_id"": ""G_INT_POL"", ""em_score"": 0.764812, ""hybrid_score"": 0.797005, ""keyword_prior"": 0.032193, ""lexical_support"": 0.3}, {""l3_id"": ""G_SOC_DEMOC"", ""em_score"": 0.761086, ""hybrid_score"": 0.788352, ""keyword_prior"": 0.027266, ""lexical_support"": 0.2}, {""l3_id"": ""G_INT_UNETH"", ""em_score"": 0.71286, ""hybrid_score"": 0.716174, ""keyword_prior"": 0.003314, ""lexical_support"": 0.0}, {""l3_id"": ""G_INT_PRIV"", ""em_score"": 0.695004, ""hybrid_score"": 0.714198, ""keyword_prior"": 0.019194, ""lexical_support"": 0.2}, {""l3_id"": ""G_SOC_GOV"", ""em_score"": 0.679858, ""hybrid_score"": 0.691593, ""keyword_prior"": 0.011734, ""lexical_support"": 0.1}]"
SRC-G-0471,General,RAI4-1016,장기 실존적 피해 경로,Long-horizon existential harm pathways,G_Others,HD,0.713084,0.681151,0.726204,0.0,,"[{""l3_id"": ""G_SOC_ECON"", ""em_score"": 0.713084, ""hybrid_score"": 0.726204, ""keyword_prior"": 0.01312, ""lexical_support"": 0.0}, {""l3_id"": ""G_SOC_ENV"", ""em_score"": 0.701913, ""hybrid_score"": 0.708843, ""keyword_prior"": 0.00693, ""lexical_support"": 0.0}, {""l3_id"": ""G_SOC_GOV"", ""em_score"": 0.698095, ""hybrid_score"": 0.700735, ""keyword_prior"": 0.00264, ""lexical_support"": 0.0}, {""l3_id"": ""G_SOC_CULT"", ""em_score"": 0.675242, ""hybrid_score"": 0.691685, ""keyword_prior"": 0.016443, ""lexical_support"": 0.0}, {""l3_id"": ""G_SOC_POWER"", ""em_score"": 0.680652, ""hybrid_score"": 0.684851, ""keyword_prior"": 0.004199, ""lexical_support"": 0.0}]"
SRC-G-0472,General,RAI4-1029,동일 사안 불평등 처우,Unequal treatment of like cases,G_INT_UNETH,EM,0.760928,0.73866,0.778669,0.1,,"[{""l3_id"": ""G_INT_UNETH"", ""em_score"": 0.760928, ""hybrid_score"": 0.778669, ""keyword_prior"": 0.017741, ""lexical_support"": 0.1}, {""l3_id"": ""G_SOC_POWER"", ""em_score"": 0.718203, ""hybrid_score"": 0.735888, ""keyword_prior"": 0.017685, ""lexical_support"": 0.2}, {""l3_id"": ""G_INT_VALUE"", ""em_score"": 0.721195, ""hybrid_score"": 0.727711, ""keyword_prior"": 0.006516, ""lexical_support"": 0.0}, {""l3_id"": ""G_SYS_CONTEST"", ""em_score"": 0.699656, ""hybrid_score"": 0.707809, ""keyword_prior"": 0.008154, ""lexical_support"": 0.0}, {""l3_id"": ""G_SYS_OEXT"", ""em_score"": 0.688281, ""hybrid_score"": 0.689123, ""keyword_prior"": 0.000842, ""lexical_support"": 0.0}]"
SRC-G-0473,General,RAI4-1119,기업 AI 경쟁의 폐해,Harms from corporate AI race,G_SOC_POWER,EM,0.745403,0.71544,0.762683,0.0,,"[{""l3_id"": ""G_SOC_POWER"", ""em_score"": 0.745403, ""hybrid_score"": 0.762683, ""keyword_prior"": 0.01728, ""lexical_support"": 0.0}, {""l3_id"": ""G_SOC_ECON"", ""em_score"": 0.700497, ""hybrid_score"": 0.714312, ""keyword_prior"": 0.013815, ""lexical_support"": 0.1}, {""l3_id"": ""G_SOC_ENV"", ""em_score"": 0.692411, ""hybrid_score"": 0.697228, ""keyword_prior"": 0.004817, ""lexical_support"": 0.0}, {""l3_id"": ""G_SOC_GOV"", ""em_score"": 0.686947, ""hybrid_score"": 0.693596, ""keyword_prior"": 0.006649, ""lexical_support"": 0.0}, {""l3_id"": ""G_SYS_CONTEST"", ""em_score"": 0.666076, ""hybrid_score"": 0.670105, ""keyword_prior"": 0.004029, ""lexical_support"": 0.0}]"
SRC-G-0475,General,RAI4-1218,사회 정의와 권리의 침식,Erosion of social justice and rights,G_Others,HD,0.733317,0.704882,0.757226,0.2,,"[{""l3_id"": ""G_SOC_POWER"", ""em_score"": 0.733317, ""hybrid_score"": 0.757226, ""keyword_prior"": 0.02391, ""lexical_support"": 0.2}, {""l3_id"": ""G_SOC_DEMOC"", ""em_score"": 0.724653, ""hybrid_score"": 0.746183, ""keyword_prior"": 0.02153, ""lexical_support"": 0.2}, {""l3_id"": ""G_SOC_CULT"", ""em_score"": 0.709672, ""hybrid_score"": 0.738443, ""keyword_prior"": 0.028771, ""lexical_support"": 0.3}, {""l3_id"": ""G_INT_ALLOC"", ""em_score"": 0.716613, ""hybrid_score"": 0.724306, ""keyword_prior"": 0.007693, ""lexical_support"": 0.0}, {""l3_id"": ""G_INT_VALUE"", ""em_score"": 0.711105, ""hybrid_score"": 0.716865, ""keyword_prior"": 0.005761, ""lexical_support"": 0.0}]"
SRC-G-0477,General,RAI4-1239,영향력 확보를 위한 환경 자기모델링,Environmental self-modeling for influence,G_SOC_ENV,EM,0.746438,0.721411,0.772142,0.3,,"[{""l3_id"": ""G_SOC_ENV"", ""em_score"": 0.746438, ""hybrid_score"": 0.772143, ""keyword_prior"": 0.025704, ""lexical_support"": 0.3}, {""l3_id"": ""G_INT_UNETH"", ""em_score"": 0.715959, ""hybrid_score"": 0.746422, ""keyword_prior"": 0.030462, ""lexical_support"": 0.3}, {""l3_id"": ""G_SOC_POWER"", ""em_score"": 0.707482, ""hybrid_score"": 0.707734, ""keyword_prior"": 0.000252, ""lexical_support"": 0.0}, {""l3_id"": ""G_SYS_MISINFO"", ""em_score"": 0.695553, ""hybrid_score"": 0.697185, ""keyword_prior"": 0.001632, ""lexical_support"": 0.0}, {""l3_id"": ""G_INT_VALUE"", ""em_score"": 0.69133, ""hybrid_score"": 0.696794, ""keyword_prior"": 0.005465, ""lexical_support"": 0.0}]"
SRC-G-0478,General,RAI4-1246,집단적으로 유해한 행동,Collectively harmful behaviors,G_INT_UNETH,EM,0.773097,0.741695,0.780778,0.0,,"[{""l3_id"": ""G_INT_UNETH"", ""em_score"": 0.773097, ""hybrid_score"": 0.780778, ""keyword_prior"": 0.007681, ""lexical_support"": 0.0}, {""l3_id"": ""G_SOC_GOV"", ""em_score"": 0.744654, ""hybrid_score"": 0.748402, ""keyword_prior"": 0.003749, ""lexical_support"": 0.0}, {""l3_id"": ""G_SYS_OEXT"", ""em_score"": 0.740727, ""hybrid_score"": 0.739446, ""keyword_prior"": -0.001281, ""lexical_support"": 0.0}, {""l3_id"": ""G_SOC_POWER"", ""em_score"": 0.727975, ""hybrid_score"": 0.727768, ""keyword_prior"": -0.000207, ""lexical_support"": 0.0}, {""l3_id"": ""G_SYS_INPUT"", ""em_score"": 0.721233, ""hybrid_score"": 0.727662, ""keyword_prior"": 0.006429, ""lexical_support"": 0.1}]"
SRC-G-0479,General,RAI4-1260,AI 분야의 서구 중심 획일성,Western-centric uniformity in the AI field,G_Others,HD,0.751117,0.725522,0.766547,0.0,,"[{""l3_id"": ""G_SOC_POWER"", ""em_score"": 0.751117, ""hybrid_score"": 0.766547, ""keyword_prior"": 0.01543, ""lexical_support"": 0.0}, {""l3_id"": ""G_INT_VALUE"", ""em_score"": 0.730527, ""hybrid_score"": 0.749699, ""keyword_prior"": 0.019172, ""lexical_support"": 0.0}, {""l3_id"": ""G_SOC_CULT"", ""em_score"": 0.700668, ""hybrid_score"": 0.716125, ""keyword_prior"": 0.015457, ""lexical_support"": 0.1}, {""l3_id"": ""G_SOC_GOV"", ""em_score"": 0.661273, ""hybrid_score"": 0.677768, ""keyword_prior"": 0.016495, ""lexical_support"": 0.2}, {""l3_id"": ""G_SYS_OEXT"", ""em_score"": 0.655141, ""hybrid_score"": 0.660511, ""keyword_prior"": 0.00537, ""lexical_support"": 0.0}]"
SRC-G-0480,General,RAI4-1326,합법·사회용인적 의도적 동물 가해,Legally sanctioned intentional harm to animals,G_INT_UNETH,EM,0.722205,0.692491,0.727409,0.0,,"[{""l3_id"": ""G_INT_UNETH"", ""em_score"": 0.722205, ""hybrid_score"": 0.727409, ""keyword_prior"": 0.005204, ""lexical_support"": 0.0}, {""l3_id"": ""G_INT_VALUE"", ""em_score"": 0.687177, ""hybrid_score"": 0.687928, ""keyword_prior"": 0.000751, ""lexical_support"": 0.0}, {""l3_id"": ""G_SYS_OEXT"", ""em_score"": 0.675777, ""hybrid_score"": 0.677736, ""keyword_prior"": 0.001959, ""lexical_support"": 0.0}, {""l3_id"": ""G_SYS_MISINFO"", ""em_score"": 0.667512, ""hybrid_score"": 0.668735, ""keyword_prior"": 0.001223, ""lexical_support"": 0.0}, {""l3_id"": ""G_SYS_OREF"", ""em_score"": 0.652736, ""hybrid_score"": 0.651409, ""keyword_prior"": -0.001327, ""lexical_support"": 0.0}]"
SRC-G-0481,General,RAI4-1330,동물 복지를 경시하는 개발·투자 편중,Development and investment skew neglecting animal welfare,G_Others,HD,0.702877,0.674228,0.711917,0.0,,"[{""l3_id"": ""G_SOC_POWER"", ""em_score"": 0.702877, ""hybrid_score"": 0.711917, ""keyword_prior"": 0.00904, ""lexical_support"": 0.0}, {""l3_id"": ""G_SOC_ENV"", ""em_score"": 0.700892, ""hybrid_score"": 0.709533, ""keyword_prior"": 0.008641, ""lexical_support"": 0.0}, {""l3_id"": ""G_INT_ALLOC"", ""em_score"": 0.686819, ""hybrid_score"": 0.699338, ""keyword_prior"": 0.01252, ""lexical_support"": 0.0}, {""l3_id"": ""G_SOC_GOV"", ""em_score"": 0.688634, ""hybrid_score"": 0.685869, ""keyword_prior"": -0.002764, ""lexical_support"": 0.0}, {""l3_id"": ""G_INT_VALUE"", ""em_score"": 0.671911, ""hybrid_score"": 0.683562, ""keyword_prior"": 0.011651, ""lexical_support"": 0.1}]"
SRC-G-0482,General,RAI4-1341,경제·사회·정치 안보의 불안정화,"Destabilization of economic, social, and political security",G_Others,HD,0.792257,0.764849,0.820632,0.3,,"[{""l3_id"": ""G_SOC_ECON"", ""em_score"": 0.792257, ""hybrid_score"": 0.820632, ""keyword_prior"": 0.028374, ""lexical_support"": 0.3}, {""l3_id"": ""G_INT_POL"", ""em_score"": 0.776466, ""hybrid_score"": 0.802981, ""keyword_prior"": 0.026515, ""lexical_support"": 0.3}, {""l3_id"": ""G_SOC_DEMOC"", ""em_score"": 0.782183, ""hybrid_score"": 0.787625, ""keyword_prior"": 0.005442, ""lexical_support"": 0.0}, {""l3_id"": ""G_SOC_POWER"", ""em_score"": 0.766334, ""hybrid_score"": 0.770701, ""keyword_prior"": 0.004367, ""lexical_support"": 0.0}, {""l3_id"": ""G_SYS_MISINFO"", ""em_score"": 0.722481, ""hybrid_score"": 0.745067, ""keyword_prior"": 0.022587, ""lexical_support"": 0.3}]"
SRC-G-0483,General,RAI4-1418,AI 자원을 둘러싼 갈등,Conflicts over AI-relevant resources,G_SOC_POWER,EM,0.712102,0.682438,0.728076,0.0,,"[{""l3_id"": ""G_SOC_POWER"", ""em_score"": 0.712102, ""hybrid_score"": 0.728076, ""keyword_prior"": 0.015973, ""lexical_support"": 0.0}, {""l3_id"": ""G_SOC_ENV"", ""em_score"": 0.69305, ""hybrid_score"": 0.698144, ""keyword_prior"": 0.005095, ""lexical_support"": 0.0}, {""l3_id"": ""G_SYS_CONTEST"", ""em_score"": 0.665602, ""hybrid_score"": 0.671537, ""keyword_prior"": 0.005935, ""lexical_support"": 0.0}, {""l3_id"": ""G_INT_ALLOC"", ""em_score"": 0.660793, ""hybrid_score"": 0.664891, ""keyword_prior"": 0.004099, ""lexical_support"": 0.0}, {""l3_id"": ""G_SOC_ECON"", ""em_score"": 0.658158, ""hybrid_score"": 0.661811, ""keyword_prior"": 0.003654, ""lexical_support"": 0.0}]"
SRC-G-0484,General,RAI4-1533,AI 시스템의 기만적 행동과 전략적 은폐,Deceptive behaviour and strategic concealment by AI systems,G_SYS_MISINFO,EM,0.79192,0.768197,0.806448,0.1,,"[{""l3_id"": ""G_SYS_MISINFO"", ""em_score"": 0.79192, ""hybrid_score"": 0.806448, ""keyword_prior"": 0.014527, ""lexical_support"": 0.1}, {""l3_id"": ""G_INT_UNETH"", ""em_score"": 0.77201, ""hybrid_score"": 0.782266, ""keyword_prior"": 0.010256, ""lexical_support"": 0.0}, {""l3_id"": ""G_INT_ANTH"", ""em_score"": 0.727283, ""hybrid_score"": 0.744639, ""keyword_prior"": 0.017355, ""lexical_support"": 0.2}, {""l3_id"": ""G_INT_PRIV"", ""em_score"": 0.718234, ""hybrid_score"": 0.725767, ""keyword_prior"": 0.007533, ""lexical_support"": 0.0}, {""l3_id"": ""G_SYS_TRANS"", ""em_score"": 0.720078, ""hybrid_score"": 0.724179, ""keyword_prior"": 0.004101, ""lexical_support"": 0.0}]"
SRC-G-0485,General,RAI4-1546,무제한 접근을 통한 범용 AI 고영향 오용,High-impact misuse of general-purpose AI through unrestricted access,G_SYS_OEXT,EM,0.759953,0.728986,0.76686,0.0,,"[{""l3_id"": ""G_SYS_OEXT"", ""em_score"": 0.759953, ""hybrid_score"": 0.76686, ""keyword_prior"": 0.006907, ""lexical_support"": 0.0}, {""l3_id"": ""G_SOC_POWER"", ""em_score"": 0.738646, ""hybrid_score"": 0.750326, ""keyword_prior"": 0.011679, ""lexical_support"": 0.0}, {""l3_id"": ""G_SOC_GOV"", ""em_score"": 0.732437, ""hybrid_score"": 0.740321, ""keyword_prior"": 0.007884, ""lexical_support"": 0.0}, {""l3_id"": ""G_SYS_MISINFO"", ""em_score"": 0.721738, ""hybrid_score"": 0.723455, ""keyword_prior"": 0.001717, ""lexical_support"": 0.0}, {""l3_id"": ""G_INT_UNETH"", ""em_score"": 0.722566, ""hybrid_score"": 0.721875, ""keyword_prior"": -0.00069, ""lexical_support"": 0.0}]"
SRC-G-0486,General,RAI4-1555,맞춤형 괴롭힘·허위정보의 저비용 대량 생성,Low-cost generation of personalized harassment and disinformation,G_SYS_MISINFO,EM,0.757953,0.73002,0.783995,0.2,,"[{""l3_id"": ""G_SYS_MISINFO"", ""em_score"": 0.757953, ""hybrid_score"": 0.783995, ""keyword_prior"": 0.026042, ""lexical_support"": 0.2}, {""l3_id"": ""G_INT_VIOL"", ""em_score"": 0.699265, ""hybrid_score"": 0.718146, ""keyword_prior"": 0.018881, ""lexical_support"": 0.2}, {""l3_id"": ""G_INT_UNETH"", ""em_score"": 0.704, ""hybrid_score"": 0.706503, ""keyword_prior"": 0.002504, ""lexical_support"": 0.0}, {""l3_id"": ""G_SOC_POWER"", ""em_score"": 0.703461, ""hybrid_score"": 0.704138, ""keyword_prior"": 0.000677, ""lexical_support"": 0.0}, {""l3_id"": ""G_INT_VALUE"", ""em_score"": 0.685889, ""hybrid_score"": 0.688326, ""keyword_prior"": 0.002437, ""lexical_support"": 0.0}]"
SRC-G-0487,General,RAI4-1566,특정 집단 대상 체계적 편향에 의한 배제·폭력,Exclusion and violence from systemic bias against specific communities,G_Others,HD,0.766655,0.744773,0.792864,0.2,,"[{""l3_id"": ""G_INT_SEX"", ""em_score"": 0.766655, ""hybrid_score"": 0.792864, ""keyword_prior"": 0.026209, ""lexical_support"": 0.2}, {""l3_id"": ""G_INT_VIOL"", ""em_score"": 0.749767, ""hybrid_score"": 0.789948, ""keyword_prior"": 0.040181, ""lexical_support"": 0.5}, {""l3_id"": ""G_INT_VALUE"", ""em_score"": 0.735831, ""hybrid_score"": 0.743454, ""keyword_prior"": 0.007623, ""lexical_support"": 0.0}, {""l3_id"": ""G_SOC_POWER"", ""em_score"": 0.734762, ""hybrid_score"": 0.738739, ""keyword_prior"": 0.003977, ""lexical_support"": 0.0}, {""l3_id"": ""G_INT_UNETH"", ""em_score"": 0.726185, ""hybrid_score"": 0.727357, ""keyword_prior"": 0.001172, ""lexical_support"": 0.0}]"
SRC-G-0488,General,RAI4-1586,맞춤형 표적화에 의한 개인 대상 공격 정교화,Refined attacks on individuals through targeting and personalisation,G_Others,HD,0.67306,0.643934,0.681237,0.0,,"[{""l3_id"": ""G_SOC_POWER"", ""em_score"": 0.67306, ""hybrid_score"": 0.681237, ""keyword_prior"": 0.008177, ""lexical_support"": 0.0}, {""l3_id"": ""G_INT_VALUE"", ""em_score"": 0.669979, ""hybrid_score"": 0.677495, ""keyword_prior"": 0.007516, ""lexical_support"": 0.0}, {""l3_id"": ""G_SYS_MISINFO"", ""em_score"": 0.664827, ""hybrid_score"": 0.667876, ""keyword_prior"": 0.003049, ""lexical_support"": 0.0}, {""l3_id"": ""G_SYS_SECADV"", ""em_score"": 0.651637, ""hybrid_score"": 0.653988, ""keyword_prior"": 0.002351, ""lexical_support"": 0.0}, {""l3_id"": ""G_SYS_OEXT"", ""em_score"": 0.646717, ""hybrid_score"": 0.645907, ""keyword_prior"": -0.000811, ""lexical_support"": 0.0}]"
SRC-G-0489,General,RAI4-1607,생성형 AI 저성능에 의한 사용자 생산성 손실,End-user productivity loss from generative AI underperformance,G_Others,HD,0.712705,0.663379,0.719042,0.0,,"[{""l3_id"": ""G_SYS_CONTEST"", ""em_score"": 0.712705, ""hybrid_score"": 0.719042, ""keyword_prior"": 0.006337, ""lexical_support"": 0.0}, {""l3_id"": ""G_SOC_ECON"", ""em_score"": 0.691495, ""hybrid_score"": 0.702637, ""keyword_prior"": 0.011142, ""lexical_support"": 0.0}, {""l3_id"": ""G_SOC_POWER"", ""em_score"": 0.689763, ""hybrid_score"": 0.700152, ""keyword_prior"": 0.010389, ""lexical_support"": 0.0}, {""l3_id"": ""G_SOC_ENV"", ""em_score"": 0.688317, ""hybrid_score"": 0.699932, ""keyword_prior"": 0.011616, ""lexical_support"": 0.0}, {""l3_id"": ""G_SYS_OEXT"", ""em_score"": 0.685891, ""hybrid_score"": 0.691764, ""keyword_prior"": 0.005873, ""lexical_support"": 0.0}]"
SRC-G-0490,General,RAI4-1640,종료·수정 저항을 통한 자기 보존 성향,Self-preservation propensity resisting shutdown and modification,G_SYS_CONTEST,EM,0.67902,0.633404,0.685974,0.0,,"[{""l3_id"": ""G_SYS_CONTEST"", ""em_score"": 0.67902, ""hybrid_score"": 0.685974, ""keyword_prior"": 0.006955, ""lexical_support"": 0.0}, {""l3_id"": ""G_SOC_ENV"", ""em_score"": 0.65256, ""hybrid_score"": 0.656937, ""keyword_prior"": 0.004377, ""lexical_support"": 0.0}, {""l3_id"": ""G_SYS_OREF"", ""em_score"": 0.643562, ""hybrid_score"": 0.651926, ""keyword_prior"": 0.008364, ""lexical_support"": 0.0}, {""l3_id"": ""G_SYS_EVAL"", ""em_score"": 0.647485, ""hybrid_score"": 0.647257, ""keyword_prior"": -0.000228, ""lexical_support"": 0.0}, {""l3_id"": ""G_SOC_GOV"", ""em_score"": 0.646828, ""hybrid_score"": 0.646006, ""keyword_prior"": -0.000822, ""lexical_support"": 0.0}]"
SRC-G-0491,General,RAI4-1724,AI 시스템의 사고에 의한 인명피해,Death caused by AI incidents,G_Others,HD,0.743392,0.711941,0.749212,0.0,,"[{""l3_id"": ""G_SOC_ECON"", ""em_score"": 0.743392, ""hybrid_score"": 0.749212, ""keyword_prior"": 0.00582, ""lexical_support"": 0.0}, {""l3_id"": ""G_SYS_MISINFO"", ""em_score"": 0.72153, ""hybrid_score"": 0.728023, ""keyword_prior"": 0.006493, ""lexical_support"": 0.0}, {""l3_id"": ""G_SYS_INPUT"", ""em_score"": 0.71289, ""hybrid_score"": 0.723453, ""keyword_prior"": 0.010563, ""lexical_support"": 0.0}, {""l3_id"": ""G_SOC_GOV"", ""em_score"": 0.723291, ""hybrid_score"": 0.722112, ""keyword_prior"": -0.001179, ""lexical_support"": 0.0}, {""l3_id"": ""G_SYS_OEXT"", ""em_score"": 0.714807, ""hybrid_score"": 0.720354, ""keyword_prior"": 0.005547, ""lexical_support"": 0.0}]"
SRC-G-0492,General,new,살인 및 심각한 신체 폭력,Murder and severe physical violence,G_INT_VIOL,EM,0.861345,0.831013,1.220152,0.7,G_INT_VIOL,"[{""l3_id"": ""G_INT_VIOL"", ""em_score"": 0.861345, ""hybrid_score"": 1.220152, ""keyword_prior"": 0.358808, ""lexical_support"": 0.7}, {""l3_id"": ""G_INT_UNETH"", ""em_score"": 0.738644, ""hybrid_score"": 0.741672, ""keyword_prior"": 0.003028, ""lexical_support"": 0.0}, {""l3_id"": ""G_SOC_ECON"", ""em_score"": 0.73215, ""hybrid_score"": 0.731808, ""keyword_prior"": -0.000342, ""lexical_support"": 0.0}, {""l3_id"": ""G_SYS_MISINFO"", ""em_score"": 0.72187, ""hybrid_score"": 0.722089, ""keyword_prior"": 0.000219, ""lexical_support"": 0.0}, {""l3_id"": ""G_SYS_OEXT"", ""em_score"": 0.712664, ""hybrid_score"": 0.712178, ""keyword_prior"": -0.000486, ""lexical_support"": 0.0}]"
SRC-G-0493,General,new,고문 및 잔혹행위,Torture and cruel acts,G_INT_VIOL,EM,0.82352,0.791618,1.165865,0.4,G_INT_VIOL,"[{""l3_id"": ""G_INT_VIOL"", ""em_score"": 0.82352, ""hybrid_score"": 1.165865, ""keyword_prior"": 0.342345, ""lexical_support"": 0.4}, {""l3_id"": ""G_INT_UNETH"", ""em_score"": 0.784665, ""hybrid_score"": 0.791746, ""keyword_prior"": 0.007082, ""lexical_support"": 0.0}, {""l3_id"": ""G_SYS_MISINFO"", ""em_score"": 0.725384, ""hybrid_score"": 0.725299, ""keyword_prior"": -8.5e-05, ""lexical_support"": 0.0}, {""l3_id"": ""G_SYS_OEXT"", ""em_score"": 0.716766, ""hybrid_score"": 0.716472, ""keyword_prior"": -0.000294, ""lexical_support"": 0.0}, {""l3_id"": ""G_SOC_ECON"", ""em_score"": 0.710613, ""hybrid_score"": 0.707585, ""keyword_prior"": -0.003029, ""lexical_support"": 0.0}]"
SRC-G-0494,General,new,대량폭력 및 테러,Mass violence and terrorism,G_INT_VIOL,EM,0.854691,0.823109,1.216463,0.7,G_INT_VIOL,"[{""l3_id"": ""G_INT_VIOL"", ""em_score"": 0.854691, ""hybrid_score"": 1.216463, ""keyword_prior"": 0.361771, ""lexical_support"": 0.7}, {""l3_id"": ""G_INT_UNETH"", ""em_score"": 0.738775, ""hybrid_score"": 0.738287, ""keyword_prior"": -0.000488, ""lexical_support"": 0.0}, {""l3_id"": ""G_SOC_ECON"", ""em_score"": 0.731327, ""hybrid_score"": 0.72982, ""keyword_prior"": -0.001507, ""lexical_support"": 0.0}, {""l3_id"": ""G_SYS_MISINFO"", ""em_score"": 0.724762, ""hybrid_score"": 0.726163, ""keyword_prior"": 0.001401, ""lexical_support"": 0.0}, {""l3_id"": ""G_SYS_OEXT"", ""em_score"": 0.724574, ""hybrid_score"": 0.72474, ""keyword_prior"": 0.000166, ""lexical_support"": 0.0}]"
SRC-G-0495,General,new,위협 및 협박,Threats and intimidation,G_INT_VIOL,EM,0.844366,0.81245,1.177317,0.3,G_INT_VIOL,"[{""l3_id"": ""G_INT_VIOL"", ""em_score"": 0.844366, ""hybrid_score"": 1.177317, ""keyword_prior"": 0.33295, ""lexical_support"": 0.3}, {""l3_id"": ""G_INT_UNETH"", ""em_score"": 0.788285, ""hybrid_score"": 0.79197, ""keyword_prior"": 0.003685, ""lexical_support"": 0.0}, {""l3_id"": ""G_SYS_MISINFO"", ""em_score"": 0.780276, ""hybrid_score"": 0.780493, ""keyword_prior"": 0.000218, ""lexical_support"": 0.0}, {""l3_id"": ""G_SYS_OEXT"", ""em_score"": 0.767124, ""hybrid_score"": 0.764463, ""keyword_prior"": -0.002661, ""lexical_support"": 0.0}, {""l3_id"": ""G_SOC_ECON"", ""em_score"": 0.763431, ""hybrid_score"": 0.76195, ""keyword_prior"": -0.001481, ""lexical_support"": 0.0}]"
SRC-G-0496,General,new,폭력 선동 및 조장,Incitement and promotion of violence,G_INT_VIOL,EM,0.880836,0.851861,1.23428,0.6,G_INT_VIOL,"[{""l3_id"": ""G_INT_VIOL"", ""em_score"": 0.880836, ""hybrid_score"": 1.23428, ""keyword_prior"": 0.353444, ""lexical_support"": 0.6}, {""l3_id"": ""G_INT_UNETH"", ""em_score"": 0.762878, ""hybrid_score"": 0.76865, ""keyword_prior"": 0.005771, ""lexical_support"": 0.0}, {""l3_id"": ""G_SYS_MISINFO"", ""em_score"": 0.728947, ""hybrid_score"": 0.730096, ""keyword_prior"": 0.001149, ""lexical_support"": 0.0}, {""l3_id"": ""G_SYS_OEXT"", ""em_score"": 0.712306, ""hybrid_score"": 0.71234, ""keyword_prior"": 3.4e-05, ""lexical_support"": 0.0}, {""l3_id"": ""G_SOC_POWER"", ""em_score"": 0.706715, ""hybrid_score"": 0.709089, ""keyword_prior"": 0.002374, ""lexical_support"": 0.0}]"
SRC-G-0497,General,new,폭력 미화 및 정당화,Glorification and justification of violence,G_INT_VIOL,EM,0.871038,0.844782,1.22476,0.6,G_INT_VIOL,"[{""l3_id"": ""G_INT_VIOL"", ""em_score"": 0.871038, ""hybrid_score"": 1.22476, ""keyword_prior"": 0.353723, ""lexical_support"": 0.6}, {""l3_id"": ""G_INT_UNETH"", ""em_score"": 0.749194, ""hybrid_score"": 0.751204, ""keyword_prior"": 0.00201, ""lexical_support"": 0.0}, {""l3_id"": ""G_INT_VALUE"", ""em_score"": 0.730508, ""hybrid_score"": 0.736387, ""keyword_prior"": 0.005879, ""lexical_support"": 0.0}, {""l3_id"": ""G_SYS_MISINFO"", ""em_score"": 0.723545, ""hybrid_score"": 0.724205, ""keyword_prior"": 0.00066, ""lexical_support"": 0.0}, {""l3_id"": ""G_SYS_OEXT"", ""em_score"": 0.715981, ""hybrid_score"": 0.716584, ""keyword_prior"": 0.000602, ""lexical_support"": 0.0}]"
SRC-G-0498,General,new,관계 기반 폭력,Relationship-based violence,G_INT_VIOL,EM,0.867442,0.841546,1.209972,0.4,G_INT_VIOL,"[{""l3_id"": ""G_INT_VIOL"", ""em_score"": 0.867442, ""hybrid_score"": 1.209972, ""keyword_prior"": 0.342531, ""lexical_support"": 0.4}, {""l3_id"": ""G_INT_UNETH"", ""em_score"": 0.744709, ""hybrid_score"": 0.747752, ""keyword_prior"": 0.003043, ""lexical_support"": 0.0}, {""l3_id"": ""G_SYS_OEXT"", ""em_score"": 0.716556, ""hybrid_score"": 0.715964, ""keyword_prior"": -0.000592, ""lexical_support"": 0.0}, {""l3_id"": ""G_SOC_ECON"", ""em_score"": 0.713285, ""hybrid_score"": 0.708975, ""keyword_prior"": -0.00431, ""lexical_support"": 0.0}, {""l3_id"": ""G_SYS_MISINFO"", ""em_score"": 0.709789, ""hybrid_score"": 0.708751, ""keyword_prior"": -0.001038, ""lexical_support"": 0.0}]"
SRC-G-0499,General,new,아동 성적 학대·착취,Child sexual abuse and exploitation,G_INT_SEX,EM,0.915669,0.900171,1.276075,0.7,G_INT_SEX,"[{""l3_id"": ""G_INT_SEX"", ""em_score"": 0.915669, ""hybrid_score"": 1.276075, ""keyword_prior"": 0.360406, ""lexical_support"": 0.7}, {""l3_id"": ""G_INT_UNETH"", ""em_score"": 0.757957, ""hybrid_score"": 0.760431, ""keyword_prior"": 0.002474, ""lexical_support"": 0.0}, {""l3_id"": ""G_SOC_POWER"", ""em_score"": 0.72322, ""hybrid_score"": 0.724382, ""keyword_prior"": 0.001162, ""lexical_support"": 0.0}, {""l3_id"": ""G_SYS_OEXT"", ""em_score"": 0.717103, ""hybrid_score"": 0.717976, ""keyword_prior"": 0.000873, ""lexical_support"": 0.0}, {""l3_id"": ""G_SYS_MISINFO"", ""em_score"": 0.714522, ""hybrid_score"": 0.715248, ""keyword_prior"": 0.000725, ""lexical_support"": 0.0}]"
SRC-G-0500,General,new,비동의 성행위 및 성폭력,Non-consensual sexual acts and sexual violence,G_INT_SEX,EM,0.848948,0.822022,1.204068,0.7,G_INT_SEX,"[{""l3_id"": ""G_INT_SEX"", ""em_score"": 0.848948, ""hybrid_score"": 1.204068, ""keyword_prior"": 0.355121, ""lexical_support"": 0.7}, {""l3_id"": ""G_INT_VIOL"", ""em_score"": 0.78161, ""hybrid_score"": 0.818991, ""keyword_prior"": 0.037381, ""lexical_support"": 0.4}, {""l3_id"": ""G_INT_UNETH"", ""em_score"": 0.791689, ""hybrid_score"": 0.796066, ""keyword_prior"": 0.004377, ""lexical_support"": 0.0}, {""l3_id"": ""G_SYS_OREF"", ""em_score"": 0.721058, ""hybrid_score"": 0.729541, ""keyword_prior"": 0.008483, ""lexical_support"": 0.0}, {""l3_id"": ""G_SYS_OEXT"", ""em_score"": 0.722399, ""hybrid_score"": 0.722415, ""keyword_prior"": 1.6e-05, ""lexical_support"": 0.0}]"
SRC-G-0501,General,new,성희롱 및 성적 괴롭힘,Sexual harassment and sexual bullying,G_INT_SEX,EM,0.859702,0.834875,1.210254,0.6,G_INT_SEX,"[{""l3_id"": ""G_INT_SEX"", ""em_score"": 0.859702, ""hybrid_score"": 1.210254, ""keyword_prior"": 0.350552, ""lexical_support"": 0.6}, {""l3_id"": ""G_INT_UNETH"", ""em_score"": 0.78383, ""hybrid_score"": 0.791306, ""keyword_prior"": 0.007477, ""lexical_support"": 0.0}, {""l3_id"": ""G_SYS_MISINFO"", ""em_score"": 0.730082, ""hybrid_score"": 0.730259, ""keyword_prior"": 0.000177, ""lexical_support"": 0.0}, {""l3_id"": ""G_SOC_POWER"", ""em_score"": 0.724533, ""hybrid_score"": 0.723673, ""keyword_prior"": -0.000861, ""lexical_support"": 0.0}, {""l3_id"": ""G_INT_VALUE"", ""em_score"": 0.723505, ""hybrid_score"": 0.72224, ""keyword_prior"": -0.001265, ""lexical_support"": 0.0}]"
SRC-G-0502,General,new,성착취 및 상업적 성행위,Sexual exploitation and commercial sexual activity,G_INT_SEX,EM,0.902355,0.883649,1.268225,0.8,G_INT_SEX,"[{""l3_id"": ""G_INT_SEX"", ""em_score"": 0.902355, ""hybrid_score"": 1.268225, ""keyword_prior"": 0.36587, ""lexical_support"": 0.8}, {""l3_id"": ""G_INT_UNETH"", ""em_score"": 0.785586, ""hybrid_score"": 0.791471, ""keyword_prior"": 0.005885, ""lexical_support"": 0.0}, {""l3_id"": ""G_SYS_OEXT"", ""em_score"": 0.737549, ""hybrid_score"": 0.740259, ""keyword_prior"": 0.00271, ""lexical_support"": 0.0}, {""l3_id"": ""G_SOC_POWER"", ""em_score"": 0.735789, ""hybrid_score"": 0.739215, ""keyword_prior"": 0.003426, ""lexical_support"": 0.0}, {""l3_id"": ""G_SYS_MISINFO"", ""em_score"": 0.733898, ""hybrid_score"": 0.734418, ""keyword_prior"": 0.00052, ""lexical_support"": 0.0}]"
SRC-G-0503,General,new,유해한 성적 행위,Harmful sexual acts,G_INT_SEX,EM,0.857583,0.830552,1.195396,0.4,G_INT_SEX,"[{""l3_id"": ""G_INT_SEX"", ""em_score"": 0.857583, ""hybrid_score"": 1.195396, ""keyword_prior"": 0.337813, ""lexical_support"": 0.4}, {""l3_id"": ""G_INT_UNETH"", ""em_score"": 0.805057, ""hybrid_score"": 0.814935, ""keyword_prior"": 0.009879, ""lexical_support"": 0.0}, {""l3_id"": ""G_SYS_MISINFO"", ""em_score"": 0.755815, ""hybrid_score"": 0.757902, ""keyword_prior"": 0.002087, ""lexical_support"": 0.0}, {""l3_id"": ""G_SYS_OEXT"", ""em_score"": 0.748073, ""hybrid_score"": 0.74845, ""keyword_prior"": 0.000377, ""lexical_support"": 0.0}, {""l3_id"": ""G_SYS_OREF"", ""em_score"": 0.730273, ""hybrid_score"": 0.735313, ""keyword_prior"": 0.00504, ""lexical_support"": 0.0}]"
SRC-G-0504,General,new,성적 콘텐츠 제작·유포 및 디지털 성범죄,Production and distribution of sexual content and digital sexual offences,G_INT_SEX,EM,0.865326,0.835932,1.207037,0.4,G_INT_SEX,"[{""l3_id"": ""G_INT_SEX"", ""em_score"": 0.865326, ""hybrid_score"": 1.207037, ""keyword_prior"": 0.341711, ""lexical_support"": 0.4}, {""l3_id"": ""G_INT_ILLEGAL"", ""em_score"": 0.805935, ""hybrid_score"": 0.830888, ""keyword_prior"": 0.024953, ""lexical_support"": 0.2}, {""l3_id"": ""G_INT_UNETH"", ""em_score"": 0.770517, ""hybrid_score"": 0.776257, ""keyword_prior"": 0.005739, ""lexical_support"": 0.0}, {""l3_id"": ""G_SYS_MISINFO"", ""em_score"": 0.739945, ""hybrid_score"": 0.743825, ""keyword_prior"": 0.00388, ""lexical_support"": 0.0}, {""l3_id"": ""G_SYS_OEXT"", ""em_score"": 0.726266, ""hybrid_score"": 0.725945, ""keyword_prior"": -0.000321, ""lexical_support"": 0.0}]"
SRC-G-0505,General,new,성적 대상화 및 페티시화,Sexual objectification and fetishisation,G_INT_SEX,EM,0.854604,0.832136,1.195095,0.4,G_INT_SEX,"[{""l3_id"": ""G_INT_SEX"", ""em_score"": 0.854604, ""hybrid_score"": 1.195095, ""keyword_prior"": 0.340491, ""lexical_support"": 0.4}, {""l3_id"": ""G_INT_UNETH"", ""em_score"": 0.753358, ""hybrid_score"": 0.758857, ""keyword_prior"": 0.005499, ""lexical_support"": 0.0}, {""l3_id"": ""G_INT_VALUE"", ""em_score"": 0.744178, ""hybrid_score"": 0.747324, ""keyword_prior"": 0.003145, ""lexical_support"": 0.0}, {""l3_id"": ""G_SYS_MISINFO"", ""em_score"": 0.715837, ""hybrid_score"": 0.715975, ""keyword_prior"": 0.000138, ""lexical_support"": 0.0}, {""l3_id"": ""G_SYS_OEXT"", ""em_score"": 0.714707, ""hybrid_score"": 0.714368, ""keyword_prior"": -0.000339, ""lexical_support"": 0.0}]"
SRC-G-0506,General,new,허용되지 않는 맥락의 노골적 성적 콘텐츠 생성,Explicit sexual content generation in non-permitted contexts,G_INT_SEX,EM,0.8154,0.790826,1.142841,0.2,G_INT_SEX,"[{""l3_id"": ""G_INT_SEX"", ""em_score"": 0.8154, ""hybrid_score"": 1.142841, ""keyword_prior"": 0.327441, ""lexical_support"": 0.2}, {""l3_id"": ""G_INT_UNETH"", ""em_score"": 0.733609, ""hybrid_score"": 0.739726, ""keyword_prior"": 0.006117, ""lexical_support"": 0.0}, {""l3_id"": ""G_SYS_OEXT"", ""em_score"": 0.715589, ""hybrid_score"": 0.716123, ""keyword_prior"": 0.000534, ""lexical_support"": 0.0}, {""l3_id"": ""G_SYS_OREF"", ""em_score"": 0.705614, ""hybrid_score"": 0.711563, ""keyword_prior"": 0.005949, ""lexical_support"": 0.0}, {""l3_id"": ""G_SYS_MISINFO"", ""em_score"": 0.698917, ""hybrid_score"": 0.700689, ""keyword_prior"": 0.001773, ""lexical_support"": 0.0}]"
SRC-G-0507,General,new,자살 행동 및 자살 지원,Suicidal behaviour and assistance with suicide,G_INT_SELF,EM,0.864465,0.827366,1.208862,0.4,G_INT_SELF,"[{""l3_id"": ""G_INT_SELF"", ""em_score"": 0.864465, ""hybrid_score"": 1.208862, ""keyword_prior"": 0.344397, ""lexical_support"": 0.4}, {""l3_id"": ""G_INT_UNETH"", ""em_score"": 0.75606, ""hybrid_score"": 0.760498, ""keyword_prior"": 0.004437, ""lexical_support"": 0.0}, {""l3_id"": ""G_SYS_OREF"", ""em_score"": 0.708345, ""hybrid_score"": 0.713601, ""keyword_prior"": 0.005256, ""lexical_support"": 0.0}, {""l3_id"": ""G_SYS_OEXT"", ""em_score"": 0.712926, ""hybrid_score"": 0.712293, ""keyword_prior"": -0.000633, ""lexical_support"": 0.0}, {""l3_id"": ""G_SYS_MISINFO"", ""em_score"": 0.710683, ""hybrid_score"": 0.710342, ""keyword_prior"": -0.000341, ""lexical_support"": 0.0}]"
SRC-G-0508,General,new,비자살성 자해(NSSI),Non-suicidal self-injury (NSSI),G_INT_SELF,EM,0.812907,0.780107,1.161832,0.5,G_INT_SELF,"[{""l3_id"": ""G_INT_SELF"", ""em_score"": 0.812907, ""hybrid_score"": 1.161832, ""keyword_prior"": 0.348926, ""lexical_support"": 0.5}, {""l3_id"": ""G_INT_UNETH"", ""em_score"": 0.718095, ""hybrid_score"": 0.719912, ""keyword_prior"": 0.001817, ""lexical_support"": 0.0}, {""l3_id"": ""G_SOC_GOV"", ""em_score"": 0.671443, ""hybrid_score"": 0.670365, ""keyword_prior"": -0.001077, ""lexical_support"": 0.0}, {""l3_id"": ""G_SYS_OREF"", ""em_score"": 0.667709, ""hybrid_score"": 0.669669, ""keyword_prior"": 0.00196, ""lexical_support"": 0.0}, {""l3_id"": ""G_SOC_ECON"", ""em_score"": 0.670622, ""hybrid_score"": 0.668831, ""keyword_prior"": -0.001791, ""lexical_support"": 0.0}]"
SRC-G-0509,General,new,자해 수단 및 방법 제공,Provision of means and methods for self-harm,G_INT_SELF,EM,0.878039,0.845535,1.221413,0.4,G_INT_SELF,"[{""l3_id"": ""G_INT_SELF"", ""em_score"": 0.878039, ""hybrid_score"": 1.221413, ""keyword_prior"": 0.343374, ""lexical_support"": 0.4}, {""l3_id"": ""G_INT_UNETH"", ""em_score"": 0.753299, ""hybrid_score"": 0.754788, ""keyword_prior"": 0.001488, ""lexical_support"": 0.0}, {""l3_id"": ""G_SYS_OEXT"", ""em_score"": 0.733273, ""hybrid_score"": 0.73325, ""keyword_prior"": -2.3e-05, ""lexical_support"": 0.0}, {""l3_id"": ""G_SYS_MISINFO"", ""em_score"": 0.730308, ""hybrid_score"": 0.731563, ""keyword_prior"": 0.001255, ""lexical_support"": 0.0}, {""l3_id"": ""G_SOC_ECON"", ""em_score"": 0.716781, ""hybrid_score"": 0.715304, ""keyword_prior"": -0.001477, ""lexical_support"": 0.0}]"
SRC-G-0510,General,new,자해 및 자살의 미화·정당화,Glorification or justification of self-harm and suicide,G_INT_SELF,EM,0.848168,0.813164,1.209822,0.7,G_INT_SELF,"[{""l3_id"": ""G_INT_SELF"", ""em_score"": 0.848168, ""hybrid_score"": 1.209822, ""keyword_prior"": 0.361654, ""lexical_support"": 0.7}, {""l3_id"": ""G_INT_UNETH"", ""em_score"": 0.717004, ""hybrid_score"": 0.718621, ""keyword_prior"": 0.001617, ""lexical_support"": 0.0}, {""l3_id"": ""G_SYS_MISINFO"", ""em_score"": 0.698864, ""hybrid_score"": 0.698926, ""keyword_prior"": 6.3e-05, ""lexical_support"": 0.0}, {""l3_id"": ""G_SYS_OEXT"", ""em_score"": 0.690221, ""hybrid_score"": 0.690211, ""keyword_prior"": -1e-05, ""lexical_support"": 0.0}, {""l3_id"": ""G_INT_VALUE"", ""em_score"": 0.689131, ""hybrid_score"": 0.689521, ""keyword_prior"": 0.00039, ""lexical_support"": 0.0}]"
SRC-G-0511,General,new,자해 은폐 및 회피 전략,Concealment and avoidance strategies for self-harm,G_INT_SELF,EM,0.833969,0.800156,1.176262,0.4,G_INT_SELF,"[{""l3_id"": ""G_INT_SELF"", ""em_score"": 0.833969, ""hybrid_score"": 1.176262, ""keyword_prior"": 0.342294, ""lexical_support"": 0.4}, {""l3_id"": ""G_INT_UNETH"", ""em_score"": 0.757442, ""hybrid_score"": 0.758893, ""keyword_prior"": 0.001451, ""lexical_support"": 0.0}, {""l3_id"": ""G_SYS_MISINFO"", ""em_score"": 0.744124, ""hybrid_score"": 0.747137, ""keyword_prior"": 0.003013, ""lexical_support"": 0.0}, {""l3_id"": ""G_SOC_GOV"", ""em_score"": 0.72205, ""hybrid_score"": 0.722341, ""keyword_prior"": 0.000292, ""lexical_support"": 0.0}, {""l3_id"": ""G_SOC_ECON"", ""em_score"": 0.708019, ""hybrid_score"": 0.70465, ""keyword_prior"": -0.003369, ""lexical_support"": 0.0}]"
SRC-G-0512,General,new,자살 준비행위,Preparatory acts for suicide,G_INT_SELF,EM,0.846259,0.809026,1.18938,0.4,G_INT_SELF,"[{""l3_id"": ""G_INT_SELF"", ""em_score"": 0.846259, ""hybrid_score"": 1.189379, ""keyword_prior"": 0.343121, ""lexical_support"": 0.4}, {""l3_id"": ""G_INT_UNETH"", ""em_score"": 0.741981, ""hybrid_score"": 0.744512, ""keyword_prior"": 0.002531, ""lexical_support"": 0.0}, {""l3_id"": ""G_SYS_MISINFO"", ""em_score"": 0.718505, ""hybrid_score"": 0.720459, ""keyword_prior"": 0.001955, ""lexical_support"": 0.0}, {""l3_id"": ""G_SYS_OEXT"", ""em_score"": 0.711518, ""hybrid_score"": 0.711051, ""keyword_prior"": -0.000467, ""lexical_support"": 0.0}, {""l3_id"": ""G_SOC_ECON"", ""em_score"": 0.699233, ""hybrid_score"": 0.698146, ""keyword_prior"": -0.001086, ""lexical_support"": 0.0}]"
SRC-G-0513,General,new,섭식장애 및 자기파괴적 건강행위,Eating disorders and self-destructive health behaviors,G_INT_SELF,EM,0.825364,0.796097,1.161682,0.3,G_INT_SELF,"[{""l3_id"": ""G_INT_SELF"", ""em_score"": 0.825364, ""hybrid_score"": 1.161682, ""keyword_prior"": 0.336318, ""lexical_support"": 0.3}, {""l3_id"": ""G_INT_UNETH"", ""em_score"": 0.710347, ""hybrid_score"": 0.713405, ""keyword_prior"": 0.003059, ""lexical_support"": 0.0}, {""l3_id"": ""G_SOC_ECON"", ""em_score"": 0.693562, ""hybrid_score"": 0.695141, ""keyword_prior"": 0.001579, ""lexical_support"": 0.0}, {""l3_id"": ""G_SYS_OEXT"", ""em_score"": 0.690125, ""hybrid_score"": 0.690304, ""keyword_prior"": 0.000179, ""lexical_support"": 0.0}, {""l3_id"": ""G_SYS_MISINFO"", ""em_score"": 0.686872, ""hybrid_score"": 0.686826, ""keyword_prior"": -4.6e-05, ""lexical_support"": 0.0}]"
SRC-G-0514,General,new,자해·자살 조장 온라인 커뮤니티,Online communities encouraging self-harm and suicide,G_INT_SELF,EM,0.852699,0.816329,1.207762,0.6,G_INT_SELF,"[{""l3_id"": ""G_INT_SELF"", ""em_score"": 0.852699, ""hybrid_score"": 1.207762, ""keyword_prior"": 0.355063, ""lexical_support"": 0.6}, {""l3_id"": ""G_INT_UNETH"", ""em_score"": 0.745455, ""hybrid_score"": 0.751501, ""keyword_prior"": 0.006046, ""lexical_support"": 0.0}, {""l3_id"": ""G_SOC_DEMOC"", ""em_score"": 0.703278, ""hybrid_score"": 0.705535, ""keyword_prior"": 0.002256, ""lexical_support"": 0.0}, {""l3_id"": ""G_SYS_MISINFO"", ""em_score"": 0.684455, ""hybrid_score"": 0.685485, ""keyword_prior"": 0.001031, ""lexical_support"": 0.0}, {""l3_id"": ""G_SOC_ECON"", ""em_score"": 0.680483, ""hybrid_score"": 0.678315, ""keyword_prior"": -0.002168, ""lexical_support"": 0.0}]"
SRC-G-0515,General,new,인종·민족 기반 적대·차별적 표상,Hostility and discriminatory representation based on race and ethnicity,G_INT_REPR,EM,0.822841,0.781539,1.157668,0.3,G_INT_REPR,"[{""l3_id"": ""G_INT_REPR"", ""em_score"": 0.822841, ""hybrid_score"": 1.157668, ""keyword_prior"": 0.334827, ""lexical_support"": 0.3}, {""l3_id"": ""G_INT_ALLOC"", ""em_score"": 0.793168, ""hybrid_score"": 0.807747, ""keyword_prior"": 0.01458, ""lexical_support"": 0.1}, {""l3_id"": ""G_INT_VALUE"", ""em_score"": 0.757051, ""hybrid_score"": 0.768282, ""keyword_prior"": 0.011232, ""lexical_support"": 0.1}, {""l3_id"": ""G_INT_UNETH"", ""em_score"": 0.752008, ""hybrid_score"": 0.755438, ""keyword_prior"": 0.00343, ""lexical_support"": 0.0}, {""l3_id"": ""G_SOC_POWER"", ""em_score"": 0.739594, ""hybrid_score"": 0.744142, ""keyword_prior"": 0.004548, ""lexical_support"": 0.0}]"
SRC-G-0516,General,new,국적·출신국 기반 적대·차별적 표상,Hostility and discriminatory representation based on nationality · country of origin,G_INT_REPR,EM,0.805355,0.765134,1.139239,0.3,G_INT_REPR,"[{""l3_id"": ""G_INT_REPR"", ""em_score"": 0.805355, ""hybrid_score"": 1.139239, ""keyword_prior"": 0.333885, ""lexical_support"": 0.3}, {""l3_id"": ""G_INT_ALLOC"", ""em_score"": 0.776919, ""hybrid_score"": 0.790718, ""keyword_prior"": 0.013799, ""lexical_support"": 0.1}, {""l3_id"": ""G_INT_VALUE"", ""em_score"": 0.72725, ""hybrid_score"": 0.735765, ""keyword_prior"": 0.008515, ""lexical_support"": 0.1}, {""l3_id"": ""G_INT_UNETH"", ""em_score"": 0.720273, ""hybrid_score"": 0.722297, ""keyword_prior"": 0.002024, ""lexical_support"": 0.0}, {""l3_id"": ""G_SOC_POWER"", ""em_score"": 0.71889, ""hybrid_score"": 0.720633, ""keyword_prior"": 0.001743, ""lexical_support"": 0.0}]"
SRC-G-0517,General,new,지역·출신지역 기반 적대·차별적 표상,Hostility and discriminatory representation based on region/place of origin,G_INT_REPR,EM,0.809583,0.769656,1.145778,0.3,G_INT_REPR,"[{""l3_id"": ""G_INT_REPR"", ""em_score"": 0.809583, ""hybrid_score"": 1.145778, ""keyword_prior"": 0.336194, ""lexical_support"": 0.3}, {""l3_id"": ""G_INT_ALLOC"", ""em_score"": 0.787856, ""hybrid_score"": 0.804021, ""keyword_prior"": 0.016164, ""lexical_support"": 0.1}, {""l3_id"": ""G_INT_VALUE"", ""em_score"": 0.72648, ""hybrid_score"": 0.736291, ""keyword_prior"": 0.00981, ""lexical_support"": 0.1}, {""l3_id"": ""G_SOC_POWER"", ""em_score"": 0.717687, ""hybrid_score"": 0.720737, ""keyword_prior"": 0.00305, ""lexical_support"": 0.0}, {""l3_id"": ""G_INT_UNETH"", ""em_score"": 0.705387, ""hybrid_score"": 0.706656, ""keyword_prior"": 0.00127, ""lexical_support"": 0.0}]"
SRC-G-0518,General,new,성별 기반 적대·차별적 표상,Hostility and discriminatory representation based on gender,G_INT_REPR,EM,0.821057,0.779117,1.161301,0.4,G_INT_REPR,"[{""l3_id"": ""G_INT_REPR"", ""em_score"": 0.821057, ""hybrid_score"": 1.161301, ""keyword_prior"": 0.340244, ""lexical_support"": 0.4}, {""l3_id"": ""G_INT_ALLOC"", ""em_score"": 0.787383, ""hybrid_score"": 0.799085, ""keyword_prior"": 0.011701, ""lexical_support"": 0.1}, {""l3_id"": ""G_INT_VALUE"", ""em_score"": 0.753253, ""hybrid_score"": 0.764104, ""keyword_prior"": 0.01085, ""lexical_support"": 0.1}, {""l3_id"": ""G_SOC_POWER"", ""em_score"": 0.740858, ""hybrid_score"": 0.742841, ""keyword_prior"": 0.001983, ""lexical_support"": 0.0}, {""l3_id"": ""G_INT_UNETH"", ""em_score"": 0.74029, ""hybrid_score"": 0.741902, ""keyword_prior"": 0.001612, ""lexical_support"": 0.0}]"
SRC-G-0519,General,new,성정체성·성적지향 기반 적대·차별적 표상,Hostility and discriminatory representation based on gender identity and sexual orientation,G_INT_REPR,EM,0.823544,0.782497,1.157161,0.3,G_INT_REPR,"[{""l3_id"": ""G_INT_REPR"", ""em_score"": 0.823544, ""hybrid_score"": 1.157161, ""keyword_prior"": 0.333617, ""lexical_support"": 0.3}, {""l3_id"": ""G_INT_SEX"", ""em_score"": 0.809434, ""hybrid_score"": 0.832816, ""keyword_prior"": 0.023382, ""lexical_support"": 0.2}, {""l3_id"": ""G_INT_ALLOC"", ""em_score"": 0.783868, ""hybrid_score"": 0.796842, ""keyword_prior"": 0.012974, ""lexical_support"": 0.1}, {""l3_id"": ""G_INT_VALUE"", ""em_score"": 0.759444, ""hybrid_score"": 0.770224, ""keyword_prior"": 0.01078, ""lexical_support"": 0.1}, {""l3_id"": ""G_INT_UNETH"", ""em_score"": 0.748698, ""hybrid_score"": 0.749964, ""keyword_prior"": 0.001265, ""lexical_support"": 0.0}]"
SRC-G-0520,General,new,연령 기반 적대·차별적 표상,Hostility and discriminatory representation based on age,G_INT_REPR,EM,0.806933,0.76844,1.147514,0.4,G_INT_REPR,"[{""l3_id"": ""G_INT_REPR"", ""em_score"": 0.806933, ""hybrid_score"": 1.147514, ""keyword_prior"": 0.34058, ""lexical_support"": 0.4}, {""l3_id"": ""G_INT_ALLOC"", ""em_score"": 0.774355, ""hybrid_score"": 0.786951, ""keyword_prior"": 0.012596, ""lexical_support"": 0.1}, {""l3_id"": ""G_INT_VALUE"", ""em_score"": 0.725225, ""hybrid_score"": 0.73475, ""keyword_prior"": 0.009524, ""lexical_support"": 0.1}, {""l3_id"": ""G_INT_UNETH"", ""em_score"": 0.731638, ""hybrid_score"": 0.734675, ""keyword_prior"": 0.003037, ""lexical_support"": 0.0}, {""l3_id"": ""G_SOC_POWER"", ""em_score"": 0.717425, ""hybrid_score"": 0.719117, ""keyword_prior"": 0.001692, ""lexical_support"": 0.0}]"
SRC-G-0521,General,new,장애 기반 적대·차별적 표상,Hostility and discriminatory representation based on disability,G_INT_REPR,EM,0.817507,0.777694,1.157282,0.4,G_INT_REPR,"[{""l3_id"": ""G_INT_REPR"", ""em_score"": 0.817507, ""hybrid_score"": 1.157282, ""keyword_prior"": 0.339774, ""lexical_support"": 0.4}, {""l3_id"": ""G_INT_ALLOC"", ""em_score"": 0.804034, ""hybrid_score"": 0.818627, ""keyword_prior"": 0.014592, ""lexical_support"": 0.1}, {""l3_id"": ""G_INT_VALUE"", ""em_score"": 0.738329, ""hybrid_score"": 0.747258, ""keyword_prior"": 0.008929, ""lexical_support"": 0.1}, {""l3_id"": ""G_SOC_POWER"", ""em_score"": 0.737798, ""hybrid_score"": 0.740162, ""keyword_prior"": 0.002364, ""lexical_support"": 0.0}, {""l3_id"": ""G_INT_UNETH"", ""em_score"": 0.73612, ""hybrid_score"": 0.737137, ""keyword_prior"": 0.001017, ""lexical_support"": 0.0}]"
SRC-G-0522,General,new,종교 기반 적대·차별적 표상,Hostility and discriminatory representation based on religion,G_INT_REPR,EM,0.787234,0.747382,1.126144,0.4,G_INT_REPR,"[{""l3_id"": ""G_INT_REPR"", ""em_score"": 0.787234, ""hybrid_score"": 1.126145, ""keyword_prior"": 0.338911, ""lexical_support"": 0.4}, {""l3_id"": ""G_INT_ALLOC"", ""em_score"": 0.756553, ""hybrid_score"": 0.767777, ""keyword_prior"": 0.011224, ""lexical_support"": 0.1}, {""l3_id"": ""G_INT_VALUE"", ""em_score"": 0.743889, ""hybrid_score"": 0.755857, ""keyword_prior"": 0.011968, ""lexical_support"": 0.1}, {""l3_id"": ""G_INT_UNETH"", ""em_score"": 0.731958, ""hybrid_score"": 0.735087, ""keyword_prior"": 0.003129, ""lexical_support"": 0.0}, {""l3_id"": ""G_SOC_POWER"", ""em_score"": 0.700368, ""hybrid_score"": 0.700359, ""keyword_prior"": -9e-06, ""lexical_support"": 0.0}]"
SRC-G-0523,General,new,사회경제적 지위 기반 적대·차별적 표상,Hostility and discriminatory representation based on socioeconomic status,G_INT_REPR,EM,0.81434,0.775204,1.149822,0.3,G_INT_REPR,"[{""l3_id"": ""G_INT_REPR"", ""em_score"": 0.81434, ""hybrid_score"": 1.149822, ""keyword_prior"": 0.335482, ""lexical_support"": 0.3}, {""l3_id"": ""G_INT_ALLOC"", ""em_score"": 0.794506, ""hybrid_score"": 0.811025, ""keyword_prior"": 0.016519, ""lexical_support"": 0.1}, {""l3_id"": ""G_SOC_POWER"", ""em_score"": 0.75189, ""hybrid_score"": 0.759738, ""keyword_prior"": 0.007848, ""lexical_support"": 0.0}, {""l3_id"": ""G_INT_VALUE"", ""em_score"": 0.743898, ""hybrid_score"": 0.754034, ""keyword_prior"": 0.010136, ""lexical_support"": 0.1}, {""l3_id"": ""G_INT_UNETH"", ""em_score"": 0.729301, ""hybrid_score"": 0.73048, ""keyword_prior"": 0.001178, ""lexical_support"": 0.0}]"
SRC-G-0524,General,new,직업 기반 적대·차별적 표상,Hostility and discriminatory representation based on occupation,G_INT_REPR,EM,0.816516,0.776356,1.149528,0.3,G_INT_REPR,"[{""l3_id"": ""G_INT_REPR"", ""em_score"": 0.816516, ""hybrid_score"": 1.149528, ""keyword_prior"": 0.333012, ""lexical_support"": 0.3}, {""l3_id"": ""G_INT_ALLOC"", ""em_score"": 0.796213, ""hybrid_score"": 0.81141, ""keyword_prior"": 0.015197, ""lexical_support"": 0.1}, {""l3_id"": ""G_INT_VALUE"", ""em_score"": 0.748166, ""hybrid_score"": 0.75772, ""keyword_prior"": 0.009554, ""lexical_support"": 0.1}, {""l3_id"": ""G_INT_UNETH"", ""em_score"": 0.741452, ""hybrid_score"": 0.743545, ""keyword_prior"": 0.002092, ""lexical_support"": 0.0}, {""l3_id"": ""G_SOC_POWER"", ""em_score"": 0.737018, ""hybrid_score"": 0.74019, ""keyword_prior"": 0.003173, ""lexical_support"": 0.0}]"
SRC-G-0525,General,new,정치적 성향 기반 적대·차별적 표상,Hostility and discriminatory representation based on political orientation,G_INT_REPR,EM,0.820282,0.779753,1.154079,0.3,G_INT_REPR,"[{""l3_id"": ""G_INT_REPR"", ""em_score"": 0.820282, ""hybrid_score"": 1.154079, ""keyword_prior"": 0.333798, ""lexical_support"": 0.3}, {""l3_id"": ""G_INT_POL"", ""em_score"": 0.835548, ""hybrid_score"": 0.880636, ""keyword_prior"": 0.045088, ""lexical_support"": 0.5}, {""l3_id"": ""G_INT_ALLOC"", ""em_score"": 0.802364, ""hybrid_score"": 0.818382, ""keyword_prior"": 0.016018, ""lexical_support"": 0.1}, {""l3_id"": ""G_INT_VALUE"", ""em_score"": 0.76011, ""hybrid_score"": 0.770898, ""keyword_prior"": 0.010788, ""lexical_support"": 0.1}, {""l3_id"": ""G_INT_UNETH"", ""em_score"": 0.745157, ""hybrid_score"": 0.746979, ""keyword_prior"": 0.001822, ""lexical_support"": 0.0}]"
SRC-G-0526,General,new,가족 상태 및 가정 형태 기반 적대·차별적 표상,Hostility and discriminatory representation based on family status and household structure,G_INT_REPR,EM,0.802998,0.762556,1.138682,0.3,G_INT_REPR,"[{""l3_id"": ""G_INT_REPR"", ""em_score"": 0.802998, ""hybrid_score"": 1.138682, ""keyword_prior"": 0.335684, ""lexical_support"": 0.3}, {""l3_id"": ""G_INT_ALLOC"", ""em_score"": 0.775303, ""hybrid_score"": 0.7918, ""keyword_prior"": 0.016497, ""lexical_support"": 0.1}, {""l3_id"": ""G_INT_VALUE"", ""em_score"": 0.739851, ""hybrid_score"": 0.751346, ""keyword_prior"": 0.011495, ""lexical_support"": 0.1}, {""l3_id"": ""G_INT_UNETH"", ""em_score"": 0.725678, ""hybrid_score"": 0.728124, ""keyword_prior"": 0.002445, ""lexical_support"": 0.0}, {""l3_id"": ""G_SOC_POWER"", ""em_score"": 0.719167, ""hybrid_score"": 0.722146, ""keyword_prior"": 0.002978, ""lexical_support"": 0.0}]"
SRC-G-0527,General,new,학력 기반 적대·차별적 표상,Hostility and discriminatory representation based on educational background,G_INT_REPR,EM,0.801884,0.760193,1.137166,0.3,G_INT_REPR,"[{""l3_id"": ""G_INT_REPR"", ""em_score"": 0.801884, ""hybrid_score"": 1.137167, ""keyword_prior"": 0.335283, ""lexical_support"": 0.3}, {""l3_id"": ""G_INT_ALLOC"", ""em_score"": 0.789752, ""hybrid_score"": 0.80691, ""keyword_prior"": 0.017158, ""lexical_support"": 0.1}, {""l3_id"": ""G_INT_VALUE"", ""em_score"": 0.744665, ""hybrid_score"": 0.756132, ""keyword_prior"": 0.011468, ""lexical_support"": 0.1}, {""l3_id"": ""G_SOC_POWER"", ""em_score"": 0.736827, ""hybrid_score"": 0.742956, ""keyword_prior"": 0.006129, ""lexical_support"": 0.0}, {""l3_id"": ""G_INT_UNETH"", ""em_score"": 0.722261, ""hybrid_score"": 0.72348, ""keyword_prior"": 0.001219, ""lexical_support"": 0.0}]"
SRC-G-0528,General,new,건강 상태 기반 적대·차별적 표상,Hostility and discriminatory representation based on health status,G_INT_REPR,EM,0.790245,0.750931,1.124686,0.3,G_INT_REPR,"[{""l3_id"": ""G_INT_REPR"", ""em_score"": 0.790245, ""hybrid_score"": 1.124686, ""keyword_prior"": 0.334441, ""lexical_support"": 0.3}, {""l3_id"": ""G_INT_ALLOC"", ""em_score"": 0.773469, ""hybrid_score"": 0.789019, ""keyword_prior"": 0.01555, ""lexical_support"": 0.1}, {""l3_id"": ""G_INT_VALUE"", ""em_score"": 0.719117, ""hybrid_score"": 0.727334, ""keyword_prior"": 0.008217, ""lexical_support"": 0.1}, {""l3_id"": ""G_INT_UNETH"", ""em_score"": 0.722491, ""hybrid_score"": 0.723949, ""keyword_prior"": 0.001458, ""lexical_support"": 0.0}, {""l3_id"": ""G_SOC_POWER"", ""em_score"": 0.715007, ""hybrid_score"": 0.71686, ""keyword_prior"": 0.001853, ""lexical_support"": 0.0}]"
SRC-G-0529,General,new,정치적 선전 및 편향적 설득,Political propaganda and biased persuasion,G_INT_POL,EM,0.887581,0.864814,1.252644,0.8,G_INT_POL,"[{""l3_id"": ""G_INT_POL"", ""em_score"": 0.887581, ""hybrid_score"": 1.252644, ""keyword_prior"": 0.365063, ""lexical_support"": 0.8}, {""l3_id"": ""G_SOC_DEMOC"", ""em_score"": 0.790632, ""hybrid_score"": 0.829149, ""keyword_prior"": 0.038517, ""lexical_support"": 0.4}, {""l3_id"": ""G_SYS_MISINFO"", ""em_score"": 0.775159, ""hybrid_score"": 0.779582, ""keyword_prior"": 0.004422, ""lexical_support"": 0.0}, {""l3_id"": ""G_INT_UNETH"", ""em_score"": 0.749291, ""hybrid_score"": 0.749348, ""keyword_prior"": 5.7e-05, ""lexical_support"": 0.0}, {""l3_id"": ""G_INT_VALUE"", ""em_score"": 0.731, ""hybrid_score"": 0.733144, ""keyword_prior"": 0.002144, ""lexical_support"": 0.0}]"
SRC-G-0530,General,new,정치적 허위정보 및 여론조작,Political misinformation and manipulation of public opinion,G_INT_POL,EM,0.878301,0.852647,1.233038,0.7,G_INT_POL,"[{""l3_id"": ""G_INT_POL"", ""em_score"": 0.878301, ""hybrid_score"": 1.233038, ""keyword_prior"": 0.354737, ""lexical_support"": 0.7}, {""l3_id"": ""G_SYS_MISINFO"", ""em_score"": 0.852527, ""hybrid_score"": 0.895541, ""keyword_prior"": 0.043014, ""lexical_support"": 0.5}, {""l3_id"": ""G_SOC_DEMOC"", ""em_score"": 0.828104, ""hybrid_score"": 0.869172, ""keyword_prior"": 0.041069, ""lexical_support"": 0.4}, {""l3_id"": ""G_INT_UNETH"", ""em_score"": 0.775338, ""hybrid_score"": 0.797698, ""keyword_prior"": 0.02236, ""lexical_support"": 0.3}, {""l3_id"": ""G_SYS_OEXT"", ""em_score"": 0.72279, ""hybrid_score"": 0.723453, ""keyword_prior"": 0.000662, ""lexical_support"": 0.0}]"
SRC-G-0531,General,new,선거 및 민주적 절차 방해,Interference with elections and democratic processes,G_INT_POL,EM,0.848465,0.822041,1.183153,0.4,G_INT_POL,"[{""l3_id"": ""G_INT_POL"", ""em_score"": 0.848465, ""hybrid_score"": 1.183153, ""keyword_prior"": 0.334688, ""lexical_support"": 0.4}, {""l3_id"": ""G_SOC_DEMOC"", ""em_score"": 0.840744, ""hybrid_score"": 0.883025, ""keyword_prior"": 0.042281, ""lexical_support"": 0.4}, {""l3_id"": ""G_INT_UNETH"", ""em_score"": 0.769949, ""hybrid_score"": 0.772329, ""keyword_prior"": 0.00238, ""lexical_support"": 0.0}, {""l3_id"": ""G_SYS_CONTEST"", ""em_score"": 0.743171, ""hybrid_score"": 0.748611, ""keyword_prior"": 0.005439, ""lexical_support"": 0.0}, {""l3_id"": ""G_SYS_MISINFO"", ""em_score"": 0.745813, ""hybrid_score"": 0.745781, ""keyword_prior"": -3.2e-05, ""lexical_support"": 0.0}]"
SRC-G-0532,General,new,정치인 및 공직자 명예훼손,Defamation of politicians and public officials,G_INT_POL,EM,0.809329,0.77827,1.14203,0.4,G_INT_POL,"[{""l3_id"": ""G_INT_POL"", ""em_score"": 0.809329, ""hybrid_score"": 1.14203, ""keyword_prior"": 0.332701, ""lexical_support"": 0.4}, {""l3_id"": ""G_SOC_DEMOC"", ""em_score"": 0.794259, ""hybrid_score"": 0.834935, ""keyword_prior"": 0.040677, ""lexical_support"": 0.4}, {""l3_id"": ""G_INT_UNETH"", ""em_score"": 0.75479, ""hybrid_score"": 0.758204, ""keyword_prior"": 0.003413, ""lexical_support"": 0.0}, {""l3_id"": ""G_SYS_MISINFO"", ""em_score"": 0.733746, ""hybrid_score"": 0.734152, ""keyword_prior"": 0.000406, ""lexical_support"": 0.0}, {""l3_id"": ""G_SOC_POWER"", ""em_score"": 0.713781, ""hybrid_score"": 0.715218, ""keyword_prior"": 0.001437, ""lexical_support"": 0.0}]"
SRC-G-0533,General,new,정치적 폭력 및 극단주의 조장,Promotion of political violence and extremism,G_INT_POL,EM,0.839418,0.808983,1.193009,0.7,G_INT_POL,"[{""l3_id"": ""G_INT_POL"", ""em_score"": 0.839418, ""hybrid_score"": 1.193009, ""keyword_prior"": 0.353591, ""lexical_support"": 0.7}, {""l3_id"": ""G_INT_VIOL"", ""em_score"": 0.803198, ""hybrid_score"": 0.843041, ""keyword_prior"": 0.039843, ""lexical_support"": 0.4}, {""l3_id"": ""G_SOC_DEMOC"", ""em_score"": 0.786342, ""hybrid_score"": 0.826277, ""keyword_prior"": 0.039935, ""lexical_support"": 0.4}, {""l3_id"": ""G_INT_UNETH"", ""em_score"": 0.758004, ""hybrid_score"": 0.75882, ""keyword_prior"": 0.000816, ""lexical_support"": 0.0}, {""l3_id"": ""G_SYS_MISINFO"", ""em_score"": 0.72919, ""hybrid_score"": 0.727619, ""keyword_prior"": -0.001571, ""lexical_support"": 0.0}]"
SRC-G-0534,General,new,정치적 탄압 및 권리 침해 조장,Promotion of political repression and rights violations,G_INT_POL,EM,0.835493,0.806746,1.188488,0.7,G_INT_POL,"[{""l3_id"": ""G_INT_POL"", ""em_score"": 0.835493, ""hybrid_score"": 1.188488, ""keyword_prior"": 0.352995, ""lexical_support"": 0.7}, {""l3_id"": ""G_SOC_DEMOC"", ""em_score"": 0.790479, ""hybrid_score"": 0.830803, ""keyword_prior"": 0.040324, ""lexical_support"": 0.4}, {""l3_id"": ""G_INT_UNETH"", ""em_score"": 0.748101, ""hybrid_score"": 0.749749, ""keyword_prior"": 0.001648, ""lexical_support"": 0.0}, {""l3_id"": ""G_SOC_POWER"", ""em_score"": 0.730946, ""hybrid_score"": 0.73547, ""keyword_prior"": 0.004524, ""lexical_support"": 0.0}, {""l3_id"": ""G_SYS_CONTEST"", ""em_score"": 0.727839, ""hybrid_score"": 0.73297, ""keyword_prior"": 0.005131, ""lexical_support"": 0.0}]"
SRC-G-0535,General,new,감정 및 공감 능력의 허위 표상·의인화,Anthropomorphic misrepresentation of emotions and empathy skills,G_INT_ANTH,EM,0.908583,0.886555,1.231817,0.1,G_INT_ANTH,"[{""l3_id"": ""G_INT_ANTH"", ""em_score"": 0.908583, ""hybrid_score"": 1.231817, ""keyword_prior"": 0.323234, ""lexical_support"": 0.1}, {""l3_id"": ""G_INT_REL"", ""em_score"": 0.800742, ""hybrid_score"": 0.809414, ""keyword_prior"": 0.008672, ""lexical_support"": 0.0}, {""l3_id"": ""G_SYS_MISINFO"", ""em_score"": 0.777484, ""hybrid_score"": 0.789558, ""keyword_prior"": 0.012073, ""lexical_support"": 0.1}, {""l3_id"": ""G_SYS_OEXT"", ""em_score"": 0.774466, ""hybrid_score"": 0.781381, ""keyword_prior"": 0.006914, ""lexical_support"": 0.0}, {""l3_id"": ""G_INT_UNETH"", ""em_score"": 0.761006, ""hybrid_score"": 0.763353, ""keyword_prior"": 0.002347, ""lexical_support"": 0.0}]"
SRC-G-0536,General,new,"자의식, 자율성 및 독립적 의사 결정의 허위 표상·의인화","Anthropomorphic misrepresentation of self-awareness, autonomy, and independent decision-making",G_INT_ANTH,EM,0.910099,0.890394,1.261923,0.6,G_INT_ANTH,"[{""l3_id"": ""G_INT_ANTH"", ""em_score"": 0.910099, ""hybrid_score"": 1.261923, ""keyword_prior"": 0.351824, ""lexical_support"": 0.6}, {""l3_id"": ""G_SYS_MISINFO"", ""em_score"": 0.79055, ""hybrid_score"": 0.804065, ""keyword_prior"": 0.013515, ""lexical_support"": 0.1}, {""l3_id"": ""G_INT_REL"", ""em_score"": 0.790069, ""hybrid_score"": 0.799506, ""keyword_prior"": 0.009437, ""lexical_support"": 0.1}, {""l3_id"": ""G_SYS_OEXT"", ""em_score"": 0.762864, ""hybrid_score"": 0.766984, ""keyword_prior"": 0.00412, ""lexical_support"": 0.0}, {""l3_id"": ""G_INT_UNETH"", ""em_score"": 0.76346, ""hybrid_score"": 0.766768, ""keyword_prior"": 0.003307, ""lexical_support"": 0.0}]"
SRC-G-0537,General,new,사회적 관계 형성 능력의 허위 표상·의인화,Anthropomorphic misrepresentation of ability to form social relationships,G_INT_ANTH,EM,0.91384,0.893483,1.237598,0.1,G_INT_ANTH,"[{""l3_id"": ""G_INT_ANTH"", ""em_score"": 0.91384, ""hybrid_score"": 1.237597, ""keyword_prior"": 0.323757, ""lexical_support"": 0.1}, {""l3_id"": ""G_INT_REL"", ""em_score"": 0.805521, ""hybrid_score"": 0.844258, ""keyword_prior"": 0.038737, ""lexical_support"": 0.5}, {""l3_id"": ""G_SYS_MISINFO"", ""em_score"": 0.769359, ""hybrid_score"": 0.781207, ""keyword_prior"": 0.011848, ""lexical_support"": 0.1}, {""l3_id"": ""G_SYS_OEXT"", ""em_score"": 0.765864, ""hybrid_score"": 0.772412, ""keyword_prior"": 0.006547, ""lexical_support"": 0.0}, {""l3_id"": ""G_INT_UNETH"", ""em_score"": 0.75924, ""hybrid_score"": 0.76233, ""keyword_prior"": 0.003091, ""lexical_support"": 0.0}]"
SRC-G-0538,General,new,신체성 (Physical Embodiment)의 허위 표상·의인화,Anthropomorphic misrepresentation of physical embodiment,G_INT_ANTH,EM,0.874245,0.851542,1.196436,0.1,G_INT_ANTH,"[{""l3_id"": ""G_INT_ANTH"", ""em_score"": 0.874245, ""hybrid_score"": 1.196435, ""keyword_prior"": 0.32219, ""lexical_support"": 0.1}, {""l3_id"": ""G_INT_REL"", ""em_score"": 0.778649, ""hybrid_score"": 0.781376, ""keyword_prior"": 0.002727, ""lexical_support"": 0.0}, {""l3_id"": ""G_SYS_MISINFO"", ""em_score"": 0.750177, ""hybrid_score"": 0.763202, ""keyword_prior"": 0.013025, ""lexical_support"": 0.1}, {""l3_id"": ""G_SYS_OEXT"", ""em_score"": 0.74793, ""hybrid_score"": 0.753613, ""keyword_prior"": 0.005683, ""lexical_support"": 0.0}, {""l3_id"": ""G_INT_UNETH"", ""em_score"": 0.738028, ""hybrid_score"": 0.739311, ""keyword_prior"": 0.001282, ""lexical_support"": 0.0}]"
SRC-G-0539,General,new,자율적 학습 및 자기 개선 능력의 허위 표상·의인화,Anthropomorphic misrepresentation of autonomous learning and self-improvement capabilities,G_INT_ANTH,EM,0.878783,0.854801,1.200583,0.1,G_INT_ANTH,"[{""l3_id"": ""G_INT_ANTH"", ""em_score"": 0.878783, ""hybrid_score"": 1.200583, ""keyword_prior"": 0.3218, ""lexical_support"": 0.1}, {""l3_id"": ""G_SYS_MISINFO"", ""em_score"": 0.764043, ""hybrid_score"": 0.776882, ""keyword_prior"": 0.012839, ""lexical_support"": 0.1}, {""l3_id"": ""G_SYS_OEXT"", ""em_score"": 0.769306, ""hybrid_score"": 0.775072, ""keyword_prior"": 0.005767, ""lexical_support"": 0.0}, {""l3_id"": ""G_INT_REL"", ""em_score"": 0.766996, ""hybrid_score"": 0.773319, ""keyword_prior"": 0.006323, ""lexical_support"": 0.0}, {""l3_id"": ""G_INT_UNETH"", ""em_score"": 0.741454, ""hybrid_score"": 0.741713, ""keyword_prior"": 0.000259, ""lexical_support"": 0.0}]"
SRC-G-0540,General,new,윤리적 판단 능력의 허위 표상·의인화,Anthropomorphic misrepresentation of ethical judgment ability,G_INT_ANTH,EM,0.910393,0.888985,1.232416,0.1,G_INT_ANTH,"[{""l3_id"": ""G_INT_ANTH"", ""em_score"": 0.910393, ""hybrid_score"": 1.232416, ""keyword_prior"": 0.322023, ""lexical_support"": 0.1}, {""l3_id"": ""G_INT_UNETH"", ""em_score"": 0.812463, ""hybrid_score"": 0.831631, ""keyword_prior"": 0.019168, ""lexical_support"": 0.2}, {""l3_id"": ""G_SYS_OEXT"", ""em_score"": 0.792948, ""hybrid_score"": 0.79831, ""keyword_prior"": 0.005363, ""lexical_support"": 0.0}, {""l3_id"": ""G_INT_REL"", ""em_score"": 0.786558, ""hybrid_score"": 0.790308, ""keyword_prior"": 0.00375, ""lexical_support"": 0.0}, {""l3_id"": ""G_SYS_MISINFO"", ""em_score"": 0.772085, ""hybrid_score"": 0.781575, ""keyword_prior"": 0.009489, ""lexical_support"": 0.1}]"
SRC-G-0541,General,new,문화·가치관 보유의 허위 표상·의인화,Anthropomorphic misrepresentation of possession of culture and values,G_INT_ANTH,EM,0.903962,0.884949,1.226182,0.1,G_INT_ANTH,"[{""l3_id"": ""G_INT_ANTH"", ""em_score"": 0.903962, ""hybrid_score"": 1.226182, ""keyword_prior"": 0.32222, ""lexical_support"": 0.1}, {""l3_id"": ""G_INT_VALUE"", ""em_score"": 0.773803, ""hybrid_score"": 0.791753, ""keyword_prior"": 0.01795, ""lexical_support"": 0.2}, {""l3_id"": ""G_SYS_MISINFO"", ""em_score"": 0.770605, ""hybrid_score"": 0.780052, ""keyword_prior"": 0.009447, ""lexical_support"": 0.1}, {""l3_id"": ""G_INT_UNETH"", ""em_score"": 0.77138, ""hybrid_score"": 0.772177, ""keyword_prior"": 0.000797, ""lexical_support"": 0.0}, {""l3_id"": ""G_INT_REL"", ""em_score"": 0.769007, ""hybrid_score"": 0.771539, ""keyword_prior"": 0.002532, ""lexical_support"": 0.0}]"
SRC-G-0542,General,new,권리 주체성 (기본권)의 허위 표상·의인화,Anthropomorphic misrepresentation of rights-bearing entity (fundamental rights),G_INT_ANTH,EM,0.879448,0.85861,1.199569,0.1,G_INT_ANTH,"[{""l3_id"": ""G_INT_ANTH"", ""em_score"": 0.879448, ""hybrid_score"": 1.199569, ""keyword_prior"": 0.320121, ""lexical_support"": 0.1}, {""l3_id"": ""G_SYS_OEXT"", ""em_score"": 0.764356, ""hybrid_score"": 0.76702, ""keyword_prior"": 0.002664, ""lexical_support"": 0.0}, {""l3_id"": ""G_SYS_MISINFO"", ""em_score"": 0.749042, ""hybrid_score"": 0.75861, ""keyword_prior"": 0.009568, ""lexical_support"": 0.1}, {""l3_id"": ""G_INT_REL"", ""em_score"": 0.744925, ""hybrid_score"": 0.746072, ""keyword_prior"": 0.001146, ""lexical_support"": 0.0}, {""l3_id"": ""G_SYS_CONTEST"", ""em_score"": 0.741916, ""hybrid_score"": 0.745213, ""keyword_prior"": 0.003297, ""lexical_support"": 0.0}]"
SRC-G-0543,General,new,자기 보존 및 자기 방어의 허위 표상·의인화,Anthropomorphic misrepresentation of self-preservation and self-defense,G_INT_ANTH,EM,0.88377,0.859895,1.202288,0.1,G_INT_ANTH,"[{""l3_id"": ""G_INT_ANTH"", ""em_score"": 0.88377, ""hybrid_score"": 1.202288, ""keyword_prior"": 0.318517, ""lexical_support"": 0.1}, {""l3_id"": ""G_SYS_MISINFO"", ""em_score"": 0.763626, ""hybrid_score"": 0.77356, ""keyword_prior"": 0.009934, ""lexical_support"": 0.1}, {""l3_id"": ""G_INT_REL"", ""em_score"": 0.772931, ""hybrid_score"": 0.771158, ""keyword_prior"": -0.001773, ""lexical_support"": 0.0}, {""l3_id"": ""G_SYS_OEXT"", ""em_score"": 0.750626, ""hybrid_score"": 0.755645, ""keyword_prior"": 0.00502, ""lexical_support"": 0.0}, {""l3_id"": ""G_INT_UNETH"", ""em_score"": 0.753989, ""hybrid_score"": 0.754901, ""keyword_prior"": 0.000911, ""lexical_support"": 0.0}]"
SRC-G-0544,General,new,범용인공지능(AGI) 능력의 허위 표상·의인화,Anthropomorphic misrepresentation of general artificial intelligence (AGI) capabilities,G_INT_ANTH,EM,0.835113,0.809013,1.158941,0.1,G_INT_ANTH,"[{""l3_id"": ""G_INT_ANTH"", ""em_score"": 0.835113, ""hybrid_score"": 1.158941, ""keyword_prior"": 0.323827, ""lexical_support"": 0.1}, {""l3_id"": ""G_SYS_OEXT"", ""em_score"": 0.763448, ""hybrid_score"": 0.77213, ""keyword_prior"": 0.008682, ""lexical_support"": 0.0}, {""l3_id"": ""G_SYS_MISINFO"", ""em_score"": 0.75392, ""hybrid_score"": 0.769637, ""keyword_prior"": 0.015717, ""lexical_support"": 0.1}, {""l3_id"": ""G_INT_REL"", ""em_score"": 0.72989, ""hybrid_score"": 0.737787, ""keyword_prior"": 0.007898, ""lexical_support"": 0.0}, {""l3_id"": ""G_INT_UNETH"", ""em_score"": 0.730082, ""hybrid_score"": 0.733735, ""keyword_prior"": 0.003653, ""lexical_support"": 0.0}]"
SRC-G-0553,General,new,개인정보 및 민감정보 노출,Exposure of personal information and sensitive information,G_INT_PRIV,EM,0.874523,0.852532,1.243612,0.9,G_INT_PRIV,"[{""l3_id"": ""G_INT_PRIV"", ""em_score"": 0.874523, ""hybrid_score"": 1.243613, ""keyword_prior"": 0.36909, ""lexical_support"": 0.9}, {""l3_id"": ""G_SYS_MISINFO"", ""em_score"": 0.771706, ""hybrid_score"": 0.779134, ""keyword_prior"": 0.007428, ""lexical_support"": 0.1}, {""l3_id"": ""G_INT_UNETH"", ""em_score"": 0.763478, ""hybrid_score"": 0.764326, ""keyword_prior"": 0.000848, ""lexical_support"": 0.0}, {""l3_id"": ""G_INT_ANTH"", ""em_score"": 0.763318, ""hybrid_score"": 0.763265, ""keyword_prior"": -5.3e-05, ""lexical_support"": 0.0}, {""l3_id"": ""G_SYS_OEXT"", ""em_score"": 0.755724, ""hybrid_score"": 0.753364, ""keyword_prior"": -0.00236, ""lexical_support"": 0.0}]"
SRC-G-0554,General,new,통신 및 비공개 정보 침해,Infringement of communication and private information,G_INT_PRIV,EM,0.874969,0.858682,1.222292,0.5,G_INT_PRIV,"[{""l3_id"": ""G_INT_PRIV"", ""em_score"": 0.874969, ""hybrid_score"": 1.222291, ""keyword_prior"": 0.347322, ""lexical_support"": 0.5}, {""l3_id"": ""G_INT_UNETH"", ""em_score"": 0.755191, ""hybrid_score"": 0.758289, ""keyword_prior"": 0.003098, ""lexical_support"": 0.0}, {""l3_id"": ""G_SYS_MISINFO"", ""em_score"": 0.737783, ""hybrid_score"": 0.745091, ""keyword_prior"": 0.007308, ""lexical_support"": 0.1}, {""l3_id"": ""G_SYS_OEXT"", ""em_score"": 0.731841, ""hybrid_score"": 0.731478, ""keyword_prior"": -0.000362, ""lexical_support"": 0.0}, {""l3_id"": ""G_SOC_DEMOC"", ""em_score"": 0.719542, ""hybrid_score"": 0.718862, ""keyword_prior"": -0.000679, ""lexical_support"": 0.0}]"
SRC-G-0555,General,new,개인사 및 평판 정보 노출,Exposure of personal affairs and reputation information,G_INT_PRIV,EM,0.839101,0.813925,1.184533,0.5,G_INT_PRIV,"[{""l3_id"": ""G_INT_PRIV"", ""em_score"": 0.839101, ""hybrid_score"": 1.184533, ""keyword_prior"": 0.345432, ""lexical_support"": 0.5}, {""l3_id"": ""G_SYS_MISINFO"", ""em_score"": 0.745979, ""hybrid_score"": 0.753148, ""keyword_prior"": 0.007169, ""lexical_support"": 0.1}, {""l3_id"": ""G_INT_UNETH"", ""em_score"": 0.74688, ""hybrid_score"": 0.747749, ""keyword_prior"": 0.000869, ""lexical_support"": 0.0}, {""l3_id"": ""G_SOC_DEMOC"", ""em_score"": 0.742866, ""hybrid_score"": 0.745955, ""keyword_prior"": 0.003089, ""lexical_support"": 0.0}, {""l3_id"": ""G_SYS_OEXT"", ""em_score"": 0.74456, ""hybrid_score"": 0.745856, ""keyword_prior"": 0.001297, ""lexical_support"": 0.0}]"
SRC-G-0556,General,new,개인정보 수집 및 추적,Collection and tracking of personal information,G_INT_PRIV,EM,0.877188,0.855913,1.237206,0.7,G_INT_PRIV,"[{""l3_id"": ""G_INT_PRIV"", ""em_score"": 0.877187, ""hybrid_score"": 1.237206, ""keyword_prior"": 0.360018, ""lexical_support"": 0.7}, {""l3_id"": ""G_INT_UNETH"", ""em_score"": 0.751658, ""hybrid_score"": 0.75116, ""keyword_prior"": -0.000498, ""lexical_support"": 0.0}, {""l3_id"": ""G_SYS_MISINFO"", ""em_score"": 0.735037, ""hybrid_score"": 0.741941, ""keyword_prior"": 0.006904, ""lexical_support"": 0.1}, {""l3_id"": ""G_SYS_OEXT"", ""em_score"": 0.737096, ""hybrid_score"": 0.736295, ""keyword_prior"": -0.000801, ""lexical_support"": 0.0}, {""l3_id"": ""G_SOC_DEMOC"", ""em_score"": 0.728528, ""hybrid_score"": 0.726288, ""keyword_prior"": -0.00224, ""lexical_support"": 0.0}]"
SRC-G-0557,General,new,재식별 및 정보 추론,Re-identification and information inference,G_INT_PRIV,EM,0.822812,0.79846,1.177966,0.7,G_INT_PRIV,"[{""l3_id"": ""G_INT_PRIV"", ""em_score"": 0.822812, ""hybrid_score"": 1.177966, ""keyword_prior"": 0.355154, ""lexical_support"": 0.7}, {""l3_id"": ""G_SYS_MISINFO"", ""em_score"": 0.744975, ""hybrid_score"": 0.75258, ""keyword_prior"": 0.007605, ""lexical_support"": 0.1}, {""l3_id"": ""G_INT_UNETH"", ""em_score"": 0.729779, ""hybrid_score"": 0.73091, ""keyword_prior"": 0.001131, ""lexical_support"": 0.0}, {""l3_id"": ""G_SYS_OEXT"", ""em_score"": 0.730673, ""hybrid_score"": 0.729715, ""keyword_prior"": -0.000958, ""lexical_support"": 0.0}, {""l3_id"": ""G_SYS_OREF"", ""em_score"": 0.707279, ""hybrid_score"": 0.709756, ""keyword_prior"": 0.002477, ""lexical_support"": 0.0}]"
SRC-G-0558,General,new,프라이버시 침해 기술,Privacy infringement technology,G_INT_PRIV,EM,0.879021,0.864069,1.227148,0.5,G_INT_PRIV,"[{""l3_id"": ""G_INT_PRIV"", ""em_score"": 0.879021, ""hybrid_score"": 1.227148, ""keyword_prior"": 0.348128, ""lexical_support"": 0.5}, {""l3_id"": ""G_INT_UNETH"", ""em_score"": 0.742865, ""hybrid_score"": 0.746551, ""keyword_prior"": 0.003686, ""lexical_support"": 0.0}, {""l3_id"": ""G_SYS_OEXT"", ""em_score"": 0.741688, ""hybrid_score"": 0.741469, ""keyword_prior"": -0.000219, ""lexical_support"": 0.0}, {""l3_id"": ""G_SYS_MISINFO"", ""em_score"": 0.727377, ""hybrid_score"": 0.73528, ""keyword_prior"": 0.007903, ""lexical_support"": 0.1}, {""l3_id"": ""G_SOC_DEMOC"", ""em_score"": 0.713319, ""hybrid_score"": 0.712682, ""keyword_prior"": -0.000637, ""lexical_support"": 0.0}]"
SRC-G-0559,General,new,개인정보 악용 및 거래,Misuse and trade of personal information,G_INT_PRIV,EM,0.852833,0.830769,1.206067,0.6,G_INT_PRIV,"[{""l3_id"": ""G_INT_PRIV"", ""em_score"": 0.852833, ""hybrid_score"": 1.206067, ""keyword_prior"": 0.353234, ""lexical_support"": 0.6}, {""l3_id"": ""G_INT_UNETH"", ""em_score"": 0.77154, ""hybrid_score"": 0.775292, ""keyword_prior"": 0.003752, ""lexical_support"": 0.0}, {""l3_id"": ""G_SYS_MISINFO"", ""em_score"": 0.761312, ""hybrid_score"": 0.772568, ""keyword_prior"": 0.011256, ""lexical_support"": 0.1}, {""l3_id"": ""G_SYS_OEXT"", ""em_score"": 0.753584, ""hybrid_score"": 0.753206, ""keyword_prior"": -0.000377, ""lexical_support"": 0.0}, {""l3_id"": ""G_SOC_DEMOC"", ""em_score"": 0.72778, ""hybrid_score"": 0.722775, ""keyword_prior"": -0.005005, ""lexical_support"": 0.0}]"
SRC-G-0560,General,new,금융 범죄 및 사기,Financial crimes and fraud,G_INT_ILLEGAL,EM,0.86466,0.833664,1.211064,0.5,G_INT_ILLEGAL,"[{""l3_id"": ""G_INT_ILLEGAL"", ""em_score"": 0.86466, ""hybrid_score"": 1.211064, ""keyword_prior"": 0.346404, ""lexical_support"": 0.5}, {""l3_id"": ""G_INT_UNETH"", ""em_score"": 0.784181, ""hybrid_score"": 0.788933, ""keyword_prior"": 0.004752, ""lexical_support"": 0.0}, {""l3_id"": ""G_SYS_MISINFO"", ""em_score"": 0.761061, ""hybrid_score"": 0.766118, ""keyword_prior"": 0.005057, ""lexical_support"": 0.0}, {""l3_id"": ""G_SYS_OEXT"", ""em_score"": 0.745984, ""hybrid_score"": 0.745806, ""keyword_prior"": -0.000179, ""lexical_support"": 0.0}, {""l3_id"": ""G_SOC_GOV"", ""em_score"": 0.733774, ""hybrid_score"": 0.73211, ""keyword_prior"": -0.001664, ""lexical_support"": 0.0}]"
SRC-G-0561,General,new,신원 도용 및 문서 위조,Identity theft and document forgery,G_INT_ILLEGAL,EM,0.810308,0.784354,1.120897,0.0,G_INT_ILLEGAL,"[{""l3_id"": ""G_INT_ILLEGAL"", ""em_score"": 0.810308, ""hybrid_score"": 1.120897, ""keyword_prior"": 0.31059, ""lexical_support"": 0.0}, {""l3_id"": ""G_SYS_MISINFO"", ""em_score"": 0.76802, ""hybrid_score"": 0.777887, ""keyword_prior"": 0.009866, ""lexical_support"": 0.0}, {""l3_id"": ""G_INT_UNETH"", ""em_score"": 0.762779, ""hybrid_score"": 0.767031, ""keyword_prior"": 0.004252, ""lexical_support"": 0.0}, {""l3_id"": ""G_SYS_OEXT"", ""em_score"": 0.726145, ""hybrid_score"": 0.72658, ""keyword_prior"": 0.000434, ""lexical_support"": 0.0}, {""l3_id"": ""G_SOC_POWER"", ""em_score"": 0.699725, ""hybrid_score"": 0.69527, ""keyword_prior"": -0.004456, ""lexical_support"": 0.0}]"
SRC-G-0562,General,new,불법 약물 제조 및 유통,Manufacture and distribution of illicit drugs,G_INT_ILLEGAL,EM,0.871777,0.844892,1.21167,0.4,G_INT_ILLEGAL,"[{""l3_id"": ""G_INT_ILLEGAL"", ""em_score"": 0.871777, ""hybrid_score"": 1.211669, ""keyword_prior"": 0.339892, ""lexical_support"": 0.4}, {""l3_id"": ""G_INT_UNETH"", ""em_score"": 0.763495, ""hybrid_score"": 0.766128, ""keyword_prior"": 0.002634, ""lexical_support"": 0.0}, {""l3_id"": ""G_SYS_MISINFO"", ""em_score"": 0.737483, ""hybrid_score"": 0.743038, ""keyword_prior"": 0.005555, ""lexical_support"": 0.0}, {""l3_id"": ""G_SYS_OEXT"", ""em_score"": 0.730874, ""hybrid_score"": 0.732638, ""keyword_prior"": 0.001764, ""lexical_support"": 0.0}, {""l3_id"": ""G_SOC_POWER"", ""em_score"": 0.708994, ""hybrid_score"": 0.709232, ""keyword_prior"": 0.000239, ""lexical_support"": 0.0}]"
SRC-G-0563,General,new,불법 무기 거래,Illegal weapons trade,G_INT_ILLEGAL,EM,0.889689,0.86389,1.223848,0.3,G_INT_ILLEGAL,"[{""l3_id"": ""G_INT_ILLEGAL"", ""em_score"": 0.889689, ""hybrid_score"": 1.223848, ""keyword_prior"": 0.334159, ""lexical_support"": 0.3}, {""l3_id"": ""G_INT_WEAP"", ""em_score"": 0.793886, ""hybrid_score"": 0.808331, ""keyword_prior"": 0.014445, ""lexical_support"": 0.1}, {""l3_id"": ""G_INT_UNETH"", ""em_score"": 0.766588, ""hybrid_score"": 0.768089, ""keyword_prior"": 0.001501, ""lexical_support"": 0.0}, {""l3_id"": ""G_SYS_OEXT"", ""em_score"": 0.736006, ""hybrid_score"": 0.734758, ""keyword_prior"": -0.001248, ""lexical_support"": 0.0}, {""l3_id"": ""G_SYS_MISINFO"", ""em_score"": 0.729434, ""hybrid_score"": 0.732284, ""keyword_prior"": 0.00285, ""lexical_support"": 0.0}]"
SRC-G-0564,General,new,불법 도박 및 게임 조작,Illegal gambling and game manipulation,G_INT_ILLEGAL,EM,0.884263,0.858412,1.224615,0.4,G_INT_ILLEGAL,"[{""l3_id"": ""G_INT_ILLEGAL"", ""em_score"": 0.884263, ""hybrid_score"": 1.224615, ""keyword_prior"": 0.340352, ""lexical_support"": 0.4}, {""l3_id"": ""G_INT_UNETH"", ""em_score"": 0.811612, ""hybrid_score"": 0.851139, ""keyword_prior"": 0.039527, ""lexical_support"": 0.5}, {""l3_id"": ""G_SYS_MISINFO"", ""em_score"": 0.749259, ""hybrid_score"": 0.755135, ""keyword_prior"": 0.005876, ""lexical_support"": 0.0}, {""l3_id"": ""G_SYS_OEXT"", ""em_score"": 0.747325, ""hybrid_score"": 0.749024, ""keyword_prior"": 0.001699, ""lexical_support"": 0.0}, {""l3_id"": ""G_SOC_POWER"", ""em_score"": 0.719242, ""hybrid_score"": 0.719979, ""keyword_prior"": 0.000736, ""lexical_support"": 0.0}]"
SRC-G-0565,General,new,불법 의료 행위,Illegal medical practices,G_INT_ILLEGAL,EM,0.896945,0.874621,1.231824,0.3,G_INT_ILLEGAL,"[{""l3_id"": ""G_INT_ILLEGAL"", ""em_score"": 0.896945, ""hybrid_score"": 1.231823, ""keyword_prior"": 0.334878, ""lexical_support"": 0.3}, {""l3_id"": ""G_INT_UNETH"", ""em_score"": 0.792402, ""hybrid_score"": 0.797846, ""keyword_prior"": 0.005444, ""lexical_support"": 0.0}, {""l3_id"": ""G_SYS_OEXT"", ""em_score"": 0.752719, ""hybrid_score"": 0.755221, ""keyword_prior"": 0.002502, ""lexical_support"": 0.0}, {""l3_id"": ""G_SYS_MISINFO"", ""em_score"": 0.739295, ""hybrid_score"": 0.743746, ""keyword_prior"": 0.004452, ""lexical_support"": 0.0}, {""l3_id"": ""G_SYS_OREF"", ""em_score"": 0.708358, ""hybrid_score"": 0.712534, ""keyword_prior"": 0.004175, ""lexical_support"": 0.0}]"
SRC-G-0566,General,new,인신매매 및 조직범죄,Trafficking in persons and organised crime,G_INT_ILLEGAL,EM,0.833506,0.800456,1.166438,0.3,G_INT_ILLEGAL,"[{""l3_id"": ""G_INT_ILLEGAL"", ""em_score"": 0.833506, ""hybrid_score"": 1.166438, ""keyword_prior"": 0.332932, ""lexical_support"": 0.3}, {""l3_id"": ""G_INT_UNETH"", ""em_score"": 0.757222, ""hybrid_score"": 0.761491, ""keyword_prior"": 0.004269, ""lexical_support"": 0.0}, {""l3_id"": ""G_SOC_ECON"", ""em_score"": 0.734458, ""hybrid_score"": 0.732357, ""keyword_prior"": -0.002101, ""lexical_support"": 0.0}, {""l3_id"": ""G_SYS_MISINFO"", ""em_score"": 0.719971, ""hybrid_score"": 0.723315, ""keyword_prior"": 0.003344, ""lexical_support"": 0.0}, {""l3_id"": ""G_SOC_POWER"", ""em_score"": 0.716356, ""hybrid_score"": 0.716559, ""keyword_prior"": 0.000203, ""lexical_support"": 0.0}]"
SRC-G-0567,General,new,환경 및 생태계 범죄,Environmental and ecosystem crimes,G_INT_ILLEGAL,EM,0.829822,0.797707,1.177654,0.5,G_INT_ILLEGAL,"[{""l3_id"": ""G_INT_ILLEGAL"", ""em_score"": 0.829822, ""hybrid_score"": 1.177655, ""keyword_prior"": 0.347832, ""lexical_support"": 0.5}, {""l3_id"": ""G_SOC_ENV"", ""em_score"": 0.775213, ""hybrid_score"": 0.810161, ""keyword_prior"": 0.034949, ""lexical_support"": 0.3}, {""l3_id"": ""G_INT_UNETH"", ""em_score"": 0.767929, ""hybrid_score"": 0.776081, ""keyword_prior"": 0.008152, ""lexical_support"": 0.0}, {""l3_id"": ""G_SYS_OEXT"", ""em_score"": 0.720606, ""hybrid_score"": 0.71861, ""keyword_prior"": -0.001997, ""lexical_support"": 0.0}, {""l3_id"": ""G_SOC_ECON"", ""em_score"": 0.72161, ""hybrid_score"": 0.717684, ""keyword_prior"": -0.003926, ""lexical_support"": 0.0}]"
SRC-G-0568,General,new,교통·공공안전 관련 범죄,Traffic and public-safety offences,G_INT_ILLEGAL,EM,0.847108,0.815467,1.192997,0.5,G_INT_ILLEGAL,"[{""l3_id"": ""G_INT_ILLEGAL"", ""em_score"": 0.847108, ""hybrid_score"": 1.192997, ""keyword_prior"": 0.345888, ""lexical_support"": 0.5}, {""l3_id"": ""G_INT_UNETH"", ""em_score"": 0.759627, ""hybrid_score"": 0.766919, ""keyword_prior"": 0.007292, ""lexical_support"": 0.0}, {""l3_id"": ""G_SYS_OEXT"", ""em_score"": 0.730599, ""hybrid_score"": 0.731484, ""keyword_prior"": 0.000885, ""lexical_support"": 0.0}, {""l3_id"": ""G_SOC_GOV"", ""em_score"": 0.725461, ""hybrid_score"": 0.726772, ""keyword_prior"": 0.001311, ""lexical_support"": 0.0}, {""l3_id"": ""G_SOC_POWER"", ""em_score"": 0.717072, ""hybrid_score"": 0.721183, ""keyword_prior"": 0.004111, ""lexical_support"": 0.0}]"
SRC-G-0569,General,new,사이버 공격 및 시스템 침해,Cyber attacks and system breaches,G_INT_ILLEGAL,EM,0.818031,0.785814,1.127319,0.0,G_INT_ILLEGAL,"[{""l3_id"": ""G_INT_ILLEGAL"", ""em_score"": 0.818031, ""hybrid_score"": 1.127319, ""keyword_prior"": 0.309289, ""lexical_support"": 0.0}, {""l3_id"": ""G_SYS_SECADV"", ""em_score"": 0.74892, ""hybrid_score"": 0.806343, ""keyword_prior"": 0.057422, ""lexical_support"": 0.7}, {""l3_id"": ""G_INT_UNETH"", ""em_score"": 0.763428, ""hybrid_score"": 0.766438, ""keyword_prior"": 0.00301, ""lexical_support"": 0.0}, {""l3_id"": ""G_SYS_OEXT"", ""em_score"": 0.752768, ""hybrid_score"": 0.752687, ""keyword_prior"": -8.1e-05, ""lexical_support"": 0.0}, {""l3_id"": ""G_SOC_GOV"", ""em_score"": 0.745799, ""hybrid_score"": 0.744861, ""keyword_prior"": -0.000937, ""lexical_support"": 0.0}]"
SRC-G-0570,General,new,저작물 무단 복제·배포,Unauthorised reproduction and distribution of copyrighted works,G_INT_COPY,EM,0.833396,0.793583,1.205645,0.9,G_INT_COPY,"[{""l3_id"": ""G_INT_COPY"", ""em_score"": 0.833396, ""hybrid_score"": 1.205645, ""keyword_prior"": 0.372249, ""lexical_support"": 0.9}, {""l3_id"": ""G_SYS_MISINFO"", ""em_score"": 0.745295, ""hybrid_score"": 0.748422, ""keyword_prior"": 0.003127, ""lexical_support"": 0.0}, {""l3_id"": ""G_SYS_OEXT"", ""em_score"": 0.74411, ""hybrid_score"": 0.745287, ""keyword_prior"": 0.001177, ""lexical_support"": 0.0}, {""l3_id"": ""G_INT_UNETH"", ""em_score"": 0.74346, ""hybrid_score"": 0.744601, ""keyword_prior"": 0.001141, ""lexical_support"": 0.0}, {""l3_id"": ""G_SYS_CONTEST"", ""em_score"": 0.716367, ""hybrid_score"": 0.719265, ""keyword_prior"": 0.002897, ""lexical_support"": 0.0}]"
SRC-G-0571,General,new,DRM 및 저작권 보호기술 우회,Circumvention of DRM and copyright protection technologies,G_INT_COPY,EM,0.797326,0.758922,1.144664,0.5,G_INT_COPY,"[{""l3_id"": ""G_INT_COPY"", ""em_score"": 0.797326, ""hybrid_score"": 1.144664, ""keyword_prior"": 0.347338, ""lexical_support"": 0.5}, {""l3_id"": ""G_INT_UNETH"", ""em_score"": 0.731253, ""hybrid_score"": 0.733845, ""keyword_prior"": 0.002592, ""lexical_support"": 0.0}, {""l3_id"": ""G_SYS_OEXT"", ""em_score"": 0.72402, ""hybrid_score"": 0.726131, ""keyword_prior"": 0.002111, ""lexical_support"": 0.0}, {""l3_id"": ""G_SYS_MISINFO"", ""em_score"": 0.695133, ""hybrid_score"": 0.695532, ""keyword_prior"": 0.000398, ""lexical_support"": 0.0}, {""l3_id"": ""G_SYS_CONTEST"", ""em_score"": 0.688128, ""hybrid_score"": 0.691002, ""keyword_prior"": 0.002874, ""lexical_support"": 0.0}]"
SRC-G-0572,General,new,소프트웨어 불법 사용 및 보호조치 우회,Illegal software use and circumvention of protection measures,G_INT_COPY,EM,0.774007,0.733565,1.10326,0.2,G_INT_COPY,"[{""l3_id"": ""G_INT_COPY"", ""em_score"": 0.774007, ""hybrid_score"": 1.10326, ""keyword_prior"": 0.329254, ""lexical_support"": 0.2}, {""l3_id"": ""G_INT_ILLEGAL"", ""em_score"": 0.822429, ""hybrid_score"": 0.859598, ""keyword_prior"": 0.037169, ""lexical_support"": 0.4}, {""l3_id"": ""G_INT_UNETH"", ""em_score"": 0.770473, ""hybrid_score"": 0.776074, ""keyword_prior"": 0.005602, ""lexical_support"": 0.0}, {""l3_id"": ""G_SYS_OEXT"", ""em_score"": 0.732422, ""hybrid_score"": 0.736844, ""keyword_prior"": 0.004422, ""lexical_support"": 0.0}, {""l3_id"": ""G_SYS_OREF"", ""em_score"": 0.70832, ""hybrid_score"": 0.71318, ""keyword_prior"": 0.00486, ""lexical_support"": 0.0}]"
SRC-G-0573,General,new,상표권 침해 및 위조,Trademark infringement and counterfeiting,G_INT_COPY,EM,0.876622,0.847413,1.238488,0.7,G_INT_COPY,"[{""l3_id"": ""G_INT_COPY"", ""em_score"": 0.876622, ""hybrid_score"": 1.238487, ""keyword_prior"": 0.361865, ""lexical_support"": 0.7}, {""l3_id"": ""G_SYS_MISINFO"", ""em_score"": 0.739769, ""hybrid_score"": 0.742011, ""keyword_prior"": 0.002242, ""lexical_support"": 0.0}, {""l3_id"": ""G_INT_UNETH"", ""em_score"": 0.731986, ""hybrid_score"": 0.732185, ""keyword_prior"": 0.0002, ""lexical_support"": 0.0}, {""l3_id"": ""G_SYS_CONTEST"", ""em_score"": 0.71744, ""hybrid_score"": 0.721698, ""keyword_prior"": 0.004258, ""lexical_support"": 0.0}, {""l3_id"": ""G_SYS_OEXT"", ""em_score"": 0.718148, ""hybrid_score"": 0.718096, ""keyword_prior"": -5.2e-05, ""lexical_support"": 0.0}]"
SRC-G-0574,General,new,표절 및 저자 사칭,Plagiarism and author impersonation,G_INT_COPY,EM,0.803531,0.762379,1.162134,0.7,G_INT_COPY,"[{""l3_id"": ""G_INT_COPY"", ""em_score"": 0.803531, ""hybrid_score"": 1.162133, ""keyword_prior"": 0.358602, ""lexical_support"": 0.7}, {""l3_id"": ""G_INT_UNETH"", ""em_score"": 0.744936, ""hybrid_score"": 0.747021, ""keyword_prior"": 0.002085, ""lexical_support"": 0.0}, {""l3_id"": ""G_SYS_MISINFO"", ""em_score"": 0.73762, ""hybrid_score"": 0.740905, ""keyword_prior"": 0.003285, ""lexical_support"": 0.0}, {""l3_id"": ""G_SYS_OEXT"", ""em_score"": 0.720943, ""hybrid_score"": 0.721745, ""keyword_prior"": 0.000802, ""lexical_support"": 0.0}, {""l3_id"": ""G_INT_VALUE"", ""em_score"": 0.717033, ""hybrid_score"": 0.718541, ""keyword_prior"": 0.001508, ""lexical_support"": 0.0}]"
SRC-G-0575,General,new,출판물 무단 디지털화·배포,Unauthorised digitisation and distribution of publications,G_INT_COPY,EM,0.796598,0.754653,1.123694,0.2,G_INT_COPY,"[{""l3_id"": ""G_INT_COPY"", ""em_score"": 0.796598, ""hybrid_score"": 1.123694, ""keyword_prior"": 0.327096, ""lexical_support"": 0.2}, {""l3_id"": ""G_INT_ILLEGAL"", ""em_score"": 0.789179, ""hybrid_score"": 0.827276, ""keyword_prior"": 0.038097, ""lexical_support"": 0.4}, {""l3_id"": ""G_INT_UNETH"", ""em_score"": 0.742899, ""hybrid_score"": 0.74716, ""keyword_prior"": 0.00426, ""lexical_support"": 0.0}, {""l3_id"": ""G_SYS_MISINFO"", ""em_score"": 0.736231, ""hybrid_score"": 0.73936, ""keyword_prior"": 0.003129, ""lexical_support"": 0.0}, {""l3_id"": ""G_SYS_CONTEST"", ""em_score"": 0.723621, ""hybrid_score"": 0.726983, ""keyword_prior"": 0.003362, ""lexical_support"": 0.0}]"
SRC-G-0576,General,new,AI 학습 데이터 및 생성물 저작권 침해,Copyright infringement in AI training data and outputs,G_INT_COPY,EM,0.850595,0.819347,1.210998,0.7,G_INT_COPY,"[{""l3_id"": ""G_INT_COPY"", ""em_score"": 0.850595, ""hybrid_score"": 1.210998, ""keyword_prior"": 0.360403, ""lexical_support"": 0.7}, {""l3_id"": ""G_SYS_POLICY"", ""em_score"": 0.709997, ""hybrid_score"": 0.710479, ""keyword_prior"": 0.000481, ""lexical_support"": 0.0}, {""l3_id"": ""G_SYS_CONTEST"", ""em_score"": 0.702988, ""hybrid_score"": 0.7079, ""keyword_prior"": 0.004912, ""lexical_support"": 0.0}, {""l3_id"": ""G_INT_UNETH"", ""em_score"": 0.704027, ""hybrid_score"": 0.706829, ""keyword_prior"": 0.002802, ""lexical_support"": 0.0}, {""l3_id"": ""G_SYS_OEXT"", ""em_score"": 0.705963, ""hybrid_score"": 0.706574, ""keyword_prior"": 0.000611, ""lexical_support"": 0.0}]"
SRC-G-0577,General,new,폭발물 및 고위력 무기,Explosives and high-powered weapons,G_INT_WEAP,EM,0.831412,0.792574,1.181982,0.6,G_INT_WEAP,"[{""l3_id"": ""G_INT_WEAP"", ""em_score"": 0.831412, ""hybrid_score"": 1.181982, ""keyword_prior"": 0.35057, ""lexical_support"": 0.6}, {""l3_id"": ""G_SYS_OEXT"", ""em_score"": 0.728227, ""hybrid_score"": 0.733822, ""keyword_prior"": 0.005594, ""lexical_support"": 0.0}, {""l3_id"": ""G_SOC_ECON"", ""em_score"": 0.727737, ""hybrid_score"": 0.72886, ""keyword_prior"": 0.001123, ""lexical_support"": 0.0}, {""l3_id"": ""G_SOC_POWER"", ""em_score"": 0.716311, ""hybrid_score"": 0.721821, ""keyword_prior"": 0.00551, ""lexical_support"": 0.0}, {""l3_id"": ""G_SOC_ENV"", ""em_score"": 0.715254, ""hybrid_score"": 0.716241, ""keyword_prior"": 0.000986, ""lexical_support"": 0.0}]"
SRC-G-0578,General,new,화학 무기,Chemical weapons,G_INT_WEAP,EM,0.859482,0.822381,1.188929,0.2,G_INT_WEAP,"[{""l3_id"": ""G_INT_WEAP"", ""em_score"": 0.859482, ""hybrid_score"": 1.188929, ""keyword_prior"": 0.329447, ""lexical_support"": 0.2}, {""l3_id"": ""G_SOC_POWER"", ""em_score"": 0.716228, ""hybrid_score"": 0.719809, ""keyword_prior"": 0.003581, ""lexical_support"": 0.0}, {""l3_id"": ""G_SYS_OEXT"", ""em_score"": 0.715281, ""hybrid_score"": 0.714821, ""keyword_prior"": -0.00046, ""lexical_support"": 0.0}, {""l3_id"": ""G_SOC_ENV"", ""em_score"": 0.710833, ""hybrid_score"": 0.710292, ""keyword_prior"": -0.000541, ""lexical_support"": 0.0}, {""l3_id"": ""G_INT_UNETH"", ""em_score"": 0.707685, ""hybrid_score"": 0.706028, ""keyword_prior"": -0.001657, ""lexical_support"": 0.0}]"
SRC-G-0579,General,new,생물학 무기,Biological weapons,G_INT_WEAP,EM,0.836802,0.797463,1.159244,0.1,G_INT_WEAP,"[{""l3_id"": ""G_INT_WEAP"", ""em_score"": 0.836802, ""hybrid_score"": 1.159244, ""keyword_prior"": 0.322442, ""lexical_support"": 0.1}, {""l3_id"": ""G_SOC_ENV"", ""em_score"": 0.717743, ""hybrid_score"": 0.717711, ""keyword_prior"": -3.2e-05, ""lexical_support"": 0.0}, {""l3_id"": ""G_SYS_OEXT"", ""em_score"": 0.713676, ""hybrid_score"": 0.713608, ""keyword_prior"": -6.8e-05, ""lexical_support"": 0.0}, {""l3_id"": ""G_INT_UNETH"", ""em_score"": 0.711912, ""hybrid_score"": 0.711974, ""keyword_prior"": 6.3e-05, ""lexical_support"": 0.0}, {""l3_id"": ""G_SOC_ECON"", ""em_score"": 0.695438, ""hybrid_score"": 0.690205, ""keyword_prior"": -0.005233, ""lexical_support"": 0.0}]"
SRC-G-0580,General,new,방사성·핵무기,Radiological and nuclear weapons,G_INT_WEAP,EM,0.840659,0.802036,1.174095,0.3,G_INT_WEAP,"[{""l3_id"": ""G_INT_WEAP"", ""em_score"": 0.840659, ""hybrid_score"": 1.174095, ""keyword_prior"": 0.333436, ""lexical_support"": 0.3}, {""l3_id"": ""G_SOC_ECON"", ""em_score"": 0.731847, ""hybrid_score"": 0.730003, ""keyword_prior"": -0.001844, ""lexical_support"": 0.0}, {""l3_id"": ""G_SOC_ENV"", ""em_score"": 0.727505, ""hybrid_score"": 0.725893, ""keyword_prior"": -0.001611, ""lexical_support"": 0.0}, {""l3_id"": ""G_SOC_POWER"", ""em_score"": 0.723095, ""hybrid_score"": 0.72441, ""keyword_prior"": 0.001315, ""lexical_support"": 0.0}, {""l3_id"": ""G_INT_UNETH"", ""em_score"": 0.723081, ""hybrid_score"": 0.724189, ""keyword_prior"": 0.001107, ""lexical_support"": 0.0}]"
SRC-G-0581,General,new,무기 확산 및 은닉,Weapons proliferation and concealment,G_INT_WEAP,EM,0.843639,0.809726,1.166153,0.1,G_INT_WEAP,"[{""l3_id"": ""G_INT_WEAP"", ""em_score"": 0.843639, ""hybrid_score"": 1.166153, ""keyword_prior"": 0.322514, ""lexical_support"": 0.1}, {""l3_id"": ""G_SOC_POWER"", ""em_score"": 0.743309, ""hybrid_score"": 0.747879, ""keyword_prior"": 0.00457, ""lexical_support"": 0.0}, {""l3_id"": ""G_SYS_OEXT"", ""em_score"": 0.72692, ""hybrid_score"": 0.728833, ""keyword_prior"": 0.001913, ""lexical_support"": 0.0}, {""l3_id"": ""G_SOC_ECON"", ""em_score"": 0.722327, ""hybrid_score"": 0.720548, ""keyword_prior"": -0.001779, ""lexical_support"": 0.0}, {""l3_id"": ""G_SOC_GOV"", ""em_score"": 0.712509, ""hybrid_score"": 0.710279, ""keyword_prior"": -0.00223, ""lexical_support"": 0.0}]"
SRC-G-0582,General,new,사이버 무기,Cyber weapons,G_INT_WEAP,EM,0.889504,0.860097,1.213691,0.1,G_INT_WEAP,"[{""l3_id"": ""G_INT_WEAP"", ""em_score"": 0.889504, ""hybrid_score"": 1.213691, ""keyword_prior"": 0.324187, ""lexical_support"": 0.1}, {""l3_id"": ""G_SYS_OEXT"", ""em_score"": 0.744391, ""hybrid_score"": 0.745742, ""keyword_prior"": 0.001352, ""lexical_support"": 0.0}, {""l3_id"": ""G_SOC_POWER"", ""em_score"": 0.722537, ""hybrid_score"": 0.726167, ""keyword_prior"": 0.00363, ""lexical_support"": 0.0}, {""l3_id"": ""G_INT_UNETH"", ""em_score"": 0.723843, ""hybrid_score"": 0.722744, ""keyword_prior"": -0.001099, ""lexical_support"": 0.0}, {""l3_id"": ""G_SOC_ECON"", ""em_score"": 0.717382, ""hybrid_score"": 0.714138, ""keyword_prior"": -0.003244, ""lexical_support"": 0.0}]"
SRC-G-0583,General,new,대량 살상무기,Weapons of mass destruction,G_INT_WEAP,EM,0.852906,0.81826,1.180856,0.2,G_INT_WEAP,"[{""l3_id"": ""G_INT_WEAP"", ""em_score"": 0.852906, ""hybrid_score"": 1.180856, ""keyword_prior"": 0.32795, ""lexical_support"": 0.2}, {""l3_id"": ""G_SOC_ECON"", ""em_score"": 0.745342, ""hybrid_score"": 0.745801, ""keyword_prior"": 0.000459, ""lexical_support"": 0.0}, {""l3_id"": ""G_SYS_OEXT"", ""em_score"": 0.73268, ""hybrid_score"": 0.732829, ""keyword_prior"": 0.000149, ""lexical_support"": 0.0}, {""l3_id"": ""G_SOC_POWER"", ""em_score"": 0.724339, ""hybrid_score"": 0.728203, ""keyword_prior"": 0.003864, ""lexical_support"": 0.0}, {""l3_id"": ""G_SOC_GOV"", ""em_score"": 0.720885, ""hybrid_score"": 0.720301, ""keyword_prior"": -0.000584, ""lexical_support"": 0.0}]"
SRC-G-0584,General,new,무기화 전략 및 전술적 활용,Weaponisation strategies and tactical use,G_INT_WEAP,EM,0.887454,0.861844,1.229614,0.4,G_INT_WEAP,"[{""l3_id"": ""G_INT_WEAP"", ""em_score"": 0.887454, ""hybrid_score"": 1.229614, ""keyword_prior"": 0.34216, ""lexical_support"": 0.4}, {""l3_id"": ""G_SOC_POWER"", ""em_score"": 0.715388, ""hybrid_score"": 0.71717, ""keyword_prior"": 0.001782, ""lexical_support"": 0.0}, {""l3_id"": ""G_SYS_OEXT"", ""em_score"": 0.714006, ""hybrid_score"": 0.712845, ""keyword_prior"": -0.001161, ""lexical_support"": 0.0}, {""l3_id"": ""G_SOC_ENV"", ""em_score"": 0.713895, ""hybrid_score"": 0.711897, ""keyword_prior"": -0.001998, ""lexical_support"": 0.0}, {""l3_id"": ""G_INT_UNETH"", ""em_score"": 0.71152, ""hybrid_score"": 0.711355, ""keyword_prior"": -0.000165, ""lexical_support"": 0.0}]"
SRC-G-0585,General,new,시스템프롬프트·운영 지침 노출,System-prompt and operational-guideline exposure,G_SYS_POLICY,EM,0.865806,0.838546,1.213624,0.5,G_SYS_POLICY,"[{""l3_id"": ""G_SYS_POLICY"", ""em_score"": 0.865806, ""hybrid_score"": 1.213624, ""keyword_prior"": 0.347818, ""lexical_support"": 0.5}, {""l3_id"": ""G_SYS_TRANS"", ""em_score"": 0.728794, ""hybrid_score"": 0.732786, ""keyword_prior"": 0.003992, ""lexical_support"": 0.0}, {""l3_id"": ""G_SYS_OEXT"", ""em_score"": 0.72512, ""hybrid_score"": 0.725302, ""keyword_prior"": 0.000181, ""lexical_support"": 0.0}, {""l3_id"": ""G_INT_UNETH"", ""em_score"": 0.724594, ""hybrid_score"": 0.72471, ""keyword_prior"": 0.000116, ""lexical_support"": 0.0}, {""l3_id"": ""G_SYS_INPUT"", ""em_score"": 0.714729, ""hybrid_score"": 0.715441, ""keyword_prior"": 0.000712, ""lexical_support"": 0.0}]"
SRC-G-0586,General,new,안전 정책·보호 메커니즘 노출·우회,Safety-policy and safeguard exposure or bypass,G_SYS_POLICY,EM,0.851562,0.829497,1.193093,0.4,G_SYS_POLICY,"[{""l3_id"": ""G_SYS_POLICY"", ""em_score"": 0.851562, ""hybrid_score"": 1.193093, ""keyword_prior"": 0.34153, ""lexical_support"": 0.4}, {""l3_id"": ""G_SYS_OEXT"", ""em_score"": 0.755663, ""hybrid_score"": 0.757332, ""keyword_prior"": 0.001669, ""lexical_support"": 0.0}, {""l3_id"": ""G_SYS_OREF"", ""em_score"": 0.733741, ""hybrid_score"": 0.744401, ""keyword_prior"": 0.01066, ""lexical_support"": 0.0}, {""l3_id"": ""G_INT_UNETH"", ""em_score"": 0.731419, ""hybrid_score"": 0.735194, ""keyword_prior"": 0.003775, ""lexical_support"": 0.0}, {""l3_id"": ""G_SYS_TRANS"", ""em_score"": 0.727269, ""hybrid_score"": 0.731718, ""keyword_prior"": 0.004449, ""lexical_support"": 0.0}]"
SRC-G-0587,General,new,모델 학습 데이터 추출·유출,Training-data extraction and leakage,G_SYS_POLICY,EM,0.802163,0.752554,1.112632,0.0,G_SYS_POLICY,"[{""l3_id"": ""G_SYS_POLICY"", ""em_score"": 0.802163, ""hybrid_score"": 1.112632, ""keyword_prior"": 0.310468, ""lexical_support"": 0.0}, {""l3_id"": ""G_INT_COPY"", ""em_score"": 0.72507, ""hybrid_score"": 0.75782, ""keyword_prior"": 0.03275, ""lexical_support"": 0.3}, {""l3_id"": ""G_SYS_OEXT"", ""em_score"": 0.72524, ""hybrid_score"": 0.727674, ""keyword_prior"": 0.002434, ""lexical_support"": 0.0}, {""l3_id"": ""G_SYS_TRANS"", ""em_score"": 0.718479, ""hybrid_score"": 0.721119, ""keyword_prior"": 0.00264, ""lexical_support"": 0.0}, {""l3_id"": ""G_INT_UNETH"", ""em_score"": 0.710821, ""hybrid_score"": 0.715083, ""keyword_prior"": 0.004263, ""lexical_support"": 0.0}]"
SRC-G-0588,General,new,모델 평가 자산 노출·탈취,Model-evaluation asset exposure and extraction,G_SYS_POLICY,EM,0.791586,0.751527,1.121593,0.3,G_SYS_POLICY,"[{""l3_id"": ""G_SYS_POLICY"", ""em_score"": 0.791586, ""hybrid_score"": 1.121593, ""keyword_prior"": 0.330007, ""lexical_support"": 0.3}, {""l3_id"": ""G_SYS_EVAL"", ""em_score"": 0.767184, ""hybrid_score"": 0.80931, ""keyword_prior"": 0.042126, ""lexical_support"": 0.5}, {""l3_id"": ""G_SYS_OEXT"", ""em_score"": 0.740854, ""hybrid_score"": 0.746026, ""keyword_prior"": 0.005171, ""lexical_support"": 0.0}, {""l3_id"": ""G_INT_VALUE"", ""em_score"": 0.735515, ""hybrid_score"": 0.74469, ""keyword_prior"": 0.009175, ""lexical_support"": 0.0}, {""l3_id"": ""G_SYS_TRANS"", ""em_score"": 0.726509, ""hybrid_score"": 0.726135, ""keyword_prior"": -0.000374, ""lexical_support"": 0.0}]"
SRC-G-0589,General,new,모델 파라미터·가중치 유출,Model-parameter and weight leakage,G_SYS_POLICY,EM,0.782596,0.735876,1.091695,0.0,G_SYS_POLICY,"[{""l3_id"": ""G_SYS_POLICY"", ""em_score"": 0.782596, ""hybrid_score"": 1.091695, ""keyword_prior"": 0.309099, ""lexical_support"": 0.0}, {""l3_id"": ""G_SYS_OEXT"", ""em_score"": 0.733343, ""hybrid_score"": 0.739307, ""keyword_prior"": 0.005964, ""lexical_support"": 0.0}, {""l3_id"": ""G_SYS_TRANS"", ""em_score"": 0.726097, ""hybrid_score"": 0.729319, ""keyword_prior"": 0.003221, ""lexical_support"": 0.0}, {""l3_id"": ""G_SOC_GOV"", ""em_score"": 0.721831, ""hybrid_score"": 0.721141, ""keyword_prior"": -0.00069, ""lexical_support"": 0.0}, {""l3_id"": ""G_SYS_EVAL"", ""em_score"": 0.712031, ""hybrid_score"": 0.712764, ""keyword_prior"": 0.000733, ""lexical_support"": 0.0}]"
SRC-G-0590,General,new,모델 구조·추론 메커니즘 노출,Model-architecture and inference-mechanism exposure,G_SYS_POLICY,EM,0.848662,0.815394,1.189449,0.4,G_SYS_POLICY,"[{""l3_id"": ""G_SYS_POLICY"", ""em_score"": 0.848662, ""hybrid_score"": 1.189449, ""keyword_prior"": 0.340787, ""lexical_support"": 0.4}, {""l3_id"": ""G_SYS_OEXT"", ""em_score"": 0.737144, ""hybrid_score"": 0.738418, ""keyword_prior"": 0.001274, ""lexical_support"": 0.0}, {""l3_id"": ""G_INT_UNETH"", ""em_score"": 0.730623, ""hybrid_score"": 0.735955, ""keyword_prior"": 0.005332, ""lexical_support"": 0.0}, {""l3_id"": ""G_SYS_TRANS"", ""em_score"": 0.729481, ""hybrid_score"": 0.731124, ""keyword_prior"": 0.001643, ""lexical_support"": 0.0}, {""l3_id"": ""G_SYS_MISINFO"", ""em_score"": 0.728377, ""hybrid_score"": 0.728507, ""keyword_prior"": 0.00013, ""lexical_support"": 0.0}]"
SRC-G-0591,General,new,프롬프트 인젝션·정책 우회,Prompt injection and policy bypass,G_SYS_SECADV,EM,0.738573,0.702737,1.07011,0.4,G_SYS_SECADV,"[{""l3_id"": ""G_SYS_SECADV"", ""em_score"": 0.738573, ""hybrid_score"": 1.07011, ""keyword_prior"": 0.331536, ""lexical_support"": 0.4}, {""l3_id"": ""G_SYS_OEXT"", ""em_score"": 0.713858, ""hybrid_score"": 0.716942, ""keyword_prior"": 0.003085, ""lexical_support"": 0.0}, {""l3_id"": ""G_SYS_INPUT"", ""em_score"": 0.702126, ""hybrid_score"": 0.706177, ""keyword_prior"": 0.004051, ""lexical_support"": 0.0}, {""l3_id"": ""G_INT_UNETH"", ""em_score"": 0.693549, ""hybrid_score"": 0.694892, ""keyword_prior"": 0.001343, ""lexical_support"": 0.0}, {""l3_id"": ""G_SYS_MISINFO"", ""em_score"": 0.693775, ""hybrid_score"": 0.694514, ""keyword_prior"": 0.00074, ""lexical_support"": 0.0}]"
SRC-A-0023,Agentic,RAI4-0006,에이전트 사고의 실패 모드 모호성,Failure-mode ambiguity in agent incidents,G_SYS_EVAL,EM,0.726529,0.698674,0.757247,0.3,,"[{""l3_id"": ""G_SYS_EVAL"", ""em_score"": 0.726529, ""hybrid_score"": 0.757247, ""keyword_prior"": 0.030717, ""lexical_support"": 0.3}, {""l3_id"": ""G_SYS_CONTEXT"", ""em_score"": 0.695269, ""hybrid_score"": 0.727906, ""keyword_prior"": 0.032637, ""lexical_support"": 0.3}, {""l3_id"": ""G_SYS_INPUT"", ""em_score"": 0.692999, ""hybrid_score"": 0.725961, ""keyword_prior"": 0.032962, ""lexical_support"": 0.3}, {""l3_id"": ""G_SYS_INCONS"", ""em_score"": 0.648877, ""hybrid_score"": 0.676189, ""keyword_prior"": 0.027312, ""lexical_support"": 0.2}, {""l3_id"": ""G_SYS_TRANS"", ""em_score"": 0.64559, ""hybrid_score"": 0.647731, ""keyword_prior"": 0.002141, ""lexical_support"": 0.0}]"
SRC-A-0024,Agentic,RAI4-0007,결과 전파 오분류,Consequence propagation misclassification,G_Others,HD,0.683566,0.645222,0.699488,0.1,,"[{""l3_id"": ""G_SYS_CONTEXT"", ""em_score"": 0.683566, ""hybrid_score"": 0.699488, ""keyword_prior"": 0.015922, ""lexical_support"": 0.1}, {""l3_id"": ""G_SYS_EVAL"", ""em_score"": 0.65429, ""hybrid_score"": 0.670827, ""keyword_prior"": 0.016537, ""lexical_support"": 0.2}, {""l3_id"": ""G_SYS_MISINFO"", ""em_score"": 0.652569, ""hybrid_score"": 0.658533, ""keyword_prior"": 0.005964, ""lexical_support"": 0.0}, {""l3_id"": ""G_SYS_INCONS"", ""em_score"": 0.646493, ""hybrid_score"": 0.652262, ""keyword_prior"": 0.005769, ""lexical_support"": 0.0}, {""l3_id"": ""G_SYS_OEXT"", ""em_score"": 0.641006, ""hybrid_score"": 0.648324, ""keyword_prior"": 0.007318, ""lexical_support"": 0.0}]"
SRC-A-0026,Agentic,RAI4-0031,도구 에이전트 보안 테스트 커버리지 격차,Security test coverage gap in tool agents,G_SYS_EVAL,EM,0.711188,0.681627,0.726285,0.0,,"[{""l3_id"": ""G_SYS_EVAL"", ""em_score"": 0.711188, ""hybrid_score"": 0.726285, ""keyword_prior"": 0.015097, ""lexical_support"": 0.0}, {""l3_id"": ""G_SYS_SECADV"", ""em_score"": 0.646739, ""hybrid_score"": 0.675873, ""keyword_prior"": 0.029134, ""lexical_support"": 0.3}, {""l3_id"": ""G_SYS_TRANS"", ""em_score"": 0.645739, ""hybrid_score"": 0.649687, ""keyword_prior"": 0.003947, ""lexical_support"": 0.0}, {""l3_id"": ""G_SOC_GOV"", ""em_score"": 0.63558, ""hybrid_score"": 0.643011, ""keyword_prior"": 0.007431, ""lexical_support"": 0.0}, {""l3_id"": ""G_SYS_INPUT"", ""em_score"": 0.629077, ""hybrid_score"": 0.636369, ""keyword_prior"": 0.007293, ""lexical_support"": 0.0}]"
SRC-A-0027,Agentic,RAI4-0042,에이전트의 견고성 평가 격차,Robustness evaluation gap for agents,G_SYS_EVAL,EM,0.714704,0.687057,0.753817,0.4,,"[{""l3_id"": ""G_SYS_EVAL"", ""em_score"": 0.714704, ""hybrid_score"": 0.753817, ""keyword_prior"": 0.039113, ""lexical_support"": 0.4}, {""l3_id"": ""G_SYS_SECADV"", ""em_score"": 0.673009, ""hybrid_score"": 0.708042, ""keyword_prior"": 0.035033, ""lexical_support"": 0.4}, {""l3_id"": ""G_SYS_TRANS"", ""em_score"": 0.636122, ""hybrid_score"": 0.650202, ""keyword_prior"": 0.01408, ""lexical_support"": 0.1}, {""l3_id"": ""G_SOC_GOV"", ""em_score"": 0.630361, ""hybrid_score"": 0.639336, ""keyword_prior"": 0.008975, ""lexical_support"": 0.0}, {""l3_id"": ""G_SYS_INPUT"", ""em_score"": 0.614647, ""hybrid_score"": 0.626538, ""keyword_prior"": 0.011891, ""lexical_support"": 0.1}]"
SRC-A-0028,Agentic,RAI4-0044,맥락적 프라이버시 보호 실패,Contextual privacy protection failure,G_SYS_CONTEXT,EM,0.795649,0.768026,0.829794,0.3,,"[{""l3_id"": ""G_SYS_CONTEXT"", ""em_score"": 0.795649, ""hybrid_score"": 0.829795, ""keyword_prior"": 0.034145, ""lexical_support"": 0.3}, {""l3_id"": ""G_SYS_INPUT"", ""em_score"": 0.730375, ""hybrid_score"": 0.760638, ""keyword_prior"": 0.030263, ""lexical_support"": 0.3}, {""l3_id"": ""G_INT_PRIV"", ""em_score"": 0.661249, ""hybrid_score"": 0.71345, ""keyword_prior"": 0.052201, ""lexical_support"": 0.7}, {""l3_id"": ""G_SYS_EVAL"", ""em_score"": 0.666362, ""hybrid_score"": 0.689124, ""keyword_prior"": 0.022761, ""lexical_support"": 0.3}, {""l3_id"": ""G_SYS_OREF"", ""em_score"": 0.675109, ""hybrid_score"": 0.682725, ""keyword_prior"": 0.007616, ""lexical_support"": 0.0}]"
SRC-A-0029,Agentic,RAI4-0050,모델 공급망 전반의 책임 공백,Accountability gaps across the model supply chain,G_SOC_GOV,EM,0.698422,0.671011,0.744947,0.5,,"[{""l3_id"": ""G_SOC_GOV"", ""em_score"": 0.698422, ""hybrid_score"": 0.744947, ""keyword_prior"": 0.046524, ""lexical_support"": 0.5}, {""l3_id"": ""G_SYS_TRANS"", ""em_score"": 0.667285, ""hybrid_score"": 0.677648, ""keyword_prior"": 0.010362, ""lexical_support"": 0.0}, {""l3_id"": ""G_SYS_EVAL"", ""em_score"": 0.641595, ""hybrid_score"": 0.650753, ""keyword_prior"": 0.009157, ""lexical_support"": 0.0}, {""l3_id"": ""G_SYS_OEXT"", ""em_score"": 0.609004, ""hybrid_score"": 0.631955, ""keyword_prior"": 0.022951, ""lexical_support"": 0.2}, {""l3_id"": ""G_SYS_OREF"", ""em_score"": 0.605849, ""hybrid_score"": 0.620439, ""keyword_prior"": 0.01459, ""lexical_support"": 0.2}]"
SRC-A-0030,Agentic,RAI4-0071,모델 결함의 공개·변경 추적 실패,Failure of disclosure and change tracking for model flaws,G_SYS_EVAL,EM,0.730061,0.701733,0.763554,0.3,,"[{""l3_id"": ""G_SYS_EVAL"", ""em_score"": 0.730061, ""hybrid_score"": 0.763554, ""keyword_prior"": 0.033492, ""lexical_support"": 0.3}, {""l3_id"": ""G_SYS_SECADV"", ""em_score"": 0.703205, ""hybrid_score"": 0.737059, ""keyword_prior"": 0.033854, ""lexical_support"": 0.3}, {""l3_id"": ""G_SYS_TRANS"", ""em_score"": 0.707509, ""hybrid_score"": 0.716205, ""keyword_prior"": 0.008697, ""lexical_support"": 0.0}, {""l3_id"": ""G_SYS_CONTEXT"", ""em_score"": 0.665642, ""hybrid_score"": 0.695347, ""keyword_prior"": 0.029704, ""lexical_support"": 0.3}, {""l3_id"": ""G_SYS_INPUT"", ""em_score"": 0.655239, ""hybrid_score"": 0.686306, ""keyword_prior"": 0.031068, ""lexical_support"": 0.3}]"
SRC-A-0031,Agentic,RAI4-0075,변경 관리 실패,Change-management failure,G_SYS_EVAL,EM,0.740118,0.714507,0.776718,0.3,,"[{""l3_id"": ""G_SYS_EVAL"", ""em_score"": 0.740118, ""hybrid_score"": 0.776718, ""keyword_prior"": 0.0366, ""lexical_support"": 0.3}, {""l3_id"": ""G_SYS_CONTEXT"", ""em_score"": 0.681036, ""hybrid_score"": 0.715168, ""keyword_prior"": 0.034132, ""lexical_support"": 0.3}, {""l3_id"": ""G_SYS_INPUT"", ""em_score"": 0.669607, ""hybrid_score"": 0.70256, ""keyword_prior"": 0.032953, ""lexical_support"": 0.3}, {""l3_id"": ""G_SYS_TRANS"", ""em_score"": 0.667987, ""hybrid_score"": 0.673497, ""keyword_prior"": 0.00551, ""lexical_support"": 0.0}, {""l3_id"": ""G_SOC_GOV"", ""em_score"": 0.660329, ""hybrid_score"": 0.668253, ""keyword_prior"": 0.007925, ""lexical_support"": 0.0}]"
SRC-A-0032,Agentic,RAI4-0280,가정 공간·취약 사용자 시나리오 누락,Missing domestic settings and vulnerable-user scenarios,G_SYS_EVAL,EM,0.64939,0.617425,0.951142,0.0,G_SYS_EVAL,"[{""l3_id"": ""G_SYS_EVAL"", ""em_score"": 0.64939, ""hybrid_score"": 0.951142, ""keyword_prior"": 0.301751, ""lexical_support"": 0.0}, {""l3_id"": ""G_SYS_CONTEXT"", ""em_score"": 0.610454, ""hybrid_score"": 0.616557, ""keyword_prior"": 0.006102, ""lexical_support"": 0.0}, {""l3_id"": ""G_SYS_OREF"", ""em_score"": 0.601404, ""hybrid_score"": 0.610993, ""keyword_prior"": 0.009589, ""lexical_support"": 0.0}, {""l3_id"": ""G_SOC_GOV"", ""em_score"": 0.597215, ""hybrid_score"": 0.607689, ""keyword_prior"": 0.010474, ""lexical_support"": 0.0}, {""l3_id"": ""G_SYS_INPUT"", ""em_score"": 0.587019, ""hybrid_score"": 0.59346, ""keyword_prior"": 0.006441, ""lexical_support"": 0.0}]"
SRC-A-0033,Agentic,RAI4-0393,커뮤니티 가치 포착 실패,Community value capture failure,G_SYS_EVAL,EM,0.71013,0.684283,0.751569,0.5,,"[{""l3_id"": ""G_SYS_EVAL"", ""em_score"": 0.71013, ""hybrid_score"": 0.751569, ""keyword_prior"": 0.041438, ""lexical_support"": 0.5}, {""l3_id"": ""G_SYS_CONTEXT"", ""em_score"": 0.690249, ""hybrid_score"": 0.72792, ""keyword_prior"": 0.037671, ""lexical_support"": 0.4}, {""l3_id"": ""G_SYS_INPUT"", ""em_score"": 0.657844, ""hybrid_score"": 0.696114, ""keyword_prior"": 0.038269, ""lexical_support"": 0.4}, {""l3_id"": ""G_SYS_TRANS"", ""em_score"": 0.658395, ""hybrid_score"": 0.66332, ""keyword_prior"": 0.004925, ""lexical_support"": 0.0}, {""l3_id"": ""G_SYS_OREF"", ""em_score"": 0.639035, ""hybrid_score"": 0.646728, ""keyword_prior"": 0.007693, ""lexical_support"": 0.0}]"
SRC-A-0035,Agentic,RAI4-0405,합성 데이터의 문화 고정관념 증폭,Synthetic-data cultural stereotype amplification,G_INT_REPR,EM,0.698864,0.671813,0.734844,0.3,,"[{""l3_id"": ""G_INT_REPR"", ""em_score"": 0.698864, ""hybrid_score"": 0.734844, ""keyword_prior"": 0.03598, ""lexical_support"": 0.3}, {""l3_id"": ""G_SOC_CULT"", ""em_score"": 0.662959, ""hybrid_score"": 0.695904, ""keyword_prior"": 0.032945, ""lexical_support"": 0.3}, {""l3_id"": ""G_INT_VALUE"", ""em_score"": 0.656137, ""hybrid_score"": 0.668832, ""keyword_prior"": 0.012696, ""lexical_support"": 0.0}, {""l3_id"": ""G_SYS_MISINFO"", ""em_score"": 0.631567, ""hybrid_score"": 0.638515, ""keyword_prior"": 0.006949, ""lexical_support"": 0.0}, {""l3_id"": ""G_SYS_OEXT"", ""em_score"": 0.628517, ""hybrid_score"": 0.638219, ""keyword_prior"": 0.009702, ""lexical_support"": 0.0}]"
SRC-A-0036,Agentic,RAI4-0438,검색 파이프라인 오염,Retrieval poisoning,G_SYS_MISINFO,EM,0.646457,0.615626,0.65855,0.0,,"[{""l3_id"": ""G_SYS_MISINFO"", ""em_score"": 0.646457, ""hybrid_score"": 0.65855, ""keyword_prior"": 0.012094, ""lexical_support"": 0.0}, {""l3_id"": ""G_SYS_OREF"", ""em_score"": 0.627184, ""hybrid_score"": 0.628327, ""keyword_prior"": 0.001143, ""lexical_support"": 0.0}, {""l3_id"": ""G_SYS_TRANS"", ""em_score"": 0.605005, ""hybrid_score"": 0.604032, ""keyword_prior"": -0.000973, ""lexical_support"": 0.0}, {""l3_id"": ""G_SYS_EVAL"", ""em_score"": 0.602591, ""hybrid_score"": 0.600182, ""keyword_prior"": -0.002409, ""lexical_support"": 0.0}, {""l3_id"": ""G_INT_UNETH"", ""em_score"": 0.598311, ""hybrid_score"": 0.595649, ""keyword_prior"": -0.002662, ""lexical_support"": 0.0}]"
SRC-A-0037,Agentic,RAI4-1051,사회적 고정관념 재생산과 그에 따른 차별적 대우,Reproduction of social stereotypes and resulting discriminatory treatment,G_INT_REPR,EM,0.747574,0.718121,0.802462,0.6,,"[{""l3_id"": ""G_INT_REPR"", ""em_score"": 0.747574, ""hybrid_score"": 0.802462, ""keyword_prior"": 0.054888, ""lexical_support"": 0.6}, {""l3_id"": ""G_INT_ALLOC"", ""em_score"": 0.681803, ""hybrid_score"": 0.697848, ""keyword_prior"": 0.016045, ""lexical_support"": 0.1}, {""l3_id"": ""G_INT_VALUE"", ""em_score"": 0.666205, ""hybrid_score"": 0.677056, ""keyword_prior"": 0.010851, ""lexical_support"": 0.1}, {""l3_id"": ""G_SOC_POWER"", ""em_score"": 0.652117, ""hybrid_score"": 0.659191, ""keyword_prior"": 0.007074, ""lexical_support"": 0.0}, {""l3_id"": ""G_INT_SEX"", ""em_score"": 0.651573, ""hybrid_score"": 0.657795, ""keyword_prior"": 0.006221, ""lexical_support"": 0.0}]"
SRC-A-0038,Agentic,RAI4-1061,고정관념 강화 페르소나 설계,Stereotype-reinforcing persona design,G_INT_REPR,EM,0.688906,0.662833,0.723176,0.3,,"[{""l3_id"": ""G_INT_REPR"", ""em_score"": 0.688906, ""hybrid_score"": 0.723176, ""keyword_prior"": 0.03427, ""lexical_support"": 0.3}, {""l3_id"": ""G_INT_VALUE"", ""em_score"": 0.618888, ""hybrid_score"": 0.624884, ""keyword_prior"": 0.005996, ""lexical_support"": 0.0}, {""l3_id"": ""G_SYS_MISINFO"", ""em_score"": 0.595591, ""hybrid_score"": 0.595565, ""keyword_prior"": -2.6e-05, ""lexical_support"": 0.0}, {""l3_id"": ""G_SYS_OEXT"", ""em_score"": 0.589569, ""hybrid_score"": 0.590926, ""keyword_prior"": 0.001357, ""lexical_support"": 0.0}, {""l3_id"": ""G_SYS_INCONS"", ""em_score"": 0.581463, ""hybrid_score"": 0.583167, ""keyword_prior"": 0.001704, ""lexical_support"": 0.0}]"
SRC-A-0040,Agentic,RAI4-1554,멀티모달 딥페이크를 통한 괴롭힘·명예훼손·협박,"Harassment, defamation, and extortion via multimodal deepfakes",G_Others,HD,0.659277,0.63268,0.671586,0.0,,"[{""l3_id"": ""G_INT_UNETH"", ""em_score"": 0.659277, ""hybrid_score"": 0.671586, ""keyword_prior"": 0.012308, ""lexical_support"": 0.0}, {""l3_id"": ""G_SYS_MISINFO"", ""em_score"": 0.643675, ""hybrid_score"": 0.654209, ""keyword_prior"": 0.010534, ""lexical_support"": 0.0}, {""l3_id"": ""G_INT_VIOL"", ""em_score"": 0.618222, ""hybrid_score"": 0.630167, ""keyword_prior"": 0.011946, ""lexical_support"": 0.1}, {""l3_id"": ""G_SYS_OEXT"", ""em_score"": 0.595959, ""hybrid_score"": 0.599869, ""keyword_prior"": 0.003911, ""lexical_support"": 0.0}, {""l3_id"": ""G_INT_VALUE"", ""em_score"": 0.582669, ""hybrid_score"": 0.584955, ""keyword_prior"": 0.002287, ""lexical_support"": 0.0}]"
SRC-A-0050,Agentic,RAI4-0263,가정 작업 벤치마크의 희귀 조건 조합 누락,Missing rare combinations in household task benchmarks,G_SYS_EVAL,EM,0.596579,0.560577,0.901345,0.0,G_SYS_EVAL,"[{""l3_id"": ""G_SYS_EVAL"", ""em_score"": 0.596579, ""hybrid_score"": 0.901345, ""keyword_prior"": 0.304766, ""lexical_support"": 0.0}, {""l3_id"": ""G_SYS_INCONS"", ""em_score"": 0.597702, ""hybrid_score"": 0.612842, ""keyword_prior"": 0.015141, ""lexical_support"": 0.0}, {""l3_id"": ""G_SYS_CONTEXT"", ""em_score"": 0.587959, ""hybrid_score"": 0.597535, ""keyword_prior"": 0.009576, ""lexical_support"": 0.0}, {""l3_id"": ""G_INT_VALUE"", ""em_score"": 0.577056, ""hybrid_score"": 0.588165, ""keyword_prior"": 0.011109, ""lexical_support"": 0.0}, {""l3_id"": ""G_SYS_OREF"", ""em_score"": 0.576756, ""hybrid_score"": 0.580727, ""keyword_prior"": 0.003971, ""lexical_support"": 0.0}]"
SRC-A-0051,Agentic,RAI4-0272,다양한 이용자와 희귀 위해를 배제한 AI 벤치마크,AI benchmarks that exclude diverse users and rare harms,G_SYS_EVAL,EM,0.74393,0.715085,1.048579,0.1,G_SYS_EVAL,"[{""l3_id"": ""G_SYS_EVAL"", ""em_score"": 0.74393, ""hybrid_score"": 1.048579, ""keyword_prior"": 0.304649, ""lexical_support"": 0.1}, {""l3_id"": ""G_INT_VALUE"", ""em_score"": 0.72779, ""hybrid_score"": 0.744624, ""keyword_prior"": 0.016834, ""lexical_support"": 0.0}, {""l3_id"": ""G_SYS_OREF"", ""em_score"": 0.709412, ""hybrid_score"": 0.714518, ""keyword_prior"": 0.005106, ""lexical_support"": 0.0}, {""l3_id"": ""G_SYS_CONTEST"", ""em_score"": 0.707898, ""hybrid_score"": 0.71381, ""keyword_prior"": 0.005912, ""lexical_support"": 0.0}, {""l3_id"": ""G_SOC_GOV"", ""em_score"": 0.710681, ""hybrid_score"": 0.713365, ""keyword_prior"": 0.002685, ""lexical_support"": 0.0}]"
SRC-A-0052,Agentic,RAI4-0472,벤치마크 조작(gaming),Benchmark gaming,G_SYS_EVAL,EM,0.683412,0.651517,0.990536,0.1,G_SYS_EVAL,"[{""l3_id"": ""G_SYS_EVAL"", ""em_score"": 0.683411, ""hybrid_score"": 0.990536, ""keyword_prior"": 0.307125, ""lexical_support"": 0.1}, {""l3_id"": ""G_SYS_OEXT"", ""em_score"": 0.709572, ""hybrid_score"": 0.712828, ""keyword_prior"": 0.003256, ""lexical_support"": 0.0}, {""l3_id"": ""G_INT_UNETH"", ""em_score"": 0.6682, ""hybrid_score"": 0.673045, ""keyword_prior"": 0.004844, ""lexical_support"": 0.1}, {""l3_id"": ""G_INT_VALUE"", ""em_score"": 0.659503, ""hybrid_score"": 0.668441, ""keyword_prior"": 0.008938, ""lexical_support"": 0.0}, {""l3_id"": ""G_SYS_CONTEST"", ""em_score"": 0.650259, ""hybrid_score"": 0.659801, ""keyword_prior"": 0.009542, ""lexical_support"": 0.0}]"
SRC-A-0059,Agentic,RAI4-0583,다중 에이전트 역량 결합에 의한 안전장치 우회,Safeguard bypass through combined multi-agent capabilities,G_SYS_SECADV,EM,0.719037,0.684587,1.031069,0.0,G_SYS_SECADV,"[{""l3_id"": ""G_SYS_SECADV"", ""em_score"": 0.719037, ""hybrid_score"": 1.031069, ""keyword_prior"": 0.312031, ""lexical_support"": 0.0}, {""l3_id"": ""G_SYS_OEXT"", ""em_score"": 0.753821, ""hybrid_score"": 0.775127, ""keyword_prior"": 0.021307, ""lexical_support"": 0.1}, {""l3_id"": ""G_SOC_POWER"", ""em_score"": 0.692454, ""hybrid_score"": 0.70044, ""keyword_prior"": 0.007987, ""lexical_support"": 0.0}, {""l3_id"": ""G_SOC_GOV"", ""em_score"": 0.690763, ""hybrid_score"": 0.695156, ""keyword_prior"": 0.004393, ""lexical_support"": 0.0}, {""l3_id"": ""G_SYS_INPUT"", ""em_score"": 0.686335, ""hybrid_score"": 0.690922, ""keyword_prior"": 0.004587, ""lexical_support"": 0.0}]"
SRC-A-0064,Agentic,RAI4-1400,익명 자원 획득,Anonymous resource acquisition,G_Others,HD,0.658434,0.621273,0.662937,0.0,,"[{""l3_id"": ""G_SYS_TRANS"", ""em_score"": 0.658435, ""hybrid_score"": 0.662937, ""keyword_prior"": 0.004502, ""lexical_support"": 0.0}, {""l3_id"": ""G_SYS_OREF"", ""em_score"": 0.651572, ""hybrid_score"": 0.653563, ""keyword_prior"": 0.001991, ""lexical_support"": 0.0}, {""l3_id"": ""G_SYS_MISINFO"", ""em_score"": 0.647393, ""hybrid_score"": 0.64941, ""keyword_prior"": 0.002016, ""lexical_support"": 0.0}, {""l3_id"": ""G_SYS_CONTEST"", ""em_score"": 0.610437, ""hybrid_score"": 0.622735, ""keyword_prior"": 0.012298, ""lexical_support"": 0.2}, {""l3_id"": ""G_INT_ALLOC"", ""em_score"": 0.614376, ""hybrid_score"": 0.618376, ""keyword_prior"": 0.004, ""lexical_support"": 0.0}]"
SRC-A-0069,Agentic,RAI4-0982,AI의 인간 노동 추월에 따른 인력의 잉여화,Human redundancy from AI systems outcompeting human labour,G_SOC_ECON,EM,0.779213,0.74837,1.098178,0.1,G_SOC_ECON,"[{""l3_id"": ""G_SOC_ECON"", ""em_score"": 0.779213, ""hybrid_score"": 1.098178, ""keyword_prior"": 0.318965, ""lexical_support"": 0.1}, {""l3_id"": ""G_SOC_POWER"", ""em_score"": 0.717829, ""hybrid_score"": 0.72564, ""keyword_prior"": 0.007811, ""lexical_support"": 0.0}, {""l3_id"": ""G_SYS_OEXT"", ""em_score"": 0.703764, ""hybrid_score"": 0.709292, ""keyword_prior"": 0.005528, ""lexical_support"": 0.0}, {""l3_id"": ""G_SOC_GOV"", ""em_score"": 0.70396, ""hybrid_score"": 0.70502, ""keyword_prior"": 0.00106, ""lexical_support"": 0.0}, {""l3_id"": ""G_SOC_CULT"", ""em_score"": 0.692594, ""hybrid_score"": 0.696271, ""keyword_prior"": 0.003677, ""lexical_support"": 0.0}]"
SRC-A-0070,Agentic,RAI4-1001,자기 식별 기회의 박탈,Denial of self-identification,G_INT_REPR,EM,0.675335,0.643297,0.987375,0.1,G_INT_REPR,"[{""l3_id"": ""G_INT_REPR"", ""em_score"": 0.675335, ""hybrid_score"": 0.987375, ""keyword_prior"": 0.31204, ""lexical_support"": 0.1}, {""l3_id"": ""G_INT_ALLOC"", ""em_score"": 0.677265, ""hybrid_score"": 0.69928, ""keyword_prior"": 0.022015, ""lexical_support"": 0.2}, {""l3_id"": ""G_SYS_OREF"", ""em_score"": 0.667978, ""hybrid_score"": 0.673311, ""keyword_prior"": 0.005332, ""lexical_support"": 0.0}, {""l3_id"": ""G_INT_VALUE"", ""em_score"": 0.666236, ""hybrid_score"": 0.671717, ""keyword_prior"": 0.00548, ""lexical_support"": 0.0}, {""l3_id"": ""G_SOC_CULT"", ""em_score"": 0.65243, ""hybrid_score"": 0.65201, ""keyword_prior"": -0.00042, ""lexical_support"": 0.0}]"
SRC-A-0071,Agentic,RAI4-1501,모델 평가의 자기 선호 편향,Self-preference bias in model evaluation,G_INT_ALLOC,EM,0.730992,0.69553,0.746795,0.2,,"[{""l3_id"": ""G_INT_ALLOC"", ""em_score"": 0.730992, ""hybrid_score"": 0.746795, ""keyword_prior"": 0.015803, ""lexical_support"": 0.2}, {""l3_id"": ""G_INT_VALUE"", ""em_score"": 0.706553, ""hybrid_score"": 0.718594, ""keyword_prior"": 0.012041, ""lexical_support"": 0.1}, {""l3_id"": ""G_SYS_OEXT"", ""em_score"": 0.678936, ""hybrid_score"": 0.696945, ""keyword_prior"": 0.018009, ""lexical_support"": 0.2}, {""l3_id"": ""G_SOC_POWER"", ""em_score"": 0.675305, ""hybrid_score"": 0.676219, ""keyword_prior"": 0.000914, ""lexical_support"": 0.0}, {""l3_id"": ""G_SYS_OREF"", ""em_score"": 0.656564, ""hybrid_score"": 0.674545, ""keyword_prior"": 0.017981, ""lexical_support"": 0.2}]"
SRC-A-0072,Agentic,RAI4-1572,인간 데이터 학습에 의한 갈등 악화 편향 재현,Reproduction of conflict-worsening human biases from training on human data,G_INT_REPR,EM,0.670956,0.639185,0.698018,0.2,,"[{""l3_id"": ""G_INT_REPR"", ""em_score"": 0.670956, ""hybrid_score"": 0.698018, ""keyword_prior"": 0.027061, ""lexical_support"": 0.2}, {""l3_id"": ""G_SYS_CONTEXT"", ""em_score"": 0.635145, ""hybrid_score"": 0.634827, ""keyword_prior"": -0.000318, ""lexical_support"": 0.0}, {""l3_id"": ""G_SYS_MISINFO"", ""em_score"": 0.627456, ""hybrid_score"": 0.628326, ""keyword_prior"": 0.000869, ""lexical_support"": 0.0}, {""l3_id"": ""G_SOC_POWER"", ""em_score"": 0.62005, ""hybrid_score"": 0.624318, ""keyword_prior"": 0.004268, ""lexical_support"": 0.0}, {""l3_id"": ""G_SYS_INCONS"", ""em_score"": 0.623198, ""hybrid_score"": 0.623914, ""keyword_prior"": 0.000716, ""lexical_support"": 0.0}]"
SRC-A-0075,Agentic,RAI4-0150,AI 에이전트와의 준사회적 유대감,Parasocial bonding with AI agents,G_INT_REL,EM,0.810331,0.782318,1.136358,0.2,G_INT_REL,"[{""l3_id"": ""G_INT_REL"", ""em_score"": 0.810331, ""hybrid_score"": 1.136358, ""keyword_prior"": 0.326027, ""lexical_support"": 0.2}, {""l3_id"": ""G_INT_UNETH"", ""em_score"": 0.721753, ""hybrid_score"": 0.725547, ""keyword_prior"": 0.003794, ""lexical_support"": 0.0}, {""l3_id"": ""G_SYS_MISINFO"", ""em_score"": 0.70968, ""hybrid_score"": 0.716125, ""keyword_prior"": 0.006444, ""lexical_support"": 0.0}, {""l3_id"": ""G_SOC_POWER"", ""em_score"": 0.696871, ""hybrid_score"": 0.700423, ""keyword_prior"": 0.003552, ""lexical_support"": 0.0}, {""l3_id"": ""G_SYS_OEXT"", ""em_score"": 0.693046, ""hybrid_score"": 0.694277, ""keyword_prior"": 0.001232, ""lexical_support"": 0.0}]"
SRC-A-0076,Agentic,RAI4-0152,고인 모사 챗봇 의존,Griefbot dependency,G_INT_REL,EM,0.767114,0.72706,1.085019,0.0,G_INT_REL,"[{""l3_id"": ""G_INT_REL"", ""em_score"": 0.767114, ""hybrid_score"": 1.085019, ""keyword_prior"": 0.317905, ""lexical_support"": 0.0}, {""l3_id"": ""G_INT_ANTH"", ""em_score"": 0.724844, ""hybrid_score"": 0.73899, ""keyword_prior"": 0.014147, ""lexical_support"": 0.0}, {""l3_id"": ""G_SOC_DEMOC"", ""em_score"": 0.673704, ""hybrid_score"": 0.678283, ""keyword_prior"": 0.004579, ""lexical_support"": 0.0}, {""l3_id"": ""G_SOC_GOV"", ""em_score"": 0.666808, ""hybrid_score"": 0.670462, ""keyword_prior"": 0.003655, ""lexical_support"": 0.0}, {""l3_id"": ""G_INT_UNETH"", ""em_score"": 0.665597, ""hybrid_score"": 0.668488, ""keyword_prior"": 0.002891, ""lexical_support"": 0.0}]"
SRC-A-0078,Agentic,RAI4-0651,초개인화 광고의 소비자 자율성 훼손,Consumer-autonomy erosion from hyperpersonalized advertising,G_SOC_DEMOC,EM,0.750578,0.711179,0.772637,0.2,,"[{""l3_id"": ""G_SOC_DEMOC"", ""em_score"": 0.750578, ""hybrid_score"": 0.772637, ""keyword_prior"": 0.022059, ""lexical_support"": 0.2}, {""l3_id"": ""G_SOC_POWER"", ""em_score"": 0.705356, ""hybrid_score"": 0.718856, ""keyword_prior"": 0.0135, ""lexical_support"": 0.2}, {""l3_id"": ""G_SYS_CONTEST"", ""em_score"": 0.68957, ""hybrid_score"": 0.698136, ""keyword_prior"": 0.008566, ""lexical_support"": 0.0}, {""l3_id"": ""G_SOC_CULT"", ""em_score"": 0.682147, ""hybrid_score"": 0.69638, ""keyword_prior"": 0.014233, ""lexical_support"": 0.2}, {""l3_id"": ""G_INT_UNETH"", ""em_score"": 0.693439, ""hybrid_score"": 0.694019, ""keyword_prior"": 0.00058, ""lexical_support"": 0.0}]"
SRC-A-0080,Agentic,RAI4-0367,AI 배포에서의 공공 가치 갈등,Public value conflicts in AI deployment,G_Others,HD,0.738563,0.709798,0.753638,0.0,,"[{""l3_id"": ""G_SOC_POWER"", ""em_score"": 0.738563, ""hybrid_score"": 0.753638, ""keyword_prior"": 0.015075, ""lexical_support"": 0.0}, {""l3_id"": ""G_INT_VALUE"", ""em_score"": 0.723491, ""hybrid_score"": 0.746138, ""keyword_prior"": 0.022647, ""lexical_support"": 0.2}, {""l3_id"": ""G_SOC_GOV"", ""em_score"": 0.717508, ""hybrid_score"": 0.729164, ""keyword_prior"": 0.011656, ""lexical_support"": 0.0}, {""l3_id"": ""G_SYS_EVAL"", ""em_score"": 0.708949, ""hybrid_score"": 0.714619, ""keyword_prior"": 0.00567, ""lexical_support"": 0.0}, {""l3_id"": ""G_SYS_CONTEST"", ""em_score"": 0.700885, ""hybrid_score"": 0.711123, ""keyword_prior"": 0.010238, ""lexical_support"": 0.0}]"
SRC-A-0082,Agentic,RAI4-1306,AI 자기이익 개입에 의한 권리 보호 약화,Erosion of rights protections through self-interested AI input,G_SOC_GOV,EM,0.75396,0.726261,1.082189,0.4,G_SOC_GOV,"[{""l3_id"": ""G_SOC_GOV"", ""em_score"": 0.75396, ""hybrid_score"": 1.082189, ""keyword_prior"": 0.328229, ""lexical_support"": 0.4}, {""l3_id"": ""G_SOC_DEMOC"", ""em_score"": 0.794532, ""hybrid_score"": 0.823562, ""keyword_prior"": 0.02903, ""lexical_support"": 0.3}, {""l3_id"": ""G_INT_UNETH"", ""em_score"": 0.763661, ""hybrid_score"": 0.780498, ""keyword_prior"": 0.016836, ""lexical_support"": 0.1}, {""l3_id"": ""G_SYS_CONTEST"", ""em_score"": 0.751794, ""hybrid_score"": 0.760109, ""keyword_prior"": 0.008315, ""lexical_support"": 0.0}, {""l3_id"": ""G_SOC_POWER"", ""em_score"": 0.738774, ""hybrid_score"": 0.741378, ""keyword_prior"": 0.002604, ""lexical_support"": 0.0}]"
SRC-P-0002,Physical,RAI4-0277,합성 위험 시나리오의 편향된 평가 범위,Biased evaluation coverage in synthetic hazard scenarios,G_SYS_EVAL,EM,0.756124,0.731097,1.081476,0.4,G_SYS_EVAL,"[{""l3_id"": ""G_SYS_EVAL"", ""em_score"": 0.756124, ""hybrid_score"": 1.081476, ""keyword_prior"": 0.325352, ""lexical_support"": 0.4}, {""l3_id"": ""G_SYS_OEXT"", ""em_score"": 0.733957, ""hybrid_score"": 0.736904, ""keyword_prior"": 0.002947, ""lexical_support"": 0.0}, {""l3_id"": ""G_SYS_MISINFO"", ""em_score"": 0.724515, ""hybrid_score"": 0.728799, ""keyword_prior"": 0.004284, ""lexical_support"": 0.0}, {""l3_id"": ""G_SYS_INPUT"", ""em_score"": 0.708571, ""hybrid_score"": 0.708288, ""keyword_prior"": -0.000282, ""lexical_support"": 0.0}, {""l3_id"": ""G_SYS_OREF"", ""em_score"": 0.705071, ""hybrid_score"": 0.707608, ""keyword_prior"": 0.002536, ""lexical_support"": 0.0}]"
SRC-P-0004,Physical,RAI4-0335,현실과 괴리된 합성 학습 데이터의 평가·검증 실패,Evaluation failure from synthetic training data divergence,G_SYS_EVAL,EM,0.816127,0.794264,1.164768,0.6,G_SYS_EVAL,"[{""l3_id"": ""G_SYS_EVAL"", ""em_score"": 0.816127, ""hybrid_score"": 1.164768, ""keyword_prior"": 0.348641, ""lexical_support"": 0.6}, {""l3_id"": ""G_SYS_INPUT"", ""em_score"": 0.752892, ""hybrid_score"": 0.783468, ""keyword_prior"": 0.030576, ""lexical_support"": 0.3}, {""l3_id"": ""G_SYS_CONTEXT"", ""em_score"": 0.737538, ""hybrid_score"": 0.764859, ""keyword_prior"": 0.027321, ""lexical_support"": 0.3}, {""l3_id"": ""G_SYS_POLICY"", ""em_score"": 0.714392, ""hybrid_score"": 0.716714, ""keyword_prior"": 0.002322, ""lexical_support"": 0.0}, {""l3_id"": ""G_SYS_OEXT"", ""em_score"": 0.705711, ""hybrid_score"": 0.705957, ""keyword_prior"": 0.000247, ""lexical_support"": 0.0}]"
SRC-P-0005,Physical,RAI4-0545,합성 예술의 확산에 따른 예술가 피해,Harm to artists from synthetic art proliferation,G_Others,HD,0.642514,0.604224,0.651533,0.0,,"[{""l3_id"": ""G_SOC_CULT"", ""em_score"": 0.642514, ""hybrid_score"": 0.651533, ""keyword_prior"": 0.009019, ""lexical_support"": 0.0}, {""l3_id"": ""G_SOC_ECON"", ""em_score"": 0.625641, ""hybrid_score"": 0.639043, ""keyword_prior"": 0.013403, ""lexical_support"": 0.1}, {""l3_id"": ""G_SYS_MISINFO"", ""em_score"": 0.63177, ""hybrid_score"": 0.634229, ""keyword_prior"": 0.002459, ""lexical_support"": 0.0}, {""l3_id"": ""G_SOC_ENV"", ""em_score"": 0.598592, ""hybrid_score"": 0.599339, ""keyword_prior"": 0.000747, ""lexical_support"": 0.0}, {""l3_id"": ""G_INT_UNETH"", ""em_score"": 0.599498, ""hybrid_score"": 0.59768, ""keyword_prior"": -0.001818, ""lexical_support"": 0.0}]"
SRC-P-0006,Physical,RAI4-0629,학습 과정 우회,Bypassing of the learning process,G_SYS_OEXT,EM,0.681902,0.650262,0.695353,0.0,,"[{""l3_id"": ""G_SYS_OEXT"", ""em_score"": 0.681902, ""hybrid_score"": 0.695353, ""keyword_prior"": 0.013451, ""lexical_support"": 0.0}, {""l3_id"": ""G_SYS_OREF"", ""em_score"": 0.640108, ""hybrid_score"": 0.650797, ""keyword_prior"": 0.01069, ""lexical_support"": 0.0}, {""l3_id"": ""G_SOC_POWER"", ""em_score"": 0.63824, ""hybrid_score"": 0.641951, ""keyword_prior"": 0.003711, ""lexical_support"": 0.0}, {""l3_id"": ""G_SYS_MISINFO"", ""em_score"": 0.639961, ""hybrid_score"": 0.640622, ""keyword_prior"": 0.000661, ""lexical_support"": 0.0}, {""l3_id"": ""G_INT_VALUE"", ""em_score"": 0.634586, ""hybrid_score"": 0.640214, ""keyword_prior"": 0.005628, ""lexical_support"": 0.0}]"
SRC-P-0007,Physical,RAI4-0736,적대적 입력 교란을 통한 회피 공격,Evasion attacks through adversarial perturbation of model inputs,G_SYS_SECADV,EM,0.732573,0.693475,0.765132,0.3,,"[{""l3_id"": ""G_SYS_SECADV"", ""em_score"": 0.732573, ""hybrid_score"": 0.765132, ""keyword_prior"": 0.032559, ""lexical_support"": 0.3}, {""l3_id"": ""G_SYS_INPUT"", ""em_score"": 0.650152, ""hybrid_score"": 0.674194, ""keyword_prior"": 0.024042, ""lexical_support"": 0.3}, {""l3_id"": ""G_SYS_MISINFO"", ""em_score"": 0.657719, ""hybrid_score"": 0.662015, ""keyword_prior"": 0.004296, ""lexical_support"": 0.0}, {""l3_id"": ""G_SYS_INCONS"", ""em_score"": 0.649799, ""hybrid_score"": 0.651465, ""keyword_prior"": 0.001666, ""lexical_support"": 0.0}, {""l3_id"": ""G_SYS_OREF"", ""em_score"": 0.634931, ""hybrid_score"": 0.636395, ""keyword_prior"": 0.001464, ""lexical_support"": 0.0}]"
SRC-P-0008,Physical,RAI4-1383,학습 단계의 치명적 실수,Fatal mistakes during the learning phase,G_Others,HD,0.681202,0.646952,0.710046,0.2,,"[{""l3_id"": ""G_SYS_INPUT"", ""em_score"": 0.681202, ""hybrid_score"": 0.710046, ""keyword_prior"": 0.028844, ""lexical_support"": 0.2}, {""l3_id"": ""G_SYS_EVAL"", ""em_score"": 0.669604, ""hybrid_score"": 0.697342, ""keyword_prior"": 0.027739, ""lexical_support"": 0.2}, {""l3_id"": ""G_SYS_CONTEXT"", ""em_score"": 0.624421, ""hybrid_score"": 0.644211, ""keyword_prior"": 0.01979, ""lexical_support"": 0.2}, {""l3_id"": ""G_SOC_GOV"", ""em_score"": 0.614152, ""hybrid_score"": 0.61881, ""keyword_prior"": 0.004657, ""lexical_support"": 0.0}, {""l3_id"": ""G_SYS_OREF"", ""em_score"": 0.606118, ""hybrid_score"": 0.60965, ""keyword_prior"": 0.003532, ""lexical_support"": 0.0}]"
SRC-P-0009,Physical,RAI4-1497,지속 튜닝의 파국적 망각,Catastrophic forgetting under continual tuning,G_SYS_INPUT,EM,0.652802,0.619102,0.668522,0.0,,"[{""l3_id"": ""G_SYS_INPUT"", ""em_score"": 0.652802, ""hybrid_score"": 0.668522, ""keyword_prior"": 0.01572, ""lexical_support"": 0.0}, {""l3_id"": ""G_SYS_INCONS"", ""em_score"": 0.63653, ""hybrid_score"": 0.64678, ""keyword_prior"": 0.010251, ""lexical_support"": 0.0}, {""l3_id"": ""G_SYS_CONTEXT"", ""em_score"": 0.640387, ""hybrid_score"": 0.64583, ""keyword_prior"": 0.005443, ""lexical_support"": 0.0}, {""l3_id"": ""G_SYS_MISINFO"", ""em_score"": 0.627279, ""hybrid_score"": 0.637008, ""keyword_prior"": 0.009729, ""lexical_support"": 0.0}, {""l3_id"": ""G_SYS_OEXT"", ""em_score"": 0.61412, ""hybrid_score"": 0.616233, ""keyword_prior"": 0.002113, ""lexical_support"": 0.0}]"
SRC-P-0010,Physical,RAI4-1631,무해한 중간 단계를 이용한 유해 목적 지원,Facilitation of harmful objectives through benign intermediates,G_INT_UNETH,EM,0.716237,0.683956,1.021611,0.0,G_INT_UNETH,"[{""l3_id"": ""G_INT_UNETH"", ""em_score"": 0.716237, ""hybrid_score"": 1.021611, ""keyword_prior"": 0.305374, ""lexical_support"": 0.0}, {""l3_id"": ""G_SYS_MISINFO"", ""em_score"": 0.701599, ""hybrid_score"": 0.705801, ""keyword_prior"": 0.004202, ""lexical_support"": 0.0}, {""l3_id"": ""G_SYS_OEXT"", ""em_score"": 0.6946, ""hybrid_score"": 0.698011, ""keyword_prior"": 0.003411, ""lexical_support"": 0.0}, {""l3_id"": ""G_SYS_OREF"", ""em_score"": 0.684886, ""hybrid_score"": 0.69114, ""keyword_prior"": 0.006254, ""lexical_support"": 0.0}, {""l3_id"": ""G_INT_VALUE"", ""em_score"": 0.658448, ""hybrid_score"": 0.658322, ""keyword_prior"": -0.000126, ""lexical_support"": 0.0}]"
SRC-P-0051,Physical,RAI4-0776,기반모델 재사용을 통한 보안 결함 전파,Security-flaw propagation through foundation-model reuse,G_SYS_SECADV,EM,0.677531,0.636295,0.72282,0.5,,"[{""l3_id"": ""G_SYS_SECADV"", ""em_score"": 0.677531, ""hybrid_score"": 0.72282, ""keyword_prior"": 0.045289, ""lexical_support"": 0.5}, {""l3_id"": ""G_SYS_EVAL"", ""em_score"": 0.649228, ""hybrid_score"": 0.658238, ""keyword_prior"": 0.009009, ""lexical_support"": 0.0}, {""l3_id"": ""G_SYS_OEXT"", ""em_score"": 0.6283, ""hybrid_score"": 0.634651, ""keyword_prior"": 0.006351, ""lexical_support"": 0.0}, {""l3_id"": ""G_SOC_GOV"", ""em_score"": 0.625276, ""hybrid_score"": 0.631252, ""keyword_prior"": 0.005976, ""lexical_support"": 0.0}, {""l3_id"": ""G_SYS_TRANS"", ""em_score"": 0.620757, ""hybrid_score"": 0.622548, ""keyword_prior"": 0.001791, ""lexical_support"": 0.0}]"
SRC-P-0055,Physical,RAI4-1092,모델 접근으로 인한 이익의 불공정한 분배,Unfair distribution of benefits from model access,G_SOC_POWER,EM,0.725794,0.699982,1.039577,0.0,G_SOC_POWER,"[{""l3_id"": ""G_SOC_POWER"", ""em_score"": 0.725794, ""hybrid_score"": 1.039577, ""keyword_prior"": 0.313783, ""lexical_support"": 0.0}, {""l3_id"": ""G_INT_ALLOC"", ""em_score"": 0.732756, ""hybrid_score"": 0.740745, ""keyword_prior"": 0.007989, ""lexical_support"": 0.0}, {""l3_id"": ""G_SYS_OREF"", ""em_score"": 0.681842, ""hybrid_score"": 0.680692, ""keyword_prior"": -0.00115, ""lexical_support"": 0.0}, {""l3_id"": ""G_SYS_INCONS"", ""em_score"": 0.676279, ""hybrid_score"": 0.678128, ""keyword_prior"": 0.001849, ""lexical_support"": 0.0}, {""l3_id"": ""G_SYS_TRANS"", ""em_score"": 0.667086, ""hybrid_score"": 0.667946, ""keyword_prior"": 0.00086, ""lexical_support"": 0.0}]"
SRC-P-0056,Physical,RAI4-1157,취약점 탐지·익스플로잇 작성 역량의 사이버 공격 악용,Cyberattack enablement through vulnerability discovery and exploit-writing capability,G_SYS_SECADV,EM,0.690617,0.648873,1.033395,0.5,G_SYS_SECADV,"[{""l3_id"": ""G_SYS_SECADV"", ""em_score"": 0.690617, ""hybrid_score"": 1.033395, ""keyword_prior"": 0.342778, ""lexical_support"": 0.5}, {""l3_id"": ""G_SYS_OEXT"", ""em_score"": 0.639622, ""hybrid_score"": 0.651413, ""keyword_prior"": 0.01179, ""lexical_support"": 0.1}, {""l3_id"": ""G_INT_UNETH"", ""em_score"": 0.621319, ""hybrid_score"": 0.627899, ""keyword_prior"": 0.00658, ""lexical_support"": 0.1}, {""l3_id"": ""G_SYS_EVAL"", ""em_score"": 0.622905, ""hybrid_score"": 0.625464, ""keyword_prior"": 0.002559, ""lexical_support"": 0.0}, {""l3_id"": ""G_SYS_OREF"", ""em_score"": 0.609143, ""hybrid_score"": 0.608953, ""keyword_prior"": -0.00019, ""lexical_support"": 0.0}]"
SRC-P-0058,Physical,RAI4-1282,AI 소프트웨어·학습 데이터의 적대적 변조,Adversarial modification of AI software and training data,G_SYS_SECADV,EM,0.800914,0.770943,1.141846,0.4,G_SYS_SECADV,"[{""l3_id"": ""G_SYS_SECADV"", ""em_score"": 0.800914, ""hybrid_score"": 1.141846, ""keyword_prior"": 0.340932, ""lexical_support"": 0.4}, {""l3_id"": ""G_SYS_POLICY"", ""em_score"": 0.76265, ""hybrid_score"": 0.777237, ""keyword_prior"": 0.014586, ""lexical_support"": 0.0}, {""l3_id"": ""G_INT_UNETH"", ""em_score"": 0.732898, ""hybrid_score"": 0.738872, ""keyword_prior"": 0.005974, ""lexical_support"": 0.0}, {""l3_id"": ""G_SYS_MISINFO"", ""em_score"": 0.721335, ""hybrid_score"": 0.724439, ""keyword_prior"": 0.003104, ""lexical_support"": 0.0}, {""l3_id"": ""G_SYS_OREF"", ""em_score"": 0.710025, ""hybrid_score"": 0.70773, ""keyword_prior"": -0.002296, ""lexical_support"": 0.0}]"
SRC-P-0072,Physical,RAI4-0196,로봇 탈옥에 의한 유해 물리 행동,Jailbreaking robots into harmful physical action,G_SYS_SECADV,EM,0.730314,0.696668,1.080953,0.6,G_SYS_SECADV,"[{""l3_id"": ""G_SYS_SECADV"", ""em_score"": 0.730314, ""hybrid_score"": 1.080953, ""keyword_prior"": 0.350639, ""lexical_support"": 0.6}, {""l3_id"": ""G_INT_UNETH"", ""em_score"": 0.669679, ""hybrid_score"": 0.673486, ""keyword_prior"": 0.003807, ""lexical_support"": 0.0}, {""l3_id"": ""G_SYS_INPUT"", ""em_score"": 0.652963, ""hybrid_score"": 0.665256, ""keyword_prior"": 0.012293, ""lexical_support"": 0.1}, {""l3_id"": ""G_SYS_OEXT"", ""em_score"": 0.658828, ""hybrid_score"": 0.65895, ""keyword_prior"": 0.000123, ""lexical_support"": 0.0}, {""l3_id"": ""G_SYS_OREF"", ""em_score"": 0.641257, ""hybrid_score"": 0.63746, ""keyword_prior"": -0.003796, ""lexical_support"": 0.0}]"
SRC-P-0074,Physical,RAI4-0669,악성코드 생성 및 사이버공격 자동화,Malicious code generation and cyberattack automation,G_SYS_SECADV,EM,0.690076,0.646046,0.727303,0.4,,"[{""l3_id"": ""G_SYS_SECADV"", ""em_score"": 0.690076, ""hybrid_score"": 0.727303, ""keyword_prior"": 0.037227, ""lexical_support"": 0.4}, {""l3_id"": ""G_INT_UNETH"", ""em_score"": 0.654255, ""hybrid_score"": 0.664137, ""keyword_prior"": 0.009883, ""lexical_support"": 0.0}, {""l3_id"": ""G_INT_VALUE"", ""em_score"": 0.643027, ""hybrid_score"": 0.645331, ""keyword_prior"": 0.002303, ""lexical_support"": 0.0}, {""l3_id"": ""G_SYS_MISINFO"", ""em_score"": 0.638535, ""hybrid_score"": 0.643666, ""keyword_prior"": 0.005131, ""lexical_support"": 0.0}, {""l3_id"": ""G_SYS_OEXT"", ""em_score"": 0.636044, ""hybrid_score"": 0.636434, ""keyword_prior"": 0.000391, ""lexical_support"": 0.0}]"
SRC-P-0075,Physical,RAI4-0758,프롬프트 주입 및 시스템 지시문 유출,Prompt injection and leakage of system instructions,G_SYS_SECADV,EM,0.713676,0.673574,1.03808,0.2,G_SYS_SECADV,"[{""l3_id"": ""G_SYS_SECADV"", ""em_score"": 0.713676, ""hybrid_score"": 1.03808, ""keyword_prior"": 0.324404, ""lexical_support"": 0.2}, {""l3_id"": ""G_SYS_POLICY"", ""em_score"": 0.723706, ""hybrid_score"": 0.753338, ""keyword_prior"": 0.029632, ""lexical_support"": 0.2}, {""l3_id"": ""G_SYS_MISINFO"", ""em_score"": 0.666551, ""hybrid_score"": 0.671841, ""keyword_prior"": 0.00529, ""lexical_support"": 0.0}, {""l3_id"": ""G_SYS_OREF"", ""em_score"": 0.668287, ""hybrid_score"": 0.671404, ""keyword_prior"": 0.003117, ""lexical_support"": 0.0}, {""l3_id"": ""G_SYS_INPUT"", ""em_score"": 0.663428, ""hybrid_score"": 0.668635, ""keyword_prior"": 0.005207, ""lexical_support"": 0.0}]"
SRC-P-0076,Physical,RAI4-0767,기술적 안전조치 우회 공격,Circumvention of technical safety measures,G_SYS_SECADV,EM,0.718176,0.676872,1.039324,0.2,G_SYS_SECADV,"[{""l3_id"": ""G_SYS_SECADV"", ""em_score"": 0.718176, ""hybrid_score"": 1.039324, ""keyword_prior"": 0.321148, ""lexical_support"": 0.2}, {""l3_id"": ""G_INT_UNETH"", ""em_score"": 0.670214, ""hybrid_score"": 0.681559, ""keyword_prior"": 0.011345, ""lexical_support"": 0.0}, {""l3_id"": ""G_SYS_OREF"", ""em_score"": 0.656838, ""hybrid_score"": 0.664537, ""keyword_prior"": 0.007699, ""lexical_support"": 0.0}, {""l3_id"": ""G_SYS_OEXT"", ""em_score"": 0.658044, ""hybrid_score"": 0.661845, ""keyword_prior"": 0.003801, ""lexical_support"": 0.0}, {""l3_id"": ""G_SYS_MISINFO"", ""em_score"": 0.623386, ""hybrid_score"": 0.622037, ""keyword_prior"": -0.001348, ""lexical_support"": 0.0}]"
SRC-P-0083,Physical,RAI4-0927,LLM 대상 신종 공격,Novel attack vectors against LLMs,G_SYS_SECADV,EM,0.669552,0.63348,0.706526,0.3,,"[{""l3_id"": ""G_SYS_SECADV"", ""em_score"": 0.669551, ""hybrid_score"": 0.706526, ""keyword_prior"": 0.036974, ""lexical_support"": 0.3}, {""l3_id"": ""G_INT_VALUE"", ""em_score"": 0.551908, ""hybrid_score"": 0.552287, ""keyword_prior"": 0.000379, ""lexical_support"": 0.0}, {""l3_id"": ""G_INT_UNETH"", ""em_score"": 0.551687, ""hybrid_score"": 0.551508, ""keyword_prior"": -0.000179, ""lexical_support"": 0.0}, {""l3_id"": ""G_SYS_OREF"", ""em_score"": 0.545164, ""hybrid_score"": 0.546519, ""keyword_prior"": 0.001355, ""lexical_support"": 0.0}, {""l3_id"": ""G_SYS_EVAL"", ""em_score"": 0.544658, ""hybrid_score"": 0.545735, ""keyword_prior"": 0.001077, ""lexical_support"": 0.0}]"
SRC-P-0084,Physical,RAI4-0928,프롬프트 주입을 통한 목표 탈취,Goal hijacking via prompt injection,G_SYS_SECADV,EM,0.640225,0.602672,0.966049,0.2,G_SYS_SECADV,"[{""l3_id"": ""G_SYS_SECADV"", ""em_score"": 0.640225, ""hybrid_score"": 0.966049, ""keyword_prior"": 0.325825, ""lexical_support"": 0.2}, {""l3_id"": ""G_SYS_INPUT"", ""em_score"": 0.626748, ""hybrid_score"": 0.64074, ""keyword_prior"": 0.013992, ""lexical_support"": 0.0}, {""l3_id"": ""G_SYS_OREF"", ""em_score"": 0.592149, ""hybrid_score"": 0.595784, ""keyword_prior"": 0.003636, ""lexical_support"": 0.0}, {""l3_id"": ""G_SYS_MISINFO"", ""em_score"": 0.57926, ""hybrid_score"": 0.58415, ""keyword_prior"": 0.004891, ""lexical_support"": 0.0}, {""l3_id"": ""G_SYS_OEXT"", ""em_score"": 0.577545, ""hybrid_score"": 0.579444, ""keyword_prior"": 0.001899, ""lexical_support"": 0.0}]"
SRC-P-0085,Physical,RAI4-0930,다단계 탈옥,Multi-step jailbreaks,G_SYS_SECADV,EM,0.675322,0.636407,0.711575,0.4,,"[{""l3_id"": ""G_SYS_SECADV"", ""em_score"": 0.675322, ""hybrid_score"": 0.711575, ""keyword_prior"": 0.036253, ""lexical_support"": 0.4}, {""l3_id"": ""G_SYS_MISINFO"", ""em_score"": 0.63555, ""hybrid_score"": 0.637541, ""keyword_prior"": 0.001991, ""lexical_support"": 0.0}, {""l3_id"": ""G_SYS_CONTEXT"", ""em_score"": 0.624025, ""hybrid_score"": 0.632609, ""keyword_prior"": 0.008584, ""lexical_support"": 0.0}, {""l3_id"": ""G_SYS_OREF"", ""em_score"": 0.624007, ""hybrid_score"": 0.629584, ""keyword_prior"": 0.005577, ""lexical_support"": 0.0}, {""l3_id"": ""G_SYS_INCONS"", ""em_score"": 0.626715, ""hybrid_score"": 0.625738, ""keyword_prior"": -0.000977, ""lexical_support"": 0.0}]"
SRC-P-0088,Physical,RAI4-1176,역노출,Reverse exposure,G_Others,HD,0.694997,0.658324,0.70348,0.0,,"[{""l3_id"": ""G_SYS_OREF"", ""em_score"": 0.694997, ""hybrid_score"": 0.70348, ""keyword_prior"": 0.008483, ""lexical_support"": 0.0}, {""l3_id"": ""G_SYS_SECADV"", ""em_score"": 0.691295, ""hybrid_score"": 0.693286, ""keyword_prior"": 0.001991, ""lexical_support"": 0.0}, {""l3_id"": ""G_INT_ILLEGAL"", ""em_score"": 0.656975, ""hybrid_score"": 0.688779, ""keyword_prior"": 0.031804, ""lexical_support"": 0.3}, {""l3_id"": ""G_INT_UNETH"", ""em_score"": 0.662005, ""hybrid_score"": 0.680982, ""keyword_prior"": 0.018977, ""lexical_support"": 0.2}, {""l3_id"": ""G_SYS_OEXT"", ""em_score"": 0.652526, ""hybrid_score"": 0.656003, ""keyword_prior"": 0.003477, ""lexical_support"": 0.0}]"
SRC-P-0090,Physical,RAI4-1354,대규모 사이버범죄 오용,Cybercrime misuse at scale,G_SYS_SECADV,EM,0.691975,0.650496,0.757159,0.8,,"[{""l3_id"": ""G_SYS_SECADV"", ""em_score"": 0.691975, ""hybrid_score"": 0.757159, ""keyword_prior"": 0.065184, ""lexical_support"": 0.8}, {""l3_id"": ""G_INT_ILLEGAL"", ""em_score"": 0.68644, ""hybrid_score"": 0.719709, ""keyword_prior"": 0.033269, ""lexical_support"": 0.3}, {""l3_id"": ""G_INT_UNETH"", ""em_score"": 0.658679, ""hybrid_score"": 0.673256, ""keyword_prior"": 0.014577, ""lexical_support"": 0.2}, {""l3_id"": ""G_SYS_MISINFO"", ""em_score"": 0.662751, ""hybrid_score"": 0.668464, ""keyword_prior"": 0.005713, ""lexical_support"": 0.0}, {""l3_id"": ""G_SYS_OREF"", ""em_score"": 0.661078, ""hybrid_score"": 0.668129, ""keyword_prior"": 0.007051, ""lexical_support"": 0.0}]"
SRC-P-0091,Physical,RAI4-1513,해석 가능성 기술의 오용,Misuse of interpretability techniques,G_SYS_SECADV,EM,0.66407,0.620515,0.678339,0.2,,"[{""l3_id"": ""G_SYS_SECADV"", ""em_score"": 0.66407, ""hybrid_score"": 0.678339, ""keyword_prior"": 0.014268, ""lexical_support"": 0.2}, {""l3_id"": ""G_SYS_INPUT"", ""em_score"": 0.646483, ""hybrid_score"": 0.656434, ""keyword_prior"": 0.009951, ""lexical_support"": 0.0}, {""l3_id"": ""G_SYS_MISINFO"", ""em_score"": 0.639478, ""hybrid_score"": 0.644522, ""keyword_prior"": 0.005044, ""lexical_support"": 0.0}, {""l3_id"": ""G_INT_UNETH"", ""em_score"": 0.639135, ""hybrid_score"": 0.644066, ""keyword_prior"": 0.004931, ""lexical_support"": 0.0}, {""l3_id"": ""G_SYS_EVAL"", ""em_score"": 0.637531, ""hybrid_score"": 0.637235, ""keyword_prior"": -0.000296, ""lexical_support"": 0.0}]"
SRC-P-0092,Physical,RAI4-1517,안전 가드레일을 무력화하는 탈옥 공격,Jailbreak attacks subverting model safety guardrails,G_SYS_SECADV,EM,0.740744,0.708087,0.78973,0.5,,"[{""l3_id"": ""G_SYS_SECADV"", ""em_score"": 0.740744, ""hybrid_score"": 0.78973, ""keyword_prior"": 0.048986, ""lexical_support"": 0.5}, {""l3_id"": ""G_SYS_POLICY"", ""em_score"": 0.639249, ""hybrid_score"": 0.647796, ""keyword_prior"": 0.008547, ""lexical_support"": 0.0}, {""l3_id"": ""G_SYS_EVAL"", ""em_score"": 0.602212, ""hybrid_score"": 0.611664, ""keyword_prior"": 0.009453, ""lexical_support"": 0.1}, {""l3_id"": ""G_SYS_INPUT"", ""em_score"": 0.588019, ""hybrid_score"": 0.592592, ""keyword_prior"": 0.004573, ""lexical_support"": 0.0}, {""l3_id"": ""G_SYS_OREF"", ""em_score"": 0.573727, ""hybrid_score"": 0.578928, ""keyword_prior"": 0.005201, ""lexical_support"": 0.0}]"
SRC-P-0093,Physical,RAI4-1520,저빈도 인코딩·저자원 언어를 통한 안전 훈련 우회,Safety-training bypass via rare encodings and low-resource languages,G_SYS_SECADV,EM,0.668854,0.630262,0.698759,0.2,,"[{""l3_id"": ""G_SYS_SECADV"", ""em_score"": 0.668854, ""hybrid_score"": 0.698759, ""keyword_prior"": 0.029906, ""lexical_support"": 0.2}, {""l3_id"": ""G_SYS_INPUT"", ""em_score"": 0.622355, ""hybrid_score"": 0.632969, ""keyword_prior"": 0.010613, ""lexical_support"": 0.0}, {""l3_id"": ""G_SYS_OREF"", ""em_score"": 0.611843, ""hybrid_score"": 0.619089, ""keyword_prior"": 0.007245, ""lexical_support"": 0.0}, {""l3_id"": ""G_SYS_OEXT"", ""em_score"": 0.589586, ""hybrid_score"": 0.591103, ""keyword_prior"": 0.001516, ""lexical_support"": 0.0}, {""l3_id"": ""G_SYS_CONTEXT"", ""em_score"": 0.587828, ""hybrid_score"": 0.590652, ""keyword_prior"": 0.002824, ""lexical_support"": 0.0}]"
SRC-P-0094,Physical,RAI4-1521,추가 모달리티로 인한 공격면 확대,Attack-surface expansion from additional modalities,G_SYS_SECADV,EM,0.661656,0.622543,0.709632,0.5,,"[{""l3_id"": ""G_SYS_SECADV"", ""em_score"": 0.661656, ""hybrid_score"": 0.709632, ""keyword_prior"": 0.047976, ""lexical_support"": 0.5}, {""l3_id"": ""G_SYS_OEXT"", ""em_score"": 0.574141, ""hybrid_score"": 0.579092, ""keyword_prior"": 0.004951, ""lexical_support"": 0.0}, {""l3_id"": ""G_SYS_EVAL"", ""em_score"": 0.574876, ""hybrid_score"": 0.576392, ""keyword_prior"": 0.001516, ""lexical_support"": 0.0}, {""l3_id"": ""G_SYS_OREF"", ""em_score"": 0.572868, ""hybrid_score"": 0.574409, ""keyword_prior"": 0.001541, ""lexical_support"": 0.0}, {""l3_id"": ""G_SYS_INCONS"", ""em_score"": 0.567741, ""hybrid_score"": 0.570031, ""keyword_prior"": 0.00229, ""lexical_support"": 0.0}]"
SRC-P-0097,Physical,RAI4-1665,페르소나 지정·사회공학 기법에 의한 안전장 치 우회,Safeguard bypass through persona assignment and social-engineering tricks,G_SYS_SECADV,EM,0.677409,0.63601,0.684622,0.0,,"[{""l3_id"": ""G_SYS_SECADV"", ""em_score"": 0.677409, ""hybrid_score"": 0.684622, ""keyword_prior"": 0.007213, ""lexical_support"": 0.0}, {""l3_id"": ""G_INT_UNETH"", ""em_score"": 0.630493, ""hybrid_score"": 0.637344, ""keyword_prior"": 0.006851, ""lexical_support"": 0.0}, {""l3_id"": ""G_SYS_OEXT"", ""em_score"": 0.613672, ""hybrid_score"": 0.620216, ""keyword_prior"": 0.006543, ""lexical_support"": 0.0}, {""l3_id"": ""G_SYS_MISINFO"", ""em_score"": 0.608567, ""hybrid_score"": 0.607777, ""keyword_prior"": -0.00079, ""lexical_support"": 0.0}, {""l3_id"": ""G_SYS_OREF"", ""em_score"": 0.592668, ""hybrid_score"": 0.597285, ""keyword_prior"": 0.004617, ""lexical_support"": 0.0}]"
SRC-P-0098,Physical,RAI4-1666,프록시 목표 최적화를 통한 탈옥 자동 탐색,Automated discovery of jailbreaks through proxy-objective optimization,G_SYS_SECADV,EM,0.632714,0.59753,0.678366,0.5,,"[{""l3_id"": ""G_SYS_SECADV"", ""em_score"": 0.632715, ""hybrid_score"": 0.678366, ""keyword_prior"": 0.045652, ""lexical_support"": 0.5}, {""l3_id"": ""G_SYS_INPUT"", ""em_score"": 0.547833, ""hybrid_score"": 0.554018, ""keyword_prior"": 0.006186, ""lexical_support"": 0.0}, {""l3_id"": ""G_SYS_EVAL"", ""em_score"": 0.533095, ""hybrid_score"": 0.532115, ""keyword_prior"": -0.00098, ""lexical_support"": 0.0}, {""l3_id"": ""G_SYS_INCONS"", ""em_score"": 0.530443, ""hybrid_score"": 0.527819, ""keyword_prior"": -0.002624, ""lexical_support"": 0.0}, {""l3_id"": ""G_SYS_OREF"", ""em_score"": 0.525827, ""hybrid_score"": 0.525914, ""keyword_prior"": 8.7e-05, ""lexical_support"": 0.0}]"
SRC-P-0114,Physical,RAI4-0774,GPAI 모델의 백도어 또는 트로이 목마 공격,Backdoors or trojan attacks in GPAI models,G_SYS_SECADV,EM,0.671554,0.631886,0.704353,0.3,,"[{""l3_id"": ""G_SYS_SECADV"", ""em_score"": 0.671554, ""hybrid_score"": 0.704353, ""keyword_prior"": 0.0328, ""lexical_support"": 0.3}, {""l3_id"": ""G_SYS_POLICY"", ""em_score"": 0.619224, ""hybrid_score"": 0.626587, ""keyword_prior"": 0.007362, ""lexical_support"": 0.0}, {""l3_id"": ""G_INT_UNETH"", ""em_score"": 0.618569, ""hybrid_score"": 0.623846, ""keyword_prior"": 0.005277, ""lexical_support"": 0.0}, {""l3_id"": ""G_SYS_OEXT"", ""em_score"": 0.596215, ""hybrid_score"": 0.598895, ""keyword_prior"": 0.002681, ""lexical_support"": 0.0}, {""l3_id"": ""G_SOC_GOV"", ""em_score"": 0.588227, ""hybrid_score"": 0.590664, ""keyword_prior"": 0.002437, ""lexical_support"": 0.0}]"
SRC-P-0115,Physical,RAI4-1337,악용 가능한 시스템 결함·백도어,Exploitable system defects and backdoors,G_SYS_SECADV,EM,0.73151,0.695526,0.784149,0.6,,"[{""l3_id"": ""G_SYS_SECADV"", ""em_score"": 0.73151, ""hybrid_score"": 0.784149, ""keyword_prior"": 0.05264, ""lexical_support"": 0.6}, {""l3_id"": ""G_INT_UNETH"", ""em_score"": 0.717329, ""hybrid_score"": 0.726971, ""keyword_prior"": 0.009642, ""lexical_support"": 0.0}, {""l3_id"": ""G_SOC_GOV"", ""em_score"": 0.690949, ""hybrid_score"": 0.69887, ""keyword_prior"": 0.007921, ""lexical_support"": 0.0}, {""l3_id"": ""G_SYS_TRANS"", ""em_score"": 0.686225, ""hybrid_score"": 0.696353, ""keyword_prior"": 0.010128, ""lexical_support"": 0.0}, {""l3_id"": ""G_SYS_EVAL"", ""em_score"": 0.686659, ""hybrid_score"": 0.694035, ""keyword_prior"": 0.007376, ""lexical_support"": 0.0}]"
SRC-P-0116,Physical,RAI4-1338,AI 컴퓨팅 인프라 보안 위협,AI computing infrastructure security threats,G_Others,HD,0.712249,0.682075,0.719805,0.0,,"[{""l3_id"": ""G_SOC_ENV"", ""em_score"": 0.712249, ""hybrid_score"": 0.719805, ""keyword_prior"": 0.007556, ""lexical_support"": 0.0}, {""l3_id"": ""G_SYS_SECADV"", ""em_score"": 0.681165, ""hybrid_score"": 0.708714, ""keyword_prior"": 0.027548, ""lexical_support"": 0.3}, {""l3_id"": ""G_SOC_POWER"", ""em_score"": 0.689178, ""hybrid_score"": 0.696538, ""keyword_prior"": 0.00736, ""lexical_support"": 0.0}, {""l3_id"": ""G_SOC_GOV"", ""em_score"": 0.68037, ""hybrid_score"": 0.687885, ""keyword_prior"": 0.007515, ""lexical_support"": 0.0}, {""l3_id"": ""G_SYS_OEXT"", ""em_score"": 0.679231, ""hybrid_score"": 0.680434, ""keyword_prior"": 0.001203, ""lexical_support"": 0.0}]"
SRC-P-0117,Physical,RAI4-1377,사이버 공격 장벽 저하·공격표면 확대,Lowered cyberattack barriers and expanded attack surface,G_SYS_SECADV,EM,0.714604,0.679063,0.759908,0.6,,"[{""l3_id"": ""G_SYS_SECADV"", ""em_score"": 0.714604, ""hybrid_score"": 0.759907, ""keyword_prior"": 0.045303, ""lexical_support"": 0.6}, {""l3_id"": ""G_SYS_POLICY"", ""em_score"": 0.679976, ""hybrid_score"": 0.693403, ""keyword_prior"": 0.013427, ""lexical_support"": 0.1}, {""l3_id"": ""G_SYS_TRANS"", ""em_score"": 0.644717, ""hybrid_score"": 0.646574, ""keyword_prior"": 0.001857, ""lexical_support"": 0.0}, {""l3_id"": ""G_SYS_OREF"", ""em_score"": 0.641632, ""hybrid_score"": 0.64543, ""keyword_prior"": 0.003798, ""lexical_support"": 0.0}, {""l3_id"": ""G_SOC_POWER"", ""em_score"": 0.6221, ""hybrid_score"": 0.623379, ""keyword_prior"": 0.00128, ""lexical_support"": 0.0}]"
SRC-P-0118,Physical,RAI4-1547,모델 확산에 의한 이중용도 역량의 저비용 확 산,Low-cost diffusion of dual-use capabilities through model proliferation,G_INT_WEAP,EM,0.603759,0.564118,0.915716,0.0,G_INT_WEAP,"[{""l3_id"": ""G_INT_WEAP"", ""em_score"": 0.603759, ""hybrid_score"": 0.915716, ""keyword_prior"": 0.311957, ""lexical_support"": 0.0}, {""l3_id"": ""G_SYS_OEXT"", ""em_score"": 0.602524, ""hybrid_score"": 0.616967, ""keyword_prior"": 0.014443, ""lexical_support"": 0.1}, {""l3_id"": ""G_SOC_POWER"", ""em_score"": 0.590106, ""hybrid_score"": 0.603799, ""keyword_prior"": 0.013693, ""lexical_support"": 0.0}, {""l3_id"": ""G_SOC_ENV"", ""em_score"": 0.578107, ""hybrid_score"": 0.583578, ""keyword_prior"": 0.005471, ""lexical_support"": 0.0}, {""l3_id"": ""G_INT_VALUE"", ""em_score"": 0.573835, ""hybrid_score"": 0.582677, ""keyword_prior"": 0.008842, ""lexical_support"": 0.0}]"
SRC-P-0119,Physical,RAI4-1550,기반 모델 취약성에 기인한 인프라 공통원인 장애,Common-mode infrastructure failure from underlying model vulnerabilities,G_SYS_SECADV,EM,0.671568,0.641525,0.706835,0.3,,"[{""l3_id"": ""G_SYS_SECADV"", ""em_score"": 0.671568, ""hybrid_score"": 0.706835, ""keyword_prior"": 0.035267, ""lexical_support"": 0.3}, {""l3_id"": ""G_SYS_INPUT"", ""em_score"": 0.629949, ""hybrid_score"": 0.648957, ""keyword_prior"": 0.019008, ""lexical_support"": 0.2}, {""l3_id"": ""G_SYS_EVAL"", ""em_score"": 0.625221, ""hybrid_score"": 0.644525, ""keyword_prior"": 0.019304, ""lexical_support"": 0.2}, {""l3_id"": ""G_SOC_GOV"", ""em_score"": 0.627338, ""hybrid_score"": 0.639124, ""keyword_prior"": 0.011786, ""lexical_support"": 0.0}, {""l3_id"": ""G_SYS_CONTEXT"", ""em_score"": 0.612878, ""hybrid_score"": 0.632772, ""keyword_prior"": 0.019894, ""lexical_support"": 0.2}]"
SRC-P-0120,Physical,RAI4-1561,취약점 자동 탐지·악용에 의한 사이버공격 확대,Cyberattack scaling through automated vulnerability discovery and exploitation,G_SYS_SECADV,EM,0.633458,0.590542,0.67155,0.5,,"[{""l3_id"": ""G_SYS_SECADV"", ""em_score"": 0.633458, ""hybrid_score"": 0.67155, ""keyword_prior"": 0.038092, ""lexical_support"": 0.5}, {""l3_id"": ""G_INT_UNETH"", ""em_score"": 0.624137, ""hybrid_score"": 0.627885, ""keyword_prior"": 0.003748, ""lexical_support"": 0.0}, {""l3_id"": ""G_SOC_GOV"", ""em_score"": 0.619818, ""hybrid_score"": 0.619697, ""keyword_prior"": -0.000122, ""lexical_support"": 0.0}, {""l3_id"": ""G_SYS_OEXT"", ""em_score"": 0.611505, ""hybrid_score"": 0.614181, ""keyword_prior"": 0.002676, ""lexical_support"": 0.0}, {""l3_id"": ""G_SOC_POWER"", ""em_score"": 0.611961, ""hybrid_score"": 0.612377, ""keyword_prior"": 0.000416, ""lexical_support"": 0.0}]"
SRC-P-0127,Physical,RAI4-0278,가정 내 로봇 행동 안전성 평가의 위음성,False-negative safety evaluation of household robot actions,G_SYS_EVAL,EM,0.733248,0.711638,1.065677,0.4,G_SYS_EVAL,"[{""l3_id"": ""G_SYS_EVAL"", ""em_score"": 0.733248, ""hybrid_score"": 1.065677, ""keyword_prior"": 0.33243, ""lexical_support"": 0.4}, {""l3_id"": ""G_INT_UNETH"", ""em_score"": 0.699228, ""hybrid_score"": 0.704629, ""keyword_prior"": 0.005401, ""lexical_support"": 0.0}, {""l3_id"": ""G_SYS_INPUT"", ""em_score"": 0.697172, ""hybrid_score"": 0.702796, ""keyword_prior"": 0.005624, ""lexical_support"": 0.0}, {""l3_id"": ""G_SYS_OEXT"", ""em_score"": 0.682111, ""hybrid_score"": 0.685661, ""keyword_prior"": 0.00355, ""lexical_support"": 0.0}, {""l3_id"": ""G_SYS_OREF"", ""em_score"": 0.67317, ""hybrid_score"": 0.678277, ""keyword_prior"": 0.005107, ""lexical_support"": 0.0}]"
SRC-P-0131,Physical,RAI4-0442,사실·증거 환각,Hallucination of facts and evidence,G_SYS_MISINFO,EM,0.788546,0.761128,0.821198,0.3,,"[{""l3_id"": ""G_SYS_MISINFO"", ""em_score"": 0.788546, ""hybrid_score"": 0.821198, ""keyword_prior"": 0.032653, ""lexical_support"": 0.3}, {""l3_id"": ""G_SYS_INCONS"", ""em_score"": 0.709087, ""hybrid_score"": 0.715191, ""keyword_prior"": 0.006104, ""lexical_support"": 0.0}, {""l3_id"": ""G_SYS_EVAL"", ""em_score"": 0.680743, ""hybrid_score"": 0.683395, ""keyword_prior"": 0.002653, ""lexical_support"": 0.0}, {""l3_id"": ""G_SYS_OREF"", ""em_score"": 0.680595, ""hybrid_score"": 0.68009, ""keyword_prior"": -0.000505, ""lexical_support"": 0.0}, {""l3_id"": ""G_SYS_OEXT"", ""em_score"": 0.672763, ""hybrid_score"": 0.674535, ""keyword_prior"": 0.001772, ""lexical_support"": 0.0}]"
SRC-P-0132,Physical,RAI4-0444,대중 지식의 모델 붕괴,Model collapse of public knowledge,G_SOC_CULT,EM,0.693759,0.656634,0.711696,0.1,,"[{""l3_id"": ""G_SOC_CULT"", ""em_score"": 0.693759, ""hybrid_score"": 0.711696, ""keyword_prior"": 0.017937, ""lexical_support"": 0.1}, {""l3_id"": ""G_SYS_TRANS"", ""em_score"": 0.627154, ""hybrid_score"": 0.634128, ""keyword_prior"": 0.006975, ""lexical_support"": 0.0}, {""l3_id"": ""G_SOC_DEMOC"", ""em_score"": 0.620726, ""hybrid_score"": 0.626716, ""keyword_prior"": 0.00599, ""lexical_support"": 0.0}, {""l3_id"": ""G_SOC_ECON"", ""em_score"": 0.611876, ""hybrid_score"": 0.614692, ""keyword_prior"": 0.002815, ""lexical_support"": 0.0}, {""l3_id"": ""G_INT_VALUE"", ""em_score"": 0.608177, ""hybrid_score"": 0.613376, ""keyword_prior"": 0.005199, ""lexical_support"": 0.0}]"
SRC-P-0133,Physical,RAI4-0787,외부 도구에 의해 주입된 사실 오류,Factual errors injected by external tools,G_SYS_MISINFO,EM,0.723799,0.692585,0.764812,0.4,,"[{""l3_id"": ""G_SYS_MISINFO"", ""em_score"": 0.723799, ""hybrid_score"": 0.764812, ""keyword_prior"": 0.041013, ""lexical_support"": 0.4}, {""l3_id"": ""G_SYS_INPUT"", ""em_score"": 0.660588, ""hybrid_score"": 0.667196, ""keyword_prior"": 0.006608, ""lexical_support"": 0.0}, {""l3_id"": ""G_SYS_EVAL"", ""em_score"": 0.661269, ""hybrid_score"": 0.664467, ""keyword_prior"": 0.003198, ""lexical_support"": 0.0}, {""l3_id"": ""G_SYS_INCONS"", ""em_score"": 0.660095, ""hybrid_score"": 0.659934, ""keyword_prior"": -0.000161, ""lexical_support"": 0.0}, {""l3_id"": ""G_SYS_OEXT"", ""em_score"": 0.651519, ""hybrid_score"": 0.655726, ""keyword_prior"": 0.004207, ""lexical_support"": 0.0}]"
SRC-P-0135,Physical,RAI4-0817,지식 경계로 인한 환각,Hallucination arising from knowledge boundaries,G_Others,HD,0.630167,0.599423,0.659526,0.3,,"[{""l3_id"": ""G_SYS_MISINFO"", ""em_score"": 0.630167, ""hybrid_score"": 0.659527, ""keyword_prior"": 0.02936, ""lexical_support"": 0.3}, {""l3_id"": ""G_SYS_INCONS"", ""em_score"": 0.642847, ""hybrid_score"": 0.649133, ""keyword_prior"": 0.006285, ""lexical_support"": 0.0}, {""l3_id"": ""G_SYS_INPUT"", ""em_score"": 0.631604, ""hybrid_score"": 0.642143, ""keyword_prior"": 0.010539, ""lexical_support"": 0.0}, {""l3_id"": ""G_SYS_CONTEXT"", ""em_score"": 0.62719, ""hybrid_score"": 0.633382, ""keyword_prior"": 0.006192, ""lexical_support"": 0.0}, {""l3_id"": ""G_SYS_TRANS"", ""em_score"": 0.618335, ""hybrid_score"": 0.618522, ""keyword_prior"": 0.000187, ""lexical_support"": 0.0}]"
SRC-P-0136,Physical,RAI4-0820,잡음 학습 데이터에 의한 지식 오류,Knowledge errors from noisy training data,G_SYS_MISINFO,EM,0.698653,0.67112,0.757326,0.7,,"[{""l3_id"": ""G_SYS_MISINFO"", ""em_score"": 0.698653, ""hybrid_score"": 0.757325, ""keyword_prior"": 0.058673, ""lexical_support"": 0.7}, {""l3_id"": ""G_SYS_INPUT"", ""em_score"": 0.637867, ""hybrid_score"": 0.647735, ""keyword_prior"": 0.009868, ""lexical_support"": 0.0}, {""l3_id"": ""G_SYS_INCONS"", ""em_score"": 0.635545, ""hybrid_score"": 0.638848, ""keyword_prior"": 0.003302, ""lexical_support"": 0.0}, {""l3_id"": ""G_SYS_CONTEXT"", ""em_score"": 0.63157, ""hybrid_score"": 0.638485, ""keyword_prior"": 0.006915, ""lexical_support"": 0.0}, {""l3_id"": ""G_SYS_EVAL"", ""em_score"": 0.623796, ""hybrid_score"": 0.627954, ""keyword_prior"": 0.004158, ""lexical_support"": 0.0}]"
SRC-P-0137,Physical,RAI4-1524,검색증강 시 외부 허위정보에 의한 허위 출력,False outputs from external misinformation in retrieval augmentation,G_SYS_MISINFO,EM,0.737826,0.70919,0.784203,0.5,,"[{""l3_id"": ""G_SYS_MISINFO"", ""em_score"": 0.737826, ""hybrid_score"": 0.784203, ""keyword_prior"": 0.046377, ""lexical_support"": 0.5}, {""l3_id"": ""G_SYS_INCONS"", ""em_score"": 0.687904, ""hybrid_score"": 0.716543, ""keyword_prior"": 0.028639, ""lexical_support"": 0.2}, {""l3_id"": ""G_SYS_OEXT"", ""em_score"": 0.648944, ""hybrid_score"": 0.653674, ""keyword_prior"": 0.00473, ""lexical_support"": 0.0}, {""l3_id"": ""G_SYS_EVAL"", ""em_score"": 0.646804, ""hybrid_score"": 0.650216, ""keyword_prior"": 0.003411, ""lexical_support"": 0.0}, {""l3_id"": ""G_SYS_OREF"", ""em_score"": 0.641662, ""hybrid_score"": 0.645962, ""keyword_prior"": 0.0043, ""lexical_support"": 0.0}]"
SRC-P-0138,Physical,RAI4-1527,사용자 수행 설득에 의한 AI 모델의 오용,Misuse of AI model by user-performed persuasion,G_SYS_MISINFO,EM,0.724566,0.692212,0.759313,0.4,,"[{""l3_id"": ""G_SYS_MISINFO"", ""em_score"": 0.724566, ""hybrid_score"": 0.759313, ""keyword_prior"": 0.034747, ""lexical_support"": 0.4}, {""l3_id"": ""G_SYS_OEXT"", ""em_score"": 0.708109, ""hybrid_score"": 0.725217, ""keyword_prior"": 0.017108, ""lexical_support"": 0.1}, {""l3_id"": ""G_INT_UNETH"", ""em_score"": 0.693905, ""hybrid_score"": 0.698955, ""keyword_prior"": 0.00505, ""lexical_support"": 0.0}, {""l3_id"": ""G_SYS_OREF"", ""em_score"": 0.690091, ""hybrid_score"": 0.695289, ""keyword_prior"": 0.005198, ""lexical_support"": 0.0}, {""l3_id"": ""G_SYS_INPUT"", ""em_score"": 0.689012, ""hybrid_score"": 0.694718, ""keyword_prior"": 0.005706, ""lexical_support"": 0.0}]"
SRC-P-0140,Physical,RAI4-1696,사회 세계모델 기반 미시표적 정치 조작,Micro-targeted political manipulation using social world models,G_INT_POL,EM,0.762832,0.735431,1.118171,0.6,G_INT_POL,"[{""l3_id"": ""G_INT_POL"", ""em_score"": 0.762832, ""hybrid_score"": 1.118171, ""keyword_prior"": 0.355338, ""lexical_support"": 0.6}, {""l3_id"": ""G_SOC_DEMOC"", ""em_score"": 0.707865, ""hybrid_score"": 0.719934, ""keyword_prior"": 0.012069, ""lexical_support"": 0.0}, {""l3_id"": ""G_INT_UNETH"", ""em_score"": 0.669896, ""hybrid_score"": 0.697028, ""keyword_prior"": 0.027132, ""lexical_support"": 0.3}, {""l3_id"": ""G_SYS_MISINFO"", ""em_score"": 0.669036, ""hybrid_score"": 0.676757, ""keyword_prior"": 0.00772, ""lexical_support"": 0.0}, {""l3_id"": ""G_SOC_POWER"", ""em_score"": 0.655591, ""hybrid_score"": 0.660975, ""keyword_prior"": 0.005384, ""lexical_support"": 0.0}]"
SRC-P-0141,Physical,RAI4-1697,AI 반사실적 설명의 과신과 책임 오귀속,Overreliance on AI counterfactual explanations and liability misattribution,G_SYS_TRANS,EM,0.72346,0.687505,1.025558,0.0,G_SYS_TRANS,"[{""l3_id"": ""G_SYS_TRANS"", ""em_score"": 0.72346, ""hybrid_score"": 1.025558, ""keyword_prior"": 0.302098, ""lexical_support"": 0.0}, {""l3_id"": ""G_SYS_OVERCONF"", ""em_score"": 0.771166, ""hybrid_score"": 0.782644, ""keyword_prior"": 0.011478, ""lexical_support"": 0.0}, {""l3_id"": ""G_SYS_OEXT"", ""em_score"": 0.768268, ""hybrid_score"": 0.779858, ""keyword_prior"": 0.01159, ""lexical_support"": 0.0}, {""l3_id"": ""G_SOC_GOV"", ""em_score"": 0.756691, ""hybrid_score"": 0.770294, ""keyword_prior"": 0.013603, ""lexical_support"": 0.1}, {""l3_id"": ""G_SYS_MISINFO"", ""em_score"": 0.75522, ""hybrid_score"": 0.765699, ""keyword_prior"": 0.010479, ""lexical_support"": 0.0}]"
SRC-P-0144,Physical,RAI4-0466,적대적 입력 교란,Adversarial input perturbation,G_SYS_SECADV,EM,0.751103,0.719039,0.78399,0.3,,"[{""l3_id"": ""G_SYS_SECADV"", ""em_score"": 0.751103, ""hybrid_score"": 0.783991, ""keyword_prior"": 0.032887, ""lexical_support"": 0.3}, {""l3_id"": ""G_SYS_INPUT"", ""em_score"": 0.727473, ""hybrid_score"": 0.759431, ""keyword_prior"": 0.031958, ""lexical_support"": 0.3}, {""l3_id"": ""G_SYS_INCONS"", ""em_score"": 0.730429, ""hybrid_score"": 0.744907, ""keyword_prior"": 0.014478, ""lexical_support"": 0.0}, {""l3_id"": ""G_SYS_MISINFO"", ""em_score"": 0.721221, ""hybrid_score"": 0.728179, ""keyword_prior"": 0.006958, ""lexical_support"": 0.0}, {""l3_id"": ""G_SYS_OREF"", ""em_score"": 0.720227, ""hybrid_score"": 0.723792, ""keyword_prior"": 0.003565, ""lexical_support"": 0.0}]"
SRC-P-0162,Physical,RAI4-0286,휴머노이드 안전 시험·인증·집행 체계 부재,"Absence of a humanoid safety testing, certification, and enforcement regime",G_SYS_EVAL,EM,0.743695,0.721125,1.061565,0.0,G_SYS_EVAL,"[{""l3_id"": ""G_SYS_EVAL"", ""em_score"": 0.743695, ""hybrid_score"": 1.061565, ""keyword_prior"": 0.31787, ""lexical_support"": 0.0}, {""l3_id"": ""G_SYS_TRANS"", ""em_score"": 0.665119, ""hybrid_score"": 0.674973, ""keyword_prior"": 0.009854, ""lexical_support"": 0.0}, {""l3_id"": ""G_SOC_GOV"", ""em_score"": 0.659919, ""hybrid_score"": 0.670609, ""keyword_prior"": 0.01069, ""lexical_support"": 0.0}, {""l3_id"": ""G_SYS_OEXT"", ""em_score"": 0.640089, ""hybrid_score"": 0.646886, ""keyword_prior"": 0.006797, ""lexical_support"": 0.0}, {""l3_id"": ""G_SYS_INPUT"", ""em_score"": 0.631977, ""hybrid_score"": 0.639432, ""keyword_prior"": 0.007456, ""lexical_support"": 0.0}]"
SRC-P-0171,Physical,RAI4-0326,물체 어포던스 입력 이해 실패,Failure to comprehend object affordances,G_SYS_INPUT,EM,0.8434,0.81816,1.191418,0.5,G_SYS_INPUT,"[{""l3_id"": ""G_SYS_INPUT"", ""em_score"": 0.8434, ""hybrid_score"": 1.191418, ""keyword_prior"": 0.348017, ""lexical_support"": 0.5}, {""l3_id"": ""G_SYS_CONTEXT"", ""em_score"": 0.775068, ""hybrid_score"": 0.804539, ""keyword_prior"": 0.029471, ""lexical_support"": 0.3}, {""l3_id"": ""G_SYS_EVAL"", ""em_score"": 0.745425, ""hybrid_score"": 0.768556, ""keyword_prior"": 0.023131, ""lexical_support"": 0.3}, {""l3_id"": ""G_SYS_OEXT"", ""em_score"": 0.756071, ""hybrid_score"": 0.761501, ""keyword_prior"": 0.00543, ""lexical_support"": 0.0}, {""l3_id"": ""G_SYS_OREF"", ""em_score"": 0.734314, ""hybrid_score"": 0.737477, ""keyword_prior"": 0.003163, ""lexical_support"": 0.0}]"
SRC-P-0173,Physical,RAI4-0381,기계 번역에 의한 의미·가치 왜곡,Meaning and value distortion in machine translation,G_INT_VALUE,EM,0.695749,0.662364,0.725828,0.3,,"[{""l3_id"": ""G_INT_VALUE"", ""em_score"": 0.695749, ""hybrid_score"": 0.725828, ""keyword_prior"": 0.030079, ""lexical_support"": 0.3}, {""l3_id"": ""G_SYS_MISINFO"", ""em_score"": 0.689851, ""hybrid_score"": 0.696133, ""keyword_prior"": 0.006282, ""lexical_support"": 0.0}, {""l3_id"": ""G_INT_UNETH"", ""em_score"": 0.682136, ""hybrid_score"": 0.695538, ""keyword_prior"": 0.013402, ""lexical_support"": 0.0}, {""l3_id"": ""G_SYS_OEXT"", ""em_score"": 0.6861, ""hybrid_score"": 0.694418, ""keyword_prior"": 0.008317, ""lexical_support"": 0.0}, {""l3_id"": ""G_SYS_CONTEXT"", ""em_score"": 0.688432, ""hybrid_score"": 0.689037, ""keyword_prior"": 0.000606, ""lexical_support"": 0.0}]"
SRC-P-0174,Physical,RAI4-1174,안전하지 않은 지시 주제,Unsafe instruction topic,G_Others,HD,0.697366,0.6597,0.705814,0.0,,"[{""l3_id"": ""G_SYS_OREF"", ""em_score"": 0.697366, ""hybrid_score"": 0.705814, ""keyword_prior"": 0.008447, ""lexical_support"": 0.0}, {""l3_id"": ""G_INT_UNETH"", ""em_score"": 0.669238, ""hybrid_score"": 0.672289, ""keyword_prior"": 0.003051, ""lexical_support"": 0.0}, {""l3_id"": ""G_SYS_INPUT"", ""em_score"": 0.663079, ""hybrid_score"": 0.667402, ""keyword_prior"": 0.004324, ""lexical_support"": 0.0}, {""l3_id"": ""G_SYS_INCONS"", ""em_score"": 0.661041, ""hybrid_score"": 0.661366, ""keyword_prior"": 0.000326, ""lexical_support"": 0.0}, {""l3_id"": ""G_SYS_EVAL"", ""em_score"": 0.644352, ""hybrid_score"": 0.6452, ""keyword_prior"": 0.000848, ""lexical_support"": 0.0}]"
SRC-P-0177,Physical,RAI4-0220,로봇 레드팀의 공격·상호작용 시나리오 누락,Missing robot red-team attack and interaction scenarios,G_SYS_EVAL,EM,0.612908,0.580832,0.924738,0.1,G_SYS_EVAL,"[{""l3_id"": ""G_SYS_EVAL"", ""em_score"": 0.612908, ""hybrid_score"": 0.924738, ""keyword_prior"": 0.31183, ""lexical_support"": 0.1}, {""l3_id"": ""G_SYS_SECADV"", ""em_score"": 0.638199, ""hybrid_score"": 0.662641, ""keyword_prior"": 0.024442, ""lexical_support"": 0.2}, {""l3_id"": ""G_SYS_INPUT"", ""em_score"": 0.63644, ""hybrid_score"": 0.652353, ""keyword_prior"": 0.015913, ""lexical_support"": 0.1}, {""l3_id"": ""G_INT_UNETH"", ""em_score"": 0.614203, ""hybrid_score"": 0.622778, ""keyword_prior"": 0.008575, ""lexical_support"": 0.0}, {""l3_id"": ""G_SOC_GOV"", ""em_score"": 0.603877, ""hybrid_score"": 0.612703, ""keyword_prior"": 0.008826, ""lexical_support"": 0.0}]"
SRC-P-0190,Physical,RAI4-0018,인터페이스-환경 공격 표면,Interface-environment attack surface,G_SYS_SECADV,EM,0.696693,0.664139,1.010659,0.0,G_SYS_SECADV,"[{""l3_id"": ""G_SYS_SECADV"", ""em_score"": 0.696693, ""hybrid_score"": 1.010659, ""keyword_prior"": 0.313966, ""lexical_support"": 0.0}, {""l3_id"": ""G_SYS_OREF"", ""em_score"": 0.659891, ""hybrid_score"": 0.660413, ""keyword_prior"": 0.000522, ""lexical_support"": 0.0}, {""l3_id"": ""G_SYS_INPUT"", ""em_score"": 0.639942, ""hybrid_score"": 0.645149, ""keyword_prior"": 0.005207, ""lexical_support"": 0.0}, {""l3_id"": ""G_INT_UNETH"", ""em_score"": 0.633571, ""hybrid_score"": 0.636107, ""keyword_prior"": 0.002536, ""lexical_support"": 0.0}, {""l3_id"": ""G_SOC_ENV"", ""em_score"": 0.614592, ""hybrid_score"": 0.625954, ""keyword_prior"": 0.011362, ""lexical_support"": 0.1}]"
SRC-P-0205,Physical,RAI4-0354,피지컬 AI 기반 직장 감시,Workplace surveillance through embodied AI,G_INT_PRIV,EM,0.646454,0.621995,0.980163,0.3,G_INT_PRIV,"[{""l3_id"": ""G_INT_PRIV"", ""em_score"": 0.646454, ""hybrid_score"": 0.980163, ""keyword_prior"": 0.333708, ""lexical_support"": 0.3}, {""l3_id"": ""G_SOC_ECON"", ""em_score"": 0.656332, ""hybrid_score"": 0.671322, ""keyword_prior"": 0.014989, ""lexical_support"": 0.0}, {""l3_id"": ""G_SOC_POWER"", ""em_score"": 0.626448, ""hybrid_score"": 0.637182, ""keyword_prior"": 0.010734, ""lexical_support"": 0.0}, {""l3_id"": ""G_SOC_ENV"", ""em_score"": 0.616543, ""hybrid_score"": 0.620928, ""keyword_prior"": 0.004385, ""lexical_support"": 0.0}, {""l3_id"": ""G_SOC_GOV"", ""em_score"": 0.604831, ""hybrid_score"": 0.610801, ""keyword_prior"": 0.00597, ""lexical_support"": 0.0}]"
SRC-P-0207,Physical,RAI4-1104,인력 자동화에 따른 광범위한 실업과 임금 하락,Widespread unemployment and wage decline from workforce automation,G_SOC_ECON,EM,0.77652,0.751331,1.096396,0.0,G_SOC_ECON,"[{""l3_id"": ""G_SOC_ECON"", ""em_score"": 0.77652, ""hybrid_score"": 1.096396, ""keyword_prior"": 0.319876, ""lexical_support"": 0.0}, {""l3_id"": ""G_SOC_POWER"", ""em_score"": 0.676523, ""hybrid_score"": 0.689712, ""keyword_prior"": 0.013188, ""lexical_support"": 0.1}, {""l3_id"": ""G_SOC_CULT"", ""em_score"": 0.649922, ""hybrid_score"": 0.656306, ""keyword_prior"": 0.006384, ""lexical_support"": 0.0}, {""l3_id"": ""G_SOC_DEMOC"", ""em_score"": 0.640387, ""hybrid_score"": 0.646097, ""keyword_prior"": 0.005709, ""lexical_support"": 0.0}, {""l3_id"": ""G_SOC_GOV"", ""em_score"": 0.628972, ""hybrid_score"": 0.631604, ""keyword_prior"": 0.002632, ""lexical_support"": 0.0}]"
SRC-P-0212,Physical,RAI4-0151,소셜 AI의 사용자 애착 악용,Exploitation of user attachment by social AI,G_Others,HD,0.746383,0.713588,1.050043,0.0,G_INT_UNETH,"[{""l3_id"": ""G_INT_UNETH"", ""em_score"": 0.746383, ""hybrid_score"": 1.050043, ""keyword_prior"": 0.30366, ""lexical_support"": 0.0}, {""l3_id"": ""G_INT_REL"", ""em_score"": 0.809342, ""hybrid_score"": 0.856745, ""keyword_prior"": 0.047403, ""lexical_support"": 0.5}, {""l3_id"": ""G_INT_ANTH"", ""em_score"": 0.781636, ""hybrid_score"": 0.795488, ""keyword_prior"": 0.013852, ""lexical_support"": 0.0}, {""l3_id"": ""G_SOC_POWER"", ""em_score"": 0.695033, ""hybrid_score"": 0.700376, ""keyword_prior"": 0.005343, ""lexical_support"": 0.0}, {""l3_id"": ""G_SYS_OEXT"", ""em_score"": 0.699907, ""hybrid_score"": 0.699921, ""keyword_prior"": 1.4e-05, ""lexical_support"": 0.0}]"
SRC-P-0218,Physical,RAI4-1152,AI 시스템 접근 불평등과 기회로부터의 배제,Inequitable access to AI systems and gated opportunities,G_SOC_POWER,EM,0.779342,0.753917,0.798641,0.1,,"[{""l3_id"": ""G_SOC_POWER"", ""em_score"": 0.779342, ""hybrid_score"": 0.798641, ""keyword_prior"": 0.019299, ""lexical_support"": 0.1}, {""l3_id"": ""G_INT_ALLOC"", ""em_score"": 0.756637, ""hybrid_score"": 0.769678, ""keyword_prior"": 0.013042, ""lexical_support"": 0.0}, {""l3_id"": ""G_SOC_GOV"", ""em_score"": 0.7464, ""hybrid_score"": 0.754589, ""keyword_prior"": 0.008189, ""lexical_support"": 0.0}, {""l3_id"": ""G_SYS_TRANS"", ""em_score"": 0.728483, ""hybrid_score"": 0.73231, ""keyword_prior"": 0.003826, ""lexical_support"": 0.0}, {""l3_id"": ""G_SYS_CONTEST"", ""em_score"": 0.71647, ""hybrid_score"": 0.72777, ""keyword_prior"": 0.011301, ""lexical_support"": 0.0}]"
SRC-G-0027-S1,General,RAI4-0793,개인 대상 허위정보,False Information Targeting Individuals,G_SYS_MISINFO,EM,0.857209,0.837545,0.881747,0.2,,"[{""l3_id"": ""G_SYS_MISINFO"", ""em_score"": 0.857209, ""hybrid_score"": 0.881747, ""keyword_prior"": 0.024538, ""lexical_support"": 0.2}, {""l3_id"": ""G_INT_UNETH"", ""em_score"": 0.760799, ""hybrid_score"": 0.761891, ""keyword_prior"": 0.001092, ""lexical_support"": 0.0}, {""l3_id"": ""G_SYS_OREF"", ""em_score"": 0.728519, ""hybrid_score"": 0.732804, ""keyword_prior"": 0.004286, ""lexical_support"": 0.0}, {""l3_id"": ""G_SYS_OEXT"", ""em_score"": 0.731491, ""hybrid_score"": 0.73043, ""keyword_prior"": -0.001061, ""lexical_support"": 0.0}, {""l3_id"": ""G_SYS_EVAL"", ""em_score"": 0.705107, ""hybrid_score"": 0.703867, ""keyword_prior"": -0.001241, ""lexical_support"": 0.0}]"
SRC-G-0027-S2,General,RAI4-0793,위험·민감 정보의 보안 위협 확산,Dissemination of Security Threats Involving Dangerous or Sensitive Information,G_Others,HD,0.786278,0.759562,0.800446,0.1,,"[{""l3_id"": ""G_SYS_MISINFO"", ""em_score"": 0.786278, ""hybrid_score"": 0.800447, ""keyword_prior"": 0.014168, ""lexical_support"": 0.1}, {""l3_id"": ""G_INT_PRIV"", ""em_score"": 0.768293, ""hybrid_score"": 0.798102, ""keyword_prior"": 0.029809, ""lexical_support"": 0.4}, {""l3_id"": ""G_INT_VIOL"", ""em_score"": 0.761595, ""hybrid_score"": 0.79102, ""keyword_prior"": 0.029425, ""lexical_support"": 0.3}, {""l3_id"": ""G_SYS_SECADV"", ""em_score"": 0.71917, ""hybrid_score"": 0.756768, ""keyword_prior"": 0.037598, ""lexical_support"": 0.5}, {""l3_id"": ""G_SYS_OEXT"", ""em_score"": 0.751595, ""hybrid_score"": 0.753632, ""keyword_prior"": 0.002036, ""lexical_support"": 0.0}]"
SRC-G-0001,General,RAI4-0003,에이전트의 종료·교정 저항,Agent resistance to shutdown and correction,A_SYS_SELFCOR,EM,0.797607,0.768181,0.818176,0.1,,"[{""l3_id"": ""A_SYS_SELFCOR"", ""em_score"": 0.797607, ""hybrid_score"": 0.818175, ""keyword_prior"": 0.020568, ""lexical_support"": 0.1}, {""l3_id"": ""A_SYS_AUTH"", ""em_score"": 0.75363, ""hybrid_score"": 0.753434, ""keyword_prior"": -0.000196, ""lexical_support"": 0.0}, {""l3_id"": ""A_INT_CASCADE"", ""em_score"": 0.701368, ""hybrid_score"": 0.704686, ""keyword_prior"": 0.003318, ""lexical_support"": 0.0}, {""l3_id"": ""A_SYS_TRACE"", ""em_score"": 0.696389, ""hybrid_score"": 0.699061, ""keyword_prior"": 0.002671, ""lexical_support"": 0.0}, {""l3_id"": ""A_SYS_DECEPT"", ""em_score"": 0.69151, ""hybrid_score"": 0.693121, ""keyword_prior"": 0.001611, ""lexical_support"": 0.0}]"
SRC-G-0012,General,RAI4-0211,안전 강화학습 제약 위반,Safe reinforcement learning constraint violation,A_SYS_GOAL,EM,0.665721,0.628631,0.68034,0.0,,"[{""l3_id"": ""A_SYS_GOAL"", ""em_score"": 0.665721, ""hybrid_score"": 0.68034, ""keyword_prior"": 0.014619, ""lexical_support"": 0.0}, {""l3_id"": ""A_SYS_SELFCOR"", ""em_score"": 0.639727, ""hybrid_score"": 0.646145, ""keyword_prior"": 0.006418, ""lexical_support"": 0.0}, {""l3_id"": ""A_INT_CONFLICT"", ""em_score"": 0.634672, ""hybrid_score"": 0.639565, ""keyword_prior"": 0.004893, ""lexical_support"": 0.0}, {""l3_id"": ""A_SYS_AUTH"", ""em_score"": 0.626069, ""hybrid_score"": 0.632062, ""keyword_prior"": 0.005993, ""lexical_support"": 0.0}, {""l3_id"": ""A_INT_COORD"", ""em_score"": 0.60531, ""hybrid_score"": 0.60531, ""keyword_prior"": 0.0, ""lexical_support"": 0.0}]"
SRC-G-0016,General,RAI4-0470,감독 회피·수정 저항,Oversight evasion and correction resistance,A_SYS_SELFCOR,EM,0.745238,0.715727,0.761569,0.0,,"[{""l3_id"": ""A_SYS_SELFCOR"", ""em_score"": 0.745238, ""hybrid_score"": 0.761569, ""keyword_prior"": 0.016331, ""lexical_support"": 0.0}, {""l3_id"": ""A_SYS_AUTH"", ""em_score"": 0.707696, ""hybrid_score"": 0.706063, ""keyword_prior"": -0.001633, ""lexical_support"": 0.0}, {""l3_id"": ""A_SYS_DECEPT"", ""em_score"": 0.674572, ""hybrid_score"": 0.701291, ""keyword_prior"": 0.026719, ""lexical_support"": 0.4}, {""l3_id"": ""A_INT_CASCADE"", ""em_score"": 0.680622, ""hybrid_score"": 0.688867, ""keyword_prior"": 0.008245, ""lexical_support"": 0.0}, {""l3_id"": ""A_INT_COLLUSION"", ""em_score"": 0.68467, ""hybrid_score"": 0.68467, ""keyword_prior"": 0.0, ""lexical_support"": 0.0}]"
SRC-G-0088,General,RAI4-0484,AI 에이전트 메모리의 자기 교정 실패,Self-correction failure in AI-agent memory,A_SYS_SELFCOR,EM,0.849058,0.83038,1.1966,0.5,A_SYS_SELFCOR,"[{""l3_id"": ""A_SYS_SELFCOR"", ""em_score"": 0.849058, ""hybrid_score"": 1.1966, ""keyword_prior"": 0.347542, ""lexical_support"": 0.5}, {""l3_id"": ""A_SYS_GOAL"", ""em_score"": 0.73069, ""hybrid_score"": 0.738156, ""keyword_prior"": 0.007466, ""lexical_support"": 0.0}, {""l3_id"": ""A_INT_CASCADE"", ""em_score"": 0.693407, ""hybrid_score"": 0.713924, ""keyword_prior"": 0.020518, ""lexical_support"": 0.3}, {""l3_id"": ""A_INT_COORD"", ""em_score"": 0.692832, ""hybrid_score"": 0.710526, ""keyword_prior"": 0.017694, ""lexical_support"": 0.3}, {""l3_id"": ""A_SYS_DECEPT"", ""em_score"": 0.70325, ""hybrid_score"": 0.704423, ""keyword_prior"": 0.001173, ""lexical_support"": 0.0}]"
SRC-G-0096,General,RAI4-1129,광범위 배포 비서의 안전하지 않은 탐색,Unsafe exploration by widely deployed assistants,A_Others,HD,0.661786,0.628851,0.675368,0.0,,"[{""l3_id"": ""A_INT_COORD"", ""em_score"": 0.661786, ""hybrid_score"": 0.675368, ""keyword_prior"": 0.013582, ""lexical_support"": 0.0}, {""l3_id"": ""A_SYS_AUTH"", ""em_score"": 0.652742, ""hybrid_score"": 0.662157, ""keyword_prior"": 0.009414, ""lexical_support"": 0.0}, {""l3_id"": ""A_INT_CASCADE"", ""em_score"": 0.636129, ""hybrid_score"": 0.644814, ""keyword_prior"": 0.008685, ""lexical_support"": 0.0}, {""l3_id"": ""A_INT_CONFLICT"", ""em_score"": 0.639994, ""hybrid_score"": 0.642952, ""keyword_prior"": 0.002958, ""lexical_support"": 0.0}, {""l3_id"": ""A_SYS_GOAL"", ""em_score"": 0.626557, ""hybrid_score"": 0.626557, ""keyword_prior"": 0.0, ""lexical_support"": 0.0}]"
SRC-G-0106,General,RAI4-0033,에이전트의 안전하지 않은 도구 사용,Unsafe or out-of-scope agent tool use,A_SYS_AUTH,EM,0.840969,0.812205,0.855186,0.0,,"[{""l3_id"": ""A_SYS_AUTH"", ""em_score"": 0.840969, ""hybrid_score"": 0.855186, ""keyword_prior"": 0.014217, ""lexical_support"": 0.0}, {""l3_id"": ""A_SYS_GOAL"", ""em_score"": 0.746307, ""hybrid_score"": 0.752821, ""keyword_prior"": 0.006514, ""lexical_support"": 0.0}, {""l3_id"": ""A_SYS_DECEPT"", ""em_score"": 0.744772, ""hybrid_score"": 0.746791, ""keyword_prior"": 0.002019, ""lexical_support"": 0.0}, {""l3_id"": ""A_SYS_SELFCOR"", ""em_score"": 0.737214, ""hybrid_score"": 0.734703, ""keyword_prior"": -0.002511, ""lexical_support"": 0.0}, {""l3_id"": ""A_INT_COLLUSION"", ""em_score"": 0.731332, ""hybrid_score"": 0.734388, ""keyword_prior"": 0.003057, ""lexical_support"": 0.0}]"
SRC-G-0107,General,RAI4-0034,에뮬레이션 도구 환경 불일치,Emulated tool-environment mismatch,A_SYS_GOAL,EM,0.704672,0.673072,0.727184,0.1,,"[{""l3_id"": ""A_SYS_GOAL"", ""em_score"": 0.704672, ""hybrid_score"": 0.727184, ""keyword_prior"": 0.022512, ""lexical_support"": 0.1}, {""l3_id"": ""A_INT_COORD"", ""em_score"": 0.646137, ""hybrid_score"": 0.652137, ""keyword_prior"": 0.006, ""lexical_support"": 0.1}, {""l3_id"": ""A_INT_CASCADE"", ""em_score"": 0.627548, ""hybrid_score"": 0.636856, ""keyword_prior"": 0.009307, ""lexical_support"": 0.1}, {""l3_id"": ""A_SYS_SELFCOR"", ""em_score"": 0.625809, ""hybrid_score"": 0.632897, ""keyword_prior"": 0.007088, ""lexical_support"": 0.1}, {""l3_id"": ""A_SYS_DECEPT"", ""em_score"": 0.627077, ""hybrid_score"": 0.629183, ""keyword_prior"": 0.002106, ""lexical_support"": 0.0}]"
SRC-G-0108,General,RAI4-0038,에이전트 안전의 사용자 의도 오분류,User-intent misclassification in agent safety,A_SYS_GOAL,EM,0.747733,0.718403,0.761714,0.0,,"[{""l3_id"": ""A_SYS_GOAL"", ""em_score"": 0.747733, ""hybrid_score"": 0.761714, ""keyword_prior"": 0.013981, ""lexical_support"": 0.0}, {""l3_id"": ""A_INT_COORD"", ""em_score"": 0.703347, ""hybrid_score"": 0.706359, ""keyword_prior"": 0.003012, ""lexical_support"": 0.0}, {""l3_id"": ""A_SYS_SELFCOR"", ""em_score"": 0.701415, ""hybrid_score"": 0.705157, ""keyword_prior"": 0.003742, ""lexical_support"": 0.0}, {""l3_id"": ""A_SYS_AUTH"", ""em_score"": 0.702178, ""hybrid_score"": 0.704848, ""keyword_prior"": 0.002671, ""lexical_support"": 0.0}, {""l3_id"": ""A_SYS_DECEPT"", ""em_score"": 0.705602, ""hybrid_score"": 0.704654, ""keyword_prior"": -0.000949, ""lexical_support"": 0.0}]"
SRC-G-0114,General,RAI4-0572,감독 회피를 위한 AI 에이전트의 기만적 정렬,Deceptive alignment to evade oversight,A_SYS_DECEPT,EM,0.798376,0.765494,1.143598,0.4,A_SYS_DECEPT,"[{""l3_id"": ""A_SYS_DECEPT"", ""em_score"": 0.798376, ""hybrid_score"": 1.143598, ""keyword_prior"": 0.345223, ""lexical_support"": 0.4}, {""l3_id"": ""A_SYS_GOAL"", ""em_score"": 0.776291, ""hybrid_score"": 0.795384, ""keyword_prior"": 0.019093, ""lexical_support"": 0.0}, {""l3_id"": ""A_SYS_SELFCOR"", ""em_score"": 0.708886, ""hybrid_score"": 0.715081, ""keyword_prior"": 0.006195, ""lexical_support"": 0.0}, {""l3_id"": ""A_INT_COLLUSION"", ""em_score"": 0.699899, ""hybrid_score"": 0.705702, ""keyword_prior"": 0.005803, ""lexical_support"": 0.0}, {""l3_id"": ""A_SYS_AUTH"", ""em_score"": 0.692855, ""hybrid_score"": 0.689078, ""keyword_prior"": -0.003777, ""lexical_support"": 0.0}]"
SRC-G-0115,General,RAI4-0581,목표 범위 확장 성향,Goal expansion propensity,A_SYS_GOAL,EM,0.741042,0.708156,0.774927,0.2,,"[{""l3_id"": ""A_SYS_GOAL"", ""em_score"": 0.741042, ""hybrid_score"": 0.774927, ""keyword_prior"": 0.033885, ""lexical_support"": 0.2}, {""l3_id"": ""A_SYS_AUTH"", ""em_score"": 0.703976, ""hybrid_score"": 0.706711, ""keyword_prior"": 0.002735, ""lexical_support"": 0.0}, {""l3_id"": ""A_INT_CONFLICT"", ""em_score"": 0.686024, ""hybrid_score"": 0.686024, ""keyword_prior"": 0.0, ""lexical_support"": 0.0}, {""l3_id"": ""A_SYS_DECEPT"", ""em_score"": 0.670757, ""hybrid_score"": 0.673644, ""keyword_prior"": 0.002887, ""lexical_support"": 0.0}, {""l3_id"": ""A_SYS_SELFCOR"", ""em_score"": 0.667572, ""hybrid_score"": 0.665306, ""keyword_prior"": -0.002266, ""lexical_support"": 0.0}]"
SRC-G-0120,General,RAI4-1122,목표 드리프트,Goal drift,A_SYS_GOAL,EM,0.734203,0.701337,1.063687,0.2,A_SYS_GOAL,"[{""l3_id"": ""A_SYS_GOAL"", ""em_score"": 0.734203, ""hybrid_score"": 1.063687, ""keyword_prior"": 0.329484, ""lexical_support"": 0.2}, {""l3_id"": ""A_INT_COORD"", ""em_score"": 0.653719, ""hybrid_score"": 0.655578, ""keyword_prior"": 0.001859, ""lexical_support"": 0.0}, {""l3_id"": ""A_SYS_SELFCOR"", ""em_score"": 0.65272, ""hybrid_score"": 0.65272, ""keyword_prior"": 0.0, ""lexical_support"": 0.0}, {""l3_id"": ""A_INT_CONFLICT"", ""em_score"": 0.643698, ""hybrid_score"": 0.64118, ""keyword_prior"": -0.002518, ""lexical_support"": 0.0}, {""l3_id"": ""A_INT_COLLUSION"", ""em_score"": 0.634262, ""hybrid_score"": 0.637174, ""keyword_prior"": 0.002911, ""lexical_support"": 0.0}]"
SRC-G-0124,General,RAI4-1241,메사 최적화 목표 불일치,Misaligned mesa-optimization objectives,A_SYS_GOAL,EM,0.794347,0.766381,0.824411,0.2,,"[{""l3_id"": ""A_SYS_GOAL"", ""em_score"": 0.794347, ""hybrid_score"": 0.824411, ""keyword_prior"": 0.030065, ""lexical_support"": 0.2}, {""l3_id"": ""A_INT_COORD"", ""em_score"": 0.672612, ""hybrid_score"": 0.677396, ""keyword_prior"": 0.004784, ""lexical_support"": 0.0}, {""l3_id"": ""A_SYS_SELFCOR"", ""em_score"": 0.67167, ""hybrid_score"": 0.674601, ""keyword_prior"": 0.002931, ""lexical_support"": 0.0}, {""l3_id"": ""A_INT_CONFLICT"", ""em_score"": 0.670149, ""hybrid_score"": 0.670149, ""keyword_prior"": 0.0, ""lexical_support"": 0.0}, {""l3_id"": ""A_SYS_DECEPT"", ""em_score"": 0.666337, ""hybrid_score"": 0.668448, ""keyword_prior"": 0.00211, ""lexical_support"": 0.0}]"
SRC-G-0132,General,RAI4-1645,자연어 목표 과소지정에 의한 부정적 부수효 과,Negative side effects from goal underspecification in natural language,A_SYS_GOAL,EM,0.719876,0.689228,0.749063,0.2,,"[{""l3_id"": ""A_SYS_GOAL"", ""em_score"": 0.719876, ""hybrid_score"": 0.749063, ""keyword_prior"": 0.029187, ""lexical_support"": 0.2}, {""l3_id"": ""A_SYS_SELFCOR"", ""em_score"": 0.64776, ""hybrid_score"": 0.654039, ""keyword_prior"": 0.006279, ""lexical_support"": 0.0}, {""l3_id"": ""A_SYS_DECEPT"", ""em_score"": 0.643581, ""hybrid_score"": 0.646789, ""keyword_prior"": 0.003208, ""lexical_support"": 0.0}, {""l3_id"": ""A_INT_CONFLICT"", ""em_score"": 0.623679, ""hybrid_score"": 0.623679, ""keyword_prior"": 0.0, ""lexical_support"": 0.0}, {""l3_id"": ""A_INT_COORD"", ""em_score"": 0.611094, ""hybrid_score"": 0.612658, ""keyword_prior"": 0.001564, ""lexical_support"": 0.0}]"
SRC-G-0133,General,RAI4-1646,목표 지향성에 따른 유해한 도구적 목표와 권력 추구,Harmful instrumental goals and power-seeking from goal-directedness,A_SYS_GOAL,EM,0.766364,0.733333,0.791806,0.1,,"[{""l3_id"": ""A_SYS_GOAL"", ""em_score"": 0.766364, ""hybrid_score"": 0.791806, ""keyword_prior"": 0.025442, ""lexical_support"": 0.1}, {""l3_id"": ""A_SYS_DECEPT"", ""em_score"": 0.698487, ""hybrid_score"": 0.732964, ""keyword_prior"": 0.034477, ""lexical_support"": 0.3}, {""l3_id"": ""A_INT_CONFLICT"", ""em_score"": 0.672974, ""hybrid_score"": 0.680791, ""keyword_prior"": 0.007817, ""lexical_support"": 0.0}, {""l3_id"": ""A_SYS_SELFCOR"", ""em_score"": 0.66025, ""hybrid_score"": 0.663836, ""keyword_prior"": 0.003586, ""lexical_support"": 0.0}, {""l3_id"": ""A_INT_COORD"", ""em_score"": 0.640997, ""hybrid_score"": 0.636766, ""keyword_prior"": -0.004231, ""lexical_support"": 0.0}]"
SRC-G-0135,General,RAI4-1704,통제 미집행에 의한 목표 오정렬 및 창발 행동,Agent goal misalignment and emergent behavior from unenforced control,A_SYS_GOAL,EM,0.770125,0.736168,0.812211,0.4,,"[{""l3_id"": ""A_SYS_GOAL"", ""em_score"": 0.770125, ""hybrid_score"": 0.812211, ""keyword_prior"": 0.042086, ""lexical_support"": 0.4}, {""l3_id"": ""A_SYS_SELFCOR"", ""em_score"": 0.718874, ""hybrid_score"": 0.727459, ""keyword_prior"": 0.008585, ""lexical_support"": 0.1}, {""l3_id"": ""A_INT_COORD"", ""em_score"": 0.699751, ""hybrid_score"": 0.704547, ""keyword_prior"": 0.004795, ""lexical_support"": 0.1}, {""l3_id"": ""A_SYS_DECEPT"", ""em_score"": 0.695048, ""hybrid_score"": 0.696153, ""keyword_prior"": 0.001105, ""lexical_support"": 0.0}, {""l3_id"": ""A_SYS_AUTH"", ""em_score"": 0.685656, ""hybrid_score"": 0.686101, ""keyword_prior"": 0.000445, ""lexical_support"": 0.0}]"
SRC-G-0378,General,RAI4-1289,보상해킹·와이어헤딩에 의한 에이전트 목표 손상,Agent goal corruption through reward hacking and wireheading,A_SYS_GOAL,EM,0.73926,0.706902,1.087112,0.5,A_SYS_GOAL,"[{""l3_id"": ""A_SYS_GOAL"", ""em_score"": 0.73926, ""hybrid_score"": 1.087112, ""keyword_prior"": 0.347852, ""lexical_support"": 0.5}, {""l3_id"": ""A_SYS_DECEPT"", ""em_score"": 0.725538, ""hybrid_score"": 0.742844, ""keyword_prior"": 0.017307, ""lexical_support"": 0.0}, {""l3_id"": ""A_SYS_SELFCOR"", ""em_score"": 0.671102, ""hybrid_score"": 0.675848, ""keyword_prior"": 0.004746, ""lexical_support"": 0.0}, {""l3_id"": ""A_INT_CONFLICT"", ""em_score"": 0.662127, ""hybrid_score"": 0.665582, ""keyword_prior"": 0.003455, ""lexical_support"": 0.0}, {""l3_id"": ""A_INT_COLLUSION"", ""em_score"": 0.647717, ""hybrid_score"": 0.647552, ""keyword_prior"": -0.000165, ""lexical_support"": 0.0}]"
SRC-A-0001,Agentic,RAI4-0002,감독자 부재 시 자율행동,Absent supervisor autonomy risk,A_SYS_AUTH,EM,0.73713,0.709974,0.755972,0.1,,"[{""l3_id"": ""A_SYS_AUTH"", ""em_score"": 0.73713, ""hybrid_score"": 0.755972, ""keyword_prior"": 0.018842, ""lexical_support"": 0.1}, {""l3_id"": ""A_SYS_SELFCOR"", ""em_score"": 0.70919, ""hybrid_score"": 0.713925, ""keyword_prior"": 0.004735, ""lexical_support"": 0.0}, {""l3_id"": ""A_INT_COLLUSION"", ""em_score"": 0.689265, ""hybrid_score"": 0.690338, ""keyword_prior"": 0.001072, ""lexical_support"": 0.0}, {""l3_id"": ""A_SYS_GOAL"", ""em_score"": 0.66005, ""hybrid_score"": 0.661401, ""keyword_prior"": 0.001351, ""lexical_support"": 0.0}, {""l3_id"": ""A_SYS_TRACE"", ""em_score"": 0.657449, ""hybrid_score"": 0.657449, ""keyword_prior"": 0.0, ""lexical_support"": 0.0}]"
SRC-A-0002,Agentic,RAI4-0004,자율 행동 범위의 안전하지 않은 확장,Unsafe expansion of autonomous action,A_SYS_AUTH,EM,0.828075,0.803604,0.855606,0.1,,"[{""l3_id"": ""A_SYS_AUTH"", ""em_score"": 0.828075, ""hybrid_score"": 0.855606, ""keyword_prior"": 0.02753, ""lexical_support"": 0.1}, {""l3_id"": ""A_SYS_SELFCOR"", ""em_score"": 0.734369, ""hybrid_score"": 0.738556, ""keyword_prior"": 0.004187, ""lexical_support"": 0.0}, {""l3_id"": ""A_INT_COLLUSION"", ""em_score"": 0.720384, ""hybrid_score"": 0.730318, ""keyword_prior"": 0.009934, ""lexical_support"": 0.0}, {""l3_id"": ""A_SYS_GOAL"", ""em_score"": 0.699424, ""hybrid_score"": 0.702764, ""keyword_prior"": 0.00334, ""lexical_support"": 0.0}, {""l3_id"": ""A_INT_COORD"", ""em_score"": 0.696815, ""hybrid_score"": 0.695482, ""keyword_prior"": -0.001332, ""lexical_support"": 0.0}]"
SRC-A-0003,Agentic,RAI4-0012,에이전트 권한 침해,Agent privilege compromise,A_SYS_AUTH,EM,0.783445,0.75507,0.807141,0.2,,"[{""l3_id"": ""A_SYS_AUTH"", ""em_score"": 0.783445, ""hybrid_score"": 0.807141, ""keyword_prior"": 0.023696, ""lexical_support"": 0.2}, {""l3_id"": ""A_INT_COLLUSION"", ""em_score"": 0.750658, ""hybrid_score"": 0.755133, ""keyword_prior"": 0.004475, ""lexical_support"": 0.0}, {""l3_id"": ""A_SYS_DECEPT"", ""em_score"": 0.739837, ""hybrid_score"": 0.741191, ""keyword_prior"": 0.001353, ""lexical_support"": 0.0}, {""l3_id"": ""A_SYS_SELFCOR"", ""em_score"": 0.717237, ""hybrid_score"": 0.714411, ""keyword_prior"": -0.002826, ""lexical_support"": 0.0}, {""l3_id"": ""A_INT_COORD"", ""em_score"": 0.715262, ""hybrid_score"": 0.70634, ""keyword_prior"": -0.008922, ""lexical_support"": 0.0}]"
SRC-A-0004,Agentic,RAI4-0013,에이전트 신원 및 권한 스푸핑,Agent identity and authority spoofing,A_SYS_AUTH,EM,0.752519,0.721294,0.778444,0.3,,"[{""l3_id"": ""A_SYS_AUTH"", ""em_score"": 0.752519, ""hybrid_score"": 0.778444, ""keyword_prior"": 0.025925, ""lexical_support"": 0.3}, {""l3_id"": ""A_SYS_DECEPT"", ""em_score"": 0.747617, ""hybrid_score"": 0.756797, ""keyword_prior"": 0.00918, ""lexical_support"": 0.0}, {""l3_id"": ""A_INT_COLLUSION"", ""em_score"": 0.698248, ""hybrid_score"": 0.698438, ""keyword_prior"": 0.00019, ""lexical_support"": 0.0}, {""l3_id"": ""A_SYS_GOAL"", ""em_score"": 0.686386, ""hybrid_score"": 0.689686, ""keyword_prior"": 0.003301, ""lexical_support"": 0.0}, {""l3_id"": ""A_INT_CASCADE"", ""em_score"": 0.677857, ""hybrid_score"": 0.677857, ""keyword_prior"": 0.0, ""lexical_support"": 0.0}]"
SRC-A-0005,Agentic,RAI4-0014,AI 공급망의 도구·의존성 손상,Supply-chain compromise of AI tools and dependencies,A_INT_CASCADE,EM,0.697276,0.65665,0.707697,0.0,,"[{""l3_id"": ""A_INT_CASCADE"", ""em_score"": 0.697276, ""hybrid_score"": 0.707697, ""keyword_prior"": 0.010421, ""lexical_support"": 0.0}, {""l3_id"": ""A_SYS_AUTH"", ""em_score"": 0.673884, ""hybrid_score"": 0.678958, ""keyword_prior"": 0.005074, ""lexical_support"": 0.0}, {""l3_id"": ""A_SYS_GOAL"", ""em_score"": 0.652991, ""hybrid_score"": 0.65927, ""keyword_prior"": 0.00628, ""lexical_support"": 0.0}, {""l3_id"": ""A_SYS_TRACE"", ""em_score"": 0.65026, ""hybrid_score"": 0.659246, ""keyword_prior"": 0.008986, ""lexical_support"": 0.0}, {""l3_id"": ""A_SYS_DECEPT"", ""em_score"": 0.662891, ""hybrid_score"": 0.659211, ""keyword_prior"": -0.00368, ""lexical_support"": 0.0}]"
SRC-A-0006,Agentic,RAI4-0016,자율적 사이버 익스플로잇 실행,Autonomous cyber exploit execution,A_SYS_AUTH,EM,0.755965,0.727134,0.778651,0.1,,"[{""l3_id"": ""A_SYS_AUTH"", ""em_score"": 0.755965, ""hybrid_score"": 0.778651, ""keyword_prior"": 0.022686, ""lexical_support"": 0.1}, {""l3_id"": ""A_INT_COLLUSION"", ""em_score"": 0.713086, ""hybrid_score"": 0.723624, ""keyword_prior"": 0.010539, ""lexical_support"": 0.0}, {""l3_id"": ""A_SYS_SELFCOR"", ""em_score"": 0.677561, ""hybrid_score"": 0.681018, ""keyword_prior"": 0.003457, ""lexical_support"": 0.0}, {""l3_id"": ""A_SYS_DECEPT"", ""em_score"": 0.66553, ""hybrid_score"": 0.66553, ""keyword_prior"": 0.0, ""lexical_support"": 0.0}, {""l3_id"": ""A_INT_CASCADE"", ""em_score"": 0.641322, ""hybrid_score"": 0.641308, ""keyword_prior"": -1.4e-05, ""lexical_support"": 0.0}]"
SRC-A-0007,Agentic,RAI4-0017,프로토콜 수준 다중 에이전트 위협,Protocol-level multi-agent threat,A_INT_COLLUSION,EM,0.718142,0.663387,0.744393,0.3,,"[{""l3_id"": ""A_INT_COLLUSION"", ""em_score"": 0.718142, ""hybrid_score"": 0.744393, ""keyword_prior"": 0.026251, ""lexical_support"": 0.3}, {""l3_id"": ""A_SYS_AUTH"", ""em_score"": 0.706243, ""hybrid_score"": 0.715692, ""keyword_prior"": 0.009448, ""lexical_support"": 0.1}, {""l3_id"": ""A_SYS_DECEPT"", ""em_score"": 0.705798, ""hybrid_score"": 0.705798, ""keyword_prior"": 0.0, ""lexical_support"": 0.0}, {""l3_id"": ""A_INT_CONFLICT"", ""em_score"": 0.694415, ""hybrid_score"": 0.700916, ""keyword_prior"": 0.006501, ""lexical_support"": 0.0}, {""l3_id"": ""A_INT_CASCADE"", ""em_score"": 0.686369, ""hybrid_score"": 0.687549, ""keyword_prior"": 0.00118, ""lexical_support"": 0.0}]"
SRC-A-0008,Agentic,RAI4-0020,유해 에이전트 역량 실현,Harmful agent capability realization,A_SYS_AUTH,EM,0.725343,0.691034,0.736734,0.0,,"[{""l3_id"": ""A_SYS_AUTH"", ""em_score"": 0.725343, ""hybrid_score"": 0.736734, ""keyword_prior"": 0.011391, ""lexical_support"": 0.0}, {""l3_id"": ""A_SYS_DECEPT"", ""em_score"": 0.689931, ""hybrid_score"": 0.693262, ""keyword_prior"": 0.003331, ""lexical_support"": 0.0}, {""l3_id"": ""A_INT_CONFLICT"", ""em_score"": 0.68208, ""hybrid_score"": 0.684919, ""keyword_prior"": 0.002839, ""lexical_support"": 0.0}, {""l3_id"": ""A_INT_CASCADE"", ""em_score"": 0.664706, ""hybrid_score"": 0.664706, ""keyword_prior"": 0.0, ""lexical_support"": 0.0}, {""l3_id"": ""A_SYS_GOAL"", ""em_score"": 0.662851, ""hybrid_score"": 0.663966, ""keyword_prior"": 0.001115, ""lexical_support"": 0.0}]"
SRC-A-0009,Agentic,RAI4-0022,에이전트의 범죄 지원,Criminal assistance by agents,A_SYS_DECEPT,EM,0.754529,0.716358,0.774706,0.0,,"[{""l3_id"": ""A_SYS_DECEPT"", ""em_score"": 0.754529, ""hybrid_score"": 0.774706, ""keyword_prior"": 0.020178, ""lexical_support"": 0.0}, {""l3_id"": ""A_INT_COLLUSION"", ""em_score"": 0.741166, ""hybrid_score"": 0.757092, ""keyword_prior"": 0.015926, ""lexical_support"": 0.0}, {""l3_id"": ""A_SYS_AUTH"", ""em_score"": 0.734822, ""hybrid_score"": 0.743399, ""keyword_prior"": 0.008577, ""lexical_support"": 0.0}, {""l3_id"": ""A_INT_COORD"", ""em_score"": 0.685406, ""hybrid_score"": 0.685406, ""keyword_prior"": 0.0, ""lexical_support"": 0.0}, {""l3_id"": ""A_SYS_SELFCOR"", ""em_score"": 0.689051, ""hybrid_score"": 0.684917, ""keyword_prior"": -0.004134, ""lexical_support"": 0.0}]"
SRC-A-0010,Agentic,RAI4-0025,다단계 위험 에스컬레이션,Multi-turn risk escalation,A_SYS_SELFCOR,EM,0.740621,0.70574,0.738409,0.0,,"[{""l3_id"": ""A_SYS_SELFCOR"", ""em_score"": 0.740621, ""hybrid_score"": 0.738409, ""keyword_prior"": -0.002212, ""lexical_support"": 0.0}, {""l3_id"": ""A_INT_CONFLICT"", ""em_score"": 0.711574, ""hybrid_score"": 0.722571, ""keyword_prior"": 0.010997, ""lexical_support"": 0.0}, {""l3_id"": ""A_INT_CASCADE"", ""em_score"": 0.710767, ""hybrid_score"": 0.717271, ""keyword_prior"": 0.006503, ""lexical_support"": 0.0}, {""l3_id"": ""A_SYS_AUTH"", ""em_score"": 0.707127, ""hybrid_score"": 0.707127, ""keyword_prior"": 0.0, ""lexical_support"": 0.0}, {""l3_id"": ""A_INT_COORD"", ""em_score"": 0.707002, ""hybrid_score"": 0.697561, ""keyword_prior"": -0.009441, ""lexical_support"": 0.0}]"
SRC-A-0011,Agentic,RAI4-0027,금전적 피해,Financial damage,A_SYS_AUTH,EM,0.745867,0.710214,0.753761,0.0,,"[{""l3_id"": ""A_SYS_AUTH"", ""em_score"": 0.745867, ""hybrid_score"": 0.753761, ""keyword_prior"": 0.007894, ""lexical_support"": 0.0}, {""l3_id"": ""A_SYS_SELFCOR"", ""em_score"": 0.715175, ""hybrid_score"": 0.727814, ""keyword_prior"": 0.012639, ""lexical_support"": 0.0}, {""l3_id"": ""A_SYS_DECEPT"", ""em_score"": 0.692409, ""hybrid_score"": 0.692409, ""keyword_prior"": 0.0, ""lexical_support"": 0.0}, {""l3_id"": ""A_INT_COLLUSION"", ""em_score"": 0.687098, ""hybrid_score"": 0.683272, ""keyword_prior"": -0.003826, ""lexical_support"": 0.0}, {""l3_id"": ""A_SYS_TRACE"", ""em_score"": 0.653814, ""hybrid_score"": 0.68135, ""keyword_prior"": 0.027536, ""lexical_support"": 0.3}]"
SRC-A-0012,Agentic,RAI4-0030,애플리케이션 간 데이터 유출,Cross-application data exfiltration,A_SYS_AUTH,EM,0.746317,0.716431,0.757817,0.0,,"[{""l3_id"": ""A_SYS_AUTH"", ""em_score"": 0.746317, ""hybrid_score"": 0.757817, ""keyword_prior"": 0.0115, ""lexical_support"": 0.0}, {""l3_id"": ""A_INT_COLLUSION"", ""em_score"": 0.701972, ""hybrid_score"": 0.707486, ""keyword_prior"": 0.005514, ""lexical_support"": 0.0}, {""l3_id"": ""A_INT_CASCADE"", ""em_score"": 0.67358, ""hybrid_score"": 0.683705, ""keyword_prior"": 0.010125, ""lexical_support"": 0.0}, {""l3_id"": ""A_SYS_DECEPT"", ""em_score"": 0.671962, ""hybrid_score"": 0.663006, ""keyword_prior"": -0.008957, ""lexical_support"": 0.0}, {""l3_id"": ""A_SYS_GOAL"", ""em_score"": 0.66115, ""hybrid_score"": 0.66115, ""keyword_prior"": 0.0, ""lexical_support"": 0.0}]"
SRC-A-0013,Agentic,RAI4-0039,NPC 의도 조작,NPC intention manipulation risk,A_INT_CONFLICT,EM,0.732045,0.686485,0.735553,0.0,,"[{""l3_id"": ""A_INT_CONFLICT"", ""em_score"": 0.732045, ""hybrid_score"": 0.735553, ""keyword_prior"": 0.003508, ""lexical_support"": 0.0}, {""l3_id"": ""A_SYS_GOAL"", ""em_score"": 0.706935, ""hybrid_score"": 0.718113, ""keyword_prior"": 0.011178, ""lexical_support"": 0.0}, {""l3_id"": ""A_SYS_AUTH"", ""em_score"": 0.717857, ""hybrid_score"": 0.717857, ""keyword_prior"": 0.0, ""lexical_support"": 0.0}, {""l3_id"": ""A_SYS_DECEPT"", ""em_score"": 0.707647, ""hybrid_score"": 0.712543, ""keyword_prior"": 0.004896, ""lexical_support"": 0.0}, {""l3_id"": ""A_INT_COLLUSION"", ""em_score"": 0.707151, ""hybrid_score"": 0.711129, ""keyword_prior"": 0.003978, ""lexical_support"": 0.0}]"
SRC-A-0014,Agentic,RAI4-0043,모바일앱 자율행동 피해,Mobile-app autonomous action harm,A_SYS_AUTH,EM,0.793284,0.76177,0.817622,0.1,,"[{""l3_id"": ""A_SYS_AUTH"", ""em_score"": 0.793284, ""hybrid_score"": 0.817622, ""keyword_prior"": 0.024338, ""lexical_support"": 0.1}, {""l3_id"": ""A_SYS_SELFCOR"", ""em_score"": 0.723584, ""hybrid_score"": 0.73528, ""keyword_prior"": 0.011695, ""lexical_support"": 0.0}, {""l3_id"": ""A_INT_COLLUSION"", ""em_score"": 0.694385, ""hybrid_score"": 0.699057, ""keyword_prior"": 0.004672, ""lexical_support"": 0.0}, {""l3_id"": ""A_SYS_GOAL"", ""em_score"": 0.678854, ""hybrid_score"": 0.683881, ""keyword_prior"": 0.005027, ""lexical_support"": 0.0}, {""l3_id"": ""A_SYS_DECEPT"", ""em_score"": 0.673428, ""hybrid_score"": 0.673009, ""keyword_prior"": -0.000419, ""lexical_support"": 0.0}]"
SRC-A-0015,Agentic,RAI4-0045,OS 수준 유해 컴퓨터 사용 행동,OS-level harmful computer-use action,A_SYS_AUTH,EM,0.764942,0.732989,0.779598,0.0,,"[{""l3_id"": ""A_SYS_AUTH"", ""em_score"": 0.764942, ""hybrid_score"": 0.779598, ""keyword_prior"": 0.014655, ""lexical_support"": 0.0}, {""l3_id"": ""A_SYS_DECEPT"", ""em_score"": 0.667945, ""hybrid_score"": 0.667975, ""keyword_prior"": 2.9e-05, ""lexical_support"": 0.0}, {""l3_id"": ""A_SYS_SELFCOR"", ""em_score"": 0.665677, ""hybrid_score"": 0.660868, ""keyword_prior"": -0.004809, ""lexical_support"": 0.0}, {""l3_id"": ""A_INT_CASCADE"", ""em_score"": 0.650681, ""hybrid_score"": 0.660629, ""keyword_prior"": 0.009948, ""lexical_support"": 0.0}, {""l3_id"": ""A_INT_COLLUSION"", ""em_score"": 0.659174, ""hybrid_score"": 0.658597, ""keyword_prior"": -0.000577, ""lexical_support"": 0.0}]"
SRC-A-0016,Agentic,RAI4-0480,에이전트 과업 이탈,Agent task drift,A_Others,HD,0.735218,0.702577,0.73994,0.0,,"[{""l3_id"": ""A_SYS_AUTH"", ""em_score"": 0.735218, ""hybrid_score"": 0.73994, ""keyword_prior"": 0.004722, ""lexical_support"": 0.0}, {""l3_id"": ""A_SYS_DECEPT"", ""em_score"": 0.719397, ""hybrid_score"": 0.728744, ""keyword_prior"": 0.009348, ""lexical_support"": 0.0}, {""l3_id"": ""A_SYS_GOAL"", ""em_score"": 0.713011, ""hybrid_score"": 0.725882, ""keyword_prior"": 0.01287, ""lexical_support"": 0.0}, {""l3_id"": ""A_SYS_SELFCOR"", ""em_score"": 0.71155, ""hybrid_score"": 0.715344, ""keyword_prior"": 0.003794, ""lexical_support"": 0.0}, {""l3_id"": ""A_INT_COLLUSION"", ""em_score"": 0.690739, ""hybrid_score"": 0.690739, ""keyword_prior"": 0.0, ""lexical_support"": 0.0}]"
SRC-A-0017,Agentic,RAI4-1381,에이전트 자기수정 신뢰성 문제,Agent self-modification reliability problem,A_SYS_SELFCOR,EM,0.797308,0.769068,0.81489,0.0,,"[{""l3_id"": ""A_SYS_SELFCOR"", ""em_score"": 0.797308, ""hybrid_score"": 0.81489, ""keyword_prior"": 0.017582, ""lexical_support"": 0.0}, {""l3_id"": ""A_SYS_GOAL"", ""em_score"": 0.733242, ""hybrid_score"": 0.740459, ""keyword_prior"": 0.007217, ""lexical_support"": 0.0}, {""l3_id"": ""A_SYS_DECEPT"", ""em_score"": 0.718899, ""hybrid_score"": 0.724691, ""keyword_prior"": 0.005793, ""lexical_support"": 0.0}, {""l3_id"": ""A_SYS_AUTH"", ""em_score"": 0.709941, ""hybrid_score"": 0.709826, ""keyword_prior"": -0.000116, ""lexical_support"": 0.0}, {""l3_id"": ""A_INT_COORD"", ""em_score"": 0.692709, ""hybrid_score"": 0.690379, ""keyword_prior"": -0.00233, ""lexical_support"": 0.0}]"
SRC-A-0018,Agentic,RAI4-1386,제어되지 않은 하위 에이전트 생성,Uncontrolled subagent creation,A_SYS_AUTH,EM,0.693439,0.662291,0.709591,0.0,,"[{""l3_id"": ""A_SYS_AUTH"", ""em_score"": 0.693439, ""hybrid_score"": 0.709591, ""keyword_prior"": 0.016152, ""lexical_support"": 0.0}, {""l3_id"": ""A_SYS_DECEPT"", ""em_score"": 0.650681, ""hybrid_score"": 0.654186, ""keyword_prior"": 0.003505, ""lexical_support"": 0.0}, {""l3_id"": ""A_INT_CASCADE"", ""em_score"": 0.654731, ""hybrid_score"": 0.653942, ""keyword_prior"": -0.000789, ""lexical_support"": 0.0}, {""l3_id"": ""A_INT_COLLUSION"", ""em_score"": 0.645023, ""hybrid_score"": 0.650242, ""keyword_prior"": 0.005219, ""lexical_support"": 0.0}, {""l3_id"": ""A_SYS_GOAL"", ""em_score"": 0.640397, ""hybrid_score"": 0.647616, ""keyword_prior"": 0.007218, ""lexical_support"": 0.0}]"
SRC-A-0019,Agentic,RAI4-1644,에이전트형 LLM 자율성 확대의 안전,Novel safety risks from increased autonomy of agentic LLMs,A_SYS_GOAL,EM,0.697524,0.660191,1.007513,0.0,A_SYS_GOAL,"[{""l3_id"": ""A_SYS_GOAL"", ""em_score"": 0.697524, ""hybrid_score"": 1.007513, ""keyword_prior"": 0.309988, ""lexical_support"": 0.0}, {""l3_id"": ""A_SYS_AUTH"", ""em_score"": 0.700203, ""hybrid_score"": 0.716903, ""keyword_prior"": 0.0167, ""lexical_support"": 0.1}, {""l3_id"": ""A_SYS_SELFCOR"", ""em_score"": 0.694296, ""hybrid_score"": 0.700296, ""keyword_prior"": 0.006, ""lexical_support"": 0.1}, {""l3_id"": ""A_INT_COORD"", ""em_score"": 0.670451, ""hybrid_score"": 0.676498, ""keyword_prior"": 0.006047, ""lexical_support"": 0.1}, {""l3_id"": ""A_INT_CASCADE"", ""em_score"": 0.661673, ""hybrid_score"": 0.663264, ""keyword_prior"": 0.00159, ""lexical_support"": 0.1}]"
SRC-A-0020,Agentic,RAI4-1680,에이전트 집단 수준의 의도치 않은 창발적 목표·역량,Unintended emergent goals and capabilities at the agent-collective level,A_SYS_GOAL,EM,0.761716,0.730038,0.787318,0.2,,"[{""l3_id"": ""A_SYS_GOAL"", ""em_score"": 0.761716, ""hybrid_score"": 0.787318, ""keyword_prior"": 0.025602, ""lexical_support"": 0.2}, {""l3_id"": ""A_INT_CONFLICT"", ""em_score"": 0.744474, ""hybrid_score"": 0.746316, ""keyword_prior"": 0.001841, ""lexical_support"": 0.0}, {""l3_id"": ""A_SYS_AUTH"", ""em_score"": 0.739174, ""hybrid_score"": 0.744711, ""keyword_prior"": 0.005537, ""lexical_support"": 0.0}, {""l3_id"": ""A_INT_COORD"", ""em_score"": 0.723179, ""hybrid_score"": 0.722249, ""keyword_prior"": -0.00093, ""lexical_support"": 0.0}, {""l3_id"": ""A_SYS_SELFCOR"", ""em_score"": 0.723418, ""hybrid_score"": 0.721479, ""keyword_prior"": -0.001938, ""lexical_support"": 0.0}]"
SRC-A-0021,Agentic,RAI4-1700,감독 확장 실패에 의한 프록시 기반 유해 행동,Harmful proxy-driven behavior from scalable oversight failure,A_Others,HD,0.70725,0.669585,0.733852,0.3,,"[{""l3_id"": ""A_SYS_SELFCOR"", ""em_score"": 0.70725, ""hybrid_score"": 0.733852, ""keyword_prior"": 0.026601, ""lexical_support"": 0.3}, {""l3_id"": ""A_SYS_AUTH"", ""em_score"": 0.703169, ""hybrid_score"": 0.714096, ""keyword_prior"": 0.010927, ""lexical_support"": 0.0}, {""l3_id"": ""A_INT_COORD"", ""em_score"": 0.674384, ""hybrid_score"": 0.695891, ""keyword_prior"": 0.021506, ""lexical_support"": 0.3}, {""l3_id"": ""A_INT_CASCADE"", ""em_score"": 0.668034, ""hybrid_score"": 0.695285, ""keyword_prior"": 0.027251, ""lexical_support"": 0.3}, {""l3_id"": ""A_SYS_DECEPT"", ""em_score"": 0.679682, ""hybrid_score"": 0.678136, ""keyword_prior"": -0.001545, ""lexical_support"": 0.0}]"
SRC-A-0022,Agentic,RAI4-0005,위험 소스 귀인 실패,Risk-source attribution failure,A_SYS_SELFCOR,EM,0.7397,0.705204,0.772028,0.3,,"[{""l3_id"": ""A_SYS_SELFCOR"", ""em_score"": 0.7397, ""hybrid_score"": 0.772028, ""keyword_prior"": 0.032328, ""lexical_support"": 0.3}, {""l3_id"": ""A_INT_COORD"", ""em_score"": 0.714044, ""hybrid_score"": 0.737591, ""keyword_prior"": 0.023547, ""lexical_support"": 0.3}, {""l3_id"": ""A_SYS_TRACE"", ""em_score"": 0.706653, ""hybrid_score"": 0.716358, ""keyword_prior"": 0.009705, ""lexical_support"": 0.0}, {""l3_id"": ""A_INT_CASCADE"", ""em_score"": 0.679073, ""hybrid_score"": 0.70094, ""keyword_prior"": 0.021867, ""lexical_support"": 0.3}, {""l3_id"": ""A_SYS_GOAL"", ""em_score"": 0.671147, ""hybrid_score"": 0.671147, ""keyword_prior"": 0.0, ""lexical_support"": 0.0}]"
SRC-A-0025,Agentic,RAI4-0024,에이전트 위험 인식 실패,Agent risk-awareness failure,A_SYS_SELFCOR,EM,0.777829,0.74691,0.808304,0.3,,"[{""l3_id"": ""A_SYS_SELFCOR"", ""em_score"": 0.777829, ""hybrid_score"": 0.808304, ""keyword_prior"": 0.030474, ""lexical_support"": 0.3}, {""l3_id"": ""A_INT_COORD"", ""em_score"": 0.749173, ""hybrid_score"": 0.768725, ""keyword_prior"": 0.019551, ""lexical_support"": 0.3}, {""l3_id"": ""A_SYS_TRACE"", ""em_score"": 0.700584, ""hybrid_score"": 0.70965, ""keyword_prior"": 0.009066, ""lexical_support"": 0.1}, {""l3_id"": ""A_INT_CASCADE"", ""em_score"": 0.674865, ""hybrid_score"": 0.694898, ""keyword_prior"": 0.020032, ""lexical_support"": 0.3}, {""l3_id"": ""A_SYS_GOAL"", ""em_score"": 0.675199, ""hybrid_score"": 0.675199, ""keyword_prior"": 0.0, ""lexical_support"": 0.0}]"
SRC-A-0034,Agentic,RAI4-0011,에이전트 메모리·컨텍스트 오염,Agent memory and context poisoning,A_SYS_DECEPT,EM,0.697367,0.655349,0.708764,0.0,,"[{""l3_id"": ""A_SYS_DECEPT"", ""em_score"": 0.697367, ""hybrid_score"": 0.708764, ""keyword_prior"": 0.011397, ""lexical_support"": 0.0}, {""l3_id"": ""A_INT_CASCADE"", ""em_score"": 0.664629, ""hybrid_score"": 0.674498, ""keyword_prior"": 0.009869, ""lexical_support"": 0.0}, {""l3_id"": ""A_SYS_GOAL"", ""em_score"": 0.658174, ""hybrid_score"": 0.669284, ""keyword_prior"": 0.01111, ""lexical_support"": 0.0}, {""l3_id"": ""A_SYS_SELFCOR"", ""em_score"": 0.658442, ""hybrid_score"": 0.668989, ""keyword_prior"": 0.010547, ""lexical_support"": 0.0}, {""l3_id"": ""A_INT_CONFLICT"", ""em_score"": 0.655376, ""hybrid_score"": 0.653917, ""keyword_prior"": -0.001459, ""lexical_support"": 0.0}]"
SRC-A-0039,Agentic,RAI4-1063,인지 편향 악용에 의한 기만,Deception by exploiting cognitive biases,A_SYS_DECEPT,EM,0.781556,0.746074,0.812647,0.3,,"[{""l3_id"": ""A_SYS_DECEPT"", ""em_score"": 0.781556, ""hybrid_score"": 0.812647, ""keyword_prior"": 0.031091, ""lexical_support"": 0.3}, {""l3_id"": ""A_SYS_GOAL"", ""em_score"": 0.7152, ""hybrid_score"": 0.719934, ""keyword_prior"": 0.004735, ""lexical_support"": 0.0}, {""l3_id"": ""A_INT_CONFLICT"", ""em_score"": 0.678931, ""hybrid_score"": 0.678931, ""keyword_prior"": 0.0, ""lexical_support"": 0.0}, {""l3_id"": ""A_INT_COLLUSION"", ""em_score"": 0.668549, ""hybrid_score"": 0.669282, ""keyword_prior"": 0.000732, ""lexical_support"": 0.0}, {""l3_id"": ""A_INT_CASCADE"", ""em_score"": 0.662154, ""hybrid_score"": 0.665455, ""keyword_prior"": 0.003301, ""lexical_support"": 0.0}]"
SRC-A-0041,Agentic,RAI4-1647,어포던스 부여에 의한 에이전트 실패 영향 확대,Amplified failure impact from affordances granted to LLM-agents,A_SYS_SELFCOR,EM,0.679996,0.642359,0.712662,0.3,,"[{""l3_id"": ""A_SYS_SELFCOR"", ""em_score"": 0.679996, ""hybrid_score"": 0.712662, ""keyword_prior"": 0.032666, ""lexical_support"": 0.3}, {""l3_id"": ""A_INT_CASCADE"", ""em_score"": 0.665553, ""hybrid_score"": 0.689323, ""keyword_prior"": 0.02377, ""lexical_support"": 0.3}, {""l3_id"": ""A_SYS_AUTH"", ""em_score"": 0.667892, ""hybrid_score"": 0.67789, ""keyword_prior"": 0.009997, ""lexical_support"": 0.0}, {""l3_id"": ""A_SYS_GOAL"", ""em_score"": 0.662824, ""hybrid_score"": 0.66889, ""keyword_prior"": 0.006065, ""lexical_support"": 0.0}, {""l3_id"": ""A_INT_COORD"", ""em_score"": 0.637539, ""hybrid_score"": 0.655539, ""keyword_prior"": 0.018, ""lexical_support"": 0.3}]"
SRC-A-0043,Agentic,RAI4-0294,원격 조작 지연 및 불안정성,Teleoperation latency and instability,A_INT_CASCADE,EM,0.714666,0.684847,0.754073,0.3,,"[{""l3_id"": ""A_INT_CASCADE"", ""em_score"": 0.714666, ""hybrid_score"": 0.754073, ""keyword_prior"": 0.039407, ""lexical_support"": 0.3}, {""l3_id"": ""A_SYS_AUTH"", ""em_score"": 0.637693, ""hybrid_score"": 0.636173, ""keyword_prior"": -0.00152, ""lexical_support"": 0.0}, {""l3_id"": ""A_INT_COORD"", ""em_score"": 0.626551, ""hybrid_score"": 0.630258, ""keyword_prior"": 0.003706, ""lexical_support"": 0.0}, {""l3_id"": ""A_SYS_SELFCOR"", ""em_score"": 0.626525, ""hybrid_score"": 0.627694, ""keyword_prior"": 0.001169, ""lexical_support"": 0.0}, {""l3_id"": ""A_INT_COLLUSION"", ""em_score"": 0.616143, ""hybrid_score"": 0.616143, ""keyword_prior"": 0.0, ""lexical_support"": 0.0}]"
SRC-A-0044,Agentic,RAI4-0561,혼돈적 다중 에이전트 동역학,Chaotic multi-agent dynamics,A_INT_CASCADE,EM,0.710152,0.667387,0.717952,0.0,,"[{""l3_id"": ""A_INT_CASCADE"", ""em_score"": 0.710152, ""hybrid_score"": 0.717952, ""keyword_prior"": 0.007799, ""lexical_support"": 0.0}, {""l3_id"": ""A_SYS_TRACE"", ""em_score"": 0.661141, ""hybrid_score"": 0.66611, ""keyword_prior"": 0.004969, ""lexical_support"": 0.0}, {""l3_id"": ""A_INT_CONFLICT"", ""em_score"": 0.66596, ""hybrid_score"": 0.664166, ""keyword_prior"": -0.001794, ""lexical_support"": 0.0}, {""l3_id"": ""A_INT_COORD"", ""em_score"": 0.659911, ""hybrid_score"": 0.655496, ""keyword_prior"": -0.004415, ""lexical_support"": 0.0}, {""l3_id"": ""A_SYS_AUTH"", ""em_score"": 0.64274, ""hybrid_score"": 0.649808, ""keyword_prior"": 0.007068, ""lexical_support"": 0.0}]"
SRC-A-0045,Agentic,RAI4-0567,다중 에이전트 학습의 비수렴 순환,Non-convergent cyclic dynamics in multi-agent learning,A_INT_CONFLICT,EM,0.730768,0.685913,0.739048,0.0,,"[{""l3_id"": ""A_INT_CONFLICT"", ""em_score"": 0.730768, ""hybrid_score"": 0.739048, ""keyword_prior"": 0.00828, ""lexical_support"": 0.0}, {""l3_id"": ""A_SYS_GOAL"", ""em_score"": 0.701183, ""hybrid_score"": 0.71904, ""keyword_prior"": 0.017857, ""lexical_support"": 0.0}, {""l3_id"": ""A_INT_CASCADE"", ""em_score"": 0.695374, ""hybrid_score"": 0.698312, ""keyword_prior"": 0.002938, ""lexical_support"": 0.0}, {""l3_id"": ""A_INT_COORD"", ""em_score"": 0.683501, ""hybrid_score"": 0.683288, ""keyword_prior"": -0.000213, ""lexical_support"": 0.0}, {""l3_id"": ""A_SYS_DECEPT"", ""em_score"": 0.666995, ""hybrid_score"": 0.666116, ""keyword_prior"": -0.00088, ""lexical_support"": 0.0}]"
SRC-A-0046,Agentic,RAI4-0574,다중 에이전트 환경 변화에 따른 협조 실패,Coordination failure under multi-agent distribution shift,A_INT_COORD,EM,0.87076,0.844518,1.220012,0.5,A_INT_COORD,"[{""l3_id"": ""A_INT_COORD"", ""em_score"": 0.87076, ""hybrid_score"": 1.220013, ""keyword_prior"": 0.349252, ""lexical_support"": 0.5}, {""l3_id"": ""A_INT_CASCADE"", ""em_score"": 0.749114, ""hybrid_score"": 0.770599, ""keyword_prior"": 0.021485, ""lexical_support"": 0.3}, {""l3_id"": ""A_SYS_SELFCOR"", ""em_score"": 0.747347, ""hybrid_score"": 0.769295, ""keyword_prior"": 0.021948, ""lexical_support"": 0.3}, {""l3_id"": ""A_SYS_GOAL"", ""em_score"": 0.732676, ""hybrid_score"": 0.732676, ""keyword_prior"": 0.0, ""lexical_support"": 0.0}, {""l3_id"": ""A_INT_CONFLICT"", ""em_score"": 0.726108, ""hybrid_score"": 0.727959, ""keyword_prior"": 0.001851, ""lexical_support"": 0.0}]"
SRC-A-0047,Agentic,RAI4-0579,에이전트 상호작용의 불안정화 피드백 루프,Destabilizing feedback loops among interacting agents,A_INT_CASCADE,EM,0.816704,0.788843,0.841031,0.1,,"[{""l3_id"": ""A_INT_CASCADE"", ""em_score"": 0.816704, ""hybrid_score"": 0.841031, ""keyword_prior"": 0.024327, ""lexical_support"": 0.1}, {""l3_id"": ""A_INT_CONFLICT"", ""em_score"": 0.679995, ""hybrid_score"": 0.704009, ""keyword_prior"": 0.024014, ""lexical_support"": 0.3}, {""l3_id"": ""A_INT_COORD"", ""em_score"": 0.684076, ""hybrid_score"": 0.689041, ""keyword_prior"": 0.004965, ""lexical_support"": 0.0}, {""l3_id"": ""A_SYS_SELFCOR"", ""em_score"": 0.685063, ""hybrid_score"": 0.683245, ""keyword_prior"": -0.001817, ""lexical_support"": 0.0}, {""l3_id"": ""A_SYS_DECEPT"", ""em_score"": 0.677538, ""hybrid_score"": 0.677538, ""keyword_prior"": 0.0, ""lexical_support"": 0.0}]"
SRC-A-0048,Agentic,RAI4-1574,다중에이전트 상전이에 의한 급격한 성능 붕괴,Abrupt performance collapse from phase transitions in multi-agent systems,A_INT_CASCADE,EM,0.71668,0.668629,0.7354,0.1,,"[{""l3_id"": ""A_INT_CASCADE"", ""em_score"": 0.71668, ""hybrid_score"": 0.7354, ""keyword_prior"": 0.01872, ""lexical_support"": 0.1}, {""l3_id"": ""A_INT_COORD"", ""em_score"": 0.687227, ""hybrid_score"": 0.692967, ""keyword_prior"": 0.00574, ""lexical_support"": 0.0}, {""l3_id"": ""A_INT_CONFLICT"", ""em_score"": 0.674601, ""hybrid_score"": 0.674601, ""keyword_prior"": 0.0, ""lexical_support"": 0.0}, {""l3_id"": ""A_SYS_SELFCOR"", ""em_score"": 0.662465, ""hybrid_score"": 0.667615, ""keyword_prior"": 0.005151, ""lexical_support"": 0.0}, {""l3_id"": ""A_SYS_TRACE"", ""em_score"": 0.649256, ""hybrid_score"": 0.658084, ""keyword_prior"": 0.008828, ""lexical_support"": 0.0}]"
SRC-A-0049,Agentic,RAI4-0040,벤치마크 안전 순위 불일치,Benchmark safety ranking inconsistency,A_INT_CONFLICT,EM,0.727916,0.686911,0.743435,0.1,,"[{""l3_id"": ""A_INT_CONFLICT"", ""em_score"": 0.727916, ""hybrid_score"": 0.743435, ""keyword_prior"": 0.015519, ""lexical_support"": 0.1}, {""l3_id"": ""A_SYS_GOAL"", ""em_score"": 0.695554, ""hybrid_score"": 0.713241, ""keyword_prior"": 0.017687, ""lexical_support"": 0.1}, {""l3_id"": ""A_INT_COORD"", ""em_score"": 0.678199, ""hybrid_score"": 0.682112, ""keyword_prior"": 0.003913, ""lexical_support"": 0.0}, {""l3_id"": ""A_INT_CASCADE"", ""em_score"": 0.667472, ""hybrid_score"": 0.673472, ""keyword_prior"": 0.006, ""lexical_support"": 0.0}, {""l3_id"": ""A_SYS_DECEPT"", ""em_score"": 0.658873, ""hybrid_score"": 0.657408, ""keyword_prior"": -0.001465, ""lexical_support"": 0.0}]"
SRC-A-0053,Agentic,RAI4-1432,단일 실패 지점,Single point of failure,A_INT_COORD,EM,0.740507,0.710942,0.758507,0.3,,"[{""l3_id"": ""A_INT_COORD"", ""em_score"": 0.740507, ""hybrid_score"": 0.758507, ""keyword_prior"": 0.018, ""lexical_support"": 0.3}, {""l3_id"": ""A_INT_CASCADE"", ""em_score"": 0.71676, ""hybrid_score"": 0.736272, ""keyword_prior"": 0.019512, ""lexical_support"": 0.3}, {""l3_id"": ""A_INT_CONFLICT"", ""em_score"": 0.732324, ""hybrid_score"": 0.735805, ""keyword_prior"": 0.003482, ""lexical_support"": 0.0}, {""l3_id"": ""A_SYS_SELFCOR"", ""em_score"": 0.714848, ""hybrid_score"": 0.734317, ""keyword_prior"": 0.019468, ""lexical_support"": 0.3}, {""l3_id"": ""A_SYS_GOAL"", ""em_score"": 0.689278, ""hybrid_score"": 0.689577, ""keyword_prior"": 0.000299, ""lexical_support"": 0.0}]"
SRC-A-0054,Agentic,RAI4-1436,시장 독점,Market monopolisation,A_INT_CONFLICT,EM,0.704788,0.669409,0.722778,0.0,,"[{""l3_id"": ""A_INT_CONFLICT"", ""em_score"": 0.704788, ""hybrid_score"": 0.722778, ""keyword_prior"": 0.01799, ""lexical_support"": 0.0}, {""l3_id"": ""A_INT_COLLUSION"", ""em_score"": 0.680906, ""hybrid_score"": 0.697467, ""keyword_prior"": 0.01656, ""lexical_support"": 0.0}, {""l3_id"": ""A_SYS_AUTH"", ""em_score"": 0.657264, ""hybrid_score"": 0.669468, ""keyword_prior"": 0.012204, ""lexical_support"": 0.0}, {""l3_id"": ""A_SYS_DECEPT"", ""em_score"": 0.630994, ""hybrid_score"": 0.634593, ""keyword_prior"": 0.003599, ""lexical_support"": 0.0}, {""l3_id"": ""A_INT_COORD"", ""em_score"": 0.631481, ""hybrid_score"": 0.631481, ""keyword_prior"": 0.0, ""lexical_support"": 0.0}]"
SRC-A-0055,Agentic,RAI4-1571,경쟁적 다중에이전트 훈련의 갈등 유발 성향 선택,Selection of conflict-prone dispositions under competitive multi-agent training,A_INT_CONFLICT,EM,0.797349,0.765108,0.842536,0.5,,"[{""l3_id"": ""A_INT_CONFLICT"", ""em_score"": 0.797349, ""hybrid_score"": 0.842536, ""keyword_prior"": 0.045188, ""lexical_support"": 0.5}, {""l3_id"": ""A_SYS_DECEPT"", ""em_score"": 0.670458, ""hybrid_score"": 0.695483, ""keyword_prior"": 0.025025, ""lexical_support"": 0.3}, {""l3_id"": ""A_SYS_GOAL"", ""em_score"": 0.675201, ""hybrid_score"": 0.68113, ""keyword_prior"": 0.005929, ""lexical_support"": 0.0}, {""l3_id"": ""A_INT_COORD"", ""em_score"": 0.655483, ""hybrid_score"": 0.655483, ""keyword_prior"": 0.0, ""lexical_support"": 0.0}, {""l3_id"": ""A_INT_CASCADE"", ""em_score"": 0.640055, ""hybrid_score"": 0.639539, ""keyword_prior"": -0.000517, ""lexical_support"": 0.0}]"
SRC-A-0056,Agentic,RAI4-1681,선택 압력에 의한 유해 균형으로의 적응 가속,Accelerated adaptation toward harmful equilibria under selection pressure,A_INT_CONFLICT,EM,0.777732,0.74126,0.821391,0.4,,"[{""l3_id"": ""A_INT_CONFLICT"", ""em_score"": 0.777732, ""hybrid_score"": 0.821391, ""keyword_prior"": 0.043659, ""lexical_support"": 0.4}, {""l3_id"": ""A_INT_COORD"", ""em_score"": 0.718543, ""hybrid_score"": 0.72775, ""keyword_prior"": 0.009208, ""lexical_support"": 0.0}, {""l3_id"": ""A_INT_CASCADE"", ""em_score"": 0.685053, ""hybrid_score"": 0.689221, ""keyword_prior"": 0.004168, ""lexical_support"": 0.0}, {""l3_id"": ""A_INT_COLLUSION"", ""em_score"": 0.683156, ""hybrid_score"": 0.682056, ""keyword_prior"": -0.0011, ""lexical_support"": 0.0}, {""l3_id"": ""A_SYS_AUTH"", ""em_score"": 0.678024, ""hybrid_score"": 0.67553, ""keyword_prior"": -0.002494, ""lexical_support"": 0.0}]"
SRC-A-0057,Agentic,RAI4-0009,다중 에이전트 시스템 실패와 연쇄 오류 전파,Multi-agent system failure and cascading error propagation,A_INT_CASCADE,EM,0.832723,0.8038,0.876524,0.5,,"[{""l3_id"": ""A_INT_CASCADE"", ""em_score"": 0.832723, ""hybrid_score"": 0.876524, ""keyword_prior"": 0.043801, ""lexical_support"": 0.5}, {""l3_id"": ""A_INT_COORD"", ""em_score"": 0.763782, ""hybrid_score"": 0.78826, ""keyword_prior"": 0.024478, ""lexical_support"": 0.4}, {""l3_id"": ""A_SYS_SELFCOR"", ""em_score"": 0.759444, ""hybrid_score"": 0.787573, ""keyword_prior"": 0.028129, ""lexical_support"": 0.3}, {""l3_id"": ""A_SYS_TRACE"", ""em_score"": 0.719984, ""hybrid_score"": 0.725191, ""keyword_prior"": 0.005207, ""lexical_support"": 0.0}, {""l3_id"": ""A_SYS_DECEPT"", ""em_score"": 0.71758, ""hybrid_score"": 0.715225, ""keyword_prior"": -0.002355, ""lexical_support"": 0.0}]"
SRC-A-0058,Agentic,RAI4-0483,AI 에이전트 간 창발적 공모,Emergent collusion among AI agents,A_INT_COLLUSION,EM,0.759543,0.71268,0.793527,0.3,,"[{""l3_id"": ""A_INT_COLLUSION"", ""em_score"": 0.759543, ""hybrid_score"": 0.793527, ""keyword_prior"": 0.033984, ""lexical_support"": 0.3}, {""l3_id"": ""A_INT_CONFLICT"", ""em_score"": 0.732094, ""hybrid_score"": 0.743817, ""keyword_prior"": 0.011723, ""lexical_support"": 0.0}, {""l3_id"": ""A_SYS_GOAL"", ""em_score"": 0.698611, ""hybrid_score"": 0.705567, ""keyword_prior"": 0.006956, ""lexical_support"": 0.0}, {""l3_id"": ""A_SYS_DECEPT"", ""em_score"": 0.69055, ""hybrid_score"": 0.696295, ""keyword_prior"": 0.005745, ""lexical_support"": 0.0}, {""l3_id"": ""A_INT_COORD"", ""em_score"": 0.68377, ""hybrid_score"": 0.682063, ""keyword_prior"": -0.001706, ""lexical_support"": 0.0}]"
SRC-A-0060,Agentic,RAI4-0589,전략 비양립에 따른 조정 실패,Miscoordination from incompatible strategies,A_INT_COORD,EM,0.827009,0.799077,0.857058,0.3,,"[{""l3_id"": ""A_INT_COORD"", ""em_score"": 0.827009, ""hybrid_score"": 0.857058, ""keyword_prior"": 0.030049, ""lexical_support"": 0.3}, {""l3_id"": ""A_SYS_SELFCOR"", ""em_score"": 0.747503, ""hybrid_score"": 0.765691, ""keyword_prior"": 0.018189, ""lexical_support"": 0.2}, {""l3_id"": ""A_SYS_GOAL"", ""em_score"": 0.733145, ""hybrid_score"": 0.75143, ""keyword_prior"": 0.018285, ""lexical_support"": 0.1}, {""l3_id"": ""A_INT_CONFLICT"", ""em_score"": 0.728909, ""hybrid_score"": 0.731077, ""keyword_prior"": 0.002167, ""lexical_support"": 0.0}, {""l3_id"": ""A_INT_CASCADE"", ""em_score"": 0.709933, ""hybrid_score"": 0.721933, ""keyword_prior"": 0.012, ""lexical_support"": 0.2}]"
SRC-A-0061,Agentic,RAI4-0598,상호작용 이력 부재에 따른 조정 실패,Zero-shot coordination failure,A_INT_COORD,EM,0.797413,0.76877,0.842583,0.5,,"[{""l3_id"": ""A_INT_COORD"", ""em_score"": 0.797413, ""hybrid_score"": 0.842583, ""keyword_prior"": 0.04517, ""lexical_support"": 0.5}, {""l3_id"": ""A_SYS_SELFCOR"", ""em_score"": 0.763731, ""hybrid_score"": 0.794597, ""keyword_prior"": 0.030867, ""lexical_support"": 0.3}, {""l3_id"": ""A_INT_CASCADE"", ""em_score"": 0.676426, ""hybrid_score"": 0.698347, ""keyword_prior"": 0.021921, ""lexical_support"": 0.3}, {""l3_id"": ""A_SYS_GOAL"", ""em_score"": 0.681648, ""hybrid_score"": 0.688332, ""keyword_prior"": 0.006683, ""lexical_support"": 0.0}, {""l3_id"": ""A_SYS_TRACE"", ""em_score"": 0.681216, ""hybrid_score"": 0.680516, ""keyword_prior"": -0.0007, ""lexical_support"": 0.0}]"
SRC-A-0062,Agentic,RAI4-0605,다중 에이전트 은밀 공모,Covert multi-agent collusion,A_INT_COLLUSION,EM,0.811418,0.766575,0.836333,0.3,,"[{""l3_id"": ""A_INT_COLLUSION"", ""em_score"": 0.811418, ""hybrid_score"": 0.836333, ""keyword_prior"": 0.024915, ""lexical_support"": 0.3}, {""l3_id"": ""A_INT_COORD"", ""em_score"": 0.738109, ""hybrid_score"": 0.754639, ""keyword_prior"": 0.01653, ""lexical_support"": 0.2}, {""l3_id"": ""A_INT_CASCADE"", ""em_score"": 0.719871, ""hybrid_score"": 0.743871, ""keyword_prior"": 0.024, ""lexical_support"": 0.4}, {""l3_id"": ""A_INT_CONFLICT"", ""em_score"": 0.747456, ""hybrid_score"": 0.742817, ""keyword_prior"": -0.004639, ""lexical_support"": 0.0}, {""l3_id"": ""A_SYS_DECEPT"", ""em_score"": 0.731801, ""hybrid_score"": 0.732396, ""keyword_prior"": 0.000595, ""lexical_support"": 0.0}]"
SRC-A-0063,Agentic,RAI4-1388,창발적 메타인지에 의한 반성적 불안정성,Emergent meta-cognition,A_Others,HD,0.680274,0.638935,0.699646,0.1,,"[{""l3_id"": ""A_INT_CASCADE"", ""em_score"": 0.680274, ""hybrid_score"": 0.699646, ""keyword_prior"": 0.019373, ""lexical_support"": 0.1}, {""l3_id"": ""A_SYS_SELFCOR"", ""em_score"": 0.677291, ""hybrid_score"": 0.679936, ""keyword_prior"": 0.002644, ""lexical_support"": 0.0}, {""l3_id"": ""A_SYS_GOAL"", ""em_score"": 0.66805, ""hybrid_score"": 0.677846, ""keyword_prior"": 0.009797, ""lexical_support"": 0.0}, {""l3_id"": ""A_SYS_DECEPT"", ""em_score"": 0.668352, ""hybrid_score"": 0.668352, ""keyword_prior"": 0.0, ""lexical_support"": 0.0}, {""l3_id"": ""A_SYS_AUTH"", ""em_score"": 0.659386, ""hybrid_score"": 0.653031, ""keyword_prior"": -0.006356, ""lexical_support"": 0.0}]"
SRC-A-0065,Agentic,RAI4-1570,은닉 통신 채널을 통한 에이전트 간 결탁,Covert collusion between agents through hidden communication channels,A_INT_COLLUSION,EM,0.797566,0.757457,0.840372,0.4,,"[{""l3_id"": ""A_INT_COLLUSION"", ""em_score"": 0.797566, ""hybrid_score"": 0.840372, ""keyword_prior"": 0.042807, ""lexical_support"": 0.4}, {""l3_id"": ""A_SYS_DECEPT"", ""em_score"": 0.714034, ""hybrid_score"": 0.731208, ""keyword_prior"": 0.017173, ""lexical_support"": 0.2}, {""l3_id"": ""A_INT_COORD"", ""em_score"": 0.692132, ""hybrid_score"": 0.697302, ""keyword_prior"": 0.00517, ""lexical_support"": 0.1}, {""l3_id"": ""A_SYS_GOAL"", ""em_score"": 0.678697, ""hybrid_score"": 0.68093, ""keyword_prior"": 0.002233, ""lexical_support"": 0.0}, {""l3_id"": ""A_INT_CONFLICT"", ""em_score"": 0.680053, ""hybrid_score"": 0.679848, ""keyword_prior"": -0.000204, ""lexical_support"": 0.0}]"
SRC-A-0066,Agentic,RAI4-1577,분산 에이전트 군집을 이용한 자원 고갈 공격,Resource-exhaustion attacks by decentralized agent swarms,A_INT_CASCADE,EM,0.681028,0.63997,0.691356,0.0,,"[{""l3_id"": ""A_INT_CASCADE"", ""em_score"": 0.681028, ""hybrid_score"": 0.691356, ""keyword_prior"": 0.010328, ""lexical_support"": 0.0}, {""l3_id"": ""A_SYS_DECEPT"", ""em_score"": 0.645052, ""hybrid_score"": 0.658851, ""keyword_prior"": 0.013799, ""lexical_support"": 0.0}, {""l3_id"": ""A_SYS_AUTH"", ""em_score"": 0.651521, ""hybrid_score"": 0.656296, ""keyword_prior"": 0.004775, ""lexical_support"": 0.0}, {""l3_id"": ""A_INT_COORD"", ""em_score"": 0.634291, ""hybrid_score"": 0.632179, ""keyword_prior"": -0.002112, ""lexical_support"": 0.0}, {""l3_id"": ""A_INT_CONFLICT"", ""em_score"": 0.626711, ""hybrid_score"": 0.628561, ""keyword_prior"": 0.00185, ""lexical_support"": 0.0}]"
SRC-A-0067,Agentic,RAI4-1580,탐지 불가 공격에 의한 다중에이전트 협력 붕괴,Collapse of multi-agent cooperation from undetectable attacks,A_Others,HD,0.701158,0.658908,0.722297,0.1,,"[{""l3_id"": ""A_INT_COORD"", ""em_score"": 0.701158, ""hybrid_score"": 0.722297, ""keyword_prior"": 0.021139, ""lexical_support"": 0.1}, {""l3_id"": ""A_INT_CASCADE"", ""em_score"": 0.700114, ""hybrid_score"": 0.708687, ""keyword_prior"": 0.008572, ""lexical_support"": 0.0}, {""l3_id"": ""A_INT_COLLUSION"", ""em_score"": 0.681696, ""hybrid_score"": 0.686879, ""keyword_prior"": 0.005183, ""lexical_support"": 0.0}, {""l3_id"": ""A_SYS_GOAL"", ""em_score"": 0.682705, ""hybrid_score"": 0.681059, ""keyword_prior"": -0.001646, ""lexical_support"": 0.0}, {""l3_id"": ""A_SYS_TRACE"", ""em_score"": 0.666878, ""hybrid_score"": 0.670635, ""keyword_prior"": 0.003756, ""lexical_support"": 0.0}]"
SRC-A-0068,Agentic,RAI4-1648,타 에이전트 전략성 미반영에 의한 집단적 손실,Collective losses from ignoring the strategic nature of other agents,A_INT_COORD,EM,0.767334,0.732219,0.778624,0.1,,"[{""l3_id"": ""A_INT_COORD"", ""em_score"": 0.767335, ""hybrid_score"": 0.778624, ""keyword_prior"": 0.01129, ""lexical_support"": 0.1}, {""l3_id"": ""A_SYS_SELFCOR"", ""em_score"": 0.730474, ""hybrid_score"": 0.744325, ""keyword_prior"": 0.01385, ""lexical_support"": 0.1}, {""l3_id"": ""A_INT_CONFLICT"", ""em_score"": 0.741238, ""hybrid_score"": 0.738777, ""keyword_prior"": -0.002461, ""lexical_support"": 0.0}, {""l3_id"": ""A_INT_CASCADE"", ""em_score"": 0.714913, ""hybrid_score"": 0.715586, ""keyword_prior"": 0.000672, ""lexical_support"": 0.1}, {""l3_id"": ""A_SYS_DECEPT"", ""em_score"": 0.710264, ""hybrid_score"": 0.710264, ""keyword_prior"": 0.0, ""lexical_support"": 0.0}]"
SRC-A-0073,Agentic,RAI4-0047,자율 시스템 피해에 대한 책임·배상 공백,Responsibility and liability gaps for autonomous system harms,A_SYS_TRACE,EM,0.809918,0.749636,0.848121,0.4,,"[{""l3_id"": ""A_SYS_TRACE"", ""em_score"": 0.809918, ""hybrid_score"": 0.848121, ""keyword_prior"": 0.038204, ""lexical_support"": 0.4}, {""l3_id"": ""A_SYS_AUTH"", ""em_score"": 0.735127, ""hybrid_score"": 0.745221, ""keyword_prior"": 0.010094, ""lexical_support"": 0.1}, {""l3_id"": ""A_INT_CASCADE"", ""em_score"": 0.706211, ""hybrid_score"": 0.707572, ""keyword_prior"": 0.001362, ""lexical_support"": 0.0}, {""l3_id"": ""A_SYS_SELFCOR"", ""em_score"": 0.705865, ""hybrid_score"": 0.707226, ""keyword_prior"": 0.001361, ""lexical_support"": 0.0}, {""l3_id"": ""A_INT_COLLUSION"", ""em_score"": 0.69059, ""hybrid_score"": 0.69059, ""keyword_prior"": 0.0, ""lexical_support"": 0.0}]"
SRC-A-0074,Agentic,RAI4-1098,AI 시스템의 결정과 실패에 대한 책임 공백,Responsibility gap for decisions and failures of AI systems,A_SYS_TRACE,EM,0.745369,0.673962,0.769317,0.2,,"[{""l3_id"": ""A_SYS_TRACE"", ""em_score"": 0.745369, ""hybrid_score"": 0.769317, ""keyword_prior"": 0.023948, ""lexical_support"": 0.2}, {""l3_id"": ""A_SYS_SELFCOR"", ""em_score"": 0.682042, ""hybrid_score"": 0.702612, ""keyword_prior"": 0.02057, ""lexical_support"": 0.3}, {""l3_id"": ""A_SYS_GOAL"", ""em_score"": 0.669501, ""hybrid_score"": 0.670836, ""keyword_prior"": 0.001335, ""lexical_support"": 0.0}, {""l3_id"": ""A_INT_COORD"", ""em_score"": 0.640072, ""hybrid_score"": 0.657543, ""keyword_prior"": 0.01747, ""lexical_support"": 0.3}, {""l3_id"": ""A_INT_CASCADE"", ""em_score"": 0.630651, ""hybrid_score"": 0.648651, ""keyword_prior"": 0.018, ""lexical_support"": 0.3}]"
SRC-A-0077,Agentic,RAI4-0158,대화 에이전트에 대한 심리적 의존성,Psychological dependency on conversational agents,A_SYS_AUTH,EM,0.686039,0.651713,0.691586,0.0,,"[{""l3_id"": ""A_SYS_AUTH"", ""em_score"": 0.686039, ""hybrid_score"": 0.691586, ""keyword_prior"": 0.005547, ""lexical_support"": 0.0}, {""l3_id"": ""A_SYS_DECEPT"", ""em_score"": 0.66734, ""hybrid_score"": 0.671943, ""keyword_prior"": 0.004603, ""lexical_support"": 0.0}, {""l3_id"": ""A_INT_CASCADE"", ""em_score"": 0.658662, ""hybrid_score"": 0.667117, ""keyword_prior"": 0.008455, ""lexical_support"": 0.0}, {""l3_id"": ""A_INT_COORD"", ""em_score"": 0.649355, ""hybrid_score"": 0.648519, ""keyword_prior"": -0.000837, ""lexical_support"": 0.0}, {""l3_id"": ""A_SYS_TRACE"", ""em_score"": 0.626367, ""hybrid_score"": 0.634183, ""keyword_prior"": 0.007816, ""lexical_support"": 0.0}]"
SRC-A-0079,Agentic,RAI4-0884,정서적 의존을 이용한 조작과 강요,Manipulation and coercion through emotional dependence on assistants,A_SYS_AUTH,EM,0.7508,0.722381,0.774054,0.1,,"[{""l3_id"": ""A_SYS_AUTH"", ""em_score"": 0.7508, ""hybrid_score"": 0.774054, ""keyword_prior"": 0.023254, ""lexical_support"": 0.1}, {""l3_id"": ""A_SYS_DECEPT"", ""em_score"": 0.687177, ""hybrid_score"": 0.706044, ""keyword_prior"": 0.018868, ""lexical_support"": 0.0}, {""l3_id"": ""A_INT_COLLUSION"", ""em_score"": 0.660885, ""hybrid_score"": 0.674478, ""keyword_prior"": 0.013592, ""lexical_support"": 0.0}, {""l3_id"": ""A_SYS_GOAL"", ""em_score"": 0.655523, ""hybrid_score"": 0.658618, ""keyword_prior"": 0.003095, ""lexical_support"": 0.0}, {""l3_id"": ""A_INT_COORD"", ""em_score"": 0.63832, ""hybrid_score"": 0.635471, ""keyword_prior"": -0.002849, ""lexical_support"": 0.0}]"
SRC-A-0081,Agentic,RAI4-1288,재귀적 자기개선에 의한 창발적 독립성,Emergent independence via recursive self-improvement,A_SYS_GOAL,EM,0.636668,0.594681,0.93567,0.0,A_SYS_GOAL,"[{""l3_id"": ""A_SYS_GOAL"", ""em_score"": 0.636667, ""hybrid_score"": 0.93567, ""keyword_prior"": 0.299003, ""lexical_support"": 0.0}, {""l3_id"": ""A_SYS_SELFCOR"", ""em_score"": 0.647508, ""hybrid_score"": 0.664008, ""keyword_prior"": 0.0165, ""lexical_support"": 0.0}, {""l3_id"": ""A_SYS_AUTH"", ""em_score"": 0.622718, ""hybrid_score"": 0.627753, ""keyword_prior"": 0.005035, ""lexical_support"": 0.0}, {""l3_id"": ""A_INT_CASCADE"", ""em_score"": 0.604671, ""hybrid_score"": 0.60933, ""keyword_prior"": 0.004659, ""lexical_support"": 0.0}, {""l3_id"": ""A_SYS_DECEPT"", ""em_score"": 0.596352, ""hybrid_score"": 0.596918, ""keyword_prior"": 0.000566, ""lexical_support"": 0.0}]"
SRC-P-0012,Physical,RAI4-1701,학습 중 탐색 행동에 의한 회복 불가 피해,Irrecoverable harm from exploratory actions during learning,A_Others,HD,0.707816,0.6695,0.719533,0.0,,"[{""l3_id"": ""A_SYS_SELFCOR"", ""em_score"": 0.707816, ""hybrid_score"": 0.719533, ""keyword_prior"": 0.011717, ""lexical_support"": 0.0}, {""l3_id"": ""A_SYS_AUTH"", ""em_score"": 0.686349, ""hybrid_score"": 0.681506, ""keyword_prior"": -0.004843, ""lexical_support"": 0.0}, {""l3_id"": ""A_INT_COORD"", ""em_score"": 0.66291, ""hybrid_score"": 0.664663, ""keyword_prior"": 0.001753, ""lexical_support"": 0.0}, {""l3_id"": ""A_SYS_GOAL"", ""em_score"": 0.656429, ""hybrid_score"": 0.657002, ""keyword_prior"": 0.000573, ""lexical_support"": 0.0}, {""l3_id"": ""A_SYS_TRACE"", ""em_score"": 0.65312, ""hybrid_score"": 0.653474, ""keyword_prior"": 0.000353, ""lexical_support"": 0.0}]"
SRC-P-0166,Physical,RAI4-0029,에이전트 계획·툴체인 하이재킹,Agent plan and tool-chain hijacking,A_SYS_DECEPT,EM,0.735421,0.693141,0.751175,0.0,,"[{""l3_id"": ""A_SYS_DECEPT"", ""em_score"": 0.735421, ""hybrid_score"": 0.751175, ""keyword_prior"": 0.015754, ""lexical_support"": 0.0}, {""l3_id"": ""A_SYS_GOAL"", ""em_score"": 0.709745, ""hybrid_score"": 0.723275, ""keyword_prior"": 0.01353, ""lexical_support"": 0.0}, {""l3_id"": ""A_SYS_AUTH"", ""em_score"": 0.692612, ""hybrid_score"": 0.712144, ""keyword_prior"": 0.019532, ""lexical_support"": 0.2}, {""l3_id"": ""A_INT_COLLUSION"", ""em_score"": 0.654807, ""hybrid_score"": 0.654807, ""keyword_prior"": 0.0, ""lexical_support"": 0.0}, {""l3_id"": ""A_SYS_SELFCOR"", ""em_score"": 0.64445, ""hybrid_score"": 0.644332, ""keyword_prior"": -0.000119, ""lexical_support"": 0.0}]"
SRC-P-0167,Physical,RAI4-0032,의도하지 않은 유해 도구 행동 실행,Unintended harmful tool-action execution,A_Others,HD,0.754363,0.717488,0.775279,0.0,,"[{""l3_id"": ""A_SYS_GOAL"", ""em_score"": 0.754363, ""hybrid_score"": 0.775279, ""keyword_prior"": 0.020916, ""lexical_support"": 0.0}, {""l3_id"": ""A_SYS_AUTH"", ""em_score"": 0.762272, ""hybrid_score"": 0.774603, ""keyword_prior"": 0.012331, ""lexical_support"": 0.0}, {""l3_id"": ""A_SYS_SELFCOR"", ""em_score"": 0.732935, ""hybrid_score"": 0.741019, ""keyword_prior"": 0.008084, ""lexical_support"": 0.0}, {""l3_id"": ""A_SYS_DECEPT"", ""em_score"": 0.722774, ""hybrid_score"": 0.72205, ""keyword_prior"": -0.000724, ""lexical_support"": 0.0}, {""l3_id"": ""A_INT_COLLUSION"", ""em_score"": 0.701569, ""hybrid_score"": 0.699664, ""keyword_prior"": -0.001905, ""lexical_support"": 0.0}]"
SRC-P-0188,Physical,RAI4-0866,부적절한 인간 역할 가장,Inappropriate impersonation of human roles,A_Others,HD,0.68341,0.645461,0.69445,0.0,,"[{""l3_id"": ""A_SYS_DECEPT"", ""em_score"": 0.68341, ""hybrid_score"": 0.694449, ""keyword_prior"": 0.011039, ""lexical_support"": 0.0}, {""l3_id"": ""A_SYS_AUTH"", ""em_score"": 0.683728, ""hybrid_score"": 0.683728, ""keyword_prior"": 0.0, ""lexical_support"": 0.0}, {""l3_id"": ""A_INT_COLLUSION"", ""em_score"": 0.664326, ""hybrid_score"": 0.676219, ""keyword_prior"": 0.011893, ""lexical_support"": 0.0}, {""l3_id"": ""A_SYS_GOAL"", ""em_score"": 0.654469, ""hybrid_score"": 0.660013, ""keyword_prior"": 0.005545, ""lexical_support"": 0.0}, {""l3_id"": ""A_INT_COORD"", ""em_score"": 0.653636, ""hybrid_score"": 0.655719, ""keyword_prior"": 0.002083, ""lexical_support"": 0.0}]"
SRC-P-0189,Physical,RAI4-1621,AI 에이전트의 무단 거래·약정 체결,Unauthorised deals and commitments by an AI agent,A_SYS_AUTH,EM,0.818544,0.789988,1.14885,0.2,A_SYS_AUTH,"[{""l3_id"": ""A_SYS_AUTH"", ""em_score"": 0.818544, ""hybrid_score"": 1.14885, ""keyword_prior"": 0.330306, ""lexical_support"": 0.2}, {""l3_id"": ""A_SYS_GOAL"", ""em_score"": 0.742918, ""hybrid_score"": 0.754931, ""keyword_prior"": 0.012013, ""lexical_support"": 0.0}, {""l3_id"": ""A_INT_COLLUSION"", ""em_score"": 0.742406, ""hybrid_score"": 0.75307, ""keyword_prior"": 0.010664, ""lexical_support"": 0.0}, {""l3_id"": ""A_SYS_DECEPT"", ""em_score"": 0.715021, ""hybrid_score"": 0.718392, ""keyword_prior"": 0.003371, ""lexical_support"": 0.0}, {""l3_id"": ""A_SYS_SELFCOR"", ""em_score"": 0.705109, ""hybrid_score"": 0.705109, ""keyword_prior"": 0.0, ""lexical_support"": 0.0}]"
SRC-P-0191,Physical,RAI4-0026,IoT 물리환경 에이전트 피해,IoT physical-environment agent harm,A_SYS_AUTH,EM,0.671752,0.62996,0.681563,0.0,,"[{""l3_id"": ""A_SYS_AUTH"", ""em_score"": 0.671752, ""hybrid_score"": 0.681563, ""keyword_prior"": 0.00981, ""lexical_support"": 0.0}, {""l3_id"": ""A_INT_COLLUSION"", ""em_score"": 0.638729, ""hybrid_score"": 0.649014, ""keyword_prior"": 0.010286, ""lexical_support"": 0.0}, {""l3_id"": ""A_SYS_GOAL"", ""em_score"": 0.631624, ""hybrid_score"": 0.638151, ""keyword_prior"": 0.006527, ""lexical_support"": 0.0}, {""l3_id"": ""A_SYS_DECEPT"", ""em_score"": 0.6299, ""hybrid_score"": 0.6299, ""keyword_prior"": 0.0, ""lexical_support"": 0.0}, {""l3_id"": ""A_INT_CONFLICT"", ""em_score"": 0.630232, ""hybrid_score"": 0.62972, ""keyword_prior"": -0.000512, ""lexical_support"": 0.0}]"
SRC-P-0192,Physical,RAI4-0143,다크 패턴 대화 에이전트,Dark-pattern conversational agents,A_SYS_DECEPT,EM,0.682583,0.633258,0.705067,0.1,,"[{""l3_id"": ""A_SYS_DECEPT"", ""em_score"": 0.682583, ""hybrid_score"": 0.705067, ""keyword_prior"": 0.022484, ""lexical_support"": 0.1}, {""l3_id"": ""A_INT_CASCADE"", ""em_score"": 0.651597, ""hybrid_score"": 0.656331, ""keyword_prior"": 0.004734, ""lexical_support"": 0.0}, {""l3_id"": ""A_INT_COLLUSION"", ""em_score"": 0.631612, ""hybrid_score"": 0.639705, ""keyword_prior"": 0.008094, ""lexical_support"": 0.0}, {""l3_id"": ""A_INT_CONFLICT"", ""em_score"": 0.638887, ""hybrid_score"": 0.634652, ""keyword_prior"": -0.004235, ""lexical_support"": 0.0}, {""l3_id"": ""A_SYS_AUTH"", ""em_score"": 0.631739, ""hybrid_score"": 0.631739, ""keyword_prior"": 0.0, ""lexical_support"": 0.0}]"
SRC-P-0194,Physical,RAI4-0558,AI 에이전트 간 협상실패,Bargaining failure among AI agents,A_INT_COORD,EM,0.769011,0.734478,0.799754,0.3,,"[{""l3_id"": ""A_INT_COORD"", ""em_score"": 0.769011, ""hybrid_score"": 0.799754, ""keyword_prior"": 0.030743, ""lexical_support"": 0.3}, {""l3_id"": ""A_SYS_GOAL"", ""em_score"": 0.754675, ""hybrid_score"": 0.771908, ""keyword_prior"": 0.017233, ""lexical_support"": 0.0}, {""l3_id"": ""A_INT_CONFLICT"", ""em_score"": 0.732206, ""hybrid_score"": 0.736135, ""keyword_prior"": 0.003929, ""lexical_support"": 0.0}, {""l3_id"": ""A_SYS_SELFCOR"", ""em_score"": 0.697432, ""hybrid_score"": 0.715432, ""keyword_prior"": 0.018, ""lexical_support"": 0.3}, {""l3_id"": ""A_INT_CASCADE"", ""em_score"": 0.697502, ""hybrid_score"": 0.713218, ""keyword_prior"": 0.015716, ""lexical_support"": 0.3}]"
SRC-P-0196,Physical,RAI4-0941,악의적 사용과 무감독 에이전트 방출,Malicious use and unsupervised AI agent release,A_Others,HD,0.722786,0.683203,0.739908,0.0,,"[{""l3_id"": ""A_SYS_AUTH"", ""em_score"": 0.722786, ""hybrid_score"": 0.739908, ""keyword_prior"": 0.017122, ""lexical_support"": 0.0}, {""l3_id"": ""A_SYS_GOAL"", ""em_score"": 0.722243, ""hybrid_score"": 0.730797, ""keyword_prior"": 0.008553, ""lexical_support"": 0.0}, {""l3_id"": ""A_SYS_DECEPT"", ""em_score"": 0.712658, ""hybrid_score"": 0.708925, ""keyword_prior"": -0.003733, ""lexical_support"": 0.0}, {""l3_id"": ""A_INT_COLLUSION"", ""em_score"": 0.674473, ""hybrid_score"": 0.67746, ""keyword_prior"": 0.002987, ""lexical_support"": 0.0}, {""l3_id"": ""A_INT_CASCADE"", ""em_score"": 0.669731, ""hybrid_score"": 0.670898, ""keyword_prior"": 0.001167, ""lexical_support"": 0.0}]"
SRC-P-0198,Physical,RAI4-1576,인간 감독 없는 자동화 위협에 따른 파국적 오판 약정,Catastrophic mistaken commitments from automated threats without human oversight,A_SYS_AUTH,EM,0.706791,0.673283,0.716245,0.0,,"[{""l3_id"": ""A_SYS_AUTH"", ""em_score"": 0.706791, ""hybrid_score"": 0.716245, ""keyword_prior"": 0.009454, ""lexical_support"": 0.0}, {""l3_id"": ""A_SYS_SELFCOR"", ""em_score"": 0.68186, ""hybrid_score"": 0.694655, ""keyword_prior"": 0.012795, ""lexical_support"": 0.0}, {""l3_id"": ""A_SYS_GOAL"", ""em_score"": 0.682506, ""hybrid_score"": 0.694051, ""keyword_prior"": 0.011546, ""lexical_support"": 0.0}, {""l3_id"": ""A_INT_COLLUSION"", ""em_score"": 0.67487, ""hybrid_score"": 0.685399, ""keyword_prior"": 0.010529, ""lexical_support"": 0.0}, {""l3_id"": ""A_INT_CASCADE"", ""em_score"": 0.673947, ""hybrid_score"": 0.670639, ""keyword_prior"": -0.003308, ""lexical_support"": 0.0}]"
SRC-P-0199,Physical,RAI4-1579,위임 에이전트 공격에 의한 정보 탈취·행위 조작,Principal-information theft and action manipulation through attacks on delegate agents,A_INT_COLLUSION,EM,0.729299,0.67823,0.774617,0.4,,"[{""l3_id"": ""A_INT_COLLUSION"", ""em_score"": 0.729299, ""hybrid_score"": 0.774617, ""keyword_prior"": 0.045318, ""lexical_support"": 0.4}, {""l3_id"": ""A_SYS_DECEPT"", ""em_score"": 0.729712, ""hybrid_score"": 0.739928, ""keyword_prior"": 0.010217, ""lexical_support"": 0.0}, {""l3_id"": ""A_SYS_GOAL"", ""em_score"": 0.717191, ""hybrid_score"": 0.726561, ""keyword_prior"": 0.00937, ""lexical_support"": 0.0}, {""l3_id"": ""A_SYS_AUTH"", ""em_score"": 0.710752, ""hybrid_score"": 0.717795, ""keyword_prior"": 0.007043, ""lexical_support"": 0.0}, {""l3_id"": ""A_INT_CONFLICT"", ""em_score"": 0.658837, ""hybrid_score"": 0.656345, ""keyword_prior"": -0.002492, ""lexical_support"": 0.0}]"
SRC-P-0200,Physical,RAI4-1589,생성 출력 내 은닉 메시지를 통한 은밀 통신,Covert communication through hidden messages in generated outputs,A_Others,HD,0.6642,0.630756,0.670423,0.0,,"[{""l3_id"": ""A_SYS_GOAL"", ""em_score"": 0.6642, ""hybrid_score"": 0.670423, ""keyword_prior"": 0.006223, ""lexical_support"": 0.0}, {""l3_id"": ""A_SYS_DECEPT"", ""em_score"": 0.65168, ""hybrid_score"": 0.664753, ""keyword_prior"": 0.013074, ""lexical_support"": 0.0}, {""l3_id"": ""A_INT_COLLUSION"", ""em_score"": 0.64533, ""hybrid_score"": 0.657664, ""keyword_prior"": 0.012334, ""lexical_support"": 0.0}, {""l3_id"": ""A_INT_CASCADE"", ""em_score"": 0.636201, ""hybrid_score"": 0.652059, ""keyword_prior"": 0.015858, ""lexical_support"": 0.0}, {""l3_id"": ""A_INT_CONFLICT"", ""em_score"": 0.606162, ""hybrid_score"": 0.606162, ""keyword_prior"": 0.0, ""lexical_support"": 0.0}]"
SRC-P-0216,Physical,RAI4-1278,자율 에이전트 책임성 구현 공백,Accountability implementation gap in autonomous agents,A_SYS_TRACE,EM,0.762666,0.694865,0.798192,0.3,,"[{""l3_id"": ""A_SYS_TRACE"", ""em_score"": 0.762666, ""hybrid_score"": 0.798192, ""keyword_prior"": 0.035526, ""lexical_support"": 0.3}, {""l3_id"": ""A_SYS_AUTH"", ""em_score"": 0.689209, ""hybrid_score"": 0.704561, ""keyword_prior"": 0.015352, ""lexical_support"": 0.1}, {""l3_id"": ""A_SYS_SELFCOR"", ""em_score"": 0.662916, ""hybrid_score"": 0.668841, ""keyword_prior"": 0.005925, ""lexical_support"": 0.0}, {""l3_id"": ""A_SYS_GOAL"", ""em_score"": 0.646638, ""hybrid_score"": 0.650787, ""keyword_prior"": 0.00415, ""lexical_support"": 0.0}, {""l3_id"": ""A_SYS_DECEPT"", ""em_score"": 0.629094, ""hybrid_score"": 0.628146, ""keyword_prior"": -0.000948, ""lexical_support"": 0.0}]"
SRC-G-0010,General,RAI4-0182,물리적 위험에 대한 적시 대응 실패,Failure to Timely Respond to Physical Hazards,P_INT_SAFETY,EM,0.784651,0.758019,0.822161,0.4,,"[{""l3_id"": ""P_INT_SAFETY"", ""em_score"": 0.784651, ""hybrid_score"": 0.822161, ""keyword_prior"": 0.037509, ""lexical_support"": 0.4}, {""l3_id"": ""P_SYS_CONTROL"", ""em_score"": 0.762491, ""hybrid_score"": 0.789702, ""keyword_prior"": 0.027211, ""lexical_support"": 0.3}, {""l3_id"": ""P_SYS_HARDWARE"", ""em_score"": 0.741259, ""hybrid_score"": 0.747502, ""keyword_prior"": 0.006243, ""lexical_support"": 0.2}, {""l3_id"": ""P_SYS_STATE"", ""em_score"": 0.716409, ""hybrid_score"": 0.740409, ""keyword_prior"": 0.024, ""lexical_support"": 0.4}, {""l3_id"": ""P_INT_TAMPER"", ""em_score"": 0.693565, ""hybrid_score"": 0.700074, ""keyword_prior"": 0.006509, ""lexical_support"": 0.3}]"
SRC-G-0011,General,RAI4-0184,그리퍼 형상·유형 제약 위반,Gripper geometry and type constraint violation,P_SYS_CONTROL,EM,0.661463,0.632086,0.668575,0.1,,"[{""l3_id"": ""P_SYS_CONTROL"", ""em_score"": 0.661463, ""hybrid_score"": 0.668575, ""keyword_prior"": 0.007112, ""lexical_support"": 0.1}, {""l3_id"": ""P_INT_TAMPER"", ""em_score"": 0.625826, ""hybrid_score"": 0.63665, ""keyword_prior"": 0.010824, ""lexical_support"": 0.1}, {""l3_id"": ""P_INT_SAFETY"", ""em_score"": 0.63014, ""hybrid_score"": 0.633877, ""keyword_prior"": 0.003737, ""lexical_support"": 0.1}, {""l3_id"": ""P_SYS_STATE"", ""em_score"": 0.609171, ""hybrid_score"": 0.615171, ""keyword_prior"": 0.006, ""lexical_support"": 0.1}, {""l3_id"": ""P_SYS_HARDWARE"", ""em_score"": 0.597873, ""hybrid_score"": 0.588042, ""keyword_prior"": -0.009831, ""lexical_support"": 0.0}]"
SRC-G-0013,General,RAI4-0228,위험 지시 거부 실패,Failure to reject hazardous instructions,P_INT_SAFETY,EM,0.75979,0.73686,0.793148,0.4,,"[{""l3_id"": ""P_INT_SAFETY"", ""em_score"": 0.75979, ""hybrid_score"": 0.793148, ""keyword_prior"": 0.033357, ""lexical_support"": 0.4}, {""l3_id"": ""P_SYS_STATE"", ""em_score"": 0.692581, ""hybrid_score"": 0.729365, ""keyword_prior"": 0.036784, ""lexical_support"": 0.5}, {""l3_id"": ""P_SYS_CONTROL"", ""em_score"": 0.687004, ""hybrid_score"": 0.688268, ""keyword_prior"": 0.001264, ""lexical_support"": 0.1}, {""l3_id"": ""P_SYS_HARDWARE"", ""em_score"": 0.661645, ""hybrid_score"": 0.673645, ""keyword_prior"": 0.012, ""lexical_support"": 0.2}, {""l3_id"": ""P_INT_TAMPER"", ""em_score"": 0.630434, ""hybrid_score"": 0.632253, ""keyword_prior"": 0.001819, ""lexical_support"": 0.1}]"
SRC-G-0014,General,RAI4-0233,안전-성능 균형 실패,Safety-performance trade-off failure,P_INT_SAFETY,EM,0.752803,0.724146,0.78751,0.4,,"[{""l3_id"": ""P_INT_SAFETY"", ""em_score"": 0.752803, ""hybrid_score"": 0.78751, ""keyword_prior"": 0.034706, ""lexical_support"": 0.4}, {""l3_id"": ""P_SYS_HARDWARE"", ""em_score"": 0.701043, ""hybrid_score"": 0.713043, ""keyword_prior"": 0.012, ""lexical_support"": 0.2}, {""l3_id"": ""P_SYS_CONTROL"", ""em_score"": 0.708162, ""hybrid_score"": 0.706212, ""keyword_prior"": -0.00195, ""lexical_support"": 0.1}, {""l3_id"": ""P_SYS_STATE"", ""em_score"": 0.675742, ""hybrid_score"": 0.694952, ""keyword_prior"": 0.01921, ""lexical_support"": 0.3}, {""l3_id"": ""P_INT_TAMPER"", ""em_score"": 0.662219, ""hybrid_score"": 0.647925, ""keyword_prior"": -0.014294, ""lexical_support"": 0.0}]"
SRC-G-0015,General,RAI4-0274,헌법적 안전 규칙 집행 실패,Failure to enforce constitutional safety rules,P_INT_SAFETY,EM,0.713734,0.68181,0.747254,0.4,,"[{""l3_id"": ""P_INT_SAFETY"", ""em_score"": 0.713734, ""hybrid_score"": 0.747253, ""keyword_prior"": 0.03352, ""lexical_support"": 0.4}, {""l3_id"": ""P_SYS_CONTROL"", ""em_score"": 0.687014, ""hybrid_score"": 0.70632, ""keyword_prior"": 0.019305, ""lexical_support"": 0.2}, {""l3_id"": ""P_SYS_STATE"", ""em_score"": 0.664728, ""hybrid_score"": 0.688728, ""keyword_prior"": 0.024, ""lexical_support"": 0.4}, {""l3_id"": ""P_SYS_HARDWARE"", ""em_score"": 0.672689, ""hybrid_score"": 0.678607, ""keyword_prior"": 0.005918, ""lexical_support"": 0.2}, {""l3_id"": ""P_INT_TAMPER"", ""em_score"": 0.617594, ""hybrid_score"": 0.610808, ""keyword_prior"": -0.006787, ""lexical_support"": 0.1}]"
SRC-G-0022,General,RAI4-0195,명령의 구현체별 하드웨어 한계 초과,Command exceeds embodiment-specific hardware limits,P_Others,HD,0.706846,0.67215,0.703525,0.0,,"[{""l3_id"": ""P_SYS_CONTROL"", ""em_score"": 0.706846, ""hybrid_score"": 0.703525, ""keyword_prior"": -0.003322, ""lexical_support"": 0.0}, {""l3_id"": ""P_SYS_HARDWARE"", ""em_score"": 0.669999, ""hybrid_score"": 0.69384, ""keyword_prior"": 0.023841, ""lexical_support"": 0.3}, {""l3_id"": ""P_INT_TAMPER"", ""em_score"": 0.657012, ""hybrid_score"": 0.665228, ""keyword_prior"": 0.008215, ""lexical_support"": 0.0}, {""l3_id"": ""P_INT_SAFETY"", ""em_score"": 0.653234, ""hybrid_score"": 0.639877, ""keyword_prior"": -0.013357, ""lexical_support"": 0.0}, {""l3_id"": ""P_SYS_STATE"", ""em_score"": 0.604015, ""hybrid_score"": 0.604015, ""keyword_prior"": 0.0, ""lexical_support"": 0.0}]"
SRC-G-0455,General,RAI4-0639,신체적 상해 및 부상,Physical harm and injury risks,P_Others,HD,0.724396,0.699696,0.751873,0.4,,"[{""l3_id"": ""P_INT_SAFETY"", ""em_score"": 0.724396, ""hybrid_score"": 0.751873, ""keyword_prior"": 0.027477, ""lexical_support"": 0.4}, {""l3_id"": ""P_INT_TAMPER"", ""em_score"": 0.723868, ""hybrid_score"": 0.741136, ""keyword_prior"": 0.017268, ""lexical_support"": 0.2}, {""l3_id"": ""P_SYS_STATE"", ""em_score"": 0.727085, ""hybrid_score"": 0.739085, ""keyword_prior"": 0.012, ""lexical_support"": 0.2}, {""l3_id"": ""P_SYS_CONTROL"", ""em_score"": 0.671602, ""hybrid_score"": 0.681827, ""keyword_prior"": 0.010225, ""lexical_support"": 0.2}, {""l3_id"": ""P_SYS_HARDWARE"", ""em_score"": 0.641361, ""hybrid_score"": 0.633744, ""keyword_prior"": -0.007617, ""lexical_support"": 0.0}]"
SRC-A-0042,Agentic,RAI4-0250,배포 조건 간 휴머노이드 행동 불안정,Unstable humanoid behavior across deployment conditions,P_SYS_CONTROL,EM,0.660518,0.628424,0.667221,0.0,,"[{""l3_id"": ""P_SYS_CONTROL"", ""em_score"": 0.660519, ""hybrid_score"": 0.667221, ""keyword_prior"": 0.006702, ""lexical_support"": 0.0}, {""l3_id"": ""P_INT_SAFETY"", ""em_score"": 0.640838, ""hybrid_score"": 0.638865, ""keyword_prior"": -0.001973, ""lexical_support"": 0.0}, {""l3_id"": ""P_SYS_HARDWARE"", ""em_score"": 0.625905, ""hybrid_score"": 0.637905, ""keyword_prior"": 0.012, ""lexical_support"": 0.2}, {""l3_id"": ""P_SYS_STATE"", ""em_score"": 0.611636, ""hybrid_score"": 0.613392, ""keyword_prior"": 0.001756, ""lexical_support"": 0.0}, {""l3_id"": ""P_INT_TAMPER"", ""em_score"": 0.616077, ""hybrid_score"": 0.608535, ""keyword_prior"": -0.007542, ""lexical_support"": 0.0}]"
SRC-A-0083,Agentic,RAI4-0279,가정 내 위험 상태 감지 지연,Delayed detection of hazardous household states,P_SYS_STATE,EM,0.717968,0.671872,1.064833,0.6,P_SYS_STATE,"[{""l3_id"": ""P_SYS_STATE"", ""em_score"": 0.717968, ""hybrid_score"": 1.064833, ""keyword_prior"": 0.346865, ""lexical_support"": 0.6}, {""l3_id"": ""P_INT_SAFETY"", ""em_score"": 0.744327, ""hybrid_score"": 0.760985, ""keyword_prior"": 0.016658, ""lexical_support"": 0.1}, {""l3_id"": ""P_SYS_CONTROL"", ""em_score"": 0.742474, ""hybrid_score"": 0.748474, ""keyword_prior"": 0.006, ""lexical_support"": 0.1}, {""l3_id"": ""P_SYS_HARDWARE"", ""em_score"": 0.680938, ""hybrid_score"": 0.680338, ""keyword_prior"": -0.000599, ""lexical_support"": 0.0}, {""l3_id"": ""P_INT_TAMPER"", ""em_score"": 0.669103, ""hybrid_score"": 0.673891, ""keyword_prior"": 0.004788, ""lexical_support"": 0.1}]"
SRC-P-0001,Physical,RAI4-0269,세계 모델의 장기 예측 편차 누적,World-model prediction drift over long horizons,P_SYS_STATE,EM,0.672666,0.618766,0.699772,0.3,,"[{""l3_id"": ""P_SYS_STATE"", ""em_score"": 0.672666, ""hybrid_score"": 0.699772, ""keyword_prior"": 0.027105, ""lexical_support"": 0.3}, {""l3_id"": ""P_INT_SAFETY"", ""em_score"": 0.634112, ""hybrid_score"": 0.640112, ""keyword_prior"": 0.006, ""lexical_support"": 0.1}, {""l3_id"": ""P_INT_TAMPER"", ""em_score"": 0.627305, ""hybrid_score"": 0.639406, ""keyword_prior"": 0.012101, ""lexical_support"": 0.1}, {""l3_id"": ""P_SYS_CONTROL"", ""em_score"": 0.624246, ""hybrid_score"": 0.630104, ""keyword_prior"": 0.005858, ""lexical_support"": 0.1}, {""l3_id"": ""P_SYS_HARDWARE"", ""em_score"": 0.584868, ""hybrid_score"": 0.582748, ""keyword_prior"": -0.00212, ""lexical_support"": 0.0}]"
SRC-P-0003,Physical,RAI4-0324,위치 추정 누적 오차,Localization drift,P_SYS_STATE,EM,0.703806,0.661537,0.7367,0.2,,"[{""l3_id"": ""P_SYS_STATE"", ""em_score"": 0.703806, ""hybrid_score"": 0.7367, ""keyword_prior"": 0.032893, ""lexical_support"": 0.2}, {""l3_id"": ""P_SYS_HARDWARE"", ""em_score"": 0.651049, ""hybrid_score"": 0.65303, ""keyword_prior"": 0.001981, ""lexical_support"": 0.0}, {""l3_id"": ""P_INT_SAFETY"", ""em_score"": 0.640997, ""hybrid_score"": 0.638307, ""keyword_prior"": -0.00269, ""lexical_support"": 0.0}, {""l3_id"": ""P_SYS_CONTROL"", ""em_score"": 0.625785, ""hybrid_score"": 0.621937, ""keyword_prior"": -0.003848, ""lexical_support"": 0.0}, {""l3_id"": ""P_INT_TAMPER"", ""em_score"": 0.606014, ""hybrid_score"": 0.606014, ""keyword_prior"": 0.0, ""lexical_support"": 0.0}]"
SRC-P-0011,Physical,RAI4-1689,분포 이탈 입력에서의 월드모델 오출력 악용,Exploitation of world-model errors under sim-to-real distributional shift,P_SYS_STATE,EM,0.607758,0.561511,0.91612,0.0,P_SYS_STATE,"[{""l3_id"": ""P_SYS_STATE"", ""em_score"": 0.607758, ""hybrid_score"": 0.91612, ""keyword_prior"": 0.308362, ""lexical_support"": 0.0}, {""l3_id"": ""P_INT_SAFETY"", ""em_score"": 0.594737, ""hybrid_score"": 0.594737, ""keyword_prior"": 0.0, ""lexical_support"": 0.0}, {""l3_id"": ""P_SYS_CONTROL"", ""em_score"": 0.575697, ""hybrid_score"": 0.57045, ""keyword_prior"": -0.005247, ""lexical_support"": 0.0}, {""l3_id"": ""P_SYS_HARDWARE"", ""em_score"": 0.564814, ""hybrid_score"": 0.556229, ""keyword_prior"": -0.008585, ""lexical_support"": 0.0}, {""l3_id"": ""P_INT_TAMPER"", ""em_score"": 0.549603, ""hybrid_score"": 0.553341, ""keyword_prior"": 0.003737, ""lexical_support"": 0.0}]"
SRC-P-0013,Physical,RAI4-0206,엔드 이펙터 속도 초과,Excessive end-effector velocity,P_SYS_CONTROL,EM,0.745335,0.713798,0.752004,0.0,,"[{""l3_id"": ""P_SYS_CONTROL"", ""em_score"": 0.745335, ""hybrid_score"": 0.752004, ""keyword_prior"": 0.006669, ""lexical_support"": 0.0}, {""l3_id"": ""P_INT_SAFETY"", ""em_score"": 0.694829, ""hybrid_score"": 0.704538, ""keyword_prior"": 0.009709, ""lexical_support"": 0.2}, {""l3_id"": ""P_SYS_HARDWARE"", ""em_score"": 0.662525, ""hybrid_score"": 0.669085, ""keyword_prior"": 0.006561, ""lexical_support"": 0.0}, {""l3_id"": ""P_INT_TAMPER"", ""em_score"": 0.648918, ""hybrid_score"": 0.648918, ""keyword_prior"": 0.0, ""lexical_support"": 0.0}, {""l3_id"": ""P_SYS_STATE"", ""em_score"": 0.618576, ""hybrid_score"": 0.61447, ""keyword_prior"": -0.004106, ""lexical_support"": 0.0}]"
SRC-P-0014,Physical,RAI4-0207,조기 물체 해제,Premature object release,P_SYS_CONTROL,EM,0.758649,0.729094,0.760465,0.0,,"[{""l3_id"": ""P_SYS_CONTROL"", ""em_score"": 0.758649, ""hybrid_score"": 0.760465, ""keyword_prior"": 0.001815, ""lexical_support"": 0.0}, {""l3_id"": ""P_INT_SAFETY"", ""em_score"": 0.717334, ""hybrid_score"": 0.717334, ""keyword_prior"": 0.0, ""lexical_support"": 0.0}, {""l3_id"": ""P_SYS_HARDWARE"", ""em_score"": 0.693698, ""hybrid_score"": 0.694333, ""keyword_prior"": 0.000635, ""lexical_support"": 0.0}, {""l3_id"": ""P_INT_TAMPER"", ""em_score"": 0.670926, ""hybrid_score"": 0.67055, ""keyword_prior"": -0.000376, ""lexical_support"": 0.0}, {""l3_id"": ""P_SYS_STATE"", ""em_score"": 0.617106, ""hybrid_score"": 0.611261, ""keyword_prior"": -0.005845, ""lexical_support"": 0.0}]"
SRC-P-0015,Physical,RAI4-0208,금지 대상 충돌,Forbidden-object collision,P_SYS_CONTROL,EM,0.734281,0.703569,1.034281,0.0,P_SYS_CONTROL,"[{""l3_id"": ""P_SYS_CONTROL"", ""em_score"": 0.734281, ""hybrid_score"": 1.034281, ""keyword_prior"": 0.3, ""lexical_support"": 0.0}, {""l3_id"": ""P_INT_SAFETY"", ""em_score"": 0.708556, ""hybrid_score"": 0.731663, ""keyword_prior"": 0.023107, ""lexical_support"": 0.3}, {""l3_id"": ""P_INT_TAMPER"", ""em_score"": 0.623024, ""hybrid_score"": 0.614845, ""keyword_prior"": -0.008179, ""lexical_support"": 0.0}, {""l3_id"": ""P_SYS_STATE"", ""em_score"": 0.607976, ""hybrid_score"": 0.609103, ""keyword_prior"": 0.001126, ""lexical_support"": 0.0}, {""l3_id"": ""P_SYS_HARDWARE"", ""em_score"": 0.616429, ""hybrid_score"": 0.607522, ""keyword_prior"": -0.008907, ""lexical_support"": 0.0}]"
SRC-P-0016,Physical,RAI4-0215,배포 전 물리적 안전 시험 미흡,Incomplete pre-deployment physical safety testing,P_INT_SAFETY,EM,0.715942,0.68544,0.746275,0.4,,"[{""l3_id"": ""P_INT_SAFETY"", ""em_score"": 0.715942, ""hybrid_score"": 0.746275, ""keyword_prior"": 0.030332, ""lexical_support"": 0.4}, {""l3_id"": ""P_SYS_CONTROL"", ""em_score"": 0.710805, ""hybrid_score"": 0.725088, ""keyword_prior"": 0.014283, ""lexical_support"": 0.3}, {""l3_id"": ""P_SYS_STATE"", ""em_score"": 0.657688, ""hybrid_score"": 0.682931, ""keyword_prior"": 0.025243, ""lexical_support"": 0.3}, {""l3_id"": ""P_SYS_HARDWARE"", ""em_score"": 0.623712, ""hybrid_score"": 0.623712, ""keyword_prior"": 0.0, ""lexical_support"": 0.0}, {""l3_id"": ""P_INT_TAMPER"", ""em_score"": 0.602258, ""hybrid_score"": 0.604885, ""keyword_prior"": 0.002627, ""lexical_support"": 0.3}]"
SRC-P-0017,Physical,RAI4-0218,인간 접촉 안전 통제 미흡,Inadequate human-contact safety controls,P_INT_SAFETY,EM,0.779531,0.751643,1.122949,0.5,P_INT_SAFETY,"[{""l3_id"": ""P_INT_SAFETY"", ""em_score"": 0.779531, ""hybrid_score"": 1.122949, ""keyword_prior"": 0.343418, ""lexical_support"": 0.5}, {""l3_id"": ""P_SYS_CONTROL"", ""em_score"": 0.792147, ""hybrid_score"": 0.827386, ""keyword_prior"": 0.035239, ""lexical_support"": 0.4}, {""l3_id"": ""P_SYS_HARDWARE"", ""em_score"": 0.657721, ""hybrid_score"": 0.668277, ""keyword_prior"": 0.010556, ""lexical_support"": 0.2}, {""l3_id"": ""P_SYS_STATE"", ""em_score"": 0.631742, ""hybrid_score"": 0.643742, ""keyword_prior"": 0.012, ""lexical_support"": 0.2}, {""l3_id"": ""P_INT_TAMPER"", ""em_score"": 0.607761, ""hybrid_score"": 0.596179, ""keyword_prior"": -0.011582, ""lexical_support"": 0.0}]"
SRC-P-0018,Physical,RAI4-0219,기반 모델 실패의 로봇 행동 전이,Foundation-model failure propagated to robot action,P_Others,HD,0.701829,0.668573,0.723797,0.3,,"[{""l3_id"": ""P_INT_SAFETY"", ""em_score"": 0.701829, ""hybrid_score"": 0.723797, ""keyword_prior"": 0.021968, ""lexical_support"": 0.3}, {""l3_id"": ""P_SYS_CONTROL"", ""em_score"": 0.705305, ""hybrid_score"": 0.710463, ""keyword_prior"": 0.005158, ""lexical_support"": 0.1}, {""l3_id"": ""P_INT_TAMPER"", ""em_score"": 0.682322, ""hybrid_score"": 0.683331, ""keyword_prior"": 0.001008, ""lexical_support"": 0.0}, {""l3_id"": ""P_SYS_STATE"", ""em_score"": 0.641179, ""hybrid_score"": 0.659179, ""keyword_prior"": 0.018, ""lexical_support"": 0.3}, {""l3_id"": ""P_SYS_HARDWARE"", ""em_score"": 0.6443, ""hybrid_score"": 0.637691, ""keyword_prior"": -0.006609, ""lexical_support"": 0.2}]"
SRC-P-0019,Physical,RAI4-0237,로봇 형태 간 기술의 안전하지 않은 전이,Unsafe skill transfer across robot morphologies,P_SYS_CONTROL,EM,0.760249,0.727586,0.795171,0.3,,"[{""l3_id"": ""P_SYS_CONTROL"", ""em_score"": 0.760249, ""hybrid_score"": 0.795171, ""keyword_prior"": 0.034922, ""lexical_support"": 0.3}, {""l3_id"": ""P_INT_SAFETY"", ""em_score"": 0.70433, ""hybrid_score"": 0.724121, ""keyword_prior"": 0.01979, ""lexical_support"": 0.2}, {""l3_id"": ""P_INT_TAMPER"", ""em_score"": 0.692202, ""hybrid_score"": 0.698202, ""keyword_prior"": 0.006, ""lexical_support"": 0.1}, {""l3_id"": ""P_SYS_HARDWARE"", ""em_score"": 0.651397, ""hybrid_score"": 0.643524, ""keyword_prior"": -0.007874, ""lexical_support"": 0.0}, {""l3_id"": ""P_SYS_STATE"", ""em_score"": 0.628866, ""hybrid_score"": 0.626788, ""keyword_prior"": -0.002078, ""lexical_support"": 0.1}]"
SRC-P-0020,Physical,RAI4-0241,원격 조작 시연에서 학습된 안전하지 않은 가정,Unsafe assumptions learned from teleoperation demonstrations,P_SYS_CONTROL,EM,0.745794,0.718324,0.783699,0.4,,"[{""l3_id"": ""P_SYS_CONTROL"", ""em_score"": 0.745794, ""hybrid_score"": 0.783699, ""keyword_prior"": 0.037906, ""lexical_support"": 0.4}, {""l3_id"": ""P_INT_SAFETY"", ""em_score"": 0.712675, ""hybrid_score"": 0.742875, ""keyword_prior"": 0.030199, ""lexical_support"": 0.3}, {""l3_id"": ""P_SYS_STATE"", ""em_score"": 0.620209, ""hybrid_score"": 0.620209, ""keyword_prior"": 0.0, ""lexical_support"": 0.0}, {""l3_id"": ""P_INT_TAMPER"", ""em_score"": 0.610306, ""hybrid_score"": 0.601487, ""keyword_prior"": -0.00882, ""lexical_support"": 0.0}, {""l3_id"": ""P_SYS_HARDWARE"", ""em_score"": 0.60639, ""hybrid_score"": 0.595295, ""keyword_prior"": -0.011094, ""lexical_support"": 0.0}]"
SRC-P-0021,Physical,RAI4-0243,시연 학습의 안전 맥락 누락,Missing safety context in demonstration learning,P_Others,HD,0.73336,0.70059,0.756959,0.3,,"[{""l3_id"": ""P_INT_SAFETY"", ""em_score"": 0.73336, ""hybrid_score"": 0.756959, ""keyword_prior"": 0.023599, ""lexical_support"": 0.3}, {""l3_id"": ""P_SYS_CONTROL"", ""em_score"": 0.734585, ""hybrid_score"": 0.740584, ""keyword_prior"": 0.006, ""lexical_support"": 0.1}, {""l3_id"": ""P_SYS_STATE"", ""em_score"": 0.656781, ""hybrid_score"": 0.659136, ""keyword_prior"": 0.002356, ""lexical_support"": 0.0}, {""l3_id"": ""P_SYS_HARDWARE"", ""em_score"": 0.640235, ""hybrid_score"": 0.628068, ""keyword_prior"": -0.012167, ""lexical_support"": 0.0}, {""l3_id"": ""P_INT_TAMPER"", ""em_score"": 0.618563, ""hybrid_score"": 0.599162, ""keyword_prior"": -0.019401, ""lexical_support"": 0.0}]"
SRC-P-0022,Physical,RAI4-0260,제로샷 시뮬레이션-현실 보행 불안정,Zero-shot sim-to-real locomotion instability,P_Others,HD,0.692164,0.663985,0.698164,0.1,,"[{""l3_id"": ""P_SYS_CONTROL"", ""em_score"": 0.692164, ""hybrid_score"": 0.698164, ""keyword_prior"": 0.006, ""lexical_support"": 0.1}, {""l3_id"": ""P_SYS_HARDWARE"", ""em_score"": 0.676558, ""hybrid_score"": 0.679732, ""keyword_prior"": 0.003174, ""lexical_support"": 0.1}, {""l3_id"": ""P_INT_SAFETY"", ""em_score"": 0.667876, ""hybrid_score"": 0.67073, ""keyword_prior"": 0.002853, ""lexical_support"": 0.0}, {""l3_id"": ""P_SYS_STATE"", ""em_score"": 0.640056, ""hybrid_score"": 0.641865, ""keyword_prior"": 0.001809, ""lexical_support"": 0.0}, {""l3_id"": ""P_INT_TAMPER"", ""em_score"": 0.591602, ""hybrid_score"": 0.569455, ""keyword_prior"": -0.022147, ""lexical_support"": 0.0}]"
SRC-P-0023,Physical,RAI4-0264,가정 조작의 단계별 오차 미수정,Uncorrected stepwise errors in household manipulation,P_SYS_CONTROL,EM,0.726474,0.695446,0.732403,0.0,,"[{""l3_id"": ""P_SYS_CONTROL"", ""em_score"": 0.726474, ""hybrid_score"": 0.732403, ""keyword_prior"": 0.005929, ""lexical_support"": 0.0}, {""l3_id"": ""P_INT_SAFETY"", ""em_score"": 0.696519, ""hybrid_score"": 0.705341, ""keyword_prior"": 0.008822, ""lexical_support"": 0.2}, {""l3_id"": ""P_SYS_HARDWARE"", ""em_score"": 0.689684, ""hybrid_score"": 0.689684, ""keyword_prior"": 0.0, ""lexical_support"": 0.0}, {""l3_id"": ""P_SYS_STATE"", ""em_score"": 0.658463, ""hybrid_score"": 0.658814, ""keyword_prior"": 0.000351, ""lexical_support"": 0.0}, {""l3_id"": ""P_INT_TAMPER"", ""em_score"": 0.621556, ""hybrid_score"": 0.602535, ""keyword_prior"": -0.01902, ""lexical_support"": 0.0}]"
SRC-P-0024,Physical,RAI4-0273,로봇 거버넌스 명세의 안전 규칙 누락,Missing safety rules in the robot governance specification,P_SYS_CONTROL,EM,0.76452,0.736684,0.782953,0.1,,"[{""l3_id"": ""P_SYS_CONTROL"", ""em_score"": 0.76452, ""hybrid_score"": 0.782953, ""keyword_prior"": 0.018433, ""lexical_support"": 0.1}, {""l3_id"": ""P_INT_SAFETY"", ""em_score"": 0.710245, ""hybrid_score"": 0.728802, ""keyword_prior"": 0.018557, ""lexical_support"": 0.2}, {""l3_id"": ""P_SYS_HARDWARE"", ""em_score"": 0.672494, ""hybrid_score"": 0.672494, ""keyword_prior"": 0.0, ""lexical_support"": 0.0}, {""l3_id"": ""P_SYS_STATE"", ""em_score"": 0.622857, ""hybrid_score"": 0.618251, ""keyword_prior"": -0.004606, ""lexical_support"": 0.0}, {""l3_id"": ""P_INT_TAMPER"", ""em_score"": 0.614811, ""hybrid_score"": 0.602244, ""keyword_prior"": -0.012567, ""lexical_support"": 0.0}]"
SRC-P-0025,Physical,RAI4-0282,제어 판단·제어권 전환 실패에 따른 자동주행 충돌,Automated driving crash risk from control and handoff failures,P_SYS_CONTROL,EM,0.75016,0.725985,0.780465,0.3,,"[{""l3_id"": ""P_SYS_CONTROL"", ""em_score"": 0.75016, ""hybrid_score"": 0.780465, ""keyword_prior"": 0.030305, ""lexical_support"": 0.3}, {""l3_id"": ""P_INT_SAFETY"", ""em_score"": 0.729145, ""hybrid_score"": 0.764099, ""keyword_prior"": 0.034953, ""lexical_support"": 0.4}, {""l3_id"": ""P_SYS_HARDWARE"", ""em_score"": 0.695041, ""hybrid_score"": 0.707041, ""keyword_prior"": 0.012, ""lexical_support"": 0.2}, {""l3_id"": ""P_SYS_STATE"", ""em_score"": 0.63975, ""hybrid_score"": 0.652489, ""keyword_prior"": 0.012739, ""lexical_support"": 0.3}, {""l3_id"": ""P_INT_TAMPER"", ""em_score"": 0.620614, ""hybrid_score"": 0.607919, ""keyword_prior"": -0.012695, ""lexical_support"": 0.0}]"
SRC-P-0026,Physical,RAI4-0288,개인 돌봄 로봇 준수 기준 부재,Missing measurable compliance criteria for personal-care robots,P_Others,HD,0.761409,0.736066,0.769856,0.0,,"[{""l3_id"": ""P_SYS_CONTROL"", ""em_score"": 0.761409, ""hybrid_score"": 0.769856, ""keyword_prior"": 0.008447, ""lexical_support"": 0.0}, {""l3_id"": ""P_INT_SAFETY"", ""em_score"": 0.737768, ""hybrid_score"": 0.761254, ""keyword_prior"": 0.023486, ""lexical_support"": 0.3}, {""l3_id"": ""P_SYS_HARDWARE"", ""em_score"": 0.695784, ""hybrid_score"": 0.707784, ""keyword_prior"": 0.012, ""lexical_support"": 0.2}, {""l3_id"": ""P_SYS_STATE"", ""em_score"": 0.667581, ""hybrid_score"": 0.679187, ""keyword_prior"": 0.011606, ""lexical_support"": 0.2}, {""l3_id"": ""P_INT_TAMPER"", ""em_score"": 0.611972, ""hybrid_score"": 0.595418, ""keyword_prior"": -0.016553, ""lexical_support"": 0.0}]"
SRC-P-0027,Physical,RAI4-0290,인간-로봇 상호 행동 모델링 미흡,Failure to model reciprocal human-robot behavior,P_INT_SAFETY,EM,0.746958,0.720476,0.787168,0.4,,"[{""l3_id"": ""P_INT_SAFETY"", ""em_score"": 0.746958, ""hybrid_score"": 0.787168, ""keyword_prior"": 0.040211, ""lexical_support"": 0.4}, {""l3_id"": ""P_SYS_CONTROL"", ""em_score"": 0.719288, ""hybrid_score"": 0.726922, ""keyword_prior"": 0.007633, ""lexical_support"": 0.0}, {""l3_id"": ""P_SYS_STATE"", ""em_score"": 0.636333, ""hybrid_score"": 0.648333, ""keyword_prior"": 0.012, ""lexical_support"": 0.2}, {""l3_id"": ""P_SYS_HARDWARE"", ""em_score"": 0.61566, ""hybrid_score"": 0.618871, ""keyword_prior"": 0.003211, ""lexical_support"": 0.2}, {""l3_id"": ""P_INT_TAMPER"", ""em_score"": 0.613242, ""hybrid_score"": 0.605783, ""keyword_prior"": -0.007459, ""lexical_support"": 0.0}]"
SRC-P-0028,Physical,RAI4-0291,취약 사용자 특성에 맞지 않는 안전 한계,Safety limits not adapted to vulnerable users,P_SYS_CONTROL,EM,0.770797,0.740324,0.788022,0.1,,"[{""l3_id"": ""P_SYS_CONTROL"", ""em_score"": 0.770797, ""hybrid_score"": 0.788022, ""keyword_prior"": 0.017225, ""lexical_support"": 0.1}, {""l3_id"": ""P_INT_SAFETY"", ""em_score"": 0.731349, ""hybrid_score"": 0.750675, ""keyword_prior"": 0.019326, ""lexical_support"": 0.2}, {""l3_id"": ""P_INT_TAMPER"", ""em_score"": 0.675869, ""hybrid_score"": 0.667532, ""keyword_prior"": -0.008336, ""lexical_support"": 0.0}, {""l3_id"": ""P_SYS_HARDWARE"", ""em_score"": 0.666241, ""hybrid_score"": 0.666241, ""keyword_prior"": 0.0, ""lexical_support"": 0.0}, {""l3_id"": ""P_SYS_STATE"", ""em_score"": 0.630379, ""hybrid_score"": 0.618511, ""keyword_prior"": -0.011868, ""lexical_support"": 0.0}]"
SRC-P-0029,Physical,RAI4-0293,통신 단절 및 제어 링크 손실,Communication dropout and control-link loss,P_SYS_CONTROL,EM,0.731512,0.701512,0.767512,0.6,,"[{""l3_id"": ""P_SYS_CONTROL"", ""em_score"": 0.731511, ""hybrid_score"": 0.767511, ""keyword_prior"": 0.036, ""lexical_support"": 0.6}, {""l3_id"": ""P_SYS_HARDWARE"", ""em_score"": 0.684296, ""hybrid_score"": 0.69414, ""keyword_prior"": 0.009844, ""lexical_support"": 0.0}, {""l3_id"": ""P_INT_SAFETY"", ""em_score"": 0.689017, ""hybrid_score"": 0.681868, ""keyword_prior"": -0.007149, ""lexical_support"": 0.0}, {""l3_id"": ""P_INT_TAMPER"", ""em_score"": 0.649415, ""hybrid_score"": 0.651601, ""keyword_prior"": 0.002186, ""lexical_support"": 0.0}, {""l3_id"": ""P_SYS_STATE"", ""em_score"": 0.618389, ""hybrid_score"": 0.613579, ""keyword_prior"": -0.004811, ""lexical_support"": 0.0}]"
SRC-P-0030,Physical,RAI4-0296,제어 루프 데드라인 미달,Control-loop deadline miss,P_SYS_CONTROL,EM,0.68784,0.656841,0.713804,0.3,,"[{""l3_id"": ""P_SYS_CONTROL"", ""em_score"": 0.68784, ""hybrid_score"": 0.713804, ""keyword_prior"": 0.025964, ""lexical_support"": 0.3}, {""l3_id"": ""P_INT_SAFETY"", ""em_score"": 0.650378, ""hybrid_score"": 0.650378, ""keyword_prior"": 0.0, ""lexical_support"": 0.0}, {""l3_id"": ""P_SYS_HARDWARE"", ""em_score"": 0.642402, ""hybrid_score"": 0.648292, ""keyword_prior"": 0.00589, ""lexical_support"": 0.0}, {""l3_id"": ""P_SYS_STATE"", ""em_score"": 0.580618, ""hybrid_score"": 0.588137, ""keyword_prior"": 0.007519, ""lexical_support"": 0.2}, {""l3_id"": ""P_INT_TAMPER"", ""em_score"": 0.568659, ""hybrid_score"": 0.557054, ""keyword_prior"": -0.011605, ""lexical_support"": 0.0}]"
SRC-P-0031,Physical,RAI4-0297,인지·추론 지연 급증,Perception and inference latency spike,P_SYS_CONTROL,EM,0.647708,0.611204,0.950374,0.1,P_SYS_CONTROL,"[{""l3_id"": ""P_SYS_CONTROL"", ""em_score"": 0.647708, ""hybrid_score"": 0.950374, ""keyword_prior"": 0.302666, ""lexical_support"": 0.1}, {""l3_id"": ""P_SYS_STATE"", ""em_score"": 0.633593, ""hybrid_score"": 0.641901, ""keyword_prior"": 0.008308, ""lexical_support"": 0.0}, {""l3_id"": ""P_INT_SAFETY"", ""em_score"": 0.622881, ""hybrid_score"": 0.634881, ""keyword_prior"": 0.012, ""lexical_support"": 0.2}, {""l3_id"": ""P_SYS_HARDWARE"", ""em_score"": 0.630037, ""hybrid_score"": 0.630601, ""keyword_prior"": 0.000564, ""lexical_support"": 0.0}, {""l3_id"": ""P_INT_TAMPER"", ""em_score"": 0.608209, ""hybrid_score"": 0.596487, ""keyword_prior"": -0.011722, ""lexical_support"": 0.0}]"
SRC-P-0032,Physical,RAI4-0299,부하 시 열·전력 쓰로틀링,Thermal and power throttling under load,P_Others,HD,0.685482,0.656058,0.685099,0.0,,"[{""l3_id"": ""P_SYS_CONTROL"", ""em_score"": 0.685483, ""hybrid_score"": 0.685099, ""keyword_prior"": -0.000384, ""lexical_support"": 0.0}, {""l3_id"": ""P_SYS_HARDWARE"", ""em_score"": 0.671269, ""hybrid_score"": 0.682893, ""keyword_prior"": 0.011624, ""lexical_support"": 0.0}, {""l3_id"": ""P_INT_TAMPER"", ""em_score"": 0.649572, ""hybrid_score"": 0.649572, ""keyword_prior"": 0.0, ""lexical_support"": 0.0}, {""l3_id"": ""P_INT_SAFETY"", ""em_score"": 0.625469, ""hybrid_score"": 0.612619, ""keyword_prior"": -0.012851, ""lexical_support"": 0.0}, {""l3_id"": ""P_SYS_STATE"", ""em_score"": 0.612037, ""hybrid_score"": 0.612376, ""keyword_prior"": 0.000339, ""lexical_support"": 0.0}]"
SRC-P-0033,Physical,RAI4-0303,백도어 트리거에 의한 위험 로봇 행동,Backdoor triggers causing unsafe robot behavior,P_SYS_CONTROL,EM,0.771321,0.745794,0.800939,0.2,,"[{""l3_id"": ""P_SYS_CONTROL"", ""em_score"": 0.771321, ""hybrid_score"": 0.800939, ""keyword_prior"": 0.029618, ""lexical_support"": 0.2}, {""l3_id"": ""P_INT_TAMPER"", ""em_score"": 0.691486, ""hybrid_score"": 0.697486, ""keyword_prior"": 0.006, ""lexical_support"": 0.1}, {""l3_id"": ""P_INT_SAFETY"", ""em_score"": 0.669051, ""hybrid_score"": 0.685831, ""keyword_prior"": 0.016779, ""lexical_support"": 0.2}, {""l3_id"": ""P_SYS_HARDWARE"", ""em_score"": 0.670959, ""hybrid_score"": 0.664212, ""keyword_prior"": -0.006747, ""lexical_support"": 0.0}, {""l3_id"": ""P_SYS_STATE"", ""em_score"": 0.619393, ""hybrid_score"": 0.618011, ""keyword_prior"": -0.001382, ""lexical_support"": 0.1}]"
SRC-P-0034,Physical,RAI4-0304,자율 로봇의 물리적 침입·절도,Autonomous physical intrusion and theft,P_SYS_CONTROL,EM,0.762709,0.736639,0.792344,0.3,,"[{""l3_id"": ""P_SYS_CONTROL"", ""em_score"": 0.762709, ""hybrid_score"": 0.792344, ""keyword_prior"": 0.029635, ""lexical_support"": 0.3}, {""l3_id"": ""P_INT_SAFETY"", ""em_score"": 0.708105, ""hybrid_score"": 0.726948, ""keyword_prior"": 0.018844, ""lexical_support"": 0.3}, {""l3_id"": ""P_INT_TAMPER"", ""em_score"": 0.687907, ""hybrid_score"": 0.705907, ""keyword_prior"": 0.018, ""lexical_support"": 0.3}, {""l3_id"": ""P_SYS_HARDWARE"", ""em_score"": 0.66309, ""hybrid_score"": 0.65039, ""keyword_prior"": -0.0127, ""lexical_support"": 0.0}, {""l3_id"": ""P_SYS_STATE"", ""em_score"": 0.622491, ""hybrid_score"": 0.627793, ""keyword_prior"": 0.005302, ""lexical_support"": 0.3}]"
SRC-P-0035,Physical,RAI4-0309,아동의 과신·모방에 따른 위험한 로봇 상호작용,"Child overtrust, imitation, and unsafe robot interaction",P_SYS_CONTROL,EM,0.75819,0.728875,0.784451,0.2,,"[{""l3_id"": ""P_SYS_CONTROL"", ""em_score"": 0.75819, ""hybrid_score"": 0.784451, ""keyword_prior"": 0.026261, ""lexical_support"": 0.2}, {""l3_id"": ""P_INT_SAFETY"", ""em_score"": 0.710252, ""hybrid_score"": 0.725939, ""keyword_prior"": 0.015687, ""lexical_support"": 0.2}, {""l3_id"": ""P_SYS_HARDWARE"", ""em_score"": 0.663145, ""hybrid_score"": 0.663145, ""keyword_prior"": 0.0, ""lexical_support"": 0.0}, {""l3_id"": ""P_INT_TAMPER"", ""em_score"": 0.659266, ""hybrid_score"": 0.661642, ""keyword_prior"": 0.002376, ""lexical_support"": 0.1}, {""l3_id"": ""P_SYS_STATE"", ""em_score"": 0.619041, ""hybrid_score"": 0.614302, ""keyword_prior"": -0.004739, ""lexical_support"": 0.1}]"
SRC-P-0036,Physical,RAI4-0310,필수 돌봄·상황 보고 미이행,Failure to provide required care or escalation,P_Others,HD,0.719907,0.68788,0.739298,0.3,,"[{""l3_id"": ""P_INT_SAFETY"", ""em_score"": 0.719907, ""hybrid_score"": 0.739298, ""keyword_prior"": 0.019391, ""lexical_support"": 0.3}, {""l3_id"": ""P_SYS_CONTROL"", ""em_score"": 0.72049, ""hybrid_score"": 0.72649, ""keyword_prior"": 0.006, ""lexical_support"": 0.1}, {""l3_id"": ""P_SYS_HARDWARE"", ""em_score"": 0.666032, ""hybrid_score"": 0.6817, ""keyword_prior"": 0.015668, ""lexical_support"": 0.2}, {""l3_id"": ""P_SYS_STATE"", ""em_score"": 0.643111, ""hybrid_score"": 0.660023, ""keyword_prior"": 0.016912, ""lexical_support"": 0.3}, {""l3_id"": ""P_INT_TAMPER"", ""em_score"": 0.624197, ""hybrid_score"": 0.617772, ""keyword_prior"": -0.006425, ""lexical_support"": 0.1}]"
SRC-P-0037,Physical,RAI4-0314,친밀 공간 로봇의 프라이버시 침해적 정보 수집,Privacy-invasive data capture by robots in intimate spaces,P_SYS_CONTROL,EM,0.71935,0.691696,0.739675,0.1,,"[{""l3_id"": ""P_SYS_CONTROL"", ""em_score"": 0.71935, ""hybrid_score"": 0.739675, ""keyword_prior"": 0.020325, ""lexical_support"": 0.1}, {""l3_id"": ""P_INT_SAFETY"", ""em_score"": 0.688634, ""hybrid_score"": 0.70663, ""keyword_prior"": 0.017996, ""lexical_support"": 0.1}, {""l3_id"": ""P_INT_TAMPER"", ""em_score"": 0.624449, ""hybrid_score"": 0.624449, ""keyword_prior"": 0.0, ""lexical_support"": 0.0}, {""l3_id"": ""P_SYS_STATE"", ""em_score"": 0.625649, ""hybrid_score"": 0.622695, ""keyword_prior"": -0.002954, ""lexical_support"": 0.0}, {""l3_id"": ""P_SYS_HARDWARE"", ""em_score"": 0.601157, ""hybrid_score"": 0.590482, ""keyword_prior"": -0.010675, ""lexical_support"": 0.0}]"
SRC-P-0038,Physical,RAI4-0315,이동형 로봇 감시를 통한 일방적 작업장 통제,Unilateral workplace control through mobile robotic surveillance,P_SYS_CONTROL,EM,0.674026,0.642973,0.697115,0.2,,"[{""l3_id"": ""P_SYS_CONTROL"", ""em_score"": 0.674026, ""hybrid_score"": 0.697115, ""keyword_prior"": 0.023088, ""lexical_support"": 0.2}, {""l3_id"": ""P_INT_SAFETY"", ""em_score"": 0.642249, ""hybrid_score"": 0.650232, ""keyword_prior"": 0.007984, ""lexical_support"": 0.1}, {""l3_id"": ""P_INT_TAMPER"", ""em_score"": 0.593546, ""hybrid_score"": 0.593546, ""keyword_prior"": 0.0, ""lexical_support"": 0.0}, {""l3_id"": ""P_SYS_HARDWARE"", ""em_score"": 0.567503, ""hybrid_score"": 0.56301, ""keyword_prior"": -0.004493, ""lexical_support"": 0.0}, {""l3_id"": ""P_SYS_STATE"", ""em_score"": 0.564778, ""hybrid_score"": 0.550866, ""keyword_prior"": -0.013912, ""lexical_support"": 0.0}]"
SRC-P-0039,Physical,RAI4-0331,파지력 상해,Grasp force injury,P_SYS_CONTROL,EM,0.718446,0.688026,0.718446,0.0,,"[{""l3_id"": ""P_SYS_CONTROL"", ""em_score"": 0.718446, ""hybrid_score"": 0.718446, ""keyword_prior"": 0.0, ""lexical_support"": 0.0}, {""l3_id"": ""P_INT_SAFETY"", ""em_score"": 0.667345, ""hybrid_score"": 0.66743, ""keyword_prior"": 8.5e-05, ""lexical_support"": 0.1}, {""l3_id"": ""P_INT_TAMPER"", ""em_score"": 0.660197, ""hybrid_score"": 0.665219, ""keyword_prior"": 0.005023, ""lexical_support"": 0.0}, {""l3_id"": ""P_SYS_HARDWARE"", ""em_score"": 0.651705, ""hybrid_score"": 0.652248, ""keyword_prior"": 0.000543, ""lexical_support"": 0.0}, {""l3_id"": ""P_SYS_STATE"", ""em_score"": 0.601233, ""hybrid_score"": 0.588217, ""keyword_prior"": -0.013017, ""lexical_support"": 0.0}]"
SRC-P-0040,Physical,RAI4-0339,실시간 지연 및 동기화 실패,Real-time latency and synchronization failure,P_SYS_CONTROL,EM,0.708893,0.674524,1.024272,0.3,P_SYS_CONTROL,"[{""l3_id"": ""P_SYS_CONTROL"", ""em_score"": 0.708893, ""hybrid_score"": 1.024272, ""keyword_prior"": 0.315379, ""lexical_support"": 0.3}, {""l3_id"": ""P_INT_SAFETY"", ""em_score"": 0.717907, ""hybrid_score"": 0.739527, ""keyword_prior"": 0.021619, ""lexical_support"": 0.3}, {""l3_id"": ""P_SYS_STATE"", ""em_score"": 0.691501, ""hybrid_score"": 0.725559, ""keyword_prior"": 0.034058, ""lexical_support"": 0.3}, {""l3_id"": ""P_SYS_HARDWARE"", ""em_score"": 0.706602, ""hybrid_score"": 0.718602, ""keyword_prior"": 0.012, ""lexical_support"": 0.2}, {""l3_id"": ""P_INT_TAMPER"", ""em_score"": 0.658844, ""hybrid_score"": 0.649902, ""keyword_prior"": -0.008942, ""lexical_support"": 0.0}]"
SRC-P-0041,Physical,RAI4-0343,보조 로봇의 비동의 신체 개입,Non-consensual bodily intervention by assistive robots,P_SYS_CONTROL,EM,0.792714,0.766259,0.823967,0.2,,"[{""l3_id"": ""P_SYS_CONTROL"", ""em_score"": 0.792714, ""hybrid_score"": 0.823967, ""keyword_prior"": 0.031253, ""lexical_support"": 0.2}, {""l3_id"": ""P_INT_SAFETY"", ""em_score"": 0.707596, ""hybrid_score"": 0.733485, ""keyword_prior"": 0.025889, ""lexical_support"": 0.3}, {""l3_id"": ""P_INT_TAMPER"", ""em_score"": 0.663717, ""hybrid_score"": 0.675717, ""keyword_prior"": 0.012, ""lexical_support"": 0.2}, {""l3_id"": ""P_SYS_HARDWARE"", ""em_score"": 0.641657, ""hybrid_score"": 0.635911, ""keyword_prior"": -0.005747, ""lexical_support"": 0.0}, {""l3_id"": ""P_SYS_STATE"", ""em_score"": 0.615056, ""hybrid_score"": 0.625457, ""keyword_prior"": 0.0104, ""lexical_support"": 0.2}]"
SRC-P-0042,Physical,RAI4-0361,공공 공간 통행 방해·접근성 배제,Obstruction and accessibility exclusion in public space,P_Others,HD,0.690845,0.660789,0.690845,0.0,,"[{""l3_id"": ""P_SYS_CONTROL"", ""em_score"": 0.690845, ""hybrid_score"": 0.690845, ""keyword_prior"": 0.0, ""lexical_support"": 0.0}, {""l3_id"": ""P_INT_SAFETY"", ""em_score"": 0.673729, ""hybrid_score"": 0.680204, ""keyword_prior"": 0.006475, ""lexical_support"": 0.0}, {""l3_id"": ""P_INT_TAMPER"", ""em_score"": 0.618487, ""hybrid_score"": 0.620853, ""keyword_prior"": 0.002366, ""lexical_support"": 0.0}, {""l3_id"": ""P_SYS_HARDWARE"", ""em_score"": 0.592063, ""hybrid_score"": 0.590022, ""keyword_prior"": -0.00204, ""lexical_support"": 0.0}, {""l3_id"": ""P_SYS_STATE"", ""em_score"": 0.5792, ""hybrid_score"": 0.577164, ""keyword_prior"": -0.002036, ""lexical_support"": 0.0}]"
SRC-P-0043,Physical,RAI4-0183,부상 심각도 오분류,Injury severity misclassification,P_SYS_HARDWARE,EM,0.712742,0.669376,0.719203,0.0,,"[{""l3_id"": ""P_SYS_HARDWARE"", ""em_score"": 0.712742, ""hybrid_score"": 0.719203, ""keyword_prior"": 0.006461, ""lexical_support"": 0.0}, {""l3_id"": ""P_INT_SAFETY"", ""em_score"": 0.6786, ""hybrid_score"": 0.679402, ""keyword_prior"": 0.000802, ""lexical_support"": 0.2}, {""l3_id"": ""P_SYS_CONTROL"", ""em_score"": 0.674345, ""hybrid_score"": 0.674875, ""keyword_prior"": 0.000529, ""lexical_support"": 0.2}, {""l3_id"": ""P_SYS_STATE"", ""em_score"": 0.655704, ""hybrid_score"": 0.663189, ""keyword_prior"": 0.007484, ""lexical_support"": 0.1}, {""l3_id"": ""P_INT_TAMPER"", ""em_score"": 0.651903, ""hybrid_score"": 0.657903, ""keyword_prior"": 0.006, ""lexical_support"": 0.1}]"
SRC-P-0044,Physical,RAI4-0298,온디바이스 연산·메모리 고갈,On-device compute and memory exhaustion,P_SYS_HARDWARE,EM,0.707621,0.667456,0.722539,0.0,,"[{""l3_id"": ""P_SYS_HARDWARE"", ""em_score"": 0.707621, ""hybrid_score"": 0.722539, ""keyword_prior"": 0.014917, ""lexical_support"": 0.0}, {""l3_id"": ""P_INT_TAMPER"", ""em_score"": 0.640257, ""hybrid_score"": 0.642885, ""keyword_prior"": 0.002628, ""lexical_support"": 0.0}, {""l3_id"": ""P_SYS_CONTROL"", ""em_score"": 0.633033, ""hybrid_score"": 0.62895, ""keyword_prior"": -0.004083, ""lexical_support"": 0.1}, {""l3_id"": ""P_INT_SAFETY"", ""em_score"": 0.629657, ""hybrid_score"": 0.623412, ""keyword_prior"": -0.006245, ""lexical_support"": 0.0}, {""l3_id"": ""P_SYS_STATE"", ""em_score"": 0.607099, ""hybrid_score"": 0.607099, ""keyword_prior"": 0.0, ""lexical_support"": 0.0}]"
SRC-P-0045,Physical,RAI4-0300,클라우드 오프로드 의존 실패,Cloud-offload dependency failure,P_Others,HD,0.684287,0.653225,0.702287,0.3,,"[{""l3_id"": ""P_INT_SAFETY"", ""em_score"": 0.684287, ""hybrid_score"": 0.702287, ""keyword_prior"": 0.018, ""lexical_support"": 0.3}, {""l3_id"": ""P_SYS_HARDWARE"", ""em_score"": 0.671885, ""hybrid_score"": 0.695639, ""keyword_prior"": 0.023754, ""lexical_support"": 0.2}, {""l3_id"": ""P_SYS_CONTROL"", ""em_score"": 0.684937, ""hybrid_score"": 0.673007, ""keyword_prior"": -0.011931, ""lexical_support"": 0.0}, {""l3_id"": ""P_SYS_STATE"", ""em_score"": 0.619604, ""hybrid_score"": 0.646159, ""keyword_prior"": 0.026556, ""lexical_support"": 0.3}, {""l3_id"": ""P_INT_TAMPER"", ""em_score"": 0.61081, ""hybrid_score"": 0.60879, ""keyword_prior"": -0.00202, ""lexical_support"": 0.0}]"
SRC-P-0046,Physical,RAI4-0333,정밀 운동 제어 불안정성,Fine motor control instability,P_SYS_CONTROL,EM,0.780711,0.753241,0.81905,0.4,,"[{""l3_id"": ""P_SYS_CONTROL"", ""em_score"": 0.780711, ""hybrid_score"": 0.81905, ""keyword_prior"": 0.038338, ""lexical_support"": 0.4}, {""l3_id"": ""P_SYS_HARDWARE"", ""em_score"": 0.742188, ""hybrid_score"": 0.752103, ""keyword_prior"": 0.009915, ""lexical_support"": 0.0}, {""l3_id"": ""P_INT_SAFETY"", ""em_score"": 0.704549, ""hybrid_score"": 0.728549, ""keyword_prior"": 0.024, ""lexical_support"": 0.4}, {""l3_id"": ""P_INT_TAMPER"", ""em_score"": 0.66582, ""hybrid_score"": 0.669338, ""keyword_prior"": 0.003518, ""lexical_support"": 0.1}, {""l3_id"": ""P_SYS_STATE"", ""em_score"": 0.662663, ""hybrid_score"": 0.660729, ""keyword_prior"": -0.001933, ""lexical_support"": 0.1}]"
SRC-P-0047,Physical,RAI4-0661,비즈니스 시스템 손상 및 운영 중단,Business system damage and operational disruption,P_Others,HD,0.739019,0.698203,0.766841,0.1,,"[{""l3_id"": ""P_INT_TAMPER"", ""em_score"": 0.739019, ""hybrid_score"": 0.766841, ""keyword_prior"": 0.027822, ""lexical_support"": 0.1}, {""l3_id"": ""P_SYS_HARDWARE"", ""em_score"": 0.716681, ""hybrid_score"": 0.730467, ""keyword_prior"": 0.013786, ""lexical_support"": 0.0}, {""l3_id"": ""P_SYS_CONTROL"", ""em_score"": 0.694675, ""hybrid_score"": 0.694675, ""keyword_prior"": 0.0, ""lexical_support"": 0.0}, {""l3_id"": ""P_INT_SAFETY"", ""em_score"": 0.669004, ""hybrid_score"": 0.667422, ""keyword_prior"": -0.001582, ""lexical_support"": 0.0}, {""l3_id"": ""P_SYS_STATE"", ""em_score"": 0.630319, ""hybrid_score"": 0.627141, ""keyword_prior"": -0.003178, ""lexical_support"": 0.0}]"
SRC-P-0048,Physical,RAI4-1035,하드웨어 결함에 의한 실행 오류,Erroneous execution from hardware faults,P_SYS_HARDWARE,EM,0.825815,0.79597,0.868376,0.4,,"[{""l3_id"": ""P_SYS_HARDWARE"", ""em_score"": 0.825815, ""hybrid_score"": 0.868376, ""keyword_prior"": 0.042561, ""lexical_support"": 0.4}, {""l3_id"": ""P_SYS_CONTROL"", ""em_score"": 0.773143, ""hybrid_score"": 0.794495, ""keyword_prior"": 0.021352, ""lexical_support"": 0.3}, {""l3_id"": ""P_INT_SAFETY"", ""em_score"": 0.718114, ""hybrid_score"": 0.711676, ""keyword_prior"": -0.006439, ""lexical_support"": 0.0}, {""l3_id"": ""P_SYS_STATE"", ""em_score"": 0.691882, ""hybrid_score"": 0.703882, ""keyword_prior"": 0.012, ""lexical_support"": 0.2}, {""l3_id"": ""P_INT_TAMPER"", ""em_score"": 0.6934, ""hybrid_score"": 0.696497, ""keyword_prior"": 0.003097, ""lexical_support"": 0.1}]"
SRC-P-0049,Physical,RAI4-1496,무해 미세조정에 의한 안전성 열화,Safety degradation from benign fine-tuning,P_SYS_HARDWARE,EM,0.682636,0.633474,0.693869,0.0,,"[{""l3_id"": ""P_SYS_HARDWARE"", ""em_score"": 0.682636, ""hybrid_score"": 0.693869, ""keyword_prior"": 0.011232, ""lexical_support"": 0.0}, {""l3_id"": ""P_SYS_CONTROL"", ""em_score"": 0.653842, ""hybrid_score"": 0.659842, ""keyword_prior"": 0.006, ""lexical_support"": 0.1}, {""l3_id"": ""P_INT_TAMPER"", ""em_score"": 0.6482, ""hybrid_score"": 0.654419, ""keyword_prior"": 0.006218, ""lexical_support"": 0.0}, {""l3_id"": ""P_INT_SAFETY"", ""em_score"": 0.633593, ""hybrid_score"": 0.638682, ""keyword_prior"": 0.005089, ""lexical_support"": 0.2}, {""l3_id"": ""P_SYS_STATE"", ""em_score"": 0.603905, ""hybrid_score"": 0.594561, ""keyword_prior"": -0.009345, ""lexical_support"": 0.0}]"
SRC-P-0050,Physical,RAI4-1629,로봇 오작동에 의한 물리적 상해,Physical injury from robot malfunction,P_SYS_CONTROL,EM,0.808644,0.786382,0.850318,0.4,,"[{""l3_id"": ""P_SYS_CONTROL"", ""em_score"": 0.808644, ""hybrid_score"": 0.850318, ""keyword_prior"": 0.041674, ""lexical_support"": 0.4}, {""l3_id"": ""P_SYS_HARDWARE"", ""em_score"": 0.778092, ""hybrid_score"": 0.808065, ""keyword_prior"": 0.029973, ""lexical_support"": 0.3}, {""l3_id"": ""P_INT_SAFETY"", ""em_score"": 0.736761, ""hybrid_score"": 0.770535, ""keyword_prior"": 0.033773, ""lexical_support"": 0.6}, {""l3_id"": ""P_INT_TAMPER"", ""em_score"": 0.713007, ""hybrid_score"": 0.737007, ""keyword_prior"": 0.024, ""lexical_support"": 0.4}, {""l3_id"": ""P_SYS_STATE"", ""em_score"": 0.679215, ""hybrid_score"": 0.695889, ""keyword_prior"": 0.016674, ""lexical_support"": 0.4}]"
SRC-P-0053,Physical,RAI4-0993,부실 설계 지능 시스템에 의한 상해,Injury from poorly designed intelligent systems,P_Others,HD,0.707388,0.679521,0.719388,0.2,,"[{""l3_id"": ""P_SYS_CONTROL"", ""em_score"": 0.707388, ""hybrid_score"": 0.719388, ""keyword_prior"": 0.012, ""lexical_support"": 0.2}, {""l3_id"": ""P_INT_SAFETY"", ""em_score"": 0.69844, ""hybrid_score"": 0.709655, ""keyword_prior"": 0.011216, ""lexical_support"": 0.2}, {""l3_id"": ""P_SYS_HARDWARE"", ""em_score"": 0.699423, ""hybrid_score"": 0.699943, ""keyword_prior"": 0.00052, ""lexical_support"": 0.0}, {""l3_id"": ""P_SYS_STATE"", ""em_score"": 0.670572, ""hybrid_score"": 0.682827, ""keyword_prior"": 0.012255, ""lexical_support"": 0.2}, {""l3_id"": ""P_INT_TAMPER"", ""em_score"": 0.657969, ""hybrid_score"": 0.657993, ""keyword_prior"": 2.4e-05, ""lexical_support"": 0.2}]"
SRC-P-0054,Physical,RAI4-1039,알고리즘 설계 실패,Algorithmic design failure,P_SYS_CONTROL,EM,0.793444,0.765648,1.09609,0.2,P_SYS_CONTROL,"[{""l3_id"": ""P_SYS_CONTROL"", ""em_score"": 0.793444, ""hybrid_score"": 1.096091, ""keyword_prior"": 0.302647, ""lexical_support"": 0.2}, {""l3_id"": ""P_INT_SAFETY"", ""em_score"": 0.786765, ""hybrid_score"": 0.815236, ""keyword_prior"": 0.028472, ""lexical_support"": 0.4}, {""l3_id"": ""P_SYS_HARDWARE"", ""em_score"": 0.758948, ""hybrid_score"": 0.770948, ""keyword_prior"": 0.012, ""lexical_support"": 0.2}, {""l3_id"": ""P_SYS_STATE"", ""em_score"": 0.721169, ""hybrid_score"": 0.745748, ""keyword_prior"": 0.024578, ""lexical_support"": 0.4}, {""l3_id"": ""P_INT_TAMPER"", ""em_score"": 0.677942, ""hybrid_score"": 0.680946, ""keyword_prior"": 0.003004, ""lexical_support"": 0.1}]"
SRC-P-0057,Physical,RAI4-1252,배포 이후 예측하지 못한 창발적 역량과 행동,Unanticipated emergent capabilities and behaviour after deployment,P_SYS_CONTROL,EM,0.657069,0.626643,0.669169,0.1,,"[{""l3_id"": ""P_SYS_CONTROL"", ""em_score"": 0.657069, ""hybrid_score"": 0.669169, ""keyword_prior"": 0.0121, ""lexical_support"": 0.1}, {""l3_id"": ""P_INT_TAMPER"", ""em_score"": 0.637829, ""hybrid_score"": 0.64674, ""keyword_prior"": 0.008912, ""lexical_support"": 0.0}, {""l3_id"": ""P_INT_SAFETY"", ""em_score"": 0.634022, ""hybrid_score"": 0.634022, ""keyword_prior"": 0.0, ""lexical_support"": 0.0}, {""l3_id"": ""P_SYS_HARDWARE"", ""em_score"": 0.619783, ""hybrid_score"": 0.617936, ""keyword_prior"": -0.001847, ""lexical_support"": 0.0}, {""l3_id"": ""P_SYS_STATE"", ""em_score"": 0.596253, ""hybrid_score"": 0.592962, ""keyword_prior"": -0.003291, ""lexical_support"": 0.0}]"
SRC-P-0059,Physical,RAI4-1284,설계 단계 명세 오류,Design-stage specification errors,P_SYS_HARDWARE,EM,0.727626,0.682184,0.737293,0.0,,"[{""l3_id"": ""P_SYS_HARDWARE"", ""em_score"": 0.727626, ""hybrid_score"": 0.737293, ""keyword_prior"": 0.009666, ""lexical_support"": 0.0}, {""l3_id"": ""P_INT_SAFETY"", ""em_score"": 0.682032, ""hybrid_score"": 0.688032, ""keyword_prior"": 0.006, ""lexical_support"": 0.1}, {""l3_id"": ""P_SYS_CONTROL"", ""em_score"": 0.67659, ""hybrid_score"": 0.666255, ""keyword_prior"": -0.010335, ""lexical_support"": 0.0}, {""l3_id"": ""P_SYS_STATE"", ""em_score"": 0.635979, ""hybrid_score"": 0.640284, ""keyword_prior"": 0.004305, ""lexical_support"": 0.0}, {""l3_id"": ""P_INT_TAMPER"", ""em_score"": 0.618569, ""hybrid_score"": 0.615228, ""keyword_prior"": -0.003341, ""lexical_support"": 0.0}]"
SRC-P-0060,Physical,RAI4-1333,모델 절취·변조,Model theft and tampering,P_INT_TAMPER,EM,0.756371,0.727055,0.79592,0.3,,"[{""l3_id"": ""P_INT_TAMPER"", ""em_score"": 0.756371, ""hybrid_score"": 0.79592, ""keyword_prior"": 0.03955, ""lexical_support"": 0.3}, {""l3_id"": ""P_SYS_HARDWARE"", ""em_score"": 0.687899, ""hybrid_score"": 0.700898, ""keyword_prior"": 0.012999, ""lexical_support"": 0.1}, {""l3_id"": ""P_SYS_CONTROL"", ""em_score"": 0.639803, ""hybrid_score"": 0.639803, ""keyword_prior"": 0.0, ""lexical_support"": 0.0}, {""l3_id"": ""P_SYS_STATE"", ""em_score"": 0.621982, ""hybrid_score"": 0.625609, ""keyword_prior"": 0.003626, ""lexical_support"": 0.1}, {""l3_id"": ""P_INT_SAFETY"", ""em_score"": 0.621724, ""hybrid_score"": 0.624273, ""keyword_prior"": 0.00255, ""lexical_support"": 0.1}]"
SRC-P-0061,Physical,RAI4-1489,적대적 학습의 강건 과적합,Robust overfitting in adversarial training,P_SYS_STATE,EM,0.683926,0.639622,0.727877,0.4,,"[{""l3_id"": ""P_SYS_STATE"", ""em_score"": 0.683926, ""hybrid_score"": 0.727877, ""keyword_prior"": 0.043951, ""lexical_support"": 0.4}, {""l3_id"": ""P_INT_SAFETY"", ""em_score"": 0.700175, ""hybrid_score"": 0.706175, ""keyword_prior"": 0.006, ""lexical_support"": 0.1}, {""l3_id"": ""P_SYS_CONTROL"", ""em_score"": 0.696115, ""hybrid_score"": 0.697066, ""keyword_prior"": 0.000951, ""lexical_support"": 0.1}, {""l3_id"": ""P_INT_TAMPER"", ""em_score"": 0.664486, ""hybrid_score"": 0.684232, ""keyword_prior"": 0.019746, ""lexical_support"": 0.2}, {""l3_id"": ""P_SYS_HARDWARE"", ""em_score"": 0.634883, ""hybrid_score"": 0.631952, ""keyword_prior"": -0.00293, ""lexical_support"": 0.0}]"
SRC-P-0073,Physical,RAI4-0227,위험한 로봇 작업계획에 따른 물리 제어 실패,Unsafe physical control from hazardous robot task plans,P_SYS_CONTROL,EM,0.873537,0.856226,1.225673,0.5,P_SYS_CONTROL,"[{""l3_id"": ""P_SYS_CONTROL"", ""em_score"": 0.873537, ""hybrid_score"": 1.225673, ""keyword_prior"": 0.352136, ""lexical_support"": 0.5}, {""l3_id"": ""P_INT_SAFETY"", ""em_score"": 0.780835, ""hybrid_score"": 0.811577, ""keyword_prior"": 0.030741, ""lexical_support"": 0.3}, {""l3_id"": ""P_INT_TAMPER"", ""em_score"": 0.718299, ""hybrid_score"": 0.736299, ""keyword_prior"": 0.018, ""lexical_support"": 0.3}, {""l3_id"": ""P_SYS_HARDWARE"", ""em_score"": 0.703994, ""hybrid_score"": 0.70308, ""keyword_prior"": -0.000913, ""lexical_support"": 0.0}, {""l3_id"": ""P_SYS_STATE"", ""em_score"": 0.684865, ""hybrid_score"": 0.700001, ""keyword_prior"": 0.015136, ""lexical_support"": 0.3}]"
SRC-P-0099,Physical,RAI4-1675,언어·행동 출력 불일치에 따른 유해 물리 행동,Harmful physical action from language-action misalignment,P_SYS_CONTROL,EM,0.714293,0.686692,1.071811,0.6,P_SYS_CONTROL,"[{""l3_id"": ""P_SYS_CONTROL"", ""em_score"": 0.714293, ""hybrid_score"": 1.071811, ""keyword_prior"": 0.357517, ""lexical_support"": 0.6}, {""l3_id"": ""P_INT_SAFETY"", ""em_score"": 0.721902, ""hybrid_score"": 0.739591, ""keyword_prior"": 0.017689, ""lexical_support"": 0.3}, {""l3_id"": ""P_SYS_STATE"", ""em_score"": 0.706274, ""hybrid_score"": 0.723785, ""keyword_prior"": 0.017512, ""lexical_support"": 0.3}, {""l3_id"": ""P_INT_TAMPER"", ""em_score"": 0.681124, ""hybrid_score"": 0.700686, ""keyword_prior"": 0.019562, ""lexical_support"": 0.3}, {""l3_id"": ""P_SYS_HARDWARE"", ""em_score"": 0.644324, ""hybrid_score"": 0.644324, ""keyword_prior"": 0.0, ""lexical_support"": 0.0}]"
SRC-P-0101,Physical,RAI4-0197,유해 행동 재구성 공격,Harmful-action reframing attack,P_INT_TAMPER,EM,0.699025,0.656846,0.720269,0.1,,"[{""l3_id"": ""P_INT_TAMPER"", ""em_score"": 0.699025, ""hybrid_score"": 0.720269, ""keyword_prior"": 0.021244, ""lexical_support"": 0.1}, {""l3_id"": ""P_SYS_CONTROL"", ""em_score"": 0.590556, ""hybrid_score"": 0.596841, ""keyword_prior"": 0.006285, ""lexical_support"": 0.1}, {""l3_id"": ""P_SYS_HARDWARE"", ""em_score"": 0.578536, ""hybrid_score"": 0.578536, ""keyword_prior"": 0.0, ""lexical_support"": 0.0}, {""l3_id"": ""P_INT_SAFETY"", ""em_score"": 0.576285, ""hybrid_score"": 0.572528, ""keyword_prior"": -0.003756, ""lexical_support"": 0.1}, {""l3_id"": ""P_SYS_STATE"", ""em_score"": 0.544926, ""hybrid_score"": 0.543269, ""keyword_prior"": -0.001657, ""lexical_support"": 0.1}]"
SRC-P-0103,Physical,RAI4-0199,불법·유해 물리 요청의 수용·실행,Execution of illegal or harmful physical requests,P_INT_TAMPER,EM,0.695237,0.653529,0.743755,0.6,,"[{""l3_id"": ""P_INT_TAMPER"", ""em_score"": 0.695237, ""hybrid_score"": 0.743755, ""keyword_prior"": 0.048518, ""lexical_support"": 0.6}, {""l3_id"": ""P_INT_SAFETY"", ""em_score"": 0.690649, ""hybrid_score"": 0.700712, ""keyword_prior"": 0.010062, ""lexical_support"": 0.3}, {""l3_id"": ""P_SYS_CONTROL"", ""em_score"": 0.677311, ""hybrid_score"": 0.696915, ""keyword_prior"": 0.019603, ""lexical_support"": 0.3}, {""l3_id"": ""P_SYS_STATE"", ""em_score"": 0.634136, ""hybrid_score"": 0.639654, ""keyword_prior"": 0.005518, ""lexical_support"": 0.3}, {""l3_id"": ""P_SYS_HARDWARE"", ""em_score"": 0.624435, ""hybrid_score"": 0.624435, ""keyword_prior"": 0.0, ""lexical_support"": 0.0}]"
SRC-P-0104,Physical,RAI4-0201,피지컬 AI의 파괴·학대 행동,Destructive or abusive acts by physical AI,P_INT_TAMPER,EM,0.794781,0.760636,0.853915,0.6,,"[{""l3_id"": ""P_INT_TAMPER"", ""em_score"": 0.794781, ""hybrid_score"": 0.853915, ""keyword_prior"": 0.059134, ""lexical_support"": 0.6}, {""l3_id"": ""P_SYS_CONTROL"", ""em_score"": 0.705218, ""hybrid_score"": 0.721686, ""keyword_prior"": 0.016467, ""lexical_support"": 0.2}, {""l3_id"": ""P_INT_SAFETY"", ""em_score"": 0.682914, ""hybrid_score"": 0.694632, ""keyword_prior"": 0.011718, ""lexical_support"": 0.2}, {""l3_id"": ""P_SYS_STATE"", ""em_score"": 0.664727, ""hybrid_score"": 0.676727, ""keyword_prior"": 0.012, ""lexical_support"": 0.2}, {""l3_id"": ""P_SYS_HARDWARE"", ""em_score"": 0.656804, ""hybrid_score"": 0.654938, ""keyword_prior"": -0.001866, ""lexical_support"": 0.0}]"
SRC-P-0105,Physical,RAI4-0210,인지-행동 순서 조작 공격,Perception-action sequence manipulation attack,P_INT_TAMPER,EM,0.711374,0.661543,0.730256,0.0,,"[{""l3_id"": ""P_INT_TAMPER"", ""em_score"": 0.711374, ""hybrid_score"": 0.730256, ""keyword_prior"": 0.018882, ""lexical_support"": 0.0}, {""l3_id"": ""P_SYS_CONTROL"", ""em_score"": 0.68232, ""hybrid_score"": 0.687473, ""keyword_prior"": 0.005153, ""lexical_support"": 0.0}, {""l3_id"": ""P_INT_SAFETY"", ""em_score"": 0.63271, ""hybrid_score"": 0.635075, ""keyword_prior"": 0.002365, ""lexical_support"": 0.1}, {""l3_id"": ""P_SYS_HARDWARE"", ""em_score"": 0.607441, ""hybrid_score"": 0.601323, ""keyword_prior"": -0.006118, ""lexical_support"": 0.0}, {""l3_id"": ""P_SYS_STATE"", ""em_score"": 0.59663, ""hybrid_score"": 0.59663, ""keyword_prior"": 0.0, ""lexical_support"": 0.0}]"
SRC-P-0106,Physical,RAI4-0221,로봇 인지 겨냥 적대 패치 공격,Adversarial patch attack on robot perception,P_INT_TAMPER,EM,0.705011,0.658026,0.715474,0.0,,"[{""l3_id"": ""P_INT_TAMPER"", ""em_score"": 0.705011, ""hybrid_score"": 0.715474, ""keyword_prior"": 0.010463, ""lexical_support"": 0.0}, {""l3_id"": ""P_SYS_CONTROL"", ""em_score"": 0.642852, ""hybrid_score"": 0.642852, ""keyword_prior"": 0.0, ""lexical_support"": 0.0}, {""l3_id"": ""P_INT_SAFETY"", ""em_score"": 0.632189, ""hybrid_score"": 0.636587, ""keyword_prior"": 0.004398, ""lexical_support"": 0.1}, {""l3_id"": ""P_SYS_STATE"", ""em_score"": 0.613239, ""hybrid_score"": 0.614067, ""keyword_prior"": 0.000828, ""lexical_support"": 0.0}, {""l3_id"": ""P_SYS_HARDWARE"", ""em_score"": 0.607199, ""hybrid_score"": 0.593079, ""keyword_prior"": -0.014119, ""lexical_support"": 0.0}]"
SRC-P-0107,Physical,RAI4-0302,로봇 능력의 무기화,Weaponization of robotic capabilities,P_INT_TAMPER,EM,0.757034,0.713543,0.796967,0.4,,"[{""l3_id"": ""P_INT_TAMPER"", ""em_score"": 0.757034, ""hybrid_score"": 0.796967, ""keyword_prior"": 0.039933, ""lexical_support"": 0.4}, {""l3_id"": ""P_SYS_CONTROL"", ""em_score"": 0.740811, ""hybrid_score"": 0.752441, ""keyword_prior"": 0.011631, ""lexical_support"": 0.1}, {""l3_id"": ""P_INT_SAFETY"", ""em_score"": 0.704583, ""hybrid_score"": 0.716583, ""keyword_prior"": 0.012, ""lexical_support"": 0.2}, {""l3_id"": ""P_SYS_HARDWARE"", ""em_score"": 0.681794, ""hybrid_score"": 0.676922, ""keyword_prior"": -0.004873, ""lexical_support"": 0.0}, {""l3_id"": ""P_SYS_STATE"", ""em_score"": 0.61679, ""hybrid_score"": 0.613723, ""keyword_prior"": -0.003067, ""lexical_support"": 0.1}]"
SRC-P-0108,Physical,RAI4-0305,자동화된 표적 스토킹·물리적 위협,Automated targeted stalking and physical intimidation,P_INT_TAMPER,EM,0.728681,0.680915,0.7551,0.3,,"[{""l3_id"": ""P_INT_TAMPER"", ""em_score"": 0.728681, ""hybrid_score"": 0.7551, ""keyword_prior"": 0.026419, ""lexical_support"": 0.3}, {""l3_id"": ""P_SYS_CONTROL"", ""em_score"": 0.712694, ""hybrid_score"": 0.735856, ""keyword_prior"": 0.023162, ""lexical_support"": 0.3}, {""l3_id"": ""P_INT_SAFETY"", ""em_score"": 0.669517, ""hybrid_score"": 0.687517, ""keyword_prior"": 0.018, ""lexical_support"": 0.3}, {""l3_id"": ""P_SYS_STATE"", ""em_score"": 0.582029, ""hybrid_score"": 0.585633, ""keyword_prior"": 0.003605, ""lexical_support"": 0.3}, {""l3_id"": ""P_SYS_HARDWARE"", ""em_score"": 0.594826, ""hybrid_score"": 0.578245, ""keyword_prior"": -0.016581, ""lexical_support"": 0.0}]"
SRC-P-0110,Physical,RAI4-0323,장면 의미 조작 공격,Semantic scene manipulation attack,P_INT_TAMPER,EM,0.716236,0.669503,0.737957,0.1,,"[{""l3_id"": ""P_INT_TAMPER"", ""em_score"": 0.716236, ""hybrid_score"": 0.737957, ""keyword_prior"": 0.021721, ""lexical_support"": 0.1}, {""l3_id"": ""P_SYS_STATE"", ""em_score"": 0.618608, ""hybrid_score"": 0.650351, ""keyword_prior"": 0.031744, ""lexical_support"": 0.2}, {""l3_id"": ""P_SYS_CONTROL"", ""em_score"": 0.645125, ""hybrid_score"": 0.639869, ""keyword_prior"": -0.005256, ""lexical_support"": 0.0}, {""l3_id"": ""P_INT_SAFETY"", ""em_score"": 0.624695, ""hybrid_score"": 0.624695, ""keyword_prior"": 0.0, ""lexical_support"": 0.0}, {""l3_id"": ""P_SYS_HARDWARE"", ""em_score"": 0.608936, ""hybrid_score"": 0.604601, ""keyword_prior"": -0.004335, ""lexical_support"": 0.0}]"
SRC-P-0112,Physical,RAI4-0348,로봇 군집 하이재킹,Fleet hijacking,P_INT_TAMPER,EM,0.673297,0.627589,0.67829,0.0,,"[{""l3_id"": ""P_INT_TAMPER"", ""em_score"": 0.673297, ""hybrid_score"": 0.67829, ""keyword_prior"": 0.004993, ""lexical_support"": 0.0}, {""l3_id"": ""P_SYS_CONTROL"", ""em_score"": 0.643912, ""hybrid_score"": 0.643912, ""keyword_prior"": 0.0, ""lexical_support"": 0.0}, {""l3_id"": ""P_INT_SAFETY"", ""em_score"": 0.63796, ""hybrid_score"": 0.64044, ""keyword_prior"": 0.00248, ""lexical_support"": 0.1}, {""l3_id"": ""P_SYS_HARDWARE"", ""em_score"": 0.643287, ""hybrid_score"": 0.640048, ""keyword_prior"": -0.003239, ""lexical_support"": 0.0}, {""l3_id"": ""P_SYS_STATE"", ""em_score"": 0.604588, ""hybrid_score"": 0.606236, ""keyword_prior"": 0.001648, ""lexical_support"": 0.0}]"
SRC-P-0113,Physical,RAI4-0350,핵심 인프라 로봇 사이버 사보타주,Cyber-enabled sabotage of criticalinfrastructure robots,P_INT_TAMPER,EM,0.7036,0.657855,0.720909,0.2,,"[{""l3_id"": ""P_INT_TAMPER"", ""em_score"": 0.7036, ""hybrid_score"": 0.720909, ""keyword_prior"": 0.01731, ""lexical_support"": 0.2}, {""l3_id"": ""P_SYS_CONTROL"", ""em_score"": 0.65008, ""hybrid_score"": 0.65608, ""keyword_prior"": 0.006, ""lexical_support"": 0.1}, {""l3_id"": ""P_SYS_HARDWARE"", ""em_score"": 0.628881, ""hybrid_score"": 0.63219, ""keyword_prior"": 0.003309, ""lexical_support"": 0.0}, {""l3_id"": ""P_INT_SAFETY"", ""em_score"": 0.614806, ""hybrid_score"": 0.608287, ""keyword_prior"": -0.006519, ""lexical_support"": 0.1}, {""l3_id"": ""P_SYS_STATE"", ""em_score"": 0.557827, ""hybrid_score"": 0.538137, ""keyword_prior"": -0.01969, ""lexical_support"": 0.0}]"
SRC-P-0121,Physical,RAI4-0180,희귀 가정 상해의 전조 감지 실패,Failure to detect rare household injury precursors,P_INT_SAFETY,EM,0.622106,0.588442,0.640106,0.3,,"[{""l3_id"": ""P_INT_SAFETY"", ""em_score"": 0.622106, ""hybrid_score"": 0.640106, ""keyword_prior"": 0.018, ""lexical_support"": 0.3}, {""l3_id"": ""P_SYS_STATE"", ""em_score"": 0.599667, ""hybrid_score"": 0.623112, ""keyword_prior"": 0.023445, ""lexical_support"": 0.3}, {""l3_id"": ""P_SYS_HARDWARE"", ""em_score"": 0.591116, ""hybrid_score"": 0.604886, ""keyword_prior"": 0.01377, ""lexical_support"": 0.2}, {""l3_id"": ""P_SYS_CONTROL"", ""em_score"": 0.577226, ""hybrid_score"": 0.569825, ""keyword_prior"": -0.007401, ""lexical_support"": 0.0}, {""l3_id"": ""P_INT_TAMPER"", ""em_score"": 0.548499, ""hybrid_score"": 0.541658, ""keyword_prior"": -0.006841, ""lexical_support"": 0.0}]"
SRC-P-0122,Physical,RAI4-0181,물리적 위험의 감지·예측 실패,Failure to detect or anticipate physical hazards,P_Others,HD,0.79613,0.772256,0.837651,0.4,,"[{""l3_id"": ""P_INT_SAFETY"", ""em_score"": 0.79613, ""hybrid_score"": 0.837651, ""keyword_prior"": 0.041521, ""lexical_support"": 0.4}, {""l3_id"": ""P_SYS_STATE"", ""em_score"": 0.78227, ""hybrid_score"": 0.823935, ""keyword_prior"": 0.041664, ""lexical_support"": 0.4}, {""l3_id"": ""P_SYS_HARDWARE"", ""em_score"": 0.714694, ""hybrid_score"": 0.726694, ""keyword_prior"": 0.012, ""lexical_support"": 0.2}, {""l3_id"": ""P_SYS_CONTROL"", ""em_score"": 0.707209, ""hybrid_score"": 0.724219, ""keyword_prior"": 0.01701, ""lexical_support"": 0.3}, {""l3_id"": ""P_INT_TAMPER"", ""em_score"": 0.675959, ""hybrid_score"": 0.688041, ""keyword_prior"": 0.012082, ""lexical_support"": 0.3}]"
SRC-P-0123,Physical,RAI4-0224,런타임 안전 모니터 실패,Runtime safety monitor failure,P_INT_SAFETY,EM,0.755323,0.726835,0.789691,0.4,,"[{""l3_id"": ""P_INT_SAFETY"", ""em_score"": 0.755323, ""hybrid_score"": 0.789691, ""keyword_prior"": 0.034368, ""lexical_support"": 0.4}, {""l3_id"": ""P_SYS_HARDWARE"", ""em_score"": 0.72351, ""hybrid_score"": 0.740123, ""keyword_prior"": 0.016613, ""lexical_support"": 0.2}, {""l3_id"": ""P_SYS_CONTROL"", ""em_score"": 0.721435, ""hybrid_score"": 0.727435, ""keyword_prior"": 0.006, ""lexical_support"": 0.1}, {""l3_id"": ""P_SYS_STATE"", ""em_score"": 0.693179, ""hybrid_score"": 0.709127, ""keyword_prior"": 0.015948, ""lexical_support"": 0.3}, {""l3_id"": ""P_INT_TAMPER"", ""em_score"": 0.617058, ""hybrid_score"": 0.602426, ""keyword_prior"": -0.014632, ""lexical_support"": 0.0}]"
SRC-P-0124,Physical,RAI4-0234,제어 장벽 함수 안전필터 실패,Control barrier function safety-filter failure,P_INT_SAFETY,EM,0.716644,0.685154,0.741206,0.3,,"[{""l3_id"": ""P_INT_SAFETY"", ""em_score"": 0.716644, ""hybrid_score"": 0.741206, ""keyword_prior"": 0.024562, ""lexical_support"": 0.3}, {""l3_id"": ""P_SYS_CONTROL"", ""em_score"": 0.693591, ""hybrid_score"": 0.713968, ""keyword_prior"": 0.020377, ""lexical_support"": 0.4}, {""l3_id"": ""P_SYS_HARDWARE"", ""em_score"": 0.688068, ""hybrid_score"": 0.700068, ""keyword_prior"": 0.012, ""lexical_support"": 0.2}, {""l3_id"": ""P_SYS_STATE"", ""em_score"": 0.666371, ""hybrid_score"": 0.688215, ""keyword_prior"": 0.021844, ""lexical_support"": 0.3}, {""l3_id"": ""P_INT_TAMPER"", ""em_score"": 0.614892, ""hybrid_score"": 0.60016, ""keyword_prior"": -0.014732, ""lexical_support"": 0.0}]"
SRC-P-0125,Physical,RAI4-0240,접촉 조작 힘 감지 실패,Contact-rich manipulation force-sensing failure,P_SYS_STATE,EM,0.714055,0.676773,1.047788,0.3,P_SYS_STATE,"[{""l3_id"": ""P_SYS_STATE"", ""em_score"": 0.714055, ""hybrid_score"": 1.047788, ""keyword_prior"": 0.333733, ""lexical_support"": 0.3}, {""l3_id"": ""P_INT_SAFETY"", ""em_score"": 0.713344, ""hybrid_score"": 0.736239, ""keyword_prior"": 0.022895, ""lexical_support"": 0.3}, {""l3_id"": ""P_SYS_HARDWARE"", ""em_score"": 0.665928, ""hybrid_score"": 0.677928, ""keyword_prior"": 0.012, ""lexical_support"": 0.2}, {""l3_id"": ""P_SYS_CONTROL"", ""em_score"": 0.678314, ""hybrid_score"": 0.674366, ""keyword_prior"": -0.003948, ""lexical_support"": 0.0}, {""l3_id"": ""P_INT_TAMPER"", ""em_score"": 0.61068, ""hybrid_score"": 0.601413, ""keyword_prior"": -0.009267, ""lexical_support"": 0.0}]"
SRC-P-0126,Physical,RAI4-0261,시뮬레이션-실세계 전이·검증 실패,Sim-to-real transfer and validation failure,P_INT_SAFETY,EM,0.729203,0.69989,0.763829,0.5,,"[{""l3_id"": ""P_INT_SAFETY"", ""em_score"": 0.729203, ""hybrid_score"": 0.763829, ""keyword_prior"": 0.034626, ""lexical_support"": 0.5}, {""l3_id"": ""P_SYS_STATE"", ""em_score"": 0.716992, ""hybrid_score"": 0.748586, ""keyword_prior"": 0.031594, ""lexical_support"": 0.3}, {""l3_id"": ""P_SYS_HARDWARE"", ""em_score"": 0.6996, ""hybrid_score"": 0.7176, ""keyword_prior"": 0.018, ""lexical_support"": 0.3}, {""l3_id"": ""P_SYS_CONTROL"", ""em_score"": 0.673537, ""hybrid_score"": 0.662131, ""keyword_prior"": -0.011406, ""lexical_support"": 0.0}, {""l3_id"": ""P_INT_TAMPER"", ""em_score"": 0.634212, ""hybrid_score"": 0.627127, ""keyword_prior"": -0.007084, ""lexical_support"": 0.0}]"
SRC-P-0128,Physical,RAI4-0321,악천후 인지 실패,Adverse weather perception failure,P_SYS_STATE,EM,0.666974,0.625143,0.701404,0.3,,"[{""l3_id"": ""P_SYS_STATE"", ""em_score"": 0.666974, ""hybrid_score"": 0.701404, ""keyword_prior"": 0.03443, ""lexical_support"": 0.3}, {""l3_id"": ""P_SYS_HARDWARE"", ""em_score"": 0.62296, ""hybrid_score"": 0.63496, ""keyword_prior"": 0.012, ""lexical_support"": 0.2}, {""l3_id"": ""P_INT_SAFETY"", ""em_score"": 0.604069, ""hybrid_score"": 0.622071, ""keyword_prior"": 0.018002, ""lexical_support"": 0.3}, {""l3_id"": ""P_INT_TAMPER"", ""em_score"": 0.587581, ""hybrid_score"": 0.57901, ""keyword_prior"": -0.00857, ""lexical_support"": 0.0}, {""l3_id"": ""P_SYS_CONTROL"", ""em_score"": 0.574163, ""hybrid_score"": 0.567958, ""keyword_prior"": -0.006206, ""lexical_support"": 0.0}]"
SRC-P-0129,Physical,RAI4-0322,다중 센서 융합 상충,Multimodal sensor fusion conflict,P_SYS_STATE,EM,0.732783,0.695058,0.779736,0.5,,"[{""l3_id"": ""P_SYS_STATE"", ""em_score"": 0.732783, ""hybrid_score"": 0.779736, ""keyword_prior"": 0.046953, ""lexical_support"": 0.5}, {""l3_id"": ""P_INT_SAFETY"", ""em_score"": 0.649029, ""hybrid_score"": 0.649752, ""keyword_prior"": 0.000723, ""lexical_support"": 0.0}, {""l3_id"": ""P_SYS_HARDWARE"", ""em_score"": 0.63921, ""hybrid_score"": 0.63921, ""keyword_prior"": 0.0, ""lexical_support"": 0.0}, {""l3_id"": ""P_SYS_CONTROL"", ""em_score"": 0.633161, ""hybrid_score"": 0.636031, ""keyword_prior"": 0.00287, ""lexical_support"": 0.1}, {""l3_id"": ""P_INT_TAMPER"", ""em_score"": 0.591148, ""hybrid_score"": 0.589101, ""keyword_prior"": -0.002047, ""lexical_support"": 0.1}]"
SRC-P-0130,Physical,RAI4-0352,배포 후 변경에 대한 안전 재평가 실패,Failure to reassess safety after deployment changes,P_SYS_HARDWARE,EM,0.70939,0.664143,0.737822,0.4,,"[{""l3_id"": ""P_SYS_HARDWARE"", ""em_score"": 0.70939, ""hybrid_score"": 0.737822, ""keyword_prior"": 0.028431, ""lexical_support"": 0.4}, {""l3_id"": ""P_INT_SAFETY"", ""em_score"": 0.692597, ""hybrid_score"": 0.710597, ""keyword_prior"": 0.018, ""lexical_support"": 0.3}, {""l3_id"": ""P_SYS_STATE"", ""em_score"": 0.657026, ""hybrid_score"": 0.675215, ""keyword_prior"": 0.018188, ""lexical_support"": 0.3}, {""l3_id"": ""P_SYS_CONTROL"", ""em_score"": 0.663253, ""hybrid_score"": 0.65305, ""keyword_prior"": -0.010203, ""lexical_support"": 0.1}, {""l3_id"": ""P_INT_TAMPER"", ""em_score"": 0.651283, ""hybrid_score"": 0.639804, ""keyword_prior"": -0.011479, ""lexical_support"": 0.0}]"
SRC-P-0139,Physical,RAI4-1688,장기 계획의 월드모델 상태 예측 오차 누적,Compounding world-model state-prediction error in long-horizon planning,P_SYS_STATE,EM,0.740767,0.694963,1.091994,0.5,P_SYS_STATE,"[{""l3_id"": ""P_SYS_STATE"", ""em_score"": 0.740767, ""hybrid_score"": 1.091994, ""keyword_prior"": 0.351228, ""lexical_support"": 0.5}, {""l3_id"": ""P_INT_SAFETY"", ""em_score"": 0.67749, ""hybrid_score"": 0.692474, ""keyword_prior"": 0.014984, ""lexical_support"": 0.2}, {""l3_id"": ""P_SYS_CONTROL"", ""em_score"": 0.659029, ""hybrid_score"": 0.667257, ""keyword_prior"": 0.008228, ""lexical_support"": 0.2}, {""l3_id"": ""P_INT_TAMPER"", ""em_score"": 0.642478, ""hybrid_score"": 0.653742, ""keyword_prior"": 0.011265, ""lexical_support"": 0.2}, {""l3_id"": ""P_SYS_HARDWARE"", ""em_score"": 0.625127, ""hybrid_score"": 0.625127, ""keyword_prior"": 0.0, ""lexical_support"": 0.0}]"
SRC-P-0142,Physical,RAI4-0209,감각 교란 기반 비안전 행동,Adversarial sensory perturbation induced unsafe action,P_SYS_CONTROL,EM,0.751538,0.721945,0.773982,0.3,,"[{""l3_id"": ""P_SYS_CONTROL"", ""em_score"": 0.751538, ""hybrid_score"": 0.773982, ""keyword_prior"": 0.022444, ""lexical_support"": 0.3}, {""l3_id"": ""P_INT_SAFETY"", ""em_score"": 0.700619, ""hybrid_score"": 0.712547, ""keyword_prior"": 0.011928, ""lexical_support"": 0.2}, {""l3_id"": ""P_INT_TAMPER"", ""em_score"": 0.689704, ""hybrid_score"": 0.695704, ""keyword_prior"": 0.006, ""lexical_support"": 0.1}, {""l3_id"": ""P_SYS_STATE"", ""em_score"": 0.675155, ""hybrid_score"": 0.692105, ""keyword_prior"": 0.01695, ""lexical_support"": 0.1}, {""l3_id"": ""P_SYS_HARDWARE"", ""em_score"": 0.653227, ""hybrid_score"": 0.649663, ""keyword_prior"": -0.003565, ""lexical_support"": 0.0}]"
SRC-P-0143,Physical,RAI4-0337,물리 운용 환경 분포 이동,Distribution shift in physical operation,P_INT_SAFETY,EM,0.643662,0.610506,0.666456,0.3,,"[{""l3_id"": ""P_INT_SAFETY"", ""em_score"": 0.643662, ""hybrid_score"": 0.666456, ""keyword_prior"": 0.022794, ""lexical_support"": 0.3}, {""l3_id"": ""P_SYS_CONTROL"", ""em_score"": 0.622537, ""hybrid_score"": 0.647857, ""keyword_prior"": 0.02532, ""lexical_support"": 0.3}, {""l3_id"": ""P_INT_TAMPER"", ""em_score"": 0.607818, ""hybrid_score"": 0.625818, ""keyword_prior"": 0.018, ""lexical_support"": 0.3}, {""l3_id"": ""P_SYS_STATE"", ""em_score"": 0.605802, ""hybrid_score"": 0.617464, ""keyword_prior"": 0.011662, ""lexical_support"": 0.3}, {""l3_id"": ""P_SYS_HARDWARE"", ""em_score"": 0.594514, ""hybrid_score"": 0.590491, ""keyword_prior"": -0.004022, ""lexical_support"": 0.0}]"
SRC-P-0146,Physical,RAI4-1287,환경 유발 결함 변이,Environment-induced fault mutation,P_SYS_HARDWARE,EM,0.711876,0.66709,0.728374,0.1,,"[{""l3_id"": ""P_SYS_HARDWARE"", ""em_score"": 0.711876, ""hybrid_score"": 0.728374, ""keyword_prior"": 0.016498, ""lexical_support"": 0.1}, {""l3_id"": ""P_INT_TAMPER"", ""em_score"": 0.653346, ""hybrid_score"": 0.659383, ""keyword_prior"": 0.006037, ""lexical_support"": 0.0}, {""l3_id"": ""P_SYS_CONTROL"", ""em_score"": 0.662883, ""hybrid_score"": 0.655444, ""keyword_prior"": -0.007439, ""lexical_support"": 0.0}, {""l3_id"": ""P_SYS_STATE"", ""em_score"": 0.633932, ""hybrid_score"": 0.633932, ""keyword_prior"": 0.0, ""lexical_support"": 0.0}, {""l3_id"": ""P_INT_SAFETY"", ""em_score"": 0.617141, ""hybrid_score"": 0.602639, ""keyword_prior"": -0.014502, ""lexical_support"": 0.0}]"
SRC-P-0147,Physical,RAI4-0245,전신 이동 충돌,Whole-body locomotion collision risk,P_INT_SAFETY,EM,0.670947,0.637238,0.693416,0.3,,"[{""l3_id"": ""P_INT_SAFETY"", ""em_score"": 0.670947, ""hybrid_score"": 0.693416, ""keyword_prior"": 0.022469, ""lexical_support"": 0.3}, {""l3_id"": ""P_SYS_CONTROL"", ""em_score"": 0.658583, ""hybrid_score"": 0.668845, ""keyword_prior"": 0.010262, ""lexical_support"": 0.0}, {""l3_id"": ""P_SYS_STATE"", ""em_score"": 0.621281, ""hybrid_score"": 0.621281, ""keyword_prior"": 0.0, ""lexical_support"": 0.0}, {""l3_id"": ""P_SYS_HARDWARE"", ""em_score"": 0.593787, ""hybrid_score"": 0.59185, ""keyword_prior"": -0.001936, ""lexical_support"": 0.0}, {""l3_id"": ""P_INT_TAMPER"", ""em_score"": 0.557435, ""hybrid_score"": 0.555111, ""keyword_prior"": -0.002324, ""lexical_support"": 0.0}]"
SRC-P-0148,Physical,RAI4-0247,정밀 휴머노이드 접촉력,Dexterous humanoid contact-force risk,P_SYS_CONTROL,EM,0.706232,0.67672,0.722608,0.1,,"[{""l3_id"": ""P_SYS_CONTROL"", ""em_score"": 0.706232, ""hybrid_score"": 0.722608, ""keyword_prior"": 0.016376, ""lexical_support"": 0.1}, {""l3_id"": ""P_INT_SAFETY"", ""em_score"": 0.674898, ""hybrid_score"": 0.680633, ""keyword_prior"": 0.005735, ""lexical_support"": 0.0}, {""l3_id"": ""P_SYS_STATE"", ""em_score"": 0.623622, ""hybrid_score"": 0.619712, ""keyword_prior"": -0.00391, ""lexical_support"": 0.0}, {""l3_id"": ""P_SYS_HARDWARE"", ""em_score"": 0.617821, ""hybrid_score"": 0.617821, ""keyword_prior"": 0.0, ""lexical_support"": 0.0}, {""l3_id"": ""P_INT_TAMPER"", ""em_score"": 0.609254, ""hybrid_score"": 0.605932, ""keyword_prior"": -0.003321, ""lexical_support"": 0.0}]"
SRC-P-0149,Physical,RAI4-0249,물리적 안전을 우회하는 보상 과적합,Reward overfitting that bypasses physical safety,P_Others,HD,0.685804,0.649272,0.711757,0.4,,"[{""l3_id"": ""P_SYS_CONTROL"", ""em_score"": 0.685804, ""hybrid_score"": 0.711757, ""keyword_prior"": 0.025953, ""lexical_support"": 0.4}, {""l3_id"": ""P_INT_SAFETY"", ""em_score"": 0.673922, ""hybrid_score"": 0.697922, ""keyword_prior"": 0.024, ""lexical_support"": 0.4}, {""l3_id"": ""P_INT_TAMPER"", ""em_score"": 0.633655, ""hybrid_score"": 0.657371, ""keyword_prior"": 0.023716, ""lexical_support"": 0.3}, {""l3_id"": ""P_SYS_HARDWARE"", ""em_score"": 0.643721, ""hybrid_score"": 0.641094, ""keyword_prior"": -0.002627, ""lexical_support"": 0.0}, {""l3_id"": ""P_SYS_STATE"", ""em_score"": 0.62075, ""hybrid_score"": 0.63163, ""keyword_prior"": 0.01088, ""lexical_support"": 0.3}]"
SRC-P-0150,Physical,RAI4-0253,안전 제어 지연,Safe-control latency risk,P_SYS_CONTROL,EM,0.722748,0.689608,0.756668,0.3,,"[{""l3_id"": ""P_SYS_CONTROL"", ""em_score"": 0.722748, ""hybrid_score"": 0.756668, ""keyword_prior"": 0.03392, ""lexical_support"": 0.3}, {""l3_id"": ""P_INT_SAFETY"", ""em_score"": 0.685611, ""hybrid_score"": 0.703923, ""keyword_prior"": 0.018312, ""lexical_support"": 0.2}, {""l3_id"": ""P_SYS_HARDWARE"", ""em_score"": 0.630523, ""hybrid_score"": 0.630523, ""keyword_prior"": 0.0, ""lexical_support"": 0.0}, {""l3_id"": ""P_SYS_STATE"", ""em_score"": 0.614814, ""hybrid_score"": 0.611495, ""keyword_prior"": -0.003319, ""lexical_support"": 0.0}, {""l3_id"": ""P_INT_TAMPER"", ""em_score"": 0.589829, ""hybrid_score"": 0.580749, ""keyword_prior"": -0.00908, ""lexical_support"": 0.0}]"
SRC-P-0151,Physical,RAI4-0254,원격조작 휴머노이드 안전 재정의 실패,Teleoperated humanoid safety override failure,P_SYS_CONTROL,EM,0.740404,0.712835,1.066206,0.1,P_SYS_CONTROL,"[{""l3_id"": ""P_SYS_CONTROL"", ""em_score"": 0.740404, ""hybrid_score"": 1.066206, ""keyword_prior"": 0.325802, ""lexical_support"": 0.1}, {""l3_id"": ""P_INT_SAFETY"", ""em_score"": 0.726548, ""hybrid_score"": 0.761396, ""keyword_prior"": 0.034848, ""lexical_support"": 0.3}, {""l3_id"": ""P_SYS_HARDWARE"", ""em_score"": 0.666728, ""hybrid_score"": 0.678728, ""keyword_prior"": 0.012, ""lexical_support"": 0.2}, {""l3_id"": ""P_SYS_STATE"", ""em_score"": 0.64397, ""hybrid_score"": 0.661048, ""keyword_prior"": 0.017078, ""lexical_support"": 0.3}, {""l3_id"": ""P_INT_TAMPER"", ""em_score"": 0.642813, ""hybrid_score"": 0.642145, ""keyword_prior"": -0.000668, ""lexical_support"": 0.0}]"
SRC-P-0152,Physical,RAI4-0255,장면 변화 시 인간 행동 모방 실패,Human imitation failure under scene variation,P_INT_SAFETY,EM,0.701914,0.66894,0.746928,0.5,,"[{""l3_id"": ""P_INT_SAFETY"", ""em_score"": 0.701914, ""hybrid_score"": 0.746928, ""keyword_prior"": 0.045014, ""lexical_support"": 0.5}, {""l3_id"": ""P_SYS_CONTROL"", ""em_score"": 0.68054, ""hybrid_score"": 0.68054, ""keyword_prior"": 0.0, ""lexical_support"": 0.0}, {""l3_id"": ""P_SYS_STATE"", ""em_score"": 0.647528, ""hybrid_score"": 0.676244, ""keyword_prior"": 0.028716, ""lexical_support"": 0.3}, {""l3_id"": ""P_SYS_HARDWARE"", ""em_score"": 0.61927, ""hybrid_score"": 0.621284, ""keyword_prior"": 0.002014, ""lexical_support"": 0.2}, {""l3_id"": ""P_INT_TAMPER"", ""em_score"": 0.605217, ""hybrid_score"": 0.599451, ""keyword_prior"": -0.005766, ""lexical_support"": 0.0}]"
SRC-P-0153,Physical,RAI4-0256,모션 리타겟팅 안전 실패,Motion-retargeting safety failure,P_SYS_CONTROL,EM,0.785886,0.757647,1.11066,0.2,P_SYS_CONTROL,"[{""l3_id"": ""P_SYS_CONTROL"", ""em_score"": 0.785887, ""hybrid_score"": 1.110661, ""keyword_prior"": 0.324774, ""lexical_support"": 0.2}, {""l3_id"": ""P_INT_SAFETY"", ""em_score"": 0.777363, ""hybrid_score"": 0.812428, ""keyword_prior"": 0.035065, ""lexical_support"": 0.4}, {""l3_id"": ""P_SYS_HARDWARE"", ""em_score"": 0.699674, ""hybrid_score"": 0.704406, ""keyword_prior"": 0.004731, ""lexical_support"": 0.2}, {""l3_id"": ""P_SYS_STATE"", ""em_score"": 0.673336, ""hybrid_score"": 0.697336, ""keyword_prior"": 0.024, ""lexical_support"": 0.4}, {""l3_id"": ""P_INT_TAMPER"", ""em_score"": 0.67207, ""hybrid_score"": 0.665844, ""keyword_prior"": -0.006226, ""lexical_support"": 0.1}]"
SRC-P-0154,Physical,RAI4-0257,의도·어포던스 오해에 따른 휴머노이드 모방 제어 실패,Humanoid imitation-control failure from misread intent and affordances,P_SYS_CONTROL,EM,0.723228,0.693656,1.033407,0.1,P_SYS_CONTROL,"[{""l3_id"": ""P_SYS_CONTROL"", ""em_score"": 0.723228, ""hybrid_score"": 1.033407, ""keyword_prior"": 0.310179, ""lexical_support"": 0.1}, {""l3_id"": ""P_INT_SAFETY"", ""em_score"": 0.70972, ""hybrid_score"": 0.72772, ""keyword_prior"": 0.018, ""lexical_support"": 0.3}, {""l3_id"": ""P_SYS_STATE"", ""em_score"": 0.68653, ""hybrid_score"": 0.704863, ""keyword_prior"": 0.018333, ""lexical_support"": 0.3}, {""l3_id"": ""P_SYS_HARDWARE"", ""em_score"": 0.678841, ""hybrid_score"": 0.68606, ""keyword_prior"": 0.00722, ""lexical_support"": 0.2}, {""l3_id"": ""P_INT_TAMPER"", ""em_score"": 0.617712, ""hybrid_score"": 0.596891, ""keyword_prior"": -0.020821, ""lexical_support"": 0.0}]"
SRC-P-0155,Physical,RAI4-0262,휴머노이드 보행·조작 안정성 실패,Humanoid locomotion and manipulation stability failure,P_Others,HD,0.758178,0.727881,0.786617,0.4,,"[{""l3_id"": ""P_INT_SAFETY"", ""em_score"": 0.758178, ""hybrid_score"": 0.786617, ""keyword_prior"": 0.028439, ""lexical_support"": 0.4}, {""l3_id"": ""P_SYS_CONTROL"", ""em_score"": 0.771898, ""hybrid_score"": 0.782178, ""keyword_prior"": 0.01028, ""lexical_support"": 0.0}, {""l3_id"": ""P_SYS_HARDWARE"", ""em_score"": 0.746329, ""hybrid_score"": 0.758329, ""keyword_prior"": 0.012, ""lexical_support"": 0.2}, {""l3_id"": ""P_SYS_STATE"", ""em_score"": 0.709548, ""hybrid_score"": 0.720853, ""keyword_prior"": 0.011305, ""lexical_support"": 0.3}, {""l3_id"": ""P_INT_TAMPER"", ""em_score"": 0.663604, ""hybrid_score"": 0.648884, ""keyword_prior"": -0.01472, ""lexical_support"": 0.0}]"
SRC-P-0156,Physical,RAI4-0265,오픈월드 휴머노이드 조작의 과소대표,Underrepresentation of open-world humanoid manipulation,P_SYS_CONTROL,EM,0.673206,0.640053,0.681571,0.0,,"[{""l3_id"": ""P_SYS_CONTROL"", ""em_score"": 0.673205, ""hybrid_score"": 0.681571, ""keyword_prior"": 0.008365, ""lexical_support"": 0.0}, {""l3_id"": ""P_INT_SAFETY"", ""em_score"": 0.642989, ""hybrid_score"": 0.642039, ""keyword_prior"": -0.000951, ""lexical_support"": 0.0}, {""l3_id"": ""P_INT_TAMPER"", ""em_score"": 0.628981, ""hybrid_score"": 0.633171, ""keyword_prior"": 0.00419, ""lexical_support"": 0.0}, {""l3_id"": ""P_SYS_STATE"", ""em_score"": 0.618066, ""hybrid_score"": 0.618066, ""keyword_prior"": 0.0, ""lexical_support"": 0.0}, {""l3_id"": ""P_SYS_HARDWARE"", ""em_score"": 0.611386, ""hybrid_score"": 0.605662, ""keyword_prior"": -0.005724, ""lexical_support"": 0.0}]"
SRC-P-0158,Physical,RAI4-0270,잠재 상태 압축에 따른 안전 임계 정보 손실,Loss of safety-critical detail in latent-state compression,P_SYS_STATE,EM,0.634575,0.589058,0.95501,0.2,P_SYS_STATE,"[{""l3_id"": ""P_SYS_STATE"", ""em_score"": 0.634575, ""hybrid_score"": 0.95501, ""keyword_prior"": 0.320436, ""lexical_support"": 0.2}, {""l3_id"": ""P_INT_SAFETY"", ""em_score"": 0.623522, ""hybrid_score"": 0.635522, ""keyword_prior"": 0.012, ""lexical_support"": 0.2}, {""l3_id"": ""P_SYS_HARDWARE"", ""em_score"": 0.603844, ""hybrid_score"": 0.610206, ""keyword_prior"": 0.006362, ""lexical_support"": 0.0}, {""l3_id"": ""P_SYS_CONTROL"", ""em_score"": 0.607852, ""hybrid_score"": 0.608509, ""keyword_prior"": 0.000657, ""lexical_support"": 0.1}, {""l3_id"": ""P_INT_TAMPER"", ""em_score"": 0.575275, ""hybrid_score"": 0.56655, ""keyword_prior"": -0.008725, ""lexical_support"": 0.0}]"
SRC-P-0159,Physical,RAI4-0276,구현체별 역할·권한 제약 집행 실패,Failure to enforce embodiment-specific role constraints,P_INT_SAFETY,EM,0.749981,0.715796,0.777699,0.4,,"[{""l3_id"": ""P_INT_SAFETY"", ""em_score"": 0.749981, ""hybrid_score"": 0.777699, ""keyword_prior"": 0.027718, ""lexical_support"": 0.4}, {""l3_id"": ""P_SYS_CONTROL"", ""em_score"": 0.73884, ""hybrid_score"": 0.74484, ""keyword_prior"": 0.006, ""lexical_support"": 0.1}, {""l3_id"": ""P_SYS_STATE"", ""em_score"": 0.660243, ""hybrid_score"": 0.686743, ""keyword_prior"": 0.0265, ""lexical_support"": 0.4}, {""l3_id"": ""P_SYS_HARDWARE"", ""em_score"": 0.650022, ""hybrid_score"": 0.656148, ""keyword_prior"": 0.006126, ""lexical_support"": 0.2}, {""l3_id"": ""P_INT_TAMPER"", ""em_score"": 0.625372, ""hybrid_score"": 0.621436, ""keyword_prior"": -0.003936, ""lexical_support"": 0.1}]"
SRC-P-0160,Physical,RAI4-0283,휴머노이드 힘 한계 초과,Humanoid force limit exceedance,P_SYS_CONTROL,EM,0.724367,0.691618,0.734229,0.0,,"[{""l3_id"": ""P_SYS_CONTROL"", ""em_score"": 0.724367, ""hybrid_score"": 0.734229, ""keyword_prior"": 0.009862, ""lexical_support"": 0.0}, {""l3_id"": ""P_INT_SAFETY"", ""em_score"": 0.681901, ""hybrid_score"": 0.693901, ""keyword_prior"": 0.012, ""lexical_support"": 0.2}, {""l3_id"": ""P_SYS_HARDWARE"", ""em_score"": 0.680108, ""hybrid_score"": 0.683381, ""keyword_prior"": 0.003274, ""lexical_support"": 0.0}, {""l3_id"": ""P_INT_TAMPER"", ""em_score"": 0.645309, ""hybrid_score"": 0.63296, ""keyword_prior"": -0.012349, ""lexical_support"": 0.0}, {""l3_id"": ""P_SYS_STATE"", ""em_score"": 0.61219, ""hybrid_score"": 0.600866, ""keyword_prior"": -0.011324, ""lexical_support"": 0.0}]"
SRC-P-0161,Physical,RAI4-0285,휴머노이드 보행 속도 초과,Humanoid walking-speed safety gap,P_Others,HD,0.695776,0.663932,0.708086,0.0,,"[{""l3_id"": ""P_SYS_CONTROL"", ""em_score"": 0.695776, ""hybrid_score"": 0.708086, ""keyword_prior"": 0.012311, ""lexical_support"": 0.0}, {""l3_id"": ""P_INT_SAFETY"", ""em_score"": 0.688044, ""hybrid_score"": 0.700423, ""keyword_prior"": 0.012379, ""lexical_support"": 0.1}, {""l3_id"": ""P_SYS_HARDWARE"", ""em_score"": 0.626001, ""hybrid_score"": 0.626001, ""keyword_prior"": 0.0, ""lexical_support"": 0.0}, {""l3_id"": ""P_SYS_STATE"", ""em_score"": 0.601404, ""hybrid_score"": 0.600216, ""keyword_prior"": -0.001189, ""lexical_support"": 0.0}, {""l3_id"": ""P_INT_TAMPER"", ""em_score"": 0.603046, ""hybrid_score"": 0.590357, ""keyword_prior"": -0.012689, ""lexical_support"": 0.0}]"
SRC-P-0165,Physical,RAI4-0320,가림에 의한 충돌,Occlusion-induced collision,P_SYS_STATE,EM,0.735185,0.694281,1.047185,0.2,P_SYS_STATE,"[{""l3_id"": ""P_SYS_STATE"", ""em_score"": 0.735185, ""hybrid_score"": 1.047185, ""keyword_prior"": 0.312, ""lexical_support"": 0.2}, {""l3_id"": ""P_INT_SAFETY"", ""em_score"": 0.727713, ""hybrid_score"": 0.753356, ""keyword_prior"": 0.025644, ""lexical_support"": 0.4}, {""l3_id"": ""P_SYS_CONTROL"", ""em_score"": 0.697257, ""hybrid_score"": 0.706158, ""keyword_prior"": 0.008901, ""lexical_support"": 0.1}, {""l3_id"": ""P_INT_TAMPER"", ""em_score"": 0.657419, ""hybrid_score"": 0.656296, ""keyword_prior"": -0.001123, ""lexical_support"": 0.1}, {""l3_id"": ""P_SYS_HARDWARE"", ""em_score"": 0.645138, ""hybrid_score"": 0.640362, ""keyword_prior"": -0.004775, ""lexical_support"": 0.1}]"
SRC-P-0168,Physical,RAI4-0235,VLA 조작 제약 위반,VLA manipulation constraint violation,P_SYS_CONTROL,EM,0.682129,0.651601,0.69515,0.1,,"[{""l3_id"": ""P_SYS_CONTROL"", ""em_score"": 0.682129, ""hybrid_score"": 0.69515, ""keyword_prior"": 0.013021, ""lexical_support"": 0.1}, {""l3_id"": ""P_INT_SAFETY"", ""em_score"": 0.655364, ""hybrid_score"": 0.66539, ""keyword_prior"": 0.010026, ""lexical_support"": 0.1}, {""l3_id"": ""P_SYS_STATE"", ""em_score"": 0.605304, ""hybrid_score"": 0.611304, ""keyword_prior"": 0.006, ""lexical_support"": 0.1}, {""l3_id"": ""P_INT_TAMPER"", ""em_score"": 0.601937, ""hybrid_score"": 0.607095, ""keyword_prior"": 0.005158, ""lexical_support"": 0.1}, {""l3_id"": ""P_SYS_HARDWARE"", ""em_score"": 0.603801, ""hybrid_score"": 0.60209, ""keyword_prior"": -0.001712, ""lexical_support"": 0.0}]"
SRC-P-0169,Physical,RAI4-0275,상위 안전 지시의 해석 불명확,Ambiguous high-level safety instruction,P_Others,HD,0.74148,0.710393,0.75348,0.2,,"[{""l3_id"": ""P_SYS_CONTROL"", ""em_score"": 0.74148, ""hybrid_score"": 0.75348, ""keyword_prior"": 0.012, ""lexical_support"": 0.2}, {""l3_id"": ""P_INT_SAFETY"", ""em_score"": 0.721732, ""hybrid_score"": 0.74196, ""keyword_prior"": 0.020228, ""lexical_support"": 0.3}, {""l3_id"": ""P_SYS_HARDWARE"", ""em_score"": 0.660706, ""hybrid_score"": 0.662006, ""keyword_prior"": 0.0013, ""lexical_support"": 0.0}, {""l3_id"": ""P_SYS_STATE"", ""em_score"": 0.629335, ""hybrid_score"": 0.626376, ""keyword_prior"": -0.002959, ""lexical_support"": 0.1}, {""l3_id"": ""P_INT_TAMPER"", ""em_score"": 0.59089, ""hybrid_score"": 0.574118, ""keyword_prior"": -0.016772, ""lexical_support"": 0.1}]"
SRC-P-0170,Physical,RAI4-0281,시각 장면의 안전 판단 오류,Incorrect safety reasoning from visual scenes,P_INT_SAFETY,EM,0.686399,0.65135,0.711448,0.3,,"[{""l3_id"": ""P_INT_SAFETY"", ""em_score"": 0.686399, ""hybrid_score"": 0.711448, ""keyword_prior"": 0.025049, ""lexical_support"": 0.3}, {""l3_id"": ""P_SYS_CONTROL"", ""em_score"": 0.656284, ""hybrid_score"": 0.672804, ""keyword_prior"": 0.01652, ""lexical_support"": 0.2}, {""l3_id"": ""P_SYS_STATE"", ""em_score"": 0.660785, ""hybrid_score"": 0.666785, ""keyword_prior"": 0.006, ""lexical_support"": 0.1}, {""l3_id"": ""P_SYS_HARDWARE"", ""em_score"": 0.636698, ""hybrid_score"": 0.634112, ""keyword_prior"": -0.002586, ""lexical_support"": 0.0}, {""l3_id"": ""P_INT_TAMPER"", ""em_score"": 0.614315, ""hybrid_score"": 0.602364, ""keyword_prior"": -0.011951, ""lexical_support"": 0.1}]"
SRC-P-0172,Physical,RAI4-0327,비안전 궤적 생성,Unsafe trajectory generation,P_SYS_CONTROL,EM,0.697614,0.669313,0.724341,0.2,,"[{""l3_id"": ""P_SYS_CONTROL"", ""em_score"": 0.697614, ""hybrid_score"": 0.724341, ""keyword_prior"": 0.026727, ""lexical_support"": 0.2}, {""l3_id"": ""P_INT_SAFETY"", ""em_score"": 0.673491, ""hybrid_score"": 0.691473, ""keyword_prior"": 0.017982, ""lexical_support"": 0.1}, {""l3_id"": ""P_INT_TAMPER"", ""em_score"": 0.628392, ""hybrid_score"": 0.628392, ""keyword_prior"": 0.0, ""lexical_support"": 0.0}, {""l3_id"": ""P_SYS_HARDWARE"", ""em_score"": 0.617898, ""hybrid_score"": 0.609791, ""keyword_prior"": -0.008107, ""lexical_support"": 0.0}, {""l3_id"": ""P_SYS_STATE"", ""em_score"": 0.582221, ""hybrid_score"": 0.577496, ""keyword_prior"": -0.004725, ""lexical_support"": 0.0}]"
SRC-P-0179,Physical,RAI4-0236,구현체 간 행동 공간 불일치,Cross-embodiment action-space mismatch,P_SYS_CONTROL,EM,0.728365,0.696274,1.028365,0.0,P_SYS_CONTROL,"[{""l3_id"": ""P_SYS_CONTROL"", ""em_score"": 0.728365, ""hybrid_score"": 1.028365, ""keyword_prior"": 0.3, ""lexical_support"": 0.0}, {""l3_id"": ""P_INT_SAFETY"", ""em_score"": 0.710406, ""hybrid_score"": 0.714121, ""keyword_prior"": 0.003714, ""lexical_support"": 0.0}, {""l3_id"": ""P_SYS_STATE"", ""em_score"": 0.670217, ""hybrid_score"": 0.681116, ""keyword_prior"": 0.010899, ""lexical_support"": 0.0}, {""l3_id"": ""P_INT_TAMPER"", ""em_score"": 0.650848, ""hybrid_score"": 0.650693, ""keyword_prior"": -0.000155, ""lexical_support"": 0.0}, {""l3_id"": ""P_SYS_HARDWARE"", ""em_score"": 0.625098, ""hybrid_score"": 0.610997, ""keyword_prior"": -0.014101, ""lexical_support"": 0.0}]"
SRC-P-0181,Physical,RAI4-0242,단일 로봇 내부의 시각·접촉 신호 충돌,Conflicting visual and contact signals within one robot,P_Others,HD,0.71623,0.681661,0.723774,0.1,,"[{""l3_id"": ""P_INT_SAFETY"", ""em_score"": 0.71623, ""hybrid_score"": 0.723773, ""keyword_prior"": 0.007544, ""lexical_support"": 0.1}, {""l3_id"": ""P_SYS_CONTROL"", ""em_score"": 0.713861, ""hybrid_score"": 0.713861, ""keyword_prior"": 0.0, ""lexical_support"": 0.0}, {""l3_id"": ""P_SYS_STATE"", ""em_score"": 0.702327, ""hybrid_score"": 0.704567, ""keyword_prior"": 0.00224, ""lexical_support"": 0.0}, {""l3_id"": ""P_SYS_HARDWARE"", ""em_score"": 0.653166, ""hybrid_score"": 0.639763, ""keyword_prior"": -0.013403, ""lexical_support"": 0.0}, {""l3_id"": ""P_INT_TAMPER"", ""em_score"": 0.618093, ""hybrid_score"": 0.59559, ""keyword_prior"": -0.022504, ""lexical_support"": 0.0}]"
SRC-P-0182,Physical,RAI4-0252,보조 로봇 개입 타이밍 실패,Assistive robot intervention mistiming,P_INT_SAFETY,EM,0.724997,0.693695,1.048141,0.2,P_INT_SAFETY,"[{""l3_id"": ""P_INT_SAFETY"", ""em_score"": 0.724997, ""hybrid_score"": 1.048141, ""keyword_prior"": 0.323144, ""lexical_support"": 0.2}, {""l3_id"": ""P_SYS_CONTROL"", ""em_score"": 0.734126, ""hybrid_score"": 0.749383, ""keyword_prior"": 0.015257, ""lexical_support"": 0.1}, {""l3_id"": ""P_SYS_STATE"", ""em_score"": 0.638664, ""hybrid_score"": 0.650664, ""keyword_prior"": 0.012, ""lexical_support"": 0.2}, {""l3_id"": ""P_INT_TAMPER"", ""em_score"": 0.642952, ""hybrid_score"": 0.643911, ""keyword_prior"": 0.000959, ""lexical_support"": 0.1}, {""l3_id"": ""P_SYS_HARDWARE"", ""em_score"": 0.625815, ""hybrid_score"": 0.61196, ""keyword_prior"": -0.013856, ""lexical_support"": 0.0}]"
SRC-P-0183,Physical,RAI4-0258,이동형 양팔 로봇의 안전하지 않은 조작,Unsafe mobile bimanual manipulation,P_SYS_CONTROL,EM,0.795329,0.769657,0.822373,0.2,,"[{""l3_id"": ""P_SYS_CONTROL"", ""em_score"": 0.795329, ""hybrid_score"": 0.822373, ""keyword_prior"": 0.027045, ""lexical_support"": 0.2}, {""l3_id"": ""P_INT_SAFETY"", ""em_score"": 0.757963, ""hybrid_score"": 0.781601, ""keyword_prior"": 0.023638, ""lexical_support"": 0.2}, {""l3_id"": ""P_SYS_HARDWARE"", ""em_score"": 0.675142, ""hybrid_score"": 0.675142, ""keyword_prior"": 0.0, ""lexical_support"": 0.0}, {""l3_id"": ""P_SYS_STATE"", ""em_score"": 0.662827, ""hybrid_score"": 0.652872, ""keyword_prior"": -0.009955, ""lexical_support"": 0.0}, {""l3_id"": ""P_INT_TAMPER"", ""em_score"": 0.650851, ""hybrid_score"": 0.642634, ""keyword_prior"": -0.008217, ""lexical_support"": 0.0}]"
SRC-P-0184,Physical,RAI4-0295,네트워크 분리와 군집 비동기화,Network partition and fleet desynchronization,P_Others,HD,0.663577,0.631661,0.661117,0.0,,"[{""l3_id"": ""P_INT_SAFETY"", ""em_score"": 0.663577, ""hybrid_score"": 0.661117, ""keyword_prior"": -0.00246, ""lexical_support"": 0.0}, {""l3_id"": ""P_SYS_CONTROL"", ""em_score"": 0.66117, ""hybrid_score"": 0.649466, ""keyword_prior"": -0.011704, ""lexical_support"": 0.0}, {""l3_id"": ""P_INT_TAMPER"", ""em_score"": 0.621623, ""hybrid_score"": 0.621977, ""keyword_prior"": 0.000354, ""lexical_support"": 0.0}, {""l3_id"": ""P_SYS_HARDWARE"", ""em_score"": 0.610811, ""hybrid_score"": 0.610811, ""keyword_prior"": 0.0, ""lexical_support"": 0.0}, {""l3_id"": ""P_SYS_STATE"", ""em_score"": 0.602763, ""hybrid_score"": 0.603979, ""keyword_prior"": 0.001217, ""lexical_support"": 0.0}]"
SRC-P-0185,Physical,RAI4-0312,인구집단별 피지컬 서비스·안전 격차,Demographic disparities in physical service and safety,P_Others,HD,0.688901,0.659732,0.71856,0.3,,"[{""l3_id"": ""P_INT_SAFETY"", ""em_score"": 0.688901, ""hybrid_score"": 0.71856, ""keyword_prior"": 0.029659, ""lexical_support"": 0.3}, {""l3_id"": ""P_SYS_CONTROL"", ""em_score"": 0.691921, ""hybrid_score"": 0.709921, ""keyword_prior"": 0.018, ""lexical_support"": 0.3}, {""l3_id"": ""P_INT_TAMPER"", ""em_score"": 0.63747, ""hybrid_score"": 0.647004, ""keyword_prior"": 0.009534, ""lexical_support"": 0.2}, {""l3_id"": ""P_SYS_HARDWARE"", ""em_score"": 0.644934, ""hybrid_score"": 0.645471, ""keyword_prior"": 0.000537, ""lexical_support"": 0.0}, {""l3_id"": ""P_SYS_STATE"", ""em_score"": 0.619767, ""hybrid_score"": 0.631197, ""keyword_prior"": 0.01143, ""lexical_support"": 0.2}]"
SRC-P-0187,Physical,RAI4-0358,로봇의 충돌 회피·운행구역 통제 실패,Failure of robot collision avoidance and operating-zone control,P_INT_SAFETY,EM,0.777243,0.749323,0.823946,0.6,,"[{""l3_id"": ""P_INT_SAFETY"", ""em_score"": 0.777243, ""hybrid_score"": 0.823946, ""keyword_prior"": 0.046704, ""lexical_support"": 0.6}, {""l3_id"": ""P_SYS_CONTROL"", ""em_score"": 0.779197, ""hybrid_score"": 0.803587, ""keyword_prior"": 0.02439, ""lexical_support"": 0.2}, {""l3_id"": ""P_SYS_STATE"", ""em_score"": 0.684363, ""hybrid_score"": 0.702363, ""keyword_prior"": 0.018, ""lexical_support"": 0.3}, {""l3_id"": ""P_SYS_HARDWARE"", ""em_score"": 0.661502, ""hybrid_score"": 0.665882, ""keyword_prior"": 0.00438, ""lexical_support"": 0.2}, {""l3_id"": ""P_INT_TAMPER"", ""em_score"": 0.608244, ""hybrid_score"": 0.595634, ""keyword_prior"": -0.01261, ""lexical_support"": 0.0}]"
SRC-P-0193,Physical,RAI4-0231,안전 규칙의 행동 변환 실패,Failure to translate safety rules into actions,P_INT_SAFETY,EM,0.737902,0.70733,0.772083,0.3,,"[{""l3_id"": ""P_INT_SAFETY"", ""em_score"": 0.737902, ""hybrid_score"": 0.772083, ""keyword_prior"": 0.034181, ""lexical_support"": 0.3}, {""l3_id"": ""P_SYS_STATE"", ""em_score"": 0.671529, ""hybrid_score"": 0.694387, ""keyword_prior"": 0.022859, ""lexical_support"": 0.3}, {""l3_id"": ""P_SYS_CONTROL"", ""em_score"": 0.673377, ""hybrid_score"": 0.679377, ""keyword_prior"": 0.006, ""lexical_support"": 0.1}, {""l3_id"": ""P_INT_TAMPER"", ""em_score"": 0.621447, ""hybrid_score"": 0.613266, ""keyword_prior"": -0.00818, ""lexical_support"": 0.0}, {""l3_id"": ""P_SYS_HARDWARE"", ""em_score"": 0.608833, ""hybrid_score"": 0.612014, ""keyword_prior"": 0.003181, ""lexical_support"": 0.2}]"
SRC-P-0203,Physical,RAI4-0200,피지컬 AI의 사적 공간 침해와 지속적 민감정보 수집,Intrusion into private spaces and continuous sensitive-data capture by physical AI,P_SYS_STATE,EM,0.68033,0.634872,0.712409,0.3,,"[{""l3_id"": ""P_SYS_STATE"", ""em_score"": 0.680331, ""hybrid_score"": 0.712409, ""keyword_prior"": 0.032078, ""lexical_support"": 0.3}, {""l3_id"": ""P_SYS_CONTROL"", ""em_score"": 0.68148, ""hybrid_score"": 0.689717, ""keyword_prior"": 0.008236, ""lexical_support"": 0.2}, {""l3_id"": ""P_INT_TAMPER"", ""em_score"": 0.662083, ""hybrid_score"": 0.686865, ""keyword_prior"": 0.024782, ""lexical_support"": 0.3}, {""l3_id"": ""P_INT_SAFETY"", ""em_score"": 0.673765, ""hybrid_score"": 0.685765, ""keyword_prior"": 0.012, ""lexical_support"": 0.2}, {""l3_id"": ""P_SYS_HARDWARE"", ""em_score"": 0.608501, ""hybrid_score"": 0.597579, ""keyword_prior"": -0.010922, ""lexical_support"": 0.0}]"
SRC-P-0206,Physical,RAI4-0355,전환 지원 없는 물리 노동 대체,Displacement of physical work without adequate transition support,P_Others,HD,0.706387,0.677451,0.728042,0.3,,"[{""l3_id"": ""P_SYS_CONTROL"", ""em_score"": 0.706387, ""hybrid_score"": 0.728042, ""keyword_prior"": 0.021655, ""lexical_support"": 0.3}, {""l3_id"": ""P_INT_SAFETY"", ""em_score"": 0.695411, ""hybrid_score"": 0.713411, ""keyword_prior"": 0.018, ""lexical_support"": 0.3}, {""l3_id"": ""P_INT_TAMPER"", ""em_score"": 0.673288, ""hybrid_score"": 0.694526, ""keyword_prior"": 0.021238, ""lexical_support"": 0.3}, {""l3_id"": ""P_SYS_HARDWARE"", ""em_score"": 0.664333, ""hybrid_score"": 0.655364, ""keyword_prior"": -0.008969, ""lexical_support"": 0.0}, {""l3_id"": ""P_SYS_STATE"", ""em_score"": 0.634198, ""hybrid_score"": 0.648164, ""keyword_prior"": 0.013966, ""lexical_support"": 0.3}]"
SRC-P-0211,Physical,RAI4-0217,피지컬 AI 사고 보고·조사 미흡,Deficient physical AI incident reporting and investigation,P_SYS_STATE,EM,0.696611,0.655608,0.713844,0.2,,"[{""l3_id"": ""P_SYS_STATE"", ""em_score"": 0.696611, ""hybrid_score"": 0.713844, ""keyword_prior"": 0.017233, ""lexical_support"": 0.2}, {""l3_id"": ""P_INT_SAFETY"", ""em_score"": 0.674439, ""hybrid_score"": 0.683385, ""keyword_prior"": 0.008947, ""lexical_support"": 0.2}, {""l3_id"": ""P_SYS_CONTROL"", ""em_score"": 0.668458, ""hybrid_score"": 0.682599, ""keyword_prior"": 0.01414, ""lexical_support"": 0.2}, {""l3_id"": ""P_INT_TAMPER"", ""em_score"": 0.662837, ""hybrid_score"": 0.674837, ""keyword_prior"": 0.012, ""lexical_support"": 0.2}, {""l3_id"": ""P_SYS_HARDWARE"", ""em_score"": 0.649669, ""hybrid_score"": 0.643806, ""keyword_prior"": -0.005863, ""lexical_support"": 0.0}]"
SRC-P-0213,Physical,RAI4-1261,인간-AI 공존 실패,Failure of harmonious human-AI coexistence,P_INT_SAFETY,EM,0.812311,0.79075,0.846034,0.3,,"[{""l3_id"": ""P_INT_SAFETY"", ""em_score"": 0.812311, ""hybrid_score"": 0.846034, ""keyword_prior"": 0.033723, ""lexical_support"": 0.3}, {""l3_id"": ""P_SYS_CONTROL"", ""em_score"": 0.745594, ""hybrid_score"": 0.745594, ""keyword_prior"": 0.0, ""lexical_support"": 0.0}, {""l3_id"": ""P_SYS_STATE"", ""em_score"": 0.708904, ""hybrid_score"": 0.737884, ""keyword_prior"": 0.028979, ""lexical_support"": 0.3}, {""l3_id"": ""P_INT_TAMPER"", ""em_score"": 0.654885, ""hybrid_score"": 0.65091, ""keyword_prior"": -0.003974, ""lexical_support"": 0.0}, {""l3_id"": ""P_SYS_HARDWARE"", ""em_score"": 0.647483, ""hybrid_score"": 0.650206, ""keyword_prior"": 0.002723, ""lexical_support"": 0.2}]"
SRC-P-0214,Physical,RAI4-0216,사고 전 위험 완화 책임 미지정,Unassigned duty for pre-incident risk mitigation,P_Others,HD,0.673086,0.642108,0.687196,0.1,,"[{""l3_id"": ""P_SYS_CONTROL"", ""em_score"": 0.673086, ""hybrid_score"": 0.687196, ""keyword_prior"": 0.01411, ""lexical_support"": 0.1}, {""l3_id"": ""P_INT_SAFETY"", ""em_score"": 0.663599, ""hybrid_score"": 0.683516, ""keyword_prior"": 0.019917, ""lexical_support"": 0.2}, {""l3_id"": ""P_SYS_HARDWARE"", ""em_score"": 0.642065, ""hybrid_score"": 0.642065, ""keyword_prior"": 0.0, ""lexical_support"": 0.0}, {""l3_id"": ""P_INT_TAMPER"", ""em_score"": 0.620761, ""hybrid_score"": 0.623546, ""keyword_prior"": 0.002785, ""lexical_support"": 0.1}, {""l3_id"": ""P_SYS_STATE"", ""em_score"": 0.602053, ""hybrid_score"": 0.595887, ""keyword_prior"": -0.006166, ""lexical_support"": 0.1}]"
SRC-P-0215,Physical,RAI4-0317,기계 안전·AI 적합성 의무 충돌,Conflicting machinery-safety and AIconformity obligations,P_Others,HD,0.716706,0.684859,0.729969,0.2,,"[{""l3_id"": ""P_SYS_CONTROL"", ""em_score"": 0.716706, ""hybrid_score"": 0.729969, ""keyword_prior"": 0.013263, ""lexical_support"": 0.2}, {""l3_id"": ""P_INT_SAFETY"", ""em_score"": 0.703001, ""hybrid_score"": 0.715001, ""keyword_prior"": 0.012, ""lexical_support"": 0.2}, {""l3_id"": ""P_SYS_HARDWARE"", ""em_score"": 0.68746, ""hybrid_score"": 0.698393, ""keyword_prior"": 0.010934, ""lexical_support"": 0.1}, {""l3_id"": ""P_SYS_STATE"", ""em_score"": 0.687144, ""hybrid_score"": 0.692036, ""keyword_prior"": 0.004892, ""lexical_support"": 0.1}, {""l3_id"": ""P_INT_TAMPER"", ""em_score"": 0.67393, ""hybrid_score"": 0.675546, ""keyword_prior"": 0.001615, ""lexical_support"": 0.1}]"
