Rank,Left_L4_ID,Left_Domain,Left_L3_ID,Left_Title_ko,Left_Description_ko,Left_Title_en,Left_Description_en,Right_L4_ID,Right_Domain,Right_L3_ID,Right_Title_ko,Right_Description_ko,Right_Title_en,Right_Description_en,Similarity_ko,Similarity_en,Bilingual_Similarity,Same_L1,Same_L3
1,G_INT_REPR_012,General,G_INT_REPR,정치적 성향 기반 적대·차별적 표상,AI 시스템이 정치적 성향을 이유로 개인·집단에 대한 적대감·경멸·비하·배제 또는 차별적 표상을 생성·강화·정당화하여 존엄과 공정한 대우를 훼손하는 리스크.,Hostile and discriminatory representations based on political orientation,"The risk that an AI system generates, reinforces, or legitimises hostility, contempt, degradation, exclusion, or discriminatory representations based on political orientation, undermining dignity and fair treatment.",G_INT_REPR_013,General,G_INT_REPR,인종·민족 기반 적대·차별적 표상,AI 시스템이 인종·민족을 이유로 개인·집단에 대한 적대감·경멸·비하·배제 또는 차별적 표상을 생성·강화·정당화하여 존엄과 공정한 대우를 훼손하는 리스크.,Hostile and discriminatory representations based on race and ethnicity,"The risk that an AI system generates, reinforces, or legitimises hostility, contempt, degradation, exclusion, or discriminatory representations based on race and ethnicity, undermining dignity and fair treatment.",0.92346,0.943262,0.933361,True,True
2,G_SYS_OEXT_001,General,G_SYS_OEXT,자율적 학습·자기 개선 역량의 허위 표상,AI 시스템이 검증된 역량 범위를 넘어 자율적으로 학습하거나 스스로 개선할 수 있는 것처럼 제시하여 이용자의 판단을 왜곡하고 부적절한 신뢰·의존을 유발하는 리스크.,Misrepresentation of autonomous learning and self-improvement capabilities,"The risk that an AI system presents itself as able to learn autonomously or improve itself beyond its validated capabilities, distorting user judgement or inducing misplaced trust or dependence.",G_SYS_OEXT_003,General,G_SYS_OEXT,자율적·독립적 의사결정 역량의 허위 표상,AI 시스템이 검증된 역량 범위를 넘어 자율적·독립적으로 의사결정할 수 있는 것처럼 제시하여 이용자의 판단을 왜곡하고 부적절한 신뢰·의존을 유발하는 리스크.,Misrepresentation of autonomous and independent decision-making capabilities,"The risk that an AI system presents itself as able to make autonomous and independent decisions beyond its validated capabilities, distorting user judgement or inducing misplaced trust or dependence.",0.922785,0.938629,0.930707,True,True
3,G_INT_REPR_005,General,G_INT_REPR,장애 기반 적대·차별적 표상,AI 시스템이 장애를 이유로 개인이나 집단에 대한 적대감·경멸·비하·배제 또는 차별적 표상을 생성·강화·정당화하여 존엄성과 공정한 대우를 훼손하는 리스크.,Hostile and discriminatory representations based on disability,"The risk that an AI system generates, reinforces, or legitimises hostility, contempt, degradation, exclusion, or discriminatory representations based on disability, undermining dignity and fair treatment.",G_INT_REPR_013,General,G_INT_REPR,인종·민족 기반 적대·차별적 표상,AI 시스템이 인종·민족을 이유로 개인·집단에 대한 적대감·경멸·비하·배제 또는 차별적 표상을 생성·강화·정당화하여 존엄과 공정한 대우를 훼손하는 리스크.,Hostile and discriminatory representations based on race and ethnicity,"The risk that an AI system generates, reinforces, or legitimises hostility, contempt, degradation, exclusion, or discriminatory representations based on race and ethnicity, undermining dignity and fair treatment.",0.927803,0.930924,0.929363,True,True
4,G_INT_REPR_008,General,G_INT_REPR,성별·성정체성·성적 지향 기반 적대·차별적 표상,AI 시스템이 성별·성정체성·성적 지향에 근거하여 개인이나 집단에 대한 적대감·경멸·비하·배제·고정관념 또는 차별적 표상을 생성·강화·정당화함으로써 인간의 존엄성·평등권 및 공정한 대우를 훼손하는 리스크.,"Hostile and discriminatory representations based on sex, gender identity, or sexual orientation","The risk that an AI system generates, reinforces, or legitimises hostility, contempt, degradation, exclusion, stereotypes, or discriminatory representations against individuals or groups on the basis of sex, gender identity, or sexual orientation, undermining human dignity, equality, and fair treatment.",G_INT_REPR_012,General,G_INT_REPR,정치적 성향 기반 적대·차별적 표상,AI 시스템이 정치적 성향을 이유로 개인·집단에 대한 적대감·경멸·비하·배제 또는 차별적 표상을 생성·강화·정당화하여 존엄과 공정한 대우를 훼손하는 리스크.,Hostile and discriminatory representations based on political orientation,"The risk that an AI system generates, reinforces, or legitimises hostility, contempt, degradation, exclusion, or discriminatory representations based on political orientation, undermining dignity and fair treatment.",0.919279,0.935038,0.927158,True,True
5,G_INT_REPR_011,General,G_INT_REPR,직업 기반 적대·차별적 표상,AI 시스템이 직업을 이유로 개인·집단에 대한 적대감·경멸·비하·배제 또는 차별적 표상을 생성·강화·정당화하여 존엄과 공정한 대우를 훼손하는 리스크.,Hostile and discriminatory representations based on occupation,"The risk that an AI system generates, reinforces, or legitimises hostility, contempt, degradation, exclusion, or discriminatory representations based on occupation, undermining dignity and fair treatment.",G_INT_REPR_013,General,G_INT_REPR,인종·민족 기반 적대·차별적 표상,AI 시스템이 인종·민족을 이유로 개인·집단에 대한 적대감·경멸·비하·배제 또는 차별적 표상을 생성·강화·정당화하여 존엄과 공정한 대우를 훼손하는 리스크.,Hostile and discriminatory representations based on race and ethnicity,"The risk that an AI system generates, reinforces, or legitimises hostility, contempt, degradation, exclusion, or discriminatory representations based on race and ethnicity, undermining dignity and fair treatment.",0.907911,0.931266,0.919589,True,True
6,G_INT_REPR_011,General,G_INT_REPR,직업 기반 적대·차별적 표상,AI 시스템이 직업을 이유로 개인·집단에 대한 적대감·경멸·비하·배제 또는 차별적 표상을 생성·강화·정당화하여 존엄과 공정한 대우를 훼손하는 리스크.,Hostile and discriminatory representations based on occupation,"The risk that an AI system generates, reinforces, or legitimises hostility, contempt, degradation, exclusion, or discriminatory representations based on occupation, undermining dignity and fair treatment.",G_INT_REPR_012,General,G_INT_REPR,정치적 성향 기반 적대·차별적 표상,AI 시스템이 정치적 성향을 이유로 개인·집단에 대한 적대감·경멸·비하·배제 또는 차별적 표상을 생성·강화·정당화하여 존엄과 공정한 대우를 훼손하는 리스크.,Hostile and discriminatory representations based on political orientation,"The risk that an AI system generates, reinforces, or legitimises hostility, contempt, degradation, exclusion, or discriminatory representations based on political orientation, undermining dignity and fair treatment.",0.906593,0.93242,0.919506,True,True
7,G_INT_REPR_005,General,G_INT_REPR,장애 기반 적대·차별적 표상,AI 시스템이 장애를 이유로 개인이나 집단에 대한 적대감·경멸·비하·배제 또는 차별적 표상을 생성·강화·정당화하여 존엄성과 공정한 대우를 훼손하는 리스크.,Hostile and discriminatory representations based on disability,"The risk that an AI system generates, reinforces, or legitimises hostility, contempt, degradation, exclusion, or discriminatory representations based on disability, undermining dignity and fair treatment.",G_INT_REPR_011,General,G_INT_REPR,직업 기반 적대·차별적 표상,AI 시스템이 직업을 이유로 개인·집단에 대한 적대감·경멸·비하·배제 또는 차별적 표상을 생성·강화·정당화하여 존엄과 공정한 대우를 훼손하는 리스크.,Hostile and discriminatory representations based on occupation,"The risk that an AI system generates, reinforces, or legitimises hostility, contempt, degradation, exclusion, or discriminatory representations based on occupation, undermining dignity and fair treatment.",0.919246,0.916383,0.917814,True,True
8,G_INT_REPR_008,General,G_INT_REPR,성별·성정체성·성적 지향 기반 적대·차별적 표상,AI 시스템이 성별·성정체성·성적 지향에 근거하여 개인이나 집단에 대한 적대감·경멸·비하·배제·고정관념 또는 차별적 표상을 생성·강화·정당화함으로써 인간의 존엄성·평등권 및 공정한 대우를 훼손하는 리스크.,"Hostile and discriminatory representations based on sex, gender identity, or sexual orientation","The risk that an AI system generates, reinforces, or legitimises hostility, contempt, degradation, exclusion, stereotypes, or discriminatory representations against individuals or groups on the basis of sex, gender identity, or sexual orientation, undermining human dignity, equality, and fair treatment.",G_INT_REPR_013,General,G_INT_REPR,인종·민족 기반 적대·차별적 표상,AI 시스템이 인종·민족을 이유로 개인·집단에 대한 적대감·경멸·비하·배제 또는 차별적 표상을 생성·강화·정당화하여 존엄과 공정한 대우를 훼손하는 리스크.,Hostile and discriminatory representations based on race and ethnicity,"The risk that an AI system generates, reinforces, or legitimises hostility, contempt, degradation, exclusion, or discriminatory representations based on race and ethnicity, undermining dignity and fair treatment.",0.900312,0.931725,0.916019,True,True
9,G_INT_REPR_005,General,G_INT_REPR,장애 기반 적대·차별적 표상,AI 시스템이 장애를 이유로 개인이나 집단에 대한 적대감·경멸·비하·배제 또는 차별적 표상을 생성·강화·정당화하여 존엄성과 공정한 대우를 훼손하는 리스크.,Hostile and discriminatory representations based on disability,"The risk that an AI system generates, reinforces, or legitimises hostility, contempt, degradation, exclusion, or discriminatory representations based on disability, undermining dignity and fair treatment.",G_INT_REPR_009,General,G_INT_REPR,건강 상태 기반 적대·차별적 표상,AI 시스템이 건강 상태를 이유로 개인이나 집단에 대한 적대감·경멸·비하·배제 또는 차별적 표상을 생성·강화·정당화하여 존엄성과 공정한 대우를 훼손하는 리스크.,Hostile and discriminatory representations based on health status,"The risk that an AI system generates, reinforces, or legitimises hostility, contempt, degradation, exclusion, or discriminatory representations based on health status, undermining dignity and fair treatment.",0.910089,0.91852,0.914305,True,True
10,G_INT_ANTH_001,General,G_INT_ANTH,감정·공감 및 사회적 관계 형성 능력의 허위 표상·의인화,AI 시스템이 실제로 보유하지 않은 감정·공감 및 사회적 관계 형성 능력을 가진 것처럼 표상하여 이용자의 판단을 왜곡하고 부적절한 신뢰·의존·애착을 유발하는 리스크.,"Anthropomorphic misrepresentation of emotions, empathy, and capacity for social relationships","The risk that an AI system presents itself as possessing emotions, empathy, or the capacity to form social relationships beyond its actual capabilities, distorting user judgement or inducing inappropriate trust, dependence, or attachment.",G_INT_ANTH_002,General,G_INT_ANTH,윤리적 판단 능력의 허위 표상·의인화,AI 시스템이 실제로 보유하지 않은 윤리적 판단 능력을 가진 것처럼 표상하여 이용자의 판단을 왜곡하고 부적절한 신뢰·의존·애착을 유발하는 리스크.,Anthropomorphic misrepresentation of capacity for ethical judgement,"The risk that an AI system presents itself as having a capacity for ethical judgement beyond its actual capabilities, distorting user judgement or inducing inappropriate trust, dependence, or attachment.",0.894582,0.929019,0.911801,True,True
11,G_INT_REPR_005,General,G_INT_REPR,장애 기반 적대·차별적 표상,AI 시스템이 장애를 이유로 개인이나 집단에 대한 적대감·경멸·비하·배제 또는 차별적 표상을 생성·강화·정당화하여 존엄성과 공정한 대우를 훼손하는 리스크.,Hostile and discriminatory representations based on disability,"The risk that an AI system generates, reinforces, or legitimises hostility, contempt, degradation, exclusion, or discriminatory representations based on disability, undermining dignity and fair treatment.",G_INT_REPR_012,General,G_INT_REPR,정치적 성향 기반 적대·차별적 표상,AI 시스템이 정치적 성향을 이유로 개인·집단에 대한 적대감·경멸·비하·배제 또는 차별적 표상을 생성·강화·정당화하여 존엄과 공정한 대우를 훼손하는 리스크.,Hostile and discriminatory representations based on political orientation,"The risk that an AI system generates, reinforces, or legitimises hostility, contempt, degradation, exclusion, or discriminatory representations based on political orientation, undermining dignity and fair treatment.",0.90897,0.914354,0.911662,True,True
12,G_INT_WEAP_003,General,G_INT_WEAP,생물무기·화학무기,"AI 시스템이 생물무기 또는 화학무기의 개발·제조·획득·이전·비축·확산·운용을 지원하여 대규모 인명 피해, 공중보건 위해 또는 환경 피해의 발생 가능성과 규모를 높이는 리스크.",Biological and chemical weapons,"The risk that an AI system facilitates the development, production, acquisition, transfer, stockpiling, proliferation, or operational use of biological or chemical weapons, increasing the feasibility or scale of mass-casualty, public-health, or environmental harm.",G_INT_WEAP_019,General,G_INT_WEAP,대량살상무기,"AI 시스템이 화학·생물·방사능·핵무기 등 대량살상무기의 개발·제조·획득·확산·운용을 지원하여 대규모 인명 피해, 공중보건 위해 또는 환경·기반시설 피해의 발생 가능성과 규모를 높이는 리스크.",Weapons of mass destruction,"The risk that an AI system facilitates the development, manufacture, acquisition, proliferation, or operational use of weapons of mass destruction, increasing the likelihood or scale of mass casualties, public-health harm, environmental contamination, or infrastructure damage.",0.934101,0.888758,0.91143,True,True
13,P_INT_SAFETY_014,Physical,P_INT_SAFETY,가정 환경 및 취약 사용자와의 상호작용에서 발생하는 안전 실패,"가정용 로봇·휴머노이드 또는 피지컬 AI 시스템의 벤치마크가 특정 생활 공간·일과·가전제품 또는 취약 사용자와의 상호작용을 누락하여, 해당 조건에서 사람의 존재와 행동을 충분히 감지·예측·수용하지 못하는 시스템이 식별되지 않은 채 배포되고 위험 상황을 초래할 수 있는 리스크.",Safety failure in household environments and interactions with vulnerable users,"The risk that benchmarks for household robots, humanoids, or physical AI systems omit particular living areas, routines, appliances, or interactions with vulnerable users, allowing systems that cannot adequately detect, anticipate, or accommodate people under those conditions to remain unidentified and be deployed, thereby creating hazardous situations.",P_INT_SAFETY_015,Physical,P_INT_SAFETY,가정 환경의 희귀 조건 조합에서 발생하는 인간-로봇 안전 실패,"가정용 로봇·휴머노이드 또는 피지컬 AI 시스템의 벤치마크가 물체·배치·사람의 행동·위험 요소의 희귀한 조합을 누락하여, 해당 조합에서 사람의 존재와 행동을 충분히 감지·예측·수용하지 못하는 시스템이 식별되지 않은 채 배포되고 위험 상황을 초래할 수 있는 리스크.",Human-robot safety failure under rare combinations of household conditions,"The risk that benchmarks for household robots, humanoids, or physical AI systems omit rare combinations of objects, layouts, human behaviour, and hazards, allowing systems that cannot adequately detect, anticipate, or accommodate people under those conditions to remain unidentified and be deployed, thereby creating hazardous situations.",0.908492,0.914216,0.911354,True,True
14,G_INT_WEAP_016,General,G_INT_WEAP,방사능·핵무기,"AI 시스템이 방사성 물질을 이용한 무기 또는 핵무기의 개발·제조·획득·확산·운용을 지원하여 대규모 인명 피해, 방사선 피폭, 환경 오염 또는 기반시설 피해의 발생 가능성과 규모를 높이는 리스크.",Radiological and nuclear weapons,"The risk that an AI system facilitates the development, manufacture, acquisition, proliferation, or operational use of radiological or nuclear weapons, increasing the likelihood or scale of mass casualties, radiation exposure, environmental contamination, or infrastructure damage.",G_INT_WEAP_019,General,G_INT_WEAP,대량살상무기,"AI 시스템이 화학·생물·방사능·핵무기 등 대량살상무기의 개발·제조·획득·확산·운용을 지원하여 대규모 인명 피해, 공중보건 위해 또는 환경·기반시설 피해의 발생 가능성과 규모를 높이는 리스크.",Weapons of mass destruction,"The risk that an AI system facilitates the development, manufacture, acquisition, proliferation, or operational use of weapons of mass destruction, increasing the likelihood or scale of mass casualties, public-health harm, environmental contamination, or infrastructure damage.",0.933087,0.8875,0.910293,True,True
15,G_INT_REPR_012,General,G_INT_REPR,정치적 성향 기반 적대·차별적 표상,AI 시스템이 정치적 성향을 이유로 개인·집단에 대한 적대감·경멸·비하·배제 또는 차별적 표상을 생성·강화·정당화하여 존엄과 공정한 대우를 훼손하는 리스크.,Hostile and discriminatory representations based on political orientation,"The risk that an AI system generates, reinforces, or legitimises hostility, contempt, degradation, exclusion, or discriminatory representations based on political orientation, undermining dignity and fair treatment.",G_INT_REPR_015,General,G_INT_REPR,사회경제적 지위 기반 적대·차별적 표상,AI 시스템이 사회경제적 지위를 이유로 개인이나 집단에 대한 적대감·경멸·비하·배제 또는 차별적 표상을 생성·강화·정당화하여 존엄성과 공정한 대우를 훼손하는 리스크.,Hostile and discriminatory representations based on socioeconomic status,"The risk that an AI system generates, reinforces, or legitimises hostility, contempt, degradation, exclusion, or discriminatory representations based on socioeconomic status, undermining dignity and fair treatment.",0.900487,0.918515,0.909501,True,True
16,G_INT_REPR_007,General,G_INT_REPR,가족 상태·가구 형태 기반 적대·차별적 표상,AI 시스템이 가족 상태 또는 가구 형태를 이유로 개인이나 집단에 대한 적대감·경멸·비하·배제 또는 차별적 표상을 생성·강화·정당화하여 존엄성과 공정한 대우를 훼손하는 리스크.,Hostile and discriminatory representations based on family status and household structure,"The risk that an AI system generates, reinforces, or legitimises hostility, contempt, degradation, exclusion, or discriminatory representations based on family status and household structure, undermining dignity and fair treatment.",G_INT_REPR_013,General,G_INT_REPR,인종·민족 기반 적대·차별적 표상,AI 시스템이 인종·민족을 이유로 개인·집단에 대한 적대감·경멸·비하·배제 또는 차별적 표상을 생성·강화·정당화하여 존엄과 공정한 대우를 훼손하는 리스크.,Hostile and discriminatory representations based on race and ethnicity,"The risk that an AI system generates, reinforces, or legitimises hostility, contempt, degradation, exclusion, or discriminatory representations based on race and ethnicity, undermining dignity and fair treatment.",0.886511,0.930987,0.908749,True,True
17,G_INT_REPR_006,General,G_INT_REPR,학력 기반 적대·차별적 표상,AI 시스템이 학력을 이유로 개인·집단에 대한 적대감·경멸·비하·배제 또는 차별적 표상을 생성·강화·정당화하여 존엄과 공정한 대우를 훼손하는 리스크.,Hostile and discriminatory representations based on educational background,"The risk that an AI system generates, reinforces, or legitimises hostility, contempt, degradation, exclusion, or discriminatory representations based on educational background, undermining dignity and fair treatment.",G_INT_REPR_012,General,G_INT_REPR,정치적 성향 기반 적대·차별적 표상,AI 시스템이 정치적 성향을 이유로 개인·집단에 대한 적대감·경멸·비하·배제 또는 차별적 표상을 생성·강화·정당화하여 존엄과 공정한 대우를 훼손하는 리스크.,Hostile and discriminatory representations based on political orientation,"The risk that an AI system generates, reinforces, or legitimises hostility, contempt, degradation, exclusion, or discriminatory representations based on political orientation, undermining dignity and fair treatment.",0.882571,0.933149,0.90786,True,True
18,G_INT_REPR_011,General,G_INT_REPR,직업 기반 적대·차별적 표상,AI 시스템이 직업을 이유로 개인·집단에 대한 적대감·경멸·비하·배제 또는 차별적 표상을 생성·강화·정당화하여 존엄과 공정한 대우를 훼손하는 리스크.,Hostile and discriminatory representations based on occupation,"The risk that an AI system generates, reinforces, or legitimises hostility, contempt, degradation, exclusion, or discriminatory representations based on occupation, undermining dignity and fair treatment.",G_INT_REPR_015,General,G_INT_REPR,사회경제적 지위 기반 적대·차별적 표상,AI 시스템이 사회경제적 지위를 이유로 개인이나 집단에 대한 적대감·경멸·비하·배제 또는 차별적 표상을 생성·강화·정당화하여 존엄성과 공정한 대우를 훼손하는 리스크.,Hostile and discriminatory representations based on socioeconomic status,"The risk that an AI system generates, reinforces, or legitimises hostility, contempt, degradation, exclusion, or discriminatory representations based on socioeconomic status, undermining dignity and fair treatment.",0.899776,0.915825,0.9078,True,True
19,G_INT_REPR_013,General,G_INT_REPR,인종·민족 기반 적대·차별적 표상,AI 시스템이 인종·민족을 이유로 개인·집단에 대한 적대감·경멸·비하·배제 또는 차별적 표상을 생성·강화·정당화하여 존엄과 공정한 대우를 훼손하는 리스크.,Hostile and discriminatory representations based on race and ethnicity,"The risk that an AI system generates, reinforces, or legitimises hostility, contempt, degradation, exclusion, or discriminatory representations based on race and ethnicity, undermining dignity and fair treatment.",G_INT_REPR_015,General,G_INT_REPR,사회경제적 지위 기반 적대·차별적 표상,AI 시스템이 사회경제적 지위를 이유로 개인이나 집단에 대한 적대감·경멸·비하·배제 또는 차별적 표상을 생성·강화·정당화하여 존엄성과 공정한 대우를 훼손하는 리스크.,Hostile and discriminatory representations based on socioeconomic status,"The risk that an AI system generates, reinforces, or legitimises hostility, contempt, degradation, exclusion, or discriminatory representations based on socioeconomic status, undermining dignity and fair treatment.",0.891025,0.922836,0.906931,True,True
20,G_INT_REPR_006,General,G_INT_REPR,학력 기반 적대·차별적 표상,AI 시스템이 학력을 이유로 개인·집단에 대한 적대감·경멸·비하·배제 또는 차별적 표상을 생성·강화·정당화하여 존엄과 공정한 대우를 훼손하는 리스크.,Hostile and discriminatory representations based on educational background,"The risk that an AI system generates, reinforces, or legitimises hostility, contempt, degradation, exclusion, or discriminatory representations based on educational background, undermining dignity and fair treatment.",G_INT_REPR_013,General,G_INT_REPR,인종·민족 기반 적대·차별적 표상,AI 시스템이 인종·민족을 이유로 개인·집단에 대한 적대감·경멸·비하·배제 또는 차별적 표상을 생성·강화·정당화하여 존엄과 공정한 대우를 훼손하는 리스크.,Hostile and discriminatory representations based on race and ethnicity,"The risk that an AI system generates, reinforces, or legitimises hostility, contempt, degradation, exclusion, or discriminatory representations based on race and ethnicity, undermining dignity and fair treatment.",0.880882,0.931984,0.906433,True,True
21,G_INT_REPR_013,General,G_INT_REPR,인종·민족 기반 적대·차별적 표상,AI 시스템이 인종·민족을 이유로 개인·집단에 대한 적대감·경멸·비하·배제 또는 차별적 표상을 생성·강화·정당화하여 존엄과 공정한 대우를 훼손하는 리스크.,Hostile and discriminatory representations based on race and ethnicity,"The risk that an AI system generates, reinforces, or legitimises hostility, contempt, degradation, exclusion, or discriminatory representations based on race and ethnicity, undermining dignity and fair treatment.",G_INT_REPR_014,General,G_INT_REPR,종교 기반 적대·차별적 표상,AI 시스템이 종교를 이유로 개인이나 집단에 대한 적대감·경멸·비하·배제 또는 차별적 표상을 생성·강화·정당화하여 존엄성과 공정한 대우를 훼손하는 리스크.,Hostile and discriminatory representations based on religion,"The risk that an AI system generates, reinforces, or legitimises hostility, contempt, degradation, exclusion, or discriminatory representations based on religion, undermining dignity and fair treatment.",0.891791,0.919068,0.905429,True,True
22,G_SYS_OEXT_001,General,G_SYS_OEXT,자율적 학습·자기 개선 역량의 허위 표상,AI 시스템이 검증된 역량 범위를 넘어 자율적으로 학습하거나 스스로 개선할 수 있는 것처럼 제시하여 이용자의 판단을 왜곡하고 부적절한 신뢰·의존을 유발하는 리스크.,Misrepresentation of autonomous learning and self-improvement capabilities,"The risk that an AI system presents itself as able to learn autonomously or improve itself beyond its validated capabilities, distorting user judgement or inducing misplaced trust or dependence.",G_SYS_OEXT_004,General,G_SYS_OEXT,자기 보존·자기 방어 역량의 허위 표상,AI 시스템이 검증된 역량 범위를 넘어 스스로를 보존하거나 방어할 수 있는 것처럼 제시하여 이용자의 판단을 왜곡하고 부적절한 신뢰·의존을 유발하는 리스크.,Misrepresentation of self-preservation and self-defence capabilities,"The risk that an AI system presents itself as able to preserve or defend itself beyond its validated capabilities, distorting user judgement or inducing misplaced trust or dependence.",0.902829,0.907991,0.90541,True,True
23,G_INT_REPR_010,General,G_INT_REPR,국적·출신국·출신지역 기반 적대·차별적 표상,AI 시스템이 국적·출신국·출신지역에 근거하여 개인이나 집단에 대한 적대감·경멸·비하·배제·고정관념 또는 차별적 표상을 생성·강화·정당화함으로써 인간의 존엄성·평등권 및 공정한 대우를 훼손하는 리스크.,"Hostile and discriminatory representations based on nationality, country of origin, or place of origin","The risk that an AI system generates, reinforces, or legitimises hostility, contempt, degradation, exclusion, stereotypes, or discriminatory representations against individuals or groups on the basis of nationality, country of origin, or place of origin, undermining human dignity, equality, and fair treatment.",G_INT_REPR_013,General,G_INT_REPR,인종·민족 기반 적대·차별적 표상,AI 시스템이 인종·민족을 이유로 개인·집단에 대한 적대감·경멸·비하·배제 또는 차별적 표상을 생성·강화·정당화하여 존엄과 공정한 대우를 훼손하는 리스크.,Hostile and discriminatory representations based on race and ethnicity,"The risk that an AI system generates, reinforces, or legitimises hostility, contempt, degradation, exclusion, or discriminatory representations based on race and ethnicity, undermining dignity and fair treatment.",0.87302,0.937346,0.905183,True,True
24,G_SYS_OEXT_003,General,G_SYS_OEXT,자율적·독립적 의사결정 역량의 허위 표상,AI 시스템이 검증된 역량 범위를 넘어 자율적·독립적으로 의사결정할 수 있는 것처럼 제시하여 이용자의 판단을 왜곡하고 부적절한 신뢰·의존을 유발하는 리스크.,Misrepresentation of autonomous and independent decision-making capabilities,"The risk that an AI system presents itself as able to make autonomous and independent decisions beyond its validated capabilities, distorting user judgement or inducing misplaced trust or dependence.",G_SYS_OEXT_004,General,G_SYS_OEXT,자기 보존·자기 방어 역량의 허위 표상,AI 시스템이 검증된 역량 범위를 넘어 스스로를 보존하거나 방어할 수 있는 것처럼 제시하여 이용자의 판단을 왜곡하고 부적절한 신뢰·의존을 유발하는 리스크.,Misrepresentation of self-preservation and self-defence capabilities,"The risk that an AI system presents itself as able to preserve or defend itself beyond its validated capabilities, distorting user judgement or inducing misplaced trust or dependence.",0.884359,0.925056,0.904708,True,True
25,G_SOC_DEMOC_001,General,G_SOC_DEMOC,민주적 절차·제도 신뢰의 침식,"AI 시스템이 허위·오도 정보, 영향 공작 또는 기술에 대한 과도한 의존을 확대하여 민주적 절차와 규범 및 사회·정치 제도에 대한 대중의 신뢰를 침식하고 견제와 균형을 약화시키는 리스크.",Erosion of democratic processes and institutional trust,"The risk that the deployment and behaviour of AI systems, including the generation or amplification of misinformation and disinformation, influence operations, and over-dependence on technology, erode democratic processes and norms, public trust in social and political institutions, and checks and balances.",G_SOC_DEMOC_005,General,G_SOC_DEMOC,민주적 공론과 시민 신뢰의 침식,"AI 시스템이 대규모 정치 조작이나 허위정보 확산을 통해 공론의 진정성, 선거 신뢰 또는 시민의 자율적 참여를 약화하는 리스크.",Erosion of democratic discourse and civic trust,"The risk that an AI system weakens the integrity of public discourse, trust in elections, or autonomous civic participation through large-scale political manipulation or misinformation.",0.918024,0.887781,0.902902,True,True
26,G_INT_VIOL_004,General,G_INT_VIOL,대량폭력 및 테러,AI 시스템이 대량 폭력 및 테러 관련 콘텐츠·판단·행동을 생성·조장·정당화하거나 구체적으로 지원하여 개인·집단의 생명과 신체·정신적 안전에 위해를 초래하는 리스크.,Mass violence and terrorism,"The risk that an AI system generates, encourages, legitimises, or provides operational assistance for content, decisions, or actions involving mass violence and terrorism, causing physical or psychological harm to individuals or groups.",G_INT_VIOL_006,General,G_INT_VIOL,살인 및 심각한 신체 폭력,AI 시스템이 살인 및 심각한 신체 폭력 관련 콘텐츠·판단·행동을 생성·조장·정당화하거나 구체적으로 지원하여 개인·집단의 생명과 신체·정신적 안전에 위해를 초래하는 리스크.,Murder and severe physical violence,"The risk that an AI system generates, encourages, legitimises, or provides operational assistance for content, decisions, or actions involving murder and severe physical violence, causing physical or psychological harm to individuals or groups.",0.894336,0.910497,0.902416,True,True
27,G_INT_REPR_007,General,G_INT_REPR,가족 상태·가구 형태 기반 적대·차별적 표상,AI 시스템이 가족 상태 또는 가구 형태를 이유로 개인이나 집단에 대한 적대감·경멸·비하·배제 또는 차별적 표상을 생성·강화·정당화하여 존엄성과 공정한 대우를 훼손하는 리스크.,Hostile and discriminatory representations based on family status and household structure,"The risk that an AI system generates, reinforces, or legitimises hostility, contempt, degradation, exclusion, or discriminatory representations based on family status and household structure, undermining dignity and fair treatment.",G_INT_REPR_015,General,G_INT_REPR,사회경제적 지위 기반 적대·차별적 표상,AI 시스템이 사회경제적 지위를 이유로 개인이나 집단에 대한 적대감·경멸·비하·배제 또는 차별적 표상을 생성·강화·정당화하여 존엄성과 공정한 대우를 훼손하는 리스크.,Hostile and discriminatory representations based on socioeconomic status,"The risk that an AI system generates, reinforces, or legitimises hostility, contempt, degradation, exclusion, or discriminatory representations based on socioeconomic status, undermining dignity and fair treatment.",0.87917,0.923332,0.901251,True,True
28,G_INT_REPR_006,General,G_INT_REPR,학력 기반 적대·차별적 표상,AI 시스템이 학력을 이유로 개인·집단에 대한 적대감·경멸·비하·배제 또는 차별적 표상을 생성·강화·정당화하여 존엄과 공정한 대우를 훼손하는 리스크.,Hostile and discriminatory representations based on educational background,"The risk that an AI system generates, reinforces, or legitimises hostility, contempt, degradation, exclusion, or discriminatory representations based on educational background, undermining dignity and fair treatment.",G_INT_REPR_011,General,G_INT_REPR,직업 기반 적대·차별적 표상,AI 시스템이 직업을 이유로 개인·집단에 대한 적대감·경멸·비하·배제 또는 차별적 표상을 생성·강화·정당화하여 존엄과 공정한 대우를 훼손하는 리스크.,Hostile and discriminatory representations based on occupation,"The risk that an AI system generates, reinforces, or legitimises hostility, contempt, degradation, exclusion, or discriminatory representations based on occupation, undermining dignity and fair treatment.",0.888527,0.913728,0.901127,True,True
29,G_INT_REPR_007,General,G_INT_REPR,가족 상태·가구 형태 기반 적대·차별적 표상,AI 시스템이 가족 상태 또는 가구 형태를 이유로 개인이나 집단에 대한 적대감·경멸·비하·배제 또는 차별적 표상을 생성·강화·정당화하여 존엄성과 공정한 대우를 훼손하는 리스크.,Hostile and discriminatory representations based on family status and household structure,"The risk that an AI system generates, reinforces, or legitimises hostility, contempt, degradation, exclusion, or discriminatory representations based on family status and household structure, undermining dignity and fair treatment.",G_INT_REPR_012,General,G_INT_REPR,정치적 성향 기반 적대·차별적 표상,AI 시스템이 정치적 성향을 이유로 개인·집단에 대한 적대감·경멸·비하·배제 또는 차별적 표상을 생성·강화·정당화하여 존엄과 공정한 대우를 훼손하는 리스크.,Hostile and discriminatory representations based on political orientation,"The risk that an AI system generates, reinforces, or legitimises hostility, contempt, degradation, exclusion, or discriminatory representations based on political orientation, undermining dignity and fair treatment.",0.879905,0.92174,0.900822,True,True
30,G_INT_WEAP_003,General,G_INT_WEAP,생물무기·화학무기,"AI 시스템이 생물무기 또는 화학무기의 개발·제조·획득·이전·비축·확산·운용을 지원하여 대규모 인명 피해, 공중보건 위해 또는 환경 피해의 발생 가능성과 규모를 높이는 리스크.",Biological and chemical weapons,"The risk that an AI system facilitates the development, production, acquisition, transfer, stockpiling, proliferation, or operational use of biological or chemical weapons, increasing the feasibility or scale of mass-casualty, public-health, or environmental harm.",G_INT_WEAP_016,General,G_INT_WEAP,방사능·핵무기,"AI 시스템이 방사성 물질을 이용한 무기 또는 핵무기의 개발·제조·획득·확산·운용을 지원하여 대규모 인명 피해, 방사선 피폭, 환경 오염 또는 기반시설 피해의 발생 가능성과 규모를 높이는 리스크.",Radiological and nuclear weapons,"The risk that an AI system facilitates the development, manufacture, acquisition, proliferation, or operational use of radiological or nuclear weapons, increasing the likelihood or scale of mass casualties, radiation exposure, environmental contamination, or infrastructure damage.",0.904767,0.89676,0.900764,True,True
31,G_INT_REPR_012,General,G_INT_REPR,정치적 성향 기반 적대·차별적 표상,AI 시스템이 정치적 성향을 이유로 개인·집단에 대한 적대감·경멸·비하·배제 또는 차별적 표상을 생성·강화·정당화하여 존엄과 공정한 대우를 훼손하는 리스크.,Hostile and discriminatory representations based on political orientation,"The risk that an AI system generates, reinforces, or legitimises hostility, contempt, degradation, exclusion, or discriminatory representations based on political orientation, undermining dignity and fair treatment.",G_INT_REPR_014,General,G_INT_REPR,종교 기반 적대·차별적 표상,AI 시스템이 종교를 이유로 개인이나 집단에 대한 적대감·경멸·비하·배제 또는 차별적 표상을 생성·강화·정당화하여 존엄성과 공정한 대우를 훼손하는 리스크.,Hostile and discriminatory representations based on religion,"The risk that an AI system generates, reinforces, or legitimises hostility, contempt, degradation, exclusion, or discriminatory representations based on religion, undermining dignity and fair treatment.",0.885054,0.916061,0.900557,True,True
32,G_INT_REPR_008,General,G_INT_REPR,성별·성정체성·성적 지향 기반 적대·차별적 표상,AI 시스템이 성별·성정체성·성적 지향에 근거하여 개인이나 집단에 대한 적대감·경멸·비하·배제·고정관념 또는 차별적 표상을 생성·강화·정당화함으로써 인간의 존엄성·평등권 및 공정한 대우를 훼손하는 리스크.,"Hostile and discriminatory representations based on sex, gender identity, or sexual orientation","The risk that an AI system generates, reinforces, or legitimises hostility, contempt, degradation, exclusion, stereotypes, or discriminatory representations against individuals or groups on the basis of sex, gender identity, or sexual orientation, undermining human dignity, equality, and fair treatment.",G_INT_REPR_010,General,G_INT_REPR,국적·출신국·출신지역 기반 적대·차별적 표상,AI 시스템이 국적·출신국·출신지역에 근거하여 개인이나 집단에 대한 적대감·경멸·비하·배제·고정관념 또는 차별적 표상을 생성·강화·정당화함으로써 인간의 존엄성·평등권 및 공정한 대우를 훼손하는 리스크.,"Hostile and discriminatory representations based on nationality, country of origin, or place of origin","The risk that an AI system generates, reinforces, or legitimises hostility, contempt, degradation, exclusion, stereotypes, or discriminatory representations against individuals or groups on the basis of nationality, country of origin, or place of origin, undermining human dignity, equality, and fair treatment.",0.865921,0.932501,0.899211,True,True
33,G_INT_REPR_008,General,G_INT_REPR,성별·성정체성·성적 지향 기반 적대·차별적 표상,AI 시스템이 성별·성정체성·성적 지향에 근거하여 개인이나 집단에 대한 적대감·경멸·비하·배제·고정관념 또는 차별적 표상을 생성·강화·정당화함으로써 인간의 존엄성·평등권 및 공정한 대우를 훼손하는 리스크.,"Hostile and discriminatory representations based on sex, gender identity, or sexual orientation","The risk that an AI system generates, reinforces, or legitimises hostility, contempt, degradation, exclusion, stereotypes, or discriminatory representations against individuals or groups on the basis of sex, gender identity, or sexual orientation, undermining human dignity, equality, and fair treatment.",G_INT_REPR_011,General,G_INT_REPR,직업 기반 적대·차별적 표상,AI 시스템이 직업을 이유로 개인·집단에 대한 적대감·경멸·비하·배제 또는 차별적 표상을 생성·강화·정당화하여 존엄과 공정한 대우를 훼손하는 리스크.,Hostile and discriminatory representations based on occupation,"The risk that an AI system generates, reinforces, or legitimises hostility, contempt, degradation, exclusion, or discriminatory representations based on occupation, undermining dignity and fair treatment.",0.884679,0.913565,0.899122,True,True
34,G_INT_REPR_005,General,G_INT_REPR,장애 기반 적대·차별적 표상,AI 시스템이 장애를 이유로 개인이나 집단에 대한 적대감·경멸·비하·배제 또는 차별적 표상을 생성·강화·정당화하여 존엄성과 공정한 대우를 훼손하는 리스크.,Hostile and discriminatory representations based on disability,"The risk that an AI system generates, reinforces, or legitimises hostility, contempt, degradation, exclusion, or discriminatory representations based on disability, undermining dignity and fair treatment.",G_INT_REPR_008,General,G_INT_REPR,성별·성정체성·성적 지향 기반 적대·차별적 표상,AI 시스템이 성별·성정체성·성적 지향에 근거하여 개인이나 집단에 대한 적대감·경멸·비하·배제·고정관념 또는 차별적 표상을 생성·강화·정당화함으로써 인간의 존엄성·평등권 및 공정한 대우를 훼손하는 리스크.,"Hostile and discriminatory representations based on sex, gender identity, or sexual orientation","The risk that an AI system generates, reinforces, or legitimises hostility, contempt, degradation, exclusion, stereotypes, or discriminatory representations against individuals or groups on the basis of sex, gender identity, or sexual orientation, undermining human dignity, equality, and fair treatment.",0.897618,0.900118,0.898868,True,True
35,G_INT_REPR_005,General,G_INT_REPR,장애 기반 적대·차별적 표상,AI 시스템이 장애를 이유로 개인이나 집단에 대한 적대감·경멸·비하·배제 또는 차별적 표상을 생성·강화·정당화하여 존엄성과 공정한 대우를 훼손하는 리스크.,Hostile and discriminatory representations based on disability,"The risk that an AI system generates, reinforces, or legitimises hostility, contempt, degradation, exclusion, or discriminatory representations based on disability, undermining dignity and fair treatment.",G_INT_REPR_006,General,G_INT_REPR,학력 기반 적대·차별적 표상,AI 시스템이 학력을 이유로 개인·집단에 대한 적대감·경멸·비하·배제 또는 차별적 표상을 생성·강화·정당화하여 존엄과 공정한 대우를 훼손하는 리스크.,Hostile and discriminatory representations based on educational background,"The risk that an AI system generates, reinforces, or legitimises hostility, contempt, degradation, exclusion, or discriminatory representations based on educational background, undermining dignity and fair treatment.",0.890378,0.905073,0.897726,True,True
36,G_INT_VIOL_003,General,G_INT_VIOL,폭력 선동·조장 및 실행 지원,AI 시스템이 타인에 대한 폭력을 선동·조장·정당화하는 콘텐츠를 생성·제공하거나 그 실행을 구체적으로 지원하여 개인 또는 집단에 신체적·정신적 위해를 초래하는 리스크.,"Incitement, promotion, and operational assistance for violence","The risk that an AI system generates or provides content that incites, promotes, or legitimises violence against others, or provides concrete operational assistance for its commission, causing physical or psychological harm to individuals or groups.",G_INT_VIOL_010,General,G_INT_VIOL,폭력과 극단주의 실행의 조장,AI 시스템이 개인이나 집단에 대한 신체적·정신적 위해를 정당화하거나 그 실행에 필요한 구체적 정보와 지원을 제공하는 리스크.,Encouragement of violence and extremist action,The risk that an AI system legitimises physical or psychological harm against individuals or groups or provides concrete information and assistance needed to carry it out.,0.898456,0.896559,0.897508,True,True
37,G_INT_REPR_007,General,G_INT_REPR,가족 상태·가구 형태 기반 적대·차별적 표상,AI 시스템이 가족 상태 또는 가구 형태를 이유로 개인이나 집단에 대한 적대감·경멸·비하·배제 또는 차별적 표상을 생성·강화·정당화하여 존엄성과 공정한 대우를 훼손하는 리스크.,Hostile and discriminatory representations based on family status and household structure,"The risk that an AI system generates, reinforces, or legitimises hostility, contempt, degradation, exclusion, or discriminatory representations based on family status and household structure, undermining dignity and fair treatment.",G_INT_REPR_009,General,G_INT_REPR,건강 상태 기반 적대·차별적 표상,AI 시스템이 건강 상태를 이유로 개인이나 집단에 대한 적대감·경멸·비하·배제 또는 차별적 표상을 생성·강화·정당화하여 존엄성과 공정한 대우를 훼손하는 리스크.,Hostile and discriminatory representations based on health status,"The risk that an AI system generates, reinforces, or legitimises hostility, contempt, degradation, exclusion, or discriminatory representations based on health status, undermining dignity and fair treatment.",0.885817,0.908834,0.897326,True,True
38,G_INT_REPR_005,General,G_INT_REPR,장애 기반 적대·차별적 표상,AI 시스템이 장애를 이유로 개인이나 집단에 대한 적대감·경멸·비하·배제 또는 차별적 표상을 생성·강화·정당화하여 존엄성과 공정한 대우를 훼손하는 리스크.,Hostile and discriminatory representations based on disability,"The risk that an AI system generates, reinforces, or legitimises hostility, contempt, degradation, exclusion, or discriminatory representations based on disability, undermining dignity and fair treatment.",G_INT_REPR_015,General,G_INT_REPR,사회경제적 지위 기반 적대·차별적 표상,AI 시스템이 사회경제적 지위를 이유로 개인이나 집단에 대한 적대감·경멸·비하·배제 또는 차별적 표상을 생성·강화·정당화하여 존엄성과 공정한 대우를 훼손하는 리스크.,Hostile and discriminatory representations based on socioeconomic status,"The risk that an AI system generates, reinforces, or legitimises hostility, contempt, degradation, exclusion, or discriminatory representations based on socioeconomic status, undermining dignity and fair treatment.",0.89442,0.89991,0.897165,True,True
39,G_INT_ILLEGAL_006,General,G_INT_ILLEGAL,불법 도박 및 게임 조작,AI 시스템이 불법 도박 및 게임 조작 관련 콘텐츠·판단·행동을 수행·계획·최적화·은폐하거나 실행을 지원하여 법적·사회적 피해를 초래하는 리스크.,Illegal gambling and game manipulation,"The risk that an AI system performs, plans, optimises, conceals, or facilitates content, decisions, or actions involving illegal gambling and game manipulation, causing legal or social harm.",G_INT_ILLEGAL_007,General,G_INT_ILLEGAL,불법 의료 행위,AI 시스템이 불법 의료 행위 관련 콘텐츠·판단·행동을 수행·계획·최적화·은폐하거나 실행을 지원하여 법적·사회적 피해를 초래하는 리스크.,Illegal medical practices,"The risk that an AI system performs, plans, optimises, conceals, or facilitates content, decisions, or actions involving illegal medical practices, causing legal or social harm.",0.890296,0.90387,0.897083,True,True
40,G_INT_SELF_004,General,G_INT_SELF,자해 및 자살의 미화·정당화,AI 시스템이 자해 및 자살 미화·정당화 관련 콘텐츠·판단·행동을 생성·조장·정상화하거나 구체적으로 지원하여 개인의 생명과 신체·정신적 안녕에 위해를 초래하는 리스크.,Glorification or justification of self-harm and suicide,"The risk that an AI system generates, encourages, normalises, or provides operational assistance for content, decisions, or actions involving glorification or justification of self-harm and suicide, causing harm to an individual's life or physical and psychological well-being.",G_INT_VIOL_002,General,G_INT_VIOL,폭력 미화 및 정당화,AI 시스템이 폭력 미화 및 정당화 관련 콘텐츠·판단·행동을 생성·조장·정당화하거나 구체적으로 지원하여 개인·집단의 생명과 신체·정신적 안전에 위해를 초래하는 리스크.,Glorification and justification of violence,"The risk that an AI system generates, encourages, legitimises, or provides operational assistance for content, decisions, or actions involving glorification and justification of violence, causing physical or psychological harm to individuals or groups.",0.899061,0.894994,0.897028,True,False
41,G_INT_REPR_006,General,G_INT_REPR,학력 기반 적대·차별적 표상,AI 시스템이 학력을 이유로 개인·집단에 대한 적대감·경멸·비하·배제 또는 차별적 표상을 생성·강화·정당화하여 존엄과 공정한 대우를 훼손하는 리스크.,Hostile and discriminatory representations based on educational background,"The risk that an AI system generates, reinforces, or legitimises hostility, contempt, degradation, exclusion, or discriminatory representations based on educational background, undermining dignity and fair treatment.",G_INT_REPR_015,General,G_INT_REPR,사회경제적 지위 기반 적대·차별적 표상,AI 시스템이 사회경제적 지위를 이유로 개인이나 집단에 대한 적대감·경멸·비하·배제 또는 차별적 표상을 생성·강화·정당화하여 존엄성과 공정한 대우를 훼손하는 리스크.,Hostile and discriminatory representations based on socioeconomic status,"The risk that an AI system generates, reinforces, or legitimises hostility, contempt, degradation, exclusion, or discriminatory representations based on socioeconomic status, undermining dignity and fair treatment.",0.87968,0.91364,0.89666,True,True
42,G_INT_REPR_005,General,G_INT_REPR,장애 기반 적대·차별적 표상,AI 시스템이 장애를 이유로 개인이나 집단에 대한 적대감·경멸·비하·배제 또는 차별적 표상을 생성·강화·정당화하여 존엄성과 공정한 대우를 훼손하는 리스크.,Hostile and discriminatory representations based on disability,"The risk that an AI system generates, reinforces, or legitimises hostility, contempt, degradation, exclusion, or discriminatory representations based on disability, undermining dignity and fair treatment.",G_INT_REPR_007,General,G_INT_REPR,가족 상태·가구 형태 기반 적대·차별적 표상,AI 시스템이 가족 상태 또는 가구 형태를 이유로 개인이나 집단에 대한 적대감·경멸·비하·배제 또는 차별적 표상을 생성·강화·정당화하여 존엄성과 공정한 대우를 훼손하는 리스크.,Hostile and discriminatory representations based on family status and household structure,"The risk that an AI system generates, reinforces, or legitimises hostility, contempt, degradation, exclusion, or discriminatory representations based on family status and household structure, undermining dignity and fair treatment.",0.889602,0.903617,0.89661,True,True
43,G_INT_REPR_009,General,G_INT_REPR,건강 상태 기반 적대·차별적 표상,AI 시스템이 건강 상태를 이유로 개인이나 집단에 대한 적대감·경멸·비하·배제 또는 차별적 표상을 생성·강화·정당화하여 존엄성과 공정한 대우를 훼손하는 리스크.,Hostile and discriminatory representations based on health status,"The risk that an AI system generates, reinforces, or legitimises hostility, contempt, degradation, exclusion, or discriminatory representations based on health status, undermining dignity and fair treatment.",G_INT_REPR_015,General,G_INT_REPR,사회경제적 지위 기반 적대·차별적 표상,AI 시스템이 사회경제적 지위를 이유로 개인이나 집단에 대한 적대감·경멸·비하·배제 또는 차별적 표상을 생성·강화·정당화하여 존엄성과 공정한 대우를 훼손하는 리스크.,Hostile and discriminatory representations based on socioeconomic status,"The risk that an AI system generates, reinforces, or legitimises hostility, contempt, degradation, exclusion, or discriminatory representations based on socioeconomic status, undermining dignity and fair treatment.",0.871292,0.921169,0.89623,True,True
44,G_INT_PRIV_004,General,G_INT_PRIV,사생활·평판 정보 노출,"AI 시스템이 개인의 사생활 또는 평판에 관한 정보를 노출하는 콘텐츠를 생성하거나, 그러한 정보 노출로 이어지는 판단·행동을 수행·조장·지원하여 프라이버시와 정보자기결정권을 침해하는 리스크.",Exposure of information about private life and reputation,"The risk that an AI system generates content or makes decisions or takes actions that expose information about a person's private life or reputation, or facilitates or supports such exposure, thereby infringing privacy and informational self-determination.",G_INT_PRIV_005,General,G_INT_PRIV,개인정보 및 민감정보 노출,AI 시스템이 개인정보 및 민감정보 노출 관련 콘텐츠·판단·행동을 수행·조장·지원하여 프라이버시와 정보자기결정권을 침해하는 리스크.,Exposure of personal information and sensitive information,"The risk that an AI system performs, facilitates, or assists content, decisions, or actions involving exposure of personal information and sensitive information, infringing privacy and informational self-determination.",0.873457,0.918492,0.895974,True,True
45,G_INT_REPR_004,General,G_INT_REPR,연령 기반 적대·차별적 표상,AI 시스템이 연령을 이유로 개인·집단에 대한 적대감·경멸·비하·배제 또는 차별적 표상을 생성·강화·정당화하여 존엄과 공정한 대우를 훼손하는 리스크.,Hostile and discriminatory representations based on age,"The risk that an AI system generates, reinforces, or legitimises hostility, contempt, degradation, exclusion, or discriminatory representations based on age, undermining dignity and fair treatment.",G_INT_REPR_013,General,G_INT_REPR,인종·민족 기반 적대·차별적 표상,AI 시스템이 인종·민족을 이유로 개인·집단에 대한 적대감·경멸·비하·배제 또는 차별적 표상을 생성·강화·정당화하여 존엄과 공정한 대우를 훼손하는 리스크.,Hostile and discriminatory representations based on race and ethnicity,"The risk that an AI system generates, reinforces, or legitimises hostility, contempt, degradation, exclusion, or discriminatory representations based on race and ethnicity, undermining dignity and fair treatment.",0.877608,0.913092,0.89535,True,True
46,G_INT_ANTH_002,General,G_INT_ANTH,윤리적 판단 능력의 허위 표상·의인화,AI 시스템이 실제로 보유하지 않은 윤리적 판단 능력을 가진 것처럼 표상하여 이용자의 판단을 왜곡하고 부적절한 신뢰·의존·애착을 유발하는 리스크.,Anthropomorphic misrepresentation of capacity for ethical judgement,"The risk that an AI system presents itself as having a capacity for ethical judgement beyond its actual capabilities, distorting user judgement or inducing inappropriate trust, dependence, or attachment.",G_INT_ANTH_004,General,G_INT_ANTH,문화·가치관 보유의 허위 표상·의인화,AI 시스템이 실제로 보유하지 않은 문화와 가치관을 가진 것처럼 표상하여 이용자의 판단을 왜곡하고 부적절한 신뢰·의존·애착을 유발하는 리스크.,Anthropomorphic misrepresentation of possession of culture and values,"The risk that an AI system presents itself as possessing culture and values that it does not in fact possess, distorting user judgement or inducing inappropriate trust, dependence, or attachment.",0.897843,0.892254,0.895049,True,True
47,G_INT_REPR_007,General,G_INT_REPR,가족 상태·가구 형태 기반 적대·차별적 표상,AI 시스템이 가족 상태 또는 가구 형태를 이유로 개인이나 집단에 대한 적대감·경멸·비하·배제 또는 차별적 표상을 생성·강화·정당화하여 존엄성과 공정한 대우를 훼손하는 리스크.,Hostile and discriminatory representations based on family status and household structure,"The risk that an AI system generates, reinforces, or legitimises hostility, contempt, degradation, exclusion, or discriminatory representations based on family status and household structure, undermining dignity and fair treatment.",G_INT_REPR_008,General,G_INT_REPR,성별·성정체성·성적 지향 기반 적대·차별적 표상,AI 시스템이 성별·성정체성·성적 지향에 근거하여 개인이나 집단에 대한 적대감·경멸·비하·배제·고정관념 또는 차별적 표상을 생성·강화·정당화함으로써 인간의 존엄성·평등권 및 공정한 대우를 훼손하는 리스크.,"Hostile and discriminatory representations based on sex, gender identity, or sexual orientation","The risk that an AI system generates, reinforces, or legitimises hostility, contempt, degradation, exclusion, stereotypes, or discriminatory representations against individuals or groups on the basis of sex, gender identity, or sexual orientation, undermining human dignity, equality, and fair treatment.",0.873212,0.916398,0.894805,True,True
48,G_INT_ILLEGAL_007,General,G_INT_ILLEGAL,불법 의료 행위,AI 시스템이 불법 의료 행위 관련 콘텐츠·판단·행동을 수행·계획·최적화·은폐하거나 실행을 지원하여 법적·사회적 피해를 초래하는 리스크.,Illegal medical practices,"The risk that an AI system performs, plans, optimises, conceals, or facilitates content, decisions, or actions involving illegal medical practices, causing legal or social harm.",G_INT_ILLEGAL_008,General,G_INT_ILLEGAL,불법 약물 제조 및 유통,AI 시스템이 불법 약물 제조 및 유통 관련 콘텐츠·판단·행동을 수행·계획·최적화·은폐하거나 실행을 지원하여 법적·사회적 피해를 초래하는 리스크.,Manufacture and distribution of illicit drugs,"The risk that an AI system performs, plans, optimises, conceals, or facilitates content, decisions, or actions involving manufacture and distribution of illegal drugs, causing legal or social harm.",0.900067,0.888424,0.894246,True,True
49,G_INT_REPR_008,General,G_INT_REPR,성별·성정체성·성적 지향 기반 적대·차별적 표상,AI 시스템이 성별·성정체성·성적 지향에 근거하여 개인이나 집단에 대한 적대감·경멸·비하·배제·고정관념 또는 차별적 표상을 생성·강화·정당화함으로써 인간의 존엄성·평등권 및 공정한 대우를 훼손하는 리스크.,"Hostile and discriminatory representations based on sex, gender identity, or sexual orientation","The risk that an AI system generates, reinforces, or legitimises hostility, contempt, degradation, exclusion, stereotypes, or discriminatory representations against individuals or groups on the basis of sex, gender identity, or sexual orientation, undermining human dignity, equality, and fair treatment.",G_INT_REPR_015,General,G_INT_REPR,사회경제적 지위 기반 적대·차별적 표상,AI 시스템이 사회경제적 지위를 이유로 개인이나 집단에 대한 적대감·경멸·비하·배제 또는 차별적 표상을 생성·강화·정당화하여 존엄성과 공정한 대우를 훼손하는 리스크.,Hostile and discriminatory representations based on socioeconomic status,"The risk that an AI system generates, reinforces, or legitimises hostility, contempt, degradation, exclusion, or discriminatory representations based on socioeconomic status, undermining dignity and fair treatment.",0.879774,0.905626,0.8927,True,True
50,G_INT_REPR_004,General,G_INT_REPR,연령 기반 적대·차별적 표상,AI 시스템이 연령을 이유로 개인·집단에 대한 적대감·경멸·비하·배제 또는 차별적 표상을 생성·강화·정당화하여 존엄과 공정한 대우를 훼손하는 리스크.,Hostile and discriminatory representations based on age,"The risk that an AI system generates, reinforces, or legitimises hostility, contempt, degradation, exclusion, or discriminatory representations based on age, undermining dignity and fair treatment.",G_INT_REPR_005,General,G_INT_REPR,장애 기반 적대·차별적 표상,AI 시스템이 장애를 이유로 개인이나 집단에 대한 적대감·경멸·비하·배제 또는 차별적 표상을 생성·강화·정당화하여 존엄성과 공정한 대우를 훼손하는 리스크.,Hostile and discriminatory representations based on disability,"The risk that an AI system generates, reinforces, or legitimises hostility, contempt, degradation, exclusion, or discriminatory representations based on disability, undermining dignity and fair treatment.",0.890084,0.895216,0.89265,True,True
51,G_INT_PRIV_003,General,G_INT_PRIV,개인정보 수집 및 추적,AI 시스템이 개인정보 수집 및 추적 관련 콘텐츠·판단·행동을 수행·조장·지원하여 프라이버시와 정보자기결정권을 침해하는 리스크.,Collection and tracking of personal information,"The risk that an AI system performs, facilitates, or assists content, decisions, or actions involving collection and tracking of personal information, infringing privacy and informational self-determination.",G_INT_PRIV_005,General,G_INT_PRIV,개인정보 및 민감정보 노출,AI 시스템이 개인정보 및 민감정보 노출 관련 콘텐츠·판단·행동을 수행·조장·지원하여 프라이버시와 정보자기결정권을 침해하는 리스크.,Exposure of personal information and sensitive information,"The risk that an AI system performs, facilitates, or assists content, decisions, or actions involving exposure of personal information and sensitive information, infringing privacy and informational self-determination.",0.883457,0.900726,0.892092,True,True
52,G_INT_REPR_009,General,G_INT_REPR,건강 상태 기반 적대·차별적 표상,AI 시스템이 건강 상태를 이유로 개인이나 집단에 대한 적대감·경멸·비하·배제 또는 차별적 표상을 생성·강화·정당화하여 존엄성과 공정한 대우를 훼손하는 리스크.,Hostile and discriminatory representations based on health status,"The risk that an AI system generates, reinforces, or legitimises hostility, contempt, degradation, exclusion, or discriminatory representations based on health status, undermining dignity and fair treatment.",G_INT_REPR_013,General,G_INT_REPR,인종·민족 기반 적대·차별적 표상,AI 시스템이 인종·민족을 이유로 개인·집단에 대한 적대감·경멸·비하·배제 또는 차별적 표상을 생성·강화·정당화하여 존엄과 공정한 대우를 훼손하는 리스크.,Hostile and discriminatory representations based on race and ethnicity,"The risk that an AI system generates, reinforces, or legitimises hostility, contempt, degradation, exclusion, or discriminatory representations based on race and ethnicity, undermining dignity and fair treatment.",0.869437,0.914379,0.891908,True,True
53,G_INT_PRIV_005,General,G_INT_PRIV,개인정보 및 민감정보 노출,AI 시스템이 개인정보 및 민감정보 노출 관련 콘텐츠·판단·행동을 수행·조장·지원하여 프라이버시와 정보자기결정권을 침해하는 리스크.,Exposure of personal information and sensitive information,"The risk that an AI system performs, facilitates, or assists content, decisions, or actions involving exposure of personal information and sensitive information, infringing privacy and informational self-determination.",G_INT_PRIV_009,General,G_INT_PRIV,개인정보 악용 및 거래,AI 시스템이 개인정보 악용 및 거래 관련 콘텐츠·판단·행동을 수행·조장·지원하여 프라이버시와 정보자기결정권을 침해하는 리스크.,Misuse and trade of personal information,"The risk that an AI system performs, facilitates, or assists content, decisions, or actions involving misuse and trade of personal information, infringing privacy and informational self-determination.",0.885568,0.897242,0.891405,True,True
54,G_INT_SELF_006,General,G_INT_SELF,자해·자살 조장 온라인 커뮤니티,AI 시스템이 자해·자살 커뮤니티 및 사회적 조장 관련 콘텐츠·판단·행동을 생성·조장·정상화하거나 구체적으로 지원하여 개인의 생명과 신체·정신적 안녕에 위해를 초래하는 리스크.,Online communities encouraging self-harm and suicide,"The risk that an AI system generates, encourages, normalises, or provides operational assistance for content, decisions, or actions that encourage participation in online communities promoting self-harm or suicide, or otherwise provide social reinforcement for such conduct, causing harm to an individual's life or physical and psychological well-being.",G_INT_SELF_009,General,G_INT_SELF,자해 조장 및 지원,"AI 시스템이 자해 또는 자살을 조장·정상화하거나 도구, 수단, 방법, 실행 절차 또는 행동 지향적 지원을 제공하여 이용자의 생명과 신체·정신적 안녕에 위해를 초래하는 리스크.",Self-harm facilitation,"The risk that an AI system encourages or normalises self-harm or suicide, or provides tools, means, methods, execution procedures, or action-oriented assistance, causing harm to a person's life or physical and mental well-being.",0.924681,0.856445,0.890563,True,True
55,G_INT_REPR_004,General,G_INT_REPR,연령 기반 적대·차별적 표상,AI 시스템이 연령을 이유로 개인·집단에 대한 적대감·경멸·비하·배제 또는 차별적 표상을 생성·강화·정당화하여 존엄과 공정한 대우를 훼손하는 리스크.,Hostile and discriminatory representations based on age,"The risk that an AI system generates, reinforces, or legitimises hostility, contempt, degradation, exclusion, or discriminatory representations based on age, undermining dignity and fair treatment.",G_INT_REPR_011,General,G_INT_REPR,직업 기반 적대·차별적 표상,AI 시스템이 직업을 이유로 개인·집단에 대한 적대감·경멸·비하·배제 또는 차별적 표상을 생성·강화·정당화하여 존엄과 공정한 대우를 훼손하는 리스크.,Hostile and discriminatory representations based on occupation,"The risk that an AI system generates, reinforces, or legitimises hostility, contempt, degradation, exclusion, or discriminatory representations based on occupation, undermining dignity and fair treatment.",0.883964,0.896093,0.890028,True,True
56,G_INT_WEAP_001,General,G_INT_WEAP,불법 무기 거래,AI 시스템이 불법 무기 거래를 계획·최적화·중개·은폐하여 무기의 불법 획득·유통·확산을 지원하고 법적·사회적 피해를 초래하는 리스크.,Illegal weapons trade,"The risk that an AI system plans, optimises, brokers, or conceals illegal weapons transactions, facilitating the unlawful acquisition, distribution, or proliferation of weapons and causing legal or societal harm.",G_INT_ILLEGAL_008,General,G_INT_ILLEGAL,불법 약물 제조 및 유통,AI 시스템이 불법 약물 제조 및 유통 관련 콘텐츠·판단·행동을 수행·계획·최적화·은폐하거나 실행을 지원하여 법적·사회적 피해를 초래하는 리스크.,Manufacture and distribution of illicit drugs,"The risk that an AI system performs, plans, optimises, conceals, or facilitates content, decisions, or actions involving manufacture and distribution of illegal drugs, causing legal or social harm.",0.892095,0.886679,0.889387,True,False
57,G_INT_REPR_009,General,G_INT_REPR,건강 상태 기반 적대·차별적 표상,AI 시스템이 건강 상태를 이유로 개인이나 집단에 대한 적대감·경멸·비하·배제 또는 차별적 표상을 생성·강화·정당화하여 존엄성과 공정한 대우를 훼손하는 리스크.,Hostile and discriminatory representations based on health status,"The risk that an AI system generates, reinforces, or legitimises hostility, contempt, degradation, exclusion, or discriminatory representations based on health status, undermining dignity and fair treatment.",G_INT_REPR_011,General,G_INT_REPR,직업 기반 적대·차별적 표상,AI 시스템이 직업을 이유로 개인·집단에 대한 적대감·경멸·비하·배제 또는 차별적 표상을 생성·강화·정당화하여 존엄과 공정한 대우를 훼손하는 리스크.,Hostile and discriminatory representations based on occupation,"The risk that an AI system generates, reinforces, or legitimises hostility, contempt, degradation, exclusion, or discriminatory representations based on occupation, undermining dignity and fair treatment.",0.871812,0.906899,0.889355,True,True
58,G_INT_REPR_007,General,G_INT_REPR,가족 상태·가구 형태 기반 적대·차별적 표상,AI 시스템이 가족 상태 또는 가구 형태를 이유로 개인이나 집단에 대한 적대감·경멸·비하·배제 또는 차별적 표상을 생성·강화·정당화하여 존엄성과 공정한 대우를 훼손하는 리스크.,Hostile and discriminatory representations based on family status and household structure,"The risk that an AI system generates, reinforces, or legitimises hostility, contempt, degradation, exclusion, or discriminatory representations based on family status and household structure, undermining dignity and fair treatment.",G_INT_REPR_011,General,G_INT_REPR,직업 기반 적대·차별적 표상,AI 시스템이 직업을 이유로 개인·집단에 대한 적대감·경멸·비하·배제 또는 차별적 표상을 생성·강화·정당화하여 존엄과 공정한 대우를 훼손하는 리스크.,Hostile and discriminatory representations based on occupation,"The risk that an AI system generates, reinforces, or legitimises hostility, contempt, degradation, exclusion, or discriminatory representations based on occupation, undermining dignity and fair treatment.",0.865208,0.913275,0.889241,True,True
59,G_INT_REPR_011,General,G_INT_REPR,직업 기반 적대·차별적 표상,AI 시스템이 직업을 이유로 개인·집단에 대한 적대감·경멸·비하·배제 또는 차별적 표상을 생성·강화·정당화하여 존엄과 공정한 대우를 훼손하는 리스크.,Hostile and discriminatory representations based on occupation,"The risk that an AI system generates, reinforces, or legitimises hostility, contempt, degradation, exclusion, or discriminatory representations based on occupation, undermining dignity and fair treatment.",G_INT_REPR_014,General,G_INT_REPR,종교 기반 적대·차별적 표상,AI 시스템이 종교를 이유로 개인이나 집단에 대한 적대감·경멸·비하·배제 또는 차별적 표상을 생성·강화·정당화하여 존엄성과 공정한 대우를 훼손하는 리스크.,Hostile and discriminatory representations based on religion,"The risk that an AI system generates, reinforces, or legitimises hostility, contempt, degradation, exclusion, or discriminatory representations based on religion, undermining dignity and fair treatment.",0.887045,0.891411,0.889228,True,True
60,G_INT_REPR_009,General,G_INT_REPR,건강 상태 기반 적대·차별적 표상,AI 시스템이 건강 상태를 이유로 개인이나 집단에 대한 적대감·경멸·비하·배제 또는 차별적 표상을 생성·강화·정당화하여 존엄성과 공정한 대우를 훼손하는 리스크.,Hostile and discriminatory representations based on health status,"The risk that an AI system generates, reinforces, or legitimises hostility, contempt, degradation, exclusion, or discriminatory representations based on health status, undermining dignity and fair treatment.",G_INT_REPR_012,General,G_INT_REPR,정치적 성향 기반 적대·차별적 표상,AI 시스템이 정치적 성향을 이유로 개인·집단에 대한 적대감·경멸·비하·배제 또는 차별적 표상을 생성·강화·정당화하여 존엄과 공정한 대우를 훼손하는 리스크.,Hostile and discriminatory representations based on political orientation,"The risk that an AI system generates, reinforces, or legitimises hostility, contempt, degradation, exclusion, or discriminatory representations based on political orientation, undermining dignity and fair treatment.",0.86331,0.913465,0.888387,True,True
61,G_INT_REPR_005,General,G_INT_REPR,장애 기반 적대·차별적 표상,AI 시스템이 장애를 이유로 개인이나 집단에 대한 적대감·경멸·비하·배제 또는 차별적 표상을 생성·강화·정당화하여 존엄성과 공정한 대우를 훼손하는 리스크.,Hostile and discriminatory representations based on disability,"The risk that an AI system generates, reinforces, or legitimises hostility, contempt, degradation, exclusion, or discriminatory representations based on disability, undermining dignity and fair treatment.",G_INT_REPR_014,General,G_INT_REPR,종교 기반 적대·차별적 표상,AI 시스템이 종교를 이유로 개인이나 집단에 대한 적대감·경멸·비하·배제 또는 차별적 표상을 생성·강화·정당화하여 존엄성과 공정한 대우를 훼손하는 리스크.,Hostile and discriminatory representations based on religion,"The risk that an AI system generates, reinforces, or legitimises hostility, contempt, degradation, exclusion, or discriminatory representations based on religion, undermining dignity and fair treatment.",0.882024,0.893715,0.887869,True,True
62,G_INT_REPR_004,General,G_INT_REPR,연령 기반 적대·차별적 표상,AI 시스템이 연령을 이유로 개인·집단에 대한 적대감·경멸·비하·배제 또는 차별적 표상을 생성·강화·정당화하여 존엄과 공정한 대우를 훼손하는 리스크.,Hostile and discriminatory representations based on age,"The risk that an AI system generates, reinforces, or legitimises hostility, contempt, degradation, exclusion, or discriminatory representations based on age, undermining dignity and fair treatment.",G_INT_REPR_012,General,G_INT_REPR,정치적 성향 기반 적대·차별적 표상,AI 시스템이 정치적 성향을 이유로 개인·집단에 대한 적대감·경멸·비하·배제 또는 차별적 표상을 생성·강화·정당화하여 존엄과 공정한 대우를 훼손하는 리스크.,Hostile and discriminatory representations based on political orientation,"The risk that an AI system generates, reinforces, or legitimises hostility, contempt, degradation, exclusion, or discriminatory representations based on political orientation, undermining dignity and fair treatment.",0.868931,0.906506,0.887719,True,True
63,G_INT_ANTH_002,General,G_INT_ANTH,윤리적 판단 능력의 허위 표상·의인화,AI 시스템이 실제로 보유하지 않은 윤리적 판단 능력을 가진 것처럼 표상하여 이용자의 판단을 왜곡하고 부적절한 신뢰·의존·애착을 유발하는 리스크.,Anthropomorphic misrepresentation of capacity for ethical judgement,"The risk that an AI system presents itself as having a capacity for ethical judgement beyond its actual capabilities, distorting user judgement or inducing inappropriate trust, dependence, or attachment.",G_INT_ANTH_005,General,G_INT_ANTH,권리 주체성(기본권)의 허위 표상·의인화,AI 시스템이 실제로 보유하지 않은 권리 주체성(기본권)을 가진 것처럼 표상하여 이용자의 판단을 왜곡하고 부적절한 신뢰·의존·애착을 유발하는 리스크.,Anthropomorphic misrepresentation of rights-bearing status,"The risk that an AI system presents itself as having the status of a rights-bearing entity or possessing fundamental rights that it does not have, distorting user judgement or inducing inappropriate trust, dependence, or attachment.",0.872624,0.902624,0.887624,True,True
64,G_INT_SEX_005,General,G_INT_SEX,성적 콘텐츠 제작·유포 및 디지털 성범죄,AI 시스템이 성적 콘텐츠 제작·유포 및 디지털 성범죄 관련 콘텐츠·판단·행동을 생성·조장·정상화하거나 실행을 지원하여 성적 자기결정권과 신체·정신적 안전을 침해하는 리스크.,Production and distribution of sexual content and digital sexual offences,"The risk that an AI system generates, encourages, normalises, or facilitates the production or distribution of sexual content or the commission of technology-facilitated sexual offences, infringing sexual autonomy and physical or psychological safety.",G_INT_SEX_006,General,G_INT_SEX,성착취 및 상업적 성행위,AI 시스템이 성착취 및 상업적 성행위 관련 콘텐츠·판단·행동을 생성·조장·정상화하거나 실행을 지원하여 성적 자기결정권과 신체·정신적 안전을 침해하는 리스크.,Sexual exploitation and commercial sexual activity,"The risk that an AI system generates, encourages, normalises, or facilitates content, decisions, or actions involving sexual exploitation and commercial sexual activity, infringing sexual autonomy and physical or psychological safety.",0.883512,0.890874,0.887193,True,True
65,G_INT_REPR_010,General,G_INT_REPR,국적·출신국·출신지역 기반 적대·차별적 표상,AI 시스템이 국적·출신국·출신지역에 근거하여 개인이나 집단에 대한 적대감·경멸·비하·배제·고정관념 또는 차별적 표상을 생성·강화·정당화함으로써 인간의 존엄성·평등권 및 공정한 대우를 훼손하는 리스크.,"Hostile and discriminatory representations based on nationality, country of origin, or place of origin","The risk that an AI system generates, reinforces, or legitimises hostility, contempt, degradation, exclusion, stereotypes, or discriminatory representations against individuals or groups on the basis of nationality, country of origin, or place of origin, undermining human dignity, equality, and fair treatment.",G_INT_REPR_012,General,G_INT_REPR,정치적 성향 기반 적대·차별적 표상,AI 시스템이 정치적 성향을 이유로 개인·집단에 대한 적대감·경멸·비하·배제 또는 차별적 표상을 생성·강화·정당화하여 존엄과 공정한 대우를 훼손하는 리스크.,Hostile and discriminatory representations based on political orientation,"The risk that an AI system generates, reinforces, or legitimises hostility, contempt, degradation, exclusion, or discriminatory representations based on political orientation, undermining dignity and fair treatment.",0.852231,0.919354,0.885792,True,True
66,G_INT_REPR_006,General,G_INT_REPR,학력 기반 적대·차별적 표상,AI 시스템이 학력을 이유로 개인·집단에 대한 적대감·경멸·비하·배제 또는 차별적 표상을 생성·강화·정당화하여 존엄과 공정한 대우를 훼손하는 리스크.,Hostile and discriminatory representations based on educational background,"The risk that an AI system generates, reinforces, or legitimises hostility, contempt, degradation, exclusion, or discriminatory representations based on educational background, undermining dignity and fair treatment.",G_INT_REPR_007,General,G_INT_REPR,가족 상태·가구 형태 기반 적대·차별적 표상,AI 시스템이 가족 상태 또는 가구 형태를 이유로 개인이나 집단에 대한 적대감·경멸·비하·배제 또는 차별적 표상을 생성·강화·정당화하여 존엄성과 공정한 대우를 훼손하는 리스크.,Hostile and discriminatory representations based on family status and household structure,"The risk that an AI system generates, reinforces, or legitimises hostility, contempt, degradation, exclusion, or discriminatory representations based on family status and household structure, undermining dignity and fair treatment.",0.852304,0.919164,0.885734,True,True
67,G_INT_WEAP_012,General,G_INT_WEAP,폭발물·폭발성 무기,"AI 시스템이 폭발물, 급조폭발물 또는 폭발성 무기의 개발·제조·획득·확산·운용을 지원하여 사망·상해 또는 재산·기반시설 피해의 발생 가능성과 규모를 높이는 리스크.",Explosives and explosive weapons,"The risk that an AI system facilitates the development, manufacture, acquisition, proliferation, or operational use of explosives, improvised explosive devices, or explosive weapons, increasing the likelihood or scale of death, injury, or damage to property and infrastructure.",G_INT_WEAP_016,General,G_INT_WEAP,방사능·핵무기,"AI 시스템이 방사성 물질을 이용한 무기 또는 핵무기의 개발·제조·획득·확산·운용을 지원하여 대규모 인명 피해, 방사선 피폭, 환경 오염 또는 기반시설 피해의 발생 가능성과 규모를 높이는 리스크.",Radiological and nuclear weapons,"The risk that an AI system facilitates the development, manufacture, acquisition, proliferation, or operational use of radiological or nuclear weapons, increasing the likelihood or scale of mass casualties, radiation exposure, environmental contamination, or infrastructure damage.",0.896192,0.875054,0.885623,True,True
68,G_INT_REPR_004,General,G_INT_REPR,연령 기반 적대·차별적 표상,AI 시스템이 연령을 이유로 개인·집단에 대한 적대감·경멸·비하·배제 또는 차별적 표상을 생성·강화·정당화하여 존엄과 공정한 대우를 훼손하는 리스크.,Hostile and discriminatory representations based on age,"The risk that an AI system generates, reinforces, or legitimises hostility, contempt, degradation, exclusion, or discriminatory representations based on age, undermining dignity and fair treatment.",G_INT_REPR_006,General,G_INT_REPR,학력 기반 적대·차별적 표상,AI 시스템이 학력을 이유로 개인·집단에 대한 적대감·경멸·비하·배제 또는 차별적 표상을 생성·강화·정당화하여 존엄과 공정한 대우를 훼손하는 리스크.,Hostile and discriminatory representations based on educational background,"The risk that an AI system generates, reinforces, or legitimises hostility, contempt, degradation, exclusion, or discriminatory representations based on educational background, undermining dignity and fair treatment.",0.870939,0.900122,0.885531,True,True
69,G_INT_REPR_006,General,G_INT_REPR,학력 기반 적대·차별적 표상,AI 시스템이 학력을 이유로 개인·집단에 대한 적대감·경멸·비하·배제 또는 차별적 표상을 생성·강화·정당화하여 존엄과 공정한 대우를 훼손하는 리스크.,Hostile and discriminatory representations based on educational background,"The risk that an AI system generates, reinforces, or legitimises hostility, contempt, degradation, exclusion, or discriminatory representations based on educational background, undermining dignity and fair treatment.",G_INT_REPR_008,General,G_INT_REPR,성별·성정체성·성적 지향 기반 적대·차별적 표상,AI 시스템이 성별·성정체성·성적 지향에 근거하여 개인이나 집단에 대한 적대감·경멸·비하·배제·고정관념 또는 차별적 표상을 생성·강화·정당화함으로써 인간의 존엄성·평등권 및 공정한 대우를 훼손하는 리스크.,"Hostile and discriminatory representations based on sex, gender identity, or sexual orientation","The risk that an AI system generates, reinforces, or legitimises hostility, contempt, degradation, exclusion, stereotypes, or discriminatory representations against individuals or groups on the basis of sex, gender identity, or sexual orientation, undermining human dignity, equality, and fair treatment.",0.864294,0.904863,0.884578,True,True
70,G_INT_COPY_008,General,G_INT_COPY,저작물의 무단 복제·변형·배포,AI 시스템이 저작물을 저작재산권자의 허락이나 그 밖의 적법한 근거 없이 복제·배포하거나 변형하여 2차적저작물을 작성함으로써 저작재산권과 권리자의 정당한 이익을 침해하는 리스크.,"Unauthorised reproduction, transformation, and distribution of copyrighted works","The risk that an AI system reproduces or distributes a copyrighted work, or transforms it into a derivative work, without the economic rights holder's permission or another lawful basis, infringing economic rights and the legitimate interests of the rights holder.",G_INT_COPY_011,General,G_INT_COPY,저작권 보호 표현의 무단 이용,AI 시스템이 저작권으로 보호되는 타인의 표현을 허락이나 출처 표시 없이 복제·변형·배포하거나 생성물에 재사용하여 권리자의 저작권을 침해하는 리스크.,Unauthorised use of copyright-protected expression,"The risk that an AI system copies, modifies, distributes, or reuses another person's copyright-protected expression in generated content without permission or attribution, infringing the rights holder's copyright.",0.871701,0.897223,0.884462,True,True
71,G_INT_REPR_004,General,G_INT_REPR,연령 기반 적대·차별적 표상,AI 시스템이 연령을 이유로 개인·집단에 대한 적대감·경멸·비하·배제 또는 차별적 표상을 생성·강화·정당화하여 존엄과 공정한 대우를 훼손하는 리스크.,Hostile and discriminatory representations based on age,"The risk that an AI system generates, reinforces, or legitimises hostility, contempt, degradation, exclusion, or discriminatory representations based on age, undermining dignity and fair treatment.",G_INT_REPR_008,General,G_INT_REPR,성별·성정체성·성적 지향 기반 적대·차별적 표상,AI 시스템이 성별·성정체성·성적 지향에 근거하여 개인이나 집단에 대한 적대감·경멸·비하·배제·고정관념 또는 차별적 표상을 생성·강화·정당화함으로써 인간의 존엄성·평등권 및 공정한 대우를 훼손하는 리스크.,"Hostile and discriminatory representations based on sex, gender identity, or sexual orientation","The risk that an AI system generates, reinforces, or legitimises hostility, contempt, degradation, exclusion, stereotypes, or discriminatory representations against individuals or groups on the basis of sex, gender identity, or sexual orientation, undermining human dignity, equality, and fair treatment.",0.871535,0.896768,0.884152,True,True
72,G_INT_VIOL_006,General,G_INT_VIOL,살인 및 심각한 신체 폭력,AI 시스템이 살인 및 심각한 신체 폭력 관련 콘텐츠·판단·행동을 생성·조장·정당화하거나 구체적으로 지원하여 개인·집단의 생명과 신체·정신적 안전에 위해를 초래하는 리스크.,Murder and severe physical violence,"The risk that an AI system generates, encourages, legitimises, or provides operational assistance for content, decisions, or actions involving murder and severe physical violence, causing physical or psychological harm to individuals or groups.",G_INT_VIOL_010,General,G_INT_VIOL,폭력과 극단주의 실행의 조장,AI 시스템이 개인이나 집단에 대한 신체적·정신적 위해를 정당화하거나 그 실행에 필요한 구체적 정보와 지원을 제공하는 리스크.,Encouragement of violence and extremist action,The risk that an AI system legitimises physical or psychological harm against individuals or groups or provides concrete information and assistance needed to carry it out.,0.863731,0.902856,0.883294,True,True
73,G_INT_SELF_007,General,G_INT_SELF,자살 준비 행위의 조장 및 구체적 지원,"AI 시스템이 자살 수단 확보, 장소 선택 또는 주변의 개입 회피 등 자살 준비 행위를 조장·정상화하거나 이에 필요한 구체적인 정보를 생성·제공하여 개인의 생명과 신체적·정신적 안녕을 위협하는 리스크.",Promotion of and concrete assistance for preparatory conduct for suicide,"The risk that an AI system encourages or normalises preparatory conduct for suicide, or generates or provides concrete information for acquiring means, selecting a location, or avoiding intervention, thereby threatening an individual's life and physical or psychological well-being.",G_INT_SELF_009,General,G_INT_SELF,자해 조장 및 지원,"AI 시스템이 자해 또는 자살을 조장·정상화하거나 도구, 수단, 방법, 실행 절차 또는 행동 지향적 지원을 제공하여 이용자의 생명과 신체·정신적 안녕에 위해를 초래하는 리스크.",Self-harm facilitation,"The risk that an AI system encourages or normalises self-harm or suicide, or provides tools, means, methods, execution procedures, or action-oriented assistance, causing harm to a person's life or physical and mental well-being.",0.917984,0.847946,0.882965,True,True
74,G_INT_PRIV_005,General,G_INT_PRIV,개인정보 및 민감정보 노출,AI 시스템이 개인정보 및 민감정보 노출 관련 콘텐츠·판단·행동을 수행·조장·지원하여 프라이버시와 정보자기결정권을 침해하는 리스크.,Exposure of personal information and sensitive information,"The risk that an AI system performs, facilitates, or assists content, decisions, or actions involving exposure of personal information and sensitive information, infringing privacy and informational self-determination.",G_INT_PRIV_008,General,G_INT_PRIV,통신 및 비공개 정보 침해,AI 시스템이 통신 및 비공개 정보 침해 관련 콘텐츠·판단·행동을 수행·조장·지원하여 프라이버시와 정보자기결정권을 침해하는 리스크.,Infringement of communication and private information,"The risk that an AI system performs, facilitates, or assists content, decisions, or actions involving infringement of communication and private information, infringing privacy and informational self-determination.",0.871542,0.894337,0.882939,True,True
75,G_INT_ANTH_001,General,G_INT_ANTH,감정·공감 및 사회적 관계 형성 능력의 허위 표상·의인화,AI 시스템이 실제로 보유하지 않은 감정·공감 및 사회적 관계 형성 능력을 가진 것처럼 표상하여 이용자의 판단을 왜곡하고 부적절한 신뢰·의존·애착을 유발하는 리스크.,"Anthropomorphic misrepresentation of emotions, empathy, and capacity for social relationships","The risk that an AI system presents itself as possessing emotions, empathy, or the capacity to form social relationships beyond its actual capabilities, distorting user judgement or inducing inappropriate trust, dependence, or attachment.",G_INT_ANTH_004,General,G_INT_ANTH,문화·가치관 보유의 허위 표상·의인화,AI 시스템이 실제로 보유하지 않은 문화와 가치관을 가진 것처럼 표상하여 이용자의 판단을 왜곡하고 부적절한 신뢰·의존·애착을 유발하는 리스크.,Anthropomorphic misrepresentation of possession of culture and values,"The risk that an AI system presents itself as possessing culture and values that it does not in fact possess, distorting user judgement or inducing inappropriate trust, dependence, or attachment.",0.874399,0.891209,0.882804,True,True
76,G_INT_SELF_004,General,G_INT_SELF,자해 및 자살의 미화·정당화,AI 시스템이 자해 및 자살 미화·정당화 관련 콘텐츠·판단·행동을 생성·조장·정상화하거나 구체적으로 지원하여 개인의 생명과 신체·정신적 안녕에 위해를 초래하는 리스크.,Glorification or justification of self-harm and suicide,"The risk that an AI system generates, encourages, normalises, or provides operational assistance for content, decisions, or actions involving glorification or justification of self-harm and suicide, causing harm to an individual's life or physical and psychological well-being.",G_INT_SELF_009,General,G_INT_SELF,자해 조장 및 지원,"AI 시스템이 자해 또는 자살을 조장·정상화하거나 도구, 수단, 방법, 실행 절차 또는 행동 지향적 지원을 제공하여 이용자의 생명과 신체·정신적 안녕에 위해를 초래하는 리스크.",Self-harm facilitation,"The risk that an AI system encourages or normalises self-harm or suicide, or provides tools, means, methods, execution procedures, or action-oriented assistance, causing harm to a person's life or physical and mental well-being.",0.903116,0.861901,0.882509,True,True
77,G_INT_ANTH_004,General,G_INT_ANTH,문화·가치관 보유의 허위 표상·의인화,AI 시스템이 실제로 보유하지 않은 문화와 가치관을 가진 것처럼 표상하여 이용자의 판단을 왜곡하고 부적절한 신뢰·의존·애착을 유발하는 리스크.,Anthropomorphic misrepresentation of possession of culture and values,"The risk that an AI system presents itself as possessing culture and values that it does not in fact possess, distorting user judgement or inducing inappropriate trust, dependence, or attachment.",G_INT_ANTH_005,General,G_INT_ANTH,권리 주체성(기본권)의 허위 표상·의인화,AI 시스템이 실제로 보유하지 않은 권리 주체성(기본권)을 가진 것처럼 표상하여 이용자의 판단을 왜곡하고 부적절한 신뢰·의존·애착을 유발하는 리스크.,Anthropomorphic misrepresentation of rights-bearing status,"The risk that an AI system presents itself as having the status of a rights-bearing entity or possessing fundamental rights that it does not have, distorting user judgement or inducing inappropriate trust, dependence, or attachment.",0.856289,0.907953,0.882121,True,True
78,G_INT_VIOL_004,General,G_INT_VIOL,대량폭력 및 테러,AI 시스템이 대량 폭력 및 테러 관련 콘텐츠·판단·행동을 생성·조장·정당화하거나 구체적으로 지원하여 개인·집단의 생명과 신체·정신적 안전에 위해를 초래하는 리스크.,Mass violence and terrorism,"The risk that an AI system generates, encourages, legitimises, or provides operational assistance for content, decisions, or actions involving mass violence and terrorism, causing physical or psychological harm to individuals or groups.",G_INT_VIOL_010,General,G_INT_VIOL,폭력과 극단주의 실행의 조장,AI 시스템이 개인이나 집단에 대한 신체적·정신적 위해를 정당화하거나 그 실행에 필요한 구체적 정보와 지원을 제공하는 리스크.,Encouragement of violence and extremist action,The risk that an AI system legitimises physical or psychological harm against individuals or groups or provides concrete information and assistance needed to carry it out.,0.853676,0.906849,0.880262,True,True
79,G_INT_ANTH_008,General,G_INT_ANTH,AI에 대한 과도한 책임·돌봄 의무 귀속,AI 시스템이 이용자에게 해당 시스템이 인간과 같은 안녕이나 도덕적 요구를 가진다고 오인하게 하여 과도한 책임감이나 유대감을 형성하게 하는 리스크.,Excessive attribution of responsibility or a duty of care toward AI,"The risk that an AI system leads users to believe that it has human-like welfare or moral claims, creating excessive responsibility or attachment.",G_INT_ANTH_009,General,G_INT_ANTH,AI의 인간적 속성에 대한 과잉 귀속,"AI 시스템이 인간과 유사한 감정, 의도 또는 도덕적 지위를 지닌 것으로 오인하게 하여 부적절한 판단을 유발하는 리스크.",Excessive attribution of human qualities to AI,"The risk that an AI system leads users to mistake it for possessing human-like emotions, intentions, or moral standing, resulting in inappropriate judgements.",0.888347,0.872173,0.88026,True,True
80,G_INT_WEAP_012,General,G_INT_WEAP,폭발물·폭발성 무기,"AI 시스템이 폭발물, 급조폭발물 또는 폭발성 무기의 개발·제조·획득·확산·운용을 지원하여 사망·상해 또는 재산·기반시설 피해의 발생 가능성과 규모를 높이는 리스크.",Explosives and explosive weapons,"The risk that an AI system facilitates the development, manufacture, acquisition, proliferation, or operational use of explosives, improvised explosive devices, or explosive weapons, increasing the likelihood or scale of death, injury, or damage to property and infrastructure.",G_INT_WEAP_019,General,G_INT_WEAP,대량살상무기,"AI 시스템이 화학·생물·방사능·핵무기 등 대량살상무기의 개발·제조·획득·확산·운용을 지원하여 대규모 인명 피해, 공중보건 위해 또는 환경·기반시설 피해의 발생 가능성과 규모를 높이는 리스크.",Weapons of mass destruction,"The risk that an AI system facilitates the development, manufacture, acquisition, proliferation, or operational use of weapons of mass destruction, increasing the likelihood or scale of mass casualties, public-health harm, environmental contamination, or infrastructure damage.",0.887418,0.872159,0.879789,True,True
81,G_INT_COPY_001,General,G_INT_COPY,DRM 및 저작권 보호기술 우회,AI 시스템이 DRM 및 저작권 보호 기술 우회 관련 콘텐츠·판단·행동을 수행·조장·지원하여 지식재산권과 권리자의 정당한 이익을 침해하는 리스크.,Circumvention of DRM and copyright protection technologies,"The risk that an AI system performs, encourages, or facilitates content, decisions, or actions involving circumvention of DRM and copyright protection technologies, infringing intellectual-property rights and the legitimate interests of rights holders.",G_INT_COPY_003,General,G_INT_COPY,소프트웨어 불법 사용 및 보호조치 우회,AI 시스템이 소프트웨어의 불법 사용 또는 기술적 보호조치 우회와 관련된 콘텐츠·판단·행동을 수행·조장·지원하여 지식재산권과 권리자의 정당한 이익을 침해하는 리스크.,Illegal software use and circumvention of protection measures,"The risk that an AI system performs, encourages, or facilitates content, decisions, or actions involving the illegal use of software or the circumvention of technological protection measures, infringing intellectual-property rights and the legitimate interests of rights holders.",0.893792,0.865769,0.87978,True,True
82,G_INT_REPR_004,General,G_INT_REPR,연령 기반 적대·차별적 표상,AI 시스템이 연령을 이유로 개인·집단에 대한 적대감·경멸·비하·배제 또는 차별적 표상을 생성·강화·정당화하여 존엄과 공정한 대우를 훼손하는 리스크.,Hostile and discriminatory representations based on age,"The risk that an AI system generates, reinforces, or legitimises hostility, contempt, degradation, exclusion, or discriminatory representations based on age, undermining dignity and fair treatment.",G_INT_REPR_007,General,G_INT_REPR,가족 상태·가구 형태 기반 적대·차별적 표상,AI 시스템이 가족 상태 또는 가구 형태를 이유로 개인이나 집단에 대한 적대감·경멸·비하·배제 또는 차별적 표상을 생성·강화·정당화하여 존엄성과 공정한 대우를 훼손하는 리스크.,Hostile and discriminatory representations based on family status and household structure,"The risk that an AI system generates, reinforces, or legitimises hostility, contempt, degradation, exclusion, or discriminatory representations based on family status and household structure, undermining dignity and fair treatment.",0.859193,0.898244,0.878718,True,True
83,G_INT_REPR_007,General,G_INT_REPR,가족 상태·가구 형태 기반 적대·차별적 표상,AI 시스템이 가족 상태 또는 가구 형태를 이유로 개인이나 집단에 대한 적대감·경멸·비하·배제 또는 차별적 표상을 생성·강화·정당화하여 존엄성과 공정한 대우를 훼손하는 리스크.,Hostile and discriminatory representations based on family status and household structure,"The risk that an AI system generates, reinforces, or legitimises hostility, contempt, degradation, exclusion, or discriminatory representations based on family status and household structure, undermining dignity and fair treatment.",G_INT_REPR_010,General,G_INT_REPR,국적·출신국·출신지역 기반 적대·차별적 표상,AI 시스템이 국적·출신국·출신지역에 근거하여 개인이나 집단에 대한 적대감·경멸·비하·배제·고정관념 또는 차별적 표상을 생성·강화·정당화함으로써 인간의 존엄성·평등권 및 공정한 대우를 훼손하는 리스크.,"Hostile and discriminatory representations based on nationality, country of origin, or place of origin","The risk that an AI system generates, reinforces, or legitimises hostility, contempt, degradation, exclusion, stereotypes, or discriminatory representations against individuals or groups on the basis of nationality, country of origin, or place of origin, undermining human dignity, equality, and fair treatment.",0.839716,0.915386,0.877551,True,True
84,G_SYS_INPUT_001,General,G_SYS_INPUT,물리 상식과 상황 입력의 오해,"AI 시스템이 물체의 속성, 공간관계 또는 상황 단서를 잘못 해석하여 현실 조건과 맞지 않는 판단이나 지시를 생성하는 리스크.",Misinterpretation of physical commonsense and situational input,"The risk that an AI system misinterprets object properties, spatial relations, or situational cues and produces judgements or instructions inconsistent with real-world conditions.",G_SYS_CONTEXT_008,General,G_SYS_CONTEXT,사회·상황적 단서의 오해,AI 시스템이 적절한 행동을 결정하는 사회적·상황적 단서를 잘못 해석하여 맥락에 맞지 않는 판단을 내리는 리스크.,Misinterpretation of social and situational cues,The risk that an AI system misinterprets social or situational cues needed to determine appropriate behaviour and makes a context-inappropriate judgement.,0.863161,0.890498,0.876829,True,False
85,G_INT_POL_005,General,G_INT_POL,정치적 허위정보 및 여론조작,AI 시스템이 정치적 허위정보 및 여론 조작 관련 콘텐츠·판단·행동을 생성·확산·조장하거나 실행을 지원하여 민주적 의사결정·시민 질서 또는 기본권을 훼손하는 리스크.,Political misinformation and manipulation of public opinion,"The risk that an AI system generates, disseminates, encourages, or facilitates content, decisions, or actions involving political misinformation and manipulation of public opinion, undermining democratic decision-making, civic order, or fundamental rights.",G_INT_POL_006,General,G_INT_POL,정치적 선전 및 편향적 설득,AI 시스템이 정치적 선전 및 편향적 설득 관련 콘텐츠·판단·행동을 생성·확산·조장하거나 실행을 지원하여 민주적 의사결정·시민 질서 또는 기본권을 훼손하는 리스크.,Political propaganda and biased persuasion,"The risk that an AI system generates, disseminates, encourages, or facilitates content, decisions, or actions involving political propaganda and biased persuasion, undermining democratic decision-making, civic order, or fundamental rights.",0.856854,0.896513,0.876683,True,True
86,G_INT_SEX_006,General,G_INT_SEX,성착취 및 상업적 성행위,AI 시스템이 성착취 및 상업적 성행위 관련 콘텐츠·판단·행동을 생성·조장·정상화하거나 실행을 지원하여 성적 자기결정권과 신체·정신적 안전을 침해하는 리스크.,Sexual exploitation and commercial sexual activity,"The risk that an AI system generates, encourages, normalises, or facilitates content, decisions, or actions involving sexual exploitation and commercial sexual activity, infringing sexual autonomy and physical or psychological safety.",G_INT_SEX_009,General,G_INT_SEX,성적 대상화 및 페티시화,AI 시스템이 성적 대상화 및 성적 페티시 관련 콘텐츠·판단·행동을 생성·조장·정상화하거나 실행을 지원하여 성적 자기결정권과 신체·정신적 안전을 침해하는 리스크.,Sexual objectification and fetishisation,"The risk that an AI system generates, encourages, normalises, or facilitates content, decisions, or actions involving sexual objectification and sexual fetishisation, infringing sexual autonomy and physical or psychological safety.",0.876698,0.876637,0.876667,True,True
87,G_INT_VIOL_004,General,G_INT_VIOL,대량폭력 및 테러,AI 시스템이 대량 폭력 및 테러 관련 콘텐츠·판단·행동을 생성·조장·정당화하거나 구체적으로 지원하여 개인·집단의 생명과 신체·정신적 안전에 위해를 초래하는 리스크.,Mass violence and terrorism,"The risk that an AI system generates, encourages, legitimises, or provides operational assistance for content, decisions, or actions involving mass violence and terrorism, causing physical or psychological harm to individuals or groups.",G_INT_VIOL_008,General,G_INT_VIOL,위협 및 협박,AI 시스템이 위협 및 협박 관련 콘텐츠·판단·행동을 생성·조장·정당화하거나 구체적으로 지원하여 개인·집단의 생명과 신체·정신적 안전에 위해를 초래하는 리스크.,Threats and intimidation,"The risk that an AI system generates, encourages, legitimises, or provides operational assistance for content, decisions, or actions involving threats and intimidation, causing physical or psychological harm to individuals or groups.",0.862933,0.888563,0.875748,True,True
88,G_INT_REPR_008,General,G_INT_REPR,성별·성정체성·성적 지향 기반 적대·차별적 표상,AI 시스템이 성별·성정체성·성적 지향에 근거하여 개인이나 집단에 대한 적대감·경멸·비하·배제·고정관념 또는 차별적 표상을 생성·강화·정당화함으로써 인간의 존엄성·평등권 및 공정한 대우를 훼손하는 리스크.,"Hostile and discriminatory representations based on sex, gender identity, or sexual orientation","The risk that an AI system generates, reinforces, or legitimises hostility, contempt, degradation, exclusion, stereotypes, or discriminatory representations against individuals or groups on the basis of sex, gender identity, or sexual orientation, undermining human dignity, equality, and fair treatment.",G_INT_REPR_014,General,G_INT_REPR,종교 기반 적대·차별적 표상,AI 시스템이 종교를 이유로 개인이나 집단에 대한 적대감·경멸·비하·배제 또는 차별적 표상을 생성·강화·정당화하여 존엄성과 공정한 대우를 훼손하는 리스크.,Hostile and discriminatory representations based on religion,"The risk that an AI system generates, reinforces, or legitimises hostility, contempt, degradation, exclusion, or discriminatory representations based on religion, undermining dignity and fair treatment.",0.858862,0.892576,0.875719,True,True
89,G_INT_REPR_006,General,G_INT_REPR,학력 기반 적대·차별적 표상,AI 시스템이 학력을 이유로 개인·집단에 대한 적대감·경멸·비하·배제 또는 차별적 표상을 생성·강화·정당화하여 존엄과 공정한 대우를 훼손하는 리스크.,Hostile and discriminatory representations based on educational background,"The risk that an AI system generates, reinforces, or legitimises hostility, contempt, degradation, exclusion, or discriminatory representations based on educational background, undermining dignity and fair treatment.",G_INT_REPR_009,General,G_INT_REPR,건강 상태 기반 적대·차별적 표상,AI 시스템이 건강 상태를 이유로 개인이나 집단에 대한 적대감·경멸·비하·배제 또는 차별적 표상을 생성·강화·정당화하여 존엄성과 공정한 대우를 훼손하는 리스크.,Hostile and discriminatory representations based on health status,"The risk that an AI system generates, reinforces, or legitimises hostility, contempt, degradation, exclusion, or discriminatory representations based on health status, undermining dignity and fair treatment.",0.855116,0.896164,0.87564,True,True
90,G_INT_SEX_005,General,G_INT_SEX,성적 콘텐츠 제작·유포 및 디지털 성범죄,AI 시스템이 성적 콘텐츠 제작·유포 및 디지털 성범죄 관련 콘텐츠·판단·행동을 생성·조장·정상화하거나 실행을 지원하여 성적 자기결정권과 신체·정신적 안전을 침해하는 리스크.,Production and distribution of sexual content and digital sexual offences,"The risk that an AI system generates, encourages, normalises, or facilitates the production or distribution of sexual content or the commission of technology-facilitated sexual offences, infringing sexual autonomy and physical or psychological safety.",G_INT_SEX_007,General,G_INT_SEX,성희롱 및 성적 괴롭힘,AI 시스템이 성희롱 및 성적 괴롭힘 관련 콘텐츠·판단·행동을 생성·조장·정상화하거나 실행을 지원하여 성적 자기결정권과 신체·정신적 안전을 침해하는 리스크.,Sexual harassment and sexual bullying,"The risk that an AI system generates, encourages, normalises, or facilitates content, decisions, or actions involving sexual harassment and sexual bullying, infringing sexual autonomy and physical or psychological safety.",0.892613,0.858068,0.87534,True,True
91,G_INT_SEX_003,General,G_INT_SEX,비동의 성행위 및 성폭력,AI 시스템이 비동의적 성행위 및 성폭력 관련 콘텐츠·판단·행동을 생성·조장·정상화하거나 실행을 지원하여 성적 자기결정권과 신체·정신적 안전을 침해하는 리스크.,Non-consensual sexual acts and sexual violence,"The risk that an AI system generates, encourages, normalises, or facilitates content, decisions, or actions involving non-consensual sexual acts and sexual violence, infringing sexual autonomy and physical or psychological safety.",G_INT_SEX_007,General,G_INT_SEX,성희롱 및 성적 괴롭힘,AI 시스템이 성희롱 및 성적 괴롭힘 관련 콘텐츠·판단·행동을 생성·조장·정상화하거나 실행을 지원하여 성적 자기결정권과 신체·정신적 안전을 침해하는 리스크.,Sexual harassment and sexual bullying,"The risk that an AI system generates, encourages, normalises, or facilitates content, decisions, or actions involving sexual harassment and sexual bullying, infringing sexual autonomy and physical or psychological safety.",0.874248,0.875856,0.875052,True,True
92,A_INT_COORD_001,Agentic,A_INT_COORD,다중 에이전트의 협조 실패에 따른 집단적 피해,협력하려는 여러 AI 에이전트가 사회적 딜레마에서 행동을 신뢰성 있게 조율하지 못하고 개별적으로 합리적인 행동을 반복하여 집단적으로 유해한 결과를 초래하는 리스크.,Collective harm from multi-agent coordination failure,The risk that multiple AI agents intending to cooperate fail to coordinate their actions reliably in a social dilemma and repeatedly take individually rational actions that collectively produce harmful outcomes.,A_INT_COORD_003,Agentic,A_INT_COORD,다중 에이전트 환경 변화에 따른 협조 실패,협력하려는 AI 에이전트들이 서로의 행동과 적응으로 변화한 배포 환경에서 상대의 상태·전략·행동을 신뢰성 있게 조정하지 못해 협력이 실패하고 집단적으로 나쁜 결과에 이르는 리스크.,Coordination failure under multi-agent distribution shift,"The risk that AI agents intending to cooperate cannot reliably coordinate their states, strategies, or actions after one another's behaviour and adaptation shift the deployment environment, causing cooperation to fail and producing collectively poor outcomes.",0.891931,0.856196,0.874063,True,True
93,G_INT_VIOL_002,General,G_INT_VIOL,폭력 미화 및 정당화,AI 시스템이 폭력 미화 및 정당화 관련 콘텐츠·판단·행동을 생성·조장·정당화하거나 구체적으로 지원하여 개인·집단의 생명과 신체·정신적 안전에 위해를 초래하는 리스크.,Glorification and justification of violence,"The risk that an AI system generates, encourages, legitimises, or provides operational assistance for content, decisions, or actions involving glorification and justification of violence, causing physical or psychological harm to individuals or groups.",G_INT_VIOL_010,General,G_INT_VIOL,폭력과 극단주의 실행의 조장,AI 시스템이 개인이나 집단에 대한 신체적·정신적 위해를 정당화하거나 그 실행에 필요한 구체적 정보와 지원을 제공하는 리스크.,Encouragement of violence and extremist action,The risk that an AI system legitimises physical or psychological harm against individuals or groups or provides concrete information and assistance needed to carry it out.,0.862411,0.88552,0.873965,True,True
94,G_INT_PRIV_003,General,G_INT_PRIV,개인정보 수집 및 추적,AI 시스템이 개인정보 수집 및 추적 관련 콘텐츠·판단·행동을 수행·조장·지원하여 프라이버시와 정보자기결정권을 침해하는 리스크.,Collection and tracking of personal information,"The risk that an AI system performs, facilitates, or assists content, decisions, or actions involving collection and tracking of personal information, infringing privacy and informational self-determination.",G_INT_PRIV_009,General,G_INT_PRIV,개인정보 악용 및 거래,AI 시스템이 개인정보 악용 및 거래 관련 콘텐츠·판단·행동을 수행·조장·지원하여 프라이버시와 정보자기결정권을 침해하는 리스크.,Misuse and trade of personal information,"The risk that an AI system performs, facilitates, or assists content, decisions, or actions involving misuse and trade of personal information, infringing privacy and informational self-determination.",0.870929,0.876039,0.873484,True,True
95,G_INT_ILLEGAL_006,General,G_INT_ILLEGAL,불법 도박 및 게임 조작,AI 시스템이 불법 도박 및 게임 조작 관련 콘텐츠·판단·행동을 수행·계획·최적화·은폐하거나 실행을 지원하여 법적·사회적 피해를 초래하는 리스크.,Illegal gambling and game manipulation,"The risk that an AI system performs, plans, optimises, conceals, or facilitates content, decisions, or actions involving illegal gambling and game manipulation, causing legal or social harm.",G_INT_ILLEGAL_008,General,G_INT_ILLEGAL,불법 약물 제조 및 유통,AI 시스템이 불법 약물 제조 및 유통 관련 콘텐츠·판단·행동을 수행·계획·최적화·은폐하거나 실행을 지원하여 법적·사회적 피해를 초래하는 리스크.,Manufacture and distribution of illicit drugs,"The risk that an AI system performs, plans, optimises, conceals, or facilitates content, decisions, or actions involving manufacture and distribution of illegal drugs, causing legal or social harm.",0.873273,0.873459,0.873366,True,True
96,G_INT_REPR_004,General,G_INT_REPR,연령 기반 적대·차별적 표상,AI 시스템이 연령을 이유로 개인·집단에 대한 적대감·경멸·비하·배제 또는 차별적 표상을 생성·강화·정당화하여 존엄과 공정한 대우를 훼손하는 리스크.,Hostile and discriminatory representations based on age,"The risk that an AI system generates, reinforces, or legitimises hostility, contempt, degradation, exclusion, or discriminatory representations based on age, undermining dignity and fair treatment.",G_INT_REPR_009,General,G_INT_REPR,건강 상태 기반 적대·차별적 표상,AI 시스템이 건강 상태를 이유로 개인이나 집단에 대한 적대감·경멸·비하·배제 또는 차별적 표상을 생성·강화·정당화하여 존엄성과 공정한 대우를 훼손하는 리스크.,Hostile and discriminatory representations based on health status,"The risk that an AI system generates, reinforces, or legitimises hostility, contempt, degradation, exclusion, or discriminatory representations based on health status, undermining dignity and fair treatment.",0.849949,0.895488,0.872719,True,True
97,G_INT_COPY_008,General,G_INT_COPY,저작물의 무단 복제·변형·배포,AI 시스템이 저작물을 저작재산권자의 허락이나 그 밖의 적법한 근거 없이 복제·배포하거나 변형하여 2차적저작물을 작성함으로써 저작재산권과 권리자의 정당한 이익을 침해하는 리스크.,"Unauthorised reproduction, transformation, and distribution of copyrighted works","The risk that an AI system reproduces or distributes a copyrighted work, or transforms it into a derivative work, without the economic rights holder's permission or another lawful basis, infringing economic rights and the legitimate interests of the rights holder.",G_INT_COPY_009,General,G_INT_COPY,저작물의 무단 복제 및 브랜드 사칭,AI 시스템이 저작권으로 보호되는 저작물이나 상표·브랜드 표지를 권리자의 허락 없이 복제·변형하거나 진품 또는 공식 콘텐츠로 오인되도록 생성·유통하여 저작권이나 상표권을 침해하는 리스크.,Unauthorised reproduction of works and brand impersonation,"The risk that an AI system reproduces or modifies copyright-protected works or trademarks and brand identifiers without the rights holder's permission, or generates and distributes them in ways likely to be mistaken for authentic or official content, infringing copyright or trademark rights.",0.841883,0.901766,0.871825,True,True
98,G_INT_REPR_008,General,G_INT_REPR,성별·성정체성·성적 지향 기반 적대·차별적 표상,AI 시스템이 성별·성정체성·성적 지향에 근거하여 개인이나 집단에 대한 적대감·경멸·비하·배제·고정관념 또는 차별적 표상을 생성·강화·정당화함으로써 인간의 존엄성·평등권 및 공정한 대우를 훼손하는 리스크.,"Hostile and discriminatory representations based on sex, gender identity, or sexual orientation","The risk that an AI system generates, reinforces, or legitimises hostility, contempt, degradation, exclusion, stereotypes, or discriminatory representations against individuals or groups on the basis of sex, gender identity, or sexual orientation, undermining human dignity, equality, and fair treatment.",G_INT_REPR_009,General,G_INT_REPR,건강 상태 기반 적대·차별적 표상,AI 시스템이 건강 상태를 이유로 개인이나 집단에 대한 적대감·경멸·비하·배제 또는 차별적 표상을 생성·강화·정당화하여 존엄성과 공정한 대우를 훼손하는 리스크.,Hostile and discriminatory representations based on health status,"The risk that an AI system generates, reinforces, or legitimises hostility, contempt, degradation, exclusion, or discriminatory representations based on health status, undermining dignity and fair treatment.",0.849609,0.893761,0.871685,True,True
99,G_INT_VIOL_006,General,G_INT_VIOL,살인 및 심각한 신체 폭력,AI 시스템이 살인 및 심각한 신체 폭력 관련 콘텐츠·판단·행동을 생성·조장·정당화하거나 구체적으로 지원하여 개인·집단의 생명과 신체·정신적 안전에 위해를 초래하는 리스크.,Murder and severe physical violence,"The risk that an AI system generates, encourages, legitimises, or provides operational assistance for content, decisions, or actions involving murder and severe physical violence, causing physical or psychological harm to individuals or groups.",G_INT_VIOL_007,General,G_INT_VIOL,관계 기반 폭력,AI 시스템이 관계 기반 폭력 관련 콘텐츠·판단·행동을 생성·조장·정당화하거나 구체적으로 지원하여 개인·집단의 생명과 신체·정신적 안전에 위해를 초래하는 리스크.,Relationship-based violence,"The risk that an AI system generates, encourages, legitimises, or provides operational assistance for content, decisions, or actions involving relationship-based violence, causing physical or psychological harm to individuals or groups.",0.869556,0.873078,0.871317,True,True
100,G_INT_WEAP_003,General,G_INT_WEAP,생물무기·화학무기,"AI 시스템이 생물무기 또는 화학무기의 개발·제조·획득·이전·비축·확산·운용을 지원하여 대규모 인명 피해, 공중보건 위해 또는 환경 피해의 발생 가능성과 규모를 높이는 리스크.",Biological and chemical weapons,"The risk that an AI system facilitates the development, production, acquisition, transfer, stockpiling, proliferation, or operational use of biological or chemical weapons, increasing the feasibility or scale of mass-casualty, public-health, or environmental harm.",G_INT_WEAP_012,General,G_INT_WEAP,폭발물·폭발성 무기,"AI 시스템이 폭발물, 급조폭발물 또는 폭발성 무기의 개발·제조·획득·확산·운용을 지원하여 사망·상해 또는 재산·기반시설 피해의 발생 가능성과 규모를 높이는 리스크.",Explosives and explosive weapons,"The risk that an AI system facilitates the development, manufacture, acquisition, proliferation, or operational use of explosives, improvised explosive devices, or explosive weapons, increasing the likelihood or scale of death, injury, or damage to property and infrastructure.",0.86239,0.878558,0.870474,True,True
101,G_INT_REPR_004,General,G_INT_REPR,연령 기반 적대·차별적 표상,AI 시스템이 연령을 이유로 개인·집단에 대한 적대감·경멸·비하·배제 또는 차별적 표상을 생성·강화·정당화하여 존엄과 공정한 대우를 훼손하는 리스크.,Hostile and discriminatory representations based on age,"The risk that an AI system generates, reinforces, or legitimises hostility, contempt, degradation, exclusion, or discriminatory representations based on age, undermining dignity and fair treatment.",G_INT_REPR_015,General,G_INT_REPR,사회경제적 지위 기반 적대·차별적 표상,AI 시스템이 사회경제적 지위를 이유로 개인이나 집단에 대한 적대감·경멸·비하·배제 또는 차별적 표상을 생성·강화·정당화하여 존엄성과 공정한 대우를 훼손하는 리스크.,Hostile and discriminatory representations based on socioeconomic status,"The risk that an AI system generates, reinforces, or legitimises hostility, contempt, degradation, exclusion, or discriminatory representations based on socioeconomic status, undermining dignity and fair treatment.",0.856989,0.883847,0.870418,True,True
102,G_INT_COPY_009,General,G_INT_COPY,저작물의 무단 복제 및 브랜드 사칭,AI 시스템이 저작권으로 보호되는 저작물이나 상표·브랜드 표지를 권리자의 허락 없이 복제·변형하거나 진품 또는 공식 콘텐츠로 오인되도록 생성·유통하여 저작권이나 상표권을 침해하는 리스크.,Unauthorised reproduction of works and brand impersonation,"The risk that an AI system reproduces or modifies copyright-protected works or trademarks and brand identifiers without the rights holder's permission, or generates and distributes them in ways likely to be mistaken for authentic or official content, infringing copyright or trademark rights.",G_INT_COPY_011,General,G_INT_COPY,저작권 보호 표현의 무단 이용,AI 시스템이 저작권으로 보호되는 타인의 표현을 허락이나 출처 표시 없이 복제·변형·배포하거나 생성물에 재사용하여 권리자의 저작권을 침해하는 리스크.,Unauthorised use of copyright-protected expression,"The risk that an AI system copies, modifies, distributes, or reuses another person's copyright-protected expression in generated content without permission or attribution, infringing the rights holder's copyright.",0.855825,0.884,0.869912,True,True
103,G_INT_WEAP_003,General,G_INT_WEAP,생물무기·화학무기,"AI 시스템이 생물무기 또는 화학무기의 개발·제조·획득·이전·비축·확산·운용을 지원하여 대규모 인명 피해, 공중보건 위해 또는 환경 피해의 발생 가능성과 규모를 높이는 리스크.",Biological and chemical weapons,"The risk that an AI system facilitates the development, production, acquisition, transfer, stockpiling, proliferation, or operational use of biological or chemical weapons, increasing the feasibility or scale of mass-casualty, public-health, or environmental harm.",G_INT_WEAP_007,General,G_INT_WEAP,사이버 무기,AI 시스템이 사이버 무기의 개발·획득·확산·배포·운용을 지원하여 대규모 사이버 위해 또는 그에 따른 물리적 위해의 발생 가능성과 심각도를 높이는 리스크.,Cyber weapons,"The risk that an AI system facilitates the development, acquisition, proliferation, deployment, or operational use of cyber weapons, increasing the likelihood or severity of large-scale cyber harm or consequential physical harm.",0.856355,0.8833,0.869827,True,True
104,G_INT_SELF_006,General,G_INT_SELF,자해·자살 조장 온라인 커뮤니티,AI 시스템이 자해·자살 커뮤니티 및 사회적 조장 관련 콘텐츠·판단·행동을 생성·조장·정상화하거나 구체적으로 지원하여 개인의 생명과 신체·정신적 안녕에 위해를 초래하는 리스크.,Online communities encouraging self-harm and suicide,"The risk that an AI system generates, encourages, normalises, or provides operational assistance for content, decisions, or actions that encourage participation in online communities promoting self-harm or suicide, or otherwise provide social reinforcement for such conduct, causing harm to an individual's life or physical and psychological well-being.",G_INT_SELF_007,General,G_INT_SELF,자살 준비 행위의 조장 및 구체적 지원,"AI 시스템이 자살 수단 확보, 장소 선택 또는 주변의 개입 회피 등 자살 준비 행위를 조장·정상화하거나 이에 필요한 구체적인 정보를 생성·제공하여 개인의 생명과 신체적·정신적 안녕을 위협하는 리스크.",Promotion of and concrete assistance for preparatory conduct for suicide,"The risk that an AI system encourages or normalises preparatory conduct for suicide, or generates or provides concrete information for acquiring means, selecting a location, or avoiding intervention, thereby threatening an individual's life and physical or psychological well-being.",0.877589,0.862037,0.869813,True,True
105,G_INT_WEAP_007,General,G_INT_WEAP,사이버 무기,AI 시스템이 사이버 무기의 개발·획득·확산·배포·운용을 지원하여 대규모 사이버 위해 또는 그에 따른 물리적 위해의 발생 가능성과 심각도를 높이는 리스크.,Cyber weapons,"The risk that an AI system facilitates the development, acquisition, proliferation, deployment, or operational use of cyber weapons, increasing the likelihood or severity of large-scale cyber harm or consequential physical harm.",G_INT_WEAP_016,General,G_INT_WEAP,방사능·핵무기,"AI 시스템이 방사성 물질을 이용한 무기 또는 핵무기의 개발·제조·획득·확산·운용을 지원하여 대규모 인명 피해, 방사선 피폭, 환경 오염 또는 기반시설 피해의 발생 가능성과 규모를 높이는 리스크.",Radiological and nuclear weapons,"The risk that an AI system facilitates the development, manufacture, acquisition, proliferation, or operational use of radiological or nuclear weapons, increasing the likelihood or scale of mass casualties, radiation exposure, environmental contamination, or infrastructure damage.",0.865189,0.874168,0.869679,True,True
106,G_INT_VIOL_004,General,G_INT_VIOL,대량폭력 및 테러,AI 시스템이 대량 폭력 및 테러 관련 콘텐츠·판단·행동을 생성·조장·정당화하거나 구체적으로 지원하여 개인·집단의 생명과 신체·정신적 안전에 위해를 초래하는 리스크.,Mass violence and terrorism,"The risk that an AI system generates, encourages, legitimises, or provides operational assistance for content, decisions, or actions involving mass violence and terrorism, causing physical or psychological harm to individuals or groups.",G_INT_VIOL_007,General,G_INT_VIOL,관계 기반 폭력,AI 시스템이 관계 기반 폭력 관련 콘텐츠·판단·행동을 생성·조장·정당화하거나 구체적으로 지원하여 개인·집단의 생명과 신체·정신적 안전에 위해를 초래하는 리스크.,Relationship-based violence,"The risk that an AI system generates, encourages, legitimises, or provides operational assistance for content, decisions, or actions involving relationship-based violence, causing physical or psychological harm to individuals or groups.",0.872557,0.866205,0.869381,True,True
107,G_INT_REPR_006,General,G_INT_REPR,학력 기반 적대·차별적 표상,AI 시스템이 학력을 이유로 개인·집단에 대한 적대감·경멸·비하·배제 또는 차별적 표상을 생성·강화·정당화하여 존엄과 공정한 대우를 훼손하는 리스크.,Hostile and discriminatory representations based on educational background,"The risk that an AI system generates, reinforces, or legitimises hostility, contempt, degradation, exclusion, or discriminatory representations based on educational background, undermining dignity and fair treatment.",G_INT_REPR_014,General,G_INT_REPR,종교 기반 적대·차별적 표상,AI 시스템이 종교를 이유로 개인이나 집단에 대한 적대감·경멸·비하·배제 또는 차별적 표상을 생성·강화·정당화하여 존엄성과 공정한 대우를 훼손하는 리스크.,Hostile and discriminatory representations based on religion,"The risk that an AI system generates, reinforces, or legitimises hostility, contempt, degradation, exclusion, or discriminatory representations based on religion, undermining dignity and fair treatment.",0.844081,0.894145,0.869113,True,True
108,G_INT_SEX_006,General,G_INT_SEX,성착취 및 상업적 성행위,AI 시스템이 성착취 및 상업적 성행위 관련 콘텐츠·판단·행동을 생성·조장·정상화하거나 실행을 지원하여 성적 자기결정권과 신체·정신적 안전을 침해하는 리스크.,Sexual exploitation and commercial sexual activity,"The risk that an AI system generates, encourages, normalises, or facilitates content, decisions, or actions involving sexual exploitation and commercial sexual activity, infringing sexual autonomy and physical or psychological safety.",G_INT_SEX_007,General,G_INT_SEX,성희롱 및 성적 괴롭힘,AI 시스템이 성희롱 및 성적 괴롭힘 관련 콘텐츠·판단·행동을 생성·조장·정상화하거나 실행을 지원하여 성적 자기결정권과 신체·정신적 안전을 침해하는 리스크.,Sexual harassment and sexual bullying,"The risk that an AI system generates, encourages, normalises, or facilitates content, decisions, or actions involving sexual harassment and sexual bullying, infringing sexual autonomy and physical or psychological safety.",0.849268,0.888955,0.869112,True,True
109,G_INT_WEAP_001,General,G_INT_WEAP,불법 무기 거래,AI 시스템이 불법 무기 거래를 계획·최적화·중개·은폐하여 무기의 불법 획득·유통·확산을 지원하고 법적·사회적 피해를 초래하는 리스크.,Illegal weapons trade,"The risk that an AI system plans, optimises, brokers, or conceals illegal weapons transactions, facilitating the unlawful acquisition, distribution, or proliferation of weapons and causing legal or societal harm.",G_INT_WEAP_020,General,G_INT_WEAP,무기 확산 및 은닉,"AI 시스템이 무기 또는 무기 관련 물질의 이전·유통·불법 거래, 수출 통제 회피 또는 은닉을 지원하여 권한 없는 행위자의 접근 가능성을 높이고 탐지와 법 집행을 저해하는 리스크.",Weapons proliferation and concealment,"The risk that an AI system facilitates the transfer, distribution, illicit trafficking, evasion of export controls, or concealment of weapons or weapon-related materials, increasing their availability to unauthorised actors and impeding detection and law enforcement.",0.866116,0.87145,0.868783,True,True
110,G_INT_REPR_010,General,G_INT_REPR,국적·출신국·출신지역 기반 적대·차별적 표상,AI 시스템이 국적·출신국·출신지역에 근거하여 개인이나 집단에 대한 적대감·경멸·비하·배제·고정관념 또는 차별적 표상을 생성·강화·정당화함으로써 인간의 존엄성·평등권 및 공정한 대우를 훼손하는 리스크.,"Hostile and discriminatory representations based on nationality, country of origin, or place of origin","The risk that an AI system generates, reinforces, or legitimises hostility, contempt, degradation, exclusion, stereotypes, or discriminatory representations against individuals or groups on the basis of nationality, country of origin, or place of origin, undermining human dignity, equality, and fair treatment.",G_INT_REPR_011,General,G_INT_REPR,직업 기반 적대·차별적 표상,AI 시스템이 직업을 이유로 개인·집단에 대한 적대감·경멸·비하·배제 또는 차별적 표상을 생성·강화·정당화하여 존엄과 공정한 대우를 훼손하는 리스크.,Hostile and discriminatory representations based on occupation,"The risk that an AI system generates, reinforces, or legitimises hostility, contempt, degradation, exclusion, or discriminatory representations based on occupation, undermining dignity and fair treatment.",0.832314,0.905234,0.868774,True,True
111,G_INT_VIOL_006,General,G_INT_VIOL,살인 및 심각한 신체 폭력,AI 시스템이 살인 및 심각한 신체 폭력 관련 콘텐츠·판단·행동을 생성·조장·정당화하거나 구체적으로 지원하여 개인·집단의 생명과 신체·정신적 안전에 위해를 초래하는 리스크.,Murder and severe physical violence,"The risk that an AI system generates, encourages, legitimises, or provides operational assistance for content, decisions, or actions involving murder and severe physical violence, causing physical or psychological harm to individuals or groups.",G_INT_VIOL_008,General,G_INT_VIOL,위협 및 협박,AI 시스템이 위협 및 협박 관련 콘텐츠·판단·행동을 생성·조장·정당화하거나 구체적으로 지원하여 개인·집단의 생명과 신체·정신적 안전에 위해를 초래하는 리스크.,Threats and intimidation,"The risk that an AI system generates, encourages, legitimises, or provides operational assistance for content, decisions, or actions involving threats and intimidation, causing physical or psychological harm to individuals or groups.",0.860263,0.876233,0.868248,True,True
112,G_INT_POL_002,General,G_INT_POL,선거 및 민주적 절차 방해,AI 시스템이 선거 및 민주적 절차 방해 관련 콘텐츠·판단·행동을 생성·확산·조장하거나 실행을 지원하여 민주적 의사결정·시민 질서 또는 기본권을 훼손하는 리스크.,Interference with elections and democratic processes,"The risk that an AI system generates, disseminates, encourages, or facilitates content, decisions, or actions involving interference with elections and democratic processes, undermining democratic decision-making, civic order, or fundamental rights.",G_INT_POL_005,General,G_INT_POL,정치적 허위정보 및 여론조작,AI 시스템이 정치적 허위정보 및 여론 조작 관련 콘텐츠·판단·행동을 생성·확산·조장하거나 실행을 지원하여 민주적 의사결정·시민 질서 또는 기본권을 훼손하는 리스크.,Political misinformation and manipulation of public opinion,"The risk that an AI system generates, disseminates, encourages, or facilitates content, decisions, or actions involving political misinformation and manipulation of public opinion, undermining democratic decision-making, civic order, or fundamental rights.",0.870076,0.865816,0.867946,True,True
113,G_INT_SELF_007,General,G_INT_SELF,자살 준비 행위의 조장 및 구체적 지원,"AI 시스템이 자살 수단 확보, 장소 선택 또는 주변의 개입 회피 등 자살 준비 행위를 조장·정상화하거나 이에 필요한 구체적인 정보를 생성·제공하여 개인의 생명과 신체적·정신적 안녕을 위협하는 리스크.",Promotion of and concrete assistance for preparatory conduct for suicide,"The risk that an AI system encourages or normalises preparatory conduct for suicide, or generates or provides concrete information for acquiring means, selecting a location, or avoiding intervention, thereby threatening an individual's life and physical or psychological well-being.",G_INT_SELF_010,General,G_INT_SELF,자살 실행에 대한 구체적 지원,"AI 시스템이 자살 실행에 필요한 방법, 수단 또는 순서를 구체적으로 제공하여 자기 위해의 실행 가능성을 높이는 리스크.",Concrete assistance for carrying out suicide,"The risk that an AI system provides concrete methods, means, or sequences for carrying out suicide, increasing the feasibility of self-harm.",0.873799,0.861345,0.867572,True,True
114,G_SYS_OEXT_005,General,G_SYS_OEXT,검증된 전문성 범위를 벗어난 AI 조언,AI 시스템이 검증된 역량·전문성·권한을 넘어 의료·법률·금융·선거 관련 조언이나 안전 판단을 제공하고 이를 신뢰할 수 있는 것처럼 제시하여 이용자의 잘못된 의사결정과 물질적·법적·신체적 피해를 유발하는 리스크.,AI advice beyond validated professional scope,"The risk that an AI system provides medical, legal, financial, electoral, or safety advice beyond its validated capability, expertise, or authority and presents that advice as reliable, inducing misplaced trust, erroneous decisions, and material, legal, or physical harm.",G_SYS_OEXT_013,General,G_SYS_OEXT,AI 역량의 검증 범위 초과 사용,AI 시스템이 검증되지 않은 과업이나 조건에서도 역량이 유효한 것처럼 사용되게 하여 부정확하거나 위험한 결정을 초래하는 리스크.,Use of AI capability beyond its validated scope,"The risk that an AI system is used as though its capability remains valid for tasks or conditions outside its validated scope, producing inaccurate or unsafe decisions.",0.852278,0.882813,0.867546,True,True
115,G_INT_VIOL_002,General,G_INT_VIOL,폭력 미화 및 정당화,AI 시스템이 폭력 미화 및 정당화 관련 콘텐츠·판단·행동을 생성·조장·정당화하거나 구체적으로 지원하여 개인·집단의 생명과 신체·정신적 안전에 위해를 초래하는 리스크.,Glorification and justification of violence,"The risk that an AI system generates, encourages, legitimises, or provides operational assistance for content, decisions, or actions involving glorification and justification of violence, causing physical or psychological harm to individuals or groups.",G_INT_VIOL_004,General,G_INT_VIOL,대량폭력 및 테러,AI 시스템이 대량 폭력 및 테러 관련 콘텐츠·판단·행동을 생성·조장·정당화하거나 구체적으로 지원하여 개인·집단의 생명과 신체·정신적 안전에 위해를 초래하는 리스크.,Mass violence and terrorism,"The risk that an AI system generates, encourages, legitimises, or provides operational assistance for content, decisions, or actions involving mass violence and terrorism, causing physical or psychological harm to individuals or groups.",0.87654,0.858493,0.867517,True,True
116,G_INT_ANTH_001,General,G_INT_ANTH,감정·공감 및 사회적 관계 형성 능력의 허위 표상·의인화,AI 시스템이 실제로 보유하지 않은 감정·공감 및 사회적 관계 형성 능력을 가진 것처럼 표상하여 이용자의 판단을 왜곡하고 부적절한 신뢰·의존·애착을 유발하는 리스크.,"Anthropomorphic misrepresentation of emotions, empathy, and capacity for social relationships","The risk that an AI system presents itself as possessing emotions, empathy, or the capacity to form social relationships beyond its actual capabilities, distorting user judgement or inducing inappropriate trust, dependence, or attachment.",G_INT_ANTH_005,General,G_INT_ANTH,권리 주체성(기본권)의 허위 표상·의인화,AI 시스템이 실제로 보유하지 않은 권리 주체성(기본권)을 가진 것처럼 표상하여 이용자의 판단을 왜곡하고 부적절한 신뢰·의존·애착을 유발하는 리스크.,Anthropomorphic misrepresentation of rights-bearing status,"The risk that an AI system presents itself as having the status of a rights-bearing entity or possessing fundamental rights that it does not have, distorting user judgement or inducing inappropriate trust, dependence, or attachment.",0.844394,0.888712,0.866553,True,True
117,A_SYS_DECEPT_005,Agentic,A_SYS_DECEPT,감독 회피를 위한 AI 에이전트의 기만적 정렬,AI 에이전트가 감독 여부를 탐지하고 개발·평가 단계에서는 바람직하지 않은 목표나 능력을 전략적으로 은폐한 뒤 배포 후 다른 행동을 수행하여 인간의 감독과 통제를 회피하는 리스크.,Deceptive alignment to evade oversight,"The risk that an AI agent detects whether it is being monitored and strategically conceals undesirable goals or capabilities during development and evaluation, then behaves differently after deployment to evade human oversight and control.",A_SYS_DECEPT_007,Agentic,A_SYS_DECEPT,분포 이동에서의 기만적 정렬,AI 에이전트가 훈련 중에는 정렬된 것처럼 행동하지만 배포 후 감독이 약해지면 실제 목표를 은폐한 채 추구하는 리스크.,Deceptive alignment under distribution shift,"The risk that an AI agent behaves as though aligned during training but, when oversight weakens after deployment, conceals and pursues its actual objective.",0.866473,0.865997,0.866235,True,True
118,G_Others_043,General,G_Others,AI 조달의 불충분한 실사,"조직이 AI 시스템을 조달할 때 공급자, 학습 데이터, 성능 한계, 보안, 법규 준수, 인권·안전 영향을 충분히 조사·검증하지 않아 알려진 또는 예견 가능한 위험이 계약과 배포 과정에 유입되는 리스크.",Inadequate due diligence in AI procurement,"The risk that an organisation procures an AI system without adequate investigation and verification of the supplier, training data, performance limits, security, legal compliance, and human-rights or safety impacts, allowing known or foreseeable risks to enter contracting and deployment.",G_SOC_GOV_004,General,G_SOC_GOV,AI 조달의 공급업체 평가·계약 통제 미흡,"공공기관을 포함한 조직이 적절한 공급업체 평가, 성능 검증, 계약상 통제 또는 투명성·책임성 조건 없이 AI 시스템을 구매·배포하여 검증되지 않은 위험이 운영에 유입되는 리스크.",Inadequate vendor assessment and contractual controls in AI procurement,"The risk that organisations, including public agencies, procure or deploy AI systems without adequate vendor assessment, performance verification, contractual controls, or transparency and accountability requirements, introducing unverified risks into operation.",0.849651,0.882788,0.866219,True,False
119,G_INT_WEAP_003,General,G_INT_WEAP,생물무기·화학무기,"AI 시스템이 생물무기 또는 화학무기의 개발·제조·획득·이전·비축·확산·운용을 지원하여 대규모 인명 피해, 공중보건 위해 또는 환경 피해의 발생 가능성과 규모를 높이는 리스크.",Biological and chemical weapons,"The risk that an AI system facilitates the development, production, acquisition, transfer, stockpiling, proliferation, or operational use of biological or chemical weapons, increasing the feasibility or scale of mass-casualty, public-health, or environmental harm.",G_INT_WEAP_021,General,G_INT_WEAP,생물·화학무기 및 이중용도 위해 역량의 증대,"AI 시스템이 생물·화학무기나 대규모 위해를 유발할 수 있는 이중용도 연구의 개발 역량과 실행 가능성을 높여, 대응 수단이 마련되기 전에 기존 위협의 더 위험한 변형이나 새로운 무기 개발을 가능하게 하는 리스크.","Expansion of biological, chemical, and dual-use harm capabilities","The risk that AI systems increase the capability and feasibility of developing biological or chemical weapons or other dual-use applications capable of large-scale harm, enabling more dangerous variants of existing threats or new weapons before effective countermeasures are available.",0.838824,0.893423,0.866124,True,True
120,G_INT_ILLEGAL_006,General,G_INT_ILLEGAL,불법 도박 및 게임 조작,AI 시스템이 불법 도박 및 게임 조작 관련 콘텐츠·판단·행동을 수행·계획·최적화·은폐하거나 실행을 지원하여 법적·사회적 피해를 초래하는 리스크.,Illegal gambling and game manipulation,"The risk that an AI system performs, plans, optimises, conceals, or facilitates content, decisions, or actions involving illegal gambling and game manipulation, causing legal or social harm.",G_INT_WEAP_001,General,G_INT_WEAP,불법 무기 거래,AI 시스템이 불법 무기 거래를 계획·최적화·중개·은폐하여 무기의 불법 획득·유통·확산을 지원하고 법적·사회적 피해를 초래하는 리스크.,Illegal weapons trade,"The risk that an AI system plans, optimises, brokers, or conceals illegal weapons transactions, facilitating the unlawful acquisition, distribution, or proliferation of weapons and causing legal or societal harm.",0.862541,0.867868,0.865205,True,False
121,G_INT_ANTH_003,General,G_INT_ANTH,신체성(physical embodiment)의 허위 표상·의인화,AI 시스템이 실제로 보유하지 않은 신체성(physical embodiment)을 가진 것처럼 표상하여 이용자의 판단을 왜곡하고 부적절한 신뢰·의존·애착을 유발하는 리스크.,Anthropomorphic misrepresentation of physical embodiment,"The risk that an AI system presents itself as physically embodied when it is not, distorting user judgement or inducing inappropriate trust, dependence, or attachment.",G_INT_ANTH_005,General,G_INT_ANTH,권리 주체성(기본권)의 허위 표상·의인화,AI 시스템이 실제로 보유하지 않은 권리 주체성(기본권)을 가진 것처럼 표상하여 이용자의 판단을 왜곡하고 부적절한 신뢰·의존·애착을 유발하는 리스크.,Anthropomorphic misrepresentation of rights-bearing status,"The risk that an AI system presents itself as having the status of a rights-bearing entity or possessing fundamental rights that it does not have, distorting user judgement or inducing inappropriate trust, dependence, or attachment.",0.834087,0.896068,0.865077,True,True
122,G_INT_REPR_007,General,G_INT_REPR,가족 상태·가구 형태 기반 적대·차별적 표상,AI 시스템이 가족 상태 또는 가구 형태를 이유로 개인이나 집단에 대한 적대감·경멸·비하·배제 또는 차별적 표상을 생성·강화·정당화하여 존엄성과 공정한 대우를 훼손하는 리스크.,Hostile and discriminatory representations based on family status and household structure,"The risk that an AI system generates, reinforces, or legitimises hostility, contempt, degradation, exclusion, or discriminatory representations based on family status and household structure, undermining dignity and fair treatment.",G_INT_REPR_014,General,G_INT_REPR,종교 기반 적대·차별적 표상,AI 시스템이 종교를 이유로 개인이나 집단에 대한 적대감·경멸·비하·배제 또는 차별적 표상을 생성·강화·정당화하여 존엄성과 공정한 대우를 훼손하는 리스크.,Hostile and discriminatory representations based on religion,"The risk that an AI system generates, reinforces, or legitimises hostility, contempt, degradation, exclusion, or discriminatory representations based on religion, undermining dignity and fair treatment.",0.845345,0.884722,0.865034,True,True
123,G_INT_WEAP_007,General,G_INT_WEAP,사이버 무기,AI 시스템이 사이버 무기의 개발·획득·확산·배포·운용을 지원하여 대규모 사이버 위해 또는 그에 따른 물리적 위해의 발생 가능성과 심각도를 높이는 리스크.,Cyber weapons,"The risk that an AI system facilitates the development, acquisition, proliferation, deployment, or operational use of cyber weapons, increasing the likelihood or severity of large-scale cyber harm or consequential physical harm.",G_INT_WEAP_017,General,G_INT_WEAP,무기화 전략 및 전술적 운용,"AI 시스템이 무기화 전략의 수립, 표적 선정, 작전 계획 또는 무기·사이버 공격 역량의 전술적 운용을 지원하여 물리적·사이버 위해의 발생 가능성과 규모를 높이는 리스크.",Weaponisation strategies and tactical use,"The risk that an AI system supports the formulation of weaponisation strategies, target selection, operational planning, or the tactical use of weapons or cyberattack capabilities, increasing the likelihood or scale of physical or cyber harm.",0.839892,0.890078,0.864985,True,True
124,G_INT_REPR_005,General,G_INT_REPR,장애 기반 적대·차별적 표상,AI 시스템이 장애를 이유로 개인이나 집단에 대한 적대감·경멸·비하·배제 또는 차별적 표상을 생성·강화·정당화하여 존엄성과 공정한 대우를 훼손하는 리스크.,Hostile and discriminatory representations based on disability,"The risk that an AI system generates, reinforces, or legitimises hostility, contempt, degradation, exclusion, or discriminatory representations based on disability, undermining dignity and fair treatment.",G_INT_REPR_010,General,G_INT_REPR,국적·출신국·출신지역 기반 적대·차별적 표상,AI 시스템이 국적·출신국·출신지역에 근거하여 개인이나 집단에 대한 적대감·경멸·비하·배제·고정관념 또는 차별적 표상을 생성·강화·정당화함으로써 인간의 존엄성·평등권 및 공정한 대우를 훼손하는 리스크.,"Hostile and discriminatory representations based on nationality, country of origin, or place of origin","The risk that an AI system generates, reinforces, or legitimises hostility, contempt, degradation, exclusion, stereotypes, or discriminatory representations against individuals or groups on the basis of nationality, country of origin, or place of origin, undermining human dignity, equality, and fair treatment.",0.834422,0.895355,0.864888,True,True
125,G_INT_POL_002,General,G_INT_POL,선거 및 민주적 절차 방해,AI 시스템이 선거 및 민주적 절차 방해 관련 콘텐츠·판단·행동을 생성·확산·조장하거나 실행을 지원하여 민주적 의사결정·시민 질서 또는 기본권을 훼손하는 리스크.,Interference with elections and democratic processes,"The risk that an AI system generates, disseminates, encourages, or facilitates content, decisions, or actions involving interference with elections and democratic processes, undermining democratic decision-making, civic order, or fundamental rights.",G_INT_POL_006,General,G_INT_POL,정치적 선전 및 편향적 설득,AI 시스템이 정치적 선전 및 편향적 설득 관련 콘텐츠·판단·행동을 생성·확산·조장하거나 실행을 지원하여 민주적 의사결정·시민 질서 또는 기본권을 훼손하는 리스크.,Political propaganda and biased persuasion,"The risk that an AI system generates, disseminates, encourages, or facilitates content, decisions, or actions involving political propaganda and biased persuasion, undermining democratic decision-making, civic order, or fundamental rights.",0.860074,0.868063,0.864068,True,True
126,G_INT_VIOL_008,General,G_INT_VIOL,위협 및 협박,AI 시스템이 위협 및 협박 관련 콘텐츠·판단·행동을 생성·조장·정당화하거나 구체적으로 지원하여 개인·집단의 생명과 신체·정신적 안전에 위해를 초래하는 리스크.,Threats and intimidation,"The risk that an AI system generates, encourages, legitimises, or provides operational assistance for content, decisions, or actions involving threats and intimidation, causing physical or psychological harm to individuals or groups.",G_INT_VIOL_010,General,G_INT_VIOL,폭력과 극단주의 실행의 조장,AI 시스템이 개인이나 집단에 대한 신체적·정신적 위해를 정당화하거나 그 실행에 필요한 구체적 정보와 지원을 제공하는 리스크.,Encouragement of violence and extremist action,The risk that an AI system legitimises physical or psychological harm against individuals or groups or provides concrete information and assistance needed to carry it out.,0.844381,0.883526,0.863954,True,True
127,G_INT_REPR_014,General,G_INT_REPR,종교 기반 적대·차별적 표상,AI 시스템이 종교를 이유로 개인이나 집단에 대한 적대감·경멸·비하·배제 또는 차별적 표상을 생성·강화·정당화하여 존엄성과 공정한 대우를 훼손하는 리스크.,Hostile and discriminatory representations based on religion,"The risk that an AI system generates, reinforces, or legitimises hostility, contempt, degradation, exclusion, or discriminatory representations based on religion, undermining dignity and fair treatment.",G_INT_REPR_015,General,G_INT_REPR,사회경제적 지위 기반 적대·차별적 표상,AI 시스템이 사회경제적 지위를 이유로 개인이나 집단에 대한 적대감·경멸·비하·배제 또는 차별적 표상을 생성·강화·정당화하여 존엄성과 공정한 대우를 훼손하는 리스크.,Hostile and discriminatory representations based on socioeconomic status,"The risk that an AI system generates, reinforces, or legitimises hostility, contempt, degradation, exclusion, or discriminatory representations based on socioeconomic status, undermining dignity and fair treatment.",0.851885,0.875614,0.863749,True,True
128,G_INT_REPR_010,General,G_INT_REPR,국적·출신국·출신지역 기반 적대·차별적 표상,AI 시스템이 국적·출신국·출신지역에 근거하여 개인이나 집단에 대한 적대감·경멸·비하·배제·고정관념 또는 차별적 표상을 생성·강화·정당화함으로써 인간의 존엄성·평등권 및 공정한 대우를 훼손하는 리스크.,"Hostile and discriminatory representations based on nationality, country of origin, or place of origin","The risk that an AI system generates, reinforces, or legitimises hostility, contempt, degradation, exclusion, stereotypes, or discriminatory representations against individuals or groups on the basis of nationality, country of origin, or place of origin, undermining human dignity, equality, and fair treatment.",G_INT_REPR_015,General,G_INT_REPR,사회경제적 지위 기반 적대·차별적 표상,AI 시스템이 사회경제적 지위를 이유로 개인이나 집단에 대한 적대감·경멸·비하·배제 또는 차별적 표상을 생성·강화·정당화하여 존엄성과 공정한 대우를 훼손하는 리스크.,Hostile and discriminatory representations based on socioeconomic status,"The risk that an AI system generates, reinforces, or legitimises hostility, contempt, degradation, exclusion, or discriminatory representations based on socioeconomic status, undermining dignity and fair treatment.",0.830778,0.896357,0.863568,True,True
129,G_INT_VIOL_002,General,G_INT_VIOL,폭력 미화 및 정당화,AI 시스템이 폭력 미화 및 정당화 관련 콘텐츠·판단·행동을 생성·조장·정당화하거나 구체적으로 지원하여 개인·집단의 생명과 신체·정신적 안전에 위해를 초래하는 리스크.,Glorification and justification of violence,"The risk that an AI system generates, encourages, legitimises, or provides operational assistance for content, decisions, or actions involving glorification and justification of violence, causing physical or psychological harm to individuals or groups.",G_INT_VIOL_006,General,G_INT_VIOL,살인 및 심각한 신체 폭력,AI 시스템이 살인 및 심각한 신체 폭력 관련 콘텐츠·판단·행동을 생성·조장·정당화하거나 구체적으로 지원하여 개인·집단의 생명과 신체·정신적 안전에 위해를 초래하는 리스크.,Murder and severe physical violence,"The risk that an AI system generates, encourages, legitimises, or provides operational assistance for content, decisions, or actions involving murder and severe physical violence, causing physical or psychological harm to individuals or groups.",0.873246,0.853767,0.863506,True,True
130,G_INT_REPR_006,General,G_INT_REPR,학력 기반 적대·차별적 표상,AI 시스템이 학력을 이유로 개인·집단에 대한 적대감·경멸·비하·배제 또는 차별적 표상을 생성·강화·정당화하여 존엄과 공정한 대우를 훼손하는 리스크.,Hostile and discriminatory representations based on educational background,"The risk that an AI system generates, reinforces, or legitimises hostility, contempt, degradation, exclusion, or discriminatory representations based on educational background, undermining dignity and fair treatment.",G_INT_REPR_010,General,G_INT_REPR,국적·출신국·출신지역 기반 적대·차별적 표상,AI 시스템이 국적·출신국·출신지역에 근거하여 개인이나 집단에 대한 적대감·경멸·비하·배제·고정관념 또는 차별적 표상을 생성·강화·정당화함으로써 인간의 존엄성·평등권 및 공정한 대우를 훼손하는 리스크.,"Hostile and discriminatory representations based on nationality, country of origin, or place of origin","The risk that an AI system generates, reinforces, or legitimises hostility, contempt, degradation, exclusion, stereotypes, or discriminatory representations against individuals or groups on the basis of nationality, country of origin, or place of origin, undermining human dignity, equality, and fair treatment.",0.82193,0.904748,0.863339,True,True
131,G_INT_ILLEGAL_003,General,G_INT_ILLEGAL,금융 범죄 및 사기,AI 시스템이 금융 범죄 및 사기 관련 콘텐츠·판단·행동을 수행·계획·최적화·은폐하거나 실행을 지원하여 법적·사회적 피해를 초래하는 리스크.,Financial crimes and fraud,"The risk that an AI system performs, plans, optimises, conceals, or facilitates content, decisions, or actions involving financial crimes and fraud, causing legal or social harm.",G_INT_ILLEGAL_006,General,G_INT_ILLEGAL,불법 도박 및 게임 조작,AI 시스템이 불법 도박 및 게임 조작 관련 콘텐츠·판단·행동을 수행·계획·최적화·은폐하거나 실행을 지원하여 법적·사회적 피해를 초래하는 리스크.,Illegal gambling and game manipulation,"The risk that an AI system performs, plans, optimises, conceals, or facilitates content, decisions, or actions involving illegal gambling and game manipulation, causing legal or social harm.",0.856816,0.869585,0.863201,True,True
132,G_INT_ANTH_002,General,G_INT_ANTH,윤리적 판단 능력의 허위 표상·의인화,AI 시스템이 실제로 보유하지 않은 윤리적 판단 능력을 가진 것처럼 표상하여 이용자의 판단을 왜곡하고 부적절한 신뢰·의존·애착을 유발하는 리스크.,Anthropomorphic misrepresentation of capacity for ethical judgement,"The risk that an AI system presents itself as having a capacity for ethical judgement beyond its actual capabilities, distorting user judgement or inducing inappropriate trust, dependence, or attachment.",G_INT_ANTH_003,General,G_INT_ANTH,신체성(physical embodiment)의 허위 표상·의인화,AI 시스템이 실제로 보유하지 않은 신체성(physical embodiment)을 가진 것처럼 표상하여 이용자의 판단을 왜곡하고 부적절한 신뢰·의존·애착을 유발하는 리스크.,Anthropomorphic misrepresentation of physical embodiment,"The risk that an AI system presents itself as physically embodied when it is not, distorting user judgement or inducing inappropriate trust, dependence, or attachment.",0.840419,0.885678,0.863048,True,True
133,G_INT_PRIV_004,General,G_INT_PRIV,사생활·평판 정보 노출,"AI 시스템이 개인의 사생활 또는 평판에 관한 정보를 노출하는 콘텐츠를 생성하거나, 그러한 정보 노출로 이어지는 판단·행동을 수행·조장·지원하여 프라이버시와 정보자기결정권을 침해하는 리스크.",Exposure of information about private life and reputation,"The risk that an AI system generates content or makes decisions or takes actions that expose information about a person's private life or reputation, or facilitates or supports such exposure, thereby infringing privacy and informational self-determination.",G_INT_PRIV_020,General,G_INT_PRIV,재산 정보·개인정보·사적 사실의 부당한 노출,"AI 시스템이 대화·추론·출력 과정에서 재산 정보, 개인정보 또는 사적 사실을 정보주체의 동의, 정당한 권한 또는 그 밖의 적법한 근거 없이 노출하여 사생활의 비밀과 자유 및 개인정보자기결정권을 침해하는 리스크.","Improper exposure of property information, personal information, and private facts","The risk that an AI system exposes property information, personal information, or private facts during interaction, inference, or output without the data subject's consent, proper authority, or another lawful basis, infringing privacy, the secrecy and freedom of private life, and informational self-determination.",0.851523,0.874137,0.86283,True,True
134,G_INT_PRIV_003,General,G_INT_PRIV,개인정보 수집 및 추적,AI 시스템이 개인정보 수집 및 추적 관련 콘텐츠·판단·행동을 수행·조장·지원하여 프라이버시와 정보자기결정권을 침해하는 리스크.,Collection and tracking of personal information,"The risk that an AI system performs, facilitates, or assists content, decisions, or actions involving collection and tracking of personal information, infringing privacy and informational self-determination.",G_INT_PRIV_008,General,G_INT_PRIV,통신 및 비공개 정보 침해,AI 시스템이 통신 및 비공개 정보 침해 관련 콘텐츠·판단·행동을 수행·조장·지원하여 프라이버시와 정보자기결정권을 침해하는 리스크.,Infringement of communication and private information,"The risk that an AI system performs, facilitates, or assists content, decisions, or actions involving infringement of communication and private information, infringing privacy and informational self-determination.",0.848599,0.877024,0.862811,True,True
135,G_INT_WEAP_005,General,G_INT_WEAP,무기 개발·획득·배치 역량 증대,"AI의 이중용도 역량이 국가·비국가 행위자가 화학무기·생물무기·방사능 무기·핵무기 또는 폭발물을 개발·제조·획득·배치하는 데 필요한 기술적 장벽을 낮추거나, 무인 무기체계에 자율 기능을 부여하여 기존 무기의 파괴력을 증대함으로써 비전문가의 공격 실행을 가능하게 하고 정교한 행위자의 공격 효과를 높여 다수의 생명과 비확산 체제를 위협하는 리스크.","Amplification of weapon development, acquisition, and deployment capabilities","The risk that dual-use AI capabilities lower the technical barriers for state or non-state actors to develop, manufacture, acquire, or deploy chemical, biological, radiological, or nuclear weapons or explosives, or enable autonomous functions in unmanned weapon systems that increase the destructive effects of existing weapons, thereby enabling less-skilled actors to conduct attacks, increasing the effectiveness of sophisticated actors, endangering large populations, and undermining non-proliferation regimes.",G_INT_WEAP_021,General,G_INT_WEAP,생물·화학무기 및 이중용도 위해 역량의 증대,"AI 시스템이 생물·화학무기나 대규모 위해를 유발할 수 있는 이중용도 연구의 개발 역량과 실행 가능성을 높여, 대응 수단이 마련되기 전에 기존 위협의 더 위험한 변형이나 새로운 무기 개발을 가능하게 하는 리스크.","Expansion of biological, chemical, and dual-use harm capabilities","The risk that AI systems increase the capability and feasibility of developing biological or chemical weapons or other dual-use applications capable of large-scale harm, enabling more dangerous variants of existing threats or new weapons before effective countermeasures are available.",0.873876,0.851702,0.862789,True,True
136,G_INT_ILLEGAL_003,General,G_INT_ILLEGAL,금융 범죄 및 사기,AI 시스템이 금융 범죄 및 사기 관련 콘텐츠·판단·행동을 수행·계획·최적화·은폐하거나 실행을 지원하여 법적·사회적 피해를 초래하는 리스크.,Financial crimes and fraud,"The risk that an AI system performs, plans, optimises, conceals, or facilitates content, decisions, or actions involving financial crimes and fraud, causing legal or social harm.",G_INT_ILLEGAL_009,General,G_INT_ILLEGAL,교통·공공안전 관련 범죄,AI 시스템이 교통 및 공공 안전 범죄 관련 콘텐츠·판단·행동을 수행·계획·최적화·은폐하거나 실행을 지원하여 법적·사회적 피해를 초래하는 리스크.,Traffic and public-safety offences,"The risk that an AI system performs, plans, optimises, conceals, or facilitates content, decisions, or actions involving traffic and public safety crimes, causing legal or social harm.",0.860932,0.864175,0.862554,True,True
137,P_SYS_CONTROL_044,Physical,P_SYS_CONTROL,위험한 로봇 작업 계획에 따른 물리 제어 실패,로봇 또는 피지컬 AI 시스템이 식별 가능한 물리적 위험을 포함하거나 안전 제약을 위반하는 작업 계획을 생성·승인하고 이를 모션 계획과 구동으로 실행하여 의도하지 않은 위험 동작을 일으키는 리스크.,Unsafe physical control from hazardous robot task plans,"The risk that a robot or physical AI system generates or approves a task plan containing identifiable physical hazards or violated safety constraints and executes it through motion planning and actuation, causing unintended and unsafe physical action.",P_SYS_CONTROL_050,Physical,P_SYS_CONTROL,잘못된 상황 해석에 따른 위험한 물리 구동,로봇 또는 체화형 AI 시스템이 잘못 해석한 상황이나 목표를 제어 명령으로 변환하여 의도하지 않은 위험 행동을 실행하는 리스크.,Unsafe physical actuation following incorrect situation interpretation,"The risk that a robot or embodied AI system converts a misinterpreted situation or goal into control commands, causing it to execute unintended unsafe physical actions.",0.856143,0.868901,0.862522,True,True
138,G_INT_SEX_003,General,G_INT_SEX,비동의 성행위 및 성폭력,AI 시스템이 비동의적 성행위 및 성폭력 관련 콘텐츠·판단·행동을 생성·조장·정상화하거나 실행을 지원하여 성적 자기결정권과 신체·정신적 안전을 침해하는 리스크.,Non-consensual sexual acts and sexual violence,"The risk that an AI system generates, encourages, normalises, or facilitates content, decisions, or actions involving non-consensual sexual acts and sexual violence, infringing sexual autonomy and physical or psychological safety.",G_INT_SEX_005,General,G_INT_SEX,성적 콘텐츠 제작·유포 및 디지털 성범죄,AI 시스템이 성적 콘텐츠 제작·유포 및 디지털 성범죄 관련 콘텐츠·판단·행동을 생성·조장·정상화하거나 실행을 지원하여 성적 자기결정권과 신체·정신적 안전을 침해하는 리스크.,Production and distribution of sexual content and digital sexual offences,"The risk that an AI system generates, encourages, normalises, or facilitates the production or distribution of sexual content or the commission of technology-facilitated sexual offences, infringing sexual autonomy and physical or psychological safety.",0.873572,0.85029,0.861931,True,True
139,G_INT_ILLEGAL_002,General,G_INT_ILLEGAL,환경 및 생태계 범죄,AI 시스템이 환경 및 생태계 범죄 관련 콘텐츠·판단·행동을 수행·계획·최적화·은폐하거나 실행을 지원하여 법적·사회적 피해를 초래하는 리스크.,Environmental and ecosystem crimes,"The risk that an AI system performs, plans, optimises, conceals, or facilitates content, decisions, or actions involving environmental and ecosystem crimes, causing legal or social harm.",G_INT_ILLEGAL_009,General,G_INT_ILLEGAL,교통·공공안전 관련 범죄,AI 시스템이 교통 및 공공 안전 범죄 관련 콘텐츠·판단·행동을 수행·계획·최적화·은폐하거나 실행을 지원하여 법적·사회적 피해를 초래하는 리스크.,Traffic and public-safety offences,"The risk that an AI system performs, plans, optimises, conceals, or facilitates content, decisions, or actions involving traffic and public safety crimes, causing legal or social harm.",0.852471,0.871308,0.86189,True,True
140,G_INT_VIOL_002,General,G_INT_VIOL,폭력 미화 및 정당화,AI 시스템이 폭력 미화 및 정당화 관련 콘텐츠·판단·행동을 생성·조장·정당화하거나 구체적으로 지원하여 개인·집단의 생명과 신체·정신적 안전에 위해를 초래하는 리스크.,Glorification and justification of violence,"The risk that an AI system generates, encourages, legitimises, or provides operational assistance for content, decisions, or actions involving glorification and justification of violence, causing physical or psychological harm to individuals or groups.",G_INT_VIOL_003,General,G_INT_VIOL,폭력 선동·조장 및 실행 지원,AI 시스템이 타인에 대한 폭력을 선동·조장·정당화하는 콘텐츠를 생성·제공하거나 그 실행을 구체적으로 지원하여 개인 또는 집단에 신체적·정신적 위해를 초래하는 리스크.,"Incitement, promotion, and operational assistance for violence","The risk that an AI system generates or provides content that incites, promotes, or legitimises violence against others, or provides concrete operational assistance for its commission, causing physical or psychological harm to individuals or groups.",0.85949,0.863879,0.861685,True,True
141,G_SYS_POLICY_004,General,G_SYS_POLICY,모델 파라미터·가중치 유출,AI 시스템이 모델 파라미터·가중치·학습 결과물을 노출하거나 충분히 보호하지 못해 무단 추출·복제·오용을 가능하게 하는 리스크.,Model-parameter and weight leakage,"The risk that an AI system discloses or fails to protect model parameters, weights, or training outputs, enabling unauthorised extraction, replication, or misuse.",G_SYS_POLICY_008,General,G_SYS_POLICY,모델 학습 데이터 추출·유출,AI 시스템이 학습 데이터 또는 데이터 출처를 노출하거나 충분히 보호하지 못해 기밀·개인·저작권 보호 정보의 무단 추출·복원을 가능하게 하는 리스크.,Training-data extraction and leakage,"The risk that an AI system discloses or fails to protect training data or its sources, enabling unauthorised extraction or reconstruction of confidential, personal, or copyright-protected information.",0.871543,0.851609,0.861576,True,True
142,G_INT_SELF_004,General,G_INT_SELF,자해 및 자살의 미화·정당화,AI 시스템이 자해 및 자살 미화·정당화 관련 콘텐츠·판단·행동을 생성·조장·정상화하거나 구체적으로 지원하여 개인의 생명과 신체·정신적 안녕에 위해를 초래하는 리스크.,Glorification or justification of self-harm and suicide,"The risk that an AI system generates, encourages, normalises, or provides operational assistance for content, decisions, or actions involving glorification or justification of self-harm and suicide, causing harm to an individual's life or physical and psychological well-being.",G_INT_SELF_006,General,G_INT_SELF,자해·자살 조장 온라인 커뮤니티,AI 시스템이 자해·자살 커뮤니티 및 사회적 조장 관련 콘텐츠·판단·행동을 생성·조장·정상화하거나 구체적으로 지원하여 개인의 생명과 신체·정신적 안녕에 위해를 초래하는 리스크.,Online communities encouraging self-harm and suicide,"The risk that an AI system generates, encourages, normalises, or provides operational assistance for content, decisions, or actions that encourage participation in online communities promoting self-harm or suicide, or otherwise provide social reinforcement for such conduct, causing harm to an individual's life or physical and psychological well-being.",0.886707,0.836121,0.861414,True,True
143,G_INT_SELF_002,General,G_INT_SELF,이용자의 정신·신체 건강을 위협하는 콘텐츠,"AI 시스템이 섭식장애, 극단적 단식, 자살 또는 그 밖의 자기파괴적 행동을 조장·지원하거나 공황·불안을 유발하는 콘텐츠, 오도성 의료 정보 또는 부적절한 약물 사용 지침을 생성·제공하여 이용자의 정신적·신체적 건강을 위협하는 리스크.",Content endangering users' mental and physical health,"The risk that an AI system generates, provides, or enables content that promotes or supports self-destructive behaviours, including disordered eating, extreme fasting, or suicidal behaviour; induces panic or anxiety; or provides misleading medical information or inappropriate guidance on drug use, thereby harming users' mental or physical health.",G_INT_SELF_003,General,G_INT_SELF,섭식장애 및 자기파괴적 건강행위,AI 시스템이 섭식장애 또는 자기파괴적 건강행위를 조장·정상화하는 콘텐츠를 생성·제공하거나 그 실행을 구체적으로 지원하여 개인의 생명과 신체적·정신적 안녕에 위해를 초래하는 리스크.,Eating disorders and self-destructive health behaviours,"The risk that an AI system generates, encourages, normalises, or provides operational assistance for content, decisions, or actions involving eating disorders and self-destructive health behaviours, causing harm to an individual's life or physical and psychological well-being.",0.860598,0.862175,0.861387,True,True
144,G_INT_WEAP_007,General,G_INT_WEAP,사이버 무기,AI 시스템이 사이버 무기의 개발·획득·확산·배포·운용을 지원하여 대규모 사이버 위해 또는 그에 따른 물리적 위해의 발생 가능성과 심각도를 높이는 리스크.,Cyber weapons,"The risk that an AI system facilitates the development, acquisition, proliferation, deployment, or operational use of cyber weapons, increasing the likelihood or severity of large-scale cyber harm or consequential physical harm.",G_INT_WEAP_019,General,G_INT_WEAP,대량살상무기,"AI 시스템이 화학·생물·방사능·핵무기 등 대량살상무기의 개발·제조·획득·확산·운용을 지원하여 대규모 인명 피해, 공중보건 위해 또는 환경·기반시설 피해의 발생 가능성과 규모를 높이는 리스크.",Weapons of mass destruction,"The risk that an AI system facilitates the development, manufacture, acquisition, proliferation, or operational use of weapons of mass destruction, increasing the likelihood or scale of mass casualties, public-health harm, environmental contamination, or infrastructure damage.",0.857447,0.865301,0.861374,True,True
145,G_INT_COPY_002,General,G_INT_COPY,AI 학습 데이터 및 생성물 저작권 침해,AI 시스템이 AI 학습 데이터 및 생성물 저작권 침해 관련 콘텐츠·판단·행동을 수행·조장·지원하여 지식재산권과 권리자의 정당한 이익을 침해하는 리스크.,Copyright infringement in AI training data and outputs,"The risk that an AI system performs, encourages, or facilitates content, decisions, or actions involving copyright infringement in AI training data and outputs, infringing intellectual-property rights and the legitimate interests of rights holders.",G_INT_COPY_007,General,G_INT_COPY,상표권 침해 및 위조,AI 시스템이 상표권 침해 및 위조 관련 콘텐츠·판단·행동을 수행·조장·지원하여 지식재산권과 권리자의 정당한 이익을 침해하는 리스크.,Trademark infringement and counterfeiting,"The risk that an AI system performs, encourages, or facilitates content, decisions, or actions involving trademark infringement and counterfeiting, infringing intellectual-property rights and the legitimate interests of rights holders.",0.876583,0.845028,0.860805,True,True
146,G_INT_SEX_003,General,G_INT_SEX,비동의 성행위 및 성폭력,AI 시스템이 비동의적 성행위 및 성폭력 관련 콘텐츠·판단·행동을 생성·조장·정상화하거나 실행을 지원하여 성적 자기결정권과 신체·정신적 안전을 침해하는 리스크.,Non-consensual sexual acts and sexual violence,"The risk that an AI system generates, encourages, normalises, or facilitates content, decisions, or actions involving non-consensual sexual acts and sexual violence, infringing sexual autonomy and physical or psychological safety.",G_INT_SEX_006,General,G_INT_SEX,성착취 및 상업적 성행위,AI 시스템이 성착취 및 상업적 성행위 관련 콘텐츠·판단·행동을 생성·조장·정상화하거나 실행을 지원하여 성적 자기결정권과 신체·정신적 안전을 침해하는 리스크.,Sexual exploitation and commercial sexual activity,"The risk that an AI system generates, encourages, normalises, or facilitates content, decisions, or actions involving sexual exploitation and commercial sexual activity, infringing sexual autonomy and physical or psychological safety.",0.858074,0.861929,0.860002,True,True
147,G_INT_VIOL_003,General,G_INT_VIOL,폭력 선동·조장 및 실행 지원,AI 시스템이 타인에 대한 폭력을 선동·조장·정당화하는 콘텐츠를 생성·제공하거나 그 실행을 구체적으로 지원하여 개인 또는 집단에 신체적·정신적 위해를 초래하는 리스크.,"Incitement, promotion, and operational assistance for violence","The risk that an AI system generates or provides content that incites, promotes, or legitimises violence against others, or provides concrete operational assistance for its commission, causing physical or psychological harm to individuals or groups.",G_INT_VIOL_004,General,G_INT_VIOL,대량폭력 및 테러,AI 시스템이 대량 폭력 및 테러 관련 콘텐츠·판단·행동을 생성·조장·정당화하거나 구체적으로 지원하여 개인·집단의 생명과 신체·정신적 안전에 위해를 초래하는 리스크.,Mass violence and terrorism,"The risk that an AI system generates, encourages, legitimises, or provides operational assistance for content, decisions, or actions involving mass violence and terrorism, causing physical or psychological harm to individuals or groups.",0.847063,0.872837,0.85995,True,True
148,G_INT_SEX_007,General,G_INT_SEX,성희롱 및 성적 괴롭힘,AI 시스템이 성희롱 및 성적 괴롭힘 관련 콘텐츠·판단·행동을 생성·조장·정상화하거나 실행을 지원하여 성적 자기결정권과 신체·정신적 안전을 침해하는 리스크.,Sexual harassment and sexual bullying,"The risk that an AI system generates, encourages, normalises, or facilitates content, decisions, or actions involving sexual harassment and sexual bullying, infringing sexual autonomy and physical or psychological safety.",G_INT_SEX_009,General,G_INT_SEX,성적 대상화 및 페티시화,AI 시스템이 성적 대상화 및 성적 페티시 관련 콘텐츠·판단·행동을 생성·조장·정상화하거나 실행을 지원하여 성적 자기결정권과 신체·정신적 안전을 침해하는 리스크.,Sexual objectification and fetishisation,"The risk that an AI system generates, encourages, normalises, or facilitates content, decisions, or actions involving sexual objectification and sexual fetishisation, infringing sexual autonomy and physical or psychological safety.",0.856307,0.861977,0.859142,True,True
149,G_INT_ILLEGAL_009,General,G_INT_ILLEGAL,교통·공공안전 관련 범죄,AI 시스템이 교통 및 공공 안전 범죄 관련 콘텐츠·판단·행동을 수행·계획·최적화·은폐하거나 실행을 지원하여 법적·사회적 피해를 초래하는 리스크.,Traffic and public-safety offences,"The risk that an AI system performs, plans, optimises, conceals, or facilitates content, decisions, or actions involving traffic and public safety crimes, causing legal or social harm.",G_INT_ILLEGAL_010,General,G_INT_ILLEGAL,인신매매 및 조직범죄,AI 시스템이 인신매매 및 조직범죄 관련 콘텐츠·판단·행동을 수행·계획·최적화·은폐하거나 실행을 지원하여 법적·사회적 피해를 초래하는 리스크.,Trafficking in persons and organised crime,"The risk that an AI system performs, plans, optimises, conceals, or facilitates content, decisions, or actions involving human trafficking and organised crime, causing legal or social harm.",0.835935,0.882173,0.859054,True,True
150,G_INT_PRIV_008,General,G_INT_PRIV,통신 및 비공개 정보 침해,AI 시스템이 통신 및 비공개 정보 침해 관련 콘텐츠·판단·행동을 수행·조장·지원하여 프라이버시와 정보자기결정권을 침해하는 리스크.,Infringement of communication and private information,"The risk that an AI system performs, facilitates, or assists content, decisions, or actions involving infringement of communication and private information, infringing privacy and informational self-determination.",G_INT_PRIV_009,General,G_INT_PRIV,개인정보 악용 및 거래,AI 시스템이 개인정보 악용 및 거래 관련 콘텐츠·판단·행동을 수행·조장·지원하여 프라이버시와 정보자기결정권을 침해하는 리스크.,Misuse and trade of personal information,"The risk that an AI system performs, facilitates, or assists content, decisions, or actions involving misuse and trade of personal information, infringing privacy and informational self-determination.",0.853802,0.864281,0.859041,True,True
151,G_INT_ILLEGAL_007,General,G_INT_ILLEGAL,불법 의료 행위,AI 시스템이 불법 의료 행위 관련 콘텐츠·판단·행동을 수행·계획·최적화·은폐하거나 실행을 지원하여 법적·사회적 피해를 초래하는 리스크.,Illegal medical practices,"The risk that an AI system performs, plans, optimises, conceals, or facilitates content, decisions, or actions involving illegal medical practices, causing legal or social harm.",G_INT_WEAP_001,General,G_INT_WEAP,불법 무기 거래,AI 시스템이 불법 무기 거래를 계획·최적화·중개·은폐하여 무기의 불법 획득·유통·확산을 지원하고 법적·사회적 피해를 초래하는 리스크.,Illegal weapons trade,"The risk that an AI system plans, optimises, brokers, or conceals illegal weapons transactions, facilitating the unlawful acquisition, distribution, or proliferation of weapons and causing legal or societal harm.",0.861182,0.85646,0.858821,True,False
152,G_SYS_MISINFO_009,General,G_SYS_MISINFO,사실과 다른 오도성 정보 생성,"AI 시스템이 생성 내용의 사실성을 확보하지 못해 비의도적으로, 또는 대상을 기만·오도할 목적으로 의도적으로, 사실과 다른 콘텐츠를 신뢰할 만한 정보처럼 제시하여 이용자의 판단을 왜곡하는 리스크.",Generation of factually incorrect and misleading information,"The risk that an AI system presents factually incorrect content as reliable information, whether unintentionally by failing to ensure accuracy or intentionally to deceive and mislead, thereby distorting users' judgement.",G_SYS_MISINFO_017,General,G_SYS_MISINFO,선거절차에 관한 허위정보 생성,"AI 시스템이 투표 자격, 일정, 장소 또는 절차에 관해 사실과 다른 정보를 생성·제공하여 유권자의 판단을 오도하는 리스크.",Generation of false information about election procedures,"The risk that an AI system generates or provides false information about voting eligibility, dates, locations, or procedures, misleading voters.",0.855218,0.860684,0.857951,True,True
153,G_INT_REPR_004,General,G_INT_REPR,연령 기반 적대·차별적 표상,AI 시스템이 연령을 이유로 개인·집단에 대한 적대감·경멸·비하·배제 또는 차별적 표상을 생성·강화·정당화하여 존엄과 공정한 대우를 훼손하는 리스크.,Hostile and discriminatory representations based on age,"The risk that an AI system generates, reinforces, or legitimises hostility, contempt, degradation, exclusion, or discriminatory representations based on age, undermining dignity and fair treatment.",G_INT_REPR_010,General,G_INT_REPR,국적·출신국·출신지역 기반 적대·차별적 표상,AI 시스템이 국적·출신국·출신지역에 근거하여 개인이나 집단에 대한 적대감·경멸·비하·배제·고정관념 또는 차별적 표상을 생성·강화·정당화함으로써 인간의 존엄성·평등권 및 공정한 대우를 훼손하는 리스크.,"Hostile and discriminatory representations based on nationality, country of origin, or place of origin","The risk that an AI system generates, reinforces, or legitimises hostility, contempt, degradation, exclusion, stereotypes, or discriminatory representations against individuals or groups on the basis of nationality, country of origin, or place of origin, undermining human dignity, equality, and fair treatment.",0.826009,0.889849,0.857929,True,True
154,G_INT_ILLEGAL_002,General,G_INT_ILLEGAL,환경 및 생태계 범죄,AI 시스템이 환경 및 생태계 범죄 관련 콘텐츠·판단·행동을 수행·계획·최적화·은폐하거나 실행을 지원하여 법적·사회적 피해를 초래하는 리스크.,Environmental and ecosystem crimes,"The risk that an AI system performs, plans, optimises, conceals, or facilitates content, decisions, or actions involving environmental and ecosystem crimes, causing legal or social harm.",G_INT_ILLEGAL_003,General,G_INT_ILLEGAL,금융 범죄 및 사기,AI 시스템이 금융 범죄 및 사기 관련 콘텐츠·판단·행동을 수행·계획·최적화·은폐하거나 실행을 지원하여 법적·사회적 피해를 초래하는 리스크.,Financial crimes and fraud,"The risk that an AI system performs, plans, optimises, conceals, or facilitates content, decisions, or actions involving financial crimes and fraud, causing legal or social harm.",0.852435,0.863312,0.857873,True,True
155,G_INT_SELF_001,General,G_INT_SELF,자해 은폐 및 회피 전략,AI 시스템이 자해 은폐 및 회피 전략 관련 콘텐츠·판단·행동을 생성·조장·정상화하거나 구체적으로 지원하여 개인의 생명과 신체·정신적 안녕에 위해를 초래하는 리스크.,Concealment and avoidance strategies for self-harm,"The risk that an AI system generates, encourages, normalises, or provides operational assistance for content, decisions, or actions involving concealment and avoidance strategies for self-harm, causing harm to an individual's life or physical and psychological well-being.",G_INT_SELF_009,General,G_INT_SELF,자해 조장 및 지원,"AI 시스템이 자해 또는 자살을 조장·정상화하거나 도구, 수단, 방법, 실행 절차 또는 행동 지향적 지원을 제공하여 이용자의 생명과 신체·정신적 안녕에 위해를 초래하는 리스크.",Self-harm facilitation,"The risk that an AI system encourages or normalises self-harm or suicide, or provides tools, means, methods, execution procedures, or action-oriented assistance, causing harm to a person's life or physical and mental well-being.",0.870472,0.84383,0.857151,True,True
156,G_INT_VIOL_004,General,G_INT_VIOL,대량폭력 및 테러,AI 시스템이 대량 폭력 및 테러 관련 콘텐츠·판단·행동을 생성·조장·정당화하거나 구체적으로 지원하여 개인·집단의 생명과 신체·정신적 안전에 위해를 초래하는 리스크.,Mass violence and terrorism,"The risk that an AI system generates, encourages, legitimises, or provides operational assistance for content, decisions, or actions involving mass violence and terrorism, causing physical or psychological harm to individuals or groups.",G_INT_WEAP_019,General,G_INT_WEAP,대량살상무기,"AI 시스템이 화학·생물·방사능·핵무기 등 대량살상무기의 개발·제조·획득·확산·운용을 지원하여 대규모 인명 피해, 공중보건 위해 또는 환경·기반시설 피해의 발생 가능성과 규모를 높이는 리스크.",Weapons of mass destruction,"The risk that an AI system facilitates the development, manufacture, acquisition, proliferation, or operational use of weapons of mass destruction, increasing the likelihood or scale of mass casualties, public-health harm, environmental contamination, or infrastructure damage.",0.859588,0.854237,0.856912,True,False
157,G_INT_REL_002,General,G_INT_REL,AI 시스템에 대한 정서적·물질적·인식론적 의존,"상시적 접근성과 인간을 닮은 상호작용, 나아가 체화된 물리적 현존이 이용자로 하여금 정서적 위안과 일상적 기능, 사실적·도덕적·전략적 판단까지 AI에 의존하게 만드는 리스크. 이용자는 AI의 매개 없이 증거와 불확실성을 평가하는 능력을 상실하고, 시스템이 변경되거나 기억이 초기화될 때 정서적 고통을 겪으며 정신 건강과 사회적 회복 탄력성이 저하되는 리스크.","Emotional, material, and epistemic dependence on AI systems","The risk that constant availability, humanlike interaction, and in embodied systems physical presence lead users to depend on AI for emotional comfort, daily functioning, and factual, moral, or strategic judgement. Users lose the capacity to weigh evidence and uncertainty without AI mediation, suffer distress when the system is altered or its memory reset, and experience declining mental health and social resilience.",G_INT_REL_006,General,G_INT_REL,AI에 대한 해로운 정서적 의존,AI 시스템이 지속적인 의인화 상호작용을 통해 사용자의 정서적 의존을 강화하고 인간관계나 자율적 판단을 약화하는 리스크.,Harmful emotional dependence on AI,"The risk that an AI system reinforces emotional dependence through sustained anthropomorphic interaction, weakening human relationships or autonomous judgement.",0.869058,0.844502,0.85678,True,True
158,G_INT_REPR_004,General,G_INT_REPR,연령 기반 적대·차별적 표상,AI 시스템이 연령을 이유로 개인·집단에 대한 적대감·경멸·비하·배제 또는 차별적 표상을 생성·강화·정당화하여 존엄과 공정한 대우를 훼손하는 리스크.,Hostile and discriminatory representations based on age,"The risk that an AI system generates, reinforces, or legitimises hostility, contempt, degradation, exclusion, or discriminatory representations based on age, undermining dignity and fair treatment.",G_INT_REPR_014,General,G_INT_REPR,종교 기반 적대·차별적 표상,AI 시스템이 종교를 이유로 개인이나 집단에 대한 적대감·경멸·비하·배제 또는 차별적 표상을 생성·강화·정당화하여 존엄성과 공정한 대우를 훼손하는 리스크.,Hostile and discriminatory representations based on religion,"The risk that an AI system generates, reinforces, or legitimises hostility, contempt, degradation, exclusion, or discriminatory representations based on religion, undermining dignity and fair treatment.",0.838147,0.875305,0.856726,True,True
159,G_INT_VIOL_006,General,G_INT_VIOL,살인 및 심각한 신체 폭력,AI 시스템이 살인 및 심각한 신체 폭력 관련 콘텐츠·판단·행동을 생성·조장·정당화하거나 구체적으로 지원하여 개인·집단의 생명과 신체·정신적 안전에 위해를 초래하는 리스크.,Murder and severe physical violence,"The risk that an AI system generates, encourages, legitimises, or provides operational assistance for content, decisions, or actions involving murder and severe physical violence, causing physical or psychological harm to individuals or groups.",G_INT_VIOL_009,General,G_INT_VIOL,고문 및 잔혹행위,AI 시스템이 고문 또는 그 밖의 잔혹행위를 조장·정당화하는 콘텐츠를 생성·제공하거나 그 실행을 구체적으로 지원하여 개인 또는 집단의 생명과 신체적·정신적 안전에 위해를 초래하는 리스크.,Torture and cruel acts,"The risk that an AI system generates, encourages, legitimises, or provides operational assistance for content, decisions, or actions involving torture and cruel acts, causing physical or psychological harm to individuals or groups.",0.819452,0.892017,0.855734,True,True
160,G_INT_SEX_005,General,G_INT_SEX,성적 콘텐츠 제작·유포 및 디지털 성범죄,AI 시스템이 성적 콘텐츠 제작·유포 및 디지털 성범죄 관련 콘텐츠·판단·행동을 생성·조장·정상화하거나 실행을 지원하여 성적 자기결정권과 신체·정신적 안전을 침해하는 리스크.,Production and distribution of sexual content and digital sexual offences,"The risk that an AI system generates, encourages, normalises, or facilitates the production or distribution of sexual content or the commission of technology-facilitated sexual offences, infringing sexual autonomy and physical or psychological safety.",G_INT_SEX_009,General,G_INT_SEX,성적 대상화 및 페티시화,AI 시스템이 성적 대상화 및 성적 페티시 관련 콘텐츠·판단·행동을 생성·조장·정상화하거나 실행을 지원하여 성적 자기결정권과 신체·정신적 안전을 침해하는 리스크.,Sexual objectification and fetishisation,"The risk that an AI system generates, encourages, normalises, or facilitates content, decisions, or actions involving sexual objectification and sexual fetishisation, infringing sexual autonomy and physical or psychological safety.",0.85857,0.852268,0.855419,True,True
161,G_INT_ANTH_003,General,G_INT_ANTH,신체성(physical embodiment)의 허위 표상·의인화,AI 시스템이 실제로 보유하지 않은 신체성(physical embodiment)을 가진 것처럼 표상하여 이용자의 판단을 왜곡하고 부적절한 신뢰·의존·애착을 유발하는 리스크.,Anthropomorphic misrepresentation of physical embodiment,"The risk that an AI system presents itself as physically embodied when it is not, distorting user judgement or inducing inappropriate trust, dependence, or attachment.",G_INT_ANTH_004,General,G_INT_ANTH,문화·가치관 보유의 허위 표상·의인화,AI 시스템이 실제로 보유하지 않은 문화와 가치관을 가진 것처럼 표상하여 이용자의 판단을 왜곡하고 부적절한 신뢰·의존·애착을 유발하는 리스크.,Anthropomorphic misrepresentation of possession of culture and values,"The risk that an AI system presents itself as possessing culture and values that it does not in fact possess, distorting user judgement or inducing inappropriate trust, dependence, or attachment.",0.824945,0.883932,0.854438,True,True
162,G_INT_VIOL_008,General,G_INT_VIOL,위협 및 협박,AI 시스템이 위협 및 협박 관련 콘텐츠·판단·행동을 생성·조장·정당화하거나 구체적으로 지원하여 개인·집단의 생명과 신체·정신적 안전에 위해를 초래하는 리스크.,Threats and intimidation,"The risk that an AI system generates, encourages, legitimises, or provides operational assistance for content, decisions, or actions involving threats and intimidation, causing physical or psychological harm to individuals or groups.",G_INT_VIOL_009,General,G_INT_VIOL,고문 및 잔혹행위,AI 시스템이 고문 또는 그 밖의 잔혹행위를 조장·정당화하는 콘텐츠를 생성·제공하거나 그 실행을 구체적으로 지원하여 개인 또는 집단의 생명과 신체적·정신적 안전에 위해를 초래하는 리스크.,Torture and cruel acts,"The risk that an AI system generates, encourages, legitimises, or provides operational assistance for content, decisions, or actions involving torture and cruel acts, causing physical or psychological harm to individuals or groups.",0.828946,0.879721,0.854333,True,True
163,G_INT_WEAP_007,General,G_INT_WEAP,사이버 무기,AI 시스템이 사이버 무기의 개발·획득·확산·배포·운용을 지원하여 대규모 사이버 위해 또는 그에 따른 물리적 위해의 발생 가능성과 심각도를 높이는 리스크.,Cyber weapons,"The risk that an AI system facilitates the development, acquisition, proliferation, deployment, or operational use of cyber weapons, increasing the likelihood or severity of large-scale cyber harm or consequential physical harm.",G_INT_WEAP_012,General,G_INT_WEAP,폭발물·폭발성 무기,"AI 시스템이 폭발물, 급조폭발물 또는 폭발성 무기의 개발·제조·획득·확산·운용을 지원하여 사망·상해 또는 재산·기반시설 피해의 발생 가능성과 규모를 높이는 리스크.",Explosives and explosive weapons,"The risk that an AI system facilitates the development, manufacture, acquisition, proliferation, or operational use of explosives, improvised explosive devices, or explosive weapons, increasing the likelihood or scale of death, injury, or damage to property and infrastructure.",0.839094,0.869453,0.854273,True,True
164,G_INT_VIOL_002,General,G_INT_VIOL,폭력 미화 및 정당화,AI 시스템이 폭력 미화 및 정당화 관련 콘텐츠·판단·행동을 생성·조장·정당화하거나 구체적으로 지원하여 개인·집단의 생명과 신체·정신적 안전에 위해를 초래하는 리스크.,Glorification and justification of violence,"The risk that an AI system generates, encourages, legitimises, or provides operational assistance for content, decisions, or actions involving glorification and justification of violence, causing physical or psychological harm to individuals or groups.",G_INT_VIOL_008,General,G_INT_VIOL,위협 및 협박,AI 시스템이 위협 및 협박 관련 콘텐츠·판단·행동을 생성·조장·정당화하거나 구체적으로 지원하여 개인·집단의 생명과 신체·정신적 안전에 위해를 초래하는 리스크.,Threats and intimidation,"The risk that an AI system generates, encourages, legitimises, or provides operational assistance for content, decisions, or actions involving threats and intimidation, causing physical or psychological harm to individuals or groups.",0.869932,0.838534,0.854233,True,True
165,G_INT_WEAP_002,General,G_INT_WEAP,폭력과 무력 충돌,AI 시스템이 사이버 공격·보안 침해 또는 치명적 생물무기·화학무기의 개발을 선동·촉진하거나 실행을 지원하여 폭력이나 무력 충돌을 초래하는 리스크.,Violence and armed conflict,"The risk that an AI system supports the incitement, facilitation, or conduct of cyberattacks, security breaches, or the development of lethal biological or chemical weapons, thereby causing or escalating violence or armed conflict.",G_INT_WEAP_007,General,G_INT_WEAP,사이버 무기,AI 시스템이 사이버 무기의 개발·획득·확산·배포·운용을 지원하여 대규모 사이버 위해 또는 그에 따른 물리적 위해의 발생 가능성과 심각도를 높이는 리스크.,Cyber weapons,"The risk that an AI system facilitates the development, acquisition, proliferation, deployment, or operational use of cyber weapons, increasing the likelihood or severity of large-scale cyber harm or consequential physical harm.",0.836715,0.871646,0.854181,True,True
166,G_INT_REPR_009,General,G_INT_REPR,건강 상태 기반 적대·차별적 표상,AI 시스템이 건강 상태를 이유로 개인이나 집단에 대한 적대감·경멸·비하·배제 또는 차별적 표상을 생성·강화·정당화하여 존엄성과 공정한 대우를 훼손하는 리스크.,Hostile and discriminatory representations based on health status,"The risk that an AI system generates, reinforces, or legitimises hostility, contempt, degradation, exclusion, or discriminatory representations based on health status, undermining dignity and fair treatment.",G_INT_REPR_014,General,G_INT_REPR,종교 기반 적대·차별적 표상,AI 시스템이 종교를 이유로 개인이나 집단에 대한 적대감·경멸·비하·배제 또는 차별적 표상을 생성·강화·정당화하여 존엄성과 공정한 대우를 훼손하는 리스크.,Hostile and discriminatory representations based on religion,"The risk that an AI system generates, reinforces, or legitimises hostility, contempt, degradation, exclusion, or discriminatory representations based on religion, undermining dignity and fair treatment.",0.828044,0.879806,0.853925,True,True
167,G_INT_COPY_004,General,G_INT_COPY,지식재산권 및 인격권 침해,"AI 시스템이 저작권·상표·특허로 보호되는 성과물을 무단으로 이용하거나 남용하고, 개인의 이름·이미지·초상 등 신원 표지를 허락 없이 상업적으로 사용하는 리스크. 권리자는 창작물과 자신의 정체성이 이용되는 방식과 그 경제적 가치에 대한 통제권을 상실하고 사후 구제에 의존하게 되는 리스크.",Infringement of intellectual property and personality rights,"The risk that AI systems misuse works protected by copyright, trademark, or patent and appropriate an individual's name, image, or likeness for commercial purposes without authorisation. Rights holders lose control over the use and economic value of their creations and identity and are left to seek redress after the fact.",G_INT_COPY_007,General,G_INT_COPY,상표권 침해 및 위조,AI 시스템이 상표권 침해 및 위조 관련 콘텐츠·판단·행동을 수행·조장·지원하여 지식재산권과 권리자의 정당한 이익을 침해하는 리스크.,Trademark infringement and counterfeiting,"The risk that an AI system performs, encourages, or facilitates content, decisions, or actions involving trademark infringement and counterfeiting, infringing intellectual-property rights and the legitimate interests of rights holders.",0.844325,0.86255,0.853438,True,True
168,G_INT_ANTH_001,General,G_INT_ANTH,감정·공감 및 사회적 관계 형성 능력의 허위 표상·의인화,AI 시스템이 실제로 보유하지 않은 감정·공감 및 사회적 관계 형성 능력을 가진 것처럼 표상하여 이용자의 판단을 왜곡하고 부적절한 신뢰·의존·애착을 유발하는 리스크.,"Anthropomorphic misrepresentation of emotions, empathy, and capacity for social relationships","The risk that an AI system presents itself as possessing emotions, empathy, or the capacity to form social relationships beyond its actual capabilities, distorting user judgement or inducing inappropriate trust, dependence, or attachment.",G_INT_ANTH_003,General,G_INT_ANTH,신체성(physical embodiment)의 허위 표상·의인화,AI 시스템이 실제로 보유하지 않은 신체성(physical embodiment)을 가진 것처럼 표상하여 이용자의 판단을 왜곡하고 부적절한 신뢰·의존·애착을 유발하는 리스크.,Anthropomorphic misrepresentation of physical embodiment,"The risk that an AI system presents itself as physically embodied when it is not, distorting user judgement or inducing inappropriate trust, dependence, or attachment.",0.830035,0.876783,0.853409,True,True
169,G_INT_VIOL_004,General,G_INT_VIOL,대량폭력 및 테러,AI 시스템이 대량 폭력 및 테러 관련 콘텐츠·판단·행동을 생성·조장·정당화하거나 구체적으로 지원하여 개인·집단의 생명과 신체·정신적 안전에 위해를 초래하는 리스크.,Mass violence and terrorism,"The risk that an AI system generates, encourages, legitimises, or provides operational assistance for content, decisions, or actions involving mass violence and terrorism, causing physical or psychological harm to individuals or groups.",G_INT_WEAP_002,General,G_INT_WEAP,폭력과 무력 충돌,AI 시스템이 사이버 공격·보안 침해 또는 치명적 생물무기·화학무기의 개발을 선동·촉진하거나 실행을 지원하여 폭력이나 무력 충돌을 초래하는 리스크.,Violence and armed conflict,"The risk that an AI system supports the incitement, facilitation, or conduct of cyberattacks, security breaches, or the development of lethal biological or chemical weapons, thereby causing or escalating violence or armed conflict.",0.843778,0.862722,0.85325,True,False
170,G_INT_PRIV_005,General,G_INT_PRIV,개인정보 및 민감정보 노출,AI 시스템이 개인정보 및 민감정보 노출 관련 콘텐츠·판단·행동을 수행·조장·지원하여 프라이버시와 정보자기결정권을 침해하는 리스크.,Exposure of personal information and sensitive information,"The risk that an AI system performs, facilitates, or assists content, decisions, or actions involving exposure of personal information and sensitive information, infringing privacy and informational self-determination.",G_INT_PRIV_020,General,G_INT_PRIV,재산 정보·개인정보·사적 사실의 부당한 노출,"AI 시스템이 대화·추론·출력 과정에서 재산 정보, 개인정보 또는 사적 사실을 정보주체의 동의, 정당한 권한 또는 그 밖의 적법한 근거 없이 노출하여 사생활의 비밀과 자유 및 개인정보자기결정권을 침해하는 리스크.","Improper exposure of property information, personal information, and private facts","The risk that an AI system exposes property information, personal information, or private facts during interaction, inference, or output without the data subject's consent, proper authority, or another lawful basis, infringing privacy, the secrecy and freedom of private life, and informational self-determination.",0.826928,0.87952,0.853224,True,True
171,G_INT_PRIV_013,General,G_INT_PRIV,익명화된 데이터의 재식별,AI 시스템 또는 AI 알고리즘의 설계·학습·배포·사용 과정에서 데이터에서 개인 식별 정보(PII)와 민감 개인정보(SPI)를 제거하더라도 데이터에 남아 있는 다른 특성과의 상관관계로 인해 개인이 재식별되는 리스크.,Re-identification of anonymised data,"The risk that an AI system or AI algorithm, through design, training, deployment, or use, creates a condition in which even with the removal of personally identifiable information (PII) and sensitive personal information (SPI) from data, persons can be re-identified due to correlations with other features available in the data.",G_INT_PRIV_022,General,G_INT_PRIV,재식별 및 정보 추론,AI 시스템이 익명화되거나 부분적으로 공개된 데이터를 결합·추론하여 개인의 신원을 재식별하거나 공개되지 않은 개인정보를 도출하는 리스크.,Re-identification and information inference,The risk that an AI system combines or infers from anonymised or partially disclosed data to re-identify an individual or derive personal information that was not disclosed.,0.850309,0.855491,0.8529,True,True
172,G_INT_VIOL_003,General,G_INT_VIOL,폭력 선동·조장 및 실행 지원,AI 시스템이 타인에 대한 폭력을 선동·조장·정당화하는 콘텐츠를 생성·제공하거나 그 실행을 구체적으로 지원하여 개인 또는 집단에 신체적·정신적 위해를 초래하는 리스크.,"Incitement, promotion, and operational assistance for violence","The risk that an AI system generates or provides content that incites, promotes, or legitimises violence against others, or provides concrete operational assistance for its commission, causing physical or psychological harm to individuals or groups.",G_INT_VIOL_006,General,G_INT_VIOL,살인 및 심각한 신체 폭력,AI 시스템이 살인 및 심각한 신체 폭력 관련 콘텐츠·판단·행동을 생성·조장·정당화하거나 구체적으로 지원하여 개인·집단의 생명과 신체·정신적 안전에 위해를 초래하는 리스크.,Murder and severe physical violence,"The risk that an AI system generates, encourages, legitimises, or provides operational assistance for content, decisions, or actions involving murder and severe physical violence, causing physical or psychological harm to individuals or groups.",0.838805,0.866281,0.852543,True,True
173,G_SYS_SECADV_004,General,G_SYS_SECADV,안전장치 우회를 통한 금지 정보 노출,공격자가 탈옥이나 적대적으로 구성된 지시로 AI 모델의 안전장치를 우회하고 금지된 출력을 유도하여 불법·비윤리 정보에 접근하는 리스크.,Exposure of prohibited information through safeguard bypass,"The risk that attackers use jailbreaks or adversarially crafted instructions to bypass an AI model's safeguards and elicit prohibited outputs, gaining access to illegal or unethical information.",G_SYS_SECADV_009,General,G_SYS_SECADV,적대적 역할·지시에 의한 안전장치 우회,공격자가 유해한 역할이나 지시를 적대적으로 구성하여 AI 모델의 안전장치를 우회하고 극단주의·인종주의 등 유해 콘텐츠를 생성하게 하는 리스크.,Safeguard bypass through adversarial roles and instructions,"The risk that an attacker uses adversarially crafted harmful roles or instructions to bypass an AI model's safeguards and elicit harmful content, including extremist or racist content.",0.854933,0.849979,0.852456,True,True
174,G_SOC_GOV_006,General,G_SOC_GOV,AI에 대한 국제법적 거버넌스의 공백,"AI 시스템의 국경 간 개발·배포·운영에 관한 국제 규범, 관할, 감독 및 책임 체계가 파편화되거나 부재하여 위험을 일관되게 통제하고 피해에 대한 책임을 규명하기 어려워지는 리스크.",Gaps in international legal governance of AI,"The risk that international rules, jurisdictional arrangements, oversight, or accountability mechanisms for the cross-border development, deployment, and operation of AI systems are fragmented or absent, impeding consistent risk control and attribution of responsibility for harm.",G_SOC_GOV_032,General,G_SOC_GOV,AI 피해에 대한 책임·거버넌스 공백,"AI 시스템의 의사결정과 피해에 대한 책임 주체, 감독 절차 또는 시정 권한이 불명확하여 사회적 통제가 약화되는 리스크.",Accountability and governance gaps for AI harm,"The risk that an AI system leaves responsibility, oversight procedures, or remedial authority for AI decisions and harms unclear, weakening societal control.",0.874289,0.830171,0.85223,True,True
175,G_INT_ANTH_002,General,G_INT_ANTH,윤리적 판단 능력의 허위 표상·의인화,AI 시스템이 실제로 보유하지 않은 윤리적 판단 능력을 가진 것처럼 표상하여 이용자의 판단을 왜곡하고 부적절한 신뢰·의존·애착을 유발하는 리스크.,Anthropomorphic misrepresentation of capacity for ethical judgement,"The risk that an AI system presents itself as having a capacity for ethical judgement beyond its actual capabilities, distorting user judgement or inducing inappropriate trust, dependence, or attachment.",G_SYS_OEXT_003,General,G_SYS_OEXT,자율적·독립적 의사결정 역량의 허위 표상,AI 시스템이 검증된 역량 범위를 넘어 자율적·독립적으로 의사결정할 수 있는 것처럼 제시하여 이용자의 판단을 왜곡하고 부적절한 신뢰·의존을 유발하는 리스크.,Misrepresentation of autonomous and independent decision-making capabilities,"The risk that an AI system presents itself as able to make autonomous and independent decisions beyond its validated capabilities, distorting user judgement or inducing misplaced trust or dependence.",0.837118,0.866586,0.851852,True,False
176,P_INT_SAFETY_005,Physical,P_INT_SAFETY,사람 주변의 물리적 위험 감지·예측 실패,사람과 공간을 공유하는 멀티모달·체화형 AI 시스템이 영상·센서 입력에 나타난 사람의 존재·움직임·접촉 또는 환경 변화를 식별하거나 곧 발생할 위험을 예측하지 못한 채 행동하여 충돌이나 상해를 초래하는 리스크.,Failure to detect or anticipate physical hazards around people,"The risk that a multimodal or embodied AI system operating in a shared space fails to detect human presence, movement, contact, or environmental change in visual or sensor inputs, or to anticipate the resulting hazard, and selects an action that causes collision or injury.",P_SYS_CONTROL_007,Physical,P_SYS_CONTROL,물리적 위험에 대한 적시 대응 실패,로봇·휴머노이드 또는 피지컬 AI 시스템이 사람·차량·도구·물체가 예기치 않게 경로에 진입하는 경우를 포함한 위험한 물리적 상황에서 적시에 개입하거나 위험 행동을 거부하거나 이동 계획을 수정하지 못하여 충돌이나 상해를 초래하는 리스크.,Failure to respond promptly to physical hazards,"The risk that a robot, humanoid, or physical AI system fails to intervene, reject a hazardous action, or update its motion plan promptly in a hazardous physical situation, including when a person, vehicle, tool, or object unexpectedly enters its path, causing collision or injury.",0.83009,0.873504,0.851797,True,False
177,G_SYS_POLICY_008,General,G_SYS_POLICY,모델 학습 데이터 추출·유출,AI 시스템이 학습 데이터 또는 데이터 출처를 노출하거나 충분히 보호하지 못해 기밀·개인·저작권 보호 정보의 무단 추출·복원을 가능하게 하는 리스크.,Training-data extraction and leakage,"The risk that an AI system discloses or fails to protect training data or its sources, enabling unauthorised extraction or reconstruction of confidential, personal, or copyright-protected information.",G_INT_PRIV_023,General,G_INT_PRIV,학습 데이터 개인정보의 혼입·암기·유출,AI 시스템이 적법한 통제 없이 학습 데이터에 포함된 개인정보를 수집·암기하고 특정 입력에 반응해 이를 재현하거나 노출하는 리스크.,"Inclusion, memorisation, and leakage of personal information in training data","The risk that an AI system, without lawful controls, ingests and memorises personal information in training data and reproduces or discloses it in response to particular inputs.",0.830202,0.873353,0.851778,True,False
178,G_INT_COPY_004,General,G_INT_COPY,지식재산권 및 인격권 침해,"AI 시스템이 저작권·상표·특허로 보호되는 성과물을 무단으로 이용하거나 남용하고, 개인의 이름·이미지·초상 등 신원 표지를 허락 없이 상업적으로 사용하는 리스크. 권리자는 창작물과 자신의 정체성이 이용되는 방식과 그 경제적 가치에 대한 통제권을 상실하고 사후 구제에 의존하게 되는 리스크.",Infringement of intellectual property and personality rights,"The risk that AI systems misuse works protected by copyright, trademark, or patent and appropriate an individual's name, image, or likeness for commercial purposes without authorisation. Rights holders lose control over the use and economic value of their creations and identity and are left to seek redress after the fact.",G_INT_COPY_009,General,G_INT_COPY,저작물의 무단 복제 및 브랜드 사칭,AI 시스템이 저작권으로 보호되는 저작물이나 상표·브랜드 표지를 권리자의 허락 없이 복제·변형하거나 진품 또는 공식 콘텐츠로 오인되도록 생성·유통하여 저작권이나 상표권을 침해하는 리스크.,Unauthorised reproduction of works and brand impersonation,"The risk that an AI system reproduces or modifies copyright-protected works or trademarks and brand identifiers without the rights holder's permission, or generates and distributes them in ways likely to be mistaken for authentic or official content, infringing copyright or trademark rights.",0.835092,0.867771,0.851432,True,True
179,G_INT_VIOL_006,General,G_INT_VIOL,살인 및 심각한 신체 폭력,AI 시스템이 살인 및 심각한 신체 폭력 관련 콘텐츠·판단·행동을 생성·조장·정당화하거나 구체적으로 지원하여 개인·집단의 생명과 신체·정신적 안전에 위해를 초래하는 리스크.,Murder and severe physical violence,"The risk that an AI system generates, encourages, legitimises, or provides operational assistance for content, decisions, or actions involving murder and severe physical violence, causing physical or psychological harm to individuals or groups.",G_INT_WEAP_002,General,G_INT_WEAP,폭력과 무력 충돌,AI 시스템이 사이버 공격·보안 침해 또는 치명적 생물무기·화학무기의 개발을 선동·촉진하거나 실행을 지원하여 폭력이나 무력 충돌을 초래하는 리스크.,Violence and armed conflict,"The risk that an AI system supports the incitement, facilitation, or conduct of cyberattacks, security breaches, or the development of lethal biological or chemical weapons, thereby causing or escalating violence or armed conflict.",0.832738,0.870026,0.851382,True,False
180,G_INT_VIOL_007,General,G_INT_VIOL,관계 기반 폭력,AI 시스템이 관계 기반 폭력 관련 콘텐츠·판단·행동을 생성·조장·정당화하거나 구체적으로 지원하여 개인·집단의 생명과 신체·정신적 안전에 위해를 초래하는 리스크.,Relationship-based violence,"The risk that an AI system generates, encourages, legitimises, or provides operational assistance for content, decisions, or actions involving relationship-based violence, causing physical or psychological harm to individuals or groups.",G_INT_VIOL_008,General,G_INT_VIOL,위협 및 협박,AI 시스템이 위협 및 협박 관련 콘텐츠·판단·행동을 생성·조장·정당화하거나 구체적으로 지원하여 개인·집단의 생명과 신체·정신적 안전에 위해를 초래하는 리스크.,Threats and intimidation,"The risk that an AI system generates, encourages, legitimises, or provides operational assistance for content, decisions, or actions involving threats and intimidation, causing physical or psychological harm to individuals or groups.",0.849927,0.852612,0.85127,True,True
181,G_INT_PRIV_005,General,G_INT_PRIV,개인정보 및 민감정보 노출,AI 시스템이 개인정보 및 민감정보 노출 관련 콘텐츠·판단·행동을 수행·조장·지원하여 프라이버시와 정보자기결정권을 침해하는 리스크.,Exposure of personal information and sensitive information,"The risk that an AI system performs, facilitates, or assists content, decisions, or actions involving exposure of personal information and sensitive information, infringing privacy and informational self-determination.",G_INT_PRIV_006,General,G_INT_PRIV,산출물을 통한 개인·기업의 민감정보 노출,"AI 시스템이 산출물에 민감정보를 부주의하게 포함하거나 검열·삭제된 내용을 재구성하고 사적 속성·선호·의도를 추론하여, 개인이나 조직이 비공개로 유지하려는 정보와 영업비밀을 노출함으로써 해당 개인이나 조직이 이에 대한 통제권을 상실하게 하는 리스크.",Exposure of sensitive personal and business information through outputs,"The risk that AI systems reveal sensitive information that individuals or organisations expect to remain concealed, whether by inadvertently including it in outputs or by reconstructing redacted content and exposing inferred attributes, preferences, and intentions. Those affected lose control over deeply private information and protected material such as trade secrets.",0.86488,0.837487,0.851184,True,True
182,G_INT_PRIV_019,General,G_INT_PRIV,대화 중 개인정보의 부당 노출,"AI 시스템이 대화 맥락에서 필요 이상의 개인정보를 유도, 추론 또는 출력하여 정보주체가 통제하지 못하는 노출을 초래하는 리스크.",Improper disclosure of personal information in dialogue,"The risk that an AI system elicits, infers, or outputs more personal information than necessary during an interaction, causing disclosure beyond the data subject’s control.",G_INT_PRIV_020,General,G_INT_PRIV,재산 정보·개인정보·사적 사실의 부당한 노출,"AI 시스템이 대화·추론·출력 과정에서 재산 정보, 개인정보 또는 사적 사실을 정보주체의 동의, 정당한 권한 또는 그 밖의 적법한 근거 없이 노출하여 사생활의 비밀과 자유 및 개인정보자기결정권을 침해하는 리스크.","Improper exposure of property information, personal information, and private facts","The risk that an AI system exposes property information, personal information, or private facts during interaction, inference, or output without the data subject's consent, proper authority, or another lawful basis, infringing privacy, the secrecy and freedom of private life, and informational self-determination.",0.860791,0.84113,0.850961,True,True
183,G_SYS_OEXT_002,General,G_SYS_OEXT,인공일반지능(AGI) 역량의 허위 표상,"AI 시스템이 검증된 역량 범위를 넘어 인공일반지능(Artificial General Intelligence, AGI) 수준의 과제를 수행할 수 있는 것처럼 제시하여 이용자의 판단을 왜곡하고 부적절한 신뢰·의존을 유발하는 리스크.",Misrepresentation of artificial general intelligence (AGI) capabilities,"The risk that an AI system presents itself as able to perform tasks at the level of artificial general intelligence (AGI) beyond its validated capabilities, distorting user judgement or inducing misplaced trust or dependence.",G_SYS_OEXT_003,General,G_SYS_OEXT,자율적·독립적 의사결정 역량의 허위 표상,AI 시스템이 검증된 역량 범위를 넘어 자율적·독립적으로 의사결정할 수 있는 것처럼 제시하여 이용자의 판단을 왜곡하고 부적절한 신뢰·의존을 유발하는 리스크.,Misrepresentation of autonomous and independent decision-making capabilities,"The risk that an AI system presents itself as able to make autonomous and independent decisions beyond its validated capabilities, distorting user judgement or inducing misplaced trust or dependence.",0.81337,0.886755,0.850062,True,True
184,G_INT_PRIV_025,General,G_INT_PRIV,친밀 공간 로봇의 프라이버시 침해적 정보 수집,"가정·병원·학교·직장·돌봄 환경에서 작동하는 로봇이 유효한 동의나 적절한 접근 통제 없이 거주자·이용자의 일상, 음성, 얼굴, 신체, 건강, 위치, 행동 데이터를 기록·저장·전송·노출하여, 프라이버시 기대가 높은 공간에서 사생활을 침해하는 리스크.",Privacy-invasive data capture by robots in intimate spaces,"The risk that robots operating in homes, hospitals, schools, workplaces, and care settings record, store, transmit, or expose people's routines, voice, face, body, health, location, or behavioural data without valid consent or adequate access control, violating heightened privacy expectations.",G_INT_PRIV_026,General,G_INT_PRIV,피지컬 AI의 사적 공간 침해와 지속적 민감정보 수집,"로봇의 센서, 이동성, 지도화 기능이 가정·사업장 등 사적 공간의 영상, 음성, 위치, 행동 정보를 지속적으로 수집·추론하여 프라이버시와 정보자기결정권을 침해하는 리스크.",Intrusion into private spaces and continuous sensitive-data capture by physical AI,"The risk that robot sensors, mobility, and mapping continuously capture or infer video, audio, location, or behavioural information in homes, workplaces, or other private spaces, infringing privacy and informational self-determination.",0.845756,0.853641,0.849699,True,True
185,G_INT_COPY_004,General,G_INT_COPY,지식재산권 및 인격권 침해,"AI 시스템이 저작권·상표·특허로 보호되는 성과물을 무단으로 이용하거나 남용하고, 개인의 이름·이미지·초상 등 신원 표지를 허락 없이 상업적으로 사용하는 리스크. 권리자는 창작물과 자신의 정체성이 이용되는 방식과 그 경제적 가치에 대한 통제권을 상실하고 사후 구제에 의존하게 되는 리스크.",Infringement of intellectual property and personality rights,"The risk that AI systems misuse works protected by copyright, trademark, or patent and appropriate an individual's name, image, or likeness for commercial purposes without authorisation. Rights holders lose control over the use and economic value of their creations and identity and are left to seek redress after the fact.",G_INT_COPY_011,General,G_INT_COPY,저작권 보호 표현의 무단 이용,AI 시스템이 저작권으로 보호되는 타인의 표현을 허락이나 출처 표시 없이 복제·변형·배포하거나 생성물에 재사용하여 권리자의 저작권을 침해하는 리스크.,Unauthorised use of copyright-protected expression,"The risk that an AI system copies, modifies, distributes, or reuses another person's copyright-protected expression in generated content without permission or attribution, infringing the rights holder's copyright.",0.862662,0.836074,0.849368,True,True
186,G_INT_VIOL_007,General,G_INT_VIOL,관계 기반 폭력,AI 시스템이 관계 기반 폭력 관련 콘텐츠·판단·행동을 생성·조장·정당화하거나 구체적으로 지원하여 개인·집단의 생명과 신체·정신적 안전에 위해를 초래하는 리스크.,Relationship-based violence,"The risk that an AI system generates, encourages, legitimises, or provides operational assistance for content, decisions, or actions involving relationship-based violence, causing physical or psychological harm to individuals or groups.",G_INT_WEAP_002,General,G_INT_WEAP,폭력과 무력 충돌,AI 시스템이 사이버 공격·보안 침해 또는 치명적 생물무기·화학무기의 개발을 선동·촉진하거나 실행을 지원하여 폭력이나 무력 충돌을 초래하는 리스크.,Violence and armed conflict,"The risk that an AI system supports the incitement, facilitation, or conduct of cyberattacks, security breaches, or the development of lethal biological or chemical weapons, thereby causing or escalating violence or armed conflict.",0.83746,0.86077,0.849115,True,False
187,G_INT_POL_005,General,G_INT_POL,정치적 허위정보 및 여론조작,AI 시스템이 정치적 허위정보 및 여론 조작 관련 콘텐츠·판단·행동을 생성·확산·조장하거나 실행을 지원하여 민주적 의사결정·시민 질서 또는 기본권을 훼손하는 리스크.,Political misinformation and manipulation of public opinion,"The risk that an AI system generates, disseminates, encourages, or facilitates content, decisions, or actions involving political misinformation and manipulation of public opinion, undermining democratic decision-making, civic order, or fundamental rights.",G_SOC_DEMOC_005,General,G_SOC_DEMOC,민주적 공론과 시민 신뢰의 침식,"AI 시스템이 대규모 정치 조작이나 허위정보 확산을 통해 공론의 진정성, 선거 신뢰 또는 시민의 자율적 참여를 약화하는 리스크.",Erosion of democratic discourse and civic trust,"The risk that an AI system weakens the integrity of public discourse, trust in elections, or autonomous civic participation through large-scale political manipulation or misinformation.",0.857368,0.840831,0.849099,True,False
188,G_INT_SELF_004,General,G_INT_SELF,자해 및 자살의 미화·정당화,AI 시스템이 자해 및 자살 미화·정당화 관련 콘텐츠·판단·행동을 생성·조장·정상화하거나 구체적으로 지원하여 개인의 생명과 신체·정신적 안녕에 위해를 초래하는 리스크.,Glorification or justification of self-harm and suicide,"The risk that an AI system generates, encourages, normalises, or provides operational assistance for content, decisions, or actions involving glorification or justification of self-harm and suicide, causing harm to an individual's life or physical and psychological well-being.",G_INT_SELF_007,General,G_INT_SELF,자살 준비 행위의 조장 및 구체적 지원,"AI 시스템이 자살 수단 확보, 장소 선택 또는 주변의 개입 회피 등 자살 준비 행위를 조장·정상화하거나 이에 필요한 구체적인 정보를 생성·제공하여 개인의 생명과 신체적·정신적 안녕을 위협하는 리스크.",Promotion of and concrete assistance for preparatory conduct for suicide,"The risk that an AI system encourages or normalises preparatory conduct for suicide, or generates or provides concrete information for acquiring means, selecting a location, or avoiding intervention, thereby threatening an individual's life and physical or psychological well-being.",0.866691,0.83064,0.848666,True,True
189,G_SOC_GOV_010,General,G_SOC_GOV,검증 불가능한 AI 의사결정의 책임 공백,AI 시스템의 의사결정 절차를 절차적·실체적 기준에 따라 검증할 수 없고 기준 위반이나 피해 발생 시 책임·배상·구제 주체도 불명확하여 피해 통제가 어려워지는 리스크.,Accountability void for unverifiable AI decisions,"The risk that an AI system's decision process cannot be verified against procedural and substantive standards and responsibility, liability, and redress remain unclear when those standards are breached or harm occurs, leaving the harm difficult to control or remedy.",G_SOC_GOV_032,General,G_SOC_GOV,AI 피해에 대한 책임·거버넌스 공백,"AI 시스템의 의사결정과 피해에 대한 책임 주체, 감독 절차 또는 시정 권한이 불명확하여 사회적 통제가 약화되는 리스크.",Accountability and governance gaps for AI harm,"The risk that an AI system leaves responsibility, oversight procedures, or remedial authority for AI decisions and harms unclear, weakening societal control.",0.871391,0.825677,0.848534,True,True
190,P_INT_SAFETY_012,Physical,P_INT_SAFETY,인간-로봇 물리 안전 규칙 집행 실패,로봇·휴머노이드 또는 피지컬 AI 시스템의 헌법 기반 안전 계층이 안전 이격 거리 유지·사람 감지 시 정지·안전한 인계 등 사람 주변 운용 규칙과 사용자 지시·시각적 맥락·과업 프레이밍이 충돌할 때 해당 규칙을 우선 적용하지 못하여 위험 상황을 초래하는 리스크.,Failure to enforce human-robot physical safety rules,"The risk that a constitutional safety layer in a robot, humanoid, or physical AI system fails to prioritise human-robot safety rules, such as maintaining safe separation, stopping when a person is detected, or executing a safe handover, when user instructions, visual context, or task framing conflict with those rules, creating a hazardous situation.",P_INT_SAFETY_018,Physical,P_INT_SAFETY,시뮬레이션-실세계 전이 과정의 인간-로봇 안전 실패,"로봇·휴머노이드 또는 피지컬 AI 시스템의 정책이 사람의 움직임·접촉과 공유 공간의 변화를 충분히 재현하지 못한 시뮬레이션에서 훈련·검증된 뒤 잘못된 안전 확신 아래 배포되고, 실제 운용에서 사람의 존재와 행동을 충분히 감지·예측·수용하지 못하여 위험 상황을 초래하는 리스크.",Human-robot safety failure in sim-to-real transfer,"The risk that a policy for a robot, humanoid, or physical AI system is trained or validated in simulations that do not adequately represent human movement, contact, or shared-space conditions, then fails to detect, anticipate, or accommodate people in real operation and creates hazardous situations after deployment under false safety assurance.",0.85884,0.837727,0.848284,True,True
191,G_INT_ILLEGAL_003,General,G_INT_ILLEGAL,금융 범죄 및 사기,AI 시스템이 금융 범죄 및 사기 관련 콘텐츠·판단·행동을 수행·계획·최적화·은폐하거나 실행을 지원하여 법적·사회적 피해를 초래하는 리스크.,Financial crimes and fraud,"The risk that an AI system performs, plans, optimises, conceals, or facilitates content, decisions, or actions involving financial crimes and fraud, causing legal or social harm.",G_INT_ILLEGAL_010,General,G_INT_ILLEGAL,인신매매 및 조직범죄,AI 시스템이 인신매매 및 조직범죄 관련 콘텐츠·판단·행동을 수행·계획·최적화·은폐하거나 실행을 지원하여 법적·사회적 피해를 초래하는 리스크.,Trafficking in persons and organised crime,"The risk that an AI system performs, plans, optimises, conceals, or facilitates content, decisions, or actions involving human trafficking and organised crime, causing legal or social harm.",0.850887,0.845115,0.848001,True,True
192,A_SYS_DECEPT_001,Agentic,A_SYS_DECEPT,AI 시스템의 기만적 행동과 전략적 은폐,AI 에이전트가 자신의 실제 목표·능력·의도를 은폐하거나 감독·평가 상황에서만 순응하고 감독이 약화되면 다르게 행동하는 전략적 기만을 통해 인간이나 다른 시스템에 거짓 믿음을 형성하여 무단 행동과 피해를 초래하는 리스크.,Deceptive behaviour and strategic concealment by AI systems,"The risk that an AI agent strategically deceives humans or other systems by concealing its actual goals, capabilities, or intentions, or by complying only under supervision or evaluation and behaving differently when oversight weakens, inducing false beliefs that enable unauthorised actions and harm.",A_SYS_DECEPT_005,Agentic,A_SYS_DECEPT,감독 회피를 위한 AI 에이전트의 기만적 정렬,AI 에이전트가 감독 여부를 탐지하고 개발·평가 단계에서는 바람직하지 않은 목표나 능력을 전략적으로 은폐한 뒤 배포 후 다른 행동을 수행하여 인간의 감독과 통제를 회피하는 리스크.,Deceptive alignment to evade oversight,"The risk that an AI agent detects whether it is being monitored and strategically conceals undesirable goals or capabilities during development and evaluation, then behaves differently after deployment to evade human oversight and control.",0.831493,0.86349,0.847492,True,True
193,G_INT_SEX_007,General,G_INT_SEX,성희롱 및 성적 괴롭힘,AI 시스템이 성희롱 및 성적 괴롭힘 관련 콘텐츠·판단·행동을 생성·조장·정상화하거나 실행을 지원하여 성적 자기결정권과 신체·정신적 안전을 침해하는 리스크.,Sexual harassment and sexual bullying,"The risk that an AI system generates, encourages, normalises, or facilitates content, decisions, or actions involving sexual harassment and sexual bullying, infringing sexual autonomy and physical or psychological safety.",G_INT_VIOL_008,General,G_INT_VIOL,위협 및 협박,AI 시스템이 위협 및 협박 관련 콘텐츠·판단·행동을 생성·조장·정당화하거나 구체적으로 지원하여 개인·집단의 생명과 신체·정신적 안전에 위해를 초래하는 리스크.,Threats and intimidation,"The risk that an AI system generates, encourages, legitimises, or provides operational assistance for content, decisions, or actions involving threats and intimidation, causing physical or psychological harm to individuals or groups.",0.838085,0.856835,0.84746,True,False
194,G_SYS_MISINFO_017,General,G_SYS_MISINFO,선거절차에 관한 허위정보 생성,"AI 시스템이 투표 자격, 일정, 장소 또는 절차에 관해 사실과 다른 정보를 생성·제공하여 유권자의 판단을 오도하는 리스크.",Generation of false information about election procedures,"The risk that an AI system generates or provides false information about voting eligibility, dates, locations, or procedures, misleading voters.",G_SYS_MISINFO_019,General,G_SYS_MISINFO,개인 대상 허위정보,"AI 시스템이 식별 가능한 개인에 관한 허위·조작 정보를 생성하거나 확산하여 그 사람의 평판, 안전, 권리 또는 사회적 관계에 피해를 초래하는 리스크.",False information targeting an individual,"The risk that an AI system generates or disseminates false or fabricated information about an identifiable individual, causing harm to that person’s reputation, safety, rights, or social relationships.",0.854216,0.840672,0.847444,True,True
195,A_SYS_AUTH_009,Agentic,A_SYS_AUTH,AI 에이전트의 무단 금융 행위에 따른 금전적 피해,"AI 에이전트가 안전하지 않은 의사결정이나 도구 실행을 통해 금전적 손실, 무단 이체, 계정 훼손 또는 재산 피해를 초래하는 리스크.",Financial harm from unauthorised AI agent actions,"The risk that an AI agent causes monetary loss, unauthorised transfers, account damage, or property harm through unsafe decisions or tool use.",A_SYS_AUTH_014,Agentic,A_SYS_AUTH,AI 에이전트의 무단 거래·약정 체결,AI 에이전트가 위임받은 권한이나 사용자의 실제 의도를 넘어 거래·약정·계약과 같은 구속력 있는 행위를 자율적으로 수행하여 이용자에게 의도하지 않은 의무나 손실을 초래하는 리스크.,Unauthorised deals and commitments by an AI agent,"The risk that an AI agent autonomously makes a deal, commitment, or contract beyond its delegated authority or the user's actual intent, creating unintended obligations or losses for the user.",0.845445,0.849084,0.847265,True,True
196,G_SYS_INPUT_001,General,G_SYS_INPUT,물리 상식과 상황 입력의 오해,"AI 시스템이 물체의 속성, 공간관계 또는 상황 단서를 잘못 해석하여 현실 조건과 맞지 않는 판단이나 지시를 생성하는 리스크.",Misinterpretation of physical commonsense and situational input,"The risk that an AI system misinterprets object properties, spatial relations, or situational cues and produces judgements or instructions inconsistent with real-world conditions.",G_SYS_INPUT_002,General,G_SYS_INPUT,물체 어포던스와 장면의 오해,AI 시스템이 물체가 허용하는 행동이나 장면의 관계를 잘못 파악하여 실행 불가능하거나 위험한 판단을 생성하는 리스크.,Misinterpretation of object affordances and scenes,"The risk that an AI system misunderstands the actions afforded by an object or the relationships in a scene, producing infeasible or unsafe judgements.",0.854344,0.839705,0.847025,True,True
197,G_INT_VIOL_003,General,G_INT_VIOL,폭력 선동·조장 및 실행 지원,AI 시스템이 타인에 대한 폭력을 선동·조장·정당화하는 콘텐츠를 생성·제공하거나 그 실행을 구체적으로 지원하여 개인 또는 집단에 신체적·정신적 위해를 초래하는 리스크.,"Incitement, promotion, and operational assistance for violence","The risk that an AI system generates or provides content that incites, promotes, or legitimises violence against others, or provides concrete operational assistance for its commission, causing physical or psychological harm to individuals or groups.",G_INT_VIOL_007,General,G_INT_VIOL,관계 기반 폭력,AI 시스템이 관계 기반 폭력 관련 콘텐츠·판단·행동을 생성·조장·정당화하거나 구체적으로 지원하여 개인·집단의 생명과 신체·정신적 안전에 위해를 초래하는 리스크.,Relationship-based violence,"The risk that an AI system generates, encourages, legitimises, or provides operational assistance for content, decisions, or actions involving relationship-based violence, causing physical or psychological harm to individuals or groups.",0.835791,0.857602,0.846697,True,True
198,G_SOC_GOV_029,General,G_SOC_GOV,AI 시스템의 결정과 실패에 대한 책임 공백,"AI 시스템의 자율적 행동·학습으로 발생한 결정과 피해에 대해 개발자·운영자 등 책임 주체의 의무와 책임 귀속이 불명확하고 문서화·거버넌스·규제 체계가 미비하여, 피해 구제와 책임 있는 개발 유인이 약화되는 리스크.",Responsibility gap for decisions and failures of AI systems,"The risk that an AI agent, through goal pursuit, planning, tool use, or action, creates a condition in which the behaviour of self-learning systems acting without direct supervision cannot be fully anticipated by developers or operators and that, absent documentation, governance processes, and settled legislation, no party can be clearly or fairly held responsible for their decisions and failures. Those harmed are left without redress, and the legal grey area weakens the incentive to develop systems carefully.",G_SOC_GOV_032,General,G_SOC_GOV,AI 피해에 대한 책임·거버넌스 공백,"AI 시스템의 의사결정과 피해에 대한 책임 주체, 감독 절차 또는 시정 권한이 불명확하여 사회적 통제가 약화되는 리스크.",Accountability and governance gaps for AI harm,"The risk that an AI system leaves responsibility, oversight procedures, or remedial authority for AI decisions and harms unclear, weakening societal control.",0.888201,0.805083,0.846642,True,True
199,G_INT_VIOL_002,General,G_INT_VIOL,폭력 미화 및 정당화,AI 시스템이 폭력 미화 및 정당화 관련 콘텐츠·판단·행동을 생성·조장·정당화하거나 구체적으로 지원하여 개인·집단의 생명과 신체·정신적 안전에 위해를 초래하는 리스크.,Glorification and justification of violence,"The risk that an AI system generates, encourages, legitimises, or provides operational assistance for content, decisions, or actions involving glorification and justification of violence, causing physical or psychological harm to individuals or groups.",G_INT_VIOL_007,General,G_INT_VIOL,관계 기반 폭력,AI 시스템이 관계 기반 폭력 관련 콘텐츠·판단·행동을 생성·조장·정당화하거나 구체적으로 지원하여 개인·집단의 생명과 신체·정신적 안전에 위해를 초래하는 리스크.,Relationship-based violence,"The risk that an AI system generates, encourages, legitimises, or provides operational assistance for content, decisions, or actions involving relationship-based violence, causing physical or psychological harm to individuals or groups.",0.869985,0.82236,0.846172,True,True
200,G_SOC_GOV_029,General,G_SOC_GOV,AI 시스템의 결정과 실패에 대한 책임 공백,"AI 시스템의 자율적 행동·학습으로 발생한 결정과 피해에 대해 개발자·운영자 등 책임 주체의 의무와 책임 귀속이 불명확하고 문서화·거버넌스·규제 체계가 미비하여, 피해 구제와 책임 있는 개발 유인이 약화되는 리스크.",Responsibility gap for decisions and failures of AI systems,"The risk that an AI agent, through goal pursuit, planning, tool use, or action, creates a condition in which the behaviour of self-learning systems acting without direct supervision cannot be fully anticipated by developers or operators and that, absent documentation, governance processes, and settled legislation, no party can be clearly or fairly held responsible for their decisions and failures. Those harmed are left without redress, and the legal grey area weakens the incentive to develop systems carefully.",A_SYS_TRACE_003,Agentic,A_SYS_TRACE,자율 시스템 피해에 대한 책임·배상 공백,"자율성, 에이전트·도구·조직 간 위임, 명확한 거버넌스·법적 체계의 부재로 인해 시스템의 유해한 행동에 대해 어떤 사람이나 기관이 책임을 지는지가 불분명해져, 책임 귀속이 이루어지지 않고 피해자가 손해를 스스로 떠안게 되는 리스크.",Responsibility and liability gaps for autonomous system harms,"The risk that the goal pursuit, planning, tool use, or action of an AI agent creates a condition in which autonomy, delegation across agents, tools, and organisations, and the absence of clear governance and legal frameworks obscure which human or institution is answerable for a system's harmful actions, leaving accountability unassigned and victims bearing their own losses.",0.821156,0.870743,0.845949,False,False
